date,fiscal_period,i00_overall_balance_of_payments_1_2_3,i01_current_account_1_1_1_2,i02_merchandise,i03_invisibles_1_2_1_1_2_2_1_2_3,i04_services,i05_travel,i06_transportation,i07_insurance,i08_g_n_i_e,i09_miscellaneous,i10_software_services,i11_business_services,i12_financial_services,i13_communication_services,i14_transfers,i15_official,i16_private,i17_income,i18_investment_income,i19_compensation_of_employees,i20_capital_account_2_1_2_2_2_3_2_4_2_5,i21_foreign_investment_2_1_1_2_1_2,i22_foreign_direct_investment,i23_in_india,i24_equity,i25_reinvested_earnings,i26_other_capital,i27_abroad,i28_equity,i29_reinvested_earnings,i30_other_capital,i31_portfolio_investment,i32_in_india,i33_fiis,i34_equity,i35_debt,i36_adr_gdrs,i37_abroad,i38_loans_2_2_1_2_2_2_2_2_3,i39_external_assistance,i40_by_india,i41_to_india,i42_commercial_borrowings,i43_by_india,i44_to_india,i45_short_term_to_india,i46_buyers_credit_suppliers_credit_180_days,i47_suppliers_credit_up_to_180_days,i48_banking_capital_2_3_1_2_3_2,i49_commercial_banks,i50_assets,i51_liabilities,i52_non_resident_deposits,i53_others,i54_rupee_debt_service,i55_other_capital,i56_errors_omissions,i57_monetary_movements_4_1_4_2,i58_i_m_f,i59_foreign_exchange_reserves_increase_decrease,type
1990-06,1990-91:Q1,11410,6170,4168,2002,1159,424,198,27,1,509,,,,,742,67,675,101,101,0,4822,25,25,24,,,,,,,,1,,,,,,,1634,579,0,579,828,4,824,227,0,0,2428,1727,134,1593,1592,701,0,735,418,310,0,310,Credit
1990-06,1990-91:Q1,11580,7796,6000,1796,945,123,255,16,31,520,,,,,2,0,2,849,849,0,3784,2,2,2,,,,,,,,0,,,,,,,669,197,1,196,472,2,470,0,0,0,1880,1415,7,1408,1197,465,704,529,0,140,140,0,Debit
1990-06,1990-91:Q1,-170,-1626,-1832,206,214,301,-57,11,-30,-11,,,,,740,67,673,-748,-748,0,1038,23,23,22,,,,,,,,1,,,,,,,965,382,-1,383,356,2,354,227,0,0,548,312,127,185,395,236,-704,206,418,170,-140,310,Net
1990-09,1990-91:Q2,11932,6197,4367,1830,1138,359,253,25,5,496,,,,,605,93,512,87,87,0,5735,35,35,34,,,,,,,,1,,,,,,,1949,442,0,442,1272,4,1268,235,0,0,3080,2172,79,2093,2074,908,0,670,0,365,0,365,Credit
1990-09,1990-91:Q2,12105,8405,6553,1852,869,98,259,26,35,451,,,,,3,0,3,980,980,0,3516,3,3,3,,,,,,,,0,,,,,,,892,369,2,367,473,10,463,50,0,0,2166,1521,28,1493,1449,645,12,443,184,192,192,0,Debit
1990-09,1990-91:Q2,-173,-2208,-2186,-22,269,261,-6,-1,-30,45,,,,,602,93,509,-893,-893,0,2219,32,32,31,,,,,,,,1,,,,,,,1057,73,-2,75,799,-6,805,185,0,0,914,651,51,600,625,263,-12,227,-184,173,-192,365,Net
1990-12,1990-91:Q3,11560,6363,4616,1747,1097,331,213,29,2,522,,,,,545,128,417,105,105,0,5197,28,28,27,,,,,,,,1,,,,,,,2592,882,0,882,1087,13,1074,623,0,0,2027,1855,165,1690,1690,172,0,550,0,1537,0,1537,Credit
1990-12,1990-91:Q3,12964,9204,7319,1885,827,86,271,30,45,395,,,,,5,0,5,1053,1053,0,3385,4,4,4,,,,,,,,0,,,,,,,813,280,2,278,529,6,523,4,0,0,2385,1671,63,1608,1482,714,45,138,375,133,133,0,Debit
1990-12,1990-91:Q3,-1404,-2841,-2703,-138,270,245,-58,-1,-43,127,,,,,540,128,412,-948,-948,0,1812,24,24,23,,,,,,,,1,,,,,,,1779,602,-2,604,558,7,551,619,0,0,-358,184,102,82,208,-542,-45,412,-375,1404,-133,1537,Net
1991-03,1990-91:Q4,14496,7211,5326,1885,1157,342,319,30,7,459,,,,,653,174,479,75,75,0,7011,23,23,21,,,,,,,,2,,,,,,,3256,1494,0,1494,1095,9,1086,667,0,0,2570,2204,47,2157,1991,366,0,1162,274,1858,1858,0,Credit
1991-03,1990-91:Q4,15242,10216,8043,2173,930,85,308,16,62,459,,,,,5,1,4,1238,1238,0,5026,1,1,1,,,,,,,,0,,,,,,,1525,347,1,346,554,7,547,624,0,0,2993,2450,692,1758,1683,543,431,76,0,1112,179,933,Debit
1991-03,1990-91:Q4,-746,-3005,-2717,-288,227,257,11,14,-55,0,,,,,648,173,475,-1163,-1163,0,1985,22,22,20,,,,,,,,2,,,,,,,1731,1147,-1,1148,541,2,539,43,0,0,-423,-246,-645,399,308,-177,-431,1086,274,746,1679,-933,Net
1991-06,1991-92:Q1,11714,6207,4175,2032,1155,396,217,27,4,511,,,,,820,91,729,57,57,0,5507,9,9,8,,,,,,,,1,,,,,,,2068,1056,0,1056,474,7,467,538,0,0,2854,1791,105,1686,1669,1063,0,576,0,1109,0,1109,Credit
1991-06,1991-92:Q1,12717,7646,5485,2161,1191,165,261,35,30,700,,,,,2,0,2,968,968,0,4931,1,1,1,,,,,,,,0,,,,,,,1403,209,2,207,541,5,536,653,0,0,2594,2207,7,2200,2149,387,785,148,140,106,106,0,Debit
1991-06,1991-92:Q1,-1003,-1439,-1310,-129,-36,231,-44,-8,-26,-189,,,,,818,91,727,-911,-911,0,576,8,8,7,,,,,,,,1,,,,,,,665,847,-2,849,-67,2,-69,-115,0,0,260,-416,98,-514,-480,676,-785,428,-140,1003,-106,1109,Net
1991-09,1991-92:Q2,13204,6292,4353,1939,1113,430,243,25,3,412,,,,,790,112,678,36,36,0,5346,17,17,16,,,,,,,,1,,,,,,,1875,729,0,729,439,3,436,708,0,0,2177,1936,45,1891,1890,241,0,1277,1566,864,864,0,Credit
1991-09,1991-92:Q2,13262,7952,6077,1875,812,113,258,21,27,393,,,,,4,0,4,1059,1059,0,5310,6,6,6,,,,,,,,0,,,,,,,964,340,1,339,258,1,257,366,0,0,3364,3035,1057,1978,1773,329,21,955,0,806,128,678,Debit
1991-09,1991-92:Q2,-58,-1660,-1724,64,301,317,-15,4,-24,19,,,,,786,112,674,-1023,-1023,0,36,11,11,10,,,,,,,,1,,,,,,,911,389,-1,390,181,2,179,342,0,0,-1187,-1099,-1012,-87,117,-88,-21,322,1566,58,736,-678,Net
1991-12,1991-92:Q3,13151,7663,4521,3142,1579,693,213,26,7,640,,,,,1510,93,1417,53,53,0,5488,40,40,39,,,,,,,,1,,,,,,,1899,913,0,913,569,5,564,418,0,0,2752,2607,524,2083,2074,145,0,797,0,118,118,0,Credit
1991-12,1991-92:Q3,11592,5997,4240,1757,770,76,322,44,33,295,,,,,3,0,3,984,984,0,4538,1,1,1,,,,,,,,0,,,,,,,1403,378,0,378,303,4,299,722,0,0,2478,1795,0,1795,1719,683,38,618,1057,1677,92,1585,Debit
1991-12,1991-92:Q3,1559,1666,281,1385,809,617,-109,-18,-26,345,,,,,1507,93,1414,-931,-931,0,950,39,39,38,,,,,,,,1,,,,,,,496,535,0,535,266,1,265,-304,0,0,274,812,524,288,355,-538,-38,179,-1057,-1559,26,-1585,Net
1992-03,1991-92:Q4,14602,7606,5217,2389,1175,458,266,30,3,418,,,,,1138,164,974,76,76,0,6996,85,85,84,,,,,,,,1,,,,,,,3575,1669,0,1669,1670,4,1666,236,0,0,3178,2734,662,2072,2063,444,0,158,0,263,263,0,Credit
1992-03,1991-92:Q4,12501,7351,5262,2089,1042,111,447,26,30,428,,,,,7,1,6,1040,1040,0,4645,10,10,10,,,,,,,,0,,,,,,,1667,406,2,404,588,3,585,673,0,0,1958,1893,43,1850,1765,65,396,614,505,2364,134,2230,Debit
1992-03,1991-92:Q4,2101,255,-45,300,133,347,-181,4,-27,-10,,,,,1131,163,968,-964,-964,0,2351,75,75,74,,,,,,,,1,,,,,,,1908,1263,-2,1265,1082,1,1081,-437,0,0,1220,841,619,222,298,379,-396,-456,-505,-2101,129,-2230,Net
1992-06,1992-93:Q1,11870,6011,4159,1852,786,470,180,35,1,100,,,,,972,103,869,94,94,0,5859,56,56,56,,,,,,,,0,,,,,,,1623,511,0,511,224,3,221,888,0,0,3645,3422,502,2920,2883,223,0,535,0,0,0,0,Credit
1992-06,1992-93:Q1,11438,7541,5801,1740,926,119,385,44,28,350,,,,,3,0,3,811,811,0,3677,3,3,3,,,,,,,,0,,,,,,,1618,278,1,277,341,1,340,999,0,0,1932,1849,65,1784,1673,83,68,56,220,432,75,357,Debit
1992-06,1992-93:Q1,432,-1530,-1642,112,-140,351,-205,-9,-27,-250,,,,,969,103,866,-717,-717,0,2182,53,53,53,,,,,,,,0,,,,,,,5,233,-1,234,-117,2,-119,-111,0,0,1713,1573,437,1136,1210,140,-68,479,-220,-432,-75,-357,Net
1992-09,1992-93:Q2,12689,6748,4625,2123,1127,505,297,37,3,285,,,,,880,60,820,116,116,0,5503,221,221,67,,,,,,,,154,,,,,,,2217,492,0,492,317,4,313,1408,0,0,2791,2745,363,2382,2374,46,0,274,438,1277,663,614,Credit
1992-09,1992-93:Q2,13846,8079,6026,2053,974,105,425,32,34,378,,,,,3,0,3,1076,1076,0,5767,8,8,8,,,,,,,,0,,,,,,,3187,407,0,407,339,7,332,2441,0,0,1891,1707,43,1664,1546,184,508,173,0,120,120,0,Debit
1992-09,1992-93:Q2,-1157,-1331,-1401,70,153,400,-128,5,-31,-93,,,,,877,60,817,-960,-960,0,-264,213,213,59,,,,,,,,154,,,,,,,-970,85,0,85,-22,-3,-19,-1033,0,0,900,1038,320,718,828,-138,-508,101,438,1157,543,614,Net
1992-12,1992-93:Q3,13008,7129,4655,2474,1505,693,221,37,30,524,,,,,886,106,780,83,83,0,5277,165,165,79,,,,,,,,86,,,,,,,1660,631,0,631,279,3,276,750,0,0,2983,2223,187,2036,2031,760,0,469,602,656,643,13,Credit
1992-12,1992-93:Q3,13605,7872,6071,1801,924,83,341,36,16,448,,,,,5,1,4,872,872,0,5733,15,15,13,,,,,,,,2,,,,,,,2093,373,0,373,436,0,436,1284,0,0,2515,2421,0,2421,2279,94,10,1100,0,59,59,0,Debit
1992-12,1992-93:Q3,-597,-743,-1416,673,581,610,-120,1,14,76,,,,,881,105,776,-789,-789,0,-456,150,150,66,,,,,,,,84,,,,,,,-433,258,0,258,-157,3,-160,-534,0,0,468,-198,187,-385,-248,666,-10,-631,602,597,584,13,Net
1993-03,1992-93:Q4,14293,8315,5430,2885,1312,430,284,49,41,508,,,,,1490,95,1395,83,83,0,5978,147,147,143,,,,,,,,4,,,,,,,3171,1668,0,1668,359,2,357,1144,0,0,2579,2263,182,2081,1900,316,0,81,0,317,317,0,Credit
1993-03,1992-93:Q4,13561,8237,6418,1819,777,78,334,34,22,309,,,,,2,0,2,1040,1040,0,3564,6,6,6,,,,,,,,0,,,,,,,1362,388,2,386,429,12,417,545,0,0,1834,1746,53,1693,1689,88,292,70,1760,1049,81,968,Debit
1993-03,1992-93:Q4,732,78,-988,1066,535,352,-50,15,19,199,,,,,1488,95,1393,-957,-957,0,2414,141,141,137,,,,,,,,4,,,,,,,1809,1280,-2,1282,-70,-10,-60,599,0,0,745,517,129,388,211,228,-292,11,-1760,-732,236,-968,Net
1993-06,1993-94:Q1,12560,7458,5286,2172,1035,447,254,30,5,299,,,,,1074,62,1012,63,63,0,5023,300,300,167,,,,,,,,133,,,,,,,1222,365,0,365,220,5,215,637,0,0,3017,2751,13,2738,2166,267,0,484,79,321,321,0,Credit
1993-06,1993-94:Q1,12580,8350,6415,1935,1130,147,417,64,30,472,,,,,2,0,2,803,803,0,4230,53,53,44,,,,,,,,9,,,,,,,1715,326,1,325,440,6,433,949,0,0,1900,1826,84,1742,1726,75,293,270,0,302,41,260,Debit
1993-06,1993-94:Q1,-20,-892,-1129,237,-95,300,-163,-34,-25,-173,,,,,1072,62,1010,-740,-740,0,793,247,247,123,,,,,,,,124,,,,,,,-493,39,-1,40,-220,-2,-218,-312,0,0,1117,925,-71,996,440,192,-293,215,79,20,280,-260,Net
1993-09,1993-94:Q2,14666,7839,5342,2497,1194,491,331,28,22,322,,,,,1205,66,1139,98,98,0,6380,529,529,142,,,,,,,,386,,,,,,,1999,355,0,355,506,3,503,1137,0,0,2989,2639,14,2625,2418,349,0,864,447,0,0,0,Credit
1993-09,1993-94:Q2,13698,8495,6380,2115,1111,129,457,29,46,451,,,,,7,2,5,997,997,0,5203,82,82,2,,,,,,,,80,,,,,,,1959,423,1,423,527,7,520,1008,0,0,2540,2489,307,2182,2075,51,489,134,0,968,46,922,Debit
1993-09,1993-94:Q2,968,-656,-1038,382,83,362,-126,0,-24,-129,,,,,1198,64,1134,-899,-899,0,1177,447,447,141,,,,,,,,307,,,,,,,40,-68,-1,-67,-21,-3,-17,129,0,0,449,150,-293,444,343,298,-489,730,447,-968,-46,-922,Net
1993-12,1993-94:Q3,15766,8587,5507,3080,1493,756,350,30,2,355,,,,,1485,79,1406,102,102,0,7016,1170,1170,145,,,,,,,,1024,,,,,,,2605,683,0,683,1010,2,1008,911,0,0,2468,2446,177,2270,2017,22,0,774,163,0,0,0,Credit
1993-12,1993-94:Q3,13404,8741,6704,2037,1134,110,468,57,39,460,,,,,12,0,12,891,891,0,4662,104,104,14,,,,,,,,89,,,,,,,2007,419,2,417,758,8,750,830,0,0,2321,2203,110,2093,2060,118,11,219,0,2362,23,2339,Debit
1993-12,1993-94:Q3,2362,-154,-1197,1043,359,646,-118,-27,-37,-105,,,,,1473,79,1394,-789,-789,0,2354,1066,1066,131,,,,,,,,935,,,,,,,598,265,-2,266,252,-6,258,81,0,0,147,243,67,176,-44,-96,-11,555,163,-2362,-23,-2339,Net
1994-03,1993-94:Q4,20762,10118,6548,3570,1542,528,498,36,1,479,,,,,1896,167,1729,132,132,0,10534,2612,2612,197,,,,,,,,2415,,,,,,,4145,2072,0,2072,1279,92,1187,795,0,0,3026,2777,72,2705,2250,249,0,751,110,0,0,0,Credit
1994-03,1993-94:Q4,15537,9574,7240,2334,1354,111,423,46,38,736,,,,,6,3,3,974,974,0,5963,138,138,5,,,,,,,,133,,,,,,,2478,411,2,409,605,3,602,1462,0,0,2475,2438,619,1819,1783,37,261,611,0,5225,23,5202,Debit
1994-03,1993-94:Q4,5225,544,-692,1236,188,417,75,-10,-37,-257,,,,,1890,164,1726,-842,-842,0,4571,2474,2474,192,,,,,,,,2283,,,,,,,1667,1661,-2,1663,673,89,585,-667,0,0,551,339,-547,887,467,212,-261,139,110,-5225,-23,-5202,Net
1994-06,1994-95:Q1,16760,9497,5829,3668,1483,523,338,34,1,587,,,,,2000,44,1956,185,185,0,5703,1483,1478,171,,,,,,,,1307,,,,,,,1782,325,0,325,850,85,765,607,0,0,2357,1902,86,1816,1653,455,0,81,1560,0,0,0,Credit
1994-06,1994-95:Q1,14454,9849,7457,2392,1401,252,440,41,52,616,,,,,3,1,2,988,988,0,4605,210,188,1,,,,,,,,187,,,,,,,1683,373,2,371,664,3,661,646,0,0,2064,2059,356,1703,1647,5,593,55,0,2306,1131,1175,Debit
1994-06,1994-95:Q1,2306,-352,-1628,1276,82,271,-102,-7,-51,-29,,,,,1997,43,1954,-803,-803,0,1098,1273,1290,170,,,,,,,,1120,,,,,,,99,-48,-2,-46,186,82,104,-39,0,0,293,-157,-270,113,6,450,-593,26,1560,-2306,-1131,-1175,Net
1994-09,1994-95:Q2,17866,9729,6316,3413,1511,563,392,34,3,519,,,,,1701,76,1625,201,201,0,7347,1453,1450,304,,,,,,,,1146,,,,,,,2657,734,1,733,1076,5,1071,847,0,0,2490,2483,67,2416,2318,7,0,747,790,0,0,0,Credit
1994-09,1994-95:Q2,15536,10779,8279,2500,1382,220,478,52,43,589,,,,,10,4,6,1108,1108,0,4757,199,156,1,,,,,,,,155,,,,,,,2127,446,1,445,833,0,833,848,0,0,2362,2291,291,2000,1879,71,55,14,0,2330,0,2330,Debit
1994-09,1994-95:Q2,2330,-1050,-1963,913,129,343,-86,-18,-40,-70,,,,,1691,72,1619,-907,-907,0,2590,1254,1294,303,,,,,,,,991,,,,,,,530,288,0,288,243,5,238,-1,0,0,128,192,-224,416,439,-64,-55,733,790,-2330,0,-2330,Net
1994-12,1994-95:Q3,17466,11245,6830,4415,1576,658,485,42,2,389,,,,,2611,142,2469,228,228,0,6221,1614,1613,312,,,,,,,,1301,,,,,,,2593,689,0,689,1014,3,1011,890,0,0,1142,1141,64,1077,949,1,0,872,0,0,0,0,Credit
1994-12,1994-95:Q3,16826,12064,9771,2293,1338,185,455,46,36,616,,,,,5,0,5,950,950,0,3904,233,207,3,,,,,,,,204,,,,,,,2120,434,1,433,849,0,849,837,0,0,1435,1237,52,1185,1162,198,8,108,858,640,0,640,Debit
1994-12,1994-95:Q3,640,-819,-2941,2122,238,473,30,-4,-34,-227,,,,,2606,142,2464,-722,-722,0,2317,1381,1406,309,,,,,,,,1097,,,,,,,473,255,-1,256,165,3,162,53,0,0,-293,-96,12,-108,-213,-197,-8,764,-858,-640,0,-640,Net
1995-03,1994-95:Q4,18582,11938,7880,4058,1565,621,481,42,4,417,,,,,2221,159,2062,272,272,0,6644,1213,1212,564,,,,,,,,648,,,,,,,3898,1445,1,1444,1309,4,1305,1144,0,0,1031,923,24,899,885,108,0,502,0,0,0,0,Credit
1995-03,1994-95:Q4,18071,13086,10397,2689,1412,161,490,42,34,685,,,,,6,0,6,1271,1271,0,4147,314,280,3,,,,,,,,277,,,,,,,1965,422,6,416,779,0,779,764,0,0,1493,1488,504,984,945,5,327,48,838,511,12,499,Debit
1995-03,1994-95:Q4,511,-1148,-2517,1369,153,460,-9,0,-30,-268,,,,,2215,159,2056,-999,-999,0,2497,899,932,561,,,,,,,,371,,,,,,,1933,1023,-5,1028,530,4,526,380,0,0,-462,-565,-480,-85,-60,103,-327,454,-838,-511,-12,-499,Net
1995-06,1995-96:Q1,16320,11309,7449,3860,1499,542,415,40,1,501,,,,,1832,60,1772,529,529,0,4165,1095,1095,472,,,,,,,,623,,,,,,,1379,332,0,332,169,2,167,878,0,0,1479,1256,195,1061,966,223,0,212,846,1259,0,1259,Credit
1995-06,1995-96:Q1,17188,12659,10216,2443,1453,299,486,34,62,572,,,,,8,1,7,982,982,0,4529,328,299,1,,,,,,,,298,,,,,,,2098,465,5,460,658,0,658,975,0,0,1143,1047,181,866,835,96,672,288,0,391,391,0,Debit
1995-06,1995-96:Q1,-868,-1350,-2767,1417,46,243,-71,6,-61,-71,,,,,1824,59,1765,-453,-453,0,-364,767,796,471,,,,,,,,325,,,,,,,-719,-133,-5,-128,-489,2,-491,-97,0,0,336,209,14,195,131,127,-672,-76,846,868,-391,1259,Net
1995-09,1995-96:Q2,19442,11603,7631,3972,1638,582,497,43,3,513,,,,,2023,71,1952,311,311,0,6245,1268,1254,464,,,,,,,,790,,,,,,,3202,365,0,365,1517,1,1516,1320,0,0,1527,1522,386,1136,1066,5,0,248,1594,46,0,46,Credit
1995-09,1995-96:Q2,19040,13711,10411,3300,1735,285,521,32,56,841,,,,,12,2,10,1553,1553,0,5329,239,210,15,,,,,,,,195,,,,,,,2938,935,8,927,1006,0,1006,997,0,0,1120,1075,133,942,924,45,2,1030,0,448,448,0,Debit
1995-09,1995-96:Q2,402,-2108,-2780,672,-97,297,-24,11,-53,-328,,,,,2011,69,1942,-1242,-1242,0,916,1029,1044,449,,,,,,,,595,,,,,,,264,-570,-8,-562,511,1,510,323,0,0,407,447,253,194,142,-40,-2,-782,1594,-402,-448,46,Net
1995-12,1995-96:Q3,18361,13067,8286,4781,2158,836,498,45,4,775,,,,,2334,49,2285,289,289,0,5294,1162,1161,668,,,,,,,,493,,,,,,,2623,817,0,817,1022,1,1021,784,0,0,1374,1356,268,1088,1079,18,0,135,0,1297,0,1297,Credit
1995-12,1995-96:Q3,19280,14027,10946,3081,2085,251,604,50,54,1126,,,,,2,2,0,994,994,0,4479,239,197,4,,,,,,,,193,,,,,,,1917,348,3,345,852,0,852,717,0,0,1547,1273,146,1127,1036,274,1,775,774,378,378,0,Debit
1995-12,1995-96:Q3,-918,-960,-2660,1700,73,585,-106,-5,-50,-351,,,,,2332,47,2285,-705,-705,0,815,923,964,664,,,,,,,,300,,,,,,,706,469,-3,472,170,1,169,67,0,0,-173,83,122,-39,43,-256,-1,-640,-774,919,-378,1297,Net
1996-03,1995-96:Q4,22466,13994,8945,5049,2047,751,600,50,5,641,,,,,2702,171,2531,300,300,0,8472,2119,2119,569,,,,,,,,1550,,,,,,,4127,1419,0,1419,1553,6,1547,1155,0,0,2073,2037,18,2019,1818,36,0,153,0,335,0,335,Credit
1996-03,1995-96:Q4,22303,15487,12097,3390,2269,332,558,26,46,1307,,,,,17,1,16,1104,1104,0,5749,223,119,10,,,,,,,,109,,,,,,,2178,318,1,317,461,0,461,1399,0,0,1880,1839,791,1048,1030,41,276,1192,1067,498,498,0,Debit
1996-03,1995-96:Q4,163,-1493,-3152,1659,-222,419,42,24,-41,-666,,,,,2685,170,2515,-804,-804,0,2723,1896,2000,559,,,,,,,,1441,,,,,,,1949,1101,-1,1102,1092,6,1086,-244,0,0,193,198,-773,971,788,-5,-276,-1039,-1067,-163,-498,335,Net
1996-06,1996-97:Q1,21516,12959,8452,4507,1587,580,424,63,25,495,,,,,2702,61,2641,218,218,0,8499,1789,1788,597,,,,,,,,1191,,,,,,,3872,399,0,399,2076,0,2076,1397,0,0,2787,2415,478,1937,1889,372,0,51,58,0,0,0,Credit
1996-06,1996-97:Q1,20610,15211,12451,2760,1909,193,656,36,43,981,,,,,17,4,13,834,834,0,5399,262,215,2,,,,,,,,213,,,,,,,2270,654,1,653,513,0,513,1103,0,0,1812,1786,651,1135,1016,26,600,455,0,906,267,639,Debit
1996-06,1996-97:Q1,906,-2252,-3999,1747,-322,387,-232,27,-18,-486,,,,,2685,57,2628,-616,-616,0,3100,1527,1573,595,,,,,,,,978,,,,,,,1602,-255,-1,-254,1563,0,1563,294,0,0,975,629,-173,802,873,346,-600,-404,58,-906,-267,-639,Net
1996-09,1996-97:Q2,21587,13222,8196,5026,1902,610,492,49,15,736,,,,,2807,69,2738,317,317,0,8365,1917,1915,548,,,,,,,,1367,,,,,,,4093,611,0,611,1743,0,1743,1739,0,0,1559,1554,86,1468,1464,5,0,796,0,0,0,0,Credit
1996-09,1996-97:Q2,20376,14245,11691,2554,1417,193,508,33,42,641,,,,,14,0,14,1123,1123,0,5535,546,499,10,,,,,,,,489,,,,,,,2771,311,1,310,704,0,704,1756,0,0,1720,1578,687,891,733,142,8,490,596,1211,319,892,Debit
1996-09,1996-97:Q2,1211,-1023,-3495,2472,485,417,-16,16,-27,95,,,,,2793,69,2724,-806,-806,0,2830,1371,1416,538,,,,,,,,878,,,,,,,1322,300,-1,301,1039,0,1039,-17,0,0,-161,-24,-601,577,731,-137,-8,306,-596,-1211,-319,-892,Net
1996-12,1996-97:Q3,22170,13474,8150,5324,1919,891,472,48,14,494,,,,,3141,121,3020,264,264,0,8696,1920,1918,836,,,,,,,,1082,,,,,,,4206,848,0,848,1697,5,1692,1661,0,0,1502,1502,65,1437,1428,0,0,1068,0,0,0,0,Credit
1996-12,1996-97:Q3,20480,14756,12148,2608,1523,195,594,33,39,662,,,,,17,5,12,1068,1068,0,5406,473,425,5,,,,,,,,420,,,,,,,2788,489,1,488,682,0,682,1617,0,0,1119,958,160,798,753,161,0,1026,318,1690,193,1497,Debit
1996-12,1996-97:Q3,1690,-1282,-3998,2716,396,696,-122,15,-25,-168,,,,,3124,116,3008,-804,-804,0,3290,1447,1493,831,,,,,,,,662,,,,,,,1418,359,-1,360,1015,5,1010,44,0,0,383,544,-95,639,675,-161,0,42,-318,-1690,-193,-1497,Net
1997-03,1996-97:Q4,26776,15883,9335,6548,2066,797,565,57,18,629,,,,,4208,172,4036,274,274,0,10632,2199,2196,883,,,,,,,,1313,,,,,,,5549,1198,0,1198,2063,3,2060,2288,0,0,2170,2161,126,2035,1994,9,0,714,261,0,0,0,Credit
1997-03,1996-97:Q4,23790,15945,12658,3287,1899,277,636,51,54,881,,,,,33,4,29,1355,1355,0,7845,580,524,5,,,,,,,,519,,,,,,,5096,501,5,496,2824,0,2824,1771,0,0,1138,1085,127,958,923,53,119,912,0,2986,196,2790,Debit
1997-03,1996-97:Q4,2986,-62,-3323,3261,167,520,-71,6,-36,-252,,,,,4175,168,4007,-1081,-1081,0,2787,1619,1672,878,,,,,,,,794,,,,,,,453,697,-5,702,-761,3,-764,517,0,0,1032,1076,-1,1077,1071,-44,-119,-198,261,-2986,-196,-2790,Net
1997-06,1997-98:Q1,25257,14349,8675,5674,2219,635,503,59,26,996,,,,,3063,74,2989,392,392,0,10596,2628,2615,1179,,,,,,,,1436,,,,,,,4183,434,0,434,1826,3,1823,1923,0,0,3095,2647,285,2362,2339,448,0,690,312,0,0,0,Credit
1997-06,1997-98:Q1,22117,15711,12803,2908,2045,342,696,30,56,921,,,,,8,0,8,855,849,6,6406,752,716,15,,,,,,,,701,,,,,,,2187,483,6,477,361,0,361,1343,0,0,2001,1999,455,1544,1467,2,633,833,0,3140,170,2970,Debit
1997-06,1997-98:Q1,3140,-1362,-4128,2766,174,293,-193,29,-30,75,,,,,3055,74,2981,-463,-457,-6,4190,1876,1899,1164,,,,,,,,735,,,,,,,1996,-49,-6,-43,1465,3,1462,580,0,0,1094,648,-170,818,872,446,-633,-143,312,-3140,-170,-2970,Net
1997-09,1997-98:Q2,24204,15261,8990,6271,2137,626,519,67,76,849,,,,,3714,68,3646,420,420,0,8943,2131,2125,797,,,,,,,,1328,,,,,,,5003,632,0,632,2528,7,2521,1843,0,0,1614,1614,229,1385,1371,0,0,195,0,0,0,0,Credit
1997-09,1997-98:Q2,23528,15082,11682,3400,2054,413,676,59,33,873,,,,,13,0,13,1333,1316,17,7428,874,838,2,,,,,,,,836,,,,,,,3179,508,9,499,851,0,851,1820,0,0,3044,2865,894,1971,1922,179,2,329,1018,676,180,496,Debit
1997-09,1997-98:Q2,676,179,-2692,2871,83,213,-157,8,43,-24,,,,,3701,68,3633,-913,-896,-17,1515,1257,1287,795,,,,,,,,492,,,,,,,1824,124,-9,133,1677,7,1670,23,0,0,-1430,-1251,-665,-586,-551,-179,-2,-134,-1018,-676,-180,-496,Net
1997-12,1997-98:Q3,24751,14730,8696,6034,2683,831,355,46,65,1386,,,,,2987,130,2857,364,364,0,10021,2519,2495,795,,,,,,,,1700,,,,,,,4239,844,0,844,1678,1,1677,1717,0,0,1970,1710,58,1652,1643,260,0,1293,0,1571,0,1571,Credit
1997-12,1997-98:Q3,26178,16488,13300,3188,1854,309,554,39,23,929,,,,,9,0,9,1325,1319,6,8857,1229,1198,13,,,,,,,,1185,,,,,,,3587,440,5,435,1098,0,1098,2049,0,0,3397,3239,1377,1862,1856,158,50,594,833,144,144,0,Debit
1997-12,1997-98:Q3,-1427,-1758,-4604,2846,829,522,-199,7,42,457,,,,,2978,130,2848,-961,-955,-6,1164,1290,1297,782,,,,,,,,515,,,,,,,652,404,-5,409,580,1,579,-332,0,0,-1427,-1529,-1319,-210,-213,102,-50,699,-833,1427,-144,1571,Net
1998-03,1997-98:Q4,26022,14584,9319,5265,2390,822,459,68,109,932,,,,,2490,107,2383,385,385,0,9732,1988,1934,825,,,,,,,,1109,,,,,,,3876,975,0,975,1350,0,1350,1551,0,0,2231,2193,8,2185,2179,38,0,1637,1706,0,0,0,Credit
1998-03,1997-98:Q4,23900,17143,13402,3741,2157,373,596,55,48,1085,,,,,15,0,15,1568,1536,32,6757,1058,1027,4,,,,,,,,1023,,,,,,,3549,569,2,567,1062,0,1062,1918,0,0,1361,1321,49,1272,1162,40,82,707,0,2122,124,1998,Debit
1998-03,1997-98:Q4,2122,-2559,-4083,1524,233,449,-137,13,61,-153,,,,,2475,107,2368,-1183,-1151,-32,2975,930,907,821,,,,,,,,86,,,,,,,327,406,-2,408,288,0,288,-367,0,0,870,872,-41,913,1017,-2,-82,930,1706,-2122,-124,-1998,Net
1998-06,1998-99:Q1,21707,14035,7767,6268,3039,671,447,58,100,1763,,,,,2687,43,2644,542,542,0,7204,1274,1159,908,,,,,,,,251,,,,,,,2782,418,0,418,754,0,754,1610,0,0,1687,1347,5,1342,1338,340,0,1461,468,1860,0,1860,Credit
1998-06,1998-99:Q1,23465,16168,12543,3625,2564,498,741,27,147,1151,,,,,19,0,19,1042,1038,4,7297,767,678,4,,,,,,,,674,,,,,,,3213,469,9,460,622,0,622,2122,0,0,2564,2563,1301,1262,1221,1,585,167,0,102,102,0,Debit
1998-06,1998-99:Q1,-1758,-2133,-4776,2643,475,173,-294,31,-47,612,,,,,2668,43,2625,-500,-496,-4,-93,507,481,904,,,,,,,,-423,,,,,,,-431,-51,-9,-42,132,0,132,-512,0,0,-878,-1217,-1296,79,116,339,-585,1294,468,1758,-102,1860,Net
1998-09,1998-99:Q2,25846,15106,8748,6358,3239,634,497,54,224,1830,,,,,2698,71,2627,421,412,9,10740,1344,1334,544,,,,,,,,790,,,,,,,6955,501,0,501,5073,0,5073,1381,0,0,1709,1694,644,1050,994,15,0,732,0,0,0,0,Credit
1998-09,1998-99:Q2,23971,16112,12120,3992,2641,468,612,35,80,1446,,,,,18,0,18,1333,1330,3,6692,983,908,1,,,,,,,,907,,,,,,,3224,511,6,505,877,0,877,1836,0,0,1666,1514,400,1114,1100,152,3,815,1167,1875,97,1778,Debit
1998-09,1998-99:Q2,1875,-1006,-3372,2366,598,166,-115,19,144,384,,,,,2680,71,2609,-912,-918,6,4048,361,426,543,,,,,,,,-117,,,,,,,3731,-10,-6,-4,4196,0,4196,-455,0,0,43,180,244,-64,-106,-137,-3,-84,-1167,-1875,-97,-1778,Net
1998-12,1998-99:Q3,22329,14237,8236,6001,3019,821,369,50,191,1588,,,,,2525,102,2423,457,439,18,6816,1470,1469,373,,,,,,,,1096,,,,,,,2273,854,0,854,455,5,450,964,0,0,1774,1769,448,1321,1300,5,0,1300,1276,0,0,0,Credit
1998-12,1998-99:Q3,21502,15442,11665,3777,2262,373,723,20,72,1074,,,,,16,0,16,1499,1494,5,6060,1285,1253,8,,,,,,,,1245,,,,,,,2082,562,4,558,593,0,593,927,0,0,2423,2371,709,1662,1652,52,58,212,0,827,91,736,Debit
1998-12,1998-99:Q3,827,-1205,-3429,2224,757,448,-354,30,119,514,,,,,2509,102,2407,-1042,-1055,13,756,185,216,365,,,,,,,,-149,,,,,,,191,292,-4,296,-138,5,-143,37,0,0,-649,-602,-261,-341,-352,-47,-58,1088,1276,-827,-91,-736,Net
1999-03,1998-99:Q4,25350,16690,9547,7143,3889,867,612,62,82,2266,,,,,2739,92,2647,515,500,15,9411,1804,1781,693,,,,,,,,1088,,,,,,,2761,953,0,953,949,0,949,859,0,0,3728,2659,247,2412,2369,1069,0,1118,0,0,0,0,Credit
1999-03,1998-99:Q4,22072,16384,11216,5168,3554,404,604,30,26,2490,,,,,9,1,8,1605,1600,5,5687,545,492,25,,,,,,,,467,,,,,,,1834,385,2,383,772,0,772,677,0,0,1546,1468,331,1137,1067,78,156,1607,752,3278,103,3175,Debit
1999-03,1998-99:Q4,3278,306,-1669,1975,335,463,8,32,56,-224,,,,,2730,91,2639,-1090,-1100,10,3724,1259,1289,668,,,,,,,,621,,,,,,,927,568,-2,570,177,0,177,182,0,0,2183,1192,-84,1276,1303,991,-156,-489,-752,-3278,-103,-3175,Net
1999-06,1999-00:Q1,23796,14795,8334,6461,3194,671,361,48,154,1960,,,,,2808,57,2751,459,442,17,7773,2004,1996,454,,,,,,,,1542,,,,,,,2636,448,0,448,627,6,621,1561,0,0,2313,1920,708,1212,1198,393,0,820,1228,0,0,0,Credit
1999-06,1999-00:Q1,22306,16364,12305,4059,2782,556,522,27,71,1606,,,,,7,0,7,1270,1267,3,5942,664,645,2,,,,,,,,643,,,,,,,2416,459,2,457,560,0,560,1397,0,0,1852,1849,404,1445,1381,3,518,492,0,1490,78,1412,Debit
1999-06,1999-00:Q1,1490,-1569,-3971,2402,412,115,-161,21,83,354,,,,,2801,57,2744,-811,-825,14,1831,1340,1351,452,,,,,,,,899,,,,,,,220,-11,-2,-9,67,6,61,164,0,0,461,71,304,-233,-183,390,-518,328,1228,-1490,-78,-1412,Net
1999-09,1999-00:Q2,26032,16671,9671,7000,3426,662,475,62,105,2122,,,,,3095,66,3029,479,426,53,9361,2915,2904,649,,,,,,,,2255,,,,,,,3092,718,0,718,766,0,766,1608,0,0,2643,2642,558,2084,2026,1,0,711,0,591,0,591,Credit
1999-09,1999-00:Q2,26545,17669,13053,4616,3106,520,716,18,69,1783,,,,,11,0,11,1499,1493,6,7490,1849,1806,1,,,,,,,,1805,,,,,,,2878,591,3,588,747,0,747,1540,0,0,2099,1896,573,1323,1318,203,3,661,1386,78,78,0,Debit
1999-09,1999-00:Q2,-513,-998,-3382,2384,320,142,-241,44,36,339,,,,,3084,66,3018,-1020,-1067,47,1871,1066,1098,648,,,,,,,,450,,,,,,,214,127,-3,130,19,0,19,68,0,0,544,746,-15,761,708,-202,-3,50,-1386,513,-78,591,Net
1999-12,1999-00:Q3,27423,17104,9325,7779,3999,809,396,65,162,2567,,,,,3315,126,3189,465,429,36,9827,2542,2468,400,,,,,,,,2068,,,,,,,2913,929,0,929,601,14,587,1383,0,0,3266,3263,1256,2007,1923,3,0,1106,492,0,0,0,Credit
1999-12,1999-00:Q3,25321,18075,13976,4099,2836,530,642,41,61,1562,,,,,8,0,8,1255,1255,0,7246,1803,1722,0,,,,,,,,1722,,,,,,,2678,577,4,573,735,0,735,1366,0,0,2132,1841,320,1521,1496,291,49,584,0,2102,78,2024,Debit
1999-12,1999-00:Q3,2102,-971,-4651,3680,1163,279,-246,24,101,1005,,,,,3307,126,3181,-790,-826,36,2581,739,746,400,,,,,,,,346,,,,,,,235,352,-4,356,-134,14,-148,17,0,0,1134,1422,936,486,427,-288,-49,522,492,-2102,-78,-2024,Net
2000-03,1999-00:Q4,33176,19284,10212,9072,5090,894,475,56,161,3504,,,,,3454,133,3321,528,486,42,13570,4779,4753,667,,,,,,,,4086,,,,,,,4419,979,0,979,1213,0,1213,2227,0,0,2437,2434,131,2303,2258,3,0,1935,322,0,0,0,Credit
2000-03,1999-00:Q4,29853,20444,16049,4395,2921,533,530,36,69,1753,,,,,8,0,8,1466,1463,3,9409,2807,2757,0,,,,,,,,2757,,,,,,,3487,556,1,555,832,0,832,2099,0,0,2449,2369,566,1803,1670,80,141,525,0,3323,26,3297,Debit
2000-03,1999-00:Q4,3323,-1160,-5837,4677,2169,361,-55,20,92,1751,,,,,3446,133,3313,-938,-977,39,4161,1972,1996,667,,,,,,,,1329,,,,,,,932,423,-1,424,381,0,381,128,0,0,-12,65,-435,500,588,-77,-141,1410,322,-3323,-26,-3297,Net
2000-06,2000-01:Q1,30478,17586,10550,7036,3262,605,439,66,113,2039,1339,0,0,0,3205,51,3154,569,538,31,12892,4967,1095,1085,677,338,70,10,10,0,0,3872,3872,0,,,0,0,4234,523,0,523,957,0,957,2754,0,0,2957,2688,15,2673,2583,269,0,734,0,1034,0,1034,Credit
2000-06,2000-01:Q1,31486,20149,14043,6106,3645,1017,1224,133,54,1217,141,0,0,0,13,0,13,2448,2259,189,11269,3254,171,0,0,0,0,171,78,85,8,3083,3083,0,,,0,0,4000,878,7,871,1238,1,1237,1884,0,0,2484,2480,547,1933,1900,4,460,1071,68,26,26,0,Debit
2000-06,2000-01:Q1,-1008,-2563,-3493,930,-383,-412,-785,-67,59,822,1198,0,0,0,3192,51,3141,-1879,-1721,-158,1623,1713,924,1085,677,338,70,-161,-68,-85,-8,789,789,0,,,0,0,234,-355,-7,-348,-281,-1,-280,870,0,0,473,208,-532,740,683,265,-460,-337,-68,1008,-26,1034,Net
2000-09,2000-01:Q2,31489,18395,11279,7116,3750,696,518,64,166,2306,1722,0,0,0,2667,48,2619,699,661,38,13094,4337,942,940,532,338,70,2,2,0,0,3395,3395,0,,,0,0,5334,444,0,444,1308,0,1308,3582,0,0,1879,1879,16,1863,1863,0,0,1544,0,414,0,414,Credit
2000-09,2000-01:Q2,31903,20026,15241,4785,3083,606,878,25,107,1467,111,0,0,0,11,0,11,1691,1602,89,11581,3137,138,0,0,0,0,138,26,85,27,2999,2994,0,,,0,5,5135,481,3,478,1625,1,1624,3029,0,0,2937,2717,1242,1475,1338,220,1,371,296,0,0,0,Debit
2000-09,2000-01:Q2,-414,-1631,-3962,2331,667,90,-360,39,59,839,1611,0,0,0,2656,48,2608,-992,-941,-51,1513,1200,804,940,532,338,70,-136,-24,-85,-27,396,401,0,,,0,-5,199,-37,-3,-34,-317,-1,-316,553,0,0,-1058,-838,-1226,388,525,-220,-1,1173,-296,414,0,414,Net
2000-12,2000-01:Q3,37151,20739,11207,9532,4583,1265,547,71,214,2486,1572,0,0,0,4223,54,4169,726,692,34,16030,3297,919,893,485,338,70,26,26,0,0,2378,2378,0,,,0,0,9802,856,0,856,6171,0,6171,2775,0,0,2451,2447,7,2440,2337,4,0,480,382,0,0,0,Credit
2000-12,2000-01:Q3,32982,19984,14485,5499,3610,534,735,26,61,2254,151,0,0,0,81,0,81,1808,1705,103,12998,2761,215,0,0,0,0,215,110,85,20,2546,2415,0,,,0,131,4948,570,7,563,1127,3,1124,3251,0,0,4689,4513,2591,1922,1868,176,0,600,0,4169,0,4169,Debit
2000-12,2000-01:Q3,4169,755,-3278,4033,973,731,-188,45,153,232,1421,0,0,0,4142,54,4088,-1082,-1013,-69,3032,536,704,893,485,338,70,-189,-84,-85,-20,-168,-37,0,,,0,-131,4854,286,-7,293,5044,-3,5047,-476,0,0,-2238,-2066,-2584,518,469,-172,0,-120,382,-4169,0,-4169,Net
2001-03,2000-01:Q4,33109,20999,12416,8583,4673,931,542,69,158,2973,1708,0,0,0,3222,99,3123,688,663,25,12110,5119,1145,1113,705,338,70,32,32,0,0,3974,3974,0,,,0,0,4436,1118,0,1118,1185,0,1185,2133,0,0,2457,2409,168,2241,2205,48,0,98,0,0,0,0,Credit
2001-03,2000-01:Q4,29988,20226,14143,6083,4238,647,721,39,97,2734,188,0,0,0,106,0,106,1739,1652,87,9438,2706,305,0,0,0,0,305,200,85,20,2401,2367,0,,,0,34,4459,602,0,602,1328,0,1328,2529,0,0,1595,1595,0,1595,1566,0,156,522,324,3121,0,3121,Debit
2001-03,2000-01:Q4,3121,773,-1727,2500,435,284,-179,30,61,239,1520,0,0,0,3116,99,3017,-1051,-989,-62,2672,2413,840,1113,705,338,70,-273,-168,-85,-20,1573,1607,0,,,0,-34,-23,516,0,516,-143,0,-143,-396,0,0,862,814,168,646,639,48,-156,-424,-324,-3121,0,-3121,Net
2001-06,2001-02:Q1,32312,21466,10550,10916,4701,758,432,68,170,3273,1871,0,0,0,5293,97,5196,922,854,68,10639,3761,1241,1205,656,411,138,36,36,0,0,2520,2520,0,,,0,0,2453,622,0,622,409,1,408,1422,0,0,4074,3643,3,3640,3489,431,0,351,207,0,0,0,Credit
2001-06,2001-02:Q1,30850,20339,14517,5822,3683,939,1229,37,73,1405,171,0,0,0,66,0,66,2073,1894,179,10511,2018,433,1,1,0,0,432,190,175,67,1585,1570,0,,,0,15,3541,666,72,594,1114,0,1114,1761,0,0,4166,4166,1257,2909,2900,0,388,398,0,1462,0,1462,Debit
2001-06,2001-02:Q1,1462,1127,-3967,5094,1018,-181,-797,31,97,1868,1700,0,0,0,5227,97,5130,-1151,-1040,-111,128,1743,808,1204,655,411,138,-396,-154,-175,-67,935,950,0,,,0,-15,-1088,-44,-72,28,-705,1,-706,-339,0,0,-92,-523,-1254,731,589,431,-388,-47,207,-1462,0,-1462,Net
2001-09,2001-02:Q2,29080,19016,11006,8010,3853,701,526,72,106,2448,1863,0,0,0,3181,72,3109,976,956,20,10064,3871,1789,1770,1285,411,74,19,19,0,0,2082,2082,0,,,0,0,2585,615,0,615,644,0,644,1326,0,0,3142,3142,72,3070,2759,0,0,466,0,0,0,0,Credit
2001-09,2001-02:Q2,28597,19981,14327,5654,3816,936,909,73,74,1824,180,0,0,0,62,0,62,1776,1687,89,8196,2362,496,2,2,0,0,494,298,175,21,1866,1822,0,,,0,44,2867,420,4,416,1016,0,1016,1431,0,0,2586,2415,423,1992,1985,171,1,380,420,483,0,483,Debit
2001-09,2001-02:Q2,483,-965,-3321,2356,37,-235,-383,-1,32,624,1683,0,0,0,3119,72,3047,-800,-731,-69,1868,1509,1293,1768,1283,411,74,-475,-279,-175,-21,216,260,0,,,0,-44,-282,195,-4,199,-372,0,-372,-105,0,0,556,727,-351,1078,774,-171,-1,86,-420,-483,0,-483,Net
2001-12,2001-02:Q3,30529,19313,10822,8491,4109,808,550,73,104,2574,1937,0,0,0,3444,56,3388,938,922,16,11216,3499,1401,1388,915,411,62,13,13,0,0,2098,2098,0,,,0,0,3318,517,0,517,981,2,979,1820,0,0,3087,3077,421,2656,2508,10,0,1312,0,0,0,0,Credit
2001-12,2001-02:Q3,26905,18838,13842,4996,2745,484,584,100,63,1514,167,0,0,0,173,0,173,2078,1971,107,7888,2237,268,1,1,0,0,267,72,175,20,1969,1965,0,,,0,4,3712,538,4,534,1062,0,1062,2112,0,0,1755,1648,31,1617,1617,107,0,184,179,3624,0,3624,Debit
2001-12,2001-02:Q3,3624,475,-3020,3495,1364,324,-34,-27,41,1060,1770,0,0,0,3271,56,3215,-1140,-1049,-91,3328,1262,1133,1387,914,411,62,-254,-59,-175,-20,129,133,0,,,0,-4,-394,-21,-4,-17,-81,2,-83,-292,0,0,1332,1429,390,1039,891,-97,0,1128,-179,-3624,0,-3624,Net
2002-03,2001-02:Q4,33181,21645,12325,9320,4477,870,653,75,138,2741,1885,0,0,0,4300,233,4067,543,522,21,11338,4357,1798,1767,1240,411,116,31,31,0,0,2559,2559,0,,,0,0,3245,1598,0,1598,653,0,653,994,0,0,3567,3523,771,2752,2679,44,0,169,198,0,0,0,Credit
2002-03,2001-02:Q4,26993,18882,13591,5291,3572,655,745,70,73,2029,154,0,0,0,61,0,61,1658,1546,112,8111,2185,298,1,1,0,0,297,109,175,13,1887,1881,0,,,0,6,2742,611,7,604,1080,0,1080,1051,0,0,2499,2496,0,2496,2179,3,130,555,0,6188,0,6188,Debit
2002-03,2001-02:Q4,6188,2763,-1266,4029,905,215,-92,5,65,712,1731,0,0,0,4239,233,4006,-1115,-1024,-91,3227,2172,1500,1766,1239,411,116,-266,-78,-175,-13,672,678,0,,,0,-6,503,987,-7,994,-427,0,-427,-57,0,0,1068,1027,771,256,500,41,-130,-386,198,-6188,0,-6188,Net
2002-06,2002-03:Q1,32141,21826,12131,9695,4922,533,544,74,59,3712,2133,0,0,0,3890,53,3837,883,864,19,10315,3904,1716,1679,1126,458,95,37,37,0,0,2188,2188,0,,,0,0,2438,583,0,583,558,0,558,1297,0,0,3337,2813,104,2709,2606,524,0,636,0,0,0,0,Credit
2002-06,2002-03:Q1,30479,20697,14198,6499,4321,709,762,31,57,2762,170,0,0,0,286,0,286,1892,1889,3,9656,2927,476,13,13,0,0,463,161,276,26,2451,2426,0,,,0,25,3488,1221,30,1191,1032,0,1032,1235,0,0,2738,2738,962,1776,1741,0,352,151,126,1662,0,1662,Debit
2002-06,2002-03:Q1,1662,1129,-2067,3196,601,-176,-218,43,2,950,1963,0,0,0,3604,53,3551,-1009,-1025,16,659,977,1240,1666,1113,458,95,-426,-124,-276,-26,-263,-238,0,,,0,-25,-1050,-638,-30,-608,-474,0,-474,62,0,0,599,75,-858,933,865,524,-352,485,-126,-1662,0,-1662,Net
2002-09,2002-03:Q2,34257,23419,13528,9891,4742,696,617,91,64,3274,2249,0,0,0,4137,52,4085,1012,983,29,10838,2631,1082,1070,545,458,67,12,12,0,0,1549,1549,0,,,0,0,2573,557,0,557,911,0,911,1105,0,0,5610,5610,3174,2436,2267,0,0,24,0,0,0,0,Credit
2002-09,2002-03:Q2,29330,21604,15984,5620,3880,952,820,82,72,1954,195,0,0,0,128,0,128,1612,1609,3,7676,2230,550,0,0,0,0,550,248,276,26,1680,1670,0,,,0,10,3352,663,1,662,1887,0,1887,802,0,0,1805,1678,0,1678,1638,127,6,283,50,4927,0,4927,Debit
2002-09,2002-03:Q2,4927,1815,-2456,4271,862,-256,-203,9,-8,1320,2054,0,0,0,4009,52,3957,-600,-626,26,3162,401,532,1070,545,458,67,-538,-236,-276,-26,-131,-121,0,,,0,-10,-779,-106,-1,-105,-976,0,-976,303,0,0,3805,3932,3174,758,629,-127,-6,-259,-50,-4927,0,-4927,Net
2002-12,2002-03:Q3,36373,23727,13169,10558,5342,1004,660,92,92,3494,2596,0,0,0,4465,169,4296,751,713,38,12646,3920,1143,1125,528,458,139,18,18,0,0,2777,2777,0,,,0,0,2824,795,0,795,1000,9,991,1029,0,0,5322,5321,1692,3629,3071,1,0,580,0,0,0,0,Credit
2002-12,2002-03:Q3,30291,22373,16950,5423,3263,673,792,109,61,1628,181,0,0,0,223,0,223,1937,1931,6,7706,2499,467,0,0,0,0,467,165,276,26,2032,2032,0,,,0,0,2576,638,0,638,997,0,997,941,0,0,2313,2194,0,2194,2194,119,0,318,212,6082,0,6082,Debit
2002-12,2002-03:Q3,6082,1354,-3781,5135,2079,331,-132,-17,31,1866,2415,0,0,0,4242,169,4073,-1186,-1218,32,4940,1421,676,1125,528,458,139,-449,-147,-276,-26,745,745,0,,,0,0,248,157,0,157,3,9,-6,88,0,0,3009,3127,1692,1435,877,-118,0,262,-212,-6082,0,-6082,Net
2003-03,2002-03:Q4,39484,26727,14946,11781,5757,1079,715,112,78,3773,2622,0,0,0,5148,177,4971,876,845,31,12569,3546,1227,1221,626,458,137,6,6,0,0,2319,2319,0,,,0,0,3733,943,0,943,1045,0,1045,1745,0,0,4689,4678,1119,3559,2270,11,0,601,188,0,0,0,Credit
2003-03,2002-03:Q4,35170,24680,17332,7348,5656,1007,898,128,38,3585,191,0,0,0,165,0,165,1527,1520,7,10490,2184,458,46,46,0,0,412,110,276,26,1726,1726,0,,,0,0,6002,3484,1,3483,1290,0,1290,1228,0,0,1677,1677,14,1663,1663,0,116,511,0,4314,0,4314,Debit
2003-03,2002-03:Q4,4314,2047,-2386,4433,101,72,-183,-16,40,188,2431,0,0,0,4983,177,4806,-651,-675,24,2079,1362,769,1175,580,458,137,-406,-104,-276,-26,593,593,0,,,0,0,-2269,-2541,-1,-2540,-245,0,-245,517,0,0,3012,3001,1105,1896,607,11,-116,90,188,-4314,0,-4314,Net
2003-06,2003-04:Q1,39779,24097,13358,10739,5408,804,681,88,70,3765,3094,0,0,0,4515,73,4442,816,795,21,15479,4588,905,856,356,365,135,49,49,0,0,3683,3683,0,,,0,0,4650,474,6,468,1087,0,1087,3089,0,0,4933,4723,158,4565,4290,210,0,1308,203,0,0,0,Credit
2003-06,2003-04:Q1,34315,24519,18673,5846,3747,797,549,101,64,2236,64,0,0,0,119,0,119,1980,1773,207,9796,2826,519,0,0,0,0,519,316,138,65,2307,2307,0,,,0,0,3693,834,32,802,681,0,681,2178,0,0,2818,2545,16,2529,2529,273,301,158,0,5464,0,5464,Debit
2003-06,2003-04:Q1,5464,-422,-5315,4893,1661,7,132,-13,6,1529,3030,0,0,0,4396,73,4323,-1164,-978,-186,5683,1762,386,856,356,365,135,-470,-267,-138,-65,1376,1376,0,,,0,0,957,-360,-26,-334,406,0,406,911,0,0,2115,2178,142,2036,1761,-63,-301,1150,203,-5464,0,-5464,Net
2003-09,2003-04:Q2,44657,28422,14992,13430,6122,1068,797,104,67,4086,3025,0,0,0,6276,80,6196,1032,993,39,15873,6819,1221,1198,646,365,187,23,23,0,0,5598,5598,0,,,0,0,4632,589,6,583,1227,3,1224,2816,0,0,3182,3182,122,3060,2453,0,0,1240,362,0,0,0,Credit
2003-09,2003-04:Q2,36065,25236,18541,6695,4810,943,538,116,43,3170,76,0,0,0,136,0,136,1749,1543,206,10829,3981,519,0,0,0,0,519,316,138,65,3462,3462,0,,,0,0,3512,491,32,459,1339,0,1339,1682,0,0,3038,2760,22,2738,2024,278,2,296,0,8592,0,8592,Debit
2003-09,2003-04:Q2,8592,3186,-3549,6735,1312,125,259,-12,24,916,2949,0,0,0,6140,80,6060,-717,-550,-167,5044,2838,702,1198,646,365,187,-496,-293,-138,-65,2136,2136,0,,,0,0,1120,98,-26,124,-112,3,-115,1134,0,0,144,422,100,322,429,-278,-2,944,362,-8592,0,-8592,Net
2003-12,2003-04:Q3,55780,31445,17599,13846,6616,1512,829,104,54,4117,3041,0,0,0,6463,187,6276,767,743,24,24335,9507,1106,1094,547,365,182,12,12,0,0,8401,8401,0,,,0,0,4895,934,6,928,1362,0,1362,2599,0,0,8518,8518,360,8158,6371,0,0,1415,0,0,0,0,Credit
2003-12,2003-04:Q3,48486,27483,20991,6492,3212,838,619,74,54,1627,160,0,0,0,150,0,150,3130,2926,204,20720,4809,519,0,0,0,0,519,316,138,65,4290,4290,0,,,0,0,9779,2544,32,2512,4957,0,4957,2278,0,0,4931,4834,11,4823,4823,97,1,1200,283,7294,0,7294,Debit
2003-12,2003-04:Q3,7294,3962,-3392,7354,3404,674,210,30,0,2490,2881,0,0,0,6313,187,6126,-2363,-2183,-180,3615,4698,587,1094,547,365,182,-507,-304,-138,-65,4111,4111,0,,,0,0,-4884,-1610,-26,-1584,-3595,0,-3595,321,0,0,3587,3684,349,3335,1548,-97,-1,215,-283,-7294,0,-7294,Net
2004-03,2003-04:Q4,56347,35829,20336,15493,8722,1653,900,123,49,5997,3640,0,0,0,5482,214,5268,1289,1243,46,20198,11768,1232,1174,680,365,129,58,58,0,0,10536,10536,0,,,0,0,5490,1353,6,1347,1552,0,1552,2585,0,0,2589,2464,310,2154,1167,125,0,351,320,0,0,0,Credit
2004-03,2003-04:Q4,46276,28472,21798,6674,4955,1024,622,72,51,3186,176,0,0,0,169,0,169,1550,1289,261,17804,7322,519,0,0,0,0,519,316,138,65,6803,6803,0,,,0,0,7047,2339,32,2307,1176,0,1176,3532,0,0,2402,2247,112,2135,1263,155,72,961,0,10071,0,10071,Debit
2004-03,2003-04:Q4,10071,7357,-1462,8819,3767,629,278,51,-2,2811,3464,0,0,0,5313,214,5099,-261,-46,-215,2394,4446,713,1174,680,365,129,-461,-258,-138,-65,3733,3733,0,,,0,0,-1557,-986,-26,-960,376,0,376,-947,0,0,187,217,198,19,-96,-30,-72,-610,320,-10071,0,-10071,Net
2004-06,2004-05:Q1,55970,34361,17840,16521,9230,1130,1203,260,121,6516,3946,544,112,330,6329,81,6248,962,895,67,21312,9525,1496,1491,946,476,69,5,5,0,0,8029,8029,0,,,0,0,6545,513,6,507,1865,0,1865,4167,0,0,4226,3976,70,3906,1949,250,0,1016,297,0,0,0,Credit
2004-06,2004-05:Q1,48400,30753,22955,7798,5584,1192,954,300,91,3047,125,1440,191,160,196,88,108,2018,1733,285,17647,8406,533,3,3,0,0,530,450,62,18,7873,7873,0,,,0,0,3855,476,32,444,987,35,952,2392,0,0,3222,3049,313,2736,2736,173,277,1887,0,7570,0,7570,Debit
2004-06,2004-05:Q1,7570,3608,-5115,8723,3646,-62,249,-40,30,3469,3821,-896,-79,170,6133,-7,6140,-1056,-838,-218,3665,1119,963,1488,943,476,69,-525,-445,-62,-18,156,156,0,,,0,0,2690,37,-26,63,878,-35,913,1775,0,0,1004,927,-243,1170,-787,77,-277,-871,297,-7570,0,-7570,Net
2004-09,2004-05:Q2,53411,33178,18875,14303,8630,1369,1046,185,63,5967,4100,912,65,305,4491,179,4312,1182,1087,95,19985,9177,1780,1763,1188,476,99,17,17,0,0,7397,7397,0,,,0,0,6137,729,6,723,1883,0,1883,3525,0,0,2663,2663,247,2416,2204,0,0,2008,248,634,0,634,Credit
2004-09,2004-05:Q2,54045,37608,28567,9041,6430,1343,1067,135,83,3802,125,1676,155,61,217,83,134,2394,2093,301,16437,7379,446,7,7,0,0,439,335,62,42,6933,6933,0,,,0,0,5240,420,32,388,1483,48,1435,3337,0,0,3377,3349,29,3320,2751,28,2,439,0,0,0,0,Debit
2004-09,2004-05:Q2,-634,-4430,-9692,5262,2200,26,-21,50,-20,2165,3975,-764,-90,244,4274,96,4178,-1212,-1006,-206,3548,1798,1334,1756,1181,476,99,-422,-318,-62,-42,464,464,0,,,0,0,897,309,-26,335,400,-48,448,188,0,0,-714,-686,218,-904,-547,-28,-2,1569,248,634,0,634,Net
2004-12,2004-05:Q3,66465,38158,20888,17270,11700,2018,1224,274,117,8067,4518,1554,97,218,4313,129,4184,1257,1112,145,28307,13423,1379,1369,848,476,45,10,10,0,0,12044,12044,0,,,0,0,8168,800,6,794,2319,0,2319,5049,0,0,3145,3143,6,3137,1417,2,0,3571,0,0,0,0,Credit
2004-12,2004-05:Q3,59871,43912,32655,11257,8237,1257,1198,197,123,5462,296,1917,300,309,240,95,145,2780,2427,353,15685,8157,797,16,16,0,0,781,590,62,129,7360,7343,0,,,0,17,5179,473,32,441,657,49,608,4049,0,0,1821,1755,193,1562,1393,66,18,510,274,6594,0,6594,Debit
2004-12,2004-05:Q3,6594,-5754,-11767,6013,3463,761,26,77,-6,2605,4222,-363,-203,-91,4073,34,4039,-1523,-1315,-208,12622,5266,582,1353,832,476,45,-771,-580,-62,-129,4684,4701,0,,,0,-17,2989,327,-26,353,1662,-49,1711,1000,0,0,1324,1388,-187,1575,24,-64,-18,3061,-274,-6594,0,-6594,Net
2005-03,2004-05:Q4,78313,49042,27603,21439,13689,2149,1210,151,100,10079,5136,2157,238,531,6558,227,6331,1192,1030,162,28935,14809,1432,1429,797,476,156,3,3,0,0,13377,13377,0,,,0,0,9437,1767,6,1761,3017,0,3017,4653,0,0,4547,4522,182,4340,2501,25,0,142,336,0,0,0,Credit
2005-03,2004-05:Q4,65684,44936,34731,10205,7572,1457,1320,90,114,4591,254,2285,186,208,253,90,163,2380,1966,414,20748,9992,598,39,39,0,0,559,297,62,200,9394,9387,0,,,0,7,5104,517,32,485,763,100,663,3824,0,0,2287,2172,17,2155,2155,115,120,3245,0,12629,0,12629,Debit
2005-03,2004-05:Q4,12629,4106,-7128,11234,6117,692,-110,61,-14,5488,4882,-128,52,323,6305,137,6168,-1188,-936,-252,8187,4817,834,1390,758,476,156,-556,-294,-62,-200,3983,3990,0,,,0,-7,4333,1250,-26,1276,2254,-100,2354,829,0,0,2260,2350,165,2185,346,-90,-120,-3103,336,-12629,0,-12629,Net
2005-06,2005-06:Q1,69667,42982,23998,18984,11538,1435,1533,221,71,8278,5103,1638,179,162,6097,118,5979,1349,1311,38,26417,13271,2142,2070,1295,690,85,72,72,0,0,11129,11129,0,,,0,0,7950,707,6,701,1988,0,1988,5255,4503,752,4084,3906,471,3435,2759,178,0,1112,268,0,0,0,Credit
2005-06,2005-06:Q1,68420,47776,37962,9814,7406,1419,2094,247,101,3545,250,1260,239,63,191,101,90,2217,2057,160,20644,10949,792,12,12,0,0,780,320,273,187,10157,10157,0,,,0,0,6006,490,22,468,835,28,807,4681,4681,0,3302,3240,62,3178,2867,62,142,245,0,1247,0,1247,Debit
2005-06,2005-06:Q1,1247,-4794,-13964,9170,4132,16,-561,-26,-30,4733,4853,378,-60,99,5906,17,5889,-868,-746,-122,5773,2322,1350,2058,1283,690,85,-708,-248,-273,-187,972,972,0,,,0,0,1944,217,-16,233,1153,-28,1181,574,-178,752,782,666,409,257,-108,116,-142,867,268,-1247,0,-1247,Net
2005-09,2005-06:Q2,79884,44100,24995,19105,12577,1594,1398,358,53,9174,5218,1702,420,393,5194,103,5091,1334,1304,30,35784,18304,1890,1853,1114,690,49,37,37,0,0,16414,16414,0,,,0,0,11370,645,6,639,4527,0,4527,6198,5056,1142,5450,5320,299,5021,3734,130,0,660,0,0,0,0,Credit
2005-09,2005-06:Q2,74628,48784,38419,10365,7252,1512,1881,132,130,3597,229,1475,263,48,201,101,100,2912,2757,155,25241,12787,814,7,7,0,0,807,482,273,52,11973,11973,0,,,0,0,7028,443,22,421,2685,101,2584,3900,3900,0,3454,3429,34,3395,3393,25,0,1972,603,5256,0,5256,Debit
2005-09,2005-06:Q2,5256,-4684,-13424,8740,5325,82,-483,226,-77,5577,4989,227,157,345,4993,2,4991,-1578,-1453,-125,10543,5517,1076,1846,1107,690,49,-770,-445,-273,-52,4441,4441,0,,,0,0,4342,202,-16,218,1842,-101,1943,2298,1156,1142,1996,1891,265,1626,341,105,0,-1312,-603,-5256,0,-5256,Net
2005-12,2005-06:Q3,84308,48736,25579,23157,14723,2315,1613,211,104,10480,6254,2850,306,480,6663,155,6508,1771,1735,36,35572,19286,2437,2346,1609,690,47,91,91,0,0,16849,16849,0,,,0,0,8807,1143,6,1137,2711,0,2711,4953,4714,239,5393,4872,2,4870,4865,521,0,2086,0,4672,0,4672,Credit
2005-12,2005-06:Q3,88980,53649,38318,15331,10319,1799,2118,387,122,5893,499,2316,181,99,225,102,123,4787,4529,258,34792,15170,1069,34,34,0,0,1035,572,273,190,14101,14101,0,,,0,0,11411,457,22,435,6843,12,6831,4111,4111,0,6371,6317,1941,4376,3984,54,285,1555,539,0,0,0,Debit
2005-12,2005-06:Q3,-4672,-4913,-12739,7826,4404,516,-505,-176,-18,4587,5755,534,125,381,6438,53,6385,-3016,-2794,-222,780,4116,1368,2312,1575,690,47,-944,-481,-273,-190,2748,2748,0,,,0,0,-2604,686,-16,702,-4132,-12,-4120,842,603,239,-978,-1445,-1939,494,881,467,-285,531,-539,4672,0,4672,Net
2006-03,2005-06:Q4,105982,59021,30580,28441,18821,2509,1781,272,86,14173,7025,3117,304,540,7666,293,7373,1954,1879,75,46603,26437,2709,2693,1958,690,45,16,16,0,0,23728,23728,0,,,0,0,11352,1136,6,1130,5117,0,5117,5099,5099,0,6731,6488,0,6488,6477,243,0,2083,358,0,0,0,Credit
2006-03,2005-06:Q4,92761,54532,42357,12175,9512,1908,2244,350,176,4834,360,2697,282,79,316,171,145,2347,2148,199,38229,22864,3469,8,8,0,0,3461,2608,273,580,19395,19395,0,,,0,0,7125,539,22,517,1472,110,1362,5114,4955,159,7158,7158,1910,5248,4802,0,145,937,0,13221,0,13221,Debit
2006-03,2005-06:Q4,13221,4489,-11777,16266,9309,601,-463,-78,-90,9339,6665,420,22,461,7350,122,7228,-393,-269,-124,8374,3573,-760,2685,1950,690,45,-3445,-2592,-273,-580,4333,4333,0,,,0,0,4227,597,-16,613,3645,-110,3755,-15,144,-159,-427,-670,-1910,1240,1675,243,-145,1146,358,-13221,0,-13221,Net
2006-06,2006-07:Q1,110737,54597,29663,24934,16042,1708,1715,238,40,12341,7039,3386,509,475,7170,69,7101,1722,1659,63,56049,34299,3477,3413,1946,1457,10,64,64,0,0,30822,30801,29540,,,1261,21,11499,577,5,572,5051,87,4964,5871,5082,789,9909,9837,5257,4580,4246,72,0,342,91,0,0,0,Credit
2006-06,2006-07:Q1,104358,59034,46613,12421,8475,1488,1997,129,79,4782,415,2646,318,108,289,82,207,3657,3461,196,45324,33067,1739,8,8,0,0,1731,1189,269,273,31328,31327,31327,,,0,1,6288,526,8,518,1073,223,850,4689,4689,0,4848,4848,1877,2971,2944,0,67,1054,0,6379,0,6379,Debit
2006-06,2006-07:Q1,6379,-4437,-16950,12513,7567,220,-282,109,-39,7559,6624,740,191,367,6881,-13,6894,-1935,-1802,-133,10725,1232,1738,3405,1938,1457,10,-1667,-1125,-269,-273,-506,-526,-1787,,,1261,20,5211,51,-3,54,3978,-136,4114,1182,393,789,5061,4989,3380,1609,1302,72,-67,-712,91,-6379,0,-6379,Net
2006-09,2006-07:Q2,98275,57567,32701,24866,16416,1796,1973,315,61,12271,7121,3436,716,569,6218,119,6099,2232,2160,72,40551,22485,4545,4400,2886,1457,57,145,145,0,0,17940,17929,17469,,,460,11,11228,788,5,783,2680,114,2566,7760,6579,1181,5754,5754,1568,4186,4185,0,0,1084,157,0,0,0,Credit
2006-09,2006-07:Q2,96005,63314,48717,14597,9966,1811,1978,154,122,5901,405,3300,703,180,361,100,261,4270,4042,228,32691,18219,2429,2,2,0,0,2427,1868,269,290,15790,15789,15789,,,0,1,6446,449,8,441,920,170,750,5077,5077,0,7472,7428,3553,3875,3277,44,0,554,0,2270,0,2270,Debit
2006-09,2006-07:Q2,2270,-5747,-16016,10269,6450,-15,-5,161,-61,6370,6716,136,13,389,5857,19,5838,-2038,-1882,-156,7860,4266,2116,4398,2884,1457,57,-2282,-1723,-269,-290,2150,2140,1680,,,460,10,4782,339,-3,342,1760,-56,1816,2683,1502,1181,-1718,-1674,-1985,311,908,-44,0,530,157,-2270,0,-2270,Net
2006-12,2006-07:Q3,123335,60528,30824,29704,18451,2621,2092,288,87,13363,7602,3690,828,597,8961,287,8674,2292,2193,99,62513,38646,10008,9855,8203,1457,195,153,153,0,0,28638,28625,28418,,,207,13,14731,1113,5,1108,5418,425,4993,8200,5660,2540,7160,6944,556,6388,6325,216,0,1976,294,0,0,0,Credit
2006-12,2006-07:Q3,115830,64132,47257,16875,12371,1638,2102,201,97,8333,684,4267,647,239,333,89,244,4171,3936,235,51698,32179,7110,7,7,0,0,7103,6454,269,380,25069,25063,25063,,,0,6,8250,494,8,486,1369,345,1024,6387,6387,0,10273,10239,4530,5709,4862,34,2,994,0,7505,0,7505,Debit
2006-12,2006-07:Q3,7505,-3604,-16433,12829,6080,983,-10,87,-10,5030,6918,-577,181,358,8628,198,8430,-1879,-1743,-136,10815,6467,2898,9848,8196,1457,195,-6950,-6301,-269,-380,3569,3562,3355,,,207,7,6481,619,-3,622,4049,80,3969,1813,-727,2540,-3113,-3295,-3974,679,1463,182,-2,982,294,-7505,0,-7505,Net
2007-03,2006-07:Q4,145358,70754,35700,35054,22871,2998,2194,354,65,17260,9538,4032,1053,621,9121,160,8961,3062,2914,148,74178,37780,5560,5158,3446,1457,255,402,402,0,0,32220,32179,30329,,,1848,41,17184,1289,5,1284,7734,0,7734,8161,8161,0,14386,14264,7085,7179,5158,122,0,4828,426,0,0,0,Credit
2007-03,2006-07:Q4,124906,66531,48083,18448,13499,1747,1991,158,105,9498,763,5653,1323,269,408,110,298,4541,4249,292,58375,34992,4619,70,70,0,0,4549,3857,269,423,30373,30351,30351,,,0,22,9168,523,8,515,1418,228,1190,7227,6022,1205,12703,12703,8000,4703,4510,0,93,1419,0,20452,0,20452,Debit
2007-03,2006-07:Q4,20452,4223,-12383,16606,9372,1251,203,196,-40,7762,8775,-1621,-270,352,8713,50,8663,-1479,-1335,-144,15803,2788,941,5088,3376,1457,255,-4147,-3455,-269,-423,1847,1828,-22,,,1848,19,8016,766,-3,769,6316,-228,6544,934,2139,-1205,1683,1561,-915,2476,648,122,-93,3409,426,-20452,0,-20452,Net
2007-06,2007-08:Q1,137852,66523,36601,29921,18931,2088,1953,373,94,14424,8836,3758,528,513,8628,153,8475,2362,2279,83,71296,43173,8409,7616,5574,1920,122,793,793,0,0,34764,34706,34305,,,316,58,16740,731,6,726,8282,359,7923,7726,6883,843,8561,8561,2543,6017,5252,0,0,2822,34,0,0,0,Credit
2007-06,2007-08:Q1,126652,71054,56348,14706,9926,1906,2526,185,110,5199,679,3222,449,231,432,165,267,4349,4151,198,55598,32757,5535,20,20,0,0,5514,4758,271,485,27222,27216,27216,,,0,6,7593,491,7,484,1338,345,993,5764,5764,0,9479,9473,2861,6612,5699,6,43,5726,0,11200,0,11200,Debit
2007-06,2007-08:Q1,11200,-4532,-19747,15215,9006,182,-573,188,-16,9225,8157,536,79,282,8196,-11,8208,-1987,-1871,-116,15698,10416,2874,7595,5553,1920,122,-4721,-3965,-271,-485,7542,7490,7089,,,316,52,9147,241,-1,242,6944,14,6930,1962,1119,843,-918,-913,-318,-595,-447,-6,-43,-2904,34,-11200,0,-11200,Net
2007-09,2007-08:Q2,170230,72871,38429,34442,21016,2248,2091,341,68,16267,9050,3894,916,613,9708,158,9550,3718,3608,110,97090,54343,5639,4865,2822,1920,124,774,774,0,0,48704,48698,46199,,,2477,5,20008,983,6,977,6288,443,5845,12737,11012,1725,13714,13690,4404,9286,6975,24,0,9025,269,0,0,0,Credit
2007-09,2007-08:Q2,140994,77128,59904,17224,11598,2047,2559,284,128,6580,801,3537,702,180,408,112,296,5218,4920,298,63866,41177,3374,19,19,0,0,3355,2515,271,569,37803,37781,37781,,,0,23,10428,515,7,508,2071,503,1568,7842,7842,0,7070,7000,358,6642,6606,71,2,5188,0,29236,0,29236,Debit
2007-09,2007-08:Q2,29236,-4257,-21475,17218,9418,201,-468,57,-60,9687,8248,357,215,433,9300,46,9254,-1500,-1312,-188,33224,13166,2266,4847,2803,1920,124,-2581,-1741,-271,-569,10900,10918,8418,,,2477,-17,9580,468,-1,469,4217,-60,4277,4895,3170,1725,6643,6690,4046,2645,369,-47,-2,3837,269,-29236,0,-29236,Net
2007-12,2007-08:Q3,209844,82097,43054,39044,24109,3395,2799,438,90,17387,9608,4588,882,601,11427,195,11233,3508,3401,106,127138,84486,8396,7996,6022,1920,54,400,400,0,0,76090,75972,72309,,,3473,119,20657,1109,6,1103,8427,363,8064,11121,10231,890,12588,12586,5636,6949,6456,3,0,9407,609,0,0,0,Credit
2007-12,2007-08:Q3,183106,85607,67294,18314,12763,2519,3043,261,75,6865,852,4245,763,183,493,121,372,5058,4791,267,97499,69639,6275,43,43,0,0,6232,5206,271,755,63364,63345,63345,,,0,19,10587,544,7,537,2187,384,1803,7855,7855,0,12381,12029,3939,8090,7309,352,0,4892,0,26738,0,26738,Debit
2007-12,2007-08:Q3,26738,-3511,-24241,20730,11346,876,-245,177,16,10522,8757,343,119,418,10934,73,10861,-1550,-1390,-160,29639,14847,2120,7953,5978,1920,54,-5832,-4806,-271,-755,12727,12627,8964,,,3473,100,10070,565,-1,566,6240,-21,6261,3266,2376,890,207,557,1698,-1141,-853,-350,0,4515,609,-26738,0,-26738,Net
2008-03,2007-08:Q4,236783,93546,48079,45468,26286,3618,3171,487,78,18932,12806,4532,891,681,14498,247,14251,4684,4523,161,142833,89119,14877,14367,12448,1920,0,510,510,0,0,74242,74188,73808,,,379,54,24787,1417,6,1411,7296,427,6869,16074,14515,1559,20951,20899,6979,13920,10718,52,0,7976,405,0,0,0,Credit
2008-03,2007-08:Q4,211794,96984,74084,22901,17203,2786,3386,314,63,10654,1026,5549,1219,265,982,116,866,4715,4383,333,114809,84222,6244,34,26,0,8,6211,4419,271,1521,77978,77952,77952,,,0,26,12931,577,7,570,2088,392,1696,10267,10267,0,15124,15121,5510,9612,9608,3,76,2455,0,24990,0,24990,Debit
2008-03,2007-08:Q4,24990,-3438,-26005,22567,9083,832,-215,173,15,8278,11780,-1016,-328,416,13515,131,13384,-31,140,-171,28024,4897,8633,14334,12422,1920,-8,-5701,-3909,-271,-1521,-3736,-3764,-4144,,,379,28,11856,840,-1,841,5209,35,5173,5807,4248,1559,5827,5777,1469,4308,1110,49,-76,5521,405,-24990,0,-24990,Net
2008-06,2008-09:Q1,194053.431262,97439.954956,57454.46406,39985.490896,23615.588292,2504.081117,2615.226932,349.787099,129.925834,18016.56731,12081,4086.691885,615.313963,510.227248,12797.020235,147.857906,12649.162329,3572.882369,3418.237562,154.644807,96205.612714,53673.857565,12906.077569,12670.343069,10248.398917,2257.614152,164.33,235.7345,235.7345,0,0,40767.779996,40745.352,39746.01,,,999.342,22.427996,15900.259472,940.23851,17.679382,922.559127,2753.748962,403.198962,2350.55,12206.272,9256.272,2950,21987.1405,21986.864597,11457.249031,10529.615566,9097.871915,0.275904,0,4644.355176,407.863592,0,0,0,Credit
2008-06,2008-09:Q1,191818.431262,100840.731332,82654.628023,18186.10331,12344.27524,2163.504135,3328.00474,227.029959,110.485161,6515.251246,843.597241,3217.445948,620.099664,226.504209,654.358254,107.409842,546.948412,5187.469816,4859.045572,328.424244,90977.69993,48936.371505,3961.858557,21.461041,21.461041,0,0,3940.397516,2518.625,271.042516,1150.73,44974.512948,44922.66,44922.66,,,0,51.852948,9705.472003,655.78878,104.365852,551.422929,1270.683223,190.483223,1080.2,7779,7779,0,19291.091172,19139.646645,10532.847793,8606.798852,8284.295814,151.444526,29.524893,13015.240357,0,2235,0,2235,Debit
2008-06,2008-09:Q1,2235,-3400.776376,-25200.163962,21799.387586,11271.313052,340.576982,-712.777807,122.75714,19.440673,11501.316064,11237.402759,869.245937,-4.785702,283.723039,12142.661981,40.448064,12102.213917,-1614.587447,-1440.808009,-173.779437,5227.912784,4737.486061,8944.219014,12648.882028,10226.937876,2257.614152,164.33,-3704.663015,-2282.8905,-271.042516,-1150.73,-4206.732953,-4177.308,-5176.65,,,999.342,-29.424953,6194.787469,284.449729,-86.686469,371.136199,1483.06574,212.71574,1270.35,4427.272,1477.272,2950,2696.049328,2847.217951,924.401238,1922.816714,813.576102,-151.168623,-29.524893,-8370.885181,407.863592,-2235,0,-2235,Net
2008-09,2008-09:Q2,191291.212903,100549.352718,53630.411715,46918.941004,29001.228942,2785.839102,3041.154543,377.404442,81.010125,22715.82073,12120,5410.200932,1672.640647,739.909812,13772.943932,50.753602,13722.190329,4144.76813,3855.145942,289.622188,89991.818433,52550.445763,9919.996302,9604.403069,7312.398917,2257.614152,34.39,315.593233,315.593233,0,0,42630.449461,42617.77,42481.77,,,136,12.679461,16304.764841,1121.617363,17.679382,1103.93798,3573.910478,531.560478,3042.35,11609.237,11609.237,0,16360.404015,16360.404015,6596.361289,9764.042726,9176.034579,0,0,4776.203815,750.041752,4734,0,4734,Credit
2008-09,2008-09:Q2,196025.212903,112813.521386,92751.543554,20061.977832,13525.323679,2710.776076,3750.804951,306.139483,95.42691,6662.176259,684.784584,3916.137486,965.865436,296.39018,830.551302,96.734912,733.81639,5706.102851,5375.14581,330.95704,83211.691517,47702.470939,3760.837303,52.309787,52.309787,0,0,3708.527516,2775.495,271.042516,661.99,43941.633636,43919.32,43919.32,,,0,22.313636,13738.958429,672.895054,104.365852,568.529202,1859.236375,138.206375,1721.03,11206.827,9765.827,1441,14085.588544,14083.058364,5153.938278,8929.120086,8917.339992,2.53018,2.794747,7681.878859,0,0,0,0,Debit
2008-09,2008-09:Q2,-4734,-12264.168668,-39121.13184,26856.963172,15475.905263,75.063026,-709.650407,71.264959,-14.416785,16053.644471,11435.215416,1494.063446,706.77521,443.519632,12942.39263,-45.98131,12988.37394,-1561.334721,-1519.999868,-41.334853,6780.126916,4847.974824,6159.158999,9552.093282,7260.089129,2257.614152,34.39,-3392.934283,-2459.901767,-271.042516,-661.99,-1311.184175,-1301.55,-1437.55,,,136,-9.634175,2565.806412,448.722309,-86.686469,535.408778,1714.674103,393.354103,1321.32,402.41,1843.41,-1441,2274.815471,2277.34565,1442.42301,834.92264,258.694587,-2.53018,-2.794747,-2905.675044,750.041752,4734,0,4734,Net
2008-12,2008-09:Q3,153408.284022,81851.731821,39435.55297,42416.178851,28227.559082,2924.382493,2737.977238,347.413629,96.566361,22121.21936,11273.795225,4850.718879,1111.648501,547.37022,10996.876609,284.97956,10711.89705,3191.74316,2999.753433,191.989726,71556.552201,37774.337299,11176.606611,10966.223069,8182.398917,2257.614152,526.21,210.383542,210.383542,0,0,26597.730688,26568.45,26561.45,,,7,29.280688,15802.074249,1691.68994,17.679382,1674.010557,5395.205309,662.405309,4732.8,8715.179,8715.179,0,14829.712239,14827.352587,5191.770648,9635.581939,9542.532333,2.359651,0,3150.428414,,17881,0,17881,Credit
2008-12,2008-09:Q3,171289.284022,93721.681817,74428.107849,19293.573968,13098.944019,1945.549168,3241.309336,267.674089,232.609105,7411.802321,579.981826,3567.643307,739.617388,256.656519,845.448214,97.866771,747.581442,5349.181735,5011.008468,338.173267,76551.319246,40653.608339,8235.701857,29.009591,29.009591,0,0,8206.692266,4216.945,270.987266,3718.76,32417.906482,32354.62,32354.62,,,0,63.286482,15418.82092,758.958734,104.365852,654.592882,1723.755186,147.925186,1575.83,12936.107,10357.107,2579,19786.094586,19354.97795,7541.023664,11813.954286,8500.919292,431.116636,0.00064,692.794761,1016.282959,0,0,,Debit
2008-12,2008-09:Q3,-17881,-11870.949995,-34993.554879,23122.604883,15128.615063,978.833326,-503.332098,79.73954,-136.042744,14709.417039,10693.8134,1283.075572,372.031113,290.713702,10151.428396,187.112788,9964.315607,-2157.438575,-2011.255035,-146.18354,-4994.767045,-2879.27104,2940.904754,10937.213479,8153.389326,2257.614152,526.21,-7996.308725,-4006.561458,-270.987266,-3718.76,-5820.175794,-5786.17,-5793.17,,,7,-34.005794,383.253328,932.731206,-86.686469,1019.417675,3671.450123,514.480123,3156.97,-4220.928,-1641.928,-2579,-4956.382347,-4527.625363,-2349.253016,-2178.372347,1041.613041,-428.756984,-0.00064,2457.633653,-1016.282959,17881,0,17881,Net
2009-03,2008-09:Q4,135293.051809,76979.132165,38480.839321,38498.292844,25118.570069,2679.838455,2916.107314,347.673359,81.219176,19093.731765,10825.204775,4254.812153,1027.977848,500.643902,9980.488732,160.948729,9819.540003,3399.234043,3210.019173,189.21487,58015.678021,27661.5586,9003.265435,8662.403069,6352.398917,2257.614152,52.39,340.862366,340.862366,0,0,18658.293165,18580.34,18560.34,,,20,77.953165,14209.769443,1476.658405,17.679382,1458.979023,3499.029838,399.389838,3099.64,9234.0812,9234.0812,0,12029.983704,11918.916987,2577.805878,9341.111109,9331.045721,111.066717,0,4114.366274,298.241623,0,0,0,Credit
2009-03,2008-09:Q4,134992.851809,77358.732161,58685.960225,18672.771936,13078.375454,2605.605531,2499.479371,329.319408,354.613498,7289.357645,455.437241,4616.408462,632.795534,307.896313,418.600625,110.885865,307.71476,5175.795857,4863.981065,311.814792,57634.119648,26025.733691,4675.247646,62.98538,62.98538,0,0,4612.262266,3772.395,270.987266,568.88,21350.486045,21168.5,21168.5,,,0,181.986045,15039.1765,703.869212,104.365852,599.50336,2507.549287,306.219287,2201.33,11827.758,10449.758,1378,15289.894043,15289.894043,5497.614536,9792.279507,7155.357031,0,67.57327,1211.742143,0,300.2,0,300.2,Debit
2009-03,2008-09:Q4,300.2,-379.599996,-20205.120904,19825.520908,12040.194615,74.232924,416.627943,18.353951,-273.394322,11804.374119,10369.767533,-361.596308,395.182314,192.747588,9561.888107,50.062864,9511.825243,-1776.561814,-1653.961892,-122.599922,381.558373,1635.824909,4328.017789,8599.417689,6289.413537,2257.614152,52.39,-4271.3999,-3431.532634,-270.987266,-568.88,-2692.19288,-2588.16,-2608.16,,,20,-104.03288,-829.407057,772.789193,-86.686469,859.475662,991.48055,93.17055,898.31,-2593.6768,-1215.6768,-1378,-3259.910339,-3370.977056,-2919.808659,-451.168397,2175.688691,111.066717,-67.57327,2902.62413,298.241623,-300.2,0,-300.2,Net
2009-06,2009-10:Q1,156142.758941,77876.181262,39166.427016,38709.754247,22414.246631,2297.257914,2501.136167,388.452914,99.915504,17127.484133,11004.336402,2586.480491,1116.358419,417.994364,13344.976917,46.733119,13298.243798,2950.530699,2723.311882,227.218817,77808.389705,48575.48866,9950.093037,9825.447433,7290.009607,2167.187825,368.25,124.645604,124.645604,0,0,38625.395623,38602.48,38559.48,43,23,43,22.915623,13111.47651,1013.934731,12.679661,1001.25507,1971.953779,243.903779,1728.05,10125.588,10125.588,0,15576.826611,15576.591045,4367.781122,11208.809923,11171.526033,0.235567,0,544.597924,458.187974,0,0,0,Credit
2009-06,2009-10:Q1,156027.758941,82028.300377,65446.690155,16581.610222,10953.85877,2035.252889,2776.969757,313.968765,102.687959,5724.979399,391.185209,3295.320113,834.814142,277.503816,469.136625,109.562812,359.573813,5158.614827,4807.853556,350.761271,73999.458563,35336.774944,4979.743826,925.84381,899.565627,0,26.278184,4053.900016,2837.2175,271.042516,945.64,30357.031118,30332.21,30332.21,,25,,24.821118,14528.497869,728.569251,105.475,623.094251,2418.168619,332.948619,2085.22,11381.76,9589.76,1792,18942.325332,18703.628399,6946.013882,11757.614517,9354.318907,238.696934,22.615862,5169.244556,,115,0,115,Debit
2009-06,2009-10:Q1,115,-4152.119115,-26280.26314,22128.144024,11460.387861,262.005025,-275.83359,74.484149,-2.772456,11402.504733,10613.151193,-708.839622,281.544277,140.490547,12875.840291,-62.829694,12938.669985,-2208.084128,-2084.541674,-123.542454,3808.931142,13238.713716,4970.349211,8899.603622,6390.443981,2167.187825,341.971816,-3929.254411,-2712.571896,-271.042516,-945.64,8268.364505,8270.27,8227.27,43,-2,43,-1.905495,-1417.021359,285.36548,-92.795339,378.16082,-446.214839,-89.044839,-357.17,-1256.172,535.828,-1792,-3365.498721,-3127.037354,-2578.23276,-548.804594,1817.207126,-238.461367,-22.615862,-4624.646632,458.187974,-115,0,-115,Net
2009-09,2009-10:Q2,179931.061524,83890.110568,43402.572984,40487.537584,21352.269525,2719.256659,2570.19295,384.384843,100.186918,15578.248154,11206.666222,2503.677906,732.250102,306.53883,14385.651871,168.753612,14216.898259,4749.616189,4544.252446,205.363743,96040.950955,55910.774822,11550.683101,11455.437433,8547.009607,2167.187825,741.24,95.245668,95.245668,0,0,44360.091721,44356.146,41692.51,2664,4,2663.636,3.945721,16687.509336,1477.029254,12.679661,1464.349593,3282.914082,205.554082,3077.36,11927.566,10993.566,934,16543.745574,16543.745574,6131.469993,10412.275582,10341.823215,0,0,6898.921223,,0,0,,Credit
2009-09,2009-10:Q2,170513.061524,93086.046786,72994.235242,20091.811544,13704.191097,2357.340032,2220.557859,340.562093,129.633674,8656.097439,437.565231,4612.476548,1134.83482,312.72714,568.554123,108.276582,460.277541,5819.066324,5477.137696,341.928628,76786.305769,38808.191421,4125.681354,631.641339,597.036127,0,34.605212,3494.040016,2130.5775,271.042516,1092.42,34682.510067,34654.73,34654.73,,28,0,27.780067,13529.694089,740.783794,105.475,635.308794,2067.586295,214.686295,1852.9,10721.324,10721.324,0,12132.297376,11989.104887,1729.629195,10259.475692,9294.889249,143.192489,0.792257,12315.330626,640.708969,9418,0,9418,Debit
2009-09,2009-10:Q2,9418,-9195.936218,-29591.662257,20395.72604,7648.078428,361.916627,349.63509,43.82275,-29.446756,6922.150716,10769.100991,-2108.798643,-402.584718,-6.188311,13817.097748,60.47703,13756.620718,-1069.450136,-932.88525,-136.564885,19254.645186,17102.583401,7425.001746,10823.796094,7949.97348,2167.187825,706.634788,-3398.794348,-2035.331832,-271.042516,-1092.42,9677.581655,9701.416,7037.78,2664,-24,2663.636,-23.834345,3157.815247,736.24546,-92.795339,829.040799,1215.327787,-9.132213,1224.46,1206.242,272.242,934,4411.448199,4554.640687,4401.840798,152.79989,1046.933966,-143.192489,-0.792257,-5416.409403,-640.708969,-9418,0,-9418,Net
2009-12,2009-10:Q3,169202.856911,87664.876648,47170.301852,40494.574796,24442.921029,3439.501125,2991.565369,394.863204,124.285829,17492.705502,13197.222969,2413.357243,740.570538,258.804394,13415.582417,384.504392,13031.078025,2636.071349,2385.187004,250.884346,81537.980263,44702.674145,8922.069898,8728.097433,5956.409607,2167.187825,604.5,193.972464,193.972464,0,0,35780.604247,35769.82,35294.82,475,11,475,10.784247,20061.353293,1645.788385,12.679661,1633.108724,4508.119909,227.319909,4280.8,13907.445,12055.445,1852,15171.650445,14578.141978,3067.332459,11510.80952,10176.714018,593.508467,0,1602.30238,,0,0,0,Credit
2009-12,2009-10:Q3,167435.453213,99848.864174,78099.635587,21749.228587,15993.55099,2312.45815,3366.382447,305.00201,133.628563,9876.07982,332.597081,4570.641439,1155.812151,381.249744,638.033068,113.051356,524.981711,5117.64453,4597.425812,520.218717,67165.854237,36226.404,6131.099134,1468.544368,1232.558675,0,235.985693,4662.554766,3639.9975,270.987266,751.57,30095.304866,30040.73,30040.73,,55,0,54.574866,14368.933203,802.530115,105.475,697.055115,2812.230088,570.230088,2242,10754.173,10754.173,0,13232.412833,13165.010841,1873.935864,11291.074977,9568.379324,67.401992,-0.000586,3338.104786,420.734802,1767.402526,0,1767.402526,Debit
2009-12,2009-10:Q3,1767.403698,-12183.987527,-30929.333735,18745.346208,8449.370039,1127.042975,-374.817078,89.861194,-9.342734,7616.625683,12864.625888,-2157.284196,-415.241613,-122.44535,12777.549349,271.453036,12506.096313,-2481.57318,-2212.238809,-269.334372,14372.126026,8476.270144,2790.970762,7259.553064,4723.850933,2167.187825,368.514307,-4468.582302,-3446.025036,-270.987266,-751.57,5685.299382,5729.09,5254.09,475,-44,475,-43.790618,5692.42009,843.258269,-92.795339,936.053609,1695.889821,-342.910179,2038.8,3153.272,1301.272,1852,1939.237613,1413.131138,1193.396595,219.734543,608.334693,526.106475,0.000586,-1735.802406,-420.734802,-1767.402526,0,-1767.402526,Net
2010-03,2009-10:Q4,187410.891517,96440.710761,52702.448218,43738.262543,27835.185021,3403.279365,3114.638038,422.950296,116.390591,20777.926732,14297.173729,3817.908807,1102.91411,244.799939,13217.036471,126.880428,13090.156043,2686.041051,2454.96094,231.080111,90378.789669,49463.755457,8061.229703,7736.797433,5353.009607,2167.187825,216.6,324.43227,324.43227,0,0,41402.525754,41168.57,41022.57,146,234,146,233.955754,24303.121145,1760.194978,12.679661,1747.515317,5239.672167,296.572167,4943.1,17303.254,15396.254,1907,14206.736399,14194.571001,3530.84654,10663.724462,9664.746207,12.165398,0,2405.176667,591.391087,0,0,0,Credit
2010-03,2009-10:Q4,185269.955041,109089.181068,84103.852976,24985.328092,19377.78095,2637.53923,3569.587428,325.507233,158.756907,12686.390153,306.680934,5571.014272,1516.796803,383.310482,642.302854,142.253071,500.049783,4965.244287,4472.98615,492.258138,76180.773973,37919.171231,5281.444283,1610.859517,1512.180642,0,98.678875,3670.584766,2001.1875,270.987266,1398.41,32637.726948,32493.27,32493.27,,144,0,144.456948,19289.227554,735.155326,105.475,629.680326,5705.149228,386.849228,5318.3,12848.923,12848.923,0,15108.554185,15108.552879,4709.479908,10399.072971,10215.445353,0.001306,73.282836,3790.538166,,2140.936476,0,2140.936476,Debit
2010-03,2009-10:Q4,2140.936476,-12648.470307,-31401.404758,18752.934452,8457.404071,765.740135,-454.94939,97.443063,-42.366316,8091.536579,13990.492795,-1753.105465,-413.882692,-138.510543,12574.733617,-15.372643,12590.10626,-2279.203236,-2018.02521,-261.178026,14198.015695,11544.584225,2779.785419,6125.937915,3840.828965,2167.187825,117.921125,-3346.152496,-1676.75523,-270.987266,-1398.41,8764.798806,8675.3,8529.3,146,90,146,89.498806,5013.893591,1025.039652,-92.795339,1117.834991,-465.477061,-90.277061,-375.2,4454.331,2547.331,1907,-901.817786,-913.981878,-1178.633368,264.651491,-550.699146,12.164092,-73.282836,-1385.361499,591.391087,-2140.936476,0,-2140.936476,Net
2010-06,2010-11:Q1,194336.719584,98962.526462,57209.9232,41752.603262,25021.969075,3004.129242,3143.19323,409.886073,94.031177,18370.729352,11802.173573,4818.919833,1228.115969,324.594486,13754.034381,58.544316,13695.490065,2976.599806,2749.485174,227.114632,95374.193122,53702.57695,9636.574137,9342.356339,5990.622581,3275.383758,76.35,294.217799,294.217799,0,0,44066.002813,43971.98,42857.98,,,1114,94.022813,23448.471412,3210.295117,18.91301,3191.382107,4413.046296,185.396296,4227.65,15825.13,14681.13,1144,16745.419258,16743.063386,3263.218851,13479.844535,11252.206719,2.355872,0,1477.725502,,0,0,0,Credit
2010-06,2010-11:Q1,190595.719584,112328.533,88034.219308,24294.313692,16974.864366,2288.653345,3134.20624,309.945906,142.835599,11099.223277,574.734886,5876.391329,1404.194472,241.44105,726.661468,141.303391,585.358077,6592.787859,6118.365138,474.422721,78199.295118,45453.550475,5992.651818,2302.294317,2277.963683,0,24.330634,3690.3575,2143.8125,392.165,1154.38,39460.898657,39319.82,39319.82,,,0,141.078657,14470.427223,758.291787,25.376344,732.915443,2206.037436,243.09258,1962.944856,11506.098,11506.098,0,12743.081953,12718.643531,2558.332096,10160.311435,10132.971147,24.438422,15.617082,5516.618385,67.891466,3741,0,3741,Debit
2010-06,2010-11:Q1,3741,-13366.006538,-30824.296108,17458.28957,8047.104709,715.475898,8.98699,99.940167,-48.804421,7271.506075,11227.438686,-1057.471496,-176.078503,83.153436,13027.372913,-82.759074,13110.131988,-3616.188053,-3368.879964,-247.308089,17174.898004,8249.026476,3643.922321,7040.062022,3712.658898,3275.383758,52.019366,-3396.139701,-1849.594701,-392.165,-1154.38,4605.104155,4652.16,3538.16,,,1114,-47.055845,8978.04419,2452.00333,-6.463334,2458.466664,2207.00886,-57.696284,2264.705144,4319.032,3175.032,1144,4002.337305,4024.419855,704.886755,3319.5331,1119.235572,-22.08255,-15.617082,-4038.892883,-67.891466,-3741,0,-3741,Net
2010-09,2010-11:Q2,212736.007042,99834.433206,54762.8718,45071.561406,29323.898062,3534.343423,3313.9971,446.766087,124.708904,21904.082548,11924.845988,5942.485053,1818.526374,417.487552,13653.371481,140.72368,13512.647801,2094.291863,1847.607865,246.683998,112901.573836,68734.364598,9478.019808,8900.296339,5451.622581,3275.383758,173.29,577.723469,577.723469,0,0,59256.34479,59105.58,58613.58,,,492,150.76479,26623.555554,1271.684684,18.91301,1252.771674,5932.11087,297.40087,5634.71,19419.76,18251.76,1168,16991.548571,16991.548571,4194.583864,12796.964708,11671.817663,0,0,552.105112,,0,0,0,Credit
2010-09,2010-11:Q2,209446.653174,117049.827717,89830.309286,27219.518431,19503.612363,2728.144839,3523.930566,385.734233,204.994354,12660.808371,585.498532,6950.293584,1905.343488,265.691924,676.885267,137.08965,539.795617,7039.020802,6612.669233,426.351569,90998.951445,45849.124532,5783.700462,1096.982961,1033.995621,0,62.98734,4686.7175,2587.4225,392.165,1707.13,40065.42407,39854.24,39854.24,,,0,211.18407,20047.588975,687.684721,25.376344,662.308377,2558.584255,555.913127,2002.671128,16801.32,16801.32,0,20154.462259,19550.945384,8025.340589,11525.604794,10628.274109,603.516876,0.752857,4947.022822,1397.874012,3289.353868,0,3289.353868,Debit
2010-09,2010-11:Q2,3289.353868,-17215.394511,-35067.437486,17852.042975,9820.285699,806.198584,-209.933466,61.031854,-80.28545,9243.274176,11339.347456,-1007.80853,-86.817114,151.795628,12976.486215,3.634031,12972.852184,-4944.728939,-4765.061368,-179.667571,21902.622391,22885.240066,3694.319346,7803.313378,4417.62696,3275.383758,110.30266,-4108.994031,-2009.699031,-392.165,-1707.13,19190.92072,19251.34,18759.34,,,492,-60.41928,6575.966579,583.999964,-6.463334,590.463298,3373.526616,-258.512257,3632.038872,2618.44,1450.44,1168,-3162.913688,-2559.396812,-3830.756726,1271.359913,1043.543554,-603.516876,-0.752857,-4394.91771,-1397.874012,-3289.353868,0,-3289.353868,Net
2010-12,2010-11:Q3,293912.238724,117970.704946,66305.2734,51665.431546,35025.981811,4548.117384,3668.330434,500.940127,150.48598,26158.107885,14115.418133,7085.263222,1684.311515,424.451276,14421.847435,340.59766,14081.249775,2217.602299,1932.01355,285.588749,177036.591178,111505.355097,9710.241245,8626.726339,5252.622581,3275.383758,98.72,1083.514906,1083.514906,0,0,101795.113852,101655.91,101422.91,,,233,139.203852,27669.653599,1934.791717,18.91301,1915.878707,6353.951882,569.671882,5784.28,19380.91,18030.91,1350,33103.078225,33016.189794,19991.852123,13024.337671,12565.587214,86.888432,0,4758.504257,0,0,0,0,Credit
2010-12,2010-11:Q3,289923.237505,129209.379805,98174.425903,31034.953902,23211.887116,2834.740092,3984.317732,402.601287,195.278795,15794.94921,708.64487,7966.83079,1960.809978,303.784323,844.218557,199.289162,644.929396,6978.84823,6423.94883,554.8994,160713.8577,103896.090036,8399.859865,2199.502365,1860.708049,0,338.794316,6200.3575,3352.7625,392.165,2455.43,95496.230171,94264.68,94264.68,,,0,1231.550171,20253.007013,780.805423,25.376344,755.429079,2480.37159,222.47159,2257.9,16991.83,16991.83,0,28202.167201,28202.167313,15239.869368,12962.297945,12380.165705,-0.000111,-0.00061,8362.594059,1095,3989,0,3989,Debit
2010-12,2010-11:Q3,3989.001219,-11238.674859,-31869.152503,20630.477643,11814.094696,1713.377292,-315.987298,98.33884,-44.792815,10363.158676,13406.773262,-881.567568,-276.498463,120.666953,13577.628878,141.308498,13436.32038,-4761.24593,-4491.93528,-269.31065,16322.733478,7609.26506,1310.381379,6427.223974,3391.914532,3275.383758,-240.074316,-5116.842594,-2269.247594,-392.165,-2455.43,6298.883681,7391.23,7158.23,,,233,-1092.346319,7416.646586,1153.986293,-6.463334,1160.449627,3873.580292,347.200292,3526.38,2389.08,1039.08,1350,4900.911024,4814.022481,4751.982755,62.039726,185.421509,86.888543,0.00061,-3604.089801,-1095.0574,-3989,0,-3989,Net
2011-03,2010-11:Q4,248226.962407,129878.932105,77880.8454,51998.086705,35263.663649,4706.896964,4120.387881,587.137196,165.37403,25683.867577,15257.55,6203.141756,1777.396233,395.576611,14436.11625,107.141741,14328.974509,2298.306805,1941.513002,356.793804,118348.030302,58618.942262,9784.213644,9177.996339,5555.622581,3275.383758,346.99,606.217306,606.217306,0,0,48834.728618,48441.374,48231,,,210.374,393.354618,31039.056599,1465.085388,18.91301,1446.172377,7424.031211,788.021211,6636.01,22149.94,21121.94,1028,25483.211554,23870.579082,7919.616874,15950.962207,13762.823745,1612.632473,0,3206.819886,,0,0,0,Credit
2011-03,2010-11:Q4,246195.962407,136111.797948,107442.345547,28669.452401,20864.493009,3174.022131,3237.73622,301.222543,276.561792,13874.950323,325.612183,6900.269071,2213.103742,340.910458,877.218753,153.767404,723.451348,6927.740639,6390.961184,536.779455,110008.744602,55235.764786,6598.698433,1419.380933,1341.11615,0,78.264783,5179.3175,2526.0625,392.165,2261.09,48637.066353,48265,48265,,,0,372.066353,24874.84367,714.299821,25.376344,688.923477,4718.233849,491.233849,4227,19442.31,19442.31,0,26261.5008,25716.958853,12842.656243,12874.30261,12872.576082,544.541947,51.936967,3584.698378,75.419857,2031,0,2031,Debit
2011-03,2010-11:Q4,2031,-6232.865843,-29561.500147,23328.634304,14399.170641,1532.874834,882.651661,285.914653,-111.187762,11808.917254,14931.937817,-697.127315,-435.707508,54.666153,13558.897498,-46.625663,13605.523161,-4629.433834,-4449.448183,-179.985652,8339.2857,3383.177476,3185.515212,7758.615406,4214.506431,3275.383758,268.725217,-4573.100194,-1919.845194,-392.165,-2261.09,197.662264,176.374,-34,,,210.374,21.288264,6164.212929,750.785566,-6.463334,757.2489,2705.797362,296.787362,2409.01,2707.63,1679.63,1028,-778.289246,-1846.379771,-4923.039369,3076.659597,890.247662,1068.090525,-51.936967,-377.878492,-75.419857,-2031,0,-2031,Net
2011-06,2011-12:Q1,259410.111362,130726.848104,78642,52084.848104,34054.787494,3697.173532,4355.294169,569.028598,138.639954,25294.651242,14949.770359,5780.299276,1281.978637,359.723082,15537.475024,46.424246,15491.050777,2492.585586,1904.02258,588.563007,128683.263258,66052.309455,17351.420221,16947.254935,13444.811709,2051.203226,1451.24,404.165286,404.165286,0,0,48700.889234,48606.64,48328.64,,,278,94.249234,32191.322022,1236.421438,17.438043,1218.983395,6789.960584,339.200584,6450.76,24164.94,22681.94,1483,28767.438544,28736.001745,10857.616947,17878.384799,12488.179689,31.436799,0,1672.193237,,0,0,0,Credit
2011-06,2011-12:Q1,253967.618768,148268.177738,123651.066955,24617.110783,17637.495062,3460.53332,4002.377613,297.95552,201.462391,9675.166218,302.322493,5913.57169,1763.867217,415.025233,857.604496,145.673624,711.930873,6122.011225,5722.185367,399.825858,104760.209164,54254.765686,8095.356186,4559.196186,4226.008994,0,333.187192,3536.16,1548.9225,302.0275,1685.21,46159.4095,45856.84,45856.84,,,0,302.5695,25721.476177,887.274129,56.576087,830.698042,3737.914048,318.594048,3419.32,21096.288,21096.288,0,16103.326026,16076.536842,4594.600388,11481.936454,11337.494526,26.789184,31.44,8649.201276,939.231866,5442.492594,0,5442.492594,Debit
2011-06,2011-12:Q1,5442.492594,-17541.329634,-45009.066955,27467.737321,16417.292433,236.640212,352.916556,271.073078,-62.822437,15619.485024,14647.447866,-133.272414,-481.88858,-55.302151,14679.870527,-99.249377,14779.119905,-3629.425639,-3818.162787,188.737148,23923.054094,11797.543769,9256.064035,12388.058749,9218.802715,2051.203226,1118.052808,-3131.994714,-1144.757214,-302.0275,-1685.21,2541.479734,2749.8,2471.8,,,278,-208.320266,6469.845846,349.147309,-39.138043,388.285353,3052.046536,20.606536,3031.44,3068.652,1585.652,1483,12664.112518,12659.464904,6263.016559,6396.448345,1150.685163,4.647615,-31.44,-6977.008039,-939.231866,-5442.492594,0,-5442.492594,Net
2011-09,2011-12:Q2,249370.109319,131666.604509,79560,52106.604509,32642.730688,4234.616692,4499.13851,628.754728,146.571861,23133.648897,13940.409159,6119.759151,1576.786995,389.519771,16376.104652,136.117851,16239.9868,3087.769169,2376.852232,710.916937,117703.50481,55207.79972,11981.248948,11615.224935,9160.811709,2051.203226,403.21,366.024012,366.024012,0,0,43226.550772,42768.64,42563.64,,,205,457.910772,37270.415062,1080.864384,17.438043,1063.42634,9785.040678,1118.250678,8666.79,26404.51,25129.51,1275,20488.206393,20144.086937,2223.182157,17920.90478,15088.430664,344.119455,0,4737.083636,,0,0,0,Credit
2011-09,2011-12:Q2,249094.153937,150558.376461,124087.52383,26470.852631,18650.753671,3533.670807,3624.05339,422.814045,178.996082,10891.219347,307.211216,6351.574058,2129.781315,309.369416,774.72676,152.309468,622.417292,7045.3722,6578.29646,467.07574,98136.741437,49918.459445,5496.182213,2137.122213,2015.435376,0,121.686837,3359.06,1630.8925,302.0275,1426.14,44422.277232,44152.18,44152.18,,,0,270.097232,28772.446025,790.139285,56.576087,733.563198,4448.73034,469.048768,3979.681572,23533.5764,23533.5764,0,13438.789508,13438.789508,1005.913478,12432.876029,12302.053918,,0.786429,6006.260031,399.036039,276.216622,0,276.216622,Debit
2011-09,2011-12:Q2,275.955382,-18891.771952,-44527.52383,25635.751878,13991.977017,700.945885,875.08512,205.940683,-32.424221,12242.42955,13633.197943,-231.814906,-552.99432,80.150355,15601.377892,-16.191617,15617.569508,-3957.603031,-4201.444228,243.841197,19566.763373,5289.340275,6485.066734,9478.102723,7145.376333,2051.203226,281.523163,-2993.035988,-1264.868488,-302.0275,-1426.14,-1195.726459,-1383.54,-1588.54,,,205,187.813541,8497.969036,290.725098,-39.138043,329.863142,5336.310338,649.20191,4687.108428,2870.9336,1595.9336,1275,7049.416885,6705.29743,1217.268679,5488.028751,2786.376746,344.119455,-0.786429,-1269.176395,-399.036039,-276.216622,0,-276.216622,Net
2011-12,2011-12:Q3,234890.290876,128266.352734,71400,56866.352734,37552.216446,5068.036944,4704.803657,798.752484,145.426846,26835.196515,16122.762788,6806.025132,1612.632927,456.276367,17023.812826,351.159808,16672.653018,2290.323462,1707.025221,583.298241,106623.938142,49783.815223,10433.593297,9432.174935,7148.811709,2051.203226,232.16,1001.418361,1001.418361,0,0,39350.221926,39148.988,39065.11,,,83.878,201.233926,35182.920514,2208.662939,17.438043,2191.224896,7826.70334,1404.86334,6421.84,25147.554235,25147.554235,0,16145.884497,16143.185619,393.013257,15750.172362,15698.296762,2.698878,0,5511.317909,,12812.300587,0,12812.300587,Credit
2011-12,2011-12:Q3,247702.590379,148220.292366,120103.916651,28116.375715,21384.994275,3530.434189,4444.367979,439.890088,185.57428,12784.72774,317.104301,6949.524407,2189.225636,341.420632,613.794451,148.773842,465.020609,6117.586989,5566.420727,551.166262,98943.798077,42922.397265,5470.456831,2559.486832,2515.098013,0,44.388818,2910.97,1385.4525,302.0275,1223.49,37451.940434,37203.97,37203.97,,,0,247.970434,33580.895161,856.098289,56.576087,799.522202,8153.23265,901.23265,7252,24571.564223,23896.564223,675,21632.444102,21505.266116,2769.816853,18735.449263,12375.291565,127.177986,-0.000591,808.062139,538.499936,0,0,0,Debit
2011-12,2011-12:Q3,-12812.299503,-19953.939632,-48703.916651,28749.977019,16167.222171,1537.602755,260.435678,358.862396,-40.147434,14050.468775,15805.658488,-143.499276,-576.59271,114.855735,16410.018375,202.385967,16207.632408,-3827.263527,-3859.395506,32.131979,7680.140065,6861.417957,4963.136465,6872.688104,4633.713696,2051.203226,187.771182,-1909.551639,-384.034139,-302.0275,-1223.49,1898.281492,1945.018,1861.14,,,83.878,-46.736508,1602.025353,1352.56465,-39.138043,1391.702694,-326.52931,503.63069,-830.16,575.990012,1250.990012,-675,-5486.559605,-5362.080497,-2376.803596,-2985.276901,3323.005197,-124.479108,0.000591,4703.255769,-538.499936,12812.300587,0,12812.300587,Net
2012-03,2011-12:Q4,264140.866198,138343.587987,80172,58171.587987,38075.088552,5461.711639,4681.310229,635.041464,47.360042,27249.665177,17199.43669,7203.809747,1495.381895,394.635531,17823.575525,98.627555,17724.94797,2272.92391,1687.802427,585.121483,125797.278212,63573.817465,9241.158927,8556.884935,6097.811709,2051.203226,407.87,684.273991,684.273991,0,0,54332.658538,54222.8,54192.8,,,30,109.858538,36345.796292,1119.955089,17.438043,1102.517046,8188.631203,806.501203,7382.13,27037.21,26288.21,749,24502.715204,24454.484409,161.660286,24292.824123,21012.591191,48.230795,0,1374.94925,,5737.558232,0,5737.558232,Credit
2012-03,2011-12:Q4,269878.42443,160111.540571,131690.480483,28421.060088,20553.948674,3237.567933,4311.11557,336.709954,213.731551,12454.823665,329.19805,7573.631041,1901.608203,491.30434,1020.750242,160.185522,860.56472,6846.361172,6273.905205,572.455967,109211.743002,48291.456889,7884.75001,4343.330009,4262.265765,0,81.064245,3541.42,1764.9325,302.0275,1474.46,40406.706879,40124.87,40124.87,,,0,281.836879,33608.6063,816.781779,56.576087,760.205692,5906.664521,775.664521,5131,26885.16,26885.16,0,22503.609807,22408.267443,5857.362018,16550.905424,16354.820152,95.342364,47.154393,4760.915613,555.140857,0,0,0,Debit
2012-03,2011-12:Q4,-5737.558232,-21767.952584,-51518.480483,29750.527898,17521.139878,2224.143706,370.19466,298.33151,-166.37151,14794.841512,16870.23864,-369.821293,-406.226307,-96.668809,16802.825283,-61.557967,16864.383249,-4573.437262,-4586.102778,12.665516,16585.535209,15282.360577,1356.408918,4213.554926,1835.545944,2051.203226,326.805755,-2857.146009,-1080.658509,-302.0275,-1474.46,13925.951659,14097.93,14067.93,,,30,-171.978341,2737.189992,303.173311,-39.138043,342.311354,2281.966681,30.836681,2251.13,152.05,-596.95,749,1999.105397,2046.216966,-5695.701732,7741.918698,4657.771039,-47.11157,-47.154393,-3385.966362,-555.140857,5737.558232,0,5737.558232,Net
2012-06,2012-13:Q1,240837.6498,130403.4164,75000.6,55402.81641,35772.85423,3506.063799,4249.641572,532.103677,158.80375,27326.24143,15631.30094,7610.799917,1306.063585,419.349732,17495.35748,40.303667,17455.05381,2134.604702,1436.481543,698.123159,109354.5206,43581.3611,8168.08072,7305.111709,4682.811709,2259.3,363,862.969007,862.969007,0,0,35413.28038,35175.216,35080.98,25957.74822,9123.23178,94.236,238.064379,36776.99402,945.018563,12.946639,932.071924,5623.735456,1067.735456,4556,30208.24,30208.24,0,25786.86851,25786.90332,6434.467265,19352.43605,19338.20108,-0.034803,0,3209.297018,1079.712777,0,0,,Credit
2012-06,2012-13:Q1,240315.876,147496.8413,118849.9843,28646.85698,20791.60276,3101.034027,3655.850143,249.207598,163.499646,13622.01134,632.340204,8204.09829,1436.208666,103.655659,831.445312,184.684986,646.760326,7023.808907,6540.496156,483.312751,92819.03472,41682.51398,4347.07623,1390.433734,1032.572363,,357.861371,2956.6425,1381.52,297.3325,1277.79,37335.43775,36787.1,36787.1,27609.62824,9177.471759,0,548.337745,30817.19278,891.21223,84.451581,806.760648,5095.410547,936.030547,4159.38,24830.57,24170.57,660,16378.72865,16269.90869,1110.243433,15159.66526,12787.29093,108.819961,26.40499,3914.194319,0,521.773793,0,521.773793,Debit
2012-06,2012-13:Q1,521.773793,-17093.42491,-43849.38434,26755.95943,14981.25147,405.029772,593.791429,282.896079,-4.695897,13704.23009,14998.96074,-593.298374,-130.145081,315.694073,16663.91217,-144.38132,16808.29349,-4889.204205,-5104.014613,214.810409,16535.48593,1898.847115,3821.004481,5914.677975,3650.239346,2259.3,5.138629,-2093.673493,-518.550993,-297.3325,-1277.79,-1922.157366,-1611.884,-1706.12,-1651.880021,-54.239979,94.236,-310.273366,5959.801242,53.806333,-71.504943,125.311276,528.324909,131.704909,396.62,5377.67,6037.67,-660,9408.139859,9516.994623,5324.223832,4192.770791,6550.910159,-108.854763,-26.40499,-704.897301,1079.712777,-521.773793,0,-521.773793,Net
2012-09,2012-13:Q2,236877.5673,127354.1798,72573,54781.17982,35022.85235,3953.902485,4220.37493,560.358878,149.190801,26139.02526,16078.29496,7131.542439,1355.023788,454.96959,16920.80263,37.204982,16883.59765,2837.524845,2028.137957,809.386888,109297.4865,51869.8454,12301.11078,10865.46,8078.06,2298.4,489,1435.650781,1435.650781,0,0,39568.73462,38945.92,38860.92,30426.28121,8434.638794,85,622.814617,34289.27371,1034.677521,12.946639,1021.730882,5864.136186,379.136186,5485,27390.46,27390.46,0,19769.78183,19128.3689,2704.932925,16423.43597,15043.27497,641.41293,0,3368.585607,225.90093,157.898238,0,157.898238,Credit
2012-09,2012-13:Q2,237035.4655,148483.153,120366.077,28117.07602,18694.99662,2992.544799,4146.743603,303.644426,173.702293,11078.3615,579.561853,6754.947696,1107.291758,140.87537,1003.231381,195.726648,807.504733,8418.84802,7885.205418,533.642603,88552.31251,35992.83377,4141.9257,1342.043202,1339.644439,,2.398762,2799.8825,1530.99,297.3325,971.56,31850.90807,30957.39,30957.39,23263.92895,7693.461049,0,893.518072,29137.61666,978.149189,84.451581,893.697607,4901.887467,628.887467,4273,23257.58,22237.58,1020,14279.09207,14279.09207,1214.097622,13064.99445,12197.13234,,0.633819,9142.136188,,0,0,0,Debit
2012-09,2012-13:Q2,-157.898238,-21128.9732,-47793.077,26664.1038,16327.85573,961.357686,73.631328,256.714453,-24.511492,15060.66376,15498.7331,376.594743,247.732031,314.09422,15917.57125,-158.521666,16076.09291,-5581.323176,-5857.067461,275.744285,20745.17403,15877.01163,8159.185085,9523.416798,6738.415561,2298.4,486.601238,-1364.231719,-95.339219,-297.3325,-971.56,7717.826545,7988.53,7903.53,7162.352255,741.177745,85,-270.703455,5151.65705,56.528332,-71.504943,128.033274,962.248718,-249.751282,1212,4132.88,5152.88,-1020,5490.689759,4849.276829,1490.835303,3358.441526,2846.142624,641.41293,-0.633819,-5773.550581,225.90093,157.898238,0,157.898238,Net
2012-12,2012-13:Q3,251313.464,130740.9651,74235.6,56505.36512,37063.15038,5049.802397,4350.428537,530.263074,140.021315,26992.63506,16466.40051,7135.370336,1195.078784,358.191233,16778.22858,287.354719,16490.87387,2663.986151,1897.993374,765.992777,119491.4355,52399.44843,8659.30214,7063.95,4373,2589.95,101,1595.352142,1595.352142,0,0,43740.14629,43297.16,43289.16,33734.85023,9554.30977,8,442.986289,41217.37245,1339.836534,12.946639,1326.889895,7336.362417,409.362417,6927,32541.1735,30872.1735,1669,20244.82331,20244.82331,2688.124871,17556.69844,15504.53887,0,,5629.791347,1081.063305,0,0,0,Credit
2012-12,2012-13:Q3,250532.0444,162510.8515,132613.3065,29897.545,20417.09218,3010.423244,3570.017803,551.580179,152.80596,13132.26499,565.387671,7905.736203,897.514313,249.897336,1016.623596,195.726648,820.896948,8463.829226,7895.845162,567.984064,88021.19289,40512.35028,6553.62439,2720.111894,2624.355432,,95.756461,3833.5125,2123.27,297.3325,1412.91,33958.72589,33443.83,33443.83,25616.81133,7827.01867,,514.89589,30422.61233,996.376745,84.451581,911.925164,4562.975581,497.975581,4065,24863.26,24863.26,,15001.47204,14964.20758,1540.196583,13424.011,12853.29713,37.264461,0.000517,2084.757723,,781.419524,0,781.419524,Debit
2012-12,2012-13:Q3,781.419524,-31769.88643,-58377.70655,26607.82012,16646.05821,2039.379152,780.410734,-21.317105,-12.784644,13860.37007,15901.01284,-770.365868,297.564471,108.293897,15761.60499,91.628071,15669.97692,-5799.843075,-5997.851788,198.008712,31470.24265,11887.09815,2105.677751,4343.838106,1748.644568,2589.95,5.243539,-2238.160358,-527.917858,-297.3325,-1412.91,9781.420399,9853.33,9845.33,8118.0389,1727.2911,8,-71.909601,10794.76012,343.459789,-71.504943,414.964731,2773.386836,-88.613164,2862,7677.9135,6008.9135,1669,5243.351267,5280.615727,1147.928288,4132.687439,2651.241742,-37.264461,-0.000517,3545.033624,1081.063305,-781.419524,0,-781.419524,Net
2013-03,2012-13:Q4,275985.8245,142126.7101,84772.2,57354.5101,37819.15261,5489.499804,4513.071445,604.472541,126.380577,27085.72825,17691.40206,6569.470476,1093.144061,453.513413,16895.67812,97.972614,16797.7055,2639.679363,1839.504067,800.175296,133557.2151,67176.22723,10657.73428,9063.9,5751,2731.9,581,1593.83428,1593.83428,0,0,56518.49295,56343.49,56343.49,43818.76871,12524.72129,0,175.002954,42801.70364,1415.142767,12.946639,1402.196128,8792.277371,263.277371,8529,32594.2835,30765.2835,1829,17925.6038,17925.6038,205.939594,17719.66421,15422.68938,-2e-06,,5653.680462,301.899239,0,0,0,Credit
2013-03,2012-13:Q4,273305.1514,160297.1785,130407.5419,29889.63656,20859.65096,2719.24237,3433.141301,304.729346,323.149003,14079.38894,585.818622,7484.200513,1191.856403,246.965043,1205.227833,195.415544,1009.812289,7824.757776,7250.403848,574.353928,113007.9729,50128.56241,4924.25308,1892.690582,1855.974329,,36.716253,3031.5625,2065.59,297.3325,668.64,45204.30933,44803.87,44803.87,34170.98544,10632.88456,,400.43933,33584.0685,886.629616,84.451581,802.178035,4571.358879,153.988879,4417.37,28126.08,28126.08,,21497.49433,21471.67237,9517.766675,11953.90569,12628.55963,25.821958,30.85,7766.997698,,2680.673085,0,2680.673085,Debit
2013-03,2012-13:Q4,2680.673085,-18170.46836,-45635.34189,27464.87353,16959.50166,2770.257434,1079.930143,299.743195,-196.768426,13006.33931,17105.58344,-914.730037,-98.712342,206.54837,15690.45028,-97.442929,15787.89321,-5185.078413,-5410.899781,225.821369,20549.2422,17047.66482,5733.4812,7171.209418,3895.025671,2731.9,544.283747,-1437.72822,-471.75572,-297.3325,-668.64,11314.18362,11539.62,11539.62,9647.783262,1891.836738,0,-225.436376,9217.635142,528.51315,-71.504943,600.018093,4220.918492,109.288492,4111.63,4468.2035,2639.2035,1829,-3571.890524,-3546.068565,-9311.827081,5765.758516,2794.129749,-25.82196,-30.85,-2113.317236,301.899239,-2680.673085,0,-2680.673085,Net
2013-06,2013-14:Q1,266596.614409,131017.269656,73909.2,57108.069656,36580.976756,3825.170852,4133.971617,503.075847,130.241141,27988.517299,16904.537595,7263.414627,1798.616837,635.191638,18000.613126,130.814611,17869.798515,2526.479774,1776.771584,749.708191,134691.942852,65200.952892,10486.193512,8129.084447,5619,2059.084447,451,2357.109065,2357.109065,0,0,54714.75938,54203,54183,40759.4,13423.6,20,511.75938,37577.452945,1043.419482,12.271064,1031.148418,5833.763463,536.763463,5297,30700.27,30415.27,285,25989.489681,25876.658858,6539.377054,19337.281804,18379.594768,112.830823,0,5924.047333,887.401901,345.968518,0,345.968518,Credit
2013-06,2013-14:Q1,266942.582927,152785.140795,124392.970105,28392.170691,19686.0594,3013.725793,3695.922571,263.269973,299.500189,12413.640873,349.602033,6734.357755,2389.6566,425.910945,1343.083852,264.897954,1078.185898,7363.027439,6783.730475,579.296965,114157.442131,58937.802538,3998.420928,1652.790928,1525.790928,,127,2345.63,1091.29,276,978.34,54939.38161,54665,54665,35887.01,18777.99,0,274.38161,33930.832983,751.409994,62.3089,689.101093,4930.542989,55.772989,4874.77,28248.88,28248.88,0,15664.476416,15664.476416,460.966559,15203.509857,12837.467496,0,25.03309,5599.297105,0,0,0,0,Debit
2013-06,2013-14:Q1,-345.968518,-21767.871139,-50483.770105,28715.898965,16894.917356,811.445059,438.049045,239.805874,-169.259048,15574.876426,16554.935561,529.056873,-591.039762,209.280694,16657.529274,-134.083343,16791.612617,-4836.547665,-5006.958891,170.411226,20534.50072,6263.150354,6487.772584,6476.293519,4093.209072,2059.084447,324,11.479065,1265.819065,-276,-978.34,-224.62223,-462,-482,4872.39,-5354.39,20,237.37777,3646.619963,292.009489,-50.037836,342.047325,903.220474,480.990474,422.23,2451.39,2166.39,285,10325.013265,10212.182442,6078.410495,4133.771947,5542.127272,112.830823,-25.03309,324.750228,887.401901,345.968518,0,345.968518,Net
2013-09,2013-14:Q2,259970.734183,138592.718927,81243,57349.718927,36906.62421,3990.975607,4154.806142,549.484737,99.890897,28111.466828,17408.723394,7460.869994,1775.838755,575.126132,17345.639972,34.17384,17311.466132,3097.454744,2295.970228,801.484516,121378.015256,60499.959714,11022.257765,9785.24,7424,2088,273.24,1237.017765,1237.017765,0,0,49477.701949,49347.71,49347.71,40805.656731,8542.053269,0,129.991949,33337.454387,791.322058,11.023851,780.298207,5521.932329,345.172329,5176.76,27024.2,27024.2,0,23925.430902,23897.807742,2032.874853,21864.932889,19960.239579,27.62316,0,3615.170254,,10354.825198,0,10354.825198,Credit
2013-09,2013-14:Q2,270325.560424,143721.914843,114548.387872,29173.52697,18487.947166,3118.807985,3461.38519,284.640566,273.724716,11349.388709,690.961258,7090.269179,1034.560288,203.688958,1259.26613,230.319558,1028.946573,9426.313673,8683.754708,742.558965,126149.399325,59001.034055,2921.721705,1057.531705,852.250286,,205.281419,1864.19,724.6,297,842.59,56079.31235,55911.78,55911.78,41655.614285,14256.165715,0,167.53235,33809.112617,953.275502,60.6799,892.595601,3969.837116,111.837116,3858,28886,28683,203,22763.121782,22763.12126,7705.184563,15057.936697,11802.646875,0.000522,2.054512,10574.076359,454.246257,0,0,0,Debit
2013-09,2013-14:Q2,-10354.826242,-5129.195916,-33305.387872,28176.191956,18418.677044,872.167622,693.420952,264.844171,-173.833819,16762.078119,16717.762136,370.600814,741.278468,371.437174,16086.373842,-196.145718,16282.51956,-6328.85893,-6387.78448,58.92555,-4771.384069,1498.925659,8100.53606,8727.708295,6571.749714,2088,67.958581,-627.172235,512.417765,-297,-842.59,-6601.610401,-6564.07,-6564.07,-849.957554,-5714.112446,0,-37.540401,-471.658231,-161.953444,-49.656049,-112.297395,1552.095213,233.335213,1318.76,-1861.8,-1658.8,-203,1162.30912,1134.686482,-5672.30971,6806.996192,8157.592704,27.622638,-2.054512,-6958.906105,-454.246257,10354.825198,0,10354.825198,Net
2013-12,2013-14:Q3,267201.502489,138270.27877,79794.6,58475.67877,37856.939473,5091.413177,4113.894459,487.022709,104.204287,28060.404841,17895.766827,6905.222225,1708.271204,515.913785,17648.540355,401.332635,17247.20772,2970.198942,2150.215056,819.983886,128931.223719,54564.393535,9689.472483,7188,4224,2374,590,2501.472483,2501.472483,0,0,44874.921052,44776.85,44776.85,36278.441084,8498.408916,0,98.071052,31440.279225,1043.554734,11.049553,1032.505181,7550.724491,233.724491,7317,22846,22846,0,38288.253811,38100.272621,3190.911286,34909.361335,33024.779557,187.98119,,4638.297149,,0,0,0,Credit
2013-12,2013-14:Q3,248098.675022,142326.312782,112946.576319,29379.736463,19688.901638,2762.876495,3420.544387,289.706707,171.042125,13044.731923,653.973756,6757.49335,1276.710318,218.653152,1268.70716,229.140345,1039.566815,8422.127665,7762.895422,659.232243,105165.527001,46108.055357,3623.176995,1410.176995,1324.234802,,85.942193,2213,1292.02,297,623.98,42484.878362,42243.17,42243.17,30057.048781,12186.121219,,241.708362,28428.576334,1083.677074,60.6799,1022.997173,3339.89926,89.89926,3250,24005,23255,750,22530.396662,22530.396662,7811.180647,14719.216015,11577.019069,0,0.002169,8098.49648,606.835239,19102.827467,0,19102.827467,Debit
2013-12,2013-14:Q3,19102.827467,-4056.034013,-33151.976319,29095.942307,18168.037835,2328.536682,693.350072,197.316002,-66.837838,15015.672918,17241.793071,147.728875,431.560886,297.260634,16379.833195,172.19229,16207.640905,-5451.928723,-5612.680366,160.751643,23765.696718,8456.338179,6066.295488,5777.823005,2899.765198,2374,504.057807,288.472483,1209.452483,-297,-623.98,2390.042691,2533.68,2533.68,6221.392303,-3687.712303,0,-143.637309,3011.702891,-40.12234,-49.630348,9.508008,4210.825231,143.825231,4067,-1159,-409,-750,15757.857149,15569.87596,-4620.26936,20190.14532,21447.760488,187.98119,-0.002169,-3460.199331,-606.835239,-19102.827467,0,-19102.827467,Net
2014-03,2013-14:Q4,271117.438926,144295.967713,83660.4,60635.567713,40468.471267,5014.109718,4977.341944,581.628186,153.859053,29741.532365,17274.468657,6852.782285,1366.860969,684.243377,17409.727956,200.303109,17209.424847,2757.368491,1838.986069,918.382421,126821.471213,66500.697316,12384.3631,10944.79,8008,2457,479.79,1439.5731,1439.5731,0,0,54116.334216,54004.93,54004.93,37243.96586,16760.96414,0,111.404216,32481.02606,1780.888968,11.098486,1769.790483,11153.337091,526.127091,10627.21,19546.8,19546.8,0,19846.290293,19681.023879,2837.755416,16843.268463,16385.694689,165.266414,,7993.457544,,0,0,0,Credit
2014-03,2013-14:Q4,264011.03555,145638.922466,114328.399582,31310.522884,20884.480642,2914.392125,4214.594,278.120973,234.371065,13243.002479,786.778193,6607.281231,1113.21287,214.945463,1257.513716,247.387853,1010.125864,9168.528526,8352.732144,815.796382,117562.940804,56333.090167,11474.822416,1163.502415,1083.379961,,80.122454,10311.32,9311.65,297,702.67,44858.267751,44483.79,44483.79,33979.528858,10504.261142,,374.477751,30902.346875,838.746742,60.6799,778.066842,6042.700132,323.350132,5719.35,24020.9,23673.9,347,21642.772958,21642.772958,5246.468079,16396.304879,12640.767734,0,24.49,8660.240805,809.17228,7106.403375,0,7106.403375,Debit
2014-03,2013-14:Q4,7106.403375,-1342.954753,-30667.999582,29325.044829,19583.990625,2099.717593,762.747944,303.507213,-80.512012,16498.529886,16487.690464,245.501054,253.648099,469.297914,16152.21424,-47.084743,16199.298983,-6411.160036,-6513.746075,102.586039,9258.530408,10167.607149,909.540684,9781.287585,6924.620039,2457,399.667546,-8871.7469,-7872.0769,-297,-702.67,9258.066465,9521.14,9521.14,3264.437001,6256.702999,0,-263.073535,1578.679185,942.142226,-49.581415,991.723641,5110.636959,202.776959,4907.86,-4474.1,-4127.1,-347,-1796.482666,-1961.74908,-2408.712663,446.963583,3744.926955,165.266414,-24.49,-666.783261,-809.17228,-7106.403375,0,-7106.403375,Net
2014-06,2014-15:Q1,284884.070543,140160.406729,81531.66,58628.746729,38160.688582,4232.309859,4452.477384,537.404752,132.40955,28806.087037,17679.473182,7066.445087,1580.664569,449.544667,17565.207239,49.947957,17515.259282,2902.850908,2059.161852,843.689056,144723.663814,80839.768473,11812.772357,10250.655922,7462.695982,2314.95994,473,1562.116434,1562.116434,0,0,69026.996116,68857.83,68857.83,52714.947529,16142.882471,0,169.166116,31872.699619,1214.943416,15.393603,1199.549813,6558.836203,445.836203,6113,24098.92,23428.2,670.72,23966.527791,23871.587905,8279.278133,15592.309772,15019.50659,94.939887,0,8044.667931,,0,0,0,Credit
2014-06,2014-15:Q1,273705.216884,147642.053665,116624.431265,31017.6224,20590.655203,3843.423814,3931.207929,303.751035,247.595233,12264.677193,519.093057,6318.841408,1414.682517,261.523402,1113.650868,228.303522,885.347346,9313.31633,8622.537102,690.779228,125919.684425,60807.472837,4220.279594,1956.72876,1904.076101,,52.65266,2263.550833,707.618333,834.2725,721.66,56587.193243,56392.99,56392.99,45224.187303,11168.802697,0,194.203243,30522.750488,1233.225269,96.888872,1136.336398,5413.025218,164.025218,5249,23876.5,23876.5,0,24081.243882,24081.243882,8233.943742,15847.30014,12610.097166,0,55.7,10452.517219,143.478794,11178.853659,0,11178.853659,Debit
2014-06,2014-15:Q1,11178.853659,-7481.646936,-35092.771265,27611.124329,17570.033379,388.886045,521.269455,233.653718,-115.185682,16541.409844,17160.380125,747.603679,165.982052,188.021264,16451.556371,-178.355565,16629.911936,-6410.465421,-6563.37525,152.909829,18803.979389,20032.295636,7592.492763,8293.927162,5558.619882,2314.95994,420.34734,-701.434399,854.498101,-834.2725,-721.66,12439.802873,12464.84,12464.84,7490.760226,4974.079774,0,-25.037127,1349.949132,-18.281853,-81.495269,63.213416,1145.810985,281.810985,864,222.42,-448.3,670.72,-114.71609,-209.655977,45.334391,-254.990368,2409.409424,94.939887,-55.7,-2407.849288,-143.478794,-11178.853659,0,-11178.853659,Net
2014-09,2014-15:Q2,276683.759292,142750.936464,83093.28,59657.656464,38641.163997,4992.457398,4469.1807,591.821188,137.514919,28450.189792,18595.478822,7077.324267,1363.452494,492.125616,17505.254147,97.98034,17407.273808,3511.23832,2641.994067,869.244253,133615.006359,75916.201005,12507.065692,10936.808706,7689.971951,2368.836755,878,1570.256985,1570.256985,0,0,63409.135313,63293.11,63293.11,44533.552807,18759.557193,0,116.025313,30507.601185,1375.444407,15.188008,1360.256399,6693.034778,366.034778,6327,22439.122,21773.122,666,19477.954908,19343.829248,2080.408187,17263.421061,16883.049911,134.125661,0,7713.24926,317.816469,0,0,0,Credit
2014-09,2014-15:Q2,269786.946901,153713.063767,122745.167939,30967.895828,19714.951304,4156.357613,4109.309577,261.113882,252.035967,10936.134265,727.800954,6865.580517,851.64597,354.611429,1117.777715,223.648505,894.12921,10135.166809,9382.891161,752.275648,116073.883134,58679.313828,5032.384369,2109.573535,2050.017694,,59.555841,2922.810833,940.068333,834.2725,1148.47,53646.929459,53420.68,53420.68,43162.924953,10257.755047,0,226.249459,31775.489229,686.267311,96.888872,589.37844,7064.741917,19.741917,7045,24024.48,24024.48,0,19905.510138,19905.509936,3114.401954,16791.107982,12819.3291,0.000202,2.34,5711.22994,,6896.812794,0,6896.812794,Debit
2014-09,2014-15:Q2,6896.812391,-10962.127304,-39651.887939,28689.760636,18926.212692,836.099784,359.871122,330.707306,-114.521047,17514.055527,17867.677868,211.74375,511.806524,137.514187,16387.476432,-125.668165,16513.144597,-6623.928489,-6740.897094,116.968605,17541.123225,17236.887177,7474.681323,8827.235171,5639.954258,2368.836755,818.444159,-1352.553848,630.188652,-834.2725,-1148.47,9762.205854,9872.43,9872.43,1370.627854,8501.802146,0,-110.224146,-1267.888044,689.177096,-81.700863,770.877959,-371.70714,346.29286,-718,-1585.358,-2251.358,666,-427.555229,-561.680688,-1033.993767,472.313078,4063.720812,134.125459,-2.34,2002.019321,317.816469,-6896.812794,0,-6896.812794,Net
2014-12,2014-15:Q3,264167.673753,141034.215044,80101.62,60932.595044,39925.836475,5461.2787,4698.113267,570.278773,157.968466,29038.197269,18838.297824,7206.535282,1333.993718,537.420433,17535.857461,129.867953,17405.989508,3470.901108,2545.185069,925.716039,123133.458709,67208.659755,11625.416644,9825.923357,6604.60447,2569.318887,652,1799.493288,1799.493288,0,0,55583.243111,55353.51,55353.51,40971.698262,14381.811738,0,229.733111,26575.123265,1386.990443,14.863399,1372.127045,7618.446722,410.446722,7208,17569.6861,16820.82,748.8661,23649.955457,23335.004744,6526.160778,16808.843966,14493.06749,314.950713,,5699.720232,,0,0,0,Credit
2014-12,2014-15:Q3,250985.997289,148742.417213,118736.340814,30006.076399,19928.510388,3680.813302,4125.267948,314.332191,223.643476,11584.453472,848.312276,7081.130164,735.827358,222.033542,1107.621961,222.277478,885.344483,8969.94405,8351.007233,618.936818,100277.095519,54014.958771,4711.964966,2151.724133,2084.088487,,67.635646,2560.240833,1024.528333,834.2725,701.44,49302.993805,49203.65,49203.65,40728.240281,8475.409719,,99.343805,27762.790798,1098.777353,96.888872,1001.888481,7741.493446,37.683446,7703.81,18922.52,18922.52,0,13149.101073,13149.100845,445.618651,12703.482194,10909.908054,0.000229,0,5350.244876,1966.484557,13181.676921,0,13181.676921,Debit
2014-12,2014-15:Q3,13181.676464,-7708.202169,-38634.720814,30926.518645,19997.326088,1780.465398,572.845319,255.946583,-65.67501,17453.743797,17989.985548,125.405118,598.16636,315.386891,16428.2355,-92.409525,16520.645025,-5499.042943,-5805.822164,306.779221,22856.363191,13193.700984,6913.451678,7674.199224,4520.515983,2569.318887,584.364354,-760.747545,774.964955,-834.2725,-701.44,6280.249306,6149.86,6149.86,243.457981,5906.402019,0,130.389306,-1187.667533,288.213091,-82.025473,370.238564,-123.046724,372.763276,-495.81,-1352.8339,-2101.7,748.8661,10500.854384,10185.903899,6080.542127,4105.361772,3583.159437,314.950484,0,349.475356,-1966.484557,-13181.676921,0,-13181.676921,Net
2015-03,2014-15:Q4,284462.761331,134244.412439,71818.2,62426.212439,41379.794573,5648.237131,3865.459784,502.785989,115.29281,31248.018859,17994.902172,7071.557566,1382.755052,518.081159,17534.277792,43.852467,17490.425324,3512.140074,2592.690879,919.449195,149447.330001,84591.861599,15850.464319,14133.628169,10152.811129,2734.81704,1246,1716.83615,1716.83615,0,0,68741.39728,68543.07,67272.35,53992,13280.35,1270.72,198.32728,34399.490594,1802.288482,14.789354,1787.499128,6976.202112,388.202112,6588,25621,25621,0,22999.204862,21810.415644,145.551354,21664.86429,16866.399936,1188.789218,,7456.772946,771.018891,0,0,0,Credit
2015-03,2014-15:Q4,254313.751842,134951.066105,103378.55426,31572.511845,21344.188393,3625.661464,4010.946386,239.316141,237.47479,13230.789612,612.603263,7378.543643,577.492252,184.440803,1109.585448,219.056946,890.528502,9118.738004,8444.12068,674.617324,119362.685738,61598.6036,6579.708462,3646.337629,3574.176862,,72.160767,2933.370833,1194.968333,834.2725,904.13,55018.895138,54836.85,54836.85,48344,6492.85,,182.045138,30109.386264,1036.011103,96.871112,939.139991,6057.040161,51.210161,6005.83,23016.335,22406.335,610,21340.26841,21340.26841,6752.024195,14588.244215,12866.144096,0,22.74,6291.687463,,30149.009488,0,30149.009488,Debit
2015-03,2014-15:Q4,30149.009488,-706.653666,-31560.35426,30853.700594,20035.60618,2022.575667,-145.486602,263.469849,-122.181981,18017.229247,17382.298909,-306.986077,805.262799,333.640356,16424.692344,-175.204478,16599.896822,-5606.59793,-5851.429801,244.831871,30084.644264,22993.257999,9270.755858,10487.29054,6578.634267,2734.81704,1173.839233,-1216.534683,521.867817,-834.2725,-904.13,13722.502141,13706.22,12435.5,5648,6787.5,1270.72,16.282141,4290.10433,766.277379,-82.081758,848.359137,919.161951,336.991951,582.17,2604.665,3214.665,-610,1658.936452,470.147234,-6606.472841,7076.620075,4000.25584,1188.789218,-22.74,1165.085483,771.018891,-30149.009488,0,-30149.009488,Net
2015-06,2015-16:Q1,267930.216295,126891.073368,68024.718,58866.355368,38266.269455,4566.310749,3608.032886,482.097915,130.754452,29479.073454,18187.95285,7792.119697,1286.454388,494.993473,17280.469484,146.17881,17134.290674,3319.616429,2436.639385,882.977044,141039.142927,79377.61741,15449.294043,14128.655922,9734.695982,2314.95994,2079,1320.638121,1320.638121,,0,63928.323367,63668.489,63395.14,50887.00526,12508.13474,273.349,259.834367,29240.985668,1499.984181,14.118291,1485.865889,5195.673955,685.673955,4510,22545.327532,22545.327532,0,27626.331325,27626.331325,6216.419852,21409.911474,16922.358127,0,0,4794.208524,0,0,0,,Credit
2015-06,2015-16:Q1,256500.277658,133023.548866,102199.970736,30823.57813,20515.046023,3839.778637,4127.797473,282.351538,269.359237,11995.759139,676.3959,7289.110022,777.921412,153.750515,1127.611306,260.793103,866.818203,9180.9208,8655.114187,525.806613,122402.009947,69151.449255,5446.518175,2680.187341,2617.476729,,62.710612,2766.330833,1159.968333,834.2725,772.09,63704.93108,63611.62,63611.62,50607.330585,13004.289415,0,93.31108,30873.000872,1207.434196,133.879942,1073.554254,4760.507276,80.507276,4680,24905.0594,22986.8494,1918.21,16609.484115,16332.943333,2489.737408,13843.205924,11036.174374,276.540782,34.04,5734.035705,1074.718845,11429.938637,0,11429.938637,Debit
2015-06,2015-16:Q1,11429.938637,-6132.475498,-34175.252736,28042.777238,17751.223432,726.532112,-519.764587,199.746378,-138.604785,17483.314315,17511.556951,503.009675,508.532976,341.242958,16152.858178,-114.614294,16267.472471,-5861.304371,-6218.474802,357.170431,18637.13298,10226.168155,10002.775868,11448.46858,7117.219253,2314.95994,2016.289388,-1445.692712,160.669788,-834.2725,-772.09,223.392287,56.869,-216.48,279.674675,-496.154675,273.349,166.523287,-1632.015204,292.549985,-119.761651,412.311635,435.166679,605.166679,-170,-2359.731868,-441.521868,-1918.21,11016.84721,11293.387993,3726.682443,7566.70555,5886.183752,-276.540782,-34.04,-939.827181,-1074.718845,-11429.938637,0,-11429.938637,Net
2015-09,2015-16:Q2,253895.769291,127291.591331,67572.5214,59719.069931,38728.25723,5037.126305,3535.271537,551.609176,167.783536,29436.466677,18705.763757,7244.254605,1716.84554,591.772669,17084.249797,88.413079,16995.836717,3906.562904,2908.910076,997.652829,126604.177961,66499.384323,11332.473941,10362.808706,7354.971951,2368.836755,639,969.665235,969.665235,0,0,55166.910382,54977.916,54877.91,48068.145494,6809.764506,100.006,188.994382,29600.288164,976.317801,13.794337,962.523464,5411.350247,253.350247,5158,23212.620116,22424.961035,787.659081,24970.497449,24970.497449,6118.774242,18851.723208,16184.411256,0,0,5534.008024,,856.181952,0,856.181952,Credit
2015-09,2015-16:Q2,254751.951244,135850.431131,104745.676512,31104.75462,20892.900834,4014.958115,3836.558801,285.967921,247.068128,12508.347869,647.746126,7496.130606,874.645027,279.798949,821.054226,245.90975,575.144475,9390.79956,8795.94742,594.85214,118482.81765,63348.984734,4813.037867,2205.497034,2200.802789,,4.694246,2607.540833,1025.348333,834.2725,747.92,58535.946867,58453.12,58453.12,51434.315029,7018.804971,0,82.826867,31544.769004,1089.175995,130.807973,958.368022,7139.917863,43.917863,7096,23315.675147,23315.675147,0,17670.782543,17668.08732,3391.537606,14276.549714,11956.97199,2.695223,16.71,5901.571369,418.702462,0,0,,Debit
2015-09,2015-16:Q2,-856.181952,-8558.839801,-37173.155112,28614.315311,17835.356396,1022.16819,-301.287265,265.641255,-79.284593,16928.118809,18058.017632,-251.876002,842.200513,311.97372,16263.195571,-157.496671,16420.692242,-5484.236656,-5887.037344,402.800688,8121.360311,3150.399589,6519.436074,8157.311672,5154.169163,2368.836755,634.305754,-1637.875598,-55.683098,-834.2725,-747.92,-3369.036485,-3475.204,-3575.21,-3366.169534,-209.040466,100.006,106.167515,-1944.48084,-112.858194,-117.013636,4.155442,-1728.567615,209.432385,-1938,-103.055031,-890.714112,787.659081,7299.714906,7302.410129,2727.236636,4575.173493,4227.439267,-2.695223,-16.71,-367.563344,-418.702462,856.181952,0,856.181952,Net
2015-12,2015-16:Q3,237939.873375,122575.37019,64937.2902,57638.07999,37903.857291,5760.980323,3310.265773,448.658283,147.219865,28236.733047,19195.174986,6666.752989,958.088033,483.396356,15936.248244,162.813284,15773.43496,3797.974455,2917.960531,880.013924,115102.115505,63614.017265,16982.060745,16315.322557,13126.598391,2630.724166,558,666.738188,666.738188,0,0,46631.95652,46520.57,46520.57,36519.571644,10000.998356,0,111.38652,28767.53842,1513.381262,15.433744,1497.947518,6525.050011,432.050011,6093,20729.107147,20061.785047,667.3221,17348.275673,17346.763195,3730.813422,13615.949773,11829.436167,1.512478,0,5372.284146,262.38768,0,0,0,Credit
2015-12,2015-16:Q3,233883.453037,129696.651003,98912.777015,30783.873988,19890.963964,3357.164193,3450.247949,333.778051,122.640441,12627.13333,638.76629,7645.783613,886.579397,223.462209,686.697727,218.159407,468.53832,10206.212298,9639.964269,566.248029,104186.802034,52357.908688,6279.812054,2398.901221,2363.281377,0,35.619844,3880.910833,1933.958333,834.2725,1112.68,46078.096634,45957.48,45957.48,37148.495397,8808.984603,0,120.616634,31095.137632,1175.419476,128.90404,1046.515436,7404.953194,200.403194,7204.55,22514.764962,22514.764962,0,16033.19573,16033.19452,3941.474785,12091.719735,10279.401529,0.0012106601,0.0007252341,4700.559258,0,4056.420338,0,4056.420338,Debit
2015-12,2015-16:Q3,4056.420338,-7121.280813,-33975.486815,26854.206002,18012.893327,2403.81613,-139.982176,114.880232,24.579424,15609.599717,18556.408696,-979.030623,71.508635,259.934147,15249.550517,-55.346122,15304.896639,-6408.237842,-6722.003738,313.765895,10915.313471,11256.108577,10702.248691,13916.421336,10763.317015,2630.724166,522.380156,-3214.172645,-1267.220145,-834.2725,-1112.68,553.859886,563.09,563.09,-628.923753,1192.013753,0,-9.230114,-2327.599211,337.961786,-113.470296,451.432082,-879.903183,231.646817,-1111.55,-1785.657815,-2452.979915,667.3221,1315.079943,1313.568675,-210.661363,1524.230038,1550.034638,1.511268,-0.0007252341,671.724888,262.38768,-4056.420338,0,-4056.420338,Net
2016-03,2015-16:Q4,252122.540988,124651.698566,65830.8,58820.898566,39412.764798,5903.621317,3550.387568,520.108422,132.89517,29305.752322,18064.214585,7290.888008,982.86211,600.96181,15729.269249,40.728543,15688.540705,3678.864519,2839.391338,839.473182,127312.907591,66941.93494,16114.380279,14751.779346,10895.392063,3098.387283,758,1362.600933,1362.600933,0,0,50827.554661,50539.88,50539.88,40987.84268,9552.03732,0,287.674661,32714.045244,2133.614631,15.071886,2118.542745,7024.624614,1925.624614,5099,23555.806,22504.806,1051,18938.839778,18904.453509,3001.49909,15902.954419,15051.632003,34.386269,,8718.087629,157.934831,0,0,,Credit
2016-03,2015-16:Q4,248848.041407,124989.695864,90585.627389,34404.068474,23335.75484,3579.929453,3665.756594,248.767357,230.191712,15611.109723,736.261305,8664.002184,595.809957,344.36443,767.94955,225.490718,542.458832,10300.364085,9749.210689,551.153396,123858.345543,59683.410309,7317.849836,3367.439003,3342.780837,,24.658166,3950.410833,2366.708333,834.2725,749.43,52365.560473,51327.25,51327.25,40805.16375,10522.08625,0,1038.310473,31444.388308,1146.5628,125.881763,1020.681037,9380.594508,1645.594508,7735,20917.231,20917.231,0,27940.895118,27940.884108,12953.516146,14987.367962,10663.774393,0.011009,22.4,4767.251808,,3274.499581,0,3274.499581,Debit
2016-03,2015-16:Q4,3274.499581,-337.997298,-24754.827389,24416.830092,16077.009958,2323.691863,-115.369027,271.341065,-97.296541,13694.642598,17327.953279,-1373.114176,387.052153,256.59738,14961.319699,-184.762174,15146.081873,-6621.499565,-6909.819351,288.319785,3454.562048,7258.524631,8796.530443,11384.340343,7552.611226,3098.387283,733.341834,-2587.8099,-1004.1074,-834.2725,-749.43,-1538.005812,-787.37,-787.37,182.67893,-970.04893,0,-750.635812,1269.656936,987.05183,-110.809877,1097.861708,-2355.969895,280.030105,-2636,2638.575,1587.575,1051,-9002.05534,-9036.430599,-9952.017056,915.586457,4387.857611,34.37526,-22.4,3950.835821,157.934831,-3274.499581,0,-3274.499581,Net
2016-06,2016-17:Q1,254325.16382459,124970.01194114,66618.0054,58352.0065411402,39380.7396675637,4802.9350571947,3897.2023774331,516.0865765961,129.9808863715,30034.5347699683,18244.6936387756,8057.6858926591,1402.8573294469,539.4325813211,15306.0901088985,58.0685015546,15248.0216073439,3665.176764678,2753.0899383763,912.0868263018,129166.480415802,72113.6293998702,14172.5222091332,11747.7019499342,7873.6623680685,3169.0395818657,705,2424.8202591991,2424.8202591991,0,0,57941.107190737,56260.4,56260.4,45591.452227889,10668.947772111,0,1680.707190737,26221.8461809669,1860.0427742647,14.5041808223,1845.5385934424,3362.1747067022,974.1747067022,2388,20999.6287,20999.6287,0,21139.4242952252,21112.3819508311,9425.5109666966,11686.8709841345,11572.504184251,27.0423443942,0,9691.5805397397,188.6714676478,0,0,0,Credit
2016-06,2016-17:Q1,247356.006190541,125371.084515638,90453.4401041964,34917.6444114417,23635.7391616083,4561.4787445695,3677.7589145088,286.8297037836,161.5457910203,14948.1260077261,673.6756683771,8004.6925917509,1267.7102630914,208.8756596279,1304.4433361983,217.0253009908,1087.4180352075,9977.4619136351,9277.7392497697,699.7226638654,121984.921674903,66128.8361236971,10291.1705435726,5852.3397435726,5783.5454847862,,68.7942587865,4438.8308,2426.9133,731.3575,1280.56,55837.6655801245,55019.86,55019.86,43226.6778608992,11793.1821391008,0,817.8055801245,27822.2755350279,1136.7717749306,57.8530200603,1078.9187548703,5375.6057100973,492.6057100973,4883,21309.89805,21121.19805,188.7,21287.5261675449,21287.4779106499,8569.3342954217,12718.1436152283,10194.8481889896,0.048256895,34.61,6711.6738486331,,6969.1576340491,0,6969.1576340491,Debit
2016-06,2016-17:Q1,6969.1576340491,-401.0725744978,-23835.4347041964,23434.3621296986,15745.0005059554,241.4563126252,219.4434629242,229.2568728125,-31.5649046488,15086.4087622422,17571.0179703985,52.9933009082,135.1470663555,330.5569216932,14001.6467727002,-158.9567994363,14160.6035721365,-6312.285148957,-6524.6493113934,212.3641624364,7181.5587408991,5984.7932761731,3881.3516655606,5895.3622063615,2090.1168832823,3169.0395818657,636.2057412135,-2014.010540801,-2.0930408009,-731.3575,-1280.56,2103.4416106125,1240.54,1240.54,2364.7743669899,-1124.2343669899,0,862.9016106125,-1600.429354061,723.2709993341,-43.348839238,766.6198385721,-2013.4310033951,481.5689966049,-2495,-310.26935,-121.56935,-188.7,-148.1018723197,-175.0959598189,856.176671275,-1031.2726310938,1377.6559952614,26.9940874992,-34.61,2979.9066911067,188.6714676478,-6969.1576340491,0,-6969.1576340491,Net
2016-09,2016-17:Q2,266603.209017149,127665.672810196,67410.5046,60255.1682101958,40880.0760718845,5534.1141953251,3931.0341365861,576.9299715834,146.1417672457,30691.8560011442,18642.4806772794,8248.5349849239,1478.5926192519,610.997915122,15246.9870331398,66.5564348887,15180.4305982511,4128.1051051715,3226.1031758445,902.001929327,138937.536206953,86378.1306841098,24066.0846847056,18064.3411245051,14327.7865850993,2873.5545394058,863,6001.7435602005,6001.7435602005,0,0,62312.0459994042,62145.5038848766,62145.5038848766,49355.7592283183,12789.7446565583,0,166.5421145276,28893.3706918691,1013.866397222,14.4886331205,999.3777641015,6153.7998946471,858.7998946471,5295,21725.7044,21399.7044,326,15880.8715592377,15624.4906856314,942.9396222744,14681.5510633571,13611.1035038906,256.3808736062,0,7785.1632717369,,0,0,,Credit
2016-09,2016-17:Q2,258091.70129194,131132.381858176,93022.738972523,38109.642885653,24585.5965949575,4525.2115298735,3492.298587916,357.1100769357,156.3099110683,16054.6664891641,993.6997121953,8007.538130899,1529.5616834389,266.3535353598,1345.3367167748,212.4723405517,1132.8643762231,12178.7095739208,11612.2908565085,566.4187174123,126102.562492385,63328.2838156697,7066.4816152183,4081.0608152183,3904.1500749983,,176.91074022,2985.4208,1611.5633,731.3575,642.5,56261.8022004514,55436.9134479929,55436.9134479929,44833.0523150876,10603.8611329053,0,824.8887524585,30582.8989525883,1132.5850525883,57.7910047344,1074.7940478539,7542.24,596,6946.24,21908.0739,21908.0739,0,22486.648792328,22486.6480069533,8992.0134418493,13494.634565104,11523.3776079293,0.0007853747,17.14,9687.5909317987,856.7569413795,8511.507725209,0,8511.507725209,Debit
2016-09,2016-17:Q2,8511.507725209,-3466.7090479803,-25612.234372523,22145.5253245428,16294.479476927,1008.9026654516,438.7355486701,219.8198946476,-10.1681438225,14637.1895119802,17648.7809650841,240.9968540248,-50.9690641871,344.6443797622,13901.650316365,-145.915905663,14047.566222028,-8050.6044687493,-8386.1876806641,335.5832119148,12834.9737145688,23049.8468684401,16999.6030694873,13983.2803092868,10423.636510101,2873.5545394058,686.08925978,3016.3227602005,4390.1802602005,-731.3575,-642.5,6050.2437989528,6708.5904368837,6708.5904368837,4522.7069132307,2185.883523653,0,-658.3466379309,-1689.5282607192,-118.7186553663,-43.3023716139,-75.4162837524,-1388.4401053529,262.7998946471,-1651.24,-182.3695,-508.3695,326,-6605.7772330903,-6862.1573213218,-8049.0738195749,1186.9164982531,2087.7258959613,256.3800882315,-17.14,-1902.4276600618,-856.7569413795,-8511.507725209,0,-8511.507725209,Net
2016-12,2016-17:Q3,268269.797294185,130191.688931929,68755.395,61436.2939319291,42145.2003289689,6186.6964713442,3796.896390597,521.5083619625,175.5611367201,31464.5379683452,18948.8841193831,8319.4307331768,1210.072782968,558.5302412649,15275.8856694989,109.6657283876,15166.2199411113,4015.2079334612,3008.1776024218,1007.0303310395,137417.635469337,66951.5505301676,18546.8622818063,18066.4030395993,14531.89,3059.5130395993,475,480.459242207,480.459242207,0,0,48404.6882483613,48250.35406,48250.35406,37637.2626212476,10613.0914387524,0,154.3341883613,31150.4124590087,1600.9028641939,14.3898052473,1586.5130589466,6092.4023301174,963.4023301174,5129,23457.1072646975,22700.1072646975,757,30609.9114343294,30609.9114343294,19123.1993939202,11486.7120404092,7449.8615109319,0,,8705.7610458316,660.472892919,1241.8647811325,0,1241.8647811325,Credit
2016-12,2016-17:Q3,269511.662075318,138167.394032453,102028.44780986,36138.9462225929,24365.3484700638,3709.862202174,3268.2978288723,412.914863933,135.2360088979,16839.0375661867,945.4442259257,8065.0127931551,1624.038739463,231.469699853,1381.6281719161,211.591438874,1170.0367330421,10391.9695806131,9761.22044593,630.7491346831,131344.268042865,68558.6458027989,8813.0685191657,4870.814352499,4811.8302634264,,58.9840890726,3942.2541666667,2282.7366666667,731.3575,928.16,59745.5772836332,59564.40445,59564.40445,42370.6791949868,17193.7252550132,0,181.1728336332,29468.6201014854,1058.0702319437,57.3968086744,1000.6734232694,7917.3854477898,280.3854477898,7637,20493.1644217519,20493.1644217519,0,27429.7984292814,27427.4416819172,106.9186997877,27320.5229821295,25979.5653293357,2.3567473642,0,5887.203709299,,0,0,,Debit
2016-12,2016-17:Q3,-1241.8647811325,-7975.705100524,-33273.0528098602,25297.3477093361,17779.8518589052,2476.8342691703,528.5985617247,108.5934980295,40.3251278222,14625.5004021585,18003.4398934574,254.4179400217,-413.965956495,327.0605414119,13894.2574975828,-101.9257104864,13996.1832080692,-6376.7616471519,-6753.0428435082,376.2811963564,6073.3674264726,-1607.0952726313,9733.7937626406,13195.5886871003,9720.0597365736,3059.5130395993,416.0159109274,-3461.7949244596,-1802.2774244596,-731.3575,-928.16,-11340.8890352719,-11314.0503899999,-11314.0503899999,-4733.4165737393,-6580.6338162607,0,-26.838645272,1681.7923575233,542.8326322501,-43.0070034271,585.8396356772,-1824.9831176724,683.0168823276,-2508,2963.9428429456,2206.9428429456,757,3180.113005048,3182.4697524122,19016.2806941325,-15833.8109417203,-18529.7038184038,-2.3567473642,0,2818.5573365326,660.472892919,1241.8647811325,0,1241.8647811325,Net
2017-03,2016-17:Q4,284016.998568324,139361.837767195,77354.097,62007.7407671949,41790.5946542054,6719.9374530037,4226.2433590072,591.4020626613,136.3738278721,30116.6379516611,18514.0726516637,8320.3361790415,1007.2695947522,665.9589919132,15734.8371537908,33.5199946173,15701.3171591734,4482.3089591987,3366.0838132623,1116.2251459364,145127.552555246,85079.0670576078,13998.7936081861,12341.5603807541,7967.6525718191,3241.067808935,1132.84,1657.233227432,1657.233227432,0,0,71080.2734494217,70857.64,70857.64,57118.343604,13739.296396,0,222.6334494217,34266.5042423019,2019.9773905794,14.4805056234,2005.496884956,6976.0851292438,1735.9251292438,5240.16,25270.4417224787,24645.4417224787,625,16039.0516084498,16034.1872641135,162.6480208913,15871.5392432222,15005.9839829512,4.8643443363,,9742.9296468861,0,0,0,0,Credit
2017-03,2016-17:Q4,276705.45955075,141935.061316003,107075.837221993,34859.2240940101,23265.3280415959,3654.6988930604,3693.5652631601,438.6638665331,146.4648881449,15331.9351306974,974.0884786382,8239.3110042021,1431.1760008615,203.6824637038,1549.2982250683,216.2262585763,1333.0719664919,10044.597827346,9398.727558422,645.8702689239,134770.398234747,69282.8655995836,9001.36126829461,3200.8971016279,2818.3672197499,,382.529881878,5800.4641666667,3470.8166666667,731.3575,1598.29,60281.504331289,59727.11,59727.11,50678.452835,9048.657165,0,554.394331289,30279.4507540691,1154.1486165224,57.7585864777,1096.3900300448,7850.813761129,1674.813761129,6176,21274.4883764177,21274.4883764177,0,29080.9557105581,29080.9557105581,11215.4187165161,17865.536994042,12308.4316899298,0,47.59,6079.5361705359,472.3917541168,7311.5390175741,0,7311.5390175741,Debit
2017-03,2016-17:Q4,7311.5390175741,-2573.2235488081,-29721.7402219929,27148.5166731848,18525.2666126095,3065.2385599433,532.6780958471,152.7381961282,-10.0910602728,14784.7028209637,17539.9841730255,81.0251748394,-423.9064061093,462.2765282093,14185.5389287225,-182.706263959,14368.2451926815,-5562.2888681472,-6032.6437451597,470.3548770125,10357.1543204989,15796.2014580242,4997.4323398915,9140.6632791261,5149.2853520691,3241.067808935,750.310118122,-4143.2309392347,-1813.5834392347,-731.3575,-1598.29,10798.7691181327,11130.53,11130.53,6439.890769,4690.639231,0,-331.7608818672,3987.0534882328,865.8287740569,-43.2780808543,909.1068549112,-874.7286318852,61.1113681148,-935.84,3995.9533460611,3370.9533460611,625,-13041.9041021083,-13046.7684464446,-11052.7706956248,-1993.9977508197,2697.5522930215,4.8643443363,-47.59,3663.3934763502,-472.3917541168,-7311.5390175741,0,-7311.5390175741,Net
2017-06,2017-18:Q1,295676.263464199,139940.605057458,73129.75552806,66810.8495293978,45915.5228453558,6241.5460871039,4158.7539456827,622.3030256608,155.6734211725,34737.2463657358,18592.4244636662,8467.0014540122,1173.5853401286,547.5579950628,16148.1934046987,91.7054822461,16056.4879224526,4747.1332793433,3604.5711092245,1142.5621701188,155735.658406741,92603.7938063174,15304.9107338669,14597.1548898439,10562.9932693367,2924.1616205072,1110,707.755844023,707.755844023,,0,77298.8830724505,76134.048,76134.048,57424.7566087476,18709.2913912524,0,1164.8350724505,34679.5359995505,1825.6196586036,13.7507533621,1811.8689052416,6380.4101409469,2438.4101409469,3942,26473.5062,25734.5062,739,21607.4779221122,21607.4779221122,7589.2532887901,14018.2246333221,12798.868733392,0,0,6844.8506787607,,0,,0,Credit
2017-06,2017-18:Q1,284271.697609355,154919.596470695,115065.606724346,39853.9897463485,27607.2576922281,4850.7644476911,4071.9258312888,352.4885038619,151.5328798318,18180.5460295546,1135.5644064441,8278.6358858351,1217.7034601104,237.06133842,1657.1454925679,204.1174228977,1453.0280696702,10589.5865615525,10042.8046621243,546.7818994282,128789.605216139,73008.401557961,8161.11775497289,4449.0615049729,4327.1079916128,,121.9535133601,3712.05625,1759.5525,713.16375,1239.34,64847.2838029881,64212.888,64212.888,56725.9009940765,7486.9870059235,0,634.3958029881,33752.3453430013,1140.6082531041,31.0538040684,1109.5544490357,6718.6458898972,2282.6458898972,4436,25893.0912,25893.0912,0,14800.9474669853,14382.5962333993,1216.6198754721,13165.9763579272,11561.4206227306,418.3512335859,23.26,7204.6508481913,562.4959225211,11404.5658548436,,11404.5658548436,Debit
2017-06,2017-18:Q1,11404.5658548436,-14978.9914132372,-41935.8511962865,26956.8597830493,18308.2651531277,1390.7816394129,86.8281143939,269.814521799,4.1405413407,16556.7003361812,17456.8600572221,188.3655681772,-44.1181199819,310.4966566428,14491.0479121308,-112.4119406516,14603.4598527824,-5842.4532822093,-6438.2335528998,595.7802706905,26946.0531906019,19595.3922483564,7143.792978894,10148.0933848711,6235.885277724,2924.1616205072,988.0464866399,-3004.300405977,-1051.796655977,-713.16375,-1239.34,12451.5992694624,11921.16,11921.16,698.8556146711,11222.3043853288,0,530.4392694624,927.1906565492,685.0114054995,-17.3030507063,702.3144562059,-338.2357489503,155.7642510497,-494,580.415,-158.585,739,6806.5304551269,7224.8816887129,6372.633413318,852.2482753948,1237.4481106614,-418.3512335859,-23.26,-359.8001694306,-562.4959225211,-11404.5658548436,,-11404.5658548436,Net
2017-09,2017-18:Q2,292553.608443095,145498.442000077,76081.71082242,69416.7311776573,47408.7935006442,6962.4372729881,4206.3594225976,634.6095031118,126.001439762,35479.3858621847,19294.6661202099,9084.0038583274,1321.4023441589,536.2216582499,17522.2984823048,108.4607146755,17413.8377676293,4485.6391947083,3455.701381654,1029.9378130543,147055.166443018,87191.0982495458,20046.3818555098,18979.4428115552,15107.1348746236,3043.3079369316,829,1066.9390439546,1066.9390439546,0,0,67144.716394036,67016.3185426483,67016.3185426483,52492.3148331043,14524.003709544,0,128.3978513877,33438.3995269616,1258.6462771372,13.7872610706,1244.8590160666,8156.3132498244,2964.3132498244,5192,24023.44,23614.44,409,16876.3897548874,16790.0564914239,2565.8675244125,14224.1889670114,12187.0276273869,86.3332634635,0,9549.278911623,,0,0,,Credit
2017-09,2017-18:Q2,283055.033543068,152454.102314642,108536.409519432,43917.6927952103,29031.7208982008,5332.1734907439,4175.0584855562,542.3812043288,144.7435881933,18837.3641293786,1325.305990763,9559.1388657392,1574.1782330672,215.2824284957,1849.9323217297,212.2970198456,1637.6353018842,13036.0395752798,12471.7247172733,564.3148580065,130165.296968762,72713.8142863333,7635.0064555748,4287.5202055748,4253.2445120602,,34.2756935146,3347.48625,1040.9925,713.16375,1593.33,65078.8078307585,64578.8236445264,64578.8236445264,55924.0100488704,8654.813595656,0,499.9841862321,30581.5258202736,1176.2883282011,31.1362506949,1145.1520775062,9376.2274920725,2672.2274920725,6704,20029.01,20029.01,0,16702.4064179787,16702.4062512301,4936.2708814152,11766.1353698149,11476.044536658,0.0001667486,2.05,10165.5004441765,435.6342596636,9498.5749000269,0,9498.5749000269,Debit
2017-09,2017-18:Q2,9498.5749000268,-6955.6603145652,-32454.6986970121,25499.0383824469,18377.0726024434,1630.2637822443,31.3009370414,92.228298783,-18.7421484314,16642.0217328061,17969.3601294469,-475.1350074118,-252.7758889083,320.9392297542,15672.366160575,-103.8363051701,15776.2024657451,-8550.4003805715,-9016.0233356193,465.6229550478,16889.8694742556,14477.2839632125,12411.375399935,14691.9226059804,10853.8903625634,3043.3079369316,794.7243064854,-2280.5472060454,25.9465439546,-713.16375,-1593.33,2065.9085632775,2437.4948981219,2437.4948981219,-3431.6952157662,5869.1901138881,0,-371.5863348445,2856.873706688,82.357948936,-17.3489896243,99.7069385604,-1219.9142422481,292.0857577519,-1512,3994.43,3585.43,409,173.9833369087,87.6502401938,-2370.4033570027,2458.0535971965,710.983090729,86.3330967149,-2.05,-616.2215325535,-435.6342596636,-9498.5749000269,0,-9498.5749000269,Net
2017-12,2017-18:Q3,320202.843378616,150253.563477439,77541.33553278,72712.2279446592,50179.09653344,7441.1793279348,4387.7913990345,611.1910077399,203.134217884,37535.8005808469,19532.4793623047,9858.6376669221,982.7956266492,413.9532898655,17684.9041118795,96.125485453,17588.7786264265,4848.2272993396,3692.994341711,1155.2329576286,169328.751214372,93973.4989830877,15270.2767156009,14300.8722197679,10755.3492366183,3181.5229831497,364,969.404495833,969.404495833,0,0,78703.2222674868,78575.74,78575.74,63466.882412876,15108.857587124,0,127.4822674868,38157.6464001418,1947.3015773683,13.6937130827,1933.6078642856,10761.0720958052,2755.0720958052,8006,25449.2727269682,24456.2813093394,992.9914176288,25354.8699865914,25106.6594406415,8245.295359744,16861.3640808975,14489.4986739515,248.2105459499,,11842.7358445512,620.5286868051,0,0,0,Credit
2017-12,2017-18:Q3,310768.358449642,163969.746979939,121563.530414596,42406.2165653431,29466.8443839934,4605.6366253325,4419.2366014091,434.7615680374,192.5228130599,19814.6867761546,1333.4725870788,9359.9167827062,1573.5905263602,238.7934833522,1623.1790551231,201.5351471543,1421.6439079688,11316.1931262266,10744.6391759233,571.5539503033,146798.611469703,84328.6506418511,10946.9363810071,8315.4601310072,8286.9135399493,,28.5465910579,2631.47625,1190.0825,713.16375,728.23,73381.714260844,73145.47,73145.47,61245.8694697366,11899.6005302634,0,236.244260844,32246.5780827917,1200.8844284388,30.9249880237,1169.9594404151,10378.4027231541,2623.4027231541,7755,20667.2909311988,20667.2909311988,0,20774.6621213022,20774.5965398924,8720.6925642948,12053.9039755977,11398.0807658125,0.0655814098,0,9448.7206237582,,9434.484928974,0,9434.484928974,Debit
2017-12,2017-18:Q3,9434.484928974,-13716.1835025,-44022.194881816,30306.0113793161,20712.2521494467,2835.5427026024,-31.4452023746,176.4294397025,10.6114048241,17721.1138046923,18199.0067752259,498.7208842158,-590.794899711,175.1598065134,16061.7250567564,-105.4096617013,16167.1347184577,-6467.965826887,-7051.6448342122,583.6790073253,22530.1397446688,9644.8483412366,4323.3403345937,5985.4120887608,2468.435696669,3181.5229831497,335.4534089421,-1662.071754167,-220.678004167,-713.16375,-728.23,5321.5080066429,5430.27,5430.27,2221.0129431394,3209.2570568606,0,-108.7619933572,5911.0683173501,746.4171489295,-17.231274941,763.6484238705,382.6693726512,131.6693726512,251,4781.9817957694,3788.9903781406,992.9914176288,4580.2078652891,4332.062900749,-475.3972045508,4807.4601052998,3091.417908139,248.1449645401,0,2394.015220793,620.5286868051,-9434.484928974,0,-9434.484928974,Net
2018-03,2017-18:Q4,329454.777902825,156683.374233135,82217.60522538,74465.7690077548,51585.4414276695,7710.100570852,4688.430177587,638.184372021,179.0579183041,38369.6683889054,19906.1702197066,9935.8897320262,1686.2208077951,599.7968861119,18099.7730333102,29.8258046532,18069.947228657,4780.5545467751,3651.15654568,1129.3980010951,171491.972618846,85777.1914441091,13839.7980674165,13096.8051441699,9095.6476531552,3393.1574910148,608,742.9929232466,742.9929232466,0,0,71937.3933766926,71802.4862948274,71802.4862948274,58274.2591497671,13528.2271450603,0,134.9070818652,40835.4352915428,2686.4409969382,13.7762376673,2672.6647592709,13581.2714110832,6134.2714110832,7447,24567.7228835214,22950.7228835214,1617,31834.1893398371,31751.279821335,7131.6036363539,24619.6761849812,20068.4012433908,82.909518502,,13045.1565433568,1279.4310508448,0,0,0,Credit
2018-03,2017-18:Q4,316218.02527994,169749.751363572,123840.710942694,45909.0404208778,31421.1449770401,4727.5840213039,4941.4537730925,370.4541495647,305.4710734107,21076.1819596682,1344.9139012137,9432.6433564322,1171.2687568754,262.8791486923,1887.2374100383,219.4771594722,1667.7602505661,12600.6580337993,11984.0785219293,616.57951187,146468.273916368,77093.7161928556,7432.22398528351,4491.6877352835,4457.8639153974,,33.8238198861,2940.53625,1263.3325,713.16375,964.04,69661.4922075721,69426.6714251982,69426.6714251982,56147.8645613951,13278.8068638031,0,234.8207823739,33870.1512136718,1256.5554235471,31.1113561603,1225.4440673868,12588.9158198685,6097.9158198686,6491,20024.6799702562,20024.6799702562,0,27204.7528825887,27204.6430964146,10960.2079990748,16244.4350973398,15432.0339094909,0.1097861741,49.6,8250.0536272515,,13236.7526228855,0,13236.7526228855,Debit
2018-03,2017-18:Q4,13236.7526228855,-13066.3771304374,-41623.1057173144,28556.728586877,20164.2964506294,2982.516549548,-253.0235955055,267.7302224562,-126.4131551066,17293.4864292372,18561.256318493,503.246375594,514.9520509197,336.9177374196,16212.5356232719,-189.6513548191,16402.1869780909,-7820.1034870243,-8332.9219762493,512.8184892251,25023.6987024781,8683.4752512535,6407.574082133,8605.1174088864,4637.7837377578,3393.1574910148,574.1761801139,-2197.5433267534,-520.3395767534,-713.16375,-964.04,2275.9011691205,2375.8148696292,2375.8148696292,2126.3945883719,249.4202812573,0,-99.9137005087,6965.284077871,1429.8855733911,-17.335118493,1447.2206918841,992.3555912147,36.3555912147,956,4543.0429132652,2926.0429132652,1617,4629.4364572484,4546.6367249204,-3828.6043627209,8375.2410876414,4636.3673338999,82.7997323279,-49.6,4795.1029161053,1279.4310508448,-13236.7526228855,0,-13236.7526228855,Net
2018-06,2018-19:Q1,286992.130662318,155748.916787041,83388.86878248,72360.0480045611,48200.4389658645,6447.878189157,4862.5951808293,606.1236990441,169.9462422888,36113.8956545454,20120.9630984737,9435.7618748048,1111.4766175189,521.894383834,18803.2737414178,40.7680025737,18762.5057388441,5356.3352972787,4212.6423245553,1143.6929727234,131243.213875277,77687.9621645006,17235.2816546201,16959.640680211,12914.4880049757,3227.8526752353,817.3,275.6409744091,275.6409744091,0,0,60452.6805098805,59137.7267198929,59137.7267198929,49357.1586324836,9780.5680874093,0,1314.9537899876,18773.9061296292,1876.013759557,12.1421034025,1863.8716561545,4749.0398290692,1718.3398290692,3030.7,12148.852541003,5612.852541003,6536,28806.0689953405,28806.0689953405,11158.3740741877,17647.6949211528,15578.2849982916,0,0,5975.2765858068,,11338.4305584943,0,11338.4305584943,Credit
2018-06,2018-19:Q1,298330.561220812,171552.383957112,129139.519880368,42412.8640767438,29524.2278677083,5913.6792602904,4775.9038166223,372.7974049648,278.4339765321,18183.4134092987,1515.6207883223,9478.5239303916,744.2750853482,232.2736156176,1772.0418052783,225.0513443946,1546.9904608836,11116.5944037572,10514.0344062667,602.5599974905,126455.716002457,76260.7941812981,7662.7747858224,3833.5747858224,3821.2497086401,,12.3250771823,3829.2,2325.7875,758.1025,745.31,68598.0193954757,68243.6867198929,68243.6867198929,52106.6231688278,16137.0635510652,0,354.3326755828,23046.0041240158,1349.9363793392,31.2240446869,1318.7123346523,6056.9915280519,1518.9915280519,4538,15639.0762166247,15639.0762166247,0,18744.5998260425,18231.4391643122,5690.1836944139,12541.2554698983,12066.7832130168,513.1606617303,23,8381.3178711006,322.4612612439,0,0,0,Debit
2018-06,2018-19:Q1,-11338.4305584942,-15803.4671700706,-45750.6510978878,29947.1839278172,18676.2110981562,534.1989288665,86.691364207,233.3262940793,-108.4877342433,17930.4822452467,18605.3423101514,-42.7620555868,367.2015321707,289.6207682164,17031.2319361395,-184.2833418209,17215.5152779605,-5760.2591064785,-6301.3920817113,541.1329752328,4787.4978728201,1427.1679832025,9572.5068687977,13126.0658943886,9093.2382963356,3227.8526752353,804.9749228177,-3553.5590255909,-2050.1465255909,-758.1025,-745.31,-8145.3388855952,-9105.96,-9105.96,-2749.4645363441,-6356.4954636559,0,960.6211144049,-4272.0979943866,526.0773802178,-19.0819412844,545.1593215022,-1307.9516989828,199.3483010172,-1507.3,-3490.2236756217,-10026.2236756217,6536,10061.469169298,10574.6298310283,5468.1903797739,5106.4394512545,3511.5017852747,-513.1606617303,-23,-2406.0412852938,-322.4612612439,11338.4305584943,0,11338.4305584943,Net
2018-09,2018-19:Q2,290139.920634277,160019.008686482,83398.64032638,76620.3683601025,50094.4519079938,7037.9786367056,4640.7941568278,646.3502121731,139.8611420103,37629.4677602771,20757.1752125266,9407.8611022969,1311.4510766343,606.1701611982,20891.3198508697,35.0890404199,20856.2308104498,5634.5966012389,4560.4642188475,1074.1323823914,129538.958007991,77035.4598443261,14827.0250065924,14076.0484853267,10080.8611579487,3343.677327378,651.51,750.9765212657,750.9765212657,0,0,62208.4348377337,61035.8920994948,59215.8920994948,50860.2595513004,8355.6325481945,1820,1172.5427382389,23577.9189945614,1215.7021369227,11.597618307,1204.1045186158,8951.4130876387,1514.9230876387,7436.49,13410.80377,7391.80377,6019,21193.6576534275,21193.6576534275,5370.3517417434,15823.3059116842,15401.5955372601,0,0,7731.9215156763,581.9539398028,1867.7829972939,0,1867.7829972939,Credit
2018-09,2018-19:Q2,292007.70363157,179072.520509836,133435.74501901,45636.7754908262,29838.7761492655,5813.0832968516,5086.3616782931,396.2206199728,261.477563776,18281.6329903721,1471.5035892337,9690.1870203986,1131.730728169,278.0916595096,1560.1856904425,214.6337055752,1345.5519848674,14237.8136511181,13645.986210098,591.8274410201,112935.183121734,69423.0025956172,7416.6951542431,4055.2851542431,3893.9031144652,,161.3820397779,3361.41,1375.5975,758.1025,1227.71,62006.3074413741,61615.5900994948,61615.5900994948,52179.2831599913,9436.3069395035,0,390.7173418793,16652.1009130234,1263.5784142955,29.8238732017,1233.7545410938,6766.2668487279,1349.2668487279,5417,8622.25565,8622.25565,0,20672.0810946641,20669.7324247537,5638.4695189425,15031.2629058112,12075.4433478853,2.3486699105,1.29,6186.7085184296,,0,0,0,Debit
2018-09,2018-19:Q2,-1867.7829972939,-19053.5118233536,-50037.1046926299,30983.5928692763,20255.6757587283,1224.895339854,-445.5675214653,250.1295922003,-121.6164217657,19347.8347699051,19285.6716232929,-282.3259181017,179.7203484653,328.0785016886,19331.1341604272,-179.5446651552,19510.6788255824,-8603.2170498792,-9085.5219912505,482.3049413713,16603.774886257,7612.4572487089,7410.3298523493,10020.7633310836,6186.9580434835,3343.677327378,490.1279602221,-2610.4334787343,-624.6209787343,-758.1025,-1227.71,202.1273963596,-579.698,-2399.698,-1319.023608691,-1080.674391309,1820,781.8253963596,6925.818081538,-47.8762773728,-18.2262548947,-29.650022478,2185.1462389108,165.6562389108,2019.49,4788.54812,-1230.45188,6019,521.5765587634,523.9252286739,-268.1177771991,792.043005873,3326.1521893748,-2.3486699105,-1.29,1545.2129972467,581.9539398028,1867.7829972939,0,1867.7829972939,Net
2018-12,2018-19:Q3,285510.54765834,162791.793103185,83081.73895908,79710.0541441052,55075.2434371829,7372.4689590744,4807.195240675,689.1337716816,144.1732431676,42062.2722225843,21148.4118969444,9978.3805715501,1323.7953148548,673.4714609106,18976.4697189627,102.3885147755,18874.0812041872,5658.3409879597,4295.2498991088,1363.0910888509,122718.754555155,73236.6953294684,16129.6256948352,15504.5493999952,11001.9860843028,3450.4233156924,1052.14,625.0762948401,625.0762948401,0,0,57107.0696346332,56733.1803276752,56733.1803276752,45529.8027581753,11203.3775694999,0,373.889306958,20492.2116069124,2960.1212017952,11.2865105117,2948.8346912835,10468.0010654145,3337.1410654146,7130.86,7064.0893397027,4432.8896533122,2631.1996863905,21192.5174575771,21192.5174575771,5964.4124337585,15228.1050238187,13297.6292755627,0,,7797.3301611969,,4295.6417521685,0,4295.6417521685,Credit
2018-12,2018-19:Q3,289806.189410509,180543.729762249,132362.526739186,48181.2030230627,33397.4611281017,4864.5305671483,5231.3923740128,418.5227435548,289.4762220486,22593.5392213372,1253.8274239204,10134.6656072461,991.9405887366,283.8743676967,1552.3652091146,236.5840639694,1315.7811451452,13231.3766858465,12639.4504206273,591.9262652192,108948.353033659,68038.0742030791,8820.3752970894,5139.0452970894,5100.9950647744,,38.050232315,3681.33,1817.2575,758.1025,1105.97,59217.6989059897,58920.967862405,58920.967862405,47948.7150788839,10972.2527835211,,296.7310435847,17554.2286126164,1278.3207690974,29.023843472,1249.2969256254,8466.4933746268,3346.4933746268,5120,7809.4144688922,7809.4144688922,0,16279.1740719196,16094.525088773,1762.9117793133,14331.6133094597,13158.7418312275,184.6489831466,0,7076.8761460443,314.1066146007,0,0,0,Debit
2018-12,2018-19:Q3,-4295.6417521685,-17751.9366590634,-49280.7877801058,31528.8511210425,21677.7823090812,2507.9383919261,-424.1971333378,270.6110281268,-145.302978881,19468.7330012471,19894.5844730239,-156.285035696,331.8547261181,389.5970932139,17424.1045098481,-134.1955491939,17558.300059042,-7573.0356978868,-8344.2005215185,771.1648236317,13770.4015214956,5198.6211263893,7309.2503977459,10365.5041029058,5900.9910195284,3450.4233156924,1014.089767685,-3056.2537051599,-1192.1812051599,-758.1025,-1105.97,-2110.6292713566,-2187.7875347298,-2187.7875347298,-2418.9123207086,231.1247859788,0,77.1582633732,2937.982994296,1681.8004326978,-17.7373329603,1699.5377656581,2001.5076907877,-9.3523092123,2010.86,-745.3251291895,-3376.52481558,2631.1996863905,4913.3433856576,5097.9923688042,4201.5006544452,896.491714359,138.8874443352,-184.6489831466,0,720.4540151527,-314.1066146007,4295.6417521685,0,4295.6417521685,Net
2019-03,2018-19:Q4,324141.296603652,165159.774037527,87367.31252328,77792.461514248,54630.2852121515,7582.6003772123,5153.8404771226,719.7023148548,156.2035818277,41017.9384611341,21439.248975903,10289.7968002072,1111.3074509807,759.5777574973,17972.1567976267,68.9773447238,17903.1794529028,5190.0195044697,4032.7667101921,1157.2527942776,158981.522566124,93815.9978724686,16654.4329268693,15460.9705872633,11057.9536743315,3649.7969129319,753.22,1193.462339606,1193.462339606,0,0,77161.5649455993,76806.9291466322,76806.9291466322,58599.8235363885,18207.1056102437,0,354.6357989671,31255.4215686331,2553.9022400076,11.5400045713,2542.3622354363,17993.269774582,7291.489774582,10701.78,10708.2495540436,10052.2495540436,656,21606.0788714392,20598.7925281826,442.8807216561,20155.9118065265,14973.7270636922,1007.2863432566,,12304.0242535828,,0,0,0,Credit
2019-03,2018-19:Q4,309978.804285522,169807.22167902,122581.387673411,47225.8340056086,33299.0614899318,5112.2135629907,5435.7413857614,602.9553275216,285.0434244963,21863.1077891619,1571.1209265549,11109.4749676934,617.7030372058,335.6089040142,1812.1727786842,225.5724132912,1586.600365393,12114.5997369926,11521.1119084457,593.4878285469,139740.42487389,77960.2237128316,10234.5357881716,5671.0457881716,5635.5457138696,,35.500074302,4563.49,1682.7875,758.1025,2122.6,67725.68792466,65338.1136123035,65338.1136123035,50602.2162356534,14735.8973766501,,2387.57431235649,20996.9693050644,1300.5730567724,29.675716511,1270.8973402614,10455.879930292,6999.879930292,3456,9240.516318,9240.516318,0,29669.5907271321,29668.1232236221,16541.587127642,13126.53609598,11562.8333457198,1.4675035101,7.08,11106.5611288614,431.1577326132,14162.4923181296,0,14162.4923181296,Debit
2019-03,2018-19:Q4,14162.4923181295,-4647.4476414917,-35214.075150131,30566.6275086394,21331.2237222198,2470.3868142216,-281.900908638799,116.7469873333,-128.8398426686,19154.8306719723,19868.1280493481,-819.6781674862,493.6044137749,423.9688534831,16159.9840189425,-156.5950685673,16316.5790875098,-6924.5802325229,-7488.3451982536,563.7649657307,19241.0976922344,15855.7741596372,6419.8971386978,9789.92479909179,5422.4079604619,3649.7969129319,717.719925698,-3370.027660394,-489.325160394,-758.1025,-2122.6,9435.8770209394,11468.8155343288,11468.8155343288,7997.6073007351,3471.2082335937,0,-2032.9385133894,10258.4522635688,1253.3291832352,-18.1357119398,1271.464895175,7537.38984429,291.60984429,7245.78,1467.7332360436,811.7332360436,656,-8063.5118556929,-9069.33069543949,-16098.706405986,7029.3757105465,3410.89371797239,1005.8188397466,-7.08,1197.4631247214,-431.1577326132,-14162.4923181296,0,-14162.4923181296,Net
2019-06,2019-20:Q1,299343.987054968,160681.020678522,82707.13529928,77973.8853792422,52195.8736082666,6950.01140651133,5342.72753837178,587.864373549879,151.292702217108,39163.9775876165,22810.5646789909,11475.430845774,1287.40853050424,699.545136477581,19963.2317992616,34.8008788266759,19928.4309204349,5814.77997171403,4463.00540152157,1351.77457019246,138298.089810688,88733.0446361758,21555.0181191765,21170.6633298136,16664.9313577324,3348.98197208118,1156.75,384.354789362887,384.354789362887,0,0,67178.0265169993,67072.7798856175,67072.7798856175,50490.6214543647,16582.1584312528,,105.246631381778,22208.9690760145,3017.83856768843,2.01305336425897,3015.82551432417,9762.74853832608,881.498538326085,8881.25,9428.38197,8028.38197,1400,17713.140277612,17713.140277612,6338.60918335136,11374.5310942606,10780.2237412786,,,9642.93582088607,364.876565757829,0,,,Credit
2019-06,2019-20:Q1,285359.993851209,175685.515586702,129481.095558193,46204.4200285083,32120.4889681628,6202.9111270401,6103.98361713966,409.249637857859,306.732599764998,19097.6119863602,1812.27249418303,11714.5169245468,518.774325991798,284.192050410797,1999.20859854371,294.54967213457,1704.65892640914,12084.7224618018,11445.8665692244,638.855892577353,109674.478264507,69897.8348946692,7562.50003668743,3976.49753668743,3957.31345072763,0,19.1840859598039,3586.0025,1592.44,787.7025,1205.86,62335.3348579818,61916.4978951491,61916.4978951491,47378.4745445517,14538.0233505973,,418.83696283266,12647.6903560345,1549.99556754054,28.854244186132,1521.14132335441,3659.50679849397,741.50679849397,2918,7438.18799,7438.18799,0,14279.7489413444,13896.9192082149,3594.76092412108,10302.1582840938,8026.25380082113,382.829733129484,60.06,12789.1440724594,,13983.9932037591,,13983.9932037591,Debit
2019-06,2019-20:Q1,13983.9932037591,-15004.4949081796,-46773.9602589135,31769.4653507339,20075.3846401038,747.10027947123,-761.256078767881,178.61473569202,-155.439897547889,20066.3656012563,20998.2921848079,-239.086078772763,768.634204512441,415.353086066784,17964.0232007179,-259.748793307894,18223.7719940258,-6269.94249008774,-6982.86116770285,712.918677615108,28623.6115461809,18835.2097415065,13992.5180824891,17194.1657931262,12707.6179070048,3348.98197208118,1137.5659140402,-3201.64771063711,-1208.08521063711,-787.7025,-1205.86,4842.6916590175,5156.28199046839,5156.28199046839,3112.1469098129,2044.1350806555,,-313.590331450882,9561.27871998,1467.84300014789,-26.841190821873,1494.68419096976,6103.24173983212,139.991739832115,5963.25,1990.19398,590.19398,1400,3433.39133626764,3816.22106939712,2743.84825923028,1072.37281016684,2753.96994045745,-382.829733129484,-60.06,-3146.20825157335,364.876565757829,-13983.9932037591,,-13983.9932037591,Net
2019-09,2019-20:Q2,303789.842292605,161552.72019794,79951.75482108,81600.96537686,52776.9566213446,7642.54653641512,5180.74560010452,602.39446004192,169.367547568146,39181.9024772149,23246.7181859383,10877.7704339264,1239.45540014155,635.376720902315,21985.7668750442,49.5033021614161,21936.2635728828,6838.24188047127,5433.82719127016,1404.41468920111,142237.122094665,85751.3782943223,15650.2924829631,14875.2989877533,10113.111281021,3463.7877067323,1298.4,774.993495209719,774.993495209719,0,0,70101.0858113593,68311.7314326588,68311.7314326588,48252.2843914049,20059.4470412539,,1789.35437870048,21543.929776281,1801.66749220315,1.98834629133553,1799.67914591182,9010.89228407782,1287.29228407782,7723.6,10731.37,10731.37,0,23880.8086973837,23880.8086973837,9913.52830821822,13967.2803891655,13458.1231048236,,,11061.0053266782,,0,,,Credit
2019-09,2019-20:Q2,298671.354869058,169132.204633792,119601.712132581,49530.4925012114,31836.0440098202,6031.24253301236,6008.92900943814,354.056181287795,297.668420456387,19144.1478656255,2182.29444715219,11211.1917903967,594.429464080513,354.138213290017,2034.22423167114,285.957572608649,1748.26665906249,15660.2242597201,14996.9802659883,663.243993731757,128657.47001255,75960.4752073027,8335.82989565299,4482.21739565299,4445.53201110154,0,36.6853845514531,3853.6125,1703.36,787.7025,1362.55,67624.6453116497,66306.6418376775,66306.6418376775,51607.738401864,14698.9034358135,,1318.00347397217,18472.3353502982,1366.4390852032,28.500103591593,1337.9389816116,5728.2995184504,1082.2995184504,4646,11377.5967466446,10940.12,437.476746644591,25699.2435753637,25364.2817805215,10148.3278939102,15215.9538866113,11178.3350281019,334.961794842204,2.12,8523.2958795851,881.680222715798,5118.48742354762,,5118.48742354762,Debit
2019-09,2019-20:Q2,5118.4874235476,-7579.48443585215,-39649.9573115007,32070.4728756486,20940.9126115243,1611.30400340276,-828.183409333621,248.338278754124,-128.300872888241,20037.7546115893,21064.4237387861,-333.421356470324,645.025936061032,281.238507612299,19951.542643373,-236.454270447233,20187.9969138203,-8821.98237924879,-9563.15307471814,741.170695469348,13579.6520821155,9790.90308701966,7314.46258731006,10393.0815921003,5667.5792699195,3463.7877067323,1261.71461544855,-3078.61900479028,-928.366504790281,-787.7025,-1362.55,2476.4404997096,2005.0895949813,2005.0895949813,-3355.4540104591,5360.5436054404,,471.350904728303,3071.59442598278,435.228406999958,-26.5117573002574,461.740164300215,3282.59276562742,204.992765627418,3077.6,-646.226746644592,-208.750000000002,-437.476746644591,-1818.43487798003,-1483.47308313783,-234.799585692004,-1248.67349744582,2279.78807672173,-334.961794842204,-2.12,2537.70944709312,-881.680222715798,-5118.48742354762,,-5118.48742354762,Net
2019-12,2019-20:Q3,316589.956598627,162793.078714134,81245.37815346,81547.7005606736,55158.4285103772,8545.27543305506,5448.10752143633,617.032145783028,156.707614545794,40391.305795557,23760.0868086923,11888.6208596389,1183.05849013691,756.725609511982,20827.2909271336,50.2617225888013,20777.0292045448,5561.98112316272,4122.30116204535,1439.67996111736,153192.067421075,94412.0800014466,19717.0540257641,19089.2691815186,11032.8705900802,3589.77859143843,4466.62,627.78484424547,627.78484424547,0,0,74695.0259756826,71760.691182978,71760.691182978,56355.981408554,15404.709774424,,2934.33479270457,23041.450216982,2511.23452111435,1.96553271076639,2509.26898840358,11007.4312922265,2692.05129222653,8315.38,9522.78440364113,9522.78440364113,0,21012.3111970687,21012.3107884789,5753.09569740289,15259.215091076,14407.4270132738,0.000408589802324838,,14726.2260055781,604.810463418002,0,,,Credit
2019-12,2019-20:Q3,294988.727659083,165423.056158251,117285.396196094,48137.6599621574,33279.61301887,5568.59001884725,6410.70439149459,549.480220638346,218.266518611517,20532.5718692783,2305.20651842825,12027.0103441825,549.915716955917,307.963830631744,1934.70442577534,290.073056850204,1644.63136892513,12923.342517512,12229.3772899137,693.96522759827,129565.671500832,76839.9017892021,9973.98651224576,5855.79401224576,5747.15605305722,0,108.637959188546,4118.1925,2168.57,787.7025,1161.92,66865.9152769564,63627.2493933601,63627.2493933601,50341.7652117726,13285.4841815875,,3238.66588359628,19906.5663826052,1243.2865760408,28.1731035049637,1215.11347253584,7770.62916066266,2686.62916066266,5084,10892.6506459018,10128.9795930285,763.671052873302,23336.2878166465,23278.5215932075,7259.70171672311,16018.8198764844,13579.4014398614,57.7662234389381,0.00701971965647508,9482.90849265821,,21601.228939544,,21601.228939544,Debit
2019-12,2019-20:Q3,21601.228939544,-2629.97744411774,-36040.0180426339,33410.0405985162,21878.8154915072,2976.68541420781,-962.596870058266,67.5519251446822,-61.5589040657233,19858.7339262787,21454.880290264,-138.389484543579,633.14277318099,448.761778880238,18892.5865013583,-239.811334261403,19132.3978356197,-7361.36139434926,-8107.07612786835,745.714733519093,23626.3959202437,17572.1782122445,9743.0675135183,13233.4751692728,5285.71453702295,3589.77859143843,4357.98204081145,-3490.40765575453,-1540.78515575453,-787.7025,-1161.92,7829.11069872619,8133.4417896179,8133.4417896179,6014.2161967814,2119.22559283649,,-304.331090891708,3134.88383437676,1267.94794507355,-26.2075707941973,1294.15551586775,3236.80213156386,5.42213156386379,3231.38,-1369.86624226065,-606.195189387352,-763.671052873302,-2323.97661957778,-2266.21080472865,-1506.60601932022,-759.604785408426,828.025573412406,-57.7658148491357,-0.00701971965647508,5243.31751291992,604.810463418002,-21601.228939544,,-21601.228939544,Net
2020-03,2019-20:Q4,334312.939043722,157116.153273328,76526.59162848,80589.5616448479,53059.7456716628,6860.25032370471,5016.45275749355,623.327133055979,181.834947809906,40377.8805095987,23284.8299001506,11473.6813430437,1023.69395717217,630.887115062489,20579.3172530217,26.1476025150357,20553.1696505067,6950.49872016333,5522.94036069115,1427.55835947218,176310.573789477,99637.8458842239,20871.2797925923,19255.2659179094,13923.0489591819,3772.23695872749,1559.98,1616.01387468294,1616.01387468294,0,0,78766.5660916316,76983.1890221249,76983.1890221249,60171.395222038,16811.793800087,,1783.3770695067,27444.202602821,1999.74283029538,1.93482650226487,1997.80800379312,16367.6648847955,1982.64488479553,14385.02,9076.79488773007,9076.79488773007,0,22109.2767985937,21996.4195873487,4813.42764371235,17182.9919436364,16844.2720024505,112.857211245024,,27119.2485038381,886.211980917023,0,,,Credit
2020-03,2019-20:Q4,315518.583786619,156558.46715244,111568.546506516,44989.920645924,31032.8036896114,4208.19056482119,5761.03670454778,425.704657676761,284.18038546982,20353.6913770958,2159.49309291536,11928.1738340419,1256.08923597744,349.745017998547,2179.26396143635,299.413031923011,1879.85092951334,11777.8529948763,11079.477785588,698.375209288309,158960.116634179,101419.533619898,8908.14008677735,4069.81758677735,4061.81187358987,0,8.00571318748183,4838.3225,2107.24,787.7025,1943.38,92511.3935331203,91725.9100736484,91725.9100736484,66380.5638261129,25345.346247535,,785.48345947191,17526.2182612237,1419.74690418256,27.7329738721065,1392.01393031045,6030.00462739056,1053.00462739056,4977,10076.4667296506,9725.38072965057,351.086,26715.6247365388,26715.6238169338,10222.1507829168,16493.4730340169,14079.0994039905,0.000919605074147669,6.89,13291.8500165188,,18794.3552571029,,18794.3552571029,Debit
2020-03,2019-20:Q4,18794.3552571029,557.68612088816,-35041.9548780356,35599.6409989238,22026.9419820514,2652.05975888352,-744.583947054234,197.622475379219,-102.345437659914,20024.1891325028,21125.3368072353,-454.492490998204,-232.395278805277,281.142097063942,18400.0532915854,-273.265429407975,18673.3187209934,-4827.35427471297,-5556.53742489684,729.183150183872,17350.4571552977,-1781.68773567375,11963.139705815,15185.448331132,9861.23708559201,3772.23695872749,1551.97428681252,-3222.30862531706,-491.22612531706,-787.7025,-1943.38,-13744.8274414887,-14742.7210515235,-14742.7210515235,-6209.168604075,-8533.55244744899,,997.893610034792,9917.98434159729,579.995926112824,-25.7981473698416,605.794073482665,10337.660257405,929.640257404968,9408.02,-999.671841920499,-648.585841920498,-351.086,-4606.3479379451,-4719.20422958505,-5408.72313920446,689.518909619412,2765.17259846003,112.85629163995,-6.89,13827.3984873193,886.211980917023,-18794.3552571029,,-18794.3552571029,Net
2020-06,2020-21:Q1,242564.556284415,122413.320034919,52209.7117992,70203.6082357188,46953.00453875,1868.29403882477,4804.93643182139,564.447156074114,147.96473491424,39567.3621771155,22622.8614167262,11282.2811537846,1009.47668831474,706.92231238961,18223.3055458024,26.988232376387,18196.317313426,5027.29815116635,3663.61539045073,1363.68276071562,120151.236249497,74498.1480552715,11984.6101805004,11840.4620193842,6897.33629454219,3908.09572484197,1035.03,144.148161116274,144.148161116274,0,0,62513.537874771,61869.3185871264,61869.3185871264,52748.6021979873,9120.7163891391,,644.21928764463,18847.1148367857,5742.63853948418,9.347792435371,5733.29074704881,4087.47125404915,441.501254049149,3645.97,9017.00504325238,9017.00504325238,0,17695.3986968424,17695.3980406,6870.71575108485,10824.6822895151,10652.6670097199,0.000656242415,,9110.57466059713,,0,,,Credit
2020-06,2020-21:Q1,222718.343281188,103355.371441472,63199.6335454223,40155.7378960493,26194.6419905514,2765.59167019436,4216.46698724437,378.472235301507,330.012722190252,18504.0983756209,1848.6588425533,11514.4822591758,1061.70228478239,304.34447361544,1248.97568852524,269.993396284186,978.982292241058,12712.1202169727,12042.9473434757,669.172873496932,118775.703941005,74384.4215202919,12512.5485460916,9735.01604609155,9724.84459746143,0,10.171448630128,2777.5325,1235.18,753.2625,789.09,61871.8729742004,60771.7251032813,60771.7251032813,48334.3207005716,12437.4044027097,,1100.14787091905,16097.0222313687,1637.67049560481,20.128891077787,1617.54160452702,5246.24950754391,1003.24950754391,4243,9213.10222821998,8411.87926144799,801.222966771995,15460.1772395954,14692.7880036671,4383.22464833004,10309.5633553371,7652.57801312551,767.389235928279,55.24,12778.8429497488,587.267898711296,19846.2130032278,,19846.2130032278,Debit
2020-06,2020-21:Q1,19846.2130032278,19057.9485934472,-10989.9217462223,30047.8703396695,20758.3625481987,-897.297631369595,588.46944457702,185.974920772608,-182.047987276012,21063.2638014946,20774.2025741729,-232.201105391236,-52.225596467649,402.577838774171,16974.3298572771,-243.005163907799,17217.3350211849,-7684.82206580631,-8379.331953025,694.509887218689,1375.53230849189,113.726534979549,-527.938365591119,2105.44597329261,-2827.50830291923,3908.09572484197,1024.85855136987,-2633.38433888373,-1091.03183888373,-753.2625,-789.09,641.664900570664,1097.59348384509,1097.59348384509,4414.2814974157,-3316.6880135706,,-455.928583274424,2750.09260541701,4104.96804387937,-10.781098642416,4115.74914252179,-1158.77825349476,-561.748253494759,-597.03,-196.097184967601,605.125781804394,-801.222966771995,2235.22145724701,3002.61003693287,2487.49110275481,515.118934178059,3000.0889965944,-767.388579685864,-55.24,-3668.26828915167,-587.267898711296,-19846.2130032278,,-19846.2130032278,Net
2020-09,2020-21:Q2,296176.267052105,150791.377413112,75590.98648458,75200.3909285315,49793.1344190574,2137.95042739492,5367.61966223607,589.535331280999,144.441169040936,41553.5878291045,24790.625216895,11624.2515868324,1003.20371238491,660.59886886803,20420.973522529,36.225222344713,20384.7483001843,4986.28298694511,3541.05119891375,1445.23178803136,145009.670812087,97295.6593193897,30501.506666047,29527.4950152384,23794.2029267336,4116.61208850487,1616.68,974.011650808578,974.011650808578,0,0,66794.1526533427,66419.5439590376,66419.5439590376,55006.72772,11412.81624,,374.608694305114,20645.1528699509,3208.54743141728,9.535924285665,3199.01150713161,8774.60339566503,769.283395665033,8005.32,8662.0020428686,8662.0020428686,0,18762.2108099126,18748.9174272968,7207.49569439466,11541.4217329021,10311.4290117248,13.293382615788,,8306.6478128333,375.218826906931,0,,,Credit
2020-09,2020-21:Q2,264607.815979664,135541.184066491,90406.9896752196,45134.1943912713,28707.4789766972,2763.98246114745,4758.8294217098,537.002815074867,190.065478953196,20457.5987998119,2769.14187948513,12353.7744789356,1106.84231966466,354.69364490229,2035.4488645269,269.68856258748,1765.76030193942,14391.2665500472,13695.1189364941,696.147613553082,129066.631913173,65873.5347774307,6077.03696812932,2449.89446812932,2444.69781866118,0,5.196649468146,3627.1425,1201.91,753.2625,1671.97,59796.4978093013,58683.8733312302,58683.8733312302,48182.97953,10500.8938,,1112.62447807116,24532.40869953,1322.85904722058,20.534001219996,1302.32504600059,12730.6489826284,1004.64898262844,11726,10478.9006696809,9769.93582957755,708.96484010339,30025.3601838632,30025.3591869661,16746.5078697745,13278.8513171917,8377.17956788999,0.000996897086,1.959636639683,8633.36861570934,,31568.4510724412,,31568.4510724412,Debit
2020-09,2020-21:Q2,31568.4510724412,15250.1933466206,-14816.0031906396,30066.1965372602,21085.6554423602,-626.03203375253,608.790240526267,52.532516206132,-45.62430991226,21095.9890292926,22021.4833374099,-729.522892103203,-103.638607279751,305.90522396574,18385.5246580021,-233.463340242767,18618.9879982449,-9404.98356310209,-10154.0677375804,749.084174478278,15943.0388989136,31422.1245419591,24424.4696979177,27077.6005471091,21349.5051080724,4116.61208850487,1611.48335053185,-2653.13084919142,-227.898349191422,-753.2625,-1671.97,6997.65484404138,7735.67062780741,7735.67062780741,6823.748188,911.9224403,,-738.015783766046,-3887.25582957905,1885.6883841967,-10.998076934331,1896.68646113103,-3956.0455869634,-235.365586963403,-3720.68,-1816.89862681234,-1107.93378670895,-708.96484010339,-11263.1493739506,-11276.4417596693,-9539.01217537979,-1737.42958428956,1934.2494438348,13.292385718702,-1.959636639683,-326.72080287604,375.218826906931,-31568.4510724412,,-31568.4510724412,Net
2020-12,2020-21:Q3,328715.902036997,156965.753239563,77218.18795578,79747.5652837834,53339.2629422066,2169.58116004362,5601.98852155546,574.576730556647,178.514125495947,44814.6024045549,25781.785967944,12930.0144415351,1068.1886469255,737.616459960719,20756.6327288973,61.98167199695,20694.6510569004,5651.66961267943,4117.60750943836,1534.06210324107,171174.031271313,120011.84088311,28406.5689808408,26926.3102709997,21843.2507637295,4391.80950727022,691.25,1480.25870984106,1480.25870984106,0,0,91605.271902269,91216.0888625715,91216.0888625715,80566.22788,10649.86099,,389.183039697509,19711.6237828041,2566.92650252081,9.616206777459,2557.31029574336,6691.53092257457,969.780922574575,5721.75,10453.1663577087,9538.08147158199,915.084886126708,21092.7221795852,20699.5224695883,5383.64200421108,15315.8804653773,14151.2066097221,393.199709996828,,10357.8444258143,576.117526119876,0,,,Credit
2020-12,2020-21:Q3,296233.196094372,159200.327316238,111820.170231299,47380.1570849387,30102.5326132747,2836.46030414047,5147.05691303148,576.821086603787,260.030652918623,21282.1636565803,2311.82121063022,12807.3005175425,1192.09417086845,380.780139702684,1498.2816935654,298.107107465158,1200.17458610025,15779.3427780987,15062.8348327889,716.507945309745,137032.868778134,81414.6000868949,11026.5426281581,6932.44012815811,6919.38938450765,0,13.050743650462,4094.1025,1949.19,753.2625,1391.65,70388.0574587368,69513.5289921801,69513.5289921801,60741.03443,8772.494562,,874.528466556663,19392.7272864016,1383.15047486907,20.706875997002,1362.44359887207,7785.60527592786,483.605275927858,7302,10223.9715356047,10223.9715356047,0,28706.8525800251,28706.8525800251,15872.450794989,12834.4017850361,11182.6030838881,,,7518.68882481261,,32482.7059426243,,32482.7059426243,Debit
2020-12,2020-21:Q3,32482.7059426243,-2234.57407667465,-34601.9822755193,32367.4081988446,23236.7303289319,-666.879144096846,454.931608523983,-2.24435604714,-81.516527422676,23532.4387479746,23469.9647573138,122.713923992686,-123.905523942958,356.836320258035,19258.3510353319,-236.125435468208,19494.4764708001,-10127.6731654192,-10945.2273233505,817.554157931321,34141.1624931791,38597.2407962149,17380.0263526827,19993.8701428416,14923.8613792219,4391.80950727022,678.199256349538,-2613.84379015894,-468.931290158937,-753.2625,-1391.65,21217.2144435322,21702.5598703914,21702.5598703914,19825.19345,1877.366424,,-485.345426859154,318.896496402467,1183.77602765174,-11.090669219543,1194.86669687129,-1094.07435335328,486.175646646716,-1580.25,229.194822104007,-685.8900640227,915.084886126708,-7614.13040043996,-8007.33011043679,-10488.8087907779,2481.47868034112,2968.60352583392,393.199709996828,,2839.15560100168,576.117526119876,-32482.7059426243,,-32482.7059426243,Net
2021-03,2020-21:Q4,336072.002893035,173382.230555912,91280.900529,82101.330026912,56004.3386724549,2307.63617429141,6079.59822008747,647.489968965643,158.875947985167,46810.7383611252,26802.0180901322,13324.4747433904,1257.62941486372,696.072085469828,20927.0411553302,17.727056374786,20909.3140989554,5169.95019912699,3517.33700935309,1652.6131897739,162689.772337123,108195.241410461,15392.8412835027,13678.735305548,8552.74323258868,4518.62207295934,607.37,1714.1059779547,1714.1059779547,0,0,92802.4001269579,92499.7783450549,92499.7783450549,81440.31574,11059.4626,,302.621781903009,26446.3635712526,5379.88191255815,9.730966364738,5370.15094619341,11834.1422496281,682.512249628071,11151.63,9232.33940906642,8067.25452293971,1165.08488612671,16733.1690135659,16518.4748799091,4141.4856890863,12376.9891908228,11350.0094869237,214.694133656811,,11314.9983418435,,0,,,Credit
2021-03,2020-21:Q4,332682.919984634,181543.471344797,133025.455450139,48518.0158946575,32519.7992933982,3141.36365648468,5633.12379855802,565.973863475535,241.285000212077,22938.0529746679,3327.14579923317,12846.5305196453,1402.19006859999,398.572625178498,2085.3360501793,284.515613123203,1800.8204370561,13912.8805510801,13192.2488466227,720.631704457341,150428.768896229,98236.423877543,12714.303005316,7928.49050531598,7894.06642211976,0,34.424083196215,4785.8125,1197.21,753.2625,2835.34,85522.120872227,84310.1987164913,84310.1987164913,73679.02114,10631.17758,,1211.92215573574,18724.9327939545,1387.19305328129,20.953991371937,1366.23906190935,5759.44305820398,745.443058203982,5014,11578.2966824692,11578.2966824692,0,21158.3316732394,21158.3310534103,7973.0122254069,13185.3188280034,11888.5109430065,0.000619829103,6.842902894975,12302.2376485967,710.679743608591,3389.08290840061,,3389.08290840061,Debit
2021-03,2020-21:Q4,3389.08290840063,-8161.24078888493,-41744.5549211394,33583.3141322545,23484.5393790567,-833.727482193272,446.474421529446,81.516105490108,-82.40905222691,23872.6853864573,23474.872290899,477.944223745131,-144.560653736266,297.499460291329,18841.7051051508,-266.788556748417,19108.4936618993,-8742.93035195307,-9674.91183726963,931.981485316563,12261.0034408941,9958.81753291762,2678.53827818674,5750.24480023205,658.676810468921,4518.62207295934,572.945916803786,-3071.7065220453,516.895977954697,-753.2625,-2835.34,7280.27925473088,8189.5796285636,8189.5796285636,7761.294606,428.285022599999,,-909.300373832731,7721.43077729818,3992.68885927686,-11.223025007199,4003.91188428406,6074.69919142409,-62.930808575911,6137.63,-2345.95727340277,-3511.04215952948,1165.08488612671,-4425.1626596735,-4639.85617350121,-3831.5265363206,-808.329637180612,-538.501456082786,214.693513827708,-6.842902894975,-987.239306753198,-710.679743608591,-3389.08290840061,,-3389.08290840061,Net
2021-06,2021-22:Q1,344158.984225011,180111.057535091,97447.66321134,82663.3943237506,56216.6959320391,1596.6722182395,6732.68804302427,772.223590949854,203.326638376219,46911.7854414493,27602.4559310244,12961.5127387702,1200.55143749836,806.676191269771,20916.9197272919,23.220279961811,20893.6994473301,5529.77866441953,3928.50524617171,1601.27341824782,164047.926689921,102725.866998203,23689.3731255416,23147.2520733431,17772.739845066,4377.62222827703,996.89,542.121052198505,542.121052198505,0,0,79036.4938726618,77499.0518537995,77499.0518537995,69768.93134,7730.120514,,1537.44201886233,16564.2875842655,1891.47149593155,12.830026406917,1878.64146952464,3370.1673452475,736.057345247501,2634.11,11302.6487430865,9258.95252966755,2043.69621341892,28916.1346220184,28916.1346220184,16215.636779603,12700.4978424154,11211.5508212217,,,15841.6374854334,,0,,,Credit
2021-06,2021-22:Q1,312288.790805267,173551.740891885,128162.874053364,45388.8668385213,30408.4571073072,2885.25014683794,6615.95218615176,428.418293765257,235.736647720795,20243.0998328315,2466.18881243059,11634.6924464397,1118.01752894064,309.93842201575,1903.89126360486,232.116621007978,1671.77464259688,13076.5184676092,12365.6663339283,710.852133680882,138656.046082707,90769.7012578778,12135.2772985407,5909.82979854069,5818.01999696948,0,91.809801571203,6225.4475,2531.6175,844.7,2849.13,78634.4239593371,77120.9306199129,77120.9306199129,68832.11781,8288.812814,,1513.49333942415,13727.284239389,1605.09474554721,16.288422641395,1588.80632290581,2756.38034560395,293.380345603955,2463,9365.80914823786,9365.80914823786,0,24851.3906370939,24826.6653079902,14609.6083835676,10217.0569244227,8686.1246945041,24.725329103707,56.829343412923,9250.84060493301,81.003830675255,31870.1934197444,,31870.1934197444,Debit
2021-06,2021-22:Q1,31870.1934197444,6559.31664320559,-30715.2108420237,37274.5274852293,25808.2388247319,-1288.57792859845,116.73585687251,343.805297184596,-32.410009344576,26668.6856086178,25136.2671185938,1326.82029233046,82.533908557721,496.737769254021,19013.028463687,-208.896341046167,19221.9248047332,-7546.73980318968,-8437.16108775662,890.421284566941,25391.8806072141,11956.1657403256,11554.0958270009,17237.4222748024,11954.7198480966,4377.62222827703,905.080198428797,-5683.3264478015,-1989.4964478015,-844.7,-2849.13,402.069913324725,378.121233886544,378.121233886544,936.813534,-558.6923001,,23.948679438184,2837.0033448765,286.376750384346,-3.458396234478,289.835146618825,613.786999643546,442.676999643546,171.11,1936.83959484861,-106.856618570311,2043.69621341892,4064.74398492448,4089.46931402819,1606.02839603546,2483.44091799273,2525.42612671763,-24.725329103707,-56.829343412923,6590.79688050039,-81.003830675255,-31870.1934197444,,-31870.1934197444,Net
2021-09,2021-22:Q2,405412.219475062,194262.477974436,104768.57910786,89493.898866576,61418.0968715251,2146.67428920818,7580.86969876324,795.474355235141,216.952000517574,50678.126527801,29965.0153603287,13857.8627721617,1302.7648149853,766.046636500926,21153.8277906992,18.426990768228,21135.4007999309,6921.97420435171,5424.94594029226,1497.02826405944,209849.155596331,132472.432040961,20541.4111248149,19374.6269246646,13806.3165569691,4668.40036769543,899.91,1166.78420015035,1166.78420015035,0,0,111931.020916146,110447.640910756,110447.640910756,95335.48799,15112.15292,,1483.38000539011,25722.6480331822,2418.44242124386,12.773401630658,2405.6690196132,9282.7256806747,281.635680674697,9001.09,14021.4799312636,9614.94046728564,4406.53946397796,20816.8674002584,20473.3556303945,10096.8876666488,10376.4679637457,8574.49691875502,343.511769863905,,30837.2081219296,1300.58590429488,0,,,Credit
2021-09,2021-22:Q2,374223.439690444,203996.363198848,149279.856103564,54716.5070952842,35838.7397582799,3919.13034778507,8180.85968818792,575.391466308453,197.966198641966,22965.3920573565,3183.82429730552,12456.8673947319,1462.55653433063,274.6389808814,2163.31208840582,239.479294866864,1923.83279353895,16714.4552485985,15960.1511854588,754.304063139686,170227.076491596,119897.73715599,11844.1467687073,6474.85926870727,6258.63865581641,0,216.22061289086,5369.2875,2824.4875,844.7,1700.1,108053.590387283,105904.017206155,105904.017206155,94717.7212,11186.29601,,2149.57318112741,17888.2726003761,1289.50432225236,16.21653438034,1273.28778787202,4940.9098895311,248.909889531098,4692,11657.8583885927,11657.8583885927,0,20456.5677416817,20456.5677416817,9858.1413333343,10598.4264083474,9357.03133114542,,1.959636639683,11982.5393569085,,31188.7797846184,,31188.7797846184,Debit
2021-09,2021-22:Q2,31188.7797846184,-9733.88522441173,-44511.2769957035,34777.3917712918,25579.3571132452,-1772.4560585769,-599.989989424683,220.082888926687,18.985801875609,27712.7344704445,26781.1910630232,1400.99537742981,-159.791719345324,491.407655619527,18990.5157022934,-221.052304098636,19211.568006392,-9792.48104424675,-10535.2052451665,742.724200919758,39622.0791047352,12574.6948849711,8697.26435610762,12899.7676559573,7547.67790115271,4668.40036769543,683.689387109139,-4202.50329984965,-1657.70329984965,-844.7,-1700.1,3877.43052886345,4543.62370460074,4543.62370460074,617.7667907,3925.856914,,-666.193175737298,7834.37543280604,1128.9380989915,-3.443132749683,1132.38123174118,4341.8157911436,32.725791143599,4309.09,2363.62154267094,-2042.91792130702,4406.53946397796,360.299658576703,16.787888712799,238.746333314457,-221.95844460166,-782.534412390394,343.511769863905,-1.959636639683,18854.6687650211,1300.58590429488,-31188.7797846184,,-31188.7797846184,Net
2021-12,2021-22:Q3,427124.045876827,205567.300725065,108927.21526326,96640.0854618052,67016.3260517486,2599.26809619859,8948.24501804616,844.419385545109,222.55549864106,54401.8380533177,31739.59790853,15311.99995153,1354.4942254125,800.820433665075,23528.1694489531,132.261992011253,23395.9074569419,6095.5899611034,4448.62713040444,1646.96283069897,221424.400574845,147690.146211357,19608.2262702807,19032.3269400272,12259.249662026,5072.0672780012,1701.01,575.899330253485,575.899330253485,0,0,128081.919941076,127509.007192848,127509.007192848,115423.3714,12085.63575,,572.912748227996,29432.5839286627,2692.399537451,12.630728649844,2679.76880880116,6111.10920489328,352.119204893285,5758.99,20629.0751863184,12002.6811067185,8626.39407959999,25912.5850882888,25912.5850882888,11212.8346732926,14699.7504149962,12140.8254585117,,,18389.0853465372,132.344576916185,0,,,Credit
2021-12,2021-22:Q3,426658.66013212,227733.913385517,168677.003188777,59056.9101967406,39207.0051123019,4334.58768075947,10037.3296600458,644.063501180587,263.743604489137,23927.2806658269,3383.54554559102,13722.0856311806,1535.24296357388,276.438513745874,2216.35228527944,267.173493542723,1949.17879173672,17633.5527991593,16839.3284587104,794.224340448815,198924.746746602,148973.081881502,15049.5816081379,10192.4841081379,9935.60896224149,0,256.875145896453,4857.0975,2572.9475,844.7,1439.45,133923.500273364,132212.765507814,132212.765507814,119515.9087,12696.85682,,1710.73476554937,19409.5034250819,1399.09452793885,16.035403201238,1383.05912473761,6365.00794249936,241.007942499364,6124,11645.4009546437,11645.4009546437,0,17707.0363447551,17500.7219648983,6154.33714114518,11346.3848237531,10809.129232556,206.314379856734,,12835.1250952637,,465.385744707033,,465.385744707033,Debit
2021-12,2021-22:Q3,465.385744707019,-22166.6126604523,-59749.7879255168,37583.1752650646,27809.3209394467,-1735.31958456088,-1089.08464199964,200.355884364522,-41.188105848077,30474.5573874908,28356.052362939,1589.91432034939,-180.748738161378,524.381919919201,21311.8171636737,-134.911501531471,21446.7286652052,-11537.9628380559,-12390.701328306,852.738490250152,22499.6538282431,-1282.93567014494,4558.64466214275,8839.84283188927,2323.64069978452,5072.0672780012,1444.13485410355,-4281.19816974651,-1997.04816974652,-844.7,-1439.45,-5841.5803322877,-4703.75831496634,-4703.75831496634,-4092.537246,-611.2210689,,-1137.82201732137,10023.0805035808,1293.30500951216,-3.404674551394,1296.70968406355,-253.898737606079,111.111262393921,-365.01,8983.67423167477,357.28015207478,8626.39407959999,8205.5487435337,8411.86312339043,5058.49753214737,3353.36559124306,1331.69622595574,-206.314379856734,,5553.9602512735,132.344576916185,-465.385744707033,,-465.385744707033,Net
2022-03,2021-22:Q4,384903.398153397,218822.871418081,118020.20215098,100802.669267101,69875.5916868991,2756.87259062338,9398.14955530996,904.083245319216,159.697788198197,56656.7885074484,32786.0640452963,16835.2537042985,1614.67421698567,763.320020177193,23723.424327639,20.955112372533,23702.4692152665,7203.65325256242,5589.20648726922,1614.4467652932,166080.526735316,95111.3437910126,24396.4280260989,23281.1661547483,15845.4016584647,5228.55449628361,2207.21,1115.26187135064,1115.26187135064,0,0,70714.9157649137,70254.2783135105,70254.2783135105,62553.17672,7701.101595,0,460.637451403201,33737.1273772305,3988.1368601989,12.58105616654,3975.55580403236,11345.760676,513.970675864562,10831.79,18403.229841,14570.5375643317,3832.69227683533,27240.682215397,27194.6163286327,13119.8944545585,14074.7218740742,13467.7985485106,46.065886764356,0,9991.37335167589,0,16023.6088101421,0,16023.6088101421,Credit
2022-03,2021-22:Q4,400927.006963539,232247.254785642,172503.280535526,59743.9742501155,41556.7811919108,5133.19361145269,11002.3278622454,427.82085640345,270.529846666202,24722.909015143,3520.05584872017,13866.9636818239,1503.84295028573,269.046473454963,2591.484263429,238.733357816513,2352.75090561248,15595.7087947757,14791.6314919301,804.077302845597,167787.031819823,96550.0099424782,10619.9265230737,6027.68902307373,5176.76905747782,0,850.919965595909,4592.2375,2132.1275,844.7,1615.41,85930.0834194044,84543.2479335268,84543.2479335268,75636.03187,8907.216068,0,1386.83548587761,20826.2380913915,1331.01091185052,15.972341257635,1315.03857059289,7912.778301,372.778301313724,7540,11582.448878,11582.4488782273,0,33202.0361489736,32602.0352410613,17970.3882555211,14631.6469855402,13308.6583009443,600.000907912306,12.358217156274,17196.3894198234,892.720358074163,0,0,0,Debit
2022-03,2021-22:Q4,-16023.6088101421,-13424.3833675611,-54483.0783845462,41058.6950169851,28318.8104949883,-2376.3210208293,-1604.17830693547,476.262388915766,-110.832058468004,31933.8794923054,29266.0081965761,2968.29002247452,110.831266699936,494.27354672223,21131.9400642101,-217.778245443979,21349.718309654,-8392.05554221331,-9202.42500466091,810.369462447599,-1706.50508450691,-1438.66615146551,13776.5015030252,17253.4771316746,10668.6326009869,5228.55449628361,1356.29003440409,-3476.97562864936,-1016.86562864936,-844.7,-1615.41,-15215.1676544907,-14288.9696200163,-14288.9696200163,-13082.85515,-1206.114473,0,-926.198034474404,12910.889285839,2657.12594834837,-3.391285091094,2660.51723343947,3432.982375,141.192374550838,3291.79,6820.780963,2988.08868610445,3832.69227683533,-5961.35393357659,-5407.41891242863,-4850.4938009626,-556.925111466033,159.140247566338,-553.935021147951,-12.358217156274,-7205.01606814751,-892.720358074163,16023.6088101421,0,16023.6088101421,Net
2022-06,2022-23:Q1,424381.462476344,231036.119984774,122797.190313665,108238.929671109,76093.1515387374,4705.44612642743,9848.65486016678,914.755467507327,170.236358648135,60454.0587259877,34476.1144987213,17750.7093276182,1659.79074265272,961.146561701203,25651.2224780562,31.253024182558,25619.9694538737,6494.55565431575,4804.02598009337,1690.52967422238,192840.60701162,106256.457704054,23025.4968350458,22473.724167622,16947.5241467612,4389.75002086081,1136.45,551.772667423768,551.772667423768,0,0,83230.9608690081,82548.4235496593,82548.4235496593,72768.4990696134,9779.92448004588,0,682.53731934885,23964.6571601265,3228.7953599929,8.184842980486,3220.61051701241,3252.183909,215.633909466986,3036.55,17483.677891,17483.6778906667,0,49574.2348064436,49574.2348064436,35833.7147632165,13740.5200432271,12286.55472823,0,0,13045.2573409959,504.735479950254,0,0,0,Credit
2022-06,2022-23:Q1,419786.05885416,249000.447684911,185851.221637148,63149.226047763,45024.4194342711,6298.65628889828,11779.5101085428,509.958606454838,206.788109676581,26229.5063206986,3784.21200240678,14302.6860652017,1513.54847607322,439.157776399164,2776.94288626392,221.907004911214,2555.03588135271,15347.863727228,14565.2671888034,782.596538424614,170785.611169248,107494.101479794,9633.04858788535,6211.21358788535,5796.65368908883,0,414.55989879652,3421.835,1253.62625,1102.94875,1065.26,97861.0528919088,97207.2940378962,97207.2940378962,87797.6279750278,9409.66606286835,0,653.758854012572,19904.8617815371,1423.582158726,23.350513532305,1400.2316451937,6061.572521,137.572520888431,5924,12419.707102,11501.7071019227,918,30532.9778202901,30018.4829764788,16375.3465251004,13643.1364513784,11937.1256872862,514.494843811379,59.032184132677,12794.6379034942,0,4595.40362218492,0,4595.40362218492,Debit
2022-06,2022-23:Q1,4595.40362218494,-17964.3277001369,-63054.0313234832,45089.7036233463,31068.7321044663,-1593.21016247085,-1930.85524837601,404.796861052489,-36.551751028446,34224.5524052891,30691.9024963145,3448.02326241648,146.242266579501,521.988785302038,22874.2795917923,-190.653980728656,23064.933572521,-8853.30807291226,-9761.24120871003,907.933135797771,22054.9958423716,-1237.64377574017,13392.4482471604,16262.5105797367,11150.8704576724,4389.75002086081,721.89010120348,-2870.06233257623,-701.853582576232,-1102.94875,-1065.26,-14630.0920229006,-14658.8704882369,-14658.8704882369,-15029.1289054144,370.258417177538,0,28.778465336278,4059.7953785894,1805.21320126689,-15.165670551819,1820.37887181871,-2809.388611,78.061388578555,-2887.45,5063.970789,5981.97078874395,-918,19041.2569861534,19555.7518299648,19458.3682381161,97.383591848728,349.429040943796,-514.494843811379,-59.032184132677,250.619437501637,504.735479950254,-4595.40362218492,0,-4595.40362218492,Net
2022-09,2022-23:Q2,375274.352223835,225321.51600847,111851.7913386,113469.72466987,79981.0083437162,5774.84210748016,9528.61503460276,755.763668860713,183.322773840978,63738.4647589316,36227.6118052181,19141.3185470159,2113.14513355989,802.643373110928,27461.5401306745,51.74130757007,27409.7988231044,6027.17619547898,4397.6375469226,1629.53864855638,149952.836215365,99782.6604005691,18104.3151526723,16900.2407040469,10698.7941892383,4672.33651480856,1529.11,1204.07444862541,1204.07444862541,0,0,81678.3452478968,81374.8514384738,81374.8514384738,72212.0431665017,9162.80827197216,0,303.493809422988,24578.4781560966,2017.03851921305,7.916549845867,2009.12196936718,5409.40293,358.512929609292,5050.89,17152.036707,17152.0367072742,0,15566.7763288598,15566.7761514951,134.095317102018,15432.6808343931,13993.2580660938,0.000177364666,0,10024.92132984,0,30378.8423869664,0,30378.8423869664,Credit
2022-09,2022-23:Q2,405653.194610801,256223.894306565,190164.861787083,66059.0325194818,45555.2732174217,7539.22156680255,11337.2875195907,585.933645602407,219.418597861402,25873.4118875646,3546.28723394331,13963.5114857882,1599.55438613268,399.180278078048,2688.12544641271,268.84675922784,2419.27868718487,17815.6338556474,16961.4093549373,854.224500710093,148491.93411832,87041.8316698608,11895.3587284911,7803.20372849108,7111.0115971882,0,692.192131302881,4092.155,1782.42625,1102.94875,1206.78,75146.4729413697,74473.4217688059,74473.4217688059,66209.5091688723,8263.91259993361,0,673.05117256378,23971.2213322311,1523.2859231719,22.585100868253,1500.70082230364,5606.10555,100.105549543968,5506,16841.82986,15041.2796732894,1800.55018622588,24013.3054300196,24011.6619757781,10646.0262727742,13365.6357030039,11503.5734046243,1.643454241497,1.28480930285,13464.2908769056,937.366185916889,0,0,0,Debit
2022-09,2022-23:Q2,-30378.8423869664,-30902.378298095,-78313.0704484828,47410.6921503878,34425.7351262945,-1764.37945932239,-1808.67248498792,169.830023258306,-36.095824020423,37865.0528713669,32681.3245712747,5177.80706122776,513.590747427206,403.46309503288,24773.4146842618,-217.105451657771,24990.5201359195,-11788.4576601684,-12563.7718080147,775.314147846287,1460.9020970455,12740.8287307084,6208.95642418124,9097.03697555583,3587.78259205015,4672.33651480856,836.917868697119,-2888.08055137459,-578.351801374588,-1102.94875,-1206.78,6531.8723065271,6901.42966966789,6901.42966966789,6002.53399762935,898.895672038547,0,-369.557363140793,607.256823865428,493.752596041153,-14.668551022386,508.42114706354,-196.7026199,258.407380065324,-455.11,310.2068478,2110.75703398483,-1800.55018622588,-8446.52910115984,-8444.88582428301,-10511.9309556722,2067.04513138915,2489.6846614695,-1.643276876831,-1.28480930285,-3439.36954706557,-937.366185916889,30378.8423869664,0,30378.8423869664,Net
2022-12,2022-23:Q3,403847.390138995,227508.87411849,105602.77594607,121906.09817242,83421.3443834074,8123.14633693017,8757.63280984267,783.106885919166,184.959018038028,65572.4993326773,37598.6651446289,21197.9126176175,1948.94725578477,842.294304763149,30866.8161223027,58.167223848341,30808.6488984544,7617.9376667099,5901.59720888176,1716.34045782814,176338.516020505,95269.161400508,17018.0698832265,16123.5460888654,10245.658499849,5066.40758901633,811.48,894.523794361102,894.523794361102,0,0,78251.0915172815,77433.2293393925,77433.2293393925,71477.4525047532,5955.77683463937,0,817.862177888994,25542.5210143523,3087.91268890381,7.684543680003,3080.22814522381,4710.45379,438.933789521042,4271.52,17744.154536,17744.1545359275,0,36229.5716106571,36229.5714675514,18144.8477500598,18084.7237174916,16928.3555376169,0.000143105738,0,19297.2619949874,0,0,0,0,Credit
2022-12,2022-23:Q3,392778.496158634,244340.975738464,176940.212942372,67400.7627960921,44707.9701791955,6910.35679484342,9409.14865334822,796.527226634317,281.86517887606,27310.0723254935,4057.72015100847,15125.4022489427,1292.42427217311,328.562604166855,2399.64462576515,232.005764521489,2167.63886124366,20293.1479911315,19426.3350108766,866.8129802549,147451.359965796,88628.5078857464,14987.9673715664,8796.31237156644,7931.80977971127,0,864.502591855173,6191.655,3611.79625,1102.94875,1476.91,73640.54051418,72916.0855907715,72916.0855907715,65940.0917759311,6975.99381484045,0,724.454923408455,24995.193034682,1583.99459907872,21.923211186496,1562.07138789222,7119.11796,316.117960408983,6803,16292.080475,15437.2901575306,854.790317663748,21794.5100096616,21649.1781128269,6135.41155799204,15513.7665548348,14359.2724343148,145.331896834766,0.54,12032.6090357057,986.160454374561,11068.8939803608,0,11068.8939803608,Debit
2022-12,2022-23:Q3,11068.8939803608,-16832.1016199737,-71337.4369963016,54505.3353763279,38713.3742042119,1212.78954208675,-651.515843505547,-13.420340715152,-96.906160838032,38262.4270071838,33540.9449936204,6072.51036867483,656.522983611665,513.731700596294,28467.1714965376,-173.838540673148,28641.0100372107,-12675.2103244216,-13524.7378019948,849.527477573238,28887.156054709,6640.65351476158,2030.10251166001,7327.23371729891,2313.84872013775,5066.40758901633,-53.022591855173,-5297.1312056389,-2717.2724556389,-1102.94875,-1476.91,4610.55100310156,4517.14374862102,4517.14374862102,5537.3607288221,-1020.21698020108,0,93.407254480539,547.327979670306,1503.91808982509,-14.238667506493,1518.15675733159,-2408.664171,122.815829112059,-2531.48,1452.074061,2306.8643783969,-854.790317663748,14435.0616009955,14580.3933547245,12009.4361920678,2570.95716265671,2569.08310330203,-145.331753729028,-0.54,7264.65295928166,-986.160454374561,-11068.8939803608,0,-11068.8939803608,Net
2023-03,2022-23:Q4,391827.326072418,238010.296497443,115821.17035999,122189.126137453,85833.1940118716,8445.29898477862,7956.44652760093,823.824914932638,144.079996802998,68463.5435877564,38472.6115006327,22259.8025060756,2092.6199535667,2557.67994324745,28650.2046661915,23.574761448999,28626.6299047425,7705.72745938964,6010.25749701055,1695.46996237909,153421.935654244,83781.219467972,17084.3813847502,15857.5014119735,9708.00211032711,4976.20930164644,1173.29,1226.87997277667,1226.87997277667,0,0,66696.8380832217,66116.5796013943,66116.5796013943,57476.23144,8640.348166,0,580.258481827428,26512.3748561114,3239.77227329302,7.678885089532,3232.09338820349,7322.579994,271.869993967456,7050.71,15950.022589,15950.0225888509,0,27997.1923010784,27921.9344143938,4274.25033755081,23647.6840768429,21066.2067207443,75.257886684601,0,15131.1490290823,395.093920731272,0,0,0,Credit
2023-03,2022-23:Q4,386247.909186776,239366.274116399,168407.677313211,70958.5968031879,46758.3775953496,7698.3304335359,8091.48322045747,454.629989912181,306.879993190617,30207.0539582534,4102.93590895965,16314.4827498841,1302.85147109093,2216.78995081148,3888.15258562762,341.535164323784,3546.61742130384,20312.0666222107,19395.0574572437,917.00916496698,146881.635070377,79090.631619207,10729.6048549207,6538.31985492073,6254.16986122576,0,284.149993694975,4191.285,2123.04625,1102.94875,965.29,68361.0267642862,67704.0982917236,67704.0982917236,59958.74945,7745.348845,0,656.928472562626,23457.2889136548,1521.80553398286,21.907067811028,1499.89846617183,5698.149992,382.149991520445,5316,16237.333388,13645.5214151796,2591.81197297184,32046.828678586,32046.828532644,13259.9340863267,18786.8944463173,17485.0602073888,0.000145941981,7.34816690288,12279.5376920268,0,5579.41688564205,0,5579.41688564205,Debit
2023-03,2022-23:Q4,5579.41688564204,-1355.97761895583,-52586.5069532207,51230.5293342649,39074.816416522,746.96855124272,-135.036692856541,369.194925020457,-162.799996387619,38256.489629503,34369.675591673,5945.31975619147,789.768482475768,340.889992435967,24762.0520805639,-317.960402874785,25080.0124834387,-12606.3391628211,-13384.7999602332,778.46079741211,6540.3005838666,4690.58784876499,6354.77652982948,9319.18155705282,3453.83224910135,4976.20930164644,889.140006305025,-2964.40502722333,-896.166277223332,-1102.94875,-965.29,-1664.18868106449,-1587.51869032931,-1587.51869032931,-2482.518012,894.9993218,0,-76.669990735198,3055.08594245662,1717.96673931016,-14.228182721497,1732.19492203166,1624.430002,-110.279997552989,1734.71,-287.3107993,2304.50117367129,-2591.81197297184,-4049.63637750762,-4124.89411825025,-8985.68374877592,4860.78963052568,3581.14651335557,75.25774074262,-7.34816690288,2851.61133705552,395.093920731272,-5579.41688564205,0,-5579.41688564205,Net
2023-06,2023-24:Q1,403472.435145875,221635.956474149,104935.73592846,116700.220545689,80569.489198659,6411.550006752,7408.187649918,760.521104402,158.80002363,65830.430413957,38171.746305123,21830.873848516,1891.240281424,830.564123591,27116.847280533,19.517682511,27097.329598023,9013.884066497,7186.873794631,1827.010271866,181836.478671726,109055.84259768,19280.450917815,17791.730696288,11265.753795314,4540.596900974,1985.38,1488.720221527,1488.720221527,0,0,89775.391679865,88743.014385613,88743.014385613,77173.897795401,11569.116590212,0,1032.377294253,30359.08535743,3031.833787744,8.813667821,3023.020119923,15452.210329093,2211.590329093,13240.62,11875.041240592,11875.041240592,0,33278.723892822,33107.147353544,13315.315242214,19791.83211133,18896.485886569,171.576539278,0,9142.826823794,,0,0,,Credit
2023-06,2023-24:Q1,379040.846202148,230599.505618983,161636.959961351,68962.545657632,45448.606268744,9488.777781303,7693.135144767,590.500087869,249.510037128,27426.683217677,4243.356631427,15203.43391858,1152.472671492,323.920048201,4278.6422725,254.781673734,4023.860598766,19235.297116388,18367.700877911,867.596238477,148014.147929314,88595.151933441,14550.582176648,10427.481551648,9350.511391391,,1076.970160257,4123.100625,1863.989375,1446.38125,812.73,74044.569756793,72653.786603344,72653.786603344,63524.793418095,9128.993185249,0,1390.783153448,28183.912639525,1602.519531618,49.099115855,1553.420415763,9717.370308228,2071.370308228,7646,16864.022799679,14351.553593965,2512.469205714,20338.538249188,20338.537820863,3381.719023845,16956.818797018,16688.121371056,0.000428325,62.26950947,10834.275597691,427.192653851,24431.588943727,0,24431.588943727,Debit
2023-06,2023-24:Q1,24431.588943727,-8963.549144834,-56701.224032891,47737.674888058,35120.882929915,-3077.227774551,-284.94749485,170.021016534,-90.710013498,38403.74719628,33928.389673696,6627.439929936,738.767609931,506.644075391,22838.205008033,-235.263991224,23073.468999257,-10221.41304989,-11180.827083279,959.414033389,33822.330742412,20460.69066424,4729.868741167,7364.24914464,1915.242403923,4540.596900974,908.409839743,-2634.380403473,-375.269153473,-1446.38125,-812.73,15730.821923073,16089.227782268,16089.227782268,13649.104377306,2440.123404962,0,-358.405859196,2175.172717905,1429.314256126,-40.285448034,1469.59970416,5734.840020865,140.220020865,5594.62,-4988.981559086,-2476.512353372,-2512.469205714,12940.185643634,12768.609532681,9933.596218369,2835.013314312,2208.364515513,171.576110953,-62.26950947,-1691.448773897,-427.192653851,-24431.588943727,0,-24431.588943727,Net
2023-09,2023-24:Q2,438425.268768988,231669.997909888,108254.47735345,123415.520556438,83351.56347764,7481.685010881,7054.140062532,827.683635433,139.640006435,67848.414762358,39569.855369373,21471.664002591,2069.403590606,887.18114791,28146.657547125,22.806330278,28123.851216847,11917.299531674,10157.779450585,1759.520081089,205809.094575614,128572.637600959,16586.495135347,15722.95509555,9876.910068583,4739.875026967,1106.17,863.540039797,863.540039797,0,0,111986.142465612,111127.382344863,111127.382344863,101529.193327051,9598.189017812,0,858.760120749,29728.855440574,2601.262253876,8.764529707,2592.497724169,7465.650131474,2852.820131474,4612.83,19661.943055223,17631.56214105,2030.380914173,34019.730829481,34019.730392022,8672.579518538,25347.150873485,21257.16151162,0.000437458,0,13487.8707046,946.176283486,0,0,0,Credit
2023-09,2023-24:Q2,435906.686979603,242954.090706768,172800.198119336,70153.892587432,43411.4371108,8661.905072642,7276.740327505,820.800037363,244.070011247,26407.921662042,4333.123194115,13672.528944378,1182.749054466,364.70001643,3220.701163964,266.931029155,2953.770134809,23521.754312668,22604.836467224,916.917845443,192952.596272835,124459.596128736,17419.981209653,12686.180584653,12277.55056582,,408.630018832,4733.800625,1683.499375,1446.38125,1603.92,107039.614919084,105841.414746289,105841.414746289,97936.516135746,7904.898610543,0,1198.200172794,26440.274349722,1799.698898932,48.825377611,1750.873521321,10409.000180933,3926.000180933,6483,14231.575269858,14231.575269858,0,29686.371896066,29614.479899397,11210.406038962,18404.073860435,18047.980945935,71.891996669,1.39941071,12364.9544876,0,2518.581789385,0,2518.581789385,Debit
2023-09,2023-24:Q2,2518.581789385,-11284.09279688,-64545.720765886,53261.627969007,39940.12636684,-1180.220061762,-222.600264973,6.88359807,-104.430004812,41440.493100316,35236.732175258,7799.135058214,886.65453614,522.48113148,24925.956383161,-244.124698877,25170.081082038,-11604.454780994,-12447.05701664,842.602235645,12856.498302779,4113.041472223,-833.486074305,3036.774510898,-2400.640497238,4739.875026967,697.539981168,-3870.260585203,-819.959335203,-1446.38125,-1603.92,4946.527546528,5285.967598574,5285.967598574,3592.677191305,1693.290407269,0,-339.440052046,3288.581090852,801.563354944,-40.060847904,841.624202849,-2943.350049458,-1073.180049458,-1870.17,5430.367785366,3399.986871192,2030.380914173,4333.358933414,4405.250492625,-2537.826520425,6943.07701305,3209.180565685,-71.891559211,-1.39941071,1122.916217,946.176283486,-2518.581789385,0,-2518.581789385,Net
2023-12,2023-24:Q3,452238.505057128,236019.848461855,106626.15109327,129393.697368585,87785.442694527,9850.060387385,6950.26643208,810.502267231,181.5599564,69993.053651431,41040.967533609,22647.243013041,2490.555555714,700.547048276,31539.400888374,94.322897783,31445.077990591,10068.853785685,8058.404268476,2010.449517209,216218.656595273,144356.153115559,18879.345793124,18313.345929043,11912.225058883,5155.01087016,1246.11,565.99986408,565.99986408,0,0,125476.807322435,124485.458853653,124485.458853653,108784.946194431,15700.512659222,0,991.348468782,25454.390301357,4604.915492132,8.700241355,4596.215250777,6614.909348734,2712.019348734,3902.89,14234.565460492,12534.851891358,1699.713569134,40849.370652854,40653.581231398,16550.240131814,24103.341099584,22381.414176498,195.789421456,,5558.742525502,0,0,0,,Credit
2023-12,2023-24:Q3,446240.33702215,246450.309928994,178271.734246294,68178.5756827,42779.173841051,7486.592339467,6456.93626686,856.289949715,279.590817382,27699.764467626,4774.363145613,14066.73732847,955.69406018,397.41345377,2237.074576658,229.684785756,2007.389790902,23162.327264991,22285.892814621,876.434450371,199029.496123448,128387.52157476,14922.878236236,9947.357611236,8772.557893353,,1174.799717883,4975.520625,2354.959375,1446.38125,1174.18,113464.643338524,112814.134739797,112814.134739797,102117.116194431,10697.018545366,0,650.508598727,28264.856171905,1401.044053676,48.467240531,1352.576813145,11140.658918729,4502.658918729,6638,15723.153199501,15723.153199501,0,24491.616653113,24491.616181566,5276.244258425,19215.371923141,18460.658279338,0.000471546,1.545974221,17883.955749449,760.530969708,5998.168034978,0,5998.168034978,Debit
2023-12,2023-24:Q3,5998.168034978,-10430.461467138,-71645.583153024,61215.121685885,45006.268853476,2363.468047918,493.330165219,-45.787682484,-98.030860981,42293.289183804,36266.604387996,8580.505684571,1534.861495534,303.133594506,29302.326311716,-135.361887973,29437.688199689,-13093.473479306,-14227.488546145,1134.015066839,17189.160471825,15968.631540799,3956.467556888,8365.988317808,3139.66716553,5155.01087016,71.310282117,-4409.52076092,-1788.95951092,-1446.38125,-1174.18,12012.163983911,11671.324113856,11671.324113856,6667.83,5003.494113856,0,340.839870055,-2810.465870548,3203.871438456,-39.766999176,3243.638437632,-4525.749569995,-1790.639569995,-2735.11,-1488.587739009,-3188.301308143,1699.713569134,16357.753999741,16161.965049832,11273.995873389,4887.969176443,3920.75589716,195.78894991,-1.545974221,-12325.213223946,-760.530969708,-5998.168034978,0,-5998.168034978,Net
2024-03,2023-24:Q4,502221.317047857,253533.947373822,121626.39065566,131907.556718162,89355.918309301,9961.173490691,7770.805441836,927.159229928,129.239974716,70567.54017213,41550.826425453,22619.9038803,1599.459687093,498.169902589,32096.80684442,50.991586027,32045.815258392,10454.831564442,8522.851942412,1931.97962203,248043.872897557,159056.057654174,20179.367642948,19473.587781026,12762.39746627,5332.480314756,1378.71,705.779861922,705.779861922,0,0,138876.690011226,138216.661075573,138216.661075573,120784.324343911,17432.336731663,0,660.028935652,31787.057345321,3587.280010435,7.980383324,3579.299627112,15120.699334552,3401.409334552,11719.29,13079.078000333,11999.825523194,1079.25247714,40722.16436819,39767.595947023,9219.567474254,30548.028472768,26041.26920135,954.568421167,,16478.593529873,643.496776478,0,0,,Credit
2024-03,2023-24:Q4,471467.712151208,248966.710147018,173644.947360576,75321.762786442,46671.600962128,8063.305758165,7829.028498765,649.799874058,315.07993836,29814.38689278,4908.279563509,16388.245931,1269.090251797,505.529902503,3378.285605628,282.323705277,3095.96190035,25271.876218686,24232.843903645,1039.032315041,222501.002004191,145365.522213822,17880.638392608,11410.777767608,10933.777860928,,476.99990668,6469.860625,3208.289375,1446.38125,1815.19,127484.883821214,126637.514853629,126637.514853629,119425.994343911,7211.520509718,,847.368967585,27899.330444892,1561.964938026,30.663522752,1531.301415274,13472.129157163,4308.129157163,9164,12865.236349704,12865.236349704,0,33810.675715415,33810.675715415,12329.651579421,21481.024135995,20677.829135296,0,7.280747794,15418.192882268,0,30753.604896648,0,30753.604896648,Debit
2024-03,2023-24:Q4,30753.604896648,4567.237226804,-52018.556704916,56585.79393172,42684.317347172,1897.867732526,-58.223056929,277.359355871,-185.839963644,40753.15327935,36642.546861944,6231.6579493,330.369435296,-7.359999914,28718.521238792,-231.33211925,28949.853358042,-14817.044654244,-15709.991961233,892.947306989,25542.870893367,13690.535440352,2298.72925034,8062.810013418,1828.619605342,5332.480314756,901.71009332,-5764.080763078,-2502.509513078,-1446.38125,-1815.19,11391.806190012,11579.146221944,11579.146221944,1358.33,10220.816221944,0,-187.340031932,3887.726900429,2025.31507241,-22.683139429,2047.998211838,1648.57017739,-906.71982261,2555.29,213.84165063,-865.41082651,1079.25247714,6911.488652774,5956.920231608,-3110.084105166,9067.004336774,5363.440066054,954.568421167,-7.280747794,1060.400647605,643.496776478,-30753.604896648,0,-30753.604896648,Net
2024-06,2024-25:Q1,509604.189466094,246012.2944651,115169.3875963,130842.9068688,88633.958841145,7352.204536921,8655.716146886,922.681352035,161.369956864,71541.98684844,41925.977317772,22999.889459716,2214.919407937,519.129861294,29519.858609266,18.286761002,29501.571848264,12689.089418389,10551.969989671,2137.119428718,262819.105760104,183768.478487226,23924.512745931,22777.293052598,16401.543554269,5224.97949833,1150.77,1147.219693332,1147.219693332,0,0,159843.965741295,159240.146931718,159240.146931718,139824.399928948,19415.74700277,0,603.818809577,31818.978888186,3639.826825898,6.189219972,3633.637605926,12630.788893973,4137.558893973,8493.23,15548.363168315,13728.622293116,1819.740875199,36380.466753961,36259.287033422,10704.844451026,25554.442582397,23425.81950452,121.179720539,0,10851.181630731,772.78924089,0,0,,Credit
2024-06,2024-25:Q1,504378.210730472,250496.762743404,174962.898386549,75533.864356855,48783.83137365,9171.474837197,8608.603346637,593.369843718,308.659917494,30101.723428605,4478.713833682,16625.375457676,1267.265161531,443.729883612,3215.400719312,311.541487682,2903.859231631,23534.632263893,22556.712697427,977.919566466,253881.447987068,176600.0739928,17700.848479745,12171.416746412,11673.246879579,,498.169866832,5529.431733333,2727.645833333,1711.5459,1090.24,158899.225513055,158342.916732559,158342.916732559,140833.279928948,17509.636803611,0,556.308780496,26678.960161991,2267.163674622,26.062870333,2241.100804288,11091.028862572,4255.028862572,6836,13320.767624797,13320.767624797,0,33510.53828483,33510.53828483,13569.949183675,19940.589101155,19401.209542304,0,60.868819625,17031.006727823,0,5225.978735622,0,5225.978735622,Debit
2024-06,2024-25:Q1,5225.978735622,-4484.468278304,-59793.510790249,55309.042511945,39850.127467496,-1819.270300276,47.112800249,329.311508318,-147.28996063,41440.263419835,37447.26348409,6374.51400204,947.654246406,75.399977682,26304.457889954,-293.25472668,26597.712616633,-10845.542845504,-12004.742707756,1159.199862252,8937.657773036,7168.404494426,6223.664266186,10605.876306187,4728.296674689,5224.97949833,652.600133168,-4382.212040001,-1580.426140001,-1711.5459,-1090.24,944.74022824,897.230199159,897.230199159,-1008.88,1906.110199159,0,47.510029081,5140.018726196,1372.663151276,-19.873650361,1392.536801638,1539.760031401,-117.469968599,1657.23,2227.595543518,407.854668319,1819.740875199,2869.928469132,2748.748748592,-2865.10473265,5613.853481242,4024.609962216,121.179720539,-60.868819625,-6179.825097092,772.78924089,-5225.978735622,0,-5225.978735622,Net
2024-09,2024-25:Q2,563181.872192326,245798.071728586,100645.29159863,145152.780129956,93405.880516125,7635.306815803,8668.181466372,885.446662926,146.600023322,76070.345547702,44163.939041663,25176.491320693,2190.470348462,518.650082459,35274.869230117,27.744494615,35247.124735502,16472.030383714,14476.910066317,1995.120317397,317383.80046374,203245.245521058,21136.976237195,20588.906150004,13845.583951992,5434.772198013,1308.55,548.070087191,548.070087191,0,0,182108.269283862,181433.068427488,181433.068427488,160273.08383937,21159.984588117,0,675.200856375,40856.410862332,3725.794302147,6.163882692,3719.630419455,17480.630804848,5059.180804848,12421.45,19649.985755337,15106.970773031,4543.014982306,52431.756999521,52112.46957995,17627.239146842,34485.230433108,28920.77877495,319.287419571,0,20850.387080829,0,0,0,0,Credit
2024-09,2024-25:Q2,544568.365297792,266660.432637322,189175.790635868,77484.642001455,48944.625011613,9367.000164939,9188.101835256,785.600123461,315.52005019,29288.402837767,4539.487703005,15548.484336108,1264.852200925,497.48007761,2874.56472032,310.544315715,2564.020404605,25665.452269521,24642.643126569,1022.809142952,277459.499268823,186216.132431961,23957.924218627,15622.262485294,15016.102388862,,606.160096432,8335.661733333,4583.295833333,1711.5459,2040.82,162258.208213334,161617.997395506,161617.997395506,149590.31383937,12027.683556136,0,640.210817828,31392.154703866,1577.294428226,25.956174781,1551.338253444,15485.191277178,8028.191277178,7457,14329.668998462,14329.668998462,0,46345.17139791,46345.17139791,18853.022142581,27492.149255329,22753.392913303,0,1.828535774,13504.212199312,448.433391646,18613.506894535,0,18613.506894535,Debit
2024-09,2024-25:Q2,18613.506894534,-20862.360908736,-88530.499037238,67668.138128501,44461.255504511,-1731.693349137,-519.920368885,99.846539465,-168.920026868,46781.942709935,39624.451338658,9628.006984585,925.618147537,21.170004849,32400.304509797,-282.7998211,32683.104330897,-9193.421885807,-10165.733060252,972.311174445,39924.301194917,17029.113089096,-2820.947981432,4966.643664711,-1170.51843687,5434.772198013,702.389903568,-7787.591646143,-4035.225746143,-1711.5459,-2040.82,19850.061070529,19815.071031982,19815.071031982,10682.77,9132.301031982,0,34.990038547,9464.256158467,2148.499873922,-19.792292089,2168.292166011,1995.43952767,-2969.01047233,4964.45,5320.316756875,777.30177457,4543.014982306,6086.585601611,5767.29818204,-1225.782995739,6993.081177779,6167.385861647,319.287419571,-1.828535774,7346.174881517,-448.433391646,-18613.506894535,0,-18613.506894535,Net
2024-12,2024-25:Q3,544480.673481901,261726.241061017,109816.94405378,151909.297007237,103487.420289548,10068.11726692,8277.944959299,869.897158263,167.349997808,84104.110907258,47618.526536806,29603.32471267,2086.494972671,579.729992411,36080.772073626,89.153548322,35991.618525304,12341.104644063,10161.034672619,2180.069971444,282456.355394858,192046.898666629,20635.203169438,19722.123181398,11135.603789814,5933.789391584,2652.73,913.07998804,913.07998804,0,0,171411.695497191,170666.855563092,170666.855563092,144811.255589803,25855.599973289,0,744.839934099,43114.498139451,2955.318903323,6.113380822,2949.205522501,20906.18987398,9620.91987398,11285.27,19252.989362148,14260.19267415,4992.796687998,39537.718130955,39530.15674541,11853.197714294,27676.959031116,25911.818896864,7.561385545,,7757.240457823,298.077026027,37660.494216491,0,37660.494216491,Credit
2024-12,2024-25:Q3,582141.167698392,273064.632688318,189125.583300936,83939.049387382,52277.363472159,8370.50754982,8847.099886187,894.309988426,306.649995983,33858.796051742,6561.384916132,18251.610606896,740.669990303,616.449992049,2898.318431148,333.528464519,2564.789966629,28763.367484076,27717.819590363,1045.547893713,309076.535010074,206229.133504833,23445.401520907,16217.599787574,15636.799795181,,580.799992392,7227.801733333,3312.805833333,1711.5459,2203.45,182783.731983926,182101.50206724,182101.50206724,156670.915589803,25430.586477438,0,682.229916685,34052.101681681,2289.180901922,25.743510872,2263.43739105,16522.409874341,9593.409874341,6929,15240.510905418,15240.510905418,0,49311.232525303,49305.905591908,25923.381278403,23382.524313505,22770.725176665,5.326933395,0,19484.067298258,0,0,0,,Debit
2024-12,2024-25:Q3,-37660.494216491,-11338.391627301,-79308.639247156,67970.247619855,51210.05681739,1697.6097171,-569.154926888,-24.412830163,-139.299998176,50245.314855516,41057.141620673,11351.714105773,1345.824982368,-36.719999639,33182.453642478,-244.374916197,33426.828558675,-16422.262840013,-17556.784917744,1134.522077731,-26620.179615216,-14182.234838203,-2810.198351468,3504.523393825,-4501.196005367,5933.789391584,2071.930007608,-6314.721745293,-2399.725845293,-1711.5459,-2203.45,-11372.036486735,-11434.646504149,-11434.646504149,-11859.66,425.013495851,0,62.610017414,9062.39645777,666.138001401,-19.630130051,685.768131452,4383.77999964,27.50999964,4356.27,4012.47845673,-980.318231268,4992.796687998,-9773.514394348,-9775.748846498,-14070.18356411,4294.434717611,3141.093720199,2.23445215,0,-11726.826840435,298.077026027,37660.494216491,0,37660.494216491,Net
2025-03,2024-25:Q4,521765.479068939,265092.796753093,116449.99858199,148642.798171103,102025.539818988,9096.757506986,8157.030116083,886.484277551,165.199961248,83720.067957121,46917.082627745,29432.314365117,1988.580733496,730.839828633,34717.216596453,31.499911493,34685.716684959,11900.041755662,9873.202231142,2026.839524521,255892.634808484,144464.180877516,18493.728485135,17526.838711959,9610.472910393,6165.035801566,1751.33,966.889773176,966.889773176,0,0,125970.452392381,124922.725433348,124922.725433348,101683.303438912,23239.421994436,0,1047.726959033,56220.642354515,3712.016552084,5.958637405,3706.057914679,38950.574571339,23140.904571339,15809.67,13558.051231093,13558.051231093,0,33572.732303749,33572.732227907,6486.05220501,27086.680022897,26287.91665552,7.5842e-05,,21635.079272704,780.047507362,0,0,,Credit
2025-03,2024-25:Q4,512976.896800765,251467.264157389,175764.134399851,75703.129757538,48711.096177905,7934.396599385,8385.21806991,762.059823442,330.089922566,31299.331762603,5433.623757334,16220.509648786,795.36981346,532.939877147,3213.690861175,376.141522451,2837.549338724,23778.342718457,22746.026556119,1032.316162339,261509.632643376,149956.434008608,18127.349979917,7474.338246583,7199.218311124,,275.119935459,10653.011733333,6321.095833333,1711.5459,2620.37,131829.084028691,130917.356380593,130917.356380593,115224.773438912,15692.582941681,,911.727648098,50562.800274215,1641.082698048,25.091884719,1615.990813329,30957.52468239,22667.52468239,8290,17964.192893777,16205.433993671,1758.758900106,42549.694034987,42330.546383635,17652.274705015,24678.271678621,23457.750891143,219.147651352,7.208234916,18433.496090649,0,8788.582268174,0,8788.582268174,Debit
2025-03,2024-25:Q4,8788.582268175,13625.532595705,-59314.135817861,72939.668413565,53314.443641083,1162.360907601,-228.187953827,124.424454109,-164.889961318,52420.736194519,41483.458870411,13211.804716331,1193.210920036,197.899951486,31503.525735278,-344.641610958,31848.167346235,-11878.300962795,-12872.824324977,994.523362182,-5616.997834892,-5492.253131092,366.378505218,10052.500465376,2411.254599269,6165.035801566,1476.210064541,-9686.121960158,-5354.206060158,-1711.5459,-2620.37,-5858.631636311,-5994.630947245,-5994.630947245,-13541.47,7546.839052755,0,135.999310935,5657.842080299,2070.933854035,-19.133247315,2090.06710135,7993.049888949,473.379888949,7519.67,-4406.141662685,-2647.382762578,-1758.758900106,-8976.961731238,-8757.814155728,-11166.222500004,2408.408344276,2830.165764377,-219.14757551,-7.208234916,3201.583182055,780.047507362,-8788.582268174,0,-8788.582268174,Net
2025-06,2025-26:Q1,545745.190605769,256349.263050999,112671.80075572,143677.462295278,97410.110628301,5854.600642347,7692.475306541,924.232204954,134.199981699,82804.602492759,47323.845740612,29510.783340254,1944.612134813,503.149931419,34048.152179271,20.149324702,34028.002854569,12219.199487707,10089.269778166,2129.929709541,289395.92755477,173633.653860148,27294.282985079,26679.263068949,19417.622082137,5875.540986812,1386.1,615.01991613,615.01991613,0,0,146339.370875069,145201.102067976,145201.102067976,123636.00252803,21565.099539945,0,1138.268807094,65403.858231287,3119.717393368,6.035327565,3113.682065803,46831.515087452,36023.615087452,10807.9,15452.625750468,15452.625750468,0,33634.42385902,33624.622508271,8579.054127278,25045.568380993,23777.784487069,9.801350749,0,16723.991604316,0,0,0,,Credit
2025-06,2025-26:Q1,541237.644231451,259256.974373109,181568.44702021,77688.527352899,49509.396040452,9084.609007328,8394.75887979,613.069917792,322.679955999,31094.278279544,5852.649222271,15868.114548682,702.729904181,380.0299493,3182.250319097,370.670699691,2811.579619406,24996.88099335,23970.02335047,1026.85764288,281454.339645867,167209.975788072,22478.85190298,12834.73835298,12077.56835298,,757.17,9644.11355,4842.6625,1929.33105,2872.12,144731.123885093,142720.401156056,142720.401156056,118244.97252803,24475.428628026,0,2010.722729037,60216.561455475,2396.774361381,10.023325206,2386.751036175,42285.525206243,35152.525206243,7133,15534.261887851,13688.846322621,1845.415565231,35189.006980277,35189.006051806,13082.812557556,22106.19349425,20163.631071352,0.000928471,61.290207409,18777.505214634,526.330212474,4507.546374318,0,4507.546374318,Debit
2025-06,2025-26:Q1,4507.546374318,-2907.711322111,-68896.64626449,65988.93494238,47900.714587848,-3230.008364981,-702.283573248,311.162287162,-188.4799743,51710.324213215,41471.19651834,13642.668791573,1241.882230632,123.119982119,30865.901860174,-350.521374989,31216.423235163,-12777.681505643,-13880.753572304,1103.072066661,7941.587908903,6423.678072075,4815.431082099,13844.524715969,7340.053729158,5875.540986812,628.93,-9029.09363387,-4227.64258387,-1929.33105,-2872.12,1608.246989976,2480.700911919,2480.700911919,5391.03,-2910.329088081,0,-872.453921943,5187.296775812,722.943031987,-3.987997641,726.931029628,4545.989881209,871.089881209,3674.9,-81.636137384,1763.779427847,-1845.415565231,-1554.583121257,-1564.383543535,-4503.758430278,2939.374886743,3614.153415717,9.800422278,-61.290207409,-2053.513610318,-526.330212474,-4507.546374318,0,-4507.546374318,Net
2025-09,2025-26:Q2,643176.142388043,266352.490952153,109002.87883107,157349.612121083,101605.052071689,6812.541525437,7753.610532951,961.913554372,154.419999004,85922.566459925,49522.609111867,29471.101610224,1815.779988292,732.289995282,39040.674559992,34.851148718,39005.823411274,16703.885489401,14544.985503321,2158.89998608,375743.733058742,161532.45489156,25952.553429818,25167.46343488,17372.679987653,6105.873447227,1688.91,785.089994938,785.089994938,0,0,135579.901461742,134786.351509696,134786.351509696,113496.121604387,21290.229905309,0,793.549952046,168308.068640525,2181.625974141,5.913768236,2175.712205905,147444.959094457,140444.869094457,7000.09,18681.483571927,15830.771628766,2850.711943161,34260.17830272,34260.178146121,10699.269186366,23560.908959755,23329.802804484,0.000156599,0,11643.031223938,1079.918377149,10917.018558046,0,10917.018558046,Credit
2025-09,2025-26:Q2,654093.16094609,280484.893562654,198099.559735264,82385.33382739,50733.841090297,9457.259638676,8725.959944815,724.159995409,306.299998025,31520.161513372,5639.896964569,16129.337745613,615.399996033,548.269996521,2753.116296988,375.346312203,2377.769984785,28898.376440105,27787.707305799,1110.669134306,373608.267383436,165396.194431849,24069.363464469,13845.809914469,13265.449914469,,580.36,10223.55355,6332.5025,1929.33105,1961.72,141326.83096738,140254.731014148,140254.731014148,122642.681604387,17612.049409761,0,1072.099953232,163784.389157289,1694.458064645,9.821442429,1684.636622216,147390.899083824,142093.899083824,5297,14699.032008819,14699.032008819,0,32369.621332692,32317.310468418,7985.738991745,24331.571476674,20875.872572689,52.310864274,1.494864405,12056.567597201,0,0,0,0,Debit
2025-09,2025-26:Q2,-10917.018558046,-14132.402610501,-89096.680904194,74964.278293693,50871.210981392,-2644.718113239,-972.349411864,237.753558963,-151.879999021,54402.404946553,43882.712147298,13341.763864611,1200.37999226,184.019998762,36287.558263004,-340.495163485,36628.053426489,-12194.490950704,-13242.721802478,1048.230851774,2135.465675306,-3863.739540289,1883.189965349,11321.653520411,4107.230073184,6105.873447227,1108.55,-9438.463555062,-5547.412505062,-1929.33105,-1961.72,-5746.929505638,-5468.379504452,-5468.379504452,-9146.56,3678.180495548,0,-278.550001186,4523.679483236,487.167909496,-3.907674193,491.075583689,54.060010632,-1649.029989368,1703.09,3982.451563108,1131.739619947,2850.711943161,1890.556970028,1942.867677703,2713.530194621,-770.662516919,2453.930231795,-52.310707675,-1.494864405,-413.536373263,1079.918377149,10917.018558046,0,10917.018558046,Net
2025-12,2025-26:Q3,734969.224192506,274864.568555786,111694.36751791,163170.201037876,111227.078883349,9923.844263153,8277.571931348,887.641241417,165.760010829,91972.261436603,53501.761030105,32120.690296107,1934.759626392,706.060046086,37948.924649451,104.629056402,37844.29559305,13994.197505076,11741.557357917,2252.640147159,460104.65563672,208006.820597392,22456.725555498,21804.325512879,13589.406760056,6658.628752823,1556.29,652.400042619,652.400042619,0,0,185550.095041894,184184.95446985,184184.95446985,157600.253827783,26584.700642067,0,1365.140572044,211981.487710147,3029.212376215,5.794541251,3023.417834964,184500.911534496,176565.201534496,7935.71,24451.363799436,20106.220210616,4345.14358882,35825.234321936,35825.233765641,6142.466033071,29682.76773257,25931.58254595,0.000556294,,4291.113007246,0,24408.693110483,0,24408.693110483,Credit
2025-12,2025-26:Q3,759377.917302988,288062.376695048,205323.766263852,82738.610431195,53725.509667527,9051.819940312,8480.550543861,832.140053676,335.42002191,35025.579107767,6437.132410784,19261.293427861,874.520057122,613.560039543,2820.684940544,343.504779887,2477.180160657,26192.415823124,25046.409385234,1146.00643789,470109.337156825,211843.184348958,26115.834678422,17925.771128422,17273.401128422,,652.37,8190.06355,4612.7025,1929.33105,1648.03,185727.349670536,184269.589065267,184269.589065267,158838.403827783,25431.185237484,0,1457.76060527,198664.951558808,3229.102663642,9.623433153,3219.47923049,182401.361612507,177759.361612507,4642,13034.487282658,13034.487282658,0,35133.172937285,35015.51642323,13304.877860904,21710.638562326,20877.450883977,117.656514056,0,24468.028311774,1206.203451116,0,0,,Debit
2025-12,2025-26:Q3,-24408.693110483,-13197.808139262,-93629.398745942,80431.59060668,57501.569215822,872.02432284,-202.978612514,55.501187741,-169.660011081,56946.682328837,47064.628619322,12859.396868246,1060.23956927,92.500006543,35128.239708907,-238.875723486,35367.115432393,-12198.218318049,-13304.852027317,1106.633709268,-10004.681520105,-3836.363751566,-3659.109122923,3878.554384457,-3683.994368366,6658.628752823,903.92,-7537.663507381,-3960.302457381,-1929.33105,-1648.03,-177.254628643,-84.634595417,-84.634595417,-1238.15,1153.515404583,0,-92.620033226,13316.53615134,-199.890287427,-3.828891902,-196.061395525,2099.549921989,-1194.160078011,3293.71,11416.876516778,7071.732927958,4345.14358882,692.06138465,809.717342411,-7162.411827833,7972.129170244,5054.131661973,-117.655957761,0,-20176.915304528,-1206.203451116,24408.693110483,0,24408.693110483,Net
