date,value,quote
1995-01-02,0.844,per_usd
1995-01-03,0.845,per_usd
1995-01-04,0.845,per_usd
1995-01-05,0.843,per_usd
1995-01-06,0.84,per_usd
1995-01-09,0.844,per_usd
1995-01-10,0.847,per_usd
1995-01-11,0.851,per_usd
1995-01-12,0.845,per_usd
1995-01-13,0.847,per_usd
1995-01-16,0.847,per_usd
1995-01-17,0.846,per_usd
1995-01-18,0.846,per_usd
1995-01-19,0.848,per_usd
1995-01-20,0.848,per_usd
1995-01-23,0.85,per_usd
1995-01-24,0.851,per_usd
1995-01-25,0.851,per_usd
1995-01-26,0.845,per_usd
1995-01-27,0.844,per_usd
1995-01-30,0.846,per_usd
1995-01-31,0.841,per_usd
1995-02-01,0.842,per_usd
1995-02-02,0.839,per_usd
1995-02-03,0.839,per_usd
1995-02-06,0.836,per_usd
1995-02-07,0.836,per_usd
1995-02-08,0.835,per_usd
1995-02-09,0.833,per_usd
1995-02-10,0.834,per_usd
1995-02-13,0.832,per_usd
1995-02-14,0.834,per_usd
1995-02-15,0.836,per_usd
1995-02-16,0.844,per_usd
1995-02-17,0.85,per_usd
1995-02-20,0.841,per_usd
1995-02-21,0.842,per_usd
1995-02-22,0.848,per_usd
1995-02-23,0.847,per_usd
1995-02-24,0.853,per_usd
1995-02-27,0.851,per_usd
1995-02-28,0.851,per_usd
1995-03-01,0.852,per_usd
1995-03-02,0.852,per_usd
1995-03-03,0.859,per_usd
1995-03-06,0.866,per_usd
1995-03-07,0.887,per_usd
1995-03-08,0.889,per_usd
1995-03-09,0.889,per_usd
1995-03-10,0.882,per_usd
1995-03-13,0.881,per_usd
1995-03-14,0.881,per_usd
1995-03-15,0.885,per_usd
1995-03-16,0.899,per_usd
1995-03-17,0.898,per_usd
1995-03-20,0.913,per_usd
1995-03-21,0.898,per_usd
1995-03-22,0.906,per_usd
1995-03-23,0.908,per_usd
1995-03-24,0.909,per_usd
1995-03-27,0.91,per_usd
1995-03-28,0.91,per_usd
1995-03-29,0.906,per_usd
1995-03-30,0.902,per_usd
1995-03-31,0.9,per_usd
1995-04-03,0.904,per_usd
1995-04-04,0.899,per_usd
1995-04-05,0.898,per_usd
1995-04-06,0.895,per_usd
1995-04-07,0.899,per_usd
1995-04-10,0.896,per_usd
1995-04-11,0.901,per_usd
1995-04-12,0.907,per_usd
1995-04-13,0.909,per_usd
1995-04-14,0.909,per_usd
1995-04-17,0.905,per_usd
1995-04-18,0.906,per_usd
1995-04-19,0.913,per_usd
1995-04-20,0.918,per_usd
1995-04-21,0.908,per_usd
1995-04-24,0.913,per_usd
1995-04-25,0.921,per_usd
1995-04-26,0.917,per_usd
1995-04-27,0.917,per_usd
1995-04-28,0.913,per_usd
1995-05-01,0.918,per_usd
1995-05-02,0.914,per_usd
1995-05-03,0.904,per_usd
1995-05-04,0.903,per_usd
1995-05-05,0.901,per_usd
1995-05-08,0.898,per_usd
1995-05-09,0.897,per_usd
1995-05-10,0.894,per_usd
1995-05-11,0.896,per_usd
1995-05-12,0.896,per_usd
1995-05-15,0.889,per_usd
1995-05-16,0.89,per_usd
1995-05-17,0.89,per_usd
1995-05-18,0.89,per_usd
1995-05-19,0.891,per_usd
1995-05-22,0.889,per_usd
1995-05-23,0.889,per_usd
1995-05-24,0.889,per_usd
1995-05-25,0.894,per_usd
1995-05-26,0.898,per_usd
1995-05-30,0.907,per_usd
1995-05-31,0.908,per_usd
1995-06-01,0.908,per_usd
1995-06-02,0.904,per_usd
1995-06-05,0.903,per_usd
1995-06-06,0.908,per_usd
1995-06-07,0.911,per_usd
1995-06-08,0.911,per_usd
1995-06-09,0.918,per_usd
1995-06-12,0.919,per_usd
1995-06-13,0.917,per_usd
1995-06-14,0.907,per_usd
1995-06-15,0.907,per_usd
1995-06-16,0.909,per_usd
1995-06-19,0.912,per_usd
1995-06-20,0.915,per_usd
1995-06-21,0.919,per_usd
1995-06-22,0.919,per_usd
1995-06-23,0.919,per_usd
1995-06-26,0.918,per_usd
1995-06-27,0.919,per_usd
1995-06-28,0.919,per_usd
1995-06-29,0.919,per_usd
1995-06-30,0.921,per_usd
1995-07-03,0.92,per_usd
1995-07-05,0.923,per_usd
1995-07-06,0.925,per_usd
1995-07-07,0.925,per_usd
1995-07-10,0.925,per_usd
1995-07-11,0.9243,per_usd
1995-07-12,0.9241,per_usd
1995-07-13,0.926,per_usd
1995-07-14,0.9255,per_usd
1995-07-17,0.929,per_usd
1995-07-18,0.928,per_usd
1995-07-19,0.929,per_usd
1995-07-20,0.9281,per_usd
1995-07-21,0.9333,per_usd
1995-07-24,0.9332,per_usd
1995-07-25,0.9354,per_usd
1995-07-26,0.9352,per_usd
1995-07-27,0.9358,per_usd
1995-07-28,0.9363,per_usd
1995-07-31,0.9353,per_usd
1995-08-01,0.9355,per_usd
1995-08-02,0.9353,per_usd
1995-08-03,0.9351,per_usd
1995-08-04,0.936,per_usd
1995-08-07,0.9351,per_usd
1995-08-08,0.9351,per_usd
1995-08-09,0.9362,per_usd
1995-08-10,0.9352,per_usd
1995-08-11,0.9354,per_usd
1995-08-14,0.9411,per_usd
1995-08-15,0.9412,per_usd
1995-08-16,0.9414,per_usd
1995-08-17,0.9411,per_usd
1995-08-18,0.9429,per_usd
1995-08-21,0.9413,per_usd
1995-08-22,0.9418,per_usd
1995-08-23,0.9463,per_usd
1995-08-24,0.9465,per_usd
1995-08-25,0.9487,per_usd
1995-08-28,0.948,per_usd
1995-08-29,0.9505,per_usd
1995-08-30,0.9493,per_usd
1995-08-31,0.95,per_usd
1995-09-01,0.9496,per_usd
1995-09-05,0.9483,per_usd
1995-09-06,0.9486,per_usd
1995-09-07,0.9482,per_usd
1995-09-08,0.951,per_usd
1995-09-11,0.9513,per_usd
1995-09-12,0.9512,per_usd
1995-09-13,0.952,per_usd
1995-09-14,0.9526,per_usd
1995-09-15,0.9516,per_usd
1995-09-18,0.9517,per_usd
1995-09-19,0.9525,per_usd
1995-09-20,0.9532,per_usd
1995-09-21,0.9532,per_usd
1995-09-22,0.9536,per_usd
1995-09-25,0.9533,per_usd
1995-09-26,0.954,per_usd
1995-09-27,0.9549,per_usd
1995-09-28,0.9544,per_usd
1995-09-29,0.9531,per_usd
1995-10-02,0.9531,per_usd
1995-10-03,0.9581,per_usd
1995-10-04,0.9581,per_usd
1995-10-05,0.9582,per_usd
1995-10-06,0.9586,per_usd
1995-10-10,0.9582,per_usd
1995-10-11,0.9584,per_usd
1995-10-12,0.958,per_usd
1995-10-13,0.9583,per_usd
1995-10-16,0.9585,per_usd
1995-10-17,0.9585,per_usd
1995-10-18,0.9582,per_usd
1995-10-19,0.9592,per_usd
1995-10-20,0.9611,per_usd
1995-10-23,0.9612,per_usd
1995-10-24,0.9615,per_usd
1995-10-25,0.9615,per_usd
1995-10-26,0.9614,per_usd
1995-10-27,0.9614,per_usd
1995-10-30,0.9613,per_usd
1995-10-31,0.962,per_usd
1995-11-01,0.9625,per_usd
1995-11-02,0.9625,per_usd
1995-11-03,0.9621,per_usd
1995-11-06,0.9618,per_usd
1995-11-07,0.9614,per_usd
1995-11-08,0.9614,per_usd
1995-11-09,0.9612,per_usd
1995-11-13,0.9619,per_usd
1995-11-14,0.963,per_usd
1995-11-15,0.9625,per_usd
1995-11-16,0.9627,per_usd
1995-11-17,0.9617,per_usd
1995-11-20,0.9625,per_usd
1995-11-21,0.9642,per_usd
1995-11-22,0.9647,per_usd
1995-11-24,0.9649,per_usd
1995-11-27,0.9645,per_usd
1995-11-28,0.9642,per_usd
1995-11-29,0.9642,per_usd
1995-11-30,0.9661,per_usd
1995-12-01,0.9661,per_usd
1995-12-04,0.9665,per_usd
1995-12-05,0.9662,per_usd
1995-12-06,0.9665,per_usd
1995-12-07,0.9665,per_usd
1995-12-08,0.9663,per_usd
1995-12-11,0.9665,per_usd
1995-12-12,0.9663,per_usd
1995-12-13,0.9668,per_usd
1995-12-14,0.9669,per_usd
1995-12-15,0.9673,per_usd
1995-12-18,0.9676,per_usd
1995-12-19,0.968,per_usd
1995-12-21,0.9699,per_usd
1995-12-22,0.971,per_usd
1995-12-26,0.9698,per_usd
1995-12-27,0.9706,per_usd
1996-01-02,0.9723,per_usd
1996-01-03,0.973,per_usd
1996-01-04,0.9722,per_usd
1996-01-05,0.9721,per_usd
1996-01-08,0.9721,per_usd
1996-01-09,0.9712,per_usd
1996-01-10,0.9722,per_usd
1996-01-11,0.9729,per_usd
1996-01-12,0.973,per_usd
1996-01-16,0.98,per_usd
1996-01-17,0.9722,per_usd
1996-01-18,0.9723,per_usd
1996-01-19,0.9726,per_usd
1996-01-22,0.9742,per_usd
1996-01-23,0.9763,per_usd
1996-01-24,0.9767,per_usd
1996-01-25,0.977,per_usd
1996-01-26,0.9782,per_usd
1996-01-29,0.978,per_usd
1996-01-30,0.9783,per_usd
1996-01-31,0.9782,per_usd
1996-02-01,0.978,per_usd
1996-02-02,0.9783,per_usd
1996-02-05,0.9783,per_usd
1996-02-06,0.9781,per_usd
1996-02-07,0.9782,per_usd
1996-02-08,0.9783,per_usd
1996-02-09,0.9783,per_usd
1996-02-12,0.9784,per_usd
1996-02-13,0.9801,per_usd
1996-02-14,0.9807,per_usd
1996-02-15,0.9842,per_usd
1996-02-16,0.981,per_usd
1996-02-20,0.9845,per_usd
1996-02-21,0.984,per_usd
1996-02-22,0.982,per_usd
1996-02-23,0.9818,per_usd
1996-02-26,0.9831,per_usd
1996-02-27,0.9838,per_usd
1996-02-28,0.9831,per_usd
1996-02-29,0.985,per_usd
1996-03-01,0.9845,per_usd
1996-03-04,0.9833,per_usd
1996-03-05,0.9834,per_usd
1996-03-07,0.9843,per_usd
1996-03-08,0.9838,per_usd
1996-03-11,0.9838,per_usd
1996-03-12,0.9841,per_usd
1996-03-13,0.9865,per_usd
1996-03-14,0.9872,per_usd
1996-03-15,0.9874,per_usd
1996-03-18,0.9861,per_usd
1996-03-19,0.9863,per_usd
1996-03-20,0.9898,per_usd
1996-03-21,0.9868,per_usd
1996-03-22,0.9873,per_usd
1996-03-25,0.9878,per_usd
1996-03-26,0.988,per_usd
1996-03-27,0.9881,per_usd
1996-03-28,0.987,per_usd
1996-03-29,0.988,per_usd
1996-04-01,0.9873,per_usd
1996-04-02,0.9872,per_usd
1996-04-03,0.9869,per_usd
1996-04-04,0.9872,per_usd
1996-04-05,0.987,per_usd
1996-04-08,0.9871,per_usd
1996-04-09,0.9891,per_usd
1996-04-10,0.9893,per_usd
1996-04-11,0.9915,per_usd
1996-04-12,0.9902,per_usd
1996-04-15,0.9898,per_usd
1996-04-16,0.9895,per_usd
1996-04-17,0.9892,per_usd
1996-04-18,0.989,per_usd
1996-04-19,0.9911,per_usd
1996-04-22,0.9913,per_usd
1996-04-23,0.9911,per_usd
1996-04-24,0.9915,per_usd
1996-04-25,0.9913,per_usd
1996-04-26,0.9939,per_usd
1996-04-29,0.9922,per_usd
1996-04-30,0.9925,per_usd
1996-05-01,0.9922,per_usd
1996-05-02,0.9921,per_usd
1996-05-03,0.9922,per_usd
1996-05-06,0.9923,per_usd
1996-05-07,0.9935,per_usd
1996-05-08,0.9924,per_usd
1996-05-09,0.9933,per_usd
1996-05-10,0.9943,per_usd
1996-05-13,0.9945,per_usd
1996-05-14,0.997,per_usd
1996-05-15,0.9952,per_usd
1996-05-16,0.9968,per_usd
1996-05-17,0.9955,per_usd
1996-05-20,0.9965,per_usd
1996-05-21,0.9955,per_usd
1996-05-22,0.9956,per_usd
1996-05-23,0.9963,per_usd
1996-05-24,0.9964,per_usd
1996-05-28,0.997,per_usd
1996-05-29,0.9965,per_usd
1996-05-30,0.9975,per_usd
1996-05-31,0.9981,per_usd
1996-06-03,0.9982,per_usd
1996-06-04,0.9982,per_usd
1996-06-05,0.9982,per_usd
1996-06-06,0.9982,per_usd
1996-06-07,0.9991,per_usd
1996-06-10,0.9995,per_usd
1996-06-11,0.9994,per_usd
1996-06-12,1.0012,per_usd
1996-06-13,1.0001,per_usd
1996-06-14,1.0011,per_usd
1996-06-17,1.0015,per_usd
1996-06-18,1.0015,per_usd
1996-06-19,1.0025,per_usd
1996-06-20,1.0029,per_usd
1996-06-21,1.003,per_usd
1996-06-24,1.003,per_usd
1996-06-25,1.003,per_usd
1996-06-26,1.005,per_usd
1996-06-27,1.005,per_usd
1996-06-28,1.006,per_usd
1996-07-01,1.005,per_usd
1996-07-02,1.0055,per_usd
1996-07-03,1.0051,per_usd
1996-07-05,1.0045,per_usd
1996-07-08,1.005,per_usd
1996-07-09,1.006,per_usd
1996-07-10,1.0054,per_usd
1996-07-11,1.006,per_usd
1996-07-12,1.0055,per_usd
1996-07-15,1.0075,per_usd
1996-07-16,1.0063,per_usd
1996-07-17,1.007,per_usd
1996-07-18,1.0075,per_usd
1996-07-19,1.0076,per_usd
1996-07-22,1.0074,per_usd
1996-07-23,1.0075,per_usd
1996-07-24,1.009,per_usd
1996-07-25,1.009,per_usd
1996-07-26,1.0032,per_usd
1996-07-29,1.0103,per_usd
1996-07-30,1.0108,per_usd
1996-07-31,1.0107,per_usd
1996-08-01,1.0103,per_usd
1996-08-02,1.0098,per_usd
1996-08-05,1.0092,per_usd
1996-08-06,1.0102,per_usd
1996-08-07,1.0114,per_usd
1996-08-08,1.035,per_usd
1996-08-09,1.012,per_usd
1996-08-12,1.012,per_usd
1996-08-13,1.0148,per_usd
1996-08-14,1.0124,per_usd
1996-08-15,1.0127,per_usd
1996-08-16,1.015,per_usd
1996-08-19,1.0133,per_usd
1996-08-20,1.0144,per_usd
1996-08-21,1.0145,per_usd
1996-08-22,1.0145,per_usd
1996-08-23,1.0149,per_usd
1996-08-26,1.0205,per_usd
1996-08-27,1.017,per_usd
1996-08-28,1.0161,per_usd
1996-08-29,1.0167,per_usd
1996-08-30,1.0165,per_usd
1996-09-03,1.0165,per_usd
1996-09-04,1.0175,per_usd
1996-09-05,1.0185,per_usd
1996-09-06,1.0178,per_usd
1996-09-09,1.0192,per_usd
1996-09-10,1.0208,per_usd
1996-09-11,1.0184,per_usd
1996-09-12,1.0195,per_usd
1996-09-13,1.0195,per_usd
1996-09-16,1.019,per_usd
1996-09-17,1.0191,per_usd
1996-09-18,1.0194,per_usd
1996-09-19,1.0193,per_usd
1996-09-20,1.0202,per_usd
1996-09-23,1.0199,per_usd
1996-09-24,1.0199,per_usd
1996-09-25,1.022,per_usd
1996-09-26,1.0203,per_usd
1996-09-27,1.0206,per_usd
1996-09-30,1.0211,per_usd
1996-10-01,1.0215,per_usd
1996-10-02,1.022,per_usd
1996-10-03,1.0214,per_usd
1996-10-04,1.0219,per_usd
1996-10-07,1.028,per_usd
1996-10-08,1.023,per_usd
1996-10-09,1.0237,per_usd
1996-10-10,1.0235,per_usd
1996-10-11,1.0265,per_usd
1996-10-15,1.027,per_usd
1996-10-16,1.025,per_usd
1996-10-17,1.0246,per_usd
1996-10-18,1.0248,per_usd
1996-10-21,1.0258,per_usd
1996-10-22,1.0267,per_usd
1996-10-23,1.0269,per_usd
1996-10-24,1.0261,per_usd
1996-10-25,1.0273,per_usd
1996-10-28,1.0284,per_usd
1996-10-29,1.0283,per_usd
1996-10-30,1.0278,per_usd
1996-10-31,1.0275,per_usd
1996-11-01,1.0278,per_usd
1996-11-04,1.0277,per_usd
1996-11-05,1.028,per_usd
1996-11-06,1.0278,per_usd
1996-11-07,1.03,per_usd
1996-11-08,1.0302,per_usd
1996-11-12,1.0318,per_usd
1996-11-13,1.0315,per_usd
1996-11-14,1.0308,per_usd
1996-11-15,1.0299,per_usd
1996-11-18,1.0301,per_usd
1996-11-19,1.0299,per_usd
1996-11-20,1.0308,per_usd
1996-11-21,1.0309,per_usd
1996-11-22,1.0307,per_usd
1996-11-25,1.0307,per_usd
1996-11-26,1.033,per_usd
1996-11-27,1.0324,per_usd
1996-11-29,1.0331,per_usd
1996-12-02,1.0308,per_usd
1996-12-03,1.0328,per_usd
1996-12-04,1.0336,per_usd
1996-12-05,1.0349,per_usd
1996-12-06,1.0347,per_usd
1996-12-09,1.0347,per_usd
1996-12-10,1.0362,per_usd
1996-12-11,1.0373,per_usd
1996-12-12,1.0367,per_usd
1996-12-13,1.039,per_usd
1996-12-16,1.0395,per_usd
1996-12-17,1.0413,per_usd
1996-12-18,1.0379,per_usd
1996-12-19,1.0383,per_usd
1996-12-20,1.0382,per_usd
1996-12-23,1.0385,per_usd
1996-12-24,1.0395,per_usd
1996-12-26,1.0387,per_usd
1996-12-27,1.0397,per_usd
1996-12-30,1.039,per_usd
1996-12-31,1.0393,per_usd
1997-01-02,1.0394,per_usd
1997-01-03,1.0395,per_usd
1997-01-06,1.0405,per_usd
1997-01-07,1.0402,per_usd
1997-01-08,1.0403,per_usd
1997-01-09,1.0409,per_usd
1997-01-10,1.0409,per_usd
1997-01-13,1.0417,per_usd
1997-01-14,1.0418,per_usd
1997-01-15,1.0427,per_usd
1997-01-16,1.0435,per_usd
1997-01-17,1.0435,per_usd
1997-01-21,1.0431,per_usd
1997-01-22,1.0432,per_usd
1997-01-23,1.0438,per_usd
1997-01-24,1.0438,per_usd
1997-01-27,1.0438,per_usd
1997-01-28,1.0447,per_usd
1997-01-29,1.0451,per_usd
1997-01-30,1.0455,per_usd
1997-01-31,1.0457,per_usd
1997-02-03,1.045,per_usd
1997-02-04,1.0462,per_usd
1997-02-05,1.047,per_usd
1997-02-06,1.047,per_usd
1997-02-07,1.0475,per_usd
1997-02-10,1.0473,per_usd
1997-02-11,1.0473,per_usd
1997-02-12,1.0471,per_usd
1997-02-13,1.0487,per_usd
1997-02-14,1.0492,per_usd
1997-02-18,1.0492,per_usd
1997-02-19,1.0503,per_usd
1997-02-20,1.0502,per_usd
1997-02-21,1.0504,per_usd
1997-02-24,1.0503,per_usd
1997-02-25,1.0507,per_usd
1997-02-26,1.0513,per_usd
1997-02-27,1.0511,per_usd
1997-02-28,1.0512,per_usd
1997-03-03,1.0511,per_usd
1997-03-04,1.0515,per_usd
1997-03-05,1.0525,per_usd
1997-03-06,1.0527,per_usd
1997-03-07,1.0527,per_usd
1997-03-10,1.0528,per_usd
1997-03-11,1.0536,per_usd
1997-03-12,1.0542,per_usd
1997-03-13,1.0553,per_usd
1997-03-14,1.0549,per_usd
1997-03-17,1.0593,per_usd
1997-03-18,1.0606,per_usd
1997-03-19,1.0608,per_usd
1997-03-20,1.061,per_usd
1997-03-21,1.0614,per_usd
1997-03-24,1.0616,per_usd
1997-03-25,1.0613,per_usd
1997-03-26,1.0612,per_usd
1997-03-27,1.0591,per_usd
1997-03-28,1.06,per_usd
1997-03-31,1.0595,per_usd
1997-04-01,1.0591,per_usd
1997-04-02,1.0596,per_usd
1997-04-03,1.0577,per_usd
1997-04-04,1.06,per_usd
1997-04-07,1.0582,per_usd
1997-04-08,1.0583,per_usd
1997-04-09,1.0584,per_usd
1997-04-10,1.0586,per_usd
1997-04-11,1.0591,per_usd
1997-04-14,1.0599,per_usd
1997-04-15,1.0601,per_usd
1997-04-16,1.0611,per_usd
1997-04-17,1.0611,per_usd
1997-04-18,1.0619,per_usd
1997-04-21,1.062,per_usd
1997-04-22,1.0628,per_usd
1997-04-23,1.063,per_usd
1997-04-24,1.0626,per_usd
1997-04-25,1.0695,per_usd
1997-04-28,1.0627,per_usd
1997-04-29,1.0629,per_usd
1997-04-30,1.0635,per_usd
1997-05-01,1.0638,per_usd
1997-05-02,1.0643,per_usd
1997-05-05,1.0644,per_usd
1997-05-06,1.0647,per_usd
1997-05-07,1.0649,per_usd
1997-05-08,1.0649,per_usd
1997-05-09,1.0661,per_usd
1997-05-12,1.0676,per_usd
1997-05-13,1.0674,per_usd
1997-05-14,1.0673,per_usd
1997-05-15,1.0673,per_usd
1997-05-16,1.0671,per_usd
1997-05-19,1.0674,per_usd
1997-05-20,1.0684,per_usd
1997-05-21,1.0693,per_usd
1997-05-22,1.0702,per_usd
1997-05-23,1.0713,per_usd
1997-05-27,1.0728,per_usd
1997-05-28,1.0736,per_usd
1997-05-29,1.0743,per_usd
1997-05-30,1.0709,per_usd
1997-06-02,1.071,per_usd
1997-06-03,1.0717,per_usd
1997-06-04,1.0734,per_usd
1997-06-05,1.0727,per_usd
1997-06-06,1.0723,per_usd
1997-06-09,1.0726,per_usd
1997-06-10,1.0726,per_usd
1997-06-11,1.0731,per_usd
1997-06-12,1.0737,per_usd
1997-06-13,1.0743,per_usd
1997-06-16,1.0734,per_usd
1997-06-17,1.0755,per_usd
1997-06-18,1.0748,per_usd
1997-06-19,1.0756,per_usd
1997-06-20,1.0795,per_usd
1997-06-23,1.0771,per_usd
1997-06-24,1.0767,per_usd
1997-06-25,1.0767,per_usd
1997-06-26,1.0765,per_usd
1997-06-27,1.077,per_usd
1997-06-30,1.0767,per_usd
1997-07-01,1.0766,per_usd
1997-07-02,1.0767,per_usd
1997-07-03,1.0778,per_usd
1997-07-07,1.0779,per_usd
1997-07-08,1.079,per_usd
1997-07-09,1.0796,per_usd
1997-07-10,1.0794,per_usd
1997-07-11,1.08,per_usd
1997-07-14,1.0801,per_usd
1997-07-15,1.0807,per_usd
1997-07-16,1.0804,per_usd
1997-07-17,1.081,per_usd
1997-07-18,1.0811,per_usd
1997-07-21,1.0811,per_usd
1997-07-22,1.0812,per_usd
1997-07-23,1.0821,per_usd
1997-07-24,1.0819,per_usd
1997-07-25,1.082,per_usd
1997-07-28,1.0823,per_usd
1997-07-29,1.0837,per_usd
1997-07-30,1.0829,per_usd
1997-07-31,1.083,per_usd
1997-08-01,1.083,per_usd
1997-08-04,1.0832,per_usd
1997-08-05,1.0842,per_usd
1997-08-06,1.0848,per_usd
1997-08-07,1.0853,per_usd
1997-08-08,1.0855,per_usd
1997-08-11,1.0857,per_usd
1997-08-12,1.0857,per_usd
1997-08-13,1.0859,per_usd
1997-08-14,1.0863,per_usd
1997-08-15,1.0885,per_usd
1997-08-18,1.0885,per_usd
1997-08-19,1.089,per_usd
1997-08-20,1.0887,per_usd
1997-08-21,1.0888,per_usd
1997-08-22,1.0925,per_usd
1997-08-25,1.0923,per_usd
1997-08-26,1.0925,per_usd
1997-08-27,1.0912,per_usd
1997-08-28,1.092,per_usd
1997-08-29,1.0915,per_usd
1997-09-02,1.092,per_usd
1997-09-03,1.0918,per_usd
1997-09-04,1.093,per_usd
1997-09-05,1.0918,per_usd
1997-09-08,1.0912,per_usd
1997-09-09,1.091,per_usd
1997-09-10,1.0917,per_usd
1997-09-11,1.0919,per_usd
1997-09-12,1.0923,per_usd
1997-09-15,1.0925,per_usd
1997-09-16,1.094,per_usd
1997-09-17,1.094,per_usd
1997-09-18,1.0945,per_usd
1997-09-19,1.094,per_usd
1997-09-22,1.095,per_usd
1997-09-23,1.0952,per_usd
1997-09-24,1.0955,per_usd
1997-09-25,1.0951,per_usd
1997-09-26,1.096,per_usd
1997-09-29,1.0962,per_usd
1997-09-30,1.0958,per_usd
1997-10-01,1.0969,per_usd
1997-10-02,1.097,per_usd
1997-10-03,1.0968,per_usd
1997-10-06,1.0975,per_usd
1997-10-07,1.0978,per_usd
1997-10-08,1.0978,per_usd
1997-10-09,1.098,per_usd
1997-10-10,1.0985,per_usd
1997-10-14,1.0982,per_usd
1997-10-15,1.0993,per_usd
1997-10-16,1.0993,per_usd
1997-10-17,1.1,per_usd
1997-10-20,1.0999,per_usd
1997-10-21,1.0999,per_usd
1997-10-22,1.1007,per_usd
1997-10-23,1.1005,per_usd
1997-10-24,1.1025,per_usd
1997-10-27,1.1035,per_usd
1997-10-28,1.1032,per_usd
1997-10-29,1.1022,per_usd
1997-10-30,1.1055,per_usd
1997-10-31,1.1027,per_usd
1997-11-03,1.1028,per_usd
1997-11-04,1.1037,per_usd
1997-11-05,1.104,per_usd
1997-11-06,1.1077,per_usd
1997-11-07,1.1075,per_usd
1997-11-10,1.1055,per_usd
1997-11-12,1.106,per_usd
1997-11-13,1.108,per_usd
1997-11-14,1.1083,per_usd
1997-11-17,1.1056,per_usd
1997-11-18,1.1067,per_usd
1997-11-19,1.1077,per_usd
1997-11-20,1.108,per_usd
1997-11-21,1.11,per_usd
1997-11-24,1.109,per_usd
1997-11-25,1.1107,per_usd
1997-11-26,1.1099,per_usd
1997-11-28,1.1093,per_usd
1997-12-01,1.11,per_usd
1997-12-02,1.111,per_usd
1997-12-03,1.1101,per_usd
1997-12-04,1.1105,per_usd
1997-12-05,1.111,per_usd
1997-12-08,1.1117,per_usd
1997-12-09,1.112,per_usd
1997-12-10,1.1135,per_usd
1997-12-11,1.1145,per_usd
1997-12-12,1.1166,per_usd
1997-12-15,1.113,per_usd
1997-12-16,1.113,per_usd
1997-12-17,1.1147,per_usd
1997-12-18,1.1145,per_usd
1997-12-19,1.1145,per_usd
1997-12-22,1.115,per_usd
1997-12-23,1.115,per_usd
1997-12-24,1.1148,per_usd
1997-12-26,1.1157,per_usd
1997-12-29,1.1157,per_usd
1997-12-30,1.1165,per_usd
1997-12-31,1.1165,per_usd
1998-01-02,1.1164,per_usd
1998-01-05,1.116,per_usd
1998-01-06,1.116,per_usd
1998-01-07,1.1175,per_usd
1998-01-08,1.118,per_usd
1998-01-09,1.1173,per_usd
1998-01-12,1.1193,per_usd
1998-01-13,1.1183,per_usd
1998-01-14,1.1185,per_usd
1998-01-15,1.1215,per_usd
1998-01-16,1.1205,per_usd
1998-01-20,1.121,per_usd
1998-01-21,1.121,per_usd
1998-01-22,1.121,per_usd
1998-01-23,1.1215,per_usd
1998-01-26,1.1215,per_usd
1998-01-27,1.1225,per_usd
1998-01-28,1.123,per_usd
1998-01-29,1.123,per_usd
1998-01-30,1.1235,per_usd
1998-02-02,1.1235,per_usd
1998-02-03,1.1245,per_usd
1998-02-04,1.1242,per_usd
1998-02-05,1.1245,per_usd
1998-02-06,1.1255,per_usd
1998-02-09,1.1255,per_usd
1998-02-10,1.1262,per_usd
1998-02-11,1.1265,per_usd
1998-02-12,1.1262,per_usd
1998-02-13,1.1277,per_usd
1998-02-17,1.1285,per_usd
1998-02-18,1.1288,per_usd
1998-02-19,1.1295,per_usd
1998-02-20,1.1295,per_usd
1998-02-23,1.1295,per_usd
1998-02-24,1.1295,per_usd
1998-02-25,1.1295,per_usd
1998-02-26,1.1293,per_usd
1998-02-27,1.1303,per_usd
1998-03-02,1.1305,per_usd
1998-03-03,1.1308,per_usd
1998-03-04,1.1305,per_usd
1998-03-05,1.1312,per_usd
1998-03-06,1.131,per_usd
1998-03-09,1.1325,per_usd
1998-03-10,1.1325,per_usd
1998-03-11,1.132,per_usd
1998-03-12,1.1318,per_usd
1998-03-13,1.133,per_usd
1998-03-16,1.1333,per_usd
1998-03-17,1.1333,per_usd
1998-03-18,1.1342,per_usd
1998-03-19,1.1343,per_usd
1998-03-20,1.1344,per_usd
1998-03-23,1.1345,per_usd
1998-03-24,1.135,per_usd
1998-03-25,1.1358,per_usd
1998-03-26,1.136,per_usd
1998-03-27,1.1362,per_usd
1998-03-30,1.1357,per_usd
1998-03-31,1.137,per_usd
1998-04-01,1.1373,per_usd
1998-04-02,1.1371,per_usd
1998-04-03,1.1381,per_usd
1998-04-06,1.139,per_usd
1998-04-07,1.1385,per_usd
1998-04-08,1.1392,per_usd
1998-04-09,1.1393,per_usd
1998-04-10,1.1393,per_usd
1998-04-13,1.1392,per_usd
1998-04-14,1.1402,per_usd
1998-04-15,1.1404,per_usd
1998-04-16,1.1409,per_usd
1998-04-17,1.1412,per_usd
1998-04-20,1.1418,per_usd
1998-04-21,1.1415,per_usd
1998-04-22,1.1424,per_usd
1998-04-23,1.1427,per_usd
1998-04-24,1.1435,per_usd
1998-04-27,1.1445,per_usd
1998-04-28,1.1454,per_usd
1998-04-29,1.1448,per_usd
1998-04-30,1.1438,per_usd
1998-05-01,1.1437,per_usd
1998-05-04,1.1441,per_usd
1998-05-05,1.1447,per_usd
1998-05-06,1.1448,per_usd
1998-05-07,1.1448,per_usd
1998-05-08,1.145,per_usd
1998-05-11,1.1458,per_usd
1998-05-12,1.1459,per_usd
1998-05-13,1.1475,per_usd
1998-05-14,1.1468,per_usd
1998-05-15,1.1468,per_usd
1998-05-18,1.1474,per_usd
1998-05-19,1.1479,per_usd
1998-05-20,1.149,per_usd
1998-05-21,1.15,per_usd
1998-05-22,1.1515,per_usd
1998-05-26,1.153,per_usd
1998-05-27,1.1513,per_usd
1998-05-28,1.1497,per_usd
1998-05-29,1.1502,per_usd
1998-06-01,1.1523,per_usd
1998-06-02,1.1516,per_usd
1998-06-03,1.1517,per_usd
1998-06-04,1.1514,per_usd
1998-06-05,1.1525,per_usd
1998-06-08,1.1528,per_usd
1998-06-09,1.1536,per_usd
1998-06-10,1.155,per_usd
1998-06-11,1.1536,per_usd
1998-06-12,1.1551,per_usd
1998-06-15,1.1544,per_usd
1998-06-16,1.1545,per_usd
1998-06-17,1.155,per_usd
1998-06-18,1.1556,per_usd
1998-06-19,1.1555,per_usd
1998-06-22,1.1552,per_usd
1998-06-23,1.1547,per_usd
1998-06-24,1.1557,per_usd
1998-06-25,1.1557,per_usd
1998-06-26,1.1567,per_usd
1998-06-29,1.1563,per_usd
1998-06-30,1.1565,per_usd
1998-07-01,1.1568,per_usd
1998-07-02,1.1568,per_usd
1998-07-03,1.1568,per_usd
1998-07-06,1.1581,per_usd
1998-07-07,1.1585,per_usd
1998-07-08,1.161,per_usd
1998-07-09,1.1617,per_usd
1998-07-10,1.16,per_usd
1998-07-13,1.1628,per_usd
1998-07-14,1.1628,per_usd
1998-07-15,1.1613,per_usd
1998-07-16,1.1623,per_usd
1998-07-17,1.1612,per_usd
1998-07-20,1.1602,per_usd
1998-07-21,1.1606,per_usd
1998-07-22,1.1635,per_usd
1998-07-23,1.1648,per_usd
1998-07-24,1.1654,per_usd
1998-07-27,1.166,per_usd
1998-07-28,1.1632,per_usd
1998-07-29,1.1626,per_usd
1998-07-30,1.162,per_usd
1998-07-31,1.1632,per_usd
1998-08-03,1.1651,per_usd
1998-08-04,1.1662,per_usd
1998-08-05,1.1663,per_usd
1998-08-06,1.1673,per_usd
1998-08-07,1.168,per_usd
1998-08-10,1.1695,per_usd
1998-08-11,1.1687,per_usd
1998-08-12,1.1707,per_usd
1998-08-13,1.1715,per_usd
1998-08-14,1.1717,per_usd
1998-08-17,1.173,per_usd
1998-08-18,1.174,per_usd
1998-08-19,1.174,per_usd
1998-08-20,1.1737,per_usd
1998-08-21,1.175,per_usd
1998-08-24,1.1747,per_usd
1998-08-25,1.1728,per_usd
1998-08-26,1.173,per_usd
1998-08-27,1.1765,per_usd
1998-08-28,1.1763,per_usd
1998-08-31,1.177,per_usd
1998-09-01,1.177,per_usd
1998-09-02,1.177,per_usd
1998-09-03,1.1783,per_usd
1998-09-04,1.178,per_usd
1998-09-08,1.1767,per_usd
1998-09-09,1.1762,per_usd
1998-09-10,1.179,per_usd
1998-09-11,1.179,per_usd
1998-09-14,1.1799,per_usd
1998-09-15,1.1793,per_usd
1998-09-16,1.18,per_usd
1998-09-17,1.1788,per_usd
1998-09-18,1.181,per_usd
1998-09-21,1.1815,per_usd
1998-09-22,1.1836,per_usd
1998-09-23,1.1835,per_usd
1998-09-24,1.1835,per_usd
1998-09-25,1.1844,per_usd
1998-09-28,1.1845,per_usd
1998-09-29,1.1847,per_usd
1998-09-30,1.1855,per_usd
1998-10-01,1.184,per_usd
1998-10-02,1.1838,per_usd
1998-10-05,1.1858,per_usd
1998-10-06,1.1852,per_usd
1998-10-07,1.187,per_usd
1998-10-08,1.1847,per_usd
1998-10-09,1.1868,per_usd
1998-10-13,1.1875,per_usd
1998-10-14,1.1885,per_usd
1998-10-15,1.1883,per_usd
1998-10-16,1.1885,per_usd
1998-10-19,1.19,per_usd
1998-10-20,1.1889,per_usd
1998-10-21,1.19,per_usd
1998-10-22,1.1901,per_usd
1998-10-23,1.191,per_usd
1998-10-26,1.191,per_usd
1998-10-27,1.2,per_usd
1998-10-28,1.192,per_usd
1998-10-29,1.1918,per_usd
1998-10-30,1.1919,per_usd
1998-11-02,1.193,per_usd
1998-11-03,1.192,per_usd
1998-11-04,1.19,per_usd
1998-11-05,1.189,per_usd
1998-11-06,1.1881,per_usd
1998-11-09,1.1897,per_usd
1998-11-10,1.1905,per_usd
1998-11-12,1.191,per_usd
1998-11-13,1.1915,per_usd
1998-11-16,1.1904,per_usd
1998-11-17,1.1906,per_usd
1998-11-18,1.1915,per_usd
1998-11-19,1.1925,per_usd
1998-11-20,1.195,per_usd
1998-11-23,1.1973,per_usd
1998-11-24,1.1985,per_usd
1998-11-25,1.198,per_usd
1998-11-27,1.2005,per_usd
1998-11-30,1.201,per_usd
1998-12-01,1.2016,per_usd
1998-12-02,1.202,per_usd
1998-12-03,1.2024,per_usd
1998-12-04,1.2022,per_usd
1998-12-07,1.203,per_usd
1998-12-08,1.2028,per_usd
1998-12-09,1.2033,per_usd
1998-12-10,1.203,per_usd
1998-12-11,1.2043,per_usd
1998-12-14,1.205,per_usd
1998-12-15,1.205,per_usd
1998-12-16,1.205,per_usd
1998-12-17,1.2053,per_usd
1998-12-18,1.2065,per_usd
1998-12-21,1.209,per_usd
1998-12-22,1.2072,per_usd
1998-12-23,1.2075,per_usd
1998-12-24,1.2075,per_usd
1998-12-28,1.208,per_usd
1998-12-29,1.208,per_usd
1998-12-30,1.2082,per_usd
1998-12-31,1.2085,per_usd
1999-01-04,1.2074,per_usd
1999-01-05,1.2075,per_usd
1999-01-06,1.211,per_usd
1999-01-07,1.21,per_usd
1999-01-08,1.2095,per_usd
1999-01-11,1.2099,per_usd
1999-01-12,1.2108,per_usd
1999-01-13,1.321,per_usd
1999-01-14,1.32,per_usd
1999-01-15,1.48,per_usd
1999-01-19,1.6,per_usd
1999-01-20,1.58,per_usd
1999-01-21,1.71,per_usd
1999-01-22,1.7,per_usd
1999-01-25,1.79,per_usd
1999-01-26,1.86,per_usd
1999-01-27,1.89,per_usd
1999-01-28,1.94,per_usd
1999-01-29,2.07,per_usd
1999-02-01,1.97,per_usd
1999-02-02,1.81,per_usd
1999-02-03,1.8,per_usd
1999-02-04,1.825,per_usd
1999-02-05,1.85,per_usd
1999-02-08,1.89,per_usd
1999-02-09,1.91,per_usd
1999-02-10,1.91,per_usd
1999-02-11,1.9,per_usd
1999-02-12,1.9,per_usd
1999-02-16,1.91,per_usd
1999-02-17,1.93,per_usd
1999-02-18,1.91,per_usd
1999-02-19,1.94,per_usd
1999-02-22,1.96,per_usd
1999-02-23,2.04,per_usd
1999-02-24,2.01,per_usd
1999-02-25,2.04,per_usd
1999-02-26,2.09,per_usd
1999-03-01,2.05,per_usd
1999-03-02,2.17,per_usd
1999-03-03,2.2,per_usd
1999-03-04,2.11,per_usd
1999-03-05,2,per_usd
1999-03-08,1.975,per_usd
1999-03-09,1.92,per_usd
1999-03-10,1.87,per_usd
1999-03-11,1.895,per_usd
1999-03-12,1.91,per_usd
1999-03-15,1.88,per_usd
1999-03-16,1.86,per_usd
1999-03-17,1.89,per_usd
1999-03-18,1.87,per_usd
1999-03-19,1.855,per_usd
1999-03-22,1.87,per_usd
1999-03-23,1.855,per_usd
1999-03-24,1.845,per_usd
1999-03-25,1.805,per_usd
1999-03-26,1.77,per_usd
1999-03-29,1.775,per_usd
1999-03-30,1.735,per_usd
1999-03-31,1.72,per_usd
1999-04-01,1.73,per_usd
1999-04-02,1.735,per_usd
1999-04-05,1.73,per_usd
1999-04-06,1.73,per_usd
1999-04-07,1.735,per_usd
1999-04-08,1.725,per_usd
1999-04-09,1.71,per_usd
1999-04-12,1.71,per_usd
1999-04-13,1.665,per_usd
1999-04-14,1.67,per_usd
1999-04-15,1.67,per_usd
1999-04-16,1.675,per_usd
1999-04-19,1.675,per_usd
1999-04-20,1.725,per_usd
1999-04-21,1.74,per_usd
1999-04-22,1.702,per_usd
1999-04-23,1.69,per_usd
1999-04-26,1.702,per_usd
1999-04-27,1.7071,per_usd
1999-04-28,1.695,per_usd
1999-04-29,1.671,per_usd
1999-04-30,1.6625,per_usd
1999-05-03,1.668,per_usd
1999-05-04,1.678,per_usd
1999-05-05,1.686,per_usd
1999-05-06,1.674,per_usd
1999-05-07,1.672,per_usd
1999-05-10,1.653,per_usd
1999-05-11,1.649,per_usd
1999-05-12,1.66,per_usd
1999-05-13,1.655,per_usd
1999-05-14,1.658,per_usd
1999-05-17,1.672,per_usd
1999-05-18,1.67,per_usd
1999-05-19,1.67,per_usd
1999-05-20,1.6975,per_usd
1999-05-21,1.705,per_usd
1999-05-24,1.703,per_usd
1999-05-25,1.753,per_usd
1999-05-26,1.728,per_usd
1999-05-27,1.72,per_usd
1999-05-28,1.734,per_usd
1999-06-01,1.741,per_usd
1999-06-02,1.7555,per_usd
1999-06-03,1.755,per_usd
1999-06-04,1.735,per_usd
1999-06-07,1.7425,per_usd
1999-06-08,1.75,per_usd
1999-06-09,1.75,per_usd
1999-06-10,1.764,per_usd
1999-06-11,1.774,per_usd
1999-06-14,1.78,per_usd
1999-06-15,1.791,per_usd
1999-06-16,1.7675,per_usd
1999-06-17,1.7585,per_usd
1999-06-18,1.75,per_usd
1999-06-21,1.7675,per_usd
1999-06-22,1.77,per_usd
1999-06-23,1.783,per_usd
1999-06-24,1.811,per_usd
1999-06-25,1.798,per_usd
1999-06-28,1.789,per_usd
1999-06-29,1.77,per_usd
1999-06-30,1.77,per_usd
1999-07-01,1.763,per_usd
1999-07-02,1.77,per_usd
1999-07-06,1.7755,per_usd
1999-07-07,1.78,per_usd
1999-07-08,1.7925,per_usd
1999-07-09,1.805,per_usd
1999-07-12,1.82,per_usd
1999-07-13,1.835,per_usd
1999-07-14,1.807,per_usd
1999-07-15,1.827,per_usd
1999-07-16,1.81,per_usd
1999-07-19,1.795,per_usd
1999-07-20,1.8,per_usd
1999-07-21,1.812,per_usd
1999-07-22,1.8275,per_usd
1999-07-23,1.819,per_usd
1999-07-26,1.819,per_usd
1999-07-27,1.817,per_usd
1999-07-28,1.7875,per_usd
1999-07-29,1.796,per_usd
1999-07-30,1.79,per_usd
1999-08-02,1.814,per_usd
1999-08-03,1.83,per_usd
1999-08-04,1.821,per_usd
1999-08-05,1.85,per_usd
1999-08-06,1.85,per_usd
1999-08-09,1.846,per_usd
1999-08-10,1.8825,per_usd
1999-08-11,1.871,per_usd
1999-08-12,1.853,per_usd
1999-08-13,1.872,per_usd
1999-08-16,1.885,per_usd
1999-08-17,1.887,per_usd
1999-08-18,1.892,per_usd
1999-08-19,1.92,per_usd
1999-08-20,1.9925,per_usd
1999-08-23,1.862,per_usd
1999-08-24,1.9025,per_usd
1999-08-25,1.936,per_usd
1999-08-26,1.91,per_usd
1999-08-27,1.94,per_usd
1999-08-30,1.948,per_usd
1999-08-31,1.925,per_usd
1999-09-01,1.917,per_usd
1999-09-02,1.924,per_usd
1999-09-03,1.903,per_usd
1999-09-07,1.905,per_usd
1999-09-08,1.897,per_usd
1999-09-09,1.873,per_usd
1999-09-10,1.857,per_usd
1999-09-13,1.885,per_usd
1999-09-14,1.8975,per_usd
1999-09-15,1.88,per_usd
1999-09-16,1.8825,per_usd
1999-09-17,1.89,per_usd
1999-09-20,1.874,per_usd
1999-09-21,1.88,per_usd
1999-09-22,1.896,per_usd
1999-09-23,1.891,per_usd
1999-09-24,1.9175,per_usd
1999-09-27,1.923,per_usd
1999-09-28,1.937,per_usd
1999-09-29,1.922,per_usd
1999-09-30,1.921,per_usd
1999-10-01,1.923,per_usd
1999-10-04,1.941,per_usd
1999-10-05,1.95,per_usd
1999-10-06,1.964,per_usd
1999-10-07,1.933,per_usd
1999-10-08,1.95,per_usd
1999-10-12,1.95,per_usd
1999-10-13,1.961,per_usd
1999-10-14,1.964,per_usd
1999-10-15,1.988,per_usd
1999-10-18,1.988,per_usd
1999-10-19,1.99,per_usd
1999-10-20,2.007,per_usd
1999-10-21,1.994,per_usd
1999-10-22,1.98,per_usd
1999-10-25,1.979,per_usd
1999-10-26,1.984,per_usd
1999-10-27,1.997,per_usd
1999-10-28,1.98,per_usd
1999-10-29,1.953,per_usd
1999-11-01,1.944,per_usd
1999-11-02,1.943,per_usd
1999-11-03,1.943,per_usd
1999-11-04,1.915,per_usd
1999-11-05,1.917,per_usd
1999-11-08,1.929,per_usd
1999-11-09,1.93,per_usd
1999-11-10,1.937,per_usd
1999-11-12,1.936,per_usd
1999-11-15,1.935,per_usd
1999-11-16,1.933,per_usd
1999-11-17,1.934,per_usd
1999-11-18,1.93,per_usd
1999-11-19,1.934,per_usd
1999-11-22,1.933,per_usd
1999-11-23,1.933,per_usd
1999-11-24,1.931,per_usd
1999-11-26,1.926,per_usd
1999-11-29,1.921,per_usd
1999-11-30,1.923,per_usd
1999-12-01,1.92,per_usd
1999-12-02,1.894,per_usd
1999-12-03,1.878,per_usd
1999-12-06,1.868,per_usd
1999-12-07,1.86,per_usd
1999-12-08,1.864,per_usd
1999-12-09,1.866,per_usd
1999-12-10,1.866,per_usd
1999-12-13,1.856,per_usd
1999-12-14,1.847,per_usd
1999-12-15,1.852,per_usd
1999-12-16,1.843,per_usd
1999-12-17,1.8,per_usd
1999-12-20,1.812,per_usd
1999-12-21,1.827,per_usd
1999-12-22,1.821,per_usd
1999-12-23,1.831,per_usd
1999-12-24,1.832,per_usd
1999-12-27,1.833,per_usd
1999-12-28,1.832,per_usd
1999-12-29,1.814,per_usd
1999-12-30,1.792,per_usd
1999-12-31,1.809,per_usd
2000-01-03,1.805,per_usd
2000-01-04,1.8405,per_usd
2000-01-05,1.856,per_usd
2000-01-06,1.84,per_usd
2000-01-07,1.831,per_usd
2000-01-10,1.819,per_usd
2000-01-11,1.8225,per_usd
2000-01-12,1.835,per_usd
2000-01-13,1.814,per_usd
2000-01-14,1.805,per_usd
2000-01-18,1.7942,per_usd
2000-01-19,1.793,per_usd
2000-01-20,1.7785,per_usd
2000-01-21,1.78,per_usd
2000-01-24,1.768,per_usd
2000-01-25,1.78,per_usd
2000-01-26,1.781,per_usd
2000-01-27,1.78,per_usd
2000-01-28,1.79,per_usd
2000-01-31,1.802,per_usd
2000-02-01,1.795,per_usd
2000-02-02,1.785,per_usd
2000-02-03,1.775,per_usd
2000-02-04,1.773,per_usd
2000-02-07,1.77,per_usd
2000-02-08,1.765,per_usd
2000-02-09,1.77,per_usd
2000-02-10,1.77,per_usd
2000-02-11,1.767,per_usd
2000-02-14,1.769,per_usd
2000-02-15,1.783,per_usd
2000-02-16,1.775,per_usd
2000-02-17,1.777,per_usd
2000-02-18,1.777,per_usd
2000-02-22,1.785,per_usd
2000-02-23,1.79,per_usd
2000-02-24,1.782,per_usd
2000-02-25,1.774,per_usd
2000-02-28,1.779,per_usd
2000-02-29,1.769,per_usd
2000-03-01,1.769,per_usd
2000-03-02,1.759,per_usd
2000-03-03,1.744,per_usd
2000-03-06,1.747,per_usd
2000-03-07,1.747,per_usd
2000-03-08,1.754,per_usd
2000-03-09,1.735,per_usd
2000-03-10,1.738,per_usd
2000-03-13,1.749,per_usd
2000-03-14,1.738,per_usd
2000-03-15,1.7402,per_usd
2000-03-16,1.736,per_usd
2000-03-17,1.737,per_usd
2000-03-20,1.74,per_usd
2000-03-21,1.7395,per_usd
2000-03-22,1.729,per_usd
2000-03-23,1.723,per_usd
2000-03-24,1.73,per_usd
2000-03-27,1.736,per_usd
2000-03-28,1.749,per_usd
2000-03-29,1.74,per_usd
2000-03-30,1.753,per_usd
2000-03-31,1.742,per_usd
2000-04-03,1.742,per_usd
2000-04-04,1.745,per_usd
2000-04-05,1.755,per_usd
2000-04-06,1.745,per_usd
2000-04-07,1.746,per_usd
2000-04-10,1.738,per_usd
2000-04-11,1.7475,per_usd
2000-04-12,1.748,per_usd
2000-04-13,1.764,per_usd
2000-04-14,1.786,per_usd
2000-04-17,1.789,per_usd
2000-04-18,1.766,per_usd
2000-04-19,1.766,per_usd
2000-04-20,1.781,per_usd
2000-04-21,1.779,per_usd
2000-04-24,1.79,per_usd
2000-04-25,1.79,per_usd
2000-04-26,1.799,per_usd
2000-04-27,1.811,per_usd
2000-04-28,1.805,per_usd
2000-05-01,1.807,per_usd
2000-05-02,1.8,per_usd
2000-05-03,1.816,per_usd
2000-05-04,1.814,per_usd
2000-05-05,1.8125,per_usd
2000-05-08,1.805,per_usd
2000-05-09,1.8075,per_usd
2000-05-10,1.818,per_usd
2000-05-11,1.82,per_usd
2000-05-12,1.83,per_usd
2000-05-15,1.845,per_usd
2000-05-16,1.823,per_usd
2000-05-17,1.833,per_usd
2000-05-18,1.831,per_usd
2000-05-19,1.843,per_usd
2000-05-22,1.854,per_usd
2000-05-23,1.852,per_usd
2000-05-24,1.853,per_usd
2000-05-25,1.846,per_usd
2000-05-26,1.841,per_usd
2000-05-30,1.8325,per_usd
2000-05-31,1.827,per_usd
2000-06-01,1.821,per_usd
2000-06-02,1.807,per_usd
2000-06-05,1.794,per_usd
2000-06-06,1.793,per_usd
2000-06-07,1.804,per_usd
2000-06-08,1.799,per_usd
2000-06-09,1.8025,per_usd
2000-06-12,1.805,per_usd
2000-06-13,1.812,per_usd
2000-06-14,1.8125,per_usd
2000-06-15,1.812,per_usd
2000-06-16,1.808,per_usd
2000-06-19,1.805,per_usd
2000-06-20,1.8,per_usd
2000-06-21,1.815,per_usd
2000-06-22,1.813,per_usd
2000-06-23,1.822,per_usd
2000-06-26,1.828,per_usd
2000-06-27,1.823,per_usd
2000-06-28,1.82,per_usd
2000-06-29,1.817,per_usd
2000-06-30,1.804,per_usd
2000-07-03,1.809,per_usd
2000-07-05,1.805,per_usd
2000-07-06,1.798,per_usd
2000-07-07,1.799,per_usd
2000-07-10,1.8,per_usd
2000-07-11,1.799,per_usd
2000-07-12,1.805,per_usd
2000-07-13,1.809,per_usd
2000-07-14,1.812,per_usd
2000-07-17,1.8,per_usd
2000-07-18,1.798,per_usd
2000-07-19,1.807,per_usd
2000-07-20,1.8015,per_usd
2000-07-21,1.794,per_usd
2000-07-24,1.797,per_usd
2000-07-25,1.79,per_usd
2000-07-26,1.793,per_usd
2000-07-27,1.7845,per_usd
2000-07-28,1.786,per_usd
2000-07-31,1.776,per_usd
2000-08-01,1.786,per_usd
2000-08-02,1.792,per_usd
2000-08-03,1.802,per_usd
2000-08-04,1.793,per_usd
2000-08-07,1.796,per_usd
2000-08-08,1.8,per_usd
2000-08-09,1.7965,per_usd
2000-08-10,1.798,per_usd
2000-08-11,1.796,per_usd
2000-08-14,1.804,per_usd
2000-08-15,1.805,per_usd
2000-08-16,1.808,per_usd
2000-08-17,1.809,per_usd
2000-08-18,1.817,per_usd
2000-08-21,1.821,per_usd
2000-08-22,1.818,per_usd
2000-08-23,1.818,per_usd
2000-08-24,1.822,per_usd
2000-08-25,1.823,per_usd
2000-08-28,1.829,per_usd
2000-08-29,1.832,per_usd
2000-08-30,1.8241,per_usd
2000-08-31,1.82,per_usd
2000-09-01,1.824,per_usd
2000-09-05,1.8278,per_usd
2000-09-06,1.821,per_usd
2000-09-07,1.8221,per_usd
2000-09-08,1.822,per_usd
2000-09-11,1.8187,per_usd
2000-09-12,1.827,per_usd
2000-09-13,1.835,per_usd
2000-09-14,1.833,per_usd
2000-09-15,1.8445,per_usd
2000-09-18,1.859,per_usd
2000-09-19,1.855,per_usd
2000-09-20,1.857,per_usd
2000-09-21,1.854,per_usd
2000-09-22,1.8575,per_usd
2000-09-25,1.844,per_usd
2000-09-26,1.8517,per_usd
2000-09-27,1.849,per_usd
2000-09-28,1.8482,per_usd
2000-09-29,1.844,per_usd
2000-10-02,1.847,per_usd
2000-10-03,1.848,per_usd
2000-10-04,1.852,per_usd
2000-10-05,1.852,per_usd
2000-10-06,1.855,per_usd
2000-10-10,1.855,per_usd
2000-10-11,1.86,per_usd
2000-10-12,1.862,per_usd
2000-10-13,1.877,per_usd
2000-10-16,1.871,per_usd
2000-10-17,1.8735,per_usd
2000-10-18,1.876,per_usd
2000-10-19,1.875,per_usd
2000-10-20,1.882,per_usd
2000-10-23,1.893,per_usd
2000-10-24,1.901,per_usd
2000-10-25,1.925,per_usd
2000-10-26,1.946,per_usd
2000-10-27,1.931,per_usd
2000-10-30,1.9185,per_usd
2000-10-31,1.908,per_usd
2000-11-01,1.909,per_usd
2000-11-02,1.919,per_usd
2000-11-03,1.937,per_usd
2000-11-06,1.941,per_usd
2000-11-07,1.9545,per_usd
2000-11-08,1.955,per_usd
2000-11-09,1.963,per_usd
2000-11-10,1.951,per_usd
2000-11-13,1.959,per_usd
2000-11-14,1.945,per_usd
2000-11-15,1.949,per_usd
2000-11-16,1.9475,per_usd
2000-11-17,1.968,per_usd
2000-11-20,1.929,per_usd
2000-11-21,1.926,per_usd
2000-11-22,1.929,per_usd
2000-11-24,1.959,per_usd
2000-11-27,1.9625,per_usd
2000-11-28,1.98,per_usd
2000-11-29,1.958,per_usd
2000-11-30,1.9722,per_usd
2000-12-01,1.981,per_usd
2000-12-04,1.984,per_usd
2000-12-05,1.96,per_usd
2000-12-06,1.967,per_usd
2000-12-07,1.974,per_usd
2000-12-08,1.969,per_usd
2000-12-11,1.962,per_usd
2000-12-12,1.968,per_usd
2000-12-13,1.965,per_usd
2000-12-14,1.965,per_usd
2000-12-15,1.965,per_usd
2000-12-18,1.953,per_usd
2000-12-19,1.955,per_usd
2000-12-20,1.958,per_usd
2000-12-21,1.953,per_usd
2000-12-22,1.958,per_usd
2000-12-26,1.961,per_usd
2000-12-27,1.96,per_usd
2000-12-28,1.955,per_usd
2000-12-29,1.951,per_usd
2001-01-02,1.938,per_usd
2001-01-03,1.946,per_usd
2001-01-04,1.938,per_usd
2001-01-05,1.953,per_usd
2001-01-08,1.954,per_usd
2001-01-09,1.941,per_usd
2001-01-10,1.941,per_usd
2001-01-11,1.949,per_usd
2001-01-12,1.949,per_usd
2001-01-16,1.954,per_usd
2001-01-17,1.954,per_usd
2001-01-18,1.953,per_usd
2001-01-19,1.96,per_usd
2001-01-22,1.958,per_usd
2001-01-23,1.959,per_usd
2001-01-24,1.962,per_usd
2001-01-25,1.974,per_usd
2001-01-26,1.977,per_usd
2001-01-29,1.977,per_usd
2001-01-30,1.9695,per_usd
2001-01-31,1.972,per_usd
2001-02-01,1.9825,per_usd
2001-02-02,1.994,per_usd
2001-02-05,1.996,per_usd
2001-02-06,1.997,per_usd
2001-02-07,2.006,per_usd
2001-02-08,1.992,per_usd
2001-02-09,1.986,per_usd
2001-02-12,1.983,per_usd
2001-02-13,1.982,per_usd
2001-02-14,1.989,per_usd
2001-02-15,1.984,per_usd
2001-02-16,1.993,per_usd
2001-02-20,2.009,per_usd
2001-02-21,2.019,per_usd
2001-02-22,2.044,per_usd
2001-02-23,2.047,per_usd
2001-02-26,2.03,per_usd
2001-02-27,2.034,per_usd
2001-02-28,2.0465,per_usd
2001-03-01,2.043,per_usd
2001-03-02,2.032,per_usd
2001-03-05,2.025,per_usd
2001-03-06,2.022,per_usd
2001-03-07,2.047,per_usd
2001-03-08,2.043,per_usd
2001-03-09,2.057,per_usd
2001-03-12,2.065,per_usd
2001-03-13,2.062,per_usd
2001-03-14,2.075,per_usd
2001-03-15,2.1025,per_usd
2001-03-16,2.129,per_usd
2001-03-19,2.171,per_usd
2001-03-20,2.1,per_usd
2001-03-21,2.107,per_usd
2001-03-22,2.146,per_usd
2001-03-23,2.172,per_usd
2001-03-26,2.136,per_usd
2001-03-27,2.124,per_usd
2001-03-28,2.125,per_usd
2001-03-29,2.143,per_usd
2001-03-30,2.175,per_usd
2001-04-02,2.158,per_usd
2001-04-03,2.173,per_usd
2001-04-04,2.165,per_usd
2001-04-05,2.168,per_usd
2001-04-06,2.151,per_usd
2001-04-09,2.167,per_usd
2001-04-10,2.146,per_usd
2001-04-11,2.156,per_usd
2001-04-12,2.1622,per_usd
2001-04-13,2.156,per_usd
2001-04-16,2.183,per_usd
2001-04-17,2.193,per_usd
2001-04-18,2.17,per_usd
2001-04-19,2.195,per_usd
2001-04-20,2.228,per_usd
2001-04-23,2.258,per_usd
2001-04-24,2.26,per_usd
2001-04-25,2.295,per_usd
2001-04-26,2.267,per_usd
2001-04-27,2.222,per_usd
2001-04-30,2.189,per_usd
2001-05-01,2.203,per_usd
2001-05-02,2.233,per_usd
2001-05-03,2.2375,per_usd
2001-05-04,2.2145,per_usd
2001-05-07,2.201,per_usd
2001-05-08,2.2315,per_usd
2001-05-09,2.2605,per_usd
2001-05-10,2.2785,per_usd
2001-05-11,2.286,per_usd
2001-05-14,2.309,per_usd
2001-05-15,2.337,per_usd
2001-05-16,2.3235,per_usd
2001-05-17,2.306,per_usd
2001-05-18,2.295,per_usd
2001-05-21,2.327,per_usd
2001-05-22,2.302,per_usd
2001-05-23,2.345,per_usd
2001-05-24,2.355,per_usd
2001-05-25,2.34,per_usd
2001-05-29,2.335,per_usd
2001-05-30,2.3575,per_usd
2001-05-31,2.359,per_usd
2001-06-01,2.385,per_usd
2001-06-04,2.3595,per_usd
2001-06-05,2.39,per_usd
2001-06-06,2.382,per_usd
2001-06-07,2.39,per_usd
2001-06-08,2.374,per_usd
2001-06-11,2.374,per_usd
2001-06-12,2.39,per_usd
2001-06-13,2.41,per_usd
2001-06-14,2.4235,per_usd
2001-06-15,2.4035,per_usd
2001-06-18,2.47,per_usd
2001-06-19,2.471,per_usd
2001-06-20,2.476,per_usd
2001-06-21,2.388,per_usd
2001-06-22,2.318,per_usd
2001-06-25,2.312,per_usd
2001-06-26,2.314,per_usd
2001-06-27,2.332,per_usd
2001-06-28,2.287,per_usd
2001-06-29,2.305,per_usd
2001-07-02,2.326,per_usd
2001-07-03,2.344,per_usd
2001-07-05,2.425,per_usd
2001-07-06,2.491,per_usd
2001-07-09,2.45,per_usd
2001-07-10,2.498,per_usd
2001-07-11,2.56,per_usd
2001-07-12,2.57,per_usd
2001-07-13,2.559,per_usd
2001-07-16,2.601,per_usd
2001-07-17,2.509,per_usd
2001-07-18,2.471,per_usd
2001-07-19,2.5,per_usd
2001-07-20,2.458,per_usd
2001-07-23,2.405,per_usd
2001-07-24,2.438,per_usd
2001-07-25,2.476,per_usd
2001-07-26,2.487,per_usd
2001-07-27,2.495,per_usd
2001-07-30,2.435,per_usd
2001-07-31,2.437,per_usd
2001-08-01,2.502,per_usd
2001-08-02,2.482,per_usd
2001-08-03,2.5,per_usd
2001-08-06,2.467,per_usd
2001-08-07,2.448,per_usd
2001-08-08,2.466,per_usd
2001-08-09,2.466,per_usd
2001-08-10,2.489,per_usd
2001-08-13,2.5,per_usd
2001-08-14,2.515,per_usd
2001-08-15,2.49,per_usd
2001-08-16,2.494,per_usd
2001-08-17,2.524,per_usd
2001-08-20,2.5345,per_usd
2001-08-21,2.533,per_usd
2001-08-22,2.525,per_usd
2001-08-23,2.532,per_usd
2001-08-24,2.549,per_usd
2001-08-27,2.56,per_usd
2001-08-28,2.56,per_usd
2001-08-29,2.549,per_usd
2001-08-30,2.544,per_usd
2001-08-31,2.552,per_usd
2001-09-04,2.563,per_usd
2001-09-05,2.564,per_usd
2001-09-06,2.585,per_usd
2001-09-07,2.584,per_usd
2001-09-10,2.598,per_usd
2001-09-12,2.675,per_usd
2001-09-13,2.729,per_usd
2001-09-14,2.713,per_usd
2001-09-17,2.665,per_usd
2001-09-18,2.681,per_usd
2001-09-19,2.708,per_usd
2001-09-20,2.734,per_usd
2001-09-21,2.788,per_usd
2001-09-24,2.771,per_usd
2001-09-25,2.715,per_usd
2001-09-26,2.722,per_usd
2001-09-27,2.712,per_usd
2001-09-28,2.673,per_usd
2001-10-01,2.687,per_usd
2001-10-02,2.7,per_usd
2001-10-03,2.729,per_usd
2001-10-04,2.729,per_usd
2001-10-05,2.754,per_usd
2001-10-09,2.776,per_usd
2001-10-10,2.773,per_usd
2001-10-11,2.785,per_usd
2001-10-12,2.782,per_usd
2001-10-15,2.775,per_usd
2001-10-16,2.759,per_usd
2001-10-17,2.7225,per_usd
2001-10-18,2.748,per_usd
2001-10-19,2.7622,per_usd
2001-10-22,2.719,per_usd
2001-10-23,2.733,per_usd
2001-10-24,2.743,per_usd
2001-10-25,2.7318,per_usd
2001-10-26,2.7322,per_usd
2001-10-29,2.727,per_usd
2001-10-30,2.729,per_usd
2001-10-31,2.701,per_usd
2001-11-01,2.685,per_usd
2001-11-02,2.675,per_usd
2001-11-05,2.595,per_usd
2001-11-06,2.594,per_usd
2001-11-07,2.6,per_usd
2001-11-08,2.555,per_usd
2001-11-09,2.527,per_usd
2001-11-13,2.514,per_usd
2001-11-14,2.538,per_usd
2001-11-15,2.546,per_usd
2001-11-16,2.534,per_usd
2001-11-19,2.519,per_usd
2001-11-20,2.547,per_usd
2001-11-21,2.5355,per_usd
2001-11-23,2.5125,per_usd
2001-11-26,2.493,per_usd
2001-11-27,2.472,per_usd
2001-11-28,2.489,per_usd
2001-11-29,2.517,per_usd
2001-11-30,2.514,per_usd
2001-12-03,2.463,per_usd
2001-12-04,2.427,per_usd
2001-12-05,2.4238,per_usd
2001-12-06,2.427,per_usd
2001-12-07,2.4,per_usd
2001-12-10,2.3425,per_usd
2001-12-11,2.3425,per_usd
2001-12-12,2.374,per_usd
2001-12-13,2.389,per_usd
2001-12-14,2.387,per_usd
2001-12-17,2.361,per_usd
2001-12-18,2.345,per_usd
2001-12-19,2.289,per_usd
2001-12-20,2.3165,per_usd
2001-12-21,2.3525,per_usd
2001-12-24,2.338,per_usd
2001-12-26,2.32,per_usd
2001-12-27,2.335,per_usd
2001-12-28,2.326,per_usd
2001-12-31,2.312,per_usd
2002-01-02,2.31,per_usd
2002-01-03,2.293,per_usd
2002-01-04,2.314,per_usd
2002-01-07,2.348,per_usd
2002-01-08,2.361,per_usd
2002-01-09,2.383,per_usd
2002-01-10,2.393,per_usd
2002-01-11,2.4095,per_usd
2002-01-14,2.406,per_usd
2002-01-15,2.36,per_usd
2002-01-16,2.371,per_usd
2002-01-17,2.357,per_usd
2002-01-18,2.376,per_usd
2002-01-22,2.377,per_usd
2002-01-23,2.392,per_usd
2002-01-24,2.4,per_usd
2002-01-25,2.415,per_usd
2002-01-28,2.4295,per_usd
2002-01-29,2.43,per_usd
2002-01-30,2.444,per_usd
2002-01-31,2.409,per_usd
2002-02-01,2.414,per_usd
2002-02-04,2.4245,per_usd
2002-02-05,2.425,per_usd
2002-02-06,2.43,per_usd
2002-02-07,2.454,per_usd
2002-02-08,2.4656,per_usd
2002-02-11,2.458,per_usd
2002-02-12,2.457,per_usd
2002-02-13,2.422,per_usd
2002-02-14,2.4275,per_usd
2002-02-15,2.434,per_usd
2002-02-19,2.4265,per_usd
2002-02-20,2.428,per_usd
2002-02-21,2.422,per_usd
2002-02-22,2.424,per_usd
2002-02-25,2.4,per_usd
2002-02-26,2.4065,per_usd
2002-02-27,2.38,per_usd
2002-02-28,2.361,per_usd
2002-03-01,2.351,per_usd
2002-03-04,2.341,per_usd
2002-03-05,2.336,per_usd
2002-03-06,2.352,per_usd
2002-03-07,2.365,per_usd
2002-03-08,2.35,per_usd
2002-03-11,2.3545,per_usd
2002-03-12,2.342,per_usd
2002-03-13,2.3475,per_usd
2002-03-14,2.3445,per_usd
2002-03-15,2.348,per_usd
2002-03-18,2.345,per_usd
2002-03-19,2.34,per_usd
2002-03-20,2.337,per_usd
2002-03-21,2.349,per_usd
2002-03-22,2.357,per_usd
2002-03-25,2.363,per_usd
2002-03-26,2.343,per_usd
2002-03-27,2.329,per_usd
2002-03-28,2.325,per_usd
2002-03-29,2.326,per_usd
2002-04-01,2.325,per_usd
2002-04-02,2.299,per_usd
2002-04-03,2.31,per_usd
2002-04-04,2.306,per_usd
2002-04-05,2.297,per_usd
2002-04-08,2.291,per_usd
2002-04-09,2.29,per_usd
2002-04-10,2.2745,per_usd
2002-04-11,2.273,per_usd
2002-04-12,2.297,per_usd
2002-04-15,2.324,per_usd
2002-04-16,2.315,per_usd
2002-04-17,2.319,per_usd
2002-04-18,2.334,per_usd
2002-04-19,2.3235,per_usd
2002-04-22,2.342,per_usd
2002-04-23,2.349,per_usd
2002-04-24,2.358,per_usd
2002-04-25,2.375,per_usd
2002-04-26,2.37,per_usd
2002-04-29,2.367,per_usd
2002-04-30,2.36,per_usd
2002-05-01,2.361,per_usd
2002-05-02,2.382,per_usd
2002-05-03,2.415,per_usd
2002-05-06,2.436,per_usd
2002-05-07,2.4115,per_usd
2002-05-08,2.4275,per_usd
2002-05-09,2.456,per_usd
2002-05-10,2.482,per_usd
2002-05-13,2.491,per_usd
2002-05-14,2.516,per_usd
2002-05-15,2.503,per_usd
2002-05-16,2.493,per_usd
2002-05-17,2.477,per_usd
2002-05-20,2.472,per_usd
2002-05-21,2.4745,per_usd
2002-05-22,2.507,per_usd
2002-05-23,2.538,per_usd
2002-05-24,2.534,per_usd
2002-05-28,2.525,per_usd
2002-05-29,2.52,per_usd
2002-05-30,2.512,per_usd
2002-05-31,2.522,per_usd
2002-06-03,2.55,per_usd
2002-06-04,2.572,per_usd
2002-06-05,2.606,per_usd
2002-06-06,2.656,per_usd
2002-06-07,2.648,per_usd
2002-06-10,2.639,per_usd
2002-06-11,2.67,per_usd
2002-06-12,2.752,per_usd
2002-06-13,2.635,per_usd
2002-06-14,2.719,per_usd
2002-06-17,2.681,per_usd
2002-06-18,2.699,per_usd
2002-06-19,2.692,per_usd
2002-06-20,2.759,per_usd
2002-06-21,2.809,per_usd
2002-06-24,2.829,per_usd
2002-06-25,2.8135,per_usd
2002-06-26,2.857,per_usd
2002-06-27,2.871,per_usd
2002-06-28,2.83,per_usd
2002-07-01,2.8575,per_usd
2002-07-02,2.908,per_usd
2002-07-03,2.868,per_usd
2002-07-05,2.88,per_usd
2002-07-08,2.859,per_usd
2002-07-09,2.8455,per_usd
2002-07-10,2.854,per_usd
2002-07-11,2.832,per_usd
2002-07-12,2.8215,per_usd
2002-07-15,2.86,per_usd
2002-07-16,2.869,per_usd
2002-07-17,2.898,per_usd
2002-07-18,2.862,per_usd
2002-07-19,2.871,per_usd
2002-07-22,2.879,per_usd
2002-07-23,2.905,per_usd
2002-07-24,2.935,per_usd
2002-07-25,3,per_usd
2002-07-26,3.02,per_usd
2002-07-29,3.1365,per_usd
2002-07-30,3.265,per_usd
2002-07-31,3.485,per_usd
2002-08-01,3.27,per_usd
2002-08-02,3.07,per_usd
2002-08-05,3.09,per_usd
2002-08-06,3.22,per_usd
2002-08-07,3.07,per_usd
2002-08-08,2.9245,per_usd
2002-08-09,2.985,per_usd
2002-08-12,3.115,per_usd
2002-08-13,3.175,per_usd
2002-08-14,3.195,per_usd
2002-08-15,3.2,per_usd
2002-08-16,3.155,per_usd
2002-08-19,3.0825,per_usd
2002-08-20,3.0885,per_usd
2002-08-21,3.08,per_usd
2002-08-22,3.173,per_usd
2002-08-23,3.095,per_usd
2002-08-26,3.076,per_usd
2002-08-27,3.072,per_usd
2002-08-28,3.13,per_usd
2002-08-29,3.11,per_usd
2002-08-30,3.003,per_usd
2002-09-03,3.102,per_usd
2002-09-04,3.134,per_usd
2002-09-05,3.1425,per_usd
2002-09-06,3.175,per_usd
2002-09-09,3.1225,per_usd
2002-09-10,3.151,per_usd
2002-09-11,3.11,per_usd
2002-09-12,3.111,per_usd
2002-09-13,3.145,per_usd
2002-09-16,3.19,per_usd
2002-09-17,3.2245,per_usd
2002-09-18,3.345,per_usd
2002-09-19,3.411,per_usd
2002-09-20,3.435,per_usd
2002-09-23,3.569,per_usd
2002-09-24,3.61,per_usd
2002-09-25,3.71,per_usd
2002-09-26,3.77,per_usd
2002-09-27,3.835,per_usd
2002-09-30,3.803,per_usd
2002-10-01,3.692,per_usd
2002-10-02,3.581,per_usd
2002-10-03,3.665,per_usd
2002-10-04,3.635,per_usd
2002-10-07,3.679,per_usd
2002-10-08,3.726,per_usd
2002-10-09,3.8495,per_usd
2002-10-10,3.945,per_usd
2002-10-11,3.93,per_usd
2002-10-15,3.855,per_usd
2002-10-16,3.88,per_usd
2002-10-17,3.88,per_usd
2002-10-18,3.88,per_usd
2002-10-21,3.913,per_usd
2002-10-22,3.931,per_usd
2002-10-23,3.901,per_usd
2002-10-24,3.857,per_usd
2002-10-25,3.786,per_usd
2002-10-28,3.751,per_usd
2002-10-29,3.835,per_usd
2002-10-30,3.73,per_usd
2002-10-31,3.624,per_usd
2002-11-01,3.595,per_usd
2002-11-04,3.524,per_usd
2002-11-05,3.553,per_usd
2002-11-06,3.612,per_usd
2002-11-07,3.626,per_usd
2002-11-08,3.525,per_usd
2002-11-12,3.593,per_usd
2002-11-13,3.651,per_usd
2002-11-14,3.705,per_usd
2002-11-15,3.69,per_usd
2002-11-18,3.5635,per_usd
2002-11-19,3.572,per_usd
2002-11-20,3.513,per_usd
2002-11-21,3.542,per_usd
2002-11-22,3.5758,per_usd
2002-11-25,3.554,per_usd
2002-11-26,3.601,per_usd
2002-11-27,3.59,per_usd
2002-11-29,3.671,per_usd
2002-12-02,3.6225,per_usd
2002-12-03,3.676,per_usd
2002-12-04,3.716,per_usd
2002-12-05,3.753,per_usd
2002-12-06,3.718,per_usd
2002-12-09,3.795,per_usd
2002-12-10,3.786,per_usd
2002-12-11,3.783,per_usd
2002-12-12,3.779,per_usd
2002-12-13,3.72,per_usd
2002-12-16,3.598,per_usd
2002-12-17,3.58,per_usd
2002-12-18,3.5325,per_usd
2002-12-19,3.465,per_usd
2002-12-20,3.439,per_usd
2002-12-23,3.51,per_usd
2002-12-24,3.51,per_usd
2002-12-26,3.541,per_usd
2002-12-27,3.554,per_usd
2002-12-30,3.545,per_usd
2002-12-31,3.54,per_usd
2003-01-02,3.5425,per_usd
2003-01-03,3.4306,per_usd
2003-01-06,3.339,per_usd
2003-01-07,3.313,per_usd
2003-01-08,3.295,per_usd
2003-01-09,3.309,per_usd
2003-01-10,3.294,per_usd
2003-01-13,3.307,per_usd
2003-01-14,3.265,per_usd
2003-01-15,3.32,per_usd
2003-01-16,3.289,per_usd
2003-01-17,3.373,per_usd
2003-01-21,3.461,per_usd
2003-01-22,3.512,per_usd
2003-01-23,3.5305,per_usd
2003-01-24,3.616,per_usd
2003-01-27,3.659,per_usd
2003-01-28,3.638,per_usd
2003-01-29,3.617,per_usd
2003-01-30,3.563,per_usd
2003-01-31,3.513,per_usd
2003-02-03,3.535,per_usd
2003-02-04,3.558,per_usd
2003-02-05,3.574,per_usd
2003-02-06,3.606,per_usd
2003-02-07,3.586,per_usd
2003-02-10,3.605,per_usd
2003-02-11,3.581,per_usd
2003-02-12,3.595,per_usd
2003-02-13,3.64,per_usd
2003-02-14,3.664,per_usd
2003-02-18,3.5975,per_usd
2003-02-19,3.61,per_usd
2003-02-20,3.626,per_usd
2003-02-21,3.613,per_usd
2003-02-24,3.597,per_usd
2003-02-25,3.608,per_usd
2003-02-26,3.5885,per_usd
2003-02-27,3.566,per_usd
2003-02-28,3.565,per_usd
2003-03-03,3.57,per_usd
2003-03-04,3.57,per_usd
2003-03-05,3.57,per_usd
2003-03-06,3.53,per_usd
2003-03-07,3.51,per_usd
2003-03-10,3.525,per_usd
2003-03-11,3.489,per_usd
2003-03-12,3.48,per_usd
2003-03-13,3.4225,per_usd
2003-03-14,3.388,per_usd
2003-03-17,3.405,per_usd
2003-03-18,3.445,per_usd
2003-03-19,3.476,per_usd
2003-03-20,3.486,per_usd
2003-03-21,3.425,per_usd
2003-03-24,3.407,per_usd
2003-03-25,3.395,per_usd
2003-03-26,3.393,per_usd
2003-03-27,3.402,per_usd
2003-03-28,3.371,per_usd
2003-03-31,3.332,per_usd
2003-04-01,3.329,per_usd
2003-04-02,3.285,per_usd
2003-04-03,3.24,per_usd
2003-04-04,3.233,per_usd
2003-04-07,3.175,per_usd
2003-04-08,3.175,per_usd
2003-04-09,3.175,per_usd
2003-04-10,3.22,per_usd
2003-04-11,3.223,per_usd
2003-04-14,3.1825,per_usd
2003-04-15,3.115,per_usd
2003-04-16,3.064,per_usd
2003-04-17,3.035,per_usd
2003-04-18,3.039,per_usd
2003-04-21,3.04,per_usd
2003-04-22,3.057,per_usd
2003-04-23,3.007,per_usd
2003-04-24,3.003,per_usd
2003-04-25,3.014,per_usd
2003-04-28,2.991,per_usd
2003-04-29,2.9085,per_usd
2003-04-30,2.887,per_usd
2003-05-01,2.9125,per_usd
2003-05-02,2.91,per_usd
2003-05-05,2.995,per_usd
2003-05-06,2.998,per_usd
2003-05-07,2.965,per_usd
2003-05-08,2.905,per_usd
2003-05-09,2.878,per_usd
2003-05-12,2.875,per_usd
2003-05-13,2.88,per_usd
2003-05-14,2.9,per_usd
2003-05-15,2.926,per_usd
2003-05-16,2.963,per_usd
2003-05-19,2.9825,per_usd
2003-05-20,3.01,per_usd
2003-05-21,3.0025,per_usd
2003-05-22,2.99,per_usd
2003-05-23,2.927,per_usd
2003-05-27,3.034,per_usd
2003-05-28,3.02,per_usd
2003-05-29,2.933,per_usd
2003-05-30,2.979,per_usd
2003-06-02,2.977,per_usd
2003-06-03,2.962,per_usd
2003-06-04,2.925,per_usd
2003-06-05,2.897,per_usd
2003-06-06,2.885,per_usd
2003-06-09,2.875,per_usd
2003-06-10,2.871,per_usd
2003-06-11,2.877,per_usd
2003-06-12,2.865,per_usd
2003-06-13,2.856,per_usd
2003-06-16,2.855,per_usd
2003-06-17,2.886,per_usd
2003-06-18,2.907,per_usd
2003-06-19,2.889,per_usd
2003-06-20,2.883,per_usd
2003-06-23,2.887,per_usd
2003-06-24,2.861,per_usd
2003-06-25,2.86,per_usd
2003-06-26,2.9,per_usd
2003-06-27,2.882,per_usd
2003-06-30,2.862,per_usd
2003-07-01,2.849,per_usd
2003-07-02,2.823,per_usd
2003-07-03,2.833,per_usd
2003-07-07,2.8775,per_usd
2003-07-08,2.89,per_usd
2003-07-09,2.86,per_usd
2003-07-10,2.895,per_usd
2003-07-11,2.907,per_usd
2003-07-14,2.879,per_usd
2003-07-15,2.84,per_usd
2003-07-16,2.864,per_usd
2003-07-17,2.86,per_usd
2003-07-18,2.87,per_usd
2003-07-21,2.8845,per_usd
2003-07-22,2.881,per_usd
2003-07-23,2.898,per_usd
2003-07-24,2.885,per_usd
2003-07-25,2.8935,per_usd
2003-07-28,2.8985,per_usd
2003-07-29,2.929,per_usd
2003-07-30,2.95,per_usd
2003-07-31,2.965,per_usd
2003-08-01,3.005,per_usd
2003-08-04,3.113,per_usd
2003-08-05,3.037,per_usd
2003-08-06,3.039,per_usd
2003-08-07,2.9975,per_usd
2003-08-08,2.99,per_usd
2003-08-11,2.996,per_usd
2003-08-12,3.025,per_usd
2003-08-13,3.03,per_usd
2003-08-14,3,per_usd
2003-08-15,3,per_usd
2003-08-18,2.994,per_usd
2003-08-19,2.992,per_usd
2003-08-20,3.004,per_usd
2003-08-21,3.0125,per_usd
2003-08-22,2.995,per_usd
2003-08-25,2.992,per_usd
2003-08-26,2.991,per_usd
2003-08-27,2.9815,per_usd
2003-08-28,2.952,per_usd
2003-08-29,2.965,per_usd
2003-09-02,2.975,per_usd
2003-09-03,2.957,per_usd
2003-09-04,2.942,per_usd
2003-09-05,2.91,per_usd
2003-09-08,2.923,per_usd
2003-09-09,2.93,per_usd
2003-09-10,2.906,per_usd
2003-09-11,2.905,per_usd
2003-09-12,2.9,per_usd
2003-09-15,2.886,per_usd
2003-09-16,2.897,per_usd
2003-09-17,2.9225,per_usd
2003-09-18,2.899,per_usd
2003-09-19,2.91,per_usd
2003-09-22,2.903,per_usd
2003-09-23,2.922,per_usd
2003-09-24,2.913,per_usd
2003-09-25,2.932,per_usd
2003-09-26,2.9325,per_usd
2003-09-29,2.936,per_usd
2003-09-30,2.928,per_usd
2003-10-01,2.906,per_usd
2003-10-02,2.896,per_usd
2003-10-03,2.886,per_usd
2003-10-06,2.876,per_usd
2003-10-07,2.864,per_usd
2003-10-08,2.8525,per_usd
2003-10-09,2.835,per_usd
2003-10-10,2.8415,per_usd
2003-10-14,2.835,per_usd
2003-10-15,2.827,per_usd
2003-10-16,2.845,per_usd
2003-10-17,2.866,per_usd
2003-10-20,2.878,per_usd
2003-10-21,2.87,per_usd
2003-10-22,2.862,per_usd
2003-10-23,2.87,per_usd
2003-10-24,2.867,per_usd
2003-10-27,2.871,per_usd
2003-10-28,2.8625,per_usd
2003-10-29,2.854,per_usd
2003-10-30,2.853,per_usd
2003-10-31,2.8645,per_usd
2003-11-03,2.855,per_usd
2003-11-04,2.857,per_usd
2003-11-05,2.861,per_usd
2003-11-06,2.883,per_usd
2003-11-07,2.867,per_usd
2003-11-10,2.885,per_usd
2003-11-12,2.919,per_usd
2003-11-13,2.9375,per_usd
2003-11-14,2.948,per_usd
2003-11-17,2.9485,per_usd
2003-11-18,2.948,per_usd
2003-11-19,2.945,per_usd
2003-11-20,2.9465,per_usd
2003-11-21,2.924,per_usd
2003-11-24,2.919,per_usd
2003-11-25,2.937,per_usd
2003-11-26,2.945,per_usd
2003-11-28,2.945,per_usd
2003-12-01,2.9315,per_usd
2003-12-02,2.93,per_usd
2003-12-03,2.931,per_usd
2003-12-04,2.943,per_usd
2003-12-05,2.94,per_usd
2003-12-08,2.945,per_usd
2003-12-09,2.9355,per_usd
2003-12-10,2.945,per_usd
2003-12-11,2.945,per_usd
2003-12-12,2.944,per_usd
2003-12-15,2.922,per_usd
2003-12-16,2.9375,per_usd
2003-12-17,2.936,per_usd
2003-12-18,2.933,per_usd
2003-12-19,2.93,per_usd
2003-12-22,2.925,per_usd
2003-12-23,2.91,per_usd
2003-12-24,2.914,per_usd
2003-12-26,2.9,per_usd
2003-12-29,2.87,per_usd
2003-12-30,2.899,per_usd
2003-12-31,2.895,per_usd
2004-01-02,2.884,per_usd
2004-01-05,2.858,per_usd
2004-01-06,2.8575,per_usd
2004-01-07,2.869,per_usd
2004-01-08,2.85,per_usd
2004-01-09,2.845,per_usd
2004-01-12,2.807,per_usd
2004-01-13,2.81,per_usd
2004-01-14,2.8215,per_usd
2004-01-15,2.81,per_usd
2004-01-16,2.825,per_usd
2004-01-20,2.838,per_usd
2004-01-21,2.846,per_usd
2004-01-22,2.844,per_usd
2004-01-23,2.844,per_usd
2004-01-26,2.843,per_usd
2004-01-27,2.865,per_usd
2004-01-28,2.88,per_usd
2004-01-29,2.945,per_usd
2004-01-30,2.924,per_usd
2004-02-02,2.9525,per_usd
2004-02-03,2.928,per_usd
2004-02-04,2.91,per_usd
2004-02-05,2.932,per_usd
2004-02-06,2.942,per_usd
2004-02-09,2.932,per_usd
2004-02-10,2.917,per_usd
2004-02-11,2.919,per_usd
2004-02-12,2.904,per_usd
2004-02-13,2.92,per_usd
2004-02-17,2.912,per_usd
2004-02-18,2.936,per_usd
2004-02-19,2.949,per_usd
2004-02-20,2.972,per_usd
2004-02-23,2.962,per_usd
2004-02-24,2.9625,per_usd
2004-02-25,2.943,per_usd
2004-02-26,2.9425,per_usd
2004-02-27,2.915,per_usd
2004-03-01,2.8905,per_usd
2004-03-02,2.907,per_usd
2004-03-03,2.882,per_usd
2004-03-04,2.8925,per_usd
2004-03-05,2.877,per_usd
2004-03-08,2.8825,per_usd
2004-03-09,2.868,per_usd
2004-03-10,2.89,per_usd
2004-03-11,2.91,per_usd
2004-03-12,2.906,per_usd
2004-03-15,2.9075,per_usd
2004-03-16,2.902,per_usd
2004-03-17,2.913,per_usd
2004-03-18,2.92,per_usd
2004-03-19,2.901,per_usd
2004-03-22,2.912,per_usd
2004-03-23,2.921,per_usd
2004-03-24,2.929,per_usd
2004-03-25,2.94,per_usd
2004-03-26,2.938,per_usd
2004-03-29,2.939,per_usd
2004-03-30,2.919,per_usd
2004-03-31,2.907,per_usd
2004-04-01,2.8925,per_usd
2004-04-02,2.8985,per_usd
2004-04-05,2.882,per_usd
2004-04-06,2.874,per_usd
2004-04-07,2.876,per_usd
2004-04-08,2.877,per_usd
2004-04-09,2.888,per_usd
2004-04-12,2.888,per_usd
2004-04-13,2.888,per_usd
2004-04-14,2.8955,per_usd
2004-04-15,2.916,per_usd
2004-04-16,2.915,per_usd
2004-04-19,2.915,per_usd
2004-04-20,2.921,per_usd
2004-04-21,2.9325,per_usd
2004-04-22,2.927,per_usd
2004-04-23,2.9135,per_usd
2004-04-26,2.913,per_usd
2004-04-27,2.9185,per_usd
2004-04-28,2.9395,per_usd
2004-04-29,2.959,per_usd
2004-04-30,2.944,per_usd
2004-05-03,2.962,per_usd
2004-05-04,2.968,per_usd
2004-05-05,2.964,per_usd
2004-05-06,2.995,per_usd
2004-05-07,3.084,per_usd
2004-05-10,3.105,per_usd
2004-05-11,3.085,per_usd
2004-05-12,3.1265,per_usd
2004-05-13,3.12,per_usd
2004-05-14,3.092,per_usd
2004-05-17,3.126,per_usd
2004-05-18,3.122,per_usd
2004-05-19,3.114,per_usd
2004-05-20,3.2085,per_usd
2004-05-21,3.187,per_usd
2004-05-24,3.2015,per_usd
2004-05-25,3.1475,per_usd
2004-05-26,3.18,per_usd
2004-05-27,3.1475,per_usd
2004-05-28,3.111,per_usd
2004-06-01,3.155,per_usd
2004-06-02,3.13,per_usd
2004-06-03,3.144,per_usd
2004-06-04,3.13,per_usd
2004-06-07,3.116,per_usd
2004-06-08,3.1195,per_usd
2004-06-09,3.113,per_usd
2004-06-10,3.113,per_usd
2004-06-11,3.15,per_usd
2004-06-14,3.162,per_usd
2004-06-15,3.128,per_usd
2004-06-16,3.1495,per_usd
2004-06-17,3.124,per_usd
2004-06-18,3.1425,per_usd
2004-06-21,3.129,per_usd
2004-06-22,3.135,per_usd
2004-06-23,3.1285,per_usd
2004-06-24,3.103,per_usd
2004-06-25,3.11,per_usd
2004-06-28,3.1375,per_usd
2004-06-29,3.12,per_usd
2004-06-30,3.105,per_usd
2004-07-01,3.083,per_usd
2004-07-02,3.041,per_usd
2004-07-06,3.0435,per_usd
2004-07-07,3.03,per_usd
2004-07-08,3.043,per_usd
2004-07-09,3.044,per_usd
2004-07-12,3.0425,per_usd
2004-07-13,3.046,per_usd
2004-07-14,3.027,per_usd
2004-07-15,3.025,per_usd
2004-07-16,3,per_usd
2004-07-19,2.998,per_usd
2004-07-20,3.0025,per_usd
2004-07-21,3.0435,per_usd
2004-07-22,3.043,per_usd
2004-07-23,3.0455,per_usd
2004-07-26,3.072,per_usd
2004-07-27,3.063,per_usd
2004-07-28,3.054,per_usd
2004-07-29,3.033,per_usd
2004-07-30,3.0275,per_usd
2004-08-02,3.0505,per_usd
2004-08-03,3.054,per_usd
2004-08-04,3.058,per_usd
2004-08-05,3.058,per_usd
2004-08-06,3.04,per_usd
2004-08-09,3.0395,per_usd
2004-08-10,3.022,per_usd
2004-08-11,3.038,per_usd
2004-08-12,3.0345,per_usd
2004-08-13,3.02,per_usd
2004-08-16,3.0155,per_usd
2004-08-17,2.996,per_usd
2004-08-18,2.989,per_usd
2004-08-19,2.978,per_usd
2004-08-20,2.978,per_usd
2004-08-23,2.968,per_usd
2004-08-24,2.954,per_usd
2004-08-25,2.949,per_usd
2004-08-26,2.956,per_usd
2004-08-27,2.9585,per_usd
2004-08-30,2.944,per_usd
2004-08-31,2.94,per_usd
2004-09-01,2.928,per_usd
2004-09-02,2.937,per_usd
2004-09-03,2.9285,per_usd
2004-09-07,2.912,per_usd
2004-09-08,2.902,per_usd
2004-09-09,2.907,per_usd
2004-09-10,2.902,per_usd
2004-09-13,2.907,per_usd
2004-09-14,2.915,per_usd
2004-09-15,2.9075,per_usd
2004-09-16,2.891,per_usd
2004-09-17,2.8755,per_usd
2004-09-20,2.864,per_usd
2004-09-21,2.8755,per_usd
2004-09-22,2.871,per_usd
2004-09-23,2.8725,per_usd
2004-09-24,2.867,per_usd
2004-09-27,2.872,per_usd
2004-09-28,2.865,per_usd
2004-09-29,2.856,per_usd
2004-09-30,2.864,per_usd
2004-10-01,2.84,per_usd
2004-10-04,2.824,per_usd
2004-10-05,2.823,per_usd
2004-10-06,2.837,per_usd
2004-10-07,2.8545,per_usd
2004-10-08,2.8175,per_usd
2004-10-12,2.826,per_usd
2004-10-13,2.841,per_usd
2004-10-14,2.8675,per_usd
2004-10-15,2.857,per_usd
2004-10-18,2.8575,per_usd
2004-10-19,2.876,per_usd
2004-10-20,2.887,per_usd
2004-10-21,2.851,per_usd
2004-10-22,2.852,per_usd
2004-10-25,2.882,per_usd
2004-10-26,2.871,per_usd
2004-10-27,2.86,per_usd
2004-10-28,2.864,per_usd
2004-10-29,2.852,per_usd
2004-11-01,2.863,per_usd
2004-11-02,2.8435,per_usd
2004-11-03,2.825,per_usd
2004-11-04,2.812,per_usd
2004-11-05,2.815,per_usd
2004-11-08,2.833,per_usd
2004-11-09,2.826,per_usd
2004-11-10,2.818,per_usd
2004-11-12,2.792,per_usd
2004-11-15,2.791,per_usd
2004-11-16,2.778,per_usd
2004-11-17,2.76,per_usd
2004-11-18,2.7675,per_usd
2004-11-19,2.7753,per_usd
2004-11-22,2.7595,per_usd
2004-11-23,2.749,per_usd
2004-11-24,2.7425,per_usd
2004-11-26,2.7277,per_usd
2004-11-29,2.744,per_usd
2004-11-30,2.731,per_usd
2004-12-01,2.703,per_usd
2004-12-02,2.7285,per_usd
2004-12-03,2.6965,per_usd
2004-12-06,2.717,per_usd
2004-12-07,2.737,per_usd
2004-12-08,2.761,per_usd
2004-12-09,2.78,per_usd
2004-12-10,2.778,per_usd
2004-12-13,2.76,per_usd
2004-12-14,2.7678,per_usd
2004-12-15,2.735,per_usd
2004-12-16,2.735,per_usd
2004-12-17,2.713,per_usd
2004-12-20,2.684,per_usd
2004-12-21,2.689,per_usd
2004-12-22,2.704,per_usd
2004-12-23,2.693,per_usd
2004-12-24,2.69,per_usd
2004-12-27,2.694,per_usd
2004-12-28,2.69,per_usd
2004-12-29,2.6825,per_usd
2004-12-30,2.651,per_usd
2004-12-31,2.655,per_usd
2005-01-03,2.6695,per_usd
2005-01-04,2.702,per_usd
2005-01-05,2.697,per_usd
2005-01-06,2.719,per_usd
2005-01-07,2.7095,per_usd
2005-01-10,2.6955,per_usd
2005-01-11,2.712,per_usd
2005-01-12,2.6961,per_usd
2005-01-13,2.699,per_usd
2005-01-14,2.704,per_usd
2005-01-18,2.713,per_usd
2005-01-19,2.704,per_usd
2005-01-20,2.7227,per_usd
2005-01-21,2.6902,per_usd
2005-01-24,2.6795,per_usd
2005-01-25,2.686,per_usd
2005-01-26,2.6673,per_usd
2005-01-27,2.6635,per_usd
2005-01-28,2.6477,per_usd
2005-01-31,2.6115,per_usd
2005-02-01,2.605,per_usd
2005-02-02,2.6175,per_usd
2005-02-03,2.6042,per_usd
2005-02-04,2.6,per_usd
2005-02-07,2.6015,per_usd
2005-02-08,2.631,per_usd
2005-02-09,2.6075,per_usd
2005-02-10,2.611,per_usd
2005-02-11,2.6065,per_usd
2005-02-14,2.582,per_usd
2005-02-15,2.5728,per_usd
2005-02-16,2.591,per_usd
2005-02-17,2.564,per_usd
2005-02-18,2.566,per_usd
2005-02-22,2.5922,per_usd
2005-02-23,2.58,per_usd
2005-02-24,2.6025,per_usd
2005-02-25,2.6265,per_usd
2005-02-28,2.5846,per_usd
2005-03-01,2.6103,per_usd
2005-03-02,2.627,per_usd
2005-03-03,2.698,per_usd
2005-03-04,2.6513,per_usd
2005-03-07,2.6539,per_usd
2005-03-08,2.6925,per_usd
2005-03-09,2.7186,per_usd
2005-03-10,2.729,per_usd
2005-03-11,2.6975,per_usd
2005-03-14,2.753,per_usd
2005-03-15,2.7755,per_usd
2005-03-16,2.744,per_usd
2005-03-17,2.7345,per_usd
2005-03-18,2.709,per_usd
2005-03-21,2.722,per_usd
2005-03-22,2.708,per_usd
2005-03-23,2.7455,per_usd
2005-03-24,2.7415,per_usd
2005-03-25,2.7385,per_usd
2005-03-28,2.7439,per_usd
2005-03-29,2.7053,per_usd
2005-03-30,2.6755,per_usd
2005-03-31,2.666,per_usd
2005-04-01,2.6572,per_usd
2005-04-04,2.657,per_usd
2005-04-05,2.6248,per_usd
2005-04-06,2.6023,per_usd
2005-04-07,2.595,per_usd
2005-04-08,2.591,per_usd
2005-04-11,2.5753,per_usd
2005-04-12,2.598,per_usd
2005-04-13,2.555,per_usd
2005-04-14,2.571,per_usd
2005-04-15,2.5875,per_usd
2005-04-18,2.619,per_usd
2005-04-19,2.584,per_usd
2005-04-20,2.56,per_usd
2005-04-21,2.5485,per_usd
2005-04-22,2.5339,per_usd
2005-04-25,2.526,per_usd
2005-04-26,2.542,per_usd
2005-04-27,2.5135,per_usd
2005-04-28,2.523,per_usd
2005-04-29,2.533,per_usd
2005-05-02,2.5147,per_usd
2005-05-03,2.502,per_usd
2005-05-04,2.475,per_usd
2005-05-05,2.47,per_usd
2005-05-06,2.4668,per_usd
2005-05-09,2.4528,per_usd
2005-05-10,2.4742,per_usd
2005-05-11,2.48,per_usd
2005-05-12,2.461,per_usd
2005-05-13,2.463,per_usd
2005-05-16,2.478,per_usd
2005-05-17,2.4775,per_usd
2005-05-18,2.4625,per_usd
2005-05-19,2.4455,per_usd
2005-05-20,2.4525,per_usd
2005-05-23,2.43,per_usd
2005-05-24,2.4339,per_usd
2005-05-25,2.4075,per_usd
2005-05-26,2.409,per_usd
2005-05-27,2.396,per_usd
2005-05-31,2.411,per_usd
2005-06-01,2.442,per_usd
2005-06-02,2.4166,per_usd
2005-06-03,2.4081,per_usd
2005-06-06,2.476,per_usd
2005-06-07,2.456,per_usd
2005-06-08,2.4398,per_usd
2005-06-09,2.4887,per_usd
2005-06-10,2.467,per_usd
2005-06-13,2.4588,per_usd
2005-06-14,2.461,per_usd
2005-06-15,2.4443,per_usd
2005-06-16,2.4095,per_usd
2005-06-17,2.392,per_usd
2005-06-20,2.3825,per_usd
2005-06-21,2.379,per_usd
2005-06-22,2.376,per_usd
2005-06-23,2.3925,per_usd
2005-06-24,2.38,per_usd
2005-06-27,2.3812,per_usd
2005-06-28,2.3693,per_usd
2005-06-29,2.3493,per_usd
2005-06-30,2.357,per_usd
2005-07-01,2.348,per_usd
2005-07-05,2.3623,per_usd
2005-07-06,2.3867,per_usd
2005-07-07,2.3854,per_usd
2005-07-08,2.3693,per_usd
2005-07-11,2.3455,per_usd
2005-07-12,2.3353,per_usd
2005-07-13,2.3455,per_usd
2005-07-14,2.337,per_usd
2005-07-15,2.3384,per_usd
2005-07-18,2.3265,per_usd
2005-07-19,2.342,per_usd
2005-07-20,2.3575,per_usd
2005-07-21,2.35,per_usd
2005-07-22,2.3773,per_usd
2005-07-25,2.419,per_usd
2005-07-26,2.4365,per_usd
2005-07-27,2.443,per_usd
2005-07-28,2.414,per_usd
2005-07-29,2.3855,per_usd
2005-08-01,2.377,per_usd
2005-08-02,2.3497,per_usd
2005-08-03,2.309,per_usd
2005-08-04,2.2965,per_usd
2005-08-05,2.3005,per_usd
2005-08-08,2.3095,per_usd
2005-08-09,2.312,per_usd
2005-08-10,2.2745,per_usd
2005-08-11,2.3305,per_usd
2005-08-12,2.3735,per_usd
2005-08-15,2.342,per_usd
2005-08-16,2.345,per_usd
2005-08-17,2.351,per_usd
2005-08-18,2.369,per_usd
2005-08-19,2.45,per_usd
2005-08-22,2.3971,per_usd
2005-08-23,2.402,per_usd
2005-08-24,2.4205,per_usd
2005-08-25,2.4186,per_usd
2005-08-26,2.42,per_usd
2005-08-29,2.4106,per_usd
2005-08-30,2.3884,per_usd
2005-08-31,2.354,per_usd
2005-09-01,2.3645,per_usd
2005-09-02,2.3405,per_usd
2005-09-06,2.3281,per_usd
2005-09-07,2.3285,per_usd
2005-09-08,2.3153,per_usd
2005-09-09,2.3209,per_usd
2005-09-12,2.3193,per_usd
2005-09-13,2.3288,per_usd
2005-09-14,2.3345,per_usd
2005-09-15,2.301,per_usd
2005-09-16,2.292,per_usd
2005-09-19,2.2875,per_usd
2005-09-20,2.2963,per_usd
2005-09-21,2.2823,per_usd
2005-09-22,2.287,per_usd
2005-09-23,2.2725,per_usd
2005-09-26,2.2628,per_usd
2005-09-27,2.2555,per_usd
2005-09-28,2.2417,per_usd
2005-09-29,2.2215,per_usd
2005-09-30,2.2125,per_usd
2005-10-03,2.235,per_usd
2005-10-04,2.244,per_usd
2005-10-05,2.263,per_usd
2005-10-06,2.2755,per_usd
2005-10-07,2.253,per_usd
2005-10-11,2.235,per_usd
2005-10-12,2.2315,per_usd
2005-10-13,2.2625,per_usd
2005-10-14,2.2475,per_usd
2005-10-17,2.2295,per_usd
2005-10-18,2.2405,per_usd
2005-10-19,2.2513,per_usd
2005-10-20,2.236,per_usd
2005-10-21,2.276,per_usd
2005-10-24,2.263,per_usd
2005-10-25,2.2582,per_usd
2005-10-26,2.2686,per_usd
2005-10-27,2.2868,per_usd
2005-10-28,2.2665,per_usd
2005-10-31,2.2478,per_usd
2005-11-01,2.2515,per_usd
2005-11-02,2.241,per_usd
2005-11-03,2.22,per_usd
2005-11-04,2.222,per_usd
2005-11-07,2.1979,per_usd
2005-11-08,2.2025,per_usd
2005-11-09,2.1698,per_usd
2005-11-10,2.1714,per_usd
2005-11-14,2.2025,per_usd
2005-11-15,2.204,per_usd
2005-11-16,2.198,per_usd
2005-11-17,2.184,per_usd
2005-11-18,2.2259,per_usd
2005-11-21,2.213,per_usd
2005-11-22,2.2545,per_usd
2005-11-23,2.2335,per_usd
2005-11-25,2.2304,per_usd
2005-11-28,2.204,per_usd
2005-11-29,2.1908,per_usd
2005-11-30,2.201,per_usd
2005-12-01,2.209,per_usd
2005-12-02,2.204,per_usd
2005-12-05,2.1945,per_usd
2005-12-06,2.1695,per_usd
2005-12-07,2.187,per_usd
2005-12-08,2.212,per_usd
2005-12-09,2.242,per_usd
2005-12-12,2.259,per_usd
2005-12-13,2.255,per_usd
2005-12-14,2.2848,per_usd
2005-12-15,2.2965,per_usd
2005-12-16,2.3365,per_usd
2005-12-19,2.3755,per_usd
2005-12-20,2.3523,per_usd
2005-12-21,2.3085,per_usd
2005-12-22,2.323,per_usd
2005-12-23,2.3115,per_usd
2005-12-27,2.364,per_usd
2005-12-28,2.35,per_usd
2005-12-29,2.3297,per_usd
2005-12-30,2.334,per_usd
2006-01-03,2.332,per_usd
2006-01-04,2.302,per_usd
2006-01-05,2.281,per_usd
2006-01-06,2.2875,per_usd
2006-01-09,2.26,per_usd
2006-01-10,2.2564,per_usd
2006-01-11,2.272,per_usd
2006-01-12,2.2616,per_usd
2006-01-13,2.2652,per_usd
2006-01-17,2.2945,per_usd
2006-01-18,2.323,per_usd
2006-01-19,2.331,per_usd
2006-01-20,2.278,per_usd
2006-01-23,2.257,per_usd
2006-01-24,2.236,per_usd
2006-01-25,2.243,per_usd
2006-01-26,2.2304,per_usd
2006-01-27,2.2045,per_usd
2006-01-30,2.2075,per_usd
2006-01-31,2.2094,per_usd
2006-02-01,2.217,per_usd
2006-02-02,2.225,per_usd
2006-02-03,2.2184,per_usd
2006-02-06,2.1845,per_usd
2006-02-07,2.1901,per_usd
2006-02-08,2.1952,per_usd
2006-02-09,2.17,per_usd
2006-02-10,2.1632,per_usd
2006-02-13,2.1519,per_usd
2006-02-14,2.1375,per_usd
2006-02-15,2.1295,per_usd
2006-02-16,2.116,per_usd
2006-02-17,2.117,per_usd
2006-02-21,2.124,per_usd
2006-02-22,2.143,per_usd
2006-02-23,2.1375,per_usd
2006-02-24,2.1293,per_usd
2006-02-27,2.1485,per_usd
2006-02-28,2.118,per_usd
2006-03-01,2.12,per_usd
2006-03-02,2.1141,per_usd
2006-03-03,2.122,per_usd
2006-03-06,2.119,per_usd
2006-03-07,2.1667,per_usd
2006-03-08,2.1933,per_usd
2006-03-09,2.165,per_usd
2006-03-10,2.1485,per_usd
2006-03-13,2.132,per_usd
2006-03-14,2.1231,per_usd
2006-03-15,2.1256,per_usd
2006-03-16,2.103,per_usd
2006-03-17,2.1207,per_usd
2006-03-20,2.1349,per_usd
2006-03-21,2.1557,per_usd
2006-03-22,2.1594,per_usd
2006-03-23,2.154,per_usd
2006-03-24,2.152,per_usd
2006-03-27,2.201,per_usd
2006-03-28,2.2233,per_usd
2006-03-29,2.2175,per_usd
2006-03-30,2.191,per_usd
2006-03-31,2.172,per_usd
2006-04-03,2.143,per_usd
2006-04-04,2.13,per_usd
2006-04-05,2.129,per_usd
2006-04-06,2.1355,per_usd
2006-04-07,2.139,per_usd
2006-04-10,2.1483,per_usd
2006-04-11,2.1485,per_usd
2006-04-12,2.1385,per_usd
2006-04-13,2.138,per_usd
2006-04-14,2.139,per_usd
2006-04-17,2.1339,per_usd
2006-04-18,2.128,per_usd
2006-04-19,2.12,per_usd
2006-04-20,2.1235,per_usd
2006-04-21,2.1199,per_usd
2006-04-24,2.1154,per_usd
2006-04-25,2.1195,per_usd
2006-04-26,2.119,per_usd
2006-04-27,2.104,per_usd
2006-04-28,2.09,per_usd
2006-05-01,2.0785,per_usd
2006-05-02,2.068,per_usd
2006-05-03,2.0685,per_usd
2006-05-04,2.0635,per_usd
2006-05-05,2.0549,per_usd
2006-05-08,2.0605,per_usd
2006-05-09,2.06,per_usd
2006-05-10,2.0555,per_usd
2006-05-11,2.0925,per_usd
2006-05-12,2.134,per_usd
2006-05-15,2.168,per_usd
2006-05-16,2.1446,per_usd
2006-05-17,2.187,per_usd
2006-05-18,2.2045,per_usd
2006-05-19,2.2,per_usd
2006-05-22,2.2973,per_usd
2006-05-23,2.2535,per_usd
2006-05-24,2.358,per_usd
2006-05-25,2.3105,per_usd
2006-05-26,2.258,per_usd
2006-05-30,2.315,per_usd
2006-05-31,2.3007,per_usd
2006-06-01,2.2697,per_usd
2006-06-02,2.2855,per_usd
2006-06-05,2.251,per_usd
2006-06-06,2.2695,per_usd
2006-06-07,2.2585,per_usd
2006-06-08,2.2865,per_usd
2006-06-09,2.2645,per_usd
2006-06-12,2.2625,per_usd
2006-06-13,2.292,per_usd
2006-06-14,2.2825,per_usd
2006-06-15,2.261,per_usd
2006-06-16,2.251,per_usd
2006-06-19,2.232,per_usd
2006-06-20,2.2416,per_usd
2006-06-21,2.2415,per_usd
2006-06-22,2.2335,per_usd
2006-06-23,2.247,per_usd
2006-06-26,2.2277,per_usd
2006-06-27,2.23,per_usd
2006-06-28,2.2275,per_usd
2006-06-29,2.2055,per_usd
2006-06-30,2.164,per_usd
2006-07-03,2.1595,per_usd
2006-07-05,2.191,per_usd
2006-07-06,2.1815,per_usd
2006-07-07,2.1683,per_usd
2006-07-10,2.1712,per_usd
2006-07-11,2.1835,per_usd
2006-07-12,2.189,per_usd
2006-07-13,2.2053,per_usd
2006-07-14,2.213,per_usd
2006-07-17,2.2117,per_usd
2006-07-18,2.1963,per_usd
2006-07-19,2.1853,per_usd
2006-07-20,2.1847,per_usd
2006-07-21,2.1909,per_usd
2006-07-24,2.1886,per_usd
2006-07-25,2.2018,per_usd
2006-07-26,2.2054,per_usd
2006-07-27,2.187,per_usd
2006-07-28,2.1776,per_usd
2006-07-31,2.1745,per_usd
2006-08-01,2.1875,per_usd
2006-08-02,2.1769,per_usd
2006-08-03,2.1812,per_usd
2006-08-04,2.172,per_usd
2006-08-07,2.1775,per_usd
2006-08-08,2.1849,per_usd
2006-08-09,2.167,per_usd
2006-08-10,2.1655,per_usd
2006-08-11,2.1615,per_usd
2006-08-14,2.1555,per_usd
2006-08-15,2.1458,per_usd
2006-08-16,2.129,per_usd
2006-08-17,2.1315,per_usd
2006-08-18,2.149,per_usd
2006-08-21,2.1364,per_usd
2006-08-22,2.1303,per_usd
2006-08-23,2.1346,per_usd
2006-08-24,2.1633,per_usd
2006-08-25,2.1593,per_usd
2006-08-28,2.1468,per_usd
2006-08-29,2.1431,per_usd
2006-08-30,2.1325,per_usd
2006-08-31,2.141,per_usd
2006-09-01,2.1397,per_usd
2006-09-05,2.125,per_usd
2006-09-06,2.1452,per_usd
2006-09-07,2.153,per_usd
2006-09-08,2.1545,per_usd
2006-09-11,2.1756,per_usd
2006-09-12,2.1696,per_usd
2006-09-13,2.163,per_usd
2006-09-14,2.155,per_usd
2006-09-15,2.1535,per_usd
2006-09-18,2.1405,per_usd
2006-09-19,2.156,per_usd
2006-09-20,2.1729,per_usd
2006-09-21,2.1805,per_usd
2006-09-22,2.2126,per_usd
2006-09-25,2.2308,per_usd
2006-09-26,2.205,per_usd
2006-09-27,2.1851,per_usd
2006-09-28,2.174,per_usd
2006-09-29,2.1664,per_usd
2006-10-02,2.157,per_usd
2006-10-03,2.1713,per_usd
2006-10-04,2.167,per_usd
2006-10-05,2.1656,per_usd
2006-10-06,2.166,per_usd
2006-10-10,2.1451,per_usd
2006-10-11,2.15,per_usd
2006-10-12,2.149,per_usd
2006-10-13,2.141,per_usd
2006-10-16,2.132,per_usd
2006-10-17,2.136,per_usd
2006-10-18,2.131,per_usd
2006-10-19,2.1355,per_usd
2006-10-20,2.1425,per_usd
2006-10-23,2.1375,per_usd
2006-10-24,2.1435,per_usd
2006-10-25,2.1463,per_usd
2006-10-26,2.134,per_usd
2006-10-27,2.135,per_usd
2006-10-30,2.1405,per_usd
2006-10-31,2.135,per_usd
2006-11-01,2.1388,per_usd
2006-11-02,2.1425,per_usd
2006-11-03,2.1432,per_usd
2006-11-06,2.1337,per_usd
2006-11-07,2.135,per_usd
2006-11-08,2.1428,per_usd
2006-11-09,2.141,per_usd
2006-11-10,2.149,per_usd
2006-11-13,2.1635,per_usd
2006-11-14,2.1555,per_usd
2006-11-15,2.1475,per_usd
2006-11-16,2.149,per_usd
2006-11-17,2.164,per_usd
2006-11-20,2.158,per_usd
2006-11-21,2.164,per_usd
2006-11-22,2.162,per_usd
2006-11-24,2.1659,per_usd
2006-11-27,2.1805,per_usd
2006-11-28,2.185,per_usd
2006-11-29,2.1775,per_usd
2006-11-30,2.1665,per_usd
2006-12-01,2.161,per_usd
2006-12-04,2.1675,per_usd
2006-12-05,2.155,per_usd
2006-12-06,2.1474,per_usd
2006-12-07,2.141,per_usd
2006-12-08,2.1382,per_usd
2006-12-11,2.136,per_usd
2006-12-12,2.149,per_usd
2006-12-13,2.1427,per_usd
2006-12-14,2.141,per_usd
2006-12-15,2.145,per_usd
2006-12-18,2.146,per_usd
2006-12-19,2.1575,per_usd
2006-12-20,2.1565,per_usd
2006-12-21,2.158,per_usd
2006-12-22,2.15,per_usd
2006-12-26,2.143,per_usd
2006-12-27,2.1472,per_usd
2006-12-28,2.136,per_usd
2006-12-29,2.1342,per_usd
2007-01-02,2.134,per_usd
2007-01-03,2.139,per_usd
2007-01-04,2.142,per_usd
2007-01-05,2.1505,per_usd
2007-01-08,2.15,per_usd
2007-01-09,2.152,per_usd
2007-01-10,2.1516,per_usd
2007-01-11,2.145,per_usd
2007-01-12,2.141,per_usd
2007-01-16,2.1426,per_usd
2007-01-17,2.1317,per_usd
2007-01-18,2.13,per_usd
2007-01-19,2.128,per_usd
2007-01-22,2.132,per_usd
2007-01-23,2.134,per_usd
2007-01-24,2.128,per_usd
2007-01-25,2.13,per_usd
2007-01-26,2.135,per_usd
2007-01-29,2.137,per_usd
2007-01-30,2.133,per_usd
2007-01-31,2.1225,per_usd
2007-02-01,2.1052,per_usd
2007-02-02,2.096,per_usd
2007-02-05,2.0925,per_usd
2007-02-06,2.0852,per_usd
2007-02-07,2.085,per_usd
2007-02-08,2.097,per_usd
2007-02-09,2.0993,per_usd
2007-02-12,2.1135,per_usd
2007-02-13,2.108,per_usd
2007-02-14,2.098,per_usd
2007-02-15,2.087,per_usd
2007-02-16,2.0898,per_usd
2007-02-20,2.081,per_usd
2007-02-21,2.0791,per_usd
2007-02-22,2.074,per_usd
2007-02-23,2.087,per_usd
2007-02-26,2.0828,per_usd
2007-02-27,2.1045,per_usd
2007-02-28,2.12,per_usd
2007-03-01,2.123,per_usd
2007-03-02,2.121,per_usd
2007-03-05,2.1385,per_usd
2007-03-06,2.1235,per_usd
2007-03-07,2.114,per_usd
2007-03-08,2.1034,per_usd
2007-03-09,2.0955,per_usd
2007-03-12,2.0915,per_usd
2007-03-13,2.0885,per_usd
2007-03-14,2.106,per_usd
2007-03-15,2.09,per_usd
2007-03-16,2.09,per_usd
2007-03-19,2.079,per_usd
2007-03-20,2.0753,per_usd
2007-03-21,2.072,per_usd
2007-03-22,2.0555,per_usd
2007-03-23,2.067,per_usd
2007-03-26,2.061,per_usd
2007-03-27,2.0612,per_usd
2007-03-28,2.074,per_usd
2007-03-29,2.054,per_usd
2007-03-30,2.058,per_usd
2007-04-02,2.0465,per_usd
2007-04-03,2.037,per_usd
2007-04-04,2.0308,per_usd
2007-04-05,2.0304,per_usd
2007-04-06,2.0306,per_usd
2007-04-09,2.0215,per_usd
2007-04-10,2.031,per_usd
2007-04-11,2.0305,per_usd
2007-04-12,2.0367,per_usd
2007-04-13,2.0192,per_usd
2007-04-16,2.0316,per_usd
2007-04-17,2.0317,per_usd
2007-04-18,2.038,per_usd
2007-04-19,2.031,per_usd
2007-04-20,2.024,per_usd
2007-04-23,2.0231,per_usd
2007-04-24,2.0359,per_usd
2007-04-25,2.0221,per_usd
2007-04-26,2.021,per_usd
2007-04-27,2.0305,per_usd
2007-04-30,2.0308,per_usd
2007-05-01,2.033,per_usd
2007-05-02,2.0243,per_usd
2007-05-03,2.022,per_usd
2007-05-04,2.0283,per_usd
2007-05-07,2.0235,per_usd
2007-05-08,2.0245,per_usd
2007-05-09,2.022,per_usd
2007-05-10,2.0167,per_usd
2007-05-11,2.0173,per_usd
2007-05-14,2.0103,per_usd
2007-05-15,1.9888,per_usd
2007-05-16,1.9636,per_usd
2007-05-17,1.9541,per_usd
2007-05-18,1.9631,per_usd
2007-05-21,1.9426,per_usd
2007-05-22,1.9376,per_usd
2007-05-23,1.9415,per_usd
2007-05-24,1.965,per_usd
2007-05-25,1.9456,per_usd
2007-05-29,1.942,per_usd
2007-05-30,1.9498,per_usd
2007-05-31,1.9225,per_usd
2007-06-01,1.901,per_usd
2007-06-04,1.9182,per_usd
2007-06-05,1.9401,per_usd
2007-06-06,1.968,per_usd
2007-06-07,1.9673,per_usd
2007-06-08,1.9666,per_usd
2007-06-11,1.943,per_usd
2007-06-12,1.939,per_usd
2007-06-13,1.9467,per_usd
2007-06-14,1.931,per_usd
2007-06-15,1.9098,per_usd
2007-06-18,1.9029,per_usd
2007-06-19,1.9017,per_usd
2007-06-20,1.9175,per_usd
2007-06-21,1.919,per_usd
2007-06-22,1.923,per_usd
2007-06-25,1.9362,per_usd
2007-06-26,1.943,per_usd
2007-06-27,1.95,per_usd
2007-06-28,1.9239,per_usd
2007-06-29,1.9301,per_usd
2007-07-02,1.916,per_usd
2007-07-03,1.9142,per_usd
2007-07-05,1.9134,per_usd
2007-07-06,1.9015,per_usd
2007-07-09,1.898,per_usd
2007-07-10,1.891,per_usd
2007-07-11,1.889,per_usd
2007-07-12,1.8758,per_usd
2007-07-13,1.8713,per_usd
2007-07-16,1.8694,per_usd
2007-07-17,1.8639,per_usd
2007-07-18,1.8573,per_usd
2007-07-19,1.8538,per_usd
2007-07-20,1.8619,per_usd
2007-07-23,1.8413,per_usd
2007-07-24,1.849,per_usd
2007-07-25,1.8705,per_usd
2007-07-26,1.8953,per_usd
2007-07-27,1.917,per_usd
2007-07-30,1.8865,per_usd
2007-07-31,1.869,per_usd
2007-08-01,1.881,per_usd
2007-08-02,1.8692,per_usd
2007-08-03,1.8781,per_usd
2007-08-06,1.8985,per_usd
2007-08-07,1.907,per_usd
2007-08-08,1.8851,per_usd
2007-08-09,1.9144,per_usd
2007-08-10,1.9423,per_usd
2007-08-13,1.938,per_usd
2007-08-14,1.9752,per_usd
2007-08-15,1.9963,per_usd
2007-08-16,2.105,per_usd
2007-08-17,2.032,per_usd
2007-08-20,2.037,per_usd
2007-08-21,2.0286,per_usd
2007-08-22,2.0131,per_usd
2007-08-23,1.9992,per_usd
2007-08-24,1.9745,per_usd
2007-08-27,1.955,per_usd
2007-08-28,1.9876,per_usd
2007-08-29,1.9741,per_usd
2007-08-30,1.9665,per_usd
2007-08-31,1.9672,per_usd
2007-09-03,1.9672,per_usd
2007-09-04,1.9465,per_usd
2007-09-05,1.9678,per_usd
2007-09-06,1.949,per_usd
2007-09-07,1.9595,per_usd
2007-09-10,1.96,per_usd
2007-09-11,1.9305,per_usd
2007-09-12,1.9095,per_usd
2007-09-13,1.8979,per_usd
2007-09-14,1.8945,per_usd
2007-09-17,1.9129,per_usd
2007-09-18,1.9005,per_usd
2007-09-19,1.87,per_usd
2007-09-20,1.856,per_usd
2007-09-21,1.862,per_usd
2007-09-24,1.87,per_usd
2007-09-25,1.865,per_usd
2007-09-26,1.853,per_usd
2007-09-27,1.838,per_usd
2007-09-28,1.836,per_usd
2007-10-01,1.8179,per_usd
2007-10-02,1.822,per_usd
2007-10-03,1.827,per_usd
2007-10-04,1.8288,per_usd
2007-10-05,1.8057,per_usd
2007-10-08,1.8057,per_usd
2007-10-09,1.801,per_usd
2007-10-10,1.8015,per_usd
2007-10-11,1.7897,per_usd
2007-10-12,1.7998,per_usd
2007-10-15,1.8068,per_usd
2007-10-16,1.8229,per_usd
2007-10-17,1.806,per_usd
2007-10-18,1.8048,per_usd
2007-10-19,1.7963,per_usd
2007-10-22,1.8187,per_usd
2007-10-23,1.797,per_usd
2007-10-24,1.8033,per_usd
2007-10-25,1.7931,per_usd
2007-10-26,1.7779,per_usd
2007-10-29,1.7555,per_usd
2007-10-30,1.7502,per_usd
2007-10-31,1.7386,per_usd
2007-11-01,1.7473,per_usd
2007-11-02,1.755,per_usd
2007-11-05,1.754,per_usd
2007-11-06,1.7298,per_usd
2007-11-07,1.7304,per_usd
2007-11-08,1.7352,per_usd
2007-11-09,1.7505,per_usd
2007-11-13,1.7682,per_usd
2007-11-14,1.7335,per_usd
2007-11-15,1.7448,per_usd
2007-11-16,1.7422,per_usd
2007-11-19,1.761,per_usd
2007-11-20,1.757,per_usd
2007-11-21,1.7859,per_usd
2007-11-22,1.7859,per_usd
2007-11-23,1.802,per_usd
2007-11-26,1.8302,per_usd
2007-11-27,1.838,per_usd
2007-11-28,1.7976,per_usd
2007-11-29,1.776,per_usd
2007-11-30,1.78,per_usd
2007-12-03,1.784,per_usd
2007-12-04,1.8204,per_usd
2007-12-05,1.7928,per_usd
2007-12-06,1.7868,per_usd
2007-12-07,1.762,per_usd
2007-12-10,1.7625,per_usd
2007-12-11,1.758,per_usd
2007-12-12,1.7583,per_usd
2007-12-13,1.776,per_usd
2007-12-14,1.7959,per_usd
2007-12-17,1.8158,per_usd
2007-12-18,1.8092,per_usd
2007-12-19,1.8025,per_usd
2007-12-20,1.8021,per_usd
2007-12-21,1.7906,per_usd
2007-12-24,1.7915,per_usd
2007-12-26,1.7735,per_usd
2007-12-27,1.7655,per_usd
2007-12-28,1.7771,per_usd
2007-12-31,1.779,per_usd
2008-01-02,1.7681,per_usd
2008-01-03,1.7496,per_usd
2008-01-04,1.7607,per_usd
2008-01-07,1.7679,per_usd
2008-01-08,1.7565,per_usd
2008-01-09,1.7725,per_usd
2008-01-10,1.764,per_usd
2008-01-11,1.749,per_usd
2008-01-14,1.7346,per_usd
2008-01-15,1.7481,per_usd
2008-01-16,1.7685,per_usd
2008-01-17,1.7769,per_usd
2008-01-18,1.793,per_usd
2008-01-22,1.8013,per_usd
2008-01-23,1.8175,per_usd
2008-01-24,1.7848,per_usd
2008-01-25,1.786,per_usd
2008-01-28,1.7828,per_usd
2008-01-29,1.7728,per_usd
2008-01-30,1.7778,per_usd
2008-01-31,1.7578,per_usd
2008-02-01,1.7438,per_usd
2008-02-04,1.7455,per_usd
2008-02-05,1.7605,per_usd
2008-02-06,1.7508,per_usd
2008-02-07,1.761,per_usd
2008-02-08,1.7655,per_usd
2008-02-11,1.7605,per_usd
2008-02-12,1.745,per_usd
2008-02-13,1.7458,per_usd
2008-02-14,1.7463,per_usd
2008-02-15,1.7513,per_usd
2008-02-19,1.7315,per_usd
2008-02-20,1.734,per_usd
2008-02-21,1.707,per_usd
2008-02-22,1.7086,per_usd
2008-02-25,1.7052,per_usd
2008-02-26,1.686,per_usd
2008-02-27,1.6671,per_usd
2008-02-28,1.68,per_usd
2008-02-29,1.6845,per_usd
2008-03-03,1.6779,per_usd
2008-03-04,1.6818,per_usd
2008-03-05,1.6673,per_usd
2008-03-06,1.669,per_usd
2008-03-07,1.6873,per_usd
2008-03-10,1.7037,per_usd
2008-03-11,1.7011,per_usd
2008-03-12,1.6802,per_usd
2008-03-13,1.6994,per_usd
2008-03-14,1.704,per_usd
2008-03-17,1.7221,per_usd
2008-03-18,1.706,per_usd
2008-03-19,1.6996,per_usd
2008-03-20,1.7392,per_usd
2008-03-21,1.7308,per_usd
2008-03-24,1.7303,per_usd
2008-03-25,1.7403,per_usd
2008-03-26,1.7353,per_usd
2008-03-27,1.7313,per_usd
2008-03-28,1.7393,per_usd
2008-03-31,1.7441,per_usd
2008-04-01,1.741,per_usd
2008-04-02,1.7241,per_usd
2008-04-03,1.7211,per_usd
2008-04-04,1.71,per_usd
2008-04-07,1.6985,per_usd
2008-04-08,1.6983,per_usd
2008-04-09,1.6914,per_usd
2008-04-10,1.6775,per_usd
2008-04-11,1.681,per_usd
2008-04-14,1.6795,per_usd
2008-04-15,1.6845,per_usd
2008-04-16,1.672,per_usd
2008-04-17,1.6625,per_usd
2008-04-18,1.664,per_usd
2008-04-21,1.666,per_usd
2008-04-22,1.6547,per_usd
2008-04-23,1.6571,per_usd
2008-04-24,1.669,per_usd
2008-04-25,1.6686,per_usd
2008-04-28,1.6778,per_usd
2008-04-29,1.706,per_usd
2008-04-30,1.695,per_usd
2008-05-01,1.6618,per_usd
2008-05-02,1.6463,per_usd
2008-05-05,1.6599,per_usd
2008-05-06,1.6605,per_usd
2008-05-07,1.6743,per_usd
2008-05-08,1.679,per_usd
2008-05-09,1.688,per_usd
2008-05-12,1.667,per_usd
2008-05-13,1.66,per_usd
2008-05-14,1.6618,per_usd
2008-05-15,1.6518,per_usd
2008-05-16,1.643,per_usd
2008-05-19,1.647,per_usd
2008-05-20,1.6539,per_usd
2008-05-21,1.65,per_usd
2008-05-22,1.6563,per_usd
2008-05-23,1.655,per_usd
2008-05-27,1.6709,per_usd
2008-05-28,1.6684,per_usd
2008-05-29,1.6476,per_usd
2008-05-30,1.6252,per_usd
2008-06-02,1.6305,per_usd
2008-06-03,1.6227,per_usd
2008-06-04,1.6293,per_usd
2008-06-05,1.6345,per_usd
2008-06-06,1.6261,per_usd
2008-06-09,1.6226,per_usd
2008-06-10,1.6403,per_usd
2008-06-11,1.6405,per_usd
2008-06-12,1.6392,per_usd
2008-06-13,1.6316,per_usd
2008-06-16,1.6249,per_usd
2008-06-17,1.6128,per_usd
2008-06-18,1.6088,per_usd
2008-06-19,1.6036,per_usd
2008-06-20,1.6018,per_usd
2008-06-23,1.6137,per_usd
2008-06-24,1.603,per_usd
2008-06-25,1.5996,per_usd
2008-06-26,1.5925,per_usd
2008-06-27,1.6038,per_usd
2008-06-30,1.5945,per_usd
2008-07-01,1.609,per_usd
2008-07-02,1.6003,per_usd
2008-07-03,1.6061,per_usd
2008-07-07,1.5999,per_usd
2008-07-08,1.611,per_usd
2008-07-09,1.6067,per_usd
2008-07-10,1.6082,per_usd
2008-07-11,1.603,per_usd
2008-07-14,1.5928,per_usd
2008-07-15,1.5935,per_usd
2008-07-16,1.5954,per_usd
2008-07-17,1.5877,per_usd
2008-07-18,1.5898,per_usd
2008-07-21,1.5842,per_usd
2008-07-22,1.5841,per_usd
2008-07-23,1.5838,per_usd
2008-07-24,1.5775,per_usd
2008-07-25,1.5728,per_usd
2008-07-28,1.5752,per_usd
2008-07-29,1.5715,per_usd
2008-07-30,1.5605,per_usd
2008-07-31,1.566,per_usd
2008-08-01,1.558,per_usd
2008-08-04,1.5683,per_usd
2008-08-05,1.5734,per_usd
2008-08-06,1.5801,per_usd
2008-08-07,1.5897,per_usd
2008-08-08,1.6107,per_usd
2008-08-11,1.6089,per_usd
2008-08-12,1.6223,per_usd
2008-08-13,1.624,per_usd
2008-08-14,1.6225,per_usd
2008-08-15,1.6361,per_usd
2008-08-18,1.6303,per_usd
2008-08-19,1.638,per_usd
2008-08-20,1.624,per_usd
2008-08-21,1.6135,per_usd
2008-08-22,1.6184,per_usd
2008-08-25,1.6269,per_usd
2008-08-26,1.639,per_usd
2008-08-27,1.622,per_usd
2008-08-28,1.6265,per_usd
2008-08-29,1.6349,per_usd
2008-09-02,1.6573,per_usd
2008-09-03,1.6741,per_usd
2008-09-04,1.6968,per_usd
2008-09-05,1.7339,per_usd
2008-09-08,1.7429,per_usd
2008-09-09,1.7569,per_usd
2008-09-10,1.7823,per_usd
2008-09-11,1.8163,per_usd
2008-09-12,1.781,per_usd
2008-09-15,1.805,per_usd
2008-09-16,1.8281,per_usd
2008-09-17,1.8785,per_usd
2008-09-18,1.9095,per_usd
2008-09-19,1.823,per_usd
2008-09-22,1.7985,per_usd
2008-09-23,1.8167,per_usd
2008-09-24,1.8432,per_usd
2008-09-25,1.8327,per_usd
2008-09-26,1.854,per_usd
2008-09-29,1.9115,per_usd
2008-09-30,1.9225,per_usd
2008-10-01,1.935,per_usd
2008-10-02,1.9958,per_usd
2008-10-03,2.008,per_usd
2008-10-06,2.1646,per_usd
2008-10-07,2.231,per_usd
2008-10-08,2.406,per_usd
2008-10-09,2.2,per_usd
2008-10-10,2.2972,per_usd
2008-10-14,2.0855,per_usd
2008-10-15,2.165,per_usd
2008-10-16,2.1925,per_usd
2008-10-17,2.12,per_usd
2008-10-20,2.106,per_usd
2008-10-21,2.213,per_usd
2008-10-22,2.376,per_usd
2008-10-23,2.277,per_usd
2008-10-24,2.3881,per_usd
2008-10-27,2.255,per_usd
2008-10-28,2.1862,per_usd
2008-10-29,2.126,per_usd
2008-10-30,2.131,per_usd
2008-10-31,2.123,per_usd
2008-11-03,2.1736,per_usd
2008-11-04,2.0995,per_usd
2008-11-05,2.121,per_usd
2008-11-06,2.1865,per_usd
2008-11-07,2.1523,per_usd
2008-11-10,2.17,per_usd
2008-11-12,2.2785,per_usd
2008-11-13,2.3325,per_usd
2008-11-14,2.2756,per_usd
2008-11-17,2.3035,per_usd
2008-11-18,2.2985,per_usd
2008-11-19,2.3894,per_usd
2008-11-20,2.395,per_usd
2008-11-21,2.456,per_usd
2008-11-24,2.3213,per_usd
2008-11-25,2.3012,per_usd
2008-11-26,2.306,per_usd
2008-11-28,2.3074,per_usd
2008-12-01,2.3625,per_usd
2008-12-02,2.378,per_usd
2008-12-03,2.3955,per_usd
2008-12-04,2.479,per_usd
2008-12-05,2.6187,per_usd
2008-12-08,2.4625,per_usd
2008-12-09,2.4835,per_usd
2008-12-10,2.433,per_usd
2008-12-11,2.2905,per_usd
2008-12-12,2.399,per_usd
2008-12-15,2.3585,per_usd
2008-12-16,2.367,per_usd
2008-12-17,2.369,per_usd
2008-12-18,2.356,per_usd
2008-12-19,2.3785,per_usd
2008-12-22,2.405,per_usd
2008-12-23,2.3752,per_usd
2008-12-24,2.375,per_usd
2008-12-26,2.3727,per_usd
2008-12-29,2.3975,per_usd
2008-12-30,2.3291,per_usd
2008-12-31,2.313,per_usd
2009-01-02,2.323,per_usd
2009-01-05,2.264,per_usd
2009-01-06,2.1895,per_usd
2009-01-07,2.2209,per_usd
2009-01-08,2.265,per_usd
2009-01-09,2.2888,per_usd
2009-01-12,2.3194,per_usd
2009-01-13,2.2945,per_usd
2009-01-14,2.3537,per_usd
2009-01-15,2.3698,per_usd
2009-01-16,2.338,per_usd
2009-01-20,2.3617,per_usd
2009-01-21,2.3525,per_usd
2009-01-22,2.3515,per_usd
2009-01-23,2.3467,per_usd
2009-01-26,2.3123,per_usd
2009-01-27,2.3183,per_usd
2009-01-28,2.289,per_usd
2009-01-29,2.2871,per_usd
2009-01-30,2.313,per_usd
2009-02-02,2.3262,per_usd
2009-02-03,2.3151,per_usd
2009-02-04,2.291,per_usd
2009-02-05,2.2966,per_usd
2009-02-06,2.262,per_usd
2009-02-09,2.2375,per_usd
2009-02-10,2.2663,per_usd
2009-02-11,2.2649,per_usd
2009-02-12,2.294,per_usd
2009-02-13,2.2765,per_usd
2009-02-17,2.3192,per_usd
2009-02-18,2.3572,per_usd
2009-02-19,2.3554,per_usd
2009-02-20,2.3898,per_usd
2009-02-23,2.388,per_usd
2009-02-24,2.383,per_usd
2009-02-25,2.388,per_usd
2009-02-26,2.3508,per_usd
2009-02-27,2.375,per_usd
2009-03-02,2.4365,per_usd
2009-03-03,2.442,per_usd
2009-03-04,2.3738,per_usd
2009-03-05,2.386,per_usd
2009-03-06,2.3735,per_usd
2009-03-09,2.3698,per_usd
2009-03-10,2.3472,per_usd
2009-03-11,2.3357,per_usd
2009-03-12,2.3265,per_usd
2009-03-13,2.3125,per_usd
2009-03-16,2.2635,per_usd
2009-03-17,2.2792,per_usd
2009-03-18,2.3033,per_usd
2009-03-19,2.2516,per_usd
2009-03-20,2.25,per_usd
2009-03-23,2.2709,per_usd
2009-03-24,2.2548,per_usd
2009-03-25,2.2383,per_usd
2009-03-26,2.2371,per_usd
2009-03-27,2.2761,per_usd
2009-03-30,2.3251,per_usd
2009-03-31,2.3007,per_usd
2009-04-01,2.286,per_usd
2009-04-02,2.24,per_usd
2009-04-03,2.2024,per_usd
2009-04-06,2.2274,per_usd
2009-04-07,2.2255,per_usd
2009-04-08,2.195,per_usd
2009-04-09,2.1774,per_usd
2009-04-10,2.17,per_usd
2009-04-13,2.1745,per_usd
2009-04-14,2.1778,per_usd
2009-04-15,2.1955,per_usd
2009-04-16,2.1756,per_usd
2009-04-17,2.1856,per_usd
2009-04-20,2.2322,per_usd
2009-04-21,2.239,per_usd
2009-04-22,2.2045,per_usd
2009-04-23,2.2185,per_usd
2009-04-24,2.196,per_usd
2009-04-27,2.1963,per_usd
2009-04-28,2.206,per_usd
2009-04-29,2.1617,per_usd
2009-04-30,2.1724,per_usd
2009-05-01,2.173,per_usd
2009-05-04,2.1363,per_usd
2009-05-05,2.1495,per_usd
2009-05-06,2.1199,per_usd
2009-05-07,2.1052,per_usd
2009-05-08,2.0742,per_usd
2009-05-11,2.0528,per_usd
2009-05-12,2.0687,per_usd
2009-05-13,2.101,per_usd
2009-05-14,2.0939,per_usd
2009-05-15,2.0815,per_usd
2009-05-18,2.0798,per_usd
2009-05-19,2.0489,per_usd
2009-05-20,2.0205,per_usd
2009-05-21,2.0332,per_usd
2009-05-22,2.0274,per_usd
2009-05-26,2.0221,per_usd
2009-05-27,2.0148,per_usd
2009-05-28,2.0074,per_usd
2009-05-29,1.9678,per_usd
2009-06-01,1.9452,per_usd
2009-06-02,1.9402,per_usd
2009-06-03,1.9474,per_usd
2009-06-04,1.9457,per_usd
2009-06-05,1.9606,per_usd
2009-06-08,1.9779,per_usd
2009-06-09,1.9448,per_usd
2009-06-10,1.9494,per_usd
2009-06-11,1.9487,per_usd
2009-06-12,1.9214,per_usd
2009-06-15,1.948,per_usd
2009-06-16,1.9475,per_usd
2009-06-17,1.9855,per_usd
2009-06-18,1.9611,per_usd
2009-06-19,1.954,per_usd
2009-06-22,2.0138,per_usd
2009-06-23,2.0026,per_usd
2009-06-24,1.965,per_usd
2009-06-25,1.9632,per_usd
2009-06-26,1.9444,per_usd
2009-06-29,1.957,per_usd
2009-06-30,1.9653,per_usd
2009-07-01,1.9299,per_usd
2009-07-02,1.9565,per_usd
2009-07-03,1.9509,per_usd
2009-07-06,1.9727,per_usd
2009-07-07,1.9667,per_usd
2009-07-08,2.0035,per_usd
2009-07-09,1.991,per_usd
2009-07-10,2.0141,per_usd
2009-07-13,1.9897,per_usd
2009-07-14,1.9721,per_usd
2009-07-15,1.9358,per_usd
2009-07-16,1.9362,per_usd
2009-07-17,1.9278,per_usd
2009-07-20,1.9056,per_usd
2009-07-21,1.9085,per_usd
2009-07-22,1.9046,per_usd
2009-07-23,1.887,per_usd
2009-07-24,1.8958,per_usd
2009-07-27,1.8857,per_usd
2009-07-28,1.8785,per_usd
2009-07-29,1.8987,per_usd
2009-07-30,1.878,per_usd
2009-07-31,1.8653,per_usd
2009-08-03,1.8353,per_usd
2009-08-04,1.8326,per_usd
2009-08-05,1.8291,per_usd
2009-08-06,1.8304,per_usd
2009-08-07,1.8211,per_usd
2009-08-10,1.8435,per_usd
2009-08-11,1.853,per_usd
2009-08-12,1.8318,per_usd
2009-08-13,1.834,per_usd
2009-08-14,1.844,per_usd
2009-08-17,1.8665,per_usd
2009-08-18,1.8683,per_usd
2009-08-19,1.8325,per_usd
2009-08-20,1.8453,per_usd
2009-08-21,1.8297,per_usd
2009-08-24,1.8333,per_usd
2009-08-25,1.83,per_usd
2009-08-26,1.8672,per_usd
2009-08-27,1.881,per_usd
2009-08-28,1.873,per_usd
2009-08-31,1.87,per_usd
2009-09-01,1.8936,per_usd
2009-09-02,1.8936,per_usd
2009-09-03,1.873,per_usd
2009-09-04,1.8458,per_usd
2009-09-08,1.8245,per_usd
2009-09-09,1.8295,per_usd
2009-09-10,1.8206,per_usd
2009-09-11,1.8129,per_usd
2009-09-14,1.8161,per_usd
2009-09-15,1.8058,per_usd
2009-09-16,1.7983,per_usd
2009-09-17,1.8097,per_usd
2009-09-18,1.808,per_usd
2009-09-21,1.8137,per_usd
2009-09-22,1.8028,per_usd
2009-09-23,1.7877,per_usd
2009-09-24,1.8025,per_usd
2009-09-25,1.8002,per_usd
2009-09-28,1.7886,per_usd
2009-09-29,1.7905,per_usd
2009-09-30,1.7743,per_usd
2009-10-01,1.781,per_usd
2009-10-02,1.7814,per_usd
2009-10-05,1.7702,per_usd
2009-10-06,1.7493,per_usd
2009-10-07,1.7613,per_usd
2009-10-08,1.745,per_usd
2009-10-09,1.7395,per_usd
2009-10-13,1.731,per_usd
2009-10-14,1.7055,per_usd
2009-10-15,1.701,per_usd
2009-10-16,1.707,per_usd
2009-10-19,1.7085,per_usd
2009-10-20,1.7555,per_usd
2009-10-21,1.7335,per_usd
2009-10-22,1.7258,per_usd
2009-10-23,1.7143,per_usd
2009-10-26,1.7166,per_usd
2009-10-27,1.7308,per_usd
2009-10-28,1.7541,per_usd
2009-10-29,1.738,per_usd
2009-10-30,1.7445,per_usd
2009-11-02,1.7485,per_usd
2009-11-03,1.753,per_usd
2009-11-04,1.7229,per_usd
2009-11-05,1.7222,per_usd
2009-11-06,1.7165,per_usd
2009-11-09,1.6995,per_usd
2009-11-10,1.7088,per_usd
2009-11-12,1.735,per_usd
2009-11-13,1.727,per_usd
2009-11-16,1.7102,per_usd
2009-11-17,1.7205,per_usd
2009-11-18,1.7078,per_usd
2009-11-19,1.7325,per_usd
2009-11-20,1.734,per_usd
2009-11-23,1.7255,per_usd
2009-11-24,1.7308,per_usd
2009-11-25,1.7271,per_usd
2009-11-27,1.7369,per_usd
2009-11-30,1.7505,per_usd
2009-12-01,1.7253,per_usd
2009-12-02,1.7195,per_usd
2009-12-03,1.705,per_usd
2009-12-04,1.7234,per_usd
2009-12-07,1.7265,per_usd
2009-12-08,1.75,per_usd
2009-12-09,1.763,per_usd
2009-12-10,1.7723,per_usd
2009-12-11,1.7605,per_usd
2009-12-14,1.7465,per_usd
2009-12-15,1.751,per_usd
2009-12-16,1.7469,per_usd
2009-12-17,1.7905,per_usd
2009-12-18,1.789,per_usd
2009-12-21,1.782,per_usd
2009-12-22,1.7827,per_usd
2009-12-23,1.7605,per_usd
2009-12-24,1.7618,per_usd
2009-12-28,1.7385,per_usd
2009-12-29,1.738,per_usd
2009-12-30,1.7423,per_usd
2009-12-31,1.7425,per_usd
2010-01-04,1.72,per_usd
2010-01-05,1.7296,per_usd
2010-01-06,1.7292,per_usd
2010-01-07,1.7409,per_usd
2010-01-08,1.7342,per_usd
2010-01-11,1.733,per_usd
2010-01-12,1.7407,per_usd
2010-01-13,1.748,per_usd
2010-01-14,1.7684,per_usd
2010-01-15,1.7681,per_usd
2010-01-19,1.7767,per_usd
2010-01-20,1.792,per_usd
2010-01-21,1.8021,per_usd
2010-01-22,1.821,per_usd
2010-01-25,1.82,per_usd
2010-01-26,1.8466,per_usd
2010-01-27,1.8529,per_usd
2010-01-28,1.8525,per_usd
2010-01-29,1.8755,per_usd
2010-02-01,1.8645,per_usd
2010-02-02,1.8325,per_usd
2010-02-03,1.8507,per_usd
2010-02-04,1.8865,per_usd
2010-02-05,1.8845,per_usd
2010-02-08,1.8648,per_usd
2010-02-09,1.845,per_usd
2010-02-10,1.8575,per_usd
2010-02-11,1.8551,per_usd
2010-02-12,1.8624,per_usd
2010-02-16,1.8394,per_usd
2010-02-17,1.8355,per_usd
2010-02-18,1.8229,per_usd
2010-02-19,1.805,per_usd
2010-02-22,1.808,per_usd
2010-02-23,1.8225,per_usd
2010-02-24,1.8203,per_usd
2010-02-25,1.84,per_usd
2010-02-26,1.801,per_usd
2010-03-01,1.7971,per_usd
2010-03-02,1.7822,per_usd
2010-03-03,1.7763,per_usd
2010-03-04,1.7895,per_usd
2010-03-05,1.7781,per_usd
2010-03-08,1.787,per_usd
2010-03-09,1.7894,per_usd
2010-03-10,1.7685,per_usd
2010-03-11,1.7698,per_usd
2010-03-12,1.763,per_usd
2010-03-15,1.766,per_usd
2010-03-16,1.762,per_usd
2010-03-17,1.7655,per_usd
2010-03-18,1.7895,per_usd
2010-03-19,1.7988,per_usd
2010-03-22,1.8022,per_usd
2010-03-23,1.7815,per_usd
2010-03-24,1.7882,per_usd
2010-03-25,1.805,per_usd
2010-03-26,1.8207,per_usd
2010-03-29,1.808,per_usd
2010-03-30,1.797,per_usd
2010-03-31,1.7821,per_usd
2010-04-01,1.7659,per_usd
2010-04-02,1.764,per_usd
2010-04-05,1.7585,per_usd
2010-04-06,1.7593,per_usd
2010-04-07,1.7635,per_usd
2010-04-08,1.778,per_usd
2010-04-09,1.7709,per_usd
2010-04-12,1.7575,per_usd
2010-04-13,1.7583,per_usd
2010-04-14,1.7445,per_usd
2010-04-15,1.7428,per_usd
2010-04-16,1.761,per_usd
2010-04-19,1.7622,per_usd
2010-04-20,1.7509,per_usd
2010-04-21,1.7497,per_usd
2010-04-22,1.769,per_usd
2010-04-23,1.7633,per_usd
2010-04-26,1.745,per_usd
2010-04-27,1.7652,per_usd
2010-04-28,1.7622,per_usd
2010-04-29,1.7305,per_usd
2010-04-30,1.727,per_usd
2010-05-03,1.736,per_usd
2010-05-04,1.7515,per_usd
2010-05-05,1.7819,per_usd
2010-05-06,1.8365,per_usd
2010-05-07,1.836,per_usd
2010-05-10,1.7783,per_usd
2010-05-11,1.7764,per_usd
2010-05-12,1.7734,per_usd
2010-05-13,1.7721,per_usd
2010-05-14,1.8035,per_usd
2010-05-17,1.8204,per_usd
2010-05-18,1.798,per_usd
2010-05-19,1.8498,per_usd
2010-05-20,1.8885,per_usd
2010-05-21,1.8499,per_usd
2010-05-24,1.852,per_usd
2010-05-25,1.8785,per_usd
2010-05-26,1.856,per_usd
2010-05-27,1.8274,per_usd
2010-05-28,1.817,per_usd
2010-06-01,1.8235,per_usd
2010-06-02,1.8287,per_usd
2010-06-03,1.817,per_usd
2010-06-04,1.842,per_usd
2010-06-07,1.8651,per_usd
2010-06-08,1.8608,per_usd
2010-06-09,1.838,per_usd
2010-06-10,1.814,per_usd
2010-06-11,1.8045,per_usd
2010-06-14,1.8017,per_usd
2010-06-15,1.7902,per_usd
2010-06-16,1.7854,per_usd
2010-06-17,1.7819,per_usd
2010-06-18,1.7723,per_usd
2010-06-21,1.7624,per_usd
2010-06-22,1.767,per_usd
2010-06-23,1.787,per_usd
2010-06-24,1.7915,per_usd
2010-06-25,1.782,per_usd
2010-06-28,1.7773,per_usd
2010-06-29,1.806,per_usd
2010-06-30,1.7941,per_usd
2010-07-01,1.801,per_usd
2010-07-02,1.7765,per_usd
2010-07-06,1.7628,per_usd
2010-07-07,1.7706,per_usd
2010-07-08,1.7595,per_usd
2010-07-09,1.7587,per_usd
2010-07-12,1.7648,per_usd
2010-07-13,1.751,per_usd
2010-07-14,1.7603,per_usd
2010-07-15,1.7715,per_usd
2010-07-16,1.7858,per_usd
2010-07-19,1.7857,per_usd
2010-07-20,1.7789,per_usd
2010-07-21,1.7735,per_usd
2010-07-22,1.7639,per_usd
2010-07-23,1.7618,per_usd
2010-07-26,1.768,per_usd
2010-07-27,1.764,per_usd
2010-07-28,1.7623,per_usd
2010-07-29,1.7678,per_usd
2010-07-30,1.7585,per_usd
2010-08-02,1.746,per_usd
2010-08-03,1.7568,per_usd
2010-08-04,1.7582,per_usd
2010-08-05,1.7565,per_usd
2010-08-06,1.7585,per_usd
2010-08-09,1.754,per_usd
2010-08-10,1.7613,per_usd
2010-08-11,1.767,per_usd
2010-08-12,1.7685,per_usd
2010-08-13,1.7718,per_usd
2010-08-16,1.758,per_usd
2010-08-17,1.7513,per_usd
2010-08-18,1.7513,per_usd
2010-08-19,1.7626,per_usd
2010-08-20,1.7615,per_usd
2010-08-23,1.764,per_usd
2010-08-24,1.7622,per_usd
2010-08-25,1.768,per_usd
2010-08-26,1.759,per_usd
2010-08-27,1.7493,per_usd
2010-08-30,1.757,per_usd
2010-08-31,1.7529,per_usd
2010-09-01,1.7406,per_usd
2010-09-02,1.7339,per_usd
2010-09-03,1.7238,per_usd
2010-09-07,1.728,per_usd
2010-09-08,1.723,per_usd
2010-09-09,1.7256,per_usd
2010-09-10,1.7183,per_usd
2010-09-13,1.7165,per_usd
2010-09-14,1.7037,per_usd
2010-09-15,1.7176,per_usd
2010-09-16,1.7198,per_usd
2010-09-17,1.7145,per_usd
2010-09-20,1.7158,per_usd
2010-09-21,1.7276,per_usd
2010-09-22,1.7226,per_usd
2010-09-23,1.7187,per_usd
2010-09-24,1.7119,per_usd
2010-09-27,1.7089,per_usd
2010-09-28,1.7071,per_usd
2010-09-29,1.7039,per_usd
2010-09-30,1.696,per_usd
2010-10-01,1.681,per_usd
2010-10-04,1.6887,per_usd
2010-10-05,1.6733,per_usd
2010-10-06,1.6721,per_usd
2010-10-07,1.6798,per_usd
2010-10-08,1.6748,per_usd
2010-10-12,1.6697,per_usd
2010-10-13,1.6574,per_usd
2010-10-14,1.6633,per_usd
2010-10-15,1.6576,per_usd
2010-10-18,1.6632,per_usd
2010-10-19,1.6914,per_usd
2010-10-20,1.6749,per_usd
2010-10-21,1.693,per_usd
2010-10-22,1.6948,per_usd
2010-10-25,1.7078,per_usd
2010-10-26,1.7053,per_usd
2010-10-27,1.7164,per_usd
2010-10-28,1.7119,per_usd
2010-10-29,1.6982,per_usd
2010-11-01,1.7042,per_usd
2010-11-02,1.7033,per_usd
2010-11-03,1.6985,per_usd
2010-11-04,1.679,per_usd
2010-11-05,1.6831,per_usd
2010-11-08,1.6974,per_usd
2010-11-09,1.6987,per_usd
2010-11-10,1.709,per_usd
2010-11-12,1.72,per_usd
2010-11-15,1.7216,per_usd
2010-11-16,1.7378,per_usd
2010-11-17,1.7227,per_usd
2010-11-18,1.7137,per_usd
2010-11-19,1.7204,per_usd
2010-11-22,1.7223,per_usd
2010-11-23,1.7378,per_usd
2010-11-24,1.723,per_usd
2010-11-26,1.7268,per_usd
2010-11-29,1.7282,per_usd
2010-11-30,1.7146,per_usd
2010-12-01,1.703,per_usd
2010-12-02,1.7015,per_usd
2010-12-03,1.6859,per_usd
2010-12-06,1.6848,per_usd
2010-12-07,1.6809,per_usd
2010-12-08,1.6901,per_usd
2010-12-09,1.7064,per_usd
2010-12-10,1.7183,per_usd
2010-12-13,1.7054,per_usd
2010-12-14,1.6945,per_usd
2010-12-15,1.6979,per_usd
2010-12-16,1.7048,per_usd
2010-12-17,1.7134,per_usd
2010-12-20,1.7081,per_usd
2010-12-21,1.697,per_usd
2010-12-22,1.6958,per_usd
2010-12-23,1.6938,per_usd
2010-12-27,1.6897,per_usd
2010-12-28,1.6898,per_usd
2010-12-29,1.681,per_usd
2010-12-30,1.6631,per_usd
2011-01-03,1.6452,per_usd
2011-01-04,1.6687,per_usd
2011-01-05,1.6694,per_usd
2011-01-06,1.688,per_usd
2011-01-07,1.685,per_usd
2011-01-10,1.6921,per_usd
2011-01-11,1.6899,per_usd
2011-01-12,1.6761,per_usd
2011-01-13,1.6666,per_usd
2011-01-14,1.6819,per_usd
2011-01-18,1.6725,per_usd
2011-01-19,1.6704,per_usd
2011-01-20,1.6735,per_usd
2011-01-21,1.6705,per_usd
2011-01-24,1.6695,per_usd
2011-01-25,1.67,per_usd
2011-01-26,1.6682,per_usd
2011-01-27,1.6746,per_usd
2011-01-28,1.6845,per_usd
2011-01-31,1.6739,per_usd
2011-02-01,1.662,per_usd
2011-02-02,1.6641,per_usd
2011-02-03,1.6676,per_usd
2011-02-04,1.6745,per_usd
2011-02-07,1.678,per_usd
2011-02-08,1.6679,per_usd
2011-02-09,1.6621,per_usd
2011-02-10,1.667,per_usd
2011-02-11,1.6655,per_usd
2011-02-14,1.6665,per_usd
2011-02-15,1.668,per_usd
2011-02-16,1.6724,per_usd
2011-02-17,1.6605,per_usd
2011-02-18,1.6645,per_usd
2011-02-22,1.666,per_usd
2011-02-23,1.6737,per_usd
2011-02-24,1.6617,per_usd
2011-02-25,1.6597,per_usd
2011-02-28,1.6598,per_usd
2011-03-01,1.66,per_usd
2011-03-02,1.66,per_usd
2011-03-03,1.655,per_usd
2011-03-04,1.6432,per_usd
2011-03-07,1.6532,per_usd
2011-03-08,1.6542,per_usd
2011-03-09,1.6553,per_usd
2011-03-10,1.6589,per_usd
2011-03-11,1.6612,per_usd
2011-03-14,1.6658,per_usd
2011-03-15,1.6673,per_usd
2011-03-16,1.6685,per_usd
2011-03-17,1.6723,per_usd
2011-03-18,1.6727,per_usd
2011-03-21,1.6638,per_usd
2011-03-22,1.6632,per_usd
2011-03-23,1.6609,per_usd
2011-03-24,1.6565,per_usd
2011-03-25,1.656,per_usd
2011-03-28,1.6591,per_usd
2011-03-29,1.6559,per_usd
2011-03-30,1.6274,per_usd
2011-03-31,1.6287,per_usd
2011-04-01,1.6156,per_usd
2011-04-04,1.6099,per_usd
2011-04-05,1.6083,per_usd
2011-04-06,1.6021,per_usd
2011-04-07,1.5925,per_usd
2011-04-08,1.5765,per_usd
2011-04-11,1.579,per_usd
2011-04-12,1.5895,per_usd
2011-04-13,1.5923,per_usd
2011-04-14,1.5825,per_usd
2011-04-15,1.5721,per_usd
2011-04-18,1.595,per_usd
2011-04-19,1.58,per_usd
2011-04-20,1.5683,per_usd
2011-04-21,1.5635,per_usd
2011-04-22,1.566,per_usd
2011-04-25,1.5701,per_usd
2011-04-26,1.5636,per_usd
2011-04-27,1.5685,per_usd
2011-04-28,1.587,per_usd
2011-04-29,1.567,per_usd
2011-05-02,1.5745,per_usd
2011-05-03,1.5835,per_usd
2011-05-04,1.603,per_usd
2011-05-05,1.6172,per_usd
2011-05-06,1.6037,per_usd
2011-05-09,1.621,per_usd
2011-05-10,1.6069,per_usd
2011-05-11,1.619,per_usd
2011-05-12,1.6192,per_usd
2011-05-13,1.6382,per_usd
2011-05-16,1.6266,per_usd
2011-05-17,1.6335,per_usd
2011-05-18,1.6115,per_usd
2011-05-19,1.6179,per_usd
2011-05-20,1.6155,per_usd
2011-05-23,1.6345,per_usd
2011-05-24,1.6287,per_usd
2011-05-25,1.6264,per_usd
2011-05-26,1.6232,per_usd
2011-05-27,1.5985,per_usd
2011-05-31,1.5833,per_usd
2011-06-01,1.5831,per_usd
2011-06-02,1.5813,per_usd
2011-06-03,1.5722,per_usd
2011-06-06,1.5799,per_usd
2011-06-07,1.5748,per_usd
2011-06-08,1.581,per_usd
2011-06-09,1.5832,per_usd
2011-06-10,1.5974,per_usd
2011-06-13,1.5892,per_usd
2011-06-14,1.5808,per_usd
2011-06-15,1.594,per_usd
2011-06-16,1.6106,per_usd
2011-06-17,1.596,per_usd
2011-06-20,1.5932,per_usd
2011-06-21,1.5882,per_usd
2011-06-22,1.5872,per_usd
2011-06-23,1.5904,per_usd
2011-06-24,1.5949,per_usd
2011-06-27,1.5941,per_usd
2011-06-28,1.579,per_usd
2011-06-29,1.569,per_usd
2011-06-30,1.5595,per_usd
2011-07-01,1.5558,per_usd
2011-07-05,1.5636,per_usd
2011-07-06,1.5655,per_usd
2011-07-07,1.5543,per_usd
2011-07-08,1.5631,per_usd
2011-07-11,1.5776,per_usd
2011-07-12,1.576,per_usd
2011-07-13,1.5708,per_usd
2011-07-14,1.5733,per_usd
2011-07-15,1.574,per_usd
2011-07-18,1.5833,per_usd
2011-07-19,1.5675,per_usd
2011-07-20,1.5655,per_usd
2011-07-21,1.5538,per_usd
2011-07-22,1.5509,per_usd
2011-07-25,1.5402,per_usd
2011-07-26,1.5375,per_usd
2011-07-27,1.566,per_usd
2011-07-28,1.562,per_usd
2011-07-29,1.5495,per_usd
2011-08-01,1.561,per_usd
2011-08-02,1.5651,per_usd
2011-08-03,1.5645,per_usd
2011-08-04,1.579,per_usd
2011-08-05,1.5993,per_usd
2011-08-08,1.599,per_usd
2011-08-09,1.629,per_usd
2011-08-10,1.624,per_usd
2011-08-11,1.6277,per_usd
2011-08-12,1.6125,per_usd
2011-08-15,1.5937,per_usd
2011-08-16,1.5871,per_usd
2011-08-17,1.5841,per_usd
2011-08-18,1.6046,per_usd
2011-08-19,1.5986,per_usd
2011-08-22,1.6058,per_usd
2011-08-23,1.5991,per_usd
2011-08-24,1.6051,per_usd
2011-08-25,1.6115,per_usd
2011-08-26,1.6055,per_usd
2011-08-29,1.5957,per_usd
2011-08-30,1.5867,per_usd
2011-08-31,1.5841,per_usd
2011-09-01,1.6005,per_usd
2011-09-02,1.6345,per_usd
2011-09-06,1.661,per_usd
2011-09-07,1.6543,per_usd
2011-09-08,1.6545,per_usd
2011-09-09,1.6798,per_usd
2011-09-12,1.6964,per_usd
2011-09-13,1.7132,per_usd
2011-09-14,1.728,per_usd
2011-09-15,1.7115,per_usd
2011-09-16,1.7097,per_usd
2011-09-19,1.7866,per_usd
2011-09-20,1.7891,per_usd
2011-09-21,1.8355,per_usd
2011-09-22,1.8787,per_usd
2011-09-23,1.8585,per_usd
2011-09-26,1.8452,per_usd
2011-09-27,1.8067,per_usd
2011-09-28,1.815,per_usd
2011-09-29,1.8261,per_usd
2011-09-30,1.8485,per_usd
2011-10-03,1.8815,per_usd
2011-10-04,1.881,per_usd
2011-10-05,1.8356,per_usd
2011-10-06,1.8081,per_usd
2011-10-07,1.7662,per_usd
2011-10-11,1.7529,per_usd
2011-10-12,1.7745,per_usd
2011-10-13,1.745,per_usd
2011-10-14,1.7373,per_usd
2011-10-17,1.7491,per_usd
2011-10-18,1.7568,per_usd
2011-10-19,1.7655,per_usd
2011-10-20,1.7983,per_usd
2011-10-21,1.7702,per_usd
2011-10-24,1.7522,per_usd
2011-10-25,1.7611,per_usd
2011-10-26,1.7645,per_usd
2011-10-27,1.7207,per_usd
2011-10-28,1.6916,per_usd
2011-10-31,1.6933,per_usd
2011-11-01,1.7525,per_usd
2011-11-02,1.7355,per_usd
2011-11-03,1.7433,per_usd
2011-11-04,1.7545,per_usd
2011-11-07,1.7516,per_usd
2011-11-08,1.7388,per_usd
2011-11-09,1.7596,per_usd
2011-11-10,1.7627,per_usd
2011-11-14,1.7623,per_usd
2011-11-15,1.7711,per_usd
2011-11-16,1.7723,per_usd
2011-11-17,1.7671,per_usd
2011-11-18,1.7817,per_usd
2011-11-21,1.8064,per_usd
2011-11-22,1.8141,per_usd
2011-11-23,1.8606,per_usd
2011-11-25,1.8865,per_usd
2011-11-28,1.8545,per_usd
2011-11-29,1.8461,per_usd
2011-11-30,1.8072,per_usd
2011-12-01,1.7965,per_usd
2011-12-02,1.8002,per_usd
2011-12-05,1.7841,per_usd
2011-12-06,1.794,per_usd
2011-12-07,1.7908,per_usd
2011-12-08,1.8137,per_usd
2011-12-09,1.8072,per_usd
2011-12-12,1.8385,per_usd
2011-12-13,1.8527,per_usd
2011-12-14,1.8812,per_usd
2011-12-15,1.8603,per_usd
2011-12-16,1.8548,per_usd
2011-12-19,1.8662,per_usd
2011-12-20,1.8459,per_usd
2011-12-21,1.8574,per_usd
2011-12-22,1.8523,per_usd
2011-12-23,1.8595,per_usd
2011-12-27,1.8591,per_usd
2011-12-28,1.8779,per_usd
2011-12-29,1.8662,per_usd
2011-12-30,1.8627,per_usd
2012-01-03,1.8338,per_usd
2012-01-04,1.8205,per_usd
2012-01-05,1.8399,per_usd
2012-01-06,1.8487,per_usd
2012-01-09,1.8411,per_usd
2012-01-10,1.8041,per_usd
2012-01-11,1.8057,per_usd
2012-01-12,1.7825,per_usd
2012-01-13,1.7945,per_usd
2012-01-17,1.7778,per_usd
2012-01-18,1.7688,per_usd
2012-01-19,1.7593,per_usd
2012-01-20,1.7629,per_usd
2012-01-23,1.7534,per_usd
2012-01-24,1.7637,per_usd
2012-01-25,1.7613,per_usd
2012-01-26,1.7392,per_usd
2012-01-27,1.7401,per_usd
2012-01-30,1.7507,per_usd
2012-01-31,1.7527,per_usd
2012-02-01,1.7383,per_usd
2012-02-02,1.7233,per_usd
2012-02-03,1.7232,per_usd
2012-02-06,1.7154,per_usd
2012-02-07,1.7214,per_usd
2012-02-08,1.7185,per_usd
2012-02-09,1.72,per_usd
2012-02-10,1.726,per_usd
2012-02-13,1.7202,per_usd
2012-02-14,1.7159,per_usd
2012-02-15,1.7173,per_usd
2012-02-16,1.7221,per_usd
2012-02-17,1.7135,per_usd
2012-02-21,1.7171,per_usd
2012-02-22,1.7074,per_usd
2012-02-23,1.7096,per_usd
2012-02-24,1.7065,per_usd
2012-02-27,1.7058,per_usd
2012-02-28,1.6997,per_usd
2012-02-29,1.7148,per_usd
2012-03-01,1.7108,per_usd
2012-03-02,1.7263,per_usd
2012-03-05,1.7353,per_usd
2012-03-06,1.7584,per_usd
2012-03-07,1.7626,per_usd
2012-03-08,1.7747,per_usd
2012-03-09,1.7865,per_usd
2012-03-12,1.8202,per_usd
2012-03-13,1.7969,per_usd
2012-03-14,1.8175,per_usd
2012-03-15,1.8052,per_usd
2012-03-16,1.8025,per_usd
2012-03-19,1.8073,per_usd
2012-03-20,1.8214,per_usd
2012-03-21,1.8265,per_usd
2012-03-22,1.823,per_usd
2012-03-23,1.8158,per_usd
2012-03-26,1.8155,per_usd
2012-03-27,1.8112,per_usd
2012-03-28,1.8253,per_usd
2012-03-29,1.8332,per_usd
2012-03-30,1.8205,per_usd
2012-04-02,1.8257,per_usd
2012-04-03,1.8232,per_usd
2012-04-04,1.8293,per_usd
2012-04-05,1.8296,per_usd
2012-04-06,1.8218,per_usd
2012-04-09,1.8218,per_usd
2012-04-10,1.834,per_usd
2012-04-11,1.8311,per_usd
2012-04-12,1.8261,per_usd
2012-04-13,1.8363,per_usd
2012-04-16,1.8384,per_usd
2012-04-17,1.8503,per_usd
2012-04-18,1.8703,per_usd
2012-04-19,1.8846,per_usd
2012-04-20,1.8662,per_usd
2012-04-23,1.8854,per_usd
2012-04-24,1.8765,per_usd
2012-04-25,1.8828,per_usd
2012-04-26,1.8865,per_usd
2012-04-27,1.8843,per_usd
2012-04-30,1.893,per_usd
2012-05-01,1.9037,per_usd
2012-05-02,1.9151,per_usd
2012-05-03,1.9275,per_usd
2012-05-04,1.9258,per_usd
2012-05-07,1.924,per_usd
2012-05-08,1.9365,per_usd
2012-05-09,1.956,per_usd
2012-05-10,1.9545,per_usd
2012-05-11,1.9404,per_usd
2012-05-14,1.9884,per_usd
2012-05-15,1.9935,per_usd
2012-05-16,2,per_usd
2012-05-17,1.994,per_usd
2012-05-18,2.019,per_usd
2012-05-21,2.0455,per_usd
2012-05-22,2.046,per_usd
2012-05-23,2.0675,per_usd
2012-05-24,2.0306,per_usd
2012-05-25,1.9917,per_usd
2012-05-29,1.9973,per_usd
2012-05-30,2.0095,per_usd
2012-05-31,2.016,per_usd
2012-06-01,2.0325,per_usd
2012-06-04,2.0439,per_usd
2012-06-05,2.0299,per_usd
2012-06-06,2.017,per_usd
2012-06-07,2.0325,per_usd
2012-06-08,2.0257,per_usd
2012-06-11,2.0369,per_usd
2012-06-12,2.0586,per_usd
2012-06-13,2.0628,per_usd
2012-06-14,2.0724,per_usd
2012-06-15,2.0397,per_usd
2012-06-18,2.066,per_usd
2012-06-19,2.0352,per_usd
2012-06-20,2.0306,per_usd
2012-06-21,2.0446,per_usd
2012-06-22,2.0573,per_usd
2012-06-25,2.0745,per_usd
2012-06-26,2.0735,per_usd
2012-06-27,2.0791,per_usd
2012-06-28,2.0904,per_usd
2012-06-29,2.009,per_usd
2012-07-02,1.9887,per_usd
2012-07-03,1.9968,per_usd
2012-07-05,2.0271,per_usd
2012-07-06,2.0369,per_usd
2012-07-09,2.0311,per_usd
2012-07-10,2.0343,per_usd
2012-07-11,2.0367,per_usd
2012-07-12,2.0477,per_usd
2012-07-13,2.0376,per_usd
2012-07-16,2.0391,per_usd
2012-07-17,2.0327,per_usd
2012-07-18,2.0214,per_usd
2012-07-19,2.0212,per_usd
2012-07-20,2.0217,per_usd
2012-07-23,2.0393,per_usd
2012-07-24,2.0428,per_usd
2012-07-25,2.0381,per_usd
2012-07-26,2.0268,per_usd
2012-07-27,2.0138,per_usd
2012-07-30,2.0354,per_usd
2012-07-31,2.0514,per_usd
2012-08-01,2.0384,per_usd
2012-08-02,2.0514,per_usd
2012-08-03,2.0237,per_usd
2012-08-06,2.026,per_usd
2012-08-07,2.027,per_usd
2012-08-08,2.0228,per_usd
2012-08-09,2.0175,per_usd
2012-08-10,2.015,per_usd
2012-08-13,2.0279,per_usd
2012-08-14,2.0256,per_usd
2012-08-15,2.023,per_usd
2012-08-16,2.0203,per_usd
2012-08-17,2.0176,per_usd
2012-08-20,2.0196,per_usd
2012-08-21,2.0171,per_usd
2012-08-22,2.0206,per_usd
2012-08-23,2.0242,per_usd
2012-08-24,2.0213,per_usd
2012-08-27,2.0301,per_usd
2012-08-28,2.0492,per_usd
2012-08-29,2.048,per_usd
2012-08-30,2.0463,per_usd
2012-08-31,2.0301,per_usd
2012-09-04,2.042,per_usd
2012-09-05,2.0385,per_usd
2012-09-06,2.033,per_usd
2012-09-07,2.0274,per_usd
2012-09-10,2.0225,per_usd
2012-09-11,2.0209,per_usd
2012-09-12,2.0191,per_usd
2012-09-13,2.025,per_usd
2012-09-14,2.0172,per_usd
2012-09-17,2.03,per_usd
2012-09-18,2.0251,per_usd
2012-09-19,2.0218,per_usd
2012-09-20,2.0237,per_usd
2012-09-21,2.023,per_usd
2012-09-24,2.0245,per_usd
2012-09-25,2.0244,per_usd
2012-09-26,2.0338,per_usd
2012-09-27,2.0307,per_usd
2012-09-28,2.0277,per_usd
2012-10-01,2.0254,per_usd
2012-10-02,2.026,per_usd
2012-10-03,2.0244,per_usd
2012-10-04,2.021,per_usd
2012-10-05,2.0273,per_usd
2012-10-09,2.0354,per_usd
2012-10-10,2.0399,per_usd
2012-10-11,2.036,per_usd
2012-10-12,2.0436,per_usd
2012-10-15,2.0355,per_usd
2012-10-16,2.0326,per_usd
2012-10-17,2.0323,per_usd
2012-10-18,2.028,per_usd
2012-10-19,2.0269,per_usd
2012-10-22,2.024,per_usd
2012-10-23,2.0284,per_usd
2012-10-24,2.0267,per_usd
2012-10-25,2.0254,per_usd
2012-10-26,2.025,per_usd
2012-10-29,2.0295,per_usd
2012-10-30,2.031,per_usd
2012-10-31,2.0298,per_usd
2012-11-01,2.0304,per_usd
2012-11-02,2.0304,per_usd
2012-11-05,2.0344,per_usd
2012-11-06,2.033,per_usd
2012-11-07,2.0335,per_usd
2012-11-08,2.0397,per_usd
2012-11-09,2.0475,per_usd
2012-11-13,2.0638,per_usd
2012-11-14,2.068,per_usd
2012-11-15,2.0663,per_usd
2012-11-16,2.0781,per_usd
2012-11-19,2.0725,per_usd
2012-11-20,2.08,per_usd
2012-11-21,2.0962,per_usd
2012-11-23,2.0872,per_usd
2012-11-26,2.0838,per_usd
2012-11-27,2.075,per_usd
2012-11-28,2.09,per_usd
2012-11-29,2.1028,per_usd
2012-11-30,2.1118,per_usd
2012-12-03,2.1141,per_usd
2012-12-04,2.1133,per_usd
2012-12-05,2.1005,per_usd
2012-12-06,2.079,per_usd
2012-12-07,2.08,per_usd
2012-12-10,2.0815,per_usd
2012-12-11,2.0785,per_usd
2012-12-12,2.0791,per_usd
2012-12-13,2.079,per_usd
2012-12-14,2.0827,per_usd
2012-12-17,2.093,per_usd
2012-12-18,2.0852,per_usd
2012-12-19,2.0747,per_usd
2012-12-20,2.0596,per_usd
2012-12-21,2.0767,per_usd
2012-12-24,2.079,per_usd
2012-12-26,2.0495,per_usd
2012-12-27,2.0517,per_usd
2012-12-28,2.0445,per_usd
2012-12-31,2.0476,per_usd
2013-01-02,2.0425,per_usd
2013-01-03,2.036,per_usd
2013-01-04,2.035,per_usd
2013-01-07,2.026,per_usd
2013-01-08,2.0393,per_usd
2013-01-09,2.0384,per_usd
2013-01-10,2.0325,per_usd
2013-01-11,2.0375,per_usd
2013-01-14,2.0301,per_usd
2013-01-15,2.0375,per_usd
2013-01-16,2.0405,per_usd
2013-01-17,2.0425,per_usd
2013-01-18,2.0441,per_usd
2013-01-22,2.0478,per_usd
2013-01-23,2.0375,per_usd
2013-01-24,2.0285,per_usd
2013-01-25,2.029,per_usd
2013-01-28,2.0028,per_usd
2013-01-29,1.9893,per_usd
2013-01-30,1.986,per_usd
2013-01-31,1.9875,per_usd
2013-02-01,1.981,per_usd
2013-02-04,1.9913,per_usd
2013-02-05,1.984,per_usd
2013-02-06,1.9847,per_usd
2013-02-07,1.9708,per_usd
2013-02-08,1.9725,per_usd
2013-02-11,1.9724,per_usd
2013-02-12,1.968,per_usd
2013-02-13,1.9663,per_usd
2013-02-14,1.959,per_usd
2013-02-15,1.9615,per_usd
2013-02-19,1.9564,per_usd
2013-02-20,1.9605,per_usd
2013-02-21,1.9727,per_usd
2013-02-22,1.971,per_usd
2013-02-25,1.9688,per_usd
2013-02-26,1.9905,per_usd
2013-02-27,1.9776,per_usd
2013-02-28,1.9767,per_usd
2013-03-01,1.9829,per_usd
2013-03-04,1.9798,per_usd
2013-03-05,1.9654,per_usd
2013-03-06,1.9667,per_usd
2013-03-07,1.9595,per_usd
2013-03-08,1.948,per_usd
2013-03-11,1.9593,per_usd
2013-03-12,1.962,per_usd
2013-03-13,1.9615,per_usd
2013-03-14,1.9665,per_usd
2013-03-15,1.9755,per_usd
2013-03-18,1.9865,per_usd
2013-03-19,1.9874,per_usd
2013-03-20,1.9865,per_usd
2013-03-21,1.9934,per_usd
2013-03-22,2.017,per_usd
2013-03-25,2.0136,per_usd
2013-03-26,2.0067,per_usd
2013-03-27,2.0133,per_usd
2013-03-28,2.016,per_usd
2013-03-29,2.021,per_usd
2013-04-01,2.018,per_usd
2013-04-02,2.0175,per_usd
2013-04-03,2.0235,per_usd
2013-04-04,2.018,per_usd
2013-04-05,1.9925,per_usd
2013-04-08,1.989,per_usd
2013-04-09,1.9865,per_usd
2013-04-10,1.9765,per_usd
2013-04-11,1.972,per_usd
2013-04-12,1.969,per_usd
2013-04-15,1.9755,per_usd
2013-04-16,1.9965,per_usd
2013-04-17,2,per_usd
2013-04-18,2.018,per_usd
2013-04-19,2.0075,per_usd
2013-04-22,2.0138,per_usd
2013-04-23,2.0145,per_usd
2013-04-24,2.0225,per_usd
2013-04-25,2.0115,per_usd
2013-04-26,2.0016,per_usd
2013-04-29,2.0015,per_usd
2013-04-30,1.999,per_usd
2013-05-01,2.0065,per_usd
2013-05-02,2.0128,per_usd
2013-05-03,2.0098,per_usd
2013-05-06,2.012,per_usd
2013-05-07,2.0086,per_usd
2013-05-08,2.0003,per_usd
2013-05-09,2.001,per_usd
2013-05-10,2.0275,per_usd
2013-05-13,2.0163,per_usd
2013-05-14,2.0054,per_usd
2013-05-15,2.028,per_usd
2013-05-16,2.0244,per_usd
2013-05-17,2.0364,per_usd
2013-05-20,2.0357,per_usd
2013-05-21,2.0373,per_usd
2013-05-22,2.0398,per_usd
2013-05-23,2.0526,per_usd
2013-05-24,2.0516,per_usd
2013-05-28,2.0679,per_usd
2013-05-29,2.0973,per_usd
2013-05-30,2.1095,per_usd
2013-05-31,2.1217,per_usd
2013-06-03,2.1365,per_usd
2013-06-04,2.1409,per_usd
2013-06-05,2.1261,per_usd
2013-06-06,2.127,per_usd
2013-06-07,2.134,per_usd
2013-06-10,2.1365,per_usd
2013-06-11,2.1428,per_usd
2013-06-12,2.147,per_usd
2013-06-13,2.1459,per_usd
2013-06-14,2.1392,per_usd
2013-06-17,2.1576,per_usd
2013-06-18,2.164,per_usd
2013-06-19,2.1743,per_usd
2013-06-20,2.2655,per_usd
2013-06-21,2.268,per_usd
2013-06-24,2.2479,per_usd
2013-06-25,2.2207,per_usd
2013-06-26,2.1994,per_usd
2013-06-27,2.1864,per_usd
2013-06-28,2.2075,per_usd
2013-07-01,2.228,per_usd
2013-07-02,2.2395,per_usd
2013-07-03,2.2608,per_usd
2013-07-05,2.2635,per_usd
2013-07-08,2.2605,per_usd
2013-07-09,2.262,per_usd
2013-07-10,2.2732,per_usd
2013-07-11,2.267,per_usd
2013-07-12,2.2677,per_usd
2013-07-15,2.245,per_usd
2013-07-16,2.2439,per_usd
2013-07-17,2.2315,per_usd
2013-07-18,2.2282,per_usd
2013-07-19,2.2345,per_usd
2013-07-22,2.2317,per_usd
2013-07-23,2.2212,per_usd
2013-07-24,2.2388,per_usd
2013-07-25,2.2586,per_usd
2013-07-26,2.2525,per_usd
2013-07-29,2.2605,per_usd
2013-07-30,2.273,per_usd
2013-07-31,2.2987,per_usd
2013-08-01,2.298,per_usd
2013-08-02,2.2875,per_usd
2013-08-05,2.3016,per_usd
2013-08-06,2.2924,per_usd
2013-08-07,2.2985,per_usd
2013-08-08,2.2748,per_usd
2013-08-09,2.271,per_usd
2013-08-12,2.273,per_usd
2013-08-13,2.3063,per_usd
2013-08-14,2.313,per_usd
2013-08-15,2.3417,per_usd
2013-08-16,2.3585,per_usd
2013-08-19,2.4021,per_usd
2013-08-20,2.3959,per_usd
2013-08-21,2.4226,per_usd
2013-08-22,2.4464,per_usd
2013-08-23,2.3679,per_usd
2013-08-26,2.3858,per_usd
2013-08-27,2.3925,per_usd
2013-08-28,2.3298,per_usd
2013-08-29,2.3572,per_usd
2013-08-30,2.3809,per_usd
2013-09-03,2.383,per_usd
2013-09-04,2.3536,per_usd
2013-09-05,2.3232,per_usd
2013-09-06,2.29,per_usd
2013-09-09,2.2799,per_usd
2013-09-10,2.293,per_usd
2013-09-11,2.2884,per_usd
2013-09-12,2.2716,per_usd
2013-09-13,2.2825,per_usd
2013-09-16,2.273,per_usd
2013-09-17,2.255,per_usd
2013-09-18,2.2429,per_usd
2013-09-19,2.2067,per_usd
2013-09-20,2.2047,per_usd
2013-09-23,2.1997,per_usd
2013-09-24,2.1978,per_usd
2013-09-25,2.2221,per_usd
2013-09-26,2.238,per_usd
2013-09-27,2.2577,per_usd
2013-09-30,2.2193,per_usd
2013-10-01,2.224,per_usd
2013-10-02,2.2031,per_usd
2013-10-03,2.2086,per_usd
2013-10-04,2.2005,per_usd
2013-10-07,2.2027,per_usd
2013-10-08,2.2016,per_usd
2013-10-09,2.208,per_usd
2013-10-10,2.1769,per_usd
2013-10-11,2.1846,per_usd
2013-10-15,2.1765,per_usd
2013-10-16,2.1567,per_usd
2013-10-17,2.1615,per_usd
2013-10-18,2.163,per_usd
2013-10-21,2.1728,per_usd
2013-10-22,2.1673,per_usd
2013-10-23,2.1805,per_usd
2013-10-24,2.1948,per_usd
2013-10-25,2.187,per_usd
2013-10-28,2.1828,per_usd
2013-10-29,2.1785,per_usd
2013-10-30,2.186,per_usd
2013-10-31,2.2235,per_usd
2013-11-01,2.2585,per_usd
2013-11-04,2.2425,per_usd
2013-11-05,2.285,per_usd
2013-11-06,2.2865,per_usd
2013-11-07,2.2995,per_usd
2013-11-08,2.3201,per_usd
2013-11-12,2.3303,per_usd
2013-11-13,2.3259,per_usd
2013-11-14,2.3229,per_usd
2013-11-15,2.314,per_usd
2013-11-18,2.2705,per_usd
2013-11-19,2.2673,per_usd
2013-11-20,2.2705,per_usd
2013-11-21,2.308,per_usd
2013-11-22,2.2908,per_usd
2013-11-25,2.29,per_usd
2013-11-26,2.298,per_usd
2013-11-27,2.308,per_usd
2013-11-29,2.3345,per_usd
2013-12-02,2.353,per_usd
2013-12-03,2.3664,per_usd
2013-12-04,2.3784,per_usd
2013-12-05,2.362,per_usd
2013-12-06,2.3338,per_usd
2013-12-09,2.3197,per_usd
2013-12-10,2.3106,per_usd
2013-12-11,2.3308,per_usd
2013-12-12,2.339,per_usd
2013-12-13,2.337,per_usd
2013-12-16,2.3215,per_usd
2013-12-17,2.3181,per_usd
2013-12-18,2.3462,per_usd
2013-12-19,2.3535,per_usd
2013-12-20,2.3741,per_usd
2013-12-23,2.3685,per_usd
2013-12-24,2.357,per_usd
2013-12-26,2.3535,per_usd
2013-12-27,2.3527,per_usd
2013-12-30,2.3524,per_usd
2013-12-31,2.3608,per_usd
2014-01-02,2.4015,per_usd
2014-01-03,2.3831,per_usd
2014-01-06,2.3744,per_usd
2014-01-07,2.3732,per_usd
2014-01-08,2.3883,per_usd
2014-01-09,2.4017,per_usd
2014-01-10,2.3645,per_usd
2014-01-13,2.354,per_usd
2014-01-14,2.3557,per_usd
2014-01-15,2.35,per_usd
2014-01-16,2.3681,per_usd
2014-01-17,2.355,per_usd
2014-01-21,2.362,per_usd
2014-01-22,2.3739,per_usd
2014-01-23,2.3895,per_usd
2014-01-24,2.4008,per_usd
2014-01-27,2.4185,per_usd
2014-01-28,2.4262,per_usd
2014-01-29,2.4361,per_usd
2014-01-30,2.4133,per_usd
2014-01-31,2.4116,per_usd
2014-02-03,2.4373,per_usd
2014-02-04,2.406,per_usd
2014-02-05,2.397,per_usd
2014-02-06,2.3858,per_usd
2014-02-07,2.382,per_usd
2014-02-10,2.3925,per_usd
2014-02-11,2.4083,per_usd
2014-02-12,2.4121,per_usd
2014-02-13,2.4135,per_usd
2014-02-14,2.3859,per_usd
2014-02-18,2.3902,per_usd
2014-02-19,2.3895,per_usd
2014-02-20,2.3713,per_usd
2014-02-21,2.3565,per_usd
2014-02-24,2.33,per_usd
2014-02-25,2.3338,per_usd
2014-02-26,2.3495,per_usd
2014-02-27,2.3315,per_usd
2014-02-28,2.3321,per_usd
2014-03-03,2.3411,per_usd
2014-03-04,2.3406,per_usd
2014-03-05,2.3281,per_usd
2014-03-06,2.3051,per_usd
2014-03-07,2.3383,per_usd
2014-03-10,2.344,per_usd
2014-03-11,2.3495,per_usd
2014-03-12,2.3617,per_usd
2014-03-13,2.356,per_usd
2014-03-14,2.3584,per_usd
2014-03-17,2.3532,per_usd
2014-03-18,2.3415,per_usd
2014-03-19,2.331,per_usd
2014-03-20,2.3339,per_usd
2014-03-21,2.3215,per_usd
2014-03-24,2.322,per_usd
2014-03-25,2.3092,per_usd
2014-03-26,2.306,per_usd
2014-03-27,2.2671,per_usd
2014-03-28,2.2627,per_usd
2014-03-31,2.2552,per_usd
2014-04-01,2.2626,per_usd
2014-04-02,2.2704,per_usd
2014-04-03,2.2795,per_usd
2014-04-04,2.2403,per_usd
2014-04-07,2.2209,per_usd
2014-04-08,2.194,per_usd
2014-04-09,2.2154,per_usd
2014-04-10,2.1954,per_usd
2014-04-11,2.2075,per_usd
2014-04-14,2.2096,per_usd
2014-04-15,2.2355,per_usd
2014-04-16,2.2355,per_usd
2014-04-17,2.2488,per_usd
2014-04-18,2.237,per_usd
2014-04-21,2.236,per_usd
2014-04-22,2.2425,per_usd
2014-04-23,2.2372,per_usd
2014-04-24,2.2231,per_usd
2014-04-25,2.2357,per_usd
2014-04-28,2.231,per_usd
2014-04-29,2.2205,per_usd
2014-04-30,2.236,per_usd
2014-05-01,2.2335,per_usd
2014-05-02,2.2177,per_usd
2014-05-05,2.2324,per_usd
2014-05-06,2.2278,per_usd
2014-05-07,2.2231,per_usd
2014-05-08,2.2048,per_usd
2014-05-09,2.215,per_usd
2014-05-12,2.219,per_usd
2014-05-13,2.2095,per_usd
2014-05-14,2.2043,per_usd
2014-05-15,2.225,per_usd
2014-05-16,2.2115,per_usd
2014-05-19,2.204,per_usd
2014-05-20,2.21,per_usd
2014-05-21,2.2075,per_usd
2014-05-22,2.218,per_usd
2014-05-23,2.2154,per_usd
2014-05-27,2.2371,per_usd
2014-05-28,2.2388,per_usd
2014-05-29,2.2188,per_usd
2014-05-30,2.2365,per_usd
2014-06-02,2.2685,per_usd
2014-06-03,2.2695,per_usd
2014-06-04,2.2846,per_usd
2014-06-05,2.262,per_usd
2014-06-06,2.2421,per_usd
2014-06-09,2.2292,per_usd
2014-06-10,2.2271,per_usd
2014-06-11,2.2296,per_usd
2014-06-12,2.231,per_usd
2014-06-13,2.2305,per_usd
2014-06-16,2.2339,per_usd
2014-06-17,2.2561,per_usd
2014-06-18,2.2526,per_usd
2014-06-19,2.2527,per_usd
2014-06-20,2.236,per_usd
2014-06-23,2.2175,per_usd
2014-06-24,2.2202,per_usd
2014-06-25,2.2073,per_usd
2014-06-26,2.2056,per_usd
2014-06-27,2.1974,per_usd
2014-06-30,2.203,per_usd
2014-07-01,2.2015,per_usd
2014-07-02,2.2169,per_usd
2014-07-03,2.2163,per_usd
2014-07-07,2.2192,per_usd
2014-07-08,2.2134,per_usd
2014-07-09,2.2129,per_usd
2014-07-10,2.2223,per_usd
2014-07-11,2.22,per_usd
2014-07-14,2.2135,per_usd
2014-07-15,2.2237,per_usd
2014-07-16,2.2235,per_usd
2014-07-17,2.2446,per_usd
2014-07-18,2.2326,per_usd
2014-07-21,2.2194,per_usd
2014-07-22,2.207,per_usd
2014-07-23,2.2184,per_usd
2014-07-24,2.2172,per_usd
2014-07-25,2.2286,per_usd
2014-07-28,2.2298,per_usd
2014-07-29,2.229,per_usd
2014-07-30,2.2533,per_usd
2014-07-31,2.2696,per_usd
2014-08-01,2.2674,per_usd
2014-08-04,2.2591,per_usd
2014-08-05,2.277,per_usd
2014-08-06,2.2754,per_usd
2014-08-07,2.2884,per_usd
2014-08-08,2.296,per_usd
2014-08-11,2.274,per_usd
2014-08-12,2.2739,per_usd
2014-08-13,2.2762,per_usd
2014-08-14,2.2709,per_usd
2014-08-15,2.2736,per_usd
2014-08-18,2.2595,per_usd
2014-08-19,2.2555,per_usd
2014-08-20,2.2537,per_usd
2014-08-21,2.2555,per_usd
2014-08-22,2.2784,per_usd
2014-08-25,2.2823,per_usd
2014-08-26,2.2725,per_usd
2014-08-27,2.2594,per_usd
2014-08-28,2.2521,per_usd
2014-08-29,2.2381,per_usd
2014-09-02,2.2513,per_usd
2014-09-03,2.2308,per_usd
2014-09-04,2.2399,per_usd
2014-09-05,2.244,per_usd
2014-09-08,2.2498,per_usd
2014-09-09,2.2825,per_usd
2014-09-10,2.2956,per_usd
2014-09-11,2.2882,per_usd
2014-09-12,2.3301,per_usd
2014-09-15,2.3451,per_usd
2014-09-16,2.3227,per_usd
2014-09-17,2.3458,per_usd
2014-09-18,2.3602,per_usd
2014-09-19,2.3747,per_usd
2014-09-22,2.3862,per_usd
2014-09-23,2.41,per_usd
2014-09-24,2.4022,per_usd
2014-09-25,2.4179,per_usd
2014-09-26,2.4243,per_usd
2014-09-29,2.4458,per_usd
2014-09-30,2.4484,per_usd
2014-10-01,2.4746,per_usd
2014-10-02,2.4881,per_usd
2014-10-03,2.487,per_usd
2014-10-06,2.4086,per_usd
2014-10-07,2.3901,per_usd
2014-10-08,2.4274,per_usd
2014-10-09,2.3922,per_usd
2014-10-10,2.4096,per_usd
2014-10-14,2.3943,per_usd
2014-10-15,2.4393,per_usd
2014-10-16,2.4742,per_usd
2014-10-17,2.4328,per_usd
2014-10-20,2.4555,per_usd
2014-10-21,2.4687,per_usd
2014-10-22,2.4711,per_usd
2014-10-23,2.5029,per_usd
2014-10-24,2.4657,per_usd
2014-10-27,2.5429,per_usd
2014-10-28,2.4705,per_usd
2014-10-29,2.4349,per_usd
2014-10-30,2.4058,per_usd
2014-10-31,2.4535,per_usd
2014-11-03,2.4964,per_usd
2014-11-04,2.5178,per_usd
2014-11-05,2.507,per_usd
2014-11-06,2.5541,per_usd
2014-11-07,2.5705,per_usd
2014-11-10,2.5402,per_usd
2014-11-12,2.5496,per_usd
2014-11-13,2.5922,per_usd
2014-11-14,2.603,per_usd
2014-11-17,2.6016,per_usd
2014-11-18,2.5954,per_usd
2014-11-19,2.5744,per_usd
2014-11-20,2.5718,per_usd
2014-11-21,2.5247,per_usd
2014-11-24,2.5478,per_usd
2014-11-25,2.53,per_usd
2014-11-26,2.5006,per_usd
2014-11-28,2.572,per_usd
2014-12-01,2.562,per_usd
2014-12-02,2.5737,per_usd
2014-12-03,2.5549,per_usd
2014-12-04,2.5781,per_usd
2014-12-05,2.601,per_usd
2014-12-08,2.6142,per_usd
2014-12-09,2.5941,per_usd
2014-12-10,2.6106,per_usd
2014-12-11,2.6445,per_usd
2014-12-12,2.672,per_usd
2014-12-15,2.6917,per_usd
2014-12-16,2.7306,per_usd
2014-12-17,2.691,per_usd
2014-12-18,2.6454,per_usd
2014-12-19,2.6538,per_usd
2014-12-22,2.6532,per_usd
2014-12-23,2.6996,per_usd
2014-12-24,2.695,per_usd
2014-12-29,2.6974,per_usd
2014-12-30,2.6605,per_usd
2014-12-31,2.6563,per_usd
2015-01-02,2.6967,per_usd
2015-01-05,2.7284,per_usd
2015-01-06,2.7013,per_usd
2015-01-07,2.7,per_usd
2015-01-08,2.6635,per_usd
2015-01-09,2.6375,per_usd
2015-01-12,2.6673,per_usd
2015-01-13,2.6366,per_usd
2015-01-14,2.6145,per_usd
2015-01-15,2.6324,per_usd
2015-01-16,2.6225,per_usd
2015-01-20,2.6148,per_usd
2015-01-21,2.5982,per_usd
2015-01-22,2.5644,per_usd
2015-01-23,2.5805,per_usd
2015-01-26,2.582,per_usd
2015-01-27,2.5737,per_usd
2015-01-28,2.5825,per_usd
2015-01-29,2.6113,per_usd
2015-01-30,2.6843,per_usd
2015-02-02,2.7086,per_usd
2015-02-03,2.7016,per_usd
2015-02-04,2.7403,per_usd
2015-02-05,2.7306,per_usd
2015-02-06,2.7681,per_usd
2015-02-09,2.7872,per_usd
2015-02-10,2.8304,per_usd
2015-02-11,2.8724,per_usd
2015-02-12,2.8225,per_usd
2015-02-13,2.8273,per_usd
2015-02-17,2.829,per_usd
2015-02-18,2.8467,per_usd
2015-02-19,2.8578,per_usd
2015-02-20,2.8773,per_usd
2015-02-23,2.8688,per_usd
2015-02-24,2.8462,per_usd
2015-02-25,2.8656,per_usd
2015-02-26,2.8806,per_usd
2015-02-27,2.8618,per_usd
2015-03-02,2.8765,per_usd
2015-03-03,2.8967,per_usd
2015-03-04,2.979,per_usd
2015-03-05,2.9961,per_usd
2015-03-06,3.0601,per_usd
2015-03-09,3.1015,per_usd
2015-03-10,3.1273,per_usd
2015-03-11,3.0881,per_usd
2015-03-12,3.1247,per_usd
2015-03-13,3.2605,per_usd
2015-03-16,3.2204,per_usd
2015-03-17,3.2632,per_usd
2015-03-18,3.2747,per_usd
2015-03-19,3.2931,per_usd
2015-03-20,3.2206,per_usd
2015-03-23,3.1596,per_usd
2015-03-24,3.1534,per_usd
2015-03-25,3.1609,per_usd
2015-03-26,3.1768,per_usd
2015-03-27,3.2412,per_usd
2015-03-30,3.2515,per_usd
2015-03-31,3.1843,per_usd
2015-04-01,3.1547,per_usd
2015-04-02,3.1373,per_usd
2015-04-03,3.12,per_usd
2015-04-06,3.0961,per_usd
2015-04-07,3.1105,per_usd
2015-04-08,3.0852,per_usd
2015-04-09,3.0345,per_usd
2015-04-10,3.0784,per_usd
2015-04-13,3.1157,per_usd
2015-04-14,3.0779,per_usd
2015-04-15,3.0571,per_usd
2015-04-16,3.018,per_usd
2015-04-17,3.0639,per_usd
2015-04-20,3.0446,per_usd
2015-04-21,3.033,per_usd
2015-04-22,2.9988,per_usd
2015-04-23,2.9807,per_usd
2015-04-24,2.9631,per_usd
2015-04-27,2.9049,per_usd
2015-04-28,2.9002,per_usd
2015-04-29,2.9393,per_usd
2015-04-30,3.0121,per_usd
2015-05-01,3.0145,per_usd
2015-05-04,3.072,per_usd
2015-05-05,3.0585,per_usd
2015-05-06,3.0485,per_usd
2015-05-07,3.039,per_usd
2015-05-08,2.9808,per_usd
2015-05-11,3.0385,per_usd
2015-05-12,3.0223,per_usd
2015-05-13,3.0265,per_usd
2015-05-14,2.991,per_usd
2015-05-15,2.9779,per_usd
2015-05-18,3.012,per_usd
2015-05-19,3.0175,per_usd
2015-05-20,3.0308,per_usd
2015-05-21,3.0431,per_usd
2015-05-22,3.0705,per_usd
2015-05-26,3.1489,per_usd
2015-05-27,3.1708,per_usd
2015-05-28,3.1755,per_usd
2015-05-29,3.1855,per_usd
2015-06-01,3.1655,per_usd
2015-06-02,3.1391,per_usd
2015-06-03,3.1103,per_usd
2015-06-04,3.1446,per_usd
2015-06-05,3.1604,per_usd
2015-06-08,3.1226,per_usd
2015-06-09,3.095,per_usd
2015-06-10,3.1013,per_usd
2015-06-11,3.1419,per_usd
2015-06-12,3.1011,per_usd
2015-06-15,3.0958,per_usd
2015-06-16,3.1052,per_usd
2015-06-17,3.0946,per_usd
2015-06-18,3.0405,per_usd
2015-06-19,3.0887,per_usd
2015-06-22,3.0833,per_usd
2015-06-23,3.0913,per_usd
2015-06-24,3.0884,per_usd
2015-06-25,3.1144,per_usd
2015-06-26,3.1223,per_usd
2015-06-29,3.1403,per_usd
2015-06-30,3.1106,per_usd
2015-07-01,3.1269,per_usd
2015-07-02,3.111,per_usd
2015-07-06,3.1454,per_usd
2015-07-07,3.1905,per_usd
2015-07-08,3.2319,per_usd
2015-07-09,3.213,per_usd
2015-07-10,3.1834,per_usd
2015-07-13,3.1507,per_usd
2015-07-14,3.1197,per_usd
2015-07-15,3.1531,per_usd
2015-07-16,3.134,per_usd
2015-07-17,3.1915,per_usd
2015-07-20,3.2123,per_usd
2015-07-21,3.1725,per_usd
2015-07-22,3.2232,per_usd
2015-07-23,3.2862,per_usd
2015-07-24,3.3302,per_usd
2015-07-27,3.356,per_usd
2015-07-28,3.3941,per_usd
2015-07-29,3.3308,per_usd
2015-07-30,3.3696,per_usd
2015-07-31,3.4078,per_usd
2015-08-03,3.4487,per_usd
2015-08-04,3.4693,per_usd
2015-08-05,3.4884,per_usd
2015-08-06,3.5684,per_usd
2015-08-07,3.5281,per_usd
2015-08-10,3.4699,per_usd
2015-08-11,3.5086,per_usd
2015-08-12,3.4725,per_usd
2015-08-13,3.5147,per_usd
2015-08-14,3.4625,per_usd
2015-08-17,3.4728,per_usd
2015-08-18,3.4623,per_usd
2015-08-19,3.5021,per_usd
2015-08-20,3.4617,per_usd
2015-08-21,3.497,per_usd
2015-08-24,3.5539,per_usd
2015-08-25,3.5456,per_usd
2015-08-26,3.6333,per_usd
2015-08-27,3.5499,per_usd
2015-08-28,3.5938,per_usd
2015-08-31,3.6206,per_usd
2015-09-01,3.6715,per_usd
2015-09-02,3.7389,per_usd
2015-09-03,3.7546,per_usd
2015-09-04,3.8094,per_usd
2015-09-08,3.8081,per_usd
2015-09-09,3.79,per_usd
2015-09-10,3.8587,per_usd
2015-09-11,3.8757,per_usd
2015-09-14,3.8391,per_usd
2015-09-15,3.8655,per_usd
2015-09-16,3.8255,per_usd
2015-09-17,3.893,per_usd
2015-09-18,3.921,per_usd
2015-09-21,3.9911,per_usd
2015-09-22,4.049,per_usd
2015-09-23,4.1093,per_usd
2015-09-24,4.1638,per_usd
2015-09-25,3.9489,per_usd
2015-09-28,4.007,per_usd
2015-09-29,4.0921,per_usd
2015-09-30,3.9554,per_usd
2015-10-01,4.0003,per_usd
2015-10-02,3.9712,per_usd
2015-10-05,3.8924,per_usd
2015-10-06,3.8406,per_usd
2015-10-07,3.8123,per_usd
2015-10-08,3.8295,per_usd
2015-10-09,3.7339,per_usd
2015-10-13,3.8314,per_usd
2015-10-14,3.8366,per_usd
2015-10-15,3.842,per_usd
2015-10-16,3.8527,per_usd
2015-10-19,3.9005,per_usd
2015-10-20,3.8845,per_usd
2015-10-21,3.9514,per_usd
2015-10-22,3.9249,per_usd
2015-10-23,3.8964,per_usd
2015-10-26,3.8788,per_usd
2015-10-27,3.9002,per_usd
2015-10-28,3.8594,per_usd
2015-10-29,3.8971,per_usd
2015-10-30,3.8439,per_usd
2015-11-02,3.8503,per_usd
2015-11-03,3.7578,per_usd
2015-11-04,3.7946,per_usd
2015-11-05,3.7809,per_usd
2015-11-06,3.8055,per_usd
2015-11-09,3.7855,per_usd
2015-11-10,3.7978,per_usd
2015-11-12,3.7898,per_usd
2015-11-13,3.8235,per_usd
2015-11-16,3.846,per_usd
2015-11-17,3.8123,per_usd
2015-11-18,3.7914,per_usd
2015-11-19,3.7365,per_usd
2015-11-20,3.7048,per_usd
2015-11-23,3.7239,per_usd
2015-11-24,3.7064,per_usd
2015-11-25,3.7508,per_usd
2015-11-27,3.7736,per_usd
2015-11-30,3.8982,per_usd
2015-12-01,3.8491,per_usd
2015-12-02,3.8633,per_usd
2015-12-03,3.7762,per_usd
2015-12-04,3.7426,per_usd
2015-12-07,3.7595,per_usd
2015-12-08,3.8032,per_usd
2015-12-09,3.7264,per_usd
2015-12-10,3.7787,per_usd
2015-12-11,3.8791,per_usd
2015-12-14,3.8972,per_usd
2015-12-15,3.9,per_usd
2015-12-16,3.9421,per_usd
2015-12-17,3.9053,per_usd
2015-12-18,3.9336,per_usd
2015-12-21,4.0231,per_usd
2015-12-22,3.998,per_usd
2015-12-23,3.9672,per_usd
2015-12-24,3.9358,per_usd
2015-12-28,3.859,per_usd
2015-12-29,3.8917,per_usd
2015-12-30,3.988,per_usd
2015-12-31,3.9593,per_usd
2016-01-04,4.0613,per_usd
2016-01-05,4.0108,per_usd
2016-01-06,4.0163,per_usd
2016-01-07,4.0504,per_usd
2016-01-08,4.048,per_usd
2016-01-11,4.0464,per_usd
2016-01-12,4.0454,per_usd
2016-01-13,3.9893,per_usd
2016-01-14,4.0032,per_usd
2016-01-15,4.048,per_usd
2016-01-19,4.042,per_usd
2016-01-20,4.1103,per_usd
2016-01-21,4.1299,per_usd
2016-01-22,4.1061,per_usd
2016-01-25,4.0887,per_usd
2016-01-26,4.0701,per_usd
2016-01-27,4.0557,per_usd
2016-01-28,4.0979,per_usd
2016-01-29,4.0364,per_usd
2016-02-01,3.9866,per_usd
2016-02-02,3.9885,per_usd
2016-02-03,3.9478,per_usd
2016-02-04,3.8785,per_usd
2016-02-05,3.9101,per_usd
2016-02-08,3.8979,per_usd
2016-02-09,3.8863,per_usd
2016-02-10,3.9366,per_usd
2016-02-11,3.9704,per_usd
2016-02-12,3.9764,per_usd
2016-02-16,4.0564,per_usd
2016-02-17,3.9856,per_usd
2016-02-18,4.0191,per_usd
2016-02-19,4.0428,per_usd
2016-02-22,3.933,per_usd
2016-02-23,3.974,per_usd
2016-02-24,3.9774,per_usd
2016-02-25,3.929,per_usd
2016-02-26,4.012,per_usd
2016-02-29,3.9793,per_usd
2016-03-01,3.9475,per_usd
2016-03-02,3.8948,per_usd
2016-03-03,3.8246,per_usd
2016-03-04,3.728,per_usd
2016-03-07,3.7745,per_usd
2016-03-08,3.7721,per_usd
2016-03-09,3.6902,per_usd
2016-03-10,3.6698,per_usd
2016-03-11,3.6166,per_usd
2016-03-14,3.6265,per_usd
2016-03-15,3.7298,per_usd
2016-03-16,3.7998,per_usd
2016-03-17,3.6201,per_usd
2016-03-18,3.605,per_usd
2016-03-21,3.6064,per_usd
2016-03-22,3.5921,per_usd
2016-03-23,3.6735,per_usd
2016-03-24,3.7043,per_usd
2016-03-25,3.7028,per_usd
2016-03-28,3.639,per_usd
2016-03-29,3.6726,per_usd
2016-03-30,3.6145,per_usd
2016-03-31,3.55,per_usd
2016-04-01,3.541,per_usd
2016-04-04,3.5994,per_usd
2016-04-05,3.6659,per_usd
2016-04-06,3.6538,per_usd
2016-04-07,3.7106,per_usd
2016-04-08,3.6288,per_usd
2016-04-11,3.516,per_usd
2016-04-12,3.552,per_usd
2016-04-13,3.5606,per_usd
2016-04-14,3.5035,per_usd
2016-04-15,3.5362,per_usd
2016-04-18,3.5977,per_usd
2016-04-19,3.542,per_usd
2016-04-20,3.5444,per_usd
2016-04-21,3.5444,per_usd
2016-04-22,3.5864,per_usd
2016-04-25,3.5482,per_usd
2016-04-26,3.5269,per_usd
2016-04-27,3.5375,per_usd
2016-04-28,3.4824,per_usd
2016-04-29,3.4547,per_usd
2016-05-02,3.505,per_usd
2016-05-03,3.5652,per_usd
2016-05-04,3.5339,per_usd
2016-05-05,3.526,per_usd
2016-05-06,3.5255,per_usd
2016-05-09,3.556,per_usd
2016-05-10,3.4742,per_usd
2016-05-11,3.4594,per_usd
2016-05-12,3.4942,per_usd
2016-05-13,3.5075,per_usd
2016-05-16,3.5034,per_usd
2016-05-17,3.4942,per_usd
2016-05-18,3.5268,per_usd
2016-05-19,3.6051,per_usd
2016-05-20,3.5386,per_usd
2016-05-23,3.5753,per_usd
2016-05-24,3.5518,per_usd
2016-05-25,3.6072,per_usd
2016-05-26,3.5775,per_usd
2016-05-27,3.6122,per_usd
2016-05-31,3.6074,per_usd
2016-06-01,3.603,per_usd
2016-06-02,3.5978,per_usd
2016-06-03,3.5332,per_usd
2016-06-06,3.5094,per_usd
2016-06-07,3.4604,per_usd
2016-06-08,3.377,per_usd
2016-06-09,3.3934,per_usd
2016-06-10,3.4298,per_usd
2016-06-13,3.4599,per_usd
2016-06-14,3.4959,per_usd
2016-06-15,3.4715,per_usd
2016-06-16,3.4952,per_usd
2016-06-17,3.4301,per_usd
2016-06-20,3.3937,per_usd
2016-06-21,3.4038,per_usd
2016-06-22,3.3794,per_usd
2016-06-23,3.344,per_usd
2016-06-24,3.3895,per_usd
2016-06-27,3.4025,per_usd
2016-06-28,3.3074,per_usd
2016-06-29,3.2386,per_usd
2016-06-30,3.2003,per_usd
2016-07-01,3.2448,per_usd
2016-07-05,3.2964,per_usd
2016-07-06,3.3217,per_usd
2016-07-07,3.3436,per_usd
2016-07-08,3.2835,per_usd
2016-07-11,3.3095,per_usd
2016-07-12,3.274,per_usd
2016-07-13,3.2895,per_usd
2016-07-14,3.235,per_usd
2016-07-15,3.2731,per_usd
2016-07-18,3.2523,per_usd
2016-07-19,3.2754,per_usd
2016-07-20,3.2468,per_usd
2016-07-21,3.2692,per_usd
2016-07-22,3.2856,per_usd
2016-07-25,3.287,per_usd
2016-07-26,3.277,per_usd
2016-07-27,3.2867,per_usd
2016-07-28,3.2737,per_usd
2016-07-29,3.238,per_usd
2016-08-01,3.265,per_usd
2016-08-02,3.2521,per_usd
2016-08-03,3.2595,per_usd
2016-08-04,3.2,per_usd
2016-08-05,3.1873,per_usd
2016-08-08,3.1841,per_usd
2016-08-09,3.1325,per_usd
2016-08-10,3.1292,per_usd
2016-08-11,3.1369,per_usd
2016-08-12,3.1648,per_usd
2016-08-15,3.1717,per_usd
2016-08-16,3.1782,per_usd
2016-08-17,3.2273,per_usd
2016-08-18,3.229,per_usd
2016-08-19,3.2219,per_usd
2016-08-22,3.2209,per_usd
2016-08-23,3.2196,per_usd
2016-08-24,3.236,per_usd
2016-08-25,3.2291,per_usd
2016-08-26,3.2085,per_usd
2016-08-29,3.2436,per_usd
2016-08-30,3.2525,per_usd
2016-08-31,3.247,per_usd
2016-09-01,3.246,per_usd
2016-09-02,3.248,per_usd
2016-09-06,3.2217,per_usd
2016-09-07,3.2223,per_usd
2016-09-08,3.1962,per_usd
2016-09-09,3.2687,per_usd
2016-09-12,3.2762,per_usd
2016-09-13,3.3144,per_usd
2016-09-14,3.3196,per_usd
2016-09-15,3.3274,per_usd
2016-09-16,3.2923,per_usd
2016-09-19,3.2565,per_usd
2016-09-20,3.2633,per_usd
2016-09-21,3.2393,per_usd
2016-09-22,3.2092,per_usd
2016-09-23,3.227,per_usd
2016-09-26,3.2345,per_usd
2016-09-27,3.2364,per_usd
2016-09-28,3.2468,per_usd
2016-09-29,3.2276,per_usd
2016-09-30,3.2434,per_usd
2016-10-03,3.2333,per_usd
2016-10-04,3.2339,per_usd
2016-10-05,3.2326,per_usd
2016-10-06,3.2309,per_usd
2016-10-07,3.2296,per_usd
2016-10-11,3.2111,per_usd
2016-10-12,3.2111,per_usd
2016-10-13,3.199,per_usd
2016-10-14,3.1975,per_usd
2016-10-17,3.1985,per_usd
2016-10-18,3.1787,per_usd
2016-10-19,3.1677,per_usd
2016-10-20,3.1548,per_usd
2016-10-21,3.159,per_usd
2016-10-24,3.1255,per_usd
2016-10-25,3.1142,per_usd
2016-10-26,3.132,per_usd
2016-10-27,3.1494,per_usd
2016-10-28,3.1833,per_usd
2016-10-31,3.1658,per_usd
2016-11-01,3.2342,per_usd
2016-11-02,3.2364,per_usd
2016-11-03,3.2386,per_usd
2016-11-04,3.2411,per_usd
2016-11-07,3.1978,per_usd
2016-11-08,3.1801,per_usd
2016-11-09,3.2163,per_usd
2016-11-10,3.3653,per_usd
2016-11-14,3.4485,per_usd
2016-11-15,3.4479,per_usd
2016-11-16,3.4198,per_usd
2016-11-17,3.4134,per_usd
2016-11-18,3.3894,per_usd
2016-11-21,3.3585,per_usd
2016-11-22,3.3595,per_usd
2016-11-23,3.3945,per_usd
2016-11-25,3.4229,per_usd
2016-11-28,3.3871,per_usd
2016-11-29,3.4011,per_usd
2016-11-30,3.3854,per_usd
2016-12-01,3.4717,per_usd
2016-12-02,3.4576,per_usd
2016-12-05,3.4314,per_usd
2016-12-06,3.4269,per_usd
2016-12-07,3.3977,per_usd
2016-12-08,3.3798,per_usd
2016-12-09,3.3595,per_usd
2016-12-12,3.3505,per_usd
2016-12-13,3.3308,per_usd
2016-12-14,3.3332,per_usd
2016-12-15,3.3933,per_usd
2016-12-16,3.386,per_usd
2016-12-19,3.3725,per_usd
2016-12-20,3.3631,per_usd
2016-12-21,3.3335,per_usd
2016-12-22,3.3153,per_usd
2016-12-23,3.2687,per_usd
2016-12-27,3.28,per_usd
2016-12-28,3.283,per_usd
2016-12-29,3.2456,per_usd
2016-12-30,3.2532,per_usd
2017-01-03,3.2526,per_usd
2017-01-04,3.2139,per_usd
2017-01-05,3.2051,per_usd
2017-01-06,3.2113,per_usd
2017-01-09,3.1916,per_usd
2017-01-10,3.1971,per_usd
2017-01-11,3.2024,per_usd
2017-01-12,3.1821,per_usd
2017-01-13,3.2077,per_usd
2017-01-17,3.2077,per_usd
2017-01-18,3.2242,per_usd
2017-01-19,3.2024,per_usd
2017-01-23,3.1685,per_usd
2017-01-24,3.1695,per_usd
2017-01-25,3.1697,per_usd
2017-01-26,3.1892,per_usd
2017-01-27,3.1537,per_usd
2017-01-30,3.1152,per_usd
2017-01-31,3.1477,per_usd
2017-02-01,3.153,per_usd
2017-02-02,3.1245,per_usd
2017-02-03,3.1157,per_usd
2017-02-06,3.1181,per_usd
2017-02-07,3.1235,per_usd
2017-02-08,3.119,per_usd
2017-02-09,3.1291,per_usd
2017-02-10,3.1092,per_usd
2017-02-13,3.1106,per_usd
2017-02-14,3.1074,per_usd
2017-02-15,3.0557,per_usd
2017-02-16,3.0744,per_usd
2017-02-17,3.1038,per_usd
2017-02-21,3.0932,per_usd
2017-02-22,3.0778,per_usd
2017-02-23,3.0645,per_usd
2017-02-24,3.1123,per_usd
2017-02-27,3.1085,per_usd
2017-02-28,3.1085,per_usd
2017-03-01,3.1028,per_usd
2017-03-02,3.1264,per_usd
2017-03-03,3.1385,per_usd
2017-03-06,3.1218,per_usd
2017-03-07,3.1222,per_usd
2017-03-08,3.1527,per_usd
2017-03-09,3.1684,per_usd
2017-03-10,3.1552,per_usd
2017-03-13,3.1524,per_usd
2017-03-14,3.159,per_usd
2017-03-15,3.1576,per_usd
2017-03-16,3.1194,per_usd
2017-03-17,3.106,per_usd
2017-03-20,3.0812,per_usd
2017-03-21,3.084,per_usd
2017-03-22,3.0863,per_usd
2017-03-23,3.1348,per_usd
2017-03-24,3.1144,per_usd
2017-03-27,3.1197,per_usd
2017-03-28,3.1298,per_usd
2017-03-29,3.1175,per_usd
2017-03-30,3.1203,per_usd
2017-03-31,3.1628,per_usd
2017-04-03,3.1183,per_usd
2017-04-04,3.1147,per_usd
2017-04-05,3.0932,per_usd
2017-04-06,3.1087,per_usd
2017-04-07,3.1258,per_usd
2017-04-10,3.1443,per_usd
2017-04-11,3.1456,per_usd
2017-04-12,3.1519,per_usd
2017-04-13,3.1309,per_usd
2017-04-14,3.1445,per_usd
2017-04-17,3.1036,per_usd
2017-04-18,3.0997,per_usd
2017-04-19,3.1399,per_usd
2017-04-20,3.1466,per_usd
2017-04-21,3.1475,per_usd
2017-04-24,3.1254,per_usd
2017-04-25,3.1669,per_usd
2017-04-26,3.1961,per_usd
2017-04-27,3.1867,per_usd
2017-04-28,3.1896,per_usd
2017-05-01,3.176,per_usd
2017-05-02,3.1685,per_usd
2017-05-03,3.1443,per_usd
2017-05-04,3.1823,per_usd
2017-05-05,3.1703,per_usd
2017-05-08,3.2003,per_usd
2017-05-09,3.1818,per_usd
2017-05-10,3.1531,per_usd
2017-05-11,3.1494,per_usd
2017-05-12,3.1207,per_usd
2017-05-15,3.1049,per_usd
2017-05-16,3.0903,per_usd
2017-05-17,3.1015,per_usd
2017-05-18,3.3823,per_usd
2017-05-19,3.2745,per_usd
2017-05-22,3.2952,per_usd
2017-05-23,3.2729,per_usd
2017-05-24,3.2747,per_usd
2017-05-25,3.288,per_usd
2017-05-26,3.2575,per_usd
2017-05-30,3.2651,per_usd
2017-05-31,3.2405,per_usd
2017-06-01,3.2398,per_usd
2017-06-02,3.2391,per_usd
2017-06-05,3.2896,per_usd
2017-06-06,3.2813,per_usd
2017-06-07,3.279,per_usd
2017-06-08,3.2822,per_usd
2017-06-09,3.2793,per_usd
2017-06-12,3.3097,per_usd
2017-06-13,3.3125,per_usd
2017-06-14,3.2762,per_usd
2017-06-15,3.274,per_usd
2017-06-16,3.2898,per_usd
2017-06-19,3.2908,per_usd
2017-06-20,3.3292,per_usd
2017-06-21,3.3283,per_usd
2017-06-22,3.3301,per_usd
2017-06-23,3.3281,per_usd
2017-06-26,3.3106,per_usd
2017-06-27,3.3195,per_usd
2017-06-28,3.2977,per_usd
2017-06-29,3.3062,per_usd
2017-06-30,3.3057,per_usd
2017-07-03,3.3,per_usd
2017-07-05,3.3162,per_usd
2017-07-06,3.3048,per_usd
2017-07-07,3.2843,per_usd
2017-07-10,3.2627,per_usd
2017-07-11,3.2505,per_usd
2017-07-12,3.2258,per_usd
2017-07-13,3.2133,per_usd
2017-07-14,3.1832,per_usd
2017-07-17,3.181,per_usd
2017-07-18,3.1571,per_usd
2017-07-19,3.1526,per_usd
2017-07-20,3.1374,per_usd
2017-07-21,3.1218,per_usd
2017-07-24,3.1473,per_usd
2017-07-25,3.1617,per_usd
2017-07-26,3.1596,per_usd
2017-07-27,3.1527,per_usd
2017-07-28,3.1424,per_usd
2017-07-31,3.1338,per_usd
2017-08-01,3.1143,per_usd
2017-08-02,3.1165,per_usd
2017-08-03,3.1209,per_usd
2017-08-04,3.1176,per_usd
2017-08-07,3.1247,per_usd
2017-08-08,3.1295,per_usd
2017-08-09,3.1498,per_usd
2017-08-10,3.1518,per_usd
2017-08-11,3.1639,per_usd
2017-08-14,3.176,per_usd
2017-08-15,3.1942,per_usd
2017-08-16,3.1635,per_usd
2017-08-17,3.1585,per_usd
2017-08-18,3.1548,per_usd
2017-08-21,3.1436,per_usd
2017-08-22,3.1505,per_usd
2017-08-23,3.1521,per_usd
2017-08-24,3.1428,per_usd
2017-08-25,3.1463,per_usd
2017-08-28,3.1577,per_usd
2017-08-29,3.1656,per_usd
2017-08-30,3.1592,per_usd
2017-08-31,3.1454,per_usd
2017-09-01,3.1308,per_usd
2017-09-05,3.123,per_usd
2017-09-06,3.1085,per_usd
2017-09-07,3.099,per_usd
2017-09-08,3.0942,per_usd
2017-09-11,3.089,per_usd
2017-09-12,3.1093,per_usd
2017-09-13,3.1372,per_usd
2017-09-14,3.129,per_usd
2017-09-15,3.1263,per_usd
2017-09-18,3.1288,per_usd
2017-09-19,3.132,per_usd
2017-09-20,3.1198,per_usd
2017-09-21,3.1358,per_usd
2017-09-22,3.1257,per_usd
2017-09-25,3.1496,per_usd
2017-09-26,3.1703,per_usd
2017-09-27,3.1915,per_usd
2017-09-28,3.1865,per_usd
2017-09-29,3.164,per_usd
2017-10-02,3.1585,per_usd
2017-10-03,3.1428,per_usd
2017-10-04,3.1237,per_usd
2017-10-05,3.1359,per_usd
2017-10-06,3.1566,per_usd
2017-10-10,3.1747,per_usd
2017-10-11,3.1649,per_usd
2017-10-12,3.1699,per_usd
2017-10-13,3.1542,per_usd
2017-10-16,3.1642,per_usd
2017-10-17,3.1803,per_usd
2017-10-18,3.1777,per_usd
2017-10-19,3.1753,per_usd
2017-10-20,3.1875,per_usd
2017-10-23,3.2122,per_usd
2017-10-24,3.2508,per_usd
2017-10-25,3.2519,per_usd
2017-10-26,3.253,per_usd
2017-10-27,3.2731,per_usd
2017-10-30,3.2599,per_usd
2017-10-31,3.2705,per_usd
2017-11-01,3.2697,per_usd
2017-11-02,3.2671,per_usd
2017-11-03,3.3075,per_usd
2017-11-06,3.2782,per_usd
2017-11-07,3.2776,per_usd
2017-11-08,3.256,per_usd
2017-11-09,3.2513,per_usd
2017-11-13,3.294,per_usd
2017-11-14,3.3031,per_usd
2017-11-15,3.3132,per_usd
2017-11-16,3.2756,per_usd
2017-11-17,3.2629,per_usd
2017-11-20,3.2573,per_usd
2017-11-21,3.2447,per_usd
2017-11-22,3.2347,per_usd
2017-11-24,3.2227,per_usd
2017-11-27,3.2247,per_usd
2017-11-28,3.2055,per_usd
2017-11-29,3.2285,per_usd
2017-11-30,3.2843,per_usd
2017-12-01,3.2577,per_usd
2017-12-04,3.2498,per_usd
2017-12-05,3.2338,per_usd
2017-12-06,3.2394,per_usd
2017-12-07,3.2993,per_usd
2017-12-08,3.3075,per_usd
2017-12-11,3.2883,per_usd
2017-12-12,3.3298,per_usd
2017-12-13,3.3049,per_usd
2017-12-14,3.3396,per_usd
2017-12-15,3.3166,per_usd
2017-12-18,3.2821,per_usd
2017-12-19,3.3008,per_usd
2017-12-20,3.2907,per_usd
2017-12-21,3.3065,per_usd
2017-12-22,3.3209,per_usd
2017-12-26,3.3173,per_usd
2017-12-27,3.3016,per_usd
2017-12-28,3.3005,per_usd
2017-12-29,3.3121,per_usd
2018-01-02,3.262,per_usd
2018-01-03,3.2422,per_usd
2018-01-04,3.2274,per_usd
2018-01-05,3.2285,per_usd
2018-01-08,3.2308,per_usd
2018-01-09,3.2491,per_usd
2018-01-10,3.2363,per_usd
2018-01-11,3.2254,per_usd
2018-01-12,3.2162,per_usd
2018-01-16,3.2274,per_usd
2018-01-17,3.2215,per_usd
2018-01-18,3.2169,per_usd
2018-01-19,3.205,per_usd
2018-01-22,3.2024,per_usd
2018-01-23,3.2312,per_usd
2018-01-24,3.1938,per_usd
2018-01-25,3.147,per_usd
2018-01-26,3.1499,per_usd
2018-01-29,3.1634,per_usd
2018-01-30,3.1874,per_usd
2018-01-31,3.1782,per_usd
2018-02-01,3.1718,per_usd
2018-02-02,3.2205,per_usd
2018-02-05,3.2365,per_usd
2018-02-06,3.2535,per_usd
2018-02-07,3.262,per_usd
2018-02-08,3.2895,per_usd
2018-02-09,3.3083,per_usd
2018-02-12,3.2949,per_usd
2018-02-13,3.2947,per_usd
2018-02-14,3.2551,per_usd
2018-02-15,3.2318,per_usd
2018-02-16,3.2219,per_usd
2018-02-20,3.2434,per_usd
2018-02-21,3.2581,per_usd
2018-02-22,3.2579,per_usd
2018-02-23,3.2344,per_usd
2018-02-26,3.2381,per_usd
2018-02-27,3.2472,per_usd
2018-02-28,3.2428,per_usd
2018-03-01,3.2421,per_usd
2018-03-02,3.2513,per_usd
2018-03-05,3.2527,per_usd
2018-03-06,3.2191,per_usd
2018-03-07,3.2364,per_usd
2018-03-08,3.262,per_usd
2018-03-09,3.2469,per_usd
2018-03-12,3.2609,per_usd
2018-03-13,3.2483,per_usd
2018-03-14,3.2641,per_usd
2018-03-15,3.2841,per_usd
2018-03-16,3.2897,per_usd
2018-03-19,3.2873,per_usd
2018-03-20,3.295,per_usd
2018-03-21,3.2865,per_usd
2018-03-22,3.3034,per_usd
2018-03-23,3.3125,per_usd
2018-03-26,3.3043,per_usd
2018-03-27,3.3263,per_usd
2018-03-28,3.337,per_usd
2018-03-29,3.3229,per_usd
2018-03-30,3.3045,per_usd
2018-04-02,3.3149,per_usd
2018-04-03,3.3222,per_usd
2018-04-04,3.3474,per_usd
2018-04-05,3.3212,per_usd
2018-04-06,3.3702,per_usd
2018-04-09,3.395,per_usd
2018-04-10,3.4146,per_usd
2018-04-11,3.3955,per_usd
2018-04-12,3.3902,per_usd
2018-04-13,3.4088,per_usd
2018-04-16,3.4282,per_usd
2018-04-17,3.4022,per_usd
2018-04-18,3.3844,per_usd
2018-04-19,3.4028,per_usd
2018-04-20,3.4121,per_usd
2018-04-23,3.4463,per_usd
2018-04-24,3.4685,per_usd
2018-04-25,3.509,per_usd
2018-04-26,3.4992,per_usd
2018-04-27,3.4685,per_usd
2018-04-30,3.4854,per_usd
2018-05-01,3.507,per_usd
2018-05-02,3.5404,per_usd
2018-05-03,3.5496,per_usd
2018-05-04,3.5213,per_usd
2018-05-07,3.5543,per_usd
2018-05-08,3.585,per_usd
2018-05-09,3.5965,per_usd
2018-05-10,3.5554,per_usd
2018-05-11,3.5879,per_usd
2018-05-14,3.6212,per_usd
2018-05-15,3.6659,per_usd
2018-05-16,3.68,per_usd
2018-05-17,3.7073,per_usd
2018-05-18,3.7438,per_usd
2018-05-21,3.7096,per_usd
2018-05-22,3.6367,per_usd
2018-05-23,3.6411,per_usd
2018-05-24,3.6402,per_usd
2018-05-25,3.6586,per_usd
2018-05-29,3.7283,per_usd
2018-05-30,3.7389,per_usd
2018-05-31,3.7262,per_usd
2018-06-01,3.755,per_usd
2018-06-04,3.7446,per_usd
2018-06-05,3.778,per_usd
2018-06-06,3.8178,per_usd
2018-06-07,3.9294,per_usd
2018-06-08,3.7429,per_usd
2018-06-11,3.6839,per_usd
2018-06-12,3.6745,per_usd
2018-06-13,3.7116,per_usd
2018-06-14,3.7018,per_usd
2018-06-15,3.7511,per_usd
2018-06-18,3.7537,per_usd
2018-06-19,3.7306,per_usd
2018-06-20,3.7349,per_usd
2018-06-21,3.7992,per_usd
2018-06-22,3.7708,per_usd
2018-06-25,3.7776,per_usd
2018-06-26,3.7705,per_usd
2018-06-27,3.8537,per_usd
2018-06-28,3.8543,per_usd
2018-06-29,3.8561,per_usd
2018-07-02,3.9135,per_usd
2018-07-03,3.8789,per_usd
2018-07-05,3.9242,per_usd
2018-07-06,3.906,per_usd
2018-07-09,3.8694,per_usd
2018-07-10,3.826,per_usd
2018-07-11,3.8624,per_usd
2018-07-12,3.8478,per_usd
2018-07-13,3.8659,per_usd
2018-07-16,3.8534,per_usd
2018-07-17,3.8626,per_usd
2018-07-18,3.8412,per_usd
2018-07-19,3.8808,per_usd
2018-07-20,3.7801,per_usd
2018-07-23,3.7965,per_usd
2018-07-24,3.7381,per_usd
2018-07-25,3.7075,per_usd
2018-07-26,3.7285,per_usd
2018-07-27,3.7134,per_usd
2018-07-30,3.7228,per_usd
2018-07-31,3.745,per_usd
2018-08-01,3.753,per_usd
2018-08-02,3.7555,per_usd
2018-08-03,3.7133,per_usd
2018-08-06,3.7208,per_usd
2018-08-07,3.7128,per_usd
2018-08-08,3.7442,per_usd
2018-08-09,3.8164,per_usd
2018-08-10,3.8539,per_usd
2018-08-13,3.9123,per_usd
2018-08-14,3.8852,per_usd
2018-08-15,3.9135,per_usd
2018-08-16,3.8985,per_usd
2018-08-17,3.9385,per_usd
2018-08-20,3.9473,per_usd
2018-08-21,3.9948,per_usd
2018-08-22,4.0751,per_usd
2018-08-23,4.0898,per_usd
2018-08-24,4.0944,per_usd
2018-08-27,4.0707,per_usd
2018-08-28,4.1248,per_usd
2018-08-29,4.122,per_usd
2018-08-30,4.2016,per_usd
2018-08-31,4.128,per_usd
2018-09-04,4.156,per_usd
2018-09-05,4.1589,per_usd
2018-09-06,4.1462,per_usd
2018-09-07,4.0594,per_usd
2018-09-10,4.1094,per_usd
2018-09-11,4.1564,per_usd
2018-09-12,4.1363,per_usd
2018-09-13,4.1752,per_usd
2018-09-14,4.1852,per_usd
2018-09-17,4.1718,per_usd
2018-09-18,4.1277,per_usd
2018-09-19,4.116,per_usd
2018-09-20,4.0834,per_usd
2018-09-21,4.0536,per_usd
2018-09-24,4.0733,per_usd
2018-09-25,4.1186,per_usd
2018-09-26,4.0425,per_usd
2018-09-27,3.9968,per_usd
2018-09-28,3.9995,per_usd
2018-10-01,4.0059,per_usd
2018-10-02,3.9223,per_usd
2018-10-03,3.8806,per_usd
2018-10-04,3.9229,per_usd
2018-10-05,3.8808,per_usd
2018-10-09,3.732,per_usd
2018-10-10,3.7594,per_usd
2018-10-11,3.7591,per_usd
2018-10-12,3.7825,per_usd
2018-10-15,3.7214,per_usd
2018-10-16,3.7177,per_usd
2018-10-17,3.6813,per_usd
2018-10-18,3.705,per_usd
2018-10-19,3.7121,per_usd
2018-10-22,3.685,per_usd
2018-10-23,3.704,per_usd
2018-10-24,3.7188,per_usd
2018-10-25,3.6887,per_usd
2018-10-26,3.6695,per_usd
2018-10-29,3.667,per_usd
2018-10-30,3.7156,per_usd
2018-10-31,3.7129,per_usd
2018-11-01,3.699,per_usd
2018-11-02,3.6965,per_usd
2018-11-05,3.7155,per_usd
2018-11-06,3.7509,per_usd
2018-11-07,3.7595,per_usd
2018-11-08,3.7563,per_usd
2018-11-09,3.751,per_usd
2018-11-13,3.7983,per_usd
2018-11-14,3.7831,per_usd
2018-11-15,3.784,per_usd
2018-11-16,3.7424,per_usd
2018-11-19,3.7671,per_usd
2018-11-20,3.7567,per_usd
2018-11-21,3.779,per_usd
2018-11-23,3.8205,per_usd
2018-11-26,3.879,per_usd
2018-11-27,3.8919,per_usd
2018-11-28,3.8766,per_usd
2018-11-29,3.8546,per_usd
2018-11-30,3.8571,per_usd
2018-12-03,3.8353,per_usd
2018-12-04,3.8368,per_usd
2018-12-06,3.9027,per_usd
2018-12-07,3.8768,per_usd
2018-12-10,3.9298,per_usd
2018-12-11,3.9165,per_usd
2018-12-12,3.849,per_usd
2018-12-13,3.8856,per_usd
2018-12-14,3.897,per_usd
2018-12-17,3.8922,per_usd
2018-12-18,3.9072,per_usd
2018-12-19,3.8737,per_usd
2018-12-20,3.85,per_usd
2018-12-21,3.8815,per_usd
2018-12-26,3.9253,per_usd
2018-12-27,3.8895,per_usd
2018-12-28,3.8711,per_usd
2018-12-31,3.8804,per_usd
2019-01-02,3.8123,per_usd
2019-01-03,3.7429,per_usd
2019-01-04,3.7149,per_usd
2019-01-07,3.71,per_usd
2019-01-08,3.7204,per_usd
2019-01-09,3.6832,per_usd
2019-01-10,3.6915,per_usd
2019-01-11,3.7073,per_usd
2019-01-15,3.7162,per_usd
2019-01-16,3.7284,per_usd
2019-01-17,3.7561,per_usd
2019-01-18,3.7658,per_usd
2019-01-22,3.7811,per_usd
2019-01-23,3.7987,per_usd
2019-01-24,3.7486,per_usd
2019-01-25,3.77,per_usd
2019-01-28,3.7628,per_usd
2019-01-29,3.7288,per_usd
2019-01-30,3.7222,per_usd
2019-01-31,3.6501,per_usd
2019-02-01,3.6552,per_usd
2019-02-04,3.6676,per_usd
2019-02-05,3.6798,per_usd
2019-02-06,3.7015,per_usd
2019-02-07,3.7232,per_usd
2019-02-08,3.7363,per_usd
2019-02-11,3.765,per_usd
2019-02-12,3.7131,per_usd
2019-02-13,3.7485,per_usd
2019-02-14,3.7462,per_usd
2019-02-15,3.71,per_usd
2019-02-19,3.7145,per_usd
2019-02-21,3.7636,per_usd
2019-02-22,3.7376,per_usd
2019-02-25,3.7305,per_usd
2019-02-26,3.7604,per_usd
2019-02-27,3.7375,per_usd
2019-02-28,3.7493,per_usd
2019-03-01,3.7852,per_usd
2019-03-04,3.775,per_usd
2019-03-05,3.775,per_usd
2019-03-06,3.8152,per_usd
2019-03-07,3.8836,per_usd
2019-03-08,3.8639,per_usd
2019-03-11,3.8435,per_usd
2019-03-12,3.809,per_usd
2019-03-13,3.8249,per_usd
2019-03-14,3.834,per_usd
2019-03-15,3.814,per_usd
2019-03-18,3.8097,per_usd
2019-03-19,3.767,per_usd
2019-03-20,3.7856,per_usd
2019-03-21,3.8176,per_usd
2019-03-22,3.8942,per_usd
2019-03-25,3.864,per_usd
2019-03-26,3.876,per_usd
2019-03-27,3.9602,per_usd
2019-03-28,3.9689,per_usd
2019-03-29,3.8892,per_usd
2019-04-01,3.8699,per_usd
2019-04-02,3.8647,per_usd
2019-04-03,3.8437,per_usd
2019-04-04,3.8703,per_usd
2019-04-05,3.8627,per_usd
2019-04-08,3.8569,per_usd
2019-04-09,3.8531,per_usd
2019-04-10,3.8269,per_usd
2019-04-11,3.8509,per_usd
2019-04-12,3.8711,per_usd
2019-04-15,3.8717,per_usd
2019-04-16,3.8972,per_usd
2019-04-17,3.9381,per_usd
2019-04-18,3.9302,per_usd
2019-04-19,3.9311,per_usd
2019-04-22,3.9281,per_usd
2019-04-23,3.9418,per_usd
2019-04-24,3.9758,per_usd
2019-04-25,3.9635,per_usd
2019-04-26,3.9227,per_usd
2019-04-29,3.9362,per_usd
2019-04-30,3.9367,per_usd
2019-05-01,3.9195,per_usd
2019-05-02,3.9644,per_usd
2019-05-03,3.9366,per_usd
2019-05-06,3.9534,per_usd
2019-05-07,3.9847,per_usd
2019-05-08,3.929,per_usd
2019-05-09,3.9646,per_usd
2019-05-10,3.9614,per_usd
2019-05-13,3.9778,per_usd
2019-05-14,3.9737,per_usd
2019-05-15,3.9845,per_usd
2019-05-16,4.0061,per_usd
2019-05-17,4.0909,per_usd
2019-05-20,4.1133,per_usd
2019-05-21,4.0678,per_usd
2019-05-22,4.0245,per_usd
2019-05-23,4.0329,per_usd
2019-05-24,4.0251,per_usd
2019-05-28,4.0215,per_usd
2019-05-29,3.9937,per_usd
2019-05-30,3.9658,per_usd
2019-05-31,3.9216,per_usd
2019-06-03,3.8918,per_usd
2019-06-04,3.8593,per_usd
2019-06-05,3.8655,per_usd
2019-06-06,3.874,per_usd
2019-06-07,3.8616,per_usd
2019-06-10,3.8708,per_usd
2019-06-11,3.8593,per_usd
2019-06-12,3.836,per_usd
2019-06-13,3.8456,per_usd
2019-06-14,3.8936,per_usd
2019-06-17,3.8858,per_usd
2019-06-18,3.8549,per_usd
2019-06-19,3.8731,per_usd
2019-06-20,3.8386,per_usd
2019-06-21,3.8212,per_usd
2019-06-24,3.8265,per_usd
2019-06-25,3.8312,per_usd
2019-06-26,3.8355,per_usd
2019-06-27,3.8604,per_usd
2019-06-28,3.829,per_usd
2019-07-01,3.8217,per_usd
2019-07-02,3.8613,per_usd
2019-07-03,3.8421,per_usd
2019-07-05,3.8178,per_usd
2019-07-08,3.8045,per_usd
2019-07-09,3.8045,per_usd
2019-07-10,3.7646,per_usd
2019-07-11,3.7577,per_usd
2019-07-12,3.7429,per_usd
2019-07-15,3.749,per_usd
2019-07-16,3.7607,per_usd
2019-07-17,3.7611,per_usd
2019-07-18,3.7443,per_usd
2019-07-19,3.7406,per_usd
2019-07-22,3.735,per_usd
2019-07-23,3.768,per_usd
2019-07-24,3.761,per_usd
2019-07-25,3.788,per_usd
2019-07-26,3.7714,per_usd
2019-07-29,3.7873,per_usd
2019-07-30,3.7867,per_usd
2019-07-31,3.7571,per_usd
2019-08-01,3.8366,per_usd
2019-08-02,3.8789,per_usd
2019-08-05,3.9423,per_usd
2019-08-06,3.974,per_usd
2019-08-07,3.9863,per_usd
2019-08-08,3.9349,per_usd
2019-08-09,3.9385,per_usd
2019-08-12,3.9862,per_usd
2019-08-13,3.9531,per_usd
2019-08-14,4.0143,per_usd
2019-08-15,4.01,per_usd
2019-08-16,3.9926,per_usd
2019-08-19,4.0344,per_usd
2019-08-20,4.0409,per_usd
2019-08-21,4.0188,per_usd
2019-08-22,4.0558,per_usd
2019-08-23,4.1114,per_usd
2019-08-26,4.1528,per_usd
2019-08-27,4.1813,per_usd
2019-08-28,4.1553,per_usd
2019-08-29,4.1595,per_usd
2019-08-30,4.1254,per_usd
2019-09-03,4.1726,per_usd
2019-09-04,4.114,per_usd
2019-09-05,4.0908,per_usd
2019-09-06,4.0643,per_usd
2019-09-09,4.0819,per_usd
2019-09-10,4.101,per_usd
2019-09-11,4.0592,per_usd
2019-09-12,4.0606,per_usd
2019-09-13,4.061,per_usd
2019-09-16,4.0831,per_usd
2019-09-17,4.097,per_usd
2019-09-18,4.0964,per_usd
2019-09-19,4.1389,per_usd
2019-09-20,4.1698,per_usd
2019-09-23,4.1771,per_usd
2019-09-24,4.1737,per_usd
2019-09-25,4.1764,per_usd
2019-09-26,4.1517,per_usd
2019-09-27,4.1576,per_usd
2019-09-30,4.1629,per_usd
2019-10-01,4.1624,per_usd
2019-10-02,4.1434,per_usd
2019-10-03,4.0876,per_usd
2019-10-04,4.0601,per_usd
2019-10-07,4.0831,per_usd
2019-10-08,4.0846,per_usd
2019-10-09,4.1043,per_usd
2019-10-10,4.1075,per_usd
2019-10-11,4.0945,per_usd
2019-10-15,4.1506,per_usd
2019-10-16,4.161,per_usd
2019-10-17,4.16,per_usd
2019-10-18,4.1312,per_usd
2019-10-21,4.136,per_usd
2019-10-22,4.0713,per_usd
2019-10-23,4.0674,per_usd
2019-10-24,4.01,per_usd
2019-10-25,4.0018,per_usd
2019-10-28,3.9769,per_usd
2019-10-29,3.9923,per_usd
2019-10-30,4.017,per_usd
2019-10-31,4.013,per_usd
2019-11-01,3.9756,per_usd
2019-11-04,4.0007,per_usd
2019-11-05,3.9865,per_usd
2019-11-06,4.0582,per_usd
2019-11-07,4.0884,per_usd
2019-11-08,4.1545,per_usd
2019-11-12,4.1742,per_usd
2019-11-13,4.1772,per_usd
2019-11-14,4.1912,per_usd
2019-11-15,4.1957,per_usd
2019-11-18,4.1932,per_usd
2019-11-19,4.2032,per_usd
2019-11-20,4.1955,per_usd
2019-11-21,4.2213,per_usd
2019-11-22,4.1859,per_usd
2019-11-25,4.2153,per_usd
2019-11-26,4.2594,per_usd
2019-11-27,4.2569,per_usd
2019-11-29,4.2272,per_usd
2019-12-02,4.22,per_usd
2019-12-03,4.1928,per_usd
2019-12-04,4.1886,per_usd
2019-12-05,4.1912,per_usd
2019-12-06,4.1749,per_usd
2019-12-09,4.1299,per_usd
2019-12-10,4.1412,per_usd
2019-12-11,4.1179,per_usd
2019-12-12,4.099,per_usd
2019-12-13,4.1065,per_usd
2019-12-16,4.0681,per_usd
2019-12-17,4.0673,per_usd
2019-12-18,4.0624,per_usd
2019-12-19,4.058,per_usd
2019-12-20,4.0859,per_usd
2019-12-23,4.0621,per_usd
2019-12-24,4.0833,per_usd
2019-12-26,4.0602,per_usd
2019-12-27,4.0507,per_usd
2019-12-30,4.0152,per_usd
2019-12-31,4.019,per_usd
2020-01-02,4.0384,per_usd
2020-01-03,4.0378,per_usd
2020-01-06,4.0548,per_usd
2020-01-07,4.0813,per_usd
2020-01-08,4.0463,per_usd
2020-01-09,4.0747,per_usd
2020-01-10,4.0771,per_usd
2020-01-13,4.1351,per_usd
2020-01-14,4.1409,per_usd
2020-01-15,4.1773,per_usd
2020-01-16,4.1903,per_usd
2020-01-17,4.1857,per_usd
2020-01-21,4.2,per_usd
2020-01-22,4.1852,per_usd
2020-01-23,4.1689,per_usd
2020-01-24,4.1879,per_usd
2020-01-27,4.2268,per_usd
2020-01-28,4.2094,per_usd
2020-01-29,4.2162,per_usd
2020-01-30,4.2602,per_usd
2020-01-31,4.2801,per_usd
2020-02-03,4.2411,per_usd
2020-02-04,4.2405,per_usd
2020-02-05,4.2567,per_usd
2020-02-06,4.2694,per_usd
2020-02-07,4.3126,per_usd
2020-02-10,4.3155,per_usd
2020-02-11,4.3346,per_usd
2020-02-12,4.3428,per_usd
2020-02-13,4.3302,per_usd
2020-02-14,4.3104,per_usd
2020-02-18,4.3507,per_usd
2020-02-19,4.366,per_usd
2020-02-20,4.3845,per_usd
2020-02-21,4.383,per_usd
2020-02-24,4.3878,per_usd
2020-02-25,4.3878,per_usd
2020-02-26,4.4304,per_usd
2020-02-27,4.4587,per_usd
2020-02-28,4.4906,per_usd
2020-03-02,4.4782,per_usd
2020-03-03,4.4908,per_usd
2020-03-04,4.5497,per_usd
2020-03-05,4.6533,per_usd
2020-03-06,4.638,per_usd
2020-03-09,4.7304,per_usd
2020-03-10,4.6745,per_usd
2020-03-11,4.6844,per_usd
2020-03-12,4.8563,per_usd
2020-03-13,4.7622,per_usd
2020-03-16,4.9813,per_usd
2020-03-17,5.0185,per_usd
2020-03-18,5.1136,per_usd
2020-03-19,5.1503,per_usd
2020-03-20,5.001,per_usd
2020-03-23,5.1286,per_usd
2020-03-24,5.0731,per_usd
2020-03-25,5.0589,per_usd
2020-03-26,4.9972,per_usd
2020-03-27,5.1113,per_usd
2020-03-30,5.1593,per_usd
2020-03-31,5.1855,per_usd
2020-04-01,5.2494,per_usd
2020-04-02,5.2649,per_usd
2020-04-03,5.3129,per_usd
2020-04-06,5.2342,per_usd
2020-04-07,5.2319,per_usd
2020-04-08,5.1701,per_usd
2020-04-09,5.0708,per_usd
2020-04-10,5.1063,per_usd
2020-04-13,5.1871,per_usd
2020-04-14,5.2074,per_usd
2020-04-15,5.2559,per_usd
2020-04-16,5.2318,per_usd
2020-04-17,5.255,per_usd
2020-04-20,5.2911,per_usd
2020-04-21,5.3166,per_usd
2020-04-22,5.3955,per_usd
2020-04-23,5.4498,per_usd
2020-04-24,5.6858,per_usd
2020-04-27,5.6741,per_usd
2020-04-28,5.5646,per_usd
2020-04-29,5.3923,per_usd
2020-04-30,5.4296,per_usd
2020-05-01,5.4858,per_usd
2020-05-04,5.5714,per_usd
2020-05-05,5.5623,per_usd
2020-05-06,5.6798,per_usd
2020-05-07,5.8027,per_usd
2020-05-08,5.7455,per_usd
2020-05-11,5.7958,per_usd
2020-05-12,5.7922,per_usd
2020-05-13,5.9204,per_usd
2020-05-14,5.9181,per_usd
2020-05-15,5.8235,per_usd
2020-05-18,5.708,per_usd
2020-05-19,5.7101,per_usd
2020-05-20,5.6909,per_usd
2020-05-21,5.5989,per_usd
2020-05-22,5.5663,per_usd
2020-05-26,5.376,per_usd
2020-05-27,5.2818,per_usd
2020-05-28,5.3346,per_usd
2020-05-29,5.4248,per_usd
2020-06-01,5.3727,per_usd
2020-06-02,5.2331,per_usd
2020-06-03,5.0417,per_usd
2020-06-04,5.0927,per_usd
2020-06-05,4.9542,per_usd
2020-06-08,4.8858,per_usd
2020-06-09,4.899,per_usd
2020-06-10,4.8979,per_usd
2020-06-11,4.976,per_usd
2020-06-12,5.0241,per_usd
2020-06-15,5.2082,per_usd
2020-06-16,5.1563,per_usd
2020-06-17,5.264,per_usd
2020-06-18,5.354,per_usd
2020-06-19,5.3388,per_usd
2020-06-22,5.2235,per_usd
2020-06-23,5.1578,per_usd
2020-06-24,5.302,per_usd
2020-06-25,5.3541,per_usd
2020-06-26,5.4661,per_usd
2020-06-29,5.4587,per_usd
2020-06-30,5.4844,per_usd
2020-07-01,5.3492,per_usd
2020-07-02,5.3146,per_usd
2020-07-06,5.314,per_usd
2020-07-07,5.358,per_usd
2020-07-08,5.3581,per_usd
2020-07-09,5.3182,per_usd
2020-07-10,5.3334,per_usd
2020-07-13,5.3439,per_usd
2020-07-14,5.429,per_usd
2020-07-15,5.362,per_usd
2020-07-16,5.343,per_usd
2020-07-17,5.352,per_usd
2020-07-20,5.3365,per_usd
2020-07-21,5.1936,per_usd
2020-07-22,5.0973,per_usd
2020-07-23,5.1405,per_usd
2020-07-24,5.1948,per_usd
2020-07-27,5.1835,per_usd
2020-07-28,5.1684,per_usd
2020-07-29,5.1483,per_usd
2020-07-30,5.1824,per_usd
2020-07-31,5.1967,per_usd
2020-08-03,5.32,per_usd
2020-08-04,5.3259,per_usd
2020-08-05,5.2928,per_usd
2020-08-06,5.3537,per_usd
2020-08-07,5.4343,per_usd
2020-08-10,5.423,per_usd
2020-08-11,5.423,per_usd
2020-08-12,5.4745,per_usd
2020-08-13,5.3835,per_usd
2020-08-14,5.3881,per_usd
2020-08-17,5.4734,per_usd
2020-08-18,5.4845,per_usd
2020-08-19,5.5045,per_usd
2020-08-20,5.637,per_usd
2020-08-21,5.5949,per_usd
2020-08-24,5.601,per_usd
2020-08-25,5.6046,per_usd
2020-08-26,5.6073,per_usd
2020-08-27,5.5965,per_usd
2020-08-28,5.4469,per_usd
2020-08-31,5.4698,per_usd
2020-09-01,5.3578,per_usd
2020-09-02,5.355,per_usd
2020-09-03,5.3078,per_usd
2020-09-04,5.2873,per_usd
2020-09-08,5.351,per_usd
2020-09-09,5.2849,per_usd
2020-09-10,5.3023,per_usd
2020-09-11,5.304,per_usd
2020-09-14,5.2892,per_usd
2020-09-15,5.2852,per_usd
2020-09-16,5.241,per_usd
2020-09-17,5.2584,per_usd
2020-09-18,5.3056,per_usd
2020-09-21,5.4397,per_usd
2020-09-22,5.47,per_usd
2020-09-23,5.549,per_usd
2020-09-24,5.5308,per_usd
2020-09-25,5.5644,per_usd
2020-09-28,5.6155,per_usd
2020-09-29,5.6679,per_usd
2020-09-30,5.6326,per_usd
2020-10-01,5.6463,per_usd
2020-10-02,5.6822,per_usd
2020-10-05,5.6173,per_usd
2020-10-06,5.5402,per_usd
2020-10-07,5.6125,per_usd
2020-10-08,5.5948,per_usd
2020-10-09,5.522,per_usd
2020-10-13,5.5944,per_usd
2020-10-14,5.5804,per_usd
2020-10-15,5.616,per_usd
2020-10-16,5.6228,per_usd
2020-10-19,5.578,per_usd
2020-10-20,5.5773,per_usd
2020-10-21,5.6084,per_usd
2020-10-22,5.5843,per_usd
2020-10-23,5.6135,per_usd
2020-10-26,5.6141,per_usd
2020-10-27,5.6484,per_usd
2020-10-28,5.7406,per_usd
2020-10-29,5.779,per_usd
2020-10-30,5.7588,per_usd
2020-11-02,5.7425,per_usd
2020-11-03,5.7328,per_usd
2020-11-04,5.654,per_usd
2020-11-05,5.5682,per_usd
2020-11-06,5.4577,per_usd
2020-11-09,5.3696,per_usd
2020-11-10,5.3715,per_usd
2020-11-12,5.4141,per_usd
2020-11-13,5.5006,per_usd
2020-11-16,5.3999,per_usd
2020-11-17,5.3401,per_usd
2020-11-18,5.3069,per_usd
2020-11-19,5.3149,per_usd
2020-11-20,5.3671,per_usd
2020-11-23,5.436,per_usd
2020-11-24,5.391,per_usd
2020-11-25,5.3224,per_usd
2020-11-30,5.3785,per_usd
2020-12-01,5.263,per_usd
2020-12-02,5.2384,per_usd
2020-12-03,5.1243,per_usd
2020-12-04,5.161,per_usd
2020-12-07,5.0713,per_usd
2020-12-08,5.0824,per_usd
2020-12-09,5.1504,per_usd
2020-12-10,5.0699,per_usd
2020-12-11,5.0538,per_usd
2020-12-14,5.1103,per_usd
2020-12-15,5.1105,per_usd
2020-12-16,5.1282,per_usd
2020-12-17,5.0591,per_usd
2020-12-18,5.081,per_usd
2020-12-21,5.128,per_usd
2020-12-22,5.1593,per_usd
2020-12-23,5.2087,per_usd
2020-12-28,5.3016,per_usd
2020-12-29,5.1679,per_usd
2020-12-30,5.176,per_usd
2020-12-31,5.1935,per_usd
2021-01-04,5.2466,per_usd
2021-01-05,5.3035,per_usd
2021-01-06,5.3368,per_usd
2021-01-07,5.4024,per_usd
2021-01-08,5.3855,per_usd
2021-01-11,5.4809,per_usd
2021-01-12,5.4166,per_usd
2021-01-13,5.2938,per_usd
2021-01-14,5.2304,per_usd
2021-01-15,5.2589,per_usd
2021-01-19,5.333,per_usd
2021-01-21,5.3753,per_usd
2021-01-22,5.4518,per_usd
2021-01-25,5.4665,per_usd
2021-01-26,5.3682,per_usd
2021-01-27,5.4139,per_usd
2021-01-28,5.3992,per_usd
2021-01-29,5.4479,per_usd
2021-02-01,5.4746,per_usd
2021-02-02,5.3704,per_usd
2021-02-03,5.3624,per_usd
2021-02-04,5.4236,per_usd
2021-02-05,5.3522,per_usd
2021-02-08,5.3153,per_usd
2021-02-09,5.4261,per_usd
2021-02-10,5.3601,per_usd
2021-02-11,5.3876,per_usd
2021-02-12,5.3699,per_usd
2021-02-16,5.3765,per_usd
2021-02-17,5.4059,per_usd
2021-02-18,5.4391,per_usd
2021-02-19,5.3938,per_usd
2021-02-22,5.4781,per_usd
2021-02-23,5.4267,per_usd
2021-02-24,5.4249,per_usd
2021-02-25,5.4903,per_usd
2021-02-26,5.5724,per_usd
2021-03-01,5.5704,per_usd
2021-03-02,5.711,per_usd
2021-03-03,5.7591,per_usd
2021-03-04,5.5666,per_usd
2021-03-05,5.6912,per_usd
2021-03-08,5.7341,per_usd
2021-03-09,5.8084,per_usd
2021-03-10,5.672,per_usd
2021-03-11,5.553,per_usd
2021-03-12,5.553,per_usd
2021-03-15,5.6539,per_usd
2021-03-16,5.5756,per_usd
2021-03-17,5.655,per_usd
2021-03-18,5.5366,per_usd
2021-03-19,5.475,per_usd
2021-03-22,5.5316,per_usd
2021-03-23,5.4771,per_usd
2021-03-24,5.555,per_usd
2021-03-25,5.6352,per_usd
2021-03-26,5.7132,per_usd
2021-03-29,5.7778,per_usd
2021-03-30,5.7439,per_usd
2021-03-31,5.659,per_usd
2021-04-01,5.6887,per_usd
2021-04-02,5.7075,per_usd
2021-04-05,5.6584,per_usd
2021-04-06,5.6143,per_usd
2021-04-07,5.6062,per_usd
2021-04-08,5.5743,per_usd
2021-04-09,5.6522,per_usd
2021-04-12,5.6974,per_usd
2021-04-13,5.6898,per_usd
2021-04-14,5.6806,per_usd
2021-04-15,5.611,per_usd
2021-04-16,5.6107,per_usd
2021-04-19,5.5687,per_usd
2021-04-20,5.5185,per_usd
2021-04-21,5.5687,per_usd
2021-04-22,5.4971,per_usd
2021-04-23,5.5011,per_usd
2021-04-26,5.4508,per_usd
2021-04-27,5.4342,per_usd
2021-04-28,5.3964,per_usd
2021-04-29,5.3624,per_usd
2021-04-30,5.4194,per_usd
2021-05-03,5.3857,per_usd
2021-05-04,5.449,per_usd
2021-05-05,5.3648,per_usd
2021-05-06,5.2804,per_usd
2021-05-07,5.214,per_usd
2021-05-10,5.2244,per_usd
2021-05-11,5.2124,per_usd
2021-05-12,5.2529,per_usd
2021-05-13,5.2793,per_usd
2021-05-14,5.2574,per_usd
2021-05-17,5.2594,per_usd
2021-05-18,5.2359,per_usd
2021-05-19,5.265,per_usd
2021-05-20,5.2831,per_usd
2021-05-21,5.3235,per_usd
2021-05-24,5.3223,per_usd
2021-05-25,5.306,per_usd
2021-05-26,5.3062,per_usd
2021-05-27,5.2642,per_usd
2021-05-28,5.2187,per_usd
2021-06-01,5.1631,per_usd
2021-06-02,5.0743,per_usd
2021-06-03,5.0777,per_usd
2021-06-04,5.067,per_usd
2021-06-07,5.019,per_usd
2021-06-08,5.0383,per_usd
2021-06-09,5.0651,per_usd
2021-06-10,5.0672,per_usd
2021-06-11,5.1299,per_usd
2021-06-14,5.0567,per_usd
2021-06-15,5.0911,per_usd
2021-06-16,4.9991,per_usd
2021-06-17,5.0244,per_usd
2021-06-18,5.0405,per_usd
2021-06-21,5.0306,per_usd
2021-06-22,4.9994,per_usd
2021-06-23,4.9518,per_usd
2021-06-24,4.9169,per_usd
2021-06-25,4.9245,per_usd
2021-06-28,4.9451,per_usd
2021-06-29,4.9378,per_usd
2021-06-30,5.0083,per_usd
2021-07-01,5.0339,per_usd
2021-07-02,5.0431,per_usd
2021-07-06,5.1803,per_usd
2021-07-07,5.2678,per_usd
2021-07-08,5.2336,per_usd
2021-07-09,5.2579,per_usd
2021-07-12,5.1939,per_usd
2021-07-13,5.1544,per_usd
2021-07-14,5.0861,per_usd
2021-07-15,5.118,per_usd
2021-07-16,5.0922,per_usd
2021-07-19,5.21,per_usd
2021-07-20,5.219,per_usd
2021-07-21,5.2313,per_usd
2021-07-22,5.2071,per_usd
2021-07-23,5.1766,per_usd
2021-07-26,5.172,per_usd
2021-07-27,5.1603,per_usd
2021-07-28,5.1547,per_usd
2021-07-29,5.0497,per_usd
2021-07-30,5.1411,per_usd
2021-08-02,5.1251,per_usd
2021-08-03,5.2362,per_usd
2021-08-04,5.2362,per_usd
2021-08-05,5.175,per_usd
2021-08-06,5.2236,per_usd
2021-08-09,5.2861,per_usd
2021-08-10,5.1931,per_usd
2021-08-11,5.203,per_usd
2021-08-12,5.2352,per_usd
2021-08-13,5.2345,per_usd
2021-08-16,5.2466,per_usd
2021-08-17,5.2538,per_usd
2021-08-18,5.3421,per_usd
2021-08-19,5.4027,per_usd
2021-08-20,5.399,per_usd
2021-08-23,5.384,per_usd
2021-08-24,5.2771,per_usd
2021-08-25,5.247,per_usd
2021-08-26,5.2428,per_usd
2021-08-27,5.1956,per_usd
2021-08-30,5.1921,per_usd
2021-08-31,5.1405,per_usd
2021-09-01,5.1809,per_usd
2021-09-02,5.164,per_usd
2021-09-03,5.1692,per_usd
2021-09-07,5.1692,per_usd
2021-09-08,5.2843,per_usd
2021-09-09,5.2764,per_usd
2021-09-10,5.2169,per_usd
2021-09-13,5.2073,per_usd
2021-09-14,5.2235,per_usd
2021-09-15,5.255,per_usd
2021-09-16,5.2535,per_usd
2021-09-17,5.295,per_usd
2021-09-20,5.3266,per_usd
2021-09-21,5.2895,per_usd
2021-09-22,5.2715,per_usd
2021-09-23,5.2917,per_usd
2021-09-24,5.3404,per_usd
2021-09-27,5.3571,per_usd
2021-09-28,5.4279,per_usd
2021-09-29,5.4062,per_usd
2021-09-30,5.4528,per_usd
2021-10-01,5.3674,per_usd
2021-10-04,5.4333,per_usd
2021-10-05,5.4633,per_usd
2021-10-06,5.513,per_usd
2021-10-07,5.5073,per_usd
2021-10-08,5.5178,per_usd
2021-10-12,5.532,per_usd
2021-10-13,5.5525,per_usd
2021-10-14,5.5048,per_usd
2021-10-15,5.4457,per_usd
2021-10-18,5.5211,per_usd
2021-10-19,5.5525,per_usd
2021-10-20,5.5476,per_usd
2021-10-21,5.6455,per_usd
2021-10-22,5.7223,per_usd
2021-10-25,5.6009,per_usd
2021-10-26,5.5833,per_usd
2021-10-27,5.5812,per_usd
2021-10-28,5.612,per_usd
2021-10-29,5.6291,per_usd
2021-11-01,5.6795,per_usd
2021-11-02,5.6795,per_usd
2021-11-03,5.6188,per_usd
2021-11-04,5.5877,per_usd
2021-11-05,5.5335,per_usd
2021-11-08,5.5455,per_usd
2021-11-09,5.502,per_usd
2021-11-10,5.4709,per_usd
2021-11-12,5.4341,per_usd
2021-11-15,5.4575,per_usd
2021-11-16,5.498,per_usd
2021-11-17,5.5082,per_usd
2021-11-18,5.5485,per_usd
2021-11-19,5.5728,per_usd
2021-11-22,5.586,per_usd
2021-11-23,5.6485,per_usd
2021-11-24,5.5937,per_usd
2021-11-26,5.5903,per_usd
2021-11-29,5.6233,per_usd
2021-11-30,5.6569,per_usd
2021-12-01,5.6355,per_usd
2021-12-02,5.6272,per_usd
2021-12-03,5.6773,per_usd
2021-12-06,5.682,per_usd
2021-12-07,5.6294,per_usd
2021-12-08,5.5395,per_usd
2021-12-09,5.5838,per_usd
2021-12-10,5.5991,per_usd
2021-12-13,5.6598,per_usd
2021-12-14,5.6713,per_usd
2021-12-15,5.7099,per_usd
2021-12-16,5.6652,per_usd
2021-12-17,5.6754,per_usd
2021-12-20,5.722,per_usd
2021-12-21,5.7475,per_usd
2021-12-22,5.7017,per_usd
2021-12-23,5.6821,per_usd
2021-12-27,5.6401,per_usd
2021-12-28,5.6372,per_usd
2021-12-29,5.6915,per_usd
2021-12-30,5.5749,per_usd
2022-01-03,5.6597,per_usd
2022-01-04,5.677,per_usd
2022-01-05,5.6876,per_usd
2022-01-06,5.7027,per_usd
2022-01-07,5.6253,per_usd
2022-01-10,5.6788,per_usd
2022-01-11,5.598,per_usd
2022-01-12,5.5541,per_usd
2022-01-13,5.5122,per_usd
2022-01-14,5.5393,per_usd
2022-01-18,5.5329,per_usd
2022-01-19,5.4668,per_usd
2022-01-20,5.4052,per_usd
2022-01-21,5.4225,per_usd
2022-01-24,5.5116,per_usd
2022-01-25,5.4818,per_usd
2022-01-26,5.4366,per_usd
2022-01-27,5.4252,per_usd
2022-01-28,5.3943,per_usd
2022-01-31,5.2893,per_usd
2022-02-01,5.2812,per_usd
2022-02-02,5.2787,per_usd
2022-02-03,5.3047,per_usd
2022-02-04,5.3266,per_usd
2022-02-07,5.2922,per_usd
2022-02-08,5.2712,per_usd
2022-02-09,5.2641,per_usd
2022-02-10,5.1978,per_usd
2022-02-11,5.2015,per_usd
2022-02-14,5.2153,per_usd
2022-02-15,5.1807,per_usd
2022-02-16,5.1584,per_usd
2022-02-17,5.1599,per_usd
2022-02-18,5.1219,per_usd
2022-02-22,5.0611,per_usd
2022-02-23,5.0181,per_usd
2022-02-24,5.1248,per_usd
2022-02-25,5.1515,per_usd
2022-02-28,5.1599,per_usd
2022-03-01,5.1595,per_usd
2022-03-02,5.1511,per_usd
2022-03-03,5.0551,per_usd
2022-03-04,5.0867,per_usd
2022-03-07,5.0841,per_usd
2022-03-08,5.0874,per_usd
2022-03-09,4.9932,per_usd
2022-03-10,5.0424,per_usd
2022-03-11,5.0513,per_usd
2022-03-14,5.0834,per_usd
2022-03-15,5.1424,per_usd
2022-03-16,5.1083,per_usd
2022-03-17,5.0427,per_usd
2022-03-18,5.0165,per_usd
2022-03-21,4.9477,per_usd
2022-03-22,4.9365,per_usd
2022-03-23,4.8479,per_usd
2022-03-24,4.8202,per_usd
2022-03-25,4.7577,per_usd
2022-03-28,4.7917,per_usd
2022-03-29,4.7554,per_usd
2022-03-30,4.7695,per_usd
2022-03-31,4.7264,per_usd
2022-04-01,4.6944,per_usd
2022-04-04,4.6195,per_usd
2022-04-05,4.6592,per_usd
2022-04-06,4.6892,per_usd
2022-04-07,4.7619,per_usd
2022-04-08,4.7495,per_usd
2022-04-11,4.7031,per_usd
2022-04-12,4.6705,per_usd
2022-04-13,4.684,per_usd
2022-04-14,4.707,per_usd
2022-04-15,4.6965,per_usd
2022-04-18,4.6772,per_usd
2022-04-19,4.6689,per_usd
2022-04-20,4.6171,per_usd
2022-04-21,4.622,per_usd
2022-04-22,4.7675,per_usd
2022-04-25,4.941,per_usd
2022-04-26,4.985,per_usd
2022-04-27,5.0058,per_usd
2022-04-28,4.9973,per_usd
2022-04-29,4.9325,per_usd
2022-05-02,5.0275,per_usd
2022-05-03,4.9999,per_usd
2022-05-04,4.9962,per_usd
2022-05-05,5.0481,per_usd
2022-05-06,5.0626,per_usd
2022-05-09,5.1235,per_usd
2022-05-10,5.151,per_usd
2022-05-11,5.1042,per_usd
2022-05-12,5.1368,per_usd
2022-05-13,5.0801,per_usd
2022-05-16,5.0645,per_usd
2022-05-17,4.9546,per_usd
2022-05-18,4.972,per_usd
2022-05-19,4.9035,per_usd
2022-05-20,4.8618,per_usd
2022-05-23,4.7934,per_usd
2022-05-24,4.8275,per_usd
2022-05-25,4.8498,per_usd
2022-05-26,4.7824,per_usd
2022-05-27,4.7255,per_usd
2022-05-31,4.7264,per_usd
2022-06-01,4.8003,per_usd
2022-06-02,4.779,per_usd
2022-06-03,4.7973,per_usd
2022-06-06,4.7974,per_usd
2022-06-07,4.8848,per_usd
2022-06-08,4.8714,per_usd
2022-06-09,4.888,per_usd
2022-06-10,4.9947,per_usd
2022-06-13,5.0988,per_usd
2022-06-14,5.1353,per_usd
2022-06-15,5.1117,per_usd
2022-06-16,5.0535,per_usd
2022-06-17,5.142,per_usd
2022-06-21,5.1333,per_usd
2022-06-22,5.1563,per_usd
2022-06-23,5.2021,per_usd
2022-06-24,5.2363,per_usd
2022-06-27,5.2078,per_usd
2022-06-28,5.2531,per_usd
2022-06-29,5.2386,per_usd
2022-06-30,5.2196,per_usd
2022-07-01,5.3083,per_usd
2022-07-05,5.3903,per_usd
2022-07-06,5.4558,per_usd
2022-07-07,5.352,per_usd
2022-07-08,5.2961,per_usd
2022-07-11,5.3432,per_usd
2022-07-12,5.4192,per_usd
2022-07-13,5.3764,per_usd
2022-07-14,5.4237,per_usd
2022-07-15,5.384,per_usd
2022-07-18,5.373,per_usd
2022-07-19,5.394,per_usd
2022-07-20,5.4325,per_usd
2022-07-21,5.497,per_usd
2022-07-22,5.4558,per_usd
2022-07-25,5.4015,per_usd
2022-07-26,5.3699,per_usd
2022-07-27,5.2962,per_usd
2022-07-28,5.215,per_usd
2022-07-29,5.181,per_usd
2022-08-01,5.1508,per_usd
2022-08-02,5.242,per_usd
2022-08-03,5.2693,per_usd
2022-08-04,5.2165,per_usd
2022-08-05,5.1987,per_usd
2022-08-08,5.1331,per_usd
2022-08-09,5.1302,per_usd
2022-08-10,5.053,per_usd
2022-08-11,5.1396,per_usd
2022-08-12,5.086,per_usd
2022-08-15,5.0818,per_usd
2022-08-16,5.1443,per_usd
2022-08-17,5.1705,per_usd
2022-08-18,5.1873,per_usd
2022-08-19,5.1947,per_usd
2022-08-22,5.1669,per_usd
2022-08-23,5.081,per_usd
2022-08-24,5.0939,per_usd
2022-08-25,5.116,per_usd
2022-08-26,5.0826,per_usd
2022-08-29,5.0273,per_usd
2022-08-30,5.077,per_usd
2022-08-31,5.187,per_usd
2022-09-01,5.2238,per_usd
2022-09-02,5.172,per_usd
2022-09-06,5.2305,per_usd
2022-09-07,5.248,per_usd
2022-09-08,5.2196,per_usd
2022-09-09,5.1541,per_usd
2022-09-12,5.1562,per_usd
2022-09-13,5.186,per_usd
2022-09-14,5.1755,per_usd
2022-09-15,5.233,per_usd
2022-09-16,5.287,per_usd
2022-09-19,5.1762,per_usd
2022-09-20,5.1516,per_usd
2022-09-21,5.1806,per_usd
2022-09-22,5.1742,per_usd
2022-09-23,5.237,per_usd
2022-09-26,5.3914,per_usd
2022-09-27,5.3595,per_usd
2022-09-28,5.3636,per_usd
2022-09-29,5.3943,per_usd
2022-09-30,5.4008,per_usd
2022-10-03,5.1823,per_usd
2022-10-04,5.1523,per_usd
2022-10-05,5.2205,per_usd
2022-10-06,5.2052,per_usd
2022-10-07,5.2151,per_usd
2022-10-11,5.2105,per_usd
2022-10-12,5.2929,per_usd
2022-10-13,5.2779,per_usd
2022-10-14,5.298,per_usd
2022-10-17,5.2606,per_usd
2022-10-18,5.2905,per_usd
2022-10-19,5.2816,per_usd
2022-10-20,5.2053,per_usd
2022-10-21,5.175,per_usd
2022-10-24,5.2768,per_usd
2022-10-25,5.2898,per_usd
2022-10-26,5.3228,per_usd
2022-10-27,5.2839,per_usd
2022-10-28,5.3547,per_usd
2022-10-31,5.2464,per_usd
2022-11-01,5.1073,per_usd
2022-11-02,5.1432,per_usd
2022-11-03,5.1005,per_usd
2022-11-04,5.0443,per_usd
2022-11-07,5.1222,per_usd
2022-11-08,5.1422,per_usd
2022-11-09,5.1499,per_usd
2022-11-10,5.3287,per_usd
2022-11-14,5.3173,per_usd
2022-11-15,5.333,per_usd
2022-11-16,5.3542,per_usd
2022-11-17,5.4584,per_usd
2022-11-18,5.3757,per_usd
2022-11-21,5.3335,per_usd
2022-11-22,5.3571,per_usd
2022-11-23,5.3905,per_usd
2022-11-25,5.3838,per_usd
2022-11-28,5.368,per_usd
2022-11-29,5.2945,per_usd
2022-11-30,5.2563,per_usd
2022-12-01,5.1868,per_usd
2022-12-02,5.21,per_usd
2022-12-05,5.2611,per_usd
2022-12-06,5.2415,per_usd
2022-12-07,5.2187,per_usd
2022-12-08,5.2003,per_usd
2022-12-09,5.2365,per_usd
2022-12-12,5.3344,per_usd
2022-12-13,5.269,per_usd
2022-12-14,5.2997,per_usd
2022-12-15,5.3285,per_usd
2022-12-16,5.2725,per_usd
2022-12-19,5.3097,per_usd
2022-12-20,5.2006,per_usd
2022-12-21,5.1955,per_usd
2022-12-22,5.1655,per_usd
2022-12-23,5.1368,per_usd
2022-12-27,5.279,per_usd
2022-12-28,5.2675,per_usd
2022-12-29,5.2547,per_usd
2022-12-30,5.286,per_usd
2023-01-03,5.4257,per_usd
2023-01-04,5.443,per_usd
2023-01-05,5.384,per_usd
2023-01-06,5.2533,per_usd
2023-01-09,5.2648,per_usd
2023-01-10,5.2159,per_usd
2023-01-11,5.195,per_usd
2023-01-12,5.112,per_usd
2023-01-13,5.0968,per_usd
2023-01-17,5.0974,per_usd
2023-01-18,5.1288,per_usd
2023-01-19,5.2233,per_usd
2023-01-20,5.2109,per_usd
2023-01-23,5.1884,per_usd
2023-01-24,5.1405,per_usd
2023-01-25,5.0902,per_usd
2023-01-26,5.0875,per_usd
2023-01-27,5.0902,per_usd
2023-01-30,5.1024,per_usd
2023-01-31,5.0934,per_usd
2023-02-01,5.0746,per_usd
2023-02-02,5.0138,per_usd
2023-02-03,5.1339,per_usd
2023-02-06,5.2025,per_usd
2023-02-07,5.1868,per_usd
2023-02-08,5.2183,per_usd
2023-02-09,5.2528,per_usd
2023-02-10,5.2528,per_usd
2023-02-13,5.1822,per_usd
2023-02-14,5.1738,per_usd
2023-02-15,5.2172,per_usd
2023-02-16,5.2313,per_usd
2023-02-17,5.1776,per_usd
2023-02-21,5.1674,per_usd
2023-02-22,5.194,per_usd
2023-02-23,5.1386,per_usd
2023-02-24,5.1865,per_usd
2023-02-27,5.2031,per_usd
2023-02-28,5.2283,per_usd
2023-03-01,5.1965,per_usd
2023-03-02,5.2033,per_usd
2023-03-03,5.2067,per_usd
2023-03-06,5.168,per_usd
2023-03-07,5.1933,per_usd
2023-03-08,5.1251,per_usd
2023-03-09,5.1542,per_usd
2023-03-10,5.1838,per_usd
2023-03-13,5.2382,per_usd
2023-03-14,5.2565,per_usd
2023-03-15,5.3062,per_usd
2023-03-16,5.28,per_usd
2023-03-17,5.2813,per_usd
2023-03-20,5.2475,per_usd
2023-03-21,5.2458,per_usd
2023-03-22,5.2594,per_usd
2023-03-23,5.2692,per_usd
2023-03-24,5.2506,per_usd
2023-03-27,5.234,per_usd
2023-03-28,5.1678,per_usd
2023-03-29,5.1405,per_usd
2023-03-30,5.1203,per_usd
2023-03-31,5.0702,per_usd
2023-04-03,5.0683,per_usd
2023-04-04,5.0919,per_usd
2023-04-05,5.038,per_usd
2023-04-06,5.0644,per_usd
2023-04-07,5.0565,per_usd
2023-04-10,5.0832,per_usd
2023-04-11,5.0078,per_usd
2023-04-12,4.937,per_usd
2023-04-13,4.902,per_usd
2023-04-14,4.9385,per_usd
2023-04-17,4.945,per_usd
2023-04-18,4.9735,per_usd
2023-04-19,5.0511,per_usd
2023-04-20,5.0422,per_usd
2023-04-21,5.0486,per_usd
2023-04-24,5.0554,per_usd
2023-04-25,5.0618,per_usd
2023-04-26,5.0487,per_usd
2023-04-27,5.0116,per_usd
2023-04-28,5.0049,per_usd
2023-05-01,4.9889,per_usd
2023-05-02,5.041,per_usd
2023-05-03,5.0133,per_usd
2023-05-04,5.0196,per_usd
2023-05-05,4.9534,per_usd
2023-05-08,4.9925,per_usd
2023-05-09,4.9838,per_usd
2023-05-10,4.9559,per_usd
2023-05-11,4.958,per_usd
2023-05-12,4.925,per_usd
2023-05-15,4.9056,per_usd
2023-05-16,4.9139,per_usd
2023-05-17,4.9416,per_usd
2023-05-18,4.9641,per_usd
2023-05-19,4.9842,per_usd
2023-05-22,4.9627,per_usd
2023-05-23,4.9535,per_usd
2023-05-24,4.9427,per_usd
2023-05-25,5.0147,per_usd
2023-05-26,5.0035,per_usd
2023-05-30,5.0614,per_usd
2023-05-31,5.1087,per_usd
2023-06-01,5.0201,per_usd
2023-06-02,4.9592,per_usd
2023-06-05,4.9171,per_usd
2023-06-06,4.9108,per_usd
2023-06-07,4.9082,per_usd
2023-06-08,4.9235,per_usd
2023-06-09,4.8846,per_usd
2023-06-12,4.8773,per_usd
2023-06-13,4.8567,per_usd
2023-06-14,4.8424,per_usd
2023-06-15,4.8111,per_usd
2023-06-16,4.8309,per_usd
2023-06-20,4.7959,per_usd
2023-06-21,4.764,per_usd
2023-06-22,4.7764,per_usd
2023-06-23,4.7734,per_usd
2023-06-26,4.77,per_usd
2023-06-27,4.8042,per_usd
2023-06-28,4.8433,per_usd
2023-06-29,4.8491,per_usd
2023-06-30,4.8102,per_usd
2023-07-03,4.79,per_usd
2023-07-05,4.8574,per_usd
2023-07-06,4.925,per_usd
2023-07-07,4.8622,per_usd
2023-07-10,4.8652,per_usd
2023-07-11,4.8823,per_usd
2023-07-12,4.8148,per_usd
2023-07-13,4.8131,per_usd
2023-07-14,4.7988,per_usd
2023-07-17,4.8249,per_usd
2023-07-18,4.7985,per_usd
2023-07-19,4.8022,per_usd
2023-07-20,4.8074,per_usd
2023-07-21,4.768,per_usd
2023-07-24,4.7309,per_usd
2023-07-25,4.7442,per_usd
2023-07-26,4.7355,per_usd
2023-07-27,4.7179,per_usd
2023-07-28,4.7306,per_usd
2023-07-31,4.7407,per_usd
2023-08-01,4.7824,per_usd
2023-08-02,4.814,per_usd
2023-08-03,4.882,per_usd
2023-08-04,4.8548,per_usd
2023-08-07,4.8971,per_usd
2023-08-08,4.9083,per_usd
2023-08-09,4.902,per_usd
2023-08-10,4.8453,per_usd
2023-08-11,4.8944,per_usd
2023-08-14,4.9555,per_usd
2023-08-15,4.9753,per_usd
2023-08-16,4.966,per_usd
2023-08-17,4.9836,per_usd
2023-08-18,4.9649,per_usd
2023-08-21,4.9864,per_usd
2023-08-22,4.937,per_usd
2023-08-23,4.8789,per_usd
2023-08-24,4.8825,per_usd
2023-08-25,4.8765,per_usd
2023-08-28,4.8931,per_usd
2023-08-29,4.8566,per_usd
2023-08-30,4.8592,per_usd
2023-08-31,4.9324,per_usd
2023-09-01,4.9425,per_usd
2023-09-05,4.9643,per_usd
2023-09-06,4.969,per_usd
2023-09-07,4.9767,per_usd
2023-09-08,4.9762,per_usd
2023-09-11,4.9346,per_usd
2023-09-12,4.9423,per_usd
2023-09-13,4.9053,per_usd
2023-09-14,4.8669,per_usd
2023-09-15,4.8674,per_usd
2023-09-18,4.8469,per_usd
2023-09-19,4.8586,per_usd
2023-09-20,4.8471,per_usd
2023-09-21,4.9212,per_usd
2023-09-22,4.9128,per_usd
2023-09-25,4.9637,per_usd
2023-09-26,4.9835,per_usd
2023-09-27,5.0565,per_usd
2023-09-28,5.0357,per_usd
2023-09-29,5.0021,per_usd
2023-10-02,5.077,per_usd
2023-10-03,5.1348,per_usd
2023-10-04,5.1362,per_usd
2023-10-05,5.1809,per_usd
2023-10-06,5.153,per_usd
2023-10-10,5.0668,per_usd
2023-10-11,5.0501,per_usd
2023-10-12,5.0472,per_usd
2023-10-13,5.074,per_usd
2023-10-16,5.0571,per_usd
2023-10-17,5.0157,per_usd
2023-10-18,5.0635,per_usd
2023-10-19,5.0435,per_usd
2023-10-20,5.0346,per_usd
2023-10-23,5.0066,per_usd
2023-10-24,4.9998,per_usd
2023-10-25,4.9987,per_usd
2023-10-26,5.0051,per_usd
2023-10-27,4.9464,per_usd
2023-10-30,5.039,per_usd
2023-10-31,5.0433,per_usd
2023-11-01,5.0154,per_usd
2023-11-02,4.9539,per_usd
2023-11-03,4.8879,per_usd
2023-11-06,4.8921,per_usd
2023-11-07,4.8677,per_usd
2023-11-08,4.8905,per_usd
2023-11-09,4.9037,per_usd
2023-11-13,4.909,per_usd
2023-11-14,4.8658,per_usd
2023-11-15,4.86,per_usd
2023-11-16,4.879,per_usd
2023-11-17,4.8964,per_usd
2023-11-20,4.8652,per_usd
2023-11-21,4.8933,per_usd
2023-11-22,4.8885,per_usd
2023-11-24,4.899,per_usd
2023-11-27,4.9058,per_usd
2023-11-28,4.8614,per_usd
2023-11-29,4.8962,per_usd
2023-11-30,4.9297,per_usd
2023-12-01,4.886,per_usd
2023-12-04,4.9293,per_usd
2023-12-05,4.9483,per_usd
2023-12-06,4.8987,per_usd
2023-12-07,4.9042,per_usd
2023-12-08,4.9324,per_usd
2023-12-11,4.9404,per_usd
2023-12-12,4.9635,per_usd
2023-12-13,4.9721,per_usd
2023-12-14,4.8976,per_usd
2023-12-15,4.9391,per_usd
2023-12-18,4.9363,per_usd
2023-12-19,4.8638,per_usd
2023-12-20,4.8906,per_usd
2023-12-21,4.8742,per_usd
2023-12-22,4.8579,per_usd
2023-12-26,4.826,per_usd
2023-12-27,4.8321,per_usd
2023-12-28,4.8514,per_usd
2023-12-29,4.8521,per_usd
2024-01-02,4.8943,per_usd
2024-01-03,4.9239,per_usd
2024-01-04,4.9143,per_usd
2024-01-05,4.8744,per_usd
2024-01-08,4.8745,per_usd
2024-01-09,4.8956,per_usd
2024-01-10,4.8929,per_usd
2024-01-11,4.8838,per_usd
2024-01-12,4.8536,per_usd
2024-01-16,4.9163,per_usd
2024-01-17,4.928,per_usd
2024-01-18,4.944,per_usd
2024-01-19,4.928,per_usd
2024-01-22,4.9815,per_usd
2024-01-23,4.9744,per_usd
2024-01-24,4.919,per_usd
2024-01-25,4.9272,per_usd
2024-01-26,4.9135,per_usd
2024-01-29,4.9422,per_usd
2024-01-30,4.9627,per_usd
2024-01-31,4.939,per_usd
2024-02-01,4.9195,per_usd
2024-02-02,4.97,per_usd
2024-02-05,5.0018,per_usd
2024-02-06,4.9539,per_usd
2024-02-07,4.9628,per_usd
2024-02-08,4.994,per_usd
2024-02-09,4.9678,per_usd
2024-02-12,4.9536,per_usd
2024-02-13,4.9536,per_usd
2024-02-14,4.9653,per_usd
2024-02-15,4.9739,per_usd
2024-02-16,4.9702,per_usd
2024-02-20,4.9324,per_usd
2024-02-21,4.9276,per_usd
2024-02-22,4.9408,per_usd
2024-02-23,4.976,per_usd
2024-02-26,4.989,per_usd
2024-02-27,4.9423,per_usd
2024-02-28,4.952,per_usd
2024-02-29,4.971,per_usd
2024-03-01,4.9483,per_usd
2024-03-04,4.9428,per_usd
2024-03-05,4.9565,per_usd
2024-03-06,4.9351,per_usd
2024-03-07,4.9319,per_usd
2024-03-08,4.9766,per_usd
2024-03-11,4.9678,per_usd
2024-03-12,4.982,per_usd
2024-03-13,4.9763,per_usd
2024-03-14,4.9812,per_usd
2024-03-15,4.9948,per_usd
2024-03-18,5.0194,per_usd
2024-03-19,5.0214,per_usd
2024-03-20,5.0041,per_usd
2024-03-21,4.9785,per_usd
2024-03-22,4.9872,per_usd
2024-03-25,4.9859,per_usd
2024-03-26,4.991,per_usd
2024-03-27,4.9756,per_usd
2024-03-28,5.0042,per_usd
2024-03-29,5.0153,per_usd
2024-04-01,5.067,per_usd
2024-04-02,5.0528,per_usd
2024-04-03,5.0621,per_usd
2024-04-04,5.0086,per_usd
2024-04-05,5.0638,per_usd
2024-04-08,5.0292,per_usd
2024-04-09,5.0049,per_usd
2024-04-10,5.0736,per_usd
2024-04-11,5.0763,per_usd
2024-04-12,5.1374,per_usd
2024-04-15,5.1791,per_usd
2024-04-16,5.2679,per_usd
2024-04-17,5.2401,per_usd
2024-04-18,5.2567,per_usd
2024-04-19,5.2103,per_usd
2024-04-22,5.209,per_usd
2024-04-23,5.1919,per_usd
2024-04-24,5.157,per_usd
2024-04-25,5.1643,per_usd
2024-04-26,5.1143,per_usd
2024-04-29,5.1169,per_usd
2024-04-30,5.1764,per_usd
2024-05-01,5.1936,per_usd
2024-05-02,5.1131,per_usd
2024-05-03,5.072,per_usd
2024-05-06,5.0648,per_usd
2024-05-07,5.0656,per_usd
2024-05-08,5.0645,per_usd
2024-05-09,5.1568,per_usd
2024-05-10,5.1545,per_usd
2024-05-13,5.1605,per_usd
2024-05-14,5.1348,per_usd
2024-05-15,5.1298,per_usd
2024-05-16,5.1277,per_usd
2024-05-17,5.1155,per_usd
2024-05-20,5.097,per_usd
2024-05-21,5.1123,per_usd
2024-05-22,5.146,per_usd
2024-05-23,5.15,per_usd
2024-05-24,5.1491,per_usd
2024-05-28,5.1541,per_usd
2024-05-29,5.203,per_usd
2024-05-30,5.2034,per_usd
2024-05-31,5.2413,per_usd
2024-06-03,5.2345,per_usd
2024-06-04,5.2887,per_usd
2024-06-05,5.2824,per_usd
2024-06-06,5.2549,per_usd
2024-06-07,5.2731,per_usd
2024-06-10,5.3645,per_usd
2024-06-11,5.3529,per_usd
2024-06-12,5.392,per_usd
2024-06-13,5.3777,per_usd
2024-06-14,5.3559,per_usd
2024-06-17,5.4173,per_usd
2024-06-18,5.4054,per_usd
2024-06-20,5.4471,per_usd
2024-06-21,5.4539,per_usd
2024-06-24,5.4025,per_usd
2024-06-25,5.4358,per_usd
2024-06-26,5.5081,per_usd
2024-06-27,5.5295,per_usd
2024-06-28,5.5596,per_usd
2024-07-01,5.5887,per_usd
2024-07-02,5.6768,per_usd
2024-07-03,5.5724,per_usd
2024-07-05,5.4802,per_usd
2024-07-08,5.4587,per_usd
2024-07-09,5.4316,per_usd
2024-07-10,5.403,per_usd
2024-07-11,5.4265,per_usd
2024-07-12,5.4559,per_usd
2024-07-15,5.4383,per_usd
2024-07-16,5.4566,per_usd
2024-07-17,5.4769,per_usd
2024-07-18,5.5395,per_usd
2024-07-19,5.5569,per_usd
2024-07-22,5.5485,per_usd
2024-07-23,5.5685,per_usd
2024-07-24,5.6352,per_usd
2024-07-25,5.6254,per_usd
2024-07-26,5.6551,per_usd
2024-07-29,5.6514,per_usd
2024-07-30,5.6543,per_usd
2024-07-31,5.6628,per_usd
2024-08-01,5.6935,per_usd
2024-08-02,5.7359,per_usd
2024-08-05,5.7496,per_usd
2024-08-06,5.6409,per_usd
2024-08-07,5.6,per_usd
2024-08-08,5.6012,per_usd
2024-08-09,5.5099,per_usd
2024-08-12,5.5058,per_usd
2024-08-13,5.4867,per_usd
2024-08-14,5.4577,per_usd
2024-08-15,5.461,per_usd
2024-08-16,5.4751,per_usd
2024-08-19,5.4048,per_usd
2024-08-20,5.4727,per_usd
2024-08-21,5.4737,per_usd
2024-08-22,5.5675,per_usd
2024-08-23,5.5102,per_usd
2024-08-26,5.498,per_usd
2024-08-27,5.5043,per_usd
2024-08-28,5.5351,per_usd
2024-08-29,5.6355,per_usd
2024-08-30,5.6193,per_usd
2024-09-03,5.649,per_usd
2024-09-04,5.6403,per_usd
2024-09-05,5.5924,per_usd
2024-09-06,5.5884,per_usd
2024-09-09,5.6042,per_usd
2024-09-10,5.6483,per_usd
2024-09-11,5.6481,per_usd
2024-09-12,5.6499,per_usd
2024-09-13,5.5495,per_usd
2024-09-16,5.5104,per_usd
2024-09-17,5.5013,per_usd
2024-09-18,5.4825,per_usd
2024-09-19,5.4048,per_usd
2024-09-20,5.4895,per_usd
2024-09-23,5.5353,per_usd
2024-09-24,5.466,per_usd
2024-09-25,5.4809,per_usd
2024-09-26,5.4332,per_usd
2024-09-27,5.4318,per_usd
2024-09-30,5.4509,per_usd
2024-10-01,5.4451,per_usd
2024-10-02,5.4363,per_usd
2024-10-03,5.4916,per_usd
2024-10-04,5.4585,per_usd
2024-10-07,5.4859,per_usd
2024-10-08,5.5297,per_usd
2024-10-09,5.5823,per_usd
2024-10-10,5.5824,per_usd
2024-10-11,5.6346,per_usd
2024-10-15,5.6446,per_usd
2024-10-16,5.6602,per_usd
2024-10-17,5.6764,per_usd
2024-10-18,5.6787,per_usd
2024-10-21,5.7026,per_usd
2024-10-22,5.6914,per_usd
2024-10-23,5.7045,per_usd
2024-10-24,5.7068,per_usd
2024-10-25,5.7018,per_usd
2024-10-28,5.7063,per_usd
2024-10-29,5.7248,per_usd
2024-10-30,5.778,per_usd
2024-10-31,5.7887,per_usd
2024-11-01,5.8292,per_usd
2024-11-04,5.7707,per_usd
2024-11-05,5.772,per_usd
2024-11-06,5.7043,per_usd
2024-11-07,5.7028,per_usd
2024-11-08,5.7813,per_usd
2024-11-12,5.7779,per_usd
2024-11-13,5.8127,per_usd
2024-11-14,5.7771,per_usd
2024-11-15,5.7947,per_usd
2024-11-18,5.7453,per_usd
2024-11-19,5.7645,per_usd
2024-11-20,5.7726,per_usd
2024-11-21,5.8279,per_usd
2024-11-22,5.804,per_usd
2024-11-25,5.8115,per_usd
2024-11-26,5.8089,per_usd
2024-11-27,5.8721,per_usd
2024-11-29,5.9956,per_usd
2024-12-02,6.0741,per_usd
2024-12-03,6.065,per_usd
2024-12-04,6.033,per_usd
2024-12-05,5.9745,per_usd
2024-12-06,6.0739,per_usd
2024-12-09,6.0648,per_usd
2024-12-10,6.0549,per_usd
2024-12-11,6.009,per_usd
2024-12-12,6.0097,per_usd
2024-12-13,6.0645,per_usd
2024-12-16,6.0579,per_usd
2024-12-17,6.1122,per_usd
2024-12-18,6.1906,per_usd
2024-12-19,6.1414,per_usd
2024-12-20,6.0815,per_usd
2024-12-23,6.1784,per_usd
2024-12-24,6.1906,per_usd
2024-12-26,6.157,per_usd
2024-12-27,6.2021,per_usd
2024-12-30,6.2013,per_usd
2024-12-31,6.184,per_usd
2025-01-02,6.1556,per_usd
2025-01-03,6.1759,per_usd
2025-01-06,6.1086,per_usd
2025-01-07,6.0641,per_usd
2025-01-08,6.128,per_usd
2025-01-09,6.0691,per_usd
2025-01-10,6.1123,per_usd
2025-01-13,6.1089,per_usd
2025-01-14,6.0506,per_usd
2025-01-15,6.0466,per_usd
2025-01-16,6.0448,per_usd
2025-01-17,6.0368,per_usd
2025-01-21,6.0275,per_usd
2025-01-22,5.9234,per_usd
2025-01-23,5.906,per_usd
2025-01-24,5.8811,per_usd
2025-01-27,5.9156,per_usd
2025-01-28,5.8596,per_usd
2025-01-29,5.881,per_usd
2025-01-30,5.896,per_usd
2025-01-31,5.837,per_usd
2025-02-03,5.8322,per_usd
2025-02-04,5.7598,per_usd
2025-02-05,5.7986,per_usd
2025-02-06,5.7735,per_usd
2025-02-07,5.7849,per_usd
2025-02-10,5.7754,per_usd
2025-02-11,5.7621,per_usd
2025-02-12,5.76,per_usd
2025-02-13,5.7623,per_usd
2025-02-14,5.7152,per_usd
2025-02-18,5.688,per_usd
2025-02-19,5.7143,per_usd
2025-02-20,5.697,per_usd
2025-02-21,5.6976,per_usd
2025-02-24,5.7325,per_usd
2025-02-25,5.7677,per_usd
2025-02-26,5.78,per_usd
2025-02-27,5.8282,per_usd
2025-02-28,5.8835,per_usd
2025-03-03,5.8852,per_usd
2025-03-04,5.8872,per_usd
2025-03-05,5.8077,per_usd
2025-03-06,5.7785,per_usd
2025-03-07,5.7872,per_usd
2025-03-10,5.7964,per_usd
2025-03-11,5.8247,per_usd
2025-03-12,5.8208,per_usd
2025-03-13,5.8032,per_usd
2025-03-14,5.7299,per_usd
2025-03-17,5.6874,per_usd
2025-03-18,5.6714,per_usd
2025-03-19,5.6494,per_usd
2025-03-20,5.673,per_usd
2025-03-21,5.7242,per_usd
2025-03-24,5.7295,per_usd
2025-03-25,5.6837,per_usd
2025-03-26,5.7386,per_usd
2025-03-27,5.7339,per_usd
2025-03-28,5.7672,per_usd
2025-03-31,5.7405,per_usd
2025-04-01,5.6874,per_usd
2025-04-02,5.7004,per_usd
2025-04-03,5.6022,per_usd
2025-04-04,5.8039,per_usd
2025-04-07,5.9242,per_usd
2025-04-08,5.9878,per_usd
2025-04-09,6.0542,per_usd
2025-04-10,5.9429,per_usd
2025-04-11,5.8781,per_usd
2025-04-14,5.8649,per_usd
2025-04-15,5.8809,per_usd
2025-04-16,5.861,per_usd
2025-04-17,5.8308,per_usd
2025-04-18,5.8067,per_usd
2025-04-21,5.8067,per_usd
2025-04-22,5.7392,per_usd
2025-04-23,5.6969,per_usd
2025-04-24,5.6709,per_usd
2025-04-25,5.681,per_usd
2025-04-28,5.6777,per_usd
2025-04-29,5.633,per_usd
2025-04-30,5.6612,per_usd
2025-05-01,5.6729,per_usd
2025-05-02,5.6485,per_usd
2025-05-05,5.6663,per_usd
2025-05-06,5.7206,per_usd
2025-05-07,5.7438,per_usd
2025-05-08,5.6798,per_usd
2025-05-09,5.6435,per_usd
2025-05-12,5.6843,per_usd
2025-05-13,5.6023,per_usd
2025-05-14,5.6131,per_usd
2025-05-15,5.637,per_usd
2025-05-16,5.6775,per_usd
2025-05-19,5.6424,per_usd
2025-05-20,5.6687,per_usd
2025-05-21,5.6591,per_usd
2025-05-22,5.6205,per_usd
2025-05-23,5.6887,per_usd
2025-05-27,5.6518,per_usd
2025-05-28,5.7053,per_usd
2025-05-29,5.6505,per_usd
2025-05-30,5.7184,per_usd
2025-06-02,5.7061,per_usd
2025-06-03,5.6444,per_usd
2025-06-04,5.6396,per_usd
2025-06-05,5.5911,per_usd
2025-06-06,5.598,per_usd
2025-06-09,5.5755,per_usd
2025-06-10,5.5646,per_usd
2025-06-11,5.5288,per_usd
2025-06-12,5.5456,per_usd
2025-06-13,5.545,per_usd
2025-06-16,5.5165,per_usd
2025-06-17,5.4772,per_usd
2025-06-18,5.4921,per_usd
2025-06-20,5.5035,per_usd
2025-06-23,5.5163,per_usd
2025-06-24,5.4985,per_usd
2025-06-25,5.5589,per_usd
2025-06-26,5.5043,per_usd
2025-06-27,5.4801,per_usd
2025-06-30,5.4294,per_usd
2025-07-01,5.4589,per_usd
2025-07-02,5.4286,per_usd
2025-07-03,5.4178,per_usd
2025-07-07,5.4638,per_usd
2025-07-08,5.46,per_usd
2025-07-09,5.4552,per_usd
2025-07-10,5.5355,per_usd
2025-07-11,5.5723,per_usd
2025-07-14,5.5748,per_usd
2025-07-15,5.5661,per_usd
2025-07-16,5.565,per_usd
2025-07-17,5.5644,per_usd
2025-07-18,5.5628,per_usd
2025-07-21,5.5512,per_usd
2025-07-22,5.5543,per_usd
2025-07-23,5.5456,per_usd
2025-07-24,5.5209,per_usd
2025-07-25,5.5669,per_usd
2025-07-28,5.5936,per_usd
2025-07-29,5.5687,per_usd
2025-07-30,5.6193,per_usd
2025-07-31,5.5848,per_usd
2025-08-01,5.5422,per_usd
2025-08-04,5.5151,per_usd
2025-08-05,5.5062,per_usd
2025-08-06,5.4757,per_usd
2025-08-07,5.4548,per_usd
2025-08-08,5.4208,per_usd
2025-08-11,5.4414,per_usd
2025-08-12,5.3915,per_usd
2025-08-13,5.4049,per_usd
2025-08-14,5.4137,per_usd
2025-08-15,5.3964,per_usd
2025-08-18,5.4206,per_usd
2025-08-19,5.4764,per_usd
2025-08-20,5.4742,per_usd
2025-08-21,5.4868,per_usd
2025-08-22,5.4196,per_usd
2025-08-25,5.4086,per_usd
2025-08-26,5.4335,per_usd
2025-08-27,5.4332,per_usd
2025-08-28,5.4093,per_usd
2025-08-29,5.4299,per_usd
2025-09-02,5.4633,per_usd
2025-09-03,5.4571,per_usd
2025-09-04,5.4641,per_usd
2025-09-05,5.3983,per_usd
2025-09-08,5.4275,per_usd
2025-09-09,5.428,per_usd
2025-09-10,5.4089,per_usd
2025-09-11,5.3828,per_usd
2025-09-12,5.3541,per_usd
2025-09-15,5.3088,per_usd
2025-09-16,5.3006,per_usd
2025-09-17,5.3069,per_usd
2025-09-18,5.302,per_usd
2025-09-19,5.3257,per_usd
2025-09-22,5.3505,per_usd
2025-09-23,5.289,per_usd
2025-09-24,5.318,per_usd
2025-09-25,5.3435,per_usd
2025-09-26,5.3413,per_usd
2025-09-29,5.3254,per_usd
2025-09-30,5.3269,per_usd
2025-10-01,5.3343,per_usd
2025-10-02,5.3658,per_usd
2025-10-03,5.3492,per_usd
2025-10-06,5.315,per_usd
2025-10-07,5.342,per_usd
2025-10-08,5.345,per_usd
2025-10-09,5.3639,per_usd
2025-10-10,5.4845,per_usd
2025-10-14,5.4795,per_usd
2025-10-15,5.4426,per_usd
2025-10-16,5.4348,per_usd
2025-10-17,5.4178,per_usd
2025-10-20,5.3708,per_usd
2025-10-21,5.3722,per_usd
2025-10-22,5.3919,per_usd
2025-10-23,5.3837,per_usd
2025-10-24,5.3822,per_usd
2025-10-27,5.3763,per_usd
2025-10-28,5.3629,per_usd
2025-10-29,5.3452,per_usd
2025-10-30,5.384,per_usd
2025-10-31,5.3858,per_usd
2025-11-03,5.3608,per_usd
2025-11-04,5.384,per_usd
2025-11-05,5.3578,per_usd
2025-11-06,5.358,per_usd
2025-11-07,5.3432,per_usd
2025-11-10,5.3184,per_usd
2025-11-12,5.2955,per_usd
2025-11-13,5.2858,per_usd
2025-11-14,5.2865,per_usd
2025-11-17,5.3066,per_usd
2025-11-18,5.3203,per_usd
2025-11-19,5.3366,per_usd
2025-11-20,5.3297,per_usd
2025-11-21,5.389,per_usd
2025-11-24,5.395,per_usd
2025-11-25,5.39,per_usd
2025-11-26,5.3496,per_usd
2025-11-28,5.3399,per_usd
2025-12-01,5.3543,per_usd
2025-12-02,5.3424,per_usd
2025-12-03,5.3115,per_usd
2025-12-04,5.3018,per_usd
2025-12-05,5.4108,per_usd
2025-12-08,5.4431,per_usd
2025-12-09,5.4359,per_usd
2025-12-10,5.4728,per_usd
2025-12-11,5.4037,per_usd
2025-12-12,5.4072,per_usd
2025-12-15,5.4063,per_usd
2025-12-16,5.4603,per_usd
2025-12-17,5.5234,per_usd
2025-12-18,5.5162,per_usd
2025-12-19,5.5107,per_usd
2025-12-22,5.5747,per_usd
2025-12-23,5.5384,per_usd
2025-12-24,5.52,per_usd
2025-12-26,5.5384,per_usd
2025-12-29,5.5789,per_usd
2025-12-30,5.4978,per_usd
2025-12-31,5.477,per_usd
2026-01-02,5.4224,per_usd
2026-01-05,5.409,per_usd
2026-01-06,5.3702,per_usd
2026-01-07,5.3898,per_usd
2026-01-08,5.3849,per_usd
2026-01-09,5.3543,per_usd
2026-01-12,5.368,per_usd
2026-01-13,5.3843,per_usd
2026-01-14,5.3796,per_usd
2026-01-15,5.3629,per_usd
2026-01-16,5.3719,per_usd
2026-01-20,5.3618,per_usd
2026-01-21,5.3235,per_usd
2026-01-22,5.2965,per_usd
2026-01-23,5.2951,per_usd
2026-01-26,5.2734,per_usd
2026-01-27,5.213,per_usd
2026-01-28,5.2114,per_usd
2026-01-29,5.2145,per_usd
2026-01-30,5.2459,per_usd
2026-02-02,5.2595,per_usd
2026-02-03,5.2238,per_usd
2026-02-04,5.2466,per_usd
2026-02-05,5.2612,per_usd
2026-02-06,5.2183,per_usd
2026-02-09,5.1906,per_usd
2026-02-10,5.1993,per_usd
2026-02-11,5.1756,per_usd
2026-02-12,5.1967,per_usd
2026-02-13,5.2297,per_usd
2026-02-17,5.2228,per_usd
2026-02-18,5.215,per_usd
2026-02-19,5.2244,per_usd
2026-02-20,5.186,per_usd
2026-02-23,5.154,per_usd
2026-02-24,5.1471,per_usd
2026-02-25,5.1374,per_usd
2026-02-26,5.1524,per_usd
2026-02-27,5.1369,per_usd
2026-03-02,5.1901,per_usd
2026-03-03,5.2732,per_usd
2026-03-04,5.2125,per_usd
2026-03-05,5.2585,per_usd
2026-03-06,5.2698,per_usd
2026-03-09,5.2099,per_usd
2026-03-10,5.1405,per_usd
2026-03-11,5.157,per_usd
2026-03-12,5.214,per_usd
2026-03-13,5.2914,per_usd
2026-03-16,5.2661,per_usd
2026-03-17,5.1971,per_usd
2026-03-18,5.2013,per_usd
2026-03-19,5.2449,per_usd
2026-03-20,5.2896,per_usd
2026-03-23,5.246,per_usd
2026-03-24,5.2617,per_usd
2026-03-25,5.2195,per_usd
2026-03-26,5.2296,per_usd
2026-03-27,5.2312,per_usd
2026-03-30,5.2367,per_usd
2026-03-31,5.2115,per_usd
2026-04-01,5.151,per_usd
2026-04-02,5.1597,per_usd
2026-04-03,5.1568,per_usd
2026-04-06,5.1525,per_usd
2026-04-07,5.1598,per_usd
2026-04-08,5.0935,per_usd
2026-04-09,5.0704,per_usd
2026-04-10,5.0254,per_usd
2026-04-13,5.0219,per_usd
2026-04-14,4.9867,per_usd
2026-04-15,4.9974,per_usd
2026-04-16,5.0012,per_usd
2026-04-17,4.981,per_usd
2026-04-20,4.9825,per_usd
2026-04-21,4.9535,per_usd
2026-04-22,4.9671,per_usd
2026-04-23,4.9536,per_usd
2026-04-24,4.9997,per_usd
2026-04-27,4.9691,per_usd
2026-04-28,4.9864,per_usd
2026-04-29,4.9984,per_usd
2026-04-30,4.9792,per_usd
2026-05-01,4.955,per_usd
2026-05-04,4.9669,per_usd
2026-05-05,4.9103,per_usd
2026-05-06,4.9264,per_usd
2026-05-07,4.9277,per_usd
2026-05-08,4.8976,per_usd
2026-05-11,4.8975,per_usd
2026-05-12,4.9005,per_usd
2026-05-13,4.9068,per_usd
2026-05-14,4.9786,per_usd
2026-05-15,5.0739,per_usd
2026-05-18,5.006,per_usd
2026-05-19,5.0437,per_usd
2026-05-20,5.0154,per_usd
2026-05-21,5.0032,per_usd
2026-05-22,5.024,per_usd
2026-05-26,5.0288,per_usd
2026-05-27,5.062,per_usd
2026-05-28,5.0474,per_usd
2026-05-29,5.0585,per_usd
2026-06-01,5.0323,per_usd
2026-06-02,5.0126,per_usd
2026-06-03,5.0461,per_usd
2026-06-04,5.064,per_usd
2026-06-05,5.1444,per_usd
2026-06-08,5.169,per_usd
2026-06-09,5.1774,per_usd
2026-06-10,5.176,per_usd
2026-06-11,5.1463,per_usd
2026-06-12,5.0729,per_usd
2026-06-15,5.0567,per_usd
2026-06-16,5.0777,per_usd
2026-06-17,5.0597,per_usd
2026-06-18,5.1689,per_usd
2026-06-22,5.1308,per_usd
2026-06-23,5.1812,per_usd
2026-06-24,5.2101,per_usd
2026-06-25,5.1728,per_usd
2026-06-26,5.1586,per_usd
2026-06-29,5.1812,per_usd
2026-06-30,5.1665,per_usd
2026-07-01,5.2008,per_usd
2026-07-02,5.2004,per_usd
2026-07-06,5.1472,per_usd
2026-07-07,5.1515,per_usd
2026-07-08,5.1621,per_usd
2026-07-09,5.1204,per_usd
2026-07-10,5.1046,per_usd
2026-07-13,5.1201,per_usd
2026-07-14,5.0768,per_usd
2026-07-15,5.0796,per_usd
2026-07-16,5.0927,per_usd
2026-07-17,5.108,per_usd
2026-07-20,5.0847,per_usd
2026-07-21,5.0752,per_usd
2026-07-22,5.0577,per_usd
2026-07-23,5.0841,per_usd
2026-07-24,5.0592,per_usd
2026-07-27,5.1041,per_usd
2026-07-28,5.1115,per_usd
2026-07-29,5.127,per_usd
2026-07-30,5.0673,per_usd
2026-07-31,5.0709,per_usd
2026-08-03,5.0769,per_usd
2026-08-04,5.1101,per_usd
2026-08-05,5.1173,per_usd
2026-08-06,5.1064,per_usd
2026-08-07,5.0882,per_usd
2026-08-10,5.0995,per_usd
2026-08-11,5.159,per_usd
2026-08-12,5.163,per_usd
2026-08-13,5.1879,per_usd
2026-08-14,5.2388,per_usd
