date,value,quote
1971-01-04,4.318,per_usd
1971-01-05,4.3117,per_usd
1971-01-06,4.3113,per_usd
1971-01-07,4.3103,per_usd
1971-01-08,4.3109,per_usd
1971-01-11,4.3102,per_usd
1971-01-12,4.3099,per_usd
1971-01-13,4.3095,per_usd
1971-01-14,4.3095,per_usd
1971-01-15,4.3076,per_usd
1971-01-18,4.3029,per_usd
1971-01-19,4.3006,per_usd
1971-01-20,4.301,per_usd
1971-01-21,4.3017,per_usd
1971-01-22,4.2996,per_usd
1971-01-25,4.3005,per_usd
1971-01-26,4.2987,per_usd
1971-01-27,4.2973,per_usd
1971-01-28,4.2978,per_usd
1971-01-29,4.2963,per_usd
1971-02-01,4.2968,per_usd
1971-02-02,4.2969,per_usd
1971-02-03,4.2965,per_usd
1971-02-04,4.2966,per_usd
1971-02-05,4.2969,per_usd
1971-02-08,4.2979,per_usd
1971-02-09,4.2969,per_usd
1971-02-10,4.2972,per_usd
1971-02-11,4.2967,per_usd
1971-02-16,4.2968,per_usd
1971-02-17,4.2968,per_usd
1971-02-18,4.2967,per_usd
1971-02-19,4.2963,per_usd
1971-02-22,4.2958,per_usd
1971-02-23,4.2957,per_usd
1971-02-24,4.3015,per_usd
1971-02-25,4.3073,per_usd
1971-02-26,4.307,per_usd
1971-03-01,4.3073,per_usd
1971-03-02,4.3054,per_usd
1971-03-03,4.3039,per_usd
1971-03-04,4.3068,per_usd
1971-03-05,4.3066,per_usd
1971-03-08,4.302,per_usd
1971-03-09,4.3011,per_usd
1971-03-10,4.304,per_usd
1971-03-11,4.3012,per_usd
1971-03-12,4.301,per_usd
1971-03-15,4.3004,per_usd
1971-03-16,4.3002,per_usd
1971-03-17,4.2995,per_usd
1971-03-18,4.2983,per_usd
1971-03-19,4.2972,per_usd
1971-03-22,4.2971,per_usd
1971-03-23,4.2972,per_usd
1971-03-24,4.2968,per_usd
1971-03-25,4.2969,per_usd
1971-03-26,4.2959,per_usd
1971-03-29,4.2966,per_usd
1971-03-30,4.2958,per_usd
1971-03-31,4.2954,per_usd
1971-04-01,4.2955,per_usd
1971-04-02,4.2947,per_usd
1971-04-05,4.2971,per_usd
1971-04-06,4.2974,per_usd
1971-04-07,4.296,per_usd
1971-04-08,4.2937,per_usd
1971-04-09,4.2951,per_usd
1971-04-12,4.2969,per_usd
1971-04-13,4.3019,per_usd
1971-04-14,4.3024,per_usd
1971-04-15,4.2992,per_usd
1971-04-16,4.3019,per_usd
1971-04-19,4.3052,per_usd
1971-04-20,4.3039,per_usd
1971-04-21,4.3008,per_usd
1971-04-22,4.2995,per_usd
1971-04-23,4.3025,per_usd
1971-04-26,4.3008,per_usd
1971-04-27,4.299,per_usd
1971-04-28,4.2957,per_usd
1971-04-29,4.2957,per_usd
1971-04-30,4.2959,per_usd
1971-05-03,4.2955,per_usd
1971-05-04,4.2952,per_usd
1971-05-05,4.1841,per_usd
1971-05-06,4.1667,per_usd
1971-05-07,4.1374,per_usd
1971-05-10,4.1076,per_usd
1971-05-11,4.1164,per_usd
1971-05-12,4.1095,per_usd
1971-05-13,4.095,per_usd
1971-05-14,4.095,per_usd
1971-05-17,4.0914,per_usd
1971-05-18,4.0872,per_usd
1971-05-19,4.0866,per_usd
1971-05-20,4.0869,per_usd
1971-05-21,4.0733,per_usd
1971-05-24,4.0771,per_usd
1971-05-25,4.0868,per_usd
1971-05-26,4.0882,per_usd
1971-05-27,4.0984,per_usd
1971-05-28,4.1058,per_usd
1971-06-01,4.1059,per_usd
1971-06-02,4.0995,per_usd
1971-06-03,4.0898,per_usd
1971-06-04,4.094,per_usd
1971-06-07,4.0879,per_usd
1971-06-08,4.0896,per_usd
1971-06-09,4.0909,per_usd
1971-06-10,4.0851,per_usd
1971-06-11,4.0885,per_usd
1971-06-14,4.0901,per_usd
1971-06-15,4.0948,per_usd
1971-06-16,4.0907,per_usd
1971-06-17,4.094,per_usd
1971-06-18,4.0931,per_usd
1971-06-21,4.0929,per_usd
1971-06-22,4.0961,per_usd
1971-06-23,4.0943,per_usd
1971-06-24,4.094,per_usd
1971-06-25,4.0944,per_usd
1971-06-28,4.0981,per_usd
1971-06-29,4.1017,per_usd
1971-06-30,4.0989,per_usd
1971-07-01,4.0966,per_usd
1971-07-02,4.0989,per_usd
1971-07-06,4.1037,per_usd
1971-07-07,4.1049,per_usd
1971-07-08,4.105,per_usd
1971-07-09,4.1061,per_usd
1971-07-12,4.106,per_usd
1971-07-13,4.1038,per_usd
1971-07-14,4.098,per_usd
1971-07-15,4.0939,per_usd
1971-07-16,4.0934,per_usd
1971-07-19,4.0915,per_usd
1971-07-20,4.0909,per_usd
1971-07-21,4.0886,per_usd
1971-07-22,4.0866,per_usd
1971-07-23,4.0866,per_usd
1971-07-26,4.0862,per_usd
1971-07-27,4.0862,per_usd
1971-07-28,4.0854,per_usd
1971-07-29,4.0871,per_usd
1971-07-30,4.0862,per_usd
1971-08-02,4.0878,per_usd
1971-08-03,4.0887,per_usd
1971-08-04,4.0607,per_usd
1971-08-05,4.0616,per_usd
1971-08-06,4.0699,per_usd
1971-08-09,4.0532,per_usd
1971-08-10,4.0582,per_usd
1971-08-11,4.06,per_usd
1971-08-12,4.0527,per_usd
1971-08-13,4.0633,per_usd
1971-08-23,3.9932,per_usd
1971-08-24,3.9761,per_usd
1971-08-25,3.9748,per_usd
1971-08-26,3.9651,per_usd
1971-08-27,3.9732,per_usd
1971-08-30,3.9878,per_usd
1971-08-31,3.9936,per_usd
1971-09-01,4.0024,per_usd
1971-09-02,3.9992,per_usd
1971-09-03,3.979,per_usd
1971-09-07,3.9999,per_usd
1971-09-08,3.9963,per_usd
1971-09-09,3.9948,per_usd
1971-09-10,3.9933,per_usd
1971-09-13,3.9984,per_usd
1971-09-14,3.9897,per_usd
1971-09-15,3.9853,per_usd
1971-09-16,3.986,per_usd
1971-09-17,3.9864,per_usd
1971-09-20,3.9714,per_usd
1971-09-21,3.9751,per_usd
1971-09-22,3.9714,per_usd
1971-09-23,3.9563,per_usd
1971-09-24,3.9698,per_usd
1971-09-27,3.9689,per_usd
1971-09-28,3.9681,per_usd
1971-09-29,3.9594,per_usd
1971-09-30,3.9541,per_usd
1971-10-01,3.9588,per_usd
1971-10-04,3.9599,per_usd
1971-10-05,3.9596,per_usd
1971-10-06,3.9603,per_usd
1971-10-07,3.9604,per_usd
1971-10-08,3.9659,per_usd
1971-10-12,3.9699,per_usd
1971-10-13,3.9781,per_usd
1971-10-14,3.9824,per_usd
1971-10-15,3.9833,per_usd
1971-10-18,3.9727,per_usd
1971-10-19,3.9749,per_usd
1971-10-20,3.9755,per_usd
1971-10-21,3.9774,per_usd
1971-10-22,3.9799,per_usd
1971-10-26,3.9914,per_usd
1971-10-27,3.9948,per_usd
1971-10-28,3.988,per_usd
1971-10-29,3.9927,per_usd
1971-11-01,3.996,per_usd
1971-11-03,3.9917,per_usd
1971-11-04,3.9912,per_usd
1971-11-05,3.9911,per_usd
1971-11-08,3.9946,per_usd
1971-11-09,3.9946,per_usd
1971-11-10,3.996,per_usd
1971-11-11,3.9952,per_usd
1971-11-12,3.9943,per_usd
1971-11-15,3.9944,per_usd
1971-11-16,3.9948,per_usd
1971-11-17,3.996,per_usd
1971-11-18,3.9965,per_usd
1971-11-19,3.9839,per_usd
1971-11-22,3.9761,per_usd
1971-11-23,3.9647,per_usd
1971-11-24,3.9526,per_usd
1971-11-26,3.9555,per_usd
1971-11-29,3.9539,per_usd
1971-11-30,3.9555,per_usd
1971-12-01,3.9489,per_usd
1971-12-02,3.9335,per_usd
1971-12-03,3.917,per_usd
1971-12-06,3.8948,per_usd
1971-12-07,3.8997,per_usd
1971-12-08,3.8986,per_usd
1971-12-09,3.9,per_usd
1971-12-10,3.8998,per_usd
1971-12-13,3.9027,per_usd
1971-12-14,3.885,per_usd
1971-12-15,3.8756,per_usd
1971-12-16,3.8826,per_usd
1971-12-17,3.8754,per_usd
1971-12-21,3.8842,per_usd
1971-12-22,3.885,per_usd
1971-12-23,3.9043,per_usd
1971-12-24,3.9092,per_usd
1971-12-27,3.9193,per_usd
1971-12-28,3.9192,per_usd
1971-12-29,3.9212,per_usd
1971-12-30,3.9196,per_usd
1971-12-31,3.9147,per_usd
1972-01-03,3.9177,per_usd
1972-01-04,3.92,per_usd
1972-01-05,3.9216,per_usd
1972-01-06,3.9185,per_usd
1972-01-07,3.9208,per_usd
1972-01-10,3.9198,per_usd
1972-01-11,3.9216,per_usd
1972-01-12,3.9164,per_usd
1972-01-13,3.9002,per_usd
1972-01-14,3.8835,per_usd
1972-01-17,3.8655,per_usd
1972-01-18,3.8775,per_usd
1972-01-19,3.8728,per_usd
1972-01-20,3.8775,per_usd
1972-01-21,3.8778,per_usd
1972-01-24,3.8728,per_usd
1972-01-25,3.8655,per_usd
1972-01-26,3.8685,per_usd
1972-01-27,3.8707,per_usd
1972-01-28,3.873,per_usd
1972-01-31,3.8745,per_usd
1972-02-01,3.8677,per_usd
1972-02-02,3.8462,per_usd
1972-02-03,3.858,per_usd
1972-02-04,3.8745,per_usd
1972-02-07,3.873,per_usd
1972-02-08,3.8692,per_usd
1972-02-09,3.861,per_usd
1972-02-10,3.861,per_usd
1972-02-11,3.858,per_usd
1972-02-14,3.861,per_usd
1972-02-15,3.864,per_usd
1972-02-16,3.8447,per_usd
1972-02-17,3.8484,per_usd
1972-02-18,3.8491,per_usd
1972-02-22,3.8595,per_usd
1972-02-23,3.8565,per_usd
1972-02-24,3.8565,per_usd
1972-02-25,3.8692,per_usd
1972-02-28,3.8752,per_usd
1972-02-29,3.8685,per_usd
1972-03-01,3.8711,per_usd
1972-03-02,3.8685,per_usd
1972-03-03,3.8715,per_usd
1972-03-06,3.861,per_usd
1972-03-07,3.8573,per_usd
1972-03-08,3.841,per_usd
1972-03-09,3.8183,per_usd
1972-03-10,3.8175,per_usd
1972-03-13,3.9817,per_usd
1972-03-14,3.8358,per_usd
1972-03-15,3.8388,per_usd
1972-03-16,3.8432,per_usd
1972-03-17,3.858,per_usd
1972-03-20,3.8625,per_usd
1972-03-21,3.8513,per_usd
1972-03-22,3.8603,per_usd
1972-03-23,3.8655,per_usd
1972-03-24,3.87,per_usd
1972-03-27,3.8591,per_usd
1972-03-28,3.8528,per_usd
1972-03-29,3.8476,per_usd
1972-03-30,3.8366,per_usd
1972-03-31,3.8358,per_usd
1972-04-03,3.8373,per_usd
1972-04-04,3.8476,per_usd
1972-04-05,3.8491,per_usd
1972-04-06,3.8521,per_usd
1972-04-07,3.8521,per_usd
1972-04-10,3.7092,per_usd
1972-04-11,3.8499,per_usd
1972-04-12,3.8484,per_usd
1972-04-13,3.8506,per_usd
1972-04-14,3.8558,per_usd
1972-04-17,3.8588,per_usd
1972-04-18,3.8737,per_usd
1972-04-19,3.879,per_usd
1972-04-20,3.867,per_usd
1972-04-21,3.87,per_usd
1972-04-24,3.8632,per_usd
1972-04-25,3.8625,per_usd
1972-04-26,3.864,per_usd
1972-04-27,3.8629,per_usd
1972-04-28,3.8647,per_usd
1972-05-01,3.864,per_usd
1972-05-02,3.864,per_usd
1972-05-03,3.8625,per_usd
1972-05-04,3.8617,per_usd
1972-05-05,3.8632,per_usd
1972-05-08,3.8632,per_usd
1972-05-09,3.8573,per_usd
1972-05-10,3.8551,per_usd
1972-05-11,3.861,per_usd
1972-05-12,3.8625,per_usd
1972-05-15,3.867,per_usd
1972-05-16,3.8707,per_usd
1972-05-17,3.8655,per_usd
1972-05-18,3.8655,per_usd
1972-05-19,3.8651,per_usd
1972-05-22,3.8655,per_usd
1972-05-23,3.8565,per_usd
1972-05-24,3.8565,per_usd
1972-05-25,3.8595,per_usd
1972-05-26,3.8562,per_usd
1972-05-30,3.8462,per_usd
1972-05-31,3.8432,per_usd
1972-06-01,3.8351,per_usd
1972-06-02,3.8373,per_usd
1972-06-05,3.8432,per_usd
1972-06-06,3.8421,per_usd
1972-06-07,3.8366,per_usd
1972-06-08,3.8329,per_usd
1972-06-09,3.8329,per_usd
1972-06-12,3.8278,per_usd
1972-06-13,3.8179,per_usd
1972-06-14,3.8197,per_usd
1972-06-15,3.8157,per_usd
1972-06-16,3.8088,per_usd
1972-06-19,3.8059,per_usd
1972-06-20,3.7979,per_usd
1972-06-21,3.794,per_usd
1972-06-22,3.7786,per_usd
1972-06-23,3.7439,per_usd
1972-06-26,3.7355,per_usd
1972-06-27,3.7594,per_usd
1972-06-28,3.7383,per_usd
1972-06-29,3.7495,per_usd
1972-06-30,3.7425,per_usd
1972-07-03,3.7481,per_usd
1972-07-05,3.7707,per_usd
1972-07-06,3.7594,per_usd
1972-07-07,3.7559,per_usd
1972-07-10,3.7552,per_usd
1972-07-11,3.7545,per_usd
1972-07-12,3.7523,per_usd
1972-07-13,3.752,per_usd
1972-07-14,3.753,per_usd
1972-07-17,3.7538,per_usd
1972-07-18,3.7707,per_usd
1972-07-19,3.7771,per_usd
1972-07-20,3.77,per_usd
1972-07-21,3.775,per_usd
1972-07-24,3.7811,per_usd
1972-07-25,3.775,per_usd
1972-07-26,3.7718,per_usd
1972-07-27,3.775,per_usd
1972-07-28,3.775,per_usd
1972-07-31,3.7736,per_usd
1972-08-01,3.7736,per_usd
1972-08-02,3.7786,per_usd
1972-08-03,3.7793,per_usd
1972-08-04,3.7779,per_usd
1972-08-07,3.7757,per_usd
1972-08-08,3.7768,per_usd
1972-08-09,3.7786,per_usd
1972-08-10,3.7786,per_usd
1972-08-11,3.7793,per_usd
1972-08-14,3.7793,per_usd
1972-08-15,3.7821,per_usd
1972-08-16,3.7836,per_usd
1972-08-17,3.7886,per_usd
1972-08-18,3.7879,per_usd
1972-08-21,3.7915,per_usd
1972-08-22,3.7821,per_usd
1972-08-23,3.7793,per_usd
1972-08-24,3.7793,per_usd
1972-08-25,3.7864,per_usd
1972-08-28,3.7777,per_usd
1972-08-29,3.7821,per_usd
1972-08-30,3.7786,per_usd
1972-08-31,3.7818,per_usd
1972-09-01,3.7793,per_usd
1972-09-05,3.7821,per_usd
1972-09-06,3.7811,per_usd
1972-09-07,3.7775,per_usd
1972-09-08,3.7787,per_usd
1972-09-11,3.78,per_usd
1972-09-12,3.7807,per_usd
1972-09-13,3.7793,per_usd
1972-09-14,3.7836,per_usd
1972-09-15,3.7847,per_usd
1972-09-18,3.7918,per_usd
1972-09-19,3.7904,per_usd
1972-09-20,3.7904,per_usd
1972-09-21,3.7915,per_usd
1972-09-22,3.79,per_usd
1972-09-25,3.7925,per_usd
1972-09-26,3.7958,per_usd
1972-09-27,3.7951,per_usd
1972-09-28,3.8019,per_usd
1972-09-29,3.8023,per_usd
1972-10-02,3.8066,per_usd
1972-10-03,3.8045,per_usd
1972-10-04,3.7965,per_usd
1972-10-05,3.7882,per_usd
1972-10-06,3.7872,per_usd
1972-10-10,3.7922,per_usd
1972-10-11,3.7971,per_usd
1972-10-12,3.7994,per_usd
1972-10-13,3.7994,per_usd
1972-10-16,3.7983,per_usd
1972-10-17,3.7979,per_usd
1972-10-18,3.7961,per_usd
1972-10-19,3.794,per_usd
1972-10-20,3.7976,per_usd
1972-10-24,3.8043,per_usd
1972-10-25,3.7994,per_usd
1972-10-26,3.799,per_usd
1972-10-27,3.7987,per_usd
1972-10-30,3.7979,per_usd
1972-10-31,3.7994,per_usd
1972-11-01,3.7981,per_usd
1972-11-02,3.7965,per_usd
1972-11-03,3.7972,per_usd
1972-11-06,3.801,per_usd
1972-11-08,3.8019,per_usd
1972-11-09,3.8008,per_usd
1972-11-10,3.8023,per_usd
1972-11-13,3.8019,per_usd
1972-11-14,3.803,per_usd
1972-11-15,3.7994,per_usd
1972-11-16,3.8012,per_usd
1972-11-17,3.8023,per_usd
1972-11-20,3.8023,per_usd
1972-11-21,3.8008,per_usd
1972-11-22,3.799,per_usd
1972-11-24,3.7925,per_usd
1972-11-27,3.7739,per_usd
1972-11-28,3.785,per_usd
1972-11-29,3.7764,per_usd
1972-11-30,3.7761,per_usd
1972-12-01,3.7658,per_usd
1972-12-04,3.7729,per_usd
1972-12-05,3.7718,per_usd
1972-12-06,3.7743,per_usd
1972-12-07,3.7743,per_usd
1972-12-08,3.7747,per_usd
1972-12-11,3.775,per_usd
1972-12-12,3.7775,per_usd
1972-12-13,3.7743,per_usd
1972-12-14,3.7718,per_usd
1972-12-15,3.7718,per_usd
1972-12-18,3.7736,per_usd
1972-12-19,3.7745,per_usd
1972-12-20,3.77,per_usd
1972-12-21,3.7615,per_usd
1972-12-22,3.7594,per_usd
1972-12-26,3.758,per_usd
1972-12-27,3.7594,per_usd
1972-12-28,3.7679,per_usd
1972-12-29,3.7707,per_usd
1973-01-02,3.7714,per_usd
1973-01-03,3.7636,per_usd
1973-01-04,3.7672,per_usd
1973-01-05,3.7651,per_usd
1973-01-08,3.7693,per_usd
1973-01-09,3.7631,per_usd
1973-01-10,3.7585,per_usd
1973-01-11,3.7612,per_usd
1973-01-12,3.7619,per_usd
1973-01-15,3.7644,per_usd
1973-01-16,3.7633,per_usd
1973-01-17,3.7601,per_usd
1973-01-18,3.7601,per_usd
1973-01-19,3.759,per_usd
1973-01-22,3.7202,per_usd
1973-01-23,3.7313,per_usd
1973-01-24,3.695,per_usd
1973-01-25,3.6778,per_usd
1973-01-26,3.6711,per_usd
1973-01-29,3.6225,per_usd
1973-01-30,3.6186,per_usd
1973-01-31,3.6206,per_usd
1973-02-01,3.6049,per_usd
1973-02-02,3.614,per_usd
1973-02-05,3.601,per_usd
1973-02-06,3.5868,per_usd
1973-02-07,3.5855,per_usd
1973-02-08,3.56,per_usd
1973-02-09,3.5651,per_usd
1973-02-13,3.459,per_usd
1973-02-14,3.3875,per_usd
1973-02-15,3.358,per_usd
1973-02-16,3.367,per_usd
1973-02-20,3.3636,per_usd
1973-02-21,3.3422,per_usd
1973-02-22,3.252,per_usd
1973-02-23,3.2733,per_usd
1973-02-26,3.2563,per_usd
1973-02-27,3.2,per_usd
1973-02-28,3.1299,per_usd
1973-03-01,3.1299,per_usd
1973-03-02,3.1299,per_usd
1973-03-05,3.2113,per_usd
1973-03-06,3.1928,per_usd
1973-03-07,3.1796,per_usd
1973-03-08,3.1726,per_usd
1973-03-09,3.1827,per_usd
1973-03-12,3.231,per_usd
1973-03-13,3.268,per_usd
1973-03-14,3.2436,per_usd
1973-03-15,3.2041,per_usd
1973-03-16,3.2394,per_usd
1973-03-19,3.252,per_usd
1973-03-20,3.2425,per_usd
1973-03-21,3.2468,per_usd
1973-03-22,3.2478,per_usd
1973-03-23,3.2404,per_usd
1973-03-26,3.23,per_usd
1973-03-27,3.2248,per_usd
1973-03-28,3.2279,per_usd
1973-03-29,3.2352,per_usd
1973-03-30,3.2436,per_usd
1973-04-02,3.2648,per_usd
1973-04-03,3.26,per_usd
1973-04-04,3.2352,per_usd
1973-04-05,3.2331,per_usd
1973-04-06,3.2404,per_usd
1973-04-09,3.2373,per_usd
1973-04-10,3.2373,per_usd
1973-04-11,3.2305,per_usd
1973-04-12,3.23,per_usd
1973-04-13,3.2362,per_usd
1973-04-16,3.2373,per_usd
1973-04-17,3.23,per_usd
1973-04-18,3.2362,per_usd
1973-04-19,3.241,per_usd
1973-04-20,3.2415,per_usd
1973-04-23,3.241,per_usd
1973-04-24,3.2452,per_usd
1973-04-25,3.2436,per_usd
1973-04-26,3.2468,per_usd
1973-04-27,3.2436,per_usd
1973-04-30,3.2415,per_usd
1973-05-01,3.2404,per_usd
1973-05-02,3.2415,per_usd
1973-05-03,3.2457,per_usd
1973-05-04,3.2489,per_usd
1973-05-07,3.2515,per_usd
1973-05-08,3.2415,per_usd
1973-05-09,3.2394,per_usd
1973-05-10,3.2425,per_usd
1973-05-11,3.2368,per_usd
1973-05-14,3.1796,per_usd
1973-05-15,3.1447,per_usd
1973-05-16,3.1576,per_usd
1973-05-17,3.1636,per_usd
1973-05-18,3.1447,per_usd
1973-05-21,3.096,per_usd
1973-05-22,3.1027,per_usd
1973-05-23,3.0979,per_usd
1973-05-24,3.1075,per_usd
1973-05-25,3.126,per_usd
1973-05-29,3.1124,per_usd
1973-05-30,3.0941,per_usd
1973-05-31,3.0864,per_usd
1973-06-01,3.0741,per_usd
1973-06-04,3.0303,per_usd
1973-06-05,3.0488,per_usd
1973-06-06,3.0703,per_usd
1973-06-07,3.0883,per_usd
1973-06-08,3.0807,per_usd
1973-06-11,3.0883,per_usd
1973-06-12,3.0731,per_usd
1973-06-13,3.0979,per_usd
1973-06-14,3.0798,per_usd
1973-06-15,3.0637,per_usd
1973-06-18,3.0432,per_usd
1973-06-19,3.0562,per_usd
1973-06-20,3.0637,per_usd
1973-06-21,3.0423,per_usd
1973-06-22,3.0404,per_usd
1973-06-25,3.0497,per_usd
1973-06-26,3.0423,per_usd
1973-06-27,3.034,per_usd
1973-06-28,3.0211,per_usd
1973-06-29,2.9283,per_usd
1973-07-02,2.8902,per_usd
1973-07-03,2.8313,per_usd
1973-07-05,2.7902,per_usd
1973-07-06,2.6991,per_usd
1973-07-09,2.7647,per_usd
1973-07-10,2.8736,per_usd
1973-07-11,2.8852,per_usd
1973-07-12,2.8653,per_usd
1973-07-13,2.8686,per_usd
1973-07-16,2.8498,per_usd
1973-07-17,2.8169,per_usd
1973-07-18,2.7871,per_usd
1973-07-19,2.849,per_usd
1973-07-20,2.8225,per_usd
1973-07-23,2.8121,per_usd
1973-07-24,2.805,per_usd
1973-07-25,2.8043,per_usd
1973-07-26,2.7933,per_usd
1973-07-27,2.805,per_usd
1973-07-30,2.8361,per_usd
1973-07-31,2.8409,per_usd
1973-08-01,2.8409,per_usd
1973-08-02,2.8531,per_usd
1973-08-03,2.8474,per_usd
1973-08-06,2.8818,per_usd
1973-08-07,2.8661,per_usd
1973-08-08,2.8629,per_usd
1973-08-09,2.8918,per_usd
1973-08-10,2.9499,per_usd
1973-08-13,2.9533,per_usd
1973-08-14,3.0148,per_usd
1973-08-15,3.0266,per_usd
1973-08-16,3.0488,per_usd
1973-08-17,3.0386,per_usd
1973-08-20,2.9499,per_usd
1973-08-21,3.046,per_usd
1973-08-22,3.0377,per_usd
1973-08-23,3.0628,per_usd
1973-08-24,3.0367,per_usd
1973-08-27,3.0432,per_usd
1973-08-28,3.0478,per_usd
1973-08-29,3.0211,per_usd
1973-08-30,3.0303,per_usd
1973-08-31,3.0349,per_usd
1973-09-04,3.0312,per_usd
1973-09-05,3.0157,per_usd
1973-09-06,3.0257,per_usd
1973-09-07,3.0003,per_usd
1973-09-10,3.012,per_usd
1973-09-11,3.0285,per_usd
1973-09-12,3.0193,per_usd
1973-09-13,3.0367,per_usd
1973-09-14,3.0321,per_usd
1973-09-17,3.0057,per_usd
1973-09-18,3.0075,per_usd
1973-09-19,3.0166,per_usd
1973-09-20,2.9931,per_usd
1973-09-21,3.0139,per_usd
1973-09-24,3.0084,per_usd
1973-09-25,3.0093,per_usd
1973-09-26,3.0148,per_usd
1973-09-27,3.0221,per_usd
1973-09-28,3.0303,per_usd
1973-10-01,3.0248,per_usd
1973-10-02,3.0166,per_usd
1973-10-03,3.0202,per_usd
1973-10-04,3.0211,per_usd
1973-10-05,3.0184,per_usd
1973-10-09,3.0184,per_usd
1973-10-10,3.0057,per_usd
1973-10-11,3.0003,per_usd
1973-10-12,3.0066,per_usd
1973-10-15,3.0166,per_usd
1973-10-16,3.0111,per_usd
1973-10-17,3.0039,per_usd
1973-10-18,3.0075,per_usd
1973-10-19,3.0275,per_usd
1973-10-23,3.012,per_usd
1973-10-24,3.0202,per_usd
1973-10-25,3.0248,per_usd
1973-10-26,3.0525,per_usd
1973-10-29,3.0989,per_usd
1973-10-30,3.0989,per_usd
1973-10-31,3.0998,per_usd
1973-11-01,3.0998,per_usd
1973-11-02,3.0769,per_usd
1973-11-05,3.095,per_usd
1973-11-07,3.1162,per_usd
1973-11-08,3.1211,per_usd
1973-11-09,3.1328,per_usd
1973-11-12,3.1867,per_usd
1973-11-13,3.1857,per_usd
1973-11-14,3.1576,per_usd
1973-11-15,3.1766,per_usd
1973-11-16,3.1726,per_usd
1973-11-19,3.1696,per_usd
1973-11-20,3.1756,per_usd
1973-11-21,3.1837,per_usd
1973-11-23,3.23,per_usd
1973-11-26,3.2062,per_usd
1973-11-27,3.1959,per_usd
1973-11-28,3.1969,per_usd
1973-11-29,3.2103,per_usd
1973-11-30,3.2051,per_usd
1973-12-03,3.2031,per_usd
1973-12-04,3.2103,per_usd
1973-12-05,3.1949,per_usd
1973-12-06,3.1726,per_usd
1973-12-07,3.1756,per_usd
1973-12-10,3.1928,per_usd
1973-12-11,3.198,per_usd
1973-12-12,3.1908,per_usd
1973-12-13,3.1939,per_usd
1973-12-14,3.199,per_usd
1973-12-17,3.199,per_usd
1973-12-18,3.198,per_usd
1973-12-19,3.199,per_usd
1973-12-20,3.1918,per_usd
1973-12-21,3.1766,per_usd
1973-12-24,3.1847,per_usd
1973-12-26,3.1898,per_usd
1973-12-27,3.231,per_usd
1973-12-28,3.2478,per_usd
1973-12-31,3.251,per_usd
1974-01-02,3.3311,per_usd
1974-01-03,3.3245,per_usd
1974-01-04,3.3311,per_usd
1974-01-07,3.427,per_usd
1974-01-08,3.4141,per_usd
1974-01-09,3.3841,per_usd
1974-01-10,3.3557,per_usd
1974-01-11,3.3681,per_usd
1974-01-14,3.3875,per_usd
1974-01-15,3.3979,per_usd
1974-01-16,3.3772,per_usd
1974-01-17,3.3875,per_usd
1974-01-18,3.3693,per_usd
1974-01-21,3.3967,per_usd
1974-01-22,3.3829,per_usd
1974-01-23,3.3979,per_usd
1974-01-24,3.3738,per_usd
1974-01-25,3.3761,per_usd
1974-01-28,3.3613,per_usd
1974-01-29,3.3234,per_usd
1974-01-30,3.2949,per_usd
1974-01-31,3.2552,per_usd
1974-02-01,3.2658,per_usd
1974-02-04,3.2206,per_usd
1974-02-05,3.2468,per_usd
1974-02-06,3.252,per_usd
1974-02-07,3.2373,per_usd
1974-02-08,3.231,per_usd
1974-02-11,3.2082,per_usd
1974-02-13,3.198,per_usd
1974-02-14,3.1928,per_usd
1974-02-15,3.1908,per_usd
1974-02-19,3.1466,per_usd
1974-02-20,3.1299,per_usd
1974-02-21,3.0989,per_usd
1974-02-22,3.0656,per_usd
1974-02-25,3.1211,per_usd
1974-02-26,3.095,per_usd
1974-02-27,3.1407,per_usd
1974-02-28,3.1328,per_usd
1974-03-01,3.1506,per_usd
1974-03-04,3.1586,per_usd
1974-03-05,3.1397,per_usd
1974-03-06,3.1348,per_usd
1974-03-07,3.1348,per_usd
1974-03-08,3.1153,per_usd
1974-03-11,3.0788,per_usd
1974-03-12,3.0883,per_usd
1974-03-13,3.0855,per_usd
1974-03-14,3.1153,per_usd
1974-03-15,3.1075,per_usd
1974-03-18,3.095,per_usd
1974-03-19,3.0807,per_usd
1974-03-20,3.0581,per_usd
1974-03-21,3.0303,per_usd
1974-03-22,3.0581,per_usd
1974-03-25,2.9931,per_usd
1974-03-26,3.0048,per_usd
1974-03-27,3.0239,per_usd
1974-03-28,2.9851,per_usd
1974-03-29,3.0157,per_usd
1974-04-01,3.0423,per_usd
1974-04-02,3.0294,per_usd
1974-04-03,3.0675,per_usd
1974-04-04,3.075,per_usd
1974-04-05,3.0572,per_usd
1974-04-08,3.0647,per_usd
1974-04-09,3.0769,per_usd
1974-04-10,3.075,per_usd
1974-04-11,3.06,per_usd
1974-04-12,3.0628,per_usd
1974-04-15,3.0637,per_usd
1974-04-16,3.0581,per_usd
1974-04-17,3.0441,per_usd
1974-04-18,3.023,per_usd
1974-04-19,3.0266,per_usd
1974-04-22,3.013,per_usd
1974-04-23,2.9833,per_usd
1974-04-24,2.9656,per_usd
1974-04-25,2.9797,per_usd
1974-04-26,2.9691,per_usd
1974-04-29,2.924,per_usd
1974-04-30,2.9325,per_usd
1974-05-01,2.9377,per_usd
1974-05-02,2.9516,per_usd
1974-05-03,2.9603,per_usd
1974-05-06,2.918,per_usd
1974-05-07,2.936,per_usd
1974-05-08,2.8952,per_usd
1974-05-09,2.8843,per_usd
1974-05-10,2.8736,per_usd
1974-05-13,2.8249,per_usd
1974-05-14,2.809,per_usd
1974-05-15,2.8985,per_usd
1974-05-16,2.8927,per_usd
1974-05-17,2.8944,per_usd
1974-05-20,2.9455,per_usd
1974-05-21,2.9197,per_usd
1974-05-22,2.896,per_usd
1974-05-23,2.891,per_usd
1974-05-24,2.9274,per_usd
1974-05-28,2.9525,per_usd
1974-05-29,3.0012,per_usd
1974-05-30,2.9904,per_usd
1974-05-31,2.9797,per_usd
1974-06-03,2.9612,per_usd
1974-06-04,2.9718,per_usd
1974-06-05,2.9533,per_usd
1974-06-06,2.9283,per_usd
1974-06-07,2.9429,per_usd
1974-06-10,2.9638,per_usd
1974-06-11,2.9824,per_usd
1974-06-12,3.0093,per_usd
1974-06-13,3.0012,per_usd
1974-06-14,2.9958,per_usd
1974-06-17,2.9895,per_usd
1974-06-18,2.9976,per_usd
1974-06-19,3.0012,per_usd
1974-06-20,3.0057,per_usd
1974-06-21,3.0193,per_usd
1974-06-24,3.0441,per_usd
1974-06-25,3.0148,per_usd
1974-06-26,3.0157,per_usd
1974-06-27,2.9994,per_usd
1974-06-28,3.0003,per_usd
1974-07-01,3.012,per_usd
1974-07-02,2.9851,per_usd
1974-07-03,2.97,per_usd
1974-07-05,2.9788,per_usd
1974-07-08,2.9851,per_usd
1974-07-09,2.9931,per_usd
1974-07-10,2.9994,per_usd
1974-07-11,3.0012,per_usd
1974-07-12,2.9833,per_usd
1974-07-15,2.9718,per_usd
1974-07-16,2.9753,per_usd
1974-07-17,2.9429,per_usd
1974-07-18,2.9516,per_usd
1974-07-19,2.9542,per_usd
1974-07-22,2.9394,per_usd
1974-07-23,2.9231,per_usd
1974-07-24,2.886,per_usd
1974-07-25,2.9377,per_usd
1974-07-26,2.9438,per_usd
1974-07-29,2.942,per_usd
1974-07-30,2.9718,per_usd
1974-07-31,2.9647,per_usd
1974-08-01,2.9551,per_usd
1974-08-02,2.9542,per_usd
1974-08-05,2.9455,per_usd
1974-08-06,2.956,per_usd
1974-08-07,2.963,per_usd
1974-08-08,2.9771,per_usd
1974-08-09,2.9568,per_usd
1974-08-12,2.9709,per_usd
1974-08-13,2.9895,per_usd
1974-08-14,2.9735,per_usd
1974-08-15,2.9815,per_usd
1974-08-16,2.9886,per_usd
1974-08-19,3.0075,per_usd
1974-08-20,2.9949,per_usd
1974-08-21,3.0084,per_usd
1974-08-22,3.0111,per_usd
1974-08-23,3.0021,per_usd
1974-08-26,2.9913,per_usd
1974-08-27,3.0157,per_usd
1974-08-28,3.0003,per_usd
1974-08-29,3.0075,per_usd
1974-08-30,3.0111,per_usd
1974-09-03,3.0111,per_usd
1974-09-04,3.0111,per_usd
1974-09-05,3.0248,per_usd
1974-09-06,3.0184,per_usd
1974-09-09,3.0139,per_usd
1974-09-10,3.0003,per_usd
1974-09-11,3.0166,per_usd
1974-09-12,3.0057,per_usd
1974-09-13,3.0084,per_usd
1974-09-16,3.0057,per_usd
1974-09-17,2.994,per_usd
1974-09-18,2.9842,per_usd
1974-09-19,2.994,per_usd
1974-09-20,2.9958,per_usd
1974-09-23,2.9851,per_usd
1974-09-24,2.986,per_usd
1974-09-25,2.9833,per_usd
1974-09-26,2.9771,per_usd
1974-09-27,2.9691,per_usd
1974-09-30,2.9499,per_usd
1974-10-01,2.9412,per_usd
1974-10-02,2.9516,per_usd
1974-10-03,2.9429,per_usd
1974-10-04,2.924,per_usd
1974-10-07,2.9274,per_usd
1974-10-08,2.9308,per_usd
1974-10-09,2.9053,per_usd
1974-10-10,2.9189,per_usd
1974-10-11,2.924,per_usd
1974-10-15,2.9163,per_usd
1974-10-16,2.8985,per_usd
1974-10-17,2.896,per_usd
1974-10-18,2.8885,per_usd
1974-10-21,2.8902,per_usd
1974-10-22,2.8736,per_usd
1974-10-23,2.8506,per_usd
1974-10-24,2.8506,per_usd
1974-10-25,2.8498,per_usd
1974-10-28,2.8506,per_usd
1974-10-29,2.8506,per_usd
1974-10-30,2.8727,per_usd
1974-10-31,2.8703,per_usd
1974-11-01,2.8571,per_usd
1974-11-04,2.8361,per_usd
1974-11-06,2.8169,per_usd
1974-11-07,2.7878,per_usd
1974-11-08,2.798,per_usd
1974-11-12,2.8353,per_usd
1974-11-13,2.809,per_usd
1974-11-14,2.7307,per_usd
1974-11-15,2.71,per_usd
1974-11-18,2.6076,per_usd
1974-11-19,2.6511,per_usd
1974-11-20,2.7624,per_usd
1974-11-21,2.8169,per_usd
1974-11-22,2.7382,per_usd
1974-11-25,2.6882,per_usd
1974-11-26,2.6631,per_usd
1974-11-27,2.6846,per_usd
1974-11-29,2.7122,per_usd
1974-12-02,2.7435,per_usd
1974-12-03,2.7211,per_usd
1974-12-04,2.6788,per_usd
1974-12-05,2.6511,per_usd
1974-12-06,2.6667,per_usd
1974-12-09,2.6413,per_usd
1974-12-10,2.6316,per_usd
1974-12-11,2.626,per_usd
1974-12-12,2.5981,per_usd
1974-12-13,2.6123,per_usd
1974-12-16,2.5967,per_usd
1974-12-17,2.5445,per_usd
1974-12-18,2.5641,per_usd
1974-12-19,2.6062,per_usd
1974-12-20,2.5641,per_usd
1974-12-23,2.5674,per_usd
1974-12-24,2.5381,per_usd
1974-12-26,2.5284,per_usd
1974-12-27,2.5126,per_usd
1974-12-30,2.5221,per_usd
1974-12-31,2.5445,per_usd
1975-01-02,2.5727,per_usd
1975-01-03,2.5304,per_usd
1975-01-06,2.5342,per_usd
1975-01-07,2.5342,per_usd
1975-01-08,2.5773,per_usd
1975-01-09,2.5615,per_usd
1975-01-10,2.5621,per_usd
1975-01-13,2.5595,per_usd
1975-01-14,2.576,per_usd
1975-01-15,2.57,per_usd
1975-01-16,2.5641,per_usd
1975-01-17,2.5608,per_usd
1975-01-20,2.5195,per_usd
1975-01-21,2.5088,per_usd
1975-01-22,2.5284,per_usd
1975-01-23,2.5,per_usd
1975-01-24,2.4722,per_usd
1975-01-27,2.4125,per_usd
1975-01-28,2.4691,per_usd
1975-01-29,2.5094,per_usd
1975-01-30,2.4938,per_usd
1975-01-31,2.4956,per_usd
1975-02-03,2.5202,per_usd
1975-02-04,2.5478,per_usd
1975-02-05,2.5407,per_usd
1975-02-06,2.5278,per_usd
1975-02-07,2.5208,per_usd
1975-02-10,2.5031,per_usd
1975-02-11,2.5063,per_usd
1975-02-13,2.4722,per_usd
1975-02-14,2.4679,per_usd
1975-02-18,2.4673,per_usd
1975-02-19,2.4802,per_usd
1975-02-20,2.451,per_usd
1975-02-21,2.4492,per_usd
1975-02-24,2.4307,per_usd
1975-02-25,2.4248,per_usd
1975-02-26,2.4073,per_usd
1975-02-27,2.3952,per_usd
1975-02-28,2.4033,per_usd
1975-03-03,2.4021,per_usd
1975-03-04,2.4426,per_usd
1975-03-05,2.4366,per_usd
1975-03-06,2.4426,per_usd
1975-03-07,2.474,per_usd
1975-03-10,2.471,per_usd
1975-03-11,2.4704,per_usd
1975-03-12,2.4863,per_usd
1975-03-13,2.4907,per_usd
1975-03-14,2.4876,per_usd
1975-03-17,2.4894,per_usd
1975-03-18,2.4691,per_usd
1975-03-19,2.4612,per_usd
1975-03-20,2.4783,per_usd
1975-03-21,2.4925,per_usd
1975-03-24,2.5088,per_usd
1975-03-25,2.5082,per_usd
1975-03-26,2.5221,per_usd
1975-03-27,2.5432,per_usd
1975-03-28,2.5394,per_usd
1975-03-31,2.5381,per_usd
1975-04-01,2.5202,per_usd
1975-04-02,2.5336,per_usd
1975-04-03,2.5394,per_usd
1975-04-04,2.5641,per_usd
1975-04-07,2.5517,per_usd
1975-04-08,2.5484,per_usd
1975-04-09,2.5562,per_usd
1975-04-10,2.5767,per_usd
1975-04-11,2.57,per_usd
1975-04-14,2.5793,per_usd
1975-04-15,2.5694,per_usd
1975-04-16,2.5667,per_usd
1975-04-17,2.5681,per_usd
1975-04-18,2.57,per_usd
1975-04-21,2.57,per_usd
1975-04-22,2.5634,per_usd
1975-04-23,2.5478,per_usd
1975-04-24,2.5497,per_usd
1975-04-25,2.5687,per_usd
1975-04-28,2.5674,per_usd
1975-04-29,2.5575,per_usd
1975-04-30,2.5582,per_usd
1975-05-01,2.5575,per_usd
1975-05-02,2.5595,per_usd
1975-05-05,2.5497,per_usd
1975-05-06,2.5458,per_usd
1975-05-07,2.5291,per_usd
1975-05-08,2.505,per_usd
1975-05-09,2.5094,per_usd
1975-05-12,2.5107,per_usd
1975-05-13,2.4759,per_usd
1975-05-14,2.4783,per_usd
1975-05-15,2.5183,per_usd
1975-05-16,2.5214,per_usd
1975-05-19,2.5183,per_usd
1975-05-20,2.5132,per_usd
1975-05-21,2.495,per_usd
1975-05-22,2.4814,per_usd
1975-05-23,2.4808,per_usd
1975-05-27,2.4765,per_usd
1975-05-28,2.482,per_usd
1975-05-29,2.4919,per_usd
1975-05-30,2.5019,per_usd
1975-06-02,2.4981,per_usd
1975-06-03,2.4876,per_usd
1975-06-04,2.4963,per_usd
1975-06-05,2.4944,per_usd
1975-06-06,2.5031,per_usd
1975-06-09,2.5069,per_usd
1975-06-10,2.5006,per_usd
1975-06-11,2.4919,per_usd
1975-06-12,2.4882,per_usd
1975-06-13,2.4907,per_usd
1975-06-16,2.4826,per_usd
1975-06-17,2.482,per_usd
1975-06-18,2.4907,per_usd
1975-06-19,2.4931,per_usd
1975-06-20,2.4938,per_usd
1975-06-23,2.4981,per_usd
1975-06-24,2.4975,per_usd
1975-06-25,2.4956,per_usd
1975-06-26,2.4938,per_usd
1975-06-27,2.5,per_usd
1975-06-30,2.5025,per_usd
1975-07-01,2.5119,per_usd
1975-07-02,2.5342,per_usd
1975-07-03,2.5381,per_usd
1975-07-07,2.5602,per_usd
1975-07-08,2.5504,per_usd
1975-07-09,2.553,per_usd
1975-07-10,2.57,per_usd
1975-07-11,2.5773,per_usd
1975-07-14,2.582,per_usd
1975-07-15,2.5893,per_usd
1975-07-16,2.6042,per_usd
1975-07-17,2.6219,per_usd
1975-07-18,2.6399,per_usd
1975-07-21,2.6441,per_usd
1975-07-22,2.6497,per_usd
1975-07-23,2.6774,per_usd
1975-07-24,2.6717,per_usd
1975-07-25,2.661,per_usd
1975-07-28,2.6838,per_usd
1975-07-29,2.6925,per_usd
1975-07-30,2.7027,per_usd
1975-07-31,2.6969,per_usd
1975-08-01,2.6983,per_usd
1975-08-04,2.686,per_usd
1975-08-05,2.666,per_usd
1975-08-06,2.6788,per_usd
1975-08-07,2.6947,per_usd
1975-08-08,2.6882,per_usd
1975-08-11,2.6882,per_usd
1975-08-12,2.6896,per_usd
1975-08-13,2.6824,per_usd
1975-08-14,2.6582,per_usd
1975-08-15,2.6688,per_usd
1975-08-18,2.6638,per_usd
1975-08-19,2.661,per_usd
1975-08-20,2.6731,per_usd
1975-08-21,2.6717,per_usd
1975-08-22,2.6774,per_usd
1975-08-25,2.6846,per_usd
1975-08-26,2.6795,per_usd
1975-08-27,2.6767,per_usd
1975-08-28,2.6817,per_usd
1975-08-29,2.6846,per_usd
1975-09-02,2.6838,per_usd
1975-09-03,2.6738,per_usd
1975-09-04,2.6824,per_usd
1975-09-05,2.6838,per_usd
1975-09-08,2.6831,per_usd
1975-09-09,2.6831,per_usd
1975-09-10,2.6874,per_usd
1975-09-11,2.6925,per_usd
1975-09-12,2.6983,per_usd
1975-09-15,2.6983,per_usd
1975-09-16,2.7137,per_usd
1975-09-17,2.7233,per_usd
1975-09-18,2.7233,per_usd
1975-09-19,2.7211,per_usd
1975-09-22,2.7322,per_usd
1975-09-23,2.73,per_usd
1975-09-24,2.727,per_usd
1975-09-25,2.7263,per_usd
1975-09-26,2.7457,per_usd
1975-09-29,2.7533,per_usd
1975-09-30,2.745,per_usd
1975-10-01,2.7122,per_usd
1975-10-02,2.7042,per_usd
1975-10-03,2.7233,per_usd
1975-10-06,2.7093,per_usd
1975-10-07,2.6969,per_usd
1975-10-08,2.6998,per_usd
1975-10-09,2.6903,per_usd
1975-10-10,2.6596,per_usd
1975-10-14,2.6824,per_usd
1975-10-15,2.6617,per_usd
1975-10-16,2.6455,per_usd
1975-10-17,2.6511,per_usd
1975-10-20,2.6462,per_usd
1975-10-21,2.6378,per_usd
1975-10-22,2.6274,per_usd
1975-10-23,2.6344,per_usd
1975-10-24,2.6323,per_usd
1975-10-27,2.6364,per_usd
1975-10-28,2.6455,per_usd
1975-10-29,2.6385,per_usd
1975-10-30,2.6288,per_usd
1975-10-31,2.6247,per_usd
1975-11-03,2.6233,per_usd
1975-11-05,2.6434,per_usd
1975-11-06,2.6323,per_usd
1975-11-07,2.6344,per_usd
1975-11-10,2.6357,per_usd
1975-11-12,2.6378,per_usd
1975-11-13,2.6483,per_usd
1975-11-14,2.6617,per_usd
1975-11-17,2.6788,per_usd
1975-11-18,2.6667,per_usd
1975-11-19,2.6603,per_usd
1975-11-20,2.6504,per_usd
1975-11-21,2.666,per_usd
1975-11-24,2.6652,per_usd
1975-11-25,2.6624,per_usd
1975-11-26,2.6709,per_usd
1975-11-28,2.6767,per_usd
1975-12-01,2.6667,per_usd
1975-12-02,2.6603,per_usd
1975-12-03,2.6532,per_usd
1975-12-04,2.6427,per_usd
1975-12-05,2.6392,per_usd
1975-12-08,2.6212,per_usd
1975-12-09,2.6344,per_usd
1975-12-10,2.6337,per_usd
1975-12-11,2.6378,per_usd
1975-12-12,2.6392,per_usd
1975-12-15,2.6392,per_usd
1975-12-16,2.6344,per_usd
1975-12-17,2.6281,per_usd
1975-12-18,2.6254,per_usd
1975-12-19,2.6261,per_usd
1975-12-22,2.624,per_usd
1975-12-23,2.6192,per_usd
1975-12-24,2.6254,per_usd
1975-12-26,2.6254,per_usd
1975-12-29,2.6226,per_usd
1975-12-30,2.6226,per_usd
1975-12-31,2.6212,per_usd
1976-01-02,2.6178,per_usd
1976-01-05,2.5907,per_usd
1976-01-06,2.594,per_usd
1976-01-07,2.5988,per_usd
1976-01-08,2.6008,per_usd
1976-01-09,2.6069,per_usd
1976-01-12,2.6055,per_usd
1976-01-13,2.6069,per_usd
1976-01-14,2.6008,per_usd
1976-01-15,2.6015,per_usd
1976-01-16,2.6008,per_usd
1976-01-19,2.6021,per_usd
1976-01-20,2.6042,per_usd
1976-01-21,2.6103,per_usd
1976-01-22,2.6042,per_usd
1976-01-23,2.6048,per_usd
1976-01-26,2.6028,per_usd
1976-01-27,2.6028,per_usd
1976-01-28,2.6028,per_usd
1976-01-29,2.6021,per_usd
1976-01-30,2.6021,per_usd
1976-02-02,2.5681,per_usd
1976-02-03,2.59,per_usd
1976-02-04,2.592,per_usd
1976-02-05,2.5927,per_usd
1976-02-06,2.5947,per_usd
1976-02-09,2.576,per_usd
1976-02-10,2.5747,per_usd
1976-02-11,2.553,per_usd
1976-02-13,2.551,per_usd
1976-02-17,2.572,per_usd
1976-02-18,2.5641,per_usd
1976-02-19,2.5569,per_usd
1976-02-20,2.5641,per_usd
1976-02-23,2.5595,per_usd
1976-02-24,2.5562,per_usd
1976-02-25,2.5615,per_usd
1976-02-26,2.5641,per_usd
1976-02-27,2.5687,per_usd
1976-03-01,2.5907,per_usd
1976-03-02,2.5867,per_usd
1976-03-03,2.5813,per_usd
1976-03-04,2.592,per_usd
1976-03-05,2.5893,per_usd
1976-03-08,2.5773,per_usd
1976-03-09,2.5793,per_usd
1976-03-10,2.576,per_usd
1976-03-11,2.5893,per_usd
1976-03-12,2.5867,per_usd
1976-03-15,2.5813,per_usd
1976-03-16,2.5813,per_usd
1976-03-17,2.5419,per_usd
1976-03-18,2.5329,per_usd
1976-03-19,2.5355,per_usd
1976-03-22,2.5407,per_usd
1976-03-23,2.5648,per_usd
1976-03-24,2.5569,per_usd
1976-03-25,2.5478,per_usd
1976-03-26,2.5497,per_usd
1976-03-29,2.551,per_usd
1976-03-30,2.5381,per_usd
1976-03-31,2.5387,per_usd
1976-04-01,2.5265,per_usd
1976-04-02,2.5413,per_usd
1976-04-05,2.54,per_usd
1976-04-06,2.5361,per_usd
1976-04-07,2.5445,per_usd
1976-04-08,2.5284,per_usd
1976-04-09,2.5361,per_usd
1976-04-12,2.5387,per_usd
1976-04-13,2.5316,per_usd
1976-04-14,2.5214,per_usd
1976-04-15,2.5259,per_usd
1976-04-16,2.5355,per_usd
1976-04-19,2.5272,per_usd
1976-04-20,2.5233,per_usd
1976-04-21,2.5316,per_usd
1976-04-22,2.5284,per_usd
1976-04-23,2.5284,per_usd
1976-04-26,2.5259,per_usd
1976-04-27,2.5291,per_usd
1976-04-28,2.5227,per_usd
1976-04-29,2.5138,per_usd
1976-04-30,2.5157,per_usd
1976-05-03,2.5025,per_usd
1976-05-04,2.4987,per_usd
1976-05-05,2.4913,per_usd
1976-05-06,2.4679,per_usd
1976-05-07,2.4777,per_usd
1976-05-10,2.4832,per_usd
1976-05-11,2.4808,per_usd
1976-05-12,2.4963,per_usd
1976-05-13,2.4931,per_usd
1976-05-14,2.5006,per_usd
1976-05-17,2.5221,per_usd
1976-05-18,2.5189,per_usd
1976-05-19,2.4969,per_usd
1976-05-20,2.4826,per_usd
1976-05-21,2.4944,per_usd
1976-05-24,2.4722,per_usd
1976-05-25,2.474,per_usd
1976-05-26,2.4673,per_usd
1976-05-27,2.4655,per_usd
1976-05-28,2.4606,per_usd
1976-06-01,2.426,per_usd
1976-06-02,2.3941,per_usd
1976-06-03,2.4056,per_usd
1976-06-04,2.4564,per_usd
1976-06-07,2.46,per_usd
1976-06-08,2.5019,per_usd
1976-06-09,2.5038,per_usd
1976-06-10,2.4882,per_usd
1976-06-11,2.4857,per_usd
1976-06-14,2.4919,per_usd
1976-06-15,2.4771,per_usd
1976-06-16,2.4673,per_usd
1976-06-17,2.4869,per_usd
1976-06-18,2.4876,per_usd
1976-06-21,2.4882,per_usd
1976-06-22,2.4888,per_usd
1976-06-23,2.4882,per_usd
1976-06-24,2.4704,per_usd
1976-06-25,2.4728,per_usd
1976-06-28,2.4661,per_usd
1976-06-29,2.474,per_usd
1976-06-30,2.4685,per_usd
1976-07-01,2.4697,per_usd
1976-07-02,2.4691,per_usd
1976-07-06,2.4722,per_usd
1976-07-07,2.4777,per_usd
1976-07-08,2.4795,per_usd
1976-07-09,2.4777,per_usd
1976-07-12,2.4832,per_usd
1976-07-13,2.4814,per_usd
1976-07-14,2.4752,per_usd
1976-07-15,2.4802,per_usd
1976-07-16,2.482,per_usd
1976-07-19,2.4826,per_usd
1976-07-20,2.4876,per_usd
1976-07-21,2.4919,per_usd
1976-07-22,2.5094,per_usd
1976-07-23,2.5126,per_usd
1976-07-26,2.5082,per_usd
1976-07-27,2.505,per_usd
1976-07-28,2.4722,per_usd
1976-07-29,2.4857,per_usd
1976-07-30,2.482,per_usd
1976-08-02,2.4759,per_usd
1976-08-03,2.4845,per_usd
1976-08-04,2.4771,per_usd
1976-08-05,2.4789,per_usd
1976-08-06,2.482,per_usd
1976-08-09,2.4944,per_usd
1976-08-10,2.505,per_usd
1976-08-11,2.4913,per_usd
1976-08-12,2.4969,per_usd
1976-08-13,2.4888,per_usd
1976-08-16,2.4869,per_usd
1976-08-17,2.471,per_usd
1976-08-18,2.4704,per_usd
1976-08-19,2.4746,per_usd
1976-08-20,2.4759,per_usd
1976-08-23,2.4746,per_usd
1976-08-24,2.474,per_usd
1976-08-25,2.4783,per_usd
1976-08-26,2.4746,per_usd
1976-08-27,2.4777,per_usd
1976-08-30,2.4777,per_usd
1976-08-31,2.4783,per_usd
1976-09-01,2.4716,per_usd
1976-09-02,2.4802,per_usd
1976-09-03,2.4832,per_usd
1976-09-07,2.482,per_usd
1976-09-08,2.4832,per_usd
1976-09-09,2.4777,per_usd
1976-09-10,2.4802,per_usd
1976-09-13,2.4795,per_usd
1976-09-14,2.4789,per_usd
1976-09-15,2.4697,per_usd
1976-09-16,2.4752,per_usd
1976-09-17,2.474,per_usd
1976-09-20,2.4771,per_usd
1976-09-21,2.474,per_usd
1976-09-22,2.4716,per_usd
1976-09-23,2.474,per_usd
1976-09-24,2.4716,per_usd
1976-09-27,2.4673,per_usd
1976-09-28,2.4661,per_usd
1976-09-29,2.4582,per_usd
1976-09-30,2.445,per_usd
1976-10-01,2.4516,per_usd
1976-10-04,2.4606,per_usd
1976-10-05,2.4564,per_usd
1976-10-06,2.4474,per_usd
1976-10-07,2.4498,per_usd
1976-10-08,2.451,per_usd
1976-10-12,2.4498,per_usd
1976-10-13,2.4426,per_usd
1976-10-14,2.445,per_usd
1976-10-15,2.4534,per_usd
1976-10-18,2.4576,per_usd
1976-10-19,2.448,per_usd
1976-10-20,2.442,per_usd
1976-10-21,2.4486,per_usd
1976-10-22,2.448,per_usd
1976-10-25,2.4372,per_usd
1976-10-26,2.442,per_usd
1976-10-27,2.4361,per_usd
1976-10-28,2.429,per_usd
1976-10-29,2.4331,per_usd
1976-11-01,2.4396,per_usd
1976-11-03,2.4372,per_usd
1976-11-04,2.4438,per_usd
1976-11-05,2.4438,per_usd
1976-11-08,2.4402,per_usd
1976-11-09,2.4426,per_usd
1976-11-10,2.439,per_usd
1976-11-12,2.442,per_usd
1976-11-15,2.4426,per_usd
1976-11-16,2.4432,per_usd
1976-11-17,2.448,per_usd
1976-11-18,2.445,per_usd
1976-11-19,2.4468,per_usd
1976-11-22,2.4278,per_usd
1976-11-23,2.4343,per_usd
1976-11-24,2.4462,per_usd
1976-11-26,2.4402,per_usd
1976-11-29,2.442,per_usd
1976-11-30,2.445,per_usd
1976-12-01,2.4528,per_usd
1976-12-02,2.4546,per_usd
1976-12-03,2.454,per_usd
1976-12-06,2.4456,per_usd
1976-12-07,2.4558,per_usd
1976-12-08,2.454,per_usd
1976-12-09,2.451,per_usd
1976-12-10,2.4528,per_usd
1976-12-13,2.4528,per_usd
1976-12-14,2.454,per_usd
1976-12-15,2.454,per_usd
1976-12-16,2.4498,per_usd
1976-12-17,2.451,per_usd
1976-12-20,2.4462,per_usd
1976-12-21,2.4361,per_usd
1976-12-22,2.4444,per_usd
1976-12-23,2.4486,per_usd
1976-12-24,2.4474,per_usd
1976-12-27,2.4474,per_usd
1976-12-28,2.451,per_usd
1976-12-29,2.4462,per_usd
1976-12-30,2.4438,per_usd
1976-12-31,2.4474,per_usd
1977-01-03,2.442,per_usd
1977-01-04,2.4456,per_usd
1977-01-05,2.4516,per_usd
1977-01-06,2.4558,per_usd
1977-01-07,2.4637,per_usd
1977-01-10,2.4826,per_usd
1977-01-11,2.4795,per_usd
1977-01-12,2.4752,per_usd
1977-01-13,2.4863,per_usd
1977-01-14,2.4925,per_usd
1977-01-17,2.4925,per_usd
1977-01-18,2.5075,per_usd
1977-01-19,2.5075,per_usd
1977-01-20,2.5044,per_usd
1977-01-21,2.505,per_usd
1977-01-24,2.5208,per_usd
1977-01-25,2.5253,per_usd
1977-01-26,2.5246,per_usd
1977-01-27,2.5432,per_usd
1977-01-28,2.5284,per_usd
1977-01-31,2.5063,per_usd
1977-02-01,2.5151,per_usd
1977-02-02,2.5145,per_usd
1977-02-03,2.517,per_usd
1977-02-04,2.5195,per_usd
1977-02-07,2.5119,per_usd
1977-02-08,2.5183,per_usd
1977-02-09,2.5145,per_usd
1977-02-10,2.517,per_usd
1977-02-11,2.5157,per_usd
1977-02-14,2.5038,per_usd
1977-02-15,2.5151,per_usd
1977-02-16,2.5151,per_usd
1977-02-17,2.5126,per_usd
1977-02-18,2.51,per_usd
1977-02-22,2.5233,per_usd
1977-02-23,2.5297,per_usd
1977-02-24,2.5458,per_usd
1977-02-25,2.5432,per_usd
1977-02-28,2.5549,per_usd
1977-03-01,2.553,per_usd
1977-03-02,2.5536,per_usd
1977-03-03,2.5523,per_usd
1977-03-04,2.5471,per_usd
1977-03-07,2.551,per_usd
1977-03-08,2.5569,per_usd
1977-03-09,2.5621,per_usd
1977-03-10,2.5582,per_usd
1977-03-11,2.5582,per_usd
1977-03-14,2.5556,per_usd
1977-03-15,2.5582,per_usd
1977-03-16,2.5575,per_usd
1977-03-17,2.5517,per_usd
1977-03-18,2.5484,per_usd
1977-03-21,2.5471,per_usd
1977-03-22,2.5342,per_usd
1977-03-23,2.5407,per_usd
1977-03-24,2.553,per_usd
1977-03-25,2.5465,per_usd
1977-03-28,2.5426,per_usd
1977-03-29,2.5452,per_usd
1977-03-30,2.5439,per_usd
1977-03-31,2.5439,per_usd
1977-04-01,2.5445,per_usd
1977-04-04,2.5407,per_usd
1977-04-05,2.5419,per_usd
1977-04-06,2.5381,per_usd
1977-04-07,2.5342,per_usd
1977-04-08,2.5342,per_usd
1977-04-11,2.5349,per_usd
1977-04-12,2.5221,per_usd
1977-04-13,2.517,per_usd
1977-04-14,2.5233,per_usd
1977-04-15,2.5132,per_usd
1977-04-18,2.5119,per_usd
1977-04-19,2.5189,per_usd
1977-04-20,2.5253,per_usd
1977-04-21,2.5221,per_usd
1977-04-22,2.5221,per_usd
1977-04-25,2.5208,per_usd
1977-04-26,2.5329,per_usd
1977-04-27,2.5227,per_usd
1977-04-28,2.5176,per_usd
1977-04-29,2.517,per_usd
1977-05-02,2.5202,per_usd
1977-05-03,2.5272,per_usd
1977-05-04,2.5183,per_usd
1977-05-05,2.5195,per_usd
1977-05-06,2.5208,per_usd
1977-05-09,2.5259,per_usd
1977-05-10,2.5233,per_usd
1977-05-11,2.5278,per_usd
1977-05-12,2.5233,per_usd
1977-05-13,2.5265,per_usd
1977-05-16,2.5265,per_usd
1977-05-17,2.5208,per_usd
1977-05-18,2.5202,per_usd
1977-05-19,2.5195,per_usd
1977-05-20,2.5195,per_usd
1977-05-23,2.5189,per_usd
1977-05-24,2.5167,per_usd
1977-05-25,2.5138,per_usd
1977-05-26,2.5044,per_usd
1977-05-27,2.5075,per_usd
1977-05-31,2.5047,per_usd
1977-06-01,2.5,per_usd
1977-06-02,2.4931,per_usd
1977-06-03,2.4882,per_usd
1977-06-06,2.4851,per_usd
1977-06-07,2.4944,per_usd
1977-06-08,2.4928,per_usd
1977-06-09,2.49,per_usd
1977-06-10,2.4922,per_usd
1977-06-13,2.4919,per_usd
1977-06-14,2.4913,per_usd
1977-06-15,2.4907,per_usd
1977-06-16,2.4883,per_usd
1977-06-17,2.4891,per_usd
1977-06-20,2.4963,per_usd
1977-06-21,2.5019,per_usd
1977-06-22,2.4959,per_usd
1977-06-23,2.4931,per_usd
1977-06-24,2.4935,per_usd
1977-06-27,2.4863,per_usd
1977-06-28,2.4839,per_usd
1977-06-29,2.4634,per_usd
1977-06-30,2.4667,per_usd
1977-07-01,2.4612,per_usd
1977-07-05,2.4346,per_usd
1977-07-06,2.4349,per_usd
1977-07-07,2.4257,per_usd
1977-07-08,2.4237,per_usd
1977-07-11,2.4091,per_usd
1977-07-12,2.419,per_usd
1977-07-13,2.4114,per_usd
1977-07-15,2.414,per_usd
1977-07-18,2.4018,per_usd
1977-07-19,2.401,per_usd
1977-07-20,2.3987,per_usd
1977-07-21,2.4041,per_usd
1977-07-22,2.3964,per_usd
1977-07-25,2.3841,per_usd
1977-07-26,2.3832,per_usd
1977-07-27,2.3872,per_usd
1977-07-28,2.4004,per_usd
1977-07-29,2.4096,per_usd
1977-08-01,2.4099,per_usd
1977-08-02,2.401,per_usd
1977-08-03,2.403,per_usd
1977-08-04,2.4091,per_usd
1977-08-05,2.3987,per_usd
1977-08-08,2.412,per_usd
1977-08-09,2.4076,per_usd
1977-08-10,2.4175,per_usd
1977-08-11,2.4143,per_usd
1977-08-12,2.4225,per_usd
1977-08-15,2.4254,per_usd
1977-08-16,2.4438,per_usd
1977-08-17,2.4352,per_usd
1977-08-18,2.4278,per_usd
1977-08-19,2.4195,per_usd
1977-08-22,2.4131,per_usd
1977-08-23,2.4015,per_usd
1977-08-24,2.3776,per_usd
1977-08-25,2.3921,per_usd
1977-08-26,2.3745,per_usd
1977-08-29,2.4004,per_usd
1977-08-30,2.3923,per_usd
1977-08-31,2.3946,per_usd
1977-09-01,2.3941,per_usd
1977-09-02,2.3943,per_usd
1977-09-06,2.3946,per_usd
1977-09-07,2.3827,per_usd
1977-09-08,2.3815,per_usd
1977-09-09,2.3869,per_usd
1977-09-12,2.3889,per_usd
1977-09-13,2.3889,per_usd
1977-09-14,2.3906,per_usd
1977-09-15,2.3861,per_usd
1977-09-16,2.3835,per_usd
1977-09-19,2.3804,per_usd
1977-09-20,2.3677,per_usd
1977-09-21,2.3666,per_usd
1977-09-22,2.3613,per_usd
1977-09-23,2.359,per_usd
1977-09-26,2.3513,per_usd
1977-09-27,2.3657,per_usd
1977-09-28,2.3518,per_usd
1977-09-29,2.3419,per_usd
1977-09-30,2.3474,per_usd
1977-10-03,2.3364,per_usd
1977-10-04,2.3359,per_usd
1977-10-05,2.3355,per_usd
1977-10-06,2.3213,per_usd
1977-10-07,2.3132,per_usd
1977-10-11,2.3127,per_usd
1977-10-12,2.3052,per_usd
1977-10-13,2.2962,per_usd
1977-10-14,2.28,per_usd
1977-10-17,2.2671,per_usd
1977-10-18,2.2591,per_usd
1977-10-19,2.2578,per_usd
1977-10-20,2.2607,per_usd
1977-10-21,2.2568,per_usd
1977-10-24,2.2321,per_usd
1977-10-25,2.2386,per_usd
1977-10-26,2.2366,per_usd
1977-10-27,2.2427,per_usd
1977-10-28,2.2394,per_usd
1977-10-31,2.2329,per_usd
1977-11-01,2.2148,per_usd
1977-11-02,2.2242,per_usd
1977-11-03,2.2146,per_usd
1977-11-04,2.2217,per_usd
1977-11-07,2.2242,per_usd
1977-11-09,2.2232,per_usd
1977-11-10,2.2114,per_usd
1977-11-14,2.2043,per_usd
1977-11-15,2.206,per_usd
1977-11-16,2.1968,per_usd
1977-11-17,2.2095,per_usd
1977-11-18,2.2012,per_usd
1977-11-21,2.1988,per_usd
1977-11-22,2.1935,per_usd
1977-11-23,2.1894,per_usd
1977-11-25,2.1598,per_usd
1977-11-28,2.1455,per_usd
1977-11-29,2.1568,per_usd
1977-11-30,2.1612,per_usd
1977-12-01,2.1441,per_usd
1977-12-02,2.1386,per_usd
1977-12-05,2.1249,per_usd
1977-12-06,2.1263,per_usd
1977-12-07,2.1213,per_usd
1977-12-08,2.1272,per_usd
1977-12-09,2.139,per_usd
1977-12-12,2.1236,per_usd
1977-12-13,2.1061,per_usd
1977-12-14,2.0781,per_usd
1977-12-15,2.0695,per_usd
1977-12-16,2.0597,per_usd
1977-12-19,2.0251,per_usd
1977-12-20,2.0292,per_usd
1977-12-21,2.0149,per_usd
1977-12-22,2.045,per_usd
1977-12-23,2.0513,per_usd
1977-12-27,2.0576,per_usd
1977-12-28,2.0342,per_usd
1977-12-29,2.0121,per_usd
1977-12-30,1.9932,per_usd
1978-01-03,1.926,per_usd
1978-01-04,1.9275,per_usd
1978-01-05,2.0429,per_usd
1978-01-06,2,per_usd
1978-01-09,2.0202,per_usd
1978-01-10,2.0109,per_usd
1978-01-11,1.979,per_usd
1978-01-12,1.992,per_usd
1978-01-13,1.9782,per_usd
1978-01-16,1.9685,per_usd
1978-01-17,1.994,per_usd
1978-01-18,2.0141,per_usd
1978-01-19,2.0025,per_usd
1978-01-20,2.004,per_usd
1978-01-23,1.9841,per_usd
1978-01-24,1.9708,per_usd
1978-01-25,1.9581,per_usd
1978-01-26,1.9771,per_usd
1978-01-27,1.9881,per_usd
1978-01-30,1.9869,per_usd
1978-01-31,1.9881,per_usd
1978-02-01,1.9861,per_usd
1978-02-02,1.9786,per_usd
1978-02-03,1.9677,per_usd
1978-02-06,1.9639,per_usd
1978-02-07,1.96,per_usd
1978-02-08,1.965,per_usd
1978-02-09,1.9583,per_usd
1978-02-10,1.9482,per_usd
1978-02-14,1.9201,per_usd
1978-02-15,1.9201,per_usd
1978-02-16,1.8997,per_usd
1978-02-17,1.8832,per_usd
1978-02-21,1.8382,per_usd
1978-02-22,1.8265,per_usd
1978-02-23,1.796,per_usd
1978-02-24,1.8519,per_usd
1978-02-27,1.8868,per_usd
1978-02-28,1.8205,per_usd
1978-03-01,1.8365,per_usd
1978-03-02,1.8365,per_usd
1978-03-03,1.8587,per_usd
1978-03-06,1.8779,per_usd
1978-03-07,1.879,per_usd
1978-03-08,1.8918,per_usd
1978-03-09,1.9701,per_usd
1978-03-10,1.9569,per_usd
1978-03-13,1.9486,per_usd
1978-03-14,1.9436,per_usd
1978-03-15,1.9357,per_usd
1978-03-16,1.8797,per_usd
1978-03-17,1.9001,per_usd
1978-03-20,1.9205,per_usd
1978-03-21,1.9354,per_usd
1978-03-22,1.9153,per_usd
1978-03-23,1.9102,per_usd
1978-03-24,1.9011,per_usd
1978-03-27,1.8847,per_usd
1978-03-28,1.8904,per_usd
1978-03-29,1.8825,per_usd
1978-03-30,1.8797,per_usd
1978-03-31,1.8315,per_usd
1978-04-03,1.8501,per_usd
1978-04-04,1.8815,per_usd
1978-04-05,1.8709,per_usd
1978-04-06,1.8653,per_usd
1978-04-07,1.8692,per_usd
1978-04-10,1.856,per_usd
1978-04-11,1.8587,per_usd
1978-04-12,1.8657,per_usd
1978-04-13,1.8779,per_usd
1978-04-14,1.8868,per_usd
1978-04-17,1.9011,per_usd
1978-04-18,1.9109,per_usd
1978-04-19,1.9298,per_usd
1978-04-20,1.9794,per_usd
1978-04-21,1.9505,per_usd
1978-04-24,1.9569,per_usd
1978-04-25,1.9581,per_usd
1978-04-26,1.9627,per_usd
1978-04-27,1.9286,per_usd
1978-04-28,1.9444,per_usd
1978-05-01,1.9455,per_usd
1978-05-02,1.9662,per_usd
1978-05-03,1.9627,per_usd
1978-05-04,1.9459,per_usd
1978-05-05,1.9501,per_usd
1978-05-08,1.9755,per_usd
1978-05-09,1.9751,per_usd
1978-05-10,1.9646,per_usd
1978-05-11,1.9745,per_usd
1978-05-12,1.9912,per_usd
1978-05-15,1.991,per_usd
1978-05-16,1.996,per_usd
1978-05-17,1.991,per_usd
1978-05-18,1.9716,per_usd
1978-05-19,1.9802,per_usd
1978-05-22,1.9751,per_usd
1978-05-23,1.9736,per_usd
1978-05-24,1.9697,per_usd
1978-05-25,1.9569,per_usd
1978-05-26,1.9489,per_usd
1978-05-29,1.9384,per_usd
1978-05-31,1.8904,per_usd
1978-06-01,1.8921,per_usd
1978-06-02,1.8839,per_usd
1978-06-05,1.938,per_usd
1978-06-06,1.9131,per_usd
1978-06-07,1.9095,per_usd
1978-06-08,1.8965,per_usd
1978-06-09,1.8947,per_usd
1978-06-12,1.8893,per_usd
1978-06-13,1.8965,per_usd
1978-06-14,1.8886,per_usd
1978-06-15,1.9044,per_usd
1978-06-16,1.893,per_usd
1978-06-19,1.8925,per_usd
1978-06-20,1.8751,per_usd
1978-06-21,1.8643,per_usd
1978-06-22,1.8822,per_usd
1978-06-23,1.8646,per_usd
1978-06-26,1.8646,per_usd
1978-06-27,1.8685,per_usd
1978-06-28,1.8598,per_usd
1978-06-29,1.856,per_usd
1978-06-30,1.8512,per_usd
1978-07-03,1.8305,per_usd
1978-07-05,1.8172,per_usd
1978-07-06,1.8345,per_usd
1978-07-07,1.8205,per_usd
1978-07-10,1.8085,per_usd
1978-07-11,1.8141,per_usd
1978-07-12,1.8202,per_usd
1978-07-13,1.8149,per_usd
1978-07-14,1.8152,per_usd
1978-07-17,1.8355,per_usd
1978-07-18,1.8292,per_usd
1978-07-19,1.8141,per_usd
1978-07-20,1.8034,per_usd
1978-07-21,1.7931,per_usd
1978-07-24,1.779,per_usd
1978-07-25,1.7778,per_usd
1978-07-26,1.7854,per_usd
1978-07-27,1.7921,per_usd
1978-07-28,1.759,per_usd
1978-07-31,1.7361,per_usd
1978-08-01,1.7331,per_usd
1978-08-02,1.7123,per_usd
1978-08-03,1.7079,per_usd
1978-08-04,1.7271,per_usd
1978-08-07,1.7071,per_usd
1978-08-08,1.692,per_usd
1978-08-09,1.6861,per_usd
1978-08-10,1.6798,per_usd
1978-08-11,1.648,per_usd
1978-08-14,1.5873,per_usd
1978-08-15,1.6077,per_usd
1978-08-16,1.5936,per_usd
1978-08-17,1.6529,per_usd
1978-08-18,1.6447,per_usd
1978-08-21,1.6681,per_usd
1978-08-22,1.6653,per_usd
1978-08-23,1.6681,per_usd
1978-08-24,1.6585,per_usd
1978-08-25,1.6811,per_usd
1978-08-28,1.6915,per_usd
1978-08-29,1.6447,per_usd
1978-08-30,1.6474,per_usd
1978-08-31,1.6407,per_usd
1978-09-01,1.605,per_usd
1978-09-05,1.617,per_usd
1978-09-06,1.616,per_usd
1978-09-07,1.6175,per_usd
1978-09-08,1.633,per_usd
1978-09-11,1.6215,per_usd
1978-09-12,1.6195,per_usd
1978-09-13,1.596,per_usd
1978-09-14,1.597,per_usd
1978-09-15,1.594,per_usd
1978-09-18,1.58,per_usd
1978-09-19,1.571,per_usd
1978-09-20,1.539,per_usd
1978-09-21,1.516,per_usd
1978-09-22,1.523,per_usd
1978-09-25,1.492,per_usd
1978-09-26,1.49,per_usd
1978-09-27,1.497,per_usd
1978-09-28,1.52,per_usd
1978-09-29,1.55,per_usd
1978-10-02,1.592,per_usd
1978-10-03,1.574,per_usd
1978-10-04,1.591,per_usd
1978-10-05,1.589,per_usd
1978-10-06,1.591,per_usd
1978-10-10,1.572,per_usd
1978-10-11,1.5445,per_usd
1978-10-12,1.544,per_usd
1978-10-13,1.5265,per_usd
1978-10-16,1.52,per_usd
1978-10-17,1.5125,per_usd
1978-10-18,1.5095,per_usd
1978-10-19,1.53,per_usd
1978-10-20,1.515,per_usd
1978-10-23,1.5245,per_usd
1978-10-24,1.53,per_usd
1978-10-25,1.516,per_usd
1978-10-26,1.509,per_usd
1978-10-27,1.504,per_usd
1978-10-30,1.471,per_usd
1978-10-31,1.5,per_usd
1978-11-01,1.59,per_usd
1978-11-02,1.6025,per_usd
1978-11-03,1.621,per_usd
1978-11-06,1.65,per_usd
1978-11-08,1.616,per_usd
1978-11-09,1.6275,per_usd
1978-11-10,1.623,per_usd
1978-11-13,1.628,per_usd
1978-11-14,1.632,per_usd
1978-11-15,1.6415,per_usd
1978-11-16,1.689,per_usd
1978-11-17,1.724,per_usd
1978-11-20,1.741,per_usd
1978-11-21,1.723,per_usd
1978-11-22,1.724,per_usd
1978-11-24,1.7375,per_usd
1978-11-27,1.736,per_usd
1978-11-28,1.736,per_usd
1978-11-29,1.722,per_usd
1978-11-30,1.735,per_usd
1978-12-01,1.7355,per_usd
1978-12-04,1.7115,per_usd
1978-12-05,1.7085,per_usd
1978-12-06,1.708,per_usd
1978-12-07,1.7065,per_usd
1978-12-08,1.702,per_usd
1978-12-11,1.693,per_usd
1978-12-12,1.697,per_usd
1978-12-13,1.7055,per_usd
1978-12-14,1.689,per_usd
1978-12-15,1.685,per_usd
1978-12-18,1.6585,per_usd
1978-12-19,1.643,per_usd
1978-12-20,1.644,per_usd
1978-12-21,1.654,per_usd
1978-12-22,1.66,per_usd
1978-12-26,1.6475,per_usd
1978-12-27,1.6195,per_usd
1978-12-28,1.625,per_usd
1978-12-29,1.62,per_usd
1979-01-02,1.623,per_usd
1979-01-03,1.645,per_usd
1979-01-04,1.649,per_usd
1979-01-05,1.647,per_usd
1979-01-08,1.644,per_usd
1979-01-09,1.6655,per_usd
1979-01-10,1.6615,per_usd
1979-01-11,1.677,per_usd
1979-01-12,1.686,per_usd
1979-01-15,1.701,per_usd
1979-01-16,1.682,per_usd
1979-01-17,1.669,per_usd
1979-01-18,1.665,per_usd
1979-01-19,1.6735,per_usd
1979-01-22,1.674,per_usd
1979-01-23,1.68,per_usd
1979-01-24,1.675,per_usd
1979-01-25,1.689,per_usd
1979-01-26,1.6875,per_usd
1979-01-29,1.686,per_usd
1979-01-30,1.69,per_usd
1979-01-31,1.7,per_usd
1979-02-01,1.71,per_usd
1979-02-02,1.709,per_usd
1979-02-05,1.691,per_usd
1979-02-06,1.6855,per_usd
1979-02-07,1.6595,per_usd
1979-02-08,1.658,per_usd
1979-02-09,1.663,per_usd
1979-02-13,1.6685,per_usd
1979-02-14,1.6762,per_usd
1979-02-15,1.667,per_usd
1979-02-16,1.6745,per_usd
1979-02-20,1.6725,per_usd
1979-02-21,1.6745,per_usd
1979-02-22,1.672,per_usd
1979-02-23,1.6675,per_usd
1979-02-26,1.6632,per_usd
1979-02-27,1.6678,per_usd
1979-02-28,1.674,per_usd
1979-03-01,1.676,per_usd
1979-03-02,1.677,per_usd
1979-03-05,1.6795,per_usd
1979-03-06,1.6774,per_usd
1979-03-07,1.6685,per_usd
1979-03-08,1.669,per_usd
1979-03-09,1.67,per_usd
1979-03-12,1.6736,per_usd
1979-03-13,1.6835,per_usd
1979-03-14,1.679,per_usd
1979-03-15,1.6815,per_usd
1979-03-16,1.6818,per_usd
1979-03-19,1.6825,per_usd
1979-03-20,1.685,per_usd
1979-03-21,1.6895,per_usd
1979-03-22,1.6876,per_usd
1979-03-23,1.691,per_usd
1979-03-26,1.6818,per_usd
1979-03-27,1.688,per_usd
1979-03-28,1.685,per_usd
1979-03-29,1.69,per_usd
1979-03-30,1.695,per_usd
1979-04-02,1.7045,per_usd
1979-04-03,1.7064,per_usd
1979-04-04,1.7055,per_usd
1979-04-05,1.7095,per_usd
1979-04-06,1.7142,per_usd
1979-04-09,1.7262,per_usd
1979-04-10,1.7205,per_usd
1979-04-11,1.7153,per_usd
1979-04-12,1.7278,per_usd
1979-04-13,1.7295,per_usd
1979-04-16,1.73,per_usd
1979-04-17,1.726,per_usd
1979-04-18,1.7145,per_usd
1979-04-19,1.714,per_usd
1979-04-20,1.7238,per_usd
1979-04-23,1.721,per_usd
1979-04-24,1.718,per_usd
1979-04-25,1.714,per_usd
1979-04-26,1.7125,per_usd
1979-04-27,1.716,per_usd
1979-04-30,1.7215,per_usd
1979-05-01,1.7177,per_usd
1979-05-02,1.725,per_usd
1979-05-03,1.722,per_usd
1979-05-04,1.719,per_usd
1979-05-07,1.7135,per_usd
1979-05-08,1.714,per_usd
1979-05-09,1.7135,per_usd
1979-05-10,1.7187,per_usd
1979-05-11,1.7213,per_usd
1979-05-14,1.7195,per_usd
1979-05-15,1.7285,per_usd
1979-05-16,1.7274,per_usd
1979-05-17,1.7335,per_usd
1979-05-18,1.7395,per_usd
1979-05-21,1.7405,per_usd
1979-05-22,1.738,per_usd
1979-05-23,1.736,per_usd
1979-05-24,1.7335,per_usd
1979-05-25,1.7363,per_usd
1979-05-28,1.738,per_usd
1979-05-29,1.741,per_usd
1979-05-31,1.725,per_usd
1979-06-01,1.734,per_usd
1979-06-04,1.7286,per_usd
1979-06-05,1.7358,per_usd
1979-06-06,1.7363,per_usd
1979-06-07,1.7292,per_usd
1979-06-08,1.7302,per_usd
1979-06-11,1.733,per_usd
1979-06-12,1.7325,per_usd
1979-06-13,1.7302,per_usd
1979-06-14,1.7274,per_usd
1979-06-15,1.7003,per_usd
1979-06-18,1.71,per_usd
1979-06-19,1.6835,per_usd
1979-06-20,1.678,per_usd
1979-06-21,1.66,per_usd
1979-06-22,1.654,per_usd
1979-06-25,1.644,per_usd
1979-06-26,1.6625,per_usd
1979-06-27,1.658,per_usd
1979-06-28,1.6565,per_usd
1979-06-29,1.654,per_usd
1979-07-02,1.656,per_usd
1979-07-03,1.6575,per_usd
1979-07-05,1.6525,per_usd
1979-07-06,1.6635,per_usd
1979-07-09,1.6653,per_usd
1979-07-10,1.662,per_usd
1979-07-11,1.6565,per_usd
1979-07-12,1.656,per_usd
1979-07-13,1.655,per_usd
1979-07-16,1.647,per_usd
1979-07-17,1.635,per_usd
1979-07-18,1.6305,per_usd
1979-07-19,1.6365,per_usd
1979-07-20,1.642,per_usd
1979-07-23,1.6324,per_usd
1979-07-24,1.6335,per_usd
1979-07-25,1.64,per_usd
1979-07-26,1.6448,per_usd
1979-07-27,1.6435,per_usd
1979-07-30,1.658,per_usd
1979-07-31,1.659,per_usd
1979-08-01,1.6572,per_usd
1979-08-02,1.658,per_usd
1979-08-03,1.6598,per_usd
1979-08-06,1.656,per_usd
1979-08-07,1.659,per_usd
1979-08-08,1.658,per_usd
1979-08-09,1.6515,per_usd
1979-08-10,1.6467,per_usd
1979-08-13,1.6525,per_usd
1979-08-14,1.6577,per_usd
1979-08-15,1.657,per_usd
1979-08-16,1.655,per_usd
1979-08-17,1.6595,per_usd
1979-08-20,1.6606,per_usd
1979-08-21,1.6595,per_usd
1979-08-22,1.6593,per_usd
1979-08-23,1.6568,per_usd
1979-08-24,1.6552,per_usd
1979-08-27,1.6602,per_usd
1979-08-28,1.6594,per_usd
1979-08-29,1.6626,per_usd
1979-08-30,1.6541,per_usd
1979-08-31,1.6562,per_usd
1979-09-04,1.6555,per_usd
1979-09-05,1.6533,per_usd
1979-09-06,1.6393,per_usd
1979-09-07,1.628,per_usd
1979-09-10,1.6275,per_usd
1979-09-11,1.6355,per_usd
1979-09-12,1.628,per_usd
1979-09-13,1.6355,per_usd
1979-09-14,1.6335,per_usd
1979-09-17,1.632,per_usd
1979-09-18,1.628,per_usd
1979-09-19,1.6215,per_usd
1979-09-20,1.5825,per_usd
1979-09-21,1.5715,per_usd
1979-09-24,1.5794,per_usd
1979-09-25,1.5748,per_usd
1979-09-26,1.578,per_usd
1979-09-27,1.557,per_usd
1979-09-28,1.554,per_usd
1979-10-01,1.548,per_usd
1979-10-02,1.564,per_usd
1979-10-03,1.582,per_usd
1979-10-04,1.584,per_usd
1979-10-05,1.58,per_usd
1979-10-09,1.623,per_usd
1979-10-10,1.611,per_usd
1979-10-11,1.6195,per_usd
1979-10-12,1.622,per_usd
1979-10-15,1.63,per_usd
1979-10-16,1.6375,per_usd
1979-10-17,1.653,per_usd
1979-10-18,1.6405,per_usd
1979-10-19,1.6445,per_usd
1979-10-22,1.665,per_usd
1979-10-23,1.673,per_usd
1979-10-24,1.659,per_usd
1979-10-25,1.6565,per_usd
1979-10-26,1.6695,per_usd
1979-10-29,1.682,per_usd
1979-10-30,1.6745,per_usd
1979-10-31,1.6605,per_usd
1979-11-01,1.6495,per_usd
1979-11-02,1.641,per_usd
1979-11-05,1.6465,per_usd
1979-11-07,1.634,per_usd
1979-11-08,1.6455,per_usd
1979-11-09,1.653,per_usd
1979-11-13,1.659,per_usd
1979-11-14,1.645,per_usd
1979-11-15,1.658,per_usd
1979-11-16,1.648,per_usd
1979-11-19,1.6395,per_usd
1979-11-20,1.644,per_usd
1979-11-21,1.641,per_usd
1979-11-23,1.6525,per_usd
1979-11-26,1.6525,per_usd
1979-11-27,1.6505,per_usd
1979-11-28,1.6365,per_usd
1979-11-29,1.622,per_usd
1979-11-30,1.598,per_usd
1979-12-03,1.5645,per_usd
1979-12-04,1.5895,per_usd
1979-12-05,1.6095,per_usd
1979-12-06,1.6045,per_usd
1979-12-07,1.6165,per_usd
1979-12-10,1.6135,per_usd
1979-12-11,1.598,per_usd
1979-12-12,1.6,per_usd
1979-12-13,1.598,per_usd
1979-12-14,1.61,per_usd
1979-12-17,1.6075,per_usd
1979-12-18,1.6075,per_usd
1979-12-19,1.599,per_usd
1979-12-20,1.6055,per_usd
1979-12-21,1.6065,per_usd
1979-12-24,1.598,per_usd
1979-12-26,1.5845,per_usd
1979-12-27,1.578,per_usd
1979-12-28,1.595,per_usd
1979-12-31,1.595,per_usd
1980-01-02,1.5775,per_usd
1980-01-03,1.572,per_usd
1980-01-04,1.5755,per_usd
1980-01-07,1.57,per_usd
1980-01-08,1.577,per_usd
1980-01-09,1.574,per_usd
1980-01-10,1.579,per_usd
1980-01-11,1.583,per_usd
1980-01-14,1.583,per_usd
1980-01-15,1.595,per_usd
1980-01-16,1.585,per_usd
1980-01-17,1.593,per_usd
1980-01-18,1.593,per_usd
1980-01-21,1.6045,per_usd
1980-01-22,1.609,per_usd
1980-01-23,1.606,per_usd
1980-01-24,1.6085,per_usd
1980-01-25,1.616,per_usd
1980-01-28,1.6188,per_usd
1980-01-29,1.617,per_usd
1980-01-30,1.6215,per_usd
1980-01-31,1.638,per_usd
1980-02-01,1.6335,per_usd
1980-02-04,1.631,per_usd
1980-02-05,1.626,per_usd
1980-02-06,1.606,per_usd
1980-02-07,1.616,per_usd
1980-02-08,1.619,per_usd
1980-02-11,1.617,per_usd
1980-02-13,1.6133,per_usd
1980-02-14,1.617,per_usd
1980-02-15,1.629,per_usd
1980-02-19,1.6385,per_usd
1980-02-20,1.644,per_usd
1980-02-21,1.6403,per_usd
1980-02-22,1.662,per_usd
1980-02-25,1.6695,per_usd
1980-02-26,1.6705,per_usd
1980-02-27,1.665,per_usd
1980-02-28,1.672,per_usd
1980-02-29,1.7025,per_usd
1980-03-03,1.715,per_usd
1980-03-04,1.721,per_usd
1980-03-05,1.7105,per_usd
1980-03-06,1.715,per_usd
1980-03-07,1.715,per_usd
1980-03-10,1.735,per_usd
1980-03-11,1.7345,per_usd
1980-03-12,1.7295,per_usd
1980-03-13,1.744,per_usd
1980-03-14,1.754,per_usd
1980-03-17,1.788,per_usd
1980-03-18,1.781,per_usd
1980-03-19,1.7735,per_usd
1980-03-20,1.7618,per_usd
1980-03-21,1.779,per_usd
1980-03-24,1.789,per_usd
1980-03-25,1.798,per_usd
1980-03-26,1.7945,per_usd
1980-03-27,1.8285,per_usd
1980-03-28,1.8325,per_usd
1980-03-31,1.8515,per_usd
1980-04-01,1.864,per_usd
1980-04-02,1.856,per_usd
1980-04-03,1.8635,per_usd
1980-04-04,1.87,per_usd
1980-04-07,1.877,per_usd
1980-04-08,1.841,per_usd
1980-04-09,1.786,per_usd
1980-04-10,1.755,per_usd
1980-04-11,1.748,per_usd
1980-04-14,1.743,per_usd
1980-04-15,1.7695,per_usd
1980-04-16,1.731,per_usd
1980-04-17,1.737,per_usd
1980-04-18,1.74,per_usd
1980-04-21,1.724,per_usd
1980-04-22,1.744,per_usd
1980-04-23,1.699,per_usd
1980-04-24,1.7005,per_usd
1980-04-25,1.694,per_usd
1980-04-28,1.6715,per_usd
1980-04-29,1.67,per_usd
1980-04-30,1.6675,per_usd
1980-05-01,1.668,per_usd
1980-05-02,1.695,per_usd
1980-05-05,1.6625,per_usd
1980-05-06,1.6555,per_usd
1980-05-07,1.65,per_usd
1980-05-08,1.662,per_usd
1980-05-09,1.682,per_usd
1980-05-12,1.661,per_usd
1980-05-13,1.667,per_usd
1980-05-14,1.66,per_usd
1980-05-15,1.6645,per_usd
1980-05-16,1.671,per_usd
1980-05-19,1.6765,per_usd
1980-05-20,1.6795,per_usd
1980-05-21,1.6625,per_usd
1980-05-22,1.6615,per_usd
1980-05-23,1.65,per_usd
1980-05-27,1.6375,per_usd
1980-05-28,1.645,per_usd
1980-05-29,1.653,per_usd
1980-05-30,1.662,per_usd
1980-06-02,1.6602,per_usd
1980-06-03,1.654,per_usd
1980-06-04,1.647,per_usd
1980-06-05,1.648,per_usd
1980-06-06,1.635,per_usd
1980-06-09,1.6225,per_usd
1980-06-10,1.6225,per_usd
1980-06-11,1.629,per_usd
1980-06-12,1.624,per_usd
1980-06-13,1.6135,per_usd
1980-06-16,1.634,per_usd
1980-06-17,1.63,per_usd
1980-06-18,1.623,per_usd
1980-06-19,1.638,per_usd
1980-06-20,1.632,per_usd
1980-06-23,1.6345,per_usd
1980-06-24,1.64,per_usd
1980-06-25,1.6382,per_usd
1980-06-26,1.6287,per_usd
1980-06-27,1.6275,per_usd
1980-06-30,1.6298,per_usd
1980-07-01,1.6265,per_usd
1980-07-02,1.6195,per_usd
1980-07-03,1.613,per_usd
1980-07-07,1.5875,per_usd
1980-07-08,1.591,per_usd
1980-07-09,1.5955,per_usd
1980-07-10,1.5948,per_usd
1980-07-11,1.595,per_usd
1980-07-14,1.605,per_usd
1980-07-15,1.61,per_usd
1980-07-16,1.6045,per_usd
1980-07-17,1.597,per_usd
1980-07-18,1.6107,per_usd
1980-07-21,1.6025,per_usd
1980-07-22,1.598,per_usd
1980-07-23,1.6005,per_usd
1980-07-24,1.595,per_usd
1980-07-25,1.5988,per_usd
1980-07-28,1.6075,per_usd
1980-07-29,1.6235,per_usd
1980-07-30,1.648,per_usd
1980-07-31,1.648,per_usd
1980-08-01,1.663,per_usd
1980-08-04,1.6495,per_usd
1980-08-05,1.6395,per_usd
1980-08-06,1.63,per_usd
1980-08-07,1.6445,per_usd
1980-08-08,1.6505,per_usd
1980-08-11,1.6505,per_usd
1980-08-12,1.641,per_usd
1980-08-13,1.644,per_usd
1980-08-14,1.6445,per_usd
1980-08-15,1.644,per_usd
1980-08-18,1.6585,per_usd
1980-08-19,1.6608,per_usd
1980-08-20,1.6585,per_usd
1980-08-21,1.6565,per_usd
1980-08-22,1.674,per_usd
1980-08-25,1.6695,per_usd
1980-08-26,1.6622,per_usd
1980-08-27,1.6615,per_usd
1980-08-28,1.645,per_usd
1980-08-29,1.649,per_usd
1980-09-02,1.636,per_usd
1980-09-03,1.629,per_usd
1980-09-04,1.63,per_usd
1980-09-05,1.635,per_usd
1980-09-08,1.6258,per_usd
1980-09-09,1.6313,per_usd
1980-09-10,1.6302,per_usd
1980-09-11,1.6285,per_usd
1980-09-12,1.6305,per_usd
1980-09-15,1.6322,per_usd
1980-09-16,1.634,per_usd
1980-09-17,1.6303,per_usd
1980-09-18,1.6418,per_usd
1980-09-19,1.6445,per_usd
1980-09-22,1.658,per_usd
1980-09-23,1.661,per_usd
1980-09-24,1.6445,per_usd
1980-09-25,1.645,per_usd
1980-09-26,1.6455,per_usd
1980-09-29,1.6543,per_usd
1980-09-30,1.6535,per_usd
1980-10-01,1.642,per_usd
1980-10-02,1.646,per_usd
1980-10-03,1.6455,per_usd
1980-10-06,1.633,per_usd
1980-10-07,1.6382,per_usd
1980-10-08,1.638,per_usd
1980-10-09,1.636,per_usd
1980-10-10,1.636,per_usd
1980-10-14,1.645,per_usd
1980-10-15,1.6475,per_usd
1980-10-16,1.6505,per_usd
1980-10-17,1.658,per_usd
1980-10-20,1.658,per_usd
1980-10-21,1.657,per_usd
1980-10-22,1.664,per_usd
1980-10-23,1.6625,per_usd
1980-10-24,1.6755,per_usd
1980-10-27,1.6995,per_usd
1980-10-28,1.7075,per_usd
1980-10-29,1.696,per_usd
1980-10-30,1.712,per_usd
1980-10-31,1.715,per_usd
1980-11-03,1.717,per_usd
1980-11-05,1.742,per_usd
1980-11-06,1.7453,per_usd
1980-11-07,1.745,per_usd
1980-11-10,1.7075,per_usd
1980-11-12,1.7105,per_usd
1980-11-13,1.704,per_usd
1980-11-14,1.714,per_usd
1980-11-17,1.737,per_usd
1980-11-18,1.727,per_usd
1980-11-19,1.7155,per_usd
1980-11-20,1.7235,per_usd
1980-11-21,1.728,per_usd
1980-11-24,1.7315,per_usd
1980-11-25,1.7265,per_usd
1980-11-26,1.7285,per_usd
1980-11-28,1.7385,per_usd
1980-12-01,1.7525,per_usd
1980-12-02,1.7575,per_usd
1980-12-03,1.7505,per_usd
1980-12-04,1.7515,per_usd
1980-12-05,1.7715,per_usd
1980-12-08,1.775,per_usd
1980-12-09,1.7925,per_usd
1980-12-10,1.82,per_usd
1980-12-11,1.827,per_usd
1980-12-12,1.8165,per_usd
1980-12-15,1.809,per_usd
1980-12-16,1.8305,per_usd
1980-12-17,1.803,per_usd
1980-12-18,1.807,per_usd
1980-12-19,1.801,per_usd
1980-12-22,1.773,per_usd
1980-12-23,1.775,per_usd
1980-12-24,1.763,per_usd
1980-12-26,1.7725,per_usd
1980-12-29,1.775,per_usd
1980-12-30,1.767,per_usd
1980-12-31,1.7875,per_usd
1981-01-02,1.79,per_usd
1981-01-05,1.757,per_usd
1981-01-06,1.7505,per_usd
1981-01-07,1.767,per_usd
1981-01-08,1.7746,per_usd
1981-01-09,1.797,per_usd
1981-01-12,1.805,per_usd
1981-01-13,1.812,per_usd
1981-01-14,1.807,per_usd
1981-01-15,1.8155,per_usd
1981-01-16,1.822,per_usd
1981-01-19,1.829,per_usd
1981-01-20,1.819,per_usd
1981-01-21,1.812,per_usd
1981-01-22,1.8335,per_usd
1981-01-23,1.8405,per_usd
1981-01-26,1.851,per_usd
1981-01-27,1.8695,per_usd
1981-01-28,1.8825,per_usd
1981-01-29,1.903,per_usd
1981-01-30,1.932,per_usd
1981-02-02,1.92,per_usd
1981-02-03,1.937,per_usd
1981-02-04,1.916,per_usd
1981-02-05,1.944,per_usd
1981-02-06,1.942,per_usd
1981-02-09,1.941,per_usd
1981-02-10,1.9485,per_usd
1981-02-11,1.952,per_usd
1981-02-13,2.0175,per_usd
1981-02-17,1.9955,per_usd
1981-02-18,1.988,per_usd
1981-02-19,1.925,per_usd
1981-02-20,1.885,per_usd
1981-02-23,1.9025,per_usd
1981-02-24,1.919,per_usd
1981-02-25,1.9165,per_usd
1981-02-26,1.948,per_usd
1981-02-27,1.962,per_usd
1981-03-02,1.9825,per_usd
1981-03-03,1.971,per_usd
1981-03-04,1.9475,per_usd
1981-03-05,1.945,per_usd
1981-03-06,1.9575,per_usd
1981-03-09,1.929,per_usd
1981-03-10,1.923,per_usd
1981-03-11,1.937,per_usd
1981-03-12,1.937,per_usd
1981-03-13,1.927,per_usd
1981-03-16,1.902,per_usd
1981-03-17,1.9005,per_usd
1981-03-18,1.865,per_usd
1981-03-19,1.87,per_usd
1981-03-20,1.8865,per_usd
1981-03-23,1.8982,per_usd
1981-03-24,1.8965,per_usd
1981-03-25,1.904,per_usd
1981-03-26,1.928,per_usd
1981-03-27,1.935,per_usd
1981-03-30,1.912,per_usd
1981-03-31,1.928,per_usd
1981-04-01,1.9165,per_usd
1981-04-02,1.9245,per_usd
1981-04-03,1.9425,per_usd
1981-04-06,1.969,per_usd
1981-04-07,1.939,per_usd
1981-04-08,1.943,per_usd
1981-04-09,1.954,per_usd
1981-04-10,1.961,per_usd
1981-04-13,1.9805,per_usd
1981-04-14,1.974,per_usd
1981-04-15,1.9885,per_usd
1981-04-16,1.994,per_usd
1981-04-17,1.9985,per_usd
1981-04-20,1.99,per_usd
1981-04-21,1.993,per_usd
1981-04-22,1.9735,per_usd
1981-04-23,1.983,per_usd
1981-04-24,1.983,per_usd
1981-04-27,1.991,per_usd
1981-04-28,1.987,per_usd
1981-04-29,2.021,per_usd
1981-04-30,2.021,per_usd
1981-05-01,2.018,per_usd
1981-05-04,2.051,per_usd
1981-05-05,2.0675,per_usd
1981-05-06,2.0605,per_usd
1981-05-07,2.0755,per_usd
1981-05-08,2.054,per_usd
1981-05-11,2.0755,per_usd
1981-05-12,2.0755,per_usd
1981-05-13,2.078,per_usd
1981-05-14,2.081,per_usd
1981-05-15,2.069,per_usd
1981-05-18,2.0533,per_usd
1981-05-19,2.058,per_usd
1981-05-20,2.048,per_usd
1981-05-21,2.076,per_usd
1981-05-22,2.073,per_usd
1981-05-26,2.076,per_usd
1981-05-27,2.086,per_usd
1981-05-28,2.0728,per_usd
1981-05-29,2.0758,per_usd
1981-06-01,2.076,per_usd
1981-06-02,2.102,per_usd
1981-06-03,2.09,per_usd
1981-06-04,2.144,per_usd
1981-06-05,2.135,per_usd
1981-06-08,2.115,per_usd
1981-06-09,2.112,per_usd
1981-06-10,2.088,per_usd
1981-06-11,2.115,per_usd
1981-06-12,2.096,per_usd
1981-06-15,2.0445,per_usd
1981-06-16,2.0505,per_usd
1981-06-17,2.048,per_usd
1981-06-18,2.072,per_usd
1981-06-19,2.068,per_usd
1981-06-22,2.054,per_usd
1981-06-23,2.034,per_usd
1981-06-24,2.0375,per_usd
1981-06-25,2.039,per_usd
1981-06-26,2.028,per_usd
1981-06-29,2.0335,per_usd
1981-06-30,2.0495,per_usd
1981-07-01,2.075,per_usd
1981-07-02,2.0735,per_usd
1981-07-03,2.075,per_usd
1981-07-06,2.091,per_usd
1981-07-07,2.0915,per_usd
1981-07-08,2.115,per_usd
1981-07-09,2.106,per_usd
1981-07-10,2.078,per_usd
1981-07-13,2.071,per_usd
1981-07-14,2.094,per_usd
1981-07-15,2.07,per_usd
1981-07-16,2.074,per_usd
1981-07-17,2.0845,per_usd
1981-07-20,2.0965,per_usd
1981-07-21,2.116,per_usd
1981-07-22,2.1015,per_usd
1981-07-23,2.1085,per_usd
1981-07-24,2.105,per_usd
1981-07-27,2.1125,per_usd
1981-07-28,2.115,per_usd
1981-07-29,2.122,per_usd
1981-07-30,2.132,per_usd
1981-07-31,2.1485,per_usd
1981-08-03,2.198,per_usd
1981-08-04,2.204,per_usd
1981-08-05,2.181,per_usd
1981-08-06,2.1889,per_usd
1981-08-07,2.185,per_usd
1981-08-10,2.2,per_usd
1981-08-11,2.195,per_usd
1981-08-12,2.16,per_usd
1981-08-13,2.169,per_usd
1981-08-14,2.186,per_usd
1981-08-17,2.1715,per_usd
1981-08-18,2.1765,per_usd
1981-08-19,2.17,per_usd
1981-08-20,2.152,per_usd
1981-08-21,2.138,per_usd
1981-08-24,2.1465,per_usd
1981-08-25,2.175,per_usd
1981-08-26,2.148,per_usd
1981-08-27,2.148,per_usd
1981-08-28,2.132,per_usd
1981-08-31,2.142,per_usd
1981-09-01,2.1595,per_usd
1981-09-02,2.15,per_usd
1981-09-03,2.117,per_usd
1981-09-04,2.0895,per_usd
1981-09-08,2.118,per_usd
1981-09-09,2.0985,per_usd
1981-09-10,2.063,per_usd
1981-09-11,2.052,per_usd
1981-09-14,2.033,per_usd
1981-09-15,1.998,per_usd
1981-09-16,1.98,per_usd
1981-09-17,1.9615,per_usd
1981-09-18,1.948,per_usd
1981-09-21,1.907,per_usd
1981-09-22,1.96,per_usd
1981-09-23,1.964,per_usd
1981-09-24,1.975,per_usd
1981-09-25,1.977,per_usd
1981-09-28,1.979,per_usd
1981-09-29,1.963,per_usd
1981-09-30,1.975,per_usd
1981-10-01,1.969,per_usd
1981-10-02,1.935,per_usd
1981-10-05,1.887,per_usd
1981-10-06,1.905,per_usd
1981-10-07,1.878,per_usd
1981-10-08,1.866,per_usd
1981-10-09,1.84,per_usd
1981-10-13,1.86,per_usd
1981-10-14,1.862,per_usd
1981-10-15,1.87,per_usd
1981-10-16,1.87,per_usd
1981-10-19,1.8645,per_usd
1981-10-20,1.876,per_usd
1981-10-21,1.8965,per_usd
1981-10-22,1.902,per_usd
1981-10-23,1.889,per_usd
1981-10-26,1.917,per_usd
1981-10-27,1.9085,per_usd
1981-10-28,1.883,per_usd
1981-10-29,1.86,per_usd
1981-10-30,1.835,per_usd
1981-11-02,1.8025,per_usd
1981-11-04,1.788,per_usd
1981-11-05,1.793,per_usd
1981-11-06,1.7905,per_usd
1981-11-09,1.77,per_usd
1981-11-10,1.7925,per_usd
1981-11-12,1.759,per_usd
1981-11-13,1.757,per_usd
1981-11-16,1.766,per_usd
1981-11-17,1.8015,per_usd
1981-11-18,1.789,per_usd
1981-11-19,1.797,per_usd
1981-11-20,1.818,per_usd
1981-11-23,1.806,per_usd
1981-11-24,1.7855,per_usd
1981-11-25,1.78,per_usd
1981-11-27,1.7775,per_usd
1981-11-30,1.7725,per_usd
1981-12-01,1.7865,per_usd
1981-12-02,1.7785,per_usd
1981-12-03,1.793,per_usd
1981-12-04,1.7885,per_usd
1981-12-07,1.807,per_usd
1981-12-08,1.827,per_usd
1981-12-09,1.83,per_usd
1981-12-10,1.8465,per_usd
1981-12-11,1.846,per_usd
1981-12-14,1.847,per_usd
1981-12-15,1.833,per_usd
1981-12-16,1.8275,per_usd
1981-12-17,1.823,per_usd
1981-12-18,1.83,per_usd
1981-12-21,1.821,per_usd
1981-12-22,1.814,per_usd
1981-12-23,1.814,per_usd
1981-12-24,1.815,per_usd
1981-12-28,1.809,per_usd
1981-12-29,1.805,per_usd
1981-12-30,1.804,per_usd
1981-12-31,1.788,per_usd
1982-01-04,1.7915,per_usd
1982-01-05,1.811,per_usd
1982-01-06,1.8105,per_usd
1982-01-07,1.8285,per_usd
1982-01-08,1.827,per_usd
1982-01-11,1.855,per_usd
1982-01-12,1.858,per_usd
1982-01-13,1.86,per_usd
1982-01-14,1.8545,per_usd
1982-01-15,1.856,per_usd
1982-01-18,1.849,per_usd
1982-01-19,1.847,per_usd
1982-01-20,1.8605,per_usd
1982-01-21,1.8435,per_usd
1982-01-22,1.853,per_usd
1982-01-25,1.8695,per_usd
1982-01-26,1.851,per_usd
1982-01-27,1.8555,per_usd
1982-01-28,1.8575,per_usd
1982-01-29,1.846,per_usd
1982-02-01,1.875,per_usd
1982-02-02,1.883,per_usd
1982-02-03,1.897,per_usd
1982-02-04,1.877,per_usd
1982-02-05,1.885,per_usd
1982-02-08,1.895,per_usd
1982-02-09,1.9115,per_usd
1982-02-10,1.904,per_usd
1982-02-11,1.8973,per_usd
1982-02-16,1.911,per_usd
1982-02-17,1.9145,per_usd
1982-02-18,1.895,per_usd
1982-02-19,1.884,per_usd
1982-02-22,1.872,per_usd
1982-02-23,1.879,per_usd
1982-02-24,1.877,per_usd
1982-02-25,1.88,per_usd
1982-02-26,1.899,per_usd
1982-03-01,1.8935,per_usd
1982-03-02,1.8775,per_usd
1982-03-03,1.8805,per_usd
1982-03-04,1.8705,per_usd
1982-03-05,1.85,per_usd
1982-03-08,1.842,per_usd
1982-03-09,1.8655,per_usd
1982-03-10,1.859,per_usd
1982-03-11,1.8695,per_usd
1982-03-12,1.8805,per_usd
1982-03-15,1.8775,per_usd
1982-03-16,1.882,per_usd
1982-03-17,1.882,per_usd
1982-03-18,1.8855,per_usd
1982-03-19,1.8975,per_usd
1982-03-22,1.9055,per_usd
1982-03-23,1.896,per_usd
1982-03-24,1.899,per_usd
1982-03-25,1.9065,per_usd
1982-03-26,1.913,per_usd
1982-03-29,1.9385,per_usd
1982-03-30,1.9285,per_usd
1982-03-31,1.9385,per_usd
1982-04-01,1.941,per_usd
1982-04-02,1.9395,per_usd
1982-04-05,1.954,per_usd
1982-04-06,1.967,per_usd
1982-04-07,1.963,per_usd
1982-04-08,1.986,per_usd
1982-04-09,1.983,per_usd
1982-04-12,1.9785,per_usd
1982-04-13,1.956,per_usd
1982-04-14,1.9695,per_usd
1982-04-15,1.9795,per_usd
1982-04-16,1.978,per_usd
1982-04-19,1.9575,per_usd
1982-04-20,1.949,per_usd
1982-04-21,1.9535,per_usd
1982-04-22,1.966,per_usd
1982-04-23,1.971,per_usd
1982-04-26,1.9565,per_usd
1982-04-27,1.956,per_usd
1982-04-28,1.951,per_usd
1982-04-29,1.96,per_usd
1982-04-30,1.957,per_usd
1982-05-03,1.944,per_usd
1982-05-04,1.9575,per_usd
1982-05-05,1.9385,per_usd
1982-05-06,1.9185,per_usd
1982-05-07,1.888,per_usd
1982-05-10,1.8985,per_usd
1982-05-11,1.911,per_usd
1982-05-12,1.928,per_usd
1982-05-13,1.938,per_usd
1982-05-14,1.946,per_usd
1982-05-17,1.9575,per_usd
1982-05-18,1.9745,per_usd
1982-05-19,1.975,per_usd
1982-05-20,1.973,per_usd
1982-05-21,1.964,per_usd
1982-05-24,1.957,per_usd
1982-05-25,1.962,per_usd
1982-05-26,1.973,per_usd
1982-05-27,1.999,per_usd
1982-05-28,1.9975,per_usd
1982-06-01,2.025,per_usd
1982-06-02,2.02,per_usd
1982-06-03,2.024,per_usd
1982-06-04,2.029,per_usd
1982-06-07,2.032,per_usd
1982-06-08,2.045,per_usd
1982-06-09,2.057,per_usd
1982-06-10,2.063,per_usd
1982-06-11,2.049,per_usd
1982-06-14,2.0715,per_usd
1982-06-15,2.077,per_usd
1982-06-16,2.0955,per_usd
1982-06-17,2.1155,per_usd
1982-06-18,2.126,per_usd
1982-06-21,2.129,per_usd
1982-06-22,2.089,per_usd
1982-06-23,2.1155,per_usd
1982-06-24,2.103,per_usd
1982-06-25,2.126,per_usd
1982-06-28,2.1365,per_usd
1982-06-29,2.107,per_usd
1982-06-30,2.0995,per_usd
1982-07-01,2.1025,per_usd
1982-07-02,2.104,per_usd
1982-07-06,2.1195,per_usd
1982-07-07,2.144,per_usd
1982-07-08,2.147,per_usd
1982-07-09,2.123,per_usd
1982-07-12,2.108,per_usd
1982-07-13,2.13,per_usd
1982-07-14,2.131,per_usd
1982-07-15,2.123,per_usd
1982-07-16,2.104,per_usd
1982-07-19,2.105,per_usd
1982-07-20,2.085,per_usd
1982-07-21,2.06,per_usd
1982-07-22,2.0625,per_usd
1982-07-23,2.021,per_usd
1982-07-26,2.0285,per_usd
1982-07-27,2.0485,per_usd
1982-07-28,2.074,per_usd
1982-07-29,2.0955,per_usd
1982-07-30,2.1,per_usd
1982-08-02,2.066,per_usd
1982-08-03,2.072,per_usd
1982-08-04,2.117,per_usd
1982-08-05,2.1195,per_usd
1982-08-06,2.131,per_usd
1982-08-09,2.1495,per_usd
1982-08-10,2.1465,per_usd
1982-08-11,2.1545,per_usd
1982-08-12,2.159,per_usd
1982-08-13,2.145,per_usd
1982-08-16,2.16,per_usd
1982-08-17,2.1475,per_usd
1982-08-18,2.11,per_usd
1982-08-19,2.115,per_usd
1982-08-20,2.076,per_usd
1982-08-23,2.076,per_usd
1982-08-24,2.04,per_usd
1982-08-25,2.043,per_usd
1982-08-26,2.07,per_usd
1982-08-27,2.098,per_usd
1982-08-30,2.14,per_usd
1982-08-31,2.127,per_usd
1982-09-01,2.125,per_usd
1982-09-02,2.1085,per_usd
1982-09-03,2.103,per_usd
1982-09-07,2.106,per_usd
1982-09-08,2.125,per_usd
1982-09-09,2.114,per_usd
1982-09-10,2.144,per_usd
1982-09-13,2.148,per_usd
1982-09-14,2.145,per_usd
1982-09-15,2.145,per_usd
1982-09-16,2.139,per_usd
1982-09-17,2.132,per_usd
1982-09-20,2.14,per_usd
1982-09-21,2.145,per_usd
1982-09-22,2.138,per_usd
1982-09-23,2.1515,per_usd
1982-09-24,2.166,per_usd
1982-09-27,2.1805,per_usd
1982-09-28,2.1815,per_usd
1982-09-29,2.1695,per_usd
1982-09-30,2.171,per_usd
1982-10-01,2.174,per_usd
1982-10-04,2.2025,per_usd
1982-10-05,2.1985,per_usd
1982-10-06,2.188,per_usd
1982-10-07,2.156,per_usd
1982-10-08,2.154,per_usd
1982-10-12,2.1175,per_usd
1982-10-13,2.1415,per_usd
1982-10-14,2.155,per_usd
1982-10-15,2.1515,per_usd
1982-10-18,2.1495,per_usd
1982-10-19,2.158,per_usd
1982-10-20,2.1705,per_usd
1982-10-21,2.175,per_usd
1982-10-22,2.177,per_usd
1982-10-25,2.198,per_usd
1982-10-26,2.195,per_usd
1982-10-27,2.192,per_usd
1982-10-28,2.212,per_usd
1982-10-29,2.2075,per_usd
1982-11-01,2.191,per_usd
1982-11-03,2.2,per_usd
1982-11-04,2.222,per_usd
1982-11-05,2.218,per_usd
1982-11-08,2.2405,per_usd
1982-11-09,2.2105,per_usd
1982-11-10,2.217,per_usd
1982-11-12,2.224,per_usd
1982-11-15,2.22,per_usd
1982-11-16,2.1925,per_usd
1982-11-17,2.2035,per_usd
1982-11-18,2.1985,per_usd
1982-11-19,2.1815,per_usd
1982-11-22,2.192,per_usd
1982-11-23,2.191,per_usd
1982-11-24,2.1655,per_usd
1982-11-26,2.151,per_usd
1982-11-29,2.133,per_usd
1982-11-30,2.1175,per_usd
1982-12-01,2.111,per_usd
1982-12-02,2.0975,per_usd
1982-12-03,2.076,per_usd
1982-12-06,2.0695,per_usd
1982-12-07,2.059,per_usd
1982-12-08,2.066,per_usd
1982-12-09,2.0935,per_usd
1982-12-10,2.083,per_usd
1982-12-13,2.119,per_usd
1982-12-14,2.08,per_usd
1982-12-15,2.092,per_usd
1982-12-16,2.055,per_usd
1982-12-17,2.049,per_usd
1982-12-20,2.036,per_usd
1982-12-21,2.021,per_usd
1982-12-22,2.019,per_usd
1982-12-23,2.01,per_usd
1982-12-24,2.001,per_usd
1982-12-27,2.001,per_usd
1982-12-28,1.999,per_usd
1982-12-29,1.995,per_usd
1982-12-30,2.0125,per_usd
1982-12-31,2.0075,per_usd
1983-01-03,1.994,per_usd
1983-01-04,1.989,per_usd
1983-01-05,1.9575,per_usd
1983-01-06,1.96,per_usd
1983-01-07,1.936,per_usd
1983-01-10,1.9175,per_usd
1983-01-11,1.936,per_usd
1983-01-12,1.946,per_usd
1983-01-13,1.916,per_usd
1983-01-14,1.934,per_usd
1983-01-17,1.9335,per_usd
1983-01-18,1.964,per_usd
1983-01-19,1.976,per_usd
1983-01-20,1.978,per_usd
1983-01-21,1.991,per_usd
1983-01-24,2.025,per_usd
1983-01-25,1.9905,per_usd
1983-01-26,1.9875,per_usd
1983-01-27,1.988,per_usd
1983-01-28,1.991,per_usd
1983-01-31,2.015,per_usd
1983-02-01,2.0155,per_usd
1983-02-02,2.0485,per_usd
1983-02-03,2.0185,per_usd
1983-02-04,2.036,per_usd
1983-02-07,2.019,per_usd
1983-02-08,2.0185,per_usd
1983-02-09,2.021,per_usd
1983-02-10,2.012,per_usd
1983-02-11,2.006,per_usd
1983-02-14,2.0065,per_usd
1983-02-15,1.9995,per_usd
1983-02-16,1.9785,per_usd
1983-02-17,1.9915,per_usd
1983-02-18,1.997,per_usd
1983-02-22,2.019,per_usd
1983-02-23,2.036,per_usd
1983-02-24,2.0245,per_usd
1983-02-25,2.032,per_usd
1983-02-28,2.0625,per_usd
1983-03-01,2.0675,per_usd
1983-03-02,2.0545,per_usd
1983-03-03,2.0545,per_usd
1983-03-04,2.043,per_usd
1983-03-07,2.045,per_usd
1983-03-08,2.0625,per_usd
1983-03-09,2.062,per_usd
1983-03-10,2.052,per_usd
1983-03-11,2.072,per_usd
1983-03-14,2.0635,per_usd
1983-03-15,2.052,per_usd
1983-03-16,2.05,per_usd
1983-03-17,2.061,per_usd
1983-03-18,2.067,per_usd
1983-03-21,2.08,per_usd
1983-03-22,2.078,per_usd
1983-03-23,2.087,per_usd
1983-03-24,2.071,per_usd
1983-03-25,2.065,per_usd
1983-03-28,2.0855,per_usd
1983-03-29,2.0815,per_usd
1983-03-30,2.084,per_usd
1983-03-31,2.0855,per_usd
1983-04-01,2.0875,per_usd
1983-04-04,2.072,per_usd
1983-04-05,2.0515,per_usd
1983-04-06,2.045,per_usd
1983-04-07,2.05,per_usd
1983-04-08,2.058,per_usd
1983-04-11,2.051,per_usd
1983-04-12,2.0445,per_usd
1983-04-13,2.056,per_usd
1983-04-14,2.049,per_usd
1983-04-15,2.04,per_usd
1983-04-18,2.0605,per_usd
1983-04-19,2.064,per_usd
1983-04-20,2.073,per_usd
1983-04-21,2.0635,per_usd
1983-04-22,2.061,per_usd
1983-04-25,2.0555,per_usd
1983-04-26,2.057,per_usd
1983-04-27,2.0525,per_usd
1983-04-28,2.068,per_usd
1983-04-29,2.073,per_usd
1983-05-02,2.0685,per_usd
1983-05-03,2.0678,per_usd
1983-05-04,2.057,per_usd
1983-05-05,2.0535,per_usd
1983-05-06,2.053,per_usd
1983-05-09,2.039,per_usd
1983-05-10,2.042,per_usd
1983-05-11,2.024,per_usd
1983-05-12,2.0225,per_usd
1983-05-13,2.023,per_usd
1983-05-16,2.043,per_usd
1983-05-17,2.048,per_usd
1983-05-18,2.023,per_usd
1983-05-19,2.0695,per_usd
1983-05-20,2.0785,per_usd
1983-05-23,2.0785,per_usd
1983-05-24,2.0825,per_usd
1983-05-25,2.073,per_usd
1983-05-26,2.0745,per_usd
1983-05-27,2.085,per_usd
1983-05-31,2.096,per_usd
1983-06-01,2.109,per_usd
1983-06-02,2.104,per_usd
1983-06-03,2.1085,per_usd
1983-06-06,2.1205,per_usd
1983-06-07,2.13,per_usd
1983-06-08,2.1315,per_usd
1983-06-09,2.129,per_usd
1983-06-10,2.127,per_usd
1983-06-13,2.127,per_usd
1983-06-14,2.135,per_usd
1983-06-15,2.1375,per_usd
1983-06-16,2.1245,per_usd
1983-06-17,2.1185,per_usd
1983-06-20,2.105,per_usd
1983-06-21,2.1105,per_usd
1983-06-22,2.0815,per_usd
1983-06-23,2.0845,per_usd
1983-06-24,2.0865,per_usd
1983-06-27,2.096,per_usd
1983-06-28,2.0965,per_usd
1983-06-29,2.106,per_usd
1983-06-30,2.1025,per_usd
1983-07-01,2.106,per_usd
1983-07-05,2.129,per_usd
1983-07-06,2.125,per_usd
1983-07-07,2.1315,per_usd
1983-07-08,2.129,per_usd
1983-07-11,2.13,per_usd
1983-07-12,2.117,per_usd
1983-07-13,2.1125,per_usd
1983-07-14,2.115,per_usd
1983-07-15,2.1285,per_usd
1983-07-18,2.122,per_usd
1983-07-19,2.1185,per_usd
1983-07-20,2.0995,per_usd
1983-07-21,2.0975,per_usd
1983-07-22,2.107,per_usd
1983-07-25,2.115,per_usd
1983-07-26,2.112,per_usd
1983-07-27,2.115,per_usd
1983-07-28,2.123,per_usd
1983-07-29,2.1345,per_usd
1983-08-01,2.155,per_usd
1983-08-02,2.141,per_usd
1983-08-03,2.154,per_usd
1983-08-04,2.1605,per_usd
1983-08-05,2.1705,per_usd
1983-08-08,2.1785,per_usd
1983-08-09,2.1775,per_usd
1983-08-10,2.1955,per_usd
1983-08-11,2.192,per_usd
1983-08-12,2.1845,per_usd
1983-08-15,2.1685,per_usd
1983-08-16,2.1415,per_usd
1983-08-17,2.141,per_usd
1983-08-18,2.145,per_usd
1983-08-19,2.155,per_usd
1983-08-22,2.1415,per_usd
1983-08-23,2.138,per_usd
1983-08-24,2.1465,per_usd
1983-08-25,2.146,per_usd
1983-08-26,2.171,per_usd
1983-08-29,2.1792,per_usd
1983-08-30,2.1845,per_usd
1983-08-31,2.187,per_usd
1983-09-01,2.1885,per_usd
1983-09-02,2.19,per_usd
1983-09-06,2.1775,per_usd
1983-09-07,2.181,per_usd
1983-09-08,2.174,per_usd
1983-09-09,2.1695,per_usd
1983-09-12,2.164,per_usd
1983-09-13,2.1795,per_usd
1983-09-14,2.185,per_usd
1983-09-15,2.178,per_usd
1983-09-16,2.165,per_usd
1983-09-19,2.153,per_usd
1983-09-20,2.159,per_usd
1983-09-21,2.161,per_usd
1983-09-22,2.1715,per_usd
1983-09-23,2.145,per_usd
1983-09-26,2.145,per_usd
1983-09-27,2.1385,per_usd
1983-09-28,2.133,per_usd
1983-09-29,2.1306,per_usd
1983-09-30,2.12,per_usd
1983-10-03,2.113,per_usd
1983-10-04,2.1175,per_usd
1983-10-05,2.1015,per_usd
1983-10-06,2.0945,per_usd
1983-10-07,2.087,per_usd
1983-10-11,2.1035,per_usd
1983-10-12,2.123,per_usd
1983-10-13,2.1155,per_usd
1983-10-14,2.121,per_usd
1983-10-17,2.1103,per_usd
1983-10-18,2.098,per_usd
1983-10-19,2.0995,per_usd
1983-10-20,2.104,per_usd
1983-10-21,2.101,per_usd
1983-10-24,2.1208,per_usd
1983-10-25,2.1145,per_usd
1983-10-26,2.123,per_usd
1983-10-27,2.1245,per_usd
1983-10-28,2.1295,per_usd
1983-10-31,2.143,per_usd
1983-11-01,2.1615,per_usd
1983-11-02,2.1505,per_usd
1983-11-03,2.158,per_usd
1983-11-04,2.17,per_usd
1983-11-07,2.177,per_usd
1983-11-09,2.1675,per_usd
1983-11-10,2.152,per_usd
1983-11-14,2.163,per_usd
1983-11-15,2.1634,per_usd
1983-11-16,2.1665,per_usd
1983-11-17,2.183,per_usd
1983-11-18,2.1865,per_usd
1983-11-21,2.183,per_usd
1983-11-22,2.1695,per_usd
1983-11-23,2.179,per_usd
1983-11-25,2.1815,per_usd
1983-11-28,2.177,per_usd
1983-11-29,2.1815,per_usd
1983-11-30,2.1615,per_usd
1983-12-01,2.163,per_usd
1983-12-02,2.174,per_usd
1983-12-05,2.19,per_usd
1983-12-06,2.1865,per_usd
1983-12-07,2.1905,per_usd
1983-12-08,2.194,per_usd
1983-12-09,2.2115,per_usd
1983-12-12,2.212,per_usd
1983-12-13,2.22,per_usd
1983-12-14,2.2125,per_usd
1983-12-15,2.2135,per_usd
1983-12-16,2.216,per_usd
1983-12-19,2.2115,per_usd
1983-12-20,2.208,per_usd
1983-12-21,2.2105,per_usd
1983-12-22,2.2115,per_usd
1983-12-23,2.198,per_usd
1983-12-27,2.19,per_usd
1983-12-28,2.189,per_usd
1983-12-29,2.184,per_usd
1983-12-30,2.179,per_usd
1984-01-03,2.2165,per_usd
1984-01-04,2.233,per_usd
1984-01-05,2.2315,per_usd
1984-01-06,2.2383,per_usd
1984-01-09,2.252,per_usd
1984-01-10,2.2355,per_usd
1984-01-11,2.253,per_usd
1984-01-12,2.25,per_usd
1984-01-13,2.2275,per_usd
1984-01-16,2.222,per_usd
1984-01-17,2.2365,per_usd
1984-01-18,2.2325,per_usd
1984-01-19,2.223,per_usd
1984-01-20,2.2405,per_usd
1984-01-23,2.237,per_usd
1984-01-24,2.247,per_usd
1984-01-25,2.244,per_usd
1984-01-26,2.2383,per_usd
1984-01-27,2.246,per_usd
1984-01-30,2.2415,per_usd
1984-01-31,2.253,per_usd
1984-02-01,2.235,per_usd
1984-02-02,2.2175,per_usd
1984-02-03,2.197,per_usd
1984-02-06,2.213,per_usd
1984-02-07,2.235,per_usd
1984-02-08,2.2295,per_usd
1984-02-09,2.2275,per_usd
1984-02-10,2.24,per_usd
1984-02-14,2.223,per_usd
1984-02-15,2.197,per_usd
1984-02-16,2.1925,per_usd
1984-02-17,2.1945,per_usd
1984-02-21,2.2205,per_usd
1984-02-22,2.194,per_usd
1984-02-23,2.193,per_usd
1984-02-24,2.174,per_usd
1984-02-27,2.178,per_usd
1984-02-28,2.1665,per_usd
1984-02-29,2.168,per_usd
1984-03-01,2.176,per_usd
1984-03-02,2.1545,per_usd
1984-03-05,2.128,per_usd
1984-03-06,2.1095,per_usd
1984-03-07,2.116,per_usd
1984-03-08,2.136,per_usd
1984-03-09,2.134,per_usd
1984-03-12,2.153,per_usd
1984-03-13,2.126,per_usd
1984-03-14,2.128,per_usd
1984-03-15,2.143,per_usd
1984-03-16,2.156,per_usd
1984-03-19,2.163,per_usd
1984-03-20,2.167,per_usd
1984-03-21,2.1767,per_usd
1984-03-22,2.175,per_usd
1984-03-23,2.172,per_usd
1984-03-26,2.157,per_usd
1984-03-27,2.1522,per_usd
1984-03-28,2.158,per_usd
1984-03-29,2.144,per_usd
1984-03-30,2.1525,per_usd
1984-04-02,2.1535,per_usd
1984-04-03,2.1675,per_usd
1984-04-04,2.1715,per_usd
1984-04-05,2.181,per_usd
1984-04-06,2.175,per_usd
1984-04-09,2.176,per_usd
1984-04-10,2.1695,per_usd
1984-04-11,2.1655,per_usd
1984-04-12,2.1715,per_usd
1984-04-13,2.1765,per_usd
1984-04-16,2.1868,per_usd
1984-04-17,2.193,per_usd
1984-04-18,2.1903,per_usd
1984-04-19,2.202,per_usd
1984-04-20,2.202,per_usd
1984-04-23,2.196,per_usd
1984-04-24,2.2175,per_usd
1984-04-25,2.216,per_usd
1984-04-26,2.2262,per_usd
1984-04-27,2.2345,per_usd
1984-04-30,2.2465,per_usd
1984-05-01,2.2448,per_usd
1984-05-02,2.2477,per_usd
1984-05-03,2.242,per_usd
1984-05-04,2.2505,per_usd
1984-05-07,2.282,per_usd
1984-05-08,2.282,per_usd
1984-05-09,2.28,per_usd
1984-05-10,2.288,per_usd
1984-05-11,2.2902,per_usd
1984-05-14,2.28,per_usd
1984-05-15,2.2715,per_usd
1984-05-16,2.268,per_usd
1984-05-17,2.2735,per_usd
1984-05-18,2.281,per_usd
1984-05-21,2.2695,per_usd
1984-05-22,2.267,per_usd
1984-05-23,2.2775,per_usd
1984-05-24,2.268,per_usd
1984-05-25,2.249,per_usd
1984-05-29,2.259,per_usd
1984-05-30,2.265,per_usd
1984-05-31,2.26,per_usd
1984-06-01,2.2295,per_usd
1984-06-04,2.226,per_usd
1984-06-05,2.2345,per_usd
1984-06-06,2.2335,per_usd
1984-06-07,2.245,per_usd
1984-06-08,2.249,per_usd
1984-06-11,2.267,per_usd
1984-06-12,2.2787,per_usd
1984-06-13,2.271,per_usd
1984-06-14,2.272,per_usd
1984-06-15,2.2805,per_usd
1984-06-18,2.293,per_usd
1984-06-19,2.288,per_usd
1984-06-20,2.306,per_usd
1984-06-21,2.313,per_usd
1984-06-22,2.3135,per_usd
1984-06-25,2.336,per_usd
1984-06-26,2.322,per_usd
1984-06-27,2.332,per_usd
1984-06-28,2.327,per_usd
1984-06-29,2.331,per_usd
1984-07-02,2.3425,per_usd
1984-07-03,2.3645,per_usd
1984-07-05,2.374,per_usd
1984-07-06,2.387,per_usd
1984-07-09,2.392,per_usd
1984-07-10,2.3835,per_usd
1984-07-11,2.403,per_usd
1984-07-12,2.4085,per_usd
1984-07-13,2.4,per_usd
1984-07-16,2.387,per_usd
1984-07-17,2.4075,per_usd
1984-07-18,2.4215,per_usd
1984-07-19,2.4075,per_usd
1984-07-20,2.423,per_usd
1984-07-23,2.44,per_usd
1984-07-24,2.4402,per_usd
1984-07-25,2.434,per_usd
1984-07-26,2.4275,per_usd
1984-07-27,2.462,per_usd
1984-07-30,2.4635,per_usd
1984-07-31,2.4725,per_usd
1984-08-01,2.465,per_usd
1984-08-02,2.451,per_usd
1984-08-03,2.404,per_usd
1984-08-06,2.4205,per_usd
1984-08-07,2.455,per_usd
1984-08-08,2.445,per_usd
1984-08-09,2.4415,per_usd
1984-08-10,2.4425,per_usd
1984-08-13,2.4505,per_usd
1984-08-14,2.4215,per_usd
1984-08-15,2.4115,per_usd
1984-08-16,2.3755,per_usd
1984-08-17,2.3835,per_usd
1984-08-20,2.396,per_usd
1984-08-21,2.409,per_usd
1984-08-22,2.4005,per_usd
1984-08-23,2.384,per_usd
1984-08-24,2.393,per_usd
1984-08-27,2.4005,per_usd
1984-08-28,2.3925,per_usd
1984-08-29,2.391,per_usd
1984-08-30,2.4015,per_usd
1984-08-31,2.4095,per_usd
1984-09-04,2.4475,per_usd
1984-09-05,2.464,per_usd
1984-09-06,2.4615,per_usd
1984-09-07,2.487,per_usd
1984-09-10,2.492,per_usd
1984-09-11,2.499,per_usd
1984-09-12,2.49,per_usd
1984-09-13,2.513,per_usd
1984-09-14,2.505,per_usd
1984-09-17,2.5275,per_usd
1984-09-18,2.543,per_usd
1984-09-19,2.5345,per_usd
1984-09-20,2.557,per_usd
1984-09-21,2.5125,per_usd
1984-09-24,2.492,per_usd
1984-09-25,2.5225,per_usd
1984-09-26,2.508,per_usd
1984-09-27,2.505,per_usd
1984-09-28,2.533,per_usd
1984-10-01,2.523,per_usd
1984-10-02,2.5095,per_usd
1984-10-03,2.495,per_usd
1984-10-04,2.508,per_usd
1984-10-05,2.521,per_usd
1984-10-09,2.543,per_usd
1984-10-10,2.5375,per_usd
1984-10-11,2.547,per_usd
1984-10-12,2.562,per_usd
1984-10-15,2.572,per_usd
1984-10-16,2.569,per_usd
1984-10-17,2.558,per_usd
1984-10-18,2.554,per_usd
1984-10-19,2.5335,per_usd
1984-10-22,2.529,per_usd
1984-10-23,2.5045,per_usd
1984-10-24,2.485,per_usd
1984-10-25,2.475,per_usd
1984-10-26,2.492,per_usd
1984-10-29,2.521,per_usd
1984-10-30,2.5065,per_usd
1984-10-31,2.494,per_usd
1984-11-01,2.458,per_usd
1984-11-02,2.426,per_usd
1984-11-05,2.41,per_usd
1984-11-07,2.417,per_usd
1984-11-08,2.415,per_usd
1984-11-09,2.426,per_usd
1984-11-13,2.414,per_usd
1984-11-14,2.45,per_usd
1984-11-15,2.4415,per_usd
1984-11-16,2.453,per_usd
1984-11-19,2.474,per_usd
1984-11-20,2.49,per_usd
1984-11-21,2.502,per_usd
1984-11-23,2.5015,per_usd
1984-11-26,2.525,per_usd
1984-11-27,2.523,per_usd
1984-11-28,2.521,per_usd
1984-11-29,2.5285,per_usd
1984-11-30,2.555,per_usd
1984-12-03,2.5655,per_usd
1984-12-04,2.53,per_usd
1984-12-05,2.545,per_usd
1984-12-06,2.526,per_usd
1984-12-07,2.544,per_usd
1984-12-10,2.5535,per_usd
1984-12-11,2.551,per_usd
1984-12-12,2.555,per_usd
1984-12-13,2.562,per_usd
1984-12-14,2.545,per_usd
1984-12-17,2.55,per_usd
1984-12-18,2.5435,per_usd
1984-12-19,2.558,per_usd
1984-12-20,2.5715,per_usd
1984-12-21,2.567,per_usd
1984-12-24,2.57,per_usd
1984-12-26,2.576,per_usd
1984-12-27,2.599,per_usd
1984-12-28,2.591,per_usd
1984-12-31,2.601,per_usd
1985-01-02,2.617,per_usd
1985-01-03,2.6215,per_usd
1985-01-04,2.634,per_usd
1985-01-07,2.6475,per_usd
1985-01-08,2.6365,per_usd
1985-01-09,2.652,per_usd
1985-01-10,2.636,per_usd
1985-01-11,2.645,per_usd
1985-01-14,2.677,per_usd
1985-01-15,2.6805,per_usd
1985-01-16,2.6765,per_usd
1985-01-17,2.679,per_usd
1985-01-18,2.6815,per_usd
1985-01-22,2.672,per_usd
1985-01-23,2.6835,per_usd
1985-01-24,2.6565,per_usd
1985-01-25,2.6635,per_usd
1985-01-28,2.6625,per_usd
1985-01-29,2.667,per_usd
1985-01-30,2.676,per_usd
1985-01-31,2.675,per_usd
1985-02-01,2.7045,per_usd
1985-02-04,2.7395,per_usd
1985-02-05,2.7415,per_usd
1985-02-06,2.7375,per_usd
1985-02-07,2.76,per_usd
1985-02-08,2.775,per_usd
1985-02-11,2.795,per_usd
1985-02-13,2.812,per_usd
1985-02-14,2.7985,per_usd
1985-02-15,2.777,per_usd
1985-02-19,2.811,per_usd
1985-02-20,2.823,per_usd
1985-02-21,2.828,per_usd
1985-02-22,2.858,per_usd
1985-02-25,2.917,per_usd
1985-02-26,2.906,per_usd
1985-02-27,2.84,per_usd
1985-02-28,2.857,per_usd
1985-03-01,2.861,per_usd
1985-03-04,2.893,per_usd
1985-03-05,2.9245,per_usd
1985-03-06,2.898,per_usd
1985-03-07,2.901,per_usd
1985-03-08,2.903,per_usd
1985-03-11,2.849,per_usd
1985-03-12,2.84,per_usd
1985-03-13,2.85,per_usd
1985-03-14,2.88,per_usd
1985-03-15,2.876,per_usd
1985-03-18,2.843,per_usd
1985-03-19,2.7825,per_usd
1985-03-20,2.755,per_usd
1985-03-21,2.72,per_usd
1985-03-22,2.731,per_usd
1985-03-25,2.742,per_usd
1985-03-26,2.72,per_usd
1985-03-27,2.65,per_usd
1985-03-28,2.65,per_usd
1985-03-29,2.6,per_usd
1985-04-01,2.639,per_usd
1985-04-02,2.66,per_usd
1985-04-03,2.642,per_usd
1985-04-04,2.689,per_usd
1985-04-05,2.675,per_usd
1985-04-08,2.666,per_usd
1985-04-09,2.653,per_usd
1985-04-10,2.653,per_usd
1985-04-11,2.593,per_usd
1985-04-12,2.569,per_usd
1985-04-15,2.529,per_usd
1985-04-16,2.529,per_usd
1985-04-17,2.531,per_usd
1985-04-18,2.48,per_usd
1985-04-19,2.4765,per_usd
1985-04-22,2.503,per_usd
1985-04-23,2.557,per_usd
1985-04-24,2.595,per_usd
1985-04-25,2.6215,per_usd
1985-04-26,2.612,per_usd
1985-04-29,2.613,per_usd
1985-04-30,2.6,per_usd
1985-05-01,2.64,per_usd
1985-05-02,2.66,per_usd
1985-05-03,2.711,per_usd
1985-05-06,2.706,per_usd
1985-05-07,2.663,per_usd
1985-05-08,2.686,per_usd
1985-05-09,2.616,per_usd
1985-05-10,2.63,per_usd
1985-05-13,2.584,per_usd
1985-05-14,2.567,per_usd
1985-05-15,2.581,per_usd
1985-05-16,2.591,per_usd
1985-05-17,2.582,per_usd
1985-05-20,2.567,per_usd
1985-05-21,2.582,per_usd
1985-05-22,2.588,per_usd
1985-05-23,2.586,per_usd
1985-05-24,2.608,per_usd
1985-05-28,2.6175,per_usd
1985-05-29,2.59,per_usd
1985-05-30,2.599,per_usd
1985-05-31,2.575,per_usd
1985-06-03,2.561,per_usd
1985-06-04,2.571,per_usd
1985-06-05,2.584,per_usd
1985-06-06,2.572,per_usd
1985-06-07,2.598,per_usd
1985-06-10,2.613,per_usd
1985-06-11,2.599,per_usd
1985-06-12,2.601,per_usd
1985-06-13,2.61,per_usd
1985-06-14,2.573,per_usd
1985-06-17,2.5745,per_usd
1985-06-18,2.539,per_usd
1985-06-19,2.53,per_usd
1985-06-20,2.575,per_usd
1985-06-21,2.565,per_usd
1985-06-24,2.566,per_usd
1985-06-25,2.571,per_usd
1985-06-26,2.535,per_usd
1985-06-27,2.564,per_usd
1985-06-28,2.541,per_usd
1985-07-01,2.549,per_usd
1985-07-02,2.548,per_usd
1985-07-03,2.542,per_usd
1985-07-05,2.52,per_usd
1985-07-08,2.5005,per_usd
1985-07-09,2.474,per_usd
1985-07-10,2.451,per_usd
1985-07-11,2.436,per_usd
1985-07-12,2.399,per_usd
1985-07-15,2.3935,per_usd
1985-07-16,2.3935,per_usd
1985-07-17,2.335,per_usd
1985-07-18,2.369,per_usd
1985-07-19,2.378,per_usd
1985-07-22,2.379,per_usd
1985-07-23,2.34,per_usd
1985-07-24,2.369,per_usd
1985-07-25,2.34,per_usd
1985-07-26,2.335,per_usd
1985-07-29,2.29,per_usd
1985-07-30,2.297,per_usd
1985-07-31,2.294,per_usd
1985-08-01,2.32,per_usd
1985-08-02,2.314,per_usd
1985-08-05,2.3245,per_usd
1985-08-06,2.3625,per_usd
1985-08-07,2.362,per_usd
1985-08-08,2.3405,per_usd
1985-08-09,2.341,per_usd
1985-08-12,2.3035,per_usd
1985-08-13,2.299,per_usd
1985-08-14,2.302,per_usd
1985-08-15,2.267,per_usd
1985-08-16,2.259,per_usd
1985-08-19,2.2615,per_usd
1985-08-20,2.279,per_usd
1985-08-21,2.268,per_usd
1985-08-22,2.244,per_usd
1985-08-23,2.253,per_usd
1985-08-26,2.27,per_usd
1985-08-27,2.288,per_usd
1985-08-28,2.2665,per_usd
1985-08-29,2.2805,per_usd
1985-08-30,2.31,per_usd
1985-09-03,2.352,per_usd
1985-09-04,2.346,per_usd
1985-09-05,2.3565,per_usd
1985-09-06,2.418,per_usd
1985-09-09,2.423,per_usd
1985-09-10,2.426,per_usd
1985-09-11,2.44,per_usd
1985-09-12,2.425,per_usd
1985-09-13,2.393,per_usd
1985-09-16,2.383,per_usd
1985-09-17,2.379,per_usd
1985-09-18,2.389,per_usd
1985-09-19,2.383,per_usd
1985-09-20,2.342,per_usd
1985-09-23,2.241,per_usd
1985-09-24,2.232,per_usd
1985-09-25,2.206,per_usd
1985-09-26,2.192,per_usd
1985-09-27,2.197,per_usd
1985-09-30,2.195,per_usd
1985-10-01,2.168,per_usd
1985-10-02,2.165,per_usd
1985-10-03,2.147,per_usd
1985-10-04,2.162,per_usd
1985-10-07,2.171,per_usd
1985-10-08,2.171,per_usd
1985-10-09,2.176,per_usd
1985-10-10,2.186,per_usd
1985-10-11,2.178,per_usd
1985-10-15,2.183,per_usd
1985-10-16,2.205,per_usd
1985-10-17,2.175,per_usd
1985-10-18,2.169,per_usd
1985-10-21,2.164,per_usd
1985-10-22,2.173,per_usd
1985-10-23,2.165,per_usd
1985-10-24,2.172,per_usd
1985-10-25,2.175,per_usd
1985-10-28,2.167,per_usd
1985-10-29,2.15,per_usd
1985-10-30,2.15,per_usd
1985-10-31,2.151,per_usd
1985-11-01,2.136,per_usd
1985-11-04,2.139,per_usd
1985-11-05,2.152,per_usd
1985-11-06,2.1415,per_usd
1985-11-07,2.16,per_usd
1985-11-08,2.1575,per_usd
1985-11-12,2.153,per_usd
1985-11-13,2.1435,per_usd
1985-11-14,2.144,per_usd
1985-11-15,2.15,per_usd
1985-11-18,2.142,per_usd
1985-11-19,2.128,per_usd
1985-11-20,2.142,per_usd
1985-11-21,2.1215,per_usd
1985-11-22,2.1075,per_usd
1985-11-25,2.1015,per_usd
1985-11-26,2.091,per_usd
1985-11-27,2.09,per_usd
1985-11-29,2.081,per_usd
1985-12-02,2.105,per_usd
1985-12-03,2.1135,per_usd
1985-12-04,2.0955,per_usd
1985-12-05,2.096,per_usd
1985-12-06,2.105,per_usd
1985-12-09,2.1165,per_usd
1985-12-10,2.1205,per_usd
1985-12-11,2.129,per_usd
1985-12-12,2.1035,per_usd
1985-12-13,2.1065,per_usd
1985-12-16,2.113,per_usd
1985-12-17,2.106,per_usd
1985-12-18,2.114,per_usd
1985-12-19,2.115,per_usd
1985-12-20,2.111,per_usd
1985-12-23,2.105,per_usd
1985-12-24,2.104,per_usd
1985-12-26,2.103,per_usd
1985-12-27,2.085,per_usd
1985-12-30,2.081,per_usd
1985-12-31,2.06,per_usd
1986-01-02,2.05,per_usd
1986-01-03,2.0695,per_usd
1986-01-06,2.069,per_usd
1986-01-07,2.0735,per_usd
1986-01-08,2.086,per_usd
1986-01-09,2.078,per_usd
1986-01-10,2.084,per_usd
1986-01-13,2.094,per_usd
1986-01-14,2.09,per_usd
1986-01-15,2.081,per_usd
1986-01-16,2.085,per_usd
1986-01-17,2.093,per_usd
1986-01-21,2.0865,per_usd
1986-01-22,2.08,per_usd
1986-01-23,2.0765,per_usd
1986-01-24,2.045,per_usd
1986-01-27,2.0345,per_usd
1986-01-28,2.0315,per_usd
1986-01-29,2.023,per_usd
1986-01-30,2.02,per_usd
1986-01-31,2.036,per_usd
1986-02-03,2.0355,per_usd
1986-02-04,2.0435,per_usd
1986-02-05,2.0195,per_usd
1986-02-06,2.022,per_usd
1986-02-07,2.0385,per_usd
1986-02-10,2.0065,per_usd
1986-02-11,1.982,per_usd
1986-02-12,1.969,per_usd
1986-02-13,1.9455,per_usd
1986-02-14,1.945,per_usd
1986-02-18,1.939,per_usd
1986-02-19,1.908,per_usd
1986-02-20,1.92,per_usd
1986-02-21,1.933,per_usd
1986-02-24,1.902,per_usd
1986-02-25,1.8855,per_usd
1986-02-26,1.8805,per_usd
1986-02-27,1.876,per_usd
1986-02-28,1.888,per_usd
1986-03-03,1.88,per_usd
1986-03-04,1.872,per_usd
1986-03-05,1.916,per_usd
1986-03-06,1.899,per_usd
1986-03-07,1.8965,per_usd
1986-03-10,1.937,per_usd
1986-03-11,1.922,per_usd
1986-03-12,1.933,per_usd
1986-03-13,1.933,per_usd
1986-03-14,1.905,per_usd
1986-03-17,1.885,per_usd
1986-03-18,1.8835,per_usd
1986-03-19,1.895,per_usd
1986-03-20,1.8935,per_usd
1986-03-21,1.8725,per_usd
1986-03-24,1.9185,per_usd
1986-03-25,1.961,per_usd
1986-03-26,1.956,per_usd
1986-03-27,1.947,per_usd
1986-03-28,1.953,per_usd
1986-03-31,1.956,per_usd
1986-04-01,1.952,per_usd
1986-04-02,1.981,per_usd
1986-04-03,2.001,per_usd
1986-04-04,1.992,per_usd
1986-04-07,2.013,per_usd
1986-04-08,1.9765,per_usd
1986-04-09,1.9565,per_usd
1986-04-10,1.945,per_usd
1986-04-11,1.924,per_usd
1986-04-14,1.935,per_usd
1986-04-15,1.934,per_usd
1986-04-16,1.8885,per_usd
1986-04-17,1.847,per_usd
1986-04-18,1.857,per_usd
1986-04-21,1.85,per_usd
1986-04-22,1.845,per_usd
1986-04-23,1.837,per_usd
1986-04-24,1.841,per_usd
1986-04-25,1.818,per_usd
1986-04-28,1.8085,per_usd
1986-04-29,1.8205,per_usd
1986-04-30,1.813,per_usd
1986-05-01,1.846,per_usd
1986-05-02,1.855,per_usd
1986-05-05,1.832,per_usd
1986-05-06,1.846,per_usd
1986-05-07,1.8325,per_usd
1986-05-08,1.815,per_usd
1986-05-09,1.81,per_usd
1986-05-12,1.8045,per_usd
1986-05-13,1.826,per_usd
1986-05-14,1.8175,per_usd
1986-05-15,1.829,per_usd
1986-05-16,1.8415,per_usd
1986-05-19,1.8605,per_usd
1986-05-20,1.868,per_usd
1986-05-21,1.8635,per_usd
1986-05-22,1.891,per_usd
1986-05-23,1.885,per_usd
1986-05-27,1.881,per_usd
1986-05-28,1.8835,per_usd
1986-05-29,1.9088,per_usd
1986-05-30,1.9335,per_usd
1986-06-02,1.9295,per_usd
1986-06-03,1.881,per_usd
1986-06-04,1.886,per_usd
1986-06-05,1.8435,per_usd
1986-06-06,1.841,per_usd
1986-06-09,1.844,per_usd
1986-06-10,1.829,per_usd
1986-06-11,1.8275,per_usd
1986-06-12,1.828,per_usd
1986-06-13,1.822,per_usd
1986-06-16,1.816,per_usd
1986-06-17,1.853,per_usd
1986-06-18,1.85,per_usd
1986-06-19,1.84,per_usd
1986-06-20,1.8475,per_usd
1986-06-23,1.849,per_usd
1986-06-24,1.824,per_usd
1986-06-25,1.818,per_usd
1986-06-26,1.8195,per_usd
1986-06-27,1.808,per_usd
1986-06-30,1.7965,per_usd
1986-07-01,1.773,per_usd
1986-07-02,1.784,per_usd
1986-07-03,1.7672,per_usd
1986-07-07,1.781,per_usd
1986-07-08,1.775,per_usd
1986-07-09,1.785,per_usd
1986-07-10,1.7778,per_usd
1986-07-11,1.79,per_usd
1986-07-14,1.781,per_usd
1986-07-15,1.7595,per_usd
1986-07-16,1.7425,per_usd
1986-07-17,1.7447,per_usd
1986-07-18,1.724,per_usd
1986-07-21,1.713,per_usd
1986-07-22,1.7285,per_usd
1986-07-23,1.727,per_usd
1986-07-24,1.725,per_usd
1986-07-25,1.7315,per_usd
1986-07-28,1.7025,per_usd
1986-07-29,1.6915,per_usd
1986-07-30,1.697,per_usd
1986-07-31,1.678,per_usd
1986-08-01,1.6705,per_usd
1986-08-04,1.678,per_usd
1986-08-05,1.6875,per_usd
1986-08-06,1.678,per_usd
1986-08-07,1.6665,per_usd
1986-08-08,1.669,per_usd
1986-08-11,1.6555,per_usd
1986-08-12,1.6785,per_usd
1986-08-13,1.6708,per_usd
1986-08-14,1.6615,per_usd
1986-08-15,1.6635,per_usd
1986-08-18,1.676,per_usd
1986-08-19,1.66,per_usd
1986-08-20,1.6475,per_usd
1986-08-21,1.6455,per_usd
1986-08-22,1.6505,per_usd
1986-08-25,1.6455,per_usd
1986-08-26,1.652,per_usd
1986-08-27,1.6455,per_usd
1986-08-28,1.6515,per_usd
1986-08-29,1.641,per_usd
1986-09-02,1.639,per_usd
1986-09-03,1.636,per_usd
1986-09-04,1.643,per_usd
1986-09-05,1.6645,per_usd
1986-09-08,1.6898,per_usd
1986-09-09,1.675,per_usd
1986-09-10,1.6745,per_usd
1986-09-11,1.6995,per_usd
1986-09-12,1.671,per_usd
1986-09-15,1.658,per_usd
1986-09-16,1.6575,per_usd
1986-09-17,1.64,per_usd
1986-09-18,1.6105,per_usd
1986-09-19,1.604,per_usd
1986-09-22,1.639,per_usd
1986-09-23,1.661,per_usd
1986-09-24,1.658,per_usd
1986-09-25,1.659,per_usd
1986-09-26,1.661,per_usd
1986-09-29,1.641,per_usd
1986-09-30,1.647,per_usd
1986-10-01,1.6405,per_usd
1986-10-02,1.6265,per_usd
1986-10-03,1.6205,per_usd
1986-10-06,1.6195,per_usd
1986-10-07,1.6295,per_usd
1986-10-08,1.628,per_usd
1986-10-09,1.631,per_usd
1986-10-10,1.6185,per_usd
1986-10-14,1.6155,per_usd
1986-10-15,1.615,per_usd
1986-10-16,1.619,per_usd
1986-10-17,1.621,per_usd
1986-10-20,1.6313,per_usd
1986-10-21,1.6298,per_usd
1986-10-22,1.631,per_usd
1986-10-23,1.6432,per_usd
1986-10-24,1.6735,per_usd
1986-10-27,1.693,per_usd
1986-10-28,1.6765,per_usd
1986-10-29,1.676,per_usd
1986-10-30,1.7035,per_usd
1986-10-31,1.711,per_usd
1986-11-03,1.7182,per_usd
1986-11-04,1.716,per_usd
1986-11-05,1.726,per_usd
1986-11-06,1.7195,per_usd
1986-11-07,1.72,per_usd
1986-11-10,1.699,per_usd
1986-11-12,1.6795,per_usd
1986-11-13,1.669,per_usd
1986-11-14,1.6615,per_usd
1986-11-17,1.675,per_usd
1986-11-18,1.675,per_usd
1986-11-19,1.671,per_usd
1986-11-20,1.67,per_usd
1986-11-21,1.6925,per_usd
1986-11-24,1.69,per_usd
1986-11-25,1.6595,per_usd
1986-11-26,1.66,per_usd
1986-11-28,1.643,per_usd
1986-12-01,1.638,per_usd
1986-12-02,1.6445,per_usd
1986-12-03,1.6415,per_usd
1986-12-04,1.663,per_usd
1986-12-05,1.6725,per_usd
1986-12-08,1.6795,per_usd
1986-12-09,1.691,per_usd
1986-12-10,1.6825,per_usd
1986-12-11,1.688,per_usd
1986-12-12,1.695,per_usd
1986-12-15,1.7005,per_usd
1986-12-16,1.705,per_usd
1986-12-17,1.701,per_usd
1986-12-18,1.6883,per_usd
1986-12-19,1.685,per_usd
1986-12-22,1.66,per_usd
1986-12-23,1.6415,per_usd
1986-12-24,1.644,per_usd
1986-12-26,1.639,per_usd
1986-12-29,1.6235,per_usd
1986-12-30,1.6255,per_usd
1986-12-31,1.614,per_usd
1987-01-02,1.61,per_usd
1987-01-05,1.629,per_usd
1987-01-06,1.6132,per_usd
1987-01-07,1.6205,per_usd
1987-01-08,1.611,per_usd
1987-01-09,1.6057,per_usd
1987-01-12,1.5817,per_usd
1987-01-13,1.576,per_usd
1987-01-14,1.54,per_usd
1987-01-15,1.547,per_usd
1987-01-16,1.545,per_usd
1987-01-20,1.5415,per_usd
1987-01-21,1.551,per_usd
1987-01-22,1.5225,per_usd
1987-01-23,1.537,per_usd
1987-01-26,1.5325,per_usd
1987-01-27,1.5155,per_usd
1987-01-28,1.503,per_usd
1987-01-29,1.503,per_usd
1987-01-30,1.546,per_usd
1987-02-02,1.5255,per_usd
1987-02-03,1.518,per_usd
1987-02-04,1.5325,per_usd
1987-02-05,1.5495,per_usd
1987-02-06,1.566,per_usd
1987-02-09,1.5325,per_usd
1987-02-10,1.518,per_usd
1987-02-11,1.538,per_usd
1987-02-12,1.546,per_usd
1987-02-13,1.549,per_usd
1987-02-17,1.5335,per_usd
1987-02-18,1.548,per_usd
1987-02-19,1.553,per_usd
1987-02-20,1.5452,per_usd
1987-02-23,1.5475,per_usd
1987-02-24,1.55,per_usd
1987-02-25,1.5395,per_usd
1987-02-26,1.536,per_usd
1987-02-27,1.5385,per_usd
1987-03-02,1.5417,per_usd
1987-03-03,1.545,per_usd
1987-03-04,1.5485,per_usd
1987-03-05,1.544,per_usd
1987-03-06,1.551,per_usd
1987-03-09,1.5647,per_usd
1987-03-10,1.5635,per_usd
1987-03-11,1.5698,per_usd
1987-03-12,1.56,per_usd
1987-03-13,1.554,per_usd
1987-03-16,1.5375,per_usd
1987-03-17,1.5395,per_usd
1987-03-18,1.538,per_usd
1987-03-19,1.5345,per_usd
1987-03-20,1.537,per_usd
1987-03-23,1.5235,per_usd
1987-03-24,1.5235,per_usd
1987-03-25,1.5248,per_usd
1987-03-26,1.527,per_usd
1987-03-27,1.52,per_usd
1987-03-30,1.507,per_usd
1987-03-31,1.5055,per_usd
1987-04-01,1.5215,per_usd
1987-04-02,1.516,per_usd
1987-04-03,1.521,per_usd
1987-04-06,1.5195,per_usd
1987-04-07,1.515,per_usd
1987-04-08,1.53,per_usd
1987-04-09,1.5145,per_usd
1987-04-10,1.496,per_usd
1987-04-13,1.4995,per_usd
1987-04-14,1.486,per_usd
1987-04-15,1.489,per_usd
1987-04-16,1.493,per_usd
1987-04-17,1.4965,per_usd
1987-04-20,1.4935,per_usd
1987-04-21,1.4945,per_usd
1987-04-22,1.4975,per_usd
1987-04-23,1.4825,per_usd
1987-04-24,1.4635,per_usd
1987-04-27,1.4605,per_usd
1987-04-28,1.468,per_usd
1987-04-29,1.4745,per_usd
1987-04-30,1.477,per_usd
1987-05-01,1.461,per_usd
1987-05-04,1.4525,per_usd
1987-05-05,1.454,per_usd
1987-05-06,1.4555,per_usd
1987-05-07,1.4605,per_usd
1987-05-08,1.471,per_usd
1987-05-11,1.4785,per_usd
1987-05-12,1.469,per_usd
1987-05-13,1.4705,per_usd
1987-05-14,1.4695,per_usd
1987-05-15,1.4616,per_usd
1987-05-18,1.4595,per_usd
1987-05-19,1.459,per_usd
1987-05-20,1.454,per_usd
1987-05-21,1.459,per_usd
1987-05-22,1.4605,per_usd
1987-05-26,1.488,per_usd
1987-05-27,1.507,per_usd
1987-05-28,1.5065,per_usd
1987-05-29,1.5125,per_usd
1987-06-01,1.522,per_usd
1987-06-02,1.488,per_usd
1987-06-03,1.4938,per_usd
1987-06-04,1.5035,per_usd
1987-06-05,1.504,per_usd
1987-06-08,1.5015,per_usd
1987-06-09,1.4833,per_usd
1987-06-10,1.487,per_usd
1987-06-11,1.484,per_usd
1987-06-12,1.5,per_usd
1987-06-15,1.5125,per_usd
1987-06-16,1.521,per_usd
1987-06-17,1.5184,per_usd
1987-06-18,1.516,per_usd
1987-06-19,1.522,per_usd
1987-06-22,1.5285,per_usd
1987-06-23,1.519,per_usd
1987-06-24,1.5115,per_usd
1987-06-25,1.519,per_usd
1987-06-26,1.5145,per_usd
1987-06-29,1.522,per_usd
1987-06-30,1.5155,per_usd
1987-07-01,1.5195,per_usd
1987-07-02,1.522,per_usd
1987-07-03,1.5307,per_usd
1987-07-06,1.5345,per_usd
1987-07-07,1.5345,per_usd
1987-07-08,1.5337,per_usd
1987-07-09,1.535,per_usd
1987-07-10,1.5405,per_usd
1987-07-13,1.537,per_usd
1987-07-14,1.5405,per_usd
1987-07-15,1.523,per_usd
1987-07-16,1.5292,per_usd
1987-07-17,1.5475,per_usd
1987-07-20,1.5505,per_usd
1987-07-21,1.548,per_usd
1987-07-22,1.5458,per_usd
1987-07-23,1.537,per_usd
1987-07-24,1.536,per_usd
1987-07-27,1.5388,per_usd
1987-07-28,1.5386,per_usd
1987-07-29,1.5405,per_usd
1987-07-30,1.5388,per_usd
1987-07-31,1.5385,per_usd
1987-08-03,1.544,per_usd
1987-08-04,1.568,per_usd
1987-08-05,1.5575,per_usd
1987-08-06,1.562,per_usd
1987-08-07,1.5725,per_usd
1987-08-10,1.5735,per_usd
1987-08-11,1.5772,per_usd
1987-08-12,1.5727,per_usd
1987-08-13,1.566,per_usd
1987-08-14,1.558,per_usd
1987-08-17,1.5576,per_usd
1987-08-18,1.527,per_usd
1987-08-19,1.5265,per_usd
1987-08-20,1.5145,per_usd
1987-08-21,1.5047,per_usd
1987-08-24,1.497,per_usd
1987-08-25,1.503,per_usd
1987-08-26,1.504,per_usd
1987-08-27,1.493,per_usd
1987-08-28,1.4922,per_usd
1987-08-31,1.4935,per_usd
1987-09-01,1.4975,per_usd
1987-09-02,1.489,per_usd
1987-09-03,1.483,per_usd
1987-09-04,1.487,per_usd
1987-09-08,1.4843,per_usd
1987-09-09,1.487,per_usd
1987-09-10,1.496,per_usd
1987-09-11,1.4905,per_usd
1987-09-14,1.508,per_usd
1987-09-15,1.5048,per_usd
1987-09-16,1.506,per_usd
1987-09-17,1.507,per_usd
1987-09-18,1.4967,per_usd
1987-09-21,1.5053,per_usd
1987-09-22,1.508,per_usd
1987-09-23,1.5125,per_usd
1987-09-24,1.5109,per_usd
1987-09-25,1.5113,per_usd
1987-09-28,1.514,per_usd
1987-09-29,1.5288,per_usd
1987-09-30,1.5336,per_usd
1987-10-01,1.534,per_usd
1987-10-02,1.5352,per_usd
1987-10-05,1.5355,per_usd
1987-10-06,1.5307,per_usd
1987-10-07,1.524,per_usd
1987-10-08,1.5187,per_usd
1987-10-09,1.509,per_usd
1987-10-13,1.5096,per_usd
1987-10-14,1.5015,per_usd
1987-10-15,1.49,per_usd
1987-10-16,1.493,per_usd
1987-10-19,1.4773,per_usd
1987-10-20,1.501,per_usd
1987-10-21,1.506,per_usd
1987-10-22,1.505,per_usd
1987-10-23,1.479,per_usd
1987-10-26,1.463,per_usd
1987-10-27,1.4535,per_usd
1987-10-28,1.444,per_usd
1987-10-29,1.435,per_usd
1987-10-30,1.429,per_usd
1987-11-02,1.4163,per_usd
1987-11-03,1.4142,per_usd
1987-11-04,1.411,per_usd
1987-11-05,1.368,per_usd
1987-11-06,1.379,per_usd
1987-11-09,1.3655,per_usd
1987-11-10,1.366,per_usd
1987-11-12,1.398,per_usd
1987-11-13,1.3885,per_usd
1987-11-16,1.4,per_usd
1987-11-17,1.39,per_usd
1987-11-18,1.3835,per_usd
1987-11-19,1.3768,per_usd
1987-11-20,1.38,per_usd
1987-11-23,1.369,per_usd
1987-11-24,1.3865,per_usd
1987-11-25,1.3715,per_usd
1987-11-27,1.3585,per_usd
1987-11-30,1.3455,per_usd
1987-12-01,1.361,per_usd
1987-12-02,1.352,per_usd
1987-12-03,1.359,per_usd
1987-12-04,1.3645,per_usd
1987-12-07,1.3665,per_usd
1987-12-08,1.3645,per_usd
1987-12-09,1.361,per_usd
1987-12-10,1.3345,per_usd
1987-12-11,1.331,per_usd
1987-12-14,1.3282,per_usd
1987-12-15,1.328,per_usd
1987-12-16,1.3285,per_usd
1987-12-17,1.317,per_usd
1987-12-18,1.3275,per_usd
1987-12-21,1.3295,per_usd
1987-12-22,1.3235,per_usd
1987-12-23,1.3305,per_usd
1987-12-24,1.3215,per_usd
1987-12-28,1.29,per_usd
1987-12-29,1.289,per_usd
1987-12-30,1.2895,per_usd
1987-12-31,1.2715,per_usd
1988-01-04,1.285,per_usd
1988-01-05,1.325,per_usd
1988-01-06,1.347,per_usd
1988-01-07,1.3378,per_usd
1988-01-08,1.3493,per_usd
1988-01-11,1.3377,per_usd
1988-01-12,1.3346,per_usd
1988-01-13,1.3303,per_usd
1988-01-14,1.3362,per_usd
1988-01-15,1.372,per_usd
1988-01-19,1.366,per_usd
1988-01-20,1.349,per_usd
1988-01-21,1.351,per_usd
1988-01-22,1.3567,per_usd
1988-01-25,1.3616,per_usd
1988-01-26,1.3605,per_usd
1988-01-27,1.3615,per_usd
1988-01-28,1.3565,per_usd
1988-01-29,1.3673,per_usd
1988-02-01,1.3825,per_usd
1988-02-02,1.373,per_usd
1988-02-03,1.3795,per_usd
1988-02-04,1.382,per_usd
1988-02-05,1.392,per_usd
1988-02-08,1.3865,per_usd
1988-02-09,1.3932,per_usd
1988-02-10,1.3863,per_usd
1988-02-11,1.3875,per_usd
1988-02-12,1.407,per_usd
1988-02-16,1.402,per_usd
1988-02-17,1.4027,per_usd
1988-02-18,1.4067,per_usd
1988-02-19,1.3995,per_usd
1988-02-22,1.3912,per_usd
1988-02-23,1.3902,per_usd
1988-02-24,1.3947,per_usd
1988-02-25,1.396,per_usd
1988-02-26,1.3875,per_usd
1988-02-29,1.3925,per_usd
1988-03-01,1.3917,per_usd
1988-03-02,1.3987,per_usd
1988-03-03,1.407,per_usd
1988-03-04,1.3993,per_usd
1988-03-07,1.3838,per_usd
1988-03-08,1.3775,per_usd
1988-03-09,1.379,per_usd
1988-03-10,1.3795,per_usd
1988-03-11,1.372,per_usd
1988-03-14,1.3725,per_usd
1988-03-15,1.377,per_usd
1988-03-16,1.384,per_usd
1988-03-17,1.4014,per_usd
1988-03-18,1.4065,per_usd
1988-03-21,1.4002,per_usd
1988-03-22,1.402,per_usd
1988-03-23,1.398,per_usd
1988-03-24,1.3887,per_usd
1988-03-25,1.3865,per_usd
1988-03-28,1.3707,per_usd
1988-03-29,1.3745,per_usd
1988-03-30,1.373,per_usd
1988-03-31,1.3625,per_usd
1988-04-01,1.365,per_usd
1988-04-04,1.3635,per_usd
1988-04-05,1.3757,per_usd
1988-04-06,1.383,per_usd
1988-04-07,1.3905,per_usd
1988-04-08,1.3828,per_usd
1988-04-11,1.3958,per_usd
1988-04-12,1.3982,per_usd
1988-04-13,1.405,per_usd
1988-04-14,1.374,per_usd
1988-04-15,1.3725,per_usd
1988-04-18,1.371,per_usd
1988-04-19,1.3754,per_usd
1988-04-20,1.3752,per_usd
1988-04-21,1.3752,per_usd
1988-04-22,1.3835,per_usd
1988-04-25,1.3885,per_usd
1988-04-26,1.3866,per_usd
1988-04-27,1.388,per_usd
1988-04-28,1.3846,per_usd
1988-04-29,1.3935,per_usd
1988-05-02,1.398,per_usd
1988-05-03,1.395,per_usd
1988-05-04,1.4,per_usd
1988-05-05,1.3993,per_usd
1988-05-06,1.402,per_usd
1988-05-09,1.401,per_usd
1988-05-10,1.3949,per_usd
1988-05-11,1.394,per_usd
1988-05-12,1.396,per_usd
1988-05-13,1.4002,per_usd
1988-05-16,1.4045,per_usd
1988-05-17,1.4195,per_usd
1988-05-18,1.4215,per_usd
1988-05-19,1.4172,per_usd
1988-05-20,1.4207,per_usd
1988-05-23,1.4175,per_usd
1988-05-24,1.422,per_usd
1988-05-25,1.425,per_usd
1988-05-26,1.424,per_usd
1988-05-27,1.4365,per_usd
1988-05-31,1.4438,per_usd
1988-06-01,1.4412,per_usd
1988-06-02,1.437,per_usd
1988-06-03,1.4395,per_usd
1988-06-06,1.4325,per_usd
1988-06-07,1.429,per_usd
1988-06-08,1.4325,per_usd
1988-06-09,1.4357,per_usd
1988-06-10,1.4373,per_usd
1988-06-13,1.4425,per_usd
1988-06-14,1.4627,per_usd
1988-06-15,1.466,per_usd
1988-06-16,1.4614,per_usd
1988-06-17,1.4575,per_usd
1988-06-20,1.4635,per_usd
1988-06-21,1.4626,per_usd
1988-06-22,1.4731,per_usd
1988-06-23,1.478,per_usd
1988-06-24,1.507,per_usd
1988-06-27,1.5055,per_usd
1988-06-28,1.498,per_usd
1988-06-29,1.5155,per_usd
1988-06-30,1.506,per_usd
1988-07-01,1.5135,per_usd
1988-07-05,1.5165,per_usd
1988-07-06,1.5137,per_usd
1988-07-07,1.51,per_usd
1988-07-08,1.5307,per_usd
1988-07-11,1.5347,per_usd
1988-07-12,1.5232,per_usd
1988-07-13,1.531,per_usd
1988-07-14,1.532,per_usd
1988-07-15,1.5557,per_usd
1988-07-18,1.5626,per_usd
1988-07-19,1.548,per_usd
1988-07-20,1.5367,per_usd
1988-07-21,1.529,per_usd
1988-07-22,1.518,per_usd
1988-07-25,1.5343,per_usd
1988-07-26,1.546,per_usd
1988-07-27,1.5383,per_usd
1988-07-28,1.551,per_usd
1988-07-29,1.562,per_usd
1988-08-01,1.562,per_usd
1988-08-02,1.5625,per_usd
1988-08-03,1.5625,per_usd
1988-08-04,1.5684,per_usd
1988-08-05,1.581,per_usd
1988-08-08,1.5905,per_usd
1988-08-09,1.603,per_usd
1988-08-10,1.6005,per_usd
1988-08-11,1.5905,per_usd
1988-08-12,1.5752,per_usd
1988-08-15,1.578,per_usd
1988-08-16,1.5698,per_usd
1988-08-17,1.604,per_usd
1988-08-18,1.5973,per_usd
1988-08-19,1.592,per_usd
1988-08-22,1.6117,per_usd
1988-08-23,1.605,per_usd
1988-08-24,1.5955,per_usd
1988-08-25,1.5725,per_usd
1988-08-26,1.566,per_usd
1988-08-29,1.5755,per_usd
1988-08-30,1.576,per_usd
1988-08-31,1.585,per_usd
1988-09-01,1.581,per_usd
1988-09-02,1.564,per_usd
1988-09-06,1.5535,per_usd
1988-09-07,1.5547,per_usd
1988-09-08,1.563,per_usd
1988-09-09,1.5623,per_usd
1988-09-12,1.5538,per_usd
1988-09-13,1.5602,per_usd
1988-09-14,1.5835,per_usd
1988-09-15,1.582,per_usd
1988-09-16,1.5845,per_usd
1988-09-19,1.579,per_usd
1988-09-20,1.5747,per_usd
1988-09-21,1.5836,per_usd
1988-09-22,1.5875,per_usd
1988-09-23,1.585,per_usd
1988-09-26,1.5936,per_usd
1988-09-27,1.5908,per_usd
1988-09-28,1.59,per_usd
1988-09-29,1.5932,per_usd
1988-09-30,1.5835,per_usd
1988-10-03,1.5788,per_usd
1988-10-04,1.5801,per_usd
1988-10-05,1.5833,per_usd
1988-10-06,1.583,per_usd
1988-10-07,1.58,per_usd
1988-10-11,1.571,per_usd
1988-10-12,1.551,per_usd
1988-10-13,1.5395,per_usd
1988-10-14,1.5308,per_usd
1988-10-17,1.53,per_usd
1988-10-18,1.5245,per_usd
1988-10-19,1.5298,per_usd
1988-10-20,1.5225,per_usd
1988-10-21,1.5077,per_usd
1988-10-24,1.5159,per_usd
1988-10-25,1.5175,per_usd
1988-10-26,1.5041,per_usd
1988-10-27,1.4955,per_usd
1988-10-28,1.498,per_usd
1988-10-31,1.5015,per_usd
1988-11-01,1.5005,per_usd
1988-11-02,1.4945,per_usd
1988-11-03,1.485,per_usd
1988-11-04,1.5037,per_usd
1988-11-07,1.494,per_usd
1988-11-08,1.5017,per_usd
1988-11-09,1.4815,per_usd
1988-11-10,1.477,per_usd
1988-11-14,1.465,per_usd
1988-11-15,1.4635,per_usd
1988-11-16,1.4465,per_usd
1988-11-17,1.4525,per_usd
1988-11-18,1.4587,per_usd
1988-11-21,1.452,per_usd
1988-11-22,1.4473,per_usd
1988-11-23,1.4405,per_usd
1988-11-25,1.437,per_usd
1988-11-28,1.4508,per_usd
1988-11-29,1.4453,per_usd
1988-11-30,1.4535,per_usd
1988-12-01,1.4525,per_usd
1988-12-02,1.4503,per_usd
1988-12-05,1.445,per_usd
1988-12-06,1.4523,per_usd
1988-12-07,1.479,per_usd
1988-12-08,1.466,per_usd
1988-12-09,1.4612,per_usd
1988-12-12,1.4662,per_usd
1988-12-13,1.471,per_usd
1988-12-14,1.4654,per_usd
1988-12-15,1.4725,per_usd
1988-12-16,1.4895,per_usd
1988-12-19,1.488,per_usd
1988-12-20,1.499,per_usd
1988-12-21,1.494,per_usd
1988-12-22,1.4975,per_usd
1988-12-23,1.4985,per_usd
1988-12-27,1.4995,per_usd
1988-12-28,1.5135,per_usd
1988-12-29,1.515,per_usd
1988-12-30,1.502,per_usd
1989-01-03,1.4973,per_usd
1989-01-04,1.5188,per_usd
1989-01-05,1.531,per_usd
1989-01-06,1.549,per_usd
1989-01-09,1.5575,per_usd
1989-01-10,1.5645,per_usd
1989-01-11,1.5552,per_usd
1989-01-12,1.5562,per_usd
1989-01-13,1.5627,per_usd
1989-01-17,1.5765,per_usd
1989-01-18,1.5903,per_usd
1989-01-19,1.591,per_usd
1989-01-20,1.5685,per_usd
1989-01-23,1.5575,per_usd
1989-01-24,1.561,per_usd
1989-01-25,1.568,per_usd
1989-01-26,1.5677,per_usd
1989-01-27,1.5865,per_usd
1989-01-30,1.5792,per_usd
1989-01-31,1.5997,per_usd
1989-02-01,1.584,per_usd
1989-02-02,1.5855,per_usd
1989-02-03,1.5975,per_usd
1989-02-06,1.5965,per_usd
1989-02-07,1.5865,per_usd
1989-02-08,1.591,per_usd
1989-02-09,1.5795,per_usd
1989-02-10,1.5825,per_usd
1989-02-13,1.5895,per_usd
1989-02-14,1.57,per_usd
1989-02-15,1.5635,per_usd
1989-02-16,1.5642,per_usd
1989-02-17,1.56,per_usd
1989-02-21,1.569,per_usd
1989-02-22,1.5685,per_usd
1989-02-23,1.554,per_usd
1989-02-24,1.557,per_usd
1989-02-27,1.5525,per_usd
1989-02-28,1.5549,per_usd
1989-03-01,1.5685,per_usd
1989-03-02,1.5747,per_usd
1989-03-03,1.5747,per_usd
1989-03-06,1.584,per_usd
1989-03-07,1.5835,per_usd
1989-03-08,1.586,per_usd
1989-03-09,1.59,per_usd
1989-03-10,1.592,per_usd
1989-03-13,1.5975,per_usd
1989-03-14,1.5902,per_usd
1989-03-15,1.609,per_usd
1989-03-16,1.6115,per_usd
1989-03-17,1.618,per_usd
1989-03-20,1.6155,per_usd
1989-03-21,1.622,per_usd
1989-03-22,1.623,per_usd
1989-03-23,1.6255,per_usd
1989-03-24,1.6285,per_usd
1989-03-27,1.6415,per_usd
1989-03-28,1.653,per_usd
1989-03-29,1.6445,per_usd
1989-03-30,1.6585,per_usd
1989-03-31,1.6625,per_usd
1989-04-03,1.6495,per_usd
1989-04-04,1.6322,per_usd
1989-04-05,1.642,per_usd
1989-04-06,1.6395,per_usd
1989-04-07,1.649,per_usd
1989-04-10,1.6563,per_usd
1989-04-11,1.665,per_usd
1989-04-12,1.6675,per_usd
1989-04-13,1.647,per_usd
1989-04-14,1.65,per_usd
1989-04-17,1.6363,per_usd
1989-04-18,1.6285,per_usd
1989-04-19,1.636,per_usd
1989-04-20,1.6277,per_usd
1989-04-21,1.633,per_usd
1989-04-24,1.643,per_usd
1989-04-25,1.6442,per_usd
1989-04-26,1.6582,per_usd
1989-04-27,1.6588,per_usd
1989-04-28,1.6735,per_usd
1989-05-01,1.6895,per_usd
1989-05-02,1.678,per_usd
1989-05-03,1.6835,per_usd
1989-05-04,1.6865,per_usd
1989-05-05,1.6988,per_usd
1989-05-08,1.705,per_usd
1989-05-09,1.7042,per_usd
1989-05-10,1.693,per_usd
1989-05-11,1.7055,per_usd
1989-05-12,1.72,per_usd
1989-05-15,1.738,per_usd
1989-05-16,1.736,per_usd
1989-05-17,1.7645,per_usd
1989-05-18,1.756,per_usd
1989-05-19,1.7583,per_usd
1989-05-22,1.7923,per_usd
1989-05-23,1.7883,per_usd
1989-05-24,1.786,per_usd
1989-05-25,1.7562,per_usd
1989-05-26,1.737,per_usd
1989-05-30,1.7555,per_usd
1989-05-31,1.706,per_usd
1989-06-01,1.705,per_usd
1989-06-02,1.685,per_usd
1989-06-05,1.695,per_usd
1989-06-06,1.7135,per_usd
1989-06-07,1.699,per_usd
1989-06-08,1.713,per_usd
1989-06-09,1.74,per_usd
1989-06-12,1.7555,per_usd
1989-06-13,1.7527,per_usd
1989-06-14,1.7525,per_usd
1989-06-15,1.7492,per_usd
1989-06-16,1.721,per_usd
1989-06-19,1.7055,per_usd
1989-06-20,1.74,per_usd
1989-06-21,1.703,per_usd
1989-06-22,1.6852,per_usd
1989-06-23,1.665,per_usd
1989-06-26,1.6845,per_usd
1989-06-27,1.6855,per_usd
1989-06-28,1.689,per_usd
1989-06-29,1.677,per_usd
1989-06-30,1.679,per_usd
1989-07-03,1.654,per_usd
1989-07-05,1.6205,per_usd
1989-07-06,1.6225,per_usd
1989-07-07,1.62,per_usd
1989-07-10,1.596,per_usd
1989-07-11,1.617,per_usd
1989-07-12,1.6145,per_usd
1989-07-13,1.6195,per_usd
1989-07-14,1.6465,per_usd
1989-07-17,1.6475,per_usd
1989-07-18,1.641,per_usd
1989-07-19,1.6468,per_usd
1989-07-20,1.6415,per_usd
1989-07-21,1.6457,per_usd
1989-07-24,1.645,per_usd
1989-07-25,1.6315,per_usd
1989-07-26,1.613,per_usd
1989-07-27,1.608,per_usd
1989-07-28,1.6242,per_usd
1989-07-31,1.6065,per_usd
1989-08-01,1.6075,per_usd
1989-08-02,1.5922,per_usd
1989-08-03,1.6073,per_usd
1989-08-04,1.635,per_usd
1989-08-07,1.638,per_usd
1989-08-08,1.6268,per_usd
1989-08-09,1.6355,per_usd
1989-08-10,1.631,per_usd
1989-08-11,1.6725,per_usd
1989-08-14,1.6752,per_usd
1989-08-15,1.6785,per_usd
1989-08-16,1.6725,per_usd
1989-08-17,1.697,per_usd
1989-08-18,1.685,per_usd
1989-08-21,1.6817,per_usd
1989-08-22,1.6725,per_usd
1989-08-23,1.6875,per_usd
1989-08-24,1.688,per_usd
1989-08-25,1.6847,per_usd
1989-08-28,1.688,per_usd
1989-08-29,1.6695,per_usd
1989-08-30,1.677,per_usd
1989-08-31,1.688,per_usd
1989-09-01,1.71,per_usd
1989-09-05,1.7177,per_usd
1989-09-06,1.705,per_usd
1989-09-07,1.713,per_usd
1989-09-08,1.709,per_usd
1989-09-11,1.7155,per_usd
1989-09-12,1.716,per_usd
1989-09-13,1.7096,per_usd
1989-09-14,1.6985,per_usd
1989-09-15,1.7269,per_usd
1989-09-18,1.685,per_usd
1989-09-19,1.6875,per_usd
1989-09-20,1.6805,per_usd
1989-09-21,1.6837,per_usd
1989-09-22,1.689,per_usd
1989-09-25,1.657,per_usd
1989-09-26,1.64,per_usd
1989-09-27,1.632,per_usd
1989-09-28,1.6323,per_usd
1989-09-29,1.6228,per_usd
1989-10-02,1.6245,per_usd
1989-10-03,1.6255,per_usd
1989-10-04,1.6275,per_usd
1989-10-05,1.637,per_usd
1989-10-06,1.6455,per_usd
1989-10-10,1.657,per_usd
1989-10-11,1.67,per_usd
1989-10-12,1.673,per_usd
1989-10-13,1.6615,per_usd
1989-10-16,1.635,per_usd
1989-10-17,1.6235,per_usd
1989-10-18,1.6255,per_usd
1989-10-19,1.622,per_usd
1989-10-20,1.626,per_usd
1989-10-23,1.625,per_usd
1989-10-24,1.612,per_usd
1989-10-25,1.612,per_usd
1989-10-26,1.609,per_usd
1989-10-27,1.602,per_usd
1989-10-30,1.607,per_usd
1989-10-31,1.6145,per_usd
1989-11-01,1.614,per_usd
1989-11-02,1.6235,per_usd
1989-11-03,1.622,per_usd
1989-11-06,1.6242,per_usd
1989-11-07,1.6195,per_usd
1989-11-08,1.617,per_usd
1989-11-09,1.6217,per_usd
1989-11-10,1.6377,per_usd
1989-11-13,1.641,per_usd
1989-11-14,1.6315,per_usd
1989-11-15,1.623,per_usd
1989-11-16,1.6285,per_usd
1989-11-17,1.632,per_usd
1989-11-20,1.6325,per_usd
1989-11-21,1.6183,per_usd
1989-11-22,1.6147,per_usd
1989-11-24,1.615,per_usd
1989-11-27,1.6055,per_usd
1989-11-28,1.596,per_usd
1989-11-29,1.5885,per_usd
1989-11-30,1.5915,per_usd
1989-12-01,1.5925,per_usd
1989-12-04,1.6,per_usd
1989-12-05,1.59,per_usd
1989-12-06,1.5865,per_usd
1989-12-07,1.5925,per_usd
1989-12-08,1.598,per_usd
1989-12-11,1.597,per_usd
1989-12-12,1.578,per_usd
1989-12-13,1.576,per_usd
1989-12-14,1.564,per_usd
1989-12-15,1.55,per_usd
1989-12-18,1.5477,per_usd
1989-12-19,1.562,per_usd
1989-12-20,1.5625,per_usd
1989-12-21,1.558,per_usd
1989-12-22,1.5495,per_usd
1989-12-26,1.551,per_usd
1989-12-27,1.536,per_usd
1989-12-28,1.5395,per_usd
1989-12-29,1.541,per_usd
1990-01-02,1.5768,per_usd
1990-01-03,1.5785,per_usd
1990-01-04,1.542,per_usd
1990-01-05,1.537,per_usd
1990-01-08,1.5238,per_usd
1990-01-09,1.527,per_usd
1990-01-10,1.5125,per_usd
1990-01-11,1.516,per_usd
1990-01-12,1.4945,per_usd
1990-01-16,1.5165,per_usd
1990-01-17,1.5067,per_usd
1990-01-18,1.5185,per_usd
1990-01-19,1.5145,per_usd
1990-01-22,1.532,per_usd
1990-01-23,1.508,per_usd
1990-01-24,1.4965,per_usd
1990-01-25,1.488,per_usd
1990-01-26,1.498,per_usd
1990-01-29,1.486,per_usd
1990-01-30,1.491,per_usd
1990-01-31,1.504,per_usd
1990-02-01,1.4982,per_usd
1990-02-02,1.497,per_usd
1990-02-05,1.4802,per_usd
1990-02-06,1.4769,per_usd
1990-02-07,1.4815,per_usd
1990-02-08,1.4948,per_usd
1990-02-09,1.497,per_usd
1990-02-12,1.4958,per_usd
1990-02-13,1.497,per_usd
1990-02-14,1.4923,per_usd
1990-02-15,1.4955,per_usd
1990-02-16,1.4935,per_usd
1990-02-20,1.485,per_usd
1990-02-21,1.4747,per_usd
1990-02-22,1.4725,per_usd
1990-02-23,1.477,per_usd
1990-02-26,1.487,per_usd
1990-02-27,1.4833,per_usd
1990-02-28,1.4915,per_usd
1990-03-01,1.506,per_usd
1990-03-02,1.5135,per_usd
1990-03-05,1.5,per_usd
1990-03-06,1.4995,per_usd
1990-03-07,1.5067,per_usd
1990-03-08,1.5093,per_usd
1990-03-09,1.5123,per_usd
1990-03-12,1.5239,per_usd
1990-03-13,1.528,per_usd
1990-03-14,1.527,per_usd
1990-03-15,1.522,per_usd
1990-03-16,1.5095,per_usd
1990-03-19,1.5087,per_usd
1990-03-20,1.5167,per_usd
1990-03-21,1.521,per_usd
1990-03-22,1.515,per_usd
1990-03-23,1.5185,per_usd
1990-03-26,1.5265,per_usd
1990-03-27,1.518,per_usd
1990-03-28,1.516,per_usd
1990-03-29,1.498,per_usd
1990-03-30,1.4975,per_usd
1990-04-02,1.5075,per_usd
1990-04-03,1.5027,per_usd
1990-04-04,1.5065,per_usd
1990-04-05,1.501,per_usd
1990-04-06,1.5013,per_usd
1990-04-09,1.4962,per_usd
1990-04-10,1.4963,per_usd
1990-04-11,1.484,per_usd
1990-04-12,1.4828,per_usd
1990-04-13,1.485,per_usd
1990-04-16,1.4903,per_usd
1990-04-17,1.4905,per_usd
1990-04-18,1.484,per_usd
1990-04-19,1.4828,per_usd
1990-04-20,1.4913,per_usd
1990-04-23,1.493,per_usd
1990-04-24,1.488,per_usd
1990-04-25,1.467,per_usd
1990-04-26,1.4615,per_usd
1990-04-27,1.457,per_usd
1990-04-30,1.4505,per_usd
1990-05-01,1.4555,per_usd
1990-05-02,1.4555,per_usd
1990-05-03,1.4544,per_usd
1990-05-04,1.4447,per_usd
1990-05-07,1.4325,per_usd
1990-05-08,1.433,per_usd
1990-05-09,1.404,per_usd
1990-05-10,1.3955,per_usd
1990-05-11,1.3952,per_usd
1990-05-14,1.3957,per_usd
1990-05-15,1.398,per_usd
1990-05-16,1.4,per_usd
1990-05-17,1.404,per_usd
1990-05-18,1.4048,per_usd
1990-05-21,1.424,per_usd
1990-05-22,1.418,per_usd
1990-05-23,1.4123,per_usd
1990-05-24,1.42,per_usd
1990-05-25,1.4255,per_usd
1990-05-29,1.4098,per_usd
1990-05-30,1.421,per_usd
1990-05-31,1.433,per_usd
1990-06-01,1.436,per_usd
1990-06-04,1.441,per_usd
1990-06-05,1.4347,per_usd
1990-06-06,1.4285,per_usd
1990-06-07,1.4385,per_usd
1990-06-08,1.4478,per_usd
1990-06-11,1.4405,per_usd
1990-06-12,1.437,per_usd
1990-06-13,1.4328,per_usd
1990-06-14,1.4355,per_usd
1990-06-15,1.436,per_usd
1990-06-18,1.4165,per_usd
1990-06-19,1.4077,per_usd
1990-06-20,1.4145,per_usd
1990-06-21,1.4155,per_usd
1990-06-22,1.409,per_usd
1990-06-25,1.4107,per_usd
1990-06-26,1.406,per_usd
1990-06-27,1.408,per_usd
1990-06-28,1.4137,per_usd
1990-06-29,1.4155,per_usd
1990-07-02,1.404,per_usd
1990-07-03,1.3945,per_usd
1990-07-05,1.3997,per_usd
1990-07-06,1.4015,per_usd
1990-07-09,1.3955,per_usd
1990-07-10,1.3963,per_usd
1990-07-11,1.4035,per_usd
1990-07-12,1.405,per_usd
1990-07-13,1.393,per_usd
1990-07-16,1.4165,per_usd
1990-07-17,1.407,per_usd
1990-07-18,1.4088,per_usd
1990-07-19,1.41,per_usd
1990-07-20,1.4075,per_usd
1990-07-23,1.3885,per_usd
1990-07-24,1.375,per_usd
1990-07-25,1.374,per_usd
1990-07-26,1.3782,per_usd
1990-07-27,1.3685,per_usd
1990-07-30,1.365,per_usd
1990-07-31,1.3477,per_usd
1990-08-01,1.3555,per_usd
1990-08-02,1.3565,per_usd
1990-08-03,1.351,per_usd
1990-08-06,1.3322,per_usd
1990-08-07,1.331,per_usd
1990-08-08,1.344,per_usd
1990-08-09,1.3385,per_usd
1990-08-10,1.339,per_usd
1990-08-13,1.3165,per_usd
1990-08-14,1.306,per_usd
1990-08-15,1.293,per_usd
1990-08-16,1.3035,per_usd
1990-08-17,1.2815,per_usd
1990-08-20,1.2918,per_usd
1990-08-21,1.2868,per_usd
1990-08-22,1.2735,per_usd
1990-08-23,1.2605,per_usd
1990-08-24,1.2685,per_usd
1990-08-27,1.275,per_usd
1990-08-28,1.2815,per_usd
1990-08-29,1.285,per_usd
1990-08-30,1.296,per_usd
1990-08-31,1.3085,per_usd
1990-09-04,1.3175,per_usd
1990-09-05,1.2975,per_usd
1990-09-06,1.2988,per_usd
1990-09-07,1.304,per_usd
1990-09-10,1.319,per_usd
1990-09-11,1.3305,per_usd
1990-09-12,1.3232,per_usd
1990-09-13,1.3139,per_usd
1990-09-14,1.2905,per_usd
1990-09-17,1.287,per_usd
1990-09-18,1.2825,per_usd
1990-09-19,1.306,per_usd
1990-09-20,1.32,per_usd
1990-09-21,1.3222,per_usd
1990-09-24,1.2975,per_usd
1990-09-25,1.302,per_usd
1990-09-26,1.3112,per_usd
1990-09-27,1.308,per_usd
1990-09-28,1.2995,per_usd
1990-10-01,1.2895,per_usd
1990-10-02,1.292,per_usd
1990-10-03,1.285,per_usd
1990-10-04,1.277,per_usd
1990-10-05,1.291,per_usd
1990-10-09,1.2775,per_usd
1990-10-10,1.278,per_usd
1990-10-11,1.291,per_usd
1990-10-12,1.2785,per_usd
1990-10-15,1.2885,per_usd
1990-10-16,1.279,per_usd
1990-10-17,1.2735,per_usd
1990-10-18,1.274,per_usd
1990-10-19,1.27,per_usd
1990-10-22,1.282,per_usd
1990-10-23,1.2817,per_usd
1990-10-24,1.27,per_usd
1990-10-25,1.277,per_usd
1990-10-26,1.281,per_usd
1990-10-29,1.287,per_usd
1990-10-30,1.2895,per_usd
1990-10-31,1.287,per_usd
1990-11-01,1.2762,per_usd
1990-11-02,1.2707,per_usd
1990-11-05,1.2505,per_usd
1990-11-06,1.25,per_usd
1990-11-07,1.244,per_usd
1990-11-08,1.2485,per_usd
1990-11-09,1.25,per_usd
1990-11-13,1.2537,per_usd
1990-11-14,1.246,per_usd
1990-11-15,1.2522,per_usd
1990-11-16,1.244,per_usd
1990-11-19,1.2457,per_usd
1990-11-20,1.2473,per_usd
1990-11-21,1.2513,per_usd
1990-11-23,1.2585,per_usd
1990-11-26,1.2675,per_usd
1990-11-27,1.26,per_usd
1990-11-28,1.2683,per_usd
1990-11-29,1.277,per_usd
1990-11-30,1.2765,per_usd
1990-12-03,1.292,per_usd
1990-12-04,1.2842,per_usd
1990-12-05,1.2835,per_usd
1990-12-06,1.2725,per_usd
1990-12-07,1.263,per_usd
1990-12-10,1.262,per_usd
1990-12-11,1.2675,per_usd
1990-12-12,1.2645,per_usd
1990-12-13,1.2655,per_usd
1990-12-14,1.2742,per_usd
1990-12-17,1.275,per_usd
1990-12-18,1.2703,per_usd
1990-12-19,1.27,per_usd
1990-12-20,1.2898,per_usd
1990-12-21,1.309,per_usd
1990-12-24,1.316,per_usd
1990-12-26,1.307,per_usd
1990-12-27,1.306,per_usd
1990-12-28,1.2795,per_usd
1990-12-31,1.277,per_usd
1991-01-02,1.2622,per_usd
1991-01-03,1.2665,per_usd
1991-01-04,1.2755,per_usd
1991-01-07,1.2921,per_usd
1991-01-08,1.288,per_usd
1991-01-09,1.2732,per_usd
1991-01-10,1.2885,per_usd
1991-01-11,1.28,per_usd
1991-01-14,1.2831,per_usd
1991-01-15,1.2873,per_usd
1991-01-16,1.289,per_usd
1991-01-17,1.2725,per_usd
1991-01-18,1.262,per_usd
1991-01-22,1.2582,per_usd
1991-01-23,1.2532,per_usd
1991-01-24,1.258,per_usd
1991-01-25,1.26,per_usd
1991-01-28,1.2635,per_usd
1991-01-29,1.2605,per_usd
1991-01-30,1.2675,per_usd
1991-01-31,1.258,per_usd
1991-02-01,1.2525,per_usd
1991-02-04,1.2512,per_usd
1991-02-05,1.249,per_usd
1991-02-06,1.2347,per_usd
1991-02-07,1.2375,per_usd
1991-02-08,1.2445,per_usd
1991-02-11,1.2355,per_usd
1991-02-12,1.245,per_usd
1991-02-13,1.2495,per_usd
1991-02-14,1.257,per_usd
1991-02-15,1.268,per_usd
1991-02-19,1.2815,per_usd
1991-02-20,1.2798,per_usd
1991-02-21,1.2743,per_usd
1991-02-22,1.2895,per_usd
1991-02-25,1.304,per_usd
1991-02-26,1.305,per_usd
1991-02-27,1.316,per_usd
1991-02-28,1.3265,per_usd
1991-03-01,1.332,per_usd
1991-03-04,1.34,per_usd
1991-03-05,1.3355,per_usd
1991-03-06,1.3455,per_usd
1991-03-07,1.35,per_usd
1991-03-08,1.3645,per_usd
1991-03-11,1.3705,per_usd
1991-03-12,1.3625,per_usd
1991-03-13,1.3695,per_usd
1991-03-14,1.3685,per_usd
1991-03-15,1.3873,per_usd
1991-03-18,1.412,per_usd
1991-03-19,1.4285,per_usd
1991-03-20,1.423,per_usd
1991-03-21,1.4105,per_usd
1991-03-22,1.4093,per_usd
1991-03-25,1.429,per_usd
1991-03-26,1.4353,per_usd
1991-03-27,1.4545,per_usd
1991-03-28,1.4555,per_usd
1991-03-29,1.445,per_usd
1991-04-01,1.4382,per_usd
1991-04-02,1.4243,per_usd
1991-04-03,1.4161,per_usd
1991-04-04,1.4015,per_usd
1991-04-05,1.419,per_usd
1991-04-08,1.4322,per_usd
1991-04-09,1.4125,per_usd
1991-04-10,1.424,per_usd
1991-04-11,1.412,per_usd
1991-04-12,1.4265,per_usd
1991-04-15,1.4235,per_usd
1991-04-16,1.418,per_usd
1991-04-17,1.426,per_usd
1991-04-18,1.443,per_usd
1991-04-19,1.4715,per_usd
1991-04-22,1.481,per_usd
1991-04-23,1.4595,per_usd
1991-04-24,1.4698,per_usd
1991-04-25,1.4658,per_usd
1991-04-26,1.4795,per_usd
1991-04-29,1.484,per_usd
1991-04-30,1.449,per_usd
1991-05-01,1.445,per_usd
1991-05-02,1.459,per_usd
1991-05-03,1.476,per_usd
1991-05-06,1.4702,per_usd
1991-05-07,1.459,per_usd
1991-05-08,1.465,per_usd
1991-05-09,1.473,per_usd
1991-05-10,1.459,per_usd
1991-05-13,1.444,per_usd
1991-05-14,1.4322,per_usd
1991-05-15,1.4315,per_usd
1991-05-16,1.441,per_usd
1991-05-17,1.471,per_usd
1991-05-20,1.4587,per_usd
1991-05-21,1.4495,per_usd
1991-05-22,1.46,per_usd
1991-05-23,1.4563,per_usd
1991-05-24,1.4546,per_usd
1991-05-28,1.4455,per_usd
1991-05-29,1.463,per_usd
1991-05-30,1.466,per_usd
1991-05-31,1.4822,per_usd
1991-06-03,1.4895,per_usd
1991-06-04,1.485,per_usd
1991-06-05,1.4962,per_usd
1991-06-06,1.5025,per_usd
1991-06-07,1.519,per_usd
1991-06-10,1.5118,per_usd
1991-06-11,1.5145,per_usd
1991-06-12,1.5325,per_usd
1991-06-13,1.5373,per_usd
1991-06-14,1.5335,per_usd
1991-06-17,1.546,per_usd
1991-06-18,1.5621,per_usd
1991-06-19,1.5387,per_usd
1991-06-20,1.5417,per_usd
1991-06-21,1.5468,per_usd
1991-06-24,1.5335,per_usd
1991-06-25,1.5525,per_usd
1991-06-26,1.544,per_usd
1991-06-27,1.5495,per_usd
1991-06-28,1.5582,per_usd
1991-07-01,1.565,per_usd
1991-07-02,1.5805,per_usd
1991-07-03,1.583,per_usd
1991-07-05,1.5755,per_usd
1991-07-08,1.5635,per_usd
1991-07-09,1.5735,per_usd
1991-07-10,1.572,per_usd
1991-07-11,1.5898,per_usd
1991-07-12,1.5499,per_usd
1991-07-15,1.5478,per_usd
1991-07-16,1.5615,per_usd
1991-07-17,1.5535,per_usd
1991-07-18,1.5355,per_usd
1991-07-19,1.515,per_usd
1991-07-22,1.523,per_usd
1991-07-23,1.5255,per_usd
1991-07-24,1.5118,per_usd
1991-07-25,1.5305,per_usd
1991-07-26,1.515,per_usd
1991-07-29,1.5325,per_usd
1991-07-30,1.5288,per_usd
1991-07-31,1.526,per_usd
1991-08-01,1.5357,per_usd
1991-08-02,1.508,per_usd
1991-08-05,1.499,per_usd
1991-08-06,1.4952,per_usd
1991-08-07,1.4945,per_usd
1991-08-08,1.5075,per_usd
1991-08-09,1.515,per_usd
1991-08-12,1.51,per_usd
1991-08-13,1.514,per_usd
1991-08-14,1.5185,per_usd
1991-08-15,1.523,per_usd
1991-08-16,1.5405,per_usd
1991-08-19,1.551,per_usd
1991-08-20,1.5485,per_usd
1991-08-21,1.523,per_usd
1991-08-22,1.505,per_usd
1991-08-23,1.532,per_usd
1991-08-26,1.5275,per_usd
1991-08-27,1.5227,per_usd
1991-08-28,1.5173,per_usd
1991-08-29,1.5255,per_usd
1991-08-30,1.5285,per_usd
1991-09-03,1.5265,per_usd
1991-09-04,1.5238,per_usd
1991-09-05,1.5273,per_usd
1991-09-06,1.5225,per_usd
1991-09-09,1.49,per_usd
1991-09-10,1.4805,per_usd
1991-09-11,1.4863,per_usd
1991-09-12,1.4775,per_usd
1991-09-13,1.476,per_usd
1991-09-16,1.4635,per_usd
1991-09-17,1.4585,per_usd
1991-09-18,1.4678,per_usd
1991-09-19,1.4777,per_usd
1991-09-20,1.4725,per_usd
1991-09-23,1.459,per_usd
1991-09-24,1.4575,per_usd
1991-09-25,1.4645,per_usd
1991-09-26,1.4657,per_usd
1991-09-27,1.4595,per_usd
1991-09-30,1.449,per_usd
1991-10-01,1.452,per_usd
1991-10-02,1.4538,per_usd
1991-10-03,1.4576,per_usd
1991-10-04,1.4685,per_usd
1991-10-07,1.4725,per_usd
1991-10-08,1.486,per_usd
1991-10-09,1.481,per_usd
1991-10-10,1.482,per_usd
1991-10-11,1.482,per_usd
1991-10-15,1.4945,per_usd
1991-10-16,1.488,per_usd
1991-10-17,1.4885,per_usd
1991-10-18,1.4765,per_usd
1991-10-21,1.481,per_usd
1991-10-22,1.4795,per_usd
1991-10-23,1.489,per_usd
1991-10-24,1.4885,per_usd
1991-10-25,1.4895,per_usd
1991-10-28,1.5003,per_usd
1991-10-29,1.4785,per_usd
1991-10-30,1.464,per_usd
1991-10-31,1.465,per_usd
1991-11-01,1.461,per_usd
1991-11-04,1.4348,per_usd
1991-11-05,1.449,per_usd
1991-11-06,1.451,per_usd
1991-11-07,1.439,per_usd
1991-11-08,1.451,per_usd
1991-11-12,1.4515,per_usd
1991-11-13,1.453,per_usd
1991-11-14,1.4475,per_usd
1991-11-15,1.453,per_usd
1991-11-18,1.426,per_usd
1991-11-19,1.419,per_usd
1991-11-20,1.422,per_usd
1991-11-21,1.4188,per_usd
1991-11-22,1.4107,per_usd
1991-11-25,1.4085,per_usd
1991-11-26,1.401,per_usd
1991-11-27,1.4275,per_usd
1991-11-29,1.436,per_usd
1991-12-02,1.4235,per_usd
1991-12-03,1.429,per_usd
1991-12-04,1.429,per_usd
1991-12-05,1.408,per_usd
1991-12-06,1.3897,per_usd
1991-12-09,1.3905,per_usd
1991-12-10,1.3955,per_usd
1991-12-11,1.392,per_usd
1991-12-12,1.397,per_usd
1991-12-13,1.3985,per_usd
1991-12-16,1.395,per_usd
1991-12-17,1.395,per_usd
1991-12-18,1.3945,per_usd
1991-12-19,1.3833,per_usd
1991-12-20,1.362,per_usd
1991-12-23,1.346,per_usd
1991-12-24,1.355,per_usd
1991-12-26,1.3445,per_usd
1991-12-27,1.351,per_usd
1991-12-30,1.3555,per_usd
1991-12-31,1.3615,per_usd
1992-01-02,1.365,per_usd
1992-01-03,1.3762,per_usd
1992-01-06,1.349,per_usd
1992-01-07,1.3492,per_usd
1992-01-08,1.351,per_usd
1992-01-09,1.383,per_usd
1992-01-10,1.411,per_usd
1992-01-13,1.3982,per_usd
1992-01-14,1.4115,per_usd
1992-01-15,1.4437,per_usd
1992-01-16,1.437,per_usd
1992-01-17,1.4225,per_usd
1992-01-21,1.4037,per_usd
1992-01-22,1.406,per_usd
1992-01-23,1.417,per_usd
1992-01-24,1.4095,per_usd
1992-01-27,1.4375,per_usd
1992-01-28,1.421,per_usd
1992-01-29,1.4185,per_usd
1992-01-30,1.442,per_usd
1992-01-31,1.429,per_usd
1992-02-03,1.4245,per_usd
1992-02-04,1.4215,per_usd
1992-02-05,1.4175,per_usd
1992-02-06,1.407,per_usd
1992-02-07,1.39,per_usd
1992-02-10,1.4033,per_usd
1992-02-11,1.4245,per_usd
1992-02-12,1.4392,per_usd
1992-02-13,1.4595,per_usd
1992-02-14,1.468,per_usd
1992-02-18,1.4895,per_usd
1992-02-19,1.4888,per_usd
1992-02-20,1.4895,per_usd
1992-02-21,1.494,per_usd
1992-02-24,1.4907,per_usd
1992-02-25,1.4855,per_usd
1992-02-26,1.499,per_usd
1992-02-27,1.489,per_usd
1992-02-28,1.4845,per_usd
1992-03-02,1.4878,per_usd
1992-03-03,1.507,per_usd
1992-03-04,1.524,per_usd
1992-03-05,1.5242,per_usd
1992-03-06,1.517,per_usd
1992-03-09,1.508,per_usd
1992-03-10,1.5185,per_usd
1992-03-11,1.5085,per_usd
1992-03-12,1.513,per_usd
1992-03-13,1.5075,per_usd
1992-03-16,1.5105,per_usd
1992-03-17,1.4965,per_usd
1992-03-18,1.4928,per_usd
1992-03-19,1.515,per_usd
1992-03-20,1.5255,per_usd
1992-03-23,1.5175,per_usd
1992-03-24,1.5145,per_usd
1992-03-25,1.5,per_usd
1992-03-26,1.5165,per_usd
1992-03-27,1.4965,per_usd
1992-03-30,1.5042,per_usd
1992-03-31,1.502,per_usd
1992-04-01,1.509,per_usd
1992-04-02,1.5027,per_usd
1992-04-03,1.489,per_usd
1992-04-06,1.4887,per_usd
1992-04-07,1.492,per_usd
1992-04-08,1.4923,per_usd
1992-04-09,1.487,per_usd
1992-04-10,1.508,per_usd
1992-04-13,1.525,per_usd
1992-04-14,1.5135,per_usd
1992-04-15,1.5335,per_usd
1992-04-16,1.543,per_usd
1992-04-17,1.545,per_usd
1992-04-20,1.5485,per_usd
1992-04-21,1.5474,per_usd
1992-04-22,1.5415,per_usd
1992-04-23,1.542,per_usd
1992-04-24,1.533,per_usd
1992-04-27,1.53,per_usd
1992-04-28,1.5173,per_usd
1992-04-29,1.522,per_usd
1992-04-30,1.517,per_usd
1992-05-01,1.501,per_usd
1992-05-04,1.5045,per_usd
1992-05-05,1.5083,per_usd
1992-05-06,1.502,per_usd
1992-05-07,1.5117,per_usd
1992-05-08,1.529,per_usd
1992-05-11,1.528,per_usd
1992-05-12,1.5045,per_usd
1992-05-13,1.4945,per_usd
1992-05-14,1.476,per_usd
1992-05-15,1.4885,per_usd
1992-05-18,1.465,per_usd
1992-05-19,1.4595,per_usd
1992-05-20,1.4705,per_usd
1992-05-21,1.4825,per_usd
1992-05-22,1.489,per_usd
1992-05-26,1.4792,per_usd
1992-05-27,1.4865,per_usd
1992-05-28,1.4768,per_usd
1992-05-29,1.4562,per_usd
1992-06-01,1.4617,per_usd
1992-06-02,1.461,per_usd
1992-06-03,1.4703,per_usd
1992-06-04,1.4615,per_usd
1992-06-05,1.45,per_usd
1992-06-08,1.4523,per_usd
1992-06-09,1.456,per_usd
1992-06-10,1.452,per_usd
1992-06-11,1.4315,per_usd
1992-06-12,1.427,per_usd
1992-06-15,1.415,per_usd
1992-06-16,1.407,per_usd
1992-06-17,1.42,per_usd
1992-06-18,1.4125,per_usd
1992-06-19,1.4165,per_usd
1992-06-22,1.415,per_usd
1992-06-23,1.417,per_usd
1992-06-24,1.4045,per_usd
1992-06-25,1.392,per_usd
1992-06-26,1.3845,per_usd
1992-06-29,1.368,per_usd
1992-06-30,1.3747,per_usd
1992-07-01,1.3665,per_usd
1992-07-02,1.358,per_usd
1992-07-03,1.3575,per_usd
1992-07-06,1.3538,per_usd
1992-07-07,1.3485,per_usd
1992-07-08,1.348,per_usd
1992-07-09,1.372,per_usd
1992-07-10,1.356,per_usd
1992-07-13,1.336,per_usd
1992-07-14,1.3481,per_usd
1992-07-15,1.3362,per_usd
1992-07-16,1.328,per_usd
1992-07-17,1.307,per_usd
1992-07-20,1.313,per_usd
1992-07-21,1.3225,per_usd
1992-07-22,1.322,per_usd
1992-07-23,1.316,per_usd
1992-07-24,1.33,per_usd
1992-07-27,1.3128,per_usd
1992-07-28,1.3039,per_usd
1992-07-29,1.3207,per_usd
1992-07-30,1.321,per_usd
1992-07-31,1.3195,per_usd
1992-08-03,1.3198,per_usd
1992-08-04,1.32,per_usd
1992-08-05,1.3235,per_usd
1992-08-06,1.331,per_usd
1992-08-07,1.3128,per_usd
1992-08-10,1.3172,per_usd
1992-08-11,1.3252,per_usd
1992-08-12,1.3215,per_usd
1992-08-13,1.314,per_usd
1992-08-14,1.3242,per_usd
1992-08-17,1.315,per_usd
1992-08-18,1.3112,per_usd
1992-08-19,1.3024,per_usd
1992-08-20,1.2915,per_usd
1992-08-21,1.279,per_usd
1992-08-24,1.2425,per_usd
1992-08-25,1.248,per_usd
1992-08-26,1.26,per_usd
1992-08-27,1.265,per_usd
1992-08-28,1.259,per_usd
1992-08-31,1.2465,per_usd
1992-09-01,1.2405,per_usd
1992-09-02,1.2395,per_usd
1992-09-03,1.263,per_usd
1992-09-04,1.2515,per_usd
1992-09-08,1.2327,per_usd
1992-09-09,1.252,per_usd
1992-09-10,1.2495,per_usd
1992-09-11,1.289,per_usd
1992-09-14,1.3155,per_usd
1992-09-15,1.3145,per_usd
1992-09-16,1.3205,per_usd
1992-09-17,1.295,per_usd
1992-09-18,1.305,per_usd
1992-09-21,1.3005,per_usd
1992-09-22,1.302,per_usd
1992-09-23,1.3105,per_usd
1992-09-24,1.3055,per_usd
1992-09-25,1.297,per_usd
1992-09-28,1.2715,per_usd
1992-09-29,1.2465,per_usd
1992-09-30,1.2372,per_usd
1992-10-01,1.245,per_usd
1992-10-02,1.2352,per_usd
1992-10-05,1.226,per_usd
1992-10-06,1.249,per_usd
1992-10-07,1.2645,per_usd
1992-10-08,1.3012,per_usd
1992-10-09,1.3145,per_usd
1992-10-13,1.3138,per_usd
1992-10-14,1.304,per_usd
1992-10-15,1.2942,per_usd
1992-10-16,1.3185,per_usd
1992-10-19,1.323,per_usd
1992-10-20,1.361,per_usd
1992-10-21,1.348,per_usd
1992-10-22,1.351,per_usd
1992-10-23,1.363,per_usd
1992-10-26,1.3685,per_usd
1992-10-27,1.366,per_usd
1992-10-28,1.37,per_usd
1992-10-29,1.376,per_usd
1992-10-30,1.377,per_usd
1992-11-02,1.3985,per_usd
1992-11-03,1.3925,per_usd
1992-11-04,1.398,per_usd
1992-11-05,1.417,per_usd
1992-11-06,1.4315,per_usd
1992-11-09,1.4265,per_usd
1992-11-10,1.4375,per_usd
1992-11-12,1.435,per_usd
1992-11-13,1.413,per_usd
1992-11-16,1.439,per_usd
1992-11-17,1.455,per_usd
1992-11-18,1.456,per_usd
1992-11-19,1.434,per_usd
1992-11-20,1.432,per_usd
1992-11-23,1.44,per_usd
1992-11-24,1.4373,per_usd
1992-11-25,1.431,per_usd
1992-11-27,1.442,per_usd
1992-11-30,1.4375,per_usd
1992-12-01,1.415,per_usd
1992-12-02,1.3915,per_usd
1992-12-03,1.4115,per_usd
1992-12-04,1.4342,per_usd
1992-12-07,1.4,per_usd
1992-12-08,1.3935,per_usd
1992-12-09,1.407,per_usd
1992-12-10,1.4125,per_usd
1992-12-11,1.4055,per_usd
1992-12-14,1.4085,per_usd
1992-12-15,1.41,per_usd
1992-12-16,1.397,per_usd
1992-12-17,1.4015,per_usd
1992-12-18,1.4115,per_usd
1992-12-21,1.414,per_usd
1992-12-22,1.435,per_usd
1992-12-23,1.442,per_usd
1992-12-24,1.4485,per_usd
1992-12-28,1.455,per_usd
1992-12-29,1.463,per_usd
1992-12-30,1.4595,per_usd
1992-12-31,1.466,per_usd
1993-01-04,1.479,per_usd
1993-01-05,1.4702,per_usd
1993-01-06,1.487,per_usd
1993-01-07,1.4925,per_usd
1993-01-08,1.495,per_usd
1993-01-11,1.4885,per_usd
1993-01-12,1.4975,per_usd
1993-01-13,1.4925,per_usd
1993-01-14,1.4815,per_usd
1993-01-15,1.497,per_usd
1993-01-19,1.4745,per_usd
1993-01-20,1.4705,per_usd
1993-01-21,1.481,per_usd
1993-01-22,1.4595,per_usd
1993-01-25,1.4432,per_usd
1993-01-26,1.4525,per_usd
1993-01-27,1.4605,per_usd
1993-01-28,1.461,per_usd
1993-01-29,1.488,per_usd
1993-02-01,1.5185,per_usd
1993-02-02,1.524,per_usd
1993-02-03,1.5252,per_usd
1993-02-04,1.5305,per_usd
1993-02-05,1.528,per_usd
1993-02-08,1.5321,per_usd
1993-02-09,1.5285,per_usd
1993-02-10,1.5345,per_usd
1993-02-11,1.5349,per_usd
1993-02-12,1.5404,per_usd
1993-02-16,1.5075,per_usd
1993-02-17,1.505,per_usd
1993-02-18,1.5095,per_usd
1993-02-19,1.507,per_usd
1993-02-22,1.4905,per_usd
1993-02-23,1.484,per_usd
1993-02-24,1.4975,per_usd
1993-02-25,1.5155,per_usd
1993-02-26,1.526,per_usd
1993-03-01,1.5265,per_usd
1993-03-02,1.5215,per_usd
1993-03-03,1.527,per_usd
1993-03-04,1.5185,per_usd
1993-03-05,1.5467,per_usd
1993-03-08,1.5385,per_usd
1993-03-09,1.5433,per_usd
1993-03-10,1.5362,per_usd
1993-03-11,1.5245,per_usd
1993-03-12,1.5223,per_usd
1993-03-15,1.522,per_usd
1993-03-16,1.523,per_usd
1993-03-17,1.5335,per_usd
1993-03-18,1.5215,per_usd
1993-03-19,1.5095,per_usd
1993-03-22,1.5146,per_usd
1993-03-23,1.5097,per_usd
1993-03-24,1.508,per_usd
1993-03-25,1.5217,per_usd
1993-03-26,1.5088,per_usd
1993-03-29,1.509,per_usd
1993-03-30,1.496,per_usd
1993-03-31,1.4915,per_usd
1993-04-01,1.4824,per_usd
1993-04-02,1.491,per_usd
1993-04-05,1.477,per_usd
1993-04-06,1.4895,per_usd
1993-04-07,1.4885,per_usd
1993-04-08,1.4797,per_usd
1993-04-09,1.4765,per_usd
1993-04-12,1.463,per_usd
1993-04-13,1.4455,per_usd
1993-04-14,1.4575,per_usd
1993-04-15,1.4655,per_usd
1993-04-16,1.477,per_usd
1993-04-19,1.4698,per_usd
1993-04-20,1.4637,per_usd
1993-04-21,1.462,per_usd
1993-04-22,1.458,per_usd
1993-04-23,1.43,per_usd
1993-04-26,1.418,per_usd
1993-04-27,1.4262,per_usd
1993-04-28,1.433,per_usd
1993-04-29,1.429,per_usd
1993-04-30,1.435,per_usd
1993-05-03,1.4325,per_usd
1993-05-04,1.417,per_usd
1993-05-05,1.4175,per_usd
1993-05-06,1.4205,per_usd
1993-05-07,1.429,per_usd
1993-05-10,1.4545,per_usd
1993-05-11,1.4585,per_usd
1993-05-12,1.461,per_usd
1993-05-13,1.4583,per_usd
1993-05-14,1.451,per_usd
1993-05-17,1.469,per_usd
1993-05-18,1.4787,per_usd
1993-05-19,1.4745,per_usd
1993-05-20,1.464,per_usd
1993-05-21,1.473,per_usd
1993-05-24,1.4717,per_usd
1993-05-25,1.459,per_usd
1993-05-26,1.4625,per_usd
1993-05-27,1.438,per_usd
1993-05-28,1.4185,per_usd
1993-06-01,1.425,per_usd
1993-06-02,1.425,per_usd
1993-06-03,1.4287,per_usd
1993-06-04,1.459,per_usd
1993-06-07,1.4555,per_usd
1993-06-08,1.4575,per_usd
1993-06-09,1.4742,per_usd
1993-06-10,1.4682,per_usd
1993-06-11,1.45,per_usd
1993-06-14,1.45,per_usd
1993-06-15,1.4633,per_usd
1993-06-16,1.486,per_usd
1993-06-17,1.4785,per_usd
1993-06-18,1.5005,per_usd
1993-06-21,1.5015,per_usd
1993-06-22,1.5134,per_usd
1993-06-23,1.5075,per_usd
1993-06-24,1.518,per_usd
1993-06-25,1.5128,per_usd
1993-06-28,1.5048,per_usd
1993-06-29,1.501,per_usd
1993-06-30,1.5105,per_usd
1993-07-01,1.5065,per_usd
1993-07-02,1.509,per_usd
1993-07-06,1.511,per_usd
1993-07-07,1.517,per_usd
1993-07-08,1.5145,per_usd
1993-07-09,1.5315,per_usd
1993-07-12,1.529,per_usd
1993-07-13,1.5185,per_usd
1993-07-14,1.5115,per_usd
1993-07-15,1.517,per_usd
1993-07-16,1.515,per_usd
1993-07-19,1.4985,per_usd
1993-07-20,1.5055,per_usd
1993-07-21,1.5008,per_usd
1993-07-22,1.5022,per_usd
1993-07-23,1.5185,per_usd
1993-07-26,1.521,per_usd
1993-07-27,1.521,per_usd
1993-07-28,1.514,per_usd
1993-07-29,1.524,per_usd
1993-07-30,1.523,per_usd
1993-08-02,1.5025,per_usd
1993-08-03,1.5013,per_usd
1993-08-04,1.5065,per_usd
1993-08-05,1.5111,per_usd
1993-08-06,1.501,per_usd
1993-08-09,1.5035,per_usd
1993-08-10,1.5177,per_usd
1993-08-11,1.5282,per_usd
1993-08-12,1.5265,per_usd
1993-08-13,1.5265,per_usd
1993-08-16,1.4975,per_usd
1993-08-17,1.5065,per_usd
1993-08-18,1.4895,per_usd
1993-08-19,1.485,per_usd
1993-08-20,1.477,per_usd
1993-08-23,1.4855,per_usd
1993-08-24,1.4795,per_usd
1993-08-25,1.4855,per_usd
1993-08-26,1.4685,per_usd
1993-08-27,1.471,per_usd
1993-08-30,1.4738,per_usd
1993-08-31,1.4805,per_usd
1993-09-01,1.459,per_usd
1993-09-02,1.4517,per_usd
1993-09-03,1.429,per_usd
1993-09-07,1.4169,per_usd
1993-09-08,1.423,per_usd
1993-09-09,1.4007,per_usd
1993-09-10,1.3945,per_usd
1993-09-13,1.408,per_usd
1993-09-14,1.3975,per_usd
1993-09-15,1.3905,per_usd
1993-09-16,1.4017,per_usd
1993-09-17,1.401,per_usd
1993-09-20,1.4035,per_usd
1993-09-21,1.43,per_usd
1993-09-22,1.419,per_usd
1993-09-23,1.434,per_usd
1993-09-24,1.4385,per_usd
1993-09-27,1.426,per_usd
1993-09-28,1.413,per_usd
1993-09-29,1.413,per_usd
1993-09-30,1.431,per_usd
1993-10-01,1.4247,per_usd
1993-10-04,1.4187,per_usd
1993-10-05,1.4215,per_usd
1993-10-06,1.422,per_usd
1993-10-07,1.426,per_usd
1993-10-08,1.4055,per_usd
1993-10-12,1.3995,per_usd
1993-10-13,1.4058,per_usd
1993-10-14,1.4227,per_usd
1993-10-15,1.427,per_usd
1993-10-18,1.4345,per_usd
1993-10-19,1.445,per_usd
1993-10-20,1.4552,per_usd
1993-10-21,1.4685,per_usd
1993-10-22,1.4758,per_usd
1993-10-25,1.472,per_usd
1993-10-26,1.483,per_usd
1993-10-27,1.482,per_usd
1993-10-28,1.492,per_usd
1993-10-29,1.483,per_usd
1993-11-01,1.5015,per_usd
1993-11-02,1.5015,per_usd
1993-11-03,1.502,per_usd
1993-11-04,1.5035,per_usd
1993-11-05,1.4925,per_usd
1993-11-08,1.4852,per_usd
1993-11-09,1.496,per_usd
1993-11-10,1.494,per_usd
1993-11-12,1.4978,per_usd
1993-11-15,1.4915,per_usd
1993-11-16,1.5005,per_usd
1993-11-17,1.4975,per_usd
1993-11-18,1.503,per_usd
1993-11-19,1.507,per_usd
1993-11-22,1.4935,per_usd
1993-11-23,1.4892,per_usd
1993-11-24,1.4927,per_usd
1993-11-26,1.498,per_usd
1993-11-29,1.491,per_usd
1993-11-30,1.5002,per_usd
1993-12-01,1.4965,per_usd
1993-12-02,1.4978,per_usd
1993-12-03,1.4897,per_usd
1993-12-06,1.4665,per_usd
1993-12-07,1.4662,per_usd
1993-12-08,1.4665,per_usd
1993-12-09,1.4675,per_usd
1993-12-10,1.4567,per_usd
1993-12-13,1.465,per_usd
1993-12-14,1.4657,per_usd
1993-12-15,1.4665,per_usd
1993-12-16,1.46,per_usd
1993-12-17,1.455,per_usd
1993-12-20,1.463,per_usd
1993-12-21,1.4515,per_usd
1993-12-22,1.4377,per_usd
1993-12-23,1.434,per_usd
1993-12-24,1.439,per_usd
1993-12-27,1.445,per_usd
1993-12-28,1.4385,per_usd
1993-12-29,1.457,per_usd
1993-12-30,1.484,per_usd
1993-12-31,1.488,per_usd
1994-01-03,1.491,per_usd
1994-01-04,1.4875,per_usd
1994-01-05,1.4807,per_usd
1994-01-06,1.4807,per_usd
1994-01-07,1.47,per_usd
1994-01-10,1.473,per_usd
1994-01-11,1.4775,per_usd
1994-01-12,1.466,per_usd
1994-01-13,1.4775,per_usd
1994-01-14,1.481,per_usd
1994-01-18,1.4642,per_usd
1994-01-19,1.461,per_usd
1994-01-20,1.454,per_usd
1994-01-21,1.4645,per_usd
1994-01-24,1.465,per_usd
1994-01-25,1.471,per_usd
1994-01-26,1.4705,per_usd
1994-01-27,1.4718,per_usd
1994-01-28,1.4625,per_usd
1994-01-31,1.4627,per_usd
1994-02-01,1.45,per_usd
1994-02-02,1.4525,per_usd
1994-02-03,1.4505,per_usd
1994-02-04,1.4568,per_usd
1994-02-07,1.4707,per_usd
1994-02-08,1.48,per_usd
1994-02-09,1.476,per_usd
1994-02-10,1.478,per_usd
1994-02-11,1.4765,per_usd
1994-02-14,1.4705,per_usd
1994-02-15,1.4535,per_usd
1994-02-16,1.4545,per_usd
1994-02-17,1.4565,per_usd
1994-02-18,1.451,per_usd
1994-02-22,1.4493,per_usd
1994-02-23,1.454,per_usd
1994-02-24,1.4393,per_usd
1994-02-25,1.4285,per_usd
1994-02-28,1.425,per_usd
1994-03-01,1.44,per_usd
1994-03-02,1.4275,per_usd
1994-03-03,1.4325,per_usd
1994-03-04,1.4405,per_usd
1994-03-07,1.4385,per_usd
1994-03-08,1.4395,per_usd
1994-03-09,1.4355,per_usd
1994-03-10,1.4205,per_usd
1994-03-11,1.4165,per_usd
1994-03-14,1.437,per_usd
1994-03-15,1.4385,per_usd
1994-03-16,1.4335,per_usd
1994-03-17,1.4335,per_usd
1994-03-18,1.4345,per_usd
1994-03-21,1.437,per_usd
1994-03-22,1.4295,per_usd
1994-03-23,1.4285,per_usd
1994-03-24,1.419,per_usd
1994-03-25,1.4165,per_usd
1994-03-28,1.4218,per_usd
1994-03-29,1.4255,per_usd
1994-03-30,1.4165,per_usd
1994-03-31,1.4097,per_usd
1994-04-01,1.4265,per_usd
1994-04-04,1.4275,per_usd
1994-04-05,1.4426,per_usd
1994-04-06,1.4489,per_usd
1994-04-07,1.4512,per_usd
1994-04-08,1.4435,per_usd
1994-04-11,1.4417,per_usd
1994-04-12,1.4498,per_usd
1994-04-13,1.4417,per_usd
1994-04-14,1.4453,per_usd
1994-04-15,1.4528,per_usd
1994-04-18,1.4575,per_usd
1994-04-19,1.4425,per_usd
1994-04-20,1.44,per_usd
1994-04-21,1.4343,per_usd
1994-04-22,1.4376,per_usd
1994-04-25,1.4328,per_usd
1994-04-26,1.4333,per_usd
1994-04-27,1.424,per_usd
1994-04-28,1.4195,per_usd
1994-04-29,1.411,per_usd
1994-05-02,1.4,per_usd
1994-05-03,1.3995,per_usd
1994-05-04,1.4105,per_usd
1994-05-05,1.4166,per_usd
1994-05-06,1.4147,per_usd
1994-05-09,1.4125,per_usd
1994-05-10,1.4302,per_usd
1994-05-11,1.428,per_usd
1994-05-12,1.427,per_usd
1994-05-13,1.4255,per_usd
1994-05-16,1.4262,per_usd
1994-05-17,1.4157,per_usd
1994-05-18,1.4075,per_usd
1994-05-19,1.4098,per_usd
1994-05-20,1.4057,per_usd
1994-05-23,1.407,per_usd
1994-05-24,1.414,per_usd
1994-05-25,1.4017,per_usd
1994-05-26,1.4038,per_usd
1994-05-27,1.4025,per_usd
1994-05-31,1.4033,per_usd
1994-06-01,1.4005,per_usd
1994-06-02,1.405,per_usd
1994-06-03,1.417,per_usd
1994-06-06,1.415,per_usd
1994-06-07,1.4126,per_usd
1994-06-08,1.413,per_usd
1994-06-09,1.4155,per_usd
1994-06-10,1.406,per_usd
1994-06-13,1.3884,per_usd
1994-06-14,1.3835,per_usd
1994-06-15,1.3735,per_usd
1994-06-16,1.372,per_usd
1994-06-17,1.3592,per_usd
1994-06-20,1.35,per_usd
1994-06-21,1.3445,per_usd
1994-06-22,1.352,per_usd
1994-06-23,1.3475,per_usd
1994-06-24,1.332,per_usd
1994-06-27,1.321,per_usd
1994-06-28,1.328,per_usd
1994-06-29,1.3315,per_usd
1994-06-30,1.3325,per_usd
1994-07-01,1.3355,per_usd
1994-07-05,1.3288,per_usd
1994-07-06,1.321,per_usd
1994-07-07,1.325,per_usd
1994-07-08,1.322,per_usd
1994-07-11,1.296,per_usd
1994-07-12,1.2845,per_usd
1994-07-13,1.2955,per_usd
1994-07-14,1.3075,per_usd
1994-07-15,1.3125,per_usd
1994-07-18,1.3055,per_usd
1994-07-19,1.322,per_usd
1994-07-20,1.32,per_usd
1994-07-21,1.3315,per_usd
1994-07-22,1.35,per_usd
1994-07-25,1.35,per_usd
1994-07-26,1.349,per_usd
1994-07-27,1.3357,per_usd
1994-07-28,1.341,per_usd
1994-07-29,1.3445,per_usd
1994-08-01,1.3315,per_usd
1994-08-02,1.334,per_usd
1994-08-03,1.335,per_usd
1994-08-04,1.3355,per_usd
1994-08-05,1.3345,per_usd
1994-08-08,1.3315,per_usd
1994-08-09,1.3341,per_usd
1994-08-10,1.327,per_usd
1994-08-11,1.328,per_usd
1994-08-12,1.3095,per_usd
1994-08-15,1.3027,per_usd
1994-08-16,1.3012,per_usd
1994-08-17,1.308,per_usd
1994-08-18,1.299,per_usd
1994-08-19,1.2925,per_usd
1994-08-22,1.289,per_usd
1994-08-23,1.298,per_usd
1994-08-24,1.302,per_usd
1994-08-25,1.3065,per_usd
1994-08-26,1.3237,per_usd
1994-08-29,1.337,per_usd
1994-08-30,1.3325,per_usd
1994-08-31,1.3315,per_usd
1994-09-01,1.324,per_usd
1994-09-02,1.3085,per_usd
1994-09-06,1.295,per_usd
1994-09-07,1.2955,per_usd
1994-09-08,1.3055,per_usd
1994-09-09,1.283,per_usd
1994-09-12,1.282,per_usd
1994-09-13,1.2915,per_usd
1994-09-14,1.278,per_usd
1994-09-15,1.2845,per_usd
1994-09-16,1.2735,per_usd
1994-09-19,1.288,per_usd
1994-09-20,1.287,per_usd
1994-09-21,1.2825,per_usd
1994-09-22,1.2845,per_usd
1994-09-23,1.2835,per_usd
1994-09-26,1.2875,per_usd
1994-09-27,1.2835,per_usd
1994-09-28,1.2845,per_usd
1994-09-29,1.285,per_usd
1994-09-30,1.2865,per_usd
1994-10-03,1.293,per_usd
1994-10-04,1.289,per_usd
1994-10-05,1.278,per_usd
1994-10-06,1.2805,per_usd
1994-10-07,1.2817,per_usd
1994-10-11,1.2905,per_usd
1994-10-12,1.287,per_usd
1994-10-13,1.284,per_usd
1994-10-14,1.263,per_usd
1994-10-17,1.249,per_usd
1994-10-18,1.249,per_usd
1994-10-19,1.246,per_usd
1994-10-20,1.247,per_usd
1994-10-21,1.2483,per_usd
1994-10-24,1.247,per_usd
1994-10-25,1.245,per_usd
1994-10-26,1.2505,per_usd
1994-10-27,1.2515,per_usd
1994-10-28,1.261,per_usd
1994-10-31,1.255,per_usd
1994-11-01,1.248,per_usd
1994-11-02,1.254,per_usd
1994-11-03,1.274,per_usd
1994-11-04,1.272,per_usd
1994-11-07,1.267,per_usd
1994-11-08,1.259,per_usd
1994-11-09,1.28,per_usd
1994-11-10,1.2865,per_usd
1994-11-14,1.294,per_usd
1994-11-15,1.2995,per_usd
1994-11-16,1.3056,per_usd
1994-11-17,1.298,per_usd
1994-11-18,1.319,per_usd
1994-11-21,1.322,per_usd
1994-11-22,1.3195,per_usd
1994-11-23,1.314,per_usd
1994-11-25,1.3225,per_usd
1994-11-28,1.3275,per_usd
1994-11-29,1.3255,per_usd
1994-11-30,1.325,per_usd
1994-12-01,1.3305,per_usd
1994-12-02,1.331,per_usd
1994-12-05,1.327,per_usd
1994-12-06,1.33,per_usd
1994-12-07,1.3283,per_usd
1994-12-08,1.337,per_usd
1994-12-09,1.3385,per_usd
1994-12-12,1.3335,per_usd
1994-12-13,1.3305,per_usd
1994-12-14,1.3301,per_usd
1994-12-15,1.3262,per_usd
1994-12-16,1.3312,per_usd
1994-12-19,1.3308,per_usd
1994-12-20,1.3299,per_usd
1994-12-21,1.326,per_usd
1994-12-22,1.3329,per_usd
1994-12-23,1.3343,per_usd
1994-12-27,1.3305,per_usd
1994-12-28,1.3286,per_usd
1994-12-29,1.3097,per_usd
1994-12-30,1.31,per_usd
1995-01-03,1.313,per_usd
1995-01-04,1.313,per_usd
1995-01-05,1.3035,per_usd
1995-01-06,1.31,per_usd
1995-01-09,1.2945,per_usd
1995-01-10,1.289,per_usd
1995-01-11,1.2865,per_usd
1995-01-12,1.2805,per_usd
1995-01-13,1.291,per_usd
1995-01-17,1.287,per_usd
1995-01-18,1.2885,per_usd
1995-01-19,1.2815,per_usd
1995-01-20,1.2715,per_usd
1995-01-23,1.2695,per_usd
1995-01-24,1.271,per_usd
1995-01-25,1.2755,per_usd
1995-01-26,1.2735,per_usd
1995-01-27,1.2745,per_usd
1995-01-30,1.268,per_usd
1995-01-31,1.2845,per_usd
1995-02-01,1.289,per_usd
1995-02-02,1.2842,per_usd
1995-02-03,1.291,per_usd
1995-02-06,1.2948,per_usd
1995-02-07,1.3015,per_usd
1995-02-08,1.2968,per_usd
1995-02-09,1.293,per_usd
1995-02-10,1.2847,per_usd
1995-02-13,1.2838,per_usd
1995-02-14,1.2782,per_usd
1995-02-15,1.2787,per_usd
1995-02-16,1.259,per_usd
1995-02-17,1.259,per_usd
1995-02-21,1.248,per_usd
1995-02-22,1.249,per_usd
1995-02-23,1.25,per_usd
1995-02-24,1.2483,per_usd
1995-02-27,1.2358,per_usd
1995-02-28,1.2332,per_usd
1995-03-01,1.2405,per_usd
1995-03-02,1.237,per_usd
1995-03-03,1.216,per_usd
1995-03-06,1.1695,per_usd
1995-03-07,1.1445,per_usd
1995-03-08,1.164,per_usd
1995-03-09,1.1612,per_usd
1995-03-10,1.1785,per_usd
1995-03-13,1.174,per_usd
1995-03-14,1.177,per_usd
1995-03-15,1.1485,per_usd
1995-03-16,1.1642,per_usd
1995-03-17,1.1505,per_usd
1995-03-20,1.164,per_usd
1995-03-21,1.1767,per_usd
1995-03-22,1.1675,per_usd
1995-03-23,1.1665,per_usd
1995-03-24,1.176,per_usd
1995-03-27,1.1595,per_usd
1995-03-28,1.1495,per_usd
1995-03-29,1.1412,per_usd
1995-03-30,1.171,per_usd
1995-03-31,1.133,per_usd
1995-04-03,1.1242,per_usd
1995-04-04,1.137,per_usd
1995-04-05,1.1322,per_usd
1995-04-06,1.128,per_usd
1995-04-07,1.135,per_usd
1995-04-10,1.1605,per_usd
1995-04-11,1.1525,per_usd
1995-04-12,1.1562,per_usd
1995-04-13,1.1495,per_usd
1995-04-14,1.1522,per_usd
1995-04-17,1.1292,per_usd
1995-04-18,1.126,per_usd
1995-04-19,1.1172,per_usd
1995-04-20,1.143,per_usd
1995-04-21,1.136,per_usd
1995-04-24,1.1375,per_usd
1995-04-25,1.132,per_usd
1995-04-26,1.1395,per_usd
1995-04-27,1.135,per_usd
1995-04-28,1.1455,per_usd
1995-05-01,1.146,per_usd
1995-05-02,1.135,per_usd
1995-05-03,1.133,per_usd
1995-05-04,1.129,per_usd
1995-05-05,1.132,per_usd
1995-05-08,1.1245,per_usd
1995-05-09,1.132,per_usd
1995-05-10,1.154,per_usd
1995-05-11,1.19,per_usd
1995-05-12,1.205,per_usd
1995-05-15,1.2085,per_usd
1995-05-16,1.1985,per_usd
1995-05-17,1.2005,per_usd
1995-05-18,1.218,per_usd
1995-05-19,1.201,per_usd
1995-05-22,1.199,per_usd
1995-05-23,1.2045,per_usd
1995-05-24,1.2,per_usd
1995-05-25,1.165,per_usd
1995-05-26,1.138,per_usd
1995-05-30,1.144,per_usd
1995-05-31,1.1675,per_usd
1995-06-01,1.171,per_usd
1995-06-02,1.169,per_usd
1995-06-05,1.1555,per_usd
1995-06-06,1.17,per_usd
1995-06-07,1.158,per_usd
1995-06-08,1.1685,per_usd
1995-06-09,1.1585,per_usd
1995-06-12,1.1545,per_usd
1995-06-13,1.1603,per_usd
1995-06-14,1.156,per_usd
1995-06-15,1.1705,per_usd
1995-06-16,1.1622,per_usd
1995-06-19,1.1645,per_usd
1995-06-20,1.157,per_usd
1995-06-21,1.152,per_usd
1995-06-22,1.158,per_usd
1995-06-23,1.1475,per_usd
1995-06-26,1.1515,per_usd
1995-06-27,1.145,per_usd
1995-06-28,1.1625,per_usd
1995-06-29,1.15,per_usd
1995-06-30,1.1515,per_usd
1995-07-03,1.146,per_usd
1995-07-05,1.1468,per_usd
1995-07-06,1.1488,per_usd
1995-07-07,1.158,per_usd
1995-07-10,1.1613,per_usd
1995-07-11,1.166,per_usd
1995-07-12,1.166,per_usd
1995-07-13,1.1605,per_usd
1995-07-14,1.1635,per_usd
1995-07-17,1.1663,per_usd
1995-07-18,1.1585,per_usd
1995-07-19,1.1575,per_usd
1995-07-20,1.1503,per_usd
1995-07-21,1.1565,per_usd
1995-07-24,1.1503,per_usd
1995-07-25,1.16,per_usd
1995-07-26,1.1525,per_usd
1995-07-27,1.1468,per_usd
1995-07-28,1.146,per_usd
1995-07-31,1.1505,per_usd
1995-08-01,1.146,per_usd
1995-08-02,1.1588,per_usd
1995-08-03,1.1493,per_usd
1995-08-04,1.1495,per_usd
1995-08-07,1.1655,per_usd
1995-08-08,1.169,per_usd
1995-08-09,1.164,per_usd
1995-08-10,1.178,per_usd
1995-08-11,1.191,per_usd
1995-08-14,1.194,per_usd
1995-08-15,1.224,per_usd
1995-08-16,1.2273,per_usd
1995-08-17,1.2265,per_usd
1995-08-18,1.221,per_usd
1995-08-21,1.221,per_usd
1995-08-22,1.231,per_usd
1995-08-23,1.2255,per_usd
1995-08-24,1.221,per_usd
1995-08-25,1.2184,per_usd
1995-08-28,1.204,per_usd
1995-08-29,1.211,per_usd
1995-08-30,1.211,per_usd
1995-08-31,1.206,per_usd
1995-09-01,1.201,per_usd
1995-09-05,1.2015,per_usd
1995-09-06,1.214,per_usd
1995-09-07,1.214,per_usd
1995-09-08,1.217,per_usd
1995-09-11,1.2065,per_usd
1995-09-12,1.2018,per_usd
1995-09-13,1.2205,per_usd
1995-09-14,1.2105,per_usd
1995-09-15,1.2095,per_usd
1995-09-18,1.2105,per_usd
1995-09-19,1.2025,per_usd
1995-09-20,1.1785,per_usd
1995-09-21,1.1453,per_usd
1995-09-22,1.1355,per_usd
1995-09-25,1.1495,per_usd
1995-09-26,1.162,per_usd
1995-09-27,1.152,per_usd
1995-09-28,1.147,per_usd
1995-09-29,1.156,per_usd
1995-10-02,1.1507,per_usd
1995-10-03,1.161,per_usd
1995-10-04,1.1517,per_usd
1995-10-05,1.1467,per_usd
1995-10-06,1.148,per_usd
1995-10-10,1.148,per_usd
1995-10-11,1.1555,per_usd
1995-10-12,1.1532,per_usd
1995-10-13,1.1585,per_usd
1995-10-16,1.1495,per_usd
1995-10-17,1.1485,per_usd
1995-10-18,1.1543,per_usd
1995-10-19,1.1505,per_usd
1995-10-20,1.1415,per_usd
1995-10-23,1.126,per_usd
1995-10-24,1.1307,per_usd
1995-10-25,1.135,per_usd
1995-10-26,1.139,per_usd
1995-10-27,1.1325,per_usd
1995-10-30,1.134,per_usd
1995-10-31,1.136,per_usd
1995-11-01,1.1395,per_usd
1995-11-02,1.1415,per_usd
1995-11-03,1.1375,per_usd
1995-11-06,1.1392,per_usd
1995-11-07,1.1395,per_usd
1995-11-08,1.1435,per_usd
1995-11-09,1.1387,per_usd
1995-11-10,1.1355,per_usd
1995-11-13,1.143,per_usd
1995-11-14,1.14,per_usd
1995-11-15,1.1347,per_usd
1995-11-16,1.142,per_usd
1995-11-17,1.1353,per_usd
1995-11-20,1.139,per_usd
1995-11-21,1.1389,per_usd
1995-11-22,1.1345,per_usd
1995-11-24,1.1435,per_usd
1995-11-27,1.159,per_usd
1995-11-28,1.1545,per_usd
1995-11-29,1.1629,per_usd
1995-11-30,1.1755,per_usd
1995-12-01,1.174,per_usd
1995-12-04,1.1686,per_usd
1995-12-05,1.168,per_usd
1995-12-06,1.169,per_usd
1995-12-07,1.1685,per_usd
1995-12-08,1.1687,per_usd
1995-12-11,1.1693,per_usd
1995-12-12,1.1751,per_usd
1995-12-13,1.178,per_usd
1995-12-14,1.1637,per_usd
1995-12-15,1.165,per_usd
1995-12-18,1.1485,per_usd
1995-12-19,1.1535,per_usd
1995-12-20,1.1567,per_usd
1995-12-21,1.1575,per_usd
1995-12-22,1.1592,per_usd
1995-12-26,1.156,per_usd
1995-12-27,1.153,per_usd
1995-12-28,1.1565,per_usd
1995-12-29,1.154,per_usd
1996-01-02,1.1573,per_usd
1996-01-03,1.1605,per_usd
1996-01-04,1.1737,per_usd
1996-01-05,1.1605,per_usd
1996-01-08,1.1631,per_usd
1996-01-09,1.1658,per_usd
1996-01-10,1.1635,per_usd
1996-01-11,1.1617,per_usd
1996-01-12,1.1605,per_usd
1996-01-16,1.1755,per_usd
1996-01-17,1.1847,per_usd
1996-01-18,1.1866,per_usd
1996-01-19,1.1942,per_usd
1996-01-22,1.1886,per_usd
1996-01-23,1.192,per_usd
1996-01-24,1.1936,per_usd
1996-01-25,1.1953,per_usd
1996-01-26,1.2079,per_usd
1996-01-29,1.208,per_usd
1996-01-30,1.2133,per_usd
1996-01-31,1.2123,per_usd
1996-02-01,1.2195,per_usd
1996-02-02,1.218,per_usd
1996-02-05,1.197,per_usd
1996-02-06,1.2022,per_usd
1996-02-07,1.2088,per_usd
1996-02-08,1.2055,per_usd
1996-02-09,1.2085,per_usd
1996-02-12,1.2015,per_usd
1996-02-13,1.207,per_usd
1996-02-14,1.1981,per_usd
1996-02-15,1.1995,per_usd
1996-02-16,1.1879,per_usd
1996-02-20,1.1845,per_usd
1996-02-21,1.1867,per_usd
1996-02-22,1.1815,per_usd
1996-02-23,1.1728,per_usd
1996-02-26,1.1785,per_usd
1996-02-27,1.182,per_usd
1996-02-28,1.1953,per_usd
1996-02-29,1.199,per_usd
1996-03-01,1.2053,per_usd
1996-03-04,1.2022,per_usd
1996-03-05,1.1998,per_usd
1996-03-06,1.2009,per_usd
1996-03-07,1.2018,per_usd
1996-03-08,1.2062,per_usd
1996-03-11,1.2016,per_usd
1996-03-12,1.197,per_usd
1996-03-13,1.1915,per_usd
1996-03-14,1.19,per_usd
1996-03-15,1.1892,per_usd
1996-03-18,1.1913,per_usd
1996-03-19,1.1914,per_usd
1996-03-20,1.191,per_usd
1996-03-21,1.1953,per_usd
1996-03-22,1.1945,per_usd
1996-03-25,1.1928,per_usd
1996-03-26,1.1923,per_usd
1996-03-27,1.1993,per_usd
1996-03-28,1.1905,per_usd
1996-03-29,1.1897,per_usd
1996-04-01,1.1948,per_usd
1996-04-02,1.193,per_usd
1996-04-03,1.1946,per_usd
1996-04-04,1.1937,per_usd
1996-04-05,1.197,per_usd
1996-04-08,1.192,per_usd
1996-04-09,1.2058,per_usd
1996-04-10,1.2178,per_usd
1996-04-11,1.2115,per_usd
1996-04-12,1.2262,per_usd
1996-04-15,1.2306,per_usd
1996-04-16,1.2315,per_usd
1996-04-17,1.226,per_usd
1996-04-18,1.2225,per_usd
1996-04-19,1.2225,per_usd
1996-04-22,1.2275,per_usd
1996-04-23,1.2295,per_usd
1996-04-24,1.2326,per_usd
1996-04-25,1.2359,per_usd
1996-04-26,1.236,per_usd
1996-04-29,1.2332,per_usd
1996-04-30,1.2415,per_usd
1996-05-01,1.2497,per_usd
1996-05-02,1.2445,per_usd
1996-05-03,1.242,per_usd
1996-05-06,1.2455,per_usd
1996-05-07,1.2402,per_usd
1996-05-08,1.2334,per_usd
1996-05-09,1.2355,per_usd
1996-05-10,1.2476,per_usd
1996-05-13,1.2492,per_usd
1996-05-14,1.2511,per_usd
1996-05-15,1.2533,per_usd
1996-05-16,1.258,per_usd
1996-05-17,1.2546,per_usd
1996-05-20,1.2625,per_usd
1996-05-21,1.2673,per_usd
1996-05-22,1.266,per_usd
1996-05-23,1.2637,per_usd
1996-05-24,1.267,per_usd
1996-05-28,1.274,per_usd
1996-05-29,1.271,per_usd
1996-05-30,1.2586,per_usd
1996-05-31,1.251,per_usd
1996-06-03,1.2515,per_usd
1996-06-04,1.2582,per_usd
1996-06-05,1.2574,per_usd
1996-06-06,1.261,per_usd
1996-06-07,1.2668,per_usd
1996-06-10,1.2663,per_usd
1996-06-11,1.2679,per_usd
1996-06-12,1.2644,per_usd
1996-06-13,1.259,per_usd
1996-06-14,1.253,per_usd
1996-06-17,1.2485,per_usd
1996-06-18,1.2491,per_usd
1996-06-19,1.2535,per_usd
1996-06-20,1.2541,per_usd
1996-06-21,1.2637,per_usd
1996-06-24,1.2618,per_usd
1996-06-25,1.2615,per_usd
1996-06-26,1.259,per_usd
1996-06-27,1.2515,per_usd
1996-06-28,1.2505,per_usd
1996-07-01,1.2495,per_usd
1996-07-02,1.2513,per_usd
1996-07-03,1.253,per_usd
1996-07-05,1.266,per_usd
1996-07-08,1.2635,per_usd
1996-07-09,1.2612,per_usd
1996-07-10,1.2645,per_usd
1996-07-11,1.257,per_usd
1996-07-12,1.258,per_usd
1996-07-15,1.2559,per_usd
1996-07-16,1.2207,per_usd
1996-07-17,1.2115,per_usd
1996-07-18,1.2145,per_usd
1996-07-19,1.2165,per_usd
1996-07-22,1.2075,per_usd
1996-07-23,1.213,per_usd
1996-07-24,1.2138,per_usd
1996-07-25,1.208,per_usd
1996-07-26,1.211,per_usd
1996-07-29,1.2073,per_usd
1996-07-30,1.2035,per_usd
1996-07-31,1.1978,per_usd
1996-08-01,1.2008,per_usd
1996-08-02,1.204,per_usd
1996-08-05,1.203,per_usd
1996-08-06,1.2049,per_usd
1996-08-07,1.2095,per_usd
1996-08-08,1.2103,per_usd
1996-08-09,1.205,per_usd
1996-08-12,1.201,per_usd
1996-08-13,1.1993,per_usd
1996-08-14,1.208,per_usd
1996-08-15,1.2057,per_usd
1996-08-16,1.2112,per_usd
1996-08-19,1.2066,per_usd
1996-08-20,1.2077,per_usd
1996-08-21,1.2004,per_usd
1996-08-22,1.2071,per_usd
1996-08-23,1.2,per_usd
1996-08-26,1.1935,per_usd
1996-08-27,1.1937,per_usd
1996-08-28,1.1928,per_usd
1996-08-29,1.1985,per_usd
1996-08-30,1.2009,per_usd
1996-09-03,1.208,per_usd
1996-09-04,1.206,per_usd
1996-09-05,1.2072,per_usd
1996-09-06,1.2165,per_usd
1996-09-09,1.2185,per_usd
1996-09-10,1.2331,per_usd
1996-09-11,1.2326,per_usd
1996-09-12,1.2395,per_usd
1996-09-13,1.2413,per_usd
1996-09-16,1.2394,per_usd
1996-09-17,1.245,per_usd
1996-09-18,1.2423,per_usd
1996-09-19,1.244,per_usd
1996-09-20,1.2395,per_usd
1996-09-23,1.2341,per_usd
1996-09-24,1.2378,per_usd
1996-09-25,1.2359,per_usd
1996-09-26,1.2535,per_usd
1996-09-27,1.2565,per_usd
1996-09-30,1.2555,per_usd
1996-10-01,1.2545,per_usd
1996-10-02,1.2545,per_usd
1996-10-03,1.2538,per_usd
1996-10-04,1.2566,per_usd
1996-10-07,1.2562,per_usd
1996-10-08,1.2508,per_usd
1996-10-09,1.2537,per_usd
1996-10-10,1.252,per_usd
1996-10-11,1.2547,per_usd
1996-10-15,1.268,per_usd
1996-10-16,1.2658,per_usd
1996-10-17,1.2695,per_usd
1996-10-18,1.2717,per_usd
1996-10-21,1.264,per_usd
1996-10-22,1.2648,per_usd
1996-10-23,1.2546,per_usd
1996-10-24,1.2565,per_usd
1996-10-25,1.26,per_usd
1996-10-28,1.2585,per_usd
1996-10-29,1.2545,per_usd
1996-10-30,1.253,per_usd
1996-10-31,1.2623,per_usd
1996-11-01,1.27,per_usd
1996-11-04,1.2718,per_usd
1996-11-05,1.2778,per_usd
1996-11-06,1.2784,per_usd
1996-11-07,1.267,per_usd
1996-11-08,1.266,per_usd
1996-11-12,1.2635,per_usd
1996-11-13,1.2684,per_usd
1996-11-14,1.2745,per_usd
1996-11-15,1.2792,per_usd
1996-11-18,1.2673,per_usd
1996-11-19,1.2705,per_usd
1996-11-20,1.2653,per_usd
1996-11-21,1.2667,per_usd
1996-11-22,1.2695,per_usd
1996-11-25,1.2865,per_usd
1996-11-26,1.2905,per_usd
1996-11-27,1.2924,per_usd
1996-11-29,1.3033,per_usd
1996-12-02,1.314,per_usd
1996-12-03,1.3285,per_usd
1996-12-04,1.323,per_usd
1996-12-05,1.3138,per_usd
1996-12-06,1.3155,per_usd
1996-12-09,1.3268,per_usd
1996-12-10,1.3275,per_usd
1996-12-11,1.3105,per_usd
1996-12-12,1.314,per_usd
1996-12-13,1.3167,per_usd
1996-12-16,1.327,per_usd
1996-12-17,1.321,per_usd
1996-12-18,1.3322,per_usd
1996-12-19,1.337,per_usd
1996-12-20,1.3325,per_usd
1996-12-23,1.3375,per_usd
1996-12-24,1.345,per_usd
1996-12-26,1.3453,per_usd
1996-12-27,1.3503,per_usd
1996-12-30,1.3515,per_usd
1996-12-31,1.339,per_usd
1997-01-02,1.343,per_usd
1997-01-03,1.3587,per_usd
1997-01-06,1.3581,per_usd
1997-01-07,1.354,per_usd
1997-01-08,1.365,per_usd
1997-01-09,1.3683,per_usd
1997-01-10,1.3768,per_usd
1997-01-13,1.379,per_usd
1997-01-14,1.3765,per_usd
1997-01-15,1.3738,per_usd
1997-01-16,1.3772,per_usd
1997-01-17,1.3945,per_usd
1997-01-21,1.4145,per_usd
1997-01-22,1.4273,per_usd
1997-01-23,1.423,per_usd
1997-01-24,1.4081,per_usd
1997-01-27,1.4226,per_usd
1997-01-28,1.4291,per_usd
1997-01-29,1.4255,per_usd
1997-01-30,1.4226,per_usd
1997-01-31,1.419,per_usd
1997-02-03,1.4205,per_usd
1997-02-04,1.426,per_usd
1997-02-05,1.4285,per_usd
1997-02-06,1.4255,per_usd
1997-02-07,1.4448,per_usd
1997-02-10,1.4265,per_usd
1997-02-11,1.4345,per_usd
1997-02-12,1.4483,per_usd
1997-02-13,1.4531,per_usd
1997-02-14,1.4632,per_usd
1997-02-18,1.4705,per_usd
1997-02-19,1.4887,per_usd
1997-02-20,1.4767,per_usd
1997-02-21,1.4725,per_usd
1997-02-24,1.4556,per_usd
1997-02-25,1.4642,per_usd
1997-02-26,1.4773,per_usd
1997-02-27,1.478,per_usd
1997-02-28,1.4735,per_usd
1997-03-03,1.477,per_usd
1997-03-04,1.4872,per_usd
1997-03-05,1.4812,per_usd
1997-03-06,1.486,per_usd
1997-03-07,1.4852,per_usd
1997-03-10,1.4732,per_usd
1997-03-11,1.4726,per_usd
1997-03-12,1.4656,per_usd
1997-03-13,1.4642,per_usd
1997-03-14,1.4582,per_usd
1997-03-17,1.4585,per_usd
1997-03-18,1.4395,per_usd
1997-03-19,1.4469,per_usd
1997-03-20,1.4494,per_usd
1997-03-21,1.4595,per_usd
1997-03-24,1.4564,per_usd
1997-03-25,1.4675,per_usd
1997-03-26,1.4651,per_usd
1997-03-27,1.449,per_usd
1997-03-28,1.4505,per_usd
1997-03-31,1.4383,per_usd
1997-04-01,1.4427,per_usd
1997-04-02,1.4445,per_usd
1997-04-03,1.4335,per_usd
1997-04-04,1.4422,per_usd
1997-04-07,1.4648,per_usd
1997-04-08,1.4692,per_usd
1997-04-09,1.477,per_usd
1997-04-10,1.4704,per_usd
1997-04-11,1.466,per_usd
1997-04-14,1.4689,per_usd
1997-04-15,1.4693,per_usd
1997-04-16,1.4715,per_usd
1997-04-17,1.469,per_usd
1997-04-18,1.4589,per_usd
1997-04-21,1.4496,per_usd
1997-04-22,1.4596,per_usd
1997-04-23,1.4624,per_usd
1997-04-24,1.4615,per_usd
1997-04-25,1.469,per_usd
1997-04-28,1.469,per_usd
1997-04-29,1.4668,per_usd
1997-04-30,1.4745,per_usd
1997-05-01,1.4685,per_usd
1997-05-02,1.47,per_usd
1997-05-05,1.4741,per_usd
1997-05-06,1.4615,per_usd
1997-05-07,1.4621,per_usd
1997-05-08,1.444,per_usd
1997-05-09,1.423,per_usd
1997-05-12,1.4385,per_usd
1997-05-13,1.4376,per_usd
1997-05-14,1.4395,per_usd
1997-05-15,1.4355,per_usd
1997-05-16,1.4205,per_usd
1997-05-19,1.4288,per_usd
1997-05-20,1.4075,per_usd
1997-05-21,1.406,per_usd
1997-05-22,1.4145,per_usd
1997-05-23,1.4048,per_usd
1997-05-27,1.4165,per_usd
1997-05-28,1.4162,per_usd
1997-05-29,1.412,per_usd
1997-05-30,1.4145,per_usd
1997-06-02,1.4285,per_usd
1997-06-03,1.4383,per_usd
1997-06-04,1.4481,per_usd
1997-06-05,1.4482,per_usd
1997-06-06,1.454,per_usd
1997-06-09,1.4377,per_usd
1997-06-10,1.4445,per_usd
1997-06-11,1.4375,per_usd
1997-06-12,1.4413,per_usd
1997-06-13,1.4405,per_usd
1997-06-16,1.4416,per_usd
1997-06-17,1.4465,per_usd
1997-06-18,1.4478,per_usd
1997-06-19,1.4363,per_usd
1997-06-20,1.4399,per_usd
1997-06-23,1.4328,per_usd
1997-06-24,1.4393,per_usd
1997-06-25,1.4383,per_usd
1997-06-26,1.4382,per_usd
1997-06-27,1.4496,per_usd
1997-06-30,1.4606,per_usd
1997-07-01,1.459,per_usd
1997-07-02,1.4719,per_usd
1997-07-03,1.466,per_usd
1997-07-07,1.459,per_usd
1997-07-08,1.4655,per_usd
1997-07-09,1.4602,per_usd
1997-07-10,1.4498,per_usd
1997-07-11,1.4601,per_usd
1997-07-14,1.472,per_usd
1997-07-15,1.4803,per_usd
1997-07-16,1.4832,per_usd
1997-07-17,1.4815,per_usd
1997-07-18,1.473,per_usd
1997-07-21,1.4755,per_usd
1997-07-22,1.49,per_usd
1997-07-23,1.484,per_usd
1997-07-24,1.4995,per_usd
1997-07-25,1.515,per_usd
1997-07-28,1.52,per_usd
1997-07-29,1.517,per_usd
1997-07-30,1.515,per_usd
1997-07-31,1.5145,per_usd
1997-08-01,1.526,per_usd
1997-08-04,1.5255,per_usd
1997-08-05,1.536,per_usd
1997-08-06,1.5317,per_usd
1997-08-07,1.5295,per_usd
1997-08-08,1.507,per_usd
1997-08-11,1.523,per_usd
1997-08-12,1.5285,per_usd
1997-08-13,1.5101,per_usd
1997-08-14,1.5195,per_usd
1997-08-15,1.5055,per_usd
1997-08-18,1.512,per_usd
1997-08-19,1.5165,per_usd
1997-08-20,1.527,per_usd
1997-08-21,1.5165,per_usd
1997-08-22,1.4978,per_usd
1997-08-25,1.4996,per_usd
1997-08-26,1.4875,per_usd
1997-08-27,1.4965,per_usd
1997-08-28,1.4833,per_usd
1997-08-29,1.4889,per_usd
1997-09-02,1.506,per_usd
1997-09-03,1.4986,per_usd
1997-09-04,1.497,per_usd
1997-09-05,1.4753,per_usd
1997-09-08,1.4875,per_usd
1997-09-09,1.4885,per_usd
1997-09-10,1.4774,per_usd
1997-09-11,1.471,per_usd
1997-09-12,1.4662,per_usd
1997-09-15,1.4494,per_usd
1997-09-16,1.448,per_usd
1997-09-17,1.4593,per_usd
1997-09-18,1.4665,per_usd
1997-09-19,1.4588,per_usd
1997-09-22,1.4726,per_usd
1997-09-23,1.4745,per_usd
1997-09-24,1.4601,per_usd
1997-09-25,1.4578,per_usd
1997-09-26,1.453,per_usd
1997-09-29,1.451,per_usd
1997-09-30,1.4548,per_usd
1997-10-01,1.4609,per_usd
1997-10-02,1.456,per_usd
1997-10-03,1.4491,per_usd
1997-10-06,1.4521,per_usd
1997-10-07,1.445,per_usd
1997-10-08,1.4455,per_usd
1997-10-09,1.4561,per_usd
1997-10-10,1.4572,per_usd
1997-10-14,1.4615,per_usd
1997-10-15,1.458,per_usd
1997-10-16,1.4558,per_usd
1997-10-17,1.4755,per_usd
1997-10-20,1.4732,per_usd
1997-10-21,1.4885,per_usd
1997-10-22,1.4793,per_usd
1997-10-23,1.4685,per_usd
1997-10-24,1.4636,per_usd
1997-10-27,1.4552,per_usd
1997-10-28,1.4115,per_usd
1997-10-29,1.4178,per_usd
1997-10-30,1.4059,per_usd
1997-10-31,1.3995,per_usd
1997-11-03,1.4134,per_usd
1997-11-04,1.407,per_usd
1997-11-05,1.4073,per_usd
1997-11-06,1.405,per_usd
1997-11-07,1.3958,per_usd
1997-11-10,1.3912,per_usd
1997-11-12,1.3998,per_usd
1997-11-13,1.3975,per_usd
1997-11-14,1.4065,per_usd
1997-11-17,1.4096,per_usd
1997-11-18,1.4035,per_usd
1997-11-19,1.4043,per_usd
1997-11-20,1.4083,per_usd
1997-11-21,1.4182,per_usd
1997-11-24,1.4055,per_usd
1997-11-25,1.4073,per_usd
1997-11-26,1.418,per_usd
1997-11-28,1.4255,per_usd
1997-12-01,1.433,per_usd
1997-12-02,1.4331,per_usd
1997-12-03,1.4285,per_usd
1997-12-04,1.4308,per_usd
1997-12-05,1.439,per_usd
1997-12-08,1.4525,per_usd
1997-12-09,1.457,per_usd
1997-12-10,1.446,per_usd
1997-12-11,1.4335,per_usd
1997-12-12,1.4333,per_usd
1997-12-15,1.4305,per_usd
1997-12-16,1.4415,per_usd
1997-12-17,1.4343,per_usd
1997-12-18,1.4394,per_usd
1997-12-19,1.4278,per_usd
1997-12-22,1.438,per_usd
1997-12-23,1.4338,per_usd
1997-12-24,1.4346,per_usd
1997-12-26,1.4342,per_usd
1997-12-29,1.4474,per_usd
1997-12-30,1.4558,per_usd
1997-12-31,1.461,per_usd
1998-01-02,1.467,per_usd
1998-01-05,1.4803,per_usd
1998-01-06,1.479,per_usd
1998-01-07,1.4765,per_usd
1998-01-08,1.4732,per_usd
1998-01-09,1.4763,per_usd
1998-01-12,1.4744,per_usd
1998-01-13,1.4765,per_usd
1998-01-14,1.4828,per_usd
1998-01-15,1.4933,per_usd
1998-01-16,1.4975,per_usd
1998-01-20,1.4983,per_usd
1998-01-21,1.4861,per_usd
1998-01-22,1.4701,per_usd
1998-01-23,1.4449,per_usd
1998-01-26,1.4585,per_usd
1998-01-27,1.4498,per_usd
1998-01-28,1.4623,per_usd
1998-01-29,1.4673,per_usd
1998-01-30,1.482,per_usd
1998-02-02,1.473,per_usd
1998-02-03,1.4689,per_usd
1998-02-04,1.459,per_usd
1998-02-05,1.4473,per_usd
1998-02-06,1.4556,per_usd
1998-02-09,1.4653,per_usd
1998-02-10,1.465,per_usd
1998-02-11,1.4633,per_usd
1998-02-12,1.451,per_usd
1998-02-13,1.4655,per_usd
1998-02-17,1.4731,per_usd
1998-02-18,1.469,per_usd
1998-02-19,1.4715,per_usd
1998-02-20,1.4705,per_usd
1998-02-23,1.4506,per_usd
1998-02-24,1.4539,per_usd
1998-02-25,1.4653,per_usd
1998-02-26,1.4655,per_usd
1998-02-27,1.4662,per_usd
1998-03-02,1.466,per_usd
1998-03-03,1.4694,per_usd
1998-03-04,1.477,per_usd
1998-03-05,1.4841,per_usd
1998-03-06,1.4939,per_usd
1998-03-09,1.495,per_usd
1998-03-10,1.4915,per_usd
1998-03-11,1.493,per_usd
1998-03-12,1.4853,per_usd
1998-03-13,1.4765,per_usd
1998-03-16,1.4825,per_usd
1998-03-17,1.4788,per_usd
1998-03-18,1.4905,per_usd
1998-03-19,1.4939,per_usd
1998-03-20,1.4993,per_usd
1998-03-23,1.4902,per_usd
1998-03-24,1.49,per_usd
1998-03-25,1.494,per_usd
1998-03-26,1.4895,per_usd
1998-03-27,1.4972,per_usd
1998-03-30,1.521,per_usd
1998-03-31,1.5245,per_usd
1998-04-01,1.5335,per_usd
1998-04-02,1.5317,per_usd
1998-04-03,1.5302,per_usd
1998-04-06,1.5285,per_usd
1998-04-07,1.5297,per_usd
1998-04-08,1.5104,per_usd
1998-04-09,1.5127,per_usd
1998-04-10,1.5156,per_usd
1998-04-13,1.5123,per_usd
1998-04-14,1.4925,per_usd
1998-04-15,1.493,per_usd
1998-04-16,1.5041,per_usd
1998-04-17,1.5005,per_usd
1998-04-20,1.4937,per_usd
1998-04-21,1.4825,per_usd
1998-04-22,1.484,per_usd
1998-04-23,1.491,per_usd
1998-04-24,1.4903,per_usd
1998-04-27,1.486,per_usd
1998-04-28,1.493,per_usd
1998-04-29,1.4955,per_usd
1998-04-30,1.5005,per_usd
1998-05-01,1.4883,per_usd
1998-05-04,1.4895,per_usd
1998-05-05,1.4835,per_usd
1998-05-06,1.4735,per_usd
1998-05-07,1.4703,per_usd
1998-05-08,1.4795,per_usd
1998-05-11,1.486,per_usd
1998-05-12,1.4805,per_usd
1998-05-13,1.4809,per_usd
1998-05-14,1.484,per_usd
1998-05-15,1.4879,per_usd
1998-05-18,1.488,per_usd
1998-05-19,1.4825,per_usd
1998-05-20,1.4758,per_usd
1998-05-21,1.4645,per_usd
1998-05-22,1.465,per_usd
1998-05-26,1.47,per_usd
1998-05-27,1.4722,per_usd
1998-05-28,1.4755,per_usd
1998-05-29,1.482,per_usd
1998-06-01,1.4765,per_usd
1998-06-02,1.48,per_usd
1998-06-03,1.4778,per_usd
1998-06-04,1.4675,per_usd
1998-06-05,1.477,per_usd
1998-06-08,1.4772,per_usd
1998-06-09,1.4773,per_usd
1998-06-10,1.4885,per_usd
1998-06-11,1.4905,per_usd
1998-06-12,1.497,per_usd
1998-06-15,1.5095,per_usd
1998-06-16,1.4975,per_usd
1998-06-17,1.492,per_usd
1998-06-18,1.4965,per_usd
1998-06-19,1.494,per_usd
1998-06-22,1.497,per_usd
1998-06-23,1.5065,per_usd
1998-06-24,1.508,per_usd
1998-06-25,1.5104,per_usd
1998-06-26,1.5255,per_usd
1998-06-29,1.5275,per_usd
1998-06-30,1.515,per_usd
1998-07-01,1.5285,per_usd
1998-07-02,1.5355,per_usd
1998-07-03,1.53,per_usd
1998-07-06,1.5255,per_usd
1998-07-07,1.5281,per_usd
1998-07-08,1.528,per_usd
1998-07-09,1.542,per_usd
1998-07-10,1.5385,per_usd
1998-07-13,1.5185,per_usd
1998-07-14,1.5205,per_usd
1998-07-15,1.5153,per_usd
1998-07-16,1.507,per_usd
1998-07-17,1.505,per_usd
1998-07-20,1.5045,per_usd
1998-07-21,1.5123,per_usd
1998-07-22,1.51,per_usd
1998-07-23,1.512,per_usd
1998-07-24,1.4948,per_usd
1998-07-27,1.4995,per_usd
1998-07-28,1.4925,per_usd
1998-07-29,1.487,per_usd
1998-07-30,1.487,per_usd
1998-07-31,1.4915,per_usd
1998-08-03,1.502,per_usd
1998-08-04,1.497,per_usd
1998-08-05,1.4915,per_usd
1998-08-06,1.4908,per_usd
1998-08-07,1.4982,per_usd
1998-08-10,1.4973,per_usd
1998-08-11,1.4895,per_usd
1998-08-12,1.4835,per_usd
1998-08-13,1.4885,per_usd
1998-08-14,1.509,per_usd
1998-08-17,1.5029,per_usd
1998-08-18,1.5105,per_usd
1998-08-19,1.507,per_usd
1998-08-20,1.5045,per_usd
1998-08-21,1.503,per_usd
1998-08-24,1.4996,per_usd
1998-08-25,1.503,per_usd
1998-08-26,1.5053,per_usd
1998-08-27,1.482,per_usd
1998-08-28,1.453,per_usd
1998-08-31,1.4417,per_usd
1998-09-01,1.4405,per_usd
1998-09-02,1.445,per_usd
1998-09-03,1.4193,per_usd
1998-09-04,1.4252,per_usd
1998-09-08,1.4123,per_usd
1998-09-09,1.4165,per_usd
1998-09-10,1.3905,per_usd
1998-09-11,1.386,per_usd
1998-09-14,1.4047,per_usd
1998-09-15,1.3945,per_usd
1998-09-16,1.3955,per_usd
1998-09-17,1.385,per_usd
1998-09-18,1.39,per_usd
1998-09-21,1.3805,per_usd
1998-09-22,1.3895,per_usd
1998-09-23,1.3955,per_usd
1998-09-24,1.388,per_usd
1998-09-25,1.3805,per_usd
1998-09-28,1.39,per_usd
1998-09-29,1.3895,per_usd
1998-09-30,1.3808,per_usd
1998-10-01,1.364,per_usd
1998-10-02,1.3523,per_usd
1998-10-05,1.347,per_usd
1998-10-06,1.3442,per_usd
1998-10-07,1.318,per_usd
1998-10-08,1.2935,per_usd
1998-10-09,1.323,per_usd
1998-10-13,1.3286,per_usd
1998-10-14,1.3325,per_usd
1998-10-15,1.323,per_usd
1998-10-16,1.3148,per_usd
1998-10-19,1.3235,per_usd
1998-10-20,1.3462,per_usd
1998-10-21,1.348,per_usd
1998-10-22,1.3423,per_usd
1998-10-23,1.3375,per_usd
1998-10-26,1.3463,per_usd
1998-10-27,1.3497,per_usd
1998-10-28,1.3483,per_usd
1998-10-29,1.3452,per_usd
1998-10-30,1.3548,per_usd
1998-11-02,1.35,per_usd
1998-11-03,1.3559,per_usd
1998-11-04,1.367,per_usd
1998-11-05,1.3585,per_usd
1998-11-06,1.3742,per_usd
1998-11-09,1.3995,per_usd
1998-11-10,1.392,per_usd
1998-11-12,1.3955,per_usd
1998-11-13,1.3907,per_usd
1998-11-16,1.3735,per_usd
1998-11-17,1.374,per_usd
1998-11-18,1.3747,per_usd
1998-11-19,1.387,per_usd
1998-11-20,1.3912,per_usd
1998-11-23,1.4066,per_usd
1998-11-24,1.409,per_usd
1998-11-25,1.4075,per_usd
1998-11-27,1.4152,per_usd
1998-11-30,1.3963,per_usd
1998-12-01,1.3783,per_usd
1998-12-02,1.37,per_usd
1998-12-03,1.3667,per_usd
1998-12-04,1.371,per_usd
1998-12-07,1.3756,per_usd
1998-12-08,1.3659,per_usd
1998-12-09,1.3603,per_usd
1998-12-10,1.3396,per_usd
1998-12-11,1.3295,per_usd
1998-12-14,1.3338,per_usd
1998-12-15,1.3415,per_usd
1998-12-16,1.3441,per_usd
1998-12-17,1.3487,per_usd
1998-12-18,1.3482,per_usd
1998-12-21,1.363,per_usd
1998-12-22,1.3655,per_usd
1998-12-23,1.363,per_usd
1998-12-24,1.376,per_usd
1998-12-28,1.372,per_usd
1998-12-29,1.363,per_usd
1998-12-30,1.3805,per_usd
1998-12-31,1.3735,per_usd
1999-01-04,1.3666,per_usd
1999-01-05,1.3694,per_usd
1999-01-06,1.3852,per_usd
1999-01-07,1.3863,per_usd
1999-01-08,1.397,per_usd
1999-01-11,1.3963,per_usd
1999-01-12,1.389,per_usd
1999-01-13,1.3585,per_usd
1999-01-14,1.3618,per_usd
1999-01-15,1.3785,per_usd
1999-01-19,1.3752,per_usd
1999-01-20,1.3902,per_usd
1999-01-21,1.3855,per_usd
1999-01-22,1.3829,per_usd
1999-01-25,1.3823,per_usd
1999-01-26,1.387,per_usd
1999-01-27,1.4012,per_usd
1999-01-28,1.4165,per_usd
1999-01-29,1.4168,per_usd
1999-02-01,1.4232,per_usd
1999-02-02,1.4111,per_usd
1999-02-03,1.4135,per_usd
1999-02-04,1.417,per_usd
1999-02-05,1.4173,per_usd
1999-02-08,1.4175,per_usd
1999-02-09,1.4183,per_usd
1999-02-10,1.4083,per_usd
1999-02-11,1.4154,per_usd
1999-02-12,1.4157,per_usd
1999-02-16,1.429,per_usd
1999-02-17,1.4247,per_usd
1999-02-18,1.425,per_usd
1999-02-19,1.4462,per_usd
1999-02-22,1.4483,per_usd
1999-02-23,1.4495,per_usd
1999-02-24,1.452,per_usd
1999-02-25,1.4345,per_usd
1999-02-26,1.4495,per_usd
1999-03-01,1.462,per_usd
1999-03-02,1.4582,per_usd
1999-03-03,1.461,per_usd
1999-03-04,1.47,per_usd
1999-03-05,1.4686,per_usd
1999-03-08,1.4612,per_usd
1999-03-09,1.4675,per_usd
1999-03-10,1.4566,per_usd
1999-03-11,1.4685,per_usd
1999-03-12,1.4608,per_usd
1999-03-15,1.466,per_usd
1999-03-16,1.4665,per_usd
1999-03-17,1.4483,per_usd
1999-03-18,1.4534,per_usd
1999-03-19,1.462,per_usd
1999-03-22,1.464,per_usd
1999-03-23,1.4586,per_usd
1999-03-24,1.4575,per_usd
1999-03-25,1.4681,per_usd
1999-03-26,1.4845,per_usd
1999-03-29,1.4877,per_usd
1999-03-30,1.489,per_usd
1999-03-31,1.4775,per_usd
1999-04-01,1.481,per_usd
1999-04-02,1.481,per_usd
1999-04-05,1.4912,per_usd
1999-04-06,1.4725,per_usd
1999-04-07,1.4807,per_usd
1999-04-08,1.4724,per_usd
1999-04-09,1.4832,per_usd
1999-04-12,1.4795,per_usd
1999-04-13,1.49,per_usd
1999-04-14,1.4879,per_usd
1999-04-15,1.4973,per_usd
1999-04-16,1.4993,per_usd
1999-04-19,1.5097,per_usd
1999-04-20,1.5065,per_usd
1999-04-21,1.508,per_usd
1999-04-22,1.5095,per_usd
1999-04-23,1.5071,per_usd
1999-04-26,1.5132,per_usd
1999-04-27,1.5085,per_usd
1999-04-28,1.5137,per_usd
1999-04-29,1.519,per_usd
1999-04-30,1.5257,per_usd
1999-05-03,1.5252,per_usd
1999-05-04,1.517,per_usd
1999-05-05,1.4975,per_usd
1999-05-06,1.492,per_usd
1999-05-07,1.491,per_usd
1999-05-10,1.4895,per_usd
1999-05-11,1.4998,per_usd
1999-05-12,1.5025,per_usd
1999-05-13,1.508,per_usd
1999-05-14,1.5058,per_usd
1999-05-17,1.5013,per_usd
1999-05-18,1.503,per_usd
1999-05-19,1.505,per_usd
1999-05-20,1.5083,per_usd
1999-05-21,1.5175,per_usd
1999-05-24,1.5115,per_usd
1999-05-25,1.505,per_usd
1999-05-26,1.522,per_usd
1999-05-27,1.5265,per_usd
1999-05-28,1.528,per_usd
1999-06-01,1.523,per_usd
1999-06-02,1.5365,per_usd
1999-06-03,1.5375,per_usd
1999-06-04,1.5385,per_usd
1999-06-07,1.5425,per_usd
1999-06-08,1.525,per_usd
1999-06-09,1.525,per_usd
1999-06-10,1.524,per_usd
1999-06-11,1.5195,per_usd
1999-06-14,1.53,per_usd
1999-06-15,1.5315,per_usd
1999-06-16,1.5492,per_usd
1999-06-17,1.5455,per_usd
1999-06-18,1.5412,per_usd
1999-06-21,1.5458,per_usd
1999-06-22,1.5455,per_usd
1999-06-23,1.5478,per_usd
1999-06-24,1.5395,per_usd
1999-06-25,1.529,per_usd
1999-06-28,1.5416,per_usd
1999-06-29,1.5495,per_usd
1999-06-30,1.5555,per_usd
1999-07-01,1.569,per_usd
1999-07-02,1.5678,per_usd
1999-07-06,1.565,per_usd
1999-07-07,1.569,per_usd
1999-07-08,1.5731,per_usd
1999-07-09,1.5775,per_usd
1999-07-12,1.5828,per_usd
1999-07-13,1.5777,per_usd
1999-07-14,1.5717,per_usd
1999-07-15,1.571,per_usd
1999-07-16,1.5745,per_usd
1999-07-19,1.5738,per_usd
1999-07-20,1.5405,per_usd
1999-07-21,1.5267,per_usd
1999-07-22,1.5285,per_usd
1999-07-23,1.5294,per_usd
1999-07-26,1.5069,per_usd
1999-07-27,1.5065,per_usd
1999-07-28,1.502,per_usd
1999-07-29,1.49,per_usd
1999-07-30,1.4925,per_usd
1999-08-02,1.4995,per_usd
1999-08-03,1.4975,per_usd
1999-08-04,1.4862,per_usd
1999-08-05,1.4805,per_usd
1999-08-06,1.4863,per_usd
1999-08-09,1.4972,per_usd
1999-08-10,1.4895,per_usd
1999-08-11,1.5024,per_usd
1999-08-12,1.506,per_usd
1999-08-13,1.5157,per_usd
1999-08-16,1.5173,per_usd
1999-08-17,1.5215,per_usd
1999-08-18,1.523,per_usd
1999-08-19,1.5025,per_usd
1999-08-20,1.4988,per_usd
1999-08-23,1.5145,per_usd
1999-08-24,1.5242,per_usd
1999-08-25,1.5315,per_usd
1999-08-26,1.5339,per_usd
1999-08-27,1.5303,per_usd
1999-08-30,1.5332,per_usd
1999-08-31,1.513,per_usd
1999-09-01,1.5135,per_usd
1999-09-02,1.4938,per_usd
1999-09-03,1.5073,per_usd
1999-09-07,1.5108,per_usd
1999-09-08,1.5103,per_usd
1999-09-09,1.5172,per_usd
1999-09-10,1.544,per_usd
1999-09-13,1.5425,per_usd
1999-09-14,1.5408,per_usd
1999-09-15,1.5455,per_usd
1999-09-16,1.5384,per_usd
1999-09-17,1.5441,per_usd
1999-09-20,1.5435,per_usd
1999-09-21,1.5328,per_usd
1999-09-22,1.5267,per_usd
1999-09-23,1.5393,per_usd
1999-09-24,1.53,per_usd
1999-09-27,1.5361,per_usd
1999-09-28,1.524,per_usd
1999-09-29,1.5075,per_usd
1999-09-30,1.5022,per_usd
1999-10-01,1.4867,per_usd
1999-10-04,1.4878,per_usd
1999-10-05,1.4894,per_usd
1999-10-06,1.4875,per_usd
1999-10-07,1.486,per_usd
1999-10-08,1.5,per_usd
1999-10-12,1.4832,per_usd
1999-10-13,1.479,per_usd
1999-10-14,1.4735,per_usd
1999-10-15,1.4592,per_usd
1999-10-18,1.462,per_usd
1999-10-19,1.4681,per_usd
1999-10-20,1.479,per_usd
1999-10-21,1.473,per_usd
1999-10-22,1.4975,per_usd
1999-10-25,1.4992,per_usd
1999-10-26,1.5135,per_usd
1999-10-27,1.52,per_usd
1999-10-28,1.5238,per_usd
1999-10-29,1.5243,per_usd
1999-11-01,1.5291,per_usd
1999-11-02,1.5305,per_usd
1999-11-03,1.5344,per_usd
1999-11-04,1.5436,per_usd
1999-11-05,1.5513,per_usd
1999-11-08,1.5535,per_usd
1999-11-09,1.5465,per_usd
1999-11-10,1.5398,per_usd
1999-11-12,1.5575,per_usd
1999-11-15,1.556,per_usd
1999-11-16,1.5542,per_usd
1999-11-17,1.5411,per_usd
1999-11-18,1.5564,per_usd
1999-11-19,1.5543,per_usd
1999-11-22,1.551,per_usd
1999-11-23,1.559,per_usd
1999-11-24,1.5721,per_usd
1999-11-26,1.5795,per_usd
1999-11-29,1.5878,per_usd
1999-11-30,1.5893,per_usd
1999-12-01,1.592,per_usd
1999-12-02,1.595,per_usd
1999-12-03,1.5925,per_usd
1999-12-06,1.5608,per_usd
1999-12-07,1.5645,per_usd
1999-12-08,1.56,per_usd
1999-12-09,1.5741,per_usd
1999-12-10,1.5745,per_usd
1999-12-13,1.5834,per_usd
1999-12-14,1.5895,per_usd
1999-12-15,1.5903,per_usd
1999-12-16,1.5758,per_usd
1999-12-17,1.5888,per_usd
1999-12-20,1.59,per_usd
1999-12-21,1.5847,per_usd
1999-12-22,1.5863,per_usd
1999-12-23,1.577,per_usd
1999-12-24,1.5855,per_usd
1999-12-27,1.5835,per_usd
1999-12-28,1.594,per_usd
1999-12-29,1.5977,per_usd
1999-12-30,1.6015,per_usd
1999-12-31,1.593,per_usd
2000-01-03,1.5808,per_usd
2000-01-04,1.5565,per_usd
2000-01-05,1.5526,per_usd
2000-01-06,1.554,per_usd
2000-01-07,1.5623,per_usd
2000-01-10,1.5704,per_usd
2000-01-11,1.5605,per_usd
2000-01-12,1.566,per_usd
2000-01-13,1.5707,per_usd
2000-01-14,1.5945,per_usd
2000-01-18,1.5942,per_usd
2000-01-19,1.5965,per_usd
2000-01-20,1.5915,per_usd
2000-01-21,1.5973,per_usd
2000-01-24,1.609,per_usd
2000-01-25,1.6085,per_usd
2000-01-26,1.6102,per_usd
2000-01-27,1.6317,per_usd
2000-01-28,1.6485,per_usd
2000-01-31,1.6495,per_usd
2000-02-01,1.654,per_usd
2000-02-02,1.6502,per_usd
2000-02-03,1.6255,per_usd
2000-02-04,1.647,per_usd
2000-02-07,1.6426,per_usd
2000-02-08,1.6301,per_usd
2000-02-09,1.6232,per_usd
2000-02-10,1.628,per_usd
2000-02-11,1.6305,per_usd
2000-02-14,1.6435,per_usd
2000-02-15,1.633,per_usd
2000-02-16,1.6302,per_usd
2000-02-17,1.6274,per_usd
2000-02-18,1.6282,per_usd
2000-02-22,1.5983,per_usd
2000-02-23,1.6082,per_usd
2000-02-24,1.62,per_usd
2000-02-25,1.6475,per_usd
2000-02-28,1.6615,per_usd
2000-02-29,1.6665,per_usd
2000-03-01,1.6568,per_usd
2000-03-02,1.6714,per_usd
2000-03-03,1.6712,per_usd
2000-03-06,1.675,per_usd
2000-03-07,1.681,per_usd
2000-03-08,1.677,per_usd
2000-03-09,1.6595,per_usd
2000-03-10,1.6661,per_usd
2000-03-13,1.6702,per_usd
2000-03-14,1.6715,per_usd
2000-03-15,1.6618,per_usd
2000-03-16,1.6593,per_usd
2000-03-17,1.662,per_usd
2000-03-20,1.6605,per_usd
2000-03-21,1.6615,per_usd
2000-03-22,1.675,per_usd
2000-03-23,1.6522,per_usd
2000-03-24,1.6333,per_usd
2000-03-27,1.6468,per_usd
2000-03-28,1.6551,per_usd
2000-03-29,1.6725,per_usd
2000-03-30,1.6605,per_usd
2000-03-31,1.663,per_usd
2000-04-03,1.6587,per_usd
2000-04-04,1.65,per_usd
2000-04-05,1.633,per_usd
2000-04-06,1.639,per_usd
2000-04-07,1.6383,per_usd
2000-04-10,1.6435,per_usd
2000-04-11,1.6415,per_usd
2000-04-12,1.649,per_usd
2000-04-13,1.652,per_usd
2000-04-14,1.6408,per_usd
2000-04-17,1.644,per_usd
2000-04-18,1.6603,per_usd
2000-04-19,1.6755,per_usd
2000-04-20,1.6772,per_usd
2000-04-21,1.676,per_usd
2000-04-24,1.6712,per_usd
2000-04-25,1.6985,per_usd
2000-04-26,1.7085,per_usd
2000-04-27,1.731,per_usd
2000-04-28,1.725,per_usd
2000-05-01,1.7135,per_usd
2000-05-02,1.7185,per_usd
2000-05-03,1.7369,per_usd
2000-05-04,1.7353,per_usd
2000-05-05,1.7323,per_usd
2000-05-08,1.7305,per_usd
2000-05-09,1.7219,per_usd
2000-05-10,1.715,per_usd
2000-05-11,1.7252,per_usd
2000-05-12,1.709,per_usd
2000-05-15,1.7033,per_usd
2000-05-16,1.7152,per_usd
2000-05-17,1.7398,per_usd
2000-05-18,1.7377,per_usd
2000-05-19,1.7347,per_usd
2000-05-22,1.7185,per_usd
2000-05-23,1.7295,per_usd
2000-05-24,1.7208,per_usd
2000-05-25,1.721,per_usd
2000-05-26,1.6828,per_usd
2000-05-30,1.6885,per_usd
2000-05-31,1.6883,per_usd
2000-06-01,1.6878,per_usd
2000-06-02,1.668,per_usd
2000-06-05,1.663,per_usd
2000-06-06,1.643,per_usd
2000-06-07,1.6365,per_usd
2000-06-08,1.641,per_usd
2000-06-09,1.6443,per_usd
2000-06-12,1.6356,per_usd
2000-06-13,1.6255,per_usd
2000-06-14,1.6318,per_usd
2000-06-15,1.6386,per_usd
2000-06-16,1.6178,per_usd
2000-06-19,1.623,per_usd
2000-06-20,1.628,per_usd
2000-06-21,1.639,per_usd
2000-06-22,1.6455,per_usd
2000-06-23,1.6565,per_usd
2000-06-26,1.651,per_usd
2000-06-27,1.6379,per_usd
2000-06-28,1.642,per_usd
2000-06-29,1.6375,per_usd
2000-06-30,1.6317,per_usd
2000-07-03,1.6323,per_usd
2000-07-05,1.622,per_usd
2000-07-06,1.625,per_usd
2000-07-07,1.6278,per_usd
2000-07-10,1.6275,per_usd
2000-07-11,1.6335,per_usd
2000-07-12,1.651,per_usd
2000-07-13,1.6608,per_usd
2000-07-14,1.6532,per_usd
2000-07-17,1.6575,per_usd
2000-07-18,1.6608,per_usd
2000-07-19,1.6781,per_usd
2000-07-20,1.668,per_usd
2000-07-21,1.6638,per_usd
2000-07-24,1.67,per_usd
2000-07-25,1.6528,per_usd
2000-07-26,1.6493,per_usd
2000-07-27,1.6605,per_usd
2000-07-28,1.6753,per_usd
2000-07-31,1.6689,per_usd
2000-08-01,1.6758,per_usd
2000-08-02,1.6887,per_usd
2000-08-03,1.7087,per_usd
2000-08-04,1.7053,per_usd
2000-08-07,1.7005,per_usd
2000-08-08,1.7147,per_usd
2000-08-09,1.7187,per_usd
2000-08-10,1.7065,per_usd
2000-08-11,1.7181,per_usd
2000-08-14,1.7214,per_usd
2000-08-15,1.7095,per_usd
2000-08-16,1.7093,per_usd
2000-08-17,1.7085,per_usd
2000-08-18,1.7235,per_usd
2000-08-21,1.7275,per_usd
2000-08-22,1.7405,per_usd
2000-08-23,1.7282,per_usd
2000-08-24,1.7117,per_usd
2000-08-25,1.7095,per_usd
2000-08-28,1.713,per_usd
2000-08-29,1.7238,per_usd
2000-08-30,1.736,per_usd
2000-08-31,1.7425,per_usd
2000-09-01,1.723,per_usd
2000-09-05,1.7488,per_usd
2000-09-06,1.778,per_usd
2000-09-07,1.772,per_usd
2000-09-08,1.7869,per_usd
2000-09-11,1.7715,per_usd
2000-09-12,1.771,per_usd
2000-09-13,1.7635,per_usd
2000-09-14,1.7736,per_usd
2000-09-15,1.7805,per_usd
2000-09-18,1.787,per_usd
2000-09-19,1.7765,per_usd
2000-09-20,1.7845,per_usd
2000-09-21,1.7715,per_usd
2000-09-22,1.7295,per_usd
2000-09-25,1.739,per_usd
2000-09-26,1.7279,per_usd
2000-09-27,1.7325,per_usd
2000-09-28,1.7288,per_usd
2000-09-29,1.7265,per_usd
2000-10-02,1.7322,per_usd
2000-10-03,1.7365,per_usd
2000-10-04,1.7395,per_usd
2000-10-05,1.7491,per_usd
2000-10-06,1.7515,per_usd
2000-10-10,1.7515,per_usd
2000-10-11,1.7328,per_usd
2000-10-12,1.7415,per_usd
2000-10-13,1.7595,per_usd
2000-10-16,1.779,per_usd
2000-10-17,1.7773,per_usd
2000-10-18,1.7875,per_usd
2000-10-19,1.7875,per_usd
2000-10-20,1.7885,per_usd
2000-10-23,1.7985,per_usd
2000-10-24,1.8005,per_usd
2000-10-25,1.8165,per_usd
2000-10-26,1.825,per_usd
2000-10-27,1.8065,per_usd
2000-10-30,1.8068,per_usd
2000-10-31,1.7978,per_usd
2000-11-01,1.7765,per_usd
2000-11-02,1.7799,per_usd
2000-11-03,1.7667,per_usd
2000-11-06,1.7725,per_usd
2000-11-07,1.7728,per_usd
2000-11-08,1.7775,per_usd
2000-11-09,1.7739,per_usd
2000-11-10,1.7657,per_usd
2000-11-13,1.7637,per_usd
2000-11-14,1.7723,per_usd
2000-11-15,1.7815,per_usd
2000-11-16,1.7883,per_usd
2000-11-17,1.7915,per_usd
2000-11-20,1.8,per_usd
2000-11-21,1.7995,per_usd
2000-11-22,1.805,per_usd
2000-11-24,1.8085,per_usd
2000-11-27,1.7803,per_usd
2000-11-28,1.7633,per_usd
2000-11-29,1.7595,per_usd
2000-11-30,1.7365,per_usd
2000-12-01,1.7285,per_usd
2000-12-04,1.706,per_usd
2000-12-05,1.7153,per_usd
2000-12-06,1.7078,per_usd
2000-12-07,1.7015,per_usd
2000-12-08,1.7063,per_usd
2000-12-11,1.715,per_usd
2000-12-12,1.7144,per_usd
2000-12-13,1.7175,per_usd
2000-12-14,1.699,per_usd
2000-12-15,1.6795,per_usd
2000-12-18,1.6845,per_usd
2000-12-19,1.694,per_usd
2000-12-20,1.6765,per_usd
2000-12-21,1.6722,per_usd
2000-12-22,1.6485,per_usd
2000-12-26,1.6342,per_usd
2000-12-27,1.6435,per_usd
2000-12-28,1.645,per_usd
2000-12-29,1.6202,per_usd
2001-01-02,1.6075,per_usd
2001-01-03,1.6025,per_usd
2001-01-04,1.6115,per_usd
2001-01-05,1.6025,per_usd
2001-01-08,1.6076,per_usd
2001-01-09,1.621,per_usd
2001-01-10,1.6255,per_usd
2001-01-11,1.6123,per_usd
2001-01-12,1.6232,per_usd
2001-01-16,1.639,per_usd
2001-01-17,1.652,per_usd
2001-01-18,1.6195,per_usd
2001-01-19,1.6334,per_usd
2001-01-22,1.637,per_usd
2001-01-23,1.633,per_usd
2001-01-24,1.6547,per_usd
2001-01-25,1.6558,per_usd
2001-01-26,1.6582,per_usd
2001-01-29,1.656,per_usd
2001-01-30,1.6455,per_usd
2001-01-31,1.6425,per_usd
2001-02-01,1.633,per_usd
2001-02-02,1.6425,per_usd
2001-02-05,1.6355,per_usd
2001-02-06,1.6538,per_usd
2001-02-07,1.6475,per_usd
2001-02-08,1.6707,per_usd
2001-02-09,1.656,per_usd
2001-02-12,1.6557,per_usd
2001-02-13,1.6683,per_usd
2001-02-14,1.669,per_usd
2001-02-15,1.692,per_usd
2001-02-16,1.6763,per_usd
2001-02-20,1.687,per_usd
2001-02-21,1.6897,per_usd
2001-02-22,1.6903,per_usd
2001-02-23,1.6885,per_usd
2001-02-26,1.6895,per_usd
2001-02-27,1.6837,per_usd
2001-02-28,1.6736,per_usd
2001-03-01,1.6557,per_usd
2001-03-02,1.6465,per_usd
2001-03-05,1.6538,per_usd
2001-03-06,1.6523,per_usd
2001-03-07,1.6582,per_usd
2001-03-08,1.6593,per_usd
2001-03-09,1.6545,per_usd
2001-03-12,1.6555,per_usd
2001-03-13,1.6838,per_usd
2001-03-14,1.684,per_usd
2001-03-15,1.7002,per_usd
2001-03-16,1.716,per_usd
2001-03-19,1.7068,per_usd
2001-03-20,1.6957,per_usd
2001-03-21,1.7085,per_usd
2001-03-22,1.7233,per_usd
2001-03-23,1.7155,per_usd
2001-03-26,1.7155,per_usd
2001-03-27,1.7198,per_usd
2001-03-28,1.7245,per_usd
2001-03-29,1.7323,per_usd
2001-03-30,1.736,per_usd
2001-04-02,1.7317,per_usd
2001-04-03,1.712,per_usd
2001-04-04,1.6951,per_usd
2001-04-05,1.702,per_usd
2001-04-06,1.7,per_usd
2001-04-09,1.6955,per_usd
2001-04-10,1.7165,per_usd
2001-04-11,1.7161,per_usd
2001-04-12,1.7062,per_usd
2001-04-13,1.7127,per_usd
2001-04-16,1.718,per_usd
2001-04-17,1.731,per_usd
2001-04-18,1.7375,per_usd
2001-04-19,1.717,per_usd
2001-04-20,1.6926,per_usd
2001-04-23,1.7087,per_usd
2001-04-24,1.7115,per_usd
2001-04-25,1.7075,per_usd
2001-04-26,1.706,per_usd
2001-04-27,1.7232,per_usd
2001-04-30,1.7345,per_usd
2001-05-01,1.7255,per_usd
2001-05-02,1.7307,per_usd
2001-05-03,1.7355,per_usd
2001-05-04,1.7304,per_usd
2001-05-07,1.7305,per_usd
2001-05-08,1.742,per_usd
2001-05-09,1.7429,per_usd
2001-05-10,1.7485,per_usd
2001-05-11,1.7522,per_usd
2001-05-14,1.7516,per_usd
2001-05-15,1.7432,per_usd
2001-05-16,1.7329,per_usd
2001-05-17,1.7393,per_usd
2001-05-18,1.7486,per_usd
2001-05-21,1.7485,per_usd
2001-05-22,1.7666,per_usd
2001-05-23,1.7755,per_usd
2001-05-24,1.7793,per_usd
2001-05-25,1.779,per_usd
2001-05-29,1.784,per_usd
2001-05-30,1.7775,per_usd
2001-05-31,1.797,per_usd
2001-06-01,1.7992,per_usd
2001-06-04,1.7968,per_usd
2001-06-05,1.7805,per_usd
2001-06-06,1.7988,per_usd
2001-06-07,1.7923,per_usd
2001-06-08,1.7927,per_usd
2001-06-11,1.8046,per_usd
2001-06-12,1.796,per_usd
2001-06-13,1.7902,per_usd
2001-06-14,1.7753,per_usd
2001-06-15,1.7726,per_usd
2001-06-18,1.777,per_usd
2001-06-19,1.7861,per_usd
2001-06-20,1.7924,per_usd
2001-06-21,1.7797,per_usd
2001-06-22,1.773,per_usd
2001-06-25,1.7655,per_usd
2001-06-26,1.7655,per_usd
2001-06-27,1.7648,per_usd
2001-06-28,1.7983,per_usd
2001-06-29,1.7968,per_usd
2001-07-02,1.8003,per_usd
2001-07-03,1.797,per_usd
2001-07-05,1.8185,per_usd
2001-07-06,1.7945,per_usd
2001-07-09,1.7964,per_usd
2001-07-10,1.7795,per_usd
2001-07-11,1.7608,per_usd
2001-07-12,1.7725,per_usd
2001-07-13,1.7738,per_usd
2001-07-16,1.769,per_usd
2001-07-17,1.7708,per_usd
2001-07-18,1.731,per_usd
2001-07-19,1.7327,per_usd
2001-07-20,1.7255,per_usd
2001-07-23,1.7353,per_usd
2001-07-24,1.7214,per_usd
2001-07-25,1.7145,per_usd
2001-07-26,1.7236,per_usd
2001-07-27,1.725,per_usd
2001-07-30,1.7267,per_usd
2001-07-31,1.7285,per_usd
2001-08-01,1.7158,per_usd
2001-08-02,1.7123,per_usd
2001-08-03,1.7054,per_usd
2001-08-06,1.7135,per_usd
2001-08-07,1.7165,per_usd
2001-08-08,1.7127,per_usd
2001-08-09,1.6948,per_usd
2001-08-10,1.6918,per_usd
2001-08-13,1.6885,per_usd
2001-08-14,1.6808,per_usd
2001-08-15,1.6668,per_usd
2001-08-16,1.6608,per_usd
2001-08-17,1.6583,per_usd
2001-08-20,1.6635,per_usd
2001-08-21,1.6648,per_usd
2001-08-22,1.6552,per_usd
2001-08-23,1.658,per_usd
2001-08-24,1.666,per_usd
2001-08-27,1.6697,per_usd
2001-08-28,1.666,per_usd
2001-08-29,1.669,per_usd
2001-08-30,1.6575,per_usd
2001-08-31,1.6698,per_usd
2001-09-04,1.7075,per_usd
2001-09-05,1.6996,per_usd
2001-09-06,1.6908,per_usd
2001-09-07,1.6771,per_usd
2001-09-10,1.687,per_usd
2001-09-12,1.6593,per_usd
2001-09-13,1.6526,per_usd
2001-09-14,1.6246,per_usd
2001-09-17,1.6143,per_usd
2001-09-18,1.6037,per_usd
2001-09-19,1.5858,per_usd
2001-09-20,1.592,per_usd
2001-09-21,1.5878,per_usd
2001-09-24,1.6041,per_usd
2001-09-25,1.5914,per_usd
2001-09-26,1.599,per_usd
2001-09-27,1.6138,per_usd
2001-09-28,1.6188,per_usd
2001-10-01,1.6196,per_usd
2001-10-02,1.6227,per_usd
2001-10-03,1.6157,per_usd
2001-10-04,1.6248,per_usd
2001-10-05,1.6204,per_usd
2001-10-09,1.6193,per_usd
2001-10-10,1.6278,per_usd
2001-10-11,1.6475,per_usd
2001-10-12,1.6325,per_usd
2001-10-15,1.6288,per_usd
2001-10-16,1.6298,per_usd
2001-10-17,1.6355,per_usd
2001-10-18,1.6387,per_usd
2001-10-19,1.6427,per_usd
2001-10-22,1.6619,per_usd
2001-10-23,1.6642,per_usd
2001-10-24,1.6592,per_usd
2001-10-25,1.649,per_usd
2001-10-26,1.6535,per_usd
2001-10-29,1.632,per_usd
2001-10-30,1.6245,per_usd
2001-10-31,1.6347,per_usd
2001-11-01,1.6295,per_usd
2001-11-02,1.6315,per_usd
2001-11-05,1.6423,per_usd
2001-11-06,1.64,per_usd
2001-11-07,1.6328,per_usd
2001-11-08,1.6455,per_usd
2001-11-09,1.64,per_usd
2001-11-13,1.6668,per_usd
2001-11-14,1.6641,per_usd
2001-11-15,1.6644,per_usd
2001-11-16,1.6552,per_usd
2001-11-19,1.6635,per_usd
2001-11-20,1.6491,per_usd
2001-11-21,1.6575,per_usd
2001-11-23,1.668,per_usd
2001-11-26,1.6635,per_usd
2001-11-27,1.66,per_usd
2001-11-28,1.6485,per_usd
2001-11-29,1.6546,per_usd
2001-11-30,1.6405,per_usd
2001-12-03,1.655,per_usd
2001-12-04,1.6545,per_usd
2001-12-05,1.6639,per_usd
2001-12-06,1.6553,per_usd
2001-12-07,1.659,per_usd
2001-12-10,1.6673,per_usd
2001-12-11,1.6585,per_usd
2001-12-12,1.6495,per_usd
2001-12-13,1.6423,per_usd
2001-12-14,1.6307,per_usd
2001-12-17,1.633,per_usd
2001-12-18,1.634,per_usd
2001-12-19,1.6389,per_usd
2001-12-20,1.6359,per_usd
2001-12-21,1.654,per_usd
2001-12-24,1.692,per_usd
2001-12-26,1.6917,per_usd
2001-12-27,1.678,per_usd
2001-12-28,1.679,per_usd
2001-12-31,1.6598,per_usd
2002-01-02,1.6424,per_usd
2002-01-03,1.6495,per_usd
2002-01-04,1.6507,per_usd
2002-01-07,1.651,per_usd
2002-01-08,1.6553,per_usd
2002-01-09,1.6615,per_usd
2002-01-10,1.6623,per_usd
2002-01-11,1.6602,per_usd
2002-01-14,1.6569,per_usd
2002-01-15,1.6602,per_usd
2002-01-16,1.6638,per_usd
2002-01-17,1.6685,per_usd
2002-01-18,1.6635,per_usd
2002-01-22,1.6629,per_usd
2002-01-23,1.6654,per_usd
2002-01-24,1.6757,per_usd
2002-01-25,1.7025,per_usd
2002-01-28,1.709,per_usd
2002-01-29,1.7038,per_usd
2002-01-30,1.7045,per_usd
2002-01-31,1.719,per_usd
2002-02-01,1.7179,per_usd
2002-02-04,1.7021,per_usd
2002-02-05,1.697,per_usd
2002-02-06,1.6948,per_usd
2002-02-07,1.6948,per_usd
2002-02-08,1.69,per_usd
2002-02-11,1.6835,per_usd
2002-02-12,1.6855,per_usd
2002-02-13,1.697,per_usd
2002-02-14,1.7005,per_usd
2002-02-15,1.698,per_usd
2002-02-19,1.6895,per_usd
2002-02-20,1.6999,per_usd
2002-02-21,1.6987,per_usd
2002-02-22,1.689,per_usd
2002-02-25,1.6948,per_usd
2002-02-26,1.6995,per_usd
2002-02-27,1.7085,per_usd
2002-02-28,1.7025,per_usd
2002-03-01,1.706,per_usd
2002-03-04,1.697,per_usd
2002-03-05,1.6977,per_usd
2002-03-06,1.6819,per_usd
2002-03-07,1.673,per_usd
2002-03-08,1.681,per_usd
2002-03-11,1.6775,per_usd
2002-03-12,1.6767,per_usd
2002-03-13,1.6739,per_usd
2002-03-14,1.6595,per_usd
2002-03-15,1.6596,per_usd
2002-03-18,1.6585,per_usd
2002-03-19,1.6622,per_usd
2002-03-20,1.6568,per_usd
2002-03-21,1.6555,per_usd
2002-03-22,1.6623,per_usd
2002-03-25,1.666,per_usd
2002-03-26,1.669,per_usd
2002-03-27,1.6786,per_usd
2002-03-28,1.685,per_usd
2002-03-29,1.682,per_usd
2002-04-01,1.6607,per_usd
2002-04-02,1.6655,per_usd
2002-04-03,1.6607,per_usd
2002-04-04,1.6654,per_usd
2002-04-05,1.6637,per_usd
2002-04-08,1.674,per_usd
2002-04-09,1.6676,per_usd
2002-04-10,1.6702,per_usd
2002-04-11,1.6604,per_usd
2002-04-12,1.6678,per_usd
2002-04-15,1.6666,per_usd
2002-04-16,1.6638,per_usd
2002-04-17,1.655,per_usd
2002-04-18,1.6485,per_usd
2002-04-19,1.6508,per_usd
2002-04-22,1.6543,per_usd
2002-04-23,1.649,per_usd
2002-04-24,1.6445,per_usd
2002-04-25,1.6308,per_usd
2002-04-26,1.6293,per_usd
2002-04-29,1.6215,per_usd
2002-04-30,1.6216,per_usd
2002-05-01,1.601,per_usd
2002-05-02,1.6098,per_usd
2002-05-03,1.592,per_usd
2002-05-06,1.5891,per_usd
2002-05-07,1.593,per_usd
2002-05-08,1.6102,per_usd
2002-05-09,1.6005,per_usd
2002-05-10,1.5946,per_usd
2002-05-13,1.5983,per_usd
2002-05-14,1.6155,per_usd
2002-05-15,1.6054,per_usd
2002-05-16,1.5993,per_usd
2002-05-17,1.581,per_usd
2002-05-20,1.5785,per_usd
2002-05-21,1.5798,per_usd
2002-05-22,1.5686,per_usd
2002-05-23,1.5755,per_usd
2002-05-24,1.5827,per_usd
2002-05-28,1.5743,per_usd
2002-05-29,1.5757,per_usd
2002-05-30,1.5621,per_usd
2002-05-31,1.5693,per_usd
2002-06-03,1.5638,per_usd
2002-06-04,1.5592,per_usd
2002-06-05,1.5672,per_usd
2002-06-06,1.559,per_usd
2002-06-07,1.555,per_usd
2002-06-10,1.5585,per_usd
2002-06-11,1.562,per_usd
2002-06-12,1.5595,per_usd
2002-06-13,1.5638,per_usd
2002-06-14,1.5626,per_usd
2002-06-17,1.5632,per_usd
2002-06-18,1.5568,per_usd
2002-06-19,1.5422,per_usd
2002-06-20,1.5235,per_usd
2002-06-21,1.5124,per_usd
2002-06-24,1.5005,per_usd
2002-06-25,1.514,per_usd
2002-06-26,1.494,per_usd
2002-06-27,1.4885,per_usd
2002-06-28,1.492,per_usd
2002-07-01,1.4845,per_usd
2002-07-02,1.49,per_usd
2002-07-03,1.4907,per_usd
2002-07-05,1.5062,per_usd
2002-07-08,1.4893,per_usd
2002-07-09,1.482,per_usd
2002-07-10,1.4888,per_usd
2002-07-11,1.4793,per_usd
2002-07-12,1.4832,per_usd
2002-07-15,1.4582,per_usd
2002-07-16,1.4548,per_usd
2002-07-17,1.454,per_usd
2002-07-18,1.454,per_usd
2002-07-19,1.4387,per_usd
2002-07-22,1.4408,per_usd
2002-07-23,1.4645,per_usd
2002-07-24,1.4561,per_usd
2002-07-25,1.4498,per_usd
2002-07-26,1.4682,per_usd
2002-07-29,1.4893,per_usd
2002-07-30,1.4749,per_usd
2002-07-31,1.4833,per_usd
2002-08-01,1.4703,per_usd
2002-08-02,1.4708,per_usd
2002-08-05,1.477,per_usd
2002-08-06,1.513,per_usd
2002-08-07,1.497,per_usd
2002-08-08,1.5146,per_usd
2002-08-09,1.503,per_usd
2002-08-12,1.4965,per_usd
2002-08-13,1.4952,per_usd
2002-08-14,1.4813,per_usd
2002-08-15,1.4907,per_usd
2002-08-16,1.4915,per_usd
2002-08-19,1.5015,per_usd
2002-08-20,1.5027,per_usd
2002-08-21,1.4999,per_usd
2002-08-22,1.5188,per_usd
2002-08-23,1.5128,per_usd
2002-08-26,1.5125,per_usd
2002-08-27,1.4969,per_usd
2002-08-28,1.4968,per_usd
2002-08-29,1.4941,per_usd
2002-08-30,1.5007,per_usd
2002-09-03,1.473,per_usd
2002-09-04,1.4751,per_usd
2002-09-05,1.4733,per_usd
2002-09-06,1.4825,per_usd
2002-09-09,1.4848,per_usd
2002-09-10,1.496,per_usd
2002-09-11,1.5067,per_usd
2002-09-12,1.5042,per_usd
2002-09-13,1.502,per_usd
2002-09-16,1.51,per_usd
2002-09-17,1.5202,per_usd
2002-09-18,1.4982,per_usd
2002-09-19,1.492,per_usd
2002-09-20,1.488,per_usd
2002-09-23,1.491,per_usd
2002-09-24,1.4918,per_usd
2002-09-25,1.4933,per_usd
2002-09-26,1.5029,per_usd
2002-09-27,1.5008,per_usd
2002-09-30,1.4758,per_usd
2002-10-01,1.4793,per_usd
2002-10-02,1.4836,per_usd
2002-10-03,1.4794,per_usd
2002-10-04,1.4893,per_usd
2002-10-07,1.49,per_usd
2002-10-08,1.4959,per_usd
2002-10-09,1.4837,per_usd
2002-10-10,1.4841,per_usd
2002-10-11,1.486,per_usd
2002-10-15,1.4958,per_usd
2002-10-16,1.4924,per_usd
2002-10-17,1.5119,per_usd
2002-10-18,1.514,per_usd
2002-10-21,1.511,per_usd
2002-10-22,1.5015,per_usd
2002-10-23,1.5004,per_usd
2002-10-24,1.5062,per_usd
2002-10-25,1.5014,per_usd
2002-10-28,1.4882,per_usd
2002-10-29,1.487,per_usd
2002-10-30,1.4893,per_usd
2002-10-31,1.4805,per_usd
2002-11-01,1.4673,per_usd
2002-11-04,1.47,per_usd
2002-11-05,1.4635,per_usd
2002-11-06,1.4663,per_usd
2002-11-07,1.4506,per_usd
2002-11-08,1.4434,per_usd
2002-11-12,1.4465,per_usd
2002-11-13,1.4577,per_usd
2002-11-14,1.4615,per_usd
2002-11-15,1.4542,per_usd
2002-11-18,1.4555,per_usd
2002-11-19,1.4527,per_usd
2002-11-20,1.4649,per_usd
2002-11-21,1.4714,per_usd
2002-11-22,1.4768,per_usd
2002-11-25,1.4839,per_usd
2002-11-26,1.4878,per_usd
2002-11-27,1.4895,per_usd
2002-11-29,1.486,per_usd
2002-12-02,1.4845,per_usd
2002-12-03,1.4767,per_usd
2002-12-04,1.4729,per_usd
2002-12-05,1.4731,per_usd
2002-12-06,1.4602,per_usd
2002-12-09,1.4595,per_usd
2002-12-10,1.4628,per_usd
2002-12-11,1.4621,per_usd
2002-12-12,1.449,per_usd
2002-12-13,1.4421,per_usd
2002-12-16,1.4448,per_usd
2002-12-17,1.4323,per_usd
2002-12-18,1.4296,per_usd
2002-12-19,1.431,per_usd
2002-12-20,1.425,per_usd
2002-12-23,1.425,per_usd
2002-12-24,1.4097,per_usd
2002-12-26,1.4039,per_usd
2002-12-27,1.3954,per_usd
2002-12-30,1.3922,per_usd
2002-12-31,1.3833,per_usd
2003-01-02,1.4015,per_usd
2003-01-03,1.3975,per_usd
2003-01-06,1.3928,per_usd
2003-01-07,1.3983,per_usd
2003-01-08,1.3963,per_usd
2003-01-09,1.3943,per_usd
2003-01-10,1.386,per_usd
2003-01-13,1.3868,per_usd
2003-01-14,1.384,per_usd
2003-01-15,1.3829,per_usd
2003-01-16,1.3828,per_usd
2003-01-17,1.3678,per_usd
2003-01-21,1.3687,per_usd
2003-01-22,1.3629,per_usd
2003-01-23,1.358,per_usd
2003-01-24,1.3528,per_usd
2003-01-27,1.3554,per_usd
2003-01-28,1.356,per_usd
2003-01-29,1.3512,per_usd
2003-01-30,1.3629,per_usd
2003-01-31,1.3683,per_usd
2003-02-03,1.3631,per_usd
2003-02-04,1.3493,per_usd
2003-02-05,1.354,per_usd
2003-02-06,1.3541,per_usd
2003-02-07,1.3584,per_usd
2003-02-10,1.366,per_usd
2003-02-11,1.3653,per_usd
2003-02-12,1.37,per_usd
2003-02-13,1.3559,per_usd
2003-02-14,1.3618,per_usd
2003-02-18,1.3745,per_usd
2003-02-19,1.3697,per_usd
2003-02-20,1.356,per_usd
2003-02-21,1.3618,per_usd
2003-02-24,1.3592,per_usd
2003-02-25,1.3538,per_usd
2003-02-26,1.355,per_usd
2003-02-27,1.3598,per_usd
2003-02-28,1.3557,per_usd
2003-03-03,1.3468,per_usd
2003-03-04,1.34,per_usd
2003-03-05,1.3299,per_usd
2003-03-06,1.3314,per_usd
2003-03-07,1.3338,per_usd
2003-03-10,1.3247,per_usd
2003-03-11,1.3316,per_usd
2003-03-12,1.3315,per_usd
2003-03-13,1.349,per_usd
2003-03-14,1.369,per_usd
2003-03-17,1.3845,per_usd
2003-03-18,1.3843,per_usd
2003-03-19,1.3903,per_usd
2003-03-20,1.387,per_usd
2003-03-21,1.4,per_usd
2003-03-24,1.3847,per_usd
2003-03-25,1.3805,per_usd
2003-03-26,1.3827,per_usd
2003-03-27,1.3807,per_usd
2003-03-28,1.3724,per_usd
2003-03-31,1.3538,per_usd
2003-04-01,1.3537,per_usd
2003-04-02,1.3794,per_usd
2003-04-03,1.3809,per_usd
2003-04-04,1.3875,per_usd
2003-04-07,1.3995,per_usd
2003-04-08,1.3905,per_usd
2003-04-09,1.3858,per_usd
2003-04-10,1.3846,per_usd
2003-04-11,1.3933,per_usd
2003-04-14,1.3895,per_usd
2003-04-15,1.3912,per_usd
2003-04-16,1.3785,per_usd
2003-04-17,1.377,per_usd
2003-04-18,1.381,per_usd
2003-04-21,1.3901,per_usd
2003-04-22,1.3708,per_usd
2003-04-23,1.3759,per_usd
2003-04-24,1.359,per_usd
2003-04-25,1.3612,per_usd
2003-04-28,1.3695,per_usd
2003-04-29,1.3688,per_usd
2003-04-30,1.3545,per_usd
2003-05-01,1.342,per_usd
2003-05-02,1.348,per_usd
2003-05-05,1.344,per_usd
2003-05-06,1.3331,per_usd
2003-05-07,1.3264,per_usd
2003-05-08,1.3172,per_usd
2003-05-09,1.3114,per_usd
2003-05-12,1.3107,per_usd
2003-05-13,1.3168,per_usd
2003-05-14,1.3157,per_usd
2003-05-15,1.3151,per_usd
2003-05-16,1.3102,per_usd
2003-05-19,1.2945,per_usd
2003-05-20,1.294,per_usd
2003-05-21,1.2903,per_usd
2003-05-22,1.294,per_usd
2003-05-23,1.293,per_usd
2003-05-27,1.2851,per_usd
2003-05-28,1.299,per_usd
2003-05-29,1.2898,per_usd
2003-05-30,1.3022,per_usd
2003-06-02,1.2973,per_usd
2003-06-03,1.3127,per_usd
2003-06-04,1.3129,per_usd
2003-06-05,1.2973,per_usd
2003-06-06,1.3233,per_usd
2003-06-09,1.3131,per_usd
2003-06-10,1.3192,per_usd
2003-06-11,1.306,per_usd
2003-06-12,1.3104,per_usd
2003-06-13,1.3047,per_usd
2003-06-16,1.3009,per_usd
2003-06-17,1.3051,per_usd
2003-06-18,1.3205,per_usd
2003-06-19,1.3246,per_usd
2003-06-20,1.329,per_usd
2003-06-23,1.3268,per_usd
2003-06-24,1.331,per_usd
2003-06-25,1.3257,per_usd
2003-06-26,1.3479,per_usd
2003-06-27,1.3508,per_usd
2003-06-30,1.3519,per_usd
2003-07-01,1.3412,per_usd
2003-07-02,1.3474,per_usd
2003-07-03,1.3465,per_usd
2003-07-07,1.3681,per_usd
2003-07-08,1.3765,per_usd
2003-07-09,1.3665,per_usd
2003-07-10,1.3609,per_usd
2003-07-11,1.3724,per_usd
2003-07-14,1.3722,per_usd
2003-07-15,1.3818,per_usd
2003-07-16,1.376,per_usd
2003-07-17,1.3772,per_usd
2003-07-18,1.3673,per_usd
2003-07-21,1.3551,per_usd
2003-07-22,1.3623,per_usd
2003-07-23,1.346,per_usd
2003-07-24,1.3517,per_usd
2003-07-25,1.343,per_usd
2003-07-28,1.3456,per_usd
2003-07-29,1.3497,per_usd
2003-07-30,1.3642,per_usd
2003-07-31,1.3736,per_usd
2003-08-01,1.3668,per_usd
2003-08-04,1.3505,per_usd
2003-08-05,1.352,per_usd
2003-08-06,1.3491,per_usd
2003-08-07,1.3475,per_usd
2003-08-08,1.3573,per_usd
2003-08-11,1.359,per_usd
2003-08-12,1.366,per_usd
2003-08-13,1.366,per_usd
2003-08-14,1.3717,per_usd
2003-08-15,1.3724,per_usd
2003-08-18,1.3928,per_usd
2003-08-19,1.3922,per_usd
2003-08-20,1.3904,per_usd
2003-08-21,1.4058,per_usd
2003-08-22,1.4181,per_usd
2003-08-25,1.4141,per_usd
2003-08-26,1.409,per_usd
2003-08-27,1.4099,per_usd
2003-08-28,1.4125,per_usd
2003-08-29,1.4005,per_usd
2003-09-02,1.4125,per_usd
2003-09-03,1.4133,per_usd
2003-09-04,1.4125,per_usd
2003-09-05,1.389,per_usd
2003-09-08,1.3842,per_usd
2003-09-09,1.3825,per_usd
2003-09-10,1.3875,per_usd
2003-09-11,1.3865,per_usd
2003-09-12,1.3764,per_usd
2003-09-15,1.378,per_usd
2003-09-16,1.3941,per_usd
2003-09-17,1.3827,per_usd
2003-09-18,1.3843,per_usd
2003-09-19,1.371,per_usd
2003-09-22,1.3548,per_usd
2003-09-23,1.3532,per_usd
2003-09-24,1.3547,per_usd
2003-09-25,1.3463,per_usd
2003-09-26,1.344,per_usd
2003-09-29,1.3312,per_usd
2003-09-30,1.3208,per_usd
2003-10-01,1.3148,per_usd
2003-10-02,1.314,per_usd
2003-10-03,1.3353,per_usd
2003-10-06,1.3215,per_usd
2003-10-07,1.314,per_usd
2003-10-08,1.3127,per_usd
2003-10-09,1.3239,per_usd
2003-10-10,1.3112,per_usd
2003-10-14,1.32,per_usd
2003-10-15,1.3285,per_usd
2003-10-16,1.3278,per_usd
2003-10-17,1.3347,per_usd
2003-10-20,1.3303,per_usd
2003-10-21,1.3296,per_usd
2003-10-22,1.3142,per_usd
2003-10-23,1.3124,per_usd
2003-10-24,1.3067,per_usd
2003-10-27,1.3159,per_usd
2003-10-28,1.3287,per_usd
2003-10-29,1.3293,per_usd
2003-10-30,1.325,per_usd
2003-10-31,1.3382,per_usd
2003-11-03,1.3607,per_usd
2003-11-04,1.3593,per_usd
2003-11-05,1.3653,per_usd
2003-11-06,1.3737,per_usd
2003-11-07,1.3635,per_usd
2003-11-10,1.3662,per_usd
2003-11-12,1.3473,per_usd
2003-11-13,1.3425,per_usd
2003-11-14,1.3333,per_usd
2003-11-17,1.3245,per_usd
2003-11-18,1.3055,per_usd
2003-11-19,1.3032,per_usd
2003-11-20,1.302,per_usd
2003-11-21,1.2985,per_usd
2003-11-24,1.3198,per_usd
2003-11-25,1.3172,per_usd
2003-11-26,1.299,per_usd
2003-11-28,1.2917,per_usd
2003-12-01,1.3003,per_usd
2003-12-02,1.2875,per_usd
2003-12-03,1.2888,per_usd
2003-12-04,1.2906,per_usd
2003-12-05,1.2755,per_usd
2003-12-08,1.2663,per_usd
2003-12-09,1.2664,per_usd
2003-12-10,1.2657,per_usd
2003-12-11,1.2758,per_usd
2003-12-12,1.2628,per_usd
2003-12-15,1.2635,per_usd
2003-12-16,1.2595,per_usd
2003-12-17,1.2553,per_usd
2003-12-18,1.2555,per_usd
2003-12-19,1.2565,per_usd
2003-12-22,1.254,per_usd
2003-12-23,1.2583,per_usd
2003-12-24,1.2466,per_usd
2003-12-26,1.2523,per_usd
2003-12-29,1.2493,per_usd
2003-12-30,1.2452,per_usd
2003-12-31,1.238,per_usd
2004-01-02,1.239,per_usd
2004-01-05,1.2322,per_usd
2004-01-06,1.2272,per_usd
2004-01-07,1.2385,per_usd
2004-01-08,1.2253,per_usd
2004-01-09,1.219,per_usd
2004-01-12,1.2225,per_usd
2004-01-13,1.2262,per_usd
2004-01-14,1.2268,per_usd
2004-01-15,1.2422,per_usd
2004-01-16,1.2659,per_usd
2004-01-20,1.2468,per_usd
2004-01-21,1.2426,per_usd
2004-01-22,1.2338,per_usd
2004-01-23,1.243,per_usd
2004-01-26,1.2484,per_usd
2004-01-27,1.2389,per_usd
2004-01-28,1.243,per_usd
2004-01-29,1.2621,per_usd
2004-01-30,1.2593,per_usd
2004-02-02,1.2628,per_usd
2004-02-03,1.2478,per_usd
2004-02-04,1.2497,per_usd
2004-02-05,1.2443,per_usd
2004-02-06,1.2343,per_usd
2004-02-09,1.2373,per_usd
2004-02-10,1.2331,per_usd
2004-02-11,1.2293,per_usd
2004-02-12,1.2305,per_usd
2004-02-13,1.2372,per_usd
2004-02-17,1.2269,per_usd
2004-02-18,1.2299,per_usd
2004-02-19,1.2426,per_usd
2004-02-20,1.2572,per_usd
2004-02-23,1.2555,per_usd
2004-02-24,1.2401,per_usd
2004-02-25,1.2587,per_usd
2004-02-26,1.2662,per_usd
2004-02-27,1.268,per_usd
2004-03-01,1.2703,per_usd
2004-03-02,1.2963,per_usd
2004-03-03,1.3038,per_usd
2004-03-04,1.2902,per_usd
2004-03-05,1.2726,per_usd
2004-03-08,1.2788,per_usd
2004-03-09,1.2707,per_usd
2004-03-10,1.29,per_usd
2004-03-11,1.2784,per_usd
2004-03-12,1.2865,per_usd
2004-03-15,1.2785,per_usd
2004-03-16,1.28,per_usd
2004-03-17,1.2836,per_usd
2004-03-18,1.2572,per_usd
2004-03-19,1.271,per_usd
2004-03-22,1.256,per_usd
2004-03-23,1.2603,per_usd
2004-03-24,1.268,per_usd
2004-03-25,1.275,per_usd
2004-03-26,1.2878,per_usd
2004-03-29,1.2872,per_usd
2004-03-30,1.279,per_usd
2004-03-31,1.2677,per_usd
2004-04-01,1.2627,per_usd
2004-04-02,1.2932,per_usd
2004-04-05,1.3049,per_usd
2004-04-06,1.2928,per_usd
2004-04-07,1.2769,per_usd
2004-04-08,1.2829,per_usd
2004-04-09,1.2819,per_usd
2004-04-12,1.284,per_usd
2004-04-13,1.3025,per_usd
2004-04-14,1.2992,per_usd
2004-04-15,1.3036,per_usd
2004-04-16,1.2912,per_usd
2004-04-19,1.2908,per_usd
2004-04-20,1.308,per_usd
2004-04-21,1.312,per_usd
2004-04-22,1.3136,per_usd
2004-04-23,1.3202,per_usd
2004-04-26,1.3111,per_usd
2004-04-27,1.2968,per_usd
2004-04-28,1.3095,per_usd
2004-04-29,1.2951,per_usd
2004-04-30,1.2984,per_usd
2004-05-03,1.301,per_usd
2004-05-04,1.283,per_usd
2004-05-05,1.2745,per_usd
2004-05-06,1.2833,per_usd
2004-05-07,1.302,per_usd
2004-05-10,1.303,per_usd
2004-05-11,1.3045,per_usd
2004-05-12,1.289,per_usd
2004-05-13,1.3076,per_usd
2004-05-14,1.3005,per_usd
2004-05-17,1.279,per_usd
2004-05-18,1.2824,per_usd
2004-05-19,1.2778,per_usd
2004-05-20,1.288,per_usd
2004-05-21,1.2797,per_usd
2004-05-24,1.2821,per_usd
2004-05-25,1.269,per_usd
2004-05-26,1.2724,per_usd
2004-05-27,1.246,per_usd
2004-05-28,1.2533,per_usd
2004-06-01,1.251,per_usd
2004-06-02,1.2459,per_usd
2004-06-03,1.252,per_usd
2004-06-04,1.244,per_usd
2004-06-07,1.2371,per_usd
2004-06-08,1.2373,per_usd
2004-06-09,1.2526,per_usd
2004-06-10,1.2442,per_usd
2004-06-11,1.2597,per_usd
2004-06-14,1.257,per_usd
2004-06-15,1.2504,per_usd
2004-06-16,1.2678,per_usd
2004-06-17,1.2565,per_usd
2004-06-18,1.2443,per_usd
2004-06-21,1.2469,per_usd
2004-06-22,1.251,per_usd
2004-06-23,1.2536,per_usd
2004-06-24,1.2425,per_usd
2004-06-25,1.2504,per_usd
2004-06-28,1.2482,per_usd
2004-06-29,1.2615,per_usd
2004-06-30,1.252,per_usd
2004-07-01,1.2509,per_usd
2004-07-02,1.2336,per_usd
2004-07-06,1.2345,per_usd
2004-07-07,1.2264,per_usd
2004-07-08,1.2247,per_usd
2004-07-09,1.2258,per_usd
2004-07-12,1.2243,per_usd
2004-07-13,1.2391,per_usd
2004-07-14,1.2288,per_usd
2004-07-15,1.234,per_usd
2004-07-16,1.2267,per_usd
2004-07-19,1.2281,per_usd
2004-07-20,1.2381,per_usd
2004-07-21,1.2549,per_usd
2004-07-22,1.2461,per_usd
2004-07-23,1.2632,per_usd
2004-07-26,1.2634,per_usd
2004-07-27,1.275,per_usd
2004-07-28,1.2761,per_usd
2004-07-29,1.2754,per_usd
2004-07-30,1.2796,per_usd
2004-08-02,1.2784,per_usd
2004-08-03,1.2789,per_usd
2004-08-04,1.2748,per_usd
2004-08-05,1.2764,per_usd
2004-08-06,1.2515,per_usd
2004-08-09,1.2549,per_usd
2004-08-10,1.2528,per_usd
2004-08-11,1.2605,per_usd
2004-08-12,1.2587,per_usd
2004-08-13,1.2405,per_usd
2004-08-16,1.2438,per_usd
2004-08-17,1.2471,per_usd
2004-08-18,1.2496,per_usd
2004-08-19,1.242,per_usd
2004-08-20,1.2489,per_usd
2004-08-23,1.265,per_usd
2004-08-24,1.2725,per_usd
2004-08-25,1.2734,per_usd
2004-08-26,1.2746,per_usd
2004-08-27,1.283,per_usd
2004-08-30,1.279,per_usd
2004-08-31,1.2641,per_usd
2004-09-01,1.2615,per_usd
2004-09-02,1.2615,per_usd
2004-09-03,1.2713,per_usd
2004-09-07,1.2701,per_usd
2004-09-08,1.2624,per_usd
2004-09-09,1.264,per_usd
2004-09-10,1.256,per_usd
2004-09-13,1.2593,per_usd
2004-09-14,1.2581,per_usd
2004-09-15,1.2704,per_usd
2004-09-16,1.2713,per_usd
2004-09-17,1.2706,per_usd
2004-09-20,1.2729,per_usd
2004-09-21,1.2595,per_usd
2004-09-22,1.2608,per_usd
2004-09-23,1.2584,per_usd
2004-09-24,1.2638,per_usd
2004-09-27,1.2589,per_usd
2004-09-28,1.2613,per_usd
2004-09-29,1.262,per_usd
2004-09-30,1.2471,per_usd
2004-10-01,1.2496,per_usd
2004-10-04,1.2663,per_usd
2004-10-05,1.262,per_usd
2004-10-06,1.2638,per_usd
2004-10-07,1.2645,per_usd
2004-10-08,1.2488,per_usd
2004-10-12,1.2564,per_usd
2004-10-13,1.26,per_usd
2004-10-14,1.2452,per_usd
2004-10-15,1.2327,per_usd
2004-10-18,1.2296,per_usd
2004-10-19,1.2298,per_usd
2004-10-20,1.2181,per_usd
2004-10-21,1.2168,per_usd
2004-10-22,1.2163,per_usd
2004-10-25,1.1982,per_usd
2004-10-26,1.2015,per_usd
2004-10-27,1.2053,per_usd
2004-10-28,1.1962,per_usd
2004-10-29,1.1988,per_usd
2004-11-01,1.2028,per_usd
2004-11-02,1.2075,per_usd
2004-11-03,1.1968,per_usd
2004-11-04,1.1858,per_usd
2004-11-05,1.1806,per_usd
2004-11-08,1.1798,per_usd
2004-11-09,1.1808,per_usd
2004-11-10,1.1792,per_usd
2004-11-12,1.1728,per_usd
2004-11-15,1.1787,per_usd
2004-11-16,1.1743,per_usd
2004-11-17,1.165,per_usd
2004-11-18,1.1691,per_usd
2004-11-19,1.1585,per_usd
2004-11-22,1.1624,per_usd
2004-11-23,1.1581,per_usd
2004-11-24,1.1495,per_usd
2004-11-26,1.1389,per_usd
2004-11-29,1.1401,per_usd
2004-11-30,1.1421,per_usd
2004-12-01,1.144,per_usd
2004-12-02,1.1512,per_usd
2004-12-03,1.1391,per_usd
2004-12-06,1.1381,per_usd
2004-12-07,1.1385,per_usd
2004-12-08,1.1585,per_usd
2004-12-09,1.1545,per_usd
2004-12-10,1.1613,per_usd
2004-12-13,1.1534,per_usd
2004-12-14,1.1566,per_usd
2004-12-15,1.1393,per_usd
2004-12-16,1.1555,per_usd
2004-12-17,1.1571,per_usd
2004-12-20,1.1482,per_usd
2004-12-21,1.1526,per_usd
2004-12-22,1.1525,per_usd
2004-12-23,1.1444,per_usd
2004-12-24,1.1423,per_usd
2004-12-27,1.1351,per_usd
2004-12-28,1.1338,per_usd
2004-12-29,1.137,per_usd
2004-12-30,1.1342,per_usd
2004-12-31,1.1412,per_usd
2005-01-03,1.1466,per_usd
2005-01-04,1.1674,per_usd
2005-01-05,1.1673,per_usd
2005-01-06,1.1733,per_usd
2005-01-07,1.1859,per_usd
2005-01-10,1.1792,per_usd
2005-01-11,1.1758,per_usd
2005-01-12,1.1649,per_usd
2005-01-13,1.1726,per_usd
2005-01-14,1.1821,per_usd
2005-01-18,1.1839,per_usd
2005-01-19,1.1833,per_usd
2005-01-20,1.1904,per_usd
2005-01-21,1.1853,per_usd
2005-01-24,1.1856,per_usd
2005-01-25,1.196,per_usd
2005-01-26,1.1828,per_usd
2005-01-27,1.1859,per_usd
2005-01-28,1.1876,per_usd
2005-01-31,1.1877,per_usd
2005-02-01,1.1937,per_usd
2005-02-02,1.1949,per_usd
2005-02-03,1.2029,per_usd
2005-02-04,1.2059,per_usd
2005-02-07,1.2222,per_usd
2005-02-08,1.2203,per_usd
2005-02-09,1.217,per_usd
2005-02-10,1.2087,per_usd
2005-02-11,1.2095,per_usd
2005-02-14,1.1975,per_usd
2005-02-15,1.1938,per_usd
2005-02-16,1.1911,per_usd
2005-02-17,1.1825,per_usd
2005-02-18,1.1822,per_usd
2005-02-22,1.1617,per_usd
2005-02-23,1.1638,per_usd
2005-02-24,1.1691,per_usd
2005-02-25,1.1686,per_usd
2005-02-28,1.1585,per_usd
2005-03-01,1.1654,per_usd
2005-03-02,1.1755,per_usd
2005-03-03,1.1787,per_usd
2005-03-04,1.168,per_usd
2005-03-07,1.1757,per_usd
2005-03-08,1.1607,per_usd
2005-03-09,1.1608,per_usd
2005-03-10,1.1546,per_usd
2005-03-11,1.1501,per_usd
2005-03-14,1.1621,per_usd
2005-03-15,1.1651,per_usd
2005-03-16,1.1522,per_usd
2005-03-17,1.1563,per_usd
2005-03-18,1.1649,per_usd
2005-03-21,1.1785,per_usd
2005-03-22,1.1757,per_usd
2005-03-23,1.1953,per_usd
2005-03-24,1.199,per_usd
2005-03-25,1.1998,per_usd
2005-03-28,1.206,per_usd
2005-03-29,1.2034,per_usd
2005-03-30,1.1964,per_usd
2005-03-31,1.1952,per_usd
2005-04-01,1.2042,per_usd
2005-04-04,1.2108,per_usd
2005-04-05,1.208,per_usd
2005-04-06,1.2061,per_usd
2005-04-07,1.2012,per_usd
2005-04-08,1.1985,per_usd
2005-04-11,1.1935,per_usd
2005-04-12,1.2037,per_usd
2005-04-13,1.2,per_usd
2005-04-14,1.2135,per_usd
2005-04-15,1.2011,per_usd
2005-04-18,1.1857,per_usd
2005-04-19,1.1843,per_usd
2005-04-20,1.1797,per_usd
2005-04-21,1.1788,per_usd
2005-04-22,1.1821,per_usd
2005-04-25,1.1885,per_usd
2005-04-26,1.1894,per_usd
2005-04-27,1.192,per_usd
2005-04-28,1.1918,per_usd
2005-04-29,1.1898,per_usd
2005-05-02,1.198,per_usd
2005-05-03,1.1972,per_usd
2005-05-04,1.1927,per_usd
2005-05-05,1.1969,per_usd
2005-05-06,1.2058,per_usd
2005-05-09,1.2057,per_usd
2005-05-10,1.201,per_usd
2005-05-11,1.2067,per_usd
2005-05-12,1.2152,per_usd
2005-05-13,1.2227,per_usd
2005-05-16,1.2223,per_usd
2005-05-17,1.2205,per_usd
2005-05-18,1.2189,per_usd
2005-05-19,1.2235,per_usd
2005-05-20,1.2335,per_usd
2005-05-23,1.2311,per_usd
2005-05-24,1.2293,per_usd
2005-05-25,1.2264,per_usd
2005-05-26,1.2359,per_usd
2005-05-27,1.2324,per_usd
2005-05-31,1.2447,per_usd
2005-06-01,1.2529,per_usd
2005-06-02,1.2515,per_usd
2005-06-03,1.2545,per_usd
2005-06-06,1.2489,per_usd
2005-06-07,1.2464,per_usd
2005-06-08,1.2456,per_usd
2005-06-09,1.2552,per_usd
2005-06-10,1.2688,per_usd
2005-06-13,1.2778,per_usd
2005-06-14,1.2776,per_usd
2005-06-15,1.271,per_usd
2005-06-16,1.2742,per_usd
2005-06-17,1.2631,per_usd
2005-06-20,1.2722,per_usd
2005-06-21,1.2702,per_usd
2005-06-22,1.2711,per_usd
2005-06-23,1.2776,per_usd
2005-06-24,1.2749,per_usd
2005-06-27,1.2694,per_usd
2005-06-28,1.2791,per_usd
2005-06-29,1.2786,per_usd
2005-06-30,1.2827,per_usd
2005-07-01,1.2965,per_usd
2005-07-05,1.3036,per_usd
2005-07-06,1.3041,per_usd
2005-07-07,1.2978,per_usd
2005-07-08,1.302,per_usd
2005-07-11,1.2886,per_usd
2005-07-12,1.2754,per_usd
2005-07-13,1.29,per_usd
2005-07-14,1.2899,per_usd
2005-07-15,1.2962,per_usd
2005-07-18,1.2916,per_usd
2005-07-19,1.3035,per_usd
2005-07-20,1.2971,per_usd
2005-07-21,1.2887,per_usd
2005-07-22,1.2951,per_usd
2005-07-25,1.2965,per_usd
2005-07-26,1.3007,per_usd
2005-07-27,1.2986,per_usd
2005-07-28,1.288,per_usd
2005-07-29,1.287,per_usd
2005-08-01,1.278,per_usd
2005-08-02,1.2753,per_usd
2005-08-03,1.2616,per_usd
2005-08-04,1.2584,per_usd
2005-08-05,1.2663,per_usd
2005-08-08,1.2607,per_usd
2005-08-09,1.2618,per_usd
2005-08-10,1.2608,per_usd
2005-08-11,1.2487,per_usd
2005-08-12,1.249,per_usd
2005-08-15,1.2553,per_usd
2005-08-16,1.2573,per_usd
2005-08-17,1.2598,per_usd
2005-08-18,1.2705,per_usd
2005-08-19,1.2756,per_usd
2005-08-22,1.2692,per_usd
2005-08-23,1.2722,per_usd
2005-08-24,1.2684,per_usd
2005-08-25,1.2556,per_usd
2005-08-26,1.2541,per_usd
2005-08-29,1.2642,per_usd
2005-08-30,1.2703,per_usd
2005-08-31,1.2546,per_usd
2005-09-01,1.24,per_usd
2005-09-02,1.2287,per_usd
2005-09-06,1.2366,per_usd
2005-09-07,1.2399,per_usd
2005-09-08,1.2442,per_usd
2005-09-09,1.2413,per_usd
2005-09-12,1.257,per_usd
2005-09-13,1.2625,per_usd
2005-09-14,1.2579,per_usd
2005-09-15,1.2673,per_usd
2005-09-16,1.271,per_usd
2005-09-19,1.2761,per_usd
2005-09-20,1.2757,per_usd
2005-09-21,1.271,per_usd
2005-09-22,1.2787,per_usd
2005-09-23,1.2887,per_usd
2005-09-26,1.2935,per_usd
2005-09-27,1.2967,per_usd
2005-09-28,1.2961,per_usd
2005-09-29,1.2964,per_usd
2005-09-30,1.289,per_usd
2005-10-03,1.3022,per_usd
2005-10-04,1.3018,per_usd
2005-10-05,1.2923,per_usd
2005-10-06,1.2747,per_usd
2005-10-07,1.2796,per_usd
2005-10-11,1.288,per_usd
2005-10-12,1.285,per_usd
2005-10-13,1.2984,per_usd
2005-10-14,1.2842,per_usd
2005-10-17,1.291,per_usd
2005-10-18,1.302,per_usd
2005-10-19,1.2944,per_usd
2005-10-20,1.2915,per_usd
2005-10-21,1.2916,per_usd
2005-10-24,1.2857,per_usd
2005-10-25,1.2762,per_usd
2005-10-26,1.281,per_usd
2005-10-27,1.2731,per_usd
2005-10-28,1.2767,per_usd
2005-10-31,1.29,per_usd
2005-11-01,1.2903,per_usd
2005-11-02,1.278,per_usd
2005-11-03,1.2893,per_usd
2005-11-04,1.3055,per_usd
2005-11-07,1.3081,per_usd
2005-11-08,1.3102,per_usd
2005-11-09,1.3115,per_usd
2005-11-10,1.31,per_usd
2005-11-14,1.3202,per_usd
2005-11-15,1.3197,per_usd
2005-11-16,1.3255,per_usd
2005-11-17,1.322,per_usd
2005-11-18,1.3188,per_usd
2005-11-21,1.319,per_usd
2005-11-22,1.3195,per_usd
2005-11-23,1.3144,per_usd
2005-11-25,1.3197,per_usd
2005-11-28,1.311,per_usd
2005-11-29,1.3133,per_usd
2005-11-30,1.3148,per_usd
2005-12-01,1.321,per_usd
2005-12-02,1.3198,per_usd
2005-12-05,1.3083,per_usd
2005-12-06,1.3066,per_usd
2005-12-07,1.3134,per_usd
2005-12-08,1.2997,per_usd
2005-12-09,1.3024,per_usd
2005-12-12,1.288,per_usd
2005-12-13,1.2952,per_usd
2005-12-14,1.2788,per_usd
2005-12-15,1.2889,per_usd
2005-12-16,1.2897,per_usd
2005-12-19,1.2932,per_usd
2005-12-20,1.311,per_usd
2005-12-21,1.3153,per_usd
2005-12-22,1.3103,per_usd
2005-12-23,1.314,per_usd
2005-12-27,1.3142,per_usd
2005-12-28,1.3129,per_usd
2005-12-29,1.3143,per_usd
2005-12-30,1.3148,per_usd
2006-01-03,1.2938,per_usd
2006-01-04,1.2801,per_usd
2006-01-05,1.277,per_usd
2006-01-06,1.2695,per_usd
2006-01-09,1.2794,per_usd
2006-01-10,1.2805,per_usd
2006-01-11,1.2734,per_usd
2006-01-12,1.2859,per_usd
2006-01-13,1.2799,per_usd
2006-01-17,1.2833,per_usd
2006-01-18,1.2823,per_usd
2006-01-19,1.2822,per_usd
2006-01-20,1.2826,per_usd
2006-01-23,1.2605,per_usd
2006-01-24,1.2595,per_usd
2006-01-25,1.2636,per_usd
2006-01-26,1.2684,per_usd
2006-01-27,1.2798,per_usd
2006-01-30,1.2864,per_usd
2006-01-31,1.2784,per_usd
2006-02-01,1.2841,per_usd
2006-02-02,1.2845,per_usd
2006-02-03,1.2944,per_usd
2006-02-06,1.3011,per_usd
2006-02-07,1.2982,per_usd
2006-02-08,1.3032,per_usd
2006-02-09,1.301,per_usd
2006-02-10,1.3049,per_usd
2006-02-13,1.3074,per_usd
2006-02-14,1.3097,per_usd
2006-02-15,1.3107,per_usd
2006-02-16,1.3127,per_usd
2006-02-17,1.3123,per_usd
2006-02-21,1.3082,per_usd
2006-02-22,1.3114,per_usd
2006-02-23,1.3083,per_usd
2006-02-24,1.3158,per_usd
2006-02-27,1.3201,per_usd
2006-02-28,1.3111,per_usd
2006-03-01,1.3165,per_usd
2006-03-02,1.3041,per_usd
2006-03-03,1.299,per_usd
2006-03-06,1.3002,per_usd
2006-03-07,1.3126,per_usd
2006-03-08,1.3088,per_usd
2006-03-09,1.3136,per_usd
2006-03-10,1.3201,per_usd
2006-03-13,1.3141,per_usd
2006-03-14,1.3008,per_usd
2006-03-15,1.2999,per_usd
2006-03-16,1.2931,per_usd
2006-03-17,1.2893,per_usd
2006-03-20,1.2911,per_usd
2006-03-21,1.3038,per_usd
2006-03-22,1.3024,per_usd
2006-03-23,1.3159,per_usd
2006-03-24,1.3099,per_usd
2006-03-27,1.3092,per_usd
2006-03-28,1.3005,per_usd
2006-03-29,1.3091,per_usd
2006-03-30,1.2989,per_usd
2006-03-31,1.3025,per_usd
2006-04-03,1.3044,per_usd
2006-04-04,1.2898,per_usd
2006-04-05,1.2857,per_usd
2006-04-06,1.2913,per_usd
2006-04-07,1.3029,per_usd
2006-04-10,1.3043,per_usd
2006-04-11,1.2997,per_usd
2006-04-12,1.2995,per_usd
2006-04-13,1.2979,per_usd
2006-04-14,1.299,per_usd
2006-04-17,1.2776,per_usd
2006-04-18,1.2759,per_usd
2006-04-19,1.2705,per_usd
2006-04-20,1.2776,per_usd
2006-04-21,1.2751,per_usd
2006-04-24,1.2701,per_usd
2006-04-25,1.2687,per_usd
2006-04-26,1.2675,per_usd
2006-04-27,1.2611,per_usd
2006-04-28,1.2411,per_usd
2006-05-01,1.2386,per_usd
2006-05-02,1.2345,per_usd
2006-05-03,1.2351,per_usd
2006-05-04,1.2297,per_usd
2006-05-05,1.2257,per_usd
2006-05-08,1.2276,per_usd
2006-05-09,1.2223,per_usd
2006-05-10,1.2186,per_usd
2006-05-11,1.2106,per_usd
2006-05-12,1.202,per_usd
2006-05-15,1.2087,per_usd
2006-05-16,1.2118,per_usd
2006-05-17,1.2178,per_usd
2006-05-18,1.2123,per_usd
2006-05-19,1.2182,per_usd
2006-05-22,1.2049,per_usd
2006-05-23,1.2083,per_usd
2006-05-24,1.2188,per_usd
2006-05-25,1.2184,per_usd
2006-05-26,1.2265,per_usd
2006-05-30,1.211,per_usd
2006-05-31,1.2159,per_usd
2006-06-01,1.2197,per_usd
2006-06-02,1.2083,per_usd
2006-06-05,1.2027,per_usd
2006-06-06,1.2155,per_usd
2006-06-07,1.2208,per_usd
2006-06-08,1.233,per_usd
2006-06-09,1.2322,per_usd
2006-06-12,1.2345,per_usd
2006-06-13,1.2356,per_usd
2006-06-14,1.2271,per_usd
2006-06-15,1.2317,per_usd
2006-06-16,1.2326,per_usd
2006-06-19,1.2413,per_usd
2006-06-20,1.2402,per_usd
2006-06-21,1.2329,per_usd
2006-06-22,1.2421,per_usd
2006-06-23,1.2469,per_usd
2006-06-26,1.2455,per_usd
2006-06-27,1.2424,per_usd
2006-06-28,1.2479,per_usd
2006-06-29,1.249,per_usd
2006-06-30,1.2247,per_usd
2006-07-03,1.2253,per_usd
2006-07-05,1.2336,per_usd
2006-07-06,1.2299,per_usd
2006-07-07,1.2223,per_usd
2006-07-10,1.2294,per_usd
2006-07-11,1.2286,per_usd
2006-07-12,1.2344,per_usd
2006-07-13,1.2326,per_usd
2006-07-14,1.2358,per_usd
2006-07-17,1.2476,per_usd
2006-07-18,1.2529,per_usd
2006-07-19,1.2497,per_usd
2006-07-20,1.2435,per_usd
2006-07-21,1.2373,per_usd
2006-07-24,1.2464,per_usd
2006-07-25,1.2534,per_usd
2006-07-26,1.2488,per_usd
2006-07-27,1.2354,per_usd
2006-07-28,1.2333,per_usd
2006-07-31,1.2311,per_usd
2006-08-01,1.2317,per_usd
2006-08-02,1.2293,per_usd
2006-08-03,1.2332,per_usd
2006-08-04,1.2209,per_usd
2006-08-07,1.2223,per_usd
2006-08-08,1.2261,per_usd
2006-08-09,1.2228,per_usd
2006-08-10,1.2373,per_usd
2006-08-11,1.2388,per_usd
2006-08-14,1.2403,per_usd
2006-08-15,1.2372,per_usd
2006-08-16,1.2272,per_usd
2006-08-17,1.2276,per_usd
2006-08-18,1.2339,per_usd
2006-08-21,1.2226,per_usd
2006-08-22,1.2341,per_usd
2006-08-23,1.2357,per_usd
2006-08-24,1.2381,per_usd
2006-08-25,1.2375,per_usd
2006-08-28,1.2358,per_usd
2006-08-29,1.2356,per_usd
2006-08-30,1.2293,per_usd
2006-08-31,1.2336,per_usd
2006-09-01,1.2308,per_usd
2006-09-05,1.2347,per_usd
2006-09-06,1.2378,per_usd
2006-09-07,1.2405,per_usd
2006-09-08,1.248,per_usd
2006-09-11,1.2451,per_usd
2006-09-12,1.2482,per_usd
2006-09-13,1.2491,per_usd
2006-09-14,1.2499,per_usd
2006-09-15,1.258,per_usd
2006-09-18,1.2541,per_usd
2006-09-19,1.2512,per_usd
2006-09-20,1.2498,per_usd
2006-09-21,1.2519,per_usd
2006-09-22,1.2349,per_usd
2006-09-25,1.2385,per_usd
2006-09-26,1.2436,per_usd
2006-09-27,1.2451,per_usd
2006-09-28,1.2474,per_usd
2006-09-29,1.2504,per_usd
2006-10-02,1.2426,per_usd
2006-10-03,1.2453,per_usd
2006-10-04,1.2517,per_usd
2006-10-05,1.2529,per_usd
2006-10-06,1.2607,per_usd
2006-10-10,1.2691,per_usd
2006-10-11,1.2702,per_usd
2006-10-12,1.2708,per_usd
2006-10-13,1.2752,per_usd
2006-10-16,1.2715,per_usd
2006-10-17,1.2645,per_usd
2006-10-18,1.2721,per_usd
2006-10-19,1.2621,per_usd
2006-10-20,1.2587,per_usd
2006-10-23,1.268,per_usd
2006-10-24,1.2658,per_usd
2006-10-25,1.2648,per_usd
2006-10-26,1.2567,per_usd
2006-10-27,1.2496,per_usd
2006-10-30,1.2488,per_usd
2006-10-31,1.2424,per_usd
2006-11-01,1.2433,per_usd
2006-11-02,1.2443,per_usd
2006-11-03,1.2549,per_usd
2006-11-06,1.2566,per_usd
2006-11-07,1.246,per_usd
2006-11-08,1.2494,per_usd
2006-11-09,1.2421,per_usd
2006-11-10,1.2388,per_usd
2006-11-13,1.2441,per_usd
2006-11-14,1.2449,per_usd
2006-11-15,1.2472,per_usd
2006-11-16,1.2467,per_usd
2006-11-17,1.2443,per_usd
2006-11-20,1.2434,per_usd
2006-11-21,1.2419,per_usd
2006-11-22,1.2276,per_usd
2006-11-24,1.2114,per_usd
2006-11-27,1.2083,per_usd
2006-11-28,1.2062,per_usd
2006-11-29,1.2098,per_usd
2006-11-30,1.1966,per_usd
2006-12-01,1.1947,per_usd
2006-12-04,1.1947,per_usd
2006-12-05,1.1911,per_usd
2006-12-06,1.1933,per_usd
2006-12-07,1.1953,per_usd
2006-12-08,1.2039,per_usd
2006-12-11,1.2036,per_usd
2006-12-12,1.203,per_usd
2006-12-13,1.2063,per_usd
2006-12-14,1.2126,per_usd
2006-12-15,1.2207,per_usd
2006-12-18,1.2243,per_usd
2006-12-19,1.2141,per_usd
2006-12-20,1.2169,per_usd
2006-12-21,1.2165,per_usd
2006-12-22,1.2207,per_usd
2006-12-26,1.22,per_usd
2006-12-27,1.2253,per_usd
2006-12-28,1.2207,per_usd
2006-12-29,1.2195,per_usd
2007-01-02,1.2125,per_usd
2007-01-03,1.2263,per_usd
2007-01-04,1.2314,per_usd
2007-01-05,1.2366,per_usd
2007-01-08,1.2357,per_usd
2007-01-09,1.2417,per_usd
2007-01-10,1.2459,per_usd
2007-01-11,1.2482,per_usd
2007-01-12,1.2485,per_usd
2007-01-16,1.248,per_usd
2007-01-17,1.2456,per_usd
2007-01-18,1.2496,per_usd
2007-01-19,1.2479,per_usd
2007-01-22,1.2484,per_usd
2007-01-23,1.2404,per_usd
2007-01-24,1.2481,per_usd
2007-01-25,1.2439,per_usd
2007-01-26,1.2534,per_usd
2007-01-29,1.2528,per_usd
2007-01-30,1.253,per_usd
2007-01-31,1.247,per_usd
2007-02-01,1.2427,per_usd
2007-02-02,1.2476,per_usd
2007-02-05,1.2481,per_usd
2007-02-06,1.2414,per_usd
2007-02-07,1.2398,per_usd
2007-02-08,1.2471,per_usd
2007-02-09,1.2484,per_usd
2007-02-12,1.2532,per_usd
2007-02-13,1.2489,per_usd
2007-02-14,1.2399,per_usd
2007-02-15,1.2362,per_usd
2007-02-16,1.2341,per_usd
2007-02-20,1.2369,per_usd
2007-02-21,1.2393,per_usd
2007-02-22,1.2383,per_usd
2007-02-23,1.2332,per_usd
2007-02-26,1.2327,per_usd
2007-02-27,1.2205,per_usd
2007-02-28,1.2189,per_usd
2007-03-01,1.2226,per_usd
2007-03-02,1.2173,per_usd
2007-03-05,1.2218,per_usd
2007-03-06,1.2241,per_usd
2007-03-07,1.2208,per_usd
2007-03-08,1.2287,per_usd
2007-03-09,1.2332,per_usd
2007-03-12,1.225,per_usd
2007-03-13,1.2218,per_usd
2007-03-14,1.2139,per_usd
2007-03-15,1.2142,per_usd
2007-03-16,1.2079,per_usd
2007-03-19,1.2125,per_usd
2007-03-20,1.2137,per_usd
2007-03-21,1.2151,per_usd
2007-03-22,1.2115,per_usd
2007-03-23,1.2169,per_usd
2007-03-26,1.2144,per_usd
2007-03-27,1.213,per_usd
2007-03-28,1.2147,per_usd
2007-03-29,1.2166,per_usd
2007-03-30,1.2126,per_usd
2007-04-02,1.2139,per_usd
2007-04-03,1.2192,per_usd
2007-04-04,1.2194,per_usd
2007-04-05,1.2145,per_usd
2007-04-06,1.2215,per_usd
2007-04-09,1.225,per_usd
2007-04-10,1.2165,per_usd
2007-04-11,1.2194,per_usd
2007-04-12,1.2157,per_usd
2007-04-13,1.2154,per_usd
2007-04-16,1.2132,per_usd
2007-04-17,1.2092,per_usd
2007-04-18,1.2056,per_usd
2007-04-19,1.2044,per_usd
2007-04-20,1.2081,per_usd
2007-04-23,1.2088,per_usd
2007-04-24,1.2031,per_usd
2007-04-25,1.203,per_usd
2007-04-26,1.2092,per_usd
2007-04-27,1.2081,per_usd
2007-04-30,1.2064,per_usd
2007-05-01,1.2151,per_usd
2007-05-02,1.2138,per_usd
2007-05-03,1.2151,per_usd
2007-05-04,1.2115,per_usd
2007-05-07,1.2096,per_usd
2007-05-08,1.2182,per_usd
2007-05-09,1.2165,per_usd
2007-05-10,1.2192,per_usd
2007-05-11,1.2188,per_usd
2007-05-14,1.2194,per_usd
2007-05-15,1.2135,per_usd
2007-05-16,1.222,per_usd
2007-05-17,1.2268,per_usd
2007-05-18,1.2267,per_usd
2007-05-21,1.2306,per_usd
2007-05-22,1.23,per_usd
2007-05-23,1.2266,per_usd
2007-05-24,1.2294,per_usd
2007-05-25,1.2281,per_usd
2007-05-29,1.2227,per_usd
2007-05-30,1.2259,per_usd
2007-05-31,1.2252,per_usd
2007-06-01,1.2299,per_usd
2007-06-04,1.2231,per_usd
2007-06-05,1.2187,per_usd
2007-06-06,1.2176,per_usd
2007-06-07,1.2243,per_usd
2007-06-08,1.2345,per_usd
2007-06-11,1.2386,per_usd
2007-06-12,1.2424,per_usd
2007-06-13,1.2447,per_usd
2007-06-14,1.2452,per_usd
2007-06-15,1.2428,per_usd
2007-06-18,1.2409,per_usd
2007-06-19,1.2402,per_usd
2007-06-20,1.2374,per_usd
2007-06-21,1.2404,per_usd
2007-06-22,1.2316,per_usd
2007-06-25,1.2305,per_usd
2007-06-26,1.2284,per_usd
2007-06-27,1.2291,per_usd
2007-06-28,1.2286,per_usd
2007-06-29,1.224,per_usd
2007-07-02,1.2112,per_usd
2007-07-03,1.2152,per_usd
2007-07-05,1.2178,per_usd
2007-07-06,1.2181,per_usd
2007-07-09,1.217,per_usd
2007-07-10,1.2074,per_usd
2007-07-11,1.2044,per_usd
2007-07-12,1.2033,per_usd
2007-07-13,1.2019,per_usd
2007-07-16,1.2018,per_usd
2007-07-17,1.203,per_usd
2007-07-18,1.1997,per_usd
2007-07-19,1.2023,per_usd
2007-07-20,1.1998,per_usd
2007-07-23,1.2054,per_usd
2007-07-24,1.205,per_usd
2007-07-25,1.214,per_usd
2007-07-26,1.2068,per_usd
2007-07-27,1.2073,per_usd
2007-07-30,1.2015,per_usd
2007-07-31,1.2021,per_usd
2007-08-01,1.2013,per_usd
2007-08-02,1.206,per_usd
2007-08-03,1.1933,per_usd
2007-08-06,1.1873,per_usd
2007-08-07,1.1954,per_usd
2007-08-08,1.1946,per_usd
2007-08-09,1.1967,per_usd
2007-08-10,1.1969,per_usd
2007-08-13,1.2057,per_usd
2007-08-14,1.2095,per_usd
2007-08-15,1.2181,per_usd
2007-08-16,1.2175,per_usd
2007-08-17,1.2043,per_usd
2007-08-20,1.2066,per_usd
2007-08-21,1.2033,per_usd
2007-08-22,1.2062,per_usd
2007-08-23,1.2061,per_usd
2007-08-24,1.2015,per_usd
2007-08-27,1.2032,per_usd
2007-08-28,1.2006,per_usd
2007-08-29,1.1986,per_usd
2007-08-30,1.2032,per_usd
2007-08-31,1.2071,per_usd
2007-09-03,1.2071,per_usd
2007-09-04,1.2109,per_usd
2007-09-05,1.2025,per_usd
2007-09-06,1.2008,per_usd
2007-09-07,1.1882,per_usd
2007-09-10,1.186,per_usd
2007-09-11,1.1864,per_usd
2007-09-12,1.1844,per_usd
2007-09-13,1.187,per_usd
2007-09-14,1.1914,per_usd
2007-09-17,1.1874,per_usd
2007-09-18,1.1891,per_usd
2007-09-19,1.1856,per_usd
2007-09-20,1.1697,per_usd
2007-09-21,1.1735,per_usd
2007-09-24,1.1739,per_usd
2007-09-25,1.1681,per_usd
2007-09-26,1.171,per_usd
2007-09-27,1.1735,per_usd
2007-09-28,1.1672,per_usd
2007-10-01,1.1683,per_usd
2007-10-02,1.175,per_usd
2007-10-03,1.1791,per_usd
2007-10-04,1.1752,per_usd
2007-10-05,1.176,per_usd
2007-10-08,1.176,per_usd
2007-10-09,1.1838,per_usd
2007-10-10,1.1808,per_usd
2007-10-11,1.1801,per_usd
2007-10-12,1.1852,per_usd
2007-10-15,1.1799,per_usd
2007-10-16,1.1831,per_usd
2007-10-17,1.1816,per_usd
2007-10-18,1.1697,per_usd
2007-10-19,1.1718,per_usd
2007-10-22,1.1777,per_usd
2007-10-23,1.1727,per_usd
2007-10-24,1.1726,per_usd
2007-10-25,1.1671,per_usd
2007-10-26,1.1627,per_usd
2007-10-29,1.1654,per_usd
2007-10-30,1.1615,per_usd
2007-10-31,1.1589,per_usd
2007-11-01,1.1591,per_usd
2007-11-02,1.1543,per_usd
2007-11-05,1.1536,per_usd
2007-11-06,1.1453,per_usd
2007-11-07,1.1335,per_usd
2007-11-08,1.1265,per_usd
2007-11-09,1.1232,per_usd
2007-11-13,1.1256,per_usd
2007-11-14,1.1222,per_usd
2007-11-15,1.1224,per_usd
2007-11-16,1.117,per_usd
2007-11-19,1.1163,per_usd
2007-11-20,1.1099,per_usd
2007-11-21,1.1037,per_usd
2007-11-22,1.1037,per_usd
2007-11-23,1.1026,per_usd
2007-11-26,1.1005,per_usd
2007-11-27,1.1054,per_usd
2007-11-28,1.1186,per_usd
2007-11-29,1.1177,per_usd
2007-11-30,1.1287,per_usd
2007-12-03,1.1291,per_usd
2007-12-04,1.1172,per_usd
2007-12-05,1.1249,per_usd
2007-12-06,1.1276,per_usd
2007-12-07,1.1296,per_usd
2007-12-10,1.1276,per_usd
2007-12-11,1.133,per_usd
2007-12-12,1.1355,per_usd
2007-12-13,1.1432,per_usd
2007-12-14,1.1536,per_usd
2007-12-17,1.1522,per_usd
2007-12-18,1.1529,per_usd
2007-12-19,1.1563,per_usd
2007-12-20,1.1563,per_usd
2007-12-21,1.1566,per_usd
2007-12-24,1.1567,per_usd
2007-12-26,1.1504,per_usd
2007-12-27,1.1409,per_usd
2007-12-28,1.1275,per_usd
2007-12-31,1.1329,per_usd
2008-01-02,1.1174,per_usd
2008-01-03,1.1134,per_usd
2008-01-04,1.1064,per_usd
2008-01-07,1.1176,per_usd
2008-01-08,1.1138,per_usd
2008-01-09,1.1151,per_usd
2008-01-10,1.1069,per_usd
2008-01-11,1.1026,per_usd
2008-01-14,1.0928,per_usd
2008-01-15,1.0917,per_usd
2008-01-16,1.1008,per_usd
2008-01-17,1.0993,per_usd
2008-01-18,1.101,per_usd
2008-01-22,1.0986,per_usd
2008-01-23,1.0898,per_usd
2008-01-24,1.0869,per_usd
2008-01-25,1.0986,per_usd
2008-01-28,1.0878,per_usd
2008-01-29,1.094,per_usd
2008-01-30,1.0927,per_usd
2008-01-31,1.0845,per_usd
2008-02-01,1.0821,per_usd
2008-02-04,1.0892,per_usd
2008-02-05,1.1005,per_usd
2008-02-06,1.0977,per_usd
2008-02-07,1.1049,per_usd
2008-02-08,1.1038,per_usd
2008-02-11,1.1023,per_usd
2008-02-12,1.1006,per_usd
2008-02-13,1.1074,per_usd
2008-02-14,1.0984,per_usd
2008-02-15,1.0913,per_usd
2008-02-19,1.093,per_usd
2008-02-20,1.1003,per_usd
2008-02-21,1.0916,per_usd
2008-02-22,1.0856,per_usd
2008-02-25,1.0856,per_usd
2008-02-26,1.0849,per_usd
2008-02-27,1.0637,per_usd
2008-02-28,1.0533,per_usd
2008-02-29,1.0435,per_usd
2008-03-03,1.0431,per_usd
2008-03-04,1.0354,per_usd
2008-03-05,1.0364,per_usd
2008-03-06,1.0291,per_usd
2008-03-07,1.025,per_usd
2008-03-10,1.0192,per_usd
2008-03-11,1.0292,per_usd
2008-03-12,1.0217,per_usd
2008-03-13,1.0116,per_usd
2008-03-14,1.0072,per_usd
2008-03-17,0.986,per_usd
2008-03-18,0.9899,per_usd
2008-03-19,1.0006,per_usd
2008-03-20,1.0107,per_usd
2008-03-21,1.0085,per_usd
2008-03-24,1.023,per_usd
2008-03-25,1.0088,per_usd
2008-03-26,0.9955,per_usd
2008-03-27,0.9932,per_usd
2008-03-28,0.9981,per_usd
2008-03-31,0.9921,per_usd
2008-04-01,1.0108,per_usd
2008-04-02,1.0148,per_usd
2008-04-03,1.0079,per_usd
2008-04-04,1.0052,per_usd
2008-04-07,1.0144,per_usd
2008-04-08,1.014,per_usd
2008-04-09,1.0019,per_usd
2008-04-10,1.0051,per_usd
2008-04-11,1.0016,per_usd
2008-04-14,0.9975,per_usd
2008-04-15,1.0019,per_usd
2008-04-16,0.9979,per_usd
2008-04-17,1.0025,per_usd
2008-04-18,1.0253,per_usd
2008-04-21,1.0121,per_usd
2008-04-22,1.0004,per_usd
2008-04-23,1.0146,per_usd
2008-04-24,1.0341,per_usd
2008-04-25,1.0335,per_usd
2008-04-28,1.0339,per_usd
2008-04-29,1.0329,per_usd
2008-04-30,1.0422,per_usd
2008-05-01,1.0478,per_usd
2008-05-02,1.0562,per_usd
2008-05-05,1.0539,per_usd
2008-05-06,1.0485,per_usd
2008-05-07,1.0583,per_usd
2008-05-08,1.051,per_usd
2008-05-09,1.0432,per_usd
2008-05-12,1.0443,per_usd
2008-05-13,1.049,per_usd
2008-05-14,1.0558,per_usd
2008-05-15,1.0531,per_usd
2008-05-16,1.0448,per_usd
2008-05-19,1.0545,per_usd
2008-05-20,1.0376,per_usd
2008-05-21,1.0297,per_usd
2008-05-22,1.0324,per_usd
2008-05-23,1.0235,per_usd
2008-05-27,1.0284,per_usd
2008-05-28,1.0382,per_usd
2008-05-29,1.048,per_usd
2008-05-30,1.0426,per_usd
2008-06-02,1.0379,per_usd
2008-06-03,1.0437,per_usd
2008-06-04,1.0408,per_usd
2008-06-05,1.0398,per_usd
2008-06-06,1.0237,per_usd
2008-06-09,1.0237,per_usd
2008-06-10,1.0404,per_usd
2008-06-11,1.0328,per_usd
2008-06-12,1.0441,per_usd
2008-06-13,1.0485,per_usd
2008-06-16,1.0435,per_usd
2008-06-17,1.0428,per_usd
2008-06-18,1.0413,per_usd
2008-06-19,1.0457,per_usd
2008-06-20,1.0345,per_usd
2008-06-23,1.0474,per_usd
2008-06-24,1.0384,per_usd
2008-06-25,1.0424,per_usd
2008-06-26,1.0274,per_usd
2008-06-27,1.0205,per_usd
2008-06-30,1.0202,per_usd
2008-07-01,1.0183,per_usd
2008-07-02,1.0151,per_usd
2008-07-03,1.0273,per_usd
2008-07-07,1.0328,per_usd
2008-07-08,1.0324,per_usd
2008-07-09,1.0301,per_usd
2008-07-10,1.0282,per_usd
2008-07-11,1.0179,per_usd
2008-07-14,1.0162,per_usd
2008-07-15,1.0089,per_usd
2008-07-16,1.0148,per_usd
2008-07-17,1.0197,per_usd
2008-07-18,1.0207,per_usd
2008-07-21,1.0207,per_usd
2008-07-22,1.0283,per_usd
2008-07-23,1.0372,per_usd
2008-07-24,1.039,per_usd
2008-07-25,1.0386,per_usd
2008-07-28,1.0332,per_usd
2008-07-29,1.0454,per_usd
2008-07-30,1.0484,per_usd
2008-07-31,1.0489,per_usd
2008-08-01,1.048,per_usd
2008-08-04,1.0492,per_usd
2008-08-05,1.0548,per_usd
2008-08-06,1.0602,per_usd
2008-08-07,1.0617,per_usd
2008-08-08,1.0801,per_usd
2008-08-11,1.0828,per_usd
2008-08-12,1.088,per_usd
2008-08-13,1.0855,per_usd
2008-08-14,1.0911,per_usd
2008-08-15,1.096,per_usd
2008-08-18,1.0959,per_usd
2008-08-19,1.0927,per_usd
2008-08-20,1.1008,per_usd
2008-08-21,1.0862,per_usd
2008-08-22,1.097,per_usd
2008-08-25,1.0926,per_usd
2008-08-26,1.1004,per_usd
2008-08-27,1.1009,per_usd
2008-08-28,1.0994,per_usd
2008-08-29,1.1019,per_usd
2008-09-02,1.107,per_usd
2008-09-03,1.1055,per_usd
2008-09-04,1.1094,per_usd
2008-09-05,1.111,per_usd
2008-09-08,1.1306,per_usd
2008-09-09,1.125,per_usd
2008-09-10,1.136,per_usd
2008-09-11,1.1395,per_usd
2008-09-12,1.1335,per_usd
2008-09-15,1.1194,per_usd
2008-09-16,1.1199,per_usd
2008-09-17,1.1208,per_usd
2008-09-18,1.0988,per_usd
2008-09-19,1.1107,per_usd
2008-09-22,1.0834,per_usd
2008-09-23,1.0813,per_usd
2008-09-24,1.0889,per_usd
2008-09-25,1.0883,per_usd
2008-09-26,1.089,per_usd
2008-09-29,1.0964,per_usd
2008-09-30,1.1189,per_usd
2008-10-01,1.1209,per_usd
2008-10-02,1.1339,per_usd
2008-10-03,1.1295,per_usd
2008-10-06,1.1456,per_usd
2008-10-07,1.1399,per_usd
2008-10-08,1.1272,per_usd
2008-10-09,1.1311,per_usd
2008-10-10,1.1221,per_usd
2008-10-14,1.1347,per_usd
2008-10-15,1.1346,per_usd
2008-10-16,1.1332,per_usd
2008-10-17,1.1339,per_usd
2008-10-20,1.1511,per_usd
2008-10-21,1.1581,per_usd
2008-10-22,1.1656,per_usd
2008-10-23,1.1625,per_usd
2008-10-24,1.1526,per_usd
2008-10-27,1.1581,per_usd
2008-10-28,1.1612,per_usd
2008-10-29,1.1371,per_usd
2008-10-30,1.145,per_usd
2008-10-31,1.1669,per_usd
2008-11-03,1.1681,per_usd
2008-11-04,1.1627,per_usd
2008-11-05,1.1606,per_usd
2008-11-06,1.1745,per_usd
2008-11-07,1.1761,per_usd
2008-11-10,1.1784,per_usd
2008-11-12,1.179,per_usd
2008-11-13,1.1995,per_usd
2008-11-14,1.187,per_usd
2008-11-17,1.1954,per_usd
2008-11-18,1.1976,per_usd
2008-11-19,1.2103,per_usd
2008-11-20,1.2197,per_usd
2008-11-21,1.2237,per_usd
2008-11-24,1.1968,per_usd
2008-11-25,1.1863,per_usd
2008-11-26,1.2064,per_usd
2008-11-28,1.2165,per_usd
2008-12-01,1.2076,per_usd
2008-12-02,1.2062,per_usd
2008-12-03,1.2142,per_usd
2008-12-04,1.1971,per_usd
2008-12-05,1.2238,per_usd
2008-12-08,1.2036,per_usd
2008-12-09,1.2062,per_usd
2008-12-10,1.1949,per_usd
2008-12-11,1.1872,per_usd
2008-12-12,1.1796,per_usd
2008-12-15,1.159,per_usd
2008-12-16,1.1406,per_usd
2008-12-17,1.0852,per_usd
2008-12-18,1.0775,per_usd
2008-12-19,1.1105,per_usd
2008-12-22,1.0949,per_usd
2008-12-23,1.0856,per_usd
2008-12-24,1.0788,per_usd
2008-12-26,1.07,per_usd
2008-12-29,1.0414,per_usd
2008-12-30,1.0567,per_usd
2008-12-31,1.0673,per_usd
2009-01-02,1.0685,per_usd
2009-01-05,1.1077,per_usd
2009-01-06,1.1212,per_usd
2009-01-07,1.0941,per_usd
2009-01-08,1.0925,per_usd
2009-01-09,1.1096,per_usd
2009-01-12,1.1139,per_usd
2009-01-13,1.1212,per_usd
2009-01-14,1.1179,per_usd
2009-01-15,1.1232,per_usd
2009-01-16,1.1177,per_usd
2009-01-20,1.1432,per_usd
2009-01-21,1.1473,per_usd
2009-01-22,1.1538,per_usd
2009-01-23,1.1629,per_usd
2009-01-26,1.1437,per_usd
2009-01-27,1.1388,per_usd
2009-01-28,1.1442,per_usd
2009-01-29,1.1507,per_usd
2009-01-30,1.1612,per_usd
2009-02-02,1.164,per_usd
2009-02-03,1.1419,per_usd
2009-02-04,1.1579,per_usd
2009-02-05,1.1654,per_usd
2009-02-06,1.1694,per_usd
2009-02-09,1.1566,per_usd
2009-02-10,1.1535,per_usd
2009-02-11,1.1599,per_usd
2009-02-12,1.1634,per_usd
2009-02-13,1.1581,per_usd
2009-02-17,1.1744,per_usd
2009-02-18,1.1813,per_usd
2009-02-19,1.1742,per_usd
2009-02-20,1.1681,per_usd
2009-02-23,1.1633,per_usd
2009-02-24,1.167,per_usd
2009-02-25,1.1646,per_usd
2009-02-26,1.1647,per_usd
2009-02-27,1.1672,per_usd
2009-03-02,1.1723,per_usd
2009-03-03,1.1755,per_usd
2009-03-04,1.1762,per_usd
2009-03-05,1.1727,per_usd
2009-03-06,1.1525,per_usd
2009-03-09,1.1634,per_usd
2009-03-10,1.154,per_usd
2009-03-11,1.1585,per_usd
2009-03-12,1.1893,per_usd
2009-03-13,1.188,per_usd
2009-03-16,1.1819,per_usd
2009-03-17,1.1826,per_usd
2009-03-18,1.1667,per_usd
2009-03-19,1.1184,per_usd
2009-03-20,1.1243,per_usd
2009-03-23,1.129,per_usd
2009-03-24,1.1285,per_usd
2009-03-25,1.1239,per_usd
2009-03-26,1.1272,per_usd
2009-03-27,1.1435,per_usd
2009-03-30,1.1532,per_usd
2009-03-31,1.1395,per_usd
2009-04-01,1.1465,per_usd
2009-04-02,1.1349,per_usd
2009-04-03,1.1321,per_usd
2009-04-06,1.1388,per_usd
2009-04-07,1.1443,per_usd
2009-04-08,1.1459,per_usd
2009-04-09,1.1583,per_usd
2009-04-10,1.1575,per_usd
2009-04-13,1.1356,per_usd
2009-04-14,1.1387,per_usd
2009-04-15,1.1453,per_usd
2009-04-16,1.1471,per_usd
2009-04-17,1.1674,per_usd
2009-04-20,1.1713,per_usd
2009-04-21,1.1654,per_usd
2009-04-22,1.1634,per_usd
2009-04-23,1.1581,per_usd
2009-04-24,1.1368,per_usd
2009-04-27,1.1472,per_usd
2009-04-28,1.1517,per_usd
2009-04-29,1.1309,per_usd
2009-04-30,1.1402,per_usd
2009-05-01,1.1364,per_usd
2009-05-04,1.1289,per_usd
2009-05-05,1.1297,per_usd
2009-05-06,1.1313,per_usd
2009-05-07,1.1278,per_usd
2009-05-08,1.1202,per_usd
2009-05-11,1.1067,per_usd
2009-05-12,1.1052,per_usd
2009-05-13,1.1061,per_usd
2009-05-14,1.106,per_usd
2009-05-15,1.1132,per_usd
2009-05-18,1.1181,per_usd
2009-05-19,1.1121,per_usd
2009-05-20,1.1022,per_usd
2009-05-21,1.101,per_usd
2009-05-22,1.0847,per_usd
2009-05-26,1.0833,per_usd
2009-05-27,1.0861,per_usd
2009-05-28,1.0838,per_usd
2009-05-29,1.0692,per_usd
2009-06-01,1.0688,per_usd
2009-06-02,1.0624,per_usd
2009-06-03,1.0684,per_usd
2009-06-04,1.0679,per_usd
2009-06-05,1.0852,per_usd
2009-06-08,1.0929,per_usd
2009-06-09,1.0822,per_usd
2009-06-10,1.0816,per_usd
2009-06-11,1.0721,per_usd
2009-06-12,1.0756,per_usd
2009-06-15,1.0942,per_usd
2009-06-16,1.0853,per_usd
2009-06-17,1.087,per_usd
2009-06-18,1.0827,per_usd
2009-06-19,1.0773,per_usd
2009-06-22,1.0875,per_usd
2009-06-23,1.0707,per_usd
2009-06-24,1.0842,per_usd
2009-06-25,1.096,per_usd
2009-06-26,1.0856,per_usd
2009-06-29,1.0849,per_usd
2009-06-30,1.0867,per_usd
2009-07-01,1.072,per_usd
2009-07-02,1.0836,per_usd
2009-07-03,1.0863,per_usd
2009-07-06,1.0877,per_usd
2009-07-07,1.0858,per_usd
2009-07-08,1.0923,per_usd
2009-07-09,1.0773,per_usd
2009-07-10,1.0856,per_usd
2009-07-13,1.0842,per_usd
2009-07-14,1.085,per_usd
2009-07-15,1.0746,per_usd
2009-07-16,1.0755,per_usd
2009-07-17,1.0766,per_usd
2009-07-20,1.0688,per_usd
2009-07-21,1.0677,per_usd
2009-07-22,1.0659,per_usd
2009-07-23,1.0667,per_usd
2009-07-24,1.0701,per_usd
2009-07-27,1.0729,per_usd
2009-07-28,1.0704,per_usd
2009-07-29,1.0882,per_usd
2009-07-30,1.0894,per_usd
2009-07-31,1.0668,per_usd
2009-08-03,1.0578,per_usd
2009-08-04,1.0605,per_usd
2009-08-05,1.063,per_usd
2009-08-06,1.0658,per_usd
2009-08-07,1.0826,per_usd
2009-08-10,1.0855,per_usd
2009-08-11,1.0825,per_usd
2009-08-12,1.0765,per_usd
2009-08-13,1.0715,per_usd
2009-08-14,1.0719,per_usd
2009-08-17,1.0787,per_usd
2009-08-18,1.0795,per_usd
2009-08-19,1.063,per_usd
2009-08-20,1.0659,per_usd
2009-08-21,1.0613,per_usd
2009-08-24,1.0606,per_usd
2009-08-25,1.0575,per_usd
2009-08-26,1.0697,per_usd
2009-08-27,1.0667,per_usd
2009-08-28,1.056,per_usd
2009-08-31,1.0569,per_usd
2009-09-01,1.0653,per_usd
2009-09-02,1.0628,per_usd
2009-09-03,1.0598,per_usd
2009-09-04,1.0613,per_usd
2009-09-08,1.0463,per_usd
2009-09-09,1.0403,per_usd
2009-09-10,1.0396,per_usd
2009-09-11,1.0373,per_usd
2009-09-14,1.0359,per_usd
2009-09-15,1.0374,per_usd
2009-09-16,1.0328,per_usd
2009-09-17,1.029,per_usd
2009-09-18,1.0293,per_usd
2009-09-21,1.0317,per_usd
2009-09-22,1.0237,per_usd
2009-09-23,1.0259,per_usd
2009-09-24,1.0279,per_usd
2009-09-25,1.0277,per_usd
2009-09-28,1.0301,per_usd
2009-09-29,1.0385,per_usd
2009-09-30,1.0375,per_usd
2009-10-01,1.0424,per_usd
2009-10-02,1.0345,per_usd
2009-10-05,1.0322,per_usd
2009-10-06,1.0248,per_usd
2009-10-07,1.0333,per_usd
2009-10-08,1.027,per_usd
2009-10-09,1.0316,per_usd
2009-10-13,1.023,per_usd
2009-10-14,1.0172,per_usd
2009-10-15,1.0136,per_usd
2009-10-16,1.0188,per_usd
2009-10-19,1.013,per_usd
2009-10-20,1.0144,per_usd
2009-10-21,1.0064,per_usd
2009-10-22,1.0069,per_usd
2009-10-23,1.007,per_usd
2009-10-26,1.0136,per_usd
2009-10-27,1.0218,per_usd
2009-10-28,1.0232,per_usd
2009-10-29,1.0194,per_usd
2009-10-30,1.0238,per_usd
2009-11-02,1.0177,per_usd
2009-11-03,1.0306,per_usd
2009-11-04,1.0183,per_usd
2009-11-05,1.017,per_usd
2009-11-06,1.0182,per_usd
2009-11-09,1.0077,per_usd
2009-11-10,1.0092,per_usd
2009-11-12,1.0164,per_usd
2009-11-13,1.0141,per_usd
2009-11-16,1.0075,per_usd
2009-11-17,1.0192,per_usd
2009-11-18,1.008,per_usd
2009-11-19,1.0149,per_usd
2009-11-20,1.0177,per_usd
2009-11-23,1.0097,per_usd
2009-11-24,1.0116,per_usd
2009-11-25,1.0004,per_usd
2009-11-27,1.0063,per_usd
2009-11-30,1.005,per_usd
2009-12-01,0.9984,per_usd
2009-12-02,1.0006,per_usd
2009-12-03,0.9995,per_usd
2009-12-04,1.0136,per_usd
2009-12-07,1.0199,per_usd
2009-12-08,1.0245,per_usd
2009-12-09,1.0262,per_usd
2009-12-10,1.027,per_usd
2009-12-11,1.0356,per_usd
2009-12-14,1.0321,per_usd
2009-12-15,1.0421,per_usd
2009-12-16,1.0355,per_usd
2009-12-17,1.0491,per_usd
2009-12-18,1.0452,per_usd
2009-12-21,1.0441,per_usd
2009-12-22,1.0486,per_usd
2009-12-23,1.038,per_usd
2009-12-24,1.0369,per_usd
2009-12-28,1.0341,per_usd
2009-12-29,1.0365,per_usd
2009-12-30,1.0391,per_usd
2009-12-31,1.0358,per_usd
2010-01-04,1.0294,per_usd
2010-01-05,1.0322,per_usd
2010-01-06,1.0282,per_usd
2010-01-07,1.0341,per_usd
2010-01-08,1.0296,per_usd
2010-01-11,1.0154,per_usd
2010-01-12,1.016,per_usd
2010-01-13,1.0194,per_usd
2010-01-14,1.0206,per_usd
2010-01-15,1.0264,per_usd
2010-01-19,1.034,per_usd
2010-01-20,1.0453,per_usd
2010-01-21,1.0426,per_usd
2010-01-22,1.04,per_usd
2010-01-25,1.0403,per_usd
2010-01-26,1.0466,per_usd
2010-01-27,1.0472,per_usd
2010-01-28,1.0517,per_usd
2010-01-29,1.0557,per_usd
2010-02-01,1.0586,per_usd
2010-02-02,1.0557,per_usd
2010-02-03,1.059,per_usd
2010-02-04,1.0655,per_usd
2010-02-05,1.0779,per_usd
2010-02-08,1.0696,per_usd
2010-02-09,1.0641,per_usd
2010-02-10,1.0682,per_usd
2010-02-11,1.0747,per_usd
2010-02-12,1.0767,per_usd
2010-02-16,1.0681,per_usd
2010-02-17,1.0768,per_usd
2010-02-18,1.0806,per_usd
2010-02-19,1.0824,per_usd
2010-02-22,1.0773,per_usd
2010-02-23,1.0818,per_usd
2010-02-24,1.0779,per_usd
2010-02-25,1.0858,per_usd
2010-02-26,1.0711,per_usd
2010-03-01,1.0827,per_usd
2010-03-02,1.079,per_usd
2010-03-03,1.0652,per_usd
2010-03-04,1.078,per_usd
2010-03-05,1.0751,per_usd
2010-03-08,1.0744,per_usd
2010-03-09,1.0765,per_usd
2010-03-10,1.0702,per_usd
2010-03-11,1.0689,per_usd
2010-03-12,1.0599,per_usd
2010-03-15,1.0635,per_usd
2010-03-16,1.0556,per_usd
2010-03-17,1.0551,per_usd
2010-03-18,1.063,per_usd
2010-03-19,1.0615,per_usd
2010-03-22,1.058,per_usd
2010-03-23,1.0561,per_usd
2010-03-24,1.0692,per_usd
2010-03-25,1.0697,per_usd
2010-03-26,1.0662,per_usd
2010-03-29,1.0634,per_usd
2010-03-30,1.0671,per_usd
2010-03-31,1.0528,per_usd
2010-04-01,1.0559,per_usd
2010-04-02,1.0632,per_usd
2010-04-05,1.0619,per_usd
2010-04-06,1.0704,per_usd
2010-04-07,1.0716,per_usd
2010-04-08,1.0723,per_usd
2010-04-09,1.0672,per_usd
2010-04-12,1.0598,per_usd
2010-04-13,1.0573,per_usd
2010-04-14,1.0512,per_usd
2010-04-15,1.0595,per_usd
2010-04-16,1.0624,per_usd
2010-04-19,1.065,per_usd
2010-04-20,1.0673,per_usd
2010-04-21,1.0708,per_usd
2010-04-22,1.0778,per_usd
2010-04-23,1.0743,per_usd
2010-04-26,1.0753,per_usd
2010-04-27,1.0837,per_usd
2010-04-28,1.091,per_usd
2010-04-29,1.0824,per_usd
2010-04-30,1.0767,per_usd
2010-05-03,1.0868,per_usd
2010-05-04,1.0987,per_usd
2010-05-05,1.1118,per_usd
2010-05-06,1.1092,per_usd
2010-05-07,1.1085,per_usd
2010-05-10,1.1069,per_usd
2010-05-11,1.1059,per_usd
2010-05-12,1.1101,per_usd
2010-05-13,1.1146,per_usd
2010-05-14,1.1304,per_usd
2010-05-17,1.1392,per_usd
2010-05-18,1.1342,per_usd
2010-05-19,1.1564,per_usd
2010-05-20,1.15,per_usd
2010-05-21,1.1485,per_usd
2010-05-24,1.1561,per_usd
2010-05-25,1.1593,per_usd
2010-05-26,1.1602,per_usd
2010-05-27,1.15,per_usd
2010-05-28,1.1534,per_usd
2010-06-01,1.1548,per_usd
2010-06-02,1.1575,per_usd
2010-06-03,1.154,per_usd
2010-06-04,1.1614,per_usd
2010-06-07,1.1613,per_usd
2010-06-08,1.151,per_usd
2010-06-09,1.1455,per_usd
2010-06-10,1.1418,per_usd
2010-06-11,1.1521,per_usd
2010-06-14,1.1378,per_usd
2010-06-15,1.131,per_usd
2010-06-16,1.1267,per_usd
2010-06-17,1.1137,per_usd
2010-06-18,1.1107,per_usd
2010-06-21,1.108,per_usd
2010-06-22,1.1047,per_usd
2010-06-23,1.1053,per_usd
2010-06-24,1.1048,per_usd
2010-06-25,1.0937,per_usd
2010-06-28,1.086,per_usd
2010-06-29,1.081,per_usd
2010-06-30,1.0774,per_usd
2010-07-01,1.0675,per_usd
2010-07-02,1.0635,per_usd
2010-07-06,1.0587,per_usd
2010-07-07,1.0545,per_usd
2010-07-08,1.0502,per_usd
2010-07-09,1.0577,per_usd
2010-07-12,1.0621,per_usd
2010-07-13,1.0524,per_usd
2010-07-14,1.0556,per_usd
2010-07-15,1.0421,per_usd
2010-07-16,1.0522,per_usd
2010-07-19,1.0524,per_usd
2010-07-20,1.0481,per_usd
2010-07-21,1.052,per_usd
2010-07-22,1.0403,per_usd
2010-07-23,1.0529,per_usd
2010-07-26,1.048,per_usd
2010-07-27,1.0622,per_usd
2010-07-28,1.0578,per_usd
2010-07-29,1.0412,per_usd
2010-07-30,1.041,per_usd
2010-08-02,1.0379,per_usd
2010-08-03,1.0384,per_usd
2010-08-04,1.0514,per_usd
2010-08-05,1.0475,per_usd
2010-08-06,1.0365,per_usd
2010-08-09,1.0457,per_usd
2010-08-10,1.0575,per_usd
2010-08-11,1.0584,per_usd
2010-08-12,1.0485,per_usd
2010-08-13,1.0526,per_usd
2010-08-16,1.0378,per_usd
2010-08-17,1.0434,per_usd
2010-08-18,1.0404,per_usd
2010-08-19,1.031,per_usd
2010-08-20,1.0372,per_usd
2010-08-23,1.0391,per_usd
2010-08-24,1.0307,per_usd
2010-08-25,1.0273,per_usd
2010-08-26,1.0253,per_usd
2010-08-27,1.0268,per_usd
2010-08-30,1.0244,per_usd
2010-08-31,1.015,per_usd
2010-09-01,1.0149,per_usd
2010-09-02,1.0118,per_usd
2010-09-03,1.0174,per_usd
2010-09-07,1.0114,per_usd
2010-09-08,1.0106,per_usd
2010-09-09,1.0149,per_usd
2010-09-10,1.0175,per_usd
2010-09-13,1.0079,per_usd
2010-09-14,0.9938,per_usd
2010-09-15,1.0032,per_usd
2010-09-16,1.0143,per_usd
2010-09-17,1.0092,per_usd
2010-09-20,1.005,per_usd
2010-09-21,1.0038,per_usd
2010-09-22,0.9865,per_usd
2010-09-23,0.9843,per_usd
2010-09-24,0.9828,per_usd
2010-09-27,0.9831,per_usd
2010-09-28,0.9756,per_usd
2010-09-29,0.9752,per_usd
2010-09-30,0.9808,per_usd
2010-10-01,0.9761,per_usd
2010-10-04,0.9723,per_usd
2010-10-05,0.9663,per_usd
2010-10-06,0.9604,per_usd
2010-10-07,0.9667,per_usd
2010-10-08,0.9609,per_usd
2010-10-12,0.9593,per_usd
2010-10-13,0.9588,per_usd
2010-10-14,0.953,per_usd
2010-10-15,0.9562,per_usd
2010-10-18,0.9558,per_usd
2010-10-19,0.9702,per_usd
2010-10-20,0.9615,per_usd
2010-10-21,0.9642,per_usd
2010-10-22,0.9792,per_usd
2010-10-25,0.9711,per_usd
2010-10-26,0.9824,per_usd
2010-10-27,0.9893,per_usd
2010-10-28,0.9834,per_usd
2010-10-29,0.985,per_usd
2010-11-01,0.9935,per_usd
2010-11-02,0.9782,per_usd
2010-11-03,0.9793,per_usd
2010-11-04,0.9629,per_usd
2010-11-05,0.958,per_usd
2010-11-08,0.9642,per_usd
2010-11-09,0.9646,per_usd
2010-11-10,0.9739,per_usd
2010-11-12,0.9758,per_usd
2010-11-15,0.9837,per_usd
2010-11-16,0.9924,per_usd
2010-11-17,0.9895,per_usd
2010-11-18,0.9969,per_usd
2010-11-19,0.9979,per_usd
2010-11-22,0.9917,per_usd
2010-11-23,0.9951,per_usd
2010-11-24,0.9945,per_usd
2010-11-26,1.0016,per_usd
2010-11-29,1.0012,per_usd
2010-11-30,0.9985,per_usd
2010-12-01,0.9997,per_usd
2010-12-02,0.9901,per_usd
2010-12-03,0.9764,per_usd
2010-12-06,0.9848,per_usd
2010-12-07,0.9828,per_usd
2010-12-08,0.9879,per_usd
2010-12-09,0.9846,per_usd
2010-12-10,0.9796,per_usd
2010-12-13,0.9668,per_usd
2010-12-14,0.961,per_usd
2010-12-15,0.9619,per_usd
2010-12-16,0.966,per_usd
2010-12-17,0.9707,per_usd
2010-12-20,0.9638,per_usd
2010-12-21,0.9585,per_usd
2010-12-22,0.9503,per_usd
2010-12-23,0.962,per_usd
2010-12-27,0.9626,per_usd
2010-12-28,0.9516,per_usd
2010-12-29,0.9496,per_usd
2010-12-30,0.9369,per_usd
2011-01-03,0.9329,per_usd
2011-01-04,0.9478,per_usd
2011-01-05,0.9644,per_usd
2011-01-06,0.963,per_usd
2011-01-07,0.965,per_usd
2011-01-10,0.9686,per_usd
2011-01-11,0.9755,per_usd
2011-01-12,0.9717,per_usd
2011-01-13,0.9624,per_usd
2011-01-14,0.9657,per_usd
2011-01-18,0.9633,per_usd
2011-01-19,0.9585,per_usd
2011-01-20,0.9656,per_usd
2011-01-21,0.959,per_usd
2011-01-24,0.9488,per_usd
2011-01-25,0.9451,per_usd
2011-01-26,0.9436,per_usd
2011-01-27,0.9464,per_usd
2011-01-28,0.9429,per_usd
2011-01-31,0.9402,per_usd
2011-02-01,0.9388,per_usd
2011-02-02,0.9406,per_usd
2011-02-03,0.9435,per_usd
2011-02-04,0.9557,per_usd
2011-02-07,0.9569,per_usd
2011-02-08,0.957,per_usd
2011-02-09,0.9611,per_usd
2011-02-10,0.9659,per_usd
2011-02-11,0.9755,per_usd
2011-02-14,0.9708,per_usd
2011-02-15,0.9677,per_usd
2011-02-16,0.9616,per_usd
2011-02-17,0.9508,per_usd
2011-02-18,0.9483,per_usd
2011-02-22,0.9393,per_usd
2011-02-23,0.932,per_usd
2011-02-24,0.9252,per_usd
2011-02-25,0.9282,per_usd
2011-02-28,0.9305,per_usd
2011-03-01,0.9284,per_usd
2011-03-02,0.922,per_usd
2011-03-03,0.9306,per_usd
2011-03-04,0.9263,per_usd
2011-03-07,0.9256,per_usd
2011-03-08,0.9346,per_usd
2011-03-09,0.9298,per_usd
2011-03-10,0.932,per_usd
2011-03-11,0.9276,per_usd
2011-03-14,0.9253,per_usd
2011-03-15,0.9187,per_usd
2011-03-16,0.912,per_usd
2011-03-17,0.8998,per_usd
2011-03-18,0.9025,per_usd
2011-03-21,0.9057,per_usd
2011-03-22,0.9041,per_usd
2011-03-23,0.9064,per_usd
2011-03-24,0.9061,per_usd
2011-03-25,0.9143,per_usd
2011-03-28,0.9169,per_usd
2011-03-29,0.9205,per_usd
2011-03-30,0.9213,per_usd
2011-03-31,0.9157,per_usd
2011-04-01,0.9243,per_usd
2011-04-04,0.9224,per_usd
2011-04-05,0.9242,per_usd
2011-04-06,0.9172,per_usd
2011-04-07,0.9178,per_usd
2011-04-08,0.9105,per_usd
2011-04-11,0.9067,per_usd
2011-04-12,0.898,per_usd
2011-04-13,0.8939,per_usd
2011-04-14,0.8924,per_usd
2011-04-15,0.8935,per_usd
2011-04-18,0.8986,per_usd
2011-04-19,0.899,per_usd
2011-04-20,0.8914,per_usd
2011-04-21,0.8821,per_usd
2011-04-22,0.8865,per_usd
2011-04-25,0.8806,per_usd
2011-04-26,0.8803,per_usd
2011-04-27,0.8807,per_usd
2011-04-28,0.8736,per_usd
2011-04-29,0.8666,per_usd
2011-05-02,0.864,per_usd
2011-05-03,0.8609,per_usd
2011-05-04,0.8582,per_usd
2011-05-05,0.8698,per_usd
2011-05-06,0.8732,per_usd
2011-05-09,0.8753,per_usd
2011-05-10,0.8805,per_usd
2011-05-11,0.8846,per_usd
2011-05-12,0.8842,per_usd
2011-05-13,0.8907,per_usd
2011-05-16,0.8818,per_usd
2011-05-17,0.8848,per_usd
2011-05-18,0.8792,per_usd
2011-05-19,0.884,per_usd
2011-05-20,0.8776,per_usd
2011-05-23,0.8831,per_usd
2011-05-24,0.88,per_usd
2011-05-25,0.872,per_usd
2011-05-26,0.8666,per_usd
2011-05-27,0.852,per_usd
2011-05-31,0.8525,per_usd
2011-06-01,0.8401,per_usd
2011-06-02,0.8438,per_usd
2011-06-03,0.8352,per_usd
2011-06-06,0.836,per_usd
2011-06-07,0.8388,per_usd
2011-06-08,0.8369,per_usd
2011-06-09,0.8412,per_usd
2011-06-10,0.8419,per_usd
2011-06-13,0.8369,per_usd
2011-06-14,0.8444,per_usd
2011-06-15,0.8508,per_usd
2011-06-16,0.8507,per_usd
2011-06-17,0.8462,per_usd
2011-06-20,0.8416,per_usd
2011-06-21,0.8433,per_usd
2011-06-22,0.8356,per_usd
2011-06-23,0.8379,per_usd
2011-06-24,0.8373,per_usd
2011-06-27,0.8367,per_usd
2011-06-28,0.8298,per_usd
2011-06-29,0.8349,per_usd
2011-06-30,0.8413,per_usd
2011-07-01,0.8479,per_usd
2011-07-05,0.8452,per_usd
2011-07-06,0.8393,per_usd
2011-07-07,0.844,per_usd
2011-07-08,0.8376,per_usd
2011-07-11,0.8351,per_usd
2011-07-12,0.8335,per_usd
2011-07-13,0.8213,per_usd
2011-07-14,0.8167,per_usd
2011-07-15,0.8158,per_usd
2011-07-18,0.8177,per_usd
2011-07-19,0.8166,per_usd
2011-07-20,0.8204,per_usd
2011-07-21,0.8172,per_usd
2011-07-22,0.8166,per_usd
2011-07-25,0.8062,per_usd
2011-07-26,0.8027,per_usd
2011-07-27,0.8023,per_usd
2011-07-28,0.8041,per_usd
2011-07-29,0.7881,per_usd
2011-08-01,0.7813,per_usd
2011-08-02,0.7712,per_usd
2011-08-03,0.766,per_usd
2011-08-04,0.7674,per_usd
2011-08-05,0.76,per_usd
2011-08-08,0.7553,per_usd
2011-08-09,0.7313,per_usd
2011-08-10,0.7296,per_usd
2011-08-11,0.7559,per_usd
2011-08-12,0.7711,per_usd
2011-08-15,0.7802,per_usd
2011-08-16,0.7926,per_usd
2011-08-17,0.7891,per_usd
2011-08-18,0.7904,per_usd
2011-08-19,0.7856,per_usd
2011-08-22,0.7877,per_usd
2011-08-23,0.7891,per_usd
2011-08-24,0.795,per_usd
2011-08-25,0.7959,per_usd
2011-08-26,0.8055,per_usd
2011-08-29,0.8188,per_usd
2011-08-30,0.8173,per_usd
2011-08-31,0.8038,per_usd
2011-09-01,0.7951,per_usd
2011-09-02,0.7862,per_usd
2011-09-06,0.8593,per_usd
2011-09-07,0.8599,per_usd
2011-09-08,0.8714,per_usd
2011-09-09,0.884,per_usd
2011-09-12,0.8834,per_usd
2011-09-13,0.8795,per_usd
2011-09-14,0.8772,per_usd
2011-09-15,0.8705,per_usd
2011-09-16,0.8753,per_usd
2011-09-19,0.8839,per_usd
2011-09-20,0.8879,per_usd
2011-09-21,0.8932,per_usd
2011-09-22,0.9073,per_usd
2011-09-23,0.9035,per_usd
2011-09-26,0.9022,per_usd
2011-09-27,0.8959,per_usd
2011-09-28,0.8955,per_usd
2011-09-29,0.8947,per_usd
2011-09-30,0.9048,per_usd
2011-10-03,0.9151,per_usd
2011-10-04,0.9223,per_usd
2011-10-05,0.9228,per_usd
2011-10-06,0.9219,per_usd
2011-10-07,0.9151,per_usd
2011-10-11,0.9065,per_usd
2011-10-12,0.8944,per_usd
2011-10-13,0.9,per_usd
2011-10-14,0.8934,per_usd
2011-10-17,0.8979,per_usd
2011-10-18,0.9012,per_usd
2011-10-19,0.9022,per_usd
2011-10-20,0.9002,per_usd
2011-10-21,0.8852,per_usd
2011-10-24,0.8804,per_usd
2011-10-25,0.8794,per_usd
2011-10-26,0.8841,per_usd
2011-10-27,0.8609,per_usd
2011-10-28,0.8625,per_usd
2011-10-31,0.8706,per_usd
2011-11-01,0.8901,per_usd
2011-11-02,0.8808,per_usd
2011-11-03,0.8834,per_usd
2011-11-04,0.888,per_usd
2011-11-07,0.9012,per_usd
2011-11-08,0.8966,per_usd
2011-11-09,0.906,per_usd
2011-11-10,0.9058,per_usd
2011-11-14,0.9072,per_usd
2011-11-15,0.9177,per_usd
2011-11-16,0.9169,per_usd
2011-11-17,0.9167,per_usd
2011-11-18,0.9159,per_usd
2011-11-21,0.9158,per_usd
2011-11-22,0.9145,per_usd
2011-11-23,0.9202,per_usd
2011-11-25,0.9289,per_usd
2011-11-28,0.9215,per_usd
2011-11-29,0.9194,per_usd
2011-11-30,0.9106,per_usd
2011-12-01,0.9135,per_usd
2011-12-02,0.9219,per_usd
2011-12-05,0.9179,per_usd
2011-12-06,0.9267,per_usd
2011-12-07,0.9251,per_usd
2011-12-08,0.9275,per_usd
2011-12-09,0.9243,per_usd
2011-12-12,0.936,per_usd
2011-12-13,0.9418,per_usd
2011-12-14,0.953,per_usd
2011-12-15,0.9402,per_usd
2011-12-16,0.9372,per_usd
2011-12-19,0.9364,per_usd
2011-12-20,0.9309,per_usd
2011-12-21,0.9378,per_usd
2011-12-22,0.9368,per_usd
2011-12-23,0.9379,per_usd
2011-12-27,0.9339,per_usd
2011-12-28,0.943,per_usd
2011-12-29,0.9412,per_usd
2011-12-30,0.9374,per_usd
2012-01-03,0.9319,per_usd
2012-01-04,0.9417,per_usd
2012-01-05,0.9528,per_usd
2012-01-06,0.9555,per_usd
2012-01-09,0.952,per_usd
2012-01-10,0.9486,per_usd
2012-01-11,0.9554,per_usd
2012-01-12,0.9444,per_usd
2012-01-13,0.9534,per_usd
2012-01-17,0.9492,per_usd
2012-01-18,0.9427,per_usd
2012-01-19,0.9335,per_usd
2012-01-20,0.9327,per_usd
2012-01-23,0.9268,per_usd
2012-01-24,0.929,per_usd
2012-01-25,0.931,per_usd
2012-01-26,0.9174,per_usd
2012-01-27,0.9142,per_usd
2012-01-30,0.9178,per_usd
2012-01-31,0.922,per_usd
2012-02-01,0.9141,per_usd
2012-02-02,0.9144,per_usd
2012-02-03,0.9208,per_usd
2012-02-06,0.9188,per_usd
2012-02-07,0.9129,per_usd
2012-02-08,0.9126,per_usd
2012-02-09,0.9103,per_usd
2012-02-10,0.9176,per_usd
2012-02-13,0.9149,per_usd
2012-02-14,0.9185,per_usd
2012-02-15,0.9223,per_usd
2012-02-16,0.9209,per_usd
2012-02-17,0.918,per_usd
2012-02-21,0.9114,per_usd
2012-02-22,0.9107,per_usd
2012-02-23,0.9059,per_usd
2012-02-24,0.8949,per_usd
2012-02-27,0.8987,per_usd
2012-02-28,0.8961,per_usd
2012-02-29,0.9023,per_usd
2012-03-01,0.9051,per_usd
2012-03-02,0.9134,per_usd
2012-03-05,0.9116,per_usd
2012-03-06,0.9186,per_usd
2012-03-07,0.9169,per_usd
2012-03-08,0.9092,per_usd
2012-03-09,0.92,per_usd
2012-03-12,0.9177,per_usd
2012-03-13,0.9198,per_usd
2012-03-14,0.9313,per_usd
2012-03-15,0.9236,per_usd
2012-03-16,0.916,per_usd
2012-03-19,0.9109,per_usd
2012-03-20,0.9122,per_usd
2012-03-21,0.9143,per_usd
2012-03-22,0.9136,per_usd
2012-03-23,0.9085,per_usd
2012-03-26,0.9041,per_usd
2012-03-27,0.9038,per_usd
2012-03-28,0.9064,per_usd
2012-03-29,0.9084,per_usd
2012-03-30,0.9026,per_usd
2012-04-02,0.9037,per_usd
2012-04-03,0.9024,per_usd
2012-04-04,0.9168,per_usd
2012-04-05,0.92,per_usd
2012-04-06,0.9176,per_usd
2012-04-09,0.918,per_usd
2012-04-10,0.9195,per_usd
2012-04-11,0.9165,per_usd
2012-04-12,0.9125,per_usd
2012-04-13,0.9189,per_usd
2012-04-16,0.9199,per_usd
2012-04-17,0.9156,per_usd
2012-04-18,0.9162,per_usd
2012-04-19,0.9155,per_usd
2012-04-20,0.9095,per_usd
2012-04-23,0.9152,per_usd
2012-04-24,0.9098,per_usd
2012-04-25,0.9097,per_usd
2012-04-26,0.9081,per_usd
2012-04-27,0.9066,per_usd
2012-04-30,0.9081,per_usd
2012-05-01,0.9087,per_usd
2012-05-02,0.9135,per_usd
2012-05-03,0.9138,per_usd
2012-05-04,0.9176,per_usd
2012-05-07,0.9204,per_usd
2012-05-08,0.9228,per_usd
2012-05-09,0.9272,per_usd
2012-05-10,0.9269,per_usd
2012-05-11,0.9283,per_usd
2012-05-14,0.9349,per_usd
2012-05-15,0.9405,per_usd
2012-05-16,0.9435,per_usd
2012-05-17,0.945,per_usd
2012-05-18,0.9442,per_usd
2012-05-21,0.9406,per_usd
2012-05-22,0.9431,per_usd
2012-05-23,0.9555,per_usd
2012-05-24,0.9558,per_usd
2012-05-25,0.9592,per_usd
2012-05-29,0.9617,per_usd
2012-05-30,0.9682,per_usd
2012-05-31,0.9713,per_usd
2012-06-01,0.9671,per_usd
2012-06-04,0.961,per_usd
2012-06-05,0.9656,per_usd
2012-06-06,0.9579,per_usd
2012-06-07,0.9558,per_usd
2012-06-08,0.962,per_usd
2012-06-11,0.9604,per_usd
2012-06-12,0.9624,per_usd
2012-06-13,0.9533,per_usd
2012-06-14,0.9525,per_usd
2012-06-15,0.9506,per_usd
2012-06-18,0.9547,per_usd
2012-06-19,0.9461,per_usd
2012-06-20,0.9453,per_usd
2012-06-21,0.9542,per_usd
2012-06-22,0.9572,per_usd
2012-06-25,0.9621,per_usd
2012-06-26,0.963,per_usd
2012-06-27,0.9642,per_usd
2012-06-28,0.9661,per_usd
2012-06-29,0.9485,per_usd
2012-07-02,0.9544,per_usd
2012-07-03,0.9517,per_usd
2012-07-05,0.9698,per_usd
2012-07-06,0.9777,per_usd
2012-07-09,0.9764,per_usd
2012-07-10,0.9798,per_usd
2012-07-11,0.9808,per_usd
2012-07-12,0.9843,per_usd
2012-07-13,0.9817,per_usd
2012-07-16,0.9791,per_usd
2012-07-17,0.9818,per_usd
2012-07-18,0.9795,per_usd
2012-07-19,0.9798,per_usd
2012-07-20,0.9863,per_usd
2012-07-23,0.9904,per_usd
2012-07-24,0.9957,per_usd
2012-07-25,0.9899,per_usd
2012-07-26,0.978,per_usd
2012-07-27,0.9709,per_usd
2012-07-30,0.9804,per_usd
2012-07-31,0.9753,per_usd
2012-08-01,0.9767,per_usd
2012-08-02,0.9886,per_usd
2012-08-03,0.9697,per_usd
2012-08-06,0.9669,per_usd
2012-08-07,0.9672,per_usd
2012-08-08,0.9714,per_usd
2012-08-09,0.9781,per_usd
2012-08-10,0.9764,per_usd
2012-08-13,0.9733,per_usd
2012-08-14,0.9742,per_usd
2012-08-15,0.9774,per_usd
2012-08-16,0.9719,per_usd
2012-08-17,0.9752,per_usd
2012-08-20,0.973,per_usd
2012-08-21,0.963,per_usd
2012-08-22,0.9628,per_usd
2012-08-23,0.9542,per_usd
2012-08-24,0.9581,per_usd
2012-08-27,0.9597,per_usd
2012-08-28,0.9558,per_usd
2012-08-29,0.9578,per_usd
2012-08-30,0.9608,per_usd
2012-08-31,0.9546,per_usd
2012-09-04,0.9558,per_usd
2012-09-05,0.9548,per_usd
2012-09-06,0.9539,per_usd
2012-09-07,0.9452,per_usd
2012-09-10,0.9438,per_usd
2012-09-11,0.9387,per_usd
2012-09-12,0.9376,per_usd
2012-09-13,0.9395,per_usd
2012-09-14,0.925,per_usd
2012-09-17,0.9266,per_usd
2012-09-18,0.9288,per_usd
2012-09-19,0.9266,per_usd
2012-09-20,0.9336,per_usd
2012-09-21,0.9327,per_usd
2012-09-24,0.9371,per_usd
2012-09-25,0.9348,per_usd
2012-09-26,0.9401,per_usd
2012-09-27,0.9388,per_usd
2012-09-28,0.94,per_usd
2012-10-01,0.9376,per_usd
2012-10-02,0.9342,per_usd
2012-10-03,0.9382,per_usd
2012-10-04,0.9316,per_usd
2012-10-05,0.9284,per_usd
2012-10-09,0.94,per_usd
2012-10-10,0.9392,per_usd
2012-10-11,0.9353,per_usd
2012-10-12,0.9334,per_usd
2012-10-15,0.933,per_usd
2012-10-16,0.9273,per_usd
2012-10-17,0.9217,per_usd
2012-10-18,0.9225,per_usd
2012-10-19,0.9286,per_usd
2012-10-22,0.9263,per_usd
2012-10-23,0.9328,per_usd
2012-10-24,0.9342,per_usd
2012-10-25,0.9336,per_usd
2012-10-26,0.9348,per_usd
2012-10-29,0.9366,per_usd
2012-10-30,0.9309,per_usd
2012-10-31,0.9311,per_usd
2012-11-01,0.9326,per_usd
2012-11-02,0.9396,per_usd
2012-11-05,0.9434,per_usd
2012-11-06,0.9424,per_usd
2012-11-07,0.9454,per_usd
2012-11-08,0.9462,per_usd
2012-11-09,0.9483,per_usd
2012-11-13,0.947,per_usd
2012-11-14,0.945,per_usd
2012-11-15,0.9418,per_usd
2012-11-16,0.9472,per_usd
2012-11-19,0.9404,per_usd
2012-11-20,0.9403,per_usd
2012-11-21,0.9394,per_usd
2012-11-23,0.9296,per_usd
2012-11-26,0.9284,per_usd
2012-11-27,0.931,per_usd
2012-11-28,0.9313,per_usd
2012-11-29,0.9293,per_usd
2012-11-30,0.9264,per_usd
2012-12-03,0.925,per_usd
2012-12-04,0.9272,per_usd
2012-12-05,0.9262,per_usd
2012-12-06,0.933,per_usd
2012-12-07,0.9333,per_usd
2012-12-10,0.933,per_usd
2012-12-11,0.9333,per_usd
2012-12-12,0.9286,per_usd
2012-12-13,0.9243,per_usd
2012-12-14,0.9196,per_usd
2012-12-17,0.9174,per_usd
2012-12-18,0.913,per_usd
2012-12-19,0.9115,per_usd
2012-12-20,0.913,per_usd
2012-12-21,0.9172,per_usd
2012-12-24,0.9161,per_usd
2012-12-26,0.9128,per_usd
2012-12-27,0.9138,per_usd
2012-12-28,0.913,per_usd
2012-12-31,0.9155,per_usd
2013-01-02,0.9166,per_usd
2013-01-03,0.9222,per_usd
2013-01-04,0.9262,per_usd
2013-01-07,0.9227,per_usd
2013-01-08,0.925,per_usd
2013-01-09,0.9244,per_usd
2013-01-10,0.9162,per_usd
2013-01-11,0.912,per_usd
2013-01-14,0.9174,per_usd
2013-01-15,0.9275,per_usd
2013-01-16,0.9313,per_usd
2013-01-17,0.9331,per_usd
2013-01-18,0.9346,per_usd
2013-01-22,0.9278,per_usd
2013-01-23,0.9295,per_usd
2013-01-24,0.9288,per_usd
2013-01-25,0.9252,per_usd
2013-01-28,0.9272,per_usd
2013-01-29,0.9216,per_usd
2013-01-30,0.9124,per_usd
2013-01-31,0.9093,per_usd
2013-02-01,0.903,per_usd
2013-02-04,0.9087,per_usd
2013-02-05,0.9084,per_usd
2013-02-06,0.91,per_usd
2013-02-07,0.9176,per_usd
2013-02-08,0.9183,per_usd
2013-02-11,0.9186,per_usd
2013-02-12,0.9172,per_usd
2013-02-13,0.9182,per_usd
2013-02-14,0.9232,per_usd
2013-02-15,0.9226,per_usd
2013-02-19,0.922,per_usd
2013-02-20,0.9241,per_usd
2013-02-21,0.9317,per_usd
2013-02-22,0.9314,per_usd
2013-02-25,0.9314,per_usd
2013-02-26,0.9326,per_usd
2013-02-27,0.931,per_usd
2013-02-28,0.9336,per_usd
2013-03-01,0.9448,per_usd
2013-03-04,0.9423,per_usd
2013-03-05,0.9433,per_usd
2013-03-06,0.947,per_usd
2013-03-07,0.9432,per_usd
2013-03-08,0.9535,per_usd
2013-03-11,0.9496,per_usd
2013-03-12,0.9472,per_usd
2013-03-13,0.9518,per_usd
2013-03-14,0.9512,per_usd
2013-03-15,0.9396,per_usd
2013-03-18,0.9449,per_usd
2013-03-19,0.946,per_usd
2013-03-20,0.9439,per_usd
2013-03-21,0.9454,per_usd
2013-03-22,0.9402,per_usd
2013-03-25,0.9473,per_usd
2013-03-26,0.9484,per_usd
2013-03-27,0.9534,per_usd
2013-03-28,0.9468,per_usd
2013-03-29,0.949,per_usd
2013-04-01,0.946,per_usd
2013-04-02,0.9485,per_usd
2013-04-03,0.9451,per_usd
2013-04-04,0.9458,per_usd
2013-04-05,0.9324,per_usd
2013-04-08,0.9346,per_usd
2013-04-09,0.9317,per_usd
2013-04-10,0.9333,per_usd
2013-04-11,0.9294,per_usd
2013-04-12,0.929,per_usd
2013-04-15,0.9303,per_usd
2013-04-16,0.9256,per_usd
2013-04-17,0.9306,per_usd
2013-04-18,0.9306,per_usd
2013-04-19,0.9324,per_usd
2013-04-22,0.9349,per_usd
2013-04-23,0.9427,per_usd
2013-04-24,0.9484,per_usd
2013-04-25,0.9455,per_usd
2013-04-26,0.9414,per_usd
2013-04-29,0.937,per_usd
2013-04-30,0.9298,per_usd
2013-05-01,0.9268,per_usd
2013-05-02,0.9348,per_usd
2013-05-03,0.934,per_usd
2013-05-06,0.9393,per_usd
2013-05-07,0.9402,per_usd
2013-05-08,0.9349,per_usd
2013-05-09,0.9406,per_usd
2013-05-10,0.9594,per_usd
2013-05-13,0.9576,per_usd
2013-05-14,0.9602,per_usd
2013-05-15,0.968,per_usd
2013-05-16,0.9618,per_usd
2013-05-17,0.9731,per_usd
2013-05-20,0.9675,per_usd
2013-05-21,0.968,per_usd
2013-05-22,0.9814,per_usd
2013-05-23,0.9668,per_usd
2013-05-24,0.9621,per_usd
2013-05-28,0.9734,per_usd
2013-05-29,0.9613,per_usd
2013-05-30,0.9558,per_usd
2013-05-31,0.9583,per_usd
2013-06-03,0.9442,per_usd
2013-06-04,0.9485,per_usd
2013-06-05,0.9422,per_usd
2013-06-06,0.93,per_usd
2013-06-07,0.9342,per_usd
2013-06-10,0.9357,per_usd
2013-06-11,0.9271,per_usd
2013-06-12,0.9181,per_usd
2013-06-13,0.9234,per_usd
2013-06-14,0.9222,per_usd
2013-06-17,0.9254,per_usd
2013-06-18,0.9186,per_usd
2013-06-19,0.9192,per_usd
2013-06-20,0.9296,per_usd
2013-06-21,0.9354,per_usd
2013-06-24,0.9345,per_usd
2013-06-25,0.9388,per_usd
2013-06-26,0.9432,per_usd
2013-06-27,0.9464,per_usd
2013-06-28,0.945,per_usd
2013-07-01,0.9452,per_usd
2013-07-02,0.9492,per_usd
2013-07-03,0.9475,per_usd
2013-07-05,0.9624,per_usd
2013-07-08,0.9644,per_usd
2013-07-09,0.9736,per_usd
2013-07-10,0.9682,per_usd
2013-07-11,0.9496,per_usd
2013-07-12,0.9468,per_usd
2013-07-15,0.9508,per_usd
2013-07-16,0.9408,per_usd
2013-07-17,0.9428,per_usd
2013-07-18,0.9468,per_usd
2013-07-19,0.9401,per_usd
2013-07-22,0.9357,per_usd
2013-07-23,0.9368,per_usd
2013-07-24,0.9354,per_usd
2013-07-25,0.9336,per_usd
2013-07-26,0.9289,per_usd
2013-07-29,0.9308,per_usd
2013-07-30,0.9298,per_usd
2013-07-31,0.9284,per_usd
2013-08-01,0.9353,per_usd
2013-08-02,0.9293,per_usd
2013-08-05,0.9302,per_usd
2013-08-06,0.9266,per_usd
2013-08-07,0.9222,per_usd
2013-08-08,0.9194,per_usd
2013-08-09,0.9221,per_usd
2013-08-12,0.9248,per_usd
2013-08-13,0.934,per_usd
2013-08-14,0.9354,per_usd
2013-08-15,0.9334,per_usd
2013-08-16,0.9269,per_usd
2013-08-19,0.9247,per_usd
2013-08-20,0.9178,per_usd
2013-08-21,0.9211,per_usd
2013-08-22,0.9236,per_usd
2013-08-23,0.9207,per_usd
2013-08-26,0.9229,per_usd
2013-08-27,0.9186,per_usd
2013-08-28,0.9221,per_usd
2013-08-29,0.9316,per_usd
2013-08-30,0.9313,per_usd
2013-09-03,0.9363,per_usd
2013-09-04,0.9356,per_usd
2013-09-05,0.9437,per_usd
2013-09-06,0.9385,per_usd
2013-09-09,0.9314,per_usd
2013-09-10,0.9344,per_usd
2013-09-11,0.9314,per_usd
2013-09-12,0.9286,per_usd
2013-09-13,0.9319,per_usd
2013-09-16,0.9258,per_usd
2013-09-17,0.9266,per_usd
2013-09-18,0.926,per_usd
2013-09-19,0.9112,per_usd
2013-09-20,0.9104,per_usd
2013-09-23,0.91,per_usd
2013-09-24,0.9114,per_usd
2013-09-25,0.9082,per_usd
2013-09-26,0.9105,per_usd
2013-09-27,0.905,per_usd
2013-09-30,0.9041,per_usd
2013-10-01,0.9064,per_usd
2013-10-02,0.9017,per_usd
2013-10-03,0.8972,per_usd
2013-10-04,0.9052,per_usd
2013-10-07,0.905,per_usd
2013-10-08,0.904,per_usd
2013-10-09,0.9104,per_usd
2013-10-10,0.9104,per_usd
2013-10-11,0.9103,per_usd
2013-10-15,0.9152,per_usd
2013-10-16,0.9163,per_usd
2013-10-17,0.9028,per_usd
2013-10-18,0.9013,per_usd
2013-10-21,0.9019,per_usd
2013-10-22,0.8947,per_usd
2013-10-23,0.8918,per_usd
2013-10-24,0.8916,per_usd
2013-10-25,0.8939,per_usd
2013-10-28,0.8954,per_usd
2013-10-29,0.8982,per_usd
2013-10-30,0.8964,per_usd
2013-10-31,0.9056,per_usd
2013-11-01,0.9124,per_usd
2013-11-04,0.9106,per_usd
2013-11-05,0.9126,per_usd
2013-11-06,0.9109,per_usd
2013-11-07,0.9184,per_usd
2013-11-08,0.922,per_usd
2013-11-12,0.9176,per_usd
2013-11-13,0.9155,per_usd
2013-11-14,0.9152,per_usd
2013-11-15,0.9152,per_usd
2013-11-18,0.9121,per_usd
2013-11-19,0.9114,per_usd
2013-11-20,0.9158,per_usd
2013-11-21,0.9146,per_usd
2013-11-22,0.9072,per_usd
2013-11-25,0.9125,per_usd
2013-11-26,0.908,per_usd
2013-11-27,0.9091,per_usd
2013-11-29,0.9047,per_usd
2013-12-02,0.9076,per_usd
2013-12-03,0.903,per_usd
2013-12-04,0.9052,per_usd
2013-12-05,0.8976,per_usd
2013-12-06,0.8939,per_usd
2013-12-09,0.8914,per_usd
2013-12-10,0.8876,per_usd
2013-12-11,0.8856,per_usd
2013-12-12,0.8902,per_usd
2013-12-13,0.8904,per_usd
2013-12-16,0.8876,per_usd
2013-12-17,0.887,per_usd
2013-12-18,0.8872,per_usd
2013-12-19,0.8964,per_usd
2013-12-20,0.8952,per_usd
2013-12-23,0.8942,per_usd
2013-12-24,0.8961,per_usd
2013-12-26,0.8963,per_usd
2013-12-27,0.8893,per_usd
2013-12-30,0.8866,per_usd
2013-12-31,0.8904,per_usd
2014-01-02,0.8998,per_usd
2014-01-03,0.9044,per_usd
2014-01-06,0.9036,per_usd
2014-01-07,0.9086,per_usd
2014-01-08,0.9102,per_usd
2014-01-09,0.9085,per_usd
2014-01-10,0.9032,per_usd
2014-01-13,0.9026,per_usd
2014-01-14,0.9009,per_usd
2014-01-15,0.9084,per_usd
2014-01-16,0.9064,per_usd
2014-01-17,0.91,per_usd
2014-01-21,0.9092,per_usd
2014-01-22,0.9116,per_usd
2014-01-23,0.9002,per_usd
2014-01-24,0.8949,per_usd
2014-01-27,0.8956,per_usd
2014-01-28,0.8984,per_usd
2014-01-29,0.8948,per_usd
2014-01-30,0.9042,per_usd
2014-01-31,0.9052,per_usd
2014-02-03,0.9014,per_usd
2014-02-04,0.905,per_usd
2014-02-05,0.9042,per_usd
2014-02-06,0.8992,per_usd
2014-02-07,0.8992,per_usd
2014-02-10,0.8967,per_usd
2014-02-11,0.8969,per_usd
2014-02-12,0.9006,per_usd
2014-02-13,0.8944,per_usd
2014-02-14,0.8928,per_usd
2014-02-18,0.8878,per_usd
2014-02-19,0.8868,per_usd
2014-02-20,0.8912,per_usd
2014-02-21,0.8888,per_usd
2014-02-24,0.8885,per_usd
2014-02-25,0.887,per_usd
2014-02-26,0.8922,per_usd
2014-02-27,0.8872,per_usd
2014-02-28,0.881,per_usd
2014-03-03,0.881,per_usd
2014-03-04,0.8869,per_usd
2014-03-05,0.8872,per_usd
2014-03-06,0.881,per_usd
2014-03-07,0.8785,per_usd
2014-03-10,0.8781,per_usd
2014-03-11,0.8783,per_usd
2014-03-12,0.8743,per_usd
2014-03-13,0.8726,per_usd
2014-03-14,0.8712,per_usd
2014-03-17,0.8726,per_usd
2014-03-18,0.8743,per_usd
2014-03-19,0.8747,per_usd
2014-03-20,0.8833,per_usd
2014-03-21,0.8836,per_usd
2014-03-24,0.884,per_usd
2014-03-25,0.8862,per_usd
2014-03-26,0.8854,per_usd
2014-03-27,0.8859,per_usd
2014-03-28,0.8869,per_usd
2014-03-31,0.884,per_usd
2014-04-01,0.8825,per_usd
2014-04-02,0.887,per_usd
2014-04-03,0.8921,per_usd
2014-04-04,0.8918,per_usd
2014-04-07,0.8876,per_usd
2014-04-08,0.8836,per_usd
2014-04-09,0.8816,per_usd
2014-04-10,0.8758,per_usd
2014-04-11,0.8748,per_usd
2014-04-14,0.8784,per_usd
2014-04-15,0.8805,per_usd
2014-04-16,0.8813,per_usd
2014-04-17,0.8812,per_usd
2014-04-18,0.8832,per_usd
2014-04-21,0.8851,per_usd
2014-04-22,0.8851,per_usd
2014-04-23,0.8828,per_usd
2014-04-24,0.8817,per_usd
2014-04-25,0.8809,per_usd
2014-04-28,0.8807,per_usd
2014-04-29,0.8845,per_usd
2014-04-30,0.88,per_usd
2014-05-01,0.8797,per_usd
2014-05-02,0.8789,per_usd
2014-05-05,0.8774,per_usd
2014-05-06,0.8744,per_usd
2014-05-07,0.8758,per_usd
2014-05-08,0.8784,per_usd
2014-05-09,0.886,per_usd
2014-05-12,0.8876,per_usd
2014-05-13,0.8894,per_usd
2014-05-14,0.8894,per_usd
2014-05-15,0.8898,per_usd
2014-05-16,0.891,per_usd
2014-05-19,0.8916,per_usd
2014-05-20,0.8916,per_usd
2014-05-21,0.8951,per_usd
2014-05-22,0.8948,per_usd
2014-05-23,0.8958,per_usd
2014-05-27,0.8977,per_usd
2014-05-28,0.8982,per_usd
2014-05-29,0.897,per_usd
2014-05-30,0.8944,per_usd
2014-06-02,0.898,per_usd
2014-06-03,0.8964,per_usd
2014-06-04,0.8956,per_usd
2014-06-05,0.8944,per_usd
2014-06-06,0.8938,per_usd
2014-06-09,0.8974,per_usd
2014-06-10,0.8996,per_usd
2014-06-11,0.8998,per_usd
2014-06-12,0.8982,per_usd
2014-06-13,0.9008,per_usd
2014-06-16,0.8969,per_usd
2014-06-17,0.8998,per_usd
2014-06-18,0.8976,per_usd
2014-06-19,0.8932,per_usd
2014-06-20,0.896,per_usd
2014-06-23,0.8948,per_usd
2014-06-24,0.8955,per_usd
2014-06-25,0.8918,per_usd
2014-06-26,0.8933,per_usd
2014-06-27,0.8919,per_usd
2014-06-30,0.8868,per_usd
2014-07-01,0.8871,per_usd
2014-07-02,0.8886,per_usd
2014-07-03,0.8934,per_usd
2014-07-07,0.8934,per_usd
2014-07-08,0.8924,per_usd
2014-07-09,0.8918,per_usd
2014-07-10,0.8926,per_usd
2014-07-11,0.8926,per_usd
2014-07-14,0.8918,per_usd
2014-07-15,0.8953,per_usd
2014-07-16,0.8984,per_usd
2014-07-17,0.8973,per_usd
2014-07-18,0.8989,per_usd
2014-07-21,0.898,per_usd
2014-07-22,0.9022,per_usd
2014-07-23,0.9024,per_usd
2014-07-24,0.9024,per_usd
2014-07-25,0.9045,per_usd
2014-07-28,0.9037,per_usd
2014-07-29,0.9068,per_usd
2014-07-30,0.9096,per_usd
2014-07-31,0.9086,per_usd
2014-08-01,0.9048,per_usd
2014-08-04,0.9068,per_usd
2014-08-05,0.9102,per_usd
2014-08-06,0.9095,per_usd
2014-08-07,0.9086,per_usd
2014-08-08,0.905,per_usd
2014-08-11,0.9063,per_usd
2014-08-12,0.9082,per_usd
2014-08-13,0.9079,per_usd
2014-08-14,0.9056,per_usd
2014-08-15,0.9026,per_usd
2014-08-18,0.9066,per_usd
2014-08-19,0.9089,per_usd
2014-08-20,0.9116,per_usd
2014-08-21,0.9112,per_usd
2014-08-22,0.9142,per_usd
2014-08-25,0.9144,per_usd
2014-08-26,0.9167,per_usd
2014-08-27,0.9148,per_usd
2014-08-28,0.915,per_usd
2014-08-29,0.9174,per_usd
2014-09-02,0.9196,per_usd
2014-09-03,0.9186,per_usd
2014-09-04,0.9327,per_usd
2014-09-05,0.9306,per_usd
2014-09-08,0.9317,per_usd
2014-09-09,0.9348,per_usd
2014-09-10,0.9382,per_usd
2014-09-11,0.9349,per_usd
2014-09-12,0.9337,per_usd
2014-09-15,0.9344,per_usd
2014-09-16,0.9314,per_usd
2014-09-17,0.9346,per_usd
2014-09-18,0.9344,per_usd
2014-09-19,0.9404,per_usd
2014-09-22,0.941,per_usd
2014-09-23,0.9386,per_usd
2014-09-24,0.9446,per_usd
2014-09-25,0.9467,per_usd
2014-09-26,0.9513,per_usd
2014-09-29,0.9498,per_usd
2014-09-30,0.9554,per_usd
2014-10-01,0.9566,per_usd
2014-10-02,0.9532,per_usd
2014-10-03,0.967,per_usd
2014-10-06,0.9626,per_usd
2014-10-07,0.9606,per_usd
2014-10-08,0.9564,per_usd
2014-10-09,0.9545,per_usd
2014-10-10,0.9568,per_usd
2014-10-14,0.9536,per_usd
2014-10-15,0.9444,per_usd
2014-10-16,0.9425,per_usd
2014-10-17,0.9468,per_usd
2014-10-20,0.9438,per_usd
2014-10-21,0.9482,per_usd
2014-10-22,0.953,per_usd
2014-10-23,0.9535,per_usd
2014-10-24,0.9514,per_usd
2014-10-27,0.9484,per_usd
2014-10-28,0.9463,per_usd
2014-10-29,0.9452,per_usd
2014-10-30,0.9552,per_usd
2014-10-31,0.9623,per_usd
2014-11-03,0.9655,per_usd
2014-11-04,0.9596,per_usd
2014-11-05,0.964,per_usd
2014-11-06,0.9702,per_usd
2014-11-07,0.9684,per_usd
2014-11-10,0.9678,per_usd
2014-11-12,0.965,per_usd
2014-11-13,0.9634,per_usd
2014-11-14,0.9616,per_usd
2014-11-17,0.9653,per_usd
2014-11-18,0.9583,per_usd
2014-11-19,0.9572,per_usd
2014-11-20,0.9596,per_usd
2014-11-21,0.9696,per_usd
2014-11-24,0.9676,per_usd
2014-11-25,0.9645,per_usd
2014-11-26,0.9614,per_usd
2014-11-28,0.9658,per_usd
2014-12-01,0.9631,per_usd
2014-12-02,0.972,per_usd
2014-12-03,0.9779,per_usd
2014-12-04,0.9674,per_usd
2014-12-05,0.9772,per_usd
2014-12-08,0.9778,per_usd
2014-12-09,0.968,per_usd
2014-12-10,0.968,per_usd
2014-12-11,0.9688,per_usd
2014-12-12,0.962,per_usd
2014-12-15,0.9632,per_usd
2014-12-16,0.9604,per_usd
2014-12-17,0.9679,per_usd
2014-12-18,0.9794,per_usd
2014-12-19,0.9832,per_usd
2014-12-22,0.982,per_usd
2014-12-23,0.9872,per_usd
2014-12-24,0.9865,per_usd
2014-12-29,0.9878,per_usd
2014-12-30,0.988,per_usd
2014-12-31,0.9934,per_usd
2015-01-02,1.0004,per_usd
2015-01-05,1.0079,per_usd
2015-01-06,1.0062,per_usd
2015-01-07,1.016,per_usd
2015-01-08,1.0169,per_usd
2015-01-09,1.0151,per_usd
2015-01-12,1.015,per_usd
2015-01-13,1.0195,per_usd
2015-01-14,1.0172,per_usd
2015-01-15,0.893,per_usd
2015-01-16,0.8488,per_usd
2015-01-20,0.8751,per_usd
2015-01-21,0.8596,per_usd
2015-01-22,0.8678,per_usd
2015-01-23,0.876,per_usd
2015-01-26,0.8988,per_usd
2015-01-27,0.9042,per_usd
2015-01-28,0.9055,per_usd
2015-01-29,0.9226,per_usd
2015-01-30,0.921,per_usd
2015-02-02,0.9262,per_usd
2015-02-03,0.9234,per_usd
2015-02-04,0.9238,per_usd
2015-02-05,0.9248,per_usd
2015-02-06,0.9228,per_usd
2015-02-09,0.9258,per_usd
2015-02-10,0.9263,per_usd
2015-02-11,0.9288,per_usd
2015-02-12,0.9283,per_usd
2015-02-13,0.9308,per_usd
2015-02-17,0.9346,per_usd
2015-02-18,0.9446,per_usd
2015-02-19,0.9472,per_usd
2015-02-20,0.9419,per_usd
2015-02-23,0.9494,per_usd
2015-02-24,0.9516,per_usd
2015-02-25,0.9496,per_usd
2015-02-26,0.954,per_usd
2015-02-27,0.9513,per_usd
2015-03-02,0.9553,per_usd
2015-03-03,0.959,per_usd
2015-03-04,0.964,per_usd
2015-03-05,0.9736,per_usd
2015-03-06,0.9846,per_usd
2015-03-09,0.9873,per_usd
2015-03-10,0.9996,per_usd
2015-03-11,1.0074,per_usd
2015-03-12,1.0034,per_usd
2015-03-13,1.0047,per_usd
2015-03-16,1.0074,per_usd
2015-03-17,1.004,per_usd
2015-03-18,0.9952,per_usd
2015-03-19,0.9921,per_usd
2015-03-20,0.9766,per_usd
2015-03-23,0.9668,per_usd
2015-03-24,0.9586,per_usd
2015-03-25,0.9574,per_usd
2015-03-26,0.9614,per_usd
2015-03-27,0.9586,per_usd
2015-03-30,0.9678,per_usd
2015-03-31,0.9712,per_usd
2015-04-01,0.9671,per_usd
2015-04-02,0.9578,per_usd
2015-04-03,0.9504,per_usd
2015-04-06,0.9524,per_usd
2015-04-07,0.964,per_usd
2015-04-08,0.9634,per_usd
2015-04-09,0.9754,per_usd
2015-04-10,0.9807,per_usd
2015-04-13,0.978,per_usd
2015-04-14,0.9712,per_usd
2015-04-15,0.9721,per_usd
2015-04-16,0.9584,per_usd
2015-04-17,0.9528,per_usd
2015-04-20,0.9543,per_usd
2015-04-21,0.9528,per_usd
2015-04-22,0.9662,per_usd
2015-04-23,0.955,per_usd
2015-04-24,0.9533,per_usd
2015-04-27,0.9534,per_usd
2015-04-28,0.9538,per_usd
2015-04-29,0.9358,per_usd
2015-04-30,0.941,per_usd
2015-05-01,0.934,per_usd
2015-05-04,0.9357,per_usd
2015-05-05,0.9262,per_usd
2015-05-06,0.915,per_usd
2015-05-07,0.9196,per_usd
2015-05-08,0.9274,per_usd
2015-05-11,0.9344,per_usd
2015-05-12,0.9266,per_usd
2015-05-13,0.9162,per_usd
2015-05-14,0.9146,per_usd
2015-05-15,0.9174,per_usd
2015-05-18,0.923,per_usd
2015-05-19,0.9367,per_usd
2015-05-20,0.9395,per_usd
2015-05-21,0.9346,per_usd
2015-05-22,0.9428,per_usd
2015-05-26,0.9503,per_usd
2015-05-27,0.9508,per_usd
2015-05-28,0.9458,per_usd
2015-05-29,0.9404,per_usd
2015-06-01,0.9467,per_usd
2015-06-02,0.9343,per_usd
2015-06-03,0.9336,per_usd
2015-06-04,0.9342,per_usd
2015-06-05,0.9436,per_usd
2015-06-08,0.9332,per_usd
2015-06-09,0.9295,per_usd
2015-06-10,0.9292,per_usd
2015-06-11,0.9364,per_usd
2015-06-12,0.926,per_usd
2015-06-15,0.9351,per_usd
2015-06-16,0.9325,per_usd
2015-06-17,0.9272,per_usd
2015-06-18,0.9196,per_usd
2015-06-19,0.9206,per_usd
2015-06-22,0.9188,per_usd
2015-06-23,0.9336,per_usd
2015-06-24,0.936,per_usd
2015-06-25,0.9375,per_usd
2015-06-26,0.9351,per_usd
2015-06-29,0.928,per_usd
2015-06-30,0.9346,per_usd
2015-07-01,0.9456,per_usd
2015-07-02,0.9436,per_usd
2015-07-06,0.9432,per_usd
2015-07-07,0.9482,per_usd
2015-07-08,0.9458,per_usd
2015-07-09,0.9495,per_usd
2015-07-10,0.9411,per_usd
2015-07-13,0.9492,per_usd
2015-07-14,0.9459,per_usd
2015-07-15,0.9521,per_usd
2015-07-16,0.9562,per_usd
2015-07-17,0.9608,per_usd
2015-07-20,0.963,per_usd
2015-07-21,0.959,per_usd
2015-07-22,0.9613,per_usd
2015-07-23,0.9581,per_usd
2015-07-24,0.962,per_usd
2015-07-27,0.9597,per_usd
2015-07-28,0.9638,per_usd
2015-07-29,0.963,per_usd
2015-07-30,0.9696,per_usd
2015-07-31,0.9636,per_usd
2015-08-03,0.9682,per_usd
2015-08-04,0.9732,per_usd
2015-08-05,0.981,per_usd
2015-08-06,0.9808,per_usd
2015-08-07,0.9824,per_usd
2015-08-10,0.9848,per_usd
2015-08-11,0.9869,per_usd
2015-08-12,0.9691,per_usd
2015-08-13,0.976,per_usd
2015-08-14,0.978,per_usd
2015-08-17,0.977,per_usd
2015-08-18,0.9764,per_usd
2015-08-19,0.9702,per_usd
2015-08-20,0.9621,per_usd
2015-08-21,0.9488,per_usd
2015-08-24,0.9347,per_usd
2015-08-25,0.9488,per_usd
2015-08-26,0.9472,per_usd
2015-08-27,0.9631,per_usd
2015-08-28,0.9622,per_usd
2015-08-31,0.9681,per_usd
2015-09-01,0.9622,per_usd
2015-09-02,0.969,per_usd
2015-09-03,0.9764,per_usd
2015-09-04,0.9754,per_usd
2015-09-08,0.978,per_usd
2015-09-09,0.9767,per_usd
2015-09-10,0.9735,per_usd
2015-09-11,0.9735,per_usd
2015-09-14,0.9687,per_usd
2015-09-15,0.9755,per_usd
2015-09-16,0.9688,per_usd
2015-09-17,0.971,per_usd
2015-09-18,0.9614,per_usd
2015-09-21,0.9702,per_usd
2015-09-22,0.9733,per_usd
2015-09-23,0.978,per_usd
2015-09-24,0.973,per_usd
2015-09-25,0.976,per_usd
2015-09-28,0.9735,per_usd
2015-09-29,0.971,per_usd
2015-09-30,0.9773,per_usd
2015-10-01,0.9744,per_usd
2015-10-02,0.9684,per_usd
2015-10-05,0.9746,per_usd
2015-10-06,0.9678,per_usd
2015-10-07,0.9716,per_usd
2015-10-08,0.9674,per_usd
2015-10-09,0.9615,per_usd
2015-10-13,0.9594,per_usd
2015-10-14,0.9517,per_usd
2015-10-15,0.9489,per_usd
2015-10-16,0.9536,per_usd
2015-10-19,0.956,per_usd
2015-10-20,0.954,per_usd
2015-10-21,0.957,per_usd
2015-10-22,0.971,per_usd
2015-10-23,0.9769,per_usd
2015-10-26,0.9815,per_usd
2015-10-27,0.9848,per_usd
2015-10-28,0.9848,per_usd
2015-10-29,0.9915,per_usd
2015-10-30,0.9858,per_usd
2015-11-02,0.9853,per_usd
2015-11-03,0.9922,per_usd
2015-11-04,0.9933,per_usd
2015-11-05,0.9964,per_usd
2015-11-06,1.0048,per_usd
2015-11-09,1.0017,per_usd
2015-11-10,1.0076,per_usd
2015-11-12,1.0014,per_usd
2015-11-13,1.0088,per_usd
2015-11-16,1.0079,per_usd
2015-11-17,1.0169,per_usd
2015-11-18,1.0198,per_usd
2015-11-19,1.014,per_usd
2015-11-20,1.0183,per_usd
2015-11-23,1.0205,per_usd
2015-11-24,1.0161,per_usd
2015-11-25,1.022,per_usd
2015-11-27,1.0305,per_usd
2015-11-30,1.0282,per_usd
2015-12-01,1.0296,per_usd
2015-12-02,1.0274,per_usd
2015-12-03,0.9996,per_usd
2015-12-04,0.9986,per_usd
2015-12-07,1.0026,per_usd
2015-12-08,0.994,per_usd
2015-12-09,0.9866,per_usd
2015-12-10,0.9888,per_usd
2015-12-11,0.9828,per_usd
2015-12-14,0.9823,per_usd
2015-12-15,0.9921,per_usd
2015-12-16,0.9852,per_usd
2015-12-17,0.9987,per_usd
2015-12-18,0.994,per_usd
2015-12-21,0.9912,per_usd
2015-12-22,0.9866,per_usd
2015-12-23,0.9938,per_usd
2015-12-24,0.9872,per_usd
2015-12-28,0.9878,per_usd
2015-12-29,0.9924,per_usd
2015-12-30,0.989,per_usd
2015-12-31,1.0017,per_usd
2016-01-04,1.0042,per_usd
2016-01-05,1.0096,per_usd
2016-01-06,1.0084,per_usd
2016-01-07,1.0018,per_usd
2016-01-08,0.9972,per_usd
2016-01-11,1,per_usd
2016-01-12,1.003,per_usd
2016-01-13,1.0064,per_usd
2016-01-14,1.0072,per_usd
2016-01-15,0.9984,per_usd
2016-01-19,1.0032,per_usd
2016-01-20,1.0032,per_usd
2016-01-21,1.0112,per_usd
2016-01-22,1.0148,per_usd
2016-01-25,1.0148,per_usd
2016-01-26,1.0189,per_usd
2016-01-27,1.0176,per_usd
2016-01-28,1.0134,per_usd
2016-01-29,1.0226,per_usd
2016-02-01,1.0202,per_usd
2016-02-02,1.0181,per_usd
2016-02-03,1.007,per_usd
2016-02-04,0.9926,per_usd
2016-02-05,0.9938,per_usd
2016-02-08,0.9885,per_usd
2016-02-09,0.972,per_usd
2016-02-10,0.9779,per_usd
2016-02-11,0.9706,per_usd
2016-02-12,0.9768,per_usd
2016-02-16,0.9884,per_usd
2016-02-17,0.9926,per_usd
2016-02-18,0.994,per_usd
2016-02-19,0.9893,per_usd
2016-02-22,0.9986,per_usd
2016-02-23,0.992,per_usd
2016-02-24,0.986,per_usd
2016-02-25,0.9894,per_usd
2016-02-26,0.9967,per_usd
2016-02-29,0.996,per_usd
2016-03-01,0.9994,per_usd
2016-03-02,0.9981,per_usd
2016-03-03,0.992,per_usd
2016-03-04,0.9926,per_usd
2016-03-07,0.9969,per_usd
2016-03-08,0.9939,per_usd
2016-03-09,0.9957,per_usd
2016-03-10,0.9857,per_usd
2016-03-11,0.9813,per_usd
2016-03-14,0.986,per_usd
2016-03-15,0.9852,per_usd
2016-03-16,0.9879,per_usd
2016-03-17,0.968,per_usd
2016-03-18,0.9682,per_usd
2016-03-21,0.9678,per_usd
2016-03-22,0.9705,per_usd
2016-03-23,0.9731,per_usd
2016-03-24,0.9766,per_usd
2016-03-25,0.978,per_usd
2016-03-28,0.9732,per_usd
2016-03-29,0.9744,per_usd
2016-03-30,0.9636,per_usd
2016-03-31,0.9583,per_usd
2016-04-01,0.9588,per_usd
2016-04-04,0.9597,per_usd
2016-04-05,0.9572,per_usd
2016-04-06,0.9537,per_usd
2016-04-07,0.9552,per_usd
2016-04-08,0.9536,per_usd
2016-04-11,0.9538,per_usd
2016-04-12,0.9546,per_usd
2016-04-13,0.9651,per_usd
2016-04-14,0.9667,per_usd
2016-04-15,0.967,per_usd
2016-04-18,0.9636,per_usd
2016-04-19,0.9599,per_usd
2016-04-20,0.9671,per_usd
2016-04-21,0.9722,per_usd
2016-04-22,0.9774,per_usd
2016-04-25,0.9742,per_usd
2016-04-26,0.9713,per_usd
2016-04-27,0.971,per_usd
2016-04-28,0.9687,per_usd
2016-04-29,0.9598,per_usd
2016-05-02,0.9556,per_usd
2016-05-03,0.9541,per_usd
2016-05-04,0.9574,per_usd
2016-05-05,0.9686,per_usd
2016-05-06,0.9697,per_usd
2016-05-09,0.9698,per_usd
2016-05-10,0.9746,per_usd
2016-05-11,0.9699,per_usd
2016-05-12,0.9693,per_usd
2016-05-13,0.9756,per_usd
2016-05-16,0.9772,per_usd
2016-05-17,0.9761,per_usd
2016-05-18,0.9822,per_usd
2016-05-19,0.9894,per_usd
2016-05-20,0.992,per_usd
2016-05-23,0.9919,per_usd
2016-05-24,0.993,per_usd
2016-05-25,0.9908,per_usd
2016-05-26,0.9898,per_usd
2016-05-27,0.9916,per_usd
2016-05-31,0.9934,per_usd
2016-06-01,0.9892,per_usd
2016-06-02,0.9902,per_usd
2016-06-03,0.9781,per_usd
2016-06-06,0.972,per_usd
2016-06-07,0.9663,per_usd
2016-06-08,0.9594,per_usd
2016-06-09,0.9639,per_usd
2016-06-10,0.9632,per_usd
2016-06-13,0.9662,per_usd
2016-06-14,0.964,per_usd
2016-06-15,0.9647,per_usd
2016-06-16,0.9662,per_usd
2016-06-17,0.961,per_usd
2016-06-20,0.9616,per_usd
2016-06-21,0.9596,per_usd
2016-06-22,0.9584,per_usd
2016-06-23,0.9566,per_usd
2016-06-24,0.9702,per_usd
2016-06-27,0.9787,per_usd
2016-06-28,0.9812,per_usd
2016-06-29,0.9794,per_usd
2016-06-30,0.9792,per_usd
2016-07-01,0.973,per_usd
2016-07-05,0.9768,per_usd
2016-07-06,0.9778,per_usd
2016-07-07,0.9781,per_usd
2016-07-08,0.9843,per_usd
2016-07-11,0.983,per_usd
2016-07-12,0.9869,per_usd
2016-07-13,0.9834,per_usd
2016-07-14,0.9806,per_usd
2016-07-15,0.9834,per_usd
2016-07-18,0.9822,per_usd
2016-07-19,0.985,per_usd
2016-07-20,0.9872,per_usd
2016-07-21,0.9869,per_usd
2016-07-22,0.9888,per_usd
2016-07-25,0.9869,per_usd
2016-07-26,0.9924,per_usd
2016-07-27,0.9936,per_usd
2016-07-28,0.9806,per_usd
2016-07-29,0.969,per_usd
2016-08-01,0.9671,per_usd
2016-08-02,0.9643,per_usd
2016-08-03,0.9716,per_usd
2016-08-04,0.9738,per_usd
2016-08-05,0.9796,per_usd
2016-08-08,0.9838,per_usd
2016-08-09,0.9826,per_usd
2016-08-10,0.9759,per_usd
2016-08-11,0.9722,per_usd
2016-08-12,0.9738,per_usd
2016-08-15,0.9714,per_usd
2016-08-16,0.9622,per_usd
2016-08-17,0.964,per_usd
2016-08-18,0.9576,per_usd
2016-08-19,0.9594,per_usd
2016-08-22,0.9625,per_usd
2016-08-23,0.9622,per_usd
2016-08-24,0.9673,per_usd
2016-08-25,0.9684,per_usd
2016-08-26,0.9718,per_usd
2016-08-29,0.978,per_usd
2016-08-30,0.9822,per_usd
2016-08-31,0.983,per_usd
2016-09-01,0.9792,per_usd
2016-09-02,0.9804,per_usd
2016-09-06,0.9718,per_usd
2016-09-07,0.9702,per_usd
2016-09-08,0.9726,per_usd
2016-09-09,0.977,per_usd
2016-09-12,0.9736,per_usd
2016-09-13,0.974,per_usd
2016-09-14,0.9708,per_usd
2016-09-15,0.9714,per_usd
2016-09-16,0.9794,per_usd
2016-09-19,0.9798,per_usd
2016-09-20,0.9781,per_usd
2016-09-21,0.9758,per_usd
2016-09-22,0.9678,per_usd
2016-09-23,0.9702,per_usd
2016-09-26,0.9668,per_usd
2016-09-27,0.9718,per_usd
2016-09-28,0.9724,per_usd
2016-09-29,0.9655,per_usd
2016-09-30,0.9694,per_usd
2016-10-03,0.974,per_usd
2016-10-04,0.978,per_usd
2016-10-05,0.977,per_usd
2016-10-06,0.9798,per_usd
2016-10-07,0.9806,per_usd
2016-10-11,0.9878,per_usd
2016-10-12,0.9902,per_usd
2016-10-13,0.987,per_usd
2016-10-14,0.9902,per_usd
2016-10-17,0.988,per_usd
2016-10-18,0.9886,per_usd
2016-10-19,0.9894,per_usd
2016-10-20,0.9916,per_usd
2016-10-21,0.9951,per_usd
2016-10-24,0.992,per_usd
2016-10-25,0.994,per_usd
2016-10-26,0.9927,per_usd
2016-10-27,0.994,per_usd
2016-10-28,0.9932,per_usd
2016-10-31,0.989,per_usd
2016-11-01,0.979,per_usd
2016-11-02,0.9701,per_usd
2016-11-03,0.9746,per_usd
2016-11-04,0.9682,per_usd
2016-11-07,0.9758,per_usd
2016-11-08,0.9757,per_usd
2016-11-09,0.9812,per_usd
2016-11-10,0.9878,per_usd
2016-11-14,0.9978,per_usd
2016-11-15,1.0015,per_usd
2016-11-16,1.0019,per_usd
2016-11-17,1.0048,per_usd
2016-11-18,1.0094,per_usd
2016-11-21,1.0112,per_usd
2016-11-22,1.01,per_usd
2016-11-23,1.0156,per_usd
2016-11-25,1.0136,per_usd
2016-11-28,1.0158,per_usd
2016-11-29,1.0132,per_usd
2016-11-30,1.0187,per_usd
2016-12-01,1.0126,per_usd
2016-12-02,1.011,per_usd
2016-12-05,1.0103,per_usd
2016-12-06,1.0093,per_usd
2016-12-07,1.0065,per_usd
2016-12-08,1.0154,per_usd
2016-12-09,1.0184,per_usd
2016-12-12,1.0157,per_usd
2016-12-13,1.0118,per_usd
2016-12-14,1.0099,per_usd
2016-12-15,1.0334,per_usd
2016-12-16,1.0258,per_usd
2016-12-19,1.0226,per_usd
2016-12-20,1.0282,per_usd
2016-12-21,1.0262,per_usd
2016-12-22,1.0246,per_usd
2016-12-23,1.0268,per_usd
2016-12-27,1.0284,per_usd
2016-12-28,1.0313,per_usd
2016-12-29,1.023,per_usd
2016-12-30,1.016,per_usd
2017-01-03,1.0266,per_usd
2017-01-04,1.0228,per_usd
2017-01-05,1.0107,per_usd
2017-01-06,1.015,per_usd
2017-01-09,1.0148,per_usd
2017-01-10,1.0158,per_usd
2017-01-11,1.0203,per_usd
2017-01-12,1.0066,per_usd
2017-01-13,1.0098,per_usd
2017-01-17,1.0028,per_usd
2017-01-18,1.0028,per_usd
2017-01-19,1.0094,per_usd
2017-01-23,0.999,per_usd
2017-01-24,0.9998,per_usd
2017-01-25,0.9996,per_usd
2017-01-26,1.0011,per_usd
2017-01-27,0.9992,per_usd
2017-01-30,0.9976,per_usd
2017-01-31,0.9888,per_usd
2017-02-01,0.993,per_usd
2017-02-02,0.9894,per_usd
2017-02-03,0.991,per_usd
2017-02-06,0.9934,per_usd
2017-02-07,0.997,per_usd
2017-02-08,0.9934,per_usd
2017-02-09,1.0013,per_usd
2017-02-10,1.0028,per_usd
2017-02-13,1.0054,per_usd
2017-02-14,1.0072,per_usd
2017-02-15,1.0062,per_usd
2017-02-16,0.9992,per_usd
2017-02-17,1.0022,per_usd
2017-02-21,1.0083,per_usd
2017-02-22,1.0109,per_usd
2017-02-23,1.0062,per_usd
2017-02-24,1.0055,per_usd
2017-02-27,1.0051,per_usd
2017-02-28,1.0022,per_usd
2017-03-01,1.0072,per_usd
2017-03-02,1.012,per_usd
2017-03-03,1.0118,per_usd
2017-03-06,1.0114,per_usd
2017-03-07,1.013,per_usd
2017-03-08,1.0146,per_usd
2017-03-09,1.0131,per_usd
2017-03-10,1.0104,per_usd
2017-03-13,1.0068,per_usd
2017-03-14,1.0078,per_usd
2017-03-15,1.008,per_usd
2017-03-16,0.9953,per_usd
2017-03-17,0.9978,per_usd
2017-03-20,0.9966,per_usd
2017-03-21,0.9936,per_usd
2017-03-22,0.99,per_usd
2017-03-23,0.9924,per_usd
2017-03-24,0.991,per_usd
2017-03-27,0.983,per_usd
2017-03-28,0.985,per_usd
2017-03-29,0.9966,per_usd
2017-03-30,0.9969,per_usd
2017-03-31,0.9998,per_usd
2017-04-03,1.0029,per_usd
2017-04-04,1.0022,per_usd
2017-04-05,1.005,per_usd
2017-04-06,1.0046,per_usd
2017-04-07,1.0066,per_usd
2017-04-10,1.0077,per_usd
2017-04-11,1.0072,per_usd
2017-04-12,1.0054,per_usd
2017-04-13,1.0047,per_usd
2017-04-14,1.0038,per_usd
2017-04-17,1.0022,per_usd
2017-04-18,0.9978,per_usd
2017-04-19,0.9986,per_usd
2017-04-20,0.996,per_usd
2017-04-21,0.9987,per_usd
2017-04-24,0.9964,per_usd
2017-04-25,0.9925,per_usd
2017-04-26,0.9957,per_usd
2017-04-27,0.9948,per_usd
2017-04-28,0.9944,per_usd
2017-05-01,0.9955,per_usd
2017-05-02,0.9913,per_usd
2017-05-03,0.9913,per_usd
2017-05-04,0.989,per_usd
2017-05-05,0.9876,per_usd
2017-05-08,0.9979,per_usd
2017-05-09,1.0074,per_usd
2017-05-10,1.0088,per_usd
2017-05-11,1.0061,per_usd
2017-05-12,1.0008,per_usd
2017-05-15,0.9964,per_usd
2017-05-16,0.9878,per_usd
2017-05-17,0.9808,per_usd
2017-05-18,0.9763,per_usd
2017-05-19,0.9754,per_usd
2017-05-22,0.9736,per_usd
2017-05-23,0.974,per_usd
2017-05-24,0.9769,per_usd
2017-05-25,0.972,per_usd
2017-05-26,0.9753,per_usd
2017-05-30,0.9744,per_usd
2017-05-31,0.9684,per_usd
2017-06-01,0.9712,per_usd
2017-06-02,0.9642,per_usd
2017-06-05,0.9657,per_usd
2017-06-06,0.9628,per_usd
2017-06-07,0.9657,per_usd
2017-06-08,0.9675,per_usd
2017-06-09,0.97,per_usd
2017-06-12,0.9688,per_usd
2017-06-13,0.9692,per_usd
2017-06-14,0.9662,per_usd
2017-06-15,0.9749,per_usd
2017-06-16,0.9739,per_usd
2017-06-19,0.9745,per_usd
2017-06-20,0.9759,per_usd
2017-06-21,0.9744,per_usd
2017-06-22,0.9728,per_usd
2017-06-23,0.9692,per_usd
2017-06-26,0.9706,per_usd
2017-06-27,0.9638,per_usd
2017-06-28,0.9608,per_usd
2017-06-29,0.9569,per_usd
2017-06-30,0.9586,per_usd
2017-07-03,0.9632,per_usd
2017-07-05,0.9652,per_usd
2017-07-06,0.9634,per_usd
2017-07-07,0.9644,per_usd
2017-07-10,0.9658,per_usd
2017-07-11,0.9672,per_usd
2017-07-12,0.9648,per_usd
2017-07-13,0.9685,per_usd
2017-07-14,0.9654,per_usd
2017-07-17,0.9627,per_usd
2017-07-18,0.9526,per_usd
2017-07-19,0.9548,per_usd
2017-07-20,0.9507,per_usd
2017-07-21,0.9468,per_usd
2017-07-24,0.9456,per_usd
2017-07-25,0.9496,per_usd
2017-07-26,0.958,per_usd
2017-07-27,0.9656,per_usd
2017-07-28,0.9685,per_usd
2017-07-31,0.965,per_usd
2017-08-01,0.9655,per_usd
2017-08-02,0.9684,per_usd
2017-08-03,0.969,per_usd
2017-08-04,0.9721,per_usd
2017-08-07,0.9728,per_usd
2017-08-08,0.9766,per_usd
2017-08-09,0.9649,per_usd
2017-08-10,0.9647,per_usd
2017-08-11,0.962,per_usd
2017-08-14,0.9714,per_usd
2017-08-15,0.9718,per_usd
2017-08-16,0.9744,per_usd
2017-08-17,0.9633,per_usd
2017-08-18,0.9642,per_usd
2017-08-21,0.9629,per_usd
2017-08-22,0.9668,per_usd
2017-08-23,0.9667,per_usd
2017-08-24,0.9646,per_usd
2017-08-25,0.9574,per_usd
2017-08-28,0.9554,per_usd
2017-08-29,0.948,per_usd
2017-08-30,0.9583,per_usd
2017-08-31,0.961,per_usd
2017-09-01,0.9626,per_usd
2017-09-05,0.9577,per_usd
2017-09-06,0.9537,per_usd
2017-09-07,0.9498,per_usd
2017-09-08,0.9456,per_usd
2017-09-11,0.9533,per_usd
2017-09-12,0.9596,per_usd
2017-09-13,0.9639,per_usd
2017-09-14,0.966,per_usd
2017-09-15,0.9594,per_usd
2017-09-18,0.963,per_usd
2017-09-19,0.9628,per_usd
2017-09-20,0.9617,per_usd
2017-09-21,0.9692,per_usd
2017-09-22,0.9694,per_usd
2017-09-25,0.9682,per_usd
2017-09-26,0.9706,per_usd
2017-09-27,0.9745,per_usd
2017-09-28,0.971,per_usd
2017-09-29,0.9688,per_usd
2017-10-02,0.9737,per_usd
2017-10-03,0.9734,per_usd
2017-10-04,0.9756,per_usd
2017-10-05,0.9792,per_usd
2017-10-06,0.9777,per_usd
2017-10-10,0.9744,per_usd
2017-10-11,0.9732,per_usd
2017-10-12,0.976,per_usd
2017-10-13,0.9745,per_usd
2017-10-16,0.9735,per_usd
2017-10-17,0.9804,per_usd
2017-10-18,0.9817,per_usd
2017-10-19,0.9751,per_usd
2017-10-20,0.9844,per_usd
2017-10-23,0.9862,per_usd
2017-10-24,0.989,per_usd
2017-10-25,0.9888,per_usd
2017-10-26,0.995,per_usd
2017-10-27,0.999,per_usd
2017-10-30,0.9969,per_usd
2017-10-31,0.9968,per_usd
2017-11-01,1.0014,per_usd
2017-11-02,0.9977,per_usd
2017-11-03,1.0002,per_usd
2017-11-06,0.999,per_usd
2017-11-07,0.9996,per_usd
2017-11-08,0.9997,per_usd
2017-11-09,0.9958,per_usd
2017-11-13,0.9975,per_usd
2017-11-14,0.9914,per_usd
2017-11-15,0.9902,per_usd
2017-11-16,0.9926,per_usd
2017-11-17,0.9882,per_usd
2017-11-20,0.9923,per_usd
2017-11-21,0.9916,per_usd
2017-11-22,0.9838,per_usd
2017-11-24,0.9788,per_usd
2017-11-27,0.9804,per_usd
2017-11-28,0.9831,per_usd
2017-11-29,0.9837,per_usd
2017-11-30,0.9838,per_usd
2017-12-01,0.9762,per_usd
2017-12-04,0.9858,per_usd
2017-12-05,0.9868,per_usd
2017-12-06,0.9904,per_usd
2017-12-07,0.9921,per_usd
2017-12-08,0.9928,per_usd
2017-12-11,0.99,per_usd
2017-12-12,0.9926,per_usd
2017-12-13,0.9894,per_usd
2017-12-14,0.99,per_usd
2017-12-15,0.9903,per_usd
2017-12-18,0.9856,per_usd
2017-12-19,0.9857,per_usd
2017-12-20,0.9859,per_usd
2017-12-21,0.989,per_usd
2017-12-22,0.9898,per_usd
2017-12-26,0.9891,per_usd
2017-12-27,0.987,per_usd
2017-12-28,0.9774,per_usd
2017-12-29,0.9738,per_usd
2018-01-02,0.9718,per_usd
2018-01-03,0.9762,per_usd
2018-01-04,0.9753,per_usd
2018-01-05,0.9752,per_usd
2018-01-08,0.9762,per_usd
2018-01-09,0.9832,per_usd
2018-01-10,0.978,per_usd
2018-01-11,0.9748,per_usd
2018-01-12,0.9713,per_usd
2018-01-16,0.9618,per_usd
2018-01-17,0.9616,per_usd
2018-01-18,0.9586,per_usd
2018-01-19,0.9612,per_usd
2018-01-22,0.9636,per_usd
2018-01-23,0.9598,per_usd
2018-01-24,0.9452,per_usd
2018-01-25,0.9357,per_usd
2018-01-26,0.9342,per_usd
2018-01-29,0.938,per_usd
2018-01-30,0.9355,per_usd
2018-01-31,0.9321,per_usd
2018-02-01,0.9288,per_usd
2018-02-02,0.932,per_usd
2018-02-05,0.9366,per_usd
2018-02-06,0.9368,per_usd
2018-02-07,0.9438,per_usd
2018-02-08,0.9386,per_usd
2018-02-09,0.9393,per_usd
2018-02-12,0.9392,per_usd
2018-02-13,0.9335,per_usd
2018-02-14,0.9319,per_usd
2018-02-15,0.9232,per_usd
2018-02-16,0.9258,per_usd
2018-02-20,0.9354,per_usd
2018-02-21,0.9375,per_usd
2018-02-22,0.9345,per_usd
2018-02-23,0.9356,per_usd
2018-02-26,0.9388,per_usd
2018-02-27,0.9398,per_usd
2018-02-28,0.943,per_usd
2018-03-01,0.9461,per_usd
2018-03-02,0.9378,per_usd
2018-03-05,0.9397,per_usd
2018-03-06,0.9385,per_usd
2018-03-07,0.9426,per_usd
2018-03-08,0.9499,per_usd
2018-03-09,0.9493,per_usd
2018-03-12,0.9489,per_usd
2018-03-13,0.9437,per_usd
2018-03-14,0.9461,per_usd
2018-03-15,0.9502,per_usd
2018-03-16,0.9532,per_usd
2018-03-19,0.9509,per_usd
2018-03-20,0.9549,per_usd
2018-03-21,0.954,per_usd
2018-03-22,0.9491,per_usd
2018-03-23,0.9465,per_usd
2018-03-26,0.9442,per_usd
2018-03-27,0.9474,per_usd
2018-03-28,0.9538,per_usd
2018-03-29,0.956,per_usd
2018-03-30,0.9532,per_usd
2018-04-02,0.9558,per_usd
2018-04-03,0.959,per_usd
2018-04-04,0.9595,per_usd
2018-04-05,0.9633,per_usd
2018-04-06,0.9602,per_usd
2018-04-09,0.9574,per_usd
2018-04-10,0.9574,per_usd
2018-04-11,0.9578,per_usd
2018-04-12,0.9625,per_usd
2018-04-13,0.9631,per_usd
2018-04-16,0.9596,per_usd
2018-04-17,0.9666,per_usd
2018-04-18,0.967,per_usd
2018-04-19,0.9714,per_usd
2018-04-20,0.9744,per_usd
2018-04-23,0.9776,per_usd
2018-04-24,0.9804,per_usd
2018-04-25,0.9828,per_usd
2018-04-26,0.988,per_usd
2018-04-27,0.9884,per_usd
2018-04-30,0.9911,per_usd
2018-05-01,0.9954,per_usd
2018-05-02,0.9975,per_usd
2018-05-03,0.9978,per_usd
2018-05-04,1.0005,per_usd
2018-05-07,1.0023,per_usd
2018-05-08,1.0016,per_usd
2018-05-09,1.0042,per_usd
2018-05-10,1.0036,per_usd
2018-05-11,0.9996,per_usd
2018-05-14,0.9976,per_usd
2018-05-15,0.9998,per_usd
2018-05-16,1.0004,per_usd
2018-05-17,1.0014,per_usd
2018-05-18,0.997,per_usd
2018-05-21,0.9978,per_usd
2018-05-22,0.9924,per_usd
2018-05-23,0.9952,per_usd
2018-05-24,0.9916,per_usd
2018-05-25,0.9912,per_usd
2018-05-29,0.9924,per_usd
2018-05-30,0.989,per_usd
2018-05-31,0.9844,per_usd
2018-06-01,0.9867,per_usd
2018-06-04,0.9884,per_usd
2018-06-05,0.986,per_usd
2018-06-06,0.9844,per_usd
2018-06-07,0.9822,per_usd
2018-06-08,0.986,per_usd
2018-06-11,0.9848,per_usd
2018-06-12,0.9841,per_usd
2018-06-13,0.9844,per_usd
2018-06-14,0.9942,per_usd
2018-06-15,0.9962,per_usd
2018-06-18,0.9952,per_usd
2018-06-19,0.9951,per_usd
2018-06-20,0.9956,per_usd
2018-06-21,0.9921,per_usd
2018-06-22,0.9902,per_usd
2018-06-25,0.9874,per_usd
2018-06-26,0.9901,per_usd
2018-06-27,0.9962,per_usd
2018-06-28,0.9979,per_usd
2018-06-29,0.9922,per_usd
2018-07-02,0.9946,per_usd
2018-07-03,0.9922,per_usd
2018-07-05,0.9924,per_usd
2018-07-06,0.9901,per_usd
2018-07-09,0.992,per_usd
2018-07-10,0.9926,per_usd
2018-07-11,0.9932,per_usd
2018-07-12,1.0009,per_usd
2018-07-13,1.0028,per_usd
2018-07-16,0.9974,per_usd
2018-07-17,0.9992,per_usd
2018-07-18,0.9994,per_usd
2018-07-19,1.0016,per_usd
2018-07-20,0.9944,per_usd
2018-07-23,0.9927,per_usd
2018-07-24,0.9944,per_usd
2018-07-25,0.9942,per_usd
2018-07-26,0.9938,per_usd
2018-07-27,0.994,per_usd
2018-07-30,0.9885,per_usd
2018-07-31,0.9895,per_usd
2018-08-01,0.9923,per_usd
2018-08-02,0.9943,per_usd
2018-08-03,0.9926,per_usd
2018-08-06,0.9963,per_usd
2018-08-07,0.9944,per_usd
2018-08-08,0.9943,per_usd
2018-08-09,0.9906,per_usd
2018-08-10,0.9954,per_usd
2018-08-13,0.9934,per_usd
2018-08-14,0.993,per_usd
2018-08-15,0.9942,per_usd
2018-08-16,0.9962,per_usd
2018-08-17,0.9948,per_usd
2018-08-20,0.9943,per_usd
2018-08-21,0.9876,per_usd
2018-08-22,0.9836,per_usd
2018-08-23,0.9848,per_usd
2018-08-24,0.9824,per_usd
2018-08-27,0.9802,per_usd
2018-08-28,0.9752,per_usd
2018-08-29,0.9732,per_usd
2018-08-30,0.9709,per_usd
2018-08-31,0.9698,per_usd
2018-09-04,0.9753,per_usd
2018-09-05,0.9716,per_usd
2018-09-06,0.9682,per_usd
2018-09-07,0.9684,per_usd
2018-09-10,0.974,per_usd
2018-09-11,0.9737,per_usd
2018-09-12,0.9704,per_usd
2018-09-13,0.968,per_usd
2018-09-14,0.9665,per_usd
2018-09-17,0.962,per_usd
2018-09-18,0.962,per_usd
2018-09-19,0.967,per_usd
2018-09-20,0.9624,per_usd
2018-09-21,0.9593,per_usd
2018-09-24,0.962,per_usd
2018-09-25,0.9646,per_usd
2018-09-26,0.9681,per_usd
2018-09-27,0.9776,per_usd
2018-09-28,0.9758,per_usd
2018-10-01,0.984,per_usd
2018-10-02,0.9844,per_usd
2018-10-03,0.9894,per_usd
2018-10-04,0.9925,per_usd
2018-10-05,0.9922,per_usd
2018-10-09,0.9928,per_usd
2018-10-10,0.9908,per_usd
2018-10-11,0.992,per_usd
2018-10-12,0.9916,per_usd
2018-10-15,0.9868,per_usd
2018-10-16,0.9894,per_usd
2018-10-17,0.9926,per_usd
2018-10-18,0.994,per_usd
2018-10-19,0.9968,per_usd
2018-10-22,0.9963,per_usd
2018-10-23,0.9943,per_usd
2018-10-24,0.9982,per_usd
2018-10-25,1.0009,per_usd
2018-10-26,0.998,per_usd
2018-10-29,1.0006,per_usd
2018-10-30,1.0046,per_usd
2018-10-31,1.0057,per_usd
2018-11-01,1.0033,per_usd
2018-11-02,1.0036,per_usd
2018-11-05,1.0055,per_usd
2018-11-06,1.0042,per_usd
2018-11-07,0.9998,per_usd
2018-11-08,1.0033,per_usd
2018-11-09,1.0062,per_usd
2018-11-13,1.0083,per_usd
2018-11-14,1.0067,per_usd
2018-11-15,1.0058,per_usd
2018-11-16,1.0012,per_usd
2018-11-19,0.9938,per_usd
2018-11-20,0.9944,per_usd
2018-11-21,0.9952,per_usd
2018-11-23,0.9976,per_usd
2018-11-26,0.9984,per_usd
2018-11-27,0.9998,per_usd
2018-11-28,0.9994,per_usd
2018-11-29,0.9966,per_usd
2018-11-30,0.9987,per_usd
2018-12-03,0.9975,per_usd
2018-12-04,0.9975,per_usd
2018-12-06,0.9926,per_usd
2018-12-07,0.9914,per_usd
2018-12-10,0.9896,per_usd
2018-12-11,0.9931,per_usd
2018-12-12,0.992,per_usd
2018-12-13,0.9938,per_usd
2018-12-14,0.997,per_usd
2018-12-17,0.9934,per_usd
2018-12-18,0.993,per_usd
2018-12-19,0.9918,per_usd
2018-12-20,0.9918,per_usd
2018-12-21,0.9914,per_usd
2018-12-26,0.9908,per_usd
2018-12-27,0.9902,per_usd
2018-12-28,0.9838,per_usd
2018-12-31,0.9832,per_usd
2019-01-02,0.9884,per_usd
2019-01-03,0.9889,per_usd
2019-01-04,0.9859,per_usd
2019-01-07,0.981,per_usd
2019-01-08,0.981,per_usd
2019-01-09,0.9767,per_usd
2019-01-10,0.9817,per_usd
2019-01-11,0.9829,per_usd
2019-01-15,0.9885,per_usd
2019-01-16,0.9899,per_usd
2019-01-17,0.9944,per_usd
2019-01-18,0.9954,per_usd
2019-01-22,0.9972,per_usd
2019-01-23,0.9946,per_usd
2019-01-24,0.9965,per_usd
2019-01-25,0.993,per_usd
2019-01-28,0.991,per_usd
2019-01-29,0.995,per_usd
2019-01-30,0.9988,per_usd
2019-01-31,0.9938,per_usd
2019-02-01,0.994,per_usd
2019-02-04,0.9974,per_usd
2019-02-05,1.0005,per_usd
2019-02-06,1.0009,per_usd
2019-02-07,1.001,per_usd
2019-02-08,1,per_usd
2019-02-11,1.004,per_usd
2019-02-12,1.0068,per_usd
2019-02-13,1.0073,per_usd
2019-02-14,1.0064,per_usd
2019-02-15,1.0063,per_usd
2019-02-19,1.0018,per_usd
2019-02-21,1.001,per_usd
2019-02-22,0.9998,per_usd
2019-02-25,1.0006,per_usd
2019-02-26,1.0002,per_usd
2019-02-27,1.0003,per_usd
2019-02-28,0.9974,per_usd
2019-03-01,0.9987,per_usd
2019-03-04,0.9994,per_usd
2019-03-05,1.0045,per_usd
2019-03-06,1.0038,per_usd
2019-03-07,1.0106,per_usd
2019-03-08,1.0074,per_usd
2019-03-11,1.011,per_usd
2019-03-12,1.0078,per_usd
2019-03-13,1.0046,per_usd
2019-03-14,1.0044,per_usd
2019-03-15,1.0026,per_usd
2019-03-18,1.0004,per_usd
2019-03-19,1.0001,per_usd
2019-03-20,0.9974,per_usd
2019-03-21,0.9924,per_usd
2019-03-22,0.994,per_usd
2019-03-25,0.9918,per_usd
2019-03-26,0.994,per_usd
2019-03-27,0.9946,per_usd
2019-03-28,0.9952,per_usd
2019-03-29,0.9962,per_usd
2019-04-01,0.9988,per_usd
2019-04-02,0.9986,per_usd
2019-04-03,0.997,per_usd
2019-04-04,1.0002,per_usd
2019-04-05,1.0003,per_usd
2019-04-08,0.9994,per_usd
2019-04-09,0.9999,per_usd
2019-04-10,1.0019,per_usd
2019-04-11,1.0027,per_usd
2019-04-12,1.0017,per_usd
2019-04-15,1.0039,per_usd
2019-04-16,1.0066,per_usd
2019-04-17,1.0099,per_usd
2019-04-18,1.0154,per_usd
2019-04-19,1.0144,per_usd
2019-04-22,1.0155,per_usd
2019-04-23,1.0218,per_usd
2019-04-24,1.0184,per_usd
2019-04-25,1.0199,per_usd
2019-04-26,1.019,per_usd
2019-04-29,1.0201,per_usd
2019-04-30,1.02,per_usd
2019-05-01,1.0137,per_usd
2019-05-02,1.018,per_usd
2019-05-03,1.0178,per_usd
2019-05-06,1.0179,per_usd
2019-05-07,1.0215,per_usd
2019-05-08,1.0181,per_usd
2019-05-09,1.0133,per_usd
2019-05-10,1.0109,per_usd
2019-05-13,1.0064,per_usd
2019-05-14,1.0088,per_usd
2019-05-15,1.009,per_usd
2019-05-16,1.0101,per_usd
2019-05-17,1.0108,per_usd
2019-05-20,1.0082,per_usd
2019-05-21,1.0104,per_usd
2019-05-22,1.009,per_usd
2019-05-23,1.004,per_usd
2019-05-24,1.0021,per_usd
2019-05-28,1.0086,per_usd
2019-05-29,1.0066,per_usd
2019-05-30,1.0074,per_usd
2019-05-31,1.0034,per_usd
2019-06-03,0.9994,per_usd
2019-06-04,0.994,per_usd
2019-06-05,0.9919,per_usd
2019-06-06,0.9886,per_usd
2019-06-07,0.9877,per_usd
2019-06-10,0.9898,per_usd
2019-06-11,0.9925,per_usd
2019-06-12,0.9944,per_usd
2019-06-13,0.9946,per_usd
2019-06-14,0.999,per_usd
2019-06-17,0.9982,per_usd
2019-06-18,0.9994,per_usd
2019-06-19,0.996,per_usd
2019-06-20,0.9821,per_usd
2019-06-21,0.9789,per_usd
2019-06-24,0.972,per_usd
2019-06-25,0.9726,per_usd
2019-06-26,0.976,per_usd
2019-06-27,0.9766,per_usd
2019-06-28,0.9758,per_usd
2019-07-01,0.9864,per_usd
2019-07-02,0.986,per_usd
2019-07-03,0.9864,per_usd
2019-07-05,0.9923,per_usd
2019-07-08,0.9938,per_usd
2019-07-09,0.9928,per_usd
2019-07-10,0.9892,per_usd
2019-07-11,0.9886,per_usd
2019-07-12,0.9845,per_usd
2019-07-15,0.9847,per_usd
2019-07-16,0.989,per_usd
2019-07-17,0.987,per_usd
2019-07-18,0.9862,per_usd
2019-07-19,0.9823,per_usd
2019-07-22,0.9815,per_usd
2019-07-23,0.9848,per_usd
2019-07-24,0.9854,per_usd
2019-07-25,0.9899,per_usd
2019-07-26,0.9933,per_usd
2019-07-29,0.9916,per_usd
2019-07-30,0.9908,per_usd
2019-07-31,0.9902,per_usd
2019-08-01,0.9938,per_usd
2019-08-02,0.982,per_usd
2019-08-05,0.9721,per_usd
2019-08-06,0.9782,per_usd
2019-08-07,0.9708,per_usd
2019-08-08,0.9751,per_usd
2019-08-09,0.971,per_usd
2019-08-12,0.9696,per_usd
2019-08-13,0.9744,per_usd
2019-08-14,0.9736,per_usd
2019-08-15,0.9762,per_usd
2019-08-16,0.98,per_usd
2019-08-19,0.9808,per_usd
2019-08-20,0.9792,per_usd
2019-08-21,0.9816,per_usd
2019-08-22,0.9834,per_usd
2019-08-23,0.9748,per_usd
2019-08-26,0.9782,per_usd
2019-08-27,0.9815,per_usd
2019-08-28,0.9807,per_usd
2019-08-29,0.9853,per_usd
2019-08-30,0.9899,per_usd
2019-09-03,0.9872,per_usd
2019-09-04,0.9817,per_usd
2019-09-05,0.9868,per_usd
2019-09-06,0.9866,per_usd
2019-09-09,0.991,per_usd
2019-09-10,0.9908,per_usd
2019-09-11,0.9933,per_usd
2019-09-12,0.9891,per_usd
2019-09-13,0.9898,per_usd
2019-09-16,0.9919,per_usd
2019-09-17,0.9925,per_usd
2019-09-18,0.995,per_usd
2019-09-19,0.9927,per_usd
2019-09-20,0.993,per_usd
2019-09-23,0.9894,per_usd
2019-09-24,0.9872,per_usd
2019-09-25,0.9909,per_usd
2019-09-26,0.9928,per_usd
2019-09-27,0.9919,per_usd
2019-09-30,0.9978,per_usd
2019-10-01,0.9936,per_usd
2019-10-02,0.9975,per_usd
2019-10-03,0.9974,per_usd
2019-10-04,0.9958,per_usd
2019-10-07,0.9947,per_usd
2019-10-08,0.994,per_usd
2019-10-09,0.995,per_usd
2019-10-10,0.9954,per_usd
2019-10-11,0.9967,per_usd
2019-10-15,0.9982,per_usd
2019-10-16,0.9959,per_usd
2019-10-17,0.987,per_usd
2019-10-18,0.9856,per_usd
2019-10-21,0.9865,per_usd
2019-10-22,0.9889,per_usd
2019-10-23,0.9907,per_usd
2019-10-24,0.9923,per_usd
2019-10-25,0.9945,per_usd
2019-10-28,0.996,per_usd
2019-10-29,0.9936,per_usd
2019-10-30,0.9909,per_usd
2019-10-31,0.9868,per_usd
2019-11-01,0.9855,per_usd
2019-11-04,0.9871,per_usd
2019-11-05,0.9932,per_usd
2019-11-06,0.992,per_usd
2019-11-07,0.9954,per_usd
2019-11-08,0.9971,per_usd
2019-11-12,0.9929,per_usd
2019-11-13,0.9892,per_usd
2019-11-14,0.9878,per_usd
2019-11-15,0.9903,per_usd
2019-11-18,0.9879,per_usd
2019-11-19,0.9912,per_usd
2019-11-20,0.9921,per_usd
2019-11-21,0.992,per_usd
2019-11-22,0.9967,per_usd
2019-11-25,0.9964,per_usd
2019-11-26,0.9978,per_usd
2019-11-27,0.9996,per_usd
2019-11-29,1.0001,per_usd
2019-12-02,0.992,per_usd
2019-12-03,0.9862,per_usd
2019-12-04,0.9893,per_usd
2019-12-05,0.9872,per_usd
2019-12-06,0.9909,per_usd
2019-12-09,0.9879,per_usd
2019-12-10,0.9852,per_usd
2019-12-11,0.9856,per_usd
2019-12-12,0.986,per_usd
2019-12-13,0.9838,per_usd
2019-12-16,0.9839,per_usd
2019-12-17,0.9811,per_usd
2019-12-18,0.9819,per_usd
2019-12-19,0.9777,per_usd
2019-12-20,0.9824,per_usd
2019-12-23,0.982,per_usd
2019-12-24,0.9807,per_usd
2019-12-26,0.9808,per_usd
2019-12-27,0.9741,per_usd
2019-12-30,0.9677,per_usd
2019-12-31,0.9677,per_usd
2020-01-02,0.9721,per_usd
2020-01-03,0.9703,per_usd
2020-01-06,0.9688,per_usd
2020-01-07,0.9716,per_usd
2020-01-08,0.9725,per_usd
2020-01-09,0.9724,per_usd
2020-01-10,0.9729,per_usd
2020-01-13,0.9705,per_usd
2020-01-14,0.9677,per_usd
2020-01-15,0.9634,per_usd
2020-01-16,0.965,per_usd
2020-01-17,0.9683,per_usd
2020-01-21,0.9681,per_usd
2020-01-22,0.9696,per_usd
2020-01-23,0.9698,per_usd
2020-01-24,0.9712,per_usd
2020-01-27,0.9695,per_usd
2020-01-28,0.9738,per_usd
2020-01-29,0.9747,per_usd
2020-01-30,0.9692,per_usd
2020-01-31,0.9645,per_usd
2020-02-03,0.9655,per_usd
2020-02-04,0.9693,per_usd
2020-02-05,0.9729,per_usd
2020-02-06,0.975,per_usd
2020-02-07,0.9777,per_usd
2020-02-10,0.9778,per_usd
2020-02-11,0.9761,per_usd
2020-02-12,0.9767,per_usd
2020-02-13,0.9788,per_usd
2020-02-14,0.9818,per_usd
2020-02-18,0.9814,per_usd
2020-02-19,0.9839,per_usd
2020-02-20,0.9831,per_usd
2020-02-21,0.9781,per_usd
2020-02-24,0.9776,per_usd
2020-02-25,0.9765,per_usd
2020-02-26,0.9759,per_usd
2020-02-27,0.9718,per_usd
2020-02-28,0.9671,per_usd
2020-03-02,0.9577,per_usd
2020-03-03,0.9563,per_usd
2020-03-04,0.9554,per_usd
2020-03-05,0.9487,per_usd
2020-03-06,0.9365,per_usd
2020-03-09,0.9296,per_usd
2020-03-10,0.933,per_usd
2020-03-11,0.9381,per_usd
2020-03-12,0.954,per_usd
2020-03-13,0.9541,per_usd
2020-03-16,0.9467,per_usd
2020-03-17,0.9647,per_usd
2020-03-18,0.9727,per_usd
2020-03-19,0.9847,per_usd
2020-03-20,0.9866,per_usd
2020-03-23,0.9824,per_usd
2020-03-24,0.9813,per_usd
2020-03-25,0.9781,per_usd
2020-03-26,0.9645,per_usd
2020-03-27,0.9558,per_usd
2020-03-30,0.9606,per_usd
2020-03-31,0.9627,per_usd
2020-04-01,0.9675,per_usd
2020-04-02,0.9727,per_usd
2020-04-03,0.9777,per_usd
2020-04-06,0.9768,per_usd
2020-04-07,0.9707,per_usd
2020-04-08,0.971,per_usd
2020-04-09,0.966,per_usd
2020-04-10,0.9648,per_usd
2020-04-13,0.9674,per_usd
2020-04-14,0.9606,per_usd
2020-04-15,0.9647,per_usd
2020-04-16,0.9695,per_usd
2020-04-17,0.9662,per_usd
2020-04-20,0.967,per_usd
2020-04-21,0.9691,per_usd
2020-04-22,0.9711,per_usd
2020-04-23,0.9731,per_usd
2020-04-24,0.975,per_usd
2020-04-27,0.9756,per_usd
2020-04-28,0.9743,per_usd
2020-04-29,0.9748,per_usd
2020-04-30,0.9669,per_usd
2020-05-01,0.9599,per_usd
2020-05-04,0.9647,per_usd
2020-05-05,0.9721,per_usd
2020-05-06,0.9745,per_usd
2020-05-07,0.9746,per_usd
2020-05-08,0.9699,per_usd
2020-05-11,0.9722,per_usd
2020-05-12,0.968,per_usd
2020-05-13,0.9704,per_usd
2020-05-14,0.9727,per_usd
2020-05-15,0.9726,per_usd
2020-05-18,0.9699,per_usd
2020-05-19,0.9725,per_usd
2020-05-20,0.9649,per_usd
2020-05-21,0.9703,per_usd
2020-05-22,0.9722,per_usd
2020-05-26,0.9668,per_usd
2020-05-27,0.9696,per_usd
2020-05-28,0.9642,per_usd
2020-05-29,0.9618,per_usd
2020-06-01,0.9613,per_usd
2020-06-02,0.9623,per_usd
2020-06-03,0.9613,per_usd
2020-06-04,0.9565,per_usd
2020-06-05,0.9622,per_usd
2020-06-08,0.9567,per_usd
2020-06-09,0.9487,per_usd
2020-06-10,0.945,per_usd
2020-06-11,0.9382,per_usd
2020-06-12,0.9515,per_usd
2020-06-15,0.9503,per_usd
2020-06-16,0.9494,per_usd
2020-06-17,0.9512,per_usd
2020-06-18,0.951,per_usd
2020-06-19,0.9519,per_usd
2020-06-22,0.9475,per_usd
2020-06-23,0.9438,per_usd
2020-06-24,0.9471,per_usd
2020-06-25,0.9485,per_usd
2020-06-26,0.948,per_usd
2020-06-29,0.9504,per_usd
2020-06-30,0.9467,per_usd
2020-07-01,0.9455,per_usd
2020-07-02,0.9455,per_usd
2020-07-06,0.9416,per_usd
2020-07-07,0.941,per_usd
2020-07-08,0.9382,per_usd
2020-07-09,0.9397,per_usd
2020-07-10,0.9395,per_usd
2020-07-13,0.941,per_usd
2020-07-14,0.9385,per_usd
2020-07-15,0.9439,per_usd
2020-07-16,0.9432,per_usd
2020-07-17,0.9388,per_usd
2020-07-20,0.9389,per_usd
2020-07-21,0.934,per_usd
2020-07-22,0.9288,per_usd
2020-07-23,0.925,per_usd
2020-07-24,0.9222,per_usd
2020-07-27,0.9204,per_usd
2020-07-28,0.9169,per_usd
2020-07-29,0.9141,per_usd
2020-07-30,0.912,per_usd
2020-07-31,0.9113,per_usd
2020-08-03,0.9194,per_usd
2020-08-04,0.9154,per_usd
2020-08-05,0.9053,per_usd
2020-08-06,0.9101,per_usd
2020-08-07,0.914,per_usd
2020-08-10,0.9154,per_usd
2020-08-11,0.9163,per_usd
2020-08-12,0.9109,per_usd
2020-08-13,0.9097,per_usd
2020-08-14,0.9091,per_usd
2020-08-17,0.9058,per_usd
2020-08-18,0.9029,per_usd
2020-08-19,0.9114,per_usd
2020-08-20,0.9082,per_usd
2020-08-21,0.9131,per_usd
2020-08-24,0.9109,per_usd
2020-08-25,0.9089,per_usd
2020-08-26,0.9086,per_usd
2020-08-27,0.9077,per_usd
2020-08-28,0.9041,per_usd
2020-08-31,0.9012,per_usd
2020-09-01,0.9072,per_usd
2020-09-02,0.9107,per_usd
2020-09-03,0.9104,per_usd
2020-09-04,0.9147,per_usd
2020-09-08,0.9166,per_usd
2020-09-09,0.9131,per_usd
2020-09-10,0.9077,per_usd
2020-09-11,0.9092,per_usd
2020-09-14,0.9071,per_usd
2020-09-15,0.9085,per_usd
2020-09-16,0.908,per_usd
2020-09-17,0.9098,per_usd
2020-09-18,0.9096,per_usd
2020-09-21,0.9163,per_usd
2020-09-22,0.92,per_usd
2020-09-23,0.9233,per_usd
2020-09-24,0.9264,per_usd
2020-09-25,0.9291,per_usd
2020-09-28,0.9247,per_usd
2020-09-29,0.9215,per_usd
2020-09-30,0.9188,per_usd
2020-10-01,0.9179,per_usd
2020-10-02,0.9204,per_usd
2020-10-05,0.9153,per_usd
2020-10-06,0.9153,per_usd
2020-10-07,0.9168,per_usd
2020-10-08,0.9176,per_usd
2020-10-09,0.9103,per_usd
2020-10-13,0.9147,per_usd
2020-10-14,0.9127,per_usd
2020-10-15,0.9143,per_usd
2020-10-16,0.9153,per_usd
2020-10-19,0.9092,per_usd
2020-10-20,0.9071,per_usd
2020-10-21,0.9042,per_usd
2020-10-22,0.9074,per_usd
2020-10-23,0.9055,per_usd
2020-10-26,0.9073,per_usd
2020-10-27,0.9066,per_usd
2020-10-28,0.9097,per_usd
2020-10-29,0.9171,per_usd
2020-10-30,0.9165,per_usd
2020-11-02,0.92,per_usd
2020-11-03,0.9126,per_usd
2020-11-04,0.9107,per_usd
2020-11-05,0.9063,per_usd
2020-11-06,0.8986,per_usd
2020-11-09,0.9127,per_usd
2020-11-10,0.9136,per_usd
2020-11-12,0.9136,per_usd
2020-11-13,0.9133,per_usd
2020-11-16,0.9121,per_usd
2020-11-17,0.9109,per_usd
2020-11-18,0.9096,per_usd
2020-11-19,0.9119,per_usd
2020-11-20,0.9118,per_usd
2020-11-23,0.9131,per_usd
2020-11-24,0.9121,per_usd
2020-11-25,0.909,per_usd
2020-11-30,0.906,per_usd
2020-12-01,0.9005,per_usd
2020-12-02,0.8961,per_usd
2020-12-03,0.8906,per_usd
2020-12-04,0.8908,per_usd
2020-12-07,0.8892,per_usd
2020-12-08,0.8886,per_usd
2020-12-09,0.8901,per_usd
2020-12-10,0.8878,per_usd
2020-12-11,0.8902,per_usd
2020-12-14,0.8872,per_usd
2020-12-15,0.8859,per_usd
2020-12-16,0.8861,per_usd
2020-12-17,0.8841,per_usd
2020-12-18,0.885,per_usd
2020-12-21,0.8859,per_usd
2020-12-22,0.8889,per_usd
2020-12-23,0.8882,per_usd
2020-12-28,0.8898,per_usd
2020-12-29,0.8838,per_usd
2020-12-30,0.8832,per_usd
2020-12-31,0.8841,per_usd
2021-01-04,0.8811,per_usd
2021-01-05,0.8784,per_usd
2021-01-06,0.881,per_usd
2021-01-07,0.8841,per_usd
2021-01-08,0.8843,per_usd
2021-01-11,0.8897,per_usd
2021-01-12,0.8892,per_usd
2021-01-13,0.8874,per_usd
2021-01-14,0.887,per_usd
2021-01-15,0.8894,per_usd
2021-01-19,0.8888,per_usd
2021-01-21,0.887,per_usd
2021-01-22,0.8853,per_usd
2021-01-25,0.8882,per_usd
2021-01-26,0.888,per_usd
2021-01-27,0.889,per_usd
2021-01-28,0.8887,per_usd
2021-01-29,0.8905,per_usd
2021-02-01,0.8965,per_usd
2021-02-02,0.8987,per_usd
2021-02-03,0.8993,per_usd
2021-02-04,0.9031,per_usd
2021-02-05,0.8996,per_usd
2021-02-08,0.8986,per_usd
2021-02-09,0.893,per_usd
2021-02-10,0.8891,per_usd
2021-02-11,0.8907,per_usd
2021-02-12,0.8911,per_usd
2021-02-16,0.8923,per_usd
2021-02-17,0.8985,per_usd
2021-02-18,0.8968,per_usd
2021-02-19,0.8948,per_usd
2021-02-22,0.8958,per_usd
2021-02-23,0.9022,per_usd
2021-02-24,0.9074,per_usd
2021-02-25,0.9033,per_usd
2021-02-26,0.9092,per_usd
2021-03-01,0.9138,per_usd
2021-03-02,0.9141,per_usd
2021-03-03,0.918,per_usd
2021-03-04,0.9257,per_usd
2021-03-05,0.9305,per_usd
2021-03-08,0.9355,per_usd
2021-03-09,0.9292,per_usd
2021-03-10,0.9317,per_usd
2021-03-11,0.9244,per_usd
2021-03-12,0.9281,per_usd
2021-03-15,0.9283,per_usd
2021-03-16,0.9261,per_usd
2021-03-17,0.9276,per_usd
2021-03-18,0.9281,per_usd
2021-03-19,0.9301,per_usd
2021-03-22,0.9233,per_usd
2021-03-23,0.9327,per_usd
2021-03-24,0.9355,per_usd
2021-03-25,0.9393,per_usd
2021-03-26,0.9398,per_usd
2021-03-29,0.9381,per_usd
2021-03-30,0.9427,per_usd
2021-03-31,0.9418,per_usd
2021-04-01,0.9409,per_usd
2021-04-02,0.9419,per_usd
2021-04-05,0.9359,per_usd
2021-04-06,0.9325,per_usd
2021-04-07,0.9274,per_usd
2021-04-08,0.9249,per_usd
2021-04-09,0.9249,per_usd
2021-04-12,0.9228,per_usd
2021-04-13,0.9213,per_usd
2021-04-14,0.9228,per_usd
2021-04-15,0.9227,per_usd
2021-04-16,0.9196,per_usd
2021-04-19,0.9155,per_usd
2021-04-20,0.9145,per_usd
2021-04-21,0.9166,per_usd
2021-04-22,0.9182,per_usd
2021-04-23,0.9152,per_usd
2021-04-26,0.9145,per_usd
2021-04-27,0.9134,per_usd
2021-04-28,0.9124,per_usd
2021-04-29,0.9099,per_usd
2021-04-30,0.9127,per_usd
2021-05-03,0.9116,per_usd
2021-05-04,0.9136,per_usd
2021-05-05,0.913,per_usd
2021-05-06,0.9096,per_usd
2021-05-07,0.9009,per_usd
2021-05-10,0.8986,per_usd
2021-05-11,0.902,per_usd
2021-05-12,0.9088,per_usd
2021-05-13,0.9068,per_usd
2021-05-14,0.9021,per_usd
2021-05-17,0.9016,per_usd
2021-05-18,0.8986,per_usd
2021-05-19,0.9003,per_usd
2021-05-20,0.8985,per_usd
2021-05-21,0.8987,per_usd
2021-05-24,0.8973,per_usd
2021-05-25,0.8971,per_usd
2021-05-26,0.8973,per_usd
2021-05-27,0.8977,per_usd
2021-05-28,0.8995,per_usd
2021-06-01,0.8954,per_usd
2021-06-02,0.898,per_usd
2021-06-03,0.9051,per_usd
2021-06-04,0.899,per_usd
2021-06-07,0.8969,per_usd
2021-06-08,0.8963,per_usd
2021-06-09,0.8958,per_usd
2021-06-10,0.8951,per_usd
2021-06-11,0.8993,per_usd
2021-06-14,0.8991,per_usd
2021-06-15,0.8985,per_usd
2021-06-16,0.8986,per_usd
2021-06-17,0.9173,per_usd
2021-06-18,0.9215,per_usd
2021-06-21,0.9184,per_usd
2021-06-22,0.92,per_usd
2021-06-23,0.9169,per_usd
2021-06-24,0.9188,per_usd
2021-06-25,0.9175,per_usd
2021-06-28,0.9184,per_usd
2021-06-29,0.9201,per_usd
2021-06-30,0.9253,per_usd
2021-07-01,0.9253,per_usd
2021-07-02,0.9224,per_usd
2021-07-06,0.9245,per_usd
2021-07-07,0.9252,per_usd
2021-07-08,0.9153,per_usd
2021-07-09,0.9151,per_usd
2021-07-12,0.9154,per_usd
2021-07-13,0.9164,per_usd
2021-07-14,0.9154,per_usd
2021-07-15,0.9186,per_usd
2021-07-16,0.9192,per_usd
2021-07-19,0.9179,per_usd
2021-07-20,0.9218,per_usd
2021-07-21,0.9179,per_usd
2021-07-22,0.9195,per_usd
2021-07-23,0.9211,per_usd
2021-07-26,0.9157,per_usd
2021-07-27,0.9135,per_usd
2021-07-28,0.9134,per_usd
2021-07-29,0.9062,per_usd
2021-07-30,0.9061,per_usd
2021-08-02,0.9051,per_usd
2021-08-03,0.9047,per_usd
2021-08-04,0.9061,per_usd
2021-08-05,0.907,per_usd
2021-08-06,0.9142,per_usd
2021-08-09,0.9191,per_usd
2021-08-10,0.9226,per_usd
2021-08-11,0.9215,per_usd
2021-08-12,0.923,per_usd
2021-08-13,0.9162,per_usd
2021-08-16,0.9123,per_usd
2021-08-17,0.9144,per_usd
2021-08-18,0.9179,per_usd
2021-08-19,0.9173,per_usd
2021-08-20,0.9176,per_usd
2021-08-23,0.9137,per_usd
2021-08-24,0.913,per_usd
2021-08-25,0.9137,per_usd
2021-08-26,0.9174,per_usd
2021-08-27,0.9122,per_usd
2021-08-30,0.9172,per_usd
2021-08-31,0.9161,per_usd
2021-09-01,0.9145,per_usd
2021-09-02,0.9159,per_usd
2021-09-03,0.9136,per_usd
2021-09-07,0.9179,per_usd
2021-09-08,0.9219,per_usd
2021-09-09,0.9173,per_usd
2021-09-10,0.918,per_usd
2021-09-13,0.9213,per_usd
2021-09-14,0.9193,per_usd
2021-09-15,0.9196,per_usd
2021-09-16,0.9251,per_usd
2021-09-17,0.9308,per_usd
2021-09-20,0.9277,per_usd
2021-09-21,0.9235,per_usd
2021-09-22,0.9223,per_usd
2021-09-23,0.9243,per_usd
2021-09-24,0.9246,per_usd
2021-09-27,0.9256,per_usd
2021-09-28,0.9282,per_usd
2021-09-29,0.9335,per_usd
2021-09-30,0.9339,per_usd
2021-10-01,0.9297,per_usd
2021-10-04,0.9248,per_usd
2021-10-05,0.9271,per_usd
2021-10-06,0.9279,per_usd
2021-10-07,0.928,per_usd
2021-10-08,0.9272,per_usd
2021-10-12,0.9302,per_usd
2021-10-13,0.926,per_usd
2021-10-14,0.9232,per_usd
2021-10-15,0.9241,per_usd
2021-10-18,0.9232,per_usd
2021-10-19,0.9227,per_usd
2021-10-20,0.9197,per_usd
2021-10-21,0.9173,per_usd
2021-10-22,0.9164,per_usd
2021-10-25,0.9193,per_usd
2021-10-26,0.9204,per_usd
2021-10-27,0.9183,per_usd
2021-10-28,0.9123,per_usd
2021-10-29,0.9165,per_usd
2021-11-01,0.9105,per_usd
2021-11-02,0.9145,per_usd
2021-11-03,0.9121,per_usd
2021-11-04,0.9127,per_usd
2021-11-05,0.9133,per_usd
2021-11-08,0.9132,per_usd
2021-11-09,0.9118,per_usd
2021-11-10,0.9164,per_usd
2021-11-12,0.9211,per_usd
2021-11-15,0.9217,per_usd
2021-11-16,0.9298,per_usd
2021-11-17,0.9286,per_usd
2021-11-18,0.926,per_usd
2021-11-19,0.9262,per_usd
2021-11-22,0.93,per_usd
2021-11-23,0.9325,per_usd
2021-11-24,0.9354,per_usd
2021-11-26,0.9234,per_usd
2021-11-29,0.925,per_usd
2021-11-30,0.9217,per_usd
2021-12-01,0.9195,per_usd
2021-12-02,0.9205,per_usd
2021-12-03,0.9185,per_usd
2021-12-06,0.9256,per_usd
2021-12-07,0.9264,per_usd
2021-12-08,0.9217,per_usd
2021-12-09,0.926,per_usd
2021-12-10,0.9205,per_usd
2021-12-13,0.9212,per_usd
2021-12-14,0.9236,per_usd
2021-12-15,0.9258,per_usd
2021-12-16,0.9215,per_usd
2021-12-17,0.9226,per_usd
2021-12-20,0.92,per_usd
2021-12-21,0.9242,per_usd
2021-12-22,0.9201,per_usd
2021-12-23,0.9186,per_usd
2021-12-27,0.9175,per_usd
2021-12-28,0.9167,per_usd
2021-12-29,0.9149,per_usd
2021-12-30,0.9146,per_usd
2022-01-03,0.9188,per_usd
2022-01-04,0.9154,per_usd
2022-01-05,0.9161,per_usd
2022-01-06,0.9196,per_usd
2022-01-07,0.9191,per_usd
2022-01-10,0.9252,per_usd
2022-01-11,0.9237,per_usd
2022-01-12,0.9134,per_usd
2022-01-13,0.9102,per_usd
2022-01-14,0.9133,per_usd
2022-01-18,0.9168,per_usd
2022-01-19,0.9155,per_usd
2022-01-20,0.9157,per_usd
2022-01-21,0.912,per_usd
2022-01-24,0.9146,per_usd
2022-01-25,0.9194,per_usd
2022-01-26,0.9213,per_usd
2022-01-27,0.9318,per_usd
2022-01-28,0.9298,per_usd
2022-01-31,0.9303,per_usd
2022-02-01,0.9231,per_usd
2022-02-02,0.9186,per_usd
2022-02-03,0.9213,per_usd
2022-02-04,0.9248,per_usd
2022-02-07,0.9243,per_usd
2022-02-08,0.9244,per_usd
2022-02-09,0.9233,per_usd
2022-02-10,0.923,per_usd
2022-02-11,0.9255,per_usd
2022-02-14,0.9265,per_usd
2022-02-15,0.9258,per_usd
2022-02-16,0.9219,per_usd
2022-02-17,0.9202,per_usd
2022-02-18,0.921,per_usd
2022-02-22,0.9204,per_usd
2022-02-23,0.9179,per_usd
2022-02-24,0.9266,per_usd
2022-02-25,0.9274,per_usd
2022-02-28,0.9179,per_usd
2022-03-01,0.9186,per_usd
2022-03-02,0.9216,per_usd
2022-03-03,0.9204,per_usd
2022-03-04,0.9183,per_usd
2022-03-07,0.9267,per_usd
2022-03-08,0.9302,per_usd
2022-03-09,0.9264,per_usd
2022-03-10,0.9294,per_usd
2022-03-11,0.9326,per_usd
2022-03-14,0.9358,per_usd
2022-03-15,0.9415,per_usd
2022-03-16,0.9414,per_usd
2022-03-17,0.9349,per_usd
2022-03-18,0.9337,per_usd
2022-03-21,0.9303,per_usd
2022-03-22,0.9325,per_usd
2022-03-23,0.9318,per_usd
2022-03-24,0.9308,per_usd
2022-03-25,0.9308,per_usd
2022-03-28,0.9344,per_usd
2022-03-29,0.9303,per_usd
2022-03-30,0.9233,per_usd
2022-03-31,0.9211,per_usd
2022-04-01,0.9256,per_usd
2022-04-04,0.9256,per_usd
2022-04-05,0.9292,per_usd
2022-04-06,0.9325,per_usd
2022-04-07,0.9332,per_usd
2022-04-08,0.9333,per_usd
2022-04-11,0.9308,per_usd
2022-04-12,0.9302,per_usd
2022-04-13,0.9335,per_usd
2022-04-14,0.9426,per_usd
2022-04-15,0.9431,per_usd
2022-04-18,0.9441,per_usd
2022-04-19,0.9482,per_usd
2022-04-20,0.9469,per_usd
2022-04-21,0.9533,per_usd
2022-04-22,0.9587,per_usd
2022-04-25,0.9585,per_usd
2022-04-26,0.961,per_usd
2022-04-27,0.9695,per_usd
2022-04-28,0.9724,per_usd
2022-04-29,0.9723,per_usd
2022-05-02,0.977,per_usd
2022-05-03,0.9785,per_usd
2022-05-04,0.9829,per_usd
2022-05-05,0.9874,per_usd
2022-05-06,0.9858,per_usd
2022-05-09,0.9927,per_usd
2022-05-10,0.9949,per_usd
2022-05-11,0.9907,per_usd
2022-05-12,1.0004,per_usd
2022-05-13,1.0014,per_usd
2022-05-16,1.0028,per_usd
2022-05-17,0.9931,per_usd
2022-05-18,0.9902,per_usd
2022-05-19,0.9729,per_usd
2022-05-20,0.9749,per_usd
2022-05-23,0.9664,per_usd
2022-05-24,0.9597,per_usd
2022-05-25,0.9637,per_usd
2022-05-26,0.9595,per_usd
2022-05-27,0.9575,per_usd
2022-05-31,0.957,per_usd
2022-06-01,0.9644,per_usd
2022-06-02,0.9592,per_usd
2022-06-03,0.9625,per_usd
2022-06-06,0.969,per_usd
2022-06-07,0.9731,per_usd
2022-06-08,0.975,per_usd
2022-06-09,0.9778,per_usd
2022-06-10,0.9886,per_usd
2022-06-13,0.9966,per_usd
2022-06-14,1.0016,per_usd
2022-06-15,1.0021,per_usd
2022-06-16,0.9663,per_usd
2022-06-17,0.9717,per_usd
2022-06-21,0.966,per_usd
2022-06-22,0.9615,per_usd
2022-06-23,0.9606,per_usd
2022-06-24,0.9569,per_usd
2022-06-27,0.9551,per_usd
2022-06-28,0.9563,per_usd
2022-06-29,0.9541,per_usd
2022-06-30,0.955,per_usd
2022-07-01,0.9623,per_usd
2022-07-05,0.969,per_usd
2022-07-06,0.9714,per_usd
2022-07-07,0.9734,per_usd
2022-07-08,0.9775,per_usd
2022-07-11,0.9794,per_usd
2022-07-12,0.9812,per_usd
2022-07-13,0.9784,per_usd
2022-07-14,0.9829,per_usd
2022-07-15,0.9776,per_usd
2022-07-18,0.9764,per_usd
2022-07-19,0.9683,per_usd
2022-07-20,0.9721,per_usd
2022-07-21,0.9693,per_usd
2022-07-22,0.9613,per_usd
2022-07-25,0.9651,per_usd
2022-07-26,0.9634,per_usd
2022-07-27,0.965,per_usd
2022-07-28,0.9568,per_usd
2022-07-29,0.9513,per_usd
2022-08-01,0.9486,per_usd
2022-08-02,0.9543,per_usd
2022-08-03,0.963,per_usd
2022-08-04,0.9565,per_usd
2022-08-05,0.9635,per_usd
2022-08-08,0.9545,per_usd
2022-08-09,0.9525,per_usd
2022-08-10,0.941,per_usd
2022-08-11,0.9391,per_usd
2022-08-12,0.943,per_usd
2022-08-15,0.9449,per_usd
2022-08-16,0.9506,per_usd
2022-08-17,0.9537,per_usd
2022-08-18,0.9546,per_usd
2022-08-19,0.959,per_usd
2022-08-22,0.9652,per_usd
2022-08-23,0.9632,per_usd
2022-08-24,0.9664,per_usd
2022-08-25,0.9648,per_usd
2022-08-26,0.9635,per_usd
2022-08-29,0.9688,per_usd
2022-08-30,0.9746,per_usd
2022-08-31,0.9748,per_usd
2022-09-01,0.9838,per_usd
2022-09-02,0.9801,per_usd
2022-09-06,0.9839,per_usd
2022-09-07,0.9808,per_usd
2022-09-08,0.9726,per_usd
2022-09-09,0.9604,per_usd
2022-09-12,0.9519,per_usd
2022-09-13,0.9608,per_usd
2022-09-14,0.9612,per_usd
2022-09-15,0.9607,per_usd
2022-09-16,0.9647,per_usd
2022-09-19,0.9663,per_usd
2022-09-20,0.9628,per_usd
2022-09-21,0.9652,per_usd
2022-09-22,0.9806,per_usd
2022-09-23,0.9816,per_usd
2022-09-26,0.9924,per_usd
2022-09-27,0.9896,per_usd
2022-09-28,0.9756,per_usd
2022-09-29,0.9798,per_usd
2022-09-30,0.9845,per_usd
2022-10-03,0.9929,per_usd
2022-10-04,0.9806,per_usd
2022-10-05,0.9838,per_usd
2022-10-06,0.9899,per_usd
2022-10-07,0.9914,per_usd
2022-10-11,0.994,per_usd
2022-10-12,0.998,per_usd
2022-10-13,0.9987,per_usd
2022-10-14,1.0049,per_usd
2022-10-17,0.9953,per_usd
2022-10-18,0.9962,per_usd
2022-10-19,1.0039,per_usd
2022-10-20,1.0003,per_usd
2022-10-21,0.9981,per_usd
2022-10-24,1.0007,per_usd
2022-10-25,0.9961,per_usd
2022-10-26,0.9865,per_usd
2022-10-27,0.9899,per_usd
2022-10-28,0.9968,per_usd
2022-10-31,1.0006,per_usd
2022-11-01,0.9995,per_usd
2022-11-02,0.9988,per_usd
2022-11-03,1.0131,per_usd
2022-11-04,0.9981,per_usd
2022-11-07,0.9906,per_usd
2022-11-08,0.9842,per_usd
2022-11-09,0.9836,per_usd
2022-11-10,0.9672,per_usd
2022-11-14,0.9427,per_usd
2022-11-15,0.9444,per_usd
2022-11-16,0.9445,per_usd
2022-11-17,0.954,per_usd
2022-11-18,0.9522,per_usd
2022-11-21,0.9586,per_usd
2022-11-22,0.9531,per_usd
2022-11-23,0.9432,per_usd
2022-11-25,0.9459,per_usd
2022-11-28,0.9463,per_usd
2022-11-29,0.9506,per_usd
2022-11-30,0.9486,per_usd
2022-12-01,0.9377,per_usd
2022-12-02,0.9369,per_usd
2022-12-05,0.9421,per_usd
2022-12-06,0.9406,per_usd
2022-12-07,0.9401,per_usd
2022-12-08,0.9358,per_usd
2022-12-09,0.932,per_usd
2022-12-12,0.9356,per_usd
2022-12-13,0.9268,per_usd
2022-12-14,0.9238,per_usd
2022-12-15,0.9288,per_usd
2022-12-16,0.9324,per_usd
2022-12-19,0.9303,per_usd
2022-12-20,0.9259,per_usd
2022-12-21,0.9277,per_usd
2022-12-22,0.931,per_usd
2022-12-23,0.9335,per_usd
2022-12-27,0.9285,per_usd
2022-12-28,0.9275,per_usd
2022-12-29,0.9233,per_usd
2022-12-30,0.9241,per_usd
2023-01-03,0.9368,per_usd
2023-01-04,0.9271,per_usd
2023-01-05,0.9364,per_usd
2023-01-06,0.9293,per_usd
2023-01-09,0.918,per_usd
2023-01-10,0.9225,per_usd
2023-01-11,0.9299,per_usd
2023-01-12,0.9288,per_usd
2023-01-13,0.9284,per_usd
2023-01-17,0.9215,per_usd
2023-01-18,0.914,per_usd
2023-01-19,0.9162,per_usd
2023-01-20,0.9221,per_usd
2023-01-23,0.9231,per_usd
2023-01-24,0.923,per_usd
2023-01-25,0.9199,per_usd
2023-01-26,0.921,per_usd
2023-01-27,0.9218,per_usd
2023-01-30,0.9231,per_usd
2023-01-31,0.9186,per_usd
2023-02-01,0.9147,per_usd
2023-02-02,0.912,per_usd
2023-02-03,0.925,per_usd
2023-02-06,0.9278,per_usd
2023-02-07,0.9239,per_usd
2023-02-08,0.9198,per_usd
2023-02-09,0.9192,per_usd
2023-02-10,0.9246,per_usd
2023-02-13,0.9207,per_usd
2023-02-14,0.9224,per_usd
2023-02-15,0.9238,per_usd
2023-02-16,0.9245,per_usd
2023-02-17,0.9266,per_usd
2023-02-21,0.9267,per_usd
2023-02-22,0.9297,per_usd
2023-02-23,0.9343,per_usd
2023-02-24,0.94,per_usd
2023-02-27,0.9375,per_usd
2023-02-28,0.9376,per_usd
2023-03-01,0.9387,per_usd
2023-03-02,0.942,per_usd
2023-03-03,0.9381,per_usd
2023-03-06,0.9308,per_usd
2023-03-07,0.9413,per_usd
2023-03-08,0.9395,per_usd
2023-03-09,0.9363,per_usd
2023-03-10,0.9213,per_usd
2023-03-13,0.9118,per_usd
2023-03-14,0.9137,per_usd
2023-03-15,0.9243,per_usd
2023-03-16,0.9299,per_usd
2023-03-17,0.9284,per_usd
2023-03-20,0.9267,per_usd
2023-03-21,0.9238,per_usd
2023-03-22,0.9237,per_usd
2023-03-23,0.9145,per_usd
2023-03-24,0.9181,per_usd
2023-03-27,0.9163,per_usd
2023-03-28,0.9198,per_usd
2023-03-29,0.9195,per_usd
2023-03-30,0.914,per_usd
2023-03-31,0.9129,per_usd
2023-04-03,0.913,per_usd
2023-04-04,0.9071,per_usd
2023-04-05,0.905,per_usd
2023-04-06,0.904,per_usd
2023-04-07,0.9049,per_usd
2023-04-10,0.9112,per_usd
2023-04-11,0.904,per_usd
2023-04-12,0.8968,per_usd
2023-04-13,0.8874,per_usd
2023-04-14,0.8955,per_usd
2023-04-17,0.8994,per_usd
2023-04-18,0.898,per_usd
2023-04-19,0.8984,per_usd
2023-04-20,0.8944,per_usd
2023-04-21,0.8926,per_usd
2023-04-24,0.8887,per_usd
2023-04-25,0.8925,per_usd
2023-04-26,0.8901,per_usd
2023-04-27,0.8957,per_usd
2023-04-28,0.8911,per_usd
2023-05-01,0.8961,per_usd
2023-05-02,0.8931,per_usd
2023-05-03,0.8871,per_usd
2023-05-04,0.8861,per_usd
2023-05-05,0.8913,per_usd
2023-05-08,0.8894,per_usd
2023-05-09,0.8916,per_usd
2023-05-10,0.8911,per_usd
2023-05-11,0.8953,per_usd
2023-05-12,0.8971,per_usd
2023-05-15,0.8949,per_usd
2023-05-16,0.8965,per_usd
2023-05-17,0.8992,per_usd
2023-05-18,0.9046,per_usd
2023-05-19,0.8989,per_usd
2023-05-22,0.8991,per_usd
2023-05-23,0.9014,per_usd
2023-05-24,0.9058,per_usd
2023-05-25,0.906,per_usd
2023-05-26,0.906,per_usd
2023-05-30,0.9048,per_usd
2023-05-31,0.9129,per_usd
2023-06-01,0.9077,per_usd
2023-06-02,0.9075,per_usd
2023-06-05,0.9058,per_usd
2023-06-06,0.9076,per_usd
2023-06-07,0.9089,per_usd
2023-06-08,0.9003,per_usd
2023-06-09,0.9026,per_usd
2023-06-12,0.9099,per_usd
2023-06-13,0.9053,per_usd
2023-06-14,0.8972,per_usd
2023-06-15,0.8927,per_usd
2023-06-16,0.8943,per_usd
2023-06-20,0.8993,per_usd
2023-06-21,0.895,per_usd
2023-06-22,0.8967,per_usd
2023-06-23,0.8979,per_usd
2023-06-26,0.8946,per_usd
2023-06-27,0.8941,per_usd
2023-06-28,0.8975,per_usd
2023-06-29,0.8984,per_usd
2023-06-30,0.8947,per_usd
2023-07-03,0.8956,per_usd
2023-07-05,0.898,per_usd
2023-07-06,0.8965,per_usd
2023-07-07,0.8887,per_usd
2023-07-10,0.8869,per_usd
2023-07-11,0.8805,per_usd
2023-07-12,0.8676,per_usd
2023-07-13,0.8595,per_usd
2023-07-14,0.8616,per_usd
2023-07-17,0.8602,per_usd
2023-07-18,0.8582,per_usd
2023-07-19,0.8598,per_usd
2023-07-20,0.8671,per_usd
2023-07-21,0.8658,per_usd
2023-07-24,0.8664,per_usd
2023-07-25,0.8644,per_usd
2023-07-26,0.8625,per_usd
2023-07-27,0.8686,per_usd
2023-07-28,0.8687,per_usd
2023-07-31,0.8688,per_usd
2023-08-01,0.8763,per_usd
2023-08-02,0.8779,per_usd
2023-08-03,0.8742,per_usd
2023-08-04,0.8713,per_usd
2023-08-07,0.8742,per_usd
2023-08-08,0.8757,per_usd
2023-08-09,0.877,per_usd
2023-08-10,0.8736,per_usd
2023-08-11,0.8765,per_usd
2023-08-14,0.8775,per_usd
2023-08-15,0.8769,per_usd
2023-08-16,0.8786,per_usd
2023-08-17,0.8792,per_usd
2023-08-18,0.8817,per_usd
2023-08-21,0.8799,per_usd
2023-08-22,0.88,per_usd
2023-08-23,0.8785,per_usd
2023-08-24,0.8825,per_usd
2023-08-25,0.886,per_usd
2023-08-28,0.8832,per_usd
2023-08-29,0.8798,per_usd
2023-08-30,0.8772,per_usd
2023-08-31,0.8837,per_usd
2023-09-01,0.8857,per_usd
2023-09-05,0.8888,per_usd
2023-09-06,0.8924,per_usd
2023-09-07,0.8927,per_usd
2023-09-08,0.8927,per_usd
2023-09-11,0.891,per_usd
2023-09-12,0.8913,per_usd
2023-09-13,0.8925,per_usd
2023-09-14,0.8949,per_usd
2023-09-15,0.896,per_usd
2023-09-18,0.8964,per_usd
2023-09-19,0.8979,per_usd
2023-09-20,0.8953,per_usd
2023-09-21,0.9033,per_usd
2023-09-22,0.9064,per_usd
2023-09-25,0.912,per_usd
2023-09-26,0.9144,per_usd
2023-09-27,0.9198,per_usd
2023-09-28,0.915,per_usd
2023-09-29,0.9141,per_usd
2023-10-02,0.9176,per_usd
2023-10-03,0.9226,per_usd
2023-10-04,0.916,per_usd
2023-10-05,0.9141,per_usd
2023-10-06,0.9082,per_usd
2023-10-10,0.9039,per_usd
2023-10-11,0.9025,per_usd
2023-10-12,0.9064,per_usd
2023-10-13,0.9018,per_usd
2023-10-16,0.9007,per_usd
2023-10-17,0.8995,per_usd
2023-10-18,0.8985,per_usd
2023-10-19,0.8956,per_usd
2023-10-20,0.8918,per_usd
2023-10-23,0.8919,per_usd
2023-10-24,0.8935,per_usd
2023-10-25,0.8951,per_usd
2023-10-26,0.8995,per_usd
2023-10-27,0.9021,per_usd
2023-10-30,0.9017,per_usd
2023-10-31,0.91,per_usd
2023-11-01,0.9103,per_usd
2023-11-02,0.9061,per_usd
2023-11-03,0.8984,per_usd
2023-11-06,0.8969,per_usd
2023-11-07,0.9005,per_usd
2023-11-08,0.898,per_usd
2023-11-09,0.8996,per_usd
2023-11-13,0.9014,per_usd
2023-11-14,0.8905,per_usd
2023-11-15,0.8872,per_usd
2023-11-16,0.8882,per_usd
2023-11-17,0.887,per_usd
2023-11-20,0.8841,per_usd
2023-11-21,0.8831,per_usd
2023-11-22,0.8853,per_usd
2023-11-24,0.8818,per_usd
2023-11-27,0.8811,per_usd
2023-11-28,0.8763,per_usd
2023-11-29,0.8752,per_usd
2023-11-30,0.8725,per_usd
2023-12-01,0.8706,per_usd
2023-12-04,0.873,per_usd
2023-12-05,0.876,per_usd
2023-12-06,0.8741,per_usd
2023-12-07,0.8758,per_usd
2023-12-08,0.881,per_usd
2023-12-11,0.8795,per_usd
2023-12-12,0.8757,per_usd
2023-12-13,0.8761,per_usd
2023-12-14,0.8639,per_usd
2023-12-15,0.8688,per_usd
2023-12-18,0.8682,per_usd
2023-12-19,0.8609,per_usd
2023-12-20,0.8615,per_usd
2023-12-21,0.8577,per_usd
2023-12-22,0.8564,per_usd
2023-12-26,0.8552,per_usd
2023-12-27,0.8417,per_usd
2023-12-28,0.8396,per_usd
2023-12-29,0.8405,per_usd
2024-01-02,0.8483,per_usd
2024-01-03,0.8523,per_usd
2024-01-04,0.8503,per_usd
2024-01-05,0.8486,per_usd
2024-01-08,0.8466,per_usd
2024-01-09,0.8515,per_usd
2024-01-10,0.8514,per_usd
2024-01-11,0.8556,per_usd
2024-01-12,0.8523,per_usd
2024-01-16,0.8604,per_usd
2024-01-17,0.8667,per_usd
2024-01-18,0.8685,per_usd
2024-01-19,0.8694,per_usd
2024-01-22,0.8686,per_usd
2024-01-23,0.8718,per_usd
2024-01-24,0.8631,per_usd
2024-01-25,0.8674,per_usd
2024-01-26,0.8635,per_usd
2024-01-29,0.864,per_usd
2024-01-30,0.8624,per_usd
2024-01-31,0.8587,per_usd
2024-02-01,0.8579,per_usd
2024-02-02,0.8676,per_usd
2024-02-05,0.8711,per_usd
2024-02-06,0.8702,per_usd
2024-02-07,0.8731,per_usd
2024-02-08,0.8736,per_usd
2024-02-09,0.875,per_usd
2024-02-12,0.8759,per_usd
2024-02-13,0.8863,per_usd
2024-02-14,0.8852,per_usd
2024-02-15,0.8808,per_usd
2024-02-16,0.8813,per_usd
2024-02-20,0.8807,per_usd
2024-02-21,0.8799,per_usd
2024-02-22,0.8816,per_usd
2024-02-23,0.8804,per_usd
2024-02-26,0.8801,per_usd
2024-02-27,0.8792,per_usd
2024-02-28,0.8786,per_usd
2024-02-29,0.8833,per_usd
2024-03-01,0.8844,per_usd
2024-03-04,0.8841,per_usd
2024-03-05,0.8837,per_usd
2024-03-06,0.8812,per_usd
2024-03-07,0.8781,per_usd
2024-03-08,0.8766,per_usd
2024-03-11,0.8783,per_usd
2024-03-12,0.8782,per_usd
2024-03-13,0.878,per_usd
2024-03-14,0.8834,per_usd
2024-03-15,0.8837,per_usd
2024-03-18,0.8862,per_usd
2024-03-19,0.8882,per_usd
2024-03-20,0.8911,per_usd
2024-03-21,0.8993,per_usd
2024-03-22,0.8983,per_usd
2024-03-25,0.8983,per_usd
2024-03-26,0.9027,per_usd
2024-03-27,0.9056,per_usd
2024-03-28,0.9006,per_usd
2024-03-29,0.9015,per_usd
2024-04-01,0.9055,per_usd
2024-04-02,0.9071,per_usd
2024-04-03,0.9038,per_usd
2024-04-04,0.9049,per_usd
2024-04-05,0.9005,per_usd
2024-04-08,0.9051,per_usd
2024-04-09,0.9032,per_usd
2024-04-10,0.9127,per_usd
2024-04-11,0.9107,per_usd
2024-04-12,0.912,per_usd
2024-04-15,0.9137,per_usd
2024-04-16,0.9128,per_usd
2024-04-17,0.9121,per_usd
2024-04-18,0.9115,per_usd
2024-04-19,0.9092,per_usd
2024-04-22,0.9119,per_usd
2024-04-23,0.9117,per_usd
2024-04-24,0.9141,per_usd
2024-04-25,0.9134,per_usd
2024-04-26,0.9142,per_usd
2024-04-29,0.9108,per_usd
2024-04-30,0.9174,per_usd
2024-05-01,0.9195,per_usd
2024-05-02,0.9119,per_usd
2024-05-03,0.9047,per_usd
2024-05-06,0.9052,per_usd
2024-05-07,0.9072,per_usd
2024-05-08,0.9076,per_usd
2024-05-09,0.9072,per_usd
2024-05-10,0.9063,per_usd
2024-05-13,0.9075,per_usd
2024-05-14,0.9067,per_usd
2024-05-15,0.9041,per_usd
2024-05-16,0.9044,per_usd
2024-05-17,0.9079,per_usd
2024-05-20,0.9097,per_usd
2024-05-21,0.9108,per_usd
2024-05-22,0.914,per_usd
2024-05-23,0.9144,per_usd
2024-05-24,0.9143,per_usd
2024-05-28,0.9106,per_usd
2024-05-29,0.9135,per_usd
2024-05-30,0.9036,per_usd
2024-05-31,0.9034,per_usd
2024-06-03,0.8954,per_usd
2024-06-04,0.8904,per_usd
2024-06-05,0.894,per_usd
2024-06-06,0.8917,per_usd
2024-06-07,0.896,per_usd
2024-06-10,0.8968,per_usd
2024-06-11,0.8987,per_usd
2024-06-12,0.8918,per_usd
2024-06-13,0.8935,per_usd
2024-06-14,0.8907,per_usd
2024-06-17,0.8914,per_usd
2024-06-18,0.8842,per_usd
2024-06-20,0.8912,per_usd
2024-06-21,0.8938,per_usd
2024-06-24,0.8939,per_usd
2024-06-25,0.8944,per_usd
2024-06-26,0.8973,per_usd
2024-06-27,0.898,per_usd
2024-06-28,0.8992,per_usd
2024-07-01,0.9039,per_usd
2024-07-02,0.9046,per_usd
2024-07-03,0.9007,per_usd
2024-07-05,0.8976,per_usd
2024-07-08,0.8971,per_usd
2024-07-09,0.8978,per_usd
2024-07-10,0.8992,per_usd
2024-07-11,0.8939,per_usd
2024-07-12,0.8942,per_usd
2024-07-15,0.8949,per_usd
2024-07-16,0.8953,per_usd
2024-07-17,0.8846,per_usd
2024-07-18,0.8858,per_usd
2024-07-19,0.8884,per_usd
2024-07-22,0.89,per_usd
2024-07-23,0.8915,per_usd
2024-07-24,0.8838,per_usd
2024-07-25,0.8802,per_usd
2024-07-26,0.8826,per_usd
2024-07-29,0.886,per_usd
2024-07-30,0.8852,per_usd
2024-07-31,0.8797,per_usd
2024-08-01,0.8744,per_usd
2024-08-02,0.8605,per_usd
2024-08-05,0.8528,per_usd
2024-08-06,0.8533,per_usd
2024-08-07,0.8652,per_usd
2024-08-08,0.8656,per_usd
2024-08-09,0.8639,per_usd
2024-08-12,0.8673,per_usd
2024-08-13,0.8654,per_usd
2024-08-14,0.8638,per_usd
2024-08-15,0.8712,per_usd
2024-08-16,0.8685,per_usd
2024-08-19,0.8629,per_usd
2024-08-20,0.8576,per_usd
2024-08-21,0.8515,per_usd
2024-08-22,0.8518,per_usd
2024-08-23,0.8492,per_usd
2024-08-26,0.8479,per_usd
2024-08-27,0.8439,per_usd
2024-08-28,0.842,per_usd
2024-08-29,0.8466,per_usd
2024-08-30,0.8493,per_usd
2024-09-03,0.8503,per_usd
2024-09-04,0.8482,per_usd
2024-09-05,0.8453,per_usd
2024-09-06,0.8428,per_usd
2024-09-09,0.848,per_usd
2024-09-10,0.8459,per_usd
2024-09-11,0.8505,per_usd
2024-09-12,0.8527,per_usd
2024-09-13,0.8479,per_usd
2024-09-16,0.8453,per_usd
2024-09-17,0.847,per_usd
2024-09-18,0.8459,per_usd
2024-09-19,0.8478,per_usd
2024-09-20,0.8496,per_usd
2024-09-23,0.8475,per_usd
2024-09-24,0.8459,per_usd
2024-09-25,0.8495,per_usd
2024-09-26,0.8463,per_usd
2024-09-27,0.8424,per_usd
2024-09-30,0.8444,per_usd
2024-10-01,0.8458,per_usd
2024-10-02,0.8495,per_usd
2024-10-03,0.854,per_usd
2024-10-04,0.8589,per_usd
2024-10-07,0.8555,per_usd
2024-10-08,0.8576,per_usd
2024-10-09,0.8595,per_usd
2024-10-10,0.8573,per_usd
2024-10-11,0.8574,per_usd
2024-10-15,0.8621,per_usd
2024-10-16,0.8642,per_usd
2024-10-17,0.8654,per_usd
2024-10-18,0.8659,per_usd
2024-10-21,0.8658,per_usd
2024-10-22,0.8654,per_usd
2024-10-23,0.8665,per_usd
2024-10-24,0.8668,per_usd
2024-10-25,0.8664,per_usd
2024-10-28,0.8659,per_usd
2024-10-29,0.8684,per_usd
2024-10-30,0.8664,per_usd
2024-10-31,0.8648,per_usd
2024-11-01,0.8704,per_usd
2024-11-04,0.8632,per_usd
2024-11-05,0.8635,per_usd
2024-11-06,0.8761,per_usd
2024-11-07,0.8724,per_usd
2024-11-08,0.8755,per_usd
2024-11-12,0.8827,per_usd
2024-11-13,0.885,per_usd
2024-11-14,0.8878,per_usd
2024-11-15,0.8878,per_usd
2024-11-18,0.885,per_usd
2024-11-19,0.8824,per_usd
2024-11-20,0.8855,per_usd
2024-11-21,0.8866,per_usd
2024-11-22,0.8946,per_usd
2024-11-25,0.8874,per_usd
2024-11-26,0.8876,per_usd
2024-11-27,0.8806,per_usd
2024-11-29,0.8822,per_usd
2024-12-02,0.8866,per_usd
2024-12-03,0.8852,per_usd
2024-12-04,0.8835,per_usd
2024-12-05,0.8794,per_usd
2024-12-06,0.8776,per_usd
2024-12-09,0.8774,per_usd
2024-12-10,0.8823,per_usd
2024-12-11,0.883,per_usd
2024-12-12,0.8879,per_usd
2024-12-13,0.8929,per_usd
2024-12-16,0.8934,per_usd
2024-12-17,0.893,per_usd
2024-12-18,0.8937,per_usd
2024-12-19,0.8994,per_usd
2024-12-20,0.8928,per_usd
2024-12-23,0.8991,per_usd
2024-12-24,0.9009,per_usd
2024-12-26,0.9,per_usd
2024-12-27,0.9018,per_usd
2024-12-30,0.9066,per_usd
2024-12-31,0.9068,per_usd
2025-01-02,0.9124,per_usd
2025-01-03,0.9096,per_usd
2025-01-06,0.9043,per_usd
2025-01-07,0.9076,per_usd
2025-01-08,0.9107,per_usd
2025-01-09,0.9124,per_usd
2025-01-10,0.9172,per_usd
2025-01-13,0.9192,per_usd
2025-01-14,0.9139,per_usd
2025-01-15,0.9129,per_usd
2025-01-16,0.911,per_usd
2025-01-17,0.9148,per_usd
2025-01-21,0.9069,per_usd
2025-01-22,0.907,per_usd
2025-01-23,0.9072,per_usd
2025-01-24,0.9044,per_usd
2025-01-27,0.9006,per_usd
2025-01-28,0.9051,per_usd
2025-01-29,0.9077,per_usd
2025-01-30,0.9085,per_usd
2025-01-31,0.9088,per_usd
2025-02-03,0.9139,per_usd
2025-02-04,0.9058,per_usd
2025-02-05,0.9009,per_usd
2025-02-06,0.9055,per_usd
2025-02-07,0.9101,per_usd
2025-02-10,0.911,per_usd
2025-02-11,0.9133,per_usd
2025-02-12,0.913,per_usd
2025-02-13,0.9048,per_usd
2025-02-14,0.8983,per_usd
2025-02-18,0.9023,per_usd
2025-02-19,0.9054,per_usd
2025-02-20,0.8993,per_usd
2025-02-21,0.899,per_usd
2025-02-24,0.8966,per_usd
2025-02-25,0.8928,per_usd
2025-02-26,0.8931,per_usd
2025-02-27,0.8981,per_usd
2025-02-28,0.9019,per_usd
2025-03-03,0.8972,per_usd
2025-03-04,0.89,per_usd
2025-03-05,0.89,per_usd
2025-03-06,0.8841,per_usd
2025-03-07,0.8774,per_usd
2025-03-10,0.8813,per_usd
2025-03-11,0.88,per_usd
2025-03-12,0.8827,per_usd
2025-03-13,0.8849,per_usd
2025-03-14,0.8855,per_usd
2025-03-17,0.8812,per_usd
2025-03-18,0.8773,per_usd
2025-03-19,0.88,per_usd
2025-03-20,0.8826,per_usd
2025-03-21,0.8834,per_usd
2025-03-24,0.8842,per_usd
2025-03-25,0.8819,per_usd
2025-03-26,0.8839,per_usd
2025-03-27,0.8818,per_usd
2025-03-28,0.8809,per_usd
2025-03-31,0.8843,per_usd
2025-04-01,0.8827,per_usd
2025-04-02,0.8819,per_usd
2025-04-03,0.859,per_usd
2025-04-04,0.8547,per_usd
2025-04-07,0.8597,per_usd
2025-04-08,0.856,per_usd
2025-04-09,0.8413,per_usd
2025-04-10,0.8283,per_usd
2025-04-11,0.8153,per_usd
2025-04-14,0.8139,per_usd
2025-04-15,0.8209,per_usd
2025-04-16,0.8142,per_usd
2025-04-17,0.8203,per_usd
2025-04-18,0.8174,per_usd
2025-04-21,0.8069,per_usd
2025-04-22,0.815,per_usd
2025-04-23,0.8271,per_usd
2025-04-24,0.8271,per_usd
2025-04-25,0.8285,per_usd
2025-04-28,0.8254,per_usd
2025-04-29,0.8241,per_usd
2025-04-30,0.8227,per_usd
2025-05-01,0.8321,per_usd
2025-05-02,0.8262,per_usd
2025-05-05,0.8239,per_usd
2025-05-06,0.8242,per_usd
2025-05-07,0.8215,per_usd
2025-05-08,0.8291,per_usd
2025-05-09,0.8298,per_usd
2025-05-12,0.8427,per_usd
2025-05-13,0.8412,per_usd
2025-05-14,0.8397,per_usd
2025-05-15,0.8359,per_usd
2025-05-16,0.8396,per_usd
2025-05-19,0.8342,per_usd
2025-05-20,0.8321,per_usd
2025-05-21,0.8251,per_usd
2025-05-22,0.8291,per_usd
2025-05-23,0.8214,per_usd
2025-05-27,0.8278,per_usd
2025-05-28,0.8276,per_usd
2025-05-29,0.8227,per_usd
2025-05-30,0.8229,per_usd
2025-06-02,0.8173,per_usd
2025-06-03,0.8242,per_usd
2025-06-04,0.8183,per_usd
2025-06-05,0.821,per_usd
2025-06-06,0.822,per_usd
2025-06-09,0.8205,per_usd
2025-06-10,0.8219,per_usd
2025-06-11,0.8195,per_usd
2025-06-12,0.8125,per_usd
2025-06-13,0.8116,per_usd
2025-06-16,0.8115,per_usd
2025-06-17,0.8141,per_usd
2025-06-18,0.8174,per_usd
2025-06-20,0.8175,per_usd
2025-06-23,0.8133,per_usd
2025-06-24,0.8049,per_usd
2025-06-25,0.8057,per_usd
2025-06-26,0.799,per_usd
2025-06-27,0.7989,per_usd
2025-06-30,0.7938,per_usd
2025-07-01,0.7929,per_usd
2025-07-02,0.7921,per_usd
2025-07-03,0.7951,per_usd
2025-07-07,0.7969,per_usd
2025-07-08,0.7971,per_usd
2025-07-09,0.7957,per_usd
2025-07-10,0.7971,per_usd
2025-07-11,0.7962,per_usd
2025-07-14,0.7977,per_usd
2025-07-15,0.8004,per_usd
2025-07-16,0.8014,per_usd
2025-07-17,0.8043,per_usd
2025-07-18,0.8001,per_usd
2025-07-21,0.7973,per_usd
2025-07-22,0.7926,per_usd
2025-07-23,0.7936,per_usd
2025-07-24,0.7957,per_usd
2025-07-25,0.7965,per_usd
2025-07-28,0.8025,per_usd
2025-07-29,0.8071,per_usd
2025-07-30,0.8111,per_usd
2025-07-31,0.8123,per_usd
2025-08-01,0.8068,per_usd
2025-08-04,0.8083,per_usd
2025-08-05,0.8071,per_usd
2025-08-06,0.8052,per_usd
2025-08-07,0.8074,per_usd
2025-08-08,0.8073,per_usd
2025-08-11,0.8126,per_usd
2025-08-12,0.8081,per_usd
2025-08-13,0.8043,per_usd
2025-08-14,0.8078,per_usd
2025-08-15,0.8061,per_usd
2025-08-18,0.8068,per_usd
2025-08-19,0.807,per_usd
2025-08-20,0.8044,per_usd
2025-08-21,0.8085,per_usd
2025-08-22,0.8016,per_usd
2025-08-25,0.8034,per_usd
2025-08-26,0.8031,per_usd
2025-08-27,0.8037,per_usd
2025-08-28,0.8017,per_usd
2025-08-29,0.7996,per_usd
2025-09-02,0.8033,per_usd
2025-09-03,0.8032,per_usd
2025-09-04,0.8059,per_usd
2025-09-05,0.7958,per_usd
2025-09-08,0.7935,per_usd
2025-09-09,0.7961,per_usd
2025-09-10,0.7979,per_usd
2025-09-11,0.7961,per_usd
2025-09-12,0.7975,per_usd
2025-09-15,0.7938,per_usd
2025-09-16,0.7877,per_usd
2025-09-17,0.7871,per_usd
2025-09-18,0.7927,per_usd
2025-09-19,0.7949,per_usd
2025-09-22,0.7935,per_usd
2025-09-23,0.7922,per_usd
2025-09-24,0.7951,per_usd
2025-09-25,0.8006,per_usd
2025-09-26,0.7985,per_usd
2025-09-29,0.797,per_usd
2025-09-30,0.7966,per_usd
2025-10-01,0.7984,per_usd
2025-10-02,0.7994,per_usd
2025-10-03,0.7949,per_usd
2025-10-06,0.7954,per_usd
2025-10-07,0.797,per_usd
2025-10-08,0.802,per_usd
2025-10-09,0.8059,per_usd
2025-10-10,0.8015,per_usd
2025-10-14,0.801,per_usd
2025-10-15,0.7972,per_usd
2025-10-16,0.7957,per_usd
2025-10-17,0.7919,per_usd
2025-10-20,0.7918,per_usd
2025-10-21,0.795,per_usd
2025-10-22,0.7958,per_usd
2025-10-23,0.7956,per_usd
2025-10-24,0.7958,per_usd
2025-10-27,0.7965,per_usd
2025-10-28,0.7927,per_usd
2025-10-29,0.7958,per_usd
2025-10-30,0.802,per_usd
2025-10-31,0.8027,per_usd
2025-11-03,0.8073,per_usd
2025-11-04,0.8091,per_usd
2025-11-05,0.8107,per_usd
2025-11-06,0.8069,per_usd
2025-11-07,0.804,per_usd
2025-11-10,0.8062,per_usd
2025-11-12,0.7972,per_usd
2025-11-13,0.7917,per_usd
2025-11-14,0.7933,per_usd
2025-11-17,0.7956,per_usd
2025-11-18,0.7996,per_usd
2025-11-19,0.8046,per_usd
2025-11-20,0.8054,per_usd
2025-11-21,0.8087,per_usd
2025-11-24,0.8084,per_usd
2025-11-25,0.8091,per_usd
2025-11-26,0.8048,per_usd
2025-11-28,0.8036,per_usd
2025-12-01,0.8035,per_usd
2025-12-02,0.8046,per_usd
2025-12-03,0.8004,per_usd
2025-12-04,0.8022,per_usd
2025-12-05,0.805,per_usd
2025-12-08,0.8078,per_usd
2025-12-09,0.8061,per_usd
2025-12-10,0.8027,per_usd
2025-12-11,0.7932,per_usd
2025-12-12,0.796,per_usd
2025-12-15,0.7963,per_usd
2025-12-16,0.7949,per_usd
2025-12-17,0.7948,per_usd
2025-12-18,0.7942,per_usd
2025-12-19,0.795,per_usd
2025-12-22,0.7925,per_usd
2025-12-23,0.7897,per_usd
2025-12-24,0.7887,per_usd
2025-12-26,0.79,per_usd
2025-12-29,0.7899,per_usd
2025-12-30,0.7907,per_usd
2025-12-31,0.7936,per_usd
2026-01-02,0.7918,per_usd
2026-01-05,0.7924,per_usd
2026-01-06,0.7954,per_usd
2026-01-07,0.7967,per_usd
2026-01-08,0.7993,per_usd
2026-01-09,0.8012,per_usd
2026-01-12,0.7972,per_usd
2026-01-13,0.8005,per_usd
2026-01-14,0.7987,per_usd
2026-01-15,0.803,per_usd
2026-01-16,0.8026,per_usd
2026-01-20,0.7891,per_usd
2026-01-21,0.7929,per_usd
2026-01-22,0.7905,per_usd
2026-01-23,0.7879,per_usd
2026-01-26,0.7753,per_usd
2026-01-27,0.7666,per_usd
2026-01-28,0.7694,per_usd
2026-01-29,0.7674,per_usd
2026-01-30,0.771,per_usd
2026-02-02,0.7797,per_usd
2026-02-03,0.7749,per_usd
2026-02-04,0.7767,per_usd
2026-02-05,0.7772,per_usd
2026-02-06,0.7758,per_usd
2026-02-09,0.7679,per_usd
2026-02-10,0.7668,per_usd
2026-02-11,0.77,per_usd
2026-02-12,0.7693,per_usd
2026-02-13,0.7685,per_usd
2026-02-17,0.7718,per_usd
2026-02-18,0.7723,per_usd
2026-02-19,0.7758,per_usd
2026-02-20,0.7756,per_usd
2026-02-23,0.7734,per_usd
2026-02-24,0.7734,per_usd
2026-02-25,0.7728,per_usd
2026-02-26,0.7738,per_usd
2026-02-27,0.7686,per_usd
2026-03-02,0.7797,per_usd
2026-03-03,0.7828,per_usd
2026-03-04,0.7798,per_usd
2026-03-05,0.7819,per_usd
2026-03-06,0.7778,per_usd
2026-03-09,0.7787,per_usd
2026-03-10,0.7753,per_usd
2026-03-11,0.7806,per_usd
2026-03-12,0.7844,per_usd
2026-03-13,0.7898,per_usd
2026-03-16,0.7887,per_usd
2026-03-17,0.7857,per_usd
2026-03-18,0.7892,per_usd
2026-03-19,0.7924,per_usd
2026-03-20,0.789,per_usd
2026-03-23,0.7878,per_usd
2026-03-24,0.7914,per_usd
2026-03-25,0.7918,per_usd
2026-03-26,0.7935,per_usd
2026-03-27,0.797,per_usd
2026-03-30,0.8001,per_usd
2026-03-31,0.8027,per_usd
2026-04-01,0.7933,per_usd
2026-04-02,0.7985,per_usd
2026-04-03,0.7999,per_usd
2026-04-06,0.7979,per_usd
2026-04-07,0.7997,per_usd
2026-04-08,0.7899,per_usd
2026-04-09,0.7889,per_usd
2026-04-10,0.7893,per_usd
2026-04-13,0.7876,per_usd
2026-04-14,0.781,per_usd
2026-04-15,0.7815,per_usd
2026-04-16,0.7833,per_usd
2026-04-17,0.7795,per_usd
2026-04-20,0.7782,per_usd
2026-04-21,0.78,per_usd
2026-04-22,0.7835,per_usd
2026-04-23,0.7843,per_usd
2026-04-24,0.7848,per_usd
2026-04-27,0.7845,per_usd
2026-04-28,0.7888,per_usd
2026-04-29,0.7902,per_usd
2026-04-30,0.7824,per_usd
2026-05-01,0.7796,per_usd
2026-05-04,0.7835,per_usd
2026-05-05,0.7822,per_usd
2026-05-06,0.7793,per_usd
2026-05-07,0.7777,per_usd
2026-05-08,0.7773,per_usd
2026-05-11,0.7773,per_usd
2026-05-12,0.7817,per_usd
2026-05-13,0.7825,per_usd
2026-05-14,0.783,per_usd
2026-05-15,0.7868,per_usd
2026-05-18,0.7856,per_usd
2026-05-19,0.7897,per_usd
2026-05-20,0.7876,per_usd
2026-05-21,0.7893,per_usd
2026-05-22,0.7857,per_usd
2026-05-26,0.786,per_usd
2026-05-27,0.7871,per_usd
2026-05-28,0.7845,per_usd
2026-05-29,0.7811,per_usd
2026-06-01,0.7868,per_usd
2026-06-02,0.7858,per_usd
2026-06-03,0.7908,per_usd
2026-06-04,0.7885,per_usd
2026-06-05,0.7955,per_usd
2026-06-08,0.7972,per_usd
2026-06-09,0.7971,per_usd
2026-06-10,0.7984,per_usd
2026-06-11,0.8007,per_usd
2026-06-12,0.7964,per_usd
2026-06-15,0.7937,per_usd
2026-06-16,0.7928,per_usd
2026-06-17,0.793,per_usd
2026-06-18,0.804,per_usd
2026-06-22,0.8091,per_usd
2026-06-23,0.8097,per_usd
2026-06-24,0.8126,per_usd
2026-06-25,0.8093,per_usd
2026-06-26,0.8082,per_usd
2026-06-29,0.8081,per_usd
2026-06-30,0.8082,per_usd
2026-07-01,0.8086,per_usd
2026-07-02,0.8022,per_usd
2026-07-06,0.8063,per_usd
2026-07-07,0.8069,per_usd
2026-07-08,0.8105,per_usd
2026-07-09,0.8063,per_usd
2026-07-10,0.8063,per_usd
2026-07-13,0.8123,per_usd
2026-07-14,0.8091,per_usd
2026-07-15,0.8067,per_usd
2026-07-16,0.8079,per_usd
2026-07-17,0.8069,per_usd
2026-07-20,0.8104,per_usd
2026-07-21,0.8122,per_usd
2026-07-22,0.8134,per_usd
2026-07-23,0.8172,per_usd
2026-07-24,0.8168,per_usd
2026-07-27,0.8187,per_usd
2026-07-28,0.817,per_usd
2026-07-29,0.8199,per_usd
2026-07-30,0.8056,per_usd
2026-07-31,0.8081,per_usd
2026-08-03,0.8104,per_usd
2026-08-04,0.8092,per_usd
2026-08-05,0.8075,per_usd
2026-08-06,0.8129,per_usd
2026-08-07,0.8078,per_usd
2026-08-10,0.8089,per_usd
2026-08-11,0.8109,per_usd
2026-08-12,0.8117,per_usd
2026-08-13,0.813,per_usd
2026-08-14,0.8116,per_usd
