date,value,quote
1981-01-02,1.5341,per_usd
1981-01-05,1.5418,per_usd
1981-01-06,1.5264,per_usd
1981-01-07,1.5264,per_usd
1981-01-08,1.5264,per_usd
1981-01-09,1.5371,per_usd
1981-01-12,1.5371,per_usd
1981-01-13,1.5449,per_usd
1981-01-14,1.5449,per_usd
1981-01-15,1.5449,per_usd
1981-01-16,1.5557,per_usd
1981-01-19,1.5557,per_usd
1981-01-20,1.5557,per_usd
1981-01-21,1.5557,per_usd
1981-01-22,1.551,per_usd
1981-01-23,1.551,per_usd
1981-01-26,1.5634,per_usd
1981-01-27,1.5759,per_usd
1981-01-28,1.5822,per_usd
1981-01-29,1.5886,per_usd
1981-01-30,1.5886,per_usd
1981-02-02,1.6108,per_usd
1981-02-03,1.6108,per_usd
1981-02-04,1.6028,per_usd
1981-02-05,1.6028,per_usd
1981-02-06,1.6028,per_usd
1981-02-09,1.6059,per_usd
1981-02-10,1.6059,per_usd
1981-02-11,1.6059,per_usd
1981-02-13,1.6285,per_usd
1981-02-17,1.6579,per_usd
1981-02-18,1.6298,per_usd
1981-02-19,1.6298,per_usd
1981-02-20,1.6021,per_usd
1981-02-23,1.5909,per_usd
1981-02-24,1.6099,per_usd
1981-02-25,1.6035,per_usd
1981-02-26,1.6179,per_usd
1981-02-27,1.6179,per_usd
1981-03-02,1.6293,per_usd
1981-03-03,1.6456,per_usd
1981-03-04,1.6374,per_usd
1981-03-05,1.6456,per_usd
1981-03-06,1.6456,per_usd
1981-03-09,1.6456,per_usd
1981-03-10,1.6407,per_usd
1981-03-11,1.6407,per_usd
1981-03-12,1.6407,per_usd
1981-03-13,1.6407,per_usd
1981-03-16,1.6402,per_usd
1981-03-17,1.6309,per_usd
1981-03-18,1.6227,per_usd
1981-03-19,1.6049,per_usd
1981-03-20,1.6129,per_usd
1981-03-23,1.6129,per_usd
1981-03-24,1.6209,per_usd
1981-03-25,1.6209,per_usd
1981-03-26,1.6209,per_usd
1981-03-27,1.6372,per_usd
1981-03-30,1.6372,per_usd
1981-03-31,1.6165,per_usd
1981-04-01,1.6337,per_usd
1981-04-02,1.6337,per_usd
1981-04-03,1.6418,per_usd
1981-04-06,1.65,per_usd
1981-04-07,1.6599,per_usd
1981-04-08,1.6483,per_usd
1981-04-09,1.6483,per_usd
1981-04-10,1.6565,per_usd
1981-04-13,1.6565,per_usd
1981-04-14,1.6682,per_usd
1981-04-15,1.6682,per_usd
1981-04-16,1.6798,per_usd
1981-04-17,1.6798,per_usd
1981-04-20,1.6798,per_usd
1981-04-21,1.6798,per_usd
1981-04-22,1.6798,per_usd
1981-04-23,1.6798,per_usd
1981-04-24,1.6798,per_usd
1981-04-27,1.6798,per_usd
1981-04-28,1.6798,per_usd
1981-04-29,1.6798,per_usd
1981-04-30,1.6882,per_usd
1981-05-01,1.6882,per_usd
1981-05-04,1.6882,per_usd
1981-05-05,1.7085,per_usd
1981-05-06,1.717,per_usd
1981-05-07,1.717,per_usd
1981-05-08,1.717,per_usd
1981-05-11,1.717,per_usd
1981-05-12,1.7273,per_usd
1981-05-13,1.7273,per_usd
1981-05-14,1.7359,per_usd
1981-05-15,1.7359,per_usd
1981-05-18,1.7359,per_usd
1981-05-19,1.7359,per_usd
1981-05-20,1.7359,per_usd
1981-05-21,1.7272,per_usd
1981-05-22,1.7429,per_usd
1981-05-26,1.7392,per_usd
1981-05-27,1.748,per_usd
1981-05-28,1.748,per_usd
1981-05-29,1.748,per_usd
1981-06-01,1.748,per_usd
1981-06-02,1.7567,per_usd
1981-06-03,1.7567,per_usd
1981-06-04,1.7672,per_usd
1981-06-05,1.7813,per_usd
1981-06-08,1.7813,per_usd
1981-06-09,1.7813,per_usd
1981-06-10,1.7742,per_usd
1981-06-11,1.7813,per_usd
1981-06-12,1.7724,per_usd
1981-06-15,1.7512,per_usd
1981-06-16,1.7512,per_usd
1981-06-17,1.7512,per_usd
1981-06-18,1.7599,per_usd
1981-06-19,1.7599,per_usd
1981-06-22,1.7511,per_usd
1981-06-23,1.7511,per_usd
1981-06-24,1.7511,per_usd
1981-06-25,1.7511,per_usd
1981-06-26,1.7511,per_usd
1981-06-29,1.7511,per_usd
1981-06-30,1.7511,per_usd
1981-07-01,1.7511,per_usd
1981-07-02,1.7616,per_usd
1981-07-03,1.7616,per_usd
1981-07-06,1.7616,per_usd
1981-07-07,1.7686,per_usd
1981-07-08,1.7686,per_usd
1981-07-09,1.7686,per_usd
1981-07-10,1.7686,per_usd
1981-07-13,1.7598,per_usd
1981-07-14,1.751,per_usd
1981-07-15,1.7598,per_usd
1981-07-16,1.751,per_usd
1981-07-17,1.751,per_usd
1981-07-20,1.7597,per_usd
1981-07-21,1.7667,per_usd
1981-07-22,1.7667,per_usd
1981-07-23,1.7667,per_usd
1981-07-24,1.7667,per_usd
1981-07-27,1.7667,per_usd
1981-07-28,1.7755,per_usd
1981-07-29,1.7755,per_usd
1981-07-30,1.7755,per_usd
1981-07-31,1.7845,per_usd
1981-08-03,1.7934,per_usd
1981-08-04,1.8113,per_usd
1981-08-05,1.8113,per_usd
1981-08-06,1.8041,per_usd
1981-08-07,1.8149,per_usd
1981-08-10,1.8367,per_usd
1981-08-11,1.8367,per_usd
1981-08-12,1.8092,per_usd
1981-08-13,1.8092,per_usd
1981-08-14,1.8218,per_usd
1981-08-17,1.8,per_usd
1981-08-18,1.8,per_usd
1981-08-19,1.791,per_usd
1981-08-20,1.791,per_usd
1981-08-21,1.773,per_usd
1981-08-24,1.7872,per_usd
1981-08-25,1.7997,per_usd
1981-08-26,1.7853,per_usd
1981-08-27,1.7853,per_usd
1981-08-28,1.7727,per_usd
1981-08-31,1.7727,per_usd
1981-09-01,1.7815,per_usd
1981-09-02,1.7815,per_usd
1981-09-03,1.7673,per_usd
1981-09-04,1.7673,per_usd
1981-09-08,1.7673,per_usd
1981-09-09,1.7796,per_usd
1981-09-10,1.7686,per_usd
1981-09-11,1.7689,per_usd
1981-09-14,1.7565,per_usd
1981-09-15,1.7319,per_usd
1981-09-16,1.7319,per_usd
1981-09-17,1.7233,per_usd
1981-09-18,1.7233,per_usd
1981-09-21,1.7233,per_usd
1981-09-22,1.7181,per_usd
1981-09-23,1.7404,per_usd
1981-09-24,1.7492,per_usd
1981-09-25,1.7579,per_usd
1981-09-28,1.7667,per_usd
1981-09-29,1.7614,per_usd
1981-09-30,1.7719,per_usd
1981-10-01,1.7719,per_usd
1981-10-02,1.7719,per_usd
1981-10-05,1.7525,per_usd
1981-10-06,1.7525,per_usd
1981-10-07,1.7507,per_usd
1981-10-08,1.7366,per_usd
1981-10-09,1.7297,per_usd
1981-10-13,1.7297,per_usd
1981-10-14,1.7383,per_usd
1981-10-15,1.7383,per_usd
1981-10-16,1.7506,per_usd
1981-10-19,1.7505,per_usd
1981-10-20,1.7505,per_usd
1981-10-21,1.7575,per_usd
1981-10-22,1.768,per_usd
1981-10-23,1.768,per_usd
1981-10-26,1.768,per_usd
1981-10-27,1.7857,per_usd
1981-10-28,1.7857,per_usd
1981-10-29,1.7857,per_usd
1981-10-30,1.7678,per_usd
1981-11-02,1.7502,per_usd
1981-11-04,1.7502,per_usd
1981-11-05,1.7502,per_usd
1981-11-06,1.7502,per_usd
1981-11-09,1.7414,per_usd
1981-11-10,1.7414,per_usd
1981-11-12,1.7484,per_usd
1981-11-13,1.7343,per_usd
1981-11-16,1.7343,per_usd
1981-11-17,1.743,per_usd
1981-11-18,1.743,per_usd
1981-11-19,1.7326,per_usd
1981-11-20,1.743,per_usd
1981-11-23,1.743,per_usd
1981-11-24,1.743,per_usd
1981-11-25,1.743,per_usd
1981-11-27,1.7274,per_usd
1981-11-30,1.7171,per_usd
1981-12-01,1.7171,per_usd
1981-12-02,1.724,per_usd
1981-12-03,1.724,per_usd
1981-12-04,1.724,per_usd
1981-12-07,1.724,per_usd
1981-12-08,1.724,per_usd
1981-12-09,1.736,per_usd
1981-12-10,1.736,per_usd
1981-12-11,1.736,per_usd
1981-12-14,1.7517,per_usd
1981-12-15,1.7517,per_usd
1981-12-16,1.7429,per_usd
1981-12-17,1.7429,per_usd
1981-12-18,1.7429,per_usd
1981-12-21,1.7569,per_usd
1981-12-22,1.7569,per_usd
1981-12-23,1.7499,per_usd
1981-12-24,1.7499,per_usd
1981-12-28,1.7499,per_usd
1981-12-29,1.7499,per_usd
1981-12-30,1.7499,per_usd
1981-12-31,1.7499,per_usd
1982-01-04,1.7499,per_usd
1982-01-05,1.7393,per_usd
1982-01-06,1.7481,per_usd
1982-01-07,1.7481,per_usd
1982-01-08,1.7481,per_usd
1982-01-11,1.7481,per_usd
1982-01-12,1.7655,per_usd
1982-01-13,1.7655,per_usd
1982-01-14,1.7655,per_usd
1982-01-15,1.7761,per_usd
1982-01-18,1.7868,per_usd
1982-01-19,1.7796,per_usd
1982-01-20,1.7796,per_usd
1982-01-21,1.7796,per_usd
1982-01-22,1.7796,per_usd
1982-01-25,1.7904,per_usd
1982-01-26,1.7904,per_usd
1982-01-27,1.7904,per_usd
1982-01-28,1.7975,per_usd
1982-01-29,1.7975,per_usd
1982-02-01,1.7895,per_usd
1982-02-02,1.8083,per_usd
1982-02-03,1.8155,per_usd
1982-02-04,1.8155,per_usd
1982-02-05,1.8155,per_usd
1982-02-08,1.8155,per_usd
1982-02-09,1.8247,per_usd
1982-02-10,1.8247,per_usd
1982-02-11,1.825,per_usd
1982-02-16,1.8247,per_usd
1982-02-17,1.8247,per_usd
1982-02-18,1.8338,per_usd
1982-02-19,1.8227,per_usd
1982-02-22,1.8136,per_usd
1982-02-23,1.8136,per_usd
1982-02-24,1.8282,per_usd
1982-02-25,1.8282,per_usd
1982-02-26,1.8355,per_usd
1982-03-01,1.8447,per_usd
1982-03-02,1.8447,per_usd
1982-03-03,1.8355,per_usd
1982-03-04,1.8335,per_usd
1982-03-05,1.8263,per_usd
1982-03-08,1.8171,per_usd
1982-03-09,1.8171,per_usd
1982-03-10,1.8299,per_usd
1982-03-11,1.8229,per_usd
1982-03-12,1.8335,per_usd
1982-03-15,1.8335,per_usd
1982-03-16,1.8335,per_usd
1982-03-17,1.8426,per_usd
1982-03-18,1.8426,per_usd
1982-03-19,1.8426,per_usd
1982-03-22,1.8518,per_usd
1982-03-23,1.861,per_usd
1982-03-24,1.8517,per_usd
1982-03-25,1.8517,per_usd
1982-03-26,1.8628,per_usd
1982-03-29,1.8628,per_usd
1982-03-30,1.8722,per_usd
1982-03-31,1.8722,per_usd
1982-04-01,1.8722,per_usd
1982-04-02,1.8528,per_usd
1982-04-05,1.8628,per_usd
1982-04-06,1.8628,per_usd
1982-04-07,1.8628,per_usd
1982-04-08,1.8628,per_usd
1982-04-09,1.8628,per_usd
1982-04-12,1.8628,per_usd
1982-04-13,1.8628,per_usd
1982-04-14,1.8628,per_usd
1982-04-15,1.8628,per_usd
1982-04-16,1.8722,per_usd
1982-04-19,1.8628,per_usd
1982-04-20,1.8628,per_usd
1982-04-21,1.8628,per_usd
1982-04-22,1.8517,per_usd
1982-04-23,1.8517,per_usd
1982-04-26,1.8443,per_usd
1982-04-27,1.8443,per_usd
1982-04-28,1.8333,per_usd
1982-04-29,1.8333,per_usd
1982-04-30,1.8333,per_usd
1982-05-03,1.8222,per_usd
1982-05-04,1.8222,per_usd
1982-05-05,1.8222,per_usd
1982-05-06,1.8131,per_usd
1982-05-07,1.7986,per_usd
1982-05-10,1.7986,per_usd
1982-05-11,1.7986,per_usd
1982-05-12,1.7986,per_usd
1982-05-13,1.7986,per_usd
1982-05-14,1.813,per_usd
1982-05-17,1.813,per_usd
1982-05-18,1.813,per_usd
1982-05-19,1.813,per_usd
1982-05-20,1.813,per_usd
1982-05-21,1.813,per_usd
1982-05-24,1.813,per_usd
1982-05-25,1.813,per_usd
1982-05-26,1.813,per_usd
1982-05-27,1.8239,per_usd
1982-05-28,1.8331,per_usd
1982-06-01,1.8331,per_usd
1982-06-02,1.8514,per_usd
1982-06-03,1.8514,per_usd
1982-06-04,1.8514,per_usd
1982-06-07,1.8514,per_usd
1982-06-08,1.8625,per_usd
1982-06-09,1.8756,per_usd
1982-06-10,1.8756,per_usd
1982-06-11,1.8868,per_usd
1982-06-14,1.8755,per_usd
1982-06-15,1.9074,per_usd
1982-06-16,1.9074,per_usd
1982-06-17,1.9226,per_usd
1982-06-18,1.9322,per_usd
1982-06-21,1.9322,per_usd
1982-06-22,1.9477,per_usd
1982-06-23,1.9477,per_usd
1982-06-24,1.9398,per_usd
1982-06-25,1.9398,per_usd
1982-06-28,1.9515,per_usd
1982-06-29,1.9515,per_usd
1982-06-30,1.9358,per_usd
1982-07-01,1.9358,per_usd
1982-07-02,1.9358,per_usd
1982-07-06,1.9358,per_usd
1982-07-07,1.9552,per_usd
1982-07-08,1.9552,per_usd
1982-07-09,1.9552,per_usd
1982-07-12,1.9395,per_usd
1982-07-13,1.9395,per_usd
1982-07-14,1.9395,per_usd
1982-07-15,1.9395,per_usd
1982-07-16,1.9395,per_usd
1982-07-19,1.9298,per_usd
1982-07-20,1.9298,per_usd
1982-07-21,1.9298,per_usd
1982-07-22,1.9086,per_usd
1982-07-23,1.9086,per_usd
1982-07-26,1.8857,per_usd
1982-07-27,1.9026,per_usd
1982-07-28,1.9026,per_usd
1982-07-29,1.9312,per_usd
1982-07-30,1.9312,per_usd
1982-08-02,1.9312,per_usd
1982-08-03,1.9196,per_usd
1982-08-04,1.9292,per_usd
1982-08-05,1.9446,per_usd
1982-08-06,1.9525,per_usd
1982-08-09,1.9661,per_usd
1982-08-10,1.9661,per_usd
1982-08-11,1.9661,per_usd
1982-08-12,1.9661,per_usd
1982-08-13,1.9661,per_usd
1982-08-16,1.9661,per_usd
1982-08-17,1.9661,per_usd
1982-08-18,1.9661,per_usd
1982-08-19,1.9484,per_usd
1982-08-20,1.9328,per_usd
1982-08-23,1.9193,per_usd
1982-08-24,1.9193,per_usd
1982-08-25,1.9078,per_usd
1982-08-26,1.9173,per_usd
1982-08-27,1.9173,per_usd
1982-08-30,1.9326,per_usd
1982-08-31,1.9501,per_usd
1982-09-01,1.9501,per_usd
1982-09-02,1.9501,per_usd
1982-09-03,1.9305,per_usd
1982-09-07,1.944,per_usd
1982-09-08,1.944,per_usd
1982-09-09,1.944,per_usd
1982-09-10,1.944,per_usd
1982-09-13,1.9577,per_usd
1982-09-14,1.9577,per_usd
1982-09-15,1.9577,per_usd
1982-09-16,1.9577,per_usd
1982-09-17,1.9577,per_usd
1982-09-20,1.9577,per_usd
1982-09-21,1.9577,per_usd
1982-09-22,1.9479,per_usd
1982-09-23,1.9577,per_usd
1982-09-24,1.9675,per_usd
1982-09-27,1.9675,per_usd
1982-09-28,1.9832,per_usd
1982-09-29,1.9832,per_usd
1982-09-30,1.9733,per_usd
1982-10-01,1.9733,per_usd
1982-10-04,1.9753,per_usd
1982-10-05,1.9931,per_usd
1982-10-06,1.9931,per_usd
1982-10-07,1.9931,per_usd
1982-10-08,1.9632,per_usd
1982-10-12,1.9612,per_usd
1982-10-13,1.9612,per_usd
1982-10-14,1.9729,per_usd
1982-10-15,1.9827,per_usd
1982-10-18,1.9827,per_usd
1982-10-19,1.9947,per_usd
1982-10-20,1.9947,per_usd
1982-10-21,2.0046,per_usd
1982-10-22,2.0046,per_usd
1982-10-25,2.0046,per_usd
1982-10-26,2.0046,per_usd
1982-10-27,2.0046,per_usd
1982-10-28,2.0046,per_usd
1982-10-29,2.0046,per_usd
1982-11-01,2.0046,per_usd
1982-11-03,2.0046,per_usd
1982-11-04,2.0046,per_usd
1982-11-05,2.0046,per_usd
1982-11-08,2.0046,per_usd
1982-11-09,2.0046,per_usd
1982-11-10,2.0046,per_usd
1982-11-12,2.0046,per_usd
1982-11-15,2.0046,per_usd
1982-11-16,2.0046,per_usd
1982-11-17,2.0046,per_usd
1982-11-18,2.0046,per_usd
1982-11-19,2.0046,per_usd
1982-11-22,1.9906,per_usd
1982-11-23,1.9906,per_usd
1982-11-24,1.9906,per_usd
1982-11-26,1.9906,per_usd
1982-11-29,1.9906,per_usd
1982-11-30,1.9906,per_usd
1982-12-01,1.9687,per_usd
1982-12-02,1.9687,per_usd
1982-12-03,1.9569,per_usd
1982-12-06,1.9569,per_usd
1982-12-07,1.9412,per_usd
1982-12-08,1.9412,per_usd
1982-12-09,1.9412,per_usd
1982-12-10,1.951,per_usd
1982-12-13,1.951,per_usd
1982-12-14,1.9646,per_usd
1982-12-15,1.9509,per_usd
1982-12-16,1.9509,per_usd
1982-12-17,1.9372,per_usd
1982-12-20,1.9372,per_usd
1982-12-21,1.9372,per_usd
1982-12-22,1.9372,per_usd
1982-12-23,1.9372,per_usd
1982-12-24,1.9372,per_usd
1982-12-27,1.9372,per_usd
1982-12-28,1.9372,per_usd
1982-12-29,1.9275,per_usd
1982-12-30,1.9275,per_usd
1982-12-31,1.9275,per_usd
1983-01-03,1.9275,per_usd
1983-01-04,1.914,per_usd
1983-01-05,1.914,per_usd
1983-01-06,1.9044,per_usd
1983-01-07,1.9044,per_usd
1983-01-10,1.9044,per_usd
1983-01-11,1.8949,per_usd
1983-01-12,1.9082,per_usd
1983-01-13,1.9082,per_usd
1983-01-14,1.9082,per_usd
1983-01-17,1.9082,per_usd
1983-01-18,1.9082,per_usd
1983-01-19,1.9234,per_usd
1983-01-20,1.9368,per_usd
1983-01-21,1.9368,per_usd
1983-01-24,1.9504,per_usd
1983-01-25,1.9621,per_usd
1983-01-26,1.9464,per_usd
1983-01-27,1.9464,per_usd
1983-01-28,1.9464,per_usd
1983-01-31,1.9464,per_usd
1983-02-01,1.9639,per_usd
1983-02-02,1.9717,per_usd
1983-02-03,1.9717,per_usd
1983-02-04,1.9796,per_usd
1983-02-07,1.9796,per_usd
1983-02-08,1.9658,per_usd
1983-02-09,1.9658,per_usd
1983-02-10,1.956,per_usd
1983-02-11,1.956,per_usd
1983-02-14,1.956,per_usd
1983-02-15,1.956,per_usd
1983-02-16,1.956,per_usd
1983-02-17,1.956,per_usd
1983-02-18,1.956,per_usd
1983-02-22,1.956,per_usd
1983-02-23,1.9735,per_usd
1983-02-24,1.9736,per_usd
1983-02-25,1.9736,per_usd
1983-02-28,1.9736,per_usd
1983-03-01,1.9914,per_usd
1983-03-02,1.9914,per_usd
1983-03-03,1.9814,per_usd
1983-03-04,1.9814,per_usd
1983-03-07,1.9676,per_usd
1983-03-08,1.9676,per_usd
1983-03-09,1.9774,per_usd
1983-03-10,1.9774,per_usd
1983-03-11,1.9675,per_usd
1983-03-14,1.9812,per_usd
1983-03-15,1.9674,per_usd
1983-03-16,1.9674,per_usd
1983-03-17,1.9674,per_usd
1983-03-18,1.9792,per_usd
1983-03-21,1.9792,per_usd
1983-03-22,1.9892,per_usd
1983-03-23,1.9892,per_usd
1983-03-24,1.9991,per_usd
1983-03-25,1.9991,per_usd
1983-03-28,1.9991,per_usd
1983-03-29,1.9991,per_usd
1983-03-30,1.9991,per_usd
1983-03-31,1.9991,per_usd
1983-04-01,1.9991,per_usd
1983-04-04,1.9991,per_usd
1983-04-05,1.9991,per_usd
1983-04-06,1.9991,per_usd
1983-04-07,1.9991,per_usd
1983-04-08,1.997,per_usd
1983-04-11,1.997,per_usd
1983-04-12,1.997,per_usd
1983-04-13,1.997,per_usd
1983-04-14,1.997,per_usd
1983-04-15,1.997,per_usd
1983-04-18,1.989,per_usd
1983-04-19,1.9969,per_usd
1983-04-20,1.9909,per_usd
1983-04-21,1.9909,per_usd
1983-04-22,1.9909,per_usd
1983-04-25,1.9809,per_usd
1983-04-26,1.9809,per_usd
1983-04-27,1.9909,per_usd
1983-04-28,1.9909,per_usd
1983-04-29,1.9909,per_usd
1983-05-02,1.9909,per_usd
1983-05-03,1.9909,per_usd
1983-05-04,1.9909,per_usd
1983-05-05,1.9829,per_usd
1983-05-06,1.9829,per_usd
1983-05-09,1.9829,per_usd
1983-05-10,1.9829,per_usd
1983-05-11,1.9731,per_usd
1983-05-12,1.9829,per_usd
1983-05-13,1.9829,per_usd
1983-05-16,1.9829,per_usd
1983-05-17,1.9929,per_usd
1983-05-18,1.9929,per_usd
1983-05-19,1.9929,per_usd
1983-05-20,1.9929,per_usd
1983-05-23,1.9929,per_usd
1983-05-24,1.9929,per_usd
1983-05-25,1.9989,per_usd
1983-05-26,1.9989,per_usd
1983-05-27,1.9989,per_usd
1983-05-31,1.9989,per_usd
1983-06-01,1.9989,per_usd
1983-06-02,1.9989,per_usd
1983-06-03,1.9989,per_usd
1983-06-06,1.9989,per_usd
1983-06-07,1.9989,per_usd
1983-06-08,1.9989,per_usd
1983-06-09,1.9989,per_usd
1983-06-10,1.9989,per_usd
1983-06-13,1.9989,per_usd
1983-06-14,1.9989,per_usd
1983-06-15,1.9989,per_usd
1983-06-16,1.9989,per_usd
1983-06-17,1.9989,per_usd
1983-06-20,1.9989,per_usd
1983-06-21,1.9989,per_usd
1983-06-22,1.9869,per_usd
1983-06-23,1.9869,per_usd
1983-06-24,1.9869,per_usd
1983-06-27,1.9769,per_usd
1983-06-28,1.9888,per_usd
1983-06-29,1.9888,per_usd
1983-06-30,1.9888,per_usd
1983-07-01,1.9888,per_usd
1983-07-05,1.9888,per_usd
1983-07-06,1.9987,per_usd
1983-07-07,1.9987,per_usd
1983-07-08,1.9987,per_usd
1983-07-11,1.9887,per_usd
1983-07-12,1.9986,per_usd
1983-07-13,1.9986,per_usd
1983-07-14,1.9986,per_usd
1983-07-15,1.9986,per_usd
1983-07-18,1.9986,per_usd
1983-07-19,1.9986,per_usd
1983-07-20,1.9986,per_usd
1983-07-21,1.9986,per_usd
1983-07-22,1.9986,per_usd
1983-07-25,1.9886,per_usd
1983-07-26,1.9985,per_usd
1983-07-27,1.9985,per_usd
1983-07-28,1.9985,per_usd
1983-07-29,1.9985,per_usd
1983-08-01,1.9985,per_usd
1983-08-02,1.9985,per_usd
1983-08-03,1.9985,per_usd
1983-08-04,1.9985,per_usd
1983-08-05,1.9985,per_usd
1983-08-08,1.9985,per_usd
1983-08-09,1.9985,per_usd
1983-08-10,1.9985,per_usd
1983-08-11,1.9985,per_usd
1983-08-12,1.9985,per_usd
1983-08-15,1.9985,per_usd
1983-08-16,1.9805,per_usd
1983-08-17,1.9805,per_usd
1983-08-18,1.9509,per_usd
1983-08-19,1.9606,per_usd
1983-08-22,1.9606,per_usd
1983-08-23,1.9606,per_usd
1983-08-24,1.9606,per_usd
1983-08-25,1.9606,per_usd
1983-08-26,1.9704,per_usd
1983-08-29,1.9902,per_usd
1983-08-30,1.9902,per_usd
1983-08-31,1.9902,per_usd
1983-09-01,1.9902,per_usd
1983-09-02,1.9902,per_usd
1983-09-06,1.9902,per_usd
1983-09-07,1.9902,per_usd
1983-09-08,1.9902,per_usd
1983-09-09,1.9902,per_usd
1983-09-12,1.9802,per_usd
1983-09-13,1.9802,per_usd
1983-09-14,1.9902,per_usd
1983-09-15,1.9902,per_usd
1983-09-16,1.9902,per_usd
1983-09-19,1.9902,per_usd
1983-09-20,1.9802,per_usd
1983-09-21,1.9922,per_usd
1983-09-22,1.9922,per_usd
1983-09-23,1.9922,per_usd
1983-09-26,1.9802,per_usd
1983-09-27,1.9802,per_usd
1983-09-28,1.9802,per_usd
1983-09-29,1.9802,per_usd
1983-09-30,1.9802,per_usd
1983-10-03,1.9703,per_usd
1983-10-04,1.9703,per_usd
1983-10-05,1.9703,per_usd
1983-10-06,1.9605,per_usd
1983-10-07,1.9605,per_usd
1983-10-11,1.9527,per_usd
1983-10-12,1.9527,per_usd
1983-10-13,1.9624,per_usd
1983-10-14,1.9624,per_usd
1983-10-17,1.9624,per_usd
1983-10-18,1.9624,per_usd
1983-10-19,1.9624,per_usd
1983-10-20,1.9624,per_usd
1983-10-21,1.9722,per_usd
1983-10-24,1.9722,per_usd
1983-10-25,1.9722,per_usd
1983-10-26,1.9722,per_usd
1983-10-27,1.9722,per_usd
1983-10-28,1.9722,per_usd
1983-10-31,1.984,per_usd
1983-11-01,1.994,per_usd
1983-11-02,1.994,per_usd
1983-11-03,1.994,per_usd
1983-11-04,1.994,per_usd
1983-11-07,1.994,per_usd
1983-11-09,1.994,per_usd
1983-11-10,1.994,per_usd
1983-11-14,1.994,per_usd
1983-11-15,1.994,per_usd
1983-11-16,1.994,per_usd
1983-11-17,1.994,per_usd
1983-11-18,1.994,per_usd
1983-11-21,1.994,per_usd
1983-11-22,1.994,per_usd
1983-11-23,1.994,per_usd
1983-11-25,1.994,per_usd
1983-11-28,1.994,per_usd
1983-11-29,1.994,per_usd
1983-11-30,1.994,per_usd
1983-12-01,1.986,per_usd
1983-12-02,1.986,per_usd
1983-12-05,1.986,per_usd
1983-12-06,1.9939,per_usd
1983-12-07,1.9939,per_usd
1983-12-08,1.9939,per_usd
1983-12-09,1.9939,per_usd
1983-12-12,1.9939,per_usd
1983-12-13,1.9939,per_usd
1983-12-14,1.9939,per_usd
1983-12-15,1.9939,per_usd
1983-12-16,1.9939,per_usd
1983-12-19,1.9939,per_usd
1983-12-20,1.9939,per_usd
1983-12-21,1.9939,per_usd
1983-12-22,1.9939,per_usd
1983-12-23,1.9939,per_usd
1983-12-27,1.9939,per_usd
1983-12-28,1.9939,per_usd
1983-12-29,1.9859,per_usd
1983-12-30,1.9859,per_usd
1984-01-03,1.9859,per_usd
1984-01-04,2.0057,per_usd
1984-01-05,2.0157,per_usd
1984-01-06,2.0259,per_usd
1984-01-09,2.0259,per_usd
1984-01-10,2.0461,per_usd
1984-01-11,2.0461,per_usd
1984-01-12,2.0461,per_usd
1984-01-13,2.0461,per_usd
1984-01-16,2.0461,per_usd
1984-01-17,2.0461,per_usd
1984-01-18,2.0563,per_usd
1984-01-19,2.0563,per_usd
1984-01-20,2.0563,per_usd
1984-01-23,2.0667,per_usd
1984-01-24,2.077,per_usd
1984-01-25,2.077,per_usd
1984-01-26,2.0666,per_usd
1984-01-27,2.079,per_usd
1984-01-30,2.079,per_usd
1984-01-31,2.079,per_usd
1984-02-01,2.079,per_usd
1984-02-02,2.079,per_usd
1984-02-03,2.0623,per_usd
1984-02-06,2.0623,per_usd
1984-02-07,2.0768,per_usd
1984-02-08,2.0768,per_usd
1984-02-09,2.0768,per_usd
1984-02-10,2.0768,per_usd
1984-02-14,2.0768,per_usd
1984-02-15,2.0601,per_usd
1984-02-16,2.0519,per_usd
1984-02-17,2.0519,per_usd
1984-02-21,2.0519,per_usd
1984-02-22,2.0519,per_usd
1984-02-23,2.0519,per_usd
1984-02-24,2.0519,per_usd
1984-02-27,2.0519,per_usd
1984-02-28,2.0519,per_usd
1984-02-29,2.0519,per_usd
1984-03-01,2.0519,per_usd
1984-03-02,2.0519,per_usd
1984-03-05,2.0519,per_usd
1984-03-06,2.0417,per_usd
1984-03-07,2.0417,per_usd
1984-03-08,2.0498,per_usd
1984-03-09,2.0498,per_usd
1984-03-12,2.0683,per_usd
1984-03-13,2.0683,per_usd
1984-03-14,2.0579,per_usd
1984-03-15,2.0579,per_usd
1984-03-16,2.0662,per_usd
1984-03-19,2.0744,per_usd
1984-03-20,2.0744,per_usd
1984-03-21,2.0847,per_usd
1984-03-22,2.0847,per_usd
1984-03-23,2.0847,per_usd
1984-03-26,2.0847,per_usd
1984-03-27,2.0743,per_usd
1984-03-28,2.0743,per_usd
1984-03-29,2.0639,per_usd
1984-03-30,2.0639,per_usd
1984-04-02,2.0639,per_usd
1984-04-03,2.0743,per_usd
1984-04-04,2.0743,per_usd
1984-04-05,2.0743,per_usd
1984-04-06,2.0846,per_usd
1984-04-09,2.0846,per_usd
1984-04-10,2.0846,per_usd
1984-04-11,2.0846,per_usd
1984-04-12,2.0846,per_usd
1984-04-13,2.0846,per_usd
1984-04-16,2.0846,per_usd
1984-04-17,2.0846,per_usd
1984-04-18,2.0846,per_usd
1984-04-19,2.0846,per_usd
1984-04-20,2.1055,per_usd
1984-04-23,2.1055,per_usd
1984-04-24,2.1055,per_usd
1984-04-25,2.1181,per_usd
1984-04-26,2.1181,per_usd
1984-04-27,2.1329,per_usd
1984-04-30,2.1329,per_usd
1984-05-01,2.1329,per_usd
1984-05-02,2.1458,per_usd
1984-05-03,2.1458,per_usd
1984-05-04,2.1414,per_usd
1984-05-07,2.1629,per_usd
1984-05-08,2.1845,per_usd
1984-05-09,2.1845,per_usd
1984-05-10,2.1845,per_usd
1984-05-11,2.1845,per_usd
1984-05-14,2.1845,per_usd
1984-05-15,2.1845,per_usd
1984-05-16,2.1845,per_usd
1984-05-17,2.1845,per_usd
1984-05-18,2.2042,per_usd
1984-05-21,2.2042,per_usd
1984-05-22,2.2042,per_usd
1984-05-23,2.2042,per_usd
1984-05-24,2.2218,per_usd
1984-05-25,2.2063,per_usd
1984-05-29,2.2218,per_usd
1984-05-30,2.2173,per_usd
1984-05-31,2.2173,per_usd
1984-06-01,2.2173,per_usd
1984-06-04,2.193,per_usd
1984-06-05,2.193,per_usd
1984-06-06,2.193,per_usd
1984-06-07,2.193,per_usd
1984-06-08,2.193,per_usd
1984-06-11,2.193,per_usd
1984-06-12,2.2018,per_usd
1984-06-13,2.2018,per_usd
1984-06-14,2.2018,per_usd
1984-06-15,2.2085,per_usd
1984-06-18,2.2194,per_usd
1984-06-19,2.2084,per_usd
1984-06-20,2.2306,per_usd
1984-06-21,2.2306,per_usd
1984-06-22,2.2417,per_usd
1984-06-25,2.2417,per_usd
1984-06-26,2.2529,per_usd
1984-06-27,2.2529,per_usd
1984-06-28,2.2529,per_usd
1984-06-29,2.2529,per_usd
1984-07-02,2.2529,per_usd
1984-07-03,2.2529,per_usd
1984-07-05,2.271,per_usd
1984-07-06,2.2869,per_usd
1984-07-09,2.2869,per_usd
1984-07-10,2.2869,per_usd
1984-07-11,2.2869,per_usd
1984-07-12,2.2869,per_usd
1984-07-13,2.2983,per_usd
1984-07-16,2.2983,per_usd
1984-07-17,2.2914,per_usd
1984-07-18,2.3028,per_usd
1984-07-19,2.3028,per_usd
1984-07-20,2.3028,per_usd
1984-07-23,2.3144,per_usd
1984-07-24,2.3259,per_usd
1984-07-25,2.3259,per_usd
1984-07-26,2.3166,per_usd
1984-07-27,2.3258,per_usd
1984-07-30,2.3374,per_usd
1984-07-31,2.3374,per_usd
1984-08-01,2.3444,per_usd
1984-08-02,2.3327,per_usd
1984-08-03,2.3327,per_usd
1984-08-06,2.3211,per_usd
1984-08-07,2.3211,per_usd
1984-08-08,2.3559,per_usd
1984-08-09,2.3441,per_usd
1984-08-10,2.3306,per_usd
1984-08-13,2.3767,per_usd
1984-08-14,2.3625,per_usd
1984-08-15,2.3625,per_usd
1984-08-16,2.3625,per_usd
1984-08-17,2.3625,per_usd
1984-08-20,2.3625,per_usd
1984-08-21,2.3837,per_usd
1984-08-22,2.4088,per_usd
1984-08-23,2.4028,per_usd
1984-08-24,2.4028,per_usd
1984-08-27,2.4028,per_usd
1984-08-28,2.4196,per_usd
1984-08-29,2.4196,per_usd
1984-08-30,2.4196,per_usd
1984-08-31,2.4196,per_usd
1984-09-04,2.4414,per_usd
1984-09-05,2.4732,per_usd
1984-09-06,2.488,per_usd
1984-09-07,2.488,per_usd
1984-09-10,2.5216,per_usd
1984-09-11,2.5342,per_usd
1984-09-12,2.519,per_usd
1984-09-13,2.5341,per_usd
1984-09-14,2.5494,per_usd
1984-09-17,2.5621,per_usd
1984-09-18,2.6018,per_usd
1984-09-19,2.6018,per_usd
1984-09-20,2.6109,per_usd
1984-09-21,2.6331,per_usd
1984-09-24,2.5699,per_usd
1984-09-25,2.539,per_usd
1984-09-26,2.5746,per_usd
1984-09-27,2.5746,per_usd
1984-09-28,2.5746,per_usd
1984-10-01,2.6055,per_usd
1984-10-02,2.6055,per_usd
1984-10-03,2.582,per_usd
1984-10-04,2.6079,per_usd
1984-10-05,2.6079,per_usd
1984-10-09,2.6141,per_usd
1984-10-10,2.6507,per_usd
1984-10-11,2.6507,per_usd
1984-10-12,2.672,per_usd
1984-10-15,2.672,per_usd
1984-10-16,2.7147,per_usd
1984-10-17,2.7147,per_usd
1984-10-18,2.7147,per_usd
1984-10-19,2.6984,per_usd
1984-10-22,2.6742,per_usd
1984-10-23,2.6742,per_usd
1984-10-24,2.6314,per_usd
1984-10-25,2.6129,per_usd
1984-10-26,2.6129,per_usd
1984-10-29,2.6365,per_usd
1984-10-30,2.6734,per_usd
1984-10-31,2.6466,per_usd
1984-11-01,2.6334,per_usd
1984-11-02,2.5939,per_usd
1984-11-05,2.5653,per_usd
1984-11-07,2.5819,per_usd
1984-11-08,2.5742,per_usd
1984-11-09,2.6051,per_usd
1984-11-13,2.6233,per_usd
1984-11-14,2.647,per_usd
1984-11-15,2.647,per_usd
1984-11-16,2.6682,per_usd
1984-11-19,2.6682,per_usd
1984-11-20,2.7001,per_usd
1984-11-21,2.7217,per_usd
1984-11-23,2.7217,per_usd
1984-11-26,2.7625,per_usd
1984-11-27,2.7943,per_usd
1984-11-28,2.7943,per_usd
1984-11-29,2.7943,per_usd
1984-11-30,2.7953,per_usd
1984-12-03,2.7943,per_usd
1984-12-04,2.7943,per_usd
1984-12-05,2.7831,per_usd
1984-12-06,2.7831,per_usd
1984-12-07,2.7831,per_usd
1984-12-10,2.7971,per_usd
1984-12-11,2.7971,per_usd
1984-12-12,2.7971,per_usd
1984-12-13,2.7971,per_usd
1984-12-14,2.7971,per_usd
1984-12-17,2.7971,per_usd
1984-12-18,2.7971,per_usd
1984-12-19,2.7971,per_usd
1984-12-20,2.7971,per_usd
1984-12-21,2.7971,per_usd
1984-12-24,2.7971,per_usd
1984-12-26,2.7971,per_usd
1984-12-27,2.7971,per_usd
1984-12-28,2.8027,per_usd
1984-12-31,2.8027,per_usd
1985-01-02,2.8027,per_usd
1985-01-03,2.8167,per_usd
1985-01-04,2.8167,per_usd
1985-01-07,2.8167,per_usd
1985-01-08,2.8167,per_usd
1985-01-09,2.8167,per_usd
1985-01-10,2.8167,per_usd
1985-01-11,2.8167,per_usd
1985-01-14,2.8167,per_usd
1985-01-15,2.8167,per_usd
1985-01-16,2.8167,per_usd
1985-01-17,2.8167,per_usd
1985-01-18,2.8167,per_usd
1985-01-22,2.8167,per_usd
1985-01-23,2.8167,per_usd
1985-01-24,2.8167,per_usd
1985-01-25,2.8167,per_usd
1985-01-28,2.8167,per_usd
1985-01-29,2.8167,per_usd
1985-01-30,2.8167,per_usd
1985-01-31,2.8167,per_usd
1985-02-01,2.8167,per_usd
1985-02-04,2.8167,per_usd
1985-02-05,2.8167,per_usd
1985-02-06,2.8167,per_usd
1985-02-07,2.8167,per_usd
1985-02-08,2.8167,per_usd
1985-02-11,2.8167,per_usd
1985-02-13,2.8589,per_usd
1985-02-14,2.8589,per_usd
1985-02-15,2.8475,per_usd
1985-02-19,2.8305,per_usd
1985-02-20,2.8305,per_usd
1985-02-21,2.8305,per_usd
1985-02-22,2.8418,per_usd
1985-02-25,2.8503,per_usd
1985-02-26,2.8588,per_usd
1985-02-27,2.8588,per_usd
1985-02-28,2.8417,per_usd
1985-03-01,2.8559,per_usd
1985-03-04,2.8559,per_usd
1985-03-05,2.8644,per_usd
1985-03-06,2.8816,per_usd
1985-03-07,2.8671,per_usd
1985-03-08,2.8758,per_usd
1985-03-11,2.8758,per_usd
1985-03-12,2.8556,per_usd
1985-03-13,2.8641,per_usd
1985-03-14,2.8641,per_usd
1985-03-15,2.8641,per_usd
1985-03-18,2.8641,per_usd
1985-03-19,2.847,per_usd
1985-03-20,2.8356,per_usd
1985-03-21,2.8469,per_usd
1985-03-22,2.8385,per_usd
1985-03-25,2.8384,per_usd
1985-03-26,2.8384,per_usd
1985-03-27,2.8327,per_usd
1985-03-28,2.8269,per_usd
1985-03-29,2.8269,per_usd
1985-04-01,2.8269,per_usd
1985-04-02,2.8439,per_usd
1985-04-03,2.8439,per_usd
1985-04-04,2.8552,per_usd
1985-04-05,2.858,per_usd
1985-04-08,2.858,per_usd
1985-04-09,2.858,per_usd
1985-04-10,2.8523,per_usd
1985-04-11,2.8523,per_usd
1985-04-12,2.8381,per_usd
1985-04-15,2.8381,per_usd
1985-04-16,2.8339,per_usd
1985-04-17,2.8339,per_usd
1985-04-18,2.8452,per_usd
1985-04-19,2.831,per_usd
1985-04-22,2.831,per_usd
1985-04-23,2.8451,per_usd
1985-04-24,2.8565,per_usd
1985-04-25,2.8593,per_usd
1985-04-26,2.868,per_usd
1985-04-29,2.868,per_usd
1985-04-30,2.8593,per_usd
1985-05-01,2.8593,per_usd
1985-05-02,2.8593,per_usd
1985-05-03,2.8593,per_usd
1985-05-06,2.8737,per_usd
1985-05-07,2.8737,per_usd
1985-05-08,2.8593,per_usd
1985-05-09,2.8593,per_usd
1985-05-10,2.8593,per_usd
1985-05-13,2.8536,per_usd
1985-05-14,2.8451,per_usd
1985-05-15,2.8451,per_usd
1985-05-16,2.868,per_usd
1985-05-17,2.8451,per_usd
1985-05-20,2.8451,per_usd
1985-05-21,2.8451,per_usd
1985-05-22,2.8451,per_usd
1985-05-23,2.868,per_usd
1985-05-24,2.8451,per_usd
1985-05-28,2.8565,per_usd
1985-05-29,2.8565,per_usd
1985-05-30,2.8508,per_usd
1985-05-31,2.8508,per_usd
1985-06-03,2.8508,per_usd
1985-06-04,2.8508,per_usd
1985-06-05,2.865,per_usd
1985-06-06,2.865,per_usd
1985-06-07,2.865,per_usd
1985-06-10,2.865,per_usd
1985-06-11,2.865,per_usd
1985-06-12,2.865,per_usd
1985-06-13,2.865,per_usd
1985-06-14,2.865,per_usd
1985-06-17,2.865,per_usd
1985-06-18,2.865,per_usd
1985-06-19,2.8536,per_usd
1985-06-20,2.8708,per_usd
1985-06-21,2.8851,per_usd
1985-06-24,2.8851,per_usd
1985-06-25,2.8851,per_usd
1985-06-26,2.8851,per_usd
1985-06-27,2.8851,per_usd
1985-06-28,2.8851,per_usd
1985-07-01,2.8851,per_usd
1985-07-02,2.8851,per_usd
1985-07-03,2.8851,per_usd
1985-07-05,2.8851,per_usd
1985-07-08,2.8793,per_usd
1985-07-09,2.8793,per_usd
1985-07-10,2.8793,per_usd
1985-07-11,2.8793,per_usd
1985-07-12,2.8793,per_usd
1985-07-15,2.8736,per_usd
1985-07-16,2.8736,per_usd
1985-07-17,2.8736,per_usd
1985-07-18,2.8649,per_usd
1985-07-19,2.8764,per_usd
1985-07-22,2.885,per_usd
1985-07-23,2.885,per_usd
1985-07-24,2.885,per_usd
1985-07-25,2.885,per_usd
1985-07-26,2.885,per_usd
1985-07-29,2.885,per_usd
1985-07-30,2.885,per_usd
1985-07-31,2.885,per_usd
1985-08-01,2.885,per_usd
1985-08-02,2.9051,per_usd
1985-08-05,2.8993,per_usd
1985-08-06,2.8993,per_usd
1985-08-07,2.9081,per_usd
1985-08-08,2.9081,per_usd
1985-08-09,2.9081,per_usd
1985-08-12,2.9081,per_usd
1985-08-13,2.9081,per_usd
1985-08-14,2.9081,per_usd
1985-08-15,2.9081,per_usd
1985-08-16,2.9081,per_usd
1985-08-19,2.9081,per_usd
1985-08-20,2.9081,per_usd
1985-08-21,2.9168,per_usd
1985-08-22,2.9168,per_usd
1985-08-23,2.9168,per_usd
1985-08-26,2.9168,per_usd
1985-08-27,2.9168,per_usd
1985-08-28,2.9168,per_usd
1985-08-29,2.9168,per_usd
1985-08-30,2.9168,per_usd
1985-09-03,2.9372,per_usd
1985-09-04,2.949,per_usd
1985-09-05,2.949,per_usd
1985-09-06,2.9608,per_usd
1985-09-09,2.9697,per_usd
1985-09-10,2.9786,per_usd
1985-09-11,2.9786,per_usd
1985-09-12,2.9786,per_usd
1985-09-13,2.9786,per_usd
1985-09-16,2.9697,per_usd
1985-09-17,2.9697,per_usd
1985-09-18,2.9815,per_usd
1985-09-19,2.9905,per_usd
1985-09-20,2.9905,per_usd
1985-09-23,2.9844,per_usd
1985-09-24,2.9755,per_usd
1985-09-25,2.9755,per_usd
1985-09-26,2.9755,per_usd
1985-09-27,2.9755,per_usd
1985-09-30,2.9755,per_usd
1985-10-01,2.9874,per_usd
1985-10-02,2.9874,per_usd
1985-10-03,3.0083,per_usd
1985-10-04,3.0023,per_usd
1985-10-07,3.0023,per_usd
1985-10-08,3.0294,per_usd
1985-10-09,3.0415,per_usd
1985-10-10,3.0536,per_usd
1985-10-11,3.0536,per_usd
1985-10-15,3.0536,per_usd
1985-10-16,3.0658,per_usd
1985-10-17,3.0658,per_usd
1985-10-18,3.0627,per_usd
1985-10-21,3.0627,per_usd
1985-10-22,3.0842,per_usd
1985-10-23,3.1057,per_usd
1985-10-24,3.1275,per_usd
1985-10-25,3.1588,per_usd
1985-10-28,3.1588,per_usd
1985-10-29,3.1904,per_usd
1985-10-30,3.2095,per_usd
1985-10-31,3.2095,per_usd
1985-11-01,3.2095,per_usd
1985-11-04,3.2095,per_usd
1985-11-05,3.2095,per_usd
1985-11-06,3.2095,per_usd
1985-11-07,3.2095,per_usd
1985-11-08,3.2095,per_usd
1985-11-12,3.2095,per_usd
1985-11-13,3.2095,per_usd
1985-11-14,3.2095,per_usd
1985-11-15,3.2095,per_usd
1985-11-18,3.192,per_usd
1985-11-19,3.2095,per_usd
1985-11-20,3.2095,per_usd
1985-11-21,3.2095,per_usd
1985-11-22,3.2095,per_usd
1985-11-25,3.2095,per_usd
1985-11-26,3.2095,per_usd
1985-11-27,3.2095,per_usd
1985-11-29,3.2095,per_usd
1985-12-02,3.2095,per_usd
1985-12-03,3.2095,per_usd
1985-12-04,3.2095,per_usd
1985-12-05,3.2095,per_usd
1985-12-06,3.2095,per_usd
1985-12-09,3.2095,per_usd
1985-12-10,3.2095,per_usd
1985-12-11,3.2095,per_usd
1985-12-12,3.2095,per_usd
1985-12-13,3.2095,per_usd
1985-12-16,3.2095,per_usd
1985-12-17,3.2095,per_usd
1985-12-18,3.2095,per_usd
1985-12-19,3.2095,per_usd
1985-12-20,3.2095,per_usd
1985-12-23,3.2095,per_usd
1985-12-24,3.2095,per_usd
1985-12-26,3.2095,per_usd
1985-12-27,3.2095,per_usd
1985-12-30,3.2095,per_usd
1985-12-31,3.2095,per_usd
1986-01-02,3.2095,per_usd
1986-01-03,3.2095,per_usd
1986-01-06,3.2095,per_usd
1986-01-07,3.2095,per_usd
1986-01-08,3.2095,per_usd
1986-01-09,3.2095,per_usd
1986-01-10,3.2095,per_usd
1986-01-13,3.2095,per_usd
1986-01-14,3.2095,per_usd
1986-01-15,3.2095,per_usd
1986-01-16,3.2095,per_usd
1986-01-17,3.2095,per_usd
1986-01-21,3.2095,per_usd
1986-01-22,3.2095,per_usd
1986-01-23,3.2095,per_usd
1986-01-24,3.2095,per_usd
1986-01-27,3.2095,per_usd
1986-01-28,3.2095,per_usd
1986-01-29,3.2095,per_usd
1986-01-30,3.2095,per_usd
1986-01-31,3.2095,per_usd
1986-02-03,3.2095,per_usd
1986-02-04,3.2095,per_usd
1986-02-05,3.2159,per_usd
1986-02-06,3.2159,per_usd
1986-02-07,3.2159,per_usd
1986-02-10,3.2159,per_usd
1986-02-11,3.2159,per_usd
1986-02-12,3.2159,per_usd
1986-02-13,3.2159,per_usd
1986-02-14,3.2159,per_usd
1986-02-18,3.2159,per_usd
1986-02-19,3.2159,per_usd
1986-02-20,3.2159,per_usd
1986-02-21,3.2159,per_usd
1986-02-24,3.2159,per_usd
1986-02-25,3.2159,per_usd
1986-02-26,3.2159,per_usd
1986-02-27,3.2159,per_usd
1986-02-28,3.2159,per_usd
1986-03-03,3.2159,per_usd
1986-03-04,3.2159,per_usd
1986-03-05,3.2159,per_usd
1986-03-06,3.2159,per_usd
1986-03-07,3.2159,per_usd
1986-03-10,3.2159,per_usd
1986-03-11,3.2159,per_usd
1986-03-12,3.2159,per_usd
1986-03-13,3.2191,per_usd
1986-03-14,3.2191,per_usd
1986-03-17,3.2191,per_usd
1986-03-18,3.2191,per_usd
1986-03-19,3.2191,per_usd
1986-03-20,3.2191,per_usd
1986-03-21,3.2191,per_usd
1986-03-24,3.2191,per_usd
1986-03-25,3.2288,per_usd
1986-03-26,3.2288,per_usd
1986-03-27,3.2288,per_usd
1986-03-28,3.23,per_usd
1986-03-31,3.2288,per_usd
1986-04-01,3.2288,per_usd
1986-04-02,3.2288,per_usd
1986-04-03,3.2288,per_usd
1986-04-04,3.2288,per_usd
1986-04-07,3.2288,per_usd
1986-04-08,3.2288,per_usd
1986-04-09,3.2223,per_usd
1986-04-10,3.2223,per_usd
1986-04-11,3.2159,per_usd
1986-04-14,3.2159,per_usd
1986-04-15,3.2159,per_usd
1986-04-16,3.2159,per_usd
1986-04-17,3.2095,per_usd
1986-04-18,3.2095,per_usd
1986-04-21,3.2095,per_usd
1986-04-22,3.2031,per_usd
1986-04-23,3.2031,per_usd
1986-04-24,3.1999,per_usd
1986-04-25,3.1999,per_usd
1986-04-28,3.1999,per_usd
1986-04-29,3.1999,per_usd
1986-04-30,3.1999,per_usd
1986-05-01,3.1999,per_usd
1986-05-02,3.2031,per_usd
1986-05-05,3.2031,per_usd
1986-05-06,3.1967,per_usd
1986-05-07,3.1967,per_usd
1986-05-08,3.1967,per_usd
1986-05-09,3.1967,per_usd
1986-05-12,3.1935,per_usd
1986-05-13,3.1935,per_usd
1986-05-14,3.1935,per_usd
1986-05-15,3.1935,per_usd
1986-05-16,3.1935,per_usd
1986-05-19,3.1999,per_usd
1986-05-20,3.1999,per_usd
1986-05-21,3.2063,per_usd
1986-05-22,3.2063,per_usd
1986-05-23,3.2095,per_usd
1986-05-27,3.2095,per_usd
1986-05-28,3.2095,per_usd
1986-05-29,3.2095,per_usd
1986-05-30,3.2191,per_usd
1986-06-02,3.2223,per_usd
1986-06-03,3.2233,per_usd
1986-06-04,3.2159,per_usd
1986-06-05,3.2159,per_usd
1986-06-06,3.2095,per_usd
1986-06-09,3.2095,per_usd
1986-06-10,3.2095,per_usd
1986-06-11,3.2095,per_usd
1986-06-12,3.2025,per_usd
1986-06-13,3.2095,per_usd
1986-06-16,3.2095,per_usd
1986-06-17,3.2095,per_usd
1986-06-18,3.2127,per_usd
1986-06-19,3.2127,per_usd
1986-06-20,3.2127,per_usd
1986-06-23,3.2127,per_usd
1986-06-24,3.2095,per_usd
1986-06-25,3.2095,per_usd
1986-06-26,3.2095,per_usd
1986-06-27,3.2095,per_usd
1986-06-30,3.2063,per_usd
1986-07-01,3.2031,per_usd
1986-07-02,3.2031,per_usd
1986-07-03,3.2063,per_usd
1986-07-07,3.7129,per_usd
1986-07-08,3.7129,per_usd
1986-07-09,3.7129,per_usd
1986-07-10,3.7129,per_usd
1986-07-11,3.7129,per_usd
1986-07-14,3.7129,per_usd
1986-07-15,3.7129,per_usd
1986-07-16,3.7129,per_usd
1986-07-17,3.7129,per_usd
1986-07-18,3.7129,per_usd
1986-07-21,3.7129,per_usd
1986-07-22,3.7129,per_usd
1986-07-23,3.7129,per_usd
1986-07-24,3.7129,per_usd
1986-07-25,3.7129,per_usd
1986-07-28,3.7129,per_usd
1986-07-29,3.7129,per_usd
1986-07-30,3.7129,per_usd
1986-07-31,3.7129,per_usd
1986-08-01,3.7129,per_usd
1986-08-04,3.7129,per_usd
1986-08-05,3.7129,per_usd
1986-08-06,3.7129,per_usd
1986-08-07,3.7129,per_usd
1986-08-08,3.7129,per_usd
1986-08-11,3.7129,per_usd
1986-08-12,3.7129,per_usd
1986-08-13,3.7129,per_usd
1986-08-14,3.7129,per_usd
1986-08-15,3.7129,per_usd
1986-08-18,3.7129,per_usd
1986-08-19,3.7129,per_usd
1986-08-20,3.7129,per_usd
1986-08-21,3.7129,per_usd
1986-08-22,3.7129,per_usd
1986-08-25,3.7129,per_usd
1986-08-26,3.7129,per_usd
1986-08-27,3.7129,per_usd
1986-08-28,3.7129,per_usd
1986-08-29,3.7129,per_usd
1986-09-02,3.7129,per_usd
1986-09-03,3.7129,per_usd
1986-09-04,3.7129,per_usd
1986-09-05,3.7129,per_usd
1986-09-08,3.7129,per_usd
1986-09-09,3.7129,per_usd
1986-09-10,3.7129,per_usd
1986-09-11,3.7129,per_usd
1986-09-12,3.7129,per_usd
1986-09-15,3.7129,per_usd
1986-09-16,3.7129,per_usd
1986-09-17,3.7129,per_usd
1986-09-18,3.7129,per_usd
1986-09-19,3.7129,per_usd
1986-09-22,3.7129,per_usd
1986-09-23,3.7129,per_usd
1986-09-24,3.7129,per_usd
1986-09-25,3.724,per_usd
1986-09-26,3.724,per_usd
1986-09-29,3.724,per_usd
1986-09-30,3.724,per_usd
1986-10-01,3.724,per_usd
1986-10-02,3.724,per_usd
1986-10-03,3.724,per_usd
1986-10-06,3.724,per_usd
1986-10-07,3.724,per_usd
1986-10-08,3.724,per_usd
1986-10-09,3.724,per_usd
1986-10-10,3.724,per_usd
1986-10-14,3.724,per_usd
1986-10-15,3.724,per_usd
1986-10-16,3.724,per_usd
1986-10-17,3.724,per_usd
1986-10-20,3.724,per_usd
1986-10-21,3.724,per_usd
1986-10-22,3.724,per_usd
1986-10-23,3.724,per_usd
1986-10-24,3.724,per_usd
1986-10-27,3.7314,per_usd
1986-10-28,3.7314,per_usd
1986-10-29,3.7314,per_usd
1986-10-30,3.7314,per_usd
1986-10-31,3.7314,per_usd
1986-11-03,3.7314,per_usd
1986-11-04,3.7314,per_usd
1986-11-05,3.7314,per_usd
1986-11-06,3.7314,per_usd
1986-11-07,3.7314,per_usd
1986-11-10,3.7314,per_usd
1986-11-12,3.7314,per_usd
1986-11-13,3.7314,per_usd
1986-11-14,3.7314,per_usd
1986-11-17,3.7314,per_usd
1986-11-18,3.7314,per_usd
1986-11-19,3.7314,per_usd
1986-11-20,3.7314,per_usd
1986-11-21,3.7314,per_usd
1986-11-24,3.7314,per_usd
1986-11-25,3.7314,per_usd
1986-11-26,3.7314,per_usd
1986-11-28,3.7314,per_usd
1986-12-01,3.7314,per_usd
1986-12-02,3.7314,per_usd
1986-12-03,3.7314,per_usd
1986-12-04,3.7314,per_usd
1986-12-05,3.7314,per_usd
1986-12-08,3.7314,per_usd
1986-12-09,3.7314,per_usd
1986-12-10,3.7314,per_usd
1986-12-11,3.7314,per_usd
1986-12-12,3.7314,per_usd
1986-12-15,3.7314,per_usd
1986-12-16,3.7314,per_usd
1986-12-17,3.7314,per_usd
1986-12-18,3.7314,per_usd
1986-12-19,3.7314,per_usd
1986-12-22,3.7314,per_usd
1986-12-23,3.7314,per_usd
1986-12-24,3.7314,per_usd
1986-12-26,3.7314,per_usd
1986-12-29,3.7314,per_usd
1986-12-30,3.7314,per_usd
1986-12-31,3.7314,per_usd
1987-01-02,3.7314,per_usd
1987-01-05,3.7314,per_usd
1987-01-06,3.7314,per_usd
1987-01-07,3.7314,per_usd
1987-01-08,3.7314,per_usd
1987-01-09,3.7314,per_usd
1987-01-12,3.7314,per_usd
1987-01-13,3.7314,per_usd
1987-01-14,3.7314,per_usd
1987-01-15,3.7314,per_usd
1987-01-16,3.7314,per_usd
1987-01-20,3.7314,per_usd
1987-01-21,3.7314,per_usd
1987-01-22,3.7314,per_usd
1987-01-23,3.7314,per_usd
1987-01-26,3.7314,per_usd
1987-01-27,3.7314,per_usd
1987-01-28,3.7314,per_usd
1987-01-29,3.7314,per_usd
1987-01-30,3.7314,per_usd
1987-02-02,3.7314,per_usd
1987-02-03,3.7314,per_usd
1987-02-04,3.7314,per_usd
1987-02-05,3.7314,per_usd
1987-02-06,3.7314,per_usd
1987-02-09,3.7314,per_usd
1987-02-10,3.7314,per_usd
1987-02-11,3.7314,per_usd
1987-02-12,3.7314,per_usd
1987-02-13,3.7314,per_usd
1987-02-17,3.7314,per_usd
1987-02-18,3.7314,per_usd
1987-02-19,3.7314,per_usd
1987-02-20,3.7314,per_usd
1987-02-23,3.7314,per_usd
1987-02-24,3.7314,per_usd
1987-02-25,3.7314,per_usd
1987-02-26,3.7314,per_usd
1987-02-27,3.7314,per_usd
1987-03-02,3.7314,per_usd
1987-03-03,3.7314,per_usd
1987-03-04,3.7314,per_usd
1987-03-05,3.7314,per_usd
1987-03-06,3.7314,per_usd
1987-03-09,3.7314,per_usd
1987-03-10,3.7314,per_usd
1987-03-11,3.7314,per_usd
1987-03-12,3.7314,per_usd
1987-03-13,3.7314,per_usd
1987-03-16,3.7314,per_usd
1987-03-17,3.7314,per_usd
1987-03-18,3.7314,per_usd
1987-03-19,3.7314,per_usd
1987-03-20,3.7314,per_usd
1987-03-23,3.7314,per_usd
1987-03-24,3.7314,per_usd
1987-03-25,3.7314,per_usd
1987-03-26,3.7314,per_usd
1987-03-27,3.7314,per_usd
1987-03-30,3.7314,per_usd
1987-03-31,3.7314,per_usd
1987-04-01,3.7314,per_usd
1987-04-02,3.7314,per_usd
1987-04-03,3.7314,per_usd
1987-04-06,3.7314,per_usd
1987-04-07,3.7314,per_usd
1987-04-08,3.7314,per_usd
1987-04-09,3.7314,per_usd
1987-04-10,3.7314,per_usd
1987-04-13,3.7314,per_usd
1987-04-14,3.7314,per_usd
1987-04-15,3.7314,per_usd
1987-04-16,3.7314,per_usd
1987-04-17,3.7314,per_usd
1987-04-20,3.7314,per_usd
1987-04-21,3.7314,per_usd
1987-04-22,3.7314,per_usd
1987-04-23,3.7314,per_usd
1987-04-24,3.7314,per_usd
1987-04-27,3.7314,per_usd
1987-04-28,3.7314,per_usd
1987-04-29,3.7314,per_usd
1987-04-30,3.7314,per_usd
1987-05-01,3.7314,per_usd
1987-05-04,3.7314,per_usd
1987-05-05,3.7314,per_usd
1987-05-06,3.7314,per_usd
1987-05-07,3.7314,per_usd
1987-05-08,3.7314,per_usd
1987-05-11,3.7314,per_usd
1987-05-12,3.7314,per_usd
1987-05-13,3.7314,per_usd
1987-05-14,3.7314,per_usd
1987-05-15,3.7314,per_usd
1987-05-18,3.7314,per_usd
1987-05-19,3.7314,per_usd
1987-05-20,3.7314,per_usd
1987-05-21,3.7314,per_usd
1987-05-22,3.7314,per_usd
1987-05-26,3.7314,per_usd
1987-05-27,3.7314,per_usd
1987-05-28,3.7314,per_usd
1987-05-29,3.7314,per_usd
1987-06-01,3.7314,per_usd
1987-06-02,3.7314,per_usd
1987-06-03,3.7314,per_usd
1987-06-04,3.7314,per_usd
1987-06-05,3.7314,per_usd
1987-06-08,3.7314,per_usd
1987-06-09,3.7314,per_usd
1987-06-10,3.7314,per_usd
1987-06-11,3.7314,per_usd
1987-06-12,3.7314,per_usd
1987-06-15,3.7314,per_usd
1987-06-16,3.7314,per_usd
1987-06-17,3.7314,per_usd
1987-06-18,3.7314,per_usd
1987-06-19,3.7314,per_usd
1987-06-22,3.7314,per_usd
1987-06-23,3.7314,per_usd
1987-06-24,3.7314,per_usd
1987-06-25,3.7314,per_usd
1987-06-26,3.7314,per_usd
1987-06-29,3.7314,per_usd
1987-06-30,3.7314,per_usd
1987-07-01,3.7314,per_usd
1987-07-02,3.7314,per_usd
1987-07-03,3.7314,per_usd
1987-07-06,3.7314,per_usd
1987-07-07,3.7314,per_usd
1987-07-08,3.7314,per_usd
1987-07-09,3.7314,per_usd
1987-07-10,3.7314,per_usd
1987-07-13,3.7314,per_usd
1987-07-14,3.7314,per_usd
1987-07-15,3.7314,per_usd
1987-07-16,3.7314,per_usd
1987-07-17,3.7314,per_usd
1987-07-20,3.7314,per_usd
1987-07-21,3.7314,per_usd
1987-07-22,3.7314,per_usd
1987-07-23,3.7314,per_usd
1987-07-24,3.7314,per_usd
1987-07-27,3.7314,per_usd
1987-07-28,3.7314,per_usd
1987-07-29,3.7314,per_usd
1987-07-30,3.7314,per_usd
1987-07-31,3.7314,per_usd
1987-08-03,3.7314,per_usd
1987-08-04,3.7314,per_usd
1987-08-05,3.7314,per_usd
1987-08-06,3.7314,per_usd
1987-08-07,3.7314,per_usd
1987-08-10,3.7314,per_usd
1987-08-11,3.7314,per_usd
1987-08-12,3.7314,per_usd
1987-08-13,3.7314,per_usd
1987-08-14,3.7314,per_usd
1987-08-17,3.7314,per_usd
1987-08-18,3.7314,per_usd
1987-08-19,3.7314,per_usd
1987-08-20,3.7314,per_usd
1987-08-21,3.7314,per_usd
1987-08-24,3.7314,per_usd
1987-08-25,3.7314,per_usd
1987-08-26,3.7314,per_usd
1987-08-27,3.7314,per_usd
1987-08-28,3.7314,per_usd
1987-08-31,3.7314,per_usd
1987-09-01,3.7314,per_usd
1987-09-02,3.7314,per_usd
1987-09-03,3.7314,per_usd
1987-09-04,3.7314,per_usd
1987-09-08,3.7314,per_usd
1987-09-09,3.7314,per_usd
1987-09-10,3.7314,per_usd
1987-09-11,3.7314,per_usd
1987-09-14,3.7314,per_usd
1987-09-15,3.7314,per_usd
1987-09-16,3.7314,per_usd
1987-09-17,3.7314,per_usd
1987-09-18,3.7314,per_usd
1987-09-21,3.7314,per_usd
1987-09-22,3.7314,per_usd
1987-09-23,3.7314,per_usd
1987-09-24,3.7314,per_usd
1987-09-25,3.7314,per_usd
1987-09-28,3.7314,per_usd
1987-09-29,3.7314,per_usd
1987-09-30,3.7314,per_usd
1987-10-01,3.7314,per_usd
1987-10-02,3.7314,per_usd
1987-10-05,3.7314,per_usd
1987-10-06,3.7314,per_usd
1987-10-07,3.7314,per_usd
1987-10-08,3.7314,per_usd
1987-10-09,3.7314,per_usd
1987-10-13,3.7314,per_usd
1987-10-14,3.7314,per_usd
1987-10-15,3.7314,per_usd
1987-10-16,3.7314,per_usd
1987-10-19,3.7314,per_usd
1987-10-20,3.7314,per_usd
1987-10-21,3.7314,per_usd
1987-10-22,3.7314,per_usd
1987-10-23,3.7314,per_usd
1987-10-26,3.7314,per_usd
1987-10-27,3.7314,per_usd
1987-10-28,3.7314,per_usd
1987-10-29,3.7314,per_usd
1987-10-30,3.7314,per_usd
1987-11-02,3.7314,per_usd
1987-11-03,3.7314,per_usd
1987-11-04,3.7314,per_usd
1987-11-05,3.7314,per_usd
1987-11-06,3.7314,per_usd
1987-11-09,3.7314,per_usd
1987-11-10,3.7314,per_usd
1987-11-12,3.7314,per_usd
1987-11-13,3.7314,per_usd
1987-11-16,3.7314,per_usd
1987-11-17,3.7314,per_usd
1987-11-18,3.7314,per_usd
1987-11-19,3.7314,per_usd
1987-11-20,3.7314,per_usd
1987-11-23,3.7314,per_usd
1987-11-24,3.7314,per_usd
1987-11-25,3.7314,per_usd
1987-11-27,3.7314,per_usd
1987-11-30,3.7314,per_usd
1987-12-01,3.7314,per_usd
1987-12-02,3.7314,per_usd
1987-12-03,3.7314,per_usd
1987-12-04,3.7314,per_usd
1987-12-07,3.7314,per_usd
1987-12-08,3.7314,per_usd
1987-12-09,3.7314,per_usd
1987-12-10,3.7314,per_usd
1987-12-11,3.7314,per_usd
1987-12-14,3.7314,per_usd
1987-12-15,3.7314,per_usd
1987-12-16,3.7314,per_usd
1987-12-17,3.7314,per_usd
1987-12-18,3.7314,per_usd
1987-12-21,3.7314,per_usd
1987-12-22,3.7314,per_usd
1987-12-23,3.7314,per_usd
1987-12-24,3.7314,per_usd
1987-12-28,3.7314,per_usd
1987-12-29,3.7314,per_usd
1987-12-30,3.7314,per_usd
1987-12-31,3.7314,per_usd
1988-01-04,3.7314,per_usd
1988-01-05,3.7314,per_usd
1988-01-06,3.7314,per_usd
1988-01-07,3.7314,per_usd
1988-01-08,3.7314,per_usd
1988-01-11,3.7314,per_usd
1988-01-12,3.7314,per_usd
1988-01-13,3.7314,per_usd
1988-01-14,3.7314,per_usd
1988-01-15,3.7314,per_usd
1988-01-19,3.7314,per_usd
1988-01-20,3.7314,per_usd
1988-01-21,3.7314,per_usd
1988-01-22,3.7314,per_usd
1988-01-25,3.7314,per_usd
1988-01-26,3.7314,per_usd
1988-01-27,3.7314,per_usd
1988-01-28,3.7314,per_usd
1988-01-29,3.7314,per_usd
1988-02-01,3.7314,per_usd
1988-02-02,3.7314,per_usd
1988-02-03,3.7314,per_usd
1988-02-04,3.7314,per_usd
1988-02-05,3.7314,per_usd
1988-02-08,3.7314,per_usd
1988-02-09,3.7314,per_usd
1988-02-10,3.7314,per_usd
1988-02-11,3.7314,per_usd
1988-02-12,3.7314,per_usd
1988-02-16,3.7314,per_usd
1988-02-17,3.7314,per_usd
1988-02-18,3.7314,per_usd
1988-02-19,3.7314,per_usd
1988-02-22,3.7314,per_usd
1988-02-23,3.7314,per_usd
1988-02-24,3.7314,per_usd
1988-02-25,3.7314,per_usd
1988-02-26,3.7314,per_usd
1988-02-29,3.7314,per_usd
1988-03-01,3.7314,per_usd
1988-03-02,3.7314,per_usd
1988-03-03,3.7314,per_usd
1988-03-04,3.7314,per_usd
1988-03-07,3.7314,per_usd
1988-03-08,3.7314,per_usd
1988-03-09,3.7314,per_usd
1988-03-10,3.7314,per_usd
1988-03-11,3.7314,per_usd
1988-03-14,3.7314,per_usd
1988-03-15,3.7314,per_usd
1988-03-16,3.7314,per_usd
1988-03-17,3.7314,per_usd
1988-03-18,3.7314,per_usd
1988-03-21,3.7314,per_usd
1988-03-22,3.7314,per_usd
1988-03-23,3.7314,per_usd
1988-03-24,3.7314,per_usd
1988-03-25,3.7314,per_usd
1988-03-28,3.7314,per_usd
1988-03-29,3.7314,per_usd
1988-03-30,3.7314,per_usd
1988-03-31,3.7314,per_usd
1988-04-01,3.7314,per_usd
1988-04-04,3.7314,per_usd
1988-04-05,3.7314,per_usd
1988-04-06,3.7314,per_usd
1988-04-07,3.7314,per_usd
1988-04-08,3.7314,per_usd
1988-04-11,3.7314,per_usd
1988-04-12,3.7314,per_usd
1988-04-13,3.7314,per_usd
1988-04-14,3.7314,per_usd
1988-04-15,3.7314,per_usd
1988-04-18,3.7314,per_usd
1988-04-19,3.7314,per_usd
1988-04-20,3.7314,per_usd
1988-04-21,3.7314,per_usd
1988-04-22,3.7314,per_usd
1988-04-25,3.7314,per_usd
1988-04-26,3.7314,per_usd
1988-04-27,3.7314,per_usd
1988-04-28,3.7314,per_usd
1988-04-29,3.7314,per_usd
1988-05-02,3.7314,per_usd
1988-05-03,3.7314,per_usd
1988-05-04,3.7314,per_usd
1988-05-05,3.7314,per_usd
1988-05-06,3.7314,per_usd
1988-05-09,3.7314,per_usd
1988-05-10,3.7314,per_usd
1988-05-11,3.7314,per_usd
1988-05-12,3.7314,per_usd
1988-05-13,3.7314,per_usd
1988-05-16,3.7314,per_usd
1988-05-17,3.7314,per_usd
1988-05-18,3.7314,per_usd
1988-05-19,3.7314,per_usd
1988-05-20,3.7314,per_usd
1988-05-23,3.7314,per_usd
1988-05-24,3.7314,per_usd
1988-05-25,3.7314,per_usd
1988-05-26,3.7314,per_usd
1988-05-27,3.7314,per_usd
1988-05-31,3.7314,per_usd
1988-06-01,3.7314,per_usd
1988-06-02,3.7314,per_usd
1988-06-03,3.7314,per_usd
1988-06-06,3.7314,per_usd
1988-06-07,3.7314,per_usd
1988-06-08,3.7314,per_usd
1988-06-09,3.7314,per_usd
1988-06-10,3.7314,per_usd
1988-06-13,3.7314,per_usd
1988-06-14,3.7314,per_usd
1988-06-15,3.7314,per_usd
1988-06-16,3.7314,per_usd
1988-06-17,3.7314,per_usd
1988-06-20,3.7314,per_usd
1988-06-21,3.7314,per_usd
1988-06-22,3.7314,per_usd
1988-06-23,3.7314,per_usd
1988-06-24,3.7314,per_usd
1988-06-27,3.7314,per_usd
1988-06-28,3.7314,per_usd
1988-06-29,3.7314,per_usd
1988-06-30,3.7314,per_usd
1988-07-01,3.7314,per_usd
1988-07-05,3.7314,per_usd
1988-07-06,3.7314,per_usd
1988-07-07,3.7314,per_usd
1988-07-08,3.7314,per_usd
1988-07-11,3.7314,per_usd
1988-07-12,3.7314,per_usd
1988-07-13,3.7314,per_usd
1988-07-14,3.7314,per_usd
1988-07-15,3.7314,per_usd
1988-07-18,3.7314,per_usd
1988-07-19,3.7314,per_usd
1988-07-20,3.7314,per_usd
1988-07-21,3.7314,per_usd
1988-07-22,3.7314,per_usd
1988-07-25,3.7314,per_usd
1988-07-26,3.7314,per_usd
1988-07-27,3.7314,per_usd
1988-07-28,3.7314,per_usd
1988-07-29,3.7314,per_usd
1988-08-01,3.7314,per_usd
1988-08-02,3.7314,per_usd
1988-08-03,3.7314,per_usd
1988-08-04,3.7314,per_usd
1988-08-05,3.7314,per_usd
1988-08-08,3.7314,per_usd
1988-08-09,3.7314,per_usd
1988-08-10,3.7314,per_usd
1988-08-11,3.7314,per_usd
1988-08-12,3.7314,per_usd
1988-08-15,3.7314,per_usd
1988-08-16,3.7314,per_usd
1988-08-17,3.7314,per_usd
1988-08-18,3.7314,per_usd
1988-08-19,3.7314,per_usd
1988-08-22,3.7314,per_usd
1988-08-23,3.7314,per_usd
1988-08-24,3.7314,per_usd
1988-08-25,3.7314,per_usd
1988-08-26,3.7314,per_usd
1988-08-29,3.7314,per_usd
1988-08-30,3.7314,per_usd
1988-08-31,3.7314,per_usd
1988-09-01,3.7314,per_usd
1988-09-02,3.7314,per_usd
1988-09-06,3.7314,per_usd
1988-09-07,3.7314,per_usd
1988-09-08,3.7314,per_usd
1988-09-09,3.7314,per_usd
1988-09-12,3.7314,per_usd
1988-09-13,3.7314,per_usd
1988-09-14,3.7314,per_usd
1988-09-15,3.7314,per_usd
1988-09-16,3.7314,per_usd
1988-09-19,3.7314,per_usd
1988-09-20,3.7314,per_usd
1988-09-21,3.7314,per_usd
1988-09-22,3.7314,per_usd
1988-09-23,3.7314,per_usd
1988-09-26,3.7314,per_usd
1988-09-27,3.7314,per_usd
1988-09-28,3.7314,per_usd
1988-09-29,3.7314,per_usd
1988-09-30,3.7314,per_usd
1988-10-03,3.7314,per_usd
1988-10-04,3.7314,per_usd
1988-10-05,3.7314,per_usd
1988-10-06,3.7314,per_usd
1988-10-07,3.7314,per_usd
1988-10-11,3.7314,per_usd
1988-10-12,3.7314,per_usd
1988-10-13,3.7314,per_usd
1988-10-14,3.7314,per_usd
1988-10-17,3.7314,per_usd
1988-10-18,3.7314,per_usd
1988-10-19,3.7314,per_usd
1988-10-20,3.7314,per_usd
1988-10-21,3.7314,per_usd
1988-10-24,3.7314,per_usd
1988-10-25,3.7314,per_usd
1988-10-26,3.7314,per_usd
1988-10-27,3.7314,per_usd
1988-10-28,3.7314,per_usd
1988-10-31,3.7314,per_usd
1988-11-01,3.7314,per_usd
1988-11-02,3.7314,per_usd
1988-11-03,3.7314,per_usd
1988-11-04,3.7314,per_usd
1988-11-07,3.7314,per_usd
1988-11-08,3.7314,per_usd
1988-11-09,3.7314,per_usd
1988-11-10,3.7314,per_usd
1988-11-14,3.7314,per_usd
1988-11-15,3.7314,per_usd
1988-11-16,3.7314,per_usd
1988-11-17,3.7314,per_usd
1988-11-18,3.7314,per_usd
1988-11-21,3.7314,per_usd
1988-11-22,3.7314,per_usd
1988-11-23,3.7314,per_usd
1988-11-25,3.7314,per_usd
1988-11-28,3.7314,per_usd
1988-11-29,3.7314,per_usd
1988-11-30,3.7314,per_usd
1988-12-01,3.7314,per_usd
1988-12-02,3.7314,per_usd
1988-12-05,3.7314,per_usd
1988-12-06,3.7314,per_usd
1988-12-07,3.7314,per_usd
1988-12-08,3.7314,per_usd
1988-12-09,3.7314,per_usd
1988-12-12,3.7314,per_usd
1988-12-13,3.7314,per_usd
1988-12-14,3.7314,per_usd
1988-12-15,3.7314,per_usd
1988-12-16,3.7314,per_usd
1988-12-19,3.7314,per_usd
1988-12-20,3.7314,per_usd
1988-12-21,3.7314,per_usd
1988-12-22,3.7314,per_usd
1988-12-23,3.7314,per_usd
1988-12-27,3.7314,per_usd
1988-12-28,3.7314,per_usd
1988-12-29,3.7314,per_usd
1988-12-30,3.7314,per_usd
1989-01-03,3.7314,per_usd
1989-01-04,3.7314,per_usd
1989-01-05,3.7314,per_usd
1989-01-06,3.7314,per_usd
1989-01-09,3.7314,per_usd
1989-01-10,3.7314,per_usd
1989-01-11,3.7314,per_usd
1989-01-12,3.7314,per_usd
1989-01-13,3.7314,per_usd
1989-01-17,3.7314,per_usd
1989-01-18,3.7314,per_usd
1989-01-19,3.7314,per_usd
1989-01-20,3.7314,per_usd
1989-01-23,3.7314,per_usd
1989-01-24,3.7314,per_usd
1989-01-25,3.7314,per_usd
1989-01-26,3.7314,per_usd
1989-01-27,3.7314,per_usd
1989-01-30,3.7314,per_usd
1989-01-31,3.7314,per_usd
1989-02-01,3.7314,per_usd
1989-02-02,3.7314,per_usd
1989-02-03,3.7314,per_usd
1989-02-06,3.7314,per_usd
1989-02-07,3.7314,per_usd
1989-02-08,3.7314,per_usd
1989-02-09,3.7314,per_usd
1989-02-10,3.7314,per_usd
1989-02-13,3.7314,per_usd
1989-02-14,3.7314,per_usd
1989-02-15,3.7314,per_usd
1989-02-16,3.7314,per_usd
1989-02-17,3.7314,per_usd
1989-02-21,3.7314,per_usd
1989-02-22,3.7314,per_usd
1989-02-23,3.7314,per_usd
1989-02-24,3.7314,per_usd
1989-02-27,3.7314,per_usd
1989-02-28,3.7314,per_usd
1989-03-01,3.7314,per_usd
1989-03-02,3.7314,per_usd
1989-03-03,3.7314,per_usd
1989-03-06,3.7314,per_usd
1989-03-07,3.7314,per_usd
1989-03-08,3.7314,per_usd
1989-03-09,3.7314,per_usd
1989-03-10,3.7314,per_usd
1989-03-13,3.7314,per_usd
1989-03-14,3.7314,per_usd
1989-03-15,3.7314,per_usd
1989-03-16,3.7314,per_usd
1989-03-17,3.7314,per_usd
1989-03-20,3.7314,per_usd
1989-03-21,3.7314,per_usd
1989-03-22,3.7314,per_usd
1989-03-23,3.7314,per_usd
1989-03-24,3.7314,per_usd
1989-03-27,3.7314,per_usd
1989-03-28,3.7314,per_usd
1989-03-29,3.7314,per_usd
1989-03-30,3.7314,per_usd
1989-03-31,3.7314,per_usd
1989-04-03,3.7314,per_usd
1989-04-04,3.7314,per_usd
1989-04-05,3.7314,per_usd
1989-04-06,3.7314,per_usd
1989-04-07,3.7314,per_usd
1989-04-10,3.7314,per_usd
1989-04-11,3.7314,per_usd
1989-04-12,3.7314,per_usd
1989-04-13,3.7314,per_usd
1989-04-14,3.7314,per_usd
1989-04-17,3.7314,per_usd
1989-04-18,3.7314,per_usd
1989-04-19,3.7314,per_usd
1989-04-20,3.7314,per_usd
1989-04-21,3.7314,per_usd
1989-04-24,3.7314,per_usd
1989-04-25,3.7314,per_usd
1989-04-26,3.7314,per_usd
1989-04-27,3.7314,per_usd
1989-04-28,3.7314,per_usd
1989-05-01,3.7314,per_usd
1989-05-02,3.7314,per_usd
1989-05-03,3.7314,per_usd
1989-05-04,3.7314,per_usd
1989-05-05,3.7314,per_usd
1989-05-08,3.7314,per_usd
1989-05-09,3.7314,per_usd
1989-05-10,3.7314,per_usd
1989-05-11,3.7314,per_usd
1989-05-12,3.7314,per_usd
1989-05-15,3.7314,per_usd
1989-05-16,3.7314,per_usd
1989-05-17,3.7314,per_usd
1989-05-18,3.7314,per_usd
1989-05-19,3.7314,per_usd
1989-05-22,3.7314,per_usd
1989-05-23,3.7314,per_usd
1989-05-24,3.7314,per_usd
1989-05-25,3.7314,per_usd
1989-05-26,3.7314,per_usd
1989-05-30,3.7314,per_usd
1989-05-31,3.7314,per_usd
1989-06-01,3.7314,per_usd
1989-06-02,3.7314,per_usd
1989-06-05,3.7314,per_usd
1989-06-06,3.7314,per_usd
1989-06-07,3.7314,per_usd
1989-06-08,3.7314,per_usd
1989-06-09,3.7314,per_usd
1989-06-12,3.7314,per_usd
1989-06-13,3.7314,per_usd
1989-06-14,3.7314,per_usd
1989-06-15,3.7314,per_usd
1989-06-16,3.7314,per_usd
1989-06-19,3.7314,per_usd
1989-06-20,3.7314,per_usd
1989-06-21,3.7314,per_usd
1989-06-22,3.7314,per_usd
1989-06-23,3.7318,per_usd
1989-06-26,3.7314,per_usd
1989-06-27,3.7314,per_usd
1989-06-28,3.7314,per_usd
1989-06-29,3.7314,per_usd
1989-06-30,3.7314,per_usd
1989-07-03,3.7314,per_usd
1989-07-05,3.7314,per_usd
1989-07-06,3.7314,per_usd
1989-07-07,3.7314,per_usd
1989-07-10,3.7314,per_usd
1989-07-11,3.7314,per_usd
1989-07-12,3.7314,per_usd
1989-07-13,3.7314,per_usd
1989-07-14,3.7314,per_usd
1989-07-17,3.7314,per_usd
1989-07-18,3.7314,per_usd
1989-07-19,3.7314,per_usd
1989-07-20,3.7314,per_usd
1989-07-21,3.7314,per_usd
1989-07-24,3.7314,per_usd
1989-07-25,3.7314,per_usd
1989-07-26,3.7314,per_usd
1989-07-27,3.7314,per_usd
1989-07-28,3.7314,per_usd
1989-07-31,3.7314,per_usd
1989-08-01,3.7314,per_usd
1989-08-02,3.7314,per_usd
1989-08-03,3.7314,per_usd
1989-08-04,3.7314,per_usd
1989-08-07,3.7314,per_usd
1989-08-08,3.7314,per_usd
1989-08-09,3.7314,per_usd
1989-08-10,3.7314,per_usd
1989-08-11,3.7314,per_usd
1989-08-14,3.7314,per_usd
1989-08-15,3.7314,per_usd
1989-08-16,3.7314,per_usd
1989-08-17,3.7314,per_usd
1989-08-18,3.7314,per_usd
1989-08-21,3.7314,per_usd
1989-08-22,3.7314,per_usd
1989-08-23,3.7314,per_usd
1989-08-24,3.7314,per_usd
1989-08-25,3.7314,per_usd
1989-08-28,3.7314,per_usd
1989-08-29,3.7314,per_usd
1989-08-30,3.7314,per_usd
1989-08-31,3.7314,per_usd
1989-09-01,3.7314,per_usd
1989-09-05,3.7314,per_usd
1989-09-06,3.7314,per_usd
1989-09-07,3.7314,per_usd
1989-09-08,3.7314,per_usd
1989-09-11,3.7314,per_usd
1989-09-12,3.7314,per_usd
1989-09-13,3.7314,per_usd
1989-09-14,3.7314,per_usd
1989-09-15,3.7314,per_usd
1989-09-18,3.7314,per_usd
1989-09-19,3.7314,per_usd
1989-09-20,3.7314,per_usd
1989-09-21,3.7314,per_usd
1989-09-22,3.7314,per_usd
1989-09-25,3.7314,per_usd
1989-09-26,3.7314,per_usd
1989-09-27,3.7314,per_usd
1989-09-28,3.7314,per_usd
1989-09-29,3.7314,per_usd
1989-10-02,3.7314,per_usd
1989-10-03,3.7314,per_usd
1989-10-04,3.7314,per_usd
1989-10-05,3.7314,per_usd
1989-10-06,3.7314,per_usd
1989-10-10,3.7314,per_usd
1989-10-11,3.7314,per_usd
1989-10-12,3.7314,per_usd
1989-10-13,3.7314,per_usd
1989-10-16,3.7314,per_usd
1989-10-17,3.7314,per_usd
1989-10-18,3.7314,per_usd
1989-10-19,3.7314,per_usd
1989-10-20,3.7314,per_usd
1989-10-23,3.7314,per_usd
1989-10-24,3.7314,per_usd
1989-10-25,3.7314,per_usd
1989-10-26,3.7314,per_usd
1989-10-27,3.7314,per_usd
1989-10-30,3.7314,per_usd
1989-10-31,3.7314,per_usd
1989-11-01,3.7314,per_usd
1989-11-02,3.7314,per_usd
1989-11-03,3.7314,per_usd
1989-11-06,3.7314,per_usd
1989-11-07,3.7314,per_usd
1989-11-08,3.7314,per_usd
1989-11-09,3.7314,per_usd
1989-11-10,3.7314,per_usd
1989-11-13,3.7314,per_usd
1989-11-14,3.7314,per_usd
1989-11-15,3.7314,per_usd
1989-11-16,3.7314,per_usd
1989-11-17,3.7314,per_usd
1989-11-20,3.7314,per_usd
1989-11-21,3.7314,per_usd
1989-11-22,3.7314,per_usd
1989-11-24,3.7314,per_usd
1989-11-27,3.7314,per_usd
1989-11-28,3.7314,per_usd
1989-11-29,3.7314,per_usd
1989-11-30,3.7314,per_usd
1989-12-01,3.7314,per_usd
1989-12-04,3.7314,per_usd
1989-12-05,3.7314,per_usd
1989-12-06,3.7314,per_usd
1989-12-07,3.7314,per_usd
1989-12-08,3.7314,per_usd
1989-12-11,3.7314,per_usd
1989-12-12,3.7314,per_usd
1989-12-13,3.7314,per_usd
1989-12-14,3.7314,per_usd
1989-12-15,3.7314,per_usd
1989-12-18,4.7339,per_usd
1989-12-19,4.7339,per_usd
1989-12-20,4.7339,per_usd
1989-12-21,4.7339,per_usd
1989-12-22,4.7339,per_usd
1989-12-26,4.7339,per_usd
1989-12-27,4.7339,per_usd
1989-12-28,4.7339,per_usd
1989-12-29,4.7339,per_usd
1990-01-02,4.7339,per_usd
1990-01-03,4.7339,per_usd
1990-01-04,4.7339,per_usd
1990-01-05,4.7339,per_usd
1990-01-08,4.7339,per_usd
1990-01-09,4.7339,per_usd
1990-01-10,4.7339,per_usd
1990-01-11,4.7339,per_usd
1990-01-12,4.7339,per_usd
1990-01-16,4.7339,per_usd
1990-01-17,4.7339,per_usd
1990-01-18,4.7339,per_usd
1990-01-19,4.7339,per_usd
1990-01-22,4.7339,per_usd
1990-01-23,4.7339,per_usd
1990-01-24,4.7339,per_usd
1990-01-25,4.7339,per_usd
1990-01-26,4.7339,per_usd
1990-01-29,4.7339,per_usd
1990-01-30,4.7339,per_usd
1990-01-31,4.7339,per_usd
1990-02-01,4.7339,per_usd
1990-02-02,4.7339,per_usd
1990-02-05,4.7339,per_usd
1990-02-06,4.7339,per_usd
1990-02-07,4.7339,per_usd
1990-02-08,4.7339,per_usd
1990-02-09,4.7339,per_usd
1990-02-12,4.7339,per_usd
1990-02-13,4.7339,per_usd
1990-02-14,4.7339,per_usd
1990-02-15,4.7339,per_usd
1990-02-16,4.7339,per_usd
1990-02-20,4.7339,per_usd
1990-02-21,4.7339,per_usd
1990-02-22,4.7339,per_usd
1990-02-23,4.7339,per_usd
1990-02-26,4.7339,per_usd
1990-02-27,4.7339,per_usd
1990-02-28,4.7339,per_usd
1990-03-01,4.7339,per_usd
1990-03-02,4.7339,per_usd
1990-03-05,4.7339,per_usd
1990-03-06,4.7339,per_usd
1990-03-07,4.7339,per_usd
1990-03-08,4.7339,per_usd
1990-03-09,4.7339,per_usd
1990-03-12,4.7339,per_usd
1990-03-13,4.7339,per_usd
1990-03-14,4.7339,per_usd
1990-03-15,4.7339,per_usd
1990-03-16,4.7339,per_usd
1990-03-19,4.7339,per_usd
1990-03-20,4.7339,per_usd
1990-03-21,4.7339,per_usd
1990-03-22,4.7339,per_usd
1990-03-23,4.7339,per_usd
1990-03-26,4.7339,per_usd
1990-03-27,4.7339,per_usd
1990-03-28,4.7339,per_usd
1990-03-29,4.7339,per_usd
1990-03-30,4.7339,per_usd
1990-04-02,4.7334,per_usd
1990-04-03,4.7334,per_usd
1990-04-04,4.7339,per_usd
1990-04-05,4.7339,per_usd
1990-04-06,4.7339,per_usd
1990-04-09,4.7339,per_usd
1990-04-10,4.7339,per_usd
1990-04-11,4.7339,per_usd
1990-04-12,4.7339,per_usd
1990-04-13,4.7339,per_usd
1990-04-16,4.7339,per_usd
1990-04-17,4.7339,per_usd
1990-04-18,4.7339,per_usd
1990-04-19,4.7339,per_usd
1990-04-20,4.7339,per_usd
1990-04-23,4.7339,per_usd
1990-04-24,4.7339,per_usd
1990-04-25,4.7339,per_usd
1990-04-26,4.7339,per_usd
1990-04-27,4.7339,per_usd
1990-04-30,4.7339,per_usd
1990-05-01,4.7339,per_usd
1990-05-02,4.7339,per_usd
1990-05-03,4.7339,per_usd
1990-05-04,4.7339,per_usd
1990-05-07,4.7339,per_usd
1990-05-08,4.7339,per_usd
1990-05-09,4.7339,per_usd
1990-05-10,4.7339,per_usd
1990-05-11,4.7339,per_usd
1990-05-14,4.7339,per_usd
1990-05-15,4.7339,per_usd
1990-05-16,4.7339,per_usd
1990-05-17,4.7339,per_usd
1990-05-18,4.7339,per_usd
1990-05-21,4.7339,per_usd
1990-05-22,4.7339,per_usd
1990-05-23,4.7339,per_usd
1990-05-24,4.7339,per_usd
1990-05-25,4.7339,per_usd
1990-05-29,4.7339,per_usd
1990-05-30,4.7339,per_usd
1990-05-31,4.7339,per_usd
1990-06-01,4.7339,per_usd
1990-06-04,4.7339,per_usd
1990-06-05,4.7339,per_usd
1990-06-06,4.7339,per_usd
1990-06-07,4.7339,per_usd
1990-06-08,4.7339,per_usd
1990-06-11,4.7339,per_usd
1990-06-12,4.7339,per_usd
1990-06-13,4.7339,per_usd
1990-06-14,4.7339,per_usd
1990-06-15,4.7339,per_usd
1990-06-18,4.7339,per_usd
1990-06-19,4.7334,per_usd
1990-06-20,4.7339,per_usd
1990-06-21,4.7339,per_usd
1990-06-22,4.7339,per_usd
1990-06-25,4.7339,per_usd
1990-06-26,4.7339,per_usd
1990-06-27,4.7339,per_usd
1990-06-28,4.7339,per_usd
1990-06-29,4.7339,per_usd
1990-07-02,4.7339,per_usd
1990-07-03,4.7339,per_usd
1990-07-05,4.7339,per_usd
1990-07-06,4.7339,per_usd
1990-07-09,4.7339,per_usd
1990-07-10,4.7339,per_usd
1990-07-11,4.7339,per_usd
1990-07-12,4.7339,per_usd
1990-07-13,4.7339,per_usd
1990-07-16,4.7339,per_usd
1990-07-17,4.7339,per_usd
1990-07-18,4.7339,per_usd
1990-07-19,4.7339,per_usd
1990-07-20,4.7339,per_usd
1990-07-23,4.7339,per_usd
1990-07-24,4.7339,per_usd
1990-07-25,4.7339,per_usd
1990-07-26,4.7339,per_usd
1990-07-27,4.7339,per_usd
1990-07-30,4.7339,per_usd
1990-07-31,4.7339,per_usd
1990-08-01,4.7339,per_usd
1990-08-02,4.7339,per_usd
1990-08-03,4.7339,per_usd
1990-08-06,4.7339,per_usd
1990-08-07,4.7339,per_usd
1990-08-08,4.7339,per_usd
1990-08-09,4.7339,per_usd
1990-08-10,4.7339,per_usd
1990-08-13,4.7339,per_usd
1990-08-14,4.7339,per_usd
1990-08-15,4.7339,per_usd
1990-08-16,4.7339,per_usd
1990-08-17,4.7339,per_usd
1990-08-20,4.7339,per_usd
1990-08-21,4.7339,per_usd
1990-08-22,4.7339,per_usd
1990-08-23,4.7339,per_usd
1990-08-24,4.7339,per_usd
1990-08-27,4.7339,per_usd
1990-08-28,4.7339,per_usd
1990-08-29,4.7339,per_usd
1990-08-30,4.7339,per_usd
1990-08-31,4.7339,per_usd
1990-09-04,4.7339,per_usd
1990-09-05,4.7339,per_usd
1990-09-06,4.7339,per_usd
1990-09-07,4.7339,per_usd
1990-09-10,4.7339,per_usd
1990-09-11,4.7339,per_usd
1990-09-12,4.7339,per_usd
1990-09-13,4.7339,per_usd
1990-09-14,4.7339,per_usd
1990-09-17,4.7339,per_usd
1990-09-18,4.7399,per_usd
1990-09-19,4.7339,per_usd
1990-09-20,4.7339,per_usd
1990-09-21,4.7339,per_usd
1990-09-24,4.7339,per_usd
1990-09-25,4.7339,per_usd
1990-09-26,4.7339,per_usd
1990-09-27,4.7339,per_usd
1990-09-28,4.7339,per_usd
1990-10-01,4.7339,per_usd
1990-10-02,4.7339,per_usd
1990-10-03,4.7339,per_usd
1990-10-04,4.7339,per_usd
1990-10-05,4.7339,per_usd
1990-10-09,4.7339,per_usd
1990-10-10,4.7339,per_usd
1990-10-11,4.7339,per_usd
1990-10-12,4.7339,per_usd
1990-10-15,4.7339,per_usd
1990-10-16,4.7339,per_usd
1990-10-17,4.7339,per_usd
1990-10-18,4.7339,per_usd
1990-10-19,4.7339,per_usd
1990-10-22,4.7339,per_usd
1990-10-23,4.7339,per_usd
1990-10-24,4.7339,per_usd
1990-10-25,4.7339,per_usd
1990-10-26,4.7339,per_usd
1990-10-29,4.7339,per_usd
1990-10-30,4.7339,per_usd
1990-10-31,4.7339,per_usd
1990-11-01,4.7339,per_usd
1990-11-02,4.7339,per_usd
1990-11-05,4.7339,per_usd
1990-11-06,4.7339,per_usd
1990-11-07,4.7339,per_usd
1990-11-08,4.7339,per_usd
1990-11-09,4.7339,per_usd
1990-11-13,4.7339,per_usd
1990-11-14,4.7339,per_usd
1990-11-15,4.7339,per_usd
1990-11-19,5.2352,per_usd
1990-11-20,5.2352,per_usd
1990-11-21,5.2352,per_usd
1990-11-23,5.2352,per_usd
1990-11-26,5.2352,per_usd
1990-11-27,5.2352,per_usd
1990-11-28,5.2352,per_usd
1990-11-29,5.2352,per_usd
1990-11-30,5.2352,per_usd
1990-12-03,5.2352,per_usd
1990-12-04,5.2352,per_usd
1990-12-05,5.2352,per_usd
1990-12-06,5.2352,per_usd
1990-12-07,5.2352,per_usd
1990-12-10,5.2352,per_usd
1990-12-11,5.2352,per_usd
1990-12-12,5.2352,per_usd
1990-12-13,5.2352,per_usd
1990-12-14,5.2352,per_usd
1990-12-17,5.2352,per_usd
1990-12-18,5.2352,per_usd
1990-12-19,5.2352,per_usd
1990-12-20,5.2352,per_usd
1990-12-21,5.2352,per_usd
1990-12-24,5.2352,per_usd
1990-12-26,5.2352,per_usd
1990-12-27,5.2352,per_usd
1990-12-28,5.2352,per_usd
1990-12-31,5.2352,per_usd
1991-01-02,5.2352,per_usd
1991-01-03,5.2352,per_usd
1991-01-04,5.2352,per_usd
1991-01-07,5.2352,per_usd
1991-01-08,5.2352,per_usd
1991-01-09,5.2352,per_usd
1991-01-10,5.2352,per_usd
1991-01-11,5.2352,per_usd
1991-01-14,5.2352,per_usd
1991-01-15,5.2352,per_usd
1991-01-16,5.2352,per_usd
1991-01-17,5.2352,per_usd
1991-01-18,5.2352,per_usd
1991-01-22,5.2352,per_usd
1991-01-23,5.2352,per_usd
1991-01-24,5.2352,per_usd
1991-01-25,5.2352,per_usd
1991-01-28,5.2352,per_usd
1991-01-29,5.2352,per_usd
1991-01-30,5.2352,per_usd
1991-01-31,5.2352,per_usd
1991-02-01,5.2352,per_usd
1991-02-04,5.2352,per_usd
1991-02-05,5.2352,per_usd
1991-02-06,5.2352,per_usd
1991-02-07,5.2352,per_usd
1991-02-08,5.2352,per_usd
1991-02-11,5.2352,per_usd
1991-02-12,5.2352,per_usd
1991-02-13,5.2352,per_usd
1991-02-14,5.2352,per_usd
1991-02-15,5.2352,per_usd
1991-02-19,5.2352,per_usd
1991-02-20,5.2352,per_usd
1991-02-21,5.2352,per_usd
1991-02-22,5.2352,per_usd
1991-02-25,5.2352,per_usd
1991-02-26,5.2352,per_usd
1991-02-27,5.2352,per_usd
1991-02-28,5.2352,per_usd
1991-03-01,5.2352,per_usd
1991-03-04,5.2352,per_usd
1991-03-05,5.2352,per_usd
1991-03-11,5.2352,per_usd
1991-03-12,5.2352,per_usd
1991-03-13,5.2352,per_usd
1991-03-14,5.2352,per_usd
1991-03-15,5.2352,per_usd
1991-03-18,5.2352,per_usd
1991-03-19,5.2352,per_usd
1991-03-20,5.2352,per_usd
1991-03-21,5.2352,per_usd
1991-03-22,5.2352,per_usd
1991-03-25,5.2352,per_usd
1991-03-26,5.2352,per_usd
1991-03-27,5.2352,per_usd
1991-03-28,5.2352,per_usd
1991-03-29,5.2352,per_usd
1991-04-01,5.2352,per_usd
1991-04-02,5.2352,per_usd
1991-04-03,5.2352,per_usd
1991-04-04,5.2352,per_usd
1991-04-05,5.2352,per_usd
1991-04-08,5.2352,per_usd
1991-04-09,5.2853,per_usd
1991-04-10,5.2853,per_usd
1991-04-11,5.2853,per_usd
1991-04-12,5.2827,per_usd
1991-04-15,5.2827,per_usd
1991-04-16,5.2827,per_usd
1991-04-17,5.2827,per_usd
1991-04-18,5.289,per_usd
1991-04-19,5.2979,per_usd
1991-04-22,5.3083,per_usd
1991-04-23,5.3036,per_usd
1991-04-24,5.3036,per_usd
1991-04-25,5.3036,per_usd
1991-04-26,5.3036,per_usd
1991-04-29,5.3036,per_usd
1991-05-01,5.3007,per_usd
1991-05-02,5.3007,per_usd
1991-05-03,5.3007,per_usd
1991-05-06,5.3201,per_usd
1991-05-07,5.3201,per_usd
1991-05-08,5.3201,per_usd
1991-05-09,5.3264,per_usd
1991-05-10,5.3264,per_usd
1991-05-13,5.3264,per_usd
1991-05-14,5.3264,per_usd
1991-05-15,5.3201,per_usd
1991-05-16,5.3201,per_usd
1991-05-17,5.3201,per_usd
1991-05-20,5.3332,per_usd
1991-05-21,5.3332,per_usd
1991-05-22,5.3296,per_usd
1991-05-23,5.3359,per_usd
1991-05-24,5.3359,per_usd
1991-05-28,5.3359,per_usd
1991-05-29,5.3359,per_usd
1991-05-30,5.349,per_usd
1991-05-31,5.349,per_usd
1991-06-03,5.3537,per_usd
1991-06-04,5.3585,per_usd
1991-06-05,5.3585,per_usd
1991-06-06,5.3585,per_usd
1991-06-07,5.3585,per_usd
1991-06-10,5.3674,per_usd
1991-06-11,5.3674,per_usd
1991-06-12,5.3674,per_usd
1991-06-13,5.3737,per_usd
1991-06-17,5.3737,per_usd
1991-06-18,5.3737,per_usd
1991-06-19,5.3737,per_usd
1991-06-20,5.369,per_usd
1991-06-21,5.369,per_usd
1991-06-24,5.369,per_usd
1991-06-25,5.369,per_usd
1991-06-26,5.369,per_usd
1991-06-27,5.369,per_usd
1991-06-28,5.369,per_usd
1991-07-01,5.369,per_usd
1991-07-02,5.3784,per_usd
1991-07-03,5.3847,per_usd
1991-07-05,5.3847,per_usd
1991-07-08,5.3789,per_usd
1991-07-09,5.3742,per_usd
1991-07-10,5.3742,per_usd
1991-07-11,5.3742,per_usd
1991-07-12,5.3742,per_usd
1991-07-15,5.3679,per_usd
1991-07-16,5.3679,per_usd
1991-07-17,5.3679,per_usd
1991-07-18,5.3679,per_usd
1991-07-19,5.3679,per_usd
1991-07-22,5.3605,per_usd
1991-07-23,5.3605,per_usd
1991-07-24,5.3605,per_usd
1991-07-26,5.3605,per_usd
1991-07-29,5.3605,per_usd
1991-07-30,5.3605,per_usd
1991-07-31,5.3605,per_usd
1991-08-01,5.3605,per_usd
1991-08-02,5.3605,per_usd
1991-08-05,5.3605,per_usd
1991-08-06,5.3568,per_usd
1991-08-07,5.3568,per_usd
1991-08-08,5.3568,per_usd
1991-08-09,5.3618,per_usd
1991-08-12,5.3618,per_usd
1991-08-13,5.3618,per_usd
1991-08-14,5.3618,per_usd
1991-08-15,5.3618,per_usd
1991-08-16,5.3696,per_usd
1991-08-19,5.3785,per_usd
1991-08-20,5.3936,per_usd
1991-08-21,5.3888,per_usd
1991-08-22,5.3862,per_usd
1991-08-23,5.3862,per_usd
1991-08-26,5.3862,per_usd
1991-08-27,5.3862,per_usd
1991-08-28,5.3862,per_usd
1991-08-29,5.3862,per_usd
1991-08-30,5.3862,per_usd
1991-09-03,5.3862,per_usd
1991-09-04,5.3862,per_usd
1991-09-05,5.3862,per_usd
1991-09-06,5.3862,per_usd
1991-09-09,5.3862,per_usd
1991-09-10,5.3835,per_usd
1991-09-11,5.3835,per_usd
1991-09-12,5.3835,per_usd
1991-09-13,5.3835,per_usd
1991-09-17,5.3835,per_usd
1991-09-19,5.3899,per_usd
1991-09-20,5.3899,per_usd
1991-09-23,5.3899,per_usd
1991-09-24,5.3899,per_usd
1991-09-25,5.3899,per_usd
1991-09-26,5.3899,per_usd
1991-09-27,5.3899,per_usd
1991-10-01,5.3899,per_usd
1991-10-02,5.3899,per_usd
1991-10-03,5.3899,per_usd
1991-10-04,5.3854,per_usd
1991-10-07,5.3854,per_usd
1991-10-08,5.3854,per_usd
1991-10-09,5.3944,per_usd
1991-10-10,5.3944,per_usd
1991-10-11,5.3944,per_usd
1991-10-15,5.3944,per_usd
1991-10-16,5.3944,per_usd
1991-10-18,5.3944,per_usd
1991-10-21,5.3944,per_usd
1991-10-22,5.3944,per_usd
1991-10-23,5.3944,per_usd
1991-10-24,5.3944,per_usd
1991-10-25,5.3944,per_usd
1991-10-29,5.3807,per_usd
1991-10-30,5.3944,per_usd
1991-10-31,5.3944,per_usd
1991-11-04,5.3944,per_usd
1991-11-05,5.3944,per_usd
1991-11-08,5.3975,per_usd
1991-11-14,5.4002,per_usd
1991-11-15,5.3976,per_usd
1991-11-18,5.3976,per_usd
1991-11-19,5.3976,per_usd
1991-11-20,5.3976,per_usd
1991-11-21,5.3955,per_usd
1991-11-22,5.402,per_usd
1991-11-25,5.402,per_usd
1991-11-26,5.402,per_usd
1991-11-27,5.402,per_usd
1991-11-29,5.4115,per_usd
1991-12-02,5.4115,per_usd
1991-12-03,5.4115,per_usd
1991-12-04,5.4115,per_usd
1991-12-05,5.4115,per_usd
1991-12-06,5.4115,per_usd
1991-12-09,5.4115,per_usd
1991-12-10,5.4115,per_usd
1991-12-11,5.4207,per_usd
1991-12-12,5.4207,per_usd
1991-12-13,5.4207,per_usd
1991-12-16,5.4299,per_usd
1991-12-17,5.4261,per_usd
1991-12-18,5.4261,per_usd
1991-12-19,5.4261,per_usd
1991-12-20,5.4261,per_usd
1991-12-23,5.4261,per_usd
1991-12-24,5.4292,per_usd
1991-12-26,5.4292,per_usd
1991-12-27,5.4292,per_usd
1991-12-30,5.4478,per_usd
1991-12-31,5.4478,per_usd
1992-01-02,5.4478,per_usd
1992-01-03,5.4559,per_usd
1992-01-06,5.4559,per_usd
1992-01-07,5.4494,per_usd
1992-01-08,5.4494,per_usd
1992-01-09,5.4494,per_usd
1992-01-10,5.4591,per_usd
1992-01-13,5.4646,per_usd
1992-01-14,5.4646,per_usd
1992-01-15,5.4646,per_usd
1992-01-16,5.4686,per_usd
1992-01-17,5.4686,per_usd
1992-01-21,5.4641,per_usd
1992-01-22,5.4641,per_usd
1992-01-23,5.4641,per_usd
1992-01-24,5.4668,per_usd
1992-01-27,5.4668,per_usd
1992-01-28,5.4686,per_usd
1992-01-29,5.4686,per_usd
1992-01-30,5.4686,per_usd
1992-01-31,5.4686,per_usd
1992-02-03,5.4686,per_usd
1992-02-04,5.4686,per_usd
1992-02-05,5.4686,per_usd
1992-02-06,5.4686,per_usd
1992-02-07,5.4686,per_usd
1992-02-10,5.4616,per_usd
1992-02-11,5.4709,per_usd
1992-02-12,5.4802,per_usd
1992-02-13,5.4837,per_usd
1992-02-14,5.4837,per_usd
1992-02-18,5.4837,per_usd
1992-02-19,5.4837,per_usd
1992-02-20,5.4837,per_usd
1992-02-21,5.4837,per_usd
1992-02-24,5.4837,per_usd
1992-02-25,5.4837,per_usd
1992-02-26,5.4837,per_usd
1992-02-27,5.483,per_usd
1992-02-28,5.483,per_usd
1992-03-02,5.483,per_usd
1992-03-03,5.483,per_usd
1992-03-04,5.4887,per_usd
1992-03-05,5.4887,per_usd
1992-03-06,5.4887,per_usd
1992-03-09,5.4887,per_usd
1992-03-10,5.4887,per_usd
1992-03-11,5.4887,per_usd
1992-03-12,5.4864,per_usd
1992-03-13,5.4892,per_usd
1992-03-16,5.4892,per_usd
1992-03-17,5.4892,per_usd
1992-03-18,5.4837,per_usd
1992-03-19,5.4837,per_usd
1992-03-20,5.4929,per_usd
1992-03-23,5.4929,per_usd
1992-03-24,5.4929,per_usd
1992-03-25,5.4887,per_usd
1992-03-26,5.4837,per_usd
1992-03-27,5.4837,per_usd
1992-03-30,5.4812,per_usd
1992-03-31,5.4812,per_usd
1992-04-01,5.4812,per_usd
1992-04-02,5.4812,per_usd
1992-04-03,5.4812,per_usd
1992-04-06,5.4812,per_usd
1992-04-07,5.4812,per_usd
1992-04-08,5.4812,per_usd
1992-04-09,5.4792,per_usd
1992-04-10,5.4792,per_usd
1992-04-13,5.5077,per_usd
1992-04-14,5.5077,per_usd
1992-04-15,5.5328,per_usd
1992-04-16,5.5328,per_usd
1992-04-17,5.5328,per_usd
1992-04-20,5.5328,per_usd
1992-04-21,5.5328,per_usd
1992-04-22,5.5328,per_usd
1992-04-23,5.5328,per_usd
1992-04-24,5.5254,per_usd
1992-04-27,5.5254,per_usd
1992-04-28,5.5254,per_usd
1992-04-29,5.5239,per_usd
1992-04-30,5.5239,per_usd
1992-05-04,5.5239,per_usd
1992-05-05,5.5239,per_usd
1992-05-06,5.5388,per_usd
1992-05-07,5.5338,per_usd
1992-05-08,5.5338,per_usd
1992-05-11,5.5288,per_usd
1992-05-12,5.5288,per_usd
1992-05-13,5.5138,per_usd
1992-05-14,5.5138,per_usd
1992-05-15,5.5138,per_usd
1992-05-18,5.5138,per_usd
1992-05-19,5.5138,per_usd
1992-05-20,5.5138,per_usd
1992-05-21,5.5138,per_usd
1992-05-22,5.5138,per_usd
1992-05-26,5.5087,per_usd
1992-05-27,5.5048,per_usd
1992-05-28,5.5048,per_usd
1992-05-29,5.5048,per_usd
1992-06-01,5.5003,per_usd
1992-06-02,5.4937,per_usd
1992-06-03,5.4937,per_usd
1992-06-04,5.4987,per_usd
1992-06-05,5.4987,per_usd
1992-06-08,5.4937,per_usd
1992-06-09,5.4937,per_usd
1992-06-10,5.4937,per_usd
1992-06-11,5.4937,per_usd
1992-06-12,5.4937,per_usd
1992-06-15,5.4937,per_usd
1992-06-16,5.4884,per_usd
1992-06-17,5.4884,per_usd
1992-06-18,5.4884,per_usd
1992-06-19,5.4884,per_usd
1992-06-22,5.4884,per_usd
1992-06-23,5.4884,per_usd
1992-06-24,5.4837,per_usd
1992-06-25,5.4758,per_usd
1992-06-26,5.4758,per_usd
1992-06-29,5.4758,per_usd
1992-06-30,5.4758,per_usd
1992-07-01,5.4758,per_usd
1992-07-02,5.4758,per_usd
1992-07-03,5.4758,per_usd
1992-07-06,5.4758,per_usd
1992-07-07,5.4758,per_usd
1992-07-08,5.4758,per_usd
1992-07-09,5.4636,per_usd
1992-07-10,5.472,per_usd
1992-07-13,5.4721,per_usd
1992-07-14,5.4721,per_usd
1992-07-15,5.4721,per_usd
1992-07-16,5.4721,per_usd
1992-07-17,5.4421,per_usd
1992-07-20,5.4471,per_usd
1992-07-21,5.4471,per_usd
1992-07-22,5.4421,per_usd
1992-07-23,5.4383,per_usd
1992-07-24,5.4335,per_usd
1992-07-27,5.4335,per_usd
1992-07-28,5.4335,per_usd
1992-07-29,5.4335,per_usd
1992-07-30,5.4335,per_usd
1992-07-31,5.4335,per_usd
1992-08-03,5.4335,per_usd
1992-08-04,5.4483,per_usd
1992-08-05,5.4483,per_usd
1992-08-06,5.4622,per_usd
1992-08-11,5.4587,per_usd
1992-08-12,5.4587,per_usd
1992-08-13,5.4587,per_usd
1992-08-14,5.4548,per_usd
1992-08-18,5.4548,per_usd
1992-08-19,5.4548,per_usd
1992-08-20,5.4548,per_usd
1992-08-21,5.4436,per_usd
1992-08-24,5.4199,per_usd
1992-08-25,5.4199,per_usd
1992-08-26,5.4199,per_usd
1992-08-27,5.4199,per_usd
1992-08-28,5.4199,per_usd
1992-08-31,5.4199,per_usd
1992-09-01,5.4199,per_usd
1992-09-02,5.4124,per_usd
1992-09-03,5.4437,per_usd
1992-09-04,5.4788,per_usd
1992-09-08,5.4788,per_usd
1992-09-09,5.4788,per_usd
1992-09-10,5.5125,per_usd
1992-09-11,5.5166,per_usd
1992-09-14,5.5236,per_usd
1992-09-15,5.5236,per_usd
1992-09-16,5.5338,per_usd
1992-09-17,5.5391,per_usd
1992-09-18,5.5288,per_usd
1992-09-22,5.5348,per_usd
1992-09-23,5.5348,per_usd
1992-09-24,5.5328,per_usd
1992-09-25,5.5328,per_usd
1992-09-28,5.5328,per_usd
1992-09-29,5.5227,per_usd
1992-09-30,5.514,per_usd
1992-10-01,5.514,per_usd
1992-10-02,5.514,per_usd
1992-10-05,5.514,per_usd
1992-10-07,5.5416,per_usd
1992-10-08,5.5456,per_usd
1992-10-09,5.5539,per_usd
1992-10-13,5.5539,per_usd
1992-10-14,5.5539,per_usd
1992-10-15,5.5539,per_usd
1992-10-16,5.5539,per_usd
1992-10-19,5.5539,per_usd
1992-10-20,5.5634,per_usd
1992-10-21,5.5654,per_usd
1992-10-22,5.5654,per_usd
1992-10-23,5.5654,per_usd
1992-10-26,5.5654,per_usd
1992-11-02,5.5684,per_usd
1992-11-03,5.5789,per_usd
1992-11-04,5.5789,per_usd
1992-11-05,5.5789,per_usd
1992-11-10,5.5942,per_usd
1992-11-12,5.5942,per_usd
1992-11-13,5.5881,per_usd
1992-11-16,5.5881,per_usd
1992-11-17,5.5881,per_usd
1992-11-18,5.5881,per_usd
1992-11-19,5.624,per_usd
1992-11-20,5.6741,per_usd
1992-11-27,5.7097,per_usd
1992-11-30,5.7341,per_usd
1992-12-01,5.7531,per_usd
1992-12-02,5.7531,per_usd
1992-12-03,5.7531,per_usd
1992-12-04,5.8019,per_usd
1992-12-07,5.8019,per_usd
1992-12-08,5.8396,per_usd
1992-12-09,5.8396,per_usd
1992-12-11,5.8596,per_usd
1992-12-14,5.8596,per_usd
1992-12-15,5.9007,per_usd
1992-12-17,5.9007,per_usd
1992-12-18,5.8646,per_usd
1992-12-22,5.7995,per_usd
1992-12-23,5.7995,per_usd
1992-12-28,5.7662,per_usd
1992-12-29,5.7662,per_usd
1992-12-30,5.7662,per_usd
1992-12-31,5.7662,per_usd
1993-01-04,5.7662,per_usd
1993-01-05,5.7662,per_usd
1993-01-06,5.7744,per_usd
1993-01-07,5.7744,per_usd
1993-01-08,5.7744,per_usd
1993-01-11,5.7744,per_usd
1993-01-12,5.7744,per_usd
1993-01-14,5.7744,per_usd
1993-01-19,5.7744,per_usd
1993-01-20,5.7744,per_usd
1993-01-21,5.7894,per_usd
1993-01-22,5.7894,per_usd
1993-01-25,5.7894,per_usd
1993-01-26,5.7894,per_usd
1993-01-27,5.7894,per_usd
1993-01-28,5.7894,per_usd
1993-01-29,5.7894,per_usd
1993-02-01,5.7894,per_usd
1993-02-02,5.7894,per_usd
1993-02-05,5.8,per_usd
1993-02-08,5.8,per_usd
1993-02-09,5.8,per_usd
1993-02-10,5.8,per_usd
1993-02-11,5.8,per_usd
1993-02-12,5.8,per_usd
1993-02-16,5.8,per_usd
1993-02-17,5.8,per_usd
1993-02-18,5.7995,per_usd
1993-02-19,5.7694,per_usd
1993-02-24,5.7546,per_usd
1993-02-25,5.7546,per_usd
1993-02-26,5.7546,per_usd
1993-03-01,5.7546,per_usd
1993-03-02,5.7546,per_usd
1993-03-03,5.7443,per_usd
1993-03-04,5.7443,per_usd
1993-03-05,5.7443,per_usd
1993-03-08,5.7443,per_usd
1993-03-09,5.7443,per_usd
1993-03-10,5.7443,per_usd
1993-03-11,5.7443,per_usd
1993-03-12,5.7443,per_usd
1993-03-15,5.7624,per_usd
1993-03-16,5.7624,per_usd
1993-03-17,5.7624,per_usd
1993-03-18,5.7624,per_usd
1993-03-19,5.7442,per_usd
1993-03-22,5.7442,per_usd
1993-03-23,5.7442,per_usd
1993-03-24,5.7333,per_usd
1993-03-25,5.7333,per_usd
1993-03-26,5.7333,per_usd
1993-03-29,5.7333,per_usd
1993-03-30,5.7333,per_usd
1993-03-31,5.7333,per_usd
1993-04-01,5.7333,per_usd
1993-04-02,5.7333,per_usd
1993-04-08,5.7333,per_usd
1993-04-09,5.7333,per_usd
1993-04-12,5.7333,per_usd
1993-04-13,5.7163,per_usd
1993-04-14,5.7163,per_usd
1993-04-15,5.7163,per_usd
1993-04-16,5.7165,per_usd
1993-04-19,5.7076,per_usd
1993-04-20,5.7076,per_usd
1993-04-23,5.7076,per_usd
1993-04-26,5.7076,per_usd
1993-05-04,5.7227,per_usd
1993-05-10,5.7227,per_usd
1993-05-11,5.7331,per_usd
1993-05-12,5.7331,per_usd
1993-05-13,5.7433,per_usd
1993-05-14,5.7433,per_usd
1993-05-17,5.7433,per_usd
1993-05-18,5.7433,per_usd
1993-05-19,5.7433,per_usd
1993-05-20,5.7433,per_usd
1993-05-21,5.7433,per_usd
1993-05-24,5.7433,per_usd
1993-05-25,5.7433,per_usd
1993-05-26,5.7433,per_usd
1993-05-28,5.7433,per_usd
1993-06-02,5.7433,per_usd
1993-06-03,5.7433,per_usd
1993-06-04,5.7243,per_usd
1993-06-07,5.7243,per_usd
1993-06-08,5.7243,per_usd
1993-06-09,5.7243,per_usd
1993-06-10,5.7243,per_usd
1993-06-11,5.7243,per_usd
1993-06-14,5.7243,per_usd
1993-06-15,5.7529,per_usd
1993-06-16,5.7646,per_usd
1993-06-17,5.7646,per_usd
1993-06-18,5.7646,per_usd
1993-06-23,5.7756,per_usd
1993-06-24,5.7756,per_usd
1993-06-25,5.7756,per_usd
1993-06-28,5.7756,per_usd
1993-06-29,5.7756,per_usd
1993-06-30,5.7756,per_usd
1993-07-01,5.7756,per_usd
1993-07-02,5.7756,per_usd
1993-07-06,5.7756,per_usd
1993-07-07,5.7756,per_usd
1993-07-08,5.7756,per_usd
1993-07-09,5.7756,per_usd
1993-07-12,5.7756,per_usd
1993-07-13,5.7756,per_usd
1993-07-14,5.7756,per_usd
1993-07-15,5.7756,per_usd
1993-07-16,5.7756,per_usd
1993-07-19,5.7756,per_usd
1993-07-20,5.7756,per_usd
1993-07-21,5.7756,per_usd
1993-07-22,5.7756,per_usd
1993-07-23,5.7756,per_usd
1993-07-26,5.7756,per_usd
1993-07-27,5.7756,per_usd
1993-07-28,5.7756,per_usd
1993-07-29,5.7756,per_usd
1993-07-30,5.7756,per_usd
1993-08-02,5.7756,per_usd
1993-08-03,5.7756,per_usd
1993-08-04,5.7756,per_usd
1993-08-05,5.7756,per_usd
1993-08-06,5.7756,per_usd
1993-08-09,5.7756,per_usd
1993-08-10,5.7756,per_usd
1993-08-11,5.7963,per_usd
1993-08-12,5.7963,per_usd
1993-08-13,5.7963,per_usd
1993-08-16,5.7963,per_usd
1993-08-17,5.7963,per_usd
1993-08-18,5.7963,per_usd
1993-08-19,5.7963,per_usd
1993-08-20,5.7963,per_usd
1993-08-23,5.7963,per_usd
1993-08-24,5.7963,per_usd
1993-08-25,5.7963,per_usd
1993-08-26,5.7963,per_usd
1993-08-27,5.7963,per_usd
1993-08-30,5.8063,per_usd
1993-08-31,5.8063,per_usd
1993-09-01,5.8063,per_usd
1993-09-02,5.8013,per_usd
1993-09-03,5.8013,per_usd
1993-09-07,5.8013,per_usd
1993-09-08,5.8013,per_usd
1993-09-09,5.8013,per_usd
1993-09-10,5.8013,per_usd
1993-09-13,5.8013,per_usd
1993-09-14,5.8013,per_usd
1993-09-15,5.8013,per_usd
1993-09-16,5.8013,per_usd
1993-09-17,5.8013,per_usd
1993-09-20,5.8013,per_usd
1993-09-21,5.8013,per_usd
1993-09-22,5.8013,per_usd
1993-09-23,5.8013,per_usd
1993-09-24,5.8013,per_usd
1993-09-27,5.8013,per_usd
1993-09-28,5.8013,per_usd
1993-09-29,5.8013,per_usd
1993-09-30,5.8013,per_usd
1993-10-01,5.8013,per_usd
1993-10-04,5.8013,per_usd
1993-10-05,5.8013,per_usd
1993-10-06,5.8013,per_usd
1993-10-07,5.8013,per_usd
1993-10-08,5.8013,per_usd
1993-10-12,5.8013,per_usd
1993-10-13,5.8013,per_usd
1993-10-14,5.8013,per_usd
1993-10-15,5.8013,per_usd
1993-10-18,5.8013,per_usd
1993-10-19,5.8013,per_usd
1993-10-20,5.8013,per_usd
1993-10-21,5.8013,per_usd
1993-10-22,5.8013,per_usd
1993-10-25,5.8013,per_usd
1993-10-26,5.8013,per_usd
1993-10-27,5.8013,per_usd
1993-10-28,5.8013,per_usd
1993-10-29,5.8013,per_usd
1993-11-01,5.8013,per_usd
1993-11-02,5.8013,per_usd
1993-11-03,5.8013,per_usd
1993-11-04,5.8013,per_usd
1993-11-05,5.8013,per_usd
1993-11-08,5.8013,per_usd
1993-11-09,5.8013,per_usd
1993-11-10,5.8013,per_usd
1993-11-12,5.8013,per_usd
1993-11-15,5.8013,per_usd
1993-11-16,5.8013,per_usd
1993-11-17,5.8013,per_usd
1993-11-18,5.8195,per_usd
1993-11-19,5.8195,per_usd
1993-11-22,5.8195,per_usd
1993-11-23,5.8195,per_usd
1993-11-24,5.8195,per_usd
1993-11-26,5.8195,per_usd
1993-11-29,5.8195,per_usd
1993-11-30,5.8195,per_usd
1993-12-01,5.8195,per_usd
1993-12-02,5.8195,per_usd
1993-12-03,5.8195,per_usd
1993-12-06,5.8195,per_usd
1993-12-07,5.8195,per_usd
1993-12-08,5.8195,per_usd
1993-12-09,5.8195,per_usd
1993-12-10,5.8195,per_usd
1993-12-13,5.8195,per_usd
1993-12-14,5.8195,per_usd
1993-12-15,5.8245,per_usd
1993-12-16,5.8245,per_usd
1993-12-17,5.8245,per_usd
1993-12-20,5.8245,per_usd
1993-12-21,5.8245,per_usd
1993-12-22,5.8245,per_usd
1993-12-23,5.8242,per_usd
1993-12-24,5.8245,per_usd
1993-12-27,5.8245,per_usd
1993-12-28,5.8245,per_usd
1993-12-29,5.8145,per_usd
1993-12-30,5.8145,per_usd
1993-12-31,5.8145,per_usd
1994-01-03,8.7217,per_usd
1994-01-04,8.7217,per_usd
1994-01-05,8.7217,per_usd
1994-01-06,8.7217,per_usd
1994-01-07,8.7117,per_usd
1994-01-10,8.7217,per_usd
1994-01-11,8.7217,per_usd
1994-01-12,8.7217,per_usd
1994-01-13,8.7217,per_usd
1994-01-14,8.7217,per_usd
1994-01-18,8.7217,per_usd
1994-01-19,8.7217,per_usd
1994-01-20,8.7217,per_usd
1994-01-21,8.7257,per_usd
1994-01-24,8.7217,per_usd
1994-01-25,8.7318,per_usd
1994-01-26,8.7217,per_usd
1994-01-27,8.7217,per_usd
1994-01-28,8.7217,per_usd
1994-01-31,8.7217,per_usd
1994-02-01,8.7211,per_usd
1994-02-02,8.7228,per_usd
1994-02-03,8.7252,per_usd
1994-02-04,8.7228,per_usd
1994-02-07,8.7223,per_usd
1994-02-08,8.7292,per_usd
1994-02-09,8.7292,per_usd
1994-02-10,8.7292,per_usd
1994-02-11,8.7292,per_usd
1994-02-14,8.7292,per_usd
1994-02-15,8.7299,per_usd
1994-02-16,8.7242,per_usd
1994-02-17,8.7283,per_usd
1994-02-18,8.7238,per_usd
1994-02-22,8.7212,per_usd
1994-02-23,8.7183,per_usd
1994-02-24,8.724,per_usd
1994-02-25,8.7164,per_usd
1994-02-28,8.7262,per_usd
1994-03-01,8.7238,per_usd
1994-03-02,8.7268,per_usd
1994-03-03,8.7278,per_usd
1994-03-04,8.728,per_usd
1994-03-07,8.7284,per_usd
1994-03-08,8.7268,per_usd
1994-03-09,8.7256,per_usd
1994-03-10,8.7221,per_usd
1994-03-11,8.7256,per_usd
1994-03-14,8.7223,per_usd
1994-03-15,8.7217,per_usd
1994-03-16,8.7225,per_usd
1994-03-17,8.7219,per_usd
1994-03-18,8.7208,per_usd
1994-03-21,8.7209,per_usd
1994-03-22,8.7195,per_usd
1994-03-23,8.721,per_usd
1994-03-24,8.7273,per_usd
1994-03-25,8.723,per_usd
1994-03-28,8.7234,per_usd
1994-03-29,8.7242,per_usd
1994-03-30,8.7219,per_usd
1994-03-31,8.7298,per_usd
1994-04-05,8.7298,per_usd
1994-04-06,8.7298,per_usd
1994-04-07,8.7298,per_usd
1994-04-08,8.7298,per_usd
1994-04-11,8.7298,per_usd
1994-04-12,8.7298,per_usd
1994-04-13,8.7298,per_usd
1994-04-14,8.7298,per_usd
1994-04-15,8.7398,per_usd
1994-04-18,8.7152,per_usd
1994-04-19,8.7145,per_usd
1994-04-20,8.7137,per_usd
1994-04-21,8.7125,per_usd
1994-04-22,8.7125,per_usd
1994-04-25,8.7409,per_usd
1994-04-26,8.7094,per_usd
1994-04-27,8.7277,per_usd
1994-04-28,8.7272,per_usd
1994-04-29,8.7247,per_usd
1994-05-02,8.7097,per_usd
1994-05-03,8.6984,per_usd
1994-05-04,8.6936,per_usd
1994-05-05,8.6882,per_usd
1994-05-06,8.6864,per_usd
1994-05-09,8.6853,per_usd
1994-05-10,8.684,per_usd
1994-05-11,8.6829,per_usd
1994-05-12,8.712,per_usd
1994-05-13,8.681,per_usd
1994-05-16,8.6806,per_usd
1994-05-17,8.6807,per_usd
1994-05-18,8.6805,per_usd
1994-05-19,8.6804,per_usd
1994-05-20,8.6802,per_usd
1994-05-23,8.6804,per_usd
1994-05-24,8.6802,per_usd
1994-05-25,8.6802,per_usd
1994-05-26,8.68,per_usd
1994-05-27,8.6798,per_usd
1994-05-31,8.6796,per_usd
1994-06-01,8.6794,per_usd
1994-06-02,8.6791,per_usd
1994-06-03,8.709,per_usd
1994-06-06,8.679,per_usd
1994-06-07,8.709,per_usd
1994-06-08,8.7088,per_usd
1994-06-09,8.7085,per_usd
1994-06-10,8.7083,per_usd
1994-06-13,8.6781,per_usd
1994-06-14,8.6779,per_usd
1994-06-15,8.6775,per_usd
1994-06-16,8.6773,per_usd
1994-06-17,8.6771,per_usd
1994-06-20,8.6769,per_usd
1994-06-21,8.6764,per_usd
1994-06-22,8.6757,per_usd
1994-06-23,8.675,per_usd
1994-06-24,8.6744,per_usd
1994-06-27,8.6739,per_usd
1994-06-28,8.6733,per_usd
1994-06-29,8.6726,per_usd
1994-06-30,8.6717,per_usd
1994-07-01,8.7001,per_usd
1994-07-05,8.6696,per_usd
1994-07-06,8.669,per_usd
1994-07-07,8.6681,per_usd
1994-07-08,8.6674,per_usd
1994-07-11,8.6666,per_usd
1994-07-12,8.6658,per_usd
1994-07-13,8.6647,per_usd
1994-07-14,8.6637,per_usd
1994-07-15,8.6629,per_usd
1994-07-18,8.6618,per_usd
1994-07-19,8.6608,per_usd
1994-07-20,8.6589,per_usd
1994-07-21,8.6564,per_usd
1994-07-22,8.6535,per_usd
1994-07-25,8.6495,per_usd
1994-07-26,8.6464,per_usd
1994-07-27,8.6438,per_usd
1994-07-28,8.6414,per_usd
1994-07-29,8.6397,per_usd
1994-08-01,8.6369,per_usd
1994-08-02,8.6341,per_usd
1994-08-03,8.6314,per_usd
1994-08-04,8.6288,per_usd
1994-08-05,8.6255,per_usd
1994-08-08,8.6223,per_usd
1994-08-09,8.6203,per_usd
1994-08-10,8.6182,per_usd
1994-08-11,8.6162,per_usd
1994-08-12,8.6138,per_usd
1994-08-15,8.6112,per_usd
1994-08-16,8.6087,per_usd
1994-08-17,8.6056,per_usd
1994-08-18,8.6031,per_usd
1994-08-19,8.6001,per_usd
1994-08-22,8.5974,per_usd
1994-08-23,8.5958,per_usd
1994-08-24,8.5935,per_usd
1994-08-25,8.5908,per_usd
1994-08-26,8.5675,per_usd
1994-08-29,8.5843,per_usd
1994-08-30,8.5816,per_usd
1994-08-31,8.5791,per_usd
1994-09-01,8.5765,per_usd
1994-09-02,8.574,per_usd
1994-09-06,8.5691,per_usd
1994-09-07,8.567,per_usd
1994-09-08,8.5648,per_usd
1994-09-09,8.5622,per_usd
1994-09-12,8.5607,per_usd
1994-09-13,8.5596,per_usd
1994-09-14,8.5581,per_usd
1994-09-15,8.5565,per_usd
1994-09-16,8.5552,per_usd
1994-09-19,8.554,per_usd
1994-09-20,8.5537,per_usd
1994-09-21,8.5533,per_usd
1994-09-22,8.5525,per_usd
1994-09-23,8.552,per_usd
1994-09-26,8.5511,per_usd
1994-09-27,8.5503,per_usd
1994-09-28,8.5503,per_usd
1994-09-29,8.5501,per_usd
1994-09-30,8.55,per_usd
1994-10-03,8.55,per_usd
1994-10-04,8.55,per_usd
1994-10-05,8.5501,per_usd
1994-10-06,8.55,per_usd
1994-10-07,8.55,per_usd
1994-10-11,8.55,per_usd
1994-10-12,8.55,per_usd
1994-10-13,8.5497,per_usd
1994-10-14,8.5497,per_usd
1994-10-17,8.5497,per_usd
1994-10-18,8.5496,per_usd
1994-10-19,8.5496,per_usd
1994-10-20,8.5496,per_usd
1994-10-21,8.5495,per_usd
1994-10-24,8.549,per_usd
1994-10-25,8.5485,per_usd
1994-10-26,8.5485,per_usd
1994-10-27,8.5473,per_usd
1994-10-28,8.5466,per_usd
1994-10-31,8.546,per_usd
1994-11-01,8.5454,per_usd
1994-11-02,8.5454,per_usd
1994-11-03,8.5438,per_usd
1994-11-04,8.5438,per_usd
1994-11-07,8.5438,per_usd
1994-11-08,8.5438,per_usd
1994-11-09,8.54,per_usd
1994-11-10,8.539,per_usd
1994-11-14,8.5374,per_usd
1994-11-15,8.5374,per_usd
1994-11-16,8.5353,per_usd
1994-11-17,8.534,per_usd
1994-11-18,8.5336,per_usd
1994-11-21,8.5336,per_usd
1994-11-22,8.5326,per_usd
1994-11-23,8.5326,per_usd
1994-11-25,8.5305,per_usd
1994-11-28,8.5301,per_usd
1994-11-29,8.5293,per_usd
1994-11-30,8.529,per_usd
1994-12-01,8.5284,per_usd
1994-12-02,8.5279,per_usd
1994-12-05,8.5274,per_usd
1994-12-06,8.527,per_usd
1994-12-07,8.5241,per_usd
1994-12-08,8.5225,per_usd
1994-12-09,8.5192,per_usd
1994-12-12,8.516,per_usd
1994-12-13,8.513,per_usd
1994-12-14,8.5101,per_usd
1994-12-15,8.5074,per_usd
1994-12-16,8.5035,per_usd
1994-12-19,8.5001,per_usd
1994-12-20,8.4954,per_usd
1994-12-21,8.492,per_usd
1994-12-22,8.4877,per_usd
1994-12-23,8.4826,per_usd
1994-12-27,8.4788,per_usd
1994-12-28,8.4718,per_usd
1994-12-29,8.4691,per_usd
1994-12-30,8.4662,per_usd
1995-01-03,8.4647,per_usd
1995-01-04,8.4647,per_usd
1995-01-05,8.463,per_usd
1995-01-06,8.4626,per_usd
1995-01-09,8.4622,per_usd
1995-01-10,8.4617,per_usd
1995-01-11,8.4615,per_usd
1995-01-12,8.4612,per_usd
1995-01-13,8.4611,per_usd
1995-01-17,8.4607,per_usd
1995-01-18,8.4605,per_usd
1995-01-19,8.4602,per_usd
1995-01-20,8.46,per_usd
1995-01-23,8.4597,per_usd
1995-01-24,8.4594,per_usd
1995-01-25,8.459,per_usd
1995-01-26,8.4587,per_usd
1995-01-27,8.4584,per_usd
1995-01-30,8.4584,per_usd
1995-01-31,8.4584,per_usd
1995-02-01,8.4585,per_usd
1995-02-02,8.4584,per_usd
1995-02-03,8.4584,per_usd
1995-02-06,8.458,per_usd
1995-02-07,8.4575,per_usd
1995-02-08,8.457,per_usd
1995-02-09,8.4564,per_usd
1995-02-10,8.456,per_usd
1995-02-13,8.4555,per_usd
1995-02-14,8.4552,per_usd
1995-02-15,8.4551,per_usd
1995-02-16,8.4552,per_usd
1995-02-17,8.4552,per_usd
1995-02-21,8.4537,per_usd
1995-02-22,8.4529,per_usd
1995-02-23,8.4524,per_usd
1995-02-24,8.452,per_usd
1995-02-27,8.4516,per_usd
1995-02-28,8.4511,per_usd
1995-03-01,8.4508,per_usd
1995-03-02,8.4599,per_usd
1995-03-03,8.4594,per_usd
1995-03-06,8.4482,per_usd
1995-03-07,8.4473,per_usd
1995-03-08,8.4465,per_usd
1995-03-09,8.4459,per_usd
1995-03-10,8.4461,per_usd
1995-03-13,8.4464,per_usd
1995-03-14,8.4465,per_usd
1995-03-15,8.4474,per_usd
1995-03-16,8.448,per_usd
1995-03-17,8.4473,per_usd
1995-03-20,8.447,per_usd
1995-03-21,8.4462,per_usd
1995-03-22,8.4468,per_usd
1995-03-23,8.4472,per_usd
1995-03-24,8.4476,per_usd
1995-03-27,8.4477,per_usd
1995-03-28,8.4477,per_usd
1995-03-29,8.4475,per_usd
1995-03-30,8.4469,per_usd
1995-03-31,8.4464,per_usd
1995-04-03,8.446,per_usd
1995-04-04,8.4457,per_usd
1995-04-05,8.4456,per_usd
1995-04-06,8.4452,per_usd
1995-04-07,8.4451,per_usd
1995-04-10,8.4452,per_usd
1995-04-11,8.445,per_usd
1995-04-12,8.4446,per_usd
1995-04-13,8.4442,per_usd
1995-04-14,8.4441,per_usd
1995-04-17,8.4438,per_usd
1995-04-18,8.4436,per_usd
1995-04-19,8.4434,per_usd
1995-04-20,8.4432,per_usd
1995-04-21,8.443,per_usd
1995-04-24,8.4427,per_usd
1995-04-25,8.4405,per_usd
1995-04-26,8.4338,per_usd
1995-04-27,8.4302,per_usd
1995-04-28,8.4274,per_usd
1995-05-01,8.4274,per_usd
1995-05-02,8.4152,per_usd
1995-05-03,8.3994,per_usd
1995-05-04,8.3848,per_usd
1995-05-05,8.3642,per_usd
1995-05-08,8.3547,per_usd
1995-05-09,8.3447,per_usd
1995-05-10,8.3253,per_usd
1995-05-11,8.315,per_usd
1995-05-12,8.3028,per_usd
1995-05-15,8.2916,per_usd
1995-05-16,8.2982,per_usd
1995-05-17,8.3063,per_usd
1995-05-18,8.3107,per_usd
1995-05-19,8.3132,per_usd
1995-05-22,8.3159,per_usd
1995-05-23,8.3188,per_usd
1995-05-24,8.3222,per_usd
1995-05-25,8.3241,per_usd
1995-05-26,8.3263,per_usd
1995-05-30,8.3277,per_usd
1995-05-31,8.3255,per_usd
1995-06-01,8.3236,per_usd
1995-06-02,8.3218,per_usd
1995-06-05,8.3198,per_usd
1995-06-06,8.3204,per_usd
1995-06-07,8.3183,per_usd
1995-06-08,8.3166,per_usd
1995-06-09,8.32,per_usd
1995-06-12,8.3208,per_usd
1995-06-13,8.3203,per_usd
1995-06-14,8.32,per_usd
1995-06-15,8.3219,per_usd
1995-06-16,8.3204,per_usd
1995-06-19,8.3202,per_usd
1995-06-20,8.32,per_usd
1995-06-21,8.3209,per_usd
1995-06-22,8.3218,per_usd
1995-06-23,8.3215,per_usd
1995-06-26,8.3213,per_usd
1995-06-27,8.3207,per_usd
1995-06-28,8.3207,per_usd
1995-06-29,8.321,per_usd
1995-06-30,8.3211,per_usd
1995-07-03,8.3207,per_usd
1995-07-05,8.3201,per_usd
1995-07-06,8.32,per_usd
1995-07-07,8.32,per_usd
1995-07-10,8.3223,per_usd
1995-07-11,8.322,per_usd
1995-07-12,8.3217,per_usd
1995-07-13,8.3214,per_usd
1995-07-14,8.3211,per_usd
1995-07-17,8.3209,per_usd
1995-07-18,8.3213,per_usd
1995-07-19,8.3211,per_usd
1995-07-20,8.3204,per_usd
1995-07-21,8.3202,per_usd
1995-07-24,8.3204,per_usd
1995-07-25,8.3203,per_usd
1995-07-26,8.3202,per_usd
1995-07-27,8.3202,per_usd
1995-07-28,8.3203,per_usd
1995-07-31,8.3203,per_usd
1995-08-01,8.32,per_usd
1995-08-02,8.3202,per_usd
1995-08-03,8.3202,per_usd
1995-08-04,8.3,per_usd
1995-08-07,8.32,per_usd
1995-08-08,8.3214,per_usd
1995-08-09,8.3216,per_usd
1995-08-10,8.3223,per_usd
1995-08-11,8.3225,per_usd
1995-08-14,8.3238,per_usd
1995-08-15,8.3257,per_usd
1995-08-16,8.3294,per_usd
1995-08-17,8.3206,per_usd
1995-08-18,8.3217,per_usd
1995-08-21,8.3322,per_usd
1995-08-22,8.3325,per_usd
1995-08-23,8.3333,per_usd
1995-08-24,8.3348,per_usd
1995-08-25,8.3353,per_usd
1995-08-28,8.3365,per_usd
1995-08-29,8.3282,per_usd
1995-08-30,8.3293,per_usd
1995-08-31,8.3298,per_usd
1995-09-01,8.3292,per_usd
1995-09-05,8.3381,per_usd
1995-09-06,8.3378,per_usd
1995-09-07,8.3375,per_usd
1995-09-08,8.3375,per_usd
1995-09-11,8.3377,per_usd
1995-09-12,8.338,per_usd
1995-09-13,8.3384,per_usd
1995-09-14,8.339,per_usd
1995-09-15,8.3394,per_usd
1995-09-18,8.3397,per_usd
1995-09-19,8.3329,per_usd
1995-09-20,8.3398,per_usd
1995-09-21,8.3294,per_usd
1995-09-22,8.3394,per_usd
1995-09-25,8.3394,per_usd
1995-09-26,8.3392,per_usd
1995-09-27,8.339,per_usd
1995-09-28,8.3389,per_usd
1995-09-29,8.3385,per_usd
1995-10-02,8.3385,per_usd
1995-10-03,8.3385,per_usd
1995-10-04,8.3385,per_usd
1995-10-05,8.338,per_usd
1995-10-06,8.3374,per_usd
1995-10-10,8.3358,per_usd
1995-10-11,8.335,per_usd
1995-10-12,8.3344,per_usd
1995-10-13,8.3342,per_usd
1995-10-16,8.3348,per_usd
1995-10-17,8.3348,per_usd
1995-10-18,8.3341,per_usd
1995-10-19,8.3342,per_usd
1995-10-20,8.3344,per_usd
1995-10-23,8.3339,per_usd
1995-10-24,8.3336,per_usd
1995-10-25,8.3337,per_usd
1995-10-26,8.3343,per_usd
1995-10-27,8.3344,per_usd
1995-10-30,8.3349,per_usd
1995-10-31,8.3349,per_usd
1995-11-01,8.3346,per_usd
1995-11-02,8.3348,per_usd
1995-11-03,8.3347,per_usd
1995-11-06,8.3347,per_usd
1995-11-07,8.3349,per_usd
1995-11-08,8.3348,per_usd
1995-11-09,8.3346,per_usd
1995-11-10,8.334,per_usd
1995-11-13,8.3339,per_usd
1995-11-14,8.3336,per_usd
1995-11-15,8.3331,per_usd
1995-11-16,8.3335,per_usd
1995-11-17,8.3332,per_usd
1995-11-20,8.333,per_usd
1995-11-21,8.3329,per_usd
1995-11-22,8.3328,per_usd
1995-11-24,8.3322,per_usd
1995-11-27,8.3322,per_usd
1995-11-28,8.3316,per_usd
1995-11-29,8.3316,per_usd
1995-11-30,8.3316,per_usd
1995-12-01,8.3327,per_usd
1995-12-04,8.3331,per_usd
1995-12-05,8.3332,per_usd
1995-12-06,8.3333,per_usd
1995-12-07,8.3335,per_usd
1995-12-08,8.3338,per_usd
1995-12-11,8.32,per_usd
1995-12-12,8.3348,per_usd
1995-12-13,8.3346,per_usd
1995-12-14,8.3354,per_usd
1995-12-15,8.3371,per_usd
1995-12-18,8.338,per_usd
1995-12-19,8.3376,per_usd
1995-12-20,8.3374,per_usd
1995-12-21,8.3373,per_usd
1995-12-22,8.3374,per_usd
1995-12-26,8.3379,per_usd
1995-12-27,8.3379,per_usd
1995-12-28,8.3379,per_usd
1995-12-29,8.3374,per_usd
1996-01-02,8.338,per_usd
1996-01-03,8.3391,per_usd
1996-01-04,8.3403,per_usd
1996-01-05,8.3404,per_usd
1996-01-08,8.3415,per_usd
1996-01-09,8.3414,per_usd
1996-01-10,8.3408,per_usd
1996-01-11,8.3404,per_usd
1996-01-12,8.3404,per_usd
1996-01-16,8.3404,per_usd
1996-01-17,8.3402,per_usd
1996-01-18,8.3391,per_usd
1996-01-19,8.3378,per_usd
1996-01-22,8.3374,per_usd
1996-01-23,8.337,per_usd
1996-01-24,8.3363,per_usd
1996-01-25,8.3367,per_usd
1996-01-26,8.3357,per_usd
1996-01-29,8.335,per_usd
1996-01-30,8.3347,per_usd
1996-01-31,8.3338,per_usd
1996-02-01,8.3332,per_usd
1996-02-02,8.3327,per_usd
1996-02-05,8.3331,per_usd
1996-02-06,8.332,per_usd
1996-02-07,8.3311,per_usd
1996-02-08,8.33,per_usd
1996-02-09,8.3294,per_usd
1996-02-12,8.3292,per_usd
1996-02-13,8.3304,per_usd
1996-02-14,8.33,per_usd
1996-02-15,8.3312,per_usd
1996-02-16,8.3336,per_usd
1996-02-20,8.3352,per_usd
1996-02-21,8.3352,per_usd
1996-02-22,8.3352,per_usd
1996-02-23,8.3352,per_usd
1996-02-26,8.3369,per_usd
1996-02-27,8.3396,per_usd
1996-02-28,8.3407,per_usd
1996-02-29,8.3411,per_usd
1996-03-01,8.3411,per_usd
1996-03-04,8.3408,per_usd
1996-03-05,8.341,per_usd
1996-03-06,8.3423,per_usd
1996-03-07,8.3429,per_usd
1996-03-08,8.3439,per_usd
1996-03-11,8.3463,per_usd
1996-03-12,8.3499,per_usd
1996-03-13,8.3548,per_usd
1996-03-14,8.3533,per_usd
1996-03-15,8.3517,per_usd
1996-03-18,8.3527,per_usd
1996-03-19,8.353,per_usd
1996-03-20,8.352,per_usd
1996-03-21,8.352,per_usd
1996-03-22,8.353,per_usd
1996-03-25,8.3549,per_usd
1996-03-26,8.3542,per_usd
1996-03-27,8.3533,per_usd
1996-03-28,8.3535,per_usd
1996-03-29,8.3538,per_usd
1996-04-01,8.3539,per_usd
1996-04-02,8.3539,per_usd
1996-04-03,8.3538,per_usd
1996-04-04,8.3525,per_usd
1996-04-05,8.3511,per_usd
1996-04-08,8.3512,per_usd
1996-04-09,8.3515,per_usd
1996-04-10,8.3518,per_usd
1996-04-11,8.3524,per_usd
1996-04-12,8.3522,per_usd
1996-04-15,8.3521,per_usd
1996-04-16,8.3517,per_usd
1996-04-17,8.3512,per_usd
1996-04-18,8.3509,per_usd
1996-04-19,8.3506,per_usd
1996-04-22,8.35,per_usd
1996-04-23,8.3502,per_usd
1996-04-24,8.3501,per_usd
1996-04-25,8.3501,per_usd
1996-04-26,8.35,per_usd
1996-04-29,8.3506,per_usd
1996-04-30,8.3501,per_usd
1996-05-01,8.3501,per_usd
1996-05-02,8.3501,per_usd
1996-05-03,8.35,per_usd
1996-05-06,8.35,per_usd
1996-05-07,8.35,per_usd
1996-05-08,8.35,per_usd
1996-05-09,8.3501,per_usd
1996-05-10,8.3502,per_usd
1996-05-13,8.3502,per_usd
1996-05-14,8.35,per_usd
1996-05-15,8.3501,per_usd
1996-05-16,8.35,per_usd
1996-05-17,8.3493,per_usd
1996-05-20,8.3484,per_usd
1996-05-21,8.3473,per_usd
1996-05-22,8.3472,per_usd
1996-05-23,8.3467,per_usd
1996-05-24,8.3467,per_usd
1996-05-28,8.3448,per_usd
1996-05-29,8.33,per_usd
1996-05-30,8.3463,per_usd
1996-05-31,8.3455,per_usd
1996-06-03,8.3454,per_usd
1996-06-04,8.3449,per_usd
1996-06-05,8.3439,per_usd
1996-06-06,8.3434,per_usd
1996-06-07,8.3437,per_usd
1996-06-10,8.3434,per_usd
1996-06-11,8.3435,per_usd
1996-06-12,8.3429,per_usd
1996-06-13,8.3421,per_usd
1996-06-14,8.3417,per_usd
1996-06-17,8.3422,per_usd
1996-06-18,8.3424,per_usd
1996-06-19,8.3418,per_usd
1996-06-20,8.3412,per_usd
1996-06-21,8.3403,per_usd
1996-06-24,8.3401,per_usd
1996-06-25,8.3406,per_usd
1996-06-26,8.3406,per_usd
1996-06-27,8.341,per_usd
1996-06-28,8.3421,per_usd
1996-07-01,8.3417,per_usd
1996-07-02,8.3411,per_usd
1996-07-03,8.3401,per_usd
1996-07-05,8.34,per_usd
1996-07-08,8.3387,per_usd
1996-07-09,8.3372,per_usd
1996-07-10,8.3361,per_usd
1996-07-11,8.336,per_usd
1996-07-12,8.3359,per_usd
1996-07-15,8.3365,per_usd
1996-07-16,8.3451,per_usd
1996-07-17,8.3452,per_usd
1996-07-18,8.3447,per_usd
1996-07-19,8.3452,per_usd
1996-07-22,8.344,per_usd
1996-07-23,8.3432,per_usd
1996-07-24,8.343,per_usd
1996-07-25,8.3427,per_usd
1996-07-26,8.3414,per_usd
1996-07-29,8.3411,per_usd
1996-07-30,8.3409,per_usd
1996-07-31,8.3407,per_usd
1996-08-01,8.3405,per_usd
1996-08-02,8.3404,per_usd
1996-08-05,8.34,per_usd
1996-08-06,8.3398,per_usd
1996-08-07,8.3395,per_usd
1996-08-08,8.3395,per_usd
1996-08-09,8.339,per_usd
1996-08-12,8.3386,per_usd
1996-08-13,8.338,per_usd
1996-08-14,8.3374,per_usd
1996-08-15,8.3372,per_usd
1996-08-16,8.3369,per_usd
1996-08-19,8.3366,per_usd
1996-08-20,8.3365,per_usd
1996-08-21,8.3371,per_usd
1996-08-22,8.3369,per_usd
1996-08-23,8.3371,per_usd
1996-08-26,8.3371,per_usd
1996-08-27,8.3369,per_usd
1996-08-28,8.3366,per_usd
1996-08-29,8.3364,per_usd
1996-08-30,8.3363,per_usd
1996-09-03,8.336,per_usd
1996-09-04,8.3361,per_usd
1996-09-05,8.3359,per_usd
1996-09-06,8.3357,per_usd
1996-09-09,8.3355,per_usd
1996-09-10,8.3354,per_usd
1996-09-11,8.3353,per_usd
1996-09-12,8.3352,per_usd
1996-09-13,8.335,per_usd
1996-09-16,8.3345,per_usd
1996-09-17,8.3343,per_usd
1996-09-18,8.3341,per_usd
1996-09-19,8.3336,per_usd
1996-09-20,8.333,per_usd
1996-09-23,8.3324,per_usd
1996-09-24,8.3322,per_usd
1996-09-25,8.3325,per_usd
1996-09-26,8.3321,per_usd
1996-09-27,8.3317,per_usd
1996-09-30,8.3317,per_usd
1996-10-01,8.3317,per_usd
1996-10-02,8.3317,per_usd
1996-10-03,8.3315,per_usd
1996-10-04,8.3307,per_usd
1996-10-07,8.3307,per_usd
1996-10-08,8.3315,per_usd
1996-10-09,8.3305,per_usd
1996-10-10,8.3299,per_usd
1996-10-11,8.3293,per_usd
1996-10-15,8.3281,per_usd
1996-10-16,8.3275,per_usd
1996-10-17,8.327,per_usd
1996-10-18,8.3278,per_usd
1996-10-21,8.33,per_usd
1996-10-22,8.33,per_usd
1996-10-23,8.33,per_usd
1996-10-24,8.33,per_usd
1996-10-25,8.33,per_usd
1996-10-28,8.33,per_usd
1996-10-29,8.33,per_usd
1996-10-30,8.33,per_usd
1996-10-31,8.33,per_usd
1996-11-01,8.3285,per_usd
1996-11-04,8.3279,per_usd
1996-11-05,8.3277,per_usd
1996-11-06,8.3275,per_usd
1996-11-07,8.3273,per_usd
1996-11-08,8.327,per_usd
1996-11-12,8.3267,per_usd
1996-11-13,8.3281,per_usd
1996-11-14,8.3294,per_usd
1996-11-15,8.33,per_usd
1996-11-18,8.3302,per_usd
1996-11-19,8.3302,per_usd
1996-11-20,8.3301,per_usd
1996-11-21,8.3311,per_usd
1996-11-22,8.3317,per_usd
1996-11-25,8.3317,per_usd
1996-11-26,8.3312,per_usd
1996-11-27,8.331,per_usd
1996-11-29,8.3312,per_usd
1996-12-02,8.3312,per_usd
1996-12-03,8.3311,per_usd
1996-12-04,8.3313,per_usd
1996-12-05,8.3313,per_usd
1996-12-06,8.3302,per_usd
1996-12-09,8.3296,per_usd
1996-12-10,8.3294,per_usd
1996-12-11,8.3292,per_usd
1996-12-12,8.3295,per_usd
1996-12-13,8.329,per_usd
1996-12-16,8.3286,per_usd
1996-12-17,8.3283,per_usd
1996-12-18,8.3279,per_usd
1996-12-19,8.3275,per_usd
1996-12-20,8.327,per_usd
1996-12-23,8.3277,per_usd
1996-12-24,8.328,per_usd
1996-12-26,8.3277,per_usd
1996-12-27,8.3282,per_usd
1996-12-30,8.3282,per_usd
1996-12-31,8.3284,per_usd
1997-01-02,8.3283,per_usd
1997-01-03,8.3283,per_usd
1997-01-06,8.328,per_usd
1997-01-07,8.3276,per_usd
1997-01-08,8.3272,per_usd
1997-01-09,8.3268,per_usd
1997-01-10,8.3267,per_usd
1997-01-13,8.3266,per_usd
1997-01-14,8.3264,per_usd
1997-01-15,8.3262,per_usd
1997-01-16,8.3258,per_usd
1997-01-17,8.3256,per_usd
1997-01-21,8.3255,per_usd
1997-01-22,8.3254,per_usd
1997-01-23,8.3254,per_usd
1997-01-24,8.3251,per_usd
1997-01-27,8.3248,per_usd
1997-01-28,8.3244,per_usd
1997-01-29,8.324,per_usd
1997-01-30,8.3238,per_usd
1997-01-31,8.3234,per_usd
1997-02-03,8.3231,per_usd
1997-02-04,8.3227,per_usd
1997-02-05,8.3225,per_usd
1997-02-06,8.3216,per_usd
1997-02-07,8.3216,per_usd
1997-02-10,8.3216,per_usd
1997-02-11,8.3216,per_usd
1997-02-12,8.32,per_usd
1997-02-13,8.3222,per_usd
1997-02-14,8.3225,per_usd
1997-02-18,8.3221,per_usd
1997-02-19,8.3238,per_usd
1997-02-20,8.3239,per_usd
1997-02-21,8.3241,per_usd
1997-02-24,8.3238,per_usd
1997-02-25,8.32,per_usd
1997-02-26,8.3248,per_usd
1997-02-27,8.3248,per_usd
1997-02-28,8.3254,per_usd
1997-03-03,8.326,per_usd
1997-03-04,8.3253,per_usd
1997-03-05,8.325,per_usd
1997-03-06,8.3257,per_usd
1997-03-07,8.3257,per_usd
1997-03-10,8.3253,per_usd
1997-03-11,8.3252,per_usd
1997-03-12,8.3253,per_usd
1997-03-13,8.3255,per_usd
1997-03-14,8.3255,per_usd
1997-03-17,8.3258,per_usd
1997-03-18,8.3258,per_usd
1997-03-19,8.3259,per_usd
1997-03-20,8.3259,per_usd
1997-03-21,8.3256,per_usd
1997-03-24,8.3256,per_usd
1997-03-25,8.3268,per_usd
1997-03-26,8.3266,per_usd
1997-03-27,8.3264,per_usd
1997-03-28,8.3264,per_usd
1997-03-31,8.3255,per_usd
1997-04-01,8.3253,per_usd
1997-04-02,8.3263,per_usd
1997-04-03,8.3269,per_usd
1997-04-04,8.3268,per_usd
1997-04-07,8.3266,per_usd
1997-04-08,8.3266,per_usd
1997-04-09,8.3265,per_usd
1997-04-10,8.3265,per_usd
1997-04-11,8.3269,per_usd
1997-04-14,8.3265,per_usd
1997-04-15,8.3261,per_usd
1997-04-16,8.3256,per_usd
1997-04-17,8.3251,per_usd
1997-04-18,8.3251,per_usd
1997-04-21,8.3248,per_usd
1997-04-22,8.3249,per_usd
1997-04-23,8.3246,per_usd
1997-04-24,8.3248,per_usd
1997-04-25,8.3243,per_usd
1997-04-28,8.3249,per_usd
1997-04-29,8.3249,per_usd
1997-04-30,8.3245,per_usd
1997-05-01,8.3245,per_usd
1997-05-02,8.3245,per_usd
1997-05-05,8.3247,per_usd
1997-05-06,8.3243,per_usd
1997-05-07,8.3238,per_usd
1997-05-08,8.3234,per_usd
1997-05-09,8.3231,per_usd
1997-05-12,8.323,per_usd
1997-05-13,8.3228,per_usd
1997-05-14,8.3225,per_usd
1997-05-15,8.3221,per_usd
1997-05-16,8.3218,per_usd
1997-05-19,8.3223,per_usd
1997-05-20,8.3219,per_usd
1997-05-21,8.3221,per_usd
1997-05-22,8.3223,per_usd
1997-05-23,8.3223,per_usd
1997-05-27,8.3216,per_usd
1997-05-28,8.3224,per_usd
1997-05-29,8.3224,per_usd
1997-05-30,8.3221,per_usd
1997-06-02,8.3217,per_usd
1997-06-03,8.3219,per_usd
1997-06-04,8.3215,per_usd
1997-06-05,8.3221,per_usd
1997-06-06,8.3232,per_usd
1997-06-09,8.3223,per_usd
1997-06-10,8.3222,per_usd
1997-06-11,8.3223,per_usd
1997-06-12,8.3235,per_usd
1997-06-13,8.323,per_usd
1997-06-16,8.3231,per_usd
1997-06-17,8.3228,per_usd
1997-06-18,8.3225,per_usd
1997-06-19,8.3215,per_usd
1997-06-20,8.3215,per_usd
1997-06-23,8.3216,per_usd
1997-06-24,8.3214,per_usd
1997-06-25,8.321,per_usd
1997-06-26,8.321,per_usd
1997-06-27,8.329,per_usd
1997-06-30,8.3207,per_usd
1997-07-01,8.3208,per_usd
1997-07-02,8.321,per_usd
1997-07-03,8.3214,per_usd
1997-07-07,8.3218,per_usd
1997-07-08,8.3219,per_usd
1997-07-09,8.322,per_usd
1997-07-10,8.3213,per_usd
1997-07-11,8.3206,per_usd
1997-07-14,8.321,per_usd
1997-07-15,8.3216,per_usd
1997-07-16,8.3219,per_usd
1997-07-17,8.321,per_usd
1997-07-18,8.3215,per_usd
1997-07-21,8.3211,per_usd
1997-07-22,8.3209,per_usd
1997-07-23,8.3209,per_usd
1997-07-24,8.3208,per_usd
1997-07-25,8.3205,per_usd
1997-07-28,8.3003,per_usd
1997-07-29,8.2913,per_usd
1997-07-30,8.2911,per_usd
1997-07-31,8.2913,per_usd
1997-08-01,8.3203,per_usd
1997-08-04,8.3205,per_usd
1997-08-05,8.3203,per_usd
1997-08-06,8.32,per_usd
1997-08-07,8.3203,per_usd
1997-08-08,8.3197,per_usd
1997-08-11,8.3196,per_usd
1997-08-12,8.3191,per_usd
1997-08-13,8.3116,per_usd
1997-08-14,8.3193,per_usd
1997-08-15,8.3119,per_usd
1997-08-18,8.3185,per_usd
1997-08-19,8.319,per_usd
1997-08-20,8.32,per_usd
1997-08-21,8.3191,per_usd
1997-08-22,8.319,per_usd
1997-08-25,8.319,per_usd
1997-08-26,8.319,per_usd
1997-08-27,8.3192,per_usd
1997-08-28,8.3185,per_usd
1997-08-29,8.3184,per_usd
1997-09-02,8.3183,per_usd
1997-09-03,8.3189,per_usd
1997-09-04,8.3191,per_usd
1997-09-05,8.3184,per_usd
1997-09-09,8.3181,per_usd
1997-09-10,8.3187,per_usd
1997-09-11,8.3189,per_usd
1997-09-12,8.3181,per_usd
1997-09-15,8.3181,per_usd
1997-09-16,8.3171,per_usd
1997-09-17,8.3175,per_usd
1997-09-18,8.3173,per_usd
1997-09-19,8.3164,per_usd
1997-09-22,8.3159,per_usd
1997-09-23,8.3154,per_usd
1997-09-24,8.3151,per_usd
1997-09-25,8.315,per_usd
1997-09-26,8.315,per_usd
1997-09-29,8.3152,per_usd
1997-09-30,8.3149,per_usd
1997-10-01,8.3149,per_usd
1997-10-02,8.3149,per_usd
1997-10-03,8.3149,per_usd
1997-10-06,8.3145,per_usd
1997-10-07,8.3145,per_usd
1997-10-08,8.31,per_usd
1997-10-09,8.3141,per_usd
1997-10-10,8.3135,per_usd
1997-10-14,8.3132,per_usd
1997-10-15,8.3139,per_usd
1997-10-16,8.3142,per_usd
1997-10-17,8.3139,per_usd
1997-10-20,8.3135,per_usd
1997-10-21,8.3132,per_usd
1997-10-22,8.31,per_usd
1997-10-23,8.3136,per_usd
1997-10-24,8.3133,per_usd
1997-10-27,8.3134,per_usd
1997-10-28,8.313,per_usd
1997-10-29,8.3132,per_usd
1997-10-30,8.3136,per_usd
1997-10-31,8.3134,per_usd
1997-11-03,8.3129,per_usd
1997-11-04,8.3126,per_usd
1997-11-05,8.3122,per_usd
1997-11-06,8.312,per_usd
1997-11-07,8.3117,per_usd
1997-11-10,8.3113,per_usd
1997-11-12,8.3108,per_usd
1997-11-13,8.3105,per_usd
1997-11-14,8.3106,per_usd
1997-11-17,8.3105,per_usd
1997-11-18,8.3104,per_usd
1997-11-19,8.3103,per_usd
1997-11-20,8.3103,per_usd
1997-11-21,8.3102,per_usd
1997-11-24,8.3101,per_usd
1997-11-25,8.31,per_usd
1997-11-26,8.3101,per_usd
1997-11-28,8.3096,per_usd
1997-12-01,8.3096,per_usd
1997-12-02,8.3099,per_usd
1997-12-03,8.3101,per_usd
1997-12-04,8.31,per_usd
1997-12-05,8.31,per_usd
1997-12-08,8.31,per_usd
1997-12-09,8.31,per_usd
1997-12-10,8.31,per_usd
1997-12-11,8.3096,per_usd
1997-12-12,8.3093,per_usd
1997-12-15,8.31,per_usd
1997-12-16,8.31,per_usd
1997-12-17,8.31,per_usd
1997-12-18,8.31,per_usd
1997-12-19,8.31,per_usd
1997-12-22,8.31,per_usd
1997-12-23,8.31,per_usd
1997-12-24,8.31,per_usd
1997-12-26,8.3093,per_usd
1997-12-29,8.31,per_usd
1997-12-30,8.31,per_usd
1997-12-31,8.31,per_usd
1998-01-02,8.31,per_usd
1998-01-05,8.31,per_usd
1998-01-06,8.31,per_usd
1998-01-07,8.3,per_usd
1998-01-08,8.31,per_usd
1998-01-09,8.31,per_usd
1998-01-12,8.31,per_usd
1998-01-13,8.31,per_usd
1998-01-14,8.31,per_usd
1998-01-15,8.31,per_usd
1998-01-16,8.3089,per_usd
1998-01-20,8.31,per_usd
1998-01-21,8.31,per_usd
1998-01-22,8.31,per_usd
1998-01-23,8.31,per_usd
1998-01-26,8.31,per_usd
1998-01-27,8.31,per_usd
1998-01-28,8.31,per_usd
1998-01-29,8.31,per_usd
1998-01-30,8.31,per_usd
1998-02-02,8.279,per_usd
1998-02-03,8.31,per_usd
1998-02-04,8.31,per_usd
1998-02-05,8.31,per_usd
1998-02-06,8.3095,per_usd
1998-02-09,8.29,per_usd
1998-02-10,8.31,per_usd
1998-02-11,8.31,per_usd
1998-02-12,8.31,per_usd
1998-02-13,8.3096,per_usd
1998-02-17,8.31,per_usd
1998-02-18,8.31,per_usd
1998-02-19,8.31,per_usd
1998-02-20,8.3092,per_usd
1998-02-23,8.31,per_usd
1998-02-24,8.31,per_usd
1998-02-25,8.309,per_usd
1998-02-26,8.31,per_usd
1998-02-27,8.31,per_usd
1998-03-02,8.31,per_usd
1998-03-03,8.31,per_usd
1998-03-04,8.31,per_usd
1998-03-05,8.3091,per_usd
1998-03-06,8.318,per_usd
1998-03-09,8.31,per_usd
1998-03-10,8.31,per_usd
1998-03-11,8.31,per_usd
1998-03-12,8.31,per_usd
1998-03-13,8.31,per_usd
1998-03-16,8.28,per_usd
1998-03-17,8.31,per_usd
1998-03-18,8.31,per_usd
1998-03-19,8.31,per_usd
1998-03-20,8.31,per_usd
1998-03-23,8.31,per_usd
1998-03-24,8.31,per_usd
1998-03-25,8.31,per_usd
1998-03-26,8.31,per_usd
1998-03-27,8.31,per_usd
1998-03-30,8.31,per_usd
1998-03-31,8.28,per_usd
1998-04-01,8.31,per_usd
1998-04-02,8.31,per_usd
1998-04-03,8.28,per_usd
1998-04-06,8.31,per_usd
1998-04-07,8.31,per_usd
1998-04-08,8.31,per_usd
1998-04-09,8.31,per_usd
1998-04-10,8.31,per_usd
1998-04-13,8.31,per_usd
1998-04-14,8.31,per_usd
1998-04-15,8.31,per_usd
1998-04-16,8.31,per_usd
1998-04-17,8.31,per_usd
1998-04-20,8.31,per_usd
1998-04-21,8.31,per_usd
1998-04-22,8.31,per_usd
1998-04-23,8.31,per_usd
1998-04-24,8.2786,per_usd
1998-04-27,8.279,per_usd
1998-04-28,8.31,per_usd
1998-04-29,8.31,per_usd
1998-04-30,8.31,per_usd
1998-05-01,8.2779,per_usd
1998-05-04,8.31,per_usd
1998-05-05,8.31,per_usd
1998-05-06,8.31,per_usd
1998-05-07,8.31,per_usd
1998-05-08,8.31,per_usd
1998-05-11,8.31,per_usd
1998-05-12,8.31,per_usd
1998-05-13,8.31,per_usd
1998-05-14,8.31,per_usd
1998-05-15,8.31,per_usd
1998-05-18,8.31,per_usd
1998-05-19,8.31,per_usd
1998-05-20,8.31,per_usd
1998-05-21,8.31,per_usd
1998-05-22,8.31,per_usd
1998-05-26,8.31,per_usd
1998-05-27,8.31,per_usd
1998-05-28,8.31,per_usd
1998-05-29,8.31,per_usd
1998-06-01,8.31,per_usd
1998-06-02,8.31,per_usd
1998-06-03,8.31,per_usd
1998-06-04,8.31,per_usd
1998-06-05,8.31,per_usd
1998-06-08,8.31,per_usd
1998-06-09,8.31,per_usd
1998-06-10,8.31,per_usd
1998-06-11,8.31,per_usd
1998-06-12,8.31,per_usd
1998-06-15,8.31,per_usd
1998-06-16,8.31,per_usd
1998-06-17,8.31,per_usd
1998-06-18,8.31,per_usd
1998-06-19,8.31,per_usd
1998-06-22,8.31,per_usd
1998-06-23,8.31,per_usd
1998-06-24,8.31,per_usd
1998-06-25,8.31,per_usd
1998-06-26,8.31,per_usd
1998-06-29,8.31,per_usd
1998-06-30,8.31,per_usd
1998-07-01,8.31,per_usd
1998-07-02,8.31,per_usd
1998-07-03,8.31,per_usd
1998-07-06,8.31,per_usd
1998-07-07,8.31,per_usd
1998-07-08,8.31,per_usd
1998-07-09,8.31,per_usd
1998-07-10,8.31,per_usd
1998-07-13,8.31,per_usd
1998-07-14,8.31,per_usd
1998-07-15,8.31,per_usd
1998-07-16,8.31,per_usd
1998-07-17,8.31,per_usd
1998-07-20,8.31,per_usd
1998-07-21,8.31,per_usd
1998-07-22,8.31,per_usd
1998-07-23,8.31,per_usd
1998-07-24,8.31,per_usd
1998-07-27,8.31,per_usd
1998-07-28,8.31,per_usd
1998-07-29,8.31,per_usd
1998-07-30,8.31,per_usd
1998-07-31,8.31,per_usd
1998-08-03,8.31,per_usd
1998-08-04,8.31,per_usd
1998-08-05,8.31,per_usd
1998-08-06,8.31,per_usd
1998-08-07,8.31,per_usd
1998-08-10,8.31,per_usd
1998-08-11,8.31,per_usd
1998-08-12,8.31,per_usd
1998-08-13,8.31,per_usd
1998-08-14,8.31,per_usd
1998-08-17,8.31,per_usd
1998-08-18,8.31,per_usd
1998-08-19,8.31,per_usd
1998-08-20,8.31,per_usd
1998-08-21,8.31,per_usd
1998-08-24,8.31,per_usd
1998-08-25,8.31,per_usd
1998-08-26,8.31,per_usd
1998-08-27,8.31,per_usd
1998-08-28,8.31,per_usd
1998-08-31,8.31,per_usd
1998-09-01,8.31,per_usd
1998-09-02,8.31,per_usd
1998-09-03,8.31,per_usd
1998-09-04,8.31,per_usd
1998-09-08,8.31,per_usd
1998-09-09,8.31,per_usd
1998-09-10,8.31,per_usd
1998-09-11,8.31,per_usd
1998-09-14,8.31,per_usd
1998-09-15,8.31,per_usd
1998-09-16,8.31,per_usd
1998-09-17,8.31,per_usd
1998-09-18,8.31,per_usd
1998-09-21,8.31,per_usd
1998-09-22,8.31,per_usd
1998-09-23,8.31,per_usd
1998-09-24,8.31,per_usd
1998-09-25,8.31,per_usd
1998-09-28,8.2783,per_usd
1998-09-29,8.2782,per_usd
1998-09-30,8.278,per_usd
1998-10-01,8.278,per_usd
1998-10-02,8.278,per_usd
1998-10-05,8.278,per_usd
1998-10-06,8.2779,per_usd
1998-10-07,8.2778,per_usd
1998-10-08,8.2777,per_usd
1998-10-09,8.2777,per_usd
1998-10-13,8.2776,per_usd
1998-10-14,8.2777,per_usd
1998-10-15,8.2778,per_usd
1998-10-16,8.2776,per_usd
1998-10-19,8.2778,per_usd
1998-10-20,8.2779,per_usd
1998-10-21,8.2778,per_usd
1998-10-22,8.2782,per_usd
1998-10-23,8.2778,per_usd
1998-10-26,8.2777,per_usd
1998-10-27,8.2776,per_usd
1998-10-28,8.2778,per_usd
1998-10-29,8.2776,per_usd
1998-10-30,8.2778,per_usd
1998-11-02,8.2777,per_usd
1998-11-03,8.278,per_usd
1998-11-04,8.2778,per_usd
1998-11-05,8.2777,per_usd
1998-11-06,8.2779,per_usd
1998-11-09,8.2777,per_usd
1998-11-10,8.2776,per_usd
1998-11-12,8.2775,per_usd
1998-11-13,8.278,per_usd
1998-11-16,8.2778,per_usd
1998-11-17,8.2778,per_usd
1998-11-18,8.2779,per_usd
1998-11-19,8.2779,per_usd
1998-11-20,8.2777,per_usd
1998-11-23,8.2777,per_usd
1998-11-24,8.2778,per_usd
1998-11-25,8.2777,per_usd
1998-11-27,8.2782,per_usd
1998-11-30,8.2782,per_usd
1998-12-01,8.2782,per_usd
1998-12-02,8.278,per_usd
1998-12-03,8.2779,per_usd
1998-12-04,8.2777,per_usd
1998-12-07,8.2775,per_usd
1998-12-08,8.2775,per_usd
1998-12-09,8.2775,per_usd
1998-12-10,8.2774,per_usd
1998-12-11,8.2774,per_usd
1998-12-14,8.2777,per_usd
1998-12-15,8.2778,per_usd
1998-12-16,8.2778,per_usd
1998-12-17,8.2777,per_usd
1998-12-18,8.2777,per_usd
1998-12-21,8.2779,per_usd
1998-12-22,8.2782,per_usd
1998-12-23,8.2781,per_usd
1998-12-24,8.2785,per_usd
1998-12-28,8.2782,per_usd
1998-12-29,8.2786,per_usd
1998-12-30,8.2787,per_usd
1998-12-31,8.2789,per_usd
1999-01-04,8.2793,per_usd
1999-01-05,8.2795,per_usd
1999-01-06,8.2795,per_usd
1999-01-07,8.2798,per_usd
1999-01-08,8.2796,per_usd
1999-01-11,8.2797,per_usd
1999-01-12,8.2795,per_usd
1999-01-13,8.2794,per_usd
1999-01-14,8.279,per_usd
1999-01-15,8.279,per_usd
1999-01-19,8.2787,per_usd
1999-01-20,8.2791,per_usd
1999-01-21,8.2789,per_usd
1999-01-22,8.2787,per_usd
1999-01-25,8.2784,per_usd
1999-01-26,8.278,per_usd
1999-01-27,8.2778,per_usd
1999-01-28,8.2778,per_usd
1999-01-29,8.2778,per_usd
1999-02-01,8.2775,per_usd
1999-02-02,8.2775,per_usd
1999-02-03,8.2776,per_usd
1999-02-04,8.2776,per_usd
1999-02-05,8.2776,per_usd
1999-02-08,8.2776,per_usd
1999-02-09,8.2776,per_usd
1999-02-10,8.2776,per_usd
1999-02-11,8.2776,per_usd
1999-02-12,8.2776,per_usd
1999-02-16,8.2787,per_usd
1999-02-17,8.2787,per_usd
1999-02-18,8.2787,per_usd
1999-02-19,8.2787,per_usd
1999-02-22,8.2787,per_usd
1999-02-23,8.2787,per_usd
1999-02-24,8.2787,per_usd
1999-02-25,8.2789,per_usd
1999-02-26,8.279,per_usd
1999-03-01,8.2792,per_usd
1999-03-02,8.2789,per_usd
1999-03-03,8.2789,per_usd
1999-03-04,8.2783,per_usd
1999-03-05,8.2784,per_usd
1999-03-08,8.2786,per_usd
1999-03-09,8.2791,per_usd
1999-03-10,8.2788,per_usd
1999-03-11,8.2789,per_usd
1999-03-12,8.2789,per_usd
1999-03-15,8.2789,per_usd
1999-03-16,8.2789,per_usd
1999-03-17,8.2788,per_usd
1999-03-18,8.2788,per_usd
1999-03-19,8.2793,per_usd
1999-03-22,8.2792,per_usd
1999-03-23,8.2795,per_usd
1999-03-24,8.2796,per_usd
1999-03-25,8.2798,per_usd
1999-03-26,8.28,per_usd
1999-03-29,8.2797,per_usd
1999-03-30,8.28,per_usd
1999-03-31,8.28,per_usd
1999-04-01,8.2796,per_usd
1999-04-02,8.2794,per_usd
1999-04-05,8.2795,per_usd
1999-04-06,8.2797,per_usd
1999-04-07,8.2797,per_usd
1999-04-08,8.2799,per_usd
1999-04-09,8.2797,per_usd
1999-04-12,8.2797,per_usd
1999-04-13,8.2797,per_usd
1999-04-14,8.2794,per_usd
1999-04-15,8.2789,per_usd
1999-04-16,8.2787,per_usd
1999-04-19,8.2787,per_usd
1999-04-20,8.2783,per_usd
1999-04-21,8.2783,per_usd
1999-04-22,8.2783,per_usd
1999-04-23,8.2784,per_usd
1999-04-26,8.2793,per_usd
1999-04-27,8.2794,per_usd
1999-04-28,8.2791,per_usd
1999-04-29,8.2794,per_usd
1999-04-30,8.279,per_usd
1999-05-03,8.279,per_usd
1999-05-04,8.2789,per_usd
1999-05-05,8.2789,per_usd
1999-05-06,8.2786,per_usd
1999-05-07,8.2783,per_usd
1999-05-10,8.2787,per_usd
1999-05-11,8.2782,per_usd
1999-05-12,8.2783,per_usd
1999-05-13,8.2778,per_usd
1999-05-14,8.2784,per_usd
1999-05-17,8.2785,per_usd
1999-05-18,8.279,per_usd
1999-05-19,8.2783,per_usd
1999-05-20,8.278,per_usd
1999-05-21,8.278,per_usd
1999-05-24,8.2785,per_usd
1999-05-25,8.2789,per_usd
1999-05-26,8.279,per_usd
1999-05-27,8.2788,per_usd
1999-05-28,8.2786,per_usd
1999-06-01,8.2781,per_usd
1999-06-02,8.2787,per_usd
1999-06-03,8.2784,per_usd
1999-06-04,8.2781,per_usd
1999-06-07,8.2781,per_usd
1999-06-08,8.2779,per_usd
1999-06-09,8.2778,per_usd
1999-06-10,8.2777,per_usd
1999-06-11,8.2777,per_usd
1999-06-14,8.2776,per_usd
1999-06-15,8.2781,per_usd
1999-06-16,8.2776,per_usd
1999-06-17,8.2775,per_usd
1999-06-18,8.2774,per_usd
1999-06-21,8.2778,per_usd
1999-06-22,8.2781,per_usd
1999-06-23,8.2784,per_usd
1999-06-24,8.2779,per_usd
1999-06-25,8.2775,per_usd
1999-06-28,8.278,per_usd
1999-06-29,8.2786,per_usd
1999-06-30,8.2787,per_usd
1999-07-01,8.2786,per_usd
1999-07-02,8.2785,per_usd
1999-07-06,8.2782,per_usd
1999-07-07,8.2783,per_usd
1999-07-08,8.2781,per_usd
1999-07-09,8.2777,per_usd
1999-07-12,8.2776,per_usd
1999-07-13,8.2775,per_usd
1999-07-14,8.2778,per_usd
1999-07-15,8.2775,per_usd
1999-07-16,8.2773,per_usd
1999-07-19,8.2773,per_usd
1999-07-20,8.2777,per_usd
1999-07-21,8.2773,per_usd
1999-07-22,8.2773,per_usd
1999-07-23,8.2772,per_usd
1999-07-26,8.277,per_usd
1999-07-27,8.277,per_usd
1999-07-28,8.277,per_usd
1999-07-29,8.2773,per_usd
1999-07-30,8.2774,per_usd
1999-08-02,8.277,per_usd
1999-08-03,8.2773,per_usd
1999-08-04,8.2774,per_usd
1999-08-05,8.2774,per_usd
1999-08-06,8.2773,per_usd
1999-08-09,8.2774,per_usd
1999-08-10,8.2772,per_usd
1999-08-11,8.2772,per_usd
1999-08-12,8.2771,per_usd
1999-08-13,8.277,per_usd
1999-08-16,8.2774,per_usd
1999-08-17,8.277,per_usd
1999-08-18,8.2772,per_usd
1999-08-19,8.2774,per_usd
1999-08-20,8.2774,per_usd
1999-08-23,8.2772,per_usd
1999-08-24,8.2775,per_usd
1999-08-25,8.2773,per_usd
1999-08-26,8.2773,per_usd
1999-08-27,8.2773,per_usd
1999-08-30,8.2771,per_usd
1999-08-31,8.277,per_usd
1999-09-01,8.2771,per_usd
1999-09-02,8.2773,per_usd
1999-09-03,8.2775,per_usd
1999-09-07,8.2776,per_usd
1999-09-08,8.2776,per_usd
1999-09-09,8.2774,per_usd
1999-09-10,8.2774,per_usd
1999-09-13,8.2772,per_usd
1999-09-14,8.2775,per_usd
1999-09-15,8.2773,per_usd
1999-09-16,8.2771,per_usd
1999-09-17,8.2773,per_usd
1999-09-20,8.2775,per_usd
1999-09-21,8.2775,per_usd
1999-09-22,8.2777,per_usd
1999-09-23,8.2776,per_usd
1999-09-24,8.2775,per_usd
1999-09-27,8.2775,per_usd
1999-09-28,8.2775,per_usd
1999-09-29,8.2775,per_usd
1999-09-30,8.2778,per_usd
1999-10-01,8.2778,per_usd
1999-10-04,8.2778,per_usd
1999-10-05,8.277,per_usd
1999-10-06,8.2778,per_usd
1999-10-07,8.2778,per_usd
1999-10-08,8.278,per_usd
1999-10-12,8.2772,per_usd
1999-10-13,8.2777,per_usd
1999-10-14,8.2774,per_usd
1999-10-15,8.2775,per_usd
1999-10-18,8.2774,per_usd
1999-10-19,8.2773,per_usd
1999-10-20,8.2774,per_usd
1999-10-21,8.2772,per_usd
1999-10-22,8.2773,per_usd
1999-10-25,8.277,per_usd
1999-10-26,8.2773,per_usd
1999-10-27,8.2775,per_usd
1999-10-28,8.2776,per_usd
1999-10-29,8.2778,per_usd
1999-11-01,8.2779,per_usd
1999-11-02,8.2781,per_usd
1999-11-03,8.2781,per_usd
1999-11-04,8.278,per_usd
1999-11-05,8.2779,per_usd
1999-11-08,8.2779,per_usd
1999-11-09,8.278,per_usd
1999-11-10,8.2781,per_usd
1999-11-12,8.278,per_usd
1999-11-15,8.2781,per_usd
1999-11-16,8.2781,per_usd
1999-11-17,8.2781,per_usd
1999-11-18,8.2784,per_usd
1999-11-19,8.2785,per_usd
1999-11-22,8.2785,per_usd
1999-11-23,8.2784,per_usd
1999-11-24,8.2785,per_usd
1999-11-26,8.2785,per_usd
1999-11-29,8.2785,per_usd
1999-11-30,8.2789,per_usd
1999-12-01,8.2789,per_usd
1999-12-02,8.2788,per_usd
1999-12-03,8.2787,per_usd
1999-12-06,8.279,per_usd
1999-12-07,8.279,per_usd
1999-12-08,8.2795,per_usd
1999-12-09,8.2795,per_usd
1999-12-10,8.2795,per_usd
1999-12-13,8.2795,per_usd
1999-12-14,8.2794,per_usd
1999-12-15,8.2794,per_usd
1999-12-16,8.2794,per_usd
1999-12-17,8.2794,per_usd
1999-12-20,8.2794,per_usd
1999-12-21,8.2796,per_usd
1999-12-22,8.2796,per_usd
1999-12-23,8.2795,per_usd
1999-12-24,8.2794,per_usd
1999-12-27,8.2796,per_usd
1999-12-28,8.2797,per_usd
1999-12-29,8.2793,per_usd
1999-12-30,8.2795,per_usd
1999-12-31,8.2795,per_usd
2000-01-03,8.2798,per_usd
2000-01-04,8.2799,per_usd
2000-01-05,8.2798,per_usd
2000-01-06,8.2797,per_usd
2000-01-07,8.2794,per_usd
2000-01-10,8.2794,per_usd
2000-01-11,8.2795,per_usd
2000-01-12,8.2796,per_usd
2000-01-13,8.2798,per_usd
2000-01-14,8.2797,per_usd
2000-01-18,8.2793,per_usd
2000-01-19,8.2797,per_usd
2000-01-20,8.2794,per_usd
2000-01-21,8.2795,per_usd
2000-01-24,8.2789,per_usd
2000-01-25,8.2786,per_usd
2000-01-26,8.2782,per_usd
2000-01-27,8.2783,per_usd
2000-01-28,8.2781,per_usd
2000-01-31,8.2777,per_usd
2000-02-01,8.2774,per_usd
2000-02-02,8.2773,per_usd
2000-02-03,8.2781,per_usd
2000-02-04,8.2788,per_usd
2000-02-07,8.2788,per_usd
2000-02-08,8.2788,per_usd
2000-02-09,8.2788,per_usd
2000-02-10,8.2788,per_usd
2000-02-11,8.2788,per_usd
2000-02-14,8.2779,per_usd
2000-02-15,8.2777,per_usd
2000-02-16,8.2777,per_usd
2000-02-17,8.2772,per_usd
2000-02-18,8.2772,per_usd
2000-02-22,8.2773,per_usd
2000-02-23,8.278,per_usd
2000-02-24,8.278,per_usd
2000-02-25,8.2786,per_usd
2000-02-28,8.2786,per_usd
2000-02-29,8.2786,per_usd
2000-03-01,8.2786,per_usd
2000-03-02,8.2787,per_usd
2000-03-03,8.2789,per_usd
2000-03-06,8.2785,per_usd
2000-03-07,8.2784,per_usd
2000-03-08,8.2786,per_usd
2000-03-09,8.2787,per_usd
2000-03-10,8.2785,per_usd
2000-03-13,8.2781,per_usd
2000-03-14,8.278,per_usd
2000-03-15,8.2778,per_usd
2000-03-16,8.2777,per_usd
2000-03-17,8.2785,per_usd
2000-03-20,8.2786,per_usd
2000-03-21,8.2783,per_usd
2000-03-22,8.2783,per_usd
2000-03-23,8.2787,per_usd
2000-03-24,8.2789,per_usd
2000-03-27,8.2792,per_usd
2000-03-28,8.2795,per_usd
2000-03-29,8.2789,per_usd
2000-03-30,8.2788,per_usd
2000-03-31,8.2787,per_usd
2000-04-03,8.2786,per_usd
2000-04-04,8.2791,per_usd
2000-04-05,8.2795,per_usd
2000-04-06,8.2795,per_usd
2000-04-07,8.2795,per_usd
2000-04-10,8.2798,per_usd
2000-04-11,8.2791,per_usd
2000-04-12,8.2796,per_usd
2000-04-13,8.2794,per_usd
2000-04-14,8.2794,per_usd
2000-04-17,8.2794,per_usd
2000-04-18,8.279,per_usd
2000-04-19,8.2793,per_usd
2000-04-20,8.2791,per_usd
2000-04-21,8.2785,per_usd
2000-04-24,8.2786,per_usd
2000-04-25,8.2791,per_usd
2000-04-26,8.2795,per_usd
2000-04-27,8.2798,per_usd
2000-04-28,8.2799,per_usd
2000-05-01,8.2799,per_usd
2000-05-02,8.2799,per_usd
2000-05-03,8.2799,per_usd
2000-05-04,8.2799,per_usd
2000-05-05,8.2799,per_usd
2000-05-08,8.2798,per_usd
2000-05-09,8.279,per_usd
2000-05-10,8.2785,per_usd
2000-05-11,8.2782,per_usd
2000-05-12,8.2778,per_usd
2000-05-15,8.2777,per_usd
2000-05-16,8.2772,per_usd
2000-05-17,8.2768,per_usd
2000-05-18,8.2773,per_usd
2000-05-19,8.2768,per_usd
2000-05-22,8.277,per_usd
2000-05-23,8.2768,per_usd
2000-05-24,8.2769,per_usd
2000-05-25,8.2773,per_usd
2000-05-26,8.2771,per_usd
2000-05-30,8.2772,per_usd
2000-05-31,8.2773,per_usd
2000-06-01,8.2771,per_usd
2000-06-02,8.2771,per_usd
2000-06-05,8.277,per_usd
2000-06-06,8.2773,per_usd
2000-06-07,8.2773,per_usd
2000-06-08,8.2775,per_usd
2000-06-09,8.2772,per_usd
2000-06-12,8.2771,per_usd
2000-06-13,8.277,per_usd
2000-06-14,8.2768,per_usd
2000-06-15,8.2768,per_usd
2000-06-16,8.2768,per_usd
2000-06-19,8.2768,per_usd
2000-06-20,8.2772,per_usd
2000-06-21,8.2772,per_usd
2000-06-22,8.2771,per_usd
2000-06-23,8.2769,per_usd
2000-06-26,8.2773,per_usd
2000-06-27,8.2774,per_usd
2000-06-28,8.2775,per_usd
2000-06-29,8.278,per_usd
2000-06-30,8.2782,per_usd
2000-07-03,8.2786,per_usd
2000-07-05,8.2787,per_usd
2000-07-06,8.2791,per_usd
2000-07-07,8.2793,per_usd
2000-07-10,8.2795,per_usd
2000-07-11,8.2794,per_usd
2000-07-12,8.2795,per_usd
2000-07-13,8.2791,per_usd
2000-07-14,8.2796,per_usd
2000-07-17,8.2791,per_usd
2000-07-18,8.2796,per_usd
2000-07-19,8.2796,per_usd
2000-07-20,8.2796,per_usd
2000-07-21,8.2795,per_usd
2000-07-24,8.2798,per_usd
2000-07-25,8.2797,per_usd
2000-07-26,8.2796,per_usd
2000-07-27,8.2793,per_usd
2000-07-28,8.2794,per_usd
2000-07-31,8.2792,per_usd
2000-08-01,8.2788,per_usd
2000-08-02,8.2791,per_usd
2000-08-03,8.2796,per_usd
2000-08-04,8.2798,per_usd
2000-08-07,8.2799,per_usd
2000-08-08,8.2799,per_usd
2000-08-09,8.2798,per_usd
2000-08-10,8.2799,per_usd
2000-08-11,8.2796,per_usd
2000-08-14,8.2795,per_usd
2000-08-15,8.2788,per_usd
2000-08-16,8.2797,per_usd
2000-08-17,8.2799,per_usd
2000-08-18,8.2797,per_usd
2000-08-21,8.2799,per_usd
2000-08-22,8.2799,per_usd
2000-08-23,8.2793,per_usd
2000-08-24,8.2799,per_usd
2000-08-25,8.2799,per_usd
2000-08-28,8.2799,per_usd
2000-08-29,8.2799,per_usd
2000-08-30,8.2788,per_usd
2000-08-31,8.2786,per_usd
2000-09-01,8.2787,per_usd
2000-09-05,8.279,per_usd
2000-09-06,8.2794,per_usd
2000-09-07,8.279,per_usd
2000-09-08,8.2794,per_usd
2000-09-11,8.2786,per_usd
2000-09-12,8.2787,per_usd
2000-09-13,8.277,per_usd
2000-09-14,8.2773,per_usd
2000-09-15,8.2771,per_usd
2000-09-18,8.2772,per_usd
2000-09-19,8.2779,per_usd
2000-09-20,8.2775,per_usd
2000-09-21,8.2778,per_usd
2000-09-22,8.2787,per_usd
2000-09-25,8.2793,per_usd
2000-09-26,8.2791,per_usd
2000-09-27,8.2795,per_usd
2000-09-28,8.2799,per_usd
2000-09-29,8.2798,per_usd
2000-10-02,8.279,per_usd
2000-10-03,8.279,per_usd
2000-10-04,8.279,per_usd
2000-10-05,8.279,per_usd
2000-10-06,8.279,per_usd
2000-10-10,8.2789,per_usd
2000-10-11,8.2786,per_usd
2000-10-12,8.2786,per_usd
2000-10-13,8.2784,per_usd
2000-10-16,8.2781,per_usd
2000-10-17,8.2784,per_usd
2000-10-18,8.2781,per_usd
2000-10-19,8.278,per_usd
2000-10-20,8.2778,per_usd
2000-10-23,8.2784,per_usd
2000-10-24,8.2784,per_usd
2000-10-25,8.2782,per_usd
2000-10-26,8.2785,per_usd
2000-10-27,8.2788,per_usd
2000-10-30,8.278,per_usd
2000-10-31,8.2775,per_usd
2000-11-01,8.2773,per_usd
2000-11-02,8.277,per_usd
2000-11-03,8.2768,per_usd
2000-11-06,8.2771,per_usd
2000-11-07,8.2769,per_usd
2000-11-08,8.2772,per_usd
2000-11-09,8.2768,per_usd
2000-11-10,8.2772,per_usd
2000-11-13,8.2768,per_usd
2000-11-14,8.2773,per_usd
2000-11-15,8.2768,per_usd
2000-11-16,8.2773,per_usd
2000-11-17,8.2769,per_usd
2000-11-20,8.2779,per_usd
2000-11-21,8.2786,per_usd
2000-11-22,8.2782,per_usd
2000-11-24,8.2779,per_usd
2000-11-27,8.278,per_usd
2000-11-28,8.2777,per_usd
2000-11-29,8.2774,per_usd
2000-11-30,8.2777,per_usd
2000-12-01,8.2775,per_usd
2000-12-04,8.2771,per_usd
2000-12-05,8.277,per_usd
2000-12-06,8.277,per_usd
2000-12-07,8.277,per_usd
2000-12-08,8.2769,per_usd
2000-12-11,8.2773,per_usd
2000-12-12,8.2771,per_usd
2000-12-13,8.277,per_usd
2000-12-14,8.2768,per_usd
2000-12-15,8.2768,per_usd
2000-12-18,8.2774,per_usd
2000-12-19,8.2772,per_usd
2000-12-20,8.2769,per_usd
2000-12-21,8.2768,per_usd
2000-12-22,8.2777,per_usd
2000-12-26,8.2769,per_usd
2000-12-27,8.277,per_usd
2000-12-28,8.2781,per_usd
2000-12-29,8.2774,per_usd
2001-01-02,8.2779,per_usd
2001-01-03,8.2773,per_usd
2001-01-04,8.2781,per_usd
2001-01-05,8.2775,per_usd
2001-01-08,8.2778,per_usd
2001-01-09,8.2771,per_usd
2001-01-10,8.2769,per_usd
2001-01-11,8.2767,per_usd
2001-01-12,8.2768,per_usd
2001-01-16,8.2766,per_usd
2001-01-17,8.2764,per_usd
2001-01-18,8.2764,per_usd
2001-01-19,8.2764,per_usd
2001-01-22,8.2782,per_usd
2001-01-23,8.2786,per_usd
2001-01-24,8.2786,per_usd
2001-01-25,8.2786,per_usd
2001-01-26,8.2786,per_usd
2001-01-29,8.2786,per_usd
2001-01-30,8.2786,per_usd
2001-01-31,8.2781,per_usd
2001-02-01,8.2772,per_usd
2001-02-02,8.2774,per_usd
2001-02-05,8.277,per_usd
2001-02-06,8.2766,per_usd
2001-02-07,8.2765,per_usd
2001-02-08,8.2763,per_usd
2001-02-09,8.2764,per_usd
2001-02-12,8.2774,per_usd
2001-02-13,8.2765,per_usd
2001-02-14,8.2764,per_usd
2001-02-15,8.2772,per_usd
2001-02-16,8.277,per_usd
2001-02-20,8.2767,per_usd
2001-02-21,8.2772,per_usd
2001-02-22,8.2769,per_usd
2001-02-23,8.2774,per_usd
2001-02-26,8.2776,per_usd
2001-02-27,8.2781,per_usd
2001-02-28,8.2783,per_usd
2001-03-01,8.2778,per_usd
2001-03-02,8.2782,per_usd
2001-03-05,8.2777,per_usd
2001-03-06,8.2778,per_usd
2001-03-07,8.2773,per_usd
2001-03-08,8.277,per_usd
2001-03-09,8.2774,per_usd
2001-03-12,8.2784,per_usd
2001-03-13,8.2783,per_usd
2001-03-14,8.2778,per_usd
2001-03-15,8.2776,per_usd
2001-03-16,8.2771,per_usd
2001-03-19,8.2772,per_usd
2001-03-20,8.2772,per_usd
2001-03-21,8.2771,per_usd
2001-03-22,8.2768,per_usd
2001-03-23,8.2773,per_usd
2001-03-26,8.2771,per_usd
2001-03-27,8.2773,per_usd
2001-03-28,8.2777,per_usd
2001-03-29,8.2779,per_usd
2001-03-30,8.2777,per_usd
2001-04-02,8.2776,per_usd
2001-04-03,8.2772,per_usd
2001-04-04,8.2771,per_usd
2001-04-05,8.2768,per_usd
2001-04-06,8.2767,per_usd
2001-04-09,8.277,per_usd
2001-04-10,8.2769,per_usd
2001-04-11,8.2769,per_usd
2001-04-12,8.2772,per_usd
2001-04-13,8.2769,per_usd
2001-04-16,8.2769,per_usd
2001-04-17,8.2775,per_usd
2001-04-18,8.2775,per_usd
2001-04-19,8.2773,per_usd
2001-04-20,8.2775,per_usd
2001-04-23,8.277,per_usd
2001-04-24,8.2769,per_usd
2001-04-25,8.2767,per_usd
2001-04-26,8.2769,per_usd
2001-04-27,8.2773,per_usd
2001-04-30,8.2774,per_usd
2001-05-01,8.2774,per_usd
2001-05-02,8.2774,per_usd
2001-05-03,8.2774,per_usd
2001-05-04,8.2774,per_usd
2001-05-07,8.2774,per_usd
2001-05-08,8.2785,per_usd
2001-05-09,8.2775,per_usd
2001-05-10,8.2771,per_usd
2001-05-11,8.2771,per_usd
2001-05-14,8.2771,per_usd
2001-05-15,8.2709,per_usd
2001-05-16,8.2769,per_usd
2001-05-17,8.2767,per_usd
2001-05-18,8.2768,per_usd
2001-05-21,8.2778,per_usd
2001-05-22,8.2774,per_usd
2001-05-23,8.2771,per_usd
2001-05-24,8.277,per_usd
2001-05-25,8.2771,per_usd
2001-05-29,8.2768,per_usd
2001-05-30,8.2777,per_usd
2001-05-31,8.277,per_usd
2001-06-01,8.2777,per_usd
2001-06-04,8.277,per_usd
2001-06-05,8.2769,per_usd
2001-06-06,8.2772,per_usd
2001-06-07,8.2767,per_usd
2001-06-08,8.2767,per_usd
2001-06-11,8.2767,per_usd
2001-06-12,8.2771,per_usd
2001-06-13,8.2779,per_usd
2001-06-14,8.2773,per_usd
2001-06-15,8.277,per_usd
2001-06-18,8.277,per_usd
2001-06-19,8.2779,per_usd
2001-06-20,8.277,per_usd
2001-06-21,8.2769,per_usd
2001-06-22,8.2767,per_usd
2001-06-25,8.2768,per_usd
2001-06-26,8.2768,per_usd
2001-06-27,8.2768,per_usd
2001-06-28,8.277,per_usd
2001-06-29,8.2767,per_usd
2001-07-02,8.277,per_usd
2001-07-03,8.2767,per_usd
2001-07-05,8.2767,per_usd
2001-07-06,8.2768,per_usd
2001-07-09,8.2767,per_usd
2001-07-10,8.277,per_usd
2001-07-11,8.2769,per_usd
2001-07-12,8.2769,per_usd
2001-07-13,8.2767,per_usd
2001-07-16,8.2767,per_usd
2001-07-17,8.2769,per_usd
2001-07-18,8.277,per_usd
2001-07-19,8.2768,per_usd
2001-07-20,8.2768,per_usd
2001-07-23,8.277,per_usd
2001-07-24,8.2773,per_usd
2001-07-25,8.277,per_usd
2001-07-26,8.2771,per_usd
2001-07-27,8.277,per_usd
2001-07-30,8.2767,per_usd
2001-07-31,8.277,per_usd
2001-08-01,8.2769,per_usd
2001-08-02,8.2768,per_usd
2001-08-03,8.2768,per_usd
2001-08-06,8.277,per_usd
2001-08-07,8.2772,per_usd
2001-08-08,8.2773,per_usd
2001-08-09,8.2773,per_usd
2001-08-10,8.2768,per_usd
2001-08-13,8.2771,per_usd
2001-08-14,8.2773,per_usd
2001-08-15,8.2771,per_usd
2001-08-16,8.277,per_usd
2001-08-17,8.2768,per_usd
2001-08-20,8.2768,per_usd
2001-08-21,8.2768,per_usd
2001-08-22,8.2769,per_usd
2001-08-23,8.2768,per_usd
2001-08-24,8.2773,per_usd
2001-08-27,8.277,per_usd
2001-08-28,8.2768,per_usd
2001-08-29,8.2769,per_usd
2001-08-30,8.2767,per_usd
2001-08-31,8.2769,per_usd
2001-09-04,8.2768,per_usd
2001-09-05,8.277,per_usd
2001-09-06,8.2768,per_usd
2001-09-07,8.2767,per_usd
2001-09-10,8.2767,per_usd
2001-09-12,8.2769,per_usd
2001-09-13,8.2768,per_usd
2001-09-14,8.2766,per_usd
2001-09-17,8.2767,per_usd
2001-09-18,8.2768,per_usd
2001-09-19,8.2766,per_usd
2001-09-20,8.2766,per_usd
2001-09-21,8.2767,per_usd
2001-09-24,8.277,per_usd
2001-09-25,8.2772,per_usd
2001-09-26,8.2769,per_usd
2001-09-27,8.2769,per_usd
2001-09-28,8.2768,per_usd
2001-10-01,8.2768,per_usd
2001-10-02,8.2768,per_usd
2001-10-03,8.2768,per_usd
2001-10-04,8.2768,per_usd
2001-10-05,8.2768,per_usd
2001-10-09,8.2769,per_usd
2001-10-10,8.2768,per_usd
2001-10-11,8.2766,per_usd
2001-10-12,8.2765,per_usd
2001-10-15,8.2766,per_usd
2001-10-16,8.2767,per_usd
2001-10-17,8.2769,per_usd
2001-10-18,8.277,per_usd
2001-10-19,8.2768,per_usd
2001-10-22,8.277,per_usd
2001-10-23,8.2768,per_usd
2001-10-24,8.2767,per_usd
2001-10-25,8.2769,per_usd
2001-10-26,8.277,per_usd
2001-10-29,8.277,per_usd
2001-10-30,8.2768,per_usd
2001-10-31,8.2768,per_usd
2001-11-01,8.2769,per_usd
2001-11-02,8.2769,per_usd
2001-11-05,8.2768,per_usd
2001-11-06,8.2767,per_usd
2001-11-07,8.2766,per_usd
2001-11-08,8.2766,per_usd
2001-11-09,8.2766,per_usd
2001-11-13,8.2765,per_usd
2001-11-14,8.2767,per_usd
2001-11-15,8.277,per_usd
2001-11-16,8.2771,per_usd
2001-11-19,8.277,per_usd
2001-11-20,8.2769,per_usd
2001-11-21,8.2769,per_usd
2001-11-23,8.2769,per_usd
2001-11-26,8.277,per_usd
2001-11-27,8.277,per_usd
2001-11-28,8.2772,per_usd
2001-11-29,8.2774,per_usd
2001-11-30,8.2772,per_usd
2001-12-03,8.277,per_usd
2001-12-04,8.2771,per_usd
2001-12-05,8.2772,per_usd
2001-12-06,8.2773,per_usd
2001-12-07,8.2772,per_usd
2001-12-10,8.277,per_usd
2001-12-11,8.2768,per_usd
2001-12-12,8.2768,per_usd
2001-12-13,8.2767,per_usd
2001-12-14,8.2768,per_usd
2001-12-17,8.2769,per_usd
2001-12-18,8.2768,per_usd
2001-12-19,8.2767,per_usd
2001-12-20,8.2766,per_usd
2001-12-21,8.2767,per_usd
2001-12-24,8.2766,per_usd
2001-12-26,8.2766,per_usd
2001-12-27,8.2676,per_usd
2001-12-28,8.277,per_usd
2001-12-31,8.2766,per_usd
2002-01-02,8.2766,per_usd
2002-01-03,8.2766,per_usd
2002-01-04,8.2768,per_usd
2002-01-07,8.2767,per_usd
2002-01-08,8.2766,per_usd
2002-01-09,8.2767,per_usd
2002-01-10,8.2766,per_usd
2002-01-11,8.2768,per_usd
2002-01-14,8.28,per_usd
2002-01-15,8.28,per_usd
2002-01-16,8.28,per_usd
2002-01-17,8.2768,per_usd
2002-01-18,8.2767,per_usd
2002-01-22,8.2767,per_usd
2002-01-23,8.2765,per_usd
2002-01-24,8.2767,per_usd
2002-01-25,8.2765,per_usd
2002-01-28,8.2767,per_usd
2002-01-29,8.2766,per_usd
2002-01-30,8.2765,per_usd
2002-01-31,8.2765,per_usd
2002-02-01,8.2766,per_usd
2002-02-04,8.2766,per_usd
2002-02-05,8.2765,per_usd
2002-02-06,8.2767,per_usd
2002-02-07,8.2766,per_usd
2002-02-08,8.2767,per_usd
2002-02-11,8.2768,per_usd
2002-02-12,8.2768,per_usd
2002-02-13,8.2768,per_usd
2002-02-14,8.2768,per_usd
2002-02-15,8.2768,per_usd
2002-02-19,8.277,per_usd
2002-02-20,8.2768,per_usd
2002-02-21,8.2766,per_usd
2002-02-22,8.2765,per_usd
2002-02-25,8.2765,per_usd
2002-02-26,8.2767,per_usd
2002-02-27,8.2765,per_usd
2002-02-28,8.2765,per_usd
2002-03-01,8.2766,per_usd
2002-03-04,8.2767,per_usd
2002-03-05,8.277,per_usd
2002-03-06,8.2766,per_usd
2002-03-07,8.2771,per_usd
2002-03-08,8.2771,per_usd
2002-03-11,8.2769,per_usd
2002-03-12,8.2767,per_usd
2002-03-13,8.28,per_usd
2002-03-14,8.2774,per_usd
2002-03-15,8.278,per_usd
2002-03-18,8.2773,per_usd
2002-03-19,8.2775,per_usd
2002-03-20,8.2774,per_usd
2002-03-21,8.2772,per_usd
2002-03-22,8.277,per_usd
2002-03-25,8.2769,per_usd
2002-03-26,8.2771,per_usd
2002-03-27,8.2772,per_usd
2002-03-28,8.2774,per_usd
2002-03-29,8.2774,per_usd
2002-04-01,8.278,per_usd
2002-04-02,8.2772,per_usd
2002-04-03,8.2773,per_usd
2002-04-04,8.2771,per_usd
2002-04-05,8.277,per_usd
2002-04-08,8.277,per_usd
2002-04-09,8.2769,per_usd
2002-04-10,8.2771,per_usd
2002-04-11,8.2772,per_usd
2002-04-12,8.2772,per_usd
2002-04-15,8.2771,per_usd
2002-04-16,8.2772,per_usd
2002-04-17,8.2772,per_usd
2002-04-18,8.2772,per_usd
2002-04-19,8.2775,per_usd
2002-04-22,8.2772,per_usd
2002-04-23,8.2773,per_usd
2002-04-24,8.2774,per_usd
2002-04-25,8.2774,per_usd
2002-04-26,8.2773,per_usd
2002-04-29,8.277,per_usd
2002-04-30,8.2773,per_usd
2002-05-01,8.2773,per_usd
2002-05-02,8.2773,per_usd
2002-05-03,8.2773,per_usd
2002-05-06,8.2774,per_usd
2002-05-07,8.2774,per_usd
2002-05-08,8.2775,per_usd
2002-05-09,8.2772,per_usd
2002-05-10,8.2771,per_usd
2002-05-13,8.2769,per_usd
2002-05-14,8.277,per_usd
2002-05-15,8.2769,per_usd
2002-05-16,8.2768,per_usd
2002-05-17,8.2769,per_usd
2002-05-20,8.2769,per_usd
2002-05-21,8.2769,per_usd
2002-05-22,8.277,per_usd
2002-05-23,8.277,per_usd
2002-05-24,8.2771,per_usd
2002-05-28,8.2766,per_usd
2002-05-29,8.2766,per_usd
2002-05-30,8.2766,per_usd
2002-05-31,8.2765,per_usd
2002-06-03,8.2767,per_usd
2002-06-04,8.2768,per_usd
2002-06-05,8.2769,per_usd
2002-06-06,8.277,per_usd
2002-06-07,8.277,per_usd
2002-06-10,8.277,per_usd
2002-06-11,8.2768,per_usd
2002-06-12,8.2769,per_usd
2002-06-13,8.2769,per_usd
2002-06-14,8.27,per_usd
2002-06-17,8.2773,per_usd
2002-06-18,8.2775,per_usd
2002-06-19,8.2774,per_usd
2002-06-20,8.2772,per_usd
2002-06-21,8.2771,per_usd
2002-06-24,8.277,per_usd
2002-06-25,8.2771,per_usd
2002-06-26,8.2772,per_usd
2002-06-27,8.2771,per_usd
2002-06-28,8.2771,per_usd
2002-07-01,8.277,per_usd
2002-07-02,8.2769,per_usd
2002-07-03,8.2768,per_usd
2002-07-05,8.2766,per_usd
2002-07-08,8.2767,per_usd
2002-07-09,8.2766,per_usd
2002-07-10,8.2767,per_usd
2002-07-11,8.2768,per_usd
2002-07-12,8.2767,per_usd
2002-07-15,8.2768,per_usd
2002-07-16,8.2769,per_usd
2002-07-17,8.2769,per_usd
2002-07-18,8.2768,per_usd
2002-07-19,8.2769,per_usd
2002-07-22,8.277,per_usd
2002-07-23,8.2771,per_usd
2002-07-24,8.2769,per_usd
2002-07-25,8.277,per_usd
2002-07-26,8.2768,per_usd
2002-07-29,8.2767,per_usd
2002-07-30,8.2766,per_usd
2002-07-31,8.2767,per_usd
2002-08-01,8.2766,per_usd
2002-08-02,8.2768,per_usd
2002-08-05,8.2767,per_usd
2002-08-06,8.2768,per_usd
2002-08-07,8.2769,per_usd
2002-08-08,8.2767,per_usd
2002-08-09,8.2766,per_usd
2002-08-12,8.2768,per_usd
2002-08-13,8.2767,per_usd
2002-08-14,8.2766,per_usd
2002-08-15,8.2768,per_usd
2002-08-16,8.2768,per_usd
2002-08-19,8.2767,per_usd
2002-08-20,8.2768,per_usd
2002-08-21,8.2766,per_usd
2002-08-22,8.2766,per_usd
2002-08-23,8.2767,per_usd
2002-08-26,8.2766,per_usd
2002-08-27,8.2767,per_usd
2002-08-28,8.2768,per_usd
2002-08-29,8.2767,per_usd
2002-08-30,8.2768,per_usd
2002-09-03,8.277,per_usd
2002-09-04,8.2771,per_usd
2002-09-05,8.2772,per_usd
2002-09-06,8.277,per_usd
2002-09-09,8.277,per_usd
2002-09-10,8.277,per_usd
2002-09-11,8.277,per_usd
2002-09-12,8.2768,per_usd
2002-09-13,8.2768,per_usd
2002-09-16,8.2768,per_usd
2002-09-17,8.2769,per_usd
2002-09-18,8.277,per_usd
2002-09-19,8.277,per_usd
2002-09-20,8.2769,per_usd
2002-09-23,8.2771,per_usd
2002-09-24,8.2771,per_usd
2002-09-25,8.2769,per_usd
2002-09-26,8.2772,per_usd
2002-09-27,8.2773,per_usd
2002-09-30,8.2774,per_usd
2002-10-01,8.2774,per_usd
2002-10-02,8.2774,per_usd
2002-10-03,8.2774,per_usd
2002-10-04,8.2774,per_usd
2002-10-07,8.2774,per_usd
2002-10-08,8.2774,per_usd
2002-10-09,8.2772,per_usd
2002-10-10,8.2771,per_usd
2002-10-11,8.277,per_usd
2002-10-15,8.2768,per_usd
2002-10-16,8.2768,per_usd
2002-10-17,8.2768,per_usd
2002-10-18,8.2768,per_usd
2002-10-21,8.2769,per_usd
2002-10-22,8.2771,per_usd
2002-10-23,8.277,per_usd
2002-10-24,8.2771,per_usd
2002-10-25,8.2773,per_usd
2002-10-28,8.2774,per_usd
2002-10-29,8.2773,per_usd
2002-10-30,8.2772,per_usd
2002-10-31,8.2771,per_usd
2002-11-01,8.2772,per_usd
2002-11-04,8.2774,per_usd
2002-11-05,8.2771,per_usd
2002-11-06,8.2771,per_usd
2002-11-07,8.2771,per_usd
2002-11-08,8.2771,per_usd
2002-11-12,8.2771,per_usd
2002-11-13,8.2771,per_usd
2002-11-14,8.2771,per_usd
2002-11-15,8.2771,per_usd
2002-11-18,8.2771,per_usd
2002-11-19,8.2771,per_usd
2002-11-20,8.2771,per_usd
2002-11-21,8.2771,per_usd
2002-11-22,8.2774,per_usd
2002-11-25,8.2774,per_usd
2002-11-26,8.2771,per_usd
2002-11-27,8.2772,per_usd
2002-11-29,8.2773,per_usd
2002-12-02,8.2773,per_usd
2002-12-03,8.2772,per_usd
2002-12-04,8.2773,per_usd
2002-12-05,8.2771,per_usd
2002-12-06,8.2773,per_usd
2002-12-09,8.2776,per_usd
2002-12-10,8.2771,per_usd
2002-12-11,8.2773,per_usd
2002-12-12,8.2773,per_usd
2002-12-13,8.2771,per_usd
2002-12-16,8.2773,per_usd
2002-12-17,8.2776,per_usd
2002-12-18,8.2774,per_usd
2002-12-19,8.28,per_usd
2002-12-20,8.28,per_usd
2002-12-23,8.2775,per_usd
2002-12-24,8.2776,per_usd
2002-12-26,8.2773,per_usd
2002-12-27,8.2773,per_usd
2002-12-30,8.2773,per_usd
2002-12-31,8.28,per_usd
2003-01-02,8.28,per_usd
2003-01-03,8.2768,per_usd
2003-01-06,8.28,per_usd
2003-01-07,8.2767,per_usd
2003-01-08,8.2766,per_usd
2003-01-09,8.2766,per_usd
2003-01-10,8.2767,per_usd
2003-01-13,8.2768,per_usd
2003-01-14,8.28,per_usd
2003-01-15,8.277,per_usd
2003-01-16,8.2771,per_usd
2003-01-17,8.2771,per_usd
2003-01-21,8.2771,per_usd
2003-01-22,8.2771,per_usd
2003-01-23,8.2771,per_usd
2003-01-24,8.2768,per_usd
2003-01-27,8.2768,per_usd
2003-01-28,8.2767,per_usd
2003-01-29,8.2768,per_usd
2003-01-30,8.28,per_usd
2003-01-31,8.2768,per_usd
2003-02-03,8.2768,per_usd
2003-02-04,8.28,per_usd
2003-02-05,8.28,per_usd
2003-02-06,8.28,per_usd
2003-02-07,8.28,per_usd
2003-02-10,8.2773,per_usd
2003-02-11,8.2775,per_usd
2003-02-12,8.2778,per_usd
2003-02-13,8.2773,per_usd
2003-02-14,8.2773,per_usd
2003-02-18,8.2772,per_usd
2003-02-19,8.2775,per_usd
2003-02-20,8.2776,per_usd
2003-02-21,8.2776,per_usd
2003-02-24,8.2777,per_usd
2003-02-25,8.2778,per_usd
2003-02-26,8.2774,per_usd
2003-02-27,8.2775,per_usd
2003-02-28,8.2775,per_usd
2003-03-03,8.2775,per_usd
2003-03-04,8.2774,per_usd
2003-03-05,8.2775,per_usd
2003-03-06,8.2776,per_usd
2003-03-07,8.2774,per_usd
2003-03-10,8.2772,per_usd
2003-03-11,8.277,per_usd
2003-03-12,8.2771,per_usd
2003-03-13,8.2771,per_usd
2003-03-14,8.2772,per_usd
2003-03-17,8.2772,per_usd
2003-03-18,8.2772,per_usd
2003-03-19,8.2773,per_usd
2003-03-20,8.2773,per_usd
2003-03-21,8.2773,per_usd
2003-03-24,8.2774,per_usd
2003-03-25,8.2771,per_usd
2003-03-26,8.2775,per_usd
2003-03-27,8.2772,per_usd
2003-03-28,8.2771,per_usd
2003-03-31,8.2774,per_usd
2003-04-01,8.2773,per_usd
2003-04-02,8.277,per_usd
2003-04-03,8.2771,per_usd
2003-04-04,8.2771,per_usd
2003-04-07,8.2772,per_usd
2003-04-08,8.2773,per_usd
2003-04-09,8.2774,per_usd
2003-04-10,8.2773,per_usd
2003-04-11,8.2772,per_usd
2003-04-14,8.2774,per_usd
2003-04-15,8.2773,per_usd
2003-04-16,8.2773,per_usd
2003-04-17,8.2771,per_usd
2003-04-18,8.277,per_usd
2003-04-21,8.2769,per_usd
2003-04-22,8.277,per_usd
2003-04-23,8.2772,per_usd
2003-04-24,8.2772,per_usd
2003-04-25,8.277,per_usd
2003-04-28,8.277,per_usd
2003-04-29,8.277,per_usd
2003-04-30,8.2771,per_usd
2003-05-01,8.2771,per_usd
2003-05-02,8.2771,per_usd
2003-05-05,8.2771,per_usd
2003-05-06,8.277,per_usd
2003-05-07,8.2769,per_usd
2003-05-08,8.2768,per_usd
2003-05-09,8.2768,per_usd
2003-05-12,8.277,per_usd
2003-05-13,8.277,per_usd
2003-05-14,8.2769,per_usd
2003-05-15,8.2768,per_usd
2003-05-16,8.277,per_usd
2003-05-19,8.2768,per_usd
2003-05-20,8.2768,per_usd
2003-05-21,8.2769,per_usd
2003-05-22,8.2768,per_usd
2003-05-23,8.2769,per_usd
2003-05-27,8.2768,per_usd
2003-05-28,8.277,per_usd
2003-05-29,8.277,per_usd
2003-05-30,8.2768,per_usd
2003-06-02,8.2768,per_usd
2003-06-03,8.2769,per_usd
2003-06-04,8.277,per_usd
2003-06-05,8.277,per_usd
2003-06-06,8.277,per_usd
2003-06-09,8.2773,per_usd
2003-06-10,8.2768,per_usd
2003-06-11,8.277,per_usd
2003-06-12,8.2772,per_usd
2003-06-13,8.2768,per_usd
2003-06-16,8.2769,per_usd
2003-06-17,8.2768,per_usd
2003-06-18,8.2768,per_usd
2003-06-19,8.277,per_usd
2003-06-20,8.2772,per_usd
2003-06-23,8.2773,per_usd
2003-06-24,8.2774,per_usd
2003-06-25,8.2775,per_usd
2003-06-26,8.2775,per_usd
2003-06-27,8.2774,per_usd
2003-06-30,8.2776,per_usd
2003-07-01,8.2775,per_usd
2003-07-02,8.2775,per_usd
2003-07-03,8.2776,per_usd
2003-07-07,8.2773,per_usd
2003-07-08,8.2774,per_usd
2003-07-09,8.2776,per_usd
2003-07-10,8.2774,per_usd
2003-07-11,8.2772,per_usd
2003-07-14,8.2771,per_usd
2003-07-15,8.2772,per_usd
2003-07-16,8.277,per_usd
2003-07-17,8.2771,per_usd
2003-07-18,8.277,per_usd
2003-07-21,8.2768,per_usd
2003-07-22,8.277,per_usd
2003-07-23,8.2771,per_usd
2003-07-24,8.2772,per_usd
2003-07-25,8.2776,per_usd
2003-07-28,8.2775,per_usd
2003-07-29,8.2776,per_usd
2003-07-30,8.2773,per_usd
2003-07-31,8.2774,per_usd
2003-08-01,8.2772,per_usd
2003-08-04,8.2775,per_usd
2003-08-05,8.2775,per_usd
2003-08-06,8.2773,per_usd
2003-08-07,8.2774,per_usd
2003-08-08,8.2772,per_usd
2003-08-11,8.2773,per_usd
2003-08-12,8.277,per_usd
2003-08-13,8.2771,per_usd
2003-08-14,8.277,per_usd
2003-08-15,8.2768,per_usd
2003-08-18,8.2768,per_usd
2003-08-19,8.2767,per_usd
2003-08-20,8.2768,per_usd
2003-08-21,8.2766,per_usd
2003-08-22,8.2766,per_usd
2003-08-25,8.2768,per_usd
2003-08-26,8.2768,per_usd
2003-08-27,8.277,per_usd
2003-08-28,8.2772,per_usd
2003-08-29,8.2772,per_usd
2003-09-02,8.2771,per_usd
2003-09-03,8.2768,per_usd
2003-09-04,8.277,per_usd
2003-09-05,8.277,per_usd
2003-09-08,8.277,per_usd
2003-09-09,8.277,per_usd
2003-09-10,8.277,per_usd
2003-09-11,8.2772,per_usd
2003-09-12,8.2772,per_usd
2003-09-15,8.2774,per_usd
2003-09-16,8.2774,per_usd
2003-09-17,8.2775,per_usd
2003-09-18,8.2775,per_usd
2003-09-19,8.2773,per_usd
2003-09-22,8.2773,per_usd
2003-09-23,8.2773,per_usd
2003-09-24,8.277,per_usd
2003-09-25,8.2771,per_usd
2003-09-26,8.2773,per_usd
2003-09-29,8.277,per_usd
2003-09-30,8.2771,per_usd
2003-10-01,8.2771,per_usd
2003-10-02,8.2771,per_usd
2003-10-03,8.277,per_usd
2003-10-06,8.277,per_usd
2003-10-07,8.277,per_usd
2003-10-08,8.277,per_usd
2003-10-09,8.277,per_usd
2003-10-10,8.277,per_usd
2003-10-14,8.2767,per_usd
2003-10-15,8.2767,per_usd
2003-10-16,8.2776,per_usd
2003-10-17,8.2766,per_usd
2003-10-20,8.2766,per_usd
2003-10-21,8.2765,per_usd
2003-10-22,8.2766,per_usd
2003-10-23,8.2766,per_usd
2003-10-24,8.2768,per_usd
2003-10-27,8.2767,per_usd
2003-10-28,8.2766,per_usd
2003-10-29,8.2766,per_usd
2003-10-30,8.2767,per_usd
2003-10-31,8.2766,per_usd
2003-11-03,8.2766,per_usd
2003-11-04,8.2767,per_usd
2003-11-05,8.2767,per_usd
2003-11-06,8.2769,per_usd
2003-11-07,8.277,per_usd
2003-11-10,8.277,per_usd
2003-11-12,8.277,per_usd
2003-11-13,8.277,per_usd
2003-11-14,8.277,per_usd
2003-11-17,8.2769,per_usd
2003-11-18,8.2767,per_usd
2003-11-19,8.2767,per_usd
2003-11-20,8.2769,per_usd
2003-11-21,8.277,per_usd
2003-11-24,8.2771,per_usd
2003-11-25,8.277,per_usd
2003-11-26,8.2772,per_usd
2003-11-28,8.277,per_usd
2003-12-01,8.2772,per_usd
2003-12-02,8.2772,per_usd
2003-12-03,8.2771,per_usd
2003-12-04,8.277,per_usd
2003-12-05,8.2769,per_usd
2003-12-08,8.2771,per_usd
2003-12-09,8.2771,per_usd
2003-12-10,8.277,per_usd
2003-12-11,8.2771,per_usd
2003-12-12,8.2771,per_usd
2003-12-15,8.2772,per_usd
2003-12-16,8.2771,per_usd
2003-12-17,8.2769,per_usd
2003-12-18,8.2765,per_usd
2003-12-19,8.277,per_usd
2003-12-22,8.2769,per_usd
2003-12-23,8.2769,per_usd
2003-12-24,8.277,per_usd
2003-12-26,8.2768,per_usd
2003-12-29,8.2769,per_usd
2003-12-30,8.2767,per_usd
2003-12-31,8.2767,per_usd
2004-01-02,8.2769,per_usd
2004-01-05,8.277,per_usd
2004-01-06,8.2771,per_usd
2004-01-07,8.2772,per_usd
2004-01-08,8.2772,per_usd
2004-01-09,8.277,per_usd
2004-01-12,8.277,per_usd
2004-01-13,8.2768,per_usd
2004-01-14,8.2768,per_usd
2004-01-15,8.2767,per_usd
2004-01-16,8.2767,per_usd
2004-01-20,8.277,per_usd
2004-01-21,8.2771,per_usd
2004-01-22,8.2771,per_usd
2004-01-23,8.2771,per_usd
2004-01-26,8.2771,per_usd
2004-01-27,8.2771,per_usd
2004-01-28,8.2771,per_usd
2004-01-29,8.277,per_usd
2004-01-30,8.2768,per_usd
2004-02-02,8.277,per_usd
2004-02-03,8.2772,per_usd
2004-02-04,8.2772,per_usd
2004-02-05,8.2773,per_usd
2004-02-06,8.2773,per_usd
2004-02-09,8.2773,per_usd
2004-02-10,8.2772,per_usd
2004-02-11,8.2771,per_usd
2004-02-12,8.2772,per_usd
2004-02-13,8.277,per_usd
2004-02-17,8.277,per_usd
2004-02-18,8.277,per_usd
2004-02-19,8.2771,per_usd
2004-02-20,8.2772,per_usd
2004-02-23,8.2772,per_usd
2004-02-24,8.2771,per_usd
2004-02-25,8.277,per_usd
2004-02-26,8.2771,per_usd
2004-02-27,8.2769,per_usd
2004-03-01,8.2768,per_usd
2004-03-02,8.2768,per_usd
2004-03-03,8.2768,per_usd
2004-03-04,8.277,per_usd
2004-03-05,8.2773,per_usd
2004-03-08,8.2767,per_usd
2004-03-09,8.2767,per_usd
2004-03-10,8.2767,per_usd
2004-03-11,8.2772,per_usd
2004-03-12,8.2771,per_usd
2004-03-15,8.2773,per_usd
2004-03-16,8.2773,per_usd
2004-03-17,8.2774,per_usd
2004-03-18,8.2768,per_usd
2004-03-19,8.2772,per_usd
2004-03-22,8.2773,per_usd
2004-03-23,8.2774,per_usd
2004-03-24,8.2772,per_usd
2004-03-25,8.2771,per_usd
2004-03-26,8.277,per_usd
2004-03-29,8.2771,per_usd
2004-03-30,8.2771,per_usd
2004-03-31,8.277,per_usd
2004-04-01,8.2769,per_usd
2004-04-02,8.2769,per_usd
2004-04-05,8.2769,per_usd
2004-04-06,8.2769,per_usd
2004-04-07,8.2769,per_usd
2004-04-08,8.2769,per_usd
2004-04-09,8.2769,per_usd
2004-04-12,8.277,per_usd
2004-04-13,8.2769,per_usd
2004-04-14,8.2772,per_usd
2004-04-15,8.2771,per_usd
2004-04-16,8.2769,per_usd
2004-04-19,8.2768,per_usd
2004-04-20,8.2768,per_usd
2004-04-21,8.2769,per_usd
2004-04-22,8.277,per_usd
2004-04-23,8.2769,per_usd
2004-04-26,8.2768,per_usd
2004-04-27,8.2768,per_usd
2004-04-28,8.2768,per_usd
2004-04-29,8.2769,per_usd
2004-04-30,8.2771,per_usd
2004-05-03,8.2771,per_usd
2004-05-04,8.2771,per_usd
2004-05-05,8.2771,per_usd
2004-05-06,8.2771,per_usd
2004-05-07,8.2771,per_usd
2004-05-10,8.2769,per_usd
2004-05-11,8.2773,per_usd
2004-05-12,8.2773,per_usd
2004-05-13,8.2772,per_usd
2004-05-14,8.2772,per_usd
2004-05-17,8.2772,per_usd
2004-05-18,8.2771,per_usd
2004-05-19,8.2769,per_usd
2004-05-20,8.2771,per_usd
2004-05-21,8.2771,per_usd
2004-05-24,8.2771,per_usd
2004-05-25,8.2769,per_usd
2004-05-26,8.2769,per_usd
2004-05-27,8.2768,per_usd
2004-05-28,8.2769,per_usd
2004-06-01,8.2767,per_usd
2004-06-02,8.2767,per_usd
2004-06-03,8.2768,per_usd
2004-06-04,8.2767,per_usd
2004-06-07,8.2767,per_usd
2004-06-08,8.2767,per_usd
2004-06-09,8.2767,per_usd
2004-06-10,8.2768,per_usd
2004-06-11,8.2767,per_usd
2004-06-14,8.2766,per_usd
2004-06-15,8.2766,per_usd
2004-06-16,8.2766,per_usd
2004-06-17,8.2766,per_usd
2004-06-18,8.2766,per_usd
2004-06-21,8.2766,per_usd
2004-06-22,8.2766,per_usd
2004-06-23,8.2767,per_usd
2004-06-24,8.2766,per_usd
2004-06-25,8.2767,per_usd
2004-06-28,8.2766,per_usd
2004-06-29,8.2766,per_usd
2004-06-30,8.2766,per_usd
2004-07-01,8.2767,per_usd
2004-07-02,8.2766,per_usd
2004-07-06,8.2768,per_usd
2004-07-07,8.2768,per_usd
2004-07-08,8.2769,per_usd
2004-07-09,8.2769,per_usd
2004-07-12,8.2768,per_usd
2004-07-13,8.2768,per_usd
2004-07-14,8.2767,per_usd
2004-07-15,8.2767,per_usd
2004-07-16,8.2766,per_usd
2004-07-19,8.2766,per_usd
2004-07-20,8.2767,per_usd
2004-07-21,8.2766,per_usd
2004-07-22,8.2766,per_usd
2004-07-23,8.2766,per_usd
2004-07-26,8.2767,per_usd
2004-07-27,8.2767,per_usd
2004-07-28,8.2768,per_usd
2004-07-29,8.2769,per_usd
2004-07-30,8.2769,per_usd
2004-08-02,8.277,per_usd
2004-08-03,8.277,per_usd
2004-08-04,8.277,per_usd
2004-08-05,8.2769,per_usd
2004-08-06,8.2769,per_usd
2004-08-09,8.2769,per_usd
2004-08-10,8.277,per_usd
2004-08-11,8.2769,per_usd
2004-08-12,8.2769,per_usd
2004-08-13,8.2768,per_usd
2004-08-16,8.2768,per_usd
2004-08-17,8.2767,per_usd
2004-08-18,8.2767,per_usd
2004-08-19,8.2768,per_usd
2004-08-20,8.2767,per_usd
2004-08-23,8.2767,per_usd
2004-08-24,8.2767,per_usd
2004-08-25,8.2766,per_usd
2004-08-26,8.2766,per_usd
2004-08-27,8.2767,per_usd
2004-08-30,8.2767,per_usd
2004-08-31,8.2766,per_usd
2004-09-01,8.2766,per_usd
2004-09-02,8.2767,per_usd
2004-09-03,8.2767,per_usd
2004-09-07,8.2767,per_usd
2004-09-08,8.2767,per_usd
2004-09-09,8.2768,per_usd
2004-09-10,8.2766,per_usd
2004-09-13,8.2766,per_usd
2004-09-14,8.2767,per_usd
2004-09-15,8.2768,per_usd
2004-09-16,8.2766,per_usd
2004-09-17,8.2767,per_usd
2004-09-20,8.2767,per_usd
2004-09-21,8.2766,per_usd
2004-09-22,8.2766,per_usd
2004-09-23,8.2766,per_usd
2004-09-24,8.2766,per_usd
2004-09-27,8.2766,per_usd
2004-09-28,8.2766,per_usd
2004-09-29,8.2766,per_usd
2004-09-30,8.2766,per_usd
2004-10-01,8.2766,per_usd
2004-10-04,8.2766,per_usd
2004-10-05,8.2766,per_usd
2004-10-06,8.2766,per_usd
2004-10-07,8.2766,per_usd
2004-10-08,8.2768,per_usd
2004-10-12,8.2765,per_usd
2004-10-13,8.2765,per_usd
2004-10-14,8.2765,per_usd
2004-10-15,8.2765,per_usd
2004-10-18,8.2765,per_usd
2004-10-19,8.2765,per_usd
2004-10-20,8.2765,per_usd
2004-10-21,8.2765,per_usd
2004-10-22,8.2765,per_usd
2004-10-25,8.2765,per_usd
2004-10-26,8.2765,per_usd
2004-10-27,8.2765,per_usd
2004-10-28,8.2765,per_usd
2004-10-29,8.2766,per_usd
2004-11-01,8.2765,per_usd
2004-11-02,8.2764,per_usd
2004-11-03,8.2765,per_usd
2004-11-04,8.2765,per_usd
2004-11-05,8.2764,per_usd
2004-11-08,8.2765,per_usd
2004-11-09,8.2764,per_usd
2004-11-10,8.2765,per_usd
2004-11-12,8.2765,per_usd
2004-11-15,8.2765,per_usd
2004-11-16,8.2765,per_usd
2004-11-17,8.2765,per_usd
2004-11-18,8.2765,per_usd
2004-11-19,8.2765,per_usd
2004-11-22,8.2765,per_usd
2004-11-23,8.2765,per_usd
2004-11-24,8.2765,per_usd
2004-11-26,8.2765,per_usd
2004-11-29,8.2765,per_usd
2004-11-30,8.2765,per_usd
2004-12-01,8.2765,per_usd
2004-12-02,8.2765,per_usd
2004-12-03,8.2765,per_usd
2004-12-06,8.2765,per_usd
2004-12-07,8.2765,per_usd
2004-12-08,8.2765,per_usd
2004-12-09,8.2765,per_usd
2004-12-10,8.2765,per_usd
2004-12-13,8.2767,per_usd
2004-12-14,8.2765,per_usd
2004-12-15,8.2765,per_usd
2004-12-16,8.2765,per_usd
2004-12-17,8.2765,per_usd
2004-12-20,8.2765,per_usd
2004-12-21,8.2765,per_usd
2004-12-22,8.2765,per_usd
2004-12-23,8.2765,per_usd
2004-12-24,8.2765,per_usd
2004-12-27,8.2765,per_usd
2004-12-28,8.2765,per_usd
2004-12-29,8.2765,per_usd
2004-12-30,8.2765,per_usd
2004-12-31,8.2765,per_usd
2005-01-03,8.2765,per_usd
2005-01-04,8.2765,per_usd
2005-01-05,8.2765,per_usd
2005-01-06,8.2765,per_usd
2005-01-07,8.2765,per_usd
2005-01-10,8.2765,per_usd
2005-01-11,8.2765,per_usd
2005-01-12,8.2765,per_usd
2005-01-13,8.2765,per_usd
2005-01-14,8.2765,per_usd
2005-01-18,8.2765,per_usd
2005-01-19,8.2765,per_usd
2005-01-20,8.2765,per_usd
2005-01-21,8.2765,per_usd
2005-01-24,8.2765,per_usd
2005-01-25,8.2765,per_usd
2005-01-26,8.2765,per_usd
2005-01-27,8.2765,per_usd
2005-01-28,8.2765,per_usd
2005-01-31,8.2765,per_usd
2005-02-01,8.2765,per_usd
2005-02-02,8.2765,per_usd
2005-02-03,8.2765,per_usd
2005-02-04,8.2765,per_usd
2005-02-07,8.2765,per_usd
2005-02-08,8.2765,per_usd
2005-02-09,8.2765,per_usd
2005-02-10,8.2765,per_usd
2005-02-11,8.2765,per_usd
2005-02-14,8.2765,per_usd
2005-02-15,8.2765,per_usd
2005-02-16,8.2765,per_usd
2005-02-17,8.2765,per_usd
2005-02-18,8.2765,per_usd
2005-02-22,8.2765,per_usd
2005-02-23,8.2765,per_usd
2005-02-24,8.2765,per_usd
2005-02-25,8.2765,per_usd
2005-02-28,8.2765,per_usd
2005-03-01,8.2765,per_usd
2005-03-02,8.2765,per_usd
2005-03-03,8.2765,per_usd
2005-03-04,8.2765,per_usd
2005-03-07,8.2765,per_usd
2005-03-08,8.2765,per_usd
2005-03-09,8.2765,per_usd
2005-03-10,8.2765,per_usd
2005-03-11,8.2765,per_usd
2005-03-14,8.2765,per_usd
2005-03-15,8.2765,per_usd
2005-03-16,8.2765,per_usd
2005-03-17,8.2765,per_usd
2005-03-18,8.2765,per_usd
2005-03-21,8.2765,per_usd
2005-03-22,8.2765,per_usd
2005-03-23,8.2765,per_usd
2005-03-24,8.2765,per_usd
2005-03-25,8.2765,per_usd
2005-03-28,8.2765,per_usd
2005-03-29,8.2765,per_usd
2005-03-30,8.2765,per_usd
2005-03-31,8.2765,per_usd
2005-04-01,8.2765,per_usd
2005-04-04,8.2765,per_usd
2005-04-05,8.2765,per_usd
2005-04-06,8.2765,per_usd
2005-04-07,8.2765,per_usd
2005-04-08,8.2765,per_usd
2005-04-11,8.2765,per_usd
2005-04-12,8.2765,per_usd
2005-04-13,8.2765,per_usd
2005-04-14,8.2765,per_usd
2005-04-15,8.2765,per_usd
2005-04-18,8.2765,per_usd
2005-04-19,8.2765,per_usd
2005-04-20,8.2765,per_usd
2005-04-21,8.2765,per_usd
2005-04-22,8.2765,per_usd
2005-04-25,8.2765,per_usd
2005-04-26,8.2765,per_usd
2005-04-27,8.2765,per_usd
2005-04-28,8.2765,per_usd
2005-04-29,8.2765,per_usd
2005-05-02,8.2765,per_usd
2005-05-03,8.2765,per_usd
2005-05-04,8.2765,per_usd
2005-05-05,8.2765,per_usd
2005-05-06,8.2765,per_usd
2005-05-09,8.2765,per_usd
2005-05-10,8.2765,per_usd
2005-05-11,8.2765,per_usd
2005-05-12,8.2765,per_usd
2005-05-13,8.2765,per_usd
2005-05-16,8.2765,per_usd
2005-05-17,8.2765,per_usd
2005-05-18,8.2765,per_usd
2005-05-19,8.2765,per_usd
2005-05-20,8.2765,per_usd
2005-05-23,8.2765,per_usd
2005-05-24,8.2765,per_usd
2005-05-25,8.2765,per_usd
2005-05-26,8.2765,per_usd
2005-05-27,8.2765,per_usd
2005-05-31,8.2765,per_usd
2005-06-01,8.2765,per_usd
2005-06-02,8.2765,per_usd
2005-06-03,8.2765,per_usd
2005-06-06,8.2765,per_usd
2005-06-07,8.2765,per_usd
2005-06-08,8.2765,per_usd
2005-06-09,8.2765,per_usd
2005-06-10,8.2765,per_usd
2005-06-13,8.2765,per_usd
2005-06-14,8.2765,per_usd
2005-06-15,8.2765,per_usd
2005-06-16,8.2765,per_usd
2005-06-17,8.2765,per_usd
2005-06-20,8.2765,per_usd
2005-06-21,8.2765,per_usd
2005-06-22,8.2765,per_usd
2005-06-23,8.2765,per_usd
2005-06-24,8.2765,per_usd
2005-06-27,8.2765,per_usd
2005-06-28,8.2765,per_usd
2005-06-29,8.2765,per_usd
2005-06-30,8.2765,per_usd
2005-07-01,8.2765,per_usd
2005-07-05,8.2765,per_usd
2005-07-06,8.2765,per_usd
2005-07-07,8.2765,per_usd
2005-07-08,8.2765,per_usd
2005-07-11,8.2765,per_usd
2005-07-12,8.2765,per_usd
2005-07-13,8.2765,per_usd
2005-07-14,8.2765,per_usd
2005-07-15,8.2765,per_usd
2005-07-18,8.2765,per_usd
2005-07-19,8.2765,per_usd
2005-07-20,8.2765,per_usd
2005-07-21,8.2765,per_usd
2005-07-22,8.1111,per_usd
2005-07-25,8.1097,per_usd
2005-07-26,8.1099,per_usd
2005-07-27,8.1128,per_usd
2005-07-28,8.108,per_usd
2005-07-29,8.1056,per_usd
2005-08-01,8.1046,per_usd
2005-08-02,8.1032,per_usd
2005-08-03,8.1051,per_usd
2005-08-04,8.1027,per_usd
2005-08-05,8.1037,per_usd
2005-08-08,8.109,per_usd
2005-08-09,8.107,per_usd
2005-08-10,8.1062,per_usd
2005-08-11,8.1002,per_usd
2005-08-12,8.098,per_usd
2005-08-15,8.0971,per_usd
2005-08-16,8.1002,per_usd
2005-08-17,8.0997,per_usd
2005-08-18,8.1007,per_usd
2005-08-19,8.1047,per_usd
2005-08-22,8.1056,per_usd
2005-08-23,8.1012,per_usd
2005-08-24,8.1005,per_usd
2005-08-25,8.1002,per_usd
2005-08-26,8.0965,per_usd
2005-08-29,8.0954,per_usd
2005-08-30,8.0973,per_usd
2005-08-31,8.0998,per_usd
2005-09-01,8.0949,per_usd
2005-09-02,8.0935,per_usd
2005-09-05,8.092,per_usd
2005-09-06,8.0913,per_usd
2005-09-07,8.0925,per_usd
2005-09-08,8.0945,per_usd
2005-09-09,8.0956,per_usd
2005-09-12,8.0924,per_usd
2005-09-13,8.094,per_usd
2005-09-14,8.0912,per_usd
2005-09-15,8.089,per_usd
2005-09-16,8.0871,per_usd
2005-09-19,8.0908,per_usd
2005-09-20,8.089,per_usd
2005-09-21,8.0911,per_usd
2005-09-22,8.0881,per_usd
2005-09-23,8.091,per_usd
2005-09-26,8.0929,per_usd
2005-09-27,8.092,per_usd
2005-09-28,8.0939,per_usd
2005-09-29,8.093,per_usd
2005-09-30,8.092,per_usd
2005-10-03,8.092,per_usd
2005-10-04,8.092,per_usd
2005-10-05,8.092,per_usd
2005-10-06,8.092,per_usd
2005-10-07,8.092,per_usd
2005-10-11,8.0879,per_usd
2005-10-12,8.0895,per_usd
2005-10-13,8.0885,per_usd
2005-10-14,8.0896,per_usd
2005-10-17,8.0877,per_usd
2005-10-18,8.091,per_usd
2005-10-19,8.0924,per_usd
2005-10-20,8.0905,per_usd
2005-10-21,8.0905,per_usd
2005-10-24,8.0916,per_usd
2005-10-25,8.0901,per_usd
2005-10-26,8.0867,per_usd
2005-10-27,8.0862,per_usd
2005-10-28,8.084,per_usd
2005-10-31,8.0845,per_usd
2005-11-01,8.086,per_usd
2005-11-02,8.0851,per_usd
2005-11-03,8.0841,per_usd
2005-11-04,8.0856,per_usd
2005-11-07,8.0877,per_usd
2005-11-08,8.0867,per_usd
2005-11-09,8.0857,per_usd
2005-11-10,8.0847,per_usd
2005-11-14,8.0856,per_usd
2005-11-15,8.0845,per_usd
2005-11-16,8.0835,per_usd
2005-11-17,8.0845,per_usd
2005-11-18,8.0832,per_usd
2005-11-21,8.0833,per_usd
2005-11-22,8.0839,per_usd
2005-11-23,8.0816,per_usd
2005-11-25,8.0815,per_usd
2005-11-28,8.0825,per_usd
2005-11-29,8.0796,per_usd
2005-11-30,8.0804,per_usd
2005-12-01,8.0798,per_usd
2005-12-02,8.0806,per_usd
2005-12-05,8.0808,per_usd
2005-12-06,8.078,per_usd
2005-12-07,8.0771,per_usd
2005-12-08,8.078,per_usd
2005-12-09,8.0765,per_usd
2005-12-12,8.077,per_usd
2005-12-13,8.0751,per_usd
2005-12-14,8.0726,per_usd
2005-12-15,8.074,per_usd
2005-12-16,8.0735,per_usd
2005-12-19,8.073,per_usd
2005-12-20,8.074,per_usd
2005-12-21,8.0765,per_usd
2005-12-22,8.0775,per_usd
2005-12-23,8.0762,per_usd
2005-12-27,8.0724,per_usd
2005-12-28,8.0725,per_usd
2005-12-29,8.0709,per_usd
2005-12-30,8.0702,per_usd
2006-01-03,8.0702,per_usd
2006-01-04,8.0702,per_usd
2006-01-05,8.0678,per_usd
2006-01-06,8.0663,per_usd
2006-01-09,8.0665,per_usd
2006-01-10,8.061,per_usd
2006-01-11,8.0682,per_usd
2006-01-12,8.0685,per_usd
2006-01-13,8.0698,per_usd
2006-01-17,8.0676,per_usd
2006-01-18,8.0685,per_usd
2006-01-19,8.0687,per_usd
2006-01-20,8.0596,per_usd
2006-01-23,8.0645,per_usd
2006-01-24,8.0625,per_usd
2006-01-25,8.063,per_usd
2006-01-26,8.062,per_usd
2006-01-27,8.0608,per_usd
2006-01-30,8.0608,per_usd
2006-01-31,8.0608,per_usd
2006-02-01,8.0616,per_usd
2006-02-02,8.0616,per_usd
2006-02-03,8.0616,per_usd
2006-02-06,8.056,per_usd
2006-02-07,8.0566,per_usd
2006-02-08,8.0545,per_usd
2006-02-09,8.0558,per_usd
2006-02-10,8.0516,per_usd
2006-02-13,8.0472,per_usd
2006-02-14,8.0477,per_usd
2006-02-15,8.0481,per_usd
2006-02-16,8.0494,per_usd
2006-02-17,8.0493,per_usd
2006-02-21,8.0485,per_usd
2006-02-22,8.0497,per_usd
2006-02-23,8.0477,per_usd
2006-02-24,8.0432,per_usd
2006-02-27,8.042,per_usd
2006-02-28,8.0415,per_usd
2006-03-01,8.039,per_usd
2006-03-02,8.0394,per_usd
2006-03-03,8.038,per_usd
2006-03-06,8.0382,per_usd
2006-03-07,8.0425,per_usd
2006-03-08,8.0476,per_usd
2006-03-09,8.048,per_usd
2006-03-10,8.0492,per_usd
2006-03-13,8.0505,per_usd
2006-03-14,8.0473,per_usd
2006-03-15,8.0374,per_usd
2006-03-16,8.0385,per_usd
2006-03-17,8.0286,per_usd
2006-03-20,8.025,per_usd
2006-03-21,8.0272,per_usd
2006-03-22,8.0306,per_usd
2006-03-23,8.0274,per_usd
2006-03-24,8.0338,per_usd
2006-03-27,8.0245,per_usd
2006-03-28,8.0212,per_usd
2006-03-29,8.028,per_usd
2006-03-30,8.027,per_usd
2006-03-31,8.0167,per_usd
2006-04-03,8.021,per_usd
2006-04-04,8.0194,per_usd
2006-04-05,8.0116,per_usd
2006-04-06,8.0098,per_usd
2006-04-07,8.013,per_usd
2006-04-10,8.004,per_usd
2006-04-11,8.0045,per_usd
2006-04-12,8.0115,per_usd
2006-04-13,8.0248,per_usd
2006-04-14,8.0175,per_usd
2006-04-17,8.0158,per_usd
2006-04-18,8.014,per_usd
2006-04-19,8.0128,per_usd
2006-04-20,8.011,per_usd
2006-04-21,8.0165,per_usd
2006-04-24,8.0163,per_usd
2006-04-25,8.01,per_usd
2006-04-26,8.0163,per_usd
2006-04-27,8.0205,per_usd
2006-04-28,8.0165,per_usd
2006-05-01,8.0165,per_usd
2006-05-02,8.0165,per_usd
2006-05-03,8.01,per_usd
2006-05-04,8.0114,per_usd
2006-05-05,8.0114,per_usd
2006-05-08,8.007,per_usd
2006-05-09,8.0042,per_usd
2006-05-10,8.0032,per_usd
2006-05-11,8.0038,per_usd
2006-05-12,8.0056,per_usd
2006-05-15,8.003,per_usd
2006-05-16,8.0005,per_usd
2006-05-17,8.002,per_usd
2006-05-18,8.0095,per_usd
2006-05-19,8.0175,per_usd
2006-05-22,8.0255,per_usd
2006-05-23,8.0235,per_usd
2006-05-24,8.0175,per_usd
2006-05-25,8.0235,per_usd
2006-05-26,8.0245,per_usd
2006-05-30,8.03,per_usd
2006-05-31,8.0215,per_usd
2006-06-01,8.0184,per_usd
2006-06-02,8.0225,per_usd
2006-06-05,8.0057,per_usd
2006-06-06,8.012,per_usd
2006-06-07,8.0171,per_usd
2006-06-08,8.0084,per_usd
2006-06-09,8.011,per_usd
2006-06-12,8.015,per_usd
2006-06-13,8.0034,per_usd
2006-06-14,7.9985,per_usd
2006-06-15,7.999,per_usd
2006-06-16,7.9995,per_usd
2006-06-19,8.0035,per_usd
2006-06-20,8.0009,per_usd
2006-06-21,7.9969,per_usd
2006-06-22,7.9963,per_usd
2006-06-23,7.9997,per_usd
2006-06-26,7.9995,per_usd
2006-06-27,7.998,per_usd
2006-06-28,7.997,per_usd
2006-06-29,7.9955,per_usd
2006-06-30,7.9943,per_usd
2006-07-03,7.9924,per_usd
2006-07-05,7.9955,per_usd
2006-07-06,7.9945,per_usd
2006-07-07,7.9936,per_usd
2006-07-10,7.9908,per_usd
2006-07-11,7.9911,per_usd
2006-07-12,7.9892,per_usd
2006-07-13,7.9899,per_usd
2006-07-14,7.9956,per_usd
2006-07-17,7.997,per_usd
2006-07-18,8.0016,per_usd
2006-07-19,8.0018,per_usd
2006-07-20,7.9918,per_usd
2006-07-21,7.9897,per_usd
2006-07-24,7.9851,per_usd
2006-07-25,7.9872,per_usd
2006-07-26,7.9849,per_usd
2006-07-27,7.974,per_usd
2006-07-28,7.9792,per_usd
2006-07-31,7.969,per_usd
2006-08-01,7.973,per_usd
2006-08-02,7.972,per_usd
2006-08-03,7.9748,per_usd
2006-08-04,7.9783,per_usd
2006-08-07,7.968,per_usd
2006-08-08,7.9712,per_usd
2006-08-09,7.9745,per_usd
2006-08-10,7.969,per_usd
2006-08-11,7.9725,per_usd
2006-08-14,7.9928,per_usd
2006-08-15,8,per_usd
2006-08-16,7.9827,per_usd
2006-08-17,7.9685,per_usd
2006-08-18,7.9736,per_usd
2006-08-21,7.9698,per_usd
2006-08-22,7.9663,per_usd
2006-08-23,7.9698,per_usd
2006-08-24,7.9694,per_usd
2006-08-25,7.969,per_usd
2006-08-28,7.9706,per_usd
2006-08-29,7.9615,per_usd
2006-08-30,7.959,per_usd
2006-08-31,7.9538,per_usd
2006-09-01,7.9533,per_usd
2006-09-05,7.9495,per_usd
2006-09-06,7.947,per_usd
2006-09-07,7.9409,per_usd
2006-09-08,7.9485,per_usd
2006-09-11,7.9545,per_usd
2006-09-12,7.9464,per_usd
2006-09-13,7.949,per_usd
2006-09-14,7.9462,per_usd
2006-09-15,7.9429,per_usd
2006-09-18,7.9465,per_usd
2006-09-19,7.9357,per_usd
2006-09-20,7.9264,per_usd
2006-09-21,7.9248,per_usd
2006-09-22,7.9195,per_usd
2006-09-25,7.9212,per_usd
2006-09-26,7.9135,per_usd
2006-09-27,7.9019,per_usd
2006-09-28,7.8965,per_usd
2006-09-29,7.904,per_usd
2006-10-02,7.904,per_usd
2006-10-03,7.904,per_usd
2006-10-04,7.904,per_usd
2006-10-05,7.904,per_usd
2006-10-06,7.904,per_usd
2006-10-10,7.91,per_usd
2006-10-11,7.9168,per_usd
2006-10-12,7.9143,per_usd
2006-10-13,7.9,per_usd
2006-10-16,7.912,per_usd
2006-10-17,7.9081,per_usd
2006-10-18,7.9066,per_usd
2006-10-19,7.9102,per_usd
2006-10-20,7.9028,per_usd
2006-10-23,7.8981,per_usd
2006-10-24,7.9023,per_usd
2006-10-25,7.901,per_usd
2006-10-26,7.8949,per_usd
2006-10-27,7.8886,per_usd
2006-10-30,7.8728,per_usd
2006-10-31,7.8785,per_usd
2006-11-01,7.8714,per_usd
2006-11-02,7.872,per_usd
2006-11-03,7.8715,per_usd
2006-11-06,7.875,per_usd
2006-11-07,7.872,per_usd
2006-11-08,7.8651,per_usd
2006-11-09,7.8645,per_usd
2006-11-10,7.8635,per_usd
2006-11-13,7.8642,per_usd
2006-11-14,7.864,per_usd
2006-11-15,7.8677,per_usd
2006-11-16,7.8713,per_usd
2006-11-17,7.8717,per_usd
2006-11-20,7.8694,per_usd
2006-11-21,7.8683,per_usd
2006-11-22,7.8731,per_usd
2006-11-24,7.8515,per_usd
2006-11-27,7.8426,per_usd
2006-11-28,7.844,per_usd
2006-11-29,7.8303,per_usd
2006-11-30,7.834,per_usd
2006-12-01,7.835,per_usd
2006-12-04,7.8274,per_usd
2006-12-05,7.8217,per_usd
2006-12-06,7.8224,per_usd
2006-12-07,7.8226,per_usd
2006-12-08,7.8235,per_usd
2006-12-11,7.834,per_usd
2006-12-12,7.8283,per_usd
2006-12-13,7.8265,per_usd
2006-12-14,7.8229,per_usd
2006-12-15,7.8265,per_usd
2006-12-18,7.8192,per_usd
2006-12-19,7.8243,per_usd
2006-12-20,7.8158,per_usd
2006-12-21,7.816,per_usd
2006-12-22,7.8153,per_usd
2006-12-26,7.8199,per_usd
2006-12-27,7.8215,per_usd
2006-12-28,7.8116,per_usd
2006-12-29,7.8041,per_usd
2007-01-02,7.8051,per_usd
2007-01-03,7.8051,per_usd
2007-01-04,7.809,per_usd
2007-01-05,7.8047,per_usd
2007-01-08,7.8127,per_usd
2007-01-09,7.8055,per_usd
2007-01-10,7.8075,per_usd
2007-01-11,7.7945,per_usd
2007-01-12,7.7984,per_usd
2007-01-16,7.79,per_usd
2007-01-17,7.7752,per_usd
2007-01-18,7.7705,per_usd
2007-01-19,7.7752,per_usd
2007-01-22,7.7759,per_usd
2007-01-23,7.7756,per_usd
2007-01-24,7.7705,per_usd
2007-01-25,7.7705,per_usd
2007-01-26,7.7748,per_usd
2007-01-29,7.773,per_usd
2007-01-30,7.775,per_usd
2007-01-31,7.7714,per_usd
2007-02-01,7.7575,per_usd
2007-02-02,7.7555,per_usd
2007-02-05,7.7602,per_usd
2007-02-06,7.7565,per_usd
2007-02-07,7.7474,per_usd
2007-02-08,7.7484,per_usd
2007-02-09,7.7476,per_usd
2007-02-12,7.757,per_usd
2007-02-13,7.7632,per_usd
2007-02-14,7.7565,per_usd
2007-02-15,7.7545,per_usd
2007-02-16,7.7426,per_usd
2007-02-20,7.7466,per_usd
2007-02-21,7.7426,per_usd
2007-02-22,7.7436,per_usd
2007-02-23,7.7416,per_usd
2007-02-26,7.75,per_usd
2007-02-27,7.7416,per_usd
2007-02-28,7.741,per_usd
2007-03-01,7.7435,per_usd
2007-03-02,7.7445,per_usd
2007-03-05,7.7415,per_usd
2007-03-06,7.7453,per_usd
2007-03-07,7.743,per_usd
2007-03-08,7.74,per_usd
2007-03-09,7.7445,per_usd
2007-03-12,7.7454,per_usd
2007-03-13,7.741,per_usd
2007-03-14,7.737,per_usd
2007-03-15,7.743,per_usd
2007-03-16,7.728,per_usd
2007-03-19,7.7355,per_usd
2007-03-20,7.732,per_usd
2007-03-21,7.735,per_usd
2007-03-22,7.7286,per_usd
2007-03-23,7.729,per_usd
2007-03-26,7.7396,per_usd
2007-03-27,7.7334,per_usd
2007-03-28,7.7318,per_usd
2007-03-29,7.728,per_usd
2007-03-30,7.7232,per_usd
2007-04-02,7.7296,per_usd
2007-04-03,7.7267,per_usd
2007-04-04,7.7345,per_usd
2007-04-05,7.725,per_usd
2007-04-06,7.7248,per_usd
2007-04-09,7.729,per_usd
2007-04-10,7.7304,per_usd
2007-04-11,7.7317,per_usd
2007-04-12,7.724,per_usd
2007-04-13,7.7222,per_usd
2007-04-16,7.7283,per_usd
2007-04-17,7.7288,per_usd
2007-04-18,7.7208,per_usd
2007-04-19,7.7125,per_usd
2007-04-20,7.715,per_usd
2007-04-23,7.728,per_usd
2007-04-24,7.7345,per_usd
2007-04-25,7.7203,per_usd
2007-04-26,7.73,per_usd
2007-04-27,7.7139,per_usd
2007-04-30,7.709,per_usd
2007-05-01,7.7065,per_usd
2007-05-02,7.7039,per_usd
2007-05-03,7.705,per_usd
2007-05-04,7.7035,per_usd
2007-05-07,7.7039,per_usd
2007-05-08,7.6951,per_usd
2007-05-09,7.6941,per_usd
2007-05-10,7.6936,per_usd
2007-05-11,7.6835,per_usd
2007-05-14,7.6719,per_usd
2007-05-15,7.6938,per_usd
2007-05-16,7.683,per_usd
2007-05-17,7.673,per_usd
2007-05-18,7.6636,per_usd
2007-05-21,7.6656,per_usd
2007-05-22,7.656,per_usd
2007-05-23,7.649,per_usd
2007-05-24,7.6525,per_usd
2007-05-25,7.6527,per_usd
2007-05-29,7.6514,per_usd
2007-05-30,7.6463,per_usd
2007-05-31,7.6516,per_usd
2007-06-01,7.6483,per_usd
2007-06-04,7.6503,per_usd
2007-06-05,7.6397,per_usd
2007-06-06,7.6377,per_usd
2007-06-07,7.6525,per_usd
2007-06-08,7.6666,per_usd
2007-06-11,7.668,per_usd
2007-06-12,7.6456,per_usd
2007-06-13,7.637,per_usd
2007-06-14,7.642,per_usd
2007-06-15,7.6245,per_usd
2007-06-18,7.6193,per_usd
2007-06-19,7.6175,per_usd
2007-06-20,7.618,per_usd
2007-06-21,7.6208,per_usd
2007-06-22,7.622,per_usd
2007-06-25,7.6187,per_usd
2007-06-26,7.6178,per_usd
2007-06-27,7.621,per_usd
2007-06-28,7.6198,per_usd
2007-06-29,7.612,per_usd
2007-07-02,7.6055,per_usd
2007-07-03,7.5948,per_usd
2007-07-05,7.6,per_usd
2007-07-06,7.6,per_usd
2007-07-09,7.6055,per_usd
2007-07-10,7.5855,per_usd
2007-07-11,7.566,per_usd
2007-07-12,7.569,per_usd
2007-07-13,7.571,per_usd
2007-07-16,7.566,per_usd
2007-07-17,7.5651,per_usd
2007-07-18,7.5655,per_usd
2007-07-19,7.558,per_usd
2007-07-20,7.5727,per_usd
2007-07-23,7.5652,per_usd
2007-07-24,7.566,per_usd
2007-07-25,7.5596,per_usd
2007-07-26,7.568,per_usd
2007-07-27,7.564,per_usd
2007-07-30,7.57,per_usd
2007-07-31,7.572,per_usd
2007-08-01,7.567,per_usd
2007-08-02,7.5733,per_usd
2007-08-03,7.567,per_usd
2007-08-06,7.5608,per_usd
2007-08-07,7.57,per_usd
2007-08-08,7.5748,per_usd
2007-08-09,7.5663,per_usd
2007-08-10,7.5698,per_usd
2007-08-13,7.5835,per_usd
2007-08-14,7.578,per_usd
2007-08-15,7.585,per_usd
2007-08-16,7.6181,per_usd
2007-08-17,7.596,per_usd
2007-08-20,7.585,per_usd
2007-08-21,7.594,per_usd
2007-08-22,7.5937,per_usd
2007-08-23,7.5867,per_usd
2007-08-24,7.567,per_usd
2007-08-27,7.5604,per_usd
2007-08-28,7.5535,per_usd
2007-08-29,7.549,per_usd
2007-08-30,7.542,per_usd
2007-08-31,7.5462,per_usd
2007-09-03,7.5462,per_usd
2007-09-04,7.551,per_usd
2007-09-05,7.554,per_usd
2007-09-06,7.533,per_usd
2007-09-07,7.537,per_usd
2007-09-10,7.5235,per_usd
2007-09-11,7.522,per_usd
2007-09-12,7.521,per_usd
2007-09-13,7.511,per_usd
2007-09-14,7.517,per_usd
2007-09-17,7.519,per_usd
2007-09-18,7.522,per_usd
2007-09-19,7.5135,per_usd
2007-09-20,7.5055,per_usd
2007-09-21,7.5,per_usd
2007-09-24,7.5075,per_usd
2007-09-25,7.514,per_usd
2007-09-26,7.516,per_usd
2007-09-27,7.5135,per_usd
2007-09-28,7.4928,per_usd
2007-10-01,7.5158,per_usd
2007-10-02,7.5093,per_usd
2007-10-03,7.5,per_usd
2007-10-04,7.5098,per_usd
2007-10-05,7.5098,per_usd
2007-10-08,7.5098,per_usd
2007-10-09,7.5095,per_usd
2007-10-10,7.5075,per_usd
2007-10-11,7.508,per_usd
2007-10-12,7.509,per_usd
2007-10-15,7.513,per_usd
2007-10-16,7.5116,per_usd
2007-10-17,7.5156,per_usd
2007-10-18,7.5148,per_usd
2007-10-19,7.508,per_usd
2007-10-22,7.5075,per_usd
2007-10-23,7.502,per_usd
2007-10-24,7.4925,per_usd
2007-10-25,7.48,per_usd
2007-10-26,7.4976,per_usd
2007-10-29,7.4728,per_usd
2007-10-30,7.472,per_usd
2007-10-31,7.4682,per_usd
2007-11-01,7.4582,per_usd
2007-11-02,7.458,per_usd
2007-11-05,7.455,per_usd
2007-11-06,7.4515,per_usd
2007-11-07,7.442,per_usd
2007-11-08,7.4211,per_usd
2007-11-09,7.419,per_usd
2007-11-13,7.4279,per_usd
2007-11-14,7.425,per_usd
2007-11-15,7.425,per_usd
2007-11-16,7.425,per_usd
2007-11-19,7.4313,per_usd
2007-11-20,7.4225,per_usd
2007-11-21,7.416,per_usd
2007-11-22,7.416,per_usd
2007-11-23,7.4079,per_usd
2007-11-26,7.397,per_usd
2007-11-27,7.3865,per_usd
2007-11-28,7.3905,per_usd
2007-11-29,7.38,per_usd
2007-11-30,7.385,per_usd
2007-12-03,7.401,per_usd
2007-12-04,7.405,per_usd
2007-12-05,7.39,per_usd
2007-12-06,7.412,per_usd
2007-12-07,7.407,per_usd
2007-12-10,7.39,per_usd
2007-12-11,7.379,per_usd
2007-12-12,7.374,per_usd
2007-12-13,7.37,per_usd
2007-12-14,7.375,per_usd
2007-12-17,7.3805,per_usd
2007-12-18,7.3741,per_usd
2007-12-19,7.3718,per_usd
2007-12-20,7.3669,per_usd
2007-12-21,7.368,per_usd
2007-12-24,7.3475,per_usd
2007-12-26,7.345,per_usd
2007-12-27,7.3079,per_usd
2007-12-28,7.304,per_usd
2007-12-31,7.2946,per_usd
2008-01-02,7.2946,per_usd
2008-01-03,7.2755,per_usd
2008-01-04,7.2695,per_usd
2008-01-07,7.2705,per_usd
2008-01-08,7.267,per_usd
2008-01-09,7.2625,per_usd
2008-01-10,7.27,per_usd
2008-01-11,7.2615,per_usd
2008-01-14,7.2526,per_usd
2008-01-15,7.2345,per_usd
2008-01-16,7.24,per_usd
2008-01-17,7.2245,per_usd
2008-01-18,7.2424,per_usd
2008-01-22,7.2456,per_usd
2008-01-23,7.24,per_usd
2008-01-24,7.2228,per_usd
2008-01-25,7.2115,per_usd
2008-01-28,7.195,per_usd
2008-01-29,7.1965,per_usd
2008-01-30,7.1912,per_usd
2008-01-31,7.1818,per_usd
2008-02-01,7.1845,per_usd
2008-02-04,7.1915,per_usd
2008-02-05,7.1835,per_usd
2008-02-06,7.183,per_usd
2008-02-07,7.183,per_usd
2008-02-08,7.183,per_usd
2008-02-11,7.1905,per_usd
2008-02-12,7.184,per_usd
2008-02-13,7.1973,per_usd
2008-02-14,7.188,per_usd
2008-02-15,7.178,per_usd
2008-02-19,7.1485,per_usd
2008-02-20,7.1425,per_usd
2008-02-21,7.1395,per_usd
2008-02-22,7.14,per_usd
2008-02-25,7.1522,per_usd
2008-02-26,7.158,per_usd
2008-02-27,7.14,per_usd
2008-02-28,7.11,per_usd
2008-02-29,7.1115,per_usd
2008-03-03,7.1035,per_usd
2008-03-04,7.106,per_usd
2008-03-05,7.1075,per_usd
2008-03-06,7.1059,per_usd
2008-03-07,7.111,per_usd
2008-03-10,7.106,per_usd
2008-03-11,7.1027,per_usd
2008-03-12,7.101,per_usd
2008-03-13,7.09,per_usd
2008-03-14,7.089,per_usd
2008-03-17,7.083,per_usd
2008-03-18,7.0795,per_usd
2008-03-19,7.066,per_usd
2008-03-20,7.052,per_usd
2008-03-21,7.0515,per_usd
2008-03-24,7.055,per_usd
2008-03-25,7.044,per_usd
2008-03-26,7.029,per_usd
2008-03-27,7.0105,per_usd
2008-03-28,7.012,per_usd
2008-03-31,7.012,per_usd
2008-04-01,7.0116,per_usd
2008-04-02,7.0185,per_usd
2008-04-03,7.015,per_usd
2008-04-04,7.015,per_usd
2008-04-07,7.001,per_usd
2008-04-08,7.0008,per_usd
2008-04-09,7.0017,per_usd
2008-04-10,6.991,per_usd
2008-04-11,7.006,per_usd
2008-04-14,6.999,per_usd
2008-04-15,6.9945,per_usd
2008-04-16,6.992,per_usd
2008-04-17,6.984,per_usd
2008-04-18,7.0065,per_usd
2008-04-21,6.9996,per_usd
2008-04-22,6.989,per_usd
2008-04-23,6.9895,per_usd
2008-04-24,6.9955,per_usd
2008-04-25,7.0095,per_usd
2008-04-28,7.002,per_usd
2008-04-29,6.9845,per_usd
2008-04-30,6.987,per_usd
2008-05-01,6.9876,per_usd
2008-05-02,6.987,per_usd
2008-05-05,6.9815,per_usd
2008-05-06,6.986,per_usd
2008-05-07,6.986,per_usd
2008-05-08,7,per_usd
2008-05-09,6.9876,per_usd
2008-05-12,6.9881,per_usd
2008-05-13,6.9889,per_usd
2008-05-14,6.999,per_usd
2008-05-15,6.9943,per_usd
2008-05-16,6.988,per_usd
2008-05-19,6.97,per_usd
2008-05-20,6.9725,per_usd
2008-05-21,6.9592,per_usd
2008-05-22,6.942,per_usd
2008-05-23,6.9412,per_usd
2008-05-27,6.945,per_usd
2008-05-28,6.9408,per_usd
2008-05-29,6.9377,per_usd
2008-05-30,6.94,per_usd
2008-06-02,6.9325,per_usd
2008-06-03,6.9341,per_usd
2008-06-04,6.9633,per_usd
2008-06-05,6.946,per_usd
2008-06-06,6.923,per_usd
2008-06-09,6.923,per_usd
2008-06-10,6.9248,per_usd
2008-06-11,6.9095,per_usd
2008-06-12,6.907,per_usd
2008-06-13,6.9044,per_usd
2008-06-16,6.8911,per_usd
2008-06-17,6.8954,per_usd
2008-06-18,6.8821,per_usd
2008-06-19,6.877,per_usd
2008-06-20,6.8796,per_usd
2008-06-23,6.874,per_usd
2008-06-24,6.8699,per_usd
2008-06-25,6.8653,per_usd
2008-06-26,6.863,per_usd
2008-06-27,6.8618,per_usd
2008-06-30,6.8591,per_usd
2008-07-01,6.8608,per_usd
2008-07-02,6.8542,per_usd
2008-07-03,6.8529,per_usd
2008-07-07,6.8567,per_usd
2008-07-08,6.851,per_usd
2008-07-09,6.8632,per_usd
2008-07-10,6.843,per_usd
2008-07-11,6.8338,per_usd
2008-07-14,6.845,per_usd
2008-07-15,6.8211,per_usd
2008-07-16,6.8104,per_usd
2008-07-17,6.8189,per_usd
2008-07-18,6.8168,per_usd
2008-07-21,6.8271,per_usd
2008-07-22,6.8248,per_usd
2008-07-23,6.8279,per_usd
2008-07-24,6.8292,per_usd
2008-07-25,6.8189,per_usd
2008-07-28,6.8332,per_usd
2008-07-29,6.8264,per_usd
2008-07-30,6.8272,per_usd
2008-07-31,6.8388,per_usd
2008-08-01,6.8423,per_usd
2008-08-04,6.8471,per_usd
2008-08-05,6.8501,per_usd
2008-08-06,6.8482,per_usd
2008-08-07,6.8555,per_usd
2008-08-08,6.8604,per_usd
2008-08-11,6.8577,per_usd
2008-08-12,6.8659,per_usd
2008-08-13,6.8601,per_usd
2008-08-14,6.86,per_usd
2008-08-15,6.8649,per_usd
2008-08-18,6.8705,per_usd
2008-08-19,6.8599,per_usd
2008-08-20,6.8529,per_usd
2008-08-21,6.8405,per_usd
2008-08-22,6.8333,per_usd
2008-08-25,6.848,per_usd
2008-08-26,6.78,per_usd
2008-08-27,6.807,per_usd
2008-08-28,6.8405,per_usd
2008-08-29,6.8252,per_usd
2008-09-02,6.8215,per_usd
2008-09-03,6.8429,per_usd
2008-09-04,6.851,per_usd
2008-09-05,6.84,per_usd
2008-09-08,6.8438,per_usd
2008-09-09,6.8381,per_usd
2008-09-10,6.835,per_usd
2008-09-11,6.8465,per_usd
2008-09-12,6.781,per_usd
2008-09-15,6.8482,per_usd
2008-09-16,6.8391,per_usd
2008-09-17,6.829,per_usd
2008-09-18,6.8375,per_usd
2008-09-19,6.8355,per_usd
2008-09-22,6.8306,per_usd
2008-09-23,6.8114,per_usd
2008-09-24,6.8233,per_usd
2008-09-25,6.815,per_usd
2008-09-26,6.8431,per_usd
2008-09-29,6.8431,per_usd
2008-09-30,6.7899,per_usd
2008-10-01,6.8485,per_usd
2008-10-02,6.842,per_usd
2008-10-03,6.8431,per_usd
2008-10-06,6.842,per_usd
2008-10-07,6.8171,per_usd
2008-10-08,6.8171,per_usd
2008-10-09,6.8202,per_usd
2008-10-10,6.8357,per_usd
2008-10-14,6.8339,per_usd
2008-10-15,6.835,per_usd
2008-10-16,6.8332,per_usd
2008-10-17,6.8332,per_usd
2008-10-20,6.8299,per_usd
2008-10-21,6.8337,per_usd
2008-10-22,6.8341,per_usd
2008-10-23,6.8354,per_usd
2008-10-24,6.8432,per_usd
2008-10-27,6.8521,per_usd
2008-10-28,6.8385,per_usd
2008-10-29,6.839,per_usd
2008-10-30,6.8408,per_usd
2008-10-31,6.8388,per_usd
2008-11-03,6.8373,per_usd
2008-11-04,6.836,per_usd
2008-11-05,6.8285,per_usd
2008-11-06,6.8245,per_usd
2008-11-07,6.8255,per_usd
2008-11-10,6.8267,per_usd
2008-11-12,6.8293,per_usd
2008-11-13,6.8291,per_usd
2008-11-14,6.8236,per_usd
2008-11-17,6.8264,per_usd
2008-11-18,6.8239,per_usd
2008-11-19,6.8295,per_usd
2008-11-20,6.834,per_usd
2008-11-21,6.8302,per_usd
2008-11-24,6.8249,per_usd
2008-11-25,6.822,per_usd
2008-11-26,6.8282,per_usd
2008-11-28,6.8254,per_usd
2008-12-01,6.8842,per_usd
2008-12-02,6.8786,per_usd
2008-12-03,6.8746,per_usd
2008-12-04,6.8817,per_usd
2008-12-05,6.8812,per_usd
2008-12-08,6.877,per_usd
2008-12-09,6.873,per_usd
2008-12-10,6.864,per_usd
2008-12-11,6.8513,per_usd
2008-12-12,6.842,per_usd
2008-12-15,6.848,per_usd
2008-12-16,6.8448,per_usd
2008-12-17,6.835,per_usd
2008-12-18,6.8341,per_usd
2008-12-19,6.844,per_usd
2008-12-22,6.851,per_usd
2008-12-23,6.848,per_usd
2008-12-24,6.8355,per_usd
2008-12-26,6.8409,per_usd
2008-12-29,6.8447,per_usd
2008-12-30,6.8295,per_usd
2008-12-31,6.8225,per_usd
2009-01-02,6.8225,per_usd
2009-01-05,6.83,per_usd
2009-01-06,6.836,per_usd
2009-01-07,6.833,per_usd
2009-01-08,6.8342,per_usd
2009-01-09,6.835,per_usd
2009-01-12,6.8362,per_usd
2009-01-13,6.8341,per_usd
2009-01-14,6.8347,per_usd
2009-01-15,6.8363,per_usd
2009-01-16,6.8369,per_usd
2009-01-20,6.8403,per_usd
2009-01-21,6.8392,per_usd
2009-01-22,6.837,per_usd
2009-01-23,6.8392,per_usd
2009-01-26,6.8392,per_usd
2009-01-27,6.8392,per_usd
2009-01-28,6.8392,per_usd
2009-01-29,6.8392,per_usd
2009-01-30,6.8392,per_usd
2009-02-02,6.847,per_usd
2009-02-03,6.8399,per_usd
2009-02-04,6.8335,per_usd
2009-02-05,6.8355,per_usd
2009-02-06,6.8338,per_usd
2009-02-09,6.8392,per_usd
2009-02-10,6.8241,per_usd
2009-02-11,6.8332,per_usd
2009-02-12,6.8345,per_usd
2009-02-13,6.8392,per_usd
2009-02-17,6.8355,per_usd
2009-02-18,6.8378,per_usd
2009-02-19,6.8348,per_usd
2009-02-20,6.8367,per_usd
2009-02-23,6.8355,per_usd
2009-02-24,6.8368,per_usd
2009-02-25,6.8369,per_usd
2009-02-26,6.8361,per_usd
2009-02-27,6.8395,per_usd
2009-03-02,6.8438,per_usd
2009-03-03,6.8413,per_usd
2009-03-04,6.8432,per_usd
2009-03-05,6.8406,per_usd
2009-03-06,6.8395,per_usd
2009-03-09,6.8398,per_usd
2009-03-10,6.841,per_usd
2009-03-11,6.8399,per_usd
2009-03-12,6.8383,per_usd
2009-03-13,6.838,per_usd
2009-03-16,6.8381,per_usd
2009-03-17,6.8369,per_usd
2009-03-18,6.8347,per_usd
2009-03-19,6.824,per_usd
2009-03-20,6.8277,per_usd
2009-03-23,6.8335,per_usd
2009-03-24,6.8294,per_usd
2009-03-25,6.8304,per_usd
2009-03-26,6.832,per_usd
2009-03-27,6.831,per_usd
2009-03-30,6.836,per_usd
2009-03-31,6.8329,per_usd
2009-04-01,6.8339,per_usd
2009-04-02,6.834,per_usd
2009-04-03,6.8343,per_usd
2009-04-06,6.8343,per_usd
2009-04-07,6.8361,per_usd
2009-04-08,6.835,per_usd
2009-04-09,6.834,per_usd
2009-04-10,6.8333,per_usd
2009-04-13,6.8347,per_usd
2009-04-14,6.832,per_usd
2009-04-15,6.8321,per_usd
2009-04-16,6.8316,per_usd
2009-04-17,6.8325,per_usd
2009-04-20,6.8331,per_usd
2009-04-21,6.8254,per_usd
2009-04-22,6.8296,per_usd
2009-04-23,6.8265,per_usd
2009-04-24,6.825,per_usd
2009-04-27,6.827,per_usd
2009-04-28,6.8266,per_usd
2009-04-29,6.8243,per_usd
2009-04-30,6.818,per_usd
2009-05-01,6.818,per_usd
2009-05-04,6.8223,per_usd
2009-05-05,6.8185,per_usd
2009-05-06,6.8176,per_usd
2009-05-07,6.8215,per_usd
2009-05-08,6.82,per_usd
2009-05-11,6.823,per_usd
2009-05-12,6.821,per_usd
2009-05-13,6.822,per_usd
2009-05-14,6.8248,per_usd
2009-05-15,6.8225,per_usd
2009-05-18,6.8265,per_usd
2009-05-19,6.8245,per_usd
2009-05-20,6.8248,per_usd
2009-05-21,6.8245,per_usd
2009-05-22,6.8227,per_usd
2009-05-26,6.8326,per_usd
2009-05-27,6.8272,per_usd
2009-05-28,6.8278,per_usd
2009-05-29,6.8278,per_usd
2009-06-01,6.8264,per_usd
2009-06-02,6.8305,per_usd
2009-06-03,6.829,per_usd
2009-06-04,6.8331,per_usd
2009-06-05,6.8329,per_usd
2009-06-08,6.8371,per_usd
2009-06-09,6.8353,per_usd
2009-06-10,6.833,per_usd
2009-06-11,6.8358,per_usd
2009-06-12,6.8352,per_usd
2009-06-15,6.8361,per_usd
2009-06-16,6.8338,per_usd
2009-06-17,6.8364,per_usd
2009-06-18,6.8344,per_usd
2009-06-19,6.836,per_usd
2009-06-22,6.834,per_usd
2009-06-23,6.8346,per_usd
2009-06-24,6.8307,per_usd
2009-06-25,6.8344,per_usd
2009-06-26,6.833,per_usd
2009-06-29,6.8334,per_usd
2009-06-30,6.8302,per_usd
2009-07-01,6.8331,per_usd
2009-07-02,6.8312,per_usd
2009-07-03,6.832,per_usd
2009-07-06,6.8342,per_usd
2009-07-07,6.8326,per_usd
2009-07-08,6.8323,per_usd
2009-07-09,6.8317,per_usd
2009-07-10,6.8325,per_usd
2009-07-13,6.8326,per_usd
2009-07-14,6.833,per_usd
2009-07-15,6.8315,per_usd
2009-07-16,6.831,per_usd
2009-07-17,6.8309,per_usd
2009-07-20,6.8303,per_usd
2009-07-21,6.83,per_usd
2009-07-22,6.8305,per_usd
2009-07-23,6.8308,per_usd
2009-07-24,6.8313,per_usd
2009-07-27,6.8312,per_usd
2009-07-28,6.8308,per_usd
2009-07-29,6.8314,per_usd
2009-07-30,6.8321,per_usd
2009-07-31,6.8319,per_usd
2009-08-03,6.8308,per_usd
2009-08-04,6.8302,per_usd
2009-08-05,6.8307,per_usd
2009-08-06,6.8312,per_usd
2009-08-07,6.8316,per_usd
2009-08-10,6.8341,per_usd
2009-08-11,6.8349,per_usd
2009-08-12,6.8349,per_usd
2009-08-13,6.8336,per_usd
2009-08-14,6.8341,per_usd
2009-08-17,6.8358,per_usd
2009-08-18,6.8337,per_usd
2009-08-19,6.834,per_usd
2009-08-20,6.8317,per_usd
2009-08-21,6.8313,per_usd
2009-08-24,6.8308,per_usd
2009-08-25,6.8318,per_usd
2009-08-26,6.8309,per_usd
2009-08-27,6.8316,per_usd
2009-08-28,6.83,per_usd
2009-08-31,6.8299,per_usd
2009-09-01,6.8295,per_usd
2009-09-02,6.8303,per_usd
2009-09-03,6.8298,per_usd
2009-09-04,6.8293,per_usd
2009-09-08,6.827,per_usd
2009-09-09,6.8286,per_usd
2009-09-10,6.8291,per_usd
2009-09-11,6.828,per_usd
2009-09-14,6.8282,per_usd
2009-09-15,6.8289,per_usd
2009-09-16,6.8247,per_usd
2009-09-17,6.8262,per_usd
2009-09-18,6.827,per_usd
2009-09-21,6.8287,per_usd
2009-09-22,6.8268,per_usd
2009-09-23,6.8254,per_usd
2009-09-24,6.8263,per_usd
2009-09-25,6.8273,per_usd
2009-09-28,6.8265,per_usd
2009-09-29,6.8273,per_usd
2009-09-30,6.8262,per_usd
2009-10-01,6.826,per_usd
2009-10-02,6.826,per_usd
2009-10-05,6.826,per_usd
2009-10-06,6.826,per_usd
2009-10-07,6.826,per_usd
2009-10-08,6.826,per_usd
2009-10-09,6.8248,per_usd
2009-10-13,6.8264,per_usd
2009-10-14,6.8261,per_usd
2009-10-15,6.827,per_usd
2009-10-16,6.8266,per_usd
2009-10-19,6.8266,per_usd
2009-10-20,6.8254,per_usd
2009-10-21,6.8272,per_usd
2009-10-22,6.8287,per_usd
2009-10-23,6.828,per_usd
2009-10-26,6.8278,per_usd
2009-10-27,6.8292,per_usd
2009-10-28,6.827,per_usd
2009-10-29,6.8269,per_usd
2009-10-30,6.8264,per_usd
2009-11-02,6.8268,per_usd
2009-11-03,6.8278,per_usd
2009-11-04,6.8265,per_usd
2009-11-05,6.8269,per_usd
2009-11-06,6.8266,per_usd
2009-11-09,6.8261,per_usd
2009-11-10,6.8255,per_usd
2009-11-12,6.8267,per_usd
2009-11-13,6.826,per_usd
2009-11-16,6.8263,per_usd
2009-11-17,6.826,per_usd
2009-11-18,6.8269,per_usd
2009-11-19,6.8283,per_usd
2009-11-20,6.8277,per_usd
2009-11-23,6.83,per_usd
2009-11-24,6.8292,per_usd
2009-11-25,6.8272,per_usd
2009-11-27,6.8272,per_usd
2009-11-30,6.8265,per_usd
2009-12-01,6.827,per_usd
2009-12-02,6.826,per_usd
2009-12-03,6.8269,per_usd
2009-12-04,6.8261,per_usd
2009-12-07,6.8288,per_usd
2009-12-08,6.8275,per_usd
2009-12-09,6.8275,per_usd
2009-12-10,6.8264,per_usd
2009-12-11,6.8269,per_usd
2009-12-14,6.8281,per_usd
2009-12-15,6.827,per_usd
2009-12-16,6.8279,per_usd
2009-12-17,6.8286,per_usd
2009-12-18,6.828,per_usd
2009-12-21,6.8284,per_usd
2009-12-22,6.8285,per_usd
2009-12-23,6.8282,per_usd
2009-12-24,6.8271,per_usd
2009-12-28,6.8299,per_usd
2009-12-29,6.8289,per_usd
2009-12-30,6.8244,per_usd
2009-12-31,6.8259,per_usd
2010-01-04,6.8273,per_usd
2010-01-05,6.8258,per_usd
2010-01-06,6.8272,per_usd
2010-01-07,6.828,per_usd
2010-01-08,6.8274,per_usd
2010-01-11,6.8263,per_usd
2010-01-12,6.8267,per_usd
2010-01-13,6.8295,per_usd
2010-01-14,6.8265,per_usd
2010-01-15,6.8269,per_usd
2010-01-19,6.8268,per_usd
2010-01-20,6.8258,per_usd
2010-01-21,6.8268,per_usd
2010-01-22,6.827,per_usd
2010-01-25,6.8268,per_usd
2010-01-26,6.8263,per_usd
2010-01-27,6.8268,per_usd
2010-01-28,6.8267,per_usd
2010-01-29,6.8268,per_usd
2010-02-01,6.826,per_usd
2010-02-02,6.827,per_usd
2010-02-03,6.826,per_usd
2010-02-04,6.828,per_usd
2010-02-05,6.8275,per_usd
2010-02-08,6.8265,per_usd
2010-02-09,6.8267,per_usd
2010-02-10,6.828,per_usd
2010-02-11,6.8328,per_usd
2010-02-12,6.8326,per_usd
2010-02-16,6.8326,per_usd
2010-02-17,6.8326,per_usd
2010-02-18,6.833,per_usd
2010-02-19,6.829,per_usd
2010-02-22,6.8264,per_usd
2010-02-23,6.8267,per_usd
2010-02-24,6.8269,per_usd
2010-02-25,6.8267,per_usd
2010-02-26,6.8258,per_usd
2010-03-01,6.8263,per_usd
2010-03-02,6.8265,per_usd
2010-03-03,6.8258,per_usd
2010-03-04,6.8258,per_usd
2010-03-05,6.826,per_usd
2010-03-08,6.8261,per_usd
2010-03-09,6.8263,per_usd
2010-03-10,6.8259,per_usd
2010-03-11,6.8266,per_usd
2010-03-12,6.8254,per_usd
2010-03-15,6.8259,per_usd
2010-03-16,6.8257,per_usd
2010-03-17,6.8259,per_usd
2010-03-18,6.8261,per_usd
2010-03-19,6.8265,per_usd
2010-03-22,6.8266,per_usd
2010-03-23,6.8263,per_usd
2010-03-24,6.8266,per_usd
2010-03-25,6.827,per_usd
2010-03-26,6.8269,per_usd
2010-03-29,6.8264,per_usd
2010-03-30,6.8258,per_usd
2010-03-31,6.8258,per_usd
2010-04-01,6.8263,per_usd
2010-04-02,6.8255,per_usd
2010-04-05,6.8256,per_usd
2010-04-06,6.825,per_usd
2010-04-07,6.8254,per_usd
2010-04-08,6.824,per_usd
2010-04-09,6.8229,per_usd
2010-04-12,6.8252,per_usd
2010-04-13,6.8255,per_usd
2010-04-14,6.8258,per_usd
2010-04-15,6.826,per_usd
2010-04-16,6.8253,per_usd
2010-04-19,6.8262,per_usd
2010-04-20,6.8253,per_usd
2010-04-21,6.8275,per_usd
2010-04-22,6.8263,per_usd
2010-04-23,6.827,per_usd
2010-04-26,6.8266,per_usd
2010-04-27,6.8256,per_usd
2010-04-28,6.8245,per_usd
2010-04-29,6.8259,per_usd
2010-04-30,6.8247,per_usd
2010-05-03,6.8245,per_usd
2010-05-04,6.826,per_usd
2010-05-05,6.8263,per_usd
2010-05-06,6.8265,per_usd
2010-05-07,6.8254,per_usd
2010-05-10,6.8263,per_usd
2010-05-11,6.8285,per_usd
2010-05-12,6.827,per_usd
2010-05-13,6.8278,per_usd
2010-05-14,6.8263,per_usd
2010-05-17,6.8274,per_usd
2010-05-18,6.8273,per_usd
2010-05-19,6.8269,per_usd
2010-05-20,6.8277,per_usd
2010-05-21,6.8262,per_usd
2010-05-24,6.8286,per_usd
2010-05-25,6.831,per_usd
2010-05-26,6.8292,per_usd
2010-05-27,6.8296,per_usd
2010-05-28,6.8305,per_usd
2010-06-01,6.8275,per_usd
2010-06-02,6.8296,per_usd
2010-06-03,6.8283,per_usd
2010-06-04,6.8268,per_usd
2010-06-07,6.8322,per_usd
2010-06-08,6.8294,per_usd
2010-06-09,6.8285,per_usd
2010-06-10,6.8305,per_usd
2010-06-11,6.832,per_usd
2010-06-14,6.8323,per_usd
2010-06-15,6.8323,per_usd
2010-06-16,6.8323,per_usd
2010-06-17,6.829,per_usd
2010-06-18,6.8267,per_usd
2010-06-21,6.7968,per_usd
2010-06-22,6.8127,per_usd
2010-06-23,6.8124,per_usd
2010-06-24,6.8001,per_usd
2010-06-25,6.7911,per_usd
2010-06-28,6.796,per_usd
2010-06-29,6.7977,per_usd
2010-06-30,6.7815,per_usd
2010-07-01,6.7807,per_usd
2010-07-02,6.7709,per_usd
2010-07-06,6.7801,per_usd
2010-07-07,6.777,per_usd
2010-07-08,6.7763,per_usd
2010-07-09,6.772,per_usd
2010-07-12,6.7709,per_usd
2010-07-13,6.772,per_usd
2010-07-14,6.7714,per_usd
2010-07-15,6.7774,per_usd
2010-07-16,6.775,per_usd
2010-07-19,6.778,per_usd
2010-07-20,6.7781,per_usd
2010-07-21,6.7769,per_usd
2010-07-22,6.7795,per_usd
2010-07-23,6.7803,per_usd
2010-07-26,6.7788,per_usd
2010-07-27,6.7781,per_usd
2010-07-28,6.778,per_usd
2010-07-29,6.776,per_usd
2010-07-30,6.7735,per_usd
2010-08-02,6.774,per_usd
2010-08-03,6.7728,per_usd
2010-08-04,6.772,per_usd
2010-08-05,6.7705,per_usd
2010-08-06,6.768,per_usd
2010-08-09,6.767,per_usd
2010-08-10,6.772,per_usd
2010-08-11,6.7745,per_usd
2010-08-12,6.7843,per_usd
2010-08-13,6.7957,per_usd
2010-08-16,6.8038,per_usd
2010-08-17,6.792,per_usd
2010-08-18,6.7911,per_usd
2010-08-19,6.7897,per_usd
2010-08-20,6.79,per_usd
2010-08-23,6.7995,per_usd
2010-08-24,6.7966,per_usd
2010-08-25,6.7995,per_usd
2010-08-26,6.7998,per_usd
2010-08-27,6.7977,per_usd
2010-08-30,6.8029,per_usd
2010-08-31,6.8069,per_usd
2010-09-01,6.8102,per_usd
2010-09-02,6.807,per_usd
2010-09-03,6.8014,per_usd
2010-09-07,6.7906,per_usd
2010-09-08,6.794,per_usd
2010-09-09,6.782,per_usd
2010-09-10,6.769,per_usd
2010-09-13,6.7595,per_usd
2010-09-14,6.743,per_usd
2010-09-15,6.738,per_usd
2010-09-16,6.725,per_usd
2010-09-17,6.723,per_usd
2010-09-20,6.7135,per_usd
2010-09-21,6.7059,per_usd
2010-09-22,6.7035,per_usd
2010-09-23,6.7046,per_usd
2010-09-24,6.7035,per_usd
2010-09-27,6.6911,per_usd
2010-09-28,6.6904,per_usd
2010-09-29,6.6869,per_usd
2010-09-30,6.6905,per_usd
2010-10-01,6.6895,per_usd
2010-10-04,6.6912,per_usd
2010-10-05,6.6906,per_usd
2010-10-06,6.6893,per_usd
2010-10-07,6.6903,per_usd
2010-10-08,6.671,per_usd
2010-10-12,6.6733,per_usd
2010-10-13,6.6634,per_usd
2010-10-14,6.6505,per_usd
2010-10-15,6.6397,per_usd
2010-10-18,6.644,per_usd
2010-10-19,6.6444,per_usd
2010-10-20,6.6518,per_usd
2010-10-21,6.6502,per_usd
2010-10-22,6.6583,per_usd
2010-10-25,6.6579,per_usd
2010-10-26,6.6625,per_usd
2010-10-27,6.6805,per_usd
2010-10-28,6.6867,per_usd
2010-10-29,6.6707,per_usd
2010-11-01,6.6892,per_usd
2010-11-02,6.6775,per_usd
2010-11-03,6.6758,per_usd
2010-11-04,6.6609,per_usd
2010-11-05,6.655,per_usd
2010-11-08,6.6791,per_usd
2010-11-09,6.6424,per_usd
2010-11-10,6.6335,per_usd
2010-11-12,6.6368,per_usd
2010-11-15,6.6418,per_usd
2010-11-16,6.6378,per_usd
2010-11-17,6.6415,per_usd
2010-11-18,6.633,per_usd
2010-11-19,6.6398,per_usd
2010-11-22,6.6414,per_usd
2010-11-23,6.6433,per_usd
2010-11-24,6.6529,per_usd
2010-11-26,6.6675,per_usd
2010-11-29,6.66,per_usd
2010-11-30,6.667,per_usd
2010-12-01,6.663,per_usd
2010-12-02,6.6609,per_usd
2010-12-03,6.6628,per_usd
2010-12-06,6.6483,per_usd
2010-12-07,6.6455,per_usd
2010-12-08,6.6616,per_usd
2010-12-09,6.6549,per_usd
2010-12-10,6.655,per_usd
2010-12-13,6.6652,per_usd
2010-12-14,6.6563,per_usd
2010-12-15,6.6541,per_usd
2010-12-16,6.6635,per_usd
2010-12-17,6.6545,per_usd
2010-12-20,6.6745,per_usd
2010-12-21,6.658,per_usd
2010-12-22,6.645,per_usd
2010-12-23,6.645,per_usd
2010-12-27,6.6306,per_usd
2010-12-28,6.6247,per_usd
2010-12-29,6.62,per_usd
2010-12-30,6.6,per_usd
2011-01-03,6.5895,per_usd
2011-01-04,6.6065,per_usd
2011-01-05,6.585,per_usd
2011-01-06,6.626,per_usd
2011-01-07,6.6276,per_usd
2011-01-10,6.6364,per_usd
2011-01-11,6.6185,per_usd
2011-01-12,6.6037,per_usd
2011-01-13,6.6044,per_usd
2011-01-14,6.5876,per_usd
2011-01-18,6.5828,per_usd
2011-01-19,6.5823,per_usd
2011-01-20,6.5852,per_usd
2011-01-21,6.5831,per_usd
2011-01-24,6.5809,per_usd
2011-01-25,6.5824,per_usd
2011-01-26,6.5814,per_usd
2011-01-27,6.5814,per_usd
2011-01-28,6.5819,per_usd
2011-01-31,6.6017,per_usd
2011-02-01,6.5937,per_usd
2011-02-02,6.556,per_usd
2011-02-03,6.556,per_usd
2011-02-04,6.556,per_usd
2011-02-07,6.56,per_usd
2011-02-08,6.552,per_usd
2011-02-09,6.5914,per_usd
2011-02-10,6.5864,per_usd
2011-02-11,6.5917,per_usd
2011-02-14,6.5965,per_usd
2011-02-15,6.5884,per_usd
2011-02-16,6.5884,per_usd
2011-02-17,6.585,per_usd
2011-02-18,6.5731,per_usd
2011-02-22,6.5795,per_usd
2011-02-23,6.5741,per_usd
2011-02-24,6.572,per_usd
2011-02-25,6.5749,per_usd
2011-02-28,6.5713,per_usd
2011-03-01,6.57,per_usd
2011-03-02,6.5723,per_usd
2011-03-03,6.5717,per_usd
2011-03-04,6.567,per_usd
2011-03-07,6.554,per_usd
2011-03-08,6.5684,per_usd
2011-03-09,6.558,per_usd
2011-03-10,6.5731,per_usd
2011-03-11,6.5742,per_usd
2011-03-14,6.5696,per_usd
2011-03-15,6.573,per_usd
2011-03-16,6.5713,per_usd
2011-03-17,6.5743,per_usd
2011-03-18,6.5689,per_usd
2011-03-21,6.5635,per_usd
2011-03-22,6.551,per_usd
2011-03-23,6.5591,per_usd
2011-03-24,6.558,per_usd
2011-03-25,6.5568,per_usd
2011-03-28,6.5643,per_usd
2011-03-29,6.56,per_usd
2011-03-30,6.5558,per_usd
2011-03-31,6.5483,per_usd
2011-04-01,6.5477,per_usd
2011-04-04,6.5385,per_usd
2011-04-05,6.539,per_usd
2011-04-06,6.544,per_usd
2011-04-07,6.542,per_usd
2011-04-08,6.535,per_usd
2011-04-11,6.5381,per_usd
2011-04-12,6.5402,per_usd
2011-04-13,6.5333,per_usd
2011-04-14,6.531,per_usd
2011-04-15,6.5317,per_usd
2011-04-18,6.5286,per_usd
2011-04-19,6.5303,per_usd
2011-04-20,6.5254,per_usd
2011-04-21,6.492,per_usd
2011-04-22,6.5067,per_usd
2011-04-25,6.5277,per_usd
2011-04-26,6.527,per_usd
2011-04-27,6.5112,per_usd
2011-04-28,6.501,per_usd
2011-04-29,6.49,per_usd
2011-05-02,6.492,per_usd
2011-05-03,6.4955,per_usd
2011-05-04,6.4925,per_usd
2011-05-05,6.4931,per_usd
2011-05-06,6.4925,per_usd
2011-05-09,6.4937,per_usd
2011-05-10,6.4915,per_usd
2011-05-11,6.4915,per_usd
2011-05-12,6.4986,per_usd
2011-05-13,6.4977,per_usd
2011-05-16,6.5073,per_usd
2011-05-17,6.5057,per_usd
2011-05-18,6.5029,per_usd
2011-05-19,6.5042,per_usd
2011-05-20,6.4917,per_usd
2011-05-23,6.505,per_usd
2011-05-24,6.499,per_usd
2011-05-25,6.493,per_usd
2011-05-26,6.4913,per_usd
2011-05-27,6.492,per_usd
2011-05-31,6.4786,per_usd
2011-06-01,6.478,per_usd
2011-06-02,6.4824,per_usd
2011-06-03,6.4796,per_usd
2011-06-06,6.4796,per_usd
2011-06-07,6.481,per_usd
2011-06-08,6.4754,per_usd
2011-06-09,6.4757,per_usd
2011-06-10,6.4801,per_usd
2011-06-13,6.483,per_usd
2011-06-14,6.4794,per_usd
2011-06-15,6.482,per_usd
2011-06-16,6.4746,per_usd
2011-06-17,6.47,per_usd
2011-06-20,6.472,per_usd
2011-06-21,6.465,per_usd
2011-06-22,6.4628,per_usd
2011-06-23,6.4676,per_usd
2011-06-24,6.4737,per_usd
2011-06-27,6.4815,per_usd
2011-06-28,6.4699,per_usd
2011-06-29,6.4633,per_usd
2011-06-30,6.4635,per_usd
2011-07-01,6.4645,per_usd
2011-07-05,6.466,per_usd
2011-07-06,6.467,per_usd
2011-07-07,6.4655,per_usd
2011-07-08,6.4645,per_usd
2011-07-11,6.4671,per_usd
2011-07-12,6.472,per_usd
2011-07-13,6.4675,per_usd
2011-07-14,6.459,per_usd
2011-07-15,6.461,per_usd
2011-07-18,6.4688,per_usd
2011-07-19,6.4631,per_usd
2011-07-20,6.4581,per_usd
2011-07-21,6.4535,per_usd
2011-07-22,6.4464,per_usd
2011-07-25,6.445,per_usd
2011-07-26,6.4411,per_usd
2011-07-27,6.4428,per_usd
2011-07-28,6.4418,per_usd
2011-07-29,6.436,per_usd
2011-08-01,6.4337,per_usd
2011-08-02,6.4379,per_usd
2011-08-03,6.434,per_usd
2011-08-04,6.4377,per_usd
2011-08-05,6.4401,per_usd
2011-08-08,6.4342,per_usd
2011-08-09,6.4304,per_usd
2011-08-10,6.4172,per_usd
2011-08-11,6.3935,per_usd
2011-08-12,6.3892,per_usd
2011-08-15,6.3902,per_usd
2011-08-16,6.3818,per_usd
2011-08-17,6.3839,per_usd
2011-08-18,6.3873,per_usd
2011-08-19,6.391,per_usd
2011-08-22,6.4004,per_usd
2011-08-23,6.3975,per_usd
2011-08-24,6.388,per_usd
2011-08-25,6.39,per_usd
2011-08-26,6.386,per_usd
2011-08-29,6.3809,per_usd
2011-08-30,6.3802,per_usd
2011-08-31,6.3778,per_usd
2011-09-01,6.3812,per_usd
2011-09-02,6.3821,per_usd
2011-09-06,6.3901,per_usd
2011-09-07,6.394,per_usd
2011-09-08,6.3833,per_usd
2011-09-09,6.388,per_usd
2011-09-12,6.3877,per_usd
2011-09-13,6.397,per_usd
2011-09-14,6.391,per_usd
2011-09-15,6.3904,per_usd
2011-09-16,6.3833,per_usd
2011-09-19,6.3864,per_usd
2011-09-20,6.3837,per_usd
2011-09-21,6.3811,per_usd
2011-09-22,6.3879,per_usd
2011-09-23,6.3877,per_usd
2011-09-26,6.3975,per_usd
2011-09-27,6.3975,per_usd
2011-09-28,6.3933,per_usd
2011-09-29,6.3964,per_usd
2011-09-30,6.378,per_usd
2011-10-03,6.3745,per_usd
2011-10-04,6.3745,per_usd
2011-10-05,6.3745,per_usd
2011-10-06,6.378,per_usd
2011-10-07,6.3745,per_usd
2011-10-11,6.3745,per_usd
2011-10-12,6.358,per_usd
2011-10-13,6.382,per_usd
2011-10-14,6.378,per_usd
2011-10-17,6.3695,per_usd
2011-10-18,6.3804,per_usd
2011-10-19,6.3769,per_usd
2011-10-20,6.3825,per_usd
2011-10-21,6.3823,per_usd
2011-10-24,6.3744,per_usd
2011-10-25,6.3605,per_usd
2011-10-26,6.3534,per_usd
2011-10-27,6.359,per_usd
2011-10-28,6.357,per_usd
2011-10-31,6.3547,per_usd
2011-11-01,6.3547,per_usd
2011-11-02,6.355,per_usd
2011-11-03,6.3513,per_usd
2011-11-04,6.34,per_usd
2011-11-07,6.3481,per_usd
2011-11-08,6.3462,per_usd
2011-11-09,6.3401,per_usd
2011-11-10,6.3454,per_usd
2011-11-14,6.3536,per_usd
2011-11-15,6.3464,per_usd
2011-11-16,6.3445,per_usd
2011-11-17,6.3505,per_usd
2011-11-18,6.3565,per_usd
2011-11-21,6.3603,per_usd
2011-11-22,6.3605,per_usd
2011-11-23,6.3576,per_usd
2011-11-25,6.3802,per_usd
2011-11-28,6.3839,per_usd
2011-11-29,6.3769,per_usd
2011-11-30,6.3765,per_usd
2011-12-01,6.3655,per_usd
2011-12-02,6.3596,per_usd
2011-12-05,6.3629,per_usd
2011-12-06,6.3645,per_usd
2011-12-07,6.3642,per_usd
2011-12-08,6.3618,per_usd
2011-12-09,6.3641,per_usd
2011-12-12,6.3604,per_usd
2011-12-13,6.3648,per_usd
2011-12-14,6.371,per_usd
2011-12-15,6.3733,per_usd
2011-12-16,6.3479,per_usd
2011-12-19,6.3376,per_usd
2011-12-20,6.3459,per_usd
2011-12-21,6.3386,per_usd
2011-12-22,6.3392,per_usd
2011-12-23,6.3364,per_usd
2011-12-27,6.321,per_usd
2011-12-28,6.3211,per_usd
2011-12-29,6.3187,per_usd
2011-12-30,6.2939,per_usd
2012-01-03,6.294,per_usd
2012-01-04,6.2941,per_usd
2012-01-05,6.3013,per_usd
2012-01-06,6.3088,per_usd
2012-01-09,6.3143,per_usd
2012-01-10,6.3141,per_usd
2012-01-11,6.3149,per_usd
2012-01-12,6.3177,per_usd
2012-01-13,6.3065,per_usd
2012-01-17,6.3136,per_usd
2012-01-18,6.3109,per_usd
2012-01-19,6.3162,per_usd
2012-01-20,6.333,per_usd
2012-01-23,6.333,per_usd
2012-01-24,6.333,per_usd
2012-01-25,6.333,per_usd
2012-01-26,6.333,per_usd
2012-01-27,6.333,per_usd
2012-01-30,6.331,per_usd
2012-01-31,6.308,per_usd
2012-02-01,6.3076,per_usd
2012-02-02,6.3017,per_usd
2012-02-03,6.3027,per_usd
2012-02-06,6.312,per_usd
2012-02-07,6.3046,per_usd
2012-02-08,6.2938,per_usd
2012-02-09,6.2947,per_usd
2012-02-10,6.2991,per_usd
2012-02-13,6.2972,per_usd
2012-02-14,6.2995,per_usd
2012-02-15,6.2998,per_usd
2012-02-16,6.3014,per_usd
2012-02-17,6.2985,per_usd
2012-02-21,6.296,per_usd
2012-02-22,6.296,per_usd
2012-02-23,6.298,per_usd
2012-02-24,6.2976,per_usd
2012-02-27,6.3012,per_usd
2012-02-28,6.2989,per_usd
2012-02-29,6.2935,per_usd
2012-03-01,6.3001,per_usd
2012-03-02,6.2982,per_usd
2012-03-05,6.3066,per_usd
2012-03-06,6.3082,per_usd
2012-03-07,6.3097,per_usd
2012-03-08,6.3159,per_usd
2012-03-09,6.3109,per_usd
2012-03-12,6.3258,per_usd
2012-03-13,6.3266,per_usd
2012-03-14,6.3315,per_usd
2012-03-15,6.3282,per_usd
2012-03-16,6.3222,per_usd
2012-03-19,6.3191,per_usd
2012-03-20,6.3203,per_usd
2012-03-21,6.3226,per_usd
2012-03-22,6.299,per_usd
2012-03-23,6.3021,per_usd
2012-03-26,6.3139,per_usd
2012-03-27,6.3061,per_usd
2012-03-28,6.3044,per_usd
2012-03-29,6.3057,per_usd
2012-03-30,6.2975,per_usd
2012-04-02,6.2979,per_usd
2012-04-03,6.2975,per_usd
2012-04-04,6.2975,per_usd
2012-04-05,6.3123,per_usd
2012-04-06,6.3052,per_usd
2012-04-09,6.31,per_usd
2012-04-10,6.3105,per_usd
2012-04-11,6.3076,per_usd
2012-04-12,6.3069,per_usd
2012-04-13,6.3022,per_usd
2012-04-16,6.315,per_usd
2012-04-17,6.3015,per_usd
2012-04-18,6.3026,per_usd
2012-04-19,6.3029,per_usd
2012-04-20,6.308,per_usd
2012-04-23,6.3084,per_usd
2012-04-24,6.3073,per_usd
2012-04-25,6.3039,per_usd
2012-04-26,6.3054,per_usd
2012-04-27,6.3093,per_usd
2012-04-30,6.279,per_usd
2012-05-01,6.3089,per_usd
2012-05-02,6.307,per_usd
2012-05-03,6.3052,per_usd
2012-05-04,6.3059,per_usd
2012-05-07,6.3074,per_usd
2012-05-08,6.3076,per_usd
2012-05-09,6.3096,per_usd
2012-05-10,6.314,per_usd
2012-05-11,6.3097,per_usd
2012-05-14,6.321,per_usd
2012-05-15,6.3176,per_usd
2012-05-16,6.3227,per_usd
2012-05-17,6.3247,per_usd
2012-05-18,6.3245,per_usd
2012-05-21,6.3277,per_usd
2012-05-22,6.3223,per_usd
2012-05-23,6.3343,per_usd
2012-05-24,6.3449,per_usd
2012-05-25,6.3439,per_usd
2012-05-29,6.3478,per_usd
2012-05-30,6.3574,per_usd
2012-05-31,6.3684,per_usd
2012-06-01,6.3692,per_usd
2012-06-04,6.3641,per_usd
2012-06-05,6.367,per_usd
2012-06-06,6.3634,per_usd
2012-06-07,6.3634,per_usd
2012-06-08,6.37,per_usd
2012-06-11,6.369,per_usd
2012-06-12,6.3703,per_usd
2012-06-13,6.3685,per_usd
2012-06-14,6.3702,per_usd
2012-06-15,6.3649,per_usd
2012-06-18,6.3539,per_usd
2012-06-19,6.3542,per_usd
2012-06-20,6.3597,per_usd
2012-06-21,6.3644,per_usd
2012-06-22,6.3644,per_usd
2012-06-25,6.3631,per_usd
2012-06-26,6.3626,per_usd
2012-06-27,6.3561,per_usd
2012-06-28,6.357,per_usd
2012-06-29,6.353,per_usd
2012-07-02,6.3487,per_usd
2012-07-03,6.3519,per_usd
2012-07-05,6.3557,per_usd
2012-07-06,6.364,per_usd
2012-07-09,6.3709,per_usd
2012-07-10,6.3654,per_usd
2012-07-11,6.3682,per_usd
2012-07-12,6.3732,per_usd
2012-07-13,6.3789,per_usd
2012-07-16,6.3784,per_usd
2012-07-17,6.3725,per_usd
2012-07-18,6.369,per_usd
2012-07-19,6.3724,per_usd
2012-07-20,6.3734,per_usd
2012-07-23,6.3856,per_usd
2012-07-24,6.3857,per_usd
2012-07-25,6.3879,per_usd
2012-07-26,6.3839,per_usd
2012-07-27,6.3807,per_usd
2012-07-30,6.3792,per_usd
2012-07-31,6.361,per_usd
2012-08-01,6.368,per_usd
2012-08-02,6.3671,per_usd
2012-08-03,6.3721,per_usd
2012-08-06,6.3738,per_usd
2012-08-07,6.3664,per_usd
2012-08-08,6.361,per_usd
2012-08-09,6.3579,per_usd
2012-08-10,6.3599,per_usd
2012-08-13,6.3611,per_usd
2012-08-14,6.3586,per_usd
2012-08-15,6.3619,per_usd
2012-08-16,6.3659,per_usd
2012-08-17,6.358,per_usd
2012-08-20,6.3592,per_usd
2012-08-21,6.3559,per_usd
2012-08-22,6.3515,per_usd
2012-08-23,6.3535,per_usd
2012-08-24,6.3542,per_usd
2012-08-27,6.3558,per_usd
2012-08-28,6.3525,per_usd
2012-08-29,6.3513,per_usd
2012-08-30,6.3494,per_usd
2012-08-31,6.3484,per_usd
2012-09-04,6.3465,per_usd
2012-09-05,6.3489,per_usd
2012-09-06,6.3428,per_usd
2012-09-07,6.3428,per_usd
2012-09-10,6.3375,per_usd
2012-09-11,6.3349,per_usd
2012-09-12,6.3261,per_usd
2012-09-13,6.3294,per_usd
2012-09-14,6.3145,per_usd
2012-09-17,6.317,per_usd
2012-09-18,6.3187,per_usd
2012-09-19,6.3091,per_usd
2012-09-20,6.3036,per_usd
2012-09-21,6.3051,per_usd
2012-09-24,6.309,per_usd
2012-09-25,6.3057,per_usd
2012-09-26,6.3015,per_usd
2012-09-27,6.3021,per_usd
2012-09-28,6.2848,per_usd
2012-10-01,6.284,per_usd
2012-10-02,6.284,per_usd
2012-10-03,6.284,per_usd
2012-10-04,6.284,per_usd
2012-10-05,6.284,per_usd
2012-10-09,6.2877,per_usd
2012-10-10,6.2831,per_usd
2012-10-11,6.2765,per_usd
2012-10-12,6.267,per_usd
2012-10-15,6.27,per_usd
2012-10-16,6.2637,per_usd
2012-10-17,6.254,per_usd
2012-10-18,6.2501,per_usd
2012-10-19,6.2533,per_usd
2012-10-22,6.2543,per_usd
2012-10-23,6.2478,per_usd
2012-10-24,6.2478,per_usd
2012-10-25,6.2416,per_usd
2012-10-26,6.248,per_usd
2012-10-29,6.2384,per_usd
2012-10-30,6.2396,per_usd
2012-10-31,6.2372,per_usd
2012-11-01,6.2393,per_usd
2012-11-02,6.2411,per_usd
2012-11-05,6.2452,per_usd
2012-11-06,6.2454,per_usd
2012-11-07,6.2435,per_usd
2012-11-08,6.2427,per_usd
2012-11-09,6.245,per_usd
2012-11-13,6.226,per_usd
2012-11-14,6.225,per_usd
2012-11-15,6.2329,per_usd
2012-11-16,6.2354,per_usd
2012-11-19,6.2343,per_usd
2012-11-20,6.2324,per_usd
2012-11-21,6.23,per_usd
2012-11-23,6.2275,per_usd
2012-11-26,6.2253,per_usd
2012-11-27,6.2221,per_usd
2012-11-28,6.2273,per_usd
2012-11-29,6.2281,per_usd
2012-11-30,6.2265,per_usd
2012-12-03,6.2277,per_usd
2012-12-04,6.2254,per_usd
2012-12-05,6.2251,per_usd
2012-12-06,6.2282,per_usd
2012-12-07,6.2299,per_usd
2012-12-10,6.2296,per_usd
2012-12-11,6.246,per_usd
2012-12-12,6.2502,per_usd
2012-12-13,6.2316,per_usd
2012-12-14,6.241,per_usd
2012-12-17,6.236,per_usd
2012-12-18,6.2322,per_usd
2012-12-19,6.2293,per_usd
2012-12-20,6.2297,per_usd
2012-12-21,6.2284,per_usd
2012-12-24,6.2335,per_usd
2012-12-26,6.2351,per_usd
2012-12-27,6.2358,per_usd
2012-12-28,6.2315,per_usd
2012-12-31,6.2301,per_usd
2013-01-02,6.2301,per_usd
2013-01-03,6.2301,per_usd
2013-01-04,6.2303,per_usd
2013-01-07,6.2294,per_usd
2013-01-08,6.2235,per_usd
2013-01-09,6.226,per_usd
2013-01-10,6.223,per_usd
2013-01-11,6.2156,per_usd
2013-01-14,6.219,per_usd
2013-01-15,6.2134,per_usd
2013-01-16,6.216,per_usd
2013-01-17,6.2158,per_usd
2013-01-18,6.2152,per_usd
2013-01-22,6.2196,per_usd
2013-01-23,6.2178,per_usd
2013-01-24,6.2179,per_usd
2013-01-25,6.2203,per_usd
2013-01-28,6.224,per_usd
2013-01-29,6.2259,per_usd
2013-01-30,6.2204,per_usd
2013-01-31,6.2186,per_usd
2013-02-01,6.2265,per_usd
2013-02-04,6.2326,per_usd
2013-02-05,6.2292,per_usd
2013-02-06,6.2315,per_usd
2013-02-07,6.2323,per_usd
2013-02-08,6.2323,per_usd
2013-02-11,6.2323,per_usd
2013-02-12,6.2323,per_usd
2013-02-13,6.2323,per_usd
2013-02-14,6.2323,per_usd
2013-02-15,6.2323,per_usd
2013-02-19,6.2438,per_usd
2013-02-20,6.2371,per_usd
2013-02-21,6.2403,per_usd
2013-02-22,6.2346,per_usd
2013-02-25,6.2337,per_usd
2013-02-26,6.2293,per_usd
2013-02-27,6.2271,per_usd
2013-02-28,6.2213,per_usd
2013-03-01,6.2226,per_usd
2013-03-04,6.2246,per_usd
2013-03-05,6.2208,per_usd
2013-03-06,6.2173,per_usd
2013-03-07,6.22,per_usd
2013-03-08,6.2145,per_usd
2013-03-11,6.2179,per_usd
2013-03-12,6.216,per_usd
2013-03-13,6.2137,per_usd
2013-03-14,6.2145,per_usd
2013-03-15,6.2133,per_usd
2013-03-18,6.2156,per_usd
2013-03-19,6.2154,per_usd
2013-03-20,6.2117,per_usd
2013-03-21,6.2141,per_usd
2013-03-22,6.212,per_usd
2013-03-25,6.2105,per_usd
2013-03-26,6.2108,per_usd
2013-03-27,6.2138,per_usd
2013-03-28,6.2143,per_usd
2013-03-29,6.2108,per_usd
2013-04-01,6.2078,per_usd
2013-04-02,6.1992,per_usd
2013-04-03,6.1962,per_usd
2013-04-04,6.2005,per_usd
2013-04-05,6.2005,per_usd
2013-04-08,6.2031,per_usd
2013-04-09,6.2022,per_usd
2013-04-10,6.1938,per_usd
2013-04-11,6.1961,per_usd
2013-04-12,6.1914,per_usd
2013-04-15,6.1866,per_usd
2013-04-16,6.1824,per_usd
2013-04-17,6.172,per_usd
2013-04-18,6.1811,per_usd
2013-04-19,6.1772,per_usd
2013-04-22,6.1823,per_usd
2013-04-23,6.179,per_usd
2013-04-24,6.1782,per_usd
2013-04-25,6.1707,per_usd
2013-04-26,6.1647,per_usd
2013-04-29,6.1647,per_usd
2013-04-30,6.1647,per_usd
2013-05-01,6.1647,per_usd
2013-05-02,6.156,per_usd
2013-05-03,6.1555,per_usd
2013-05-06,6.1665,per_usd
2013-05-07,6.1539,per_usd
2013-05-08,6.141,per_usd
2013-05-09,6.1306,per_usd
2013-05-10,6.1415,per_usd
2013-05-13,6.1465,per_usd
2013-05-14,6.1426,per_usd
2013-05-15,6.1454,per_usd
2013-05-16,6.1487,per_usd
2013-05-17,6.141,per_usd
2013-05-20,6.1386,per_usd
2013-05-21,6.1353,per_usd
2013-05-22,6.1309,per_usd
2013-05-23,6.1337,per_usd
2013-05-24,6.1311,per_usd
2013-05-28,6.1213,per_usd
2013-05-29,6.1264,per_usd
2013-05-30,6.1307,per_usd
2013-05-31,6.134,per_usd
2013-06-03,6.1312,per_usd
2013-06-04,6.1285,per_usd
2013-06-05,6.1276,per_usd
2013-06-06,6.1359,per_usd
2013-06-07,6.1333,per_usd
2013-06-10,6.1333,per_usd
2013-06-11,6.1333,per_usd
2013-06-12,6.1333,per_usd
2013-06-13,6.1341,per_usd
2013-06-14,6.1306,per_usd
2013-06-17,6.1248,per_usd
2013-06-18,6.1283,per_usd
2013-06-19,6.1264,per_usd
2013-06-20,6.1277,per_usd
2013-06-21,6.1328,per_usd
2013-06-24,6.1441,per_usd
2013-06-25,6.1448,per_usd
2013-06-26,6.1468,per_usd
2013-06-27,6.1488,per_usd
2013-06-28,6.1374,per_usd
2013-07-01,6.1325,per_usd
2013-07-02,6.1327,per_usd
2013-07-03,6.1301,per_usd
2013-07-05,6.1324,per_usd
2013-07-08,6.1337,per_usd
2013-07-09,6.1293,per_usd
2013-07-10,6.1336,per_usd
2013-07-11,6.135,per_usd
2013-07-12,6.1373,per_usd
2013-07-15,6.1373,per_usd
2013-07-16,6.1345,per_usd
2013-07-17,6.1351,per_usd
2013-07-18,6.1408,per_usd
2013-07-19,6.1377,per_usd
2013-07-22,6.1404,per_usd
2013-07-23,6.1369,per_usd
2013-07-24,6.1358,per_usd
2013-07-25,6.1346,per_usd
2013-07-26,6.1316,per_usd
2013-07-29,6.1323,per_usd
2013-07-30,6.1315,per_usd
2013-07-31,6.1284,per_usd
2013-08-01,6.1302,per_usd
2013-08-02,6.1293,per_usd
2013-08-05,6.1245,per_usd
2013-08-06,6.1215,per_usd
2013-08-07,6.119,per_usd
2013-08-08,6.1207,per_usd
2013-08-09,6.1217,per_usd
2013-08-12,6.1218,per_usd
2013-08-13,6.1217,per_usd
2013-08-14,6.1191,per_usd
2013-08-15,6.1123,per_usd
2013-08-16,6.1145,per_usd
2013-08-19,6.1227,per_usd
2013-08-20,6.1241,per_usd
2013-08-21,6.1229,per_usd
2013-08-22,6.1206,per_usd
2013-08-23,6.12,per_usd
2013-08-26,6.1202,per_usd
2013-08-27,6.1212,per_usd
2013-08-28,6.1202,per_usd
2013-08-29,6.1203,per_usd
2013-08-30,6.1193,per_usd
2013-09-03,6.1204,per_usd
2013-09-04,6.1199,per_usd
2013-09-05,6.1194,per_usd
2013-09-06,6.1202,per_usd
2013-09-09,6.1209,per_usd
2013-09-10,6.1195,per_usd
2013-09-11,6.1183,per_usd
2013-09-12,6.1178,per_usd
2013-09-13,6.1186,per_usd
2013-09-16,6.1198,per_usd
2013-09-17,6.1213,per_usd
2013-09-18,6.121,per_usd
2013-09-19,6.121,per_usd
2013-09-20,6.121,per_usd
2013-09-23,6.1201,per_usd
2013-09-24,6.1208,per_usd
2013-09-25,6.119,per_usd
2013-09-26,6.1194,per_usd
2013-09-27,6.1179,per_usd
2013-09-30,6.12,per_usd
2013-10-01,6.12,per_usd
2013-10-02,6.12,per_usd
2013-10-03,6.12,per_usd
2013-10-04,6.12,per_usd
2013-10-07,6.12,per_usd
2013-10-08,6.1206,per_usd
2013-10-09,6.1209,per_usd
2013-10-10,6.1156,per_usd
2013-10-11,6.1204,per_usd
2013-10-15,6.1026,per_usd
2013-10-16,6.0996,per_usd
2013-10-17,6.098,per_usd
2013-10-18,6.0966,per_usd
2013-10-21,6.0924,per_usd
2013-10-22,6.0925,per_usd
2013-10-23,6.0833,per_usd
2013-10-24,6.0815,per_usd
2013-10-25,6.0838,per_usd
2013-10-28,6.0853,per_usd
2013-10-29,6.0897,per_usd
2013-10-30,6.0936,per_usd
2013-10-31,6.0943,per_usd
2013-11-01,6.0993,per_usd
2013-11-04,6.098,per_usd
2013-11-05,6.0966,per_usd
2013-11-06,6.0925,per_usd
2013-11-07,6.0906,per_usd
2013-11-08,6.0903,per_usd
2013-11-12,6.0917,per_usd
2013-11-13,6.0926,per_usd
2013-11-14,6.092,per_usd
2013-11-15,6.092,per_usd
2013-11-18,6.0918,per_usd
2013-11-19,6.0924,per_usd
2013-11-20,6.0925,per_usd
2013-11-21,6.0914,per_usd
2013-11-22,6.0935,per_usd
2013-11-25,6.0916,per_usd
2013-11-26,6.0925,per_usd
2013-11-27,6.0922,per_usd
2013-11-29,6.0922,per_usd
2013-12-02,6.0927,per_usd
2013-12-03,6.0914,per_usd
2013-12-04,6.0913,per_usd
2013-12-05,6.0903,per_usd
2013-12-06,6.0815,per_usd
2013-12-09,6.0643,per_usd
2013-12-10,6.0705,per_usd
2013-12-11,6.0712,per_usd
2013-12-12,6.071,per_usd
2013-12-13,6.071,per_usd
2013-12-16,6.0713,per_usd
2013-12-17,6.0707,per_usd
2013-12-18,6.0713,per_usd
2013-12-19,6.0711,per_usd
2013-12-20,6.0711,per_usd
2013-12-23,6.0697,per_usd
2013-12-24,6.0712,per_usd
2013-12-26,6.0744,per_usd
2013-12-27,6.0684,per_usd
2013-12-30,6.0617,per_usd
2013-12-31,6.0537,per_usd
2014-01-02,6.0504,per_usd
2014-01-03,6.0505,per_usd
2014-01-06,6.0524,per_usd
2014-01-07,6.0507,per_usd
2014-01-08,6.051,per_usd
2014-01-09,6.054,per_usd
2014-01-10,6.0519,per_usd
2014-01-13,6.0432,per_usd
2014-01-14,6.0402,per_usd
2014-01-15,6.0459,per_usd
2014-01-16,6.0555,per_usd
2014-01-17,6.05,per_usd
2014-01-21,6.0503,per_usd
2014-01-22,6.0508,per_usd
2014-01-23,6.0515,per_usd
2014-01-24,6.0486,per_usd
2014-01-27,6.0478,per_usd
2014-01-28,6.0506,per_usd
2014-01-29,6.0554,per_usd
2014-01-30,6.06,per_usd
2014-01-31,6.059,per_usd
2014-02-03,6.06,per_usd
2014-02-04,6.06,per_usd
2014-02-05,6.06,per_usd
2014-02-06,6.06,per_usd
2014-02-07,6.0629,per_usd
2014-02-10,6.0591,per_usd
2014-02-11,6.0601,per_usd
2014-02-12,6.0614,per_usd
2014-02-13,6.0631,per_usd
2014-02-14,6.0666,per_usd
2014-02-18,6.0671,per_usd
2014-02-19,6.0762,per_usd
2014-02-20,6.0832,per_usd
2014-02-21,6.0912,per_usd
2014-02-24,6.0982,per_usd
2014-02-25,6.1243,per_usd
2014-02-26,6.1243,per_usd
2014-02-27,6.1279,per_usd
2014-02-28,6.1448,per_usd
2014-03-03,6.146,per_usd
2014-03-04,6.143,per_usd
2014-03-05,6.128,per_usd
2014-03-06,6.1183,per_usd
2014-03-07,6.1258,per_usd
2014-03-10,6.1383,per_usd
2014-03-11,6.1397,per_usd
2014-03-12,6.1448,per_usd
2014-03-13,6.1359,per_usd
2014-03-14,6.15,per_usd
2014-03-17,6.1779,per_usd
2014-03-18,6.1918,per_usd
2014-03-19,6.1934,per_usd
2014-03-20,6.2273,per_usd
2014-03-21,6.2248,per_usd
2014-03-24,6.1956,per_usd
2014-03-25,6.201,per_usd
2014-03-26,6.2084,per_usd
2014-03-27,6.2123,per_usd
2014-03-28,6.2117,per_usd
2014-03-31,6.2164,per_usd
2014-04-01,6.2064,per_usd
2014-04-02,6.2054,per_usd
2014-04-03,6.2102,per_usd
2014-04-04,6.2118,per_usd
2014-04-07,6.2118,per_usd
2014-04-08,6.1966,per_usd
2014-04-09,6.2003,per_usd
2014-04-10,6.2123,per_usd
2014-04-11,6.2111,per_usd
2014-04-14,6.2186,per_usd
2014-04-15,6.2215,per_usd
2014-04-16,6.2204,per_usd
2014-04-17,6.2188,per_usd
2014-04-18,6.224,per_usd
2014-04-21,6.2269,per_usd
2014-04-22,6.2373,per_usd
2014-04-23,6.2374,per_usd
2014-04-24,6.2484,per_usd
2014-04-25,6.2534,per_usd
2014-04-28,6.252,per_usd
2014-04-29,6.2578,per_usd
2014-04-30,6.2591,per_usd
2014-05-01,6.2591,per_usd
2014-05-02,6.2591,per_usd
2014-05-05,6.2453,per_usd
2014-05-06,6.2255,per_usd
2014-05-07,6.2349,per_usd
2014-05-08,6.2272,per_usd
2014-05-09,6.227,per_usd
2014-05-12,6.2364,per_usd
2014-05-13,6.2283,per_usd
2014-05-14,6.2282,per_usd
2014-05-15,6.2291,per_usd
2014-05-16,6.2327,per_usd
2014-05-19,6.2368,per_usd
2014-05-20,6.2377,per_usd
2014-05-21,6.2335,per_usd
2014-05-22,6.2348,per_usd
2014-05-23,6.2363,per_usd
2014-05-27,6.2471,per_usd
2014-05-28,6.2535,per_usd
2014-05-29,6.2375,per_usd
2014-05-30,6.2471,per_usd
2014-06-02,6.2471,per_usd
2014-06-03,6.2536,per_usd
2014-06-04,6.2494,per_usd
2014-06-05,6.2548,per_usd
2014-06-06,6.2498,per_usd
2014-06-09,6.2397,per_usd
2014-06-10,6.224,per_usd
2014-06-11,6.2277,per_usd
2014-06-12,6.2175,per_usd
2014-06-13,6.209,per_usd
2014-06-16,6.225,per_usd
2014-06-17,6.2263,per_usd
2014-06-18,6.2309,per_usd
2014-06-19,6.2287,per_usd
2014-06-20,6.224,per_usd
2014-06-23,6.225,per_usd
2014-06-24,6.2308,per_usd
2014-06-25,6.2343,per_usd
2014-06-26,6.2235,per_usd
2014-06-27,6.218,per_usd
2014-06-30,6.2036,per_usd
2014-07-01,6.1995,per_usd
2014-07-02,6.2101,per_usd
2014-07-03,6.2115,per_usd
2014-07-07,6.2036,per_usd
2014-07-08,6.201,per_usd
2014-07-09,6.1994,per_usd
2014-07-10,6.2023,per_usd
2014-07-11,6.2034,per_usd
2014-07-14,6.2059,per_usd
2014-07-15,6.2075,per_usd
2014-07-16,6.2035,per_usd
2014-07-17,6.2033,per_usd
2014-07-18,6.2075,per_usd
2014-07-21,6.2088,per_usd
2014-07-22,6.2025,per_usd
2014-07-23,6.1982,per_usd
2014-07-24,6.1944,per_usd
2014-07-25,6.1913,per_usd
2014-07-28,6.187,per_usd
2014-07-29,6.18,per_usd
2014-07-30,6.1712,per_usd
2014-07-31,6.1737,per_usd
2014-08-01,6.1793,per_usd
2014-08-04,6.178,per_usd
2014-08-05,6.1705,per_usd
2014-08-06,6.1625,per_usd
2014-08-07,6.1618,per_usd
2014-08-08,6.1557,per_usd
2014-08-11,6.1528,per_usd
2014-08-12,6.1575,per_usd
2014-08-13,6.1531,per_usd
2014-08-14,6.1575,per_usd
2014-08-15,6.147,per_usd
2014-08-18,6.1425,per_usd
2014-08-19,6.1425,per_usd
2014-08-20,6.1395,per_usd
2014-08-21,6.151,per_usd
2014-08-22,6.151,per_usd
2014-08-25,6.154,per_usd
2014-08-26,6.1522,per_usd
2014-08-27,6.143,per_usd
2014-08-28,6.1423,per_usd
2014-08-29,6.143,per_usd
2014-09-02,6.148,per_usd
2014-09-03,6.1408,per_usd
2014-09-04,6.1383,per_usd
2014-09-05,6.14,per_usd
2014-09-08,6.14,per_usd
2014-09-09,6.1362,per_usd
2014-09-10,6.1284,per_usd
2014-09-11,6.1295,per_usd
2014-09-12,6.1344,per_usd
2014-09-15,6.1415,per_usd
2014-09-16,6.1459,per_usd
2014-09-17,6.1385,per_usd
2014-09-18,6.14,per_usd
2014-09-19,6.1403,per_usd
2014-09-22,6.14,per_usd
2014-09-23,6.1368,per_usd
2014-09-24,6.1346,per_usd
2014-09-25,6.1355,per_usd
2014-09-26,6.1266,per_usd
2014-09-29,6.1495,per_usd
2014-09-30,6.138,per_usd
2014-10-01,6.138,per_usd
2014-10-02,6.138,per_usd
2014-10-03,6.1385,per_usd
2014-10-06,6.1385,per_usd
2014-10-07,6.1385,per_usd
2014-10-08,6.1385,per_usd
2014-10-09,6.1299,per_usd
2014-10-10,6.1308,per_usd
2014-10-14,6.125,per_usd
2014-10-15,6.1249,per_usd
2014-10-16,6.123,per_usd
2014-10-17,6.1238,per_usd
2014-10-20,6.1233,per_usd
2014-10-21,6.1205,per_usd
2014-10-22,6.118,per_usd
2014-10-23,6.119,per_usd
2014-10-24,6.1168,per_usd
2014-10-27,6.116,per_usd
2014-10-28,6.113,per_usd
2014-10-29,6.1107,per_usd
2014-10-30,6.114,per_usd
2014-10-31,6.1124,per_usd
2014-11-03,6.1178,per_usd
2014-11-04,6.115,per_usd
2014-11-05,6.1135,per_usd
2014-11-06,6.1117,per_usd
2014-11-07,6.1225,per_usd
2014-11-10,6.119,per_usd
2014-11-12,6.1257,per_usd
2014-11-13,6.1243,per_usd
2014-11-14,6.129,per_usd
2014-11-17,6.1242,per_usd
2014-11-18,6.1208,per_usd
2014-11-19,6.119,per_usd
2014-11-20,6.123,per_usd
2014-11-21,6.1244,per_usd
2014-11-24,6.1412,per_usd
2014-11-25,6.1355,per_usd
2014-11-26,6.1386,per_usd
2014-11-28,6.1429,per_usd
2014-12-01,6.1515,per_usd
2014-12-02,6.149,per_usd
2014-12-03,6.1499,per_usd
2014-12-04,6.1541,per_usd
2014-12-05,6.1497,per_usd
2014-12-08,6.1725,per_usd
2014-12-09,6.1855,per_usd
2014-12-10,6.1763,per_usd
2014-12-11,6.1881,per_usd
2014-12-12,6.1864,per_usd
2014-12-15,6.19,per_usd
2014-12-16,6.189,per_usd
2014-12-17,6.1957,per_usd
2014-12-18,6.2139,per_usd
2014-12-19,6.2196,per_usd
2014-12-22,6.2213,per_usd
2014-12-23,6.2256,per_usd
2014-12-24,6.2148,per_usd
2014-12-29,6.2222,per_usd
2014-12-30,6.2015,per_usd
2014-12-31,6.2046,per_usd
2015-01-02,6.2046,per_usd
2015-01-05,6.2201,per_usd
2015-01-06,6.2125,per_usd
2015-01-07,6.2127,per_usd
2015-01-08,6.2143,per_usd
2015-01-09,6.2085,per_usd
2015-01-12,6.2027,per_usd
2015-01-13,6.197,per_usd
2015-01-14,6.1957,per_usd
2015-01-15,6.187,per_usd
2015-01-16,6.2065,per_usd
2015-01-20,6.2137,per_usd
2015-01-21,6.2112,per_usd
2015-01-22,6.2085,per_usd
2015-01-23,6.2279,per_usd
2015-01-26,6.2535,per_usd
2015-01-27,6.243,per_usd
2015-01-28,6.2475,per_usd
2015-01-29,6.2463,per_usd
2015-01-30,6.2495,per_usd
2015-02-02,6.2594,per_usd
2015-02-03,6.2573,per_usd
2015-02-04,6.2472,per_usd
2015-02-05,6.2516,per_usd
2015-02-06,6.2417,per_usd
2015-02-09,6.2467,per_usd
2015-02-10,6.2405,per_usd
2015-02-11,6.2422,per_usd
2015-02-12,6.244,per_usd
2015-02-13,6.2399,per_usd
2015-02-17,6.2546,per_usd
2015-02-18,6.2546,per_usd
2015-02-19,6.2546,per_usd
2015-02-20,6.2546,per_usd
2015-02-23,6.2546,per_usd
2015-02-24,6.2546,per_usd
2015-02-25,6.2591,per_usd
2015-02-26,6.2584,per_usd
2015-02-27,6.2695,per_usd
2015-03-02,6.272,per_usd
2015-03-03,6.2741,per_usd
2015-03-04,6.2701,per_usd
2015-03-05,6.2658,per_usd
2015-03-06,6.262,per_usd
2015-03-09,6.2635,per_usd
2015-03-10,6.2615,per_usd
2015-03-11,6.2613,per_usd
2015-03-12,6.2614,per_usd
2015-03-13,6.2585,per_usd
2015-03-16,6.262,per_usd
2015-03-17,6.249,per_usd
2015-03-18,6.2289,per_usd
2015-03-19,6.1955,per_usd
2015-03-20,6.2037,per_usd
2015-03-23,6.2135,per_usd
2015-03-24,6.2046,per_usd
2015-03-25,6.2116,per_usd
2015-03-26,6.2103,per_usd
2015-03-27,6.2145,per_usd
2015-03-30,6.2065,per_usd
2015-03-31,6.199,per_usd
2015-04-01,6.1976,per_usd
2015-04-02,6.1968,per_usd
2015-04-03,6.193,per_usd
2015-04-06,6.193,per_usd
2015-04-07,6.1955,per_usd
2015-04-08,6.202,per_usd
2015-04-09,6.205,per_usd
2015-04-10,6.2082,per_usd
2015-04-13,6.2152,per_usd
2015-04-14,6.2113,per_usd
2015-04-15,6.2037,per_usd
2015-04-16,6.1947,per_usd
2015-04-17,6.1976,per_usd
2015-04-20,6.2014,per_usd
2015-04-21,6.201,per_usd
2015-04-22,6.1927,per_usd
2015-04-23,6.1975,per_usd
2015-04-24,6.193,per_usd
2015-04-27,6.2185,per_usd
2015-04-28,6.2035,per_usd
2015-04-29,6.1989,per_usd
2015-04-30,6.2018,per_usd
2015-05-01,6.2018,per_usd
2015-05-04,6.2085,per_usd
2015-05-05,6.2058,per_usd
2015-05-06,6.2001,per_usd
2015-05-07,6.2063,per_usd
2015-05-08,6.2084,per_usd
2015-05-11,6.2086,per_usd
2015-05-12,6.2086,per_usd
2015-05-13,6.2043,per_usd
2015-05-14,6.2013,per_usd
2015-05-15,6.2051,per_usd
2015-05-18,6.2041,per_usd
2015-05-19,6.2064,per_usd
2015-05-20,6.2036,per_usd
2015-05-21,6.1958,per_usd
2015-05-22,6.1972,per_usd
2015-05-26,6.2038,per_usd
2015-05-27,6.2011,per_usd
2015-05-28,6.2002,per_usd
2015-05-29,6.198,per_usd
2015-06-01,6.1985,per_usd
2015-06-02,6.198,per_usd
2015-06-03,6.1976,per_usd
2015-06-04,6.2006,per_usd
2015-06-05,6.2024,per_usd
2015-06-08,6.2053,per_usd
2015-06-09,6.2047,per_usd
2015-06-10,6.2055,per_usd
2015-06-11,6.2065,per_usd
2015-06-12,6.2081,per_usd
2015-06-15,6.208,per_usd
2015-06-16,6.2085,per_usd
2015-06-17,6.2086,per_usd
2015-06-18,6.2075,per_usd
2015-06-19,6.2085,per_usd
2015-06-22,6.2085,per_usd
2015-06-23,6.2066,per_usd
2015-06-24,6.2061,per_usd
2015-06-25,6.2084,per_usd
2015-06-26,6.208,per_usd
2015-06-29,6.2085,per_usd
2015-06-30,6.2,per_usd
2015-07-01,6.2008,per_usd
2015-07-02,6.2044,per_usd
2015-07-06,6.2089,per_usd
2015-07-07,6.2097,per_usd
2015-07-08,6.2087,per_usd
2015-07-09,6.2086,per_usd
2015-07-10,6.2092,per_usd
2015-07-13,6.2081,per_usd
2015-07-14,6.2088,per_usd
2015-07-15,6.2082,per_usd
2015-07-16,6.2094,per_usd
2015-07-17,6.2085,per_usd
2015-07-20,6.2095,per_usd
2015-07-21,6.2095,per_usd
2015-07-22,6.2093,per_usd
2015-07-23,6.2091,per_usd
2015-07-24,6.2095,per_usd
2015-07-27,6.2091,per_usd
2015-07-28,6.2084,per_usd
2015-07-29,6.2089,per_usd
2015-07-30,6.2096,per_usd
2015-07-31,6.2097,per_usd
2015-08-03,6.2087,per_usd
2015-08-04,6.2086,per_usd
2015-08-05,6.2096,per_usd
2015-08-06,6.2096,per_usd
2015-08-07,6.2087,per_usd
2015-08-10,6.2094,per_usd
2015-08-11,6.3232,per_usd
2015-08-12,6.3845,per_usd
2015-08-13,6.3982,per_usd
2015-08-14,6.3908,per_usd
2015-08-17,6.3937,per_usd
2015-08-18,6.3928,per_usd
2015-08-19,6.3956,per_usd
2015-08-20,6.3875,per_usd
2015-08-21,6.3887,per_usd
2015-08-24,6.4029,per_usd
2015-08-25,6.4122,per_usd
2015-08-26,6.4083,per_usd
2015-08-27,6.4053,per_usd
2015-08-28,6.389,per_usd
2015-08-31,6.376,per_usd
2015-09-01,6.363,per_usd
2015-09-02,6.3544,per_usd
2015-09-03,6.3549,per_usd
2015-09-04,6.3549,per_usd
2015-09-08,6.3657,per_usd
2015-09-09,6.3768,per_usd
2015-09-10,6.377,per_usd
2015-09-11,6.3735,per_usd
2015-09-14,6.3664,per_usd
2015-09-15,6.3685,per_usd
2015-09-16,6.3694,per_usd
2015-09-17,6.3645,per_usd
2015-09-18,6.3628,per_usd
2015-09-21,6.3676,per_usd
2015-09-22,6.375,per_usd
2015-09-23,6.3836,per_usd
2015-09-24,6.3818,per_usd
2015-09-25,6.3737,per_usd
2015-09-28,6.3685,per_usd
2015-09-29,6.3621,per_usd
2015-09-30,6.3556,per_usd
2015-10-01,6.3559,per_usd
2015-10-02,6.3559,per_usd
2015-10-05,6.3559,per_usd
2015-10-06,6.3559,per_usd
2015-10-07,6.3559,per_usd
2015-10-08,6.3529,per_usd
2015-10-09,6.345,per_usd
2015-10-13,6.3417,per_usd
2015-10-14,6.3462,per_usd
2015-10-15,6.3459,per_usd
2015-10-16,6.3523,per_usd
2015-10-19,6.3591,per_usd
2015-10-20,6.348,per_usd
2015-10-21,6.3487,per_usd
2015-10-22,6.3577,per_usd
2015-10-23,6.3488,per_usd
2015-10-26,6.3517,per_usd
2015-10-27,6.3517,per_usd
2015-10-28,6.3581,per_usd
2015-10-29,6.3552,per_usd
2015-10-30,6.318,per_usd
2015-11-02,6.318,per_usd
2015-11-03,6.318,per_usd
2015-11-04,6.3357,per_usd
2015-11-05,6.318,per_usd
2015-11-06,6.318,per_usd
2015-11-09,6.3619,per_usd
2015-11-10,6.3603,per_usd
2015-11-12,6.369,per_usd
2015-11-13,6.3735,per_usd
2015-11-16,6.37,per_usd
2015-11-17,6.3771,per_usd
2015-11-18,6.3834,per_usd
2015-11-19,6.3825,per_usd
2015-11-20,6.3835,per_usd
2015-11-23,6.389,per_usd
2015-11-24,6.3883,per_usd
2015-11-25,6.3877,per_usd
2015-11-27,6.3945,per_usd
2015-11-30,6.3883,per_usd
2015-12-01,6.3883,per_usd
2015-12-02,6.3883,per_usd
2015-12-03,6.3883,per_usd
2015-12-04,6.3883,per_usd
2015-12-07,6.4081,per_usd
2015-12-08,6.4162,per_usd
2015-12-09,6.427,per_usd
2015-12-10,6.4363,per_usd
2015-12-11,6.4538,per_usd
2015-12-14,6.4588,per_usd
2015-12-15,6.46,per_usd
2015-12-16,6.4723,per_usd
2015-12-17,6.4822,per_usd
2015-12-18,6.48,per_usd
2015-12-21,6.4793,per_usd
2015-12-22,6.4778,per_usd
2015-12-23,6.4763,per_usd
2015-12-24,6.4758,per_usd
2015-12-28,6.4778,per_usd
2015-12-29,6.4778,per_usd
2015-12-30,6.4896,per_usd
2015-12-31,6.4778,per_usd
2016-01-04,6.5338,per_usd
2016-01-05,6.5219,per_usd
2016-01-06,6.5554,per_usd
2016-01-07,6.5926,per_usd
2016-01-08,6.5932,per_usd
2016-01-11,6.5675,per_usd
2016-01-12,6.57,per_usd
2016-01-13,6.57,per_usd
2016-01-14,6.5891,per_usd
2016-01-15,6.584,per_usd
2016-01-19,6.5783,per_usd
2016-01-20,6.5781,per_usd
2016-01-21,6.5794,per_usd
2016-01-22,6.5788,per_usd
2016-01-25,6.579,per_usd
2016-01-26,6.5814,per_usd
2016-01-27,6.5773,per_usd
2016-01-28,6.5744,per_usd
2016-01-29,6.5752,per_usd
2016-02-01,6.5778,per_usd
2016-02-02,6.5795,per_usd
2016-02-03,6.5765,per_usd
2016-02-04,6.5638,per_usd
2016-02-05,6.571,per_usd
2016-02-08,6.571,per_usd
2016-02-09,6.571,per_usd
2016-02-10,6.571,per_usd
2016-02-11,6.571,per_usd
2016-02-12,6.571,per_usd
2016-02-16,6.5154,per_usd
2016-02-17,6.527,per_usd
2016-02-18,6.5163,per_usd
2016-02-19,6.5202,per_usd
2016-02-22,6.5197,per_usd
2016-02-23,6.5263,per_usd
2016-02-24,6.529,per_usd
2016-02-25,6.532,per_usd
2016-02-26,6.539,per_usd
2016-02-29,6.5525,per_usd
2016-03-01,6.55,per_usd
2016-03-02,6.5499,per_usd
2016-03-03,6.5312,per_usd
2016-03-04,6.5064,per_usd
2016-03-07,6.5155,per_usd
2016-03-08,6.5044,per_usd
2016-03-09,6.5105,per_usd
2016-03-10,6.507,per_usd
2016-03-11,6.494,per_usd
2016-03-14,6.4984,per_usd
2016-03-15,6.511,per_usd
2016-03-16,6.5189,per_usd
2016-03-17,6.4745,per_usd
2016-03-18,6.4682,per_usd
2016-03-21,6.4812,per_usd
2016-03-22,6.4876,per_usd
2016-03-23,6.5035,per_usd
2016-03-24,6.5124,per_usd
2016-03-25,6.5131,per_usd
2016-03-28,6.5051,per_usd
2016-03-29,6.5063,per_usd
2016-03-30,6.4648,per_usd
2016-03-31,6.448,per_usd
2016-04-01,6.4776,per_usd
2016-04-04,6.4776,per_usd
2016-04-05,6.476,per_usd
2016-04-06,6.478,per_usd
2016-04-07,6.4599,per_usd
2016-04-08,6.4628,per_usd
2016-04-11,6.458,per_usd
2016-04-12,6.4639,per_usd
2016-04-13,6.4768,per_usd
2016-04-14,6.481,per_usd
2016-04-15,6.473,per_usd
2016-04-18,6.4717,per_usd
2016-04-19,6.4571,per_usd
2016-04-20,6.4675,per_usd
2016-04-21,6.481,per_usd
2016-04-22,6.5004,per_usd
2016-04-25,6.49,per_usd
2016-04-26,6.4905,per_usd
2016-04-27,6.494,per_usd
2016-04-28,6.4735,per_usd
2016-04-29,6.4738,per_usd
2016-05-02,6.4738,per_usd
2016-05-03,6.49,per_usd
2016-05-04,6.4945,per_usd
2016-05-05,6.5032,per_usd
2016-05-06,6.497,per_usd
2016-05-09,6.514,per_usd
2016-05-10,6.515,per_usd
2016-05-11,6.491,per_usd
2016-05-12,6.514,per_usd
2016-05-13,6.5285,per_usd
2016-05-16,6.5184,per_usd
2016-05-17,6.517,per_usd
2016-05-18,6.537,per_usd
2016-05-19,6.544,per_usd
2016-05-20,6.5485,per_usd
2016-05-23,6.5533,per_usd
2016-05-24,6.5552,per_usd
2016-05-25,6.5538,per_usd
2016-05-26,6.554,per_usd
2016-05-27,6.5615,per_usd
2016-05-31,6.5798,per_usd
2016-06-01,6.5748,per_usd
2016-06-02,6.5815,per_usd
2016-06-03,6.5638,per_usd
2016-06-06,6.5611,per_usd
2016-06-07,6.571,per_usd
2016-06-08,6.56,per_usd
2016-06-09,6.559,per_usd
2016-06-10,6.559,per_usd
2016-06-13,6.5823,per_usd
2016-06-14,6.593,per_usd
2016-06-15,6.5785,per_usd
2016-06-16,6.5899,per_usd
2016-06-17,6.5849,per_usd
2016-06-20,6.5768,per_usd
2016-06-21,6.5893,per_usd
2016-06-22,6.575,per_usd
2016-06-23,6.574,per_usd
2016-06-24,6.615,per_usd
2016-06-27,6.6481,per_usd
2016-06-28,6.645,per_usd
2016-06-29,6.635,per_usd
2016-06-30,6.6459,per_usd
2016-07-01,6.6547,per_usd
2016-07-05,6.677,per_usd
2016-07-06,6.69,per_usd
2016-07-07,6.679,per_usd
2016-07-08,6.6878,per_usd
2016-07-11,6.6917,per_usd
2016-07-12,6.686,per_usd
2016-07-13,6.6832,per_usd
2016-07-14,6.6801,per_usd
2016-07-15,6.6865,per_usd
2016-07-18,6.7013,per_usd
2016-07-19,6.6931,per_usd
2016-07-20,6.676,per_usd
2016-07-21,6.6735,per_usd
2016-07-22,6.676,per_usd
2016-07-25,6.6783,per_usd
2016-07-26,6.669,per_usd
2016-07-27,6.668,per_usd
2016-07-28,6.6538,per_usd
2016-07-29,6.6371,per_usd
2016-08-01,6.6421,per_usd
2016-08-02,6.6239,per_usd
2016-08-03,6.632,per_usd
2016-08-04,6.6388,per_usd
2016-08-05,6.653,per_usd
2016-08-08,6.6597,per_usd
2016-08-09,6.653,per_usd
2016-08-10,6.6345,per_usd
2016-08-11,6.6274,per_usd
2016-08-12,6.6324,per_usd
2016-08-15,6.637,per_usd
2016-08-16,6.624,per_usd
2016-08-17,6.6328,per_usd
2016-08-18,6.6297,per_usd
2016-08-19,6.6515,per_usd
2016-08-22,6.6475,per_usd
2016-08-23,6.6378,per_usd
2016-08-24,6.6562,per_usd
2016-08-25,6.656,per_usd
2016-08-26,6.669,per_usd
2016-08-29,6.6775,per_usd
2016-08-30,6.6778,per_usd
2016-08-31,6.6776,per_usd
2016-09-01,6.6713,per_usd
2016-09-02,6.679,per_usd
2016-09-06,6.6722,per_usd
2016-09-07,6.66,per_usd
2016-09-08,6.664,per_usd
2016-09-09,6.6778,per_usd
2016-09-12,6.6788,per_usd
2016-09-13,6.6782,per_usd
2016-09-14,6.6707,per_usd
2016-09-15,6.6707,per_usd
2016-09-16,6.6707,per_usd
2016-09-19,6.665,per_usd
2016-09-20,6.67,per_usd
2016-09-21,6.6695,per_usd
2016-09-22,6.663,per_usd
2016-09-23,6.669,per_usd
2016-09-26,6.6683,per_usd
2016-09-27,6.6691,per_usd
2016-09-28,6.673,per_usd
2016-09-29,6.665,per_usd
2016-09-30,6.6685,per_usd
2016-10-03,6.6685,per_usd
2016-10-04,6.6685,per_usd
2016-10-05,6.6685,per_usd
2016-10-06,6.6685,per_usd
2016-10-07,6.6685,per_usd
2016-10-11,6.719,per_usd
2016-10-12,6.718,per_usd
2016-10-13,6.7248,per_usd
2016-10-14,6.7277,per_usd
2016-10-17,6.735,per_usd
2016-10-18,6.7401,per_usd
2016-10-19,6.737,per_usd
2016-10-20,6.7439,per_usd
2016-10-21,6.7654,per_usd
2016-10-24,6.7728,per_usd
2016-10-25,6.778,per_usd
2016-10-26,6.7706,per_usd
2016-10-27,6.7819,per_usd
2016-10-28,6.776,per_usd
2016-10-31,6.7735,per_usd
2016-11-01,6.763,per_usd
2016-11-02,6.7606,per_usd
2016-11-03,6.7612,per_usd
2016-11-04,6.7534,per_usd
2016-11-07,6.774,per_usd
2016-11-08,6.784,per_usd
2016-11-09,6.7769,per_usd
2016-11-10,6.7987,per_usd
2016-11-14,6.8447,per_usd
2016-11-15,6.8556,per_usd
2016-11-16,6.877,per_usd
2016-11-17,6.8674,per_usd
2016-11-18,6.8873,per_usd
2016-11-21,6.8918,per_usd
2016-11-22,6.888,per_usd
2016-11-23,6.9195,per_usd
2016-11-25,6.9176,per_usd
2016-11-28,6.9055,per_usd
2016-11-29,6.8933,per_usd
2016-11-30,6.8837,per_usd
2016-12-01,6.883,per_usd
2016-12-02,6.883,per_usd
2016-12-05,6.8775,per_usd
2016-12-06,6.879,per_usd
2016-12-07,6.878,per_usd
2016-12-08,6.8771,per_usd
2016-12-09,6.9042,per_usd
2016-12-12,6.9045,per_usd
2016-12-13,6.8984,per_usd
2016-12-14,6.9025,per_usd
2016-12-15,6.941,per_usd
2016-12-16,6.958,per_usd
2016-12-19,6.9506,per_usd
2016-12-20,6.947,per_usd
2016-12-21,6.939,per_usd
2016-12-22,6.9473,per_usd
2016-12-23,6.9432,per_usd
2016-12-27,6.9491,per_usd
2016-12-28,6.9559,per_usd
2016-12-29,6.9535,per_usd
2016-12-30,6.943,per_usd
2017-01-03,6.9575,per_usd
2017-01-04,6.9322,per_usd
2017-01-05,6.887,per_usd
2017-01-06,6.9176,per_usd
2017-01-09,6.935,per_usd
2017-01-10,6.918,per_usd
2017-01-11,6.9365,per_usd
2017-01-12,6.889,per_usd
2017-01-13,6.8985,per_usd
2017-01-17,6.852,per_usd
2017-01-18,6.836,per_usd
2017-01-19,6.868,per_usd
2017-01-23,6.8514,per_usd
2017-01-24,6.8555,per_usd
2017-01-25,6.8812,per_usd
2017-01-26,6.8768,per_usd
2017-01-27,6.8768,per_usd
2017-01-30,6.8768,per_usd
2017-01-31,6.8768,per_usd
2017-02-01,6.8768,per_usd
2017-02-02,6.8768,per_usd
2017-02-03,6.865,per_usd
2017-02-06,6.86,per_usd
2017-02-07,6.8821,per_usd
2017-02-08,6.87,per_usd
2017-02-09,6.866,per_usd
2017-02-10,6.8775,per_usd
2017-02-13,6.8776,per_usd
2017-02-14,6.8649,per_usd
2017-02-15,6.8685,per_usd
2017-02-16,6.8517,per_usd
2017-02-17,6.864,per_usd
2017-02-21,6.881,per_usd
2017-02-22,6.8765,per_usd
2017-02-23,6.8622,per_usd
2017-02-24,6.8645,per_usd
2017-02-27,6.8675,per_usd
2017-02-28,6.8665,per_usd
2017-03-01,6.8794,per_usd
2017-03-02,6.8868,per_usd
2017-03-03,6.8954,per_usd
2017-03-06,6.8955,per_usd
2017-03-07,6.9,per_usd
2017-03-08,6.9113,per_usd
2017-03-09,6.9086,per_usd
2017-03-10,6.905,per_usd
2017-03-13,6.905,per_usd
2017-03-14,6.913,per_usd
2017-03-15,6.9132,per_usd
2017-03-16,6.913,per_usd
2017-03-17,6.9,per_usd
2017-03-20,6.905,per_usd
2017-03-21,6.883,per_usd
2017-03-22,6.8785,per_usd
2017-03-23,6.8843,per_usd
2017-03-24,6.8803,per_usd
2017-03-27,6.8687,per_usd
2017-03-28,6.8779,per_usd
2017-03-29,6.8879,per_usd
2017-03-30,6.887,per_usd
2017-03-31,6.8832,per_usd
2017-04-03,6.8832,per_usd
2017-04-04,6.8832,per_usd
2017-04-05,6.892,per_usd
2017-04-06,6.8955,per_usd
2017-04-07,6.8978,per_usd
2017-04-10,6.8988,per_usd
2017-04-11,6.8893,per_usd
2017-04-12,6.889,per_usd
2017-04-13,6.8865,per_usd
2017-04-14,6.8835,per_usd
2017-04-17,6.88,per_usd
2017-04-18,6.8778,per_usd
2017-04-19,6.886,per_usd
2017-04-20,6.88,per_usd
2017-04-21,6.8845,per_usd
2017-04-24,6.884,per_usd
2017-04-25,6.8824,per_usd
2017-04-26,6.8918,per_usd
2017-04-27,6.8958,per_usd
2017-04-28,6.89,per_usd
2017-05-01,6.89,per_usd
2017-05-02,6.8949,per_usd
2017-05-03,6.8968,per_usd
2017-05-04,6.8959,per_usd
2017-05-05,6.9021,per_usd
2017-05-08,6.904,per_usd
2017-05-09,6.906,per_usd
2017-05-10,6.9011,per_usd
2017-05-11,6.9033,per_usd
2017-05-12,6.8972,per_usd
2017-05-15,6.89,per_usd
2017-05-16,6.884,per_usd
2017-05-17,6.8773,per_usd
2017-05-18,6.888,per_usd
2017-05-19,6.883,per_usd
2017-05-22,6.8828,per_usd
2017-05-23,6.888,per_usd
2017-05-24,6.8883,per_usd
2017-05-25,6.8672,per_usd
2017-05-26,6.8525,per_usd
2017-05-30,6.8525,per_usd
2017-05-31,6.8098,per_usd
2017-06-01,6.8029,per_usd
2017-06-02,6.8085,per_usd
2017-06-05,6.803,per_usd
2017-06-06,6.7945,per_usd
2017-06-07,6.7935,per_usd
2017-06-08,6.799,per_usd
2017-06-09,6.797,per_usd
2017-06-12,6.7974,per_usd
2017-06-13,6.7981,per_usd
2017-06-14,6.7888,per_usd
2017-06-15,6.8061,per_usd
2017-06-16,6.8097,per_usd
2017-06-19,6.818,per_usd
2017-06-20,6.8285,per_usd
2017-06-21,6.8275,per_usd
2017-06-22,6.8275,per_usd
2017-06-23,6.8345,per_usd
2017-06-26,6.8382,per_usd
2017-06-27,6.81,per_usd
2017-06-28,6.7984,per_usd
2017-06-29,6.784,per_usd
2017-06-30,6.7793,per_usd
2017-07-03,6.7984,per_usd
2017-07-05,6.7995,per_usd
2017-07-06,6.799,per_usd
2017-07-07,6.8039,per_usd
2017-07-10,6.8026,per_usd
2017-07-11,6.801,per_usd
2017-07-12,6.7865,per_usd
2017-07-13,6.7825,per_usd
2017-07-14,6.7741,per_usd
2017-07-17,6.769,per_usd
2017-07-18,6.7451,per_usd
2017-07-19,6.7511,per_usd
2017-07-20,6.757,per_usd
2017-07-21,6.7663,per_usd
2017-07-24,6.7488,per_usd
2017-07-25,6.7495,per_usd
2017-07-26,6.753,per_usd
2017-07-27,6.741,per_usd
2017-07-28,6.7362,per_usd
2017-07-31,6.724,per_usd
2017-08-01,6.717,per_usd
2017-08-02,6.72,per_usd
2017-08-03,6.715,per_usd
2017-08-04,6.7272,per_usd
2017-08-07,6.7207,per_usd
2017-08-08,6.7049,per_usd
2017-08-09,6.672,per_usd
2017-08-10,6.646,per_usd
2017-08-11,6.6612,per_usd
2017-08-14,6.6695,per_usd
2017-08-15,6.6845,per_usd
2017-08-16,6.69,per_usd
2017-08-17,6.673,per_usd
2017-08-18,6.67,per_usd
2017-08-21,6.663,per_usd
2017-08-22,6.66,per_usd
2017-08-23,6.6569,per_usd
2017-08-24,6.66,per_usd
2017-08-25,6.6465,per_usd
2017-08-28,6.6084,per_usd
2017-08-29,6.5945,per_usd
2017-08-30,6.5918,per_usd
2017-08-31,6.5888,per_usd
2017-09-01,6.5552,per_usd
2017-09-05,6.5345,per_usd
2017-09-06,6.5221,per_usd
2017-09-07,6.483,per_usd
2017-09-08,6.4773,per_usd
2017-09-11,6.5254,per_usd
2017-09-12,6.5334,per_usd
2017-09-13,6.54,per_usd
2017-09-14,6.552,per_usd
2017-09-15,6.55,per_usd
2017-09-18,6.5725,per_usd
2017-09-19,6.58,per_usd
2017-09-20,6.57,per_usd
2017-09-21,6.5861,per_usd
2017-09-22,6.5899,per_usd
2017-09-25,6.6189,per_usd
2017-09-26,6.6371,per_usd
2017-09-27,6.64,per_usd
2017-09-28,6.6591,per_usd
2017-09-29,6.6533,per_usd
2017-10-02,6.6533,per_usd
2017-10-03,6.6533,per_usd
2017-10-04,6.6533,per_usd
2017-10-05,6.6533,per_usd
2017-10-06,6.6533,per_usd
2017-10-10,6.5712,per_usd
2017-10-11,6.587,per_usd
2017-10-12,6.5855,per_usd
2017-10-13,6.5785,per_usd
2017-10-16,6.5885,per_usd
2017-10-17,6.622,per_usd
2017-10-18,6.625,per_usd
2017-10-19,6.6126,per_usd
2017-10-20,6.6185,per_usd
2017-10-23,6.638,per_usd
2017-10-24,6.6335,per_usd
2017-10-25,6.635,per_usd
2017-10-26,6.6392,per_usd
2017-10-27,6.6498,per_usd
2017-10-30,6.6498,per_usd
2017-10-31,6.6328,per_usd
2017-11-01,6.6018,per_usd
2017-11-02,6.6068,per_usd
2017-11-03,6.636,per_usd
2017-11-06,6.6311,per_usd
2017-11-07,6.638,per_usd
2017-11-08,6.6249,per_usd
2017-11-09,6.6378,per_usd
2017-11-13,6.6385,per_usd
2017-11-14,6.635,per_usd
2017-11-15,6.62,per_usd
2017-11-16,6.6273,per_usd
2017-11-17,6.6245,per_usd
2017-11-20,6.6245,per_usd
2017-11-21,6.6265,per_usd
2017-11-22,6.6086,per_usd
2017-11-24,6.5998,per_usd
2017-11-27,6.5967,per_usd
2017-11-28,6.6044,per_usd
2017-11-29,6.6091,per_usd
2017-11-30,6.609,per_usd
2017-12-01,6.6137,per_usd
2017-12-04,6.6185,per_usd
2017-12-05,6.617,per_usd
2017-12-06,6.6136,per_usd
2017-12-07,6.6173,per_usd
2017-12-08,6.6199,per_usd
2017-12-11,6.6175,per_usd
2017-12-12,6.621,per_usd
2017-12-13,6.6171,per_usd
2017-12-14,6.6091,per_usd
2017-12-15,6.6088,per_usd
2017-12-18,6.6088,per_usd
2017-12-19,6.6088,per_usd
2017-12-20,6.5771,per_usd
2017-12-21,6.5833,per_usd
2017-12-22,6.575,per_usd
2017-12-26,6.5429,per_usd
2017-12-27,6.556,per_usd
2017-12-28,6.5322,per_usd
2017-12-29,6.5063,per_usd
2018-01-02,6.491,per_usd
2018-01-03,6.501,per_usd
2018-01-04,6.4915,per_usd
2018-01-05,6.4875,per_usd
2018-01-08,6.497,per_usd
2018-01-09,6.5263,per_usd
2018-01-10,6.5055,per_usd
2018-01-11,6.4956,per_usd
2018-01-12,6.4607,per_usd
2018-01-16,6.4395,per_usd
2018-01-17,6.433,per_usd
2018-01-18,6.4175,per_usd
2018-01-19,6.399,per_usd
2018-01-22,6.4035,per_usd
2018-01-23,6.4,per_usd
2018-01-24,6.365,per_usd
2018-01-25,6.3189,per_usd
2018-01-26,6.3199,per_usd
2018-01-29,6.3328,per_usd
2018-01-30,6.3199,per_usd
2018-01-31,6.2841,per_usd
2018-02-01,6.2969,per_usd
2018-02-02,6.2984,per_usd
2018-02-05,6.285,per_usd
2018-02-06,6.283,per_usd
2018-02-07,6.2649,per_usd
2018-02-08,6.3222,per_usd
2018-02-09,6.2966,per_usd
2018-02-12,6.325,per_usd
2018-02-13,6.338,per_usd
2018-02-14,6.3438,per_usd
2018-02-15,6.3438,per_usd
2018-02-16,6.3438,per_usd
2018-02-20,6.3351,per_usd
2018-02-21,6.3351,per_usd
2018-02-22,6.3471,per_usd
2018-02-23,6.3329,per_usd
2018-02-26,6.3115,per_usd
2018-02-27,6.3169,per_usd
2018-02-28,6.328,per_usd
2018-03-01,6.3565,per_usd
2018-03-02,6.3428,per_usd
2018-03-05,6.3491,per_usd
2018-03-06,6.3093,per_usd
2018-03-07,6.3225,per_usd
2018-03-08,6.3389,per_usd
2018-03-09,6.3285,per_usd
2018-03-12,6.327,per_usd
2018-03-13,6.318,per_usd
2018-03-14,6.314,per_usd
2018-03-15,6.3202,per_usd
2018-03-16,6.33,per_usd
2018-03-19,6.3291,per_usd
2018-03-20,6.3328,per_usd
2018-03-21,6.32,per_usd
2018-03-22,6.331,per_usd
2018-03-23,6.311,per_usd
2018-03-26,6.2685,per_usd
2018-03-27,6.2781,per_usd
2018-03-28,6.2946,per_usd
2018-03-29,6.2876,per_usd
2018-03-30,6.2726,per_usd
2018-04-02,6.2785,per_usd
2018-04-03,6.2881,per_usd
2018-04-04,6.3045,per_usd
2018-04-05,6.3045,per_usd
2018-04-06,6.3045,per_usd
2018-04-09,6.3035,per_usd
2018-04-10,6.2798,per_usd
2018-04-11,6.2655,per_usd
2018-04-12,6.2876,per_usd
2018-04-13,6.2725,per_usd
2018-04-16,6.2752,per_usd
2018-04-17,6.2804,per_usd
2018-04-18,6.2722,per_usd
2018-04-19,6.2765,per_usd
2018-04-20,6.2945,per_usd
2018-04-23,6.3158,per_usd
2018-04-24,6.3035,per_usd
2018-04-25,6.3236,per_usd
2018-04-26,6.334,per_usd
2018-04-27,6.3325,per_usd
2018-04-30,6.3325,per_usd
2018-05-01,6.3325,per_usd
2018-05-02,6.361,per_usd
2018-05-03,6.352,per_usd
2018-05-04,6.3589,per_usd
2018-05-07,6.364,per_usd
2018-05-08,6.369,per_usd
2018-05-09,6.3585,per_usd
2018-05-10,6.344,per_usd
2018-05-11,6.3333,per_usd
2018-05-14,6.336,per_usd
2018-05-15,6.376,per_usd
2018-05-16,6.3706,per_usd
2018-05-17,6.3645,per_usd
2018-05-18,6.3768,per_usd
2018-05-21,6.3815,per_usd
2018-05-22,6.366,per_usd
2018-05-23,6.3875,per_usd
2018-05-24,6.3757,per_usd
2018-05-25,6.3903,per_usd
2018-05-29,6.4162,per_usd
2018-05-30,6.4175,per_usd
2018-05-31,6.4096,per_usd
2018-06-01,6.418,per_usd
2018-06-04,6.405,per_usd
2018-06-05,6.4042,per_usd
2018-06-06,6.385,per_usd
2018-06-07,6.389,per_usd
2018-06-08,6.4031,per_usd
2018-06-11,6.4,per_usd
2018-06-12,6.3992,per_usd
2018-06-13,6.3944,per_usd
2018-06-14,6.398,per_usd
2018-06-15,6.4379,per_usd
2018-06-18,6.4379,per_usd
2018-06-19,6.4802,per_usd
2018-06-20,6.4713,per_usd
2018-06-21,6.49,per_usd
2018-06-22,6.5027,per_usd
2018-06-25,6.536,per_usd
2018-06-26,6.5759,per_usd
2018-06-27,6.5992,per_usd
2018-06-28,6.6235,per_usd
2018-06-29,6.6171,per_usd
2018-07-02,6.6632,per_usd
2018-07-03,6.6368,per_usd
2018-07-05,6.6341,per_usd
2018-07-06,6.6396,per_usd
2018-07-09,6.6123,per_usd
2018-07-10,6.6296,per_usd
2018-07-11,6.6764,per_usd
2018-07-12,6.663,per_usd
2018-07-13,6.69,per_usd
2018-07-16,6.6866,per_usd
2018-07-17,6.7018,per_usd
2018-07-18,6.7161,per_usd
2018-07-19,6.7701,per_usd
2018-07-20,6.7659,per_usd
2018-07-23,6.7927,per_usd
2018-07-24,6.7912,per_usd
2018-07-25,6.7658,per_usd
2018-07-26,6.7865,per_usd
2018-07-27,6.8097,per_usd
2018-07-30,6.8102,per_usd
2018-07-31,6.8038,per_usd
2018-08-01,6.8154,per_usd
2018-08-02,6.838,per_usd
2018-08-03,6.8309,per_usd
2018-08-06,6.85,per_usd
2018-08-07,6.828,per_usd
2018-08-08,6.8344,per_usd
2018-08-09,6.8199,per_usd
2018-08-10,6.8458,per_usd
2018-08-13,6.888,per_usd
2018-08-14,6.8809,per_usd
2018-08-15,6.933,per_usd
2018-08-16,6.8792,per_usd
2018-08-17,6.874,per_usd
2018-08-20,6.8546,per_usd
2018-08-21,6.8444,per_usd
2018-08-22,6.84,per_usd
2018-08-23,6.8748,per_usd
2018-08-24,6.803,per_usd
2018-08-27,6.8145,per_usd
2018-08-28,6.8018,per_usd
2018-08-29,6.819,per_usd
2018-08-30,6.8415,per_usd
2018-08-31,6.83,per_usd
2018-09-04,6.8427,per_usd
2018-09-05,6.827,per_usd
2018-09-06,6.8322,per_usd
2018-09-07,6.8419,per_usd
2018-09-10,6.8545,per_usd
2018-09-11,6.8704,per_usd
2018-09-12,6.8574,per_usd
2018-09-13,6.8407,per_usd
2018-09-14,6.8673,per_usd
2018-09-17,6.854,per_usd
2018-09-18,6.8591,per_usd
2018-09-19,6.8466,per_usd
2018-09-20,6.8455,per_usd
2018-09-21,6.8559,per_usd
2018-09-24,6.8559,per_usd
2018-09-25,6.8632,per_usd
2018-09-26,6.8763,per_usd
2018-09-27,6.888,per_usd
2018-09-28,6.868,per_usd
2018-10-01,6.868,per_usd
2018-10-02,6.868,per_usd
2018-10-03,6.868,per_usd
2018-10-04,6.868,per_usd
2018-10-05,6.868,per_usd
2018-10-09,6.9217,per_usd
2018-10-10,6.9224,per_usd
2018-10-11,6.888,per_usd
2018-10-12,6.9182,per_usd
2018-10-15,6.9131,per_usd
2018-10-16,6.9102,per_usd
2018-10-17,6.9263,per_usd
2018-10-18,6.9367,per_usd
2018-10-19,6.9291,per_usd
2018-10-22,6.9446,per_usd
2018-10-23,6.9373,per_usd
2018-10-24,6.942,per_usd
2018-10-25,6.9477,per_usd
2018-10-26,6.9425,per_usd
2018-10-29,6.9605,per_usd
2018-10-30,6.9663,per_usd
2018-10-31,6.9737,per_usd
2018-11-01,6.9205,per_usd
2018-11-02,6.8894,per_usd
2018-11-05,6.9249,per_usd
2018-11-06,6.9172,per_usd
2018-11-07,6.9174,per_usd
2018-11-08,6.9318,per_usd
2018-11-09,6.9553,per_usd
2018-11-13,6.9546,per_usd
2018-11-14,6.95,per_usd
2018-11-15,6.938,per_usd
2018-11-16,6.9367,per_usd
2018-11-19,6.9398,per_usd
2018-11-20,6.9448,per_usd
2018-11-21,6.9248,per_usd
2018-11-23,6.9477,per_usd
2018-11-26,6.9397,per_usd
2018-11-27,6.9498,per_usd
2018-11-28,6.9534,per_usd
2018-11-29,6.9419,per_usd
2018-11-30,6.9558,per_usd
2018-12-03,6.8798,per_usd
2018-12-04,6.8343,per_usd
2018-12-06,6.8816,per_usd
2018-12-07,6.8733,per_usd
2018-12-10,6.9077,per_usd
2018-12-11,6.8968,per_usd
2018-12-12,6.8778,per_usd
2018-12-13,6.8798,per_usd
2018-12-14,6.905,per_usd
2018-12-17,6.8962,per_usd
2018-12-18,6.8939,per_usd
2018-12-19,6.8918,per_usd
2018-12-20,6.8834,per_usd
2018-12-21,6.9048,per_usd
2018-12-26,6.8847,per_usd
2018-12-27,6.8649,per_usd
2018-12-28,6.8755,per_usd
2018-12-31,6.8755,per_usd
2019-01-02,6.8597,per_usd
2019-01-03,6.8708,per_usd
2019-01-04,6.8663,per_usd
2019-01-07,6.8501,per_usd
2019-01-08,6.8519,per_usd
2019-01-09,6.8117,per_usd
2019-01-10,6.7875,per_usd
2019-01-11,6.7596,per_usd
2019-01-15,6.7595,per_usd
2019-01-16,6.7532,per_usd
2019-01-17,6.7735,per_usd
2019-01-18,6.7765,per_usd
2019-01-22,6.8072,per_usd
2019-01-23,6.7897,per_usd
2019-01-24,6.7835,per_usd
2019-01-25,6.7448,per_usd
2019-01-28,6.7437,per_usd
2019-01-29,6.7304,per_usd
2019-01-30,6.7115,per_usd
2019-01-31,6.6958,per_usd
2019-02-01,6.7426,per_usd
2019-02-04,6.7426,per_usd
2019-02-05,6.7426,per_usd
2019-02-06,6.7426,per_usd
2019-02-07,6.7426,per_usd
2019-02-08,6.7426,per_usd
2019-02-11,6.7907,per_usd
2019-02-12,6.7726,per_usd
2019-02-13,6.7598,per_usd
2019-02-14,6.7711,per_usd
2019-02-15,6.768,per_usd
2019-02-19,6.756,per_usd
2019-02-21,6.7195,per_usd
2019-02-22,6.7112,per_usd
2019-02-25,6.6844,per_usd
2019-02-26,6.698,per_usd
2019-02-27,6.6822,per_usd
2019-02-28,6.6912,per_usd
2019-03-01,6.7048,per_usd
2019-03-04,6.7045,per_usd
2019-03-05,6.706,per_usd
2019-03-06,6.7099,per_usd
2019-03-07,6.7132,per_usd
2019-03-08,6.7201,per_usd
2019-03-11,6.7215,per_usd
2019-03-12,6.707,per_usd
2019-03-13,6.7064,per_usd
2019-03-14,6.7209,per_usd
2019-03-15,6.7129,per_usd
2019-03-18,6.7121,per_usd
2019-03-19,6.7106,per_usd
2019-03-20,6.6916,per_usd
2019-03-21,6.6952,per_usd
2019-03-22,6.7162,per_usd
2019-03-25,6.7079,per_usd
2019-03-26,6.7145,per_usd
2019-03-27,6.7262,per_usd
2019-03-28,6.7381,per_usd
2019-03-29,6.7112,per_usd
2019-04-01,6.7102,per_usd
2019-04-02,6.7223,per_usd
2019-04-03,6.7098,per_usd
2019-04-04,6.7167,per_usd
2019-04-05,6.7182,per_usd
2019-04-08,6.7158,per_usd
2019-04-09,6.7111,per_usd
2019-04-10,6.7153,per_usd
2019-04-11,6.7188,per_usd
2019-04-12,6.7039,per_usd
2019-04-15,6.7072,per_usd
2019-04-16,6.7112,per_usd
2019-04-17,6.687,per_usd
2019-04-18,6.7081,per_usd
2019-04-19,6.7032,per_usd
2019-04-22,6.7112,per_usd
2019-04-23,6.7249,per_usd
2019-04-24,6.7207,per_usd
2019-04-25,6.7418,per_usd
2019-04-26,6.7282,per_usd
2019-04-29,6.7332,per_usd
2019-04-30,6.7347,per_usd
2019-05-01,6.7319,per_usd
2019-05-02,6.7337,per_usd
2019-05-03,6.7337,per_usd
2019-05-06,6.7602,per_usd
2019-05-07,6.7755,per_usd
2019-05-08,6.7818,per_usd
2019-05-09,6.8256,per_usd
2019-05-10,6.8217,per_usd
2019-05-13,6.8765,per_usd
2019-05-14,6.8737,per_usd
2019-05-15,6.8742,per_usd
2019-05-16,6.8832,per_usd
2019-05-17,6.9182,per_usd
2019-05-20,6.9111,per_usd
2019-05-21,6.9007,per_usd
2019-05-22,6.9054,per_usd
2019-05-23,6.9087,per_usd
2019-05-24,6.8997,per_usd
2019-05-28,6.9078,per_usd
2019-05-29,6.9138,per_usd
2019-05-30,6.9011,per_usd
2019-05-31,6.9027,per_usd
2019-06-03,6.9028,per_usd
2019-06-04,6.9072,per_usd
2019-06-05,6.9084,per_usd
2019-06-06,6.9082,per_usd
2019-06-07,6.9057,per_usd
2019-06-10,6.9298,per_usd
2019-06-11,6.9107,per_usd
2019-06-12,6.9161,per_usd
2019-06-13,6.9212,per_usd
2019-06-14,6.9247,per_usd
2019-06-17,6.9251,per_usd
2019-06-18,6.9002,per_usd
2019-06-19,6.8996,per_usd
2019-06-20,6.851,per_usd
2019-06-21,6.8686,per_usd
2019-06-24,6.8758,per_usd
2019-06-25,6.8791,per_usd
2019-06-26,6.8781,per_usd
2019-06-27,6.8762,per_usd
2019-06-28,6.865,per_usd
2019-07-01,6.8487,per_usd
2019-07-02,6.8717,per_usd
2019-07-03,6.8806,per_usd
2019-07-05,6.8925,per_usd
2019-07-08,6.8808,per_usd
2019-07-09,6.8866,per_usd
2019-07-10,6.8705,per_usd
2019-07-11,6.8682,per_usd
2019-07-12,6.8796,per_usd
2019-07-15,6.8769,per_usd
2019-07-16,6.8753,per_usd
2019-07-17,6.8731,per_usd
2019-07-18,6.8788,per_usd
2019-07-19,6.8812,per_usd
2019-07-22,6.8803,per_usd
2019-07-23,6.8787,per_usd
2019-07-24,6.8717,per_usd
2019-07-25,6.8714,per_usd
2019-07-26,6.8785,per_usd
2019-07-29,6.8927,per_usd
2019-07-30,6.8833,per_usd
2019-07-31,6.8833,per_usd
2019-08-01,6.8972,per_usd
2019-08-02,6.9387,per_usd
2019-08-05,7.0481,per_usd
2019-08-06,7.0192,per_usd
2019-08-07,7.0592,per_usd
2019-08-08,7.044,per_usd
2019-08-09,7.0613,per_usd
2019-08-12,7.0578,per_usd
2019-08-13,7.0423,per_usd
2019-08-14,7.0224,per_usd
2019-08-15,7.0327,per_usd
2019-08-16,7.0413,per_usd
2019-08-19,7.0499,per_usd
2019-08-20,7.0597,per_usd
2019-08-21,7.0623,per_usd
2019-08-22,7.0829,per_usd
2019-08-23,7.0928,per_usd
2019-08-26,7.1503,per_usd
2019-08-27,7.1603,per_usd
2019-08-28,7.1628,per_usd
2019-08-29,7.1434,per_usd
2019-08-30,7.1543,per_usd
2019-09-03,7.1786,per_usd
2019-09-04,7.144,per_usd
2019-09-05,7.1468,per_usd
2019-09-06,7.1131,per_usd
2019-09-09,7.121,per_usd
2019-09-10,7.1121,per_usd
2019-09-11,7.1153,per_usd
2019-09-12,7.0787,per_usd
2019-09-13,7.0754,per_usd
2019-09-16,7.0659,per_usd
2019-09-17,7.0905,per_usd
2019-09-18,7.0849,per_usd
2019-09-19,7.0959,per_usd
2019-09-20,7.0909,per_usd
2019-09-23,7.1168,per_usd
2019-09-24,7.1138,per_usd
2019-09-25,7.1313,per_usd
2019-09-26,7.13,per_usd
2019-09-27,7.1218,per_usd
2019-09-30,7.1477,per_usd
2019-10-01,7.1473,per_usd
2019-10-02,7.1473,per_usd
2019-10-03,7.1473,per_usd
2019-10-04,7.1473,per_usd
2019-10-07,7.1473,per_usd
2019-10-08,7.1422,per_usd
2019-10-09,7.1316,per_usd
2019-10-10,7.1153,per_usd
2019-10-11,7.0868,per_usd
2019-10-15,7.0814,per_usd
2019-10-16,7.092,per_usd
2019-10-17,7.0766,per_usd
2019-10-18,7.0805,per_usd
2019-10-21,7.0748,per_usd
2019-10-22,7.0761,per_usd
2019-10-23,7.0624,per_usd
2019-10-24,7.0684,per_usd
2019-10-25,7.0647,per_usd
2019-10-28,7.067,per_usd
2019-10-29,7.0655,per_usd
2019-10-30,7.0541,per_usd
2019-10-31,7.0379,per_usd
2019-11-01,7.0368,per_usd
2019-11-04,7.03,per_usd
2019-11-05,7.0082,per_usd
2019-11-06,6.9968,per_usd
2019-11-07,6.9766,per_usd
2019-11-08,6.9954,per_usd
2019-11-12,7.0066,per_usd
2019-11-13,7.0223,per_usd
2019-11-14,7.0195,per_usd
2019-11-15,7.0075,per_usd
2019-11-18,7.0246,per_usd
2019-11-19,7.0263,per_usd
2019-11-20,7.0344,per_usd
2019-11-21,7.0285,per_usd
2019-11-22,7.0389,per_usd
2019-11-25,7.0349,per_usd
2019-11-26,7.0319,per_usd
2019-11-27,7.028,per_usd
2019-11-29,7.0308,per_usd
2019-12-02,7.038,per_usd
2019-12-03,7.0609,per_usd
2019-12-04,7.0489,per_usd
2019-12-05,7.0445,per_usd
2019-12-06,7.0348,per_usd
2019-12-09,7.0389,per_usd
2019-12-10,7.0328,per_usd
2019-12-11,7.0384,per_usd
2019-12-12,6.9925,per_usd
2019-12-13,6.9925,per_usd
2019-12-16,6.9921,per_usd
2019-12-17,6.9967,per_usd
2019-12-18,7.0029,per_usd
2019-12-19,7.0097,per_usd
2019-12-20,7.0063,per_usd
2019-12-23,7.0124,per_usd
2019-12-24,7.0064,per_usd
2019-12-26,6.9949,per_usd
2019-12-27,6.9954,per_usd
2019-12-30,6.9864,per_usd
2019-12-31,6.9618,per_usd
2020-01-02,6.9642,per_usd
2020-01-03,6.9649,per_usd
2020-01-06,6.9749,per_usd
2020-01-07,6.9443,per_usd
2020-01-08,6.9447,per_usd
2020-01-09,6.9309,per_usd
2020-01-10,6.9178,per_usd
2020-01-13,6.8924,per_usd
2020-01-14,6.8837,per_usd
2020-01-15,6.8899,per_usd
2020-01-16,6.8769,per_usd
2020-01-17,6.8589,per_usd
2020-01-21,6.9049,per_usd
2020-01-22,6.904,per_usd
2020-01-23,6.9364,per_usd
2020-01-24,6.9161,per_usd
2020-01-27,6.9161,per_usd
2020-01-28,6.9161,per_usd
2020-01-29,6.9161,per_usd
2020-01-30,6.9161,per_usd
2020-01-31,6.9161,per_usd
2020-02-03,7.0208,per_usd
2020-02-04,6.9979,per_usd
2020-02-05,6.972,per_usd
2020-02-06,6.9694,per_usd
2020-02-07,7.0003,per_usd
2020-02-10,6.982,per_usd
2020-02-11,6.965,per_usd
2020-02-12,6.9708,per_usd
2020-02-13,6.9759,per_usd
2020-02-14,6.9859,per_usd
2020-02-18,6.9949,per_usd
2020-02-19,6.9975,per_usd
2020-02-20,7.0225,per_usd
2020-02-21,7.0255,per_usd
2020-02-24,7.0286,per_usd
2020-02-25,7.0128,per_usd
2020-02-26,7.0214,per_usd
2020-02-27,7.0036,per_usd
2020-02-28,6.9906,per_usd
2020-03-02,6.9595,per_usd
2020-03-03,6.9579,per_usd
2020-03-04,6.9244,per_usd
2020-03-05,6.9366,per_usd
2020-03-06,6.9298,per_usd
2020-03-09,6.9448,per_usd
2020-03-10,6.9549,per_usd
2020-03-11,6.9595,per_usd
2020-03-12,7.0282,per_usd
2020-03-13,7.0079,per_usd
2020-03-16,6.9913,per_usd
2020-03-17,7.003,per_usd
2020-03-18,7.0459,per_usd
2020-03-19,7.1058,per_usd
2020-03-20,7.095,per_usd
2020-03-23,7.09,per_usd
2020-03-24,7.061,per_usd
2020-03-25,7.1099,per_usd
2020-03-26,7.0709,per_usd
2020-03-27,7.0942,per_usd
2020-03-30,7.0986,per_usd
2020-03-31,7.0808,per_usd
2020-04-01,7.0989,per_usd
2020-04-02,7.0857,per_usd
2020-04-03,7.0908,per_usd
2020-04-06,7.0895,per_usd
2020-04-07,7.0448,per_usd
2020-04-08,7.0649,per_usd
2020-04-09,7.0428,per_usd
2020-04-10,7.0341,per_usd
2020-04-13,7.0501,per_usd
2020-04-14,7.0479,per_usd
2020-04-15,7.0664,per_usd
2020-04-16,7.0778,per_usd
2020-04-17,7.0711,per_usd
2020-04-20,7.0721,per_usd
2020-04-21,7.0914,per_usd
2020-04-22,7.0831,per_usd
2020-04-23,7.0654,per_usd
2020-04-24,7.0813,per_usd
2020-04-27,7.0848,per_usd
2020-04-28,7.0776,per_usd
2020-04-29,7.0755,per_usd
2020-04-30,7.0622,per_usd
2020-05-01,7.0622,per_usd
2020-05-04,7.0622,per_usd
2020-05-05,7.0622,per_usd
2020-05-06,7.1031,per_usd
2020-05-07,7.0825,per_usd
2020-05-08,7.0732,per_usd
2020-05-11,7.0972,per_usd
2020-05-12,7.0816,per_usd
2020-05-13,7.0911,per_usd
2020-05-14,7.0935,per_usd
2020-05-15,7.1013,per_usd
2020-05-18,7.1086,per_usd
2020-05-19,7.098,per_usd
2020-05-20,7.0928,per_usd
2020-05-21,7.1138,per_usd
2020-05-22,7.1269,per_usd
2020-05-26,7.134,per_usd
2020-05-27,7.1681,per_usd
2020-05-28,7.1447,per_usd
2020-05-29,7.1348,per_usd
2020-06-01,7.1263,per_usd
2020-06-02,7.0992,per_usd
2020-06-03,7.1115,per_usd
2020-06-04,7.1075,per_usd
2020-06-05,7.0808,per_usd
2020-06-08,7.07,per_usd
2020-06-09,7.0765,per_usd
2020-06-10,7.0599,per_usd
2020-06-11,7.064,per_usd
2020-06-12,7.0825,per_usd
2020-06-15,7.0887,per_usd
2020-06-16,7.0854,per_usd
2020-06-17,7.084,per_usd
2020-06-18,7.0869,per_usd
2020-06-19,7.0707,per_usd
2020-06-22,7.0678,per_usd
2020-06-23,7.0575,per_usd
2020-06-24,7.077,per_usd
2020-06-25,7.0768,per_usd
2020-06-26,7.0768,per_usd
2020-06-29,7.0794,per_usd
2020-06-30,7.0651,per_usd
2020-07-01,7.0703,per_usd
2020-07-02,7.066,per_usd
2020-07-06,7.0159,per_usd
2020-07-07,7.0127,per_usd
2020-07-08,7.0041,per_usd
2020-07-09,6.9923,per_usd
2020-07-10,6.999,per_usd
2020-07-13,6.9959,per_usd
2020-07-14,7.006,per_usd
2020-07-15,6.9885,per_usd
2020-07-16,6.9881,per_usd
2020-07-17,6.9912,per_usd
2020-07-20,6.9829,per_usd
2020-07-21,6.98,per_usd
2020-07-22,6.9988,per_usd
2020-07-23,7.0034,per_usd
2020-07-24,7.0168,per_usd
2020-07-27,6.995,per_usd
2020-07-28,6.9998,per_usd
2020-07-29,7.0014,per_usd
2020-07-30,7.008,per_usd
2020-07-31,6.9744,per_usd
2020-08-03,6.9799,per_usd
2020-08-04,6.972,per_usd
2020-08-05,6.9353,per_usd
2020-08-06,6.952,per_usd
2020-08-07,6.967,per_usd
2020-08-10,6.9611,per_usd
2020-08-11,6.9451,per_usd
2020-08-12,6.9363,per_usd
2020-08-13,6.944,per_usd
2020-08-14,6.9501,per_usd
2020-08-17,6.9318,per_usd
2020-08-18,6.9215,per_usd
2020-08-19,6.9192,per_usd
2020-08-20,6.9143,per_usd
2020-08-21,6.9179,per_usd
2020-08-24,6.918,per_usd
2020-08-25,6.9116,per_usd
2020-08-26,6.8855,per_usd
2020-08-27,6.8925,per_usd
2020-08-28,6.8647,per_usd
2020-08-31,6.8474,per_usd
2020-09-01,6.8272,per_usd
2020-09-02,6.8375,per_usd
2020-09-03,6.8474,per_usd
2020-09-04,6.8409,per_usd
2020-09-08,6.8435,per_usd
2020-09-09,6.8308,per_usd
2020-09-10,6.8335,per_usd
2020-09-11,6.833,per_usd
2020-09-14,6.808,per_usd
2020-09-15,6.7819,per_usd
2020-09-16,6.7529,per_usd
2020-09-17,6.7628,per_usd
2020-09-18,6.7675,per_usd
2020-09-21,6.8043,per_usd
2020-09-22,6.7779,per_usd
2020-09-23,6.8089,per_usd
2020-09-24,6.8273,per_usd
2020-09-25,6.822,per_usd
2020-09-28,6.8106,per_usd
2020-09-29,6.815,per_usd
2020-09-30,6.7896,per_usd
2020-10-01,6.7898,per_usd
2020-10-02,6.7898,per_usd
2020-10-05,6.7896,per_usd
2020-10-06,6.7896,per_usd
2020-10-07,6.7896,per_usd
2020-10-08,6.7896,per_usd
2020-10-09,6.6933,per_usd
2020-10-13,6.7452,per_usd
2020-10-14,6.7136,per_usd
2020-10-15,6.7233,per_usd
2020-10-16,6.6962,per_usd
2020-10-19,6.6803,per_usd
2020-10-20,6.6754,per_usd
2020-10-21,6.6503,per_usd
2020-10-22,6.6821,per_usd
2020-10-23,6.6861,per_usd
2020-10-26,6.7119,per_usd
2020-10-27,6.7044,per_usd
2020-10-28,6.7279,per_usd
2020-10-29,6.714,per_usd
2020-10-30,6.6919,per_usd
2020-11-02,6.6899,per_usd
2020-11-03,6.6759,per_usd
2020-11-04,6.6504,per_usd
2020-11-05,6.6027,per_usd
2020-11-06,6.608,per_usd
2020-11-09,6.628,per_usd
2020-11-10,6.6146,per_usd
2020-11-12,6.6114,per_usd
2020-11-13,6.6039,per_usd
2020-11-16,6.583,per_usd
2020-11-17,6.5556,per_usd
2020-11-18,6.5588,per_usd
2020-11-19,6.5823,per_usd
2020-11-20,6.5608,per_usd
2020-11-23,6.585,per_usd
2020-11-24,6.59,per_usd
2020-11-25,6.575,per_usd
2020-11-30,6.576,per_usd
2020-12-01,6.5705,per_usd
2020-12-02,6.5622,per_usd
2020-12-03,6.5418,per_usd
2020-12-04,6.5301,per_usd
2020-12-07,6.5295,per_usd
2020-12-08,6.5307,per_usd
2020-12-09,6.541,per_usd
2020-12-10,6.5419,per_usd
2020-12-11,6.5445,per_usd
2020-12-14,6.548,per_usd
2020-12-15,6.5388,per_usd
2020-12-16,6.5323,per_usd
2020-12-17,6.5321,per_usd
2020-12-18,6.5395,per_usd
2020-12-21,6.5493,per_usd
2020-12-22,6.5426,per_usd
2020-12-23,6.54,per_usd
2020-12-28,6.5346,per_usd
2020-12-29,6.53,per_usd
2020-12-30,6.5208,per_usd
2020-12-31,6.525,per_usd
2021-01-04,6.4601,per_usd
2021-01-05,6.455,per_usd
2021-01-06,6.4617,per_usd
2021-01-07,6.476,per_usd
2021-01-08,6.475,per_usd
2021-01-11,6.4795,per_usd
2021-01-12,6.461,per_usd
2021-01-13,6.4677,per_usd
2021-01-14,6.4736,per_usd
2021-01-15,6.48,per_usd
2021-01-19,6.4777,per_usd
2021-01-21,6.4595,per_usd
2021-01-22,6.481,per_usd
2021-01-25,6.4784,per_usd
2021-01-26,6.4635,per_usd
2021-01-27,6.4822,per_usd
2021-01-28,6.4491,per_usd
2021-01-29,6.4282,per_usd
2021-02-01,6.4669,per_usd
2021-02-02,6.457,per_usd
2021-02-03,6.4614,per_usd
2021-02-04,6.4715,per_usd
2021-02-05,6.4664,per_usd
2021-02-08,6.4475,per_usd
2021-02-09,6.4344,per_usd
2021-02-10,6.4576,per_usd
2021-02-11,6.4567,per_usd
2021-02-12,6.4567,per_usd
2021-02-16,6.4567,per_usd
2021-02-17,6.4567,per_usd
2021-02-18,6.4869,per_usd
2021-02-19,6.4555,per_usd
2021-02-22,6.4625,per_usd
2021-02-23,6.464,per_usd
2021-02-24,6.4556,per_usd
2021-02-25,6.4541,per_usd
2021-02-26,6.473,per_usd
2021-03-01,6.4648,per_usd
2021-03-02,6.4702,per_usd
2021-03-03,6.4675,per_usd
2021-03-04,6.4694,per_usd
2021-03-05,6.496,per_usd
2021-03-08,6.525,per_usd
2021-03-09,6.505,per_usd
2021-03-10,6.505,per_usd
2021-03-11,6.4932,per_usd
2021-03-12,6.5081,per_usd
2021-03-15,6.4996,per_usd
2021-03-16,6.5052,per_usd
2021-03-17,6.503,per_usd
2021-03-18,6.5054,per_usd
2021-03-19,6.507,per_usd
2021-03-22,6.507,per_usd
2021-03-23,6.516,per_usd
2021-03-24,6.523,per_usd
2021-03-25,6.5452,per_usd
2021-03-26,6.5412,per_usd
2021-03-29,6.5696,per_usd
2021-03-30,6.5716,per_usd
2021-03-31,6.5518,per_usd
2021-04-01,6.5645,per_usd
2021-04-02,6.5646,per_usd
2021-04-05,6.5649,per_usd
2021-04-06,6.537,per_usd
2021-04-07,6.5415,per_usd
2021-04-08,6.5505,per_usd
2021-04-09,6.5522,per_usd
2021-04-12,6.5475,per_usd
2021-04-13,6.5431,per_usd
2021-04-14,6.5292,per_usd
2021-04-15,6.522,per_usd
2021-04-16,6.5203,per_usd
2021-04-19,6.5085,per_usd
2021-04-20,6.4981,per_usd
2021-04-21,6.4903,per_usd
2021-04-22,6.491,per_usd
2021-04-23,6.4945,per_usd
2021-04-26,6.4844,per_usd
2021-04-27,6.483,per_usd
2021-04-28,6.4771,per_usd
2021-04-29,6.471,per_usd
2021-04-30,6.4749,per_usd
2021-05-03,6.4749,per_usd
2021-05-04,6.4749,per_usd
2021-05-05,6.4749,per_usd
2021-05-06,6.4635,per_usd
2021-05-07,6.431,per_usd
2021-05-10,6.4156,per_usd
2021-05-11,6.4285,per_usd
2021-05-12,6.4566,per_usd
2021-05-13,6.4506,per_usd
2021-05-14,6.4367,per_usd
2021-05-17,6.4388,per_usd
2021-05-18,6.425,per_usd
2021-05-19,6.4342,per_usd
2021-05-20,6.4339,per_usd
2021-05-21,6.4339,per_usd
2021-05-24,6.4177,per_usd
2021-05-25,6.41,per_usd
2021-05-26,6.3905,per_usd
2021-05-27,6.3824,per_usd
2021-05-28,6.3674,per_usd
2021-06-01,6.3796,per_usd
2021-06-02,6.3805,per_usd
2021-06-03,6.4036,per_usd
2021-06-04,6.3945,per_usd
2021-06-07,6.3963,per_usd
2021-06-08,6.4,per_usd
2021-06-09,6.3865,per_usd
2021-06-10,6.3929,per_usd
2021-06-11,6.3967,per_usd
2021-06-14,6.3979,per_usd
2021-06-15,6.4052,per_usd
2021-06-16,6.3969,per_usd
2021-06-17,6.4477,per_usd
2021-06-18,6.4525,per_usd
2021-06-21,6.4659,per_usd
2021-06-22,6.4811,per_usd
2021-06-23,6.4727,per_usd
2021-06-24,6.4701,per_usd
2021-06-25,6.4545,per_usd
2021-06-28,6.4555,per_usd
2021-06-29,6.4635,per_usd
2021-06-30,6.4566,per_usd
2021-07-01,6.4679,per_usd
2021-07-02,6.4721,per_usd
2021-07-06,6.4786,per_usd
2021-07-07,6.4718,per_usd
2021-07-08,6.4898,per_usd
2021-07-09,6.4788,per_usd
2021-07-12,6.4751,per_usd
2021-07-13,6.4685,per_usd
2021-07-14,6.4688,per_usd
2021-07-15,6.46,per_usd
2021-07-16,6.4785,per_usd
2021-07-19,6.4893,per_usd
2021-07-20,6.4845,per_usd
2021-07-21,6.4664,per_usd
2021-07-22,6.47,per_usd
2021-07-23,6.4808,per_usd
2021-07-26,6.4825,per_usd
2021-07-27,6.5104,per_usd
2021-07-28,6.4905,per_usd
2021-07-29,6.4562,per_usd
2021-07-30,6.4609,per_usd
2021-08-02,6.462,per_usd
2021-08-03,6.47,per_usd
2021-08-04,6.4655,per_usd
2021-08-05,6.4608,per_usd
2021-08-06,6.4825,per_usd
2021-08-09,6.4857,per_usd
2021-08-10,6.4852,per_usd
2021-08-11,6.4783,per_usd
2021-08-12,6.4782,per_usd
2021-08-13,6.4768,per_usd
2021-08-16,6.4742,per_usd
2021-08-17,6.4854,per_usd
2021-08-18,6.4841,per_usd
2021-08-19,6.4942,per_usd
2021-08-20,6.5012,per_usd
2021-08-23,6.4805,per_usd
2021-08-24,6.471,per_usd
2021-08-25,6.4756,per_usd
2021-08-26,6.4809,per_usd
2021-08-27,6.4711,per_usd
2021-08-30,6.4658,per_usd
2021-08-31,6.4604,per_usd
2021-09-01,6.4586,per_usd
2021-09-02,6.456,per_usd
2021-09-03,6.4528,per_usd
2021-09-07,6.4662,per_usd
2021-09-08,6.4612,per_usd
2021-09-09,6.4547,per_usd
2021-09-10,6.444,per_usd
2021-09-13,6.4511,per_usd
2021-09-14,6.4382,per_usd
2021-09-15,6.432,per_usd
2021-09-16,6.4566,per_usd
2021-09-17,6.4655,per_usd
2021-09-20,6.4651,per_usd
2021-09-21,6.4651,per_usd
2021-09-22,6.4611,per_usd
2021-09-23,6.459,per_usd
2021-09-24,6.466,per_usd
2021-09-27,6.456,per_usd
2021-09-28,6.4595,per_usd
2021-09-29,6.4702,per_usd
2021-09-30,6.4434,per_usd
2021-10-01,6.4434,per_usd
2021-10-04,6.4434,per_usd
2021-10-05,6.4434,per_usd
2021-10-06,6.4434,per_usd
2021-10-07,6.4434,per_usd
2021-10-08,6.4435,per_usd
2021-10-12,6.4485,per_usd
2021-10-13,6.4262,per_usd
2021-10-14,6.438,per_usd
2021-10-15,6.434,per_usd
2021-10-18,6.429,per_usd
2021-10-19,6.3822,per_usd
2021-10-20,6.3936,per_usd
2021-10-21,6.3925,per_usd
2021-10-22,6.3839,per_usd
2021-10-25,6.3856,per_usd
2021-10-26,6.382,per_usd
2021-10-27,6.3915,per_usd
2021-10-28,6.3917,per_usd
2021-10-29,6.405,per_usd
2021-11-01,6.3972,per_usd
2021-11-02,6.3995,per_usd
2021-11-03,6.4061,per_usd
2021-11-04,6.397,per_usd
2021-11-05,6.3961,per_usd
2021-11-08,6.3902,per_usd
2021-11-09,6.3916,per_usd
2021-11-10,6.3882,per_usd
2021-11-12,6.3787,per_usd
2021-11-15,6.3824,per_usd
2021-11-16,6.3919,per_usd
2021-11-17,6.3775,per_usd
2021-11-18,6.3851,per_usd
2021-11-19,6.3863,per_usd
2021-11-22,6.3842,per_usd
2021-11-23,6.391,per_usd
2021-11-24,6.3917,per_usd
2021-11-26,6.3924,per_usd
2021-11-29,6.3875,per_usd
2021-11-30,6.364,per_usd
2021-12-01,6.3641,per_usd
2021-12-02,6.3763,per_usd
2021-12-03,6.3758,per_usd
2021-12-06,6.3756,per_usd
2021-12-07,6.3657,per_usd
2021-12-08,6.3435,per_usd
2021-12-09,6.3772,per_usd
2021-12-10,6.3685,per_usd
2021-12-13,6.3659,per_usd
2021-12-14,6.3671,per_usd
2021-12-15,6.3673,per_usd
2021-12-16,6.3674,per_usd
2021-12-17,6.3748,per_usd
2021-12-20,6.3756,per_usd
2021-12-21,6.3716,per_usd
2021-12-22,6.3695,per_usd
2021-12-23,6.3696,per_usd
2021-12-27,6.3705,per_usd
2021-12-28,6.3684,per_usd
2021-12-29,6.368,per_usd
2021-12-30,6.3726,per_usd
2022-01-03,6.355,per_usd
2022-01-04,6.3721,per_usd
2022-01-05,6.364,per_usd
2022-01-06,6.3822,per_usd
2022-01-07,6.3769,per_usd
2022-01-10,6.3756,per_usd
2022-01-11,6.3735,per_usd
2022-01-12,6.358,per_usd
2022-01-13,6.3595,per_usd
2022-01-14,6.3524,per_usd
2022-01-18,6.3525,per_usd
2022-01-19,6.3447,per_usd
2022-01-20,6.3406,per_usd
2022-01-21,6.3385,per_usd
2022-01-24,6.3304,per_usd
2022-01-25,6.3257,per_usd
2022-01-26,6.3206,per_usd
2022-01-27,6.3677,per_usd
2022-01-28,6.3605,per_usd
2022-01-31,6.361,per_usd
2022-02-01,6.361,per_usd
2022-02-02,6.361,per_usd
2022-02-03,6.361,per_usd
2022-02-04,6.361,per_usd
2022-02-07,6.361,per_usd
2022-02-08,6.366,per_usd
2022-02-09,6.3619,per_usd
2022-02-10,6.3526,per_usd
2022-02-11,6.354,per_usd
2022-02-14,6.3567,per_usd
2022-02-15,6.3385,per_usd
2022-02-16,6.3366,per_usd
2022-02-17,6.3381,per_usd
2022-02-18,6.3251,per_usd
2022-02-22,6.326,per_usd
2022-02-23,6.3134,per_usd
2022-02-24,6.3283,per_usd
2022-02-25,6.3169,per_usd
2022-02-28,6.3084,per_usd
2022-03-01,6.3116,per_usd
2022-03-02,6.321,per_usd
2022-03-03,6.3195,per_usd
2022-03-04,6.3188,per_usd
2022-03-07,6.3194,per_usd
2022-03-08,6.3178,per_usd
2022-03-09,6.3174,per_usd
2022-03-10,6.3212,per_usd
2022-03-11,6.3389,per_usd
2022-03-14,6.3645,per_usd
2022-03-15,6.3696,per_usd
2022-03-16,6.351,per_usd
2022-03-17,6.3459,per_usd
2022-03-18,6.3609,per_usd
2022-03-21,6.3552,per_usd
2022-03-22,6.366,per_usd
2022-03-23,6.372,per_usd
2022-03-24,6.367,per_usd
2022-03-25,6.3658,per_usd
2022-03-28,6.3714,per_usd
2022-03-29,6.3635,per_usd
2022-03-30,6.347,per_usd
2022-03-31,6.3393,per_usd
2022-04-01,6.3625,per_usd
2022-04-04,6.3619,per_usd
2022-04-05,6.3619,per_usd
2022-04-06,6.359,per_usd
2022-04-07,6.36,per_usd
2022-04-08,6.3643,per_usd
2022-04-11,6.3692,per_usd
2022-04-12,6.3651,per_usd
2022-04-13,6.3678,per_usd
2022-04-14,6.3775,per_usd
2022-04-15,6.3705,per_usd
2022-04-18,6.363,per_usd
2022-04-19,6.393,per_usd
2022-04-20,6.4188,per_usd
2022-04-21,6.45,per_usd
2022-04-22,6.501,per_usd
2022-04-25,6.5585,per_usd
2022-04-26,6.5552,per_usd
2022-04-27,6.5595,per_usd
2022-04-28,6.6243,per_usd
2022-04-29,6.608,per_usd
2022-05-02,6.6079,per_usd
2022-05-03,6.6079,per_usd
2022-05-04,6.6079,per_usd
2022-05-05,6.6535,per_usd
2022-05-06,6.6651,per_usd
2022-05-09,6.7295,per_usd
2022-05-10,6.7343,per_usd
2022-05-11,6.7186,per_usd
2022-05-12,6.786,per_usd
2022-05-13,6.788,per_usd
2022-05-16,6.7852,per_usd
2022-05-17,6.7361,per_usd
2022-05-18,6.754,per_usd
2022-05-19,6.7109,per_usd
2022-05-20,6.6921,per_usd
2022-05-23,6.649,per_usd
2022-05-24,6.653,per_usd
2022-05-25,6.6916,per_usd
2022-05-26,6.738,per_usd
2022-05-27,6.698,per_usd
2022-05-31,6.6715,per_usd
2022-06-01,6.6858,per_usd
2022-06-02,6.6596,per_usd
2022-06-03,6.6595,per_usd
2022-06-06,6.6534,per_usd
2022-06-07,6.6675,per_usd
2022-06-08,6.6825,per_usd
2022-06-09,6.6915,per_usd
2022-06-10,6.7081,per_usd
2022-06-13,6.753,per_usd
2022-06-14,6.7395,per_usd
2022-06-15,6.7128,per_usd
2022-06-16,6.703,per_usd
2022-06-17,6.716,per_usd
2022-06-21,6.688,per_usd
2022-06-22,6.6983,per_usd
2022-06-23,6.698,per_usd
2022-06-24,6.6878,per_usd
2022-06-27,6.6899,per_usd
2022-06-28,6.707,per_usd
2022-06-29,6.6997,per_usd
2022-06-30,6.6981,per_usd
2022-07-01,6.7,per_usd
2022-07-05,6.7192,per_usd
2022-07-06,6.707,per_usd
2022-07-07,6.7005,per_usd
2022-07-08,6.6945,per_usd
2022-07-11,6.7175,per_usd
2022-07-12,6.7234,per_usd
2022-07-13,6.7175,per_usd
2022-07-14,6.7542,per_usd
2022-07-15,6.7565,per_usd
2022-07-18,6.742,per_usd
2022-07-19,6.743,per_usd
2022-07-20,6.754,per_usd
2022-07-21,6.7655,per_usd
2022-07-22,6.75,per_usd
2022-07-25,6.7499,per_usd
2022-07-26,6.7616,per_usd
2022-07-27,6.757,per_usd
2022-07-28,6.7465,per_usd
2022-07-29,6.7433,per_usd
2022-08-01,6.7674,per_usd
2022-08-02,6.7499,per_usd
2022-08-03,6.7565,per_usd
2022-08-04,6.7485,per_usd
2022-08-05,6.7607,per_usd
2022-08-08,6.7505,per_usd
2022-08-09,6.7525,per_usd
2022-08-10,6.723,per_usd
2022-08-11,6.7445,per_usd
2022-08-12,6.7425,per_usd
2022-08-15,6.7715,per_usd
2022-08-16,6.7875,per_usd
2022-08-17,6.7805,per_usd
2022-08-18,6.7855,per_usd
2022-08-19,6.8164,per_usd
2022-08-22,6.8476,per_usd
2022-08-23,6.8476,per_usd
2022-08-24,6.8581,per_usd
2022-08-25,6.8477,per_usd
2022-08-26,6.8715,per_usd
2022-08-29,6.9067,per_usd
2022-08-30,6.91,per_usd
2022-08-31,6.889,per_usd
2022-09-01,6.9066,per_usd
2022-09-02,6.8985,per_usd
2022-09-06,6.9532,per_usd
2022-09-07,6.965,per_usd
2022-09-08,6.9562,per_usd
2022-09-09,6.924,per_usd
2022-09-12,6.9265,per_usd
2022-09-13,6.9245,per_usd
2022-09-14,6.9612,per_usd
2022-09-15,6.9934,per_usd
2022-09-16,6.9799,per_usd
2022-09-19,7.005,per_usd
2022-09-20,7.0176,per_usd
2022-09-21,7.0479,per_usd
2022-09-22,7.0772,per_usd
2022-09-23,7.1266,per_usd
2022-09-26,7.1384,per_usd
2022-09-27,7.176,per_usd
2022-09-28,7.199,per_usd
2022-09-29,7.1196,per_usd
2022-09-30,7.1135,per_usd
2022-10-03,7.1103,per_usd
2022-10-04,7.1103,per_usd
2022-10-05,7.1103,per_usd
2022-10-06,7.1103,per_usd
2022-10-07,7.1103,per_usd
2022-10-11,7.1639,per_usd
2022-10-12,7.172,per_usd
2022-10-13,7.17,per_usd
2022-10-14,7.1895,per_usd
2022-10-17,7.1946,per_usd
2022-10-18,7.2001,per_usd
2022-10-19,7.228,per_usd
2022-10-20,7.2129,per_usd
2022-10-21,7.2399,per_usd
2022-10-24,7.2629,per_usd
2022-10-25,7.2688,per_usd
2022-10-26,7.171,per_usd
2022-10-27,7.2239,per_usd
2022-10-28,7.2499,per_usd
2022-10-31,7.3048,per_usd
2022-11-01,7.273,per_usd
2022-11-02,7.289,per_usd
2022-11-03,7.3,per_usd
2022-11-04,7.2996,per_usd
2022-11-07,7.2266,per_usd
2022-11-08,7.2485,per_usd
2022-11-09,7.2401,per_usd
2022-11-10,7.184,per_usd
2022-11-14,7.071,per_usd
2022-11-15,7.044,per_usd
2022-11-16,7.0964,per_usd
2022-11-17,7.1551,per_usd
2022-11-18,7.1192,per_usd
2022-11-21,7.164,per_usd
2022-11-22,7.1388,per_usd
2022-11-23,7.158,per_usd
2022-11-25,7.1642,per_usd
2022-11-28,7.2074,per_usd
2022-11-29,7.1568,per_usd
2022-11-30,7.0879,per_usd
2022-12-01,7.0424,per_usd
2022-12-02,7.019,per_usd
2022-12-05,6.961,per_usd
2022-12-06,6.9935,per_usd
2022-12-07,6.9702,per_usd
2022-12-08,6.9649,per_usd
2022-12-09,6.9559,per_usd
2022-12-12,6.9773,per_usd
2022-12-13,6.943,per_usd
2022-12-14,6.9498,per_usd
2022-12-15,6.9716,per_usd
2022-12-16,6.9708,per_usd
2022-12-19,6.9772,per_usd
2022-12-20,6.96,per_usd
2022-12-21,6.981,per_usd
2022-12-22,6.9829,per_usd
2022-12-23,6.988,per_usd
2022-12-27,6.96,per_usd
2022-12-28,6.9774,per_usd
2022-12-29,6.9625,per_usd
2022-12-30,6.8972,per_usd
2023-01-03,6.9135,per_usd
2023-01-04,6.8875,per_usd
2023-01-05,6.88,per_usd
2023-01-06,6.837,per_usd
2023-01-09,6.77,per_usd
2023-01-10,6.777,per_usd
2023-01-11,6.77,per_usd
2023-01-12,6.7365,per_usd
2023-01-13,6.701,per_usd
2023-01-17,6.7723,per_usd
2023-01-18,6.7534,per_usd
2023-01-19,6.7738,per_usd
2023-01-20,6.7825,per_usd
2023-01-23,6.7899,per_usd
2023-01-24,6.7899,per_usd
2023-01-25,6.7899,per_usd
2023-01-26,6.7899,per_usd
2023-01-27,6.7899,per_usd
2023-01-30,6.7501,per_usd
2023-01-31,6.754,per_usd
2023-02-01,6.7406,per_usd
2023-02-02,6.7266,per_usd
2023-02-03,6.7733,per_usd
2023-02-06,6.7918,per_usd
2023-02-07,6.791,per_usd
2023-02-08,6.789,per_usd
2023-02-09,6.7782,per_usd
2023-02-10,6.8106,per_usd
2023-02-13,6.8198,per_usd
2023-02-14,6.8255,per_usd
2023-02-15,6.851,per_usd
2023-02-16,6.859,per_usd
2023-02-17,6.8661,per_usd
2023-02-21,6.87,per_usd
2023-02-22,6.8908,per_usd
2023-02-23,6.9075,per_usd
2023-02-24,6.9545,per_usd
2023-02-27,6.945,per_usd
2023-02-28,6.9325,per_usd
2023-03-01,6.8656,per_usd
2023-03-02,6.9122,per_usd
2023-03-03,6.9048,per_usd
2023-03-06,6.9295,per_usd
2023-03-07,6.9605,per_usd
2023-03-08,6.9496,per_usd
2023-03-09,6.963,per_usd
2023-03-10,6.9025,per_usd
2023-03-13,6.8455,per_usd
2023-03-14,6.868,per_usd
2023-03-15,6.9005,per_usd
2023-03-16,6.8965,per_usd
2023-03-17,6.887,per_usd
2023-03-20,6.877,per_usd
2023-03-21,6.883,per_usd
2023-03-22,6.8802,per_usd
2023-03-23,6.8188,per_usd
2023-03-24,6.8675,per_usd
2023-03-27,6.8834,per_usd
2023-03-28,6.8725,per_usd
2023-03-29,6.8862,per_usd
2023-03-30,6.87,per_usd
2023-03-31,6.8676,per_usd
2023-04-03,6.8776,per_usd
2023-04-04,6.878,per_usd
2023-04-05,6.8781,per_usd
2023-04-06,6.875,per_usd
2023-04-07,6.875,per_usd
2023-04-10,6.8807,per_usd
2023-04-11,6.8866,per_usd
2023-04-12,6.873,per_usd
2023-04-13,6.8677,per_usd
2023-04-14,6.869,per_usd
2023-04-17,6.8786,per_usd
2023-04-18,6.8755,per_usd
2023-04-19,6.8851,per_usd
2023-04-20,6.8725,per_usd
2023-04-21,6.892,per_usd
2023-04-24,6.8958,per_usd
2023-04-25,6.932,per_usd
2023-04-26,6.9261,per_usd
2023-04-27,6.922,per_usd
2023-04-28,6.911,per_usd
2023-05-01,6.9164,per_usd
2023-05-02,6.9164,per_usd
2023-05-03,6.9164,per_usd
2023-05-04,6.9094,per_usd
2023-05-05,6.9101,per_usd
2023-05-08,6.9125,per_usd
2023-05-09,6.9201,per_usd
2023-05-10,6.9321,per_usd
2023-05-11,6.948,per_usd
2023-05-12,6.9575,per_usd
2023-05-15,6.952,per_usd
2023-05-16,6.9751,per_usd
2023-05-17,6.9981,per_usd
2023-05-18,7.0355,per_usd
2023-05-19,7.006,per_usd
2023-05-22,7.0351,per_usd
2023-05-23,7.049,per_usd
2023-05-24,7.0585,per_usd
2023-05-25,7.0775,per_usd
2023-05-26,7.063,per_usd
2023-05-30,7.0792,per_usd
2023-05-31,7.11,per_usd
2023-06-01,7.0934,per_usd
2023-06-02,7.0827,per_usd
2023-06-05,7.105,per_usd
2023-06-06,7.119,per_usd
2023-06-07,7.1287,per_usd
2023-06-08,7.1109,per_usd
2023-06-09,7.1273,per_usd
2023-06-12,7.1437,per_usd
2023-06-13,7.1585,per_usd
2023-06-14,7.148,per_usd
2023-06-15,7.13,per_usd
2023-06-16,7.125,per_usd
2023-06-20,7.1811,per_usd
2023-06-21,7.1779,per_usd
2023-06-22,7.1777,per_usd
2023-06-23,7.1777,per_usd
2023-06-26,7.2364,per_usd
2023-06-27,7.2193,per_usd
2023-06-28,7.2436,per_usd
2023-06-29,7.2515,per_usd
2023-06-30,7.2513,per_usd
2023-07-03,7.24,per_usd
2023-07-05,7.2465,per_usd
2023-07-06,7.25,per_usd
2023-07-07,7.2205,per_usd
2023-07-10,7.2315,per_usd
2023-07-11,7.209,per_usd
2023-07-12,7.1656,per_usd
2023-07-13,7.15,per_usd
2023-07-14,7.1403,per_usd
2023-07-17,7.1711,per_usd
2023-07-18,7.1786,per_usd
2023-07-19,7.226,per_usd
2023-07-20,7.1761,per_usd
2023-07-21,7.1861,per_usd
2023-07-24,7.1855,per_usd
2023-07-25,7.134,per_usd
2023-07-26,7.1503,per_usd
2023-07-27,7.173,per_usd
2023-07-28,7.1488,per_usd
2023-07-31,7.1426,per_usd
2023-08-01,7.1775,per_usd
2023-08-02,7.192,per_usd
2023-08-03,7.1651,per_usd
2023-08-04,7.1709,per_usd
2023-08-07,7.1895,per_usd
2023-08-08,7.216,per_usd
2023-08-09,7.2085,per_usd
2023-08-10,7.2165,per_usd
2023-08-11,7.2367,per_usd
2023-08-14,7.2585,per_usd
2023-08-15,7.2817,per_usd
2023-08-16,7.2985,per_usd
2023-08-17,7.291,per_usd
2023-08-18,7.28,per_usd
2023-08-21,7.2865,per_usd
2023-08-22,7.293,per_usd
2023-08-23,7.2771,per_usd
2023-08-24,7.2786,per_usd
2023-08-25,7.289,per_usd
2023-08-28,7.29,per_usd
2023-08-29,7.2796,per_usd
2023-08-30,7.2839,per_usd
2023-08-31,7.2582,per_usd
2023-09-01,7.2606,per_usd
2023-09-05,7.3018,per_usd
2023-09-06,7.316,per_usd
2023-09-07,7.3287,per_usd
2023-09-08,7.343,per_usd
2023-09-11,7.2882,per_usd
2023-09-12,7.2911,per_usd
2023-09-13,7.27,per_usd
2023-09-14,7.277,per_usd
2023-09-15,7.2744,per_usd
2023-09-18,7.2915,per_usd
2023-09-19,7.2964,per_usd
2023-09-20,7.287,per_usd
2023-09-21,7.3066,per_usd
2023-09-22,7.298,per_usd
2023-09-25,7.311,per_usd
2023-09-26,7.31,per_usd
2023-09-27,7.3105,per_usd
2023-09-28,7.301,per_usd
2023-09-29,7.296,per_usd
2023-10-02,7.296,per_usd
2023-10-03,7.296,per_usd
2023-10-04,7.296,per_usd
2023-10-05,7.296,per_usd
2023-10-06,7.296,per_usd
2023-10-10,7.2948,per_usd
2023-10-11,7.2992,per_usd
2023-10-12,7.3019,per_usd
2023-10-13,7.3049,per_usd
2023-10-16,7.3105,per_usd
2023-10-17,7.3105,per_usd
2023-10-18,7.3161,per_usd
2023-10-19,7.3126,per_usd
2023-10-20,7.3155,per_usd
2023-10-23,7.3158,per_usd
2023-10-24,7.309,per_usd
2023-10-25,7.3165,per_usd
2023-10-26,7.315,per_usd
2023-10-27,7.3171,per_usd
2023-10-30,7.3133,per_usd
2023-10-31,7.3166,per_usd
2023-11-01,7.3175,per_usd
2023-11-02,7.316,per_usd
2023-11-03,7.3005,per_usd
2023-11-06,7.2695,per_usd
2023-11-07,7.2788,per_usd
2023-11-08,7.28,per_usd
2023-11-09,7.2835,per_usd
2023-11-13,7.289,per_usd
2023-11-14,7.253,per_usd
2023-11-15,7.2466,per_usd
2023-11-16,7.2416,per_usd
2023-11-17,7.212,per_usd
2023-11-20,7.168,per_usd
2023-11-21,7.1352,per_usd
2023-11-22,7.155,per_usd
2023-11-24,7.1488,per_usd
2023-11-27,7.1528,per_usd
2023-11-28,7.138,per_usd
2023-11-29,7.13,per_usd
2023-11-30,7.136,per_usd
2023-12-01,7.1386,per_usd
2023-12-04,7.1424,per_usd
2023-12-05,7.1444,per_usd
2023-12-06,7.158,per_usd
2023-12-07,7.1515,per_usd
2023-12-08,7.1645,per_usd
2023-12-11,7.1765,per_usd
2023-12-12,7.1755,per_usd
2023-12-13,7.1725,per_usd
2023-12-14,7.1088,per_usd
2023-12-15,7.1179,per_usd
2023-12-18,7.1297,per_usd
2023-12-19,7.1287,per_usd
2023-12-20,7.1355,per_usd
2023-12-21,7.1381,per_usd
2023-12-22,7.1315,per_usd
2023-12-26,7.1432,per_usd
2023-12-27,7.1405,per_usd
2023-12-28,7.1065,per_usd
2023-12-29,7.0999,per_usd
2024-01-02,7.1426,per_usd
2024-01-03,7.1497,per_usd
2024-01-04,7.1589,per_usd
2024-01-05,7.145,per_usd
2024-01-08,7.154,per_usd
2024-01-09,7.1675,per_usd
2024-01-10,7.1711,per_usd
2024-01-11,7.167,per_usd
2024-01-12,7.1665,per_usd
2024-01-16,7.1874,per_usd
2024-01-17,7.196,per_usd
2024-01-18,7.1961,per_usd
2024-01-19,7.1931,per_usd
2024-01-22,7.192,per_usd
2024-01-23,7.172,per_usd
2024-01-24,7.158,per_usd
2024-01-25,7.169,per_usd
2024-01-26,7.1763,per_usd
2024-01-29,7.1798,per_usd
2024-01-30,7.1755,per_usd
2024-01-31,7.1673,per_usd
2024-02-01,7.1799,per_usd
2024-02-02,7.192,per_usd
2024-02-05,7.1982,per_usd
2024-02-06,7.1908,per_usd
2024-02-07,7.1943,per_usd
2024-02-08,7.1965,per_usd
2024-02-09,7.1929,per_usd
2024-02-12,7.1928,per_usd
2024-02-13,7.1928,per_usd
2024-02-14,7.1928,per_usd
2024-02-15,7.1928,per_usd
2024-02-16,7.1928,per_usd
2024-02-20,7.1905,per_usd
2024-02-21,7.1891,per_usd
2024-02-22,7.1944,per_usd
2024-02-23,7.197,per_usd
2024-02-26,7.1972,per_usd
2024-02-27,7.1977,per_usd
2024-02-28,7.1976,per_usd
2024-02-29,7.1977,per_usd
2024-03-01,7.196,per_usd
2024-03-04,7.1987,per_usd
2024-03-05,7.1965,per_usd
2024-03-06,7.1977,per_usd
2024-03-07,7.1925,per_usd
2024-03-08,7.1855,per_usd
2024-03-11,7.182,per_usd
2024-03-12,7.1804,per_usd
2024-03-13,7.1875,per_usd
2024-03-14,7.1932,per_usd
2024-03-15,7.1953,per_usd
2024-03-18,7.1981,per_usd
2024-03-19,7.1991,per_usd
2024-03-20,7.1992,per_usd
2024-03-21,7.1993,per_usd
2024-03-22,7.2289,per_usd
2024-03-25,7.2102,per_usd
2024-03-26,7.2176,per_usd
2024-03-27,7.227,per_usd
2024-03-28,7.2262,per_usd
2024-03-29,7.2203,per_usd
2024-04-01,7.2308,per_usd
2024-04-02,7.232,per_usd
2024-04-03,7.233,per_usd
2024-04-04,7.2339,per_usd
2024-04-05,7.2339,per_usd
2024-04-08,7.2305,per_usd
2024-04-09,7.2316,per_usd
2024-04-10,7.2341,per_usd
2024-04-11,7.2373,per_usd
2024-04-12,7.2374,per_usd
2024-04-15,7.2382,per_usd
2024-04-16,7.2383,per_usd
2024-04-17,7.2389,per_usd
2024-04-18,7.2382,per_usd
2024-04-19,7.2403,per_usd
2024-04-22,7.2403,per_usd
2024-04-23,7.2445,per_usd
2024-04-24,7.246,per_usd
2024-04-25,7.246,per_usd
2024-04-26,7.2464,per_usd
2024-04-29,7.2318,per_usd
2024-04-30,7.2401,per_usd
2024-05-01,7.2405,per_usd
2024-05-02,7.2405,per_usd
2024-05-03,7.2405,per_usd
2024-05-06,7.2071,per_usd
2024-05-07,7.2185,per_usd
2024-05-08,7.2185,per_usd
2024-05-09,7.2198,per_usd
2024-05-10,7.226,per_usd
2024-05-13,7.2325,per_usd
2024-05-14,7.2335,per_usd
2024-05-15,7.219,per_usd
2024-05-16,7.2181,per_usd
2024-05-17,7.2233,per_usd
2024-05-20,7.2344,per_usd
2024-05-21,7.2376,per_usd
2024-05-22,7.2405,per_usd
2024-05-23,7.2421,per_usd
2024-05-24,7.2425,per_usd
2024-05-28,7.2451,per_usd
2024-05-29,7.2494,per_usd
2024-05-30,7.2493,per_usd
2024-05-31,7.241,per_usd
2024-06-03,7.242,per_usd
2024-06-04,7.2393,per_usd
2024-06-05,7.2475,per_usd
2024-06-06,7.2451,per_usd
2024-06-07,7.2466,per_usd
2024-06-10,7.2475,per_usd
2024-06-11,7.2544,per_usd
2024-06-12,7.2544,per_usd
2024-06-13,7.2519,per_usd
2024-06-14,7.2557,per_usd
2024-06-17,7.2561,per_usd
2024-06-18,7.2543,per_usd
2024-06-20,7.2604,per_usd
2024-06-21,7.2609,per_usd
2024-06-24,7.2586,per_usd
2024-06-25,7.2629,per_usd
2024-06-26,7.2666,per_usd
2024-06-27,7.2688,per_usd
2024-06-28,7.2672,per_usd
2024-07-01,7.2683,per_usd
2024-07-02,7.2712,per_usd
2024-07-03,7.2699,per_usd
2024-07-05,7.268,per_usd
2024-07-08,7.2683,per_usd
2024-07-09,7.2725,per_usd
2024-07-10,7.2758,per_usd
2024-07-11,7.2573,per_usd
2024-07-12,7.2495,per_usd
2024-07-15,7.2592,per_usd
2024-07-16,7.2685,per_usd
2024-07-17,7.2607,per_usd
2024-07-18,7.26,per_usd
2024-07-19,7.2695,per_usd
2024-07-22,7.2736,per_usd
2024-07-23,7.2748,per_usd
2024-07-24,7.2622,per_usd
2024-07-25,7.231,per_usd
2024-07-26,7.2502,per_usd
2024-07-29,7.2597,per_usd
2024-07-30,7.2511,per_usd
2024-07-31,7.2193,per_usd
2024-08-01,7.2441,per_usd
2024-08-02,7.16,per_usd
2024-08-05,7.13,per_usd
2024-08-06,7.1563,per_usd
2024-08-07,7.176,per_usd
2024-08-08,7.1747,per_usd
2024-08-09,7.166,per_usd
2024-08-12,7.1744,per_usd
2024-08-13,7.1558,per_usd
2024-08-14,7.1382,per_usd
2024-08-15,7.1734,per_usd
2024-08-16,7.1644,per_usd
2024-08-19,7.1393,per_usd
2024-08-20,7.132,per_usd
2024-08-21,7.1344,per_usd
2024-08-22,7.144,per_usd
2024-08-23,7.1244,per_usd
2024-08-26,7.1212,per_usd
2024-08-27,7.1244,per_usd
2024-08-28,7.1245,per_usd
2024-08-29,7.0972,per_usd
2024-08-30,7.09,per_usd
2024-09-03,7.1209,per_usd
2024-09-04,7.1119,per_usd
2024-09-05,7.0921,per_usd
2024-09-06,7.0876,per_usd
2024-09-09,7.1133,per_usd
2024-09-10,7.1205,per_usd
2024-09-11,7.1192,per_usd
2024-09-12,7.1173,per_usd
2024-09-13,7.093,per_usd
2024-09-16,7.0958,per_usd
2024-09-17,7.0958,per_usd
2024-09-18,7.0812,per_usd
2024-09-19,7.0675,per_usd
2024-09-20,7.0505,per_usd
2024-09-23,7.0508,per_usd
2024-09-24,7.0318,per_usd
2024-09-25,7.0315,per_usd
2024-09-26,7.0106,per_usd
2024-09-27,7.0111,per_usd
2024-09-30,7.0176,per_usd
2024-10-01,7.0175,per_usd
2024-10-02,7.0175,per_usd
2024-10-03,7.0175,per_usd
2024-10-04,7.0175,per_usd
2024-10-07,7.0175,per_usd
2024-10-08,7.0595,per_usd
2024-10-09,7.0818,per_usd
2024-10-10,7.0794,per_usd
2024-10-11,7.0667,per_usd
2024-10-15,7.1192,per_usd
2024-10-16,7.1192,per_usd
2024-10-17,7.1216,per_usd
2024-10-18,7.1015,per_usd
2024-10-21,7.1189,per_usd
2024-10-22,7.123,per_usd
2024-10-23,7.1252,per_usd
2024-10-24,7.119,per_usd
2024-10-25,7.1199,per_usd
2024-10-28,7.1254,per_usd
2024-10-29,7.1301,per_usd
2024-10-30,7.1229,per_usd
2024-10-31,7.1178,per_usd
2024-11-01,7.1214,per_usd
2024-11-04,7.0995,per_usd
2024-11-05,7.1047,per_usd
2024-11-06,7.1782,per_usd
2024-11-07,7.1412,per_usd
2024-11-08,7.1785,per_usd
2024-11-12,7.232,per_usd
2024-11-13,7.2245,per_usd
2024-11-14,7.2272,per_usd
2024-11-15,7.2288,per_usd
2024-11-18,7.2364,per_usd
2024-11-19,7.2392,per_usd
2024-11-20,7.2459,per_usd
2024-11-21,7.2368,per_usd
2024-11-22,7.2455,per_usd
2024-11-25,7.2395,per_usd
2024-11-26,7.252,per_usd
2024-11-27,7.2458,per_usd
2024-11-29,7.2423,per_usd
2024-12-02,7.2714,per_usd
2024-12-03,7.2858,per_usd
2024-12-04,7.2632,per_usd
2024-12-05,7.2558,per_usd
2024-12-06,7.27,per_usd
2024-12-09,7.2604,per_usd
2024-12-10,7.25,per_usd
2024-12-11,7.2605,per_usd
2024-12-12,7.2685,per_usd
2024-12-13,7.2756,per_usd
2024-12-16,7.2836,per_usd
2024-12-17,7.2846,per_usd
2024-12-18,7.2864,per_usd
2024-12-19,7.2965,per_usd
2024-12-20,7.2953,per_usd
2024-12-23,7.2977,per_usd
2024-12-24,7.2946,per_usd
2024-12-26,7.2981,per_usd
2024-12-27,7.298,per_usd
2024-12-30,7.2993,per_usd
2024-12-31,7.2993,per_usd
2025-01-02,7.2994,per_usd
2025-01-03,7.3199,per_usd
2025-01-06,7.3223,per_usd
2025-01-07,7.3264,per_usd
2025-01-08,7.3316,per_usd
2025-01-09,7.3321,per_usd
2025-01-10,7.3326,per_usd
2025-01-13,7.3319,per_usd
2025-01-14,7.3311,per_usd
2025-01-15,7.3304,per_usd
2025-01-16,7.3316,per_usd
2025-01-17,7.3249,per_usd
2025-01-21,7.2712,per_usd
2025-01-22,7.2728,per_usd
2025-01-23,7.288,per_usd
2025-01-24,7.244,per_usd
2025-01-27,7.2507,per_usd
2025-01-28,7.2422,per_usd
2025-01-29,7.2422,per_usd
2025-01-30,7.2422,per_usd
2025-01-31,7.2422,per_usd
2025-02-03,7.2422,per_usd
2025-02-04,7.2422,per_usd
2025-02-05,7.272,per_usd
2025-02-06,7.2883,per_usd
2025-02-07,7.2943,per_usd
2025-02-10,7.3045,per_usd
2025-02-11,7.3072,per_usd
2025-02-12,7.3088,per_usd
2025-02-13,7.2888,per_usd
2025-02-14,7.253,per_usd
2025-02-18,7.2786,per_usd
2025-02-19,7.2833,per_usd
2025-02-20,7.2555,per_usd
2025-02-21,7.2501,per_usd
2025-02-24,7.2476,per_usd
2025-02-25,7.2512,per_usd
2025-02-26,7.2595,per_usd
2025-02-27,7.2853,per_usd
2025-02-28,7.2828,per_usd
2025-03-03,7.2843,per_usd
2025-03-04,7.2651,per_usd
2025-03-05,7.2506,per_usd
2025-03-06,7.2468,per_usd
2025-03-07,7.234,per_usd
2025-03-10,7.2591,per_usd
2025-03-11,7.2278,per_usd
2025-03-12,7.2372,per_usd
2025-03-13,7.2439,per_usd
2025-03-14,7.2377,per_usd
2025-03-17,7.2327,per_usd
2025-03-18,7.2273,per_usd
2025-03-19,7.23,per_usd
2025-03-20,7.2477,per_usd
2025-03-21,7.2486,per_usd
2025-03-24,7.2531,per_usd
2025-03-25,7.2569,per_usd
2025-03-26,7.2675,per_usd
2025-03-27,7.2645,per_usd
2025-03-28,7.2628,per_usd
2025-03-31,7.2567,per_usd
2025-04-01,7.2697,per_usd
2025-04-02,7.2675,per_usd
2025-04-03,7.2813,per_usd
2025-04-04,7.2803,per_usd
2025-04-07,7.3081,per_usd
2025-04-08,7.3388,per_usd
2025-04-09,7.3499,per_usd
2025-04-10,7.314,per_usd
2025-04-11,7.2915,per_usd
2025-04-14,7.3119,per_usd
2025-04-15,7.315,per_usd
2025-04-16,7.3053,per_usd
2025-04-17,7.299,per_usd
2025-04-18,7.2996,per_usd
2025-04-21,7.2914,per_usd
2025-04-22,7.3118,per_usd
2025-04-23,7.286,per_usd
2025-04-24,7.2879,per_usd
2025-04-25,7.2864,per_usd
2025-04-28,7.2942,per_usd
2025-04-29,7.269,per_usd
2025-04-30,7.2706,per_usd
2025-05-01,7.2706,per_usd
2025-05-02,7.2706,per_usd
2025-05-05,7.2706,per_usd
2025-05-06,7.2164,per_usd
2025-05-07,7.225,per_usd
2025-05-08,7.234,per_usd
2025-05-09,7.2364,per_usd
2025-05-12,7.2018,per_usd
2025-05-13,7.2057,per_usd
2025-05-14,7.208,per_usd
2025-05-15,7.2067,per_usd
2025-05-16,7.209,per_usd
2025-05-19,7.2144,per_usd
2025-05-20,7.2194,per_usd
2025-05-21,7.2019,per_usd
2025-05-22,7.2037,per_usd
2025-05-23,7.1798,per_usd
2025-05-27,7.195,per_usd
2025-05-28,7.1941,per_usd
2025-05-29,7.1855,per_usd
2025-05-30,7.1991,per_usd
2025-06-02,7.1975,per_usd
2025-06-03,7.1872,per_usd
2025-06-04,7.1844,per_usd
2025-06-05,7.175,per_usd
2025-06-06,7.1886,per_usd
2025-06-09,7.1802,per_usd
2025-06-10,7.187,per_usd
2025-06-11,7.1928,per_usd
2025-06-12,7.1726,per_usd
2025-06-13,7.181,per_usd
2025-06-16,7.179,per_usd
2025-06-17,7.1845,per_usd
2025-06-18,7.1888,per_usd
2025-06-20,7.1785,per_usd
2025-06-23,7.179,per_usd
2025-06-24,7.1713,per_usd
2025-06-25,7.1764,per_usd
2025-06-26,7.1675,per_usd
2025-06-27,7.1721,per_usd
2025-06-30,7.1636,per_usd
2025-07-01,7.1647,per_usd
2025-07-02,7.1649,per_usd
2025-07-03,7.1684,per_usd
2025-07-07,7.1744,per_usd
2025-07-08,7.1738,per_usd
2025-07-09,7.18,per_usd
2025-07-10,7.1748,per_usd
2025-07-11,7.1681,per_usd
2025-07-14,7.167,per_usd
2025-07-15,7.1729,per_usd
2025-07-16,7.1791,per_usd
2025-07-17,7.1832,per_usd
2025-07-18,7.1776,per_usd
2025-07-21,7.176,per_usd
2025-07-22,7.1748,per_usd
2025-07-23,7.1599,per_usd
2025-07-24,7.1541,per_usd
2025-07-25,7.1679,per_usd
2025-07-28,7.1778,per_usd
2025-07-29,7.1769,per_usd
2025-07-30,7.1934,per_usd
2025-07-31,7.2002,per_usd
2025-08-01,7.2116,per_usd
2025-08-04,7.178,per_usd
2025-08-05,7.1835,per_usd
2025-08-06,7.1822,per_usd
2025-08-07,7.1806,per_usd
2025-08-08,7.1839,per_usd
2025-08-11,7.1884,per_usd
2025-08-12,7.1785,per_usd
2025-08-13,7.1744,per_usd
2025-08-14,7.1795,per_usd
2025-08-15,7.1817,per_usd
2025-08-18,7.1847,per_usd
2025-08-19,7.1819,per_usd
2025-08-20,7.1757,per_usd
2025-08-21,7.1793,per_usd
2025-08-22,7.1651,per_usd
2025-08-25,7.151,per_usd
2025-08-26,7.152,per_usd
2025-08-27,7.1536,per_usd
2025-08-28,7.1306,per_usd
2025-08-29,7.1304,per_usd
2025-09-02,7.139,per_usd
2025-09-03,7.1415,per_usd
2025-09-04,7.1414,per_usd
2025-09-05,7.1323,per_usd
2025-09-08,7.1293,per_usd
2025-09-09,7.1209,per_usd
2025-09-10,7.1207,per_usd
2025-09-11,7.1184,per_usd
2025-09-12,7.1242,per_usd
2025-09-15,7.1186,per_usd
2025-09-16,7.1142,per_usd
2025-09-17,7.1033,per_usd
2025-09-18,7.1125,per_usd
2025-09-19,7.1142,per_usd
2025-09-22,7.114,per_usd
2025-09-23,7.1116,per_usd
2025-09-24,7.1315,per_usd
2025-09-25,7.1338,per_usd
2025-09-26,7.1328,per_usd
2025-09-29,7.1194,per_usd
2025-09-30,7.119,per_usd
2025-10-01,7.12,per_usd
2025-10-02,7.12,per_usd
2025-10-03,7.12,per_usd
2025-10-06,7.12,per_usd
2025-10-07,7.12,per_usd
2025-10-08,7.12,per_usd
2025-10-09,7.1275,per_usd
2025-10-10,7.134,per_usd
2025-10-14,7.1384,per_usd
2025-10-15,7.1262,per_usd
2025-10-16,7.123,per_usd
2025-10-17,7.1264,per_usd
2025-10-20,7.1195,per_usd
2025-10-21,7.1218,per_usd
2025-10-22,7.1257,per_usd
2025-10-23,7.1221,per_usd
2025-10-24,7.1211,per_usd
2025-10-27,7.1102,per_usd
2025-10-28,7.0988,per_usd
2025-10-29,7.098,per_usd
2025-10-30,7.1097,per_usd
2025-10-31,7.1169,per_usd
2025-11-03,7.1222,per_usd
2025-11-04,7.1295,per_usd
2025-11-05,7.126,per_usd
2025-11-06,7.1195,per_usd
2025-11-07,7.1219,per_usd
2025-11-10,7.1193,per_usd
2025-11-12,7.112,per_usd
2025-11-13,7.095,per_usd
2025-11-14,7.0992,per_usd
2025-11-17,7.1075,per_usd
2025-11-18,7.1074,per_usd
2025-11-19,7.1106,per_usd
2025-11-20,7.1098,per_usd
2025-11-21,7.1066,per_usd
2025-11-24,7.102,per_usd
2025-11-25,7.0845,per_usd
2025-11-26,7.0758,per_usd
2025-11-28,7.0751,per_usd
2025-12-01,7.0717,per_usd
2025-12-02,7.07,per_usd
2025-12-03,7.0636,per_usd
2025-12-04,7.0714,per_usd
2025-12-05,7.0696,per_usd
2025-12-08,7.071,per_usd
2025-12-09,7.0633,per_usd
2025-12-10,7.064,per_usd
2025-12-11,7.0579,per_usd
2025-12-12,7.0548,per_usd
2025-12-15,7.047,per_usd
2025-12-16,7.0417,per_usd
2025-12-17,7.0431,per_usd
2025-12-18,7.0404,per_usd
2025-12-19,7.0409,per_usd
2025-12-22,7.0367,per_usd
2025-12-23,7.028,per_usd
2025-12-24,7.0142,per_usd
2025-12-26,7.0063,per_usd
2025-12-29,7.0056,per_usd
2025-12-30,6.9961,per_usd
2025-12-31,6.9931,per_usd
2026-01-02,6.9877,per_usd
2026-01-05,6.988,per_usd
2026-01-06,6.9834,per_usd
2026-01-07,6.9965,per_usd
2026-01-08,6.9835,per_usd
2026-01-09,6.9772,per_usd
2026-01-12,6.9731,per_usd
2026-01-13,6.9775,per_usd
2026-01-14,6.973,per_usd
2026-01-15,6.966,per_usd
2026-01-16,6.9681,per_usd
2026-01-20,6.9599,per_usd
2026-01-21,6.9637,per_usd
2026-01-22,6.97,per_usd
2026-01-23,6.9631,per_usd
2026-01-26,6.9542,per_usd
2026-01-27,6.9545,per_usd
2026-01-28,6.9462,per_usd
2026-01-29,6.948,per_usd
2026-01-30,6.951,per_usd
2026-02-02,6.9463,per_usd
2026-02-03,6.9377,per_usd
2026-02-04,6.9415,per_usd
2026-02-05,6.9378,per_usd
2026-02-06,6.9388,per_usd
2026-02-09,6.92,per_usd
2026-02-10,6.9106,per_usd
2026-02-11,6.9125,per_usd
2026-02-12,6.901,per_usd
2026-02-13,6.908,per_usd
2026-02-17,6.9031,per_usd
2026-02-18,6.9031,per_usd
2026-02-19,6.9031,per_usd
2026-02-20,6.9031,per_usd
2026-02-23,6.9031,per_usd
2026-02-24,6.883,per_usd
2026-02-25,6.8692,per_usd
2026-02-26,6.8409,per_usd
2026-02-27,6.8579,per_usd
2026-03-02,6.8821,per_usd
2026-03-03,6.8996,per_usd
2026-03-04,6.8969,per_usd
2026-03-05,6.8912,per_usd
2026-03-06,6.8965,per_usd
2026-03-09,6.9066,per_usd
2026-03-10,6.8766,per_usd
2026-03-11,6.8655,per_usd
2026-03-12,6.8689,per_usd
2026-03-13,6.8961,per_usd
2026-03-16,6.8955,per_usd
2026-03-17,6.8863,per_usd
2026-03-18,6.8726,per_usd
2026-03-19,6.8998,per_usd
2026-03-20,6.8857,per_usd
2026-03-23,6.8807,per_usd
2026-03-24,6.8918,per_usd
2026-03-25,6.9011,per_usd
2026-03-26,6.9107,per_usd
2026-03-27,6.9116,per_usd
2026-03-30,6.9119,per_usd
2026-03-31,6.898,per_usd
2026-04-01,6.872,per_usd
2026-04-02,6.8856,per_usd
2026-04-03,6.8824,per_usd
2026-04-06,6.8778,per_usd
2026-04-07,6.8567,per_usd
2026-04-08,6.8287,per_usd
2026-04-09,6.8314,per_usd
2026-04-10,6.8278,per_usd
2026-04-13,6.8303,per_usd
2026-04-14,6.8157,per_usd
2026-04-15,6.818,per_usd
2026-04-16,6.8208,per_usd
2026-04-17,6.817,per_usd
2026-04-20,6.8172,per_usd
2026-04-21,6.8208,per_usd
2026-04-22,6.8275,per_usd
2026-04-23,6.826,per_usd
2026-04-24,6.8359,per_usd
2026-04-27,6.8228,per_usd
2026-04-28,6.8374,per_usd
2026-04-29,6.8375,per_usd
2026-04-30,6.8273,per_usd
2026-05-01,6.8276,per_usd
2026-05-04,6.83,per_usd
2026-05-05,6.8276,per_usd
2026-05-06,6.811,per_usd
2026-05-07,6.8014,per_usd
2026-05-08,6.8005,per_usd
2026-05-11,6.7948,per_usd
2026-05-12,6.792,per_usd
2026-05-13,6.7908,per_usd
2026-05-14,6.7851,per_usd
2026-05-15,6.8092,per_usd
2026-05-18,6.8,per_usd
2026-05-19,6.8145,per_usd
2026-05-20,6.8005,per_usd
2026-05-21,6.8025,per_usd
2026-05-22,6.7945,per_usd
2026-05-26,6.786,per_usd
2026-05-27,6.7788,per_usd
2026-05-28,6.7796,per_usd
2026-05-29,6.7662,per_usd
2026-06-01,6.765,per_usd
2026-06-02,6.7622,per_usd
2026-06-03,6.7692,per_usd
2026-06-04,6.7735,per_usd
2026-06-05,6.7655,per_usd
2026-06-08,6.7832,per_usd
2026-06-09,6.7722,per_usd
2026-06-10,6.7745,per_usd
2026-06-11,6.7756,per_usd
2026-06-12,6.7626,per_usd
2026-06-15,6.757,per_usd
2026-06-16,6.7562,per_usd
2026-06-17,6.7577,per_usd
2026-06-18,6.7686,per_usd
2026-06-22,6.7745,per_usd
2026-06-23,6.79,per_usd
2026-06-24,6.8106,per_usd
2026-06-25,6.7976,per_usd
2026-06-26,6.798,per_usd
2026-06-29,6.7936,per_usd
2026-06-30,6.7851,per_usd
2026-07-01,6.7942,per_usd
2026-07-02,6.7886,per_usd
2026-07-06,6.7958,per_usd
2026-07-07,6.7934,per_usd
2026-07-08,6.8025,per_usd
2026-07-09,6.7921,per_usd
2026-07-10,6.7766,per_usd
2026-07-13,6.7795,per_usd
2026-07-14,6.77,per_usd
2026-07-15,6.7682,per_usd
2026-07-16,6.7726,per_usd
2026-07-17,6.776,per_usd
2026-07-20,6.7668,per_usd
2026-07-21,6.7656,per_usd
2026-07-22,6.7725,per_usd
2026-07-23,6.7701,per_usd
2026-07-24,6.7719,per_usd
2026-07-27,6.7657,per_usd
2026-07-28,6.771,per_usd
2026-07-29,6.7661,per_usd
2026-07-30,6.755,per_usd
2026-07-31,6.7509,per_usd
2026-08-03,6.7563,per_usd
2026-08-04,6.7532,per_usd
2026-08-05,6.7483,per_usd
2026-08-06,6.7488,per_usd
2026-08-07,6.7474,per_usd
2026-08-10,6.7452,per_usd
2026-08-11,6.745,per_usd
2026-08-12,6.7433,per_usd
2026-08-13,6.7428,per_usd
2026-08-14,6.7412,per_usd
2026-08-17,6.7399,per_usd
2026-08-18,6.743,per_usd
2026-08-19,6.7295,per_usd
2026-08-20,6.7225,per_usd
2026-08-21,6.721,per_usd
