date,value,quote
1999-01-04,0.8466,per_usd
1999-01-05,0.8503,per_usd
1999-01-06,0.8594,per_usd
1999-01-07,0.8568,per_usd
1999-01-08,0.8655,per_usd
1999-01-11,0.867,per_usd
1999-01-12,0.866,per_usd
1999-01-13,0.8548,per_usd
1999-01-14,0.8555,per_usd
1999-01-15,0.8627,per_usd
1999-01-19,0.8613,per_usd
1999-01-20,0.8639,per_usd
1999-01-21,0.8638,per_usd
1999-01-22,0.8634,per_usd
1999-01-25,0.8646,per_usd
1999-01-26,0.8638,per_usd
1999-01-27,0.871,per_usd
1999-01-28,0.8776,per_usd
1999-01-29,0.8794,per_usd
1999-02-01,0.8847,per_usd
1999-02-02,0.8828,per_usd
1999-02-03,0.8819,per_usd
1999-02-04,0.8845,per_usd
1999-02-05,0.8863,per_usd
1999-02-08,0.8853,per_usd
1999-02-09,0.885,per_usd
1999-02-10,0.8825,per_usd
1999-02-11,0.8847,per_usd
1999-02-12,0.8864,per_usd
1999-02-16,0.8937,per_usd
1999-02-17,0.8905,per_usd
1999-02-18,0.891,per_usd
1999-02-19,0.9029,per_usd
1999-02-22,0.906,per_usd
1999-02-23,0.9097,per_usd
1999-02-24,0.9114,per_usd
1999-02-25,0.9035,per_usd
1999-02-26,0.9095,per_usd
1999-03-01,0.9182,per_usd
1999-03-02,0.9148,per_usd
1999-03-03,0.9184,per_usd
1999-03-04,0.9239,per_usd
1999-03-05,0.9223,per_usd
1999-03-08,0.9175,per_usd
1999-03-09,0.9197,per_usd
1999-03-10,0.9123,per_usd
1999-03-11,0.9147,per_usd
1999-03-12,0.9144,per_usd
1999-03-15,0.9149,per_usd
1999-03-16,0.9162,per_usd
1999-03-17,0.9079,per_usd
1999-03-18,0.9099,per_usd
1999-03-19,0.9155,per_usd
1999-03-22,0.9162,per_usd
1999-03-23,0.9159,per_usd
1999-03-24,0.9157,per_usd
1999-03-25,0.9199,per_usd
1999-03-26,0.9308,per_usd
1999-03-29,0.9332,per_usd
1999-03-30,0.9318,per_usd
1999-03-31,0.9252,per_usd
1999-04-01,0.9275,per_usd
1999-04-02,0.9275,per_usd
1999-04-05,0.9341,per_usd
1999-04-06,0.9227,per_usd
1999-04-07,0.9273,per_usd
1999-04-08,0.9229,per_usd
1999-04-09,0.9271,per_usd
1999-04-12,0.9223,per_usd
1999-04-13,0.9276,per_usd
1999-04-14,0.9277,per_usd
1999-04-15,0.9331,per_usd
1999-04-16,0.9356,per_usd
1999-04-19,0.9427,per_usd
1999-04-20,0.9407,per_usd
1999-04-21,0.9423,per_usd
1999-04-22,0.9436,per_usd
1999-04-23,0.9404,per_usd
1999-04-26,0.9443,per_usd
1999-04-27,0.9391,per_usd
1999-04-28,0.942,per_usd
1999-04-29,0.9442,per_usd
1999-04-30,0.9466,per_usd
1999-05-03,0.946,per_usd
1999-05-04,0.944,per_usd
1999-05-05,0.9325,per_usd
1999-05-06,0.9277,per_usd
1999-05-07,0.9276,per_usd
1999-05-10,0.927,per_usd
1999-05-11,0.9328,per_usd
1999-05-12,0.9376,per_usd
1999-05-13,0.9411,per_usd
1999-05-14,0.939,per_usd
1999-05-17,0.937,per_usd
1999-05-18,0.937,per_usd
1999-05-19,0.9398,per_usd
1999-05-20,0.9407,per_usd
1999-05-21,0.9454,per_usd
1999-05-24,0.944,per_usd
1999-05-25,0.9446,per_usd
1999-05-26,0.955,per_usd
1999-05-27,0.9579,per_usd
1999-05-28,0.9595,per_usd
1999-06-01,0.957,per_usd
1999-06-02,0.9655,per_usd
1999-06-03,0.9657,per_usd
1999-06-04,0.9683,per_usd
1999-06-07,0.9713,per_usd
1999-06-08,0.958,per_usd
1999-06-09,0.9569,per_usd
1999-06-10,0.9545,per_usd
1999-06-11,0.9509,per_usd
1999-06-14,0.9601,per_usd
1999-06-15,0.9597,per_usd
1999-06-16,0.9711,per_usd
1999-06-17,0.9681,per_usd
1999-06-18,0.9645,per_usd
1999-06-21,0.9687,per_usd
1999-06-22,0.9687,per_usd
1999-06-23,0.9694,per_usd
1999-06-24,0.9641,per_usd
1999-06-25,0.9571,per_usd
1999-06-28,0.964,per_usd
1999-06-29,0.9674,per_usd
1999-06-30,0.9699,per_usd
1999-07-01,0.9769,per_usd
1999-07-02,0.9762,per_usd
1999-07-06,0.9757,per_usd
1999-07-07,0.9781,per_usd
1999-07-08,0.9806,per_usd
1999-07-09,0.9817,per_usd
1999-07-12,0.9863,per_usd
1999-07-13,0.9827,per_usd
1999-07-14,0.979,per_usd
1999-07-15,0.9785,per_usd
1999-07-16,0.9801,per_usd
1999-07-19,0.9801,per_usd
1999-07-20,0.9597,per_usd
1999-07-21,0.95,per_usd
1999-07-22,0.9516,per_usd
1999-07-23,0.9527,per_usd
1999-07-26,0.9389,per_usd
1999-07-27,0.941,per_usd
1999-07-28,0.9395,per_usd
1999-07-29,0.9329,per_usd
1999-07-30,0.9351,per_usd
1999-08-02,0.938,per_usd
1999-08-03,0.9363,per_usd
1999-08-04,0.9289,per_usd
1999-08-05,0.9265,per_usd
1999-08-06,0.9285,per_usd
1999-08-09,0.9351,per_usd
1999-08-10,0.9301,per_usd
1999-08-11,0.9381,per_usd
1999-08-12,0.9402,per_usd
1999-08-13,0.9463,per_usd
1999-08-16,0.9472,per_usd
1999-08-17,0.9501,per_usd
1999-08-18,0.9519,per_usd
1999-08-19,0.9396,per_usd
1999-08-20,0.9386,per_usd
1999-08-23,0.9476,per_usd
1999-08-24,0.9518,per_usd
1999-08-25,0.9559,per_usd
1999-08-26,0.9578,per_usd
1999-08-27,0.956,per_usd
1999-08-30,0.9574,per_usd
1999-08-31,0.9451,per_usd
1999-09-01,0.945,per_usd
1999-09-02,0.9355,per_usd
1999-09-03,0.943,per_usd
1999-09-07,0.9451,per_usd
1999-09-08,0.9443,per_usd
1999-09-09,0.9485,per_usd
1999-09-10,0.9614,per_usd
1999-09-13,0.9615,per_usd
1999-09-14,0.9608,per_usd
1999-09-15,0.9629,per_usd
1999-09-16,0.9599,per_usd
1999-09-17,0.9616,per_usd
1999-09-20,0.9608,per_usd
1999-09-21,0.956,per_usd
1999-09-22,0.9524,per_usd
1999-09-23,0.9602,per_usd
1999-09-24,0.9555,per_usd
1999-09-27,0.9587,per_usd
1999-09-28,0.9516,per_usd
1999-09-29,0.9422,per_usd
1999-09-30,0.9396,per_usd
1999-10-01,0.933,per_usd
1999-10-04,0.9343,per_usd
1999-10-05,0.9352,per_usd
1999-10-06,0.9342,per_usd
1999-10-07,0.9327,per_usd
1999-10-08,0.9407,per_usd
1999-10-12,0.9314,per_usd
1999-10-13,0.9295,per_usd
1999-10-14,0.926,per_usd
1999-10-15,0.9185,per_usd
1999-10-18,0.9206,per_usd
1999-10-19,0.9231,per_usd
1999-10-20,0.9289,per_usd
1999-10-21,0.9252,per_usd
1999-10-22,0.9365,per_usd
1999-10-25,0.9376,per_usd
1999-10-26,0.9454,per_usd
1999-10-27,0.9495,per_usd
1999-10-28,0.9507,per_usd
1999-10-29,0.9508,per_usd
1999-11-01,0.9529,per_usd
1999-11-02,0.9518,per_usd
1999-11-03,0.9537,per_usd
1999-11-04,0.9579,per_usd
1999-11-05,0.9615,per_usd
1999-11-08,0.965,per_usd
1999-11-09,0.9614,per_usd
1999-11-10,0.9582,per_usd
1999-11-12,0.9695,per_usd
1999-11-15,0.9695,per_usd
1999-11-16,0.9697,per_usd
1999-11-17,0.9613,per_usd
1999-11-18,0.9712,per_usd
1999-11-19,0.9696,per_usd
1999-11-22,0.9683,per_usd
1999-11-23,0.9746,per_usd
1999-11-24,0.9827,per_usd
1999-11-26,0.9865,per_usd
1999-11-29,0.9901,per_usd
1999-11-30,0.9924,per_usd
1999-12-01,0.9941,per_usd
1999-12-02,0.9977,per_usd
1999-12-03,0.9984,per_usd
1999-12-06,0.9754,per_usd
1999-12-07,0.9783,per_usd
1999-12-08,0.9744,per_usd
1999-12-09,0.9842,per_usd
1999-12-10,0.9844,per_usd
1999-12-13,0.9881,per_usd
1999-12-14,0.9933,per_usd
1999-12-15,0.9934,per_usd
1999-12-16,0.9834,per_usd
1999-12-17,0.9913,per_usd
1999-12-20,0.9934,per_usd
1999-12-21,0.9908,per_usd
1999-12-22,0.9921,per_usd
1999-12-23,0.9841,per_usd
1999-12-24,0.9874,per_usd
1999-12-27,0.9866,per_usd
1999-12-28,0.9932,per_usd
1999-12-29,0.9955,per_usd
1999-12-30,0.9976,per_usd
1999-12-31,0.993,per_usd
2000-01-03,0.9847,per_usd
2000-01-04,0.97,per_usd
2000-01-05,0.9676,per_usd
2000-01-06,0.9686,per_usd
2000-01-07,0.9714,per_usd
2000-01-10,0.9754,per_usd
2000-01-11,0.9688,per_usd
2000-01-12,0.9727,per_usd
2000-01-13,0.9737,per_usd
2000-01-14,0.9874,per_usd
2000-01-18,0.988,per_usd
2000-01-19,0.9886,per_usd
2000-01-20,0.9869,per_usd
2000-01-21,0.9901,per_usd
2000-01-24,0.9981,per_usd
2000-01-25,0.9959,per_usd
2000-01-26,0.9989,per_usd
2000-01-27,1.0111,per_usd
2000-01-28,1.0241,per_usd
2000-01-31,1.0249,per_usd
2000-02-01,1.0276,per_usd
2000-02-02,1.0238,per_usd
2000-02-03,1.0114,per_usd
2000-02-04,1.0246,per_usd
2000-02-07,1.0222,per_usd
2000-02-08,1.014,per_usd
2000-02-09,1.0087,per_usd
2000-02-10,1.0137,per_usd
2000-02-11,1.0155,per_usd
2000-02-14,1.0222,per_usd
2000-02-15,1.0169,per_usd
2000-02-16,1.0161,per_usd
2000-02-17,1.0139,per_usd
2000-02-18,1.0152,per_usd
2000-02-22,0.994,per_usd
2000-02-23,0.9983,per_usd
2000-02-24,1.0069,per_usd
2000-02-25,1.0243,per_usd
2000-02-28,1.0342,per_usd
2000-02-29,1.037,per_usd
2000-03-01,1.0309,per_usd
2000-03-02,1.0396,per_usd
2000-03-03,1.0397,per_usd
2000-03-06,1.0413,per_usd
2000-03-07,1.046,per_usd
2000-03-08,1.0443,per_usd
2000-03-09,1.0326,per_usd
2000-03-10,1.0353,per_usd
2000-03-13,1.0365,per_usd
2000-03-14,1.0369,per_usd
2000-03-15,1.0314,per_usd
2000-03-16,1.0299,per_usd
2000-03-17,1.0316,per_usd
2000-03-20,1.0299,per_usd
2000-03-21,1.0306,per_usd
2000-03-22,1.0408,per_usd
2000-03-23,1.0319,per_usd
2000-03-24,1.0284,per_usd
2000-03-27,1.0368,per_usd
2000-03-28,1.0401,per_usd
2000-03-29,1.05,per_usd
2000-03-30,1.0423,per_usd
2000-03-31,1.0445,per_usd
2000-04-03,1.046,per_usd
2000-04-04,1.043,per_usd
2000-04-05,1.0366,per_usd
2000-04-06,1.0438,per_usd
2000-04-07,1.0428,per_usd
2000-04-10,1.043,per_usd
2000-04-11,1.0426,per_usd
2000-04-12,1.047,per_usd
2000-04-13,1.05,per_usd
2000-04-14,1.0456,per_usd
2000-04-17,1.0471,per_usd
2000-04-18,1.0552,per_usd
2000-04-19,1.0673,per_usd
2000-04-20,1.0666,per_usd
2000-04-21,1.0662,per_usd
2000-04-24,1.0643,per_usd
2000-04-25,1.0793,per_usd
2000-04-26,1.085,per_usd
2000-04-27,1.101,per_usd
2000-04-28,1.1002,per_usd
2000-05-01,1.0965,per_usd
2000-05-02,1.1028,per_usd
2000-05-03,1.1247,per_usd
2000-05-04,1.1227,per_usd
2000-05-05,1.1169,per_usd
2000-05-08,1.1173,per_usd
2000-05-09,1.1083,per_usd
2000-05-10,1.0993,per_usd
2000-05-11,1.1085,per_usd
2000-05-12,1.1013,per_usd
2000-05-15,1.0943,per_usd
2000-05-16,1.1046,per_usd
2000-05-17,1.121,per_usd
2000-05-18,1.1171,per_usd
2000-05-19,1.1178,per_usd
2000-05-22,1.1067,per_usd
2000-05-23,1.1072,per_usd
2000-05-24,1.0994,per_usd
2000-05-25,1.1023,per_usd
2000-05-26,1.0741,per_usd
2000-05-30,1.0737,per_usd
2000-05-31,1.072,per_usd
2000-06-01,1.0745,per_usd
2000-06-02,1.0602,per_usd
2000-06-05,1.0559,per_usd
2000-06-06,1.0449,per_usd
2000-06-07,1.0417,per_usd
2000-06-08,1.0473,per_usd
2000-06-09,1.0498,per_usd
2000-06-12,1.0478,per_usd
2000-06-13,1.0396,per_usd
2000-06-14,1.0428,per_usd
2000-06-15,1.0493,per_usd
2000-06-16,1.0365,per_usd
2000-06-19,1.0393,per_usd
2000-06-20,1.0464,per_usd
2000-06-21,1.0576,per_usd
2000-06-22,1.0641,per_usd
2000-06-23,1.0686,per_usd
2000-06-26,1.0659,per_usd
2000-06-27,1.0589,per_usd
2000-06-28,1.0589,per_usd
2000-06-29,1.051,per_usd
2000-06-30,1.0477,per_usd
2000-07-03,1.0498,per_usd
2000-07-05,1.0473,per_usd
2000-07-06,1.0496,per_usd
2000-07-07,1.0544,per_usd
2000-07-10,1.0503,per_usd
2000-07-11,1.053,per_usd
2000-07-12,1.0637,per_usd
2000-07-13,1.0708,per_usd
2000-07-14,1.0668,per_usd
2000-07-17,1.0694,per_usd
2000-07-18,1.0727,per_usd
2000-07-19,1.0826,per_usd
2000-07-20,1.0762,per_usd
2000-07-21,1.0703,per_usd
2000-07-24,1.0737,per_usd
2000-07-25,1.0648,per_usd
2000-07-26,1.0624,per_usd
2000-07-27,1.0717,per_usd
2000-07-28,1.0815,per_usd
2000-07-31,1.0792,per_usd
2000-08-01,1.0837,per_usd
2000-08-02,1.0945,per_usd
2000-08-03,1.106,per_usd
2000-08-04,1.1019,per_usd
2000-08-07,1.0983,per_usd
2000-08-08,1.1088,per_usd
2000-08-09,1.1122,per_usd
2000-08-10,1.1017,per_usd
2000-08-11,1.1055,per_usd
2000-08-14,1.1066,per_usd
2000-08-15,1.0947,per_usd
2000-08-16,1.0937,per_usd
2000-08-17,1.0927,per_usd
2000-08-18,1.1028,per_usd
2000-08-21,1.1078,per_usd
2000-08-22,1.1154,per_usd
2000-08-23,1.1152,per_usd
2000-08-24,1.1077,per_usd
2000-08-25,1.1082,per_usd
2000-08-28,1.1109,per_usd
2000-08-29,1.1153,per_usd
2000-08-30,1.1206,per_usd
2000-08-31,1.1264,per_usd
2000-09-01,1.112,per_usd
2000-09-05,1.1266,per_usd
2000-09-06,1.1492,per_usd
2000-09-07,1.1442,per_usd
2000-09-08,1.1542,per_usd
2000-09-11,1.1596,per_usd
2000-09-12,1.1633,per_usd
2000-09-13,1.1574,per_usd
2000-09-14,1.1605,per_usd
2000-09-15,1.1666,per_usd
2000-09-18,1.1733,per_usd
2000-09-19,1.1745,per_usd
2000-09-20,1.1818,per_usd
2000-09-21,1.1685,per_usd
2000-09-22,1.1373,per_usd
2000-09-25,1.1444,per_usd
2000-09-26,1.1344,per_usd
2000-09-27,1.1357,per_usd
2000-09-28,1.133,per_usd
2000-09-29,1.1316,per_usd
2000-10-02,1.1356,per_usd
2000-10-03,1.144,per_usd
2000-10-04,1.146,per_usd
2000-10-05,1.1514,per_usd
2000-10-06,1.1521,per_usd
2000-10-10,1.1518,per_usd
2000-10-11,1.1474,per_usd
2000-10-12,1.1569,per_usd
2000-10-13,1.1671,per_usd
2000-10-16,1.178,per_usd
2000-10-17,1.1755,per_usd
2000-10-18,1.1918,per_usd
2000-10-19,1.1896,per_usd
2000-10-20,1.1905,per_usd
2000-10-23,1.1956,per_usd
2000-10-24,1.1956,per_usd
2000-10-25,1.2092,per_usd
2000-10-26,1.209,per_usd
2000-10-27,1.1896,per_usd
2000-10-30,1.186,per_usd
2000-10-31,1.1784,per_usd
2000-11-01,1.165,per_usd
2000-11-02,1.1636,per_usd
2000-11-03,1.1609,per_usd
2000-11-06,1.165,per_usd
2000-11-07,1.1651,per_usd
2000-11-08,1.1684,per_usd
2000-11-09,1.1663,per_usd
2000-11-10,1.1594,per_usd
2000-11-13,1.1618,per_usd
2000-11-14,1.1665,per_usd
2000-11-15,1.1669,per_usd
2000-11-16,1.1721,per_usd
2000-11-17,1.1743,per_usd
2000-11-20,1.1784,per_usd
2000-11-21,1.1823,per_usd
2000-11-22,1.1872,per_usd
2000-11-24,1.193,per_usd
2000-11-27,1.1765,per_usd
2000-11-28,1.17,per_usd
2000-11-29,1.1659,per_usd
2000-11-30,1.1502,per_usd
2000-12-01,1.1409,per_usd
2000-12-04,1.1268,per_usd
2000-12-05,1.1358,per_usd
2000-12-06,1.1265,per_usd
2000-12-07,1.1247,per_usd
2000-12-08,1.1315,per_usd
2000-12-11,1.1401,per_usd
2000-12-12,1.1396,per_usd
2000-12-13,1.1422,per_usd
2000-12-14,1.1289,per_usd
2000-12-15,1.1135,per_usd
2000-12-18,1.1199,per_usd
2000-12-19,1.1233,per_usd
2000-12-20,1.104,per_usd
2000-12-21,1.0975,per_usd
2000-12-22,1.0834,per_usd
2000-12-26,1.0762,per_usd
2000-12-27,1.0748,per_usd
2000-12-28,1.0803,per_usd
2000-12-29,1.0652,per_usd
2001-01-02,1.0565,per_usd
2001-01-03,1.0556,per_usd
2001-01-04,1.0584,per_usd
2001-01-05,1.0488,per_usd
2001-01-08,1.0542,per_usd
2001-01-09,1.0642,per_usd
2001-01-10,1.0653,per_usd
2001-01-11,1.0504,per_usd
2001-01-12,1.0542,per_usd
2001-01-16,1.0668,per_usd
2001-01-17,1.0746,per_usd
2001-01-18,1.0586,per_usd
2001-01-19,1.068,per_usd
2001-01-22,1.0668,per_usd
2001-01-23,1.0651,per_usd
2001-01-24,1.0801,per_usd
2001-01-25,1.0847,per_usd
2001-01-26,1.0854,per_usd
2001-01-29,1.0892,per_usd
2001-01-30,1.0794,per_usd
2001-01-31,1.0743,per_usd
2001-02-01,1.0656,per_usd
2001-02-02,1.0687,per_usd
2001-02-05,1.0644,per_usd
2001-02-06,1.0748,per_usd
2001-02-07,1.0717,per_usd
2001-02-08,1.0889,per_usd
2001-02-09,1.0791,per_usd
2001-02-12,1.0768,per_usd
2001-02-13,1.0865,per_usd
2001-02-14,1.0873,per_usd
2001-02-15,1.1041,per_usd
2001-02-16,1.0915,per_usd
2001-02-20,1.0994,per_usd
2001-02-21,1.1017,per_usd
2001-02-22,1.1027,per_usd
2001-02-23,1.0995,per_usd
2001-02-26,1.0997,per_usd
2001-02-27,1.0955,per_usd
2001-02-28,1.0855,per_usd
2001-03-01,1.0763,per_usd
2001-03-02,1.0707,per_usd
2001-03-05,1.0765,per_usd
2001-03-06,1.0738,per_usd
2001-03-07,1.0783,per_usd
2001-03-08,1.0775,per_usd
2001-03-09,1.0735,per_usd
2001-03-12,1.0753,per_usd
2001-03-13,1.0931,per_usd
2001-03-14,1.0949,per_usd
2001-03-15,1.1055,per_usd
2001-03-16,1.1199,per_usd
2001-03-19,1.113,per_usd
2001-03-20,1.1045,per_usd
2001-03-21,1.1148,per_usd
2001-03-22,1.126,per_usd
2001-03-23,1.1203,per_usd
2001-03-26,1.1167,per_usd
2001-03-27,1.1223,per_usd
2001-03-28,1.1259,per_usd
2001-03-29,1.1355,per_usd
2001-03-30,1.1371,per_usd
2001-04-02,1.1333,per_usd
2001-04-03,1.1198,per_usd
2001-04-04,1.1095,per_usd
2001-04-05,1.1141,per_usd
2001-04-06,1.1109,per_usd
2001-04-09,1.1094,per_usd
2001-04-10,1.1256,per_usd
2001-04-11,1.1292,per_usd
2001-04-12,1.1208,per_usd
2001-04-13,1.1251,per_usd
2001-04-16,1.1284,per_usd
2001-04-17,1.1346,per_usd
2001-04-18,1.1343,per_usd
2001-04-19,1.1225,per_usd
2001-04-20,1.1072,per_usd
2001-04-23,1.1161,per_usd
2001-04-24,1.1178,per_usd
2001-04-25,1.1146,per_usd
2001-04-26,1.1098,per_usd
2001-04-27,1.1206,per_usd
2001-04-30,1.1269,per_usd
2001-05-01,1.1189,per_usd
2001-05-02,1.1204,per_usd
2001-05-03,1.1247,per_usd
2001-05-04,1.1193,per_usd
2001-05-07,1.1216,per_usd
2001-05-08,1.1302,per_usd
2001-05-09,1.1306,per_usd
2001-05-10,1.1374,per_usd
2001-05-11,1.1417,per_usd
2001-05-14,1.1431,per_usd
2001-05-15,1.1379,per_usd
2001-05-16,1.131,per_usd
2001-05-17,1.1328,per_usd
2001-05-18,1.1397,per_usd
2001-05-21,1.1413,per_usd
2001-05-22,1.1551,per_usd
2001-05-23,1.1631,per_usd
2001-05-24,1.1669,per_usd
2001-05-25,1.1659,per_usd
2001-05-29,1.17,per_usd
2001-05-30,1.166,per_usd
2001-05-31,1.1827,per_usd
2001-06-01,1.1832,per_usd
2001-06-04,1.1836,per_usd
2001-06-05,1.1759,per_usd
2001-06-06,1.1832,per_usd
2001-06-07,1.1756,per_usd
2001-06-08,1.1758,per_usd
2001-06-11,1.1869,per_usd
2001-06-12,1.1794,per_usd
2001-06-13,1.1715,per_usd
2001-06-14,1.1631,per_usd
2001-06-15,1.159,per_usd
2001-06-18,1.1614,per_usd
2001-06-19,1.1685,per_usd
2001-06-20,1.1756,per_usd
2001-06-21,1.1704,per_usd
2001-06-22,1.1669,per_usd
2001-06-25,1.1613,per_usd
2001-06-26,1.1597,per_usd
2001-06-27,1.16,per_usd
2001-06-28,1.1806,per_usd
2001-06-29,1.1801,per_usd
2001-07-02,1.1827,per_usd
2001-07-03,1.1797,per_usd
2001-07-05,1.1947,per_usd
2001-07-06,1.1813,per_usd
2001-07-09,1.1801,per_usd
2001-07-10,1.1686,per_usd
2001-07-11,1.1609,per_usd
2001-07-12,1.1723,per_usd
2001-07-13,1.1727,per_usd
2001-07-16,1.1697,per_usd
2001-07-17,1.1697,per_usd
2001-07-18,1.1493,per_usd
2001-07-19,1.1507,per_usd
2001-07-20,1.1477,per_usd
2001-07-23,1.1526,per_usd
2001-07-24,1.1426,per_usd
2001-07-25,1.1368,per_usd
2001-07-26,1.1409,per_usd
2001-07-27,1.143,per_usd
2001-07-30,1.1429,per_usd
2001-07-31,1.1426,per_usd
2001-08-01,1.1373,per_usd
2001-08-02,1.1347,per_usd
2001-08-03,1.1308,per_usd
2001-08-06,1.1361,per_usd
2001-08-07,1.1396,per_usd
2001-08-08,1.1392,per_usd
2001-08-09,1.1254,per_usd
2001-08-10,1.1186,per_usd
2001-08-13,1.1132,per_usd
2001-08-14,1.108,per_usd
2001-08-15,1.0972,per_usd
2001-08-16,1.0943,per_usd
2001-08-17,1.0911,per_usd
2001-08-20,1.0957,per_usd
2001-08-21,1.0971,per_usd
2001-08-22,1.0877,per_usd
2001-08-23,1.091,per_usd
2001-08-24,1.097,per_usd
2001-08-27,1.0991,per_usd
2001-08-28,1.0987,per_usd
2001-08-29,1.0993,per_usd
2001-08-30,1.0924,per_usd
2001-08-31,1.1001,per_usd
2001-09-04,1.1276,per_usd
2001-09-05,1.124,per_usd
2001-09-06,1.1182,per_usd
2001-09-07,1.1057,per_usd
2001-09-10,1.1126,per_usd
2001-09-12,1.1027,per_usd
2001-09-13,1.1002,per_usd
2001-09-14,1.0871,per_usd
2001-09-17,1.0872,per_usd
2001-09-18,1.0831,per_usd
2001-09-19,1.0741,per_usd
2001-09-20,1.0805,per_usd
2001-09-21,1.099,per_usd
2001-09-24,1.0947,per_usd
2001-09-25,1.0844,per_usd
2001-09-26,1.0833,per_usd
2001-09-27,1.0892,per_usd
2001-09-28,1.099,per_usd
2001-10-01,1.0918,per_usd
2001-10-02,1.093,per_usd
2001-10-03,1.0892,per_usd
2001-10-04,1.094,per_usd
2001-10-05,1.0908,per_usd
2001-10-09,1.0929,per_usd
2001-10-10,1.0967,per_usd
2001-10-11,1.1101,per_usd
2001-10-12,1.1016,per_usd
2001-10-15,1.1017,per_usd
2001-10-16,1.0996,per_usd
2001-10-17,1.1031,per_usd
2001-10-18,1.108,per_usd
2001-10-19,1.1127,per_usd
2001-10-22,1.1228,per_usd
2001-10-23,1.1245,per_usd
2001-10-24,1.1204,per_usd
2001-10-25,1.1154,per_usd
2001-10-26,1.121,per_usd
2001-10-29,1.1066,per_usd
2001-10-30,1.1038,per_usd
2001-10-31,1.112,per_usd
2001-11-01,1.1057,per_usd
2001-11-02,1.1066,per_usd
2001-11-05,1.1157,per_usd
2001-11-06,1.1142,per_usd
2001-11-07,1.1112,per_usd
2001-11-08,1.1223,per_usd
2001-11-09,1.1192,per_usd
2001-11-13,1.1349,per_usd
2001-11-14,1.1326,per_usd
2001-11-15,1.1347,per_usd
2001-11-16,1.1301,per_usd
2001-11-19,1.1388,per_usd
2001-11-20,1.1322,per_usd
2001-11-21,1.1388,per_usd
2001-11-23,1.1403,per_usd
2001-11-26,1.1349,per_usd
2001-11-27,1.1348,per_usd
2001-11-28,1.1283,per_usd
2001-11-29,1.1263,per_usd
2001-11-30,1.1163,per_usd
2001-12-03,1.124,per_usd
2001-12-04,1.1238,per_usd
2001-12-05,1.1292,per_usd
2001-12-06,1.1216,per_usd
2001-12-07,1.123,per_usd
2001-12-10,1.1256,per_usd
2001-12-11,1.1231,per_usd
2001-12-12,1.1179,per_usd
2001-12-13,1.1141,per_usd
2001-12-14,1.1057,per_usd
2001-12-17,1.1062,per_usd
2001-12-18,1.1088,per_usd
2001-12-19,1.1115,per_usd
2001-12-20,1.1146,per_usd
2001-12-21,1.1282,per_usd
2001-12-24,1.1399,per_usd
2001-12-26,1.1392,per_usd
2001-12-27,1.1308,per_usd
2001-12-28,1.1335,per_usd
2001-12-31,1.1235,per_usd
2002-01-02,1.1073,per_usd
2002-01-03,1.1121,per_usd
2002-01-04,1.1178,per_usd
2002-01-07,1.1197,per_usd
2002-01-08,1.1204,per_usd
2002-01-09,1.1259,per_usd
2002-01-10,1.1204,per_usd
2002-01-11,1.123,per_usd
2002-01-14,1.1192,per_usd
2002-01-15,1.122,per_usd
2002-01-16,1.132,per_usd
2002-01-17,1.1364,per_usd
2002-01-18,1.1307,per_usd
2002-01-22,1.1315,per_usd
2002-01-23,1.1317,per_usd
2002-01-24,1.1387,per_usd
2002-01-25,1.1554,per_usd
2002-01-28,1.1621,per_usd
2002-01-29,1.157,per_usd
2002-01-30,1.1563,per_usd
2002-01-31,1.1636,per_usd
2002-02-01,1.161,per_usd
2002-02-04,1.1514,per_usd
2002-02-05,1.1531,per_usd
2002-02-06,1.1504,per_usd
2002-02-07,1.1507,per_usd
2002-02-08,1.1459,per_usd
2002-02-11,1.1392,per_usd
2002-02-12,1.1405,per_usd
2002-02-13,1.1455,per_usd
2002-02-14,1.1477,per_usd
2002-02-15,1.1455,per_usd
2002-02-19,1.141,per_usd
2002-02-20,1.1488,per_usd
2002-02-21,1.1478,per_usd
2002-02-22,1.1419,per_usd
2002-02-25,1.1477,per_usd
2002-02-26,1.1518,per_usd
2002-02-27,1.1571,per_usd
2002-02-28,1.155,per_usd
2002-03-01,1.1558,per_usd
2002-03-04,1.1488,per_usd
2002-03-05,1.1496,per_usd
2002-03-06,1.14,per_usd
2002-03-07,1.137,per_usd
2002-03-08,1.1426,per_usd
2002-03-11,1.1405,per_usd
2002-03-12,1.1417,per_usd
2002-03-13,1.1403,per_usd
2002-03-14,1.1343,per_usd
2002-03-15,1.1334,per_usd
2002-03-18,1.133,per_usd
2002-03-19,1.1357,per_usd
2002-03-20,1.1317,per_usd
2002-03-21,1.1317,per_usd
2002-03-22,1.1375,per_usd
2002-03-25,1.1405,per_usd
2002-03-26,1.1406,per_usd
2002-03-27,1.146,per_usd
2002-03-28,1.148,per_usd
2002-03-29,1.1472,per_usd
2002-04-01,1.1356,per_usd
2002-04-02,1.1387,per_usd
2002-04-03,1.1358,per_usd
2002-04-04,1.1391,per_usd
2002-04-05,1.1357,per_usd
2002-04-08,1.1429,per_usd
2002-04-09,1.1373,per_usd
2002-04-10,1.1371,per_usd
2002-04-11,1.1326,per_usd
2002-04-12,1.1374,per_usd
2002-04-15,1.1361,per_usd
2002-04-16,1.1325,per_usd
2002-04-17,1.1255,per_usd
2002-04-18,1.1238,per_usd
2002-04-19,1.1245,per_usd
2002-04-22,1.1265,per_usd
2002-04-23,1.124,per_usd
2002-04-24,1.1217,per_usd
2002-04-25,1.1138,per_usd
2002-04-26,1.1136,per_usd
2002-04-29,1.1077,per_usd
2002-04-30,1.1109,per_usd
2002-05-01,1.1035,per_usd
2002-05-02,1.1072,per_usd
2002-05-03,1.0949,per_usd
2002-05-06,1.091,per_usd
2002-05-07,1.0931,per_usd
2002-05-08,1.1062,per_usd
2002-05-09,1.1004,per_usd
2002-05-10,1.097,per_usd
2002-05-13,1.0981,per_usd
2002-05-14,1.1084,per_usd
2002-05-15,1.102,per_usd
2002-05-16,1.0983,per_usd
2002-05-17,1.0862,per_usd
2002-05-20,1.0854,per_usd
2002-05-21,1.088,per_usd
2002-05-22,1.0793,per_usd
2002-05-23,1.0831,per_usd
2002-05-24,1.0846,per_usd
2002-05-28,1.077,per_usd
2002-05-29,1.0738,per_usd
2002-05-30,1.0669,per_usd
2002-05-31,1.0708,per_usd
2002-06-03,1.065,per_usd
2002-06-04,1.0611,per_usd
2002-06-05,1.0648,per_usd
2002-06-06,1.0574,per_usd
2002-06-07,1.0583,per_usd
2002-06-10,1.0586,per_usd
2002-06-11,1.0588,per_usd
2002-06-12,1.0556,per_usd
2002-06-13,1.0593,per_usd
2002-06-14,1.0584,per_usd
2002-06-17,1.0591,per_usd
2002-06-18,1.0545,per_usd
2002-06-19,1.0478,per_usd
2002-06-20,1.0367,per_usd
2002-06-21,1.0304,per_usd
2002-06-24,1.0219,per_usd
2002-06-25,1.0318,per_usd
2002-06-26,1.0178,per_usd
2002-06-27,1.0116,per_usd
2002-06-28,1.0146,per_usd
2002-07-01,1.0108,per_usd
2002-07-02,1.0163,per_usd
2002-07-03,1.0187,per_usd
2002-07-05,1.0277,per_usd
2002-07-08,1.0133,per_usd
2002-07-09,1.0062,per_usd
2002-07-10,1.0111,per_usd
2002-07-11,1.0074,per_usd
2002-07-12,1.0097,per_usd
2002-07-15,0.9929,per_usd
2002-07-16,0.9914,per_usd
2002-07-17,0.9923,per_usd
2002-07-18,0.9933,per_usd
2002-07-19,0.9846,per_usd
2002-07-22,0.9903,per_usd
2002-07-23,1.0067,per_usd
2002-07-24,1.0055,per_usd
2002-07-25,1.0003,per_usd
2002-07-26,1.0119,per_usd
2002-07-29,1.0226,per_usd
2002-07-30,1.0122,per_usd
2002-07-31,1.0208,per_usd
2002-08-01,1.016,per_usd
2002-08-02,1.0119,per_usd
2002-08-05,1.0156,per_usd
2002-08-06,1.0373,per_usd
2002-08-07,1.0269,per_usd
2002-08-08,1.0359,per_usd
2002-08-09,1.0294,per_usd
2002-08-12,1.0227,per_usd
2002-08-13,1.0218,per_usd
2002-08-14,1.0135,per_usd
2002-08-15,1.0187,per_usd
2002-08-16,1.0167,per_usd
2002-08-19,1.023,per_usd
2002-08-20,1.0226,per_usd
2002-08-21,1.0208,per_usd
2002-08-22,1.0312,per_usd
2002-08-23,1.0282,per_usd
2002-08-26,1.0276,per_usd
2002-08-27,1.019,per_usd
2002-08-28,1.0183,per_usd
2002-08-29,1.0174,per_usd
2002-08-30,1.0198,per_usd
2002-09-03,1.0041,per_usd
2002-09-04,1.0078,per_usd
2002-09-05,1.009,per_usd
2002-09-06,1.016,per_usd
2002-09-09,1.0186,per_usd
2002-09-10,1.0254,per_usd
2002-09-11,1.0284,per_usd
2002-09-12,1.0245,per_usd
2002-09-13,1.0264,per_usd
2002-09-16,1.0285,per_usd
2002-09-17,1.0325,per_usd
2002-09-18,1.0216,per_usd
2002-09-19,1.0186,per_usd
2002-09-20,1.0164,per_usd
2002-09-23,1.0181,per_usd
2002-09-24,1.0188,per_usd
2002-09-25,1.0207,per_usd
2002-09-26,1.0251,per_usd
2002-09-27,1.0233,per_usd
2002-09-30,1.0122,per_usd
2002-10-01,1.0143,per_usd
2002-10-02,1.0161,per_usd
2002-10-03,1.0131,per_usd
2002-10-04,1.0182,per_usd
2002-10-07,1.0187,per_usd
2002-10-08,1.0208,per_usd
2002-10-09,1.0134,per_usd
2002-10-10,1.0141,per_usd
2002-10-11,1.0148,per_usd
2002-10-15,1.0194,per_usd
2002-10-16,1.0179,per_usd
2002-10-17,1.029,per_usd
2002-10-18,1.0301,per_usd
2002-10-21,1.0275,per_usd
2002-10-22,1.0223,per_usd
2002-10-23,1.0233,per_usd
2002-10-24,1.0265,per_usd
2002-10-25,1.0239,per_usd
2002-10-28,1.016,per_usd
2002-10-29,1.0151,per_usd
2002-10-30,1.0168,per_usd
2002-10-31,1.012,per_usd
2002-11-01,1.0029,per_usd
2002-11-04,1.0047,per_usd
2002-11-05,1.0006,per_usd
2002-11-06,1.0026,per_usd
2002-11-07,0.9909,per_usd
2002-11-08,0.9863,per_usd
2002-11-12,0.9896,per_usd
2002-11-13,0.994,per_usd
2002-11-14,0.9966,per_usd
2002-11-15,0.9919,per_usd
2002-11-18,0.9918,per_usd
2002-11-19,0.9894,per_usd
2002-11-20,0.9976,per_usd
2002-11-21,1.0016,per_usd
2002-11-22,1.0034,per_usd
2002-11-25,1.0063,per_usd
2002-11-26,1.0088,per_usd
2002-11-27,1.0106,per_usd
2002-11-29,1.0068,per_usd
2002-12-02,1.0074,per_usd
2002-12-03,1.0032,per_usd
2002-12-04,1.0001,per_usd
2002-12-05,1.0011,per_usd
2002-12-06,0.992,per_usd
2002-12-09,0.9913,per_usd
2002-12-10,0.9928,per_usd
2002-12-11,0.9918,per_usd
2002-12-12,0.9815,per_usd
2002-12-13,0.9779,per_usd
2002-12-16,0.9794,per_usd
2002-12-17,0.974,per_usd
2002-12-18,0.9752,per_usd
2002-12-19,0.9788,per_usd
2002-12-20,0.9739,per_usd
2002-12-23,0.9788,per_usd
2002-12-24,0.9704,per_usd
2002-12-26,0.9654,per_usd
2002-12-27,0.9605,per_usd
2002-12-30,0.956,per_usd
2002-12-31,0.9537,per_usd
2003-01-02,0.9652,per_usd
2003-01-03,0.9599,per_usd
2003-01-06,0.9552,per_usd
2003-01-07,0.9598,per_usd
2003-01-08,0.9572,per_usd
2003-01-09,0.9554,per_usd
2003-01-10,0.9492,per_usd
2003-01-13,0.9492,per_usd
2003-01-14,0.946,per_usd
2003-01-15,0.9455,per_usd
2003-01-16,0.9462,per_usd
2003-01-17,0.9381,per_usd
2003-01-21,0.9366,per_usd
2003-01-22,0.9321,per_usd
2003-01-23,0.9288,per_usd
2003-01-24,0.9238,per_usd
2003-01-27,0.9227,per_usd
2003-01-28,0.9231,per_usd
2003-01-29,0.9207,per_usd
2003-01-30,0.928,per_usd
2003-01-31,0.9312,per_usd
2003-02-03,0.9293,per_usd
2003-02-04,0.9195,per_usd
2003-02-05,0.9223,per_usd
2003-02-06,0.9235,per_usd
2003-02-07,0.9258,per_usd
2003-02-10,0.9311,per_usd
2003-02-11,0.9305,per_usd
2003-02-12,0.9332,per_usd
2003-02-13,0.923,per_usd
2003-02-14,0.926,per_usd
2003-02-18,0.9339,per_usd
2003-02-19,0.9308,per_usd
2003-02-20,0.9241,per_usd
2003-02-21,0.927,per_usd
2003-02-24,0.9274,per_usd
2003-02-25,0.9275,per_usd
2003-02-26,0.9262,per_usd
2003-02-27,0.9291,per_usd
2003-02-28,0.9277,per_usd
2003-03-03,0.9229,per_usd
2003-03-04,0.9189,per_usd
2003-03-05,0.9118,per_usd
2003-03-06,0.9093,per_usd
2003-03-07,0.9079,per_usd
2003-03-10,0.904,per_usd
2003-03-11,0.9068,per_usd
2003-03-12,0.9072,per_usd
2003-03-13,0.92,per_usd
2003-03-14,0.9324,per_usd
2003-03-17,0.9429,per_usd
2003-03-18,0.9413,per_usd
2003-03-19,0.9443,per_usd
2003-03-20,0.9422,per_usd
2003-03-21,0.9483,per_usd
2003-03-24,0.9395,per_usd
2003-03-25,0.9369,per_usd
2003-03-26,0.9366,per_usd
2003-03-27,0.9339,per_usd
2003-03-28,0.9292,per_usd
2003-03-31,0.9174,per_usd
2003-04-01,0.9171,per_usd
2003-04-02,0.9289,per_usd
2003-04-03,0.9314,per_usd
2003-04-04,0.9336,per_usd
2003-04-07,0.9415,per_usd
2003-04-08,0.936,per_usd
2003-04-09,0.9327,per_usd
2003-04-10,0.9257,per_usd
2003-04-11,0.9301,per_usd
2003-04-14,0.9282,per_usd
2003-04-15,0.9258,per_usd
2003-04-16,0.9198,per_usd
2003-04-17,0.9168,per_usd
2003-04-18,0.9189,per_usd
2003-04-21,0.9211,per_usd
2003-04-22,0.9119,per_usd
2003-04-23,0.9133,per_usd
2003-04-24,0.9059,per_usd
2003-04-25,0.9058,per_usd
2003-04-28,0.9092,per_usd
2003-04-29,0.9083,per_usd
2003-04-30,0.8945,per_usd
2003-05-01,0.8898,per_usd
2003-05-02,0.8929,per_usd
2003-05-05,0.8872,per_usd
2003-05-06,0.8807,per_usd
2003-05-07,0.8818,per_usd
2003-05-08,0.8731,per_usd
2003-05-09,0.8697,per_usd
2003-05-12,0.8653,per_usd
2003-05-13,0.8696,per_usd
2003-05-14,0.8697,per_usd
2003-05-15,0.8728,per_usd
2003-05-16,0.8664,per_usd
2003-05-19,0.8557,per_usd
2003-05-20,0.8558,per_usd
2003-05-21,0.8542,per_usd
2003-05-22,0.8547,per_usd
2003-05-23,0.8485,per_usd
2003-05-27,0.8437,per_usd
2003-05-28,0.8516,per_usd
2003-05-29,0.845,per_usd
2003-05-30,0.8499,per_usd
2003-06-02,0.8515,per_usd
2003-06-03,0.8546,per_usd
2003-06-04,0.8541,per_usd
2003-06-05,0.8425,per_usd
2003-06-06,0.8551,per_usd
2003-06-09,0.8516,per_usd
2003-06-10,0.8557,per_usd
2003-06-11,0.8501,per_usd
2003-06-12,0.8498,per_usd
2003-06-13,0.8453,per_usd
2003-06-16,0.8444,per_usd
2003-06-17,0.8466,per_usd
2003-06-18,0.854,per_usd
2003-06-19,0.8563,per_usd
2003-06-20,0.8609,per_usd
2003-06-23,0.866,per_usd
2003-06-24,0.8697,per_usd
2003-06-25,0.8627,per_usd
2003-06-26,0.875,per_usd
2003-06-27,0.8754,per_usd
2003-06-30,0.8694,per_usd
2003-07-01,0.8636,per_usd
2003-07-02,0.8678,per_usd
2003-07-03,0.8693,per_usd
2003-07-07,0.8818,per_usd
2003-07-08,0.8877,per_usd
2003-07-09,0.8841,per_usd
2003-07-10,0.878,per_usd
2003-07-11,0.8846,per_usd
2003-07-14,0.8851,per_usd
2003-07-15,0.8902,per_usd
2003-07-16,0.8921,per_usd
2003-07-17,0.8957,per_usd
2003-07-18,0.8898,per_usd
2003-07-21,0.8814,per_usd
2003-07-22,0.883,per_usd
2003-07-23,0.8708,per_usd
2003-07-24,0.874,per_usd
2003-07-25,0.8686,per_usd
2003-07-28,0.8698,per_usd
2003-07-29,0.8721,per_usd
2003-07-30,0.8797,per_usd
2003-07-31,0.8904,per_usd
2003-08-01,0.8887,per_usd
2003-08-04,0.8821,per_usd
2003-08-05,0.8811,per_usd
2003-08-06,0.8805,per_usd
2003-08-07,0.878,per_usd
2003-08-08,0.8833,per_usd
2003-08-11,0.8811,per_usd
2003-08-12,0.8846,per_usd
2003-08-13,0.8836,per_usd
2003-08-14,0.889,per_usd
2003-08-15,0.8885,per_usd
2003-08-18,0.8978,per_usd
2003-08-19,0.8995,per_usd
2003-08-20,0.9006,per_usd
2003-08-21,0.9111,per_usd
2003-08-22,0.9199,per_usd
2003-08-25,0.9181,per_usd
2003-08-26,0.918,per_usd
2003-08-27,0.9169,per_usd
2003-08-28,0.9178,per_usd
2003-08-29,0.9102,per_usd
2003-09-02,0.9198,per_usd
2003-09-03,0.9221,per_usd
2003-09-04,0.9175,per_usd
2003-09-05,0.9031,per_usd
2003-09-08,0.899,per_usd
2003-09-09,0.8937,per_usd
2003-09-10,0.8933,per_usd
2003-09-11,0.894,per_usd
2003-09-12,0.8844,per_usd
2003-09-15,0.8846,per_usd
2003-09-16,0.8956,per_usd
2003-09-17,0.8898,per_usd
2003-09-18,0.8897,per_usd
2003-09-19,0.8814,per_usd
2003-09-22,0.872,per_usd
2003-09-23,0.8705,per_usd
2003-09-24,0.8717,per_usd
2003-09-25,0.8708,per_usd
2003-09-26,0.8709,per_usd
2003-09-29,0.8637,per_usd
2003-09-30,0.8584,per_usd
2003-10-01,0.8541,per_usd
2003-10-02,0.8535,per_usd
2003-10-03,0.8624,per_usd
2003-10-06,0.8543,per_usd
2003-10-07,0.8486,per_usd
2003-10-08,0.8471,per_usd
2003-10-09,0.8551,per_usd
2003-10-10,0.8466,per_usd
2003-10-14,0.853,per_usd
2003-10-15,0.8582,per_usd
2003-10-16,0.8573,per_usd
2003-10-17,0.8598,per_usd
2003-10-20,0.8568,per_usd
2003-10-21,0.8565,per_usd
2003-10-22,0.8471,per_usd
2003-10-23,0.8478,per_usd
2003-10-24,0.8451,per_usd
2003-10-27,0.8502,per_usd
2003-10-28,0.8555,per_usd
2003-10-29,0.8567,per_usd
2003-10-30,0.8551,per_usd
2003-10-31,0.8614,per_usd
2003-11-03,0.8731,per_usd
2003-11-04,0.8698,per_usd
2003-11-05,0.8716,per_usd
2003-11-06,0.8759,per_usd
2003-11-07,0.8692,per_usd
2003-11-10,0.8684,per_usd
2003-11-12,0.8586,per_usd
2003-11-13,0.8539,per_usd
2003-11-14,0.8516,per_usd
2003-11-17,0.8515,per_usd
2003-11-18,0.8408,per_usd
2003-11-19,0.8397,per_usd
2003-11-20,0.8407,per_usd
2003-11-21,0.8394,per_usd
2003-11-24,0.8498,per_usd
2003-11-25,0.8485,per_usd
2003-11-26,0.8391,per_usd
2003-11-28,0.8337,per_usd
2003-12-01,0.8364,per_usd
2003-12-02,0.8275,per_usd
2003-12-03,0.8269,per_usd
2003-12-04,0.828,per_usd
2003-12-05,0.8226,per_usd
2003-12-08,0.8185,per_usd
2003-12-09,0.8177,per_usd
2003-12-10,0.8187,per_usd
2003-12-11,0.8221,per_usd
2003-12-12,0.8141,per_usd
2003-12-15,0.8137,per_usd
2003-12-16,0.8112,per_usd
2003-12-17,0.8077,per_usd
2003-12-18,0.808,per_usd
2003-12-19,0.8078,per_usd
2003-12-22,0.8055,per_usd
2003-12-23,0.8061,per_usd
2003-12-24,0.8023,per_usd
2003-12-26,0.8038,per_usd
2003-12-29,0.801,per_usd
2003-12-30,0.7987,per_usd
2003-12-31,0.7938,per_usd
2004-01-02,0.7942,per_usd
2004-01-05,0.7887,per_usd
2004-01-06,0.7829,per_usd
2004-01-07,0.7896,per_usd
2004-01-08,0.783,per_usd
2004-01-09,0.778,per_usd
2004-01-12,0.7811,per_usd
2004-01-13,0.7852,per_usd
2004-01-14,0.7858,per_usd
2004-01-15,0.7944,per_usd
2004-01-16,0.8068,per_usd
2004-01-20,0.7947,per_usd
2004-01-21,0.7926,per_usd
2004-01-22,0.7863,per_usd
2004-01-23,0.793,per_usd
2004-01-26,0.7967,per_usd
2004-01-27,0.791,per_usd
2004-01-28,0.7924,per_usd
2004-01-29,0.8072,per_usd
2004-01-30,0.8031,per_usd
2004-02-02,0.8048,per_usd
2004-02-03,0.7961,per_usd
2004-02-04,0.7967,per_usd
2004-02-05,0.7933,per_usd
2004-02-06,0.7878,per_usd
2004-02-09,0.7891,per_usd
2004-02-10,0.7857,per_usd
2004-02-11,0.7803,per_usd
2004-02-12,0.7808,per_usd
2004-02-13,0.7843,per_usd
2004-02-17,0.7783,per_usd
2004-02-18,0.7805,per_usd
2004-02-19,0.7883,per_usd
2004-02-20,0.796,per_usd
2004-02-23,0.7956,per_usd
2004-02-24,0.7879,per_usd
2004-02-25,0.7998,per_usd
2004-02-26,0.8036,per_usd
2004-02-27,0.8038,per_usd
2004-03-01,0.8044,per_usd
2004-03-02,0.8189,per_usd
2004-03-03,0.8273,per_usd
2004-03-04,0.818,per_usd
2004-03-05,0.8064,per_usd
2004-03-08,0.8083,per_usd
2004-03-09,0.8046,per_usd
2004-03-10,0.8179,per_usd
2004-03-11,0.8151,per_usd
2004-03-12,0.8203,per_usd
2004-03-15,0.8168,per_usd
2004-03-16,0.815,per_usd
2004-03-17,0.8199,per_usd
2004-03-18,0.807,per_usd
2004-03-19,0.8151,per_usd
2004-03-22,0.8085,per_usd
2004-03-23,0.8123,per_usd
2004-03-24,0.8188,per_usd
2004-03-25,0.8217,per_usd
2004-03-26,0.827,per_usd
2004-03-29,0.8237,per_usd
2004-03-30,0.8195,per_usd
2004-03-31,0.8135,per_usd
2004-04-01,0.8092,per_usd
2004-04-02,0.8258,per_usd
2004-04-05,0.8328,per_usd
2004-04-06,0.8272,per_usd
2004-04-07,0.8216,per_usd
2004-04-08,0.8273,per_usd
2004-04-09,0.8263,per_usd
2004-04-12,0.8286,per_usd
2004-04-13,0.8387,per_usd
2004-04-14,0.8375,per_usd
2004-04-15,0.8393,per_usd
2004-04-16,0.8316,per_usd
2004-04-19,0.832,per_usd
2004-04-20,0.8396,per_usd
2004-04-21,0.8437,per_usd
2004-04-22,0.8431,per_usd
2004-04-23,0.8473,per_usd
2004-04-26,0.8438,per_usd
2004-04-27,0.8384,per_usd
2004-04-28,0.8453,per_usd
2004-04-29,0.8372,per_usd
2004-04-30,0.8351,per_usd
2004-05-03,0.8377,per_usd
2004-05-04,0.8281,per_usd
2004-05-05,0.822,per_usd
2004-05-06,0.8271,per_usd
2004-05-07,0.8414,per_usd
2004-05-10,0.845,per_usd
2004-05-11,0.8462,per_usd
2004-05-12,0.8396,per_usd
2004-05-13,0.8474,per_usd
2004-05-14,0.8422,per_usd
2004-05-17,0.8327,per_usd
2004-05-18,0.8354,per_usd
2004-05-19,0.8323,per_usd
2004-05-20,0.8385,per_usd
2004-05-21,0.8327,per_usd
2004-05-24,0.8349,per_usd
2004-05-25,0.826,per_usd
2004-05-26,0.8263,per_usd
2004-05-27,0.8147,per_usd
2004-05-28,0.8185,per_usd
2004-06-01,0.819,per_usd
2004-06-02,0.8163,per_usd
2004-06-03,0.8193,per_usd
2004-06-04,0.8158,per_usd
2004-06-07,0.8117,per_usd
2004-06-08,0.8148,per_usd
2004-06-09,0.8267,per_usd
2004-06-10,0.8258,per_usd
2004-06-11,0.8326,per_usd
2004-06-14,0.8283,per_usd
2004-06-15,0.8238,per_usd
2004-06-16,0.8329,per_usd
2004-06-17,0.8306,per_usd
2004-06-18,0.8252,per_usd
2004-06-21,0.8258,per_usd
2004-06-22,0.827,per_usd
2004-06-23,0.8271,per_usd
2004-06-24,0.8217,per_usd
2004-06-25,0.8234,per_usd
2004-06-28,0.8201,per_usd
2004-06-29,0.8248,per_usd
2004-06-30,0.8211,per_usd
2004-07-01,0.8225,per_usd
2004-07-02,0.8125,per_usd
2004-07-06,0.8137,per_usd
2004-07-07,0.8075,per_usd
2004-07-08,0.8071,per_usd
2004-07-09,0.8072,per_usd
2004-07-12,0.8059,per_usd
2004-07-13,0.8129,per_usd
2004-07-14,0.8074,per_usd
2004-07-15,0.8082,per_usd
2004-07-16,0.8041,per_usd
2004-07-19,0.8044,per_usd
2004-07-20,0.808,per_usd
2004-07-21,0.8181,per_usd
2004-07-22,0.8148,per_usd
2004-07-23,0.8249,per_usd
2004-07-26,0.8241,per_usd
2004-07-27,0.8295,per_usd
2004-07-28,0.8302,per_usd
2004-07-29,0.8285,per_usd
2004-07-30,0.8311,per_usd
2004-08-02,0.831,per_usd
2004-08-03,0.8298,per_usd
2004-08-04,0.8294,per_usd
2004-08-05,0.8299,per_usd
2004-08-06,0.8149,per_usd
2004-08-09,0.8156,per_usd
2004-08-10,0.8126,per_usd
2004-08-11,0.8182,per_usd
2004-08-12,0.8181,per_usd
2004-08-13,0.8095,per_usd
2004-08-16,0.8108,per_usd
2004-08-17,0.8111,per_usd
2004-08-18,0.8131,per_usd
2004-08-19,0.8085,per_usd
2004-08-20,0.8114,per_usd
2004-08-23,0.8199,per_usd
2004-08-24,0.8265,per_usd
2004-08-25,0.8271,per_usd
2004-08-26,0.8275,per_usd
2004-08-27,0.8316,per_usd
2004-08-30,0.8299,per_usd
2004-08-31,0.8208,per_usd
2004-09-01,0.8211,per_usd
2004-09-02,0.8221,per_usd
2004-09-03,0.8297,per_usd
2004-09-07,0.8269,per_usd
2004-09-08,0.8221,per_usd
2004-09-09,0.8204,per_usd
2004-09-10,0.8142,per_usd
2004-09-13,0.8163,per_usd
2004-09-14,0.8151,per_usd
2004-09-15,0.8235,per_usd
2004-09-16,0.8228,per_usd
2004-09-17,0.8214,per_usd
2004-09-20,0.8216,per_usd
2004-09-21,0.8154,per_usd
2004-09-22,0.8156,per_usd
2004-09-23,0.8131,per_usd
2004-09-24,0.8159,per_usd
2004-09-27,0.8125,per_usd
2004-09-28,0.8126,per_usd
2004-09-29,0.8125,per_usd
2004-09-30,0.8053,per_usd
2004-10-01,0.8065,per_usd
2004-10-04,0.8147,per_usd
2004-10-05,0.812,per_usd
2004-10-06,0.8131,per_usd
2004-10-07,0.8139,per_usd
2004-10-08,0.8053,per_usd
2004-10-12,0.8117,per_usd
2004-10-13,0.8149,per_usd
2004-10-14,0.8069,per_usd
2004-10-15,0.8014,per_usd
2004-10-18,0.7987,per_usd
2004-10-19,0.799,per_usd
2004-10-20,0.792,per_usd
2004-10-21,0.7923,per_usd
2004-10-22,0.7912,per_usd
2004-10-25,0.7823,per_usd
2004-10-26,0.7838,per_usd
2004-10-27,0.7859,per_usd
2004-10-28,0.7838,per_usd
2004-10-29,0.7846,per_usd
2004-11-01,0.7849,per_usd
2004-11-02,0.7872,per_usd
2004-11-03,0.782,per_usd
2004-11-04,0.7762,per_usd
2004-11-05,0.7729,per_usd
2004-11-08,0.773,per_usd
2004-11-09,0.7734,per_usd
2004-11-10,0.7737,per_usd
2004-11-12,0.7708,per_usd
2004-11-15,0.7726,per_usd
2004-11-16,0.7705,per_usd
2004-11-17,0.7674,per_usd
2004-11-18,0.7703,per_usd
2004-11-19,0.7658,per_usd
2004-11-22,0.7664,per_usd
2004-11-23,0.7639,per_usd
2004-11-24,0.7598,per_usd
2004-11-26,0.7526,per_usd
2004-11-29,0.7527,per_usd
2004-11-30,0.7542,per_usd
2004-12-01,0.7514,per_usd
2004-12-02,0.7537,per_usd
2004-12-03,0.7468,per_usd
2004-12-06,0.7445,per_usd
2004-12-07,0.7442,per_usd
2004-12-08,0.7546,per_usd
2004-12-09,0.7534,per_usd
2004-12-10,0.7562,per_usd
2004-12-13,0.7514,per_usd
2004-12-14,0.753,per_usd
2004-12-15,0.7447,per_usd
2004-12-16,0.7526,per_usd
2004-12-17,0.7522,per_usd
2004-12-20,0.7465,per_usd
2004-12-21,0.7476,per_usd
2004-12-22,0.7468,per_usd
2004-12-23,0.7412,per_usd
2004-12-24,0.7388,per_usd
2004-12-27,0.7339,per_usd
2004-12-28,0.7342,per_usd
2004-12-29,0.737,per_usd
2004-12-30,0.7341,per_usd
2004-12-31,0.7387,per_usd
2005-01-03,0.7421,per_usd
2005-01-04,0.7522,per_usd
2005-01-05,0.7523,per_usd
2005-01-06,0.7583,per_usd
2005-01-07,0.7656,per_usd
2005-01-10,0.7628,per_usd
2005-01-11,0.7598,per_usd
2005-01-12,0.753,per_usd
2005-01-13,0.7572,per_usd
2005-01-14,0.763,per_usd
2005-01-18,0.7667,per_usd
2005-01-19,0.7671,per_usd
2005-01-20,0.7717,per_usd
2005-01-21,0.7663,per_usd
2005-01-24,0.7668,per_usd
2005-01-25,0.772,per_usd
2005-01-26,0.7645,per_usd
2005-01-27,0.7673,per_usd
2005-01-28,0.7673,per_usd
2005-01-31,0.7663,per_usd
2005-02-01,0.7682,per_usd
2005-02-02,0.7683,per_usd
2005-02-03,0.7717,per_usd
2005-02-04,0.7736,per_usd
2005-02-07,0.7829,per_usd
2005-02-08,0.7823,per_usd
2005-02-09,0.7814,per_usd
2005-02-10,0.7763,per_usd
2005-02-11,0.7774,per_usd
2005-02-14,0.7704,per_usd
2005-02-15,0.7701,per_usd
2005-02-16,0.7696,per_usd
2005-02-17,0.7644,per_usd
2005-02-18,0.7648,per_usd
2005-02-22,0.7559,per_usd
2005-02-23,0.7571,per_usd
2005-02-24,0.7573,per_usd
2005-02-25,0.7579,per_usd
2005-02-28,0.7534,per_usd
2005-03-01,0.7582,per_usd
2005-03-02,0.7618,per_usd
2005-03-03,0.7616,per_usd
2005-03-04,0.7551,per_usd
2005-03-07,0.7574,per_usd
2005-03-08,0.7495,per_usd
2005-03-09,0.7472,per_usd
2005-03-10,0.7458,per_usd
2005-03-11,0.7427,per_usd
2005-03-14,0.7493,per_usd
2005-03-15,0.751,per_usd
2005-03-16,0.745,per_usd
2005-03-17,0.7478,per_usd
2005-03-18,0.7513,per_usd
2005-03-21,0.7596,per_usd
2005-03-22,0.757,per_usd
2005-03-23,0.7689,per_usd
2005-03-24,0.7718,per_usd
2005-03-25,0.772,per_usd
2005-03-28,0.7766,per_usd
2005-03-29,0.7744,per_usd
2005-03-30,0.7726,per_usd
2005-03-31,0.7711,per_usd
2005-04-01,0.7754,per_usd
2005-04-04,0.7789,per_usd
2005-04-05,0.7787,per_usd
2005-04-06,0.7771,per_usd
2005-04-07,0.7748,per_usd
2005-04-08,0.7745,per_usd
2005-04-11,0.7709,per_usd
2005-04-12,0.7768,per_usd
2005-04-13,0.7741,per_usd
2005-04-14,0.7801,per_usd
2005-04-15,0.7735,per_usd
2005-04-18,0.767,per_usd
2005-04-19,0.7672,per_usd
2005-04-20,0.7645,per_usd
2005-04-21,0.7638,per_usd
2005-04-22,0.7652,per_usd
2005-04-25,0.7702,per_usd
2005-04-26,0.7714,per_usd
2005-04-27,0.7729,per_usd
2005-04-28,0.7742,per_usd
2005-04-29,0.7741,per_usd
2005-05-02,0.7778,per_usd
2005-05-03,0.7759,per_usd
2005-05-04,0.773,per_usd
2005-05-05,0.773,per_usd
2005-05-06,0.7793,per_usd
2005-05-09,0.7789,per_usd
2005-05-10,0.7766,per_usd
2005-05-11,0.7811,per_usd
2005-05-12,0.787,per_usd
2005-05-13,0.7908,per_usd
2005-05-16,0.7918,per_usd
2005-05-17,0.7909,per_usd
2005-05-18,0.7899,per_usd
2005-05-19,0.7919,per_usd
2005-05-20,0.7966,per_usd
2005-05-23,0.7952,per_usd
2005-05-24,0.7944,per_usd
2005-05-25,0.7935,per_usd
2005-05-26,0.7989,per_usd
2005-05-27,0.7957,per_usd
2005-05-31,0.8098,per_usd
2005-06-01,0.8175,per_usd
2005-06-02,0.8153,per_usd
2005-06-03,0.8179,per_usd
2005-06-06,0.8151,per_usd
2005-06-07,0.8145,per_usd
2005-06-08,0.8117,per_usd
2005-06-09,0.8186,per_usd
2005-06-10,0.8246,per_usd
2005-06-13,0.8309,per_usd
2005-06-14,0.8307,per_usd
2005-06-15,0.826,per_usd
2005-06-16,0.8272,per_usd
2005-06-17,0.817,per_usd
2005-06-20,0.8237,per_usd
2005-06-21,0.8241,per_usd
2005-06-22,0.8244,per_usd
2005-06-23,0.8296,per_usd
2005-06-24,0.8273,per_usd
2005-06-27,0.8229,per_usd
2005-06-28,0.828,per_usd
2005-06-29,0.8264,per_usd
2005-06-30,0.8266,per_usd
2005-07-01,0.8363,per_usd
2005-07-05,0.8391,per_usd
2005-07-06,0.8391,per_usd
2005-07-07,0.8384,per_usd
2005-07-08,0.8379,per_usd
2005-07-11,0.8288,per_usd
2005-07-12,0.8197,per_usd
2005-07-13,0.8271,per_usd
2005-07-14,0.8272,per_usd
2005-07-15,0.8308,per_usd
2005-07-18,0.828,per_usd
2005-07-19,0.8333,per_usd
2005-07-20,0.8302,per_usd
2005-07-21,0.8256,per_usd
2005-07-22,0.8279,per_usd
2005-07-25,0.8296,per_usd
2005-07-26,0.8328,per_usd
2005-07-27,0.83,per_usd
2005-07-28,0.825,per_usd
2005-07-29,0.8245,per_usd
2005-08-01,0.82,per_usd
2005-08-02,0.8191,per_usd
2005-08-03,0.8106,per_usd
2005-08-04,0.8076,per_usd
2005-08-05,0.8112,per_usd
2005-08-08,0.809,per_usd
2005-08-09,0.8099,per_usd
2005-08-10,0.81,per_usd
2005-08-11,0.8042,per_usd
2005-08-12,0.8046,per_usd
2005-08-15,0.8089,per_usd
2005-08-16,0.8102,per_usd
2005-08-17,0.8137,per_usd
2005-08-18,0.8212,per_usd
2005-08-19,0.8232,per_usd
2005-08-22,0.8173,per_usd
2005-08-23,0.8188,per_usd
2005-08-24,0.8171,per_usd
2005-08-25,0.8123,per_usd
2005-08-26,0.8114,per_usd
2005-08-29,0.8165,per_usd
2005-08-30,0.8194,per_usd
2005-08-31,0.811,per_usd
2005-09-01,0.8034,per_usd
2005-09-02,0.7976,per_usd
2005-09-06,0.8011,per_usd
2005-09-07,0.8039,per_usd
2005-09-08,0.8065,per_usd
2005-09-09,0.8043,per_usd
2005-09-12,0.8138,per_usd
2005-09-13,0.8155,per_usd
2005-09-14,0.8142,per_usd
2005-09-15,0.8186,per_usd
2005-09-16,0.8187,per_usd
2005-09-19,0.8228,per_usd
2005-09-20,0.8212,per_usd
2005-09-21,0.8191,per_usd
2005-09-22,0.8228,per_usd
2005-09-23,0.828,per_usd
2005-09-26,0.8308,per_usd
2005-09-27,0.8326,per_usd
2005-09-28,0.8322,per_usd
2005-09-29,0.8319,per_usd
2005-09-30,0.8293,per_usd
2005-10-03,0.8393,per_usd
2005-10-04,0.8391,per_usd
2005-10-05,0.8344,per_usd
2005-10-06,0.8242,per_usd
2005-10-07,0.8254,per_usd
2005-10-11,0.8323,per_usd
2005-10-12,0.8306,per_usd
2005-10-13,0.8377,per_usd
2005-10-14,0.8283,per_usd
2005-10-17,0.8306,per_usd
2005-10-18,0.8376,per_usd
2005-10-19,0.8342,per_usd
2005-10-20,0.8346,per_usd
2005-10-21,0.8363,per_usd
2005-10-24,0.8335,per_usd
2005-10-25,0.8265,per_usd
2005-10-26,0.8277,per_usd
2005-10-27,0.8232,per_usd
2005-10-28,0.8272,per_usd
2005-10-31,0.8337,per_usd
2005-11-01,0.8335,per_usd
2005-11-02,0.8287,per_usd
2005-11-03,0.8354,per_usd
2005-11-04,0.8455,per_usd
2005-11-07,0.8478,per_usd
2005-11-08,0.8494,per_usd
2005-11-09,0.8512,per_usd
2005-11-10,0.8518,per_usd
2005-11-14,0.8571,per_usd
2005-11-15,0.8551,per_usd
2005-11-16,0.8568,per_usd
2005-11-17,0.8543,per_usd
2005-11-18,0.8517,per_usd
2005-11-21,0.8522,per_usd
2005-11-22,0.852,per_usd
2005-11-23,0.8475,per_usd
2005-11-25,0.853,per_usd
2005-11-28,0.8472,per_usd
2005-11-29,0.8485,per_usd
2005-11-30,0.8482,per_usd
2005-12-01,0.8546,per_usd
2005-12-02,0.8548,per_usd
2005-12-05,0.8484,per_usd
2005-12-06,0.8486,per_usd
2005-12-07,0.8531,per_usd
2005-12-08,0.8453,per_usd
2005-12-09,0.8457,per_usd
2005-12-12,0.8355,per_usd
2005-12-13,0.8385,per_usd
2005-12-14,0.8305,per_usd
2005-12-15,0.8358,per_usd
2005-12-16,0.8325,per_usd
2005-12-19,0.8336,per_usd
2005-12-20,0.844,per_usd
2005-12-21,0.8463,per_usd
2005-12-22,0.8415,per_usd
2005-12-23,0.8434,per_usd
2005-12-27,0.8435,per_usd
2005-12-28,0.8421,per_usd
2005-12-29,0.8442,per_usd
2005-12-30,0.8445,per_usd
2006-01-03,0.8347,per_usd
2006-01-04,0.8271,per_usd
2006-01-05,0.8264,per_usd
2006-01-06,0.8232,per_usd
2006-01-09,0.8289,per_usd
2006-01-10,0.829,per_usd
2006-01-11,0.8241,per_usd
2006-01-12,0.8309,per_usd
2006-01-13,0.8262,per_usd
2006-01-17,0.8283,per_usd
2006-01-18,0.8276,per_usd
2006-01-19,0.8258,per_usd
2006-01-20,0.8264,per_usd
2006-01-23,0.8146,per_usd
2006-01-24,0.8139,per_usd
2006-01-25,0.8162,per_usd
2006-01-26,0.8177,per_usd
2006-01-27,0.8244,per_usd
2006-01-30,0.8271,per_usd
2006-01-31,0.8225,per_usd
2006-02-01,0.827,per_usd
2006-02-02,0.8264,per_usd
2006-02-03,0.8319,per_usd
2006-02-06,0.8354,per_usd
2006-02-07,0.8351,per_usd
2006-02-08,0.8379,per_usd
2006-02-09,0.8359,per_usd
2006-02-10,0.8389,per_usd
2006-02-13,0.84,per_usd
2006-02-14,0.8407,per_usd
2006-02-15,0.8415,per_usd
2006-02-16,0.8416,per_usd
2006-02-17,0.8399,per_usd
2006-02-21,0.8395,per_usd
2006-02-22,0.84,per_usd
2006-02-23,0.8387,per_usd
2006-02-24,0.8416,per_usd
2006-02-27,0.8432,per_usd
2006-02-28,0.8386,per_usd
2006-03-01,0.8404,per_usd
2006-03-02,0.8331,per_usd
2006-03-03,0.8314,per_usd
2006-03-06,0.8332,per_usd
2006-03-07,0.8412,per_usd
2006-03-08,0.8393,per_usd
2006-03-09,0.8389,per_usd
2006-03-10,0.8413,per_usd
2006-03-13,0.8374,per_usd
2006-03-14,0.8316,per_usd
2006-03-15,0.8302,per_usd
2006-03-16,0.823,per_usd
2006-03-17,0.8199,per_usd
2006-03-20,0.8218,per_usd
2006-03-21,0.8279,per_usd
2006-03-22,0.8268,per_usd
2006-03-23,0.8344,per_usd
2006-03-24,0.831,per_usd
2006-03-27,0.8323,per_usd
2006-03-28,0.828,per_usd
2006-03-29,0.8313,per_usd
2006-03-30,0.8243,per_usd
2006-03-31,0.8238,per_usd
2006-04-03,0.8248,per_usd
2006-04-04,0.8158,per_usd
2006-04-05,0.8149,per_usd
2006-04-06,0.8186,per_usd
2006-04-07,0.8258,per_usd
2006-04-10,0.8271,per_usd
2006-04-11,0.8247,per_usd
2006-04-12,0.826,per_usd
2006-04-13,0.826,per_usd
2006-04-14,0.826,per_usd
2006-04-17,0.8152,per_usd
2006-04-18,0.8147,per_usd
2006-04-19,0.81,per_usd
2006-04-20,0.8113,per_usd
2006-04-21,0.8104,per_usd
2006-04-24,0.8082,per_usd
2006-04-25,0.8057,per_usd
2006-04-26,0.8023,per_usd
2006-04-27,0.7984,per_usd
2006-04-28,0.7921,per_usd
2006-05-01,0.7932,per_usd
2006-05-02,0.7909,per_usd
2006-05-03,0.7912,per_usd
2006-05-04,0.7884,per_usd
2006-05-05,0.7854,per_usd
2006-05-08,0.7862,per_usd
2006-05-09,0.7845,per_usd
2006-05-10,0.7813,per_usd
2006-05-11,0.7779,per_usd
2006-05-12,0.7759,per_usd
2006-05-15,0.7797,per_usd
2006-05-16,0.7802,per_usd
2006-05-17,0.786,per_usd
2006-05-18,0.7816,per_usd
2006-05-19,0.7843,per_usd
2006-05-22,0.7782,per_usd
2006-05-23,0.7786,per_usd
2006-05-24,0.7845,per_usd
2006-05-25,0.7827,per_usd
2006-05-26,0.785,per_usd
2006-05-30,0.7771,per_usd
2006-05-31,0.7792,per_usd
2006-06-01,0.7798,per_usd
2006-06-02,0.7745,per_usd
2006-06-05,0.772,per_usd
2006-06-06,0.7795,per_usd
2006-06-07,0.7813,per_usd
2006-06-08,0.7906,per_usd
2006-06-09,0.7914,per_usd
2006-06-12,0.7945,per_usd
2006-06-13,0.7953,per_usd
2006-06-14,0.7917,per_usd
2006-06-15,0.7926,per_usd
2006-06-16,0.7922,per_usd
2006-06-19,0.7951,per_usd
2006-06-20,0.7957,per_usd
2006-06-21,0.7896,per_usd
2006-06-22,0.7948,per_usd
2006-06-23,0.7986,per_usd
2006-06-26,0.7966,per_usd
2006-06-27,0.7943,per_usd
2006-06-28,0.798,per_usd
2006-06-29,0.7978,per_usd
2006-06-30,0.7825,per_usd
2006-07-03,0.7817,per_usd
2006-07-05,0.7858,per_usd
2006-07-06,0.7839,per_usd
2006-07-07,0.7799,per_usd
2006-07-10,0.7843,per_usd
2006-07-11,0.7841,per_usd
2006-07-12,0.787,per_usd
2006-07-13,0.7891,per_usd
2006-07-14,0.7911,per_usd
2006-07-17,0.7981,per_usd
2006-07-18,0.8,per_usd
2006-07-19,0.7962,per_usd
2006-07-20,0.7912,per_usd
2006-07-21,0.7884,per_usd
2006-07-24,0.7918,per_usd
2006-07-25,0.7952,per_usd
2006-07-26,0.7919,per_usd
2006-07-27,0.7854,per_usd
2006-07-28,0.7844,per_usd
2006-07-31,0.7835,per_usd
2006-08-01,0.7826,per_usd
2006-08-02,0.7814,per_usd
2006-08-03,0.7825,per_usd
2006-08-04,0.7756,per_usd
2006-08-07,0.7772,per_usd
2006-08-08,0.7789,per_usd
2006-08-09,0.7759,per_usd
2006-08-10,0.7834,per_usd
2006-08-11,0.7839,per_usd
2006-08-14,0.7852,per_usd
2006-08-15,0.782,per_usd
2006-08-16,0.7774,per_usd
2006-08-17,0.777,per_usd
2006-08-18,0.7806,per_usd
2006-08-21,0.7744,per_usd
2006-08-22,0.781,per_usd
2006-08-23,0.7816,per_usd
2006-08-24,0.7837,per_usd
2006-08-25,0.7833,per_usd
2006-08-28,0.7822,per_usd
2006-08-29,0.7832,per_usd
2006-08-30,0.7797,per_usd
2006-08-31,0.7817,per_usd
2006-09-01,0.7792,per_usd
2006-09-05,0.7806,per_usd
2006-09-06,0.782,per_usd
2006-09-07,0.7839,per_usd
2006-09-08,0.7891,per_usd
2006-09-11,0.7875,per_usd
2006-09-12,0.7878,per_usd
2006-09-13,0.7869,per_usd
2006-09-14,0.7852,per_usd
2006-09-15,0.7906,per_usd
2006-09-18,0.7892,per_usd
2006-09-19,0.7885,per_usd
2006-09-20,0.7873,per_usd
2006-09-21,0.7855,per_usd
2006-09-22,0.7815,per_usd
2006-09-25,0.7845,per_usd
2006-09-26,0.7882,per_usd
2006-09-27,0.7875,per_usd
2006-09-28,0.7876,per_usd
2006-09-29,0.7882,per_usd
2006-10-02,0.7847,per_usd
2006-10-03,0.7857,per_usd
2006-10-04,0.7882,per_usd
2006-10-05,0.7882,per_usd
2006-10-06,0.7937,per_usd
2006-10-10,0.7974,per_usd
2006-10-11,0.797,per_usd
2006-10-12,0.7976,per_usd
2006-10-13,0.7999,per_usd
2006-10-16,0.7988,per_usd
2006-10-17,0.7959,per_usd
2006-10-18,0.799,per_usd
2006-10-19,0.794,per_usd
2006-10-20,0.7928,per_usd
2006-10-23,0.7972,per_usd
2006-10-24,0.7959,per_usd
2006-10-25,0.7942,per_usd
2006-10-26,0.7893,per_usd
2006-10-27,0.7859,per_usd
2006-10-30,0.7863,per_usd
2006-10-31,0.7829,per_usd
2006-11-01,0.783,per_usd
2006-11-02,0.7825,per_usd
2006-11-03,0.7871,per_usd
2006-11-06,0.7865,per_usd
2006-11-07,0.7809,per_usd
2006-11-08,0.7828,per_usd
2006-11-09,0.7791,per_usd
2006-11-10,0.7775,per_usd
2006-11-13,0.7806,per_usd
2006-11-14,0.7805,per_usd
2006-11-15,0.7808,per_usd
2006-11-16,0.7808,per_usd
2006-11-17,0.7798,per_usd
2006-11-20,0.7806,per_usd
2006-11-21,0.7798,per_usd
2006-11-22,0.7735,per_usd
2006-11-24,0.7645,per_usd
2006-11-27,0.7622,per_usd
2006-11-28,0.7598,per_usd
2006-11-29,0.7607,per_usd
2006-11-30,0.7541,per_usd
2006-12-01,0.751,per_usd
2006-12-04,0.7504,per_usd
2006-12-05,0.7504,per_usd
2006-12-06,0.7515,per_usd
2006-12-07,0.7521,per_usd
2006-12-08,0.7567,per_usd
2006-12-11,0.7563,per_usd
2006-12-12,0.7557,per_usd
2006-12-13,0.7567,per_usd
2006-12-14,0.7591,per_usd
2006-12-15,0.7637,per_usd
2006-12-18,0.7649,per_usd
2006-12-19,0.7579,per_usd
2006-12-20,0.7586,per_usd
2006-12-21,0.759,per_usd
2006-12-22,0.7616,per_usd
2006-12-26,0.7615,per_usd
2006-12-27,0.7619,per_usd
2006-12-28,0.76,per_usd
2006-12-29,0.7577,per_usd
2007-01-02,0.7527,per_usd
2007-01-03,0.7594,per_usd
2007-01-04,0.7637,per_usd
2007-01-05,0.7689,per_usd
2007-01-08,0.7679,per_usd
2007-01-09,0.7695,per_usd
2007-01-10,0.7728,per_usd
2007-01-11,0.775,per_usd
2007-01-12,0.7736,per_usd
2007-01-16,0.7741,per_usd
2007-01-17,0.7723,per_usd
2007-01-18,0.7727,per_usd
2007-01-19,0.7711,per_usd
2007-01-22,0.7718,per_usd
2007-01-23,0.7678,per_usd
2007-01-24,0.7714,per_usd
2007-01-25,0.7704,per_usd
2007-01-26,0.7747,per_usd
2007-01-29,0.7723,per_usd
2007-01-30,0.772,per_usd
2007-01-31,0.7693,per_usd
2007-02-01,0.768,per_usd
2007-02-02,0.7716,per_usd
2007-02-05,0.7732,per_usd
2007-02-06,0.7711,per_usd
2007-02-07,0.768,per_usd
2007-02-08,0.7672,per_usd
2007-02-09,0.7689,per_usd
2007-02-12,0.7715,per_usd
2007-02-13,0.7678,per_usd
2007-02-14,0.7618,per_usd
2007-02-15,0.761,per_usd
2007-02-16,0.7612,per_usd
2007-02-20,0.7614,per_usd
2007-02-21,0.7618,per_usd
2007-02-22,0.7614,per_usd
2007-02-23,0.7596,per_usd
2007-02-26,0.7599,per_usd
2007-02-27,0.7549,per_usd
2007-02-28,0.7559,per_usd
2007-03-01,0.7591,per_usd
2007-03-02,0.7586,per_usd
2007-03-05,0.7637,per_usd
2007-03-06,0.7629,per_usd
2007-03-07,0.7606,per_usd
2007-03-08,0.7617,per_usd
2007-03-09,0.7623,per_usd
2007-03-12,0.7584,per_usd
2007-03-13,0.7576,per_usd
2007-03-14,0.756,per_usd
2007-03-15,0.7548,per_usd
2007-03-16,0.7515,per_usd
2007-03-19,0.7519,per_usd
2007-03-20,0.7524,per_usd
2007-03-21,0.7516,per_usd
2007-03-22,0.7486,per_usd
2007-03-23,0.7518,per_usd
2007-03-26,0.7499,per_usd
2007-03-27,0.7487,per_usd
2007-03-28,0.7501,per_usd
2007-03-29,0.7499,per_usd
2007-03-30,0.7477,per_usd
2007-04-02,0.7477,per_usd
2007-04-03,0.7483,per_usd
2007-04-04,0.7483,per_usd
2007-04-05,0.7448,per_usd
2007-04-06,0.7474,per_usd
2007-04-09,0.7481,per_usd
2007-04-10,0.7443,per_usd
2007-04-11,0.7443,per_usd
2007-04-12,0.7416,per_usd
2007-04-13,0.7398,per_usd
2007-04-16,0.738,per_usd
2007-04-17,0.737,per_usd
2007-04-18,0.7367,per_usd
2007-04-19,0.735,per_usd
2007-04-20,0.7352,per_usd
2007-04-23,0.7364,per_usd
2007-04-24,0.7341,per_usd
2007-04-25,0.7328,per_usd
2007-04-26,0.7358,per_usd
2007-04-27,0.7339,per_usd
2007-04-30,0.7321,per_usd
2007-05-01,0.7353,per_usd
2007-05-02,0.7354,per_usd
2007-05-03,0.7371,per_usd
2007-05-04,0.736,per_usd
2007-05-07,0.7344,per_usd
2007-05-08,0.739,per_usd
2007-05-09,0.7381,per_usd
2007-05-10,0.7401,per_usd
2007-05-11,0.7397,per_usd
2007-05-14,0.7383,per_usd
2007-05-15,0.7351,per_usd
2007-05-16,0.7395,per_usd
2007-05-17,0.7411,per_usd
2007-05-18,0.7401,per_usd
2007-05-21,0.7431,per_usd
2007-05-22,0.7427,per_usd
2007-05-23,0.7417,per_usd
2007-05-24,0.7447,per_usd
2007-05-25,0.7434,per_usd
2007-05-29,0.7417,per_usd
2007-05-30,0.7452,per_usd
2007-05-31,0.7433,per_usd
2007-06-01,0.744,per_usd
2007-06-04,0.7414,per_usd
2007-06-05,0.7393,per_usd
2007-06-06,0.7412,per_usd
2007-06-07,0.7432,per_usd
2007-06-08,0.7486,per_usd
2007-06-11,0.7486,per_usd
2007-06-12,0.7505,per_usd
2007-06-13,0.7522,per_usd
2007-06-14,0.7513,per_usd
2007-06-15,0.7482,per_usd
2007-06-18,0.7462,per_usd
2007-06-19,0.7454,per_usd
2007-06-20,0.7448,per_usd
2007-06-21,0.7463,per_usd
2007-06-22,0.7442,per_usd
2007-06-25,0.7435,per_usd
2007-06-26,0.7425,per_usd
2007-06-27,0.7444,per_usd
2007-06-28,0.7426,per_usd
2007-06-29,0.7396,per_usd
2007-07-02,0.7338,per_usd
2007-07-03,0.7345,per_usd
2007-07-05,0.7357,per_usd
2007-07-06,0.7339,per_usd
2007-07-09,0.7341,per_usd
2007-07-10,0.7292,per_usd
2007-07-11,0.7269,per_usd
2007-07-12,0.7259,per_usd
2007-07-13,0.7253,per_usd
2007-07-16,0.7254,per_usd
2007-07-17,0.7256,per_usd
2007-07-18,0.7242,per_usd
2007-07-19,0.7241,per_usd
2007-07-20,0.723,per_usd
2007-07-23,0.7237,per_usd
2007-07-24,0.7234,per_usd
2007-07-25,0.7293,per_usd
2007-07-26,0.7283,per_usd
2007-07-27,0.7328,per_usd
2007-07-30,0.7309,per_usd
2007-07-31,0.7293,per_usd
2007-08-01,0.7309,per_usd
2007-08-02,0.7303,per_usd
2007-08-03,0.7254,per_usd
2007-08-06,0.7252,per_usd
2007-08-07,0.7274,per_usd
2007-08-08,0.7242,per_usd
2007-08-09,0.7299,per_usd
2007-08-10,0.7307,per_usd
2007-08-13,0.734,per_usd
2007-08-14,0.7363,per_usd
2007-08-15,0.7419,per_usd
2007-08-16,0.7462,per_usd
2007-08-17,0.7412,per_usd
2007-08-20,0.7425,per_usd
2007-08-21,0.7417,per_usd
2007-08-22,0.7388,per_usd
2007-08-23,0.7375,per_usd
2007-08-24,0.7329,per_usd
2007-08-27,0.7329,per_usd
2007-08-28,0.7339,per_usd
2007-08-29,0.7313,per_usd
2007-08-30,0.7327,per_usd
2007-08-31,0.7331,per_usd
2007-09-03,0.7331,per_usd
2007-09-04,0.735,per_usd
2007-09-05,0.7316,per_usd
2007-09-06,0.7301,per_usd
2007-09-07,0.7261,per_usd
2007-09-10,0.725,per_usd
2007-09-11,0.7227,per_usd
2007-09-12,0.7192,per_usd
2007-09-13,0.7202,per_usd
2007-09-14,0.7221,per_usd
2007-09-17,0.7215,per_usd
2007-09-18,0.721,per_usd
2007-09-19,0.7168,per_usd
2007-09-20,0.7096,per_usd
2007-09-21,0.7104,per_usd
2007-09-24,0.7099,per_usd
2007-09-25,0.7078,per_usd
2007-09-26,0.7079,per_usd
2007-09-27,0.7073,per_usd
2007-09-28,0.7033,per_usd
2007-10-01,0.7028,per_usd
2007-10-02,0.7061,per_usd
2007-10-03,0.7075,per_usd
2007-10-04,0.7078,per_usd
2007-10-05,0.7065,per_usd
2007-10-08,0.7065,per_usd
2007-10-09,0.7096,per_usd
2007-10-10,0.7064,per_usd
2007-10-11,0.7028,per_usd
2007-10-12,0.7058,per_usd
2007-10-15,0.7034,per_usd
2007-10-16,0.706,per_usd
2007-10-17,0.7038,per_usd
2007-10-18,0.6997,per_usd
2007-10-19,0.7011,per_usd
2007-10-22,0.7073,per_usd
2007-10-23,0.7019,per_usd
2007-10-24,0.7024,per_usd
2007-10-25,0.6993,per_usd
2007-10-26,0.6949,per_usd
2007-10-29,0.6942,per_usd
2007-10-30,0.6933,per_usd
2007-10-31,0.6912,per_usd
2007-11-01,0.6928,per_usd
2007-11-02,0.6906,per_usd
2007-11-05,0.6911,per_usd
2007-11-06,0.687,per_usd
2007-11-07,0.6818,per_usd
2007-11-08,0.6807,per_usd
2007-11-09,0.6819,per_usd
2007-11-13,0.685,per_usd
2007-11-14,0.6817,per_usd
2007-11-15,0.6831,per_usd
2007-11-16,0.6825,per_usd
2007-11-19,0.6822,per_usd
2007-11-20,0.6763,per_usd
2007-11-21,0.6744,per_usd
2007-11-22,0.6744,per_usd
2007-11-23,0.6745,per_usd
2007-11-26,0.6729,per_usd
2007-11-27,0.6749,per_usd
2007-11-28,0.678,per_usd
2007-11-29,0.6772,per_usd
2007-11-30,0.6808,per_usd
2007-12-03,0.6823,per_usd
2007-12-04,0.6776,per_usd
2007-12-05,0.6818,per_usd
2007-12-06,0.6832,per_usd
2007-12-07,0.6819,per_usd
2007-12-10,0.6796,per_usd
2007-12-11,0.6802,per_usd
2007-12-12,0.6802,per_usd
2007-12-13,0.6854,per_usd
2007-12-14,0.6929,per_usd
2007-12-17,0.6959,per_usd
2007-12-18,0.6948,per_usd
2007-12-19,0.6972,per_usd
2007-12-20,0.6967,per_usd
2007-12-21,0.6963,per_usd
2007-12-24,0.694,per_usd
2007-12-26,0.6897,per_usd
2007-12-27,0.6849,per_usd
2007-12-28,0.6794,per_usd
2007-12-31,0.6848,per_usd
2008-01-02,0.6785,per_usd
2008-01-03,0.6786,per_usd
2008-01-04,0.6763,per_usd
2008-01-07,0.681,per_usd
2008-01-08,0.6795,per_usd
2008-01-09,0.682,per_usd
2008-01-10,0.6784,per_usd
2008-01-11,0.6763,per_usd
2008-01-14,0.6722,per_usd
2008-01-15,0.6738,per_usd
2008-01-16,0.6829,per_usd
2008-01-17,0.6807,per_usd
2008-01-18,0.6842,per_usd
2008-01-22,0.6845,per_usd
2008-01-23,0.6862,per_usd
2008-01-24,0.6786,per_usd
2008-01-25,0.6815,per_usd
2008-01-28,0.6762,per_usd
2008-01-29,0.6772,per_usd
2008-01-30,0.6765,per_usd
2008-01-31,0.6738,per_usd
2008-02-01,0.6734,per_usd
2008-02-04,0.6742,per_usd
2008-02-05,0.6832,per_usd
2008-02-06,0.6827,per_usd
2008-02-07,0.6899,per_usd
2008-02-08,0.6894,per_usd
2008-02-11,0.6894,per_usd
2008-02-12,0.6853,per_usd
2008-02-13,0.6864,per_usd
2008-02-14,0.6833,per_usd
2008-02-15,0.6815,per_usd
2008-02-19,0.6783,per_usd
2008-02-20,0.682,per_usd
2008-02-21,0.6751,per_usd
2008-02-22,0.6745,per_usd
2008-02-25,0.6747,per_usd
2008-02-26,0.6716,per_usd
2008-02-27,0.6609,per_usd
2008-02-28,0.6591,per_usd
2008-02-29,0.6585,per_usd
2008-03-03,0.6581,per_usd
2008-03-04,0.6575,per_usd
2008-03-05,0.6544,per_usd
2008-03-06,0.6512,per_usd
2008-03-07,0.6522,per_usd
2008-03-10,0.6507,per_usd
2008-03-11,0.6524,per_usd
2008-03-12,0.6454,per_usd
2008-03-13,0.6417,per_usd
2008-03-14,0.6409,per_usd
2008-03-17,0.6343,per_usd
2008-03-18,0.6336,per_usd
2008-03-19,0.6393,per_usd
2008-03-20,0.6486,per_usd
2008-03-21,0.6474,per_usd
2008-03-24,0.6496,per_usd
2008-03-25,0.6412,per_usd
2008-03-26,0.6345,per_usd
2008-03-27,0.633,per_usd
2008-03-28,0.6346,per_usd
2008-03-31,0.6327,per_usd
2008-04-01,0.6404,per_usd
2008-04-02,0.6403,per_usd
2008-04-03,0.6383,per_usd
2008-04-04,0.6355,per_usd
2008-04-07,0.6364,per_usd
2008-04-08,0.6367,per_usd
2008-04-09,0.6328,per_usd
2008-04-10,0.6352,per_usd
2008-04-11,0.6331,per_usd
2008-04-14,0.6318,per_usd
2008-04-15,0.6329,per_usd
2008-04-16,0.6259,per_usd
2008-04-17,0.628,per_usd
2008-04-18,0.6352,per_usd
2008-04-21,0.6297,per_usd
2008-04-22,0.6246,per_usd
2008-04-23,0.629,per_usd
2008-04-24,0.6382,per_usd
2008-04-25,0.6396,per_usd
2008-04-28,0.6391,per_usd
2008-04-29,0.6409,per_usd
2008-04-30,0.6423,per_usd
2008-05-01,0.6469,per_usd
2008-05-02,0.648,per_usd
2008-05-05,0.6455,per_usd
2008-05-06,0.6432,per_usd
2008-05-07,0.6506,per_usd
2008-05-08,0.649,per_usd
2008-05-09,0.6474,per_usd
2008-05-12,0.6437,per_usd
2008-05-13,0.6448,per_usd
2008-05-14,0.6465,per_usd
2008-05-15,0.6455,per_usd
2008-05-16,0.6414,per_usd
2008-05-19,0.6445,per_usd
2008-05-20,0.6383,per_usd
2008-05-21,0.634,per_usd
2008-05-22,0.6368,per_usd
2008-05-23,0.6336,per_usd
2008-05-27,0.6357,per_usd
2008-05-28,0.6399,per_usd
2008-05-29,0.644,per_usd
2008-05-30,0.6427,per_usd
2008-06-02,0.6431,per_usd
2008-06-03,0.6471,per_usd
2008-06-04,0.6471,per_usd
2008-06-05,0.6427,per_usd
2008-06-06,0.6357,per_usd
2008-06-09,0.6362,per_usd
2008-06-10,0.6463,per_usd
2008-06-11,0.6426,per_usd
2008-06-12,0.6486,per_usd
2008-06-13,0.6507,per_usd
2008-06-16,0.6463,per_usd
2008-06-17,0.6444,per_usd
2008-06-18,0.6451,per_usd
2008-06-19,0.6451,per_usd
2008-06-20,0.64,per_usd
2008-06-23,0.6455,per_usd
2008-06-24,0.6414,per_usd
2008-06-25,0.6423,per_usd
2008-06-26,0.6354,per_usd
2008-06-27,0.635,per_usd
2008-06-30,0.635,per_usd
2008-07-01,0.6338,per_usd
2008-07-02,0.6302,per_usd
2008-07-03,0.6366,per_usd
2008-07-07,0.6391,per_usd
2008-07-08,0.6389,per_usd
2008-07-09,0.6352,per_usd
2008-07-10,0.6341,per_usd
2008-07-11,0.629,per_usd
2008-07-14,0.6284,per_usd
2008-07-15,0.628,per_usd
2008-07-16,0.631,per_usd
2008-07-17,0.6305,per_usd
2008-07-18,0.6307,per_usd
2008-07-21,0.6298,per_usd
2008-07-22,0.6325,per_usd
2008-07-23,0.6366,per_usd
2008-07-24,0.6387,per_usd
2008-07-25,0.6375,per_usd
2008-07-28,0.635,per_usd
2008-07-29,0.6415,per_usd
2008-07-30,0.6427,per_usd
2008-07-31,0.6415,per_usd
2008-08-01,0.6424,per_usd
2008-08-04,0.6423,per_usd
2008-08-05,0.6465,per_usd
2008-08-06,0.649,per_usd
2008-08-07,0.6518,per_usd
2008-08-08,0.6646,per_usd
2008-08-11,0.6685,per_usd
2008-08-12,0.6709,per_usd
2008-08-13,0.6714,per_usd
2008-08-14,0.6731,per_usd
2008-08-15,0.6805,per_usd
2008-08-18,0.6789,per_usd
2008-08-19,0.6782,per_usd
2008-08-20,0.6802,per_usd
2008-08-21,0.6723,per_usd
2008-08-22,0.6757,per_usd
2008-08-25,0.6755,per_usd
2008-08-26,0.6821,per_usd
2008-08-27,0.681,per_usd
2008-08-28,0.681,per_usd
2008-08-29,0.6817,per_usd
2008-09-02,0.6886,per_usd
2008-09-03,0.6902,per_usd
2008-09-04,0.6964,per_usd
2008-09-05,0.7006,per_usd
2008-09-08,0.7079,per_usd
2008-09-09,0.7056,per_usd
2008-09-10,0.7133,per_usd
2008-09-11,0.7174,per_usd
2008-09-12,0.7056,per_usd
2008-09-15,0.7055,per_usd
2008-09-16,0.7065,per_usd
2008-09-17,0.7035,per_usd
2008-09-18,0.6953,per_usd
2008-09-19,0.6952,per_usd
2008-09-22,0.6804,per_usd
2008-09-23,0.6786,per_usd
2008-09-24,0.6824,per_usd
2008-09-25,0.6829,per_usd
2008-09-26,0.6851,per_usd
2008-09-29,0.6954,per_usd
2008-09-30,0.7102,per_usd
2008-10-01,0.7113,per_usd
2008-10-02,0.7218,per_usd
2008-10-03,0.7238,per_usd
2008-10-06,0.7403,per_usd
2008-10-07,0.7327,per_usd
2008-10-08,0.731,per_usd
2008-10-09,0.7328,per_usd
2008-10-10,0.7423,per_usd
2008-10-14,0.7322,per_usd
2008-10-15,0.7371,per_usd
2008-10-16,0.7454,per_usd
2008-10-17,0.7428,per_usd
2008-10-20,0.7511,per_usd
2008-10-21,0.7632,per_usd
2008-10-22,0.7791,per_usd
2008-10-23,0.7765,per_usd
2008-10-24,0.7912,per_usd
2008-10-27,0.8035,per_usd
2008-10-28,0.8015,per_usd
2008-10-29,0.7781,per_usd
2008-10-30,0.7782,per_usd
2008-10-31,0.7885,per_usd
2008-11-03,0.7862,per_usd
2008-11-04,0.768,per_usd
2008-11-05,0.7669,per_usd
2008-11-06,0.7839,per_usd
2008-11-07,0.7827,per_usd
2008-11-10,0.7837,per_usd
2008-11-12,0.7963,per_usd
2008-11-13,0.7983,per_usd
2008-11-14,0.7855,per_usd
2008-11-17,0.7858,per_usd
2008-11-18,0.788,per_usd
2008-11-19,0.794,per_usd
2008-11-20,0.7984,per_usd
2008-11-21,0.798,per_usd
2008-11-24,0.7758,per_usd
2008-11-25,0.7675,per_usd
2008-11-26,0.7795,per_usd
2008-11-28,0.7878,per_usd
2008-12-01,0.7915,per_usd
2008-12-02,0.7859,per_usd
2008-12-03,0.7893,per_usd
2008-12-04,0.7788,per_usd
2008-12-05,0.7903,per_usd
2008-12-08,0.7727,per_usd
2008-12-09,0.773,per_usd
2008-12-10,0.7678,per_usd
2008-12-11,0.7522,per_usd
2008-12-12,0.7491,per_usd
2008-12-15,0.7319,per_usd
2008-12-16,0.7241,per_usd
2008-12-17,0.6965,per_usd
2008-12-18,0.6994,per_usd
2008-12-19,0.7207,per_usd
2008-12-22,0.7167,per_usd
2008-12-23,0.716,per_usd
2008-12-24,0.7161,per_usd
2008-12-26,0.7111,per_usd
2008-12-29,0.7026,per_usd
2008-12-30,0.71,per_usd
2008-12-31,0.7184,per_usd
2009-01-02,0.7171,per_usd
2009-01-05,0.7366,per_usd
2009-01-06,0.7438,per_usd
2009-01-07,0.729,per_usd
2009-01-08,0.7292,per_usd
2009-01-09,0.741,per_usd
2009-01-12,0.7492,per_usd
2009-01-13,0.7577,per_usd
2009-01-14,0.7591,per_usd
2009-01-15,0.7637,per_usd
2009-01-16,0.7551,per_usd
2009-01-20,0.7724,per_usd
2009-01-21,0.777,per_usd
2009-01-22,0.7719,per_usd
2009-01-23,0.7783,per_usd
2009-01-26,0.762,per_usd
2009-01-27,0.7599,per_usd
2009-01-28,0.7551,per_usd
2009-01-29,0.7699,per_usd
2009-01-30,0.781,per_usd
2009-02-02,0.7808,per_usd
2009-02-03,0.7686,per_usd
2009-02-04,0.7778,per_usd
2009-02-05,0.7789,per_usd
2009-02-06,0.7768,per_usd
2009-02-09,0.7655,per_usd
2009-02-10,0.7712,per_usd
2009-02-11,0.7756,per_usd
2009-02-12,0.7799,per_usd
2009-02-13,0.7765,per_usd
2009-02-17,0.7955,per_usd
2009-02-18,0.797,per_usd
2009-02-19,0.789,per_usd
2009-02-20,0.788,per_usd
2009-02-23,0.7845,per_usd
2009-02-24,0.7848,per_usd
2009-02-25,0.7855,per_usd
2009-02-26,0.7835,per_usd
2009-02-27,0.7898,per_usd
2009-03-02,0.7949,per_usd
2009-03-03,0.7969,per_usd
2009-03-04,0.7932,per_usd
2009-03-05,0.7959,per_usd
2009-03-06,0.789,per_usd
2009-03-09,0.7914,per_usd
2009-03-10,0.7842,per_usd
2009-03-11,0.7828,per_usd
2009-03-12,0.7813,per_usd
2009-03-13,0.7757,per_usd
2009-03-16,0.7694,per_usd
2009-03-17,0.7709,per_usd
2009-03-18,0.7628,per_usd
2009-03-19,0.7283,per_usd
2009-03-20,0.7371,per_usd
2009-03-23,0.737,per_usd
2009-03-24,0.7394,per_usd
2009-03-25,0.7386,per_usd
2009-03-26,0.7375,per_usd
2009-03-27,0.7515,per_usd
2009-03-30,0.7607,per_usd
2009-03-31,0.7541,per_usd
2009-04-01,0.7563,per_usd
2009-04-02,0.7431,per_usd
2009-04-03,0.7437,per_usd
2009-04-06,0.7483,per_usd
2009-04-07,0.7529,per_usd
2009-04-08,0.7526,per_usd
2009-04-09,0.7605,per_usd
2009-04-10,0.7609,per_usd
2009-04-13,0.7488,per_usd
2009-04-14,0.7532,per_usd
2009-04-15,0.7586,per_usd
2009-04-16,0.7577,per_usd
2009-04-17,0.7675,per_usd
2009-04-20,0.775,per_usd
2009-04-21,0.7705,per_usd
2009-04-22,0.7685,per_usd
2009-04-23,0.7664,per_usd
2009-04-24,0.7532,per_usd
2009-04-27,0.7613,per_usd
2009-04-28,0.7656,per_usd
2009-04-29,0.7505,per_usd
2009-04-30,0.7551,per_usd
2009-05-01,0.7537,per_usd
2009-05-04,0.7482,per_usd
2009-05-05,0.7477,per_usd
2009-05-06,0.7511,per_usd
2009-05-07,0.7457,per_usd
2009-05-08,0.7411,per_usd
2009-05-11,0.7342,per_usd
2009-05-12,0.7332,per_usd
2009-05-13,0.7346,per_usd
2009-05-14,0.7349,per_usd
2009-05-15,0.7386,per_usd
2009-05-18,0.7406,per_usd
2009-05-19,0.7349,per_usd
2009-05-20,0.7265,per_usd
2009-05-21,0.7244,per_usd
2009-05-22,0.714,per_usd
2009-05-26,0.7147,per_usd
2009-05-27,0.7182,per_usd
2009-05-28,0.7169,per_usd
2009-05-29,0.7079,per_usd
2009-06-01,0.7046,per_usd
2009-06-02,0.7008,per_usd
2009-06-03,0.7045,per_usd
2009-06-04,0.7049,per_usd
2009-06-05,0.7148,per_usd
2009-06-08,0.7203,per_usd
2009-06-09,0.7136,per_usd
2009-06-10,0.7152,per_usd
2009-06-11,0.7096,per_usd
2009-06-12,0.7123,per_usd
2009-06-15,0.7255,per_usd
2009-06-16,0.7206,per_usd
2009-06-17,0.722,per_usd
2009-06-18,0.7154,per_usd
2009-06-19,0.7144,per_usd
2009-06-22,0.7222,per_usd
2009-06-23,0.7125,per_usd
2009-06-24,0.7135,per_usd
2009-06-25,0.7167,per_usd
2009-06-26,0.7114,per_usd
2009-06-29,0.7113,per_usd
2009-06-30,0.7133,per_usd
2009-07-01,0.7049,per_usd
2009-07-02,0.7134,per_usd
2009-07-03,0.7147,per_usd
2009-07-06,0.7175,per_usd
2009-07-07,0.7161,per_usd
2009-07-08,0.7219,per_usd
2009-07-09,0.713,per_usd
2009-07-10,0.7181,per_usd
2009-07-13,0.7157,per_usd
2009-07-14,0.7158,per_usd
2009-07-15,0.7084,per_usd
2009-07-16,0.7085,per_usd
2009-07-17,0.7082,per_usd
2009-07-20,0.7037,per_usd
2009-07-21,0.7044,per_usd
2009-07-22,0.7032,per_usd
2009-07-23,0.701,per_usd
2009-07-24,0.7036,per_usd
2009-07-27,0.7036,per_usd
2009-07-28,0.7035,per_usd
2009-07-29,0.7126,per_usd
2009-07-30,0.7109,per_usd
2009-07-31,0.7003,per_usd
2009-08-03,0.6937,per_usd
2009-08-04,0.6944,per_usd
2009-08-05,0.6949,per_usd
2009-08-06,0.6965,per_usd
2009-08-07,0.7052,per_usd
2009-08-10,0.7071,per_usd
2009-08-11,0.7072,per_usd
2009-08-12,0.7035,per_usd
2009-08-13,0.7001,per_usd
2009-08-14,0.7034,per_usd
2009-08-17,0.7098,per_usd
2009-08-18,0.7105,per_usd
2009-08-19,0.7012,per_usd
2009-08-20,0.7025,per_usd
2009-08-21,0.6991,per_usd
2009-08-24,0.6983,per_usd
2009-08-25,0.6969,per_usd
2009-08-26,0.7027,per_usd
2009-08-27,0.7007,per_usd
2009-08-28,0.6965,per_usd
2009-08-31,0.6967,per_usd
2009-09-01,0.7025,per_usd
2009-09-02,0.702,per_usd
2009-09-03,0.7004,per_usd
2009-09-04,0.7004,per_usd
2009-09-08,0.6898,per_usd
2009-09-09,0.6862,per_usd
2009-09-10,0.6864,per_usd
2009-09-11,0.6856,per_usd
2009-09-14,0.6843,per_usd
2009-09-15,0.6841,per_usd
2009-09-16,0.6804,per_usd
2009-09-17,0.6787,per_usd
2009-09-18,0.6801,per_usd
2009-09-21,0.6806,per_usd
2009-09-22,0.6759,per_usd
2009-09-23,0.6779,per_usd
2009-09-24,0.6805,per_usd
2009-09-25,0.6811,per_usd
2009-09-28,0.6826,per_usd
2009-09-29,0.6871,per_usd
2009-09-30,0.6835,per_usd
2009-10-01,0.6881,per_usd
2009-10-02,0.6854,per_usd
2009-10-05,0.6827,per_usd
2009-10-06,0.6782,per_usd
2009-10-07,0.6814,per_usd
2009-10-08,0.6767,per_usd
2009-10-09,0.6796,per_usd
2009-10-13,0.6739,per_usd
2009-10-14,0.6712,per_usd
2009-10-15,0.6691,per_usd
2009-10-16,0.6716,per_usd
2009-10-19,0.669,per_usd
2009-10-20,0.6709,per_usd
2009-10-21,0.6663,per_usd
2009-10-22,0.6665,per_usd
2009-10-23,0.6654,per_usd
2009-10-26,0.6693,per_usd
2009-10-27,0.6747,per_usd
2009-10-28,0.6774,per_usd
2009-10-29,0.6748,per_usd
2009-10-30,0.6777,per_usd
2009-11-02,0.6744,per_usd
2009-11-03,0.6822,per_usd
2009-11-04,0.674,per_usd
2009-11-05,0.6731,per_usd
2009-11-06,0.6741,per_usd
2009-11-09,0.6667,per_usd
2009-11-10,0.6684,per_usd
2009-11-12,0.6727,per_usd
2009-11-13,0.6718,per_usd
2009-11-16,0.6677,per_usd
2009-11-17,0.6743,per_usd
2009-11-18,0.6671,per_usd
2009-11-19,0.6709,per_usd
2009-11-20,0.6725,per_usd
2009-11-23,0.6681,per_usd
2009-11-24,0.6695,per_usd
2009-11-25,0.6629,per_usd
2009-11-27,0.6683,per_usd
2009-11-30,0.6669,per_usd
2009-12-01,0.6623,per_usd
2009-12-02,0.6641,per_usd
2009-12-03,0.6631,per_usd
2009-12-04,0.6718,per_usd
2009-12-07,0.6748,per_usd
2009-12-08,0.6784,per_usd
2009-12-09,0.6791,per_usd
2009-12-10,0.6795,per_usd
2009-12-11,0.6849,per_usd
2009-12-14,0.6828,per_usd
2009-12-15,0.689,per_usd
2009-12-16,0.686,per_usd
2009-12-17,0.6985,per_usd
2009-12-18,0.7002,per_usd
2009-12-21,0.6984,per_usd
2009-12-22,0.7021,per_usd
2009-12-23,0.6973,per_usd
2009-12-24,0.696,per_usd
2009-12-28,0.6948,per_usd
2009-12-29,0.6966,per_usd
2009-12-30,0.6985,per_usd
2009-12-31,0.6977,per_usd
2010-01-04,0.6935,per_usd
2010-01-05,0.6943,per_usd
2010-01-06,0.6943,per_usd
2010-01-07,0.6986,per_usd
2010-01-08,0.6965,per_usd
2010-01-11,0.6879,per_usd
2010-01-12,0.6886,per_usd
2010-01-13,0.69,per_usd
2010-01-14,0.6907,per_usd
2010-01-15,0.6956,per_usd
2010-01-19,0.7008,per_usd
2010-01-20,0.7095,per_usd
2010-01-21,0.7089,per_usd
2010-01-22,0.7065,per_usd
2010-01-25,0.7069,per_usd
2010-01-26,0.7111,per_usd
2010-01-27,0.7116,per_usd
2010-01-28,0.7146,per_usd
2010-01-29,0.721,per_usd
2010-02-01,0.7192,per_usd
2010-02-02,0.7166,per_usd
2010-02-03,0.7191,per_usd
2010-02-04,0.7268,per_usd
2010-02-05,0.7349,per_usd
2010-02-08,0.73,per_usd
2010-02-09,0.7249,per_usd
2010-02-10,0.7288,per_usd
2010-02-11,0.7331,per_usd
2010-02-12,0.7339,per_usd
2010-02-16,0.7277,per_usd
2010-02-17,0.7341,per_usd
2010-02-18,0.7373,per_usd
2010-02-19,0.7387,per_usd
2010-02-22,0.7358,per_usd
2010-02-23,0.7387,per_usd
2010-02-24,0.7366,per_usd
2010-02-25,0.7421,per_usd
2010-02-26,0.7321,per_usd
2010-03-01,0.7399,per_usd
2010-03-02,0.7372,per_usd
2010-03-03,0.7283,per_usd
2010-03-04,0.7369,per_usd
2010-03-05,0.7349,per_usd
2010-03-08,0.7346,per_usd
2010-03-09,0.7361,per_usd
2010-03-10,0.7322,per_usd
2010-03-11,0.7313,per_usd
2010-03-12,0.7271,per_usd
2010-03-15,0.7325,per_usd
2010-03-16,0.7268,per_usd
2010-03-17,0.7279,per_usd
2010-03-18,0.7351,per_usd
2010-03-19,0.7391,per_usd
2010-03-22,0.739,per_usd
2010-03-23,0.7388,per_usd
2010-03-24,0.7492,per_usd
2010-03-25,0.7494,per_usd
2010-03-26,0.7464,per_usd
2010-03-29,0.7427,per_usd
2010-03-30,0.7458,per_usd
2010-03-31,0.7393,per_usd
2010-04-01,0.737,per_usd
2010-04-02,0.7415,per_usd
2010-04-05,0.7415,per_usd
2010-04-06,0.7475,per_usd
2010-04-07,0.7483,per_usd
2010-04-08,0.7485,per_usd
2010-04-09,0.7425,per_usd
2010-04-12,0.736,per_usd
2010-04-13,0.7357,per_usd
2010-04-14,0.7317,per_usd
2010-04-15,0.7386,per_usd
2010-04-16,0.7415,per_usd
2010-04-19,0.7431,per_usd
2010-04-20,0.7437,per_usd
2010-04-21,0.7472,per_usd
2010-04-22,0.752,per_usd
2010-04-23,0.7485,per_usd
2010-04-26,0.7499,per_usd
2010-04-27,0.7559,per_usd
2010-04-28,0.7616,per_usd
2010-04-29,0.7551,per_usd
2010-04-30,0.7518,per_usd
2010-05-03,0.7586,per_usd
2010-05-04,0.767,per_usd
2010-05-05,0.7758,per_usd
2010-05-06,0.7881,per_usd
2010-05-07,0.7861,per_usd
2010-05-10,0.7775,per_usd
2010-05-11,0.7865,per_usd
2010-05-12,0.791,per_usd
2010-05-13,0.7957,per_usd
2010-05-14,0.8071,per_usd
2010-05-17,0.8131,per_usd
2010-05-18,0.8092,per_usd
2010-05-19,0.8119,per_usd
2010-05-20,0.8084,per_usd
2010-05-21,0.7952,per_usd
2010-05-24,0.8061,per_usd
2010-05-25,0.8144,per_usd
2010-05-26,0.8181,per_usd
2010-05-27,0.8084,per_usd
2010-05-28,0.8085,per_usd
2010-06-01,0.8153,per_usd
2010-06-02,0.8193,per_usd
2010-06-03,0.8201,per_usd
2010-06-04,0.8335,per_usd
2010-06-07,0.8362,per_usd
2010-06-08,0.8337,per_usd
2010-06-09,0.8302,per_usd
2010-06-10,0.8257,per_usd
2010-06-11,0.828,per_usd
2010-06-14,0.8145,per_usd
2010-06-15,0.8112,per_usd
2010-06-16,0.8115,per_usd
2010-06-17,0.8087,per_usd
2010-06-18,0.8091,per_usd
2010-06-21,0.8074,per_usd
2010-06-22,0.8128,per_usd
2010-06-23,0.8123,per_usd
2010-06-24,0.8138,per_usd
2010-06-25,0.8109,per_usd
2010-06-28,0.812,per_usd
2010-06-29,0.8205,per_usd
2010-06-30,0.8136,per_usd
2010-07-01,0.8023,per_usd
2010-07-02,0.7951,per_usd
2010-07-06,0.7908,per_usd
2010-07-07,0.794,per_usd
2010-07-08,0.7885,per_usd
2010-07-09,0.7912,per_usd
2010-07-12,0.7954,per_usd
2010-07-13,0.7862,per_usd
2010-07-14,0.784,per_usd
2010-07-15,0.7756,per_usd
2010-07-16,0.7741,per_usd
2010-07-19,0.7714,per_usd
2010-07-20,0.7749,per_usd
2010-07-21,0.7802,per_usd
2010-07-22,0.775,per_usd
2010-07-23,0.7768,per_usd
2010-07-26,0.7702,per_usd
2010-07-27,0.7702,per_usd
2010-07-28,0.7693,per_usd
2010-07-29,0.7655,per_usd
2010-07-30,0.7652,per_usd
2010-08-02,0.7591,per_usd
2010-08-03,0.7553,per_usd
2010-08-04,0.76,per_usd
2010-08-05,0.7601,per_usd
2010-08-06,0.7529,per_usd
2010-08-09,0.7552,per_usd
2010-08-10,0.7637,per_usd
2010-08-11,0.7753,per_usd
2010-08-12,0.7772,per_usd
2010-08-13,0.7833,per_usd
2010-08-16,0.7789,per_usd
2010-08-17,0.7758,per_usd
2010-08-18,0.7769,per_usd
2010-08-19,0.779,per_usd
2010-08-20,0.7882,per_usd
2010-08-23,0.7897,per_usd
2010-08-24,0.789,per_usd
2010-08-25,0.7904,per_usd
2010-08-26,0.7863,per_usd
2010-08-27,0.7834,per_usd
2010-08-30,0.7883,per_usd
2010-08-31,0.7872,per_usd
2010-09-01,0.7805,per_usd
2010-09-02,0.7798,per_usd
2010-09-03,0.7761,per_usd
2010-09-07,0.786,per_usd
2010-09-08,0.7857,per_usd
2010-09-09,0.7869,per_usd
2010-09-10,0.7855,per_usd
2010-09-13,0.7758,per_usd
2010-09-14,0.7684,per_usd
2010-09-15,0.7688,per_usd
2010-09-16,0.7646,per_usd
2010-09-17,0.7665,per_usd
2010-09-20,0.7649,per_usd
2010-09-21,0.7613,per_usd
2010-09-22,0.7471,per_usd
2010-09-23,0.7494,per_usd
2010-09-24,0.7421,per_usd
2010-09-27,0.7421,per_usd
2010-09-28,0.7362,per_usd
2010-09-29,0.7332,per_usd
2010-09-30,0.7352,per_usd
2010-10-01,0.7271,per_usd
2010-10-04,0.7306,per_usd
2010-10-05,0.7229,per_usd
2010-10-06,0.7182,per_usd
2010-10-07,0.7183,per_usd
2010-10-08,0.7182,per_usd
2010-10-12,0.7222,per_usd
2010-10-13,0.7161,per_usd
2010-10-14,0.7109,per_usd
2010-10-15,0.7144,per_usd
2010-10-18,0.7154,per_usd
2010-10-19,0.7232,per_usd
2010-10-20,0.7169,per_usd
2010-10-21,0.7157,per_usd
2010-10-22,0.7192,per_usd
2010-10-25,0.715,per_usd
2010-10-26,0.7208,per_usd
2010-10-27,0.7253,per_usd
2010-10-28,0.7179,per_usd
2010-10-29,0.7197,per_usd
2010-11-01,0.72,per_usd
2010-11-02,0.713,per_usd
2010-11-03,0.7136,per_usd
2010-11-04,0.703,per_usd
2010-11-05,0.7126,per_usd
2010-11-08,0.718,per_usd
2010-11-09,0.7212,per_usd
2010-11-10,0.7284,per_usd
2010-11-12,0.7299,per_usd
2010-11-15,0.7345,per_usd
2010-11-16,0.7398,per_usd
2010-11-17,0.7377,per_usd
2010-11-18,0.7343,per_usd
2010-11-19,0.7324,per_usd
2010-11-22,0.7346,per_usd
2010-11-23,0.7469,per_usd
2010-11-24,0.7491,per_usd
2010-11-26,0.7551,per_usd
2010-11-29,0.7638,per_usd
2010-11-30,0.7671,per_usd
2010-12-01,0.7605,per_usd
2010-12-02,0.756,per_usd
2010-12-03,0.7481,per_usd
2010-12-06,0.7533,per_usd
2010-12-07,0.7506,per_usd
2010-12-08,0.7552,per_usd
2010-12-09,0.7572,per_usd
2010-12-10,0.7552,per_usd
2010-12-13,0.7469,per_usd
2010-12-14,0.7465,per_usd
2010-12-15,0.7515,per_usd
2010-12-16,0.7572,per_usd
2010-12-17,0.7602,per_usd
2010-12-20,0.762,per_usd
2010-12-21,0.7616,per_usd
2010-12-22,0.764,per_usd
2010-12-23,0.7633,per_usd
2010-12-27,0.7607,per_usd
2010-12-28,0.7621,per_usd
2010-12-29,0.7586,per_usd
2010-12-30,0.7536,per_usd
2011-01-03,0.7479,per_usd
2011-01-04,0.7515,per_usd
2011-01-05,0.7592,per_usd
2011-01-06,0.7676,per_usd
2011-01-07,0.7726,per_usd
2011-01-10,0.7725,per_usd
2011-01-11,0.7705,per_usd
2011-01-12,0.7653,per_usd
2011-01-13,0.7483,per_usd
2011-01-14,0.7503,per_usd
2011-01-18,0.7463,per_usd
2011-01-19,0.741,per_usd
2011-01-20,0.7439,per_usd
2011-01-21,0.7363,per_usd
2011-01-24,0.7324,per_usd
2011-01-25,0.7329,per_usd
2011-01-26,0.7306,per_usd
2011-01-27,0.7306,per_usd
2011-01-28,0.7349,per_usd
2011-01-31,0.7291,per_usd
2011-02-01,0.725,per_usd
2011-02-02,0.7257,per_usd
2011-02-03,0.7324,per_usd
2011-02-04,0.7362,per_usd
2011-02-07,0.7376,per_usd
2011-02-08,0.7306,per_usd
2011-02-09,0.7306,per_usd
2011-02-10,0.7333,per_usd
2011-02-11,0.7396,per_usd
2011-02-14,0.7422,per_usd
2011-02-15,0.7411,per_usd
2011-02-16,0.7382,per_usd
2011-02-17,0.7346,per_usd
2011-02-18,0.7314,per_usd
2011-02-22,0.732,per_usd
2011-02-23,0.7268,per_usd
2011-02-24,0.725,per_usd
2011-02-25,0.7269,per_usd
2011-02-28,0.725,per_usd
2011-03-01,0.724,per_usd
2011-03-02,0.721,per_usd
2011-03-03,0.717,per_usd
2011-03-04,0.7152,per_usd
2011-03-07,0.7155,per_usd
2011-03-08,0.7188,per_usd
2011-03-09,0.7191,per_usd
2011-03-10,0.7234,per_usd
2011-03-11,0.7213,per_usd
2011-03-14,0.7156,per_usd
2011-03-15,0.7159,per_usd
2011-03-16,0.7183,per_usd
2011-03-17,0.7132,per_usd
2011-03-18,0.7072,per_usd
2011-03-21,0.705,per_usd
2011-03-22,0.7036,per_usd
2011-03-23,0.708,per_usd
2011-03-24,0.7042,per_usd
2011-03-25,0.707,per_usd
2011-03-28,0.709,per_usd
2011-03-29,0.7097,per_usd
2011-03-30,0.7095,per_usd
2011-03-31,0.7051,per_usd
2011-04-01,0.7035,per_usd
2011-04-04,0.7032,per_usd
2011-04-05,0.7027,per_usd
2011-04-06,0.6977,per_usd
2011-04-07,0.6999,per_usd
2011-04-08,0.6927,per_usd
2011-04-11,0.6919,per_usd
2011-04-12,0.6918,per_usd
2011-04-13,0.6908,per_usd
2011-04-14,0.6914,per_usd
2011-04-15,0.6924,per_usd
2011-04-18,0.7037,per_usd
2011-04-19,0.6984,per_usd
2011-04-20,0.689,per_usd
2011-04-21,0.6856,per_usd
2011-04-22,0.6875,per_usd
2011-04-25,0.6861,per_usd
2011-04-26,0.6838,per_usd
2011-04-27,0.6822,per_usd
2011-04-28,0.6764,per_usd
2011-04-29,0.6747,per_usd
2011-05-02,0.6725,per_usd
2011-05-03,0.6723,per_usd
2011-05-04,0.673,per_usd
2011-05-05,0.6857,per_usd
2011-05-06,0.6899,per_usd
2011-05-09,0.6993,per_usd
2011-05-10,0.6965,per_usd
2011-05-11,0.7008,per_usd
2011-05-12,0.7028,per_usd
2011-05-13,0.7072,per_usd
2011-05-16,0.7033,per_usd
2011-05-17,0.7065,per_usd
2011-05-18,0.7008,per_usd
2011-05-19,0.7016,per_usd
2011-05-20,0.7056,per_usd
2011-05-23,0.7135,per_usd
2011-05-24,0.7089,per_usd
2011-05-25,0.7091,per_usd
2011-05-26,0.7098,per_usd
2011-05-27,0.6999,per_usd
2011-05-31,0.6956,per_usd
2011-06-01,0.693,per_usd
2011-06-02,0.6932,per_usd
2011-06-03,0.6847,per_usd
2011-06-06,0.684,per_usd
2011-06-07,0.6814,per_usd
2011-06-08,0.6855,per_usd
2011-06-09,0.688,per_usd
2011-06-10,0.6961,per_usd
2011-06-13,0.696,per_usd
2011-06-14,0.6909,per_usd
2011-06-15,0.7032,per_usd
2011-06-16,0.7065,per_usd
2011-06-17,0.698,per_usd
2011-06-20,0.6983,per_usd
2011-06-21,0.6945,per_usd
2011-06-22,0.6943,per_usd
2011-06-23,0.7059,per_usd
2011-06-24,0.7048,per_usd
2011-06-27,0.7002,per_usd
2011-06-28,0.696,per_usd
2011-06-29,0.6931,per_usd
2011-06-30,0.6886,per_usd
2011-07-01,0.6893,per_usd
2011-07-05,0.6911,per_usd
2011-07-06,0.6979,per_usd
2011-07-07,0.6969,per_usd
2011-07-08,0.7017,per_usd
2011-07-11,0.7126,per_usd
2011-07-12,0.7136,per_usd
2011-07-13,0.7059,per_usd
2011-07-14,0.7051,per_usd
2011-07-15,0.7064,per_usd
2011-07-18,0.7121,per_usd
2011-07-19,0.7064,per_usd
2011-07-20,0.7048,per_usd
2011-07-21,0.6958,per_usd
2011-07-22,0.6961,per_usd
2011-07-25,0.6965,per_usd
2011-07-26,0.6899,per_usd
2011-07-27,0.6957,per_usd
2011-07-28,0.6992,per_usd
2011-07-29,0.695,per_usd
2011-08-01,0.7041,per_usd
2011-08-02,0.7026,per_usd
2011-08-03,0.6983,per_usd
2011-08-04,0.7063,per_usd
2011-08-05,0.7063,per_usd
2011-08-08,0.7022,per_usd
2011-08-09,0.7021,per_usd
2011-08-10,0.7046,per_usd
2011-08-11,0.7027,per_usd
2011-08-12,0.7023,per_usd
2011-08-15,0.6919,per_usd
2011-08-16,0.6934,per_usd
2011-08-17,0.6927,per_usd
2011-08-18,0.6983,per_usd
2011-08-19,0.6941,per_usd
2011-08-22,0.6952,per_usd
2011-08-23,0.693,per_usd
2011-08-24,0.6943,per_usd
2011-08-25,0.6954,per_usd
2011-08-26,0.6914,per_usd
2011-08-29,0.6892,per_usd
2011-08-30,0.6928,per_usd
2011-08-31,0.6942,per_usd
2011-09-01,0.7001,per_usd
2011-09-02,0.7041,per_usd
2011-09-06,0.7143,per_usd
2011-09-07,0.7113,per_usd
2011-09-08,0.717,per_usd
2011-09-09,0.7317,per_usd
2011-09-12,0.7334,per_usd
2011-09-13,0.731,per_usd
2011-09-14,0.7294,per_usd
2011-09-15,0.7216,per_usd
2011-09-16,0.7255,per_usd
2011-09-19,0.7334,per_usd
2011-09-20,0.7301,per_usd
2011-09-21,0.7287,per_usd
2011-09-22,0.7437,per_usd
2011-09-23,0.7398,per_usd
2011-09-26,0.7399,per_usd
2011-09-27,0.735,per_usd
2011-09-28,0.7338,per_usd
2011-09-29,0.7332,per_usd
2011-09-30,0.7435,per_usd
2011-10-03,0.753,per_usd
2011-10-04,0.7522,per_usd
2011-10-05,0.7503,per_usd
2011-10-06,0.7458,per_usd
2011-10-07,0.7401,per_usd
2011-10-11,0.7322,per_usd
2011-10-12,0.7244,per_usd
2011-10-13,0.7283,per_usd
2011-10-14,0.7214,per_usd
2011-10-17,0.7262,per_usd
2011-10-18,0.7289,per_usd
2011-10-19,0.726,per_usd
2011-10-20,0.7314,per_usd
2011-10-21,0.7208,per_usd
2011-10-24,0.7178,per_usd
2011-10-25,0.7189,per_usd
2011-10-26,0.7226,per_usd
2011-10-27,0.7056,per_usd
2011-10-28,0.706,per_usd
2011-10-31,0.717,per_usd
2011-11-01,0.7312,per_usd
2011-11-02,0.7245,per_usd
2011-11-03,0.7276,per_usd
2011-11-04,0.7267,per_usd
2011-11-07,0.7276,per_usd
2011-11-08,0.7254,per_usd
2011-11-09,0.7355,per_usd
2011-11-10,0.7353,per_usd
2011-11-14,0.7339,per_usd
2011-11-15,0.7394,per_usd
2011-11-16,0.7405,per_usd
2011-11-17,0.7395,per_usd
2011-11-18,0.7396,per_usd
2011-11-21,0.7394,per_usd
2011-11-22,0.7407,per_usd
2011-11-23,0.7492,per_usd
2011-11-25,0.7551,per_usd
2011-11-28,0.75,per_usd
2011-11-29,0.7495,per_usd
2011-11-30,0.7433,per_usd
2011-12-01,0.7415,per_usd
2011-12-02,0.747,per_usd
2011-12-05,0.7428,per_usd
2011-12-06,0.7464,per_usd
2011-12-07,0.747,per_usd
2011-12-08,0.7505,per_usd
2011-12-09,0.7481,per_usd
2011-12-12,0.7583,per_usd
2011-12-13,0.7637,per_usd
2011-12-14,0.7709,per_usd
2011-12-15,0.7685,per_usd
2011-12-16,0.7678,per_usd
2011-12-19,0.7682,per_usd
2011-12-20,0.7648,per_usd
2011-12-21,0.7669,per_usd
2011-12-22,0.7666,per_usd
2011-12-23,0.7669,per_usd
2011-12-27,0.7649,per_usd
2011-12-28,0.7736,per_usd
2011-12-29,0.7721,per_usd
2011-12-30,0.7708,per_usd
2012-01-03,0.7656,per_usd
2012-01-04,0.7734,per_usd
2012-01-05,0.7823,per_usd
2012-01-06,0.786,per_usd
2012-01-09,0.7846,per_usd
2012-01-10,0.7824,per_usd
2012-01-11,0.7883,per_usd
2012-01-12,0.7802,per_usd
2012-01-13,0.7885,per_usd
2012-01-17,0.7849,per_usd
2012-01-18,0.7797,per_usd
2012-01-19,0.773,per_usd
2012-01-20,0.7723,per_usd
2012-01-23,0.7672,per_usd
2012-01-24,0.769,per_usd
2012-01-25,0.7705,per_usd
2012-01-26,0.7603,per_usd
2012-01-27,0.758,per_usd
2012-01-30,0.762,per_usd
2012-01-31,0.7661,per_usd
2012-02-01,0.7588,per_usd
2012-02-02,0.7595,per_usd
2012-02-03,0.763,per_usd
2012-02-06,0.7616,per_usd
2012-02-07,0.7551,per_usd
2012-02-08,0.7545,per_usd
2012-02-09,0.752,per_usd
2012-02-10,0.7583,per_usd
2012-02-13,0.7569,per_usd
2012-02-14,0.7605,per_usd
2012-02-15,0.7641,per_usd
2012-02-16,0.7628,per_usd
2012-02-17,0.7605,per_usd
2012-02-21,0.7544,per_usd
2012-02-22,0.7547,per_usd
2012-02-23,0.7514,per_usd
2012-02-24,0.7428,per_usd
2012-02-27,0.7457,per_usd
2012-02-28,0.7434,per_usd
2012-02-29,0.7486,per_usd
2012-03-01,0.7508,per_usd
2012-03-02,0.7575,per_usd
2012-03-05,0.7561,per_usd
2012-03-06,0.7625,per_usd
2012-03-07,0.7605,per_usd
2012-03-08,0.7544,per_usd
2012-03-09,0.7629,per_usd
2012-03-12,0.761,per_usd
2012-03-13,0.7628,per_usd
2012-03-14,0.7678,per_usd
2012-03-15,0.7651,per_usd
2012-03-16,0.7592,per_usd
2012-03-19,0.7552,per_usd
2012-03-20,0.7563,per_usd
2012-03-21,0.7582,per_usd
2012-03-22,0.7579,per_usd
2012-03-23,0.754,per_usd
2012-03-26,0.7503,per_usd
2012-03-27,0.7499,per_usd
2012-03-28,0.7519,per_usd
2012-03-29,0.7539,per_usd
2012-03-30,0.75,per_usd
2012-04-02,0.7505,per_usd
2012-04-03,0.7498,per_usd
2012-04-04,0.7618,per_usd
2012-04-05,0.7655,per_usd
2012-04-06,0.764,per_usd
2012-04-09,0.7641,per_usd
2012-04-10,0.7652,per_usd
2012-04-11,0.7631,per_usd
2012-04-12,0.7592,per_usd
2012-04-13,0.7644,per_usd
2012-04-16,0.7653,per_usd
2012-04-17,0.762,per_usd
2012-04-18,0.7621,per_usd
2012-04-19,0.7615,per_usd
2012-04-20,0.7569,per_usd
2012-04-23,0.7617,per_usd
2012-04-24,0.7572,per_usd
2012-04-25,0.757,per_usd
2012-04-26,0.7557,per_usd
2012-04-27,0.7548,per_usd
2012-04-30,0.7559,per_usd
2012-05-01,0.7561,per_usd
2012-05-02,0.7602,per_usd
2012-05-03,0.7606,per_usd
2012-05-04,0.7639,per_usd
2012-05-07,0.7662,per_usd
2012-05-08,0.7683,per_usd
2012-05-09,0.772,per_usd
2012-05-10,0.7717,per_usd
2012-05-11,0.773,per_usd
2012-05-14,0.7784,per_usd
2012-05-15,0.7831,per_usd
2012-05-16,0.7855,per_usd
2012-05-17,0.7868,per_usd
2012-05-18,0.7861,per_usd
2012-05-21,0.7831,per_usd
2012-05-22,0.7852,per_usd
2012-05-23,0.7956,per_usd
2012-05-24,0.7947,per_usd
2012-05-25,0.7988,per_usd
2012-05-29,0.8008,per_usd
2012-05-30,0.8061,per_usd
2012-05-31,0.8088,per_usd
2012-06-01,0.8052,per_usd
2012-06-04,0.8003,per_usd
2012-06-05,0.8041,per_usd
2012-06-06,0.7978,per_usd
2012-06-07,0.7957,per_usd
2012-06-08,0.8012,per_usd
2012-06-11,0.7997,per_usd
2012-06-12,0.8015,per_usd
2012-06-13,0.7939,per_usd
2012-06-14,0.7931,per_usd
2012-06-15,0.7916,per_usd
2012-06-18,0.795,per_usd
2012-06-19,0.7879,per_usd
2012-06-20,0.7872,per_usd
2012-06-21,0.7945,per_usd
2012-06-22,0.7971,per_usd
2012-06-25,0.8013,per_usd
2012-06-26,0.8019,per_usd
2012-06-27,0.8028,per_usd
2012-06-28,0.8043,per_usd
2012-06-29,0.7894,per_usd
2012-07-02,0.7947,per_usd
2012-07-03,0.7924,per_usd
2012-07-05,0.8075,per_usd
2012-07-06,0.8141,per_usd
2012-07-09,0.8131,per_usd
2012-07-10,0.816,per_usd
2012-07-11,0.8167,per_usd
2012-07-12,0.8197,per_usd
2012-07-13,0.8175,per_usd
2012-07-16,0.8152,per_usd
2012-07-17,0.8174,per_usd
2012-07-18,0.8156,per_usd
2012-07-19,0.8159,per_usd
2012-07-20,0.8213,per_usd
2012-07-23,0.8247,per_usd
2012-07-24,0.829,per_usd
2012-07-25,0.8243,per_usd
2012-07-26,0.8143,per_usd
2012-07-27,0.8084,per_usd
2012-07-30,0.8163,per_usd
2012-07-31,0.812,per_usd
2012-08-01,0.8131,per_usd
2012-08-02,0.8231,per_usd
2012-08-03,0.8071,per_usd
2012-08-06,0.805,per_usd
2012-08-07,0.805,per_usd
2012-08-08,0.8088,per_usd
2012-08-09,0.8145,per_usd
2012-08-10,0.8131,per_usd
2012-08-13,0.8104,per_usd
2012-08-14,0.8111,per_usd
2012-08-15,0.8138,per_usd
2012-08-16,0.8093,per_usd
2012-08-17,0.812,per_usd
2012-08-20,0.8102,per_usd
2012-08-21,0.8018,per_usd
2012-08-22,0.8018,per_usd
2012-08-23,0.7947,per_usd
2012-08-24,0.7979,per_usd
2012-08-27,0.7991,per_usd
2012-08-28,0.7959,per_usd
2012-08-29,0.7976,per_usd
2012-08-30,0.8002,per_usd
2012-08-31,0.795,per_usd
2012-09-04,0.7958,per_usd
2012-09-05,0.7935,per_usd
2012-09-06,0.792,per_usd
2012-09-07,0.7815,per_usd
2012-09-10,0.7816,per_usd
2012-09-11,0.7777,per_usd
2012-09-12,0.7756,per_usd
2012-09-13,0.7745,per_usd
2012-09-14,0.7609,per_usd
2012-09-17,0.7619,per_usd
2012-09-18,0.7662,per_usd
2012-09-19,0.7654,per_usd
2012-09-20,0.7723,per_usd
2012-09-21,0.7698,per_usd
2012-09-24,0.7747,per_usd
2012-09-25,0.7725,per_usd
2012-09-26,0.7781,per_usd
2012-09-27,0.7768,per_usd
2012-09-28,0.7778,per_usd
2012-10-01,0.7752,per_usd
2012-10-02,0.7721,per_usd
2012-10-03,0.7747,per_usd
2012-10-04,0.7692,per_usd
2012-10-05,0.7658,per_usd
2012-10-09,0.7766,per_usd
2012-10-10,0.7759,per_usd
2012-10-11,0.7735,per_usd
2012-10-12,0.7724,per_usd
2012-10-15,0.7722,per_usd
2012-10-16,0.7671,per_usd
2012-10-17,0.7614,per_usd
2012-10-18,0.763,per_usd
2012-10-19,0.7679,per_usd
2012-10-22,0.7655,per_usd
2012-10-23,0.771,per_usd
2012-10-24,0.7724,per_usd
2012-10-25,0.7717,per_usd
2012-10-26,0.7729,per_usd
2012-10-29,0.7748,per_usd
2012-10-30,0.7705,per_usd
2012-10-31,0.7717,per_usd
2012-11-01,0.773,per_usd
2012-11-02,0.7783,per_usd
2012-11-05,0.7819,per_usd
2012-11-06,0.7802,per_usd
2012-11-07,0.7838,per_usd
2012-11-08,0.7849,per_usd
2012-11-09,0.7865,per_usd
2012-11-13,0.7864,per_usd
2012-11-14,0.7849,per_usd
2012-11-15,0.7823,per_usd
2012-11-16,0.7865,per_usd
2012-11-19,0.7809,per_usd
2012-11-20,0.7804,per_usd
2012-11-21,0.7803,per_usd
2012-11-23,0.7717,per_usd
2012-11-26,0.7712,per_usd
2012-11-27,0.7728,per_usd
2012-11-28,0.7738,per_usd
2012-11-29,0.772,per_usd
2012-11-30,0.7686,per_usd
2012-12-03,0.7653,per_usd
2012-12-04,0.7645,per_usd
2012-12-05,0.7647,per_usd
2012-12-06,0.7711,per_usd
2012-12-07,0.7727,per_usd
2012-12-10,0.7734,per_usd
2012-12-11,0.7697,per_usd
2012-12-12,0.767,per_usd
2012-12-13,0.7647,per_usd
2012-12-14,0.7614,per_usd
2012-12-17,0.7594,per_usd
2012-12-18,0.7562,per_usd
2012-12-19,0.7541,per_usd
2012-12-20,0.7562,per_usd
2012-12-21,0.7595,per_usd
2012-12-24,0.7588,per_usd
2012-12-26,0.756,per_usd
2012-12-27,0.756,per_usd
2012-12-28,0.7564,per_usd
2012-12-31,0.7584,per_usd
2013-01-02,0.7579,per_usd
2013-01-03,0.7628,per_usd
2013-01-04,0.7665,per_usd
2013-01-07,0.7634,per_usd
2013-01-08,0.7652,per_usd
2013-01-09,0.7646,per_usd
2013-01-10,0.7564,per_usd
2013-01-11,0.7489,per_usd
2013-01-14,0.748,per_usd
2013-01-15,0.7495,per_usd
2013-01-16,0.7516,per_usd
2013-01-17,0.7487,per_usd
2013-01-18,0.7517,per_usd
2013-01-22,0.7517,per_usd
2013-01-23,0.7514,per_usd
2013-01-24,0.7475,per_usd
2013-01-25,0.7432,per_usd
2013-01-28,0.743,per_usd
2013-01-29,0.7416,per_usd
2013-01-30,0.7372,per_usd
2013-01-31,0.7362,per_usd
2013-02-01,0.7304,per_usd
2013-02-04,0.7393,per_usd
2013-02-05,0.737,per_usd
2013-02-06,0.7392,per_usd
2013-02-07,0.7473,per_usd
2013-02-08,0.7482,per_usd
2013-02-11,0.7455,per_usd
2013-02-12,0.7435,per_usd
2013-02-13,0.7436,per_usd
2013-02-14,0.75,per_usd
2013-02-15,0.7484,per_usd
2013-02-19,0.747,per_usd
2013-02-20,0.7491,per_usd
2013-02-21,0.7573,per_usd
2013-02-22,0.7595,per_usd
2013-02-25,0.7592,per_usd
2013-02-26,0.766,per_usd
2013-02-27,0.7631,per_usd
2013-02-28,0.7646,per_usd
2013-03-01,0.7699,per_usd
2013-03-04,0.7695,per_usd
2013-03-05,0.7681,per_usd
2013-03-06,0.7698,per_usd
2013-03-07,0.7635,per_usd
2013-03-08,0.7697,per_usd
2013-03-11,0.7684,per_usd
2013-03-12,0.7679,per_usd
2013-03-13,0.7723,per_usd
2013-03-14,0.7708,per_usd
2013-03-15,0.7648,per_usd
2013-03-18,0.7718,per_usd
2013-03-19,0.7759,per_usd
2013-03-20,0.7722,per_usd
2013-03-21,0.7735,per_usd
2013-03-22,0.7695,per_usd
2013-03-25,0.7763,per_usd
2013-03-26,0.7777,per_usd
2013-03-27,0.7824,per_usd
2013-03-28,0.7787,per_usd
2013-03-29,0.7803,per_usd
2013-04-01,0.7778,per_usd
2013-04-02,0.7791,per_usd
2013-04-03,0.7784,per_usd
2013-04-04,0.778,per_usd
2013-04-05,0.7676,per_usd
2013-04-08,0.7688,per_usd
2013-04-09,0.7638,per_usd
2013-04-10,0.7657,per_usd
2013-04-11,0.762,per_usd
2013-04-12,0.7637,per_usd
2013-04-15,0.7644,per_usd
2013-04-16,0.761,per_usd
2013-04-17,0.7663,per_usd
2013-04-18,0.765,per_usd
2013-04-19,0.7653,per_usd
2013-04-22,0.7663,per_usd
2013-04-23,0.7685,per_usd
2013-04-24,0.7694,per_usd
2013-04-25,0.769,per_usd
2013-04-26,0.7678,per_usd
2013-04-29,0.7639,per_usd
2013-04-30,0.7594,per_usd
2013-05-01,0.758,per_usd
2013-05-02,0.7653,per_usd
2013-05-03,0.7627,per_usd
2013-05-06,0.7653,per_usd
2013-05-07,0.7642,per_usd
2013-05-08,0.7589,per_usd
2013-05-09,0.7631,per_usd
2013-05-10,0.7719,per_usd
2013-05-13,0.7704,per_usd
2013-05-14,0.7711,per_usd
2013-05-15,0.7778,per_usd
2013-05-16,0.7753,per_usd
2013-05-17,0.7802,per_usd
2013-05-20,0.7773,per_usd
2013-05-21,0.7746,per_usd
2013-05-22,0.7774,per_usd
2013-05-23,0.7726,per_usd
2013-05-24,0.774,per_usd
2013-05-28,0.777,per_usd
2013-05-29,0.7726,per_usd
2013-05-30,0.7668,per_usd
2013-05-31,0.7699,per_usd
2013-06-03,0.7635,per_usd
2013-06-04,0.7648,per_usd
2013-06-05,0.7641,per_usd
2013-06-06,0.7548,per_usd
2013-06-07,0.7552,per_usd
2013-06-10,0.7556,per_usd
2013-06-11,0.7531,per_usd
2013-06-12,0.7488,per_usd
2013-06-13,0.7511,per_usd
2013-06-14,0.7502,per_usd
2013-06-17,0.7496,per_usd
2013-06-18,0.7459,per_usd
2013-06-19,0.746,per_usd
2013-06-20,0.7568,per_usd
2013-06-21,0.7626,per_usd
2013-06-24,0.7639,per_usd
2013-06-25,0.7645,per_usd
2013-06-26,0.7689,per_usd
2013-06-27,0.7683,per_usd
2013-06-28,0.7686,per_usd
2013-07-01,0.7657,per_usd
2013-07-02,0.7682,per_usd
2013-07-03,0.7689,per_usd
2013-07-05,0.7794,per_usd
2013-07-08,0.7774,per_usd
2013-07-09,0.7828,per_usd
2013-07-10,0.7785,per_usd
2013-07-11,0.7665,per_usd
2013-07-12,0.7664,per_usd
2013-07-15,0.7669,per_usd
2013-07-16,0.7608,per_usd
2013-07-17,0.7637,per_usd
2013-07-18,0.7646,per_usd
2013-07-19,0.7609,per_usd
2013-07-22,0.758,per_usd
2013-07-23,0.7569,per_usd
2013-07-24,0.756,per_usd
2013-07-25,0.7556,per_usd
2013-07-26,0.7536,per_usd
2013-07-29,0.754,per_usd
2013-07-30,0.7538,per_usd
2013-07-31,0.7529,per_usd
2013-08-01,0.7566,per_usd
2013-08-02,0.7537,per_usd
2013-08-05,0.7543,per_usd
2013-08-06,0.7521,per_usd
2013-08-07,0.7502,per_usd
2013-08-08,0.7467,per_usd
2013-08-09,0.7497,per_usd
2013-08-12,0.7512,per_usd
2013-08-13,0.7549,per_usd
2013-08-14,0.7544,per_usd
2013-08-15,0.754,per_usd
2013-08-16,0.7507,per_usd
2013-08-19,0.7492,per_usd
2013-08-20,0.7448,per_usd
2013-08-21,0.7481,per_usd
2013-08-22,0.7484,per_usd
2013-08-23,0.7467,per_usd
2013-08-26,0.748,per_usd
2013-08-27,0.747,per_usd
2013-08-28,0.7504,per_usd
2013-08-29,0.756,per_usd
2013-08-30,0.7578,per_usd
2013-09-03,0.7596,per_usd
2013-09-04,0.7569,per_usd
2013-09-05,0.7622,per_usd
2013-09-06,0.7595,per_usd
2013-09-09,0.7541,per_usd
2013-09-10,0.7541,per_usd
2013-09-11,0.7518,per_usd
2013-09-12,0.751,per_usd
2013-09-13,0.7532,per_usd
2013-09-16,0.7491,per_usd
2013-09-17,0.7487,per_usd
2013-09-18,0.749,per_usd
2013-09-19,0.7393,per_usd
2013-09-20,0.7395,per_usd
2013-09-23,0.7396,per_usd
2013-09-24,0.7413,per_usd
2013-09-25,0.7388,per_usd
2013-09-26,0.7416,per_usd
2013-09-27,0.7387,per_usd
2013-09-30,0.7388,per_usd
2013-10-01,0.7389,per_usd
2013-10-02,0.7357,per_usd
2013-10-03,0.733,per_usd
2013-10-04,0.7363,per_usd
2013-10-07,0.737,per_usd
2013-10-08,0.7363,per_usd
2013-10-09,0.74,per_usd
2013-10-10,0.7388,per_usd
2013-10-11,0.7375,per_usd
2013-10-15,0.7411,per_usd
2013-10-16,0.7413,per_usd
2013-10-17,0.7319,per_usd
2013-10-18,0.7303,per_usd
2013-10-21,0.7314,per_usd
2013-10-22,0.7258,per_usd
2013-10-23,0.7254,per_usd
2013-10-24,0.7241,per_usd
2013-10-25,0.725,per_usd
2013-10-28,0.7254,per_usd
2013-10-29,0.7262,per_usd
2013-10-30,0.7262,per_usd
2013-10-31,0.7356,per_usd
2013-11-01,0.7414,per_usd
2013-11-04,0.7399,per_usd
2013-11-05,0.7424,per_usd
2013-11-06,0.7391,per_usd
2013-11-07,0.7468,per_usd
2013-11-08,0.7487,per_usd
2013-11-12,0.7447,per_usd
2013-11-13,0.7432,per_usd
2013-11-14,0.7425,per_usd
2013-11-15,0.7418,per_usd
2013-11-18,0.7396,per_usd
2013-11-19,0.7392,per_usd
2013-11-20,0.7434,per_usd
2013-11-21,0.7424,per_usd
2013-11-22,0.7382,per_usd
2013-11-25,0.7406,per_usd
2013-11-26,0.7377,per_usd
2013-11-27,0.7373,per_usd
2013-11-29,0.735,per_usd
2013-12-02,0.7379,per_usd
2013-12-03,0.7351,per_usd
2013-12-04,0.7377,per_usd
2013-12-05,0.7319,per_usd
2013-12-06,0.7305,per_usd
2013-12-09,0.7285,per_usd
2013-12-10,0.7265,per_usd
2013-12-11,0.7247,per_usd
2013-12-12,0.7272,per_usd
2013-12-13,0.7287,per_usd
2013-12-16,0.7269,per_usd
2013-12-17,0.7274,per_usd
2013-12-18,0.7264,per_usd
2013-12-19,0.7317,per_usd
2013-12-20,0.7314,per_usd
2013-12-23,0.7299,per_usd
2013-12-24,0.7312,per_usd
2013-12-26,0.7305,per_usd
2013-12-27,0.7264,per_usd
2013-12-30,0.7238,per_usd
2013-12-31,0.7257,per_usd
2014-01-02,0.7315,per_usd
2014-01-03,0.735,per_usd
2014-01-06,0.7334,per_usd
2014-01-07,0.7343,per_usd
2014-01-08,0.7361,per_usd
2014-01-09,0.7358,per_usd
2014-01-10,0.7319,per_usd
2014-01-13,0.7328,per_usd
2014-01-14,0.7309,per_usd
2014-01-15,0.7351,per_usd
2014-01-16,0.7353,per_usd
2014-01-17,0.7378,per_usd
2014-01-21,0.7375,per_usd
2014-01-22,0.7382,per_usd
2014-01-23,0.731,per_usd
2014-01-24,0.731,per_usd
2014-01-27,0.731,per_usd
2014-01-28,0.732,per_usd
2014-01-29,0.7319,per_usd
2014-01-30,0.7381,per_usd
2014-01-31,0.7407,per_usd
2014-02-03,0.7395,per_usd
2014-02-04,0.7404,per_usd
2014-02-05,0.7397,per_usd
2014-02-06,0.7351,per_usd
2014-02-07,0.7345,per_usd
2014-02-10,0.7329,per_usd
2014-02-11,0.7324,per_usd
2014-02-12,0.7357,per_usd
2014-02-13,0.7316,per_usd
2014-02-14,0.7305,per_usd
2014-02-18,0.7268,per_usd
2014-02-19,0.7266,per_usd
2014-02-20,0.7305,per_usd
2014-02-21,0.7288,per_usd
2014-02-24,0.7276,per_usd
2014-02-25,0.7273,per_usd
2014-02-26,0.7316,per_usd
2014-02-27,0.7287,per_usd
2014-02-28,0.7243,per_usd
2014-03-03,0.7266,per_usd
2014-03-04,0.7283,per_usd
2014-03-05,0.7281,per_usd
2014-03-06,0.7221,per_usd
2014-03-07,0.7211,per_usd
2014-03-10,0.7205,per_usd
2014-03-11,0.7211,per_usd
2014-03-12,0.7192,per_usd
2014-03-13,0.718,per_usd
2014-03-14,0.7182,per_usd
2014-03-17,0.718,per_usd
2014-03-18,0.7188,per_usd
2014-03-19,0.7189,per_usd
2014-03-20,0.7255,per_usd
2014-03-21,0.7255,per_usd
2014-03-24,0.7255,per_usd
2014-03-25,0.7258,per_usd
2014-03-26,0.7254,per_usd
2014-03-27,0.7272,per_usd
2014-03-28,0.7271,per_usd
2014-03-31,0.7258,per_usd
2014-04-01,0.7244,per_usd
2014-04-02,0.7267,per_usd
2014-04-03,0.7295,per_usd
2014-04-04,0.7297,per_usd
2014-04-07,0.7275,per_usd
2014-04-08,0.7245,per_usd
2014-04-09,0.7238,per_usd
2014-04-10,0.7198,per_usd
2014-04-11,0.7195,per_usd
2014-04-14,0.7234,per_usd
2014-04-15,0.7243,per_usd
2014-04-16,0.7236,per_usd
2014-04-17,0.723,per_usd
2014-04-18,0.7238,per_usd
2014-04-21,0.7252,per_usd
2014-04-22,0.7244,per_usd
2014-04-23,0.7239,per_usd
2014-04-24,0.7232,per_usd
2014-04-25,0.7226,per_usd
2014-04-28,0.7223,per_usd
2014-04-29,0.7242,per_usd
2014-04-30,0.721,per_usd
2014-05-01,0.7211,per_usd
2014-05-02,0.7213,per_usd
2014-05-05,0.7203,per_usd
2014-05-06,0.7182,per_usd
2014-05-07,0.7185,per_usd
2014-05-08,0.7213,per_usd
2014-05-09,0.7266,per_usd
2014-05-12,0.7267,per_usd
2014-05-13,0.7293,per_usd
2014-05-14,0.729,per_usd
2014-05-15,0.7293,per_usd
2014-05-16,0.7295,per_usd
2014-05-19,0.7291,per_usd
2014-05-20,0.7298,per_usd
2014-05-21,0.7322,per_usd
2014-05-22,0.7325,per_usd
2014-05-23,0.7338,per_usd
2014-05-27,0.7343,per_usd
2014-05-28,0.7355,per_usd
2014-05-29,0.7349,per_usd
2014-05-30,0.7331,per_usd
2014-06-02,0.735,per_usd
2014-06-03,0.734,per_usd
2014-06-04,0.7343,per_usd
2014-06-05,0.7343,per_usd
2014-06-06,0.7332,per_usd
2014-06-09,0.7359,per_usd
2014-06-10,0.7384,per_usd
2014-06-11,0.739,per_usd
2014-06-12,0.7377,per_usd
2014-06-13,0.7395,per_usd
2014-06-16,0.7365,per_usd
2014-06-17,0.7384,per_usd
2014-06-18,0.7371,per_usd
2014-06-19,0.7342,per_usd
2014-06-20,0.7361,per_usd
2014-06-23,0.7357,per_usd
2014-06-24,0.7359,per_usd
2014-06-25,0.7332,per_usd
2014-06-26,0.7348,per_usd
2014-06-27,0.7336,per_usd
2014-06-30,0.7305,per_usd
2014-07-01,0.7309,per_usd
2014-07-02,0.7323,per_usd
2014-07-03,0.7348,per_usd
2014-07-07,0.7351,per_usd
2014-07-08,0.7345,per_usd
2014-07-09,0.7337,per_usd
2014-07-10,0.7353,per_usd
2014-07-11,0.7354,per_usd
2014-07-14,0.7342,per_usd
2014-07-15,0.7368,per_usd
2014-07-16,0.7391,per_usd
2014-07-17,0.7391,per_usd
2014-07-18,0.7399,per_usd
2014-07-21,0.7394,per_usd
2014-07-22,0.7424,per_usd
2014-07-23,0.7428,per_usd
2014-07-24,0.7425,per_usd
2014-07-25,0.7445,per_usd
2014-07-28,0.744,per_usd
2014-07-29,0.7457,per_usd
2014-07-30,0.7475,per_usd
2014-07-31,0.7468,per_usd
2014-08-01,0.7443,per_usd
2014-08-04,0.7455,per_usd
2014-08-05,0.7482,per_usd
2014-08-06,0.7488,per_usd
2014-08-07,0.7484,per_usd
2014-08-08,0.7456,per_usd
2014-08-11,0.7471,per_usd
2014-08-12,0.7487,per_usd
2014-08-13,0.7481,per_usd
2014-08-14,0.7476,per_usd
2014-08-15,0.7467,per_usd
2014-08-18,0.7486,per_usd
2014-08-19,0.7508,per_usd
2014-08-20,0.7528,per_usd
2014-08-21,0.7528,per_usd
2014-08-22,0.7555,per_usd
2014-08-25,0.7572,per_usd
2014-08-26,0.7582,per_usd
2014-08-27,0.758,per_usd
2014-08-28,0.7588,per_usd
2014-08-29,0.7605,per_usd
2014-09-02,0.762,per_usd
2014-09-03,0.7613,per_usd
2014-09-04,0.7736,per_usd
2014-09-05,0.7718,per_usd
2014-09-08,0.7723,per_usd
2014-09-09,0.7747,per_usd
2014-09-10,0.7747,per_usd
2014-09-11,0.773,per_usd
2014-09-12,0.7719,per_usd
2014-09-15,0.7721,per_usd
2014-09-16,0.7707,per_usd
2014-09-17,0.7717,per_usd
2014-09-18,0.7744,per_usd
2014-09-19,0.7791,per_usd
2014-09-22,0.7795,per_usd
2014-09-23,0.7777,per_usd
2014-09-24,0.782,per_usd
2014-09-25,0.7844,per_usd
2014-09-26,0.7883,per_usd
2014-09-29,0.7872,per_usd
2014-09-30,0.7919,per_usd
2014-10-01,0.7925,per_usd
2014-10-02,0.7893,per_usd
2014-10-03,0.7989,per_usd
2014-10-06,0.7942,per_usd
2014-10-07,0.792,per_usd
2014-10-08,0.7885,per_usd
2014-10-09,0.7885,per_usd
2014-10-10,0.7914,per_usd
2014-10-14,0.7899,per_usd
2014-10-15,0.7826,per_usd
2014-10-16,0.7805,per_usd
2014-10-17,0.784,per_usd
2014-10-20,0.7823,per_usd
2014-10-21,0.7859,per_usd
2014-10-22,0.79,per_usd
2014-10-23,0.79,per_usd
2014-10-24,0.789,per_usd
2014-10-27,0.7867,per_usd
2014-10-28,0.7845,per_usd
2014-10-29,0.7836,per_usd
2014-10-30,0.7923,per_usd
2014-10-31,0.7981,per_usd
2014-11-03,0.8008,per_usd
2014-11-04,0.7966,per_usd
2014-11-05,0.8008,per_usd
2014-11-06,0.8055,per_usd
2014-11-07,0.805,per_usd
2014-11-10,0.8048,per_usd
2014-11-12,0.8028,per_usd
2014-11-13,0.8015,per_usd
2014-11-14,0.8004,per_usd
2014-11-17,0.8034,per_usd
2014-11-18,0.7978,per_usd
2014-11-19,0.7969,per_usd
2014-11-20,0.7983,per_usd
2014-11-21,0.8068,per_usd
2014-11-24,0.8047,per_usd
2014-11-25,0.8018,per_usd
2014-11-26,0.7998,per_usd
2014-11-28,0.804,per_usd
2014-12-01,0.8006,per_usd
2014-12-02,0.8071,per_usd
2014-12-03,0.8127,per_usd
2014-12-04,0.8044,per_usd
2014-12-05,0.8127,per_usd
2014-12-08,0.8135,per_usd
2014-12-09,0.8055,per_usd
2014-12-10,0.8048,per_usd
2014-12-11,0.8066,per_usd
2014-12-12,0.801,per_usd
2014-12-15,0.8019,per_usd
2014-12-16,0.7997,per_usd
2014-12-17,0.8061,per_usd
2014-12-18,0.8136,per_usd
2014-12-19,0.8173,per_usd
2014-12-22,0.8162,per_usd
2014-12-23,0.821,per_usd
2014-12-24,0.8205,per_usd
2014-12-29,0.8211,per_usd
2014-12-30,0.8214,per_usd
2014-12-31,0.8264,per_usd
2015-01-02,0.8323,per_usd
2015-01-05,0.8391,per_usd
2015-01-06,0.8378,per_usd
2015-01-07,0.846,per_usd
2015-01-08,0.8467,per_usd
2015-01-09,0.8453,per_usd
2015-01-12,0.8452,per_usd
2015-01-13,0.849,per_usd
2015-01-14,0.847,per_usd
2015-01-15,0.8622,per_usd
2015-01-16,0.8683,per_usd
2015-01-20,0.8651,per_usd
2015-01-21,0.8633,per_usd
2015-01-22,0.8761,per_usd
2015-01-23,0.8866,per_usd
2015-01-26,0.8857,per_usd
2015-01-27,0.8795,per_usd
2015-01-28,0.8817,per_usd
2015-01-29,0.8843,per_usd
2015-01-30,0.8857,per_usd
2015-02-02,0.8821,per_usd
2015-02-03,0.8724,per_usd
2015-02-04,0.8758,per_usd
2015-02-05,0.8747,per_usd
2015-02-06,0.8826,per_usd
2015-02-09,0.8837,per_usd
2015-02-10,0.8837,per_usd
2015-02-11,0.885,per_usd
2015-02-12,0.8764,per_usd
2015-02-13,0.8766,per_usd
2015-02-17,0.8776,per_usd
2015-02-18,0.8817,per_usd
2015-02-19,0.8778,per_usd
2015-02-20,0.8794,per_usd
2015-02-23,0.8814,per_usd
2015-02-24,0.8844,per_usd
2015-02-25,0.88,per_usd
2015-02-26,0.8919,per_usd
2015-02-27,0.8931,per_usd
2015-03-02,0.8937,per_usd
2015-03-03,0.8919,per_usd
2015-03-04,0.9033,per_usd
2015-03-05,0.9086,per_usd
2015-03-06,0.9212,per_usd
2015-03-09,0.922,per_usd
2015-03-10,0.934,per_usd
2015-03-11,0.9455,per_usd
2015-03-12,0.9421,per_usd
2015-03-13,0.9502,per_usd
2015-03-16,0.9456,per_usd
2015-03-17,0.943,per_usd
2015-03-18,0.9396,per_usd
2015-03-19,0.9415,per_usd
2015-03-20,0.9266,per_usd
2015-03-23,0.9151,per_usd
2015-03-24,0.9168,per_usd
2015-03-25,0.9102,per_usd
2015-03-26,0.9158,per_usd
2015-03-27,0.9182,per_usd
2015-03-30,0.9244,per_usd
2015-03-31,0.931,per_usd
2015-04-01,0.9287,per_usd
2015-04-02,0.9196,per_usd
2015-04-03,0.9099,per_usd
2015-04-06,0.9084,per_usd
2015-04-07,0.9217,per_usd
2015-04-08,0.9244,per_usd
2015-04-09,0.9371,per_usd
2015-04-10,0.9436,per_usd
2015-04-13,0.945,per_usd
2015-04-14,0.937,per_usd
2015-04-15,0.9438,per_usd
2015-04-16,0.9309,per_usd
2015-04-17,0.9276,per_usd
2015-04-20,0.9291,per_usd
2015-04-21,0.9295,per_usd
2015-04-22,0.9321,per_usd
2015-04-23,0.9257,per_usd
2015-04-24,0.9195,per_usd
2015-04-27,0.9181,per_usd
2015-04-28,0.9108,per_usd
2015-04-29,0.8949,per_usd
2015-04-30,0.8959,per_usd
2015-05-01,0.8933,per_usd
2015-05-04,0.8973,per_usd
2015-05-05,0.8949,per_usd
2015-05-06,0.8814,per_usd
2015-05-07,0.8863,per_usd
2015-05-08,0.8896,per_usd
2015-05-11,0.8975,per_usd
2015-05-12,0.8897,per_usd
2015-05-13,0.8794,per_usd
2015-05-14,0.8797,per_usd
2015-05-15,0.875,per_usd
2015-05-18,0.8807,per_usd
2015-05-19,0.8968,per_usd
2015-05-20,0.9026,per_usd
2015-05-21,0.8988,per_usd
2015-05-22,0.9064,per_usd
2015-05-26,0.9195,per_usd
2015-05-27,0.9184,per_usd
2015-05-28,0.9163,per_usd
2015-05-29,0.9096,per_usd
2015-06-01,0.9163,per_usd
2015-06-02,0.8985,per_usd
2015-06-03,0.8861,per_usd
2015-06-04,0.8872,per_usd
2015-06-05,0.9003,per_usd
2015-06-08,0.8903,per_usd
2015-06-09,0.8862,per_usd
2015-06-10,0.8844,per_usd
2015-06-11,0.89,per_usd
2015-06-12,0.8867,per_usd
2015-06-15,0.8876,per_usd
2015-06-16,0.8898,per_usd
2015-06-17,0.8894,per_usd
2015-06-18,0.8769,per_usd
2015-06-19,0.8822,per_usd
2015-06-22,0.8789,per_usd
2015-06-23,0.8937,per_usd
2015-06-24,0.8946,per_usd
2015-06-25,0.8932,per_usd
2015-06-26,0.8964,per_usd
2015-06-29,0.8945,per_usd
2015-06-30,0.8965,per_usd
2015-07-01,0.9022,per_usd
2015-07-02,0.9017,per_usd
2015-07-06,0.9029,per_usd
2015-07-07,0.9131,per_usd
2015-07-08,0.9032,per_usd
2015-07-09,0.907,per_usd
2015-07-10,0.8969,per_usd
2015-07-13,0.9074,per_usd
2015-07-14,0.9079,per_usd
2015-07-15,0.912,per_usd
2015-07-16,0.9176,per_usd
2015-07-17,0.9218,per_usd
2015-07-20,0.9217,per_usd
2015-07-21,0.9152,per_usd
2015-07-22,0.9188,per_usd
2015-07-23,0.9111,per_usd
2015-07-24,0.9111,per_usd
2015-07-27,0.8999,per_usd
2015-07-28,0.9046,per_usd
2015-07-29,0.9069,per_usd
2015-07-30,0.9163,per_usd
2015-07-31,0.9068,per_usd
2015-08-03,0.9122,per_usd
2015-08-04,0.913,per_usd
2015-08-05,0.9201,per_usd
2015-08-06,0.9156,per_usd
2015-08-07,0.9126,per_usd
2015-08-10,0.9096,per_usd
2015-08-11,0.9056,per_usd
2015-08-12,0.893,per_usd
2015-08-13,0.8973,per_usd
2015-08-14,0.9001,per_usd
2015-08-17,0.9027,per_usd
2015-08-18,0.9068,per_usd
2015-08-19,0.9041,per_usd
2015-08-20,0.8929,per_usd
2015-08-21,0.8806,per_usd
2015-08-24,0.8636,per_usd
2015-08-25,0.8764,per_usd
2015-08-26,0.878,per_usd
2015-08-27,0.8898,per_usd
2015-08-28,0.8951,per_usd
2015-08-31,0.8933,per_usd
2015-09-01,0.8879,per_usd
2015-09-02,0.8895,per_usd
2015-09-03,0.9006,per_usd
2015-09-04,0.8995,per_usd
2015-09-08,0.8943,per_usd
2015-09-09,0.8957,per_usd
2015-09-10,0.8879,per_usd
2015-09-11,0.882,per_usd
2015-09-14,0.8844,per_usd
2015-09-15,0.8881,per_usd
2015-09-16,0.8846,per_usd
2015-09-17,0.884,per_usd
2015-09-18,0.8804,per_usd
2015-09-21,0.8925,per_usd
2015-09-22,0.8982,per_usd
2015-09-23,0.8961,per_usd
2015-09-24,0.8887,per_usd
2015-09-25,0.8935,per_usd
2015-09-28,0.89,per_usd
2015-09-29,0.8892,per_usd
2015-09-30,0.8959,per_usd
2015-10-01,0.8929,per_usd
2015-10-02,0.8868,per_usd
2015-10-05,0.8929,per_usd
2015-10-06,0.8876,per_usd
2015-10-07,0.889,per_usd
2015-10-08,0.8864,per_usd
2015-10-09,0.88,per_usd
2015-10-13,0.8786,per_usd
2015-10-14,0.8744,per_usd
2015-10-15,0.8758,per_usd
2015-10-16,0.8803,per_usd
2015-10-19,0.8834,per_usd
2015-10-20,0.8804,per_usd
2015-10-21,0.8814,per_usd
2015-10-22,0.8977,per_usd
2015-10-23,0.9078,per_usd
2015-10-26,0.9049,per_usd
2015-10-27,0.9048,per_usd
2015-10-28,0.9037,per_usd
2015-10-29,0.9122,per_usd
2015-10-30,0.9056,per_usd
2015-11-02,0.9069,per_usd
2015-11-03,0.9136,per_usd
2015-11-04,0.9207,per_usd
2015-11-05,0.92,per_usd
2015-11-06,0.9306,per_usd
2015-11-09,0.9288,per_usd
2015-11-10,0.9358,per_usd
2015-11-12,0.9287,per_usd
2015-11-13,0.9327,per_usd
2015-11-16,0.9339,per_usd
2015-11-17,0.9404,per_usd
2015-11-18,0.94,per_usd
2015-11-19,0.9306,per_usd
2015-11-20,0.9381,per_usd
2015-11-23,0.9432,per_usd
2015-11-24,0.9388,per_usd
2015-11-25,0.942,per_usd
2015-11-27,0.9438,per_usd
2015-11-30,0.9468,per_usd
2015-12-01,0.9416,per_usd
2015-12-02,0.9458,per_usd
2015-12-03,0.9173,per_usd
2015-12-04,0.9188,per_usd
2015-12-07,0.9225,per_usd
2015-12-08,0.9195,per_usd
2015-12-09,0.9104,per_usd
2015-12-10,0.9134,per_usd
2015-12-11,0.9089,per_usd
2015-12-14,0.907,per_usd
2015-12-15,0.9165,per_usd
2015-12-16,0.9143,per_usd
2015-12-17,0.9256,per_usd
2015-12-18,0.9219,per_usd
2015-12-21,0.9158,per_usd
2015-12-22,0.9109,per_usd
2015-12-23,0.9195,per_usd
2015-12-24,0.9128,per_usd
2015-12-28,0.9105,per_usd
2015-12-29,0.9161,per_usd
2015-12-30,0.9164,per_usd
2015-12-31,0.9209,per_usd
2016-01-04,0.9257,per_usd
2016-01-05,0.9308,per_usd
2016-01-06,0.9292,per_usd
2016-01-07,0.9208,per_usd
2016-01-08,0.9187,per_usd
2016-01-11,0.9193,per_usd
2016-01-12,0.9228,per_usd
2016-01-13,0.9206,per_usd
2016-01-14,0.9206,per_usd
2016-01-15,0.9121,per_usd
2016-01-19,0.9169,per_usd
2016-01-20,0.9168,per_usd
2016-01-21,0.9231,per_usd
2016-01-22,0.9247,per_usd
2016-01-25,0.9232,per_usd
2016-01-26,0.922,per_usd
2016-01-27,0.9202,per_usd
2016-01-28,0.9131,per_usd
2016-01-29,0.9232,per_usd
2016-02-01,0.9184,per_usd
2016-02-02,0.9168,per_usd
2016-02-03,0.9049,per_usd
2016-02-04,0.8929,per_usd
2016-02-05,0.8984,per_usd
2016-02-08,0.8953,per_usd
2016-02-09,0.885,per_usd
2016-02-10,0.8911,per_usd
2016-02-11,0.8801,per_usd
2016-02-12,0.8901,per_usd
2016-02-16,0.8977,per_usd
2016-02-17,0.8977,per_usd
2016-02-18,0.9016,per_usd
2016-02-19,0.8987,per_usd
2016-02-22,0.9076,per_usd
2016-02-23,0.9078,per_usd
2016-02-24,0.9074,per_usd
2016-02-25,0.9069,per_usd
2016-02-26,0.9147,per_usd
2016-02-29,0.9201,per_usd
2016-03-01,0.9219,per_usd
2016-03-02,0.9221,per_usd
2016-03-03,0.9134,per_usd
2016-03-04,0.9083,per_usd
2016-03-07,0.9088,per_usd
2016-03-08,0.9068,per_usd
2016-03-09,0.9073,per_usd
2016-03-10,0.8959,per_usd
2016-03-11,0.8945,per_usd
2016-03-14,0.9003,per_usd
2016-03-15,0.8999,per_usd
2016-03-16,0.9029,per_usd
2016-03-17,0.8837,per_usd
2016-03-18,0.8856,per_usd
2016-03-21,0.8881,per_usd
2016-03-22,0.8906,per_usd
2016-03-23,0.8949,per_usd
2016-03-24,0.8958,per_usd
2016-03-25,0.8957,per_usd
2016-03-28,0.8921,per_usd
2016-03-29,0.8925,per_usd
2016-03-30,0.8826,per_usd
2016-03-31,0.878,per_usd
2016-04-01,0.8783,per_usd
2016-04-04,0.8783,per_usd
2016-04-05,0.8792,per_usd
2016-04-06,0.8749,per_usd
2016-04-07,0.8783,per_usd
2016-04-08,0.8767,per_usd
2016-04-11,0.8763,per_usd
2016-04-12,0.8776,per_usd
2016-04-13,0.8864,per_usd
2016-04-14,0.8879,per_usd
2016-04-15,0.8853,per_usd
2016-04-18,0.8832,per_usd
2016-04-19,0.8791,per_usd
2016-04-20,0.8826,per_usd
2016-04-21,0.8849,per_usd
2016-04-22,0.8898,per_usd
2016-04-25,0.887,per_usd
2016-04-26,0.8835,per_usd
2016-04-27,0.8832,per_usd
2016-04-28,0.883,per_usd
2016-04-29,0.874,per_usd
2016-05-02,0.8684,per_usd
2016-05-03,0.869,per_usd
2016-05-04,0.8706,per_usd
2016-05-05,0.8769,per_usd
2016-05-06,0.8756,per_usd
2016-05-09,0.877,per_usd
2016-05-10,0.8783,per_usd
2016-05-11,0.8738,per_usd
2016-05-12,0.8787,per_usd
2016-05-13,0.8854,per_usd
2016-05-16,0.8828,per_usd
2016-05-17,0.8821,per_usd
2016-05-18,0.8868,per_usd
2016-05-19,0.8917,per_usd
2016-05-20,0.8923,per_usd
2016-05-23,0.8935,per_usd
2016-05-24,0.8973,per_usd
2016-05-25,0.8965,per_usd
2016-05-26,0.8941,per_usd
2016-05-27,0.8977,per_usd
2016-05-31,0.8981,per_usd
2016-06-01,0.8957,per_usd
2016-06-02,0.8963,per_usd
2016-06-03,0.8826,per_usd
2016-06-06,0.8807,per_usd
2016-06-07,0.8811,per_usd
2016-06-08,0.8772,per_usd
2016-06-09,0.8827,per_usd
2016-06-10,0.8864,per_usd
2016-06-13,0.8864,per_usd
2016-06-14,0.8924,per_usd
2016-06-15,0.8898,per_usd
2016-06-16,0.8962,per_usd
2016-06-17,0.8884,per_usd
2016-06-20,0.8835,per_usd
2016-06-21,0.8879,per_usd
2016-06-22,0.8861,per_usd
2016-06-23,0.8793,per_usd
2016-06-24,0.8988,per_usd
2016-06-27,0.9071,per_usd
2016-06-28,0.9046,per_usd
2016-06-29,0.8995,per_usd
2016-06-30,0.9065,per_usd
2016-07-01,0.8973,per_usd
2016-07-05,0.9025,per_usd
2016-07-06,0.9028,per_usd
2016-07-07,0.9038,per_usd
2016-07-08,0.906,per_usd
2016-07-11,0.9054,per_usd
2016-07-12,0.903,per_usd
2016-07-13,0.8999,per_usd
2016-07-14,0.9002,per_usd
2016-07-15,0.9042,per_usd
2016-07-18,0.9029,per_usd
2016-07-19,0.9079,per_usd
2016-07-20,0.9085,per_usd
2016-07-21,0.9078,per_usd
2016-07-22,0.9117,per_usd
2016-07-25,0.9107,per_usd
2016-07-26,0.9104,per_usd
2016-07-27,0.9101,per_usd
2016-07-28,0.9014,per_usd
2016-07-29,0.8954,per_usd
2016-08-01,0.8948,per_usd
2016-08-02,0.8909,per_usd
2016-08-03,0.8953,per_usd
2016-08-04,0.8981,per_usd
2016-08-05,0.9025,per_usd
2016-08-08,0.9027,per_usd
2016-08-09,0.9001,per_usd
2016-08-10,0.8952,per_usd
2016-08-11,0.8954,per_usd
2016-08-12,0.8951,per_usd
2016-08-15,0.8929,per_usd
2016-08-16,0.8868,per_usd
2016-08-17,0.8879,per_usd
2016-08-18,0.8823,per_usd
2016-08-19,0.8829,per_usd
2016-08-22,0.8839,per_usd
2016-08-23,0.8843,per_usd
2016-08-24,0.8884,per_usd
2016-08-25,0.887,per_usd
2016-08-26,0.8899,per_usd
2016-08-29,0.8943,per_usd
2016-08-30,0.8969,per_usd
2016-08-31,0.8972,per_usd
2016-09-01,0.8933,per_usd
2016-09-02,0.8962,per_usd
2016-09-06,0.8899,per_usd
2016-09-07,0.8898,per_usd
2016-09-08,0.8884,per_usd
2016-09-09,0.8917,per_usd
2016-09-12,0.8905,per_usd
2016-09-13,0.8895,per_usd
2016-09-14,0.8872,per_usd
2016-09-15,0.8892,per_usd
2016-09-16,0.8961,per_usd
2016-09-19,0.8945,per_usd
2016-09-20,0.8951,per_usd
2016-09-21,0.8957,per_usd
2016-09-22,0.8906,per_usd
2016-09-23,0.891,per_usd
2016-09-26,0.8873,per_usd
2016-09-27,0.8922,per_usd
2016-09-28,0.8929,per_usd
2016-09-29,0.8894,per_usd
2016-09-30,0.8898,per_usd
2016-10-03,0.8921,per_usd
2016-10-04,0.8919,per_usd
2016-10-05,0.8932,per_usd
2016-10-06,0.8962,per_usd
2016-10-07,0.8964,per_usd
2016-10-11,0.904,per_usd
2016-10-12,0.9079,per_usd
2016-10-13,0.906,per_usd
2016-10-14,0.9103,per_usd
2016-10-17,0.9091,per_usd
2016-10-18,0.9093,per_usd
2016-10-19,0.9119,per_usd
2016-10-20,0.9146,per_usd
2016-10-21,0.9203,per_usd
2016-10-24,0.9184,per_usd
2016-10-25,0.9183,per_usd
2016-10-26,0.9161,per_usd
2016-10-27,0.9171,per_usd
2016-10-28,0.9146,per_usd
2016-10-31,0.9122,per_usd
2016-11-01,0.9056,per_usd
2016-11-02,0.8994,per_usd
2016-11-03,0.9014,per_usd
2016-11-04,0.8992,per_usd
2016-11-07,0.906,per_usd
2016-11-08,0.9063,per_usd
2016-11-09,0.9131,per_usd
2016-11-10,0.9189,per_usd
2016-11-14,0.9326,per_usd
2016-11-15,0.9323,per_usd
2016-11-16,0.9347,per_usd
2016-11-17,0.9384,per_usd
2016-11-18,0.9434,per_usd
2016-11-21,0.9437,per_usd
2016-11-22,0.9418,per_usd
2016-11-23,0.947,per_usd
2016-11-25,0.9438,per_usd
2016-11-28,0.9455,per_usd
2016-11-29,0.9411,per_usd
2016-11-30,0.9454,per_usd
2016-12-01,0.9404,per_usd
2016-12-02,0.9376,per_usd
2016-12-05,0.9326,per_usd
2016-12-06,0.9331,per_usd
2016-12-07,0.9295,per_usd
2016-12-08,0.9412,per_usd
2016-12-09,0.9487,per_usd
2016-12-12,0.9429,per_usd
2016-12-13,0.9403,per_usd
2016-12-14,0.9384,per_usd
2016-12-15,0.9639,per_usd
2016-12-16,0.9564,per_usd
2016-12-19,0.9575,per_usd
2016-12-20,0.9625,per_usd
2016-12-21,0.9592,per_usd
2016-12-22,0.9568,per_usd
2016-12-23,0.957,per_usd
2016-12-27,0.9562,per_usd
2016-12-28,0.9626,per_usd
2016-12-29,0.9537,per_usd
2016-12-30,0.9477,per_usd
2017-01-03,0.9601,per_usd
2017-01-04,0.9546,per_usd
2017-01-05,0.9436,per_usd
2017-01-06,0.947,per_usd
2017-01-09,0.9455,per_usd
2017-01-10,0.9459,per_usd
2017-01-11,0.9523,per_usd
2017-01-12,0.9376,per_usd
2017-01-13,0.9412,per_usd
2017-01-17,0.935,per_usd
2017-01-18,0.9362,per_usd
2017-01-19,0.9407,per_usd
2017-01-23,0.9311,per_usd
2017-01-24,0.9303,per_usd
2017-01-25,0.9308,per_usd
2017-01-26,0.9372,per_usd
2017-01-27,0.9355,per_usd
2017-01-30,0.9362,per_usd
2017-01-31,0.9264,per_usd
2017-02-01,0.9295,per_usd
2017-02-02,0.9258,per_usd
2017-02-03,0.9266,per_usd
2017-02-06,0.9319,per_usd
2017-02-07,0.9355,per_usd
2017-02-08,0.9339,per_usd
2017-02-09,0.9383,per_usd
2017-02-10,0.939,per_usd
2017-02-13,0.9431,per_usd
2017-02-14,0.9454,per_usd
2017-02-15,0.9437,per_usd
2017-02-16,0.9381,per_usd
2017-02-17,0.9422,per_usd
2017-02-21,0.9478,per_usd
2017-02-22,0.9474,per_usd
2017-02-23,0.9446,per_usd
2017-02-24,0.9452,per_usd
2017-02-27,0.9413,per_usd
2017-02-28,0.9418,per_usd
2017-03-01,0.9466,per_usd
2017-03-02,0.9511,per_usd
2017-03-03,0.9477,per_usd
2017-03-06,0.9446,per_usd
2017-03-07,0.945,per_usd
2017-03-08,0.9481,per_usd
2017-03-09,0.9446,per_usd
2017-03-10,0.9375,per_usd
2017-03-13,0.9372,per_usd
2017-03-14,0.9394,per_usd
2017-03-15,0.9407,per_usd
2017-03-16,0.9313,per_usd
2017-03-17,0.9309,per_usd
2017-03-20,0.9299,per_usd
2017-03-21,0.9251,per_usd
2017-03-22,0.9259,per_usd
2017-03-23,0.927,per_usd
2017-03-24,0.9254,per_usd
2017-03-27,0.9189,per_usd
2017-03-28,0.9215,per_usd
2017-03-29,0.9297,per_usd
2017-03-30,0.9323,per_usd
2017-03-31,0.9348,per_usd
2017-04-03,0.9385,per_usd
2017-04-04,0.9377,per_usd
2017-04-05,0.938,per_usd
2017-04-06,0.9389,per_usd
2017-04-07,0.942,per_usd
2017-04-10,0.9429,per_usd
2017-04-11,0.9422,per_usd
2017-04-12,0.9424,per_usd
2017-04-13,0.9407,per_usd
2017-04-14,0.9412,per_usd
2017-04-17,0.9381,per_usd
2017-04-18,0.9341,per_usd
2017-04-19,0.934,per_usd
2017-04-20,0.9295,per_usd
2017-04-21,0.9351,per_usd
2017-04-24,0.922,per_usd
2017-04-25,0.914,per_usd
2017-04-26,0.9198,per_usd
2017-04-27,0.9205,per_usd
2017-04-28,0.9179,per_usd
2017-05-01,0.9164,per_usd
2017-05-02,0.9166,per_usd
2017-05-03,0.9158,per_usd
2017-05-04,0.9118,per_usd
2017-05-05,0.9094,per_usd
2017-05-08,0.9151,per_usd
2017-05-09,0.9195,per_usd
2017-05-10,0.9197,per_usd
2017-05-11,0.92,per_usd
2017-05-12,0.9152,per_usd
2017-05-15,0.9108,per_usd
2017-05-16,0.9032,per_usd
2017-05-17,0.8981,per_usd
2017-05-18,0.8985,per_usd
2017-05-19,0.8937,per_usd
2017-05-22,0.89,per_usd
2017-05-23,0.893,per_usd
2017-05-24,0.8949,per_usd
2017-05-25,0.8914,per_usd
2017-05-26,0.8953,per_usd
2017-05-30,0.8942,per_usd
2017-05-31,0.89,per_usd
2017-06-01,0.8917,per_usd
2017-06-02,0.8873,per_usd
2017-06-05,0.8889,per_usd
2017-06-06,0.8876,per_usd
2017-06-07,0.89,per_usd
2017-06-08,0.8915,per_usd
2017-06-09,0.8937,per_usd
2017-06-12,0.8925,per_usd
2017-06-13,0.8933,per_usd
2017-06-14,0.8868,per_usd
2017-06-15,0.8967,per_usd
2017-06-16,0.8933,per_usd
2017-06-19,0.8961,per_usd
2017-06-20,0.899,per_usd
2017-06-21,0.8974,per_usd
2017-06-22,0.897,per_usd
2017-06-23,0.8932,per_usd
2017-06-26,0.8932,per_usd
2017-06-27,0.885,per_usd
2017-06-28,0.88,per_usd
2017-06-29,0.8757,per_usd
2017-06-30,0.8763,per_usd
2017-07-03,0.8797,per_usd
2017-07-05,0.8821,per_usd
2017-07-06,0.8765,per_usd
2017-07-07,0.8775,per_usd
2017-07-10,0.8775,per_usd
2017-07-11,0.8749,per_usd
2017-07-12,0.8763,per_usd
2017-07-13,0.8783,per_usd
2017-07-14,0.8732,per_usd
2017-07-17,0.8718,per_usd
2017-07-18,0.8637,per_usd
2017-07-19,0.8682,per_usd
2017-07-20,0.8595,per_usd
2017-07-21,0.858,per_usd
2017-07-24,0.859,per_usd
2017-07-25,0.8579,per_usd
2017-07-26,0.8597,per_usd
2017-07-27,0.8579,per_usd
2017-07-28,0.8508,per_usd
2017-07-31,0.8456,per_usd
2017-08-01,0.8475,per_usd
2017-08-02,0.8431,per_usd
2017-08-03,0.8418,per_usd
2017-08-04,0.8508,per_usd
2017-08-07,0.8483,per_usd
2017-08-08,0.853,per_usd
2017-08-09,0.8512,per_usd
2017-08-10,0.851,per_usd
2017-08-11,0.8467,per_usd
2017-08-14,0.8485,per_usd
2017-08-15,0.8521,per_usd
2017-08-16,0.8545,per_usd
2017-08-17,0.8521,per_usd
2017-08-18,0.8512,per_usd
2017-08-21,0.8465,per_usd
2017-08-22,0.8502,per_usd
2017-08-23,0.8473,per_usd
2017-08-24,0.8474,per_usd
2017-08-25,0.8422,per_usd
2017-08-28,0.8352,per_usd
2017-08-29,0.8316,per_usd
2017-08-30,0.8384,per_usd
2017-08-31,0.8408,per_usd
2017-09-01,0.8419,per_usd
2017-09-05,0.8396,per_usd
2017-09-06,0.8373,per_usd
2017-09-07,0.8314,per_usd
2017-09-08,0.8305,per_usd
2017-09-11,0.8358,per_usd
2017-09-12,0.8356,per_usd
2017-09-13,0.8405,per_usd
2017-09-14,0.8413,per_usd
2017-09-15,0.8362,per_usd
2017-09-18,0.8377,per_usd
2017-09-19,0.8347,per_usd
2017-09-20,0.8335,per_usd
2017-09-21,0.8371,per_usd
2017-09-22,0.8355,per_usd
2017-09-25,0.8437,per_usd
2017-09-26,0.8495,per_usd
2017-09-27,0.8513,per_usd
2017-09-28,0.8492,per_usd
2017-09-29,0.8465,per_usd
2017-10-02,0.8514,per_usd
2017-10-03,0.8504,per_usd
2017-10-04,0.8503,per_usd
2017-10-05,0.8543,per_usd
2017-10-06,0.8524,per_usd
2017-10-10,0.8472,per_usd
2017-10-11,0.8441,per_usd
2017-10-12,0.8446,per_usd
2017-10-13,0.8448,per_usd
2017-10-16,0.8467,per_usd
2017-10-17,0.8508,per_usd
2017-10-18,0.8493,per_usd
2017-10-19,0.8445,per_usd
2017-10-20,0.8496,per_usd
2017-10-23,0.8502,per_usd
2017-10-24,0.8499,per_usd
2017-10-25,0.8473,per_usd
2017-10-26,0.8547,per_usd
2017-10-27,0.8636,per_usd
2017-10-30,0.8601,per_usd
2017-10-31,0.8585,per_usd
2017-11-01,0.8607,per_usd
2017-11-02,0.8568,per_usd
2017-11-03,0.8609,per_usd
2017-11-06,0.8621,per_usd
2017-11-07,0.8638,per_usd
2017-11-08,0.8627,per_usd
2017-11-09,0.8585,per_usd
2017-11-13,0.8579,per_usd
2017-11-14,0.8501,per_usd
2017-11-15,0.8479,per_usd
2017-11-16,0.8495,per_usd
2017-11-17,0.8475,per_usd
2017-11-20,0.8517,per_usd
2017-11-21,0.8517,per_usd
2017-11-22,0.8482,per_usd
2017-11-24,0.8378,per_usd
2017-11-27,0.8396,per_usd
2017-11-28,0.8419,per_usd
2017-11-29,0.8433,per_usd
2017-11-30,0.8405,per_usd
2017-12-01,0.8396,per_usd
2017-12-04,0.844,per_usd
2017-12-05,0.846,per_usd
2017-12-06,0.8483,per_usd
2017-12-07,0.8482,per_usd
2017-12-08,0.8503,per_usd
2017-12-11,0.8473,per_usd
2017-12-12,0.8529,per_usd
2017-12-13,0.8502,per_usd
2017-12-14,0.849,per_usd
2017-12-15,0.849,per_usd
2017-12-18,0.8472,per_usd
2017-12-19,0.8459,per_usd
2017-12-20,0.8417,per_usd
2017-12-21,0.8423,per_usd
2017-12-22,0.8447,per_usd
2017-12-26,0.8427,per_usd
2017-12-27,0.8402,per_usd
2017-12-28,0.8367,per_usd
2017-12-29,0.8318,per_usd
2018-01-02,0.8299,per_usd
2018-01-03,0.8313,per_usd
2018-01-04,0.8289,per_usd
2018-01-05,0.8306,per_usd
2018-01-08,0.8352,per_usd
2018-01-09,0.8388,per_usd
2018-01-10,0.8363,per_usd
2018-01-11,0.8309,per_usd
2018-01-12,0.8244,per_usd
2018-01-16,0.8167,per_usd
2018-01-17,0.8177,per_usd
2018-01-18,0.8171,per_usd
2018-01-19,0.8171,per_usd
2018-01-22,0.8177,per_usd
2018-01-23,0.8145,per_usd
2018-01-24,0.8071,per_usd
2018-01-25,0.8008,per_usd
2018-01-26,0.805,per_usd
2018-01-29,0.8096,per_usd
2018-01-30,0.8071,per_usd
2018-01-31,0.8046,per_usd
2018-02-01,0.8012,per_usd
2018-02-02,0.8035,per_usd
2018-02-05,0.8053,per_usd
2018-02-06,0.8077,per_usd
2018-02-07,0.8143,per_usd
2018-02-08,0.8171,per_usd
2018-02-09,0.8179,per_usd
2018-02-12,0.8152,per_usd
2018-02-13,0.8089,per_usd
2018-02-14,0.8067,per_usd
2018-02-15,0.8012,per_usd
2018-02-16,0.8037,per_usd
2018-02-20,0.8098,per_usd
2018-02-21,0.8121,per_usd
2018-02-22,0.8113,per_usd
2018-02-23,0.8131,per_usd
2018-02-26,0.8133,per_usd
2018-02-27,0.8171,per_usd
2018-02-28,0.8189,per_usd
2018-03-01,0.8186,per_usd
2018-03-02,0.8121,per_usd
2018-03-05,0.811,per_usd
2018-03-06,0.8055,per_usd
2018-03-07,0.8066,per_usd
2018-03-08,0.8121,per_usd
2018-03-09,0.8113,per_usd
2018-03-12,0.8118,per_usd
2018-03-13,0.8066,per_usd
2018-03-14,0.8089,per_usd
2018-03-15,0.8116,per_usd
2018-03-16,0.8143,per_usd
2018-03-19,0.8111,per_usd
2018-03-20,0.8149,per_usd
2018-03-21,0.8151,per_usd
2018-03-22,0.8123,per_usd
2018-03-23,0.8091,per_usd
2018-03-26,0.8039,per_usd
2018-03-27,0.8058,per_usd
2018-03-28,0.8097,per_usd
2018-03-29,0.8132,per_usd
2018-03-30,0.8117,per_usd
2018-04-02,0.8138,per_usd
2018-04-03,0.8156,per_usd
2018-04-04,0.8135,per_usd
2018-04-05,0.8177,per_usd
2018-04-06,0.8147,per_usd
2018-04-09,0.8117,per_usd
2018-04-10,0.8105,per_usd
2018-04-11,0.8075,per_usd
2018-04-12,0.8117,per_usd
2018-04-13,0.8116,per_usd
2018-04-16,0.8082,per_usd
2018-04-17,0.81,per_usd
2018-04-18,0.8078,per_usd
2018-04-19,0.8106,per_usd
2018-04-20,0.8142,per_usd
2018-04-23,0.8186,per_usd
2018-04-24,0.8179,per_usd
2018-04-25,0.8212,per_usd
2018-04-26,0.8256,per_usd
2018-04-27,0.8259,per_usd
2018-04-30,0.8282,per_usd
2018-05-01,0.8333,per_usd
2018-05-02,0.8356,per_usd
2018-05-03,0.8354,per_usd
2018-05-04,0.8371,per_usd
2018-05-07,0.8384,per_usd
2018-05-08,0.843,per_usd
2018-05-09,0.8437,per_usd
2018-05-10,0.8406,per_usd
2018-05-11,0.8368,per_usd
2018-05-14,0.835,per_usd
2018-05-15,0.8429,per_usd
2018-05-16,0.8483,per_usd
2018-05-17,0.8476,per_usd
2018-05-18,0.8493,per_usd
2018-05-21,0.8498,per_usd
2018-05-22,0.8487,per_usd
2018-05-23,0.8552,per_usd
2018-05-24,0.8526,per_usd
2018-05-25,0.8572,per_usd
2018-05-29,0.8657,per_usd
2018-05-30,0.8573,per_usd
2018-05-31,0.8569,per_usd
2018-06-01,0.8562,per_usd
2018-06-04,0.855,per_usd
2018-06-05,0.8568,per_usd
2018-06-06,0.849,per_usd
2018-06-07,0.8464,per_usd
2018-06-08,0.8494,per_usd
2018-06-11,0.8473,per_usd
2018-06-12,0.848,per_usd
2018-06-13,0.8486,per_usd
2018-06-14,0.8595,per_usd
2018-06-15,0.8609,per_usd
2018-06-18,0.8616,per_usd
2018-06-19,0.8638,per_usd
2018-06-20,0.8627,per_usd
2018-06-21,0.8621,per_usd
2018-06-22,0.8598,per_usd
2018-06-25,0.8551,per_usd
2018-06-26,0.8565,per_usd
2018-06-27,0.863,per_usd
2018-06-28,0.8634,per_usd
2018-06-29,0.8564,per_usd
2018-07-02,0.8618,per_usd
2018-07-03,0.8581,per_usd
2018-07-05,0.8549,per_usd
2018-07-06,0.8519,per_usd
2018-07-09,0.8515,per_usd
2018-07-10,0.8527,per_usd
2018-07-11,0.8531,per_usd
2018-07-12,0.8553,per_usd
2018-07-13,0.8571,per_usd
2018-07-16,0.854,per_usd
2018-07-17,0.8573,per_usd
2018-07-18,0.8587,per_usd
2018-07-19,0.8618,per_usd
2018-07-20,0.8541,per_usd
2018-07-23,0.8546,per_usd
2018-07-24,0.8559,per_usd
2018-07-25,0.8564,per_usd
2018-07-26,0.8581,per_usd
2018-07-27,0.8576,per_usd
2018-07-30,0.8534,per_usd
2018-07-31,0.8543,per_usd
2018-08-01,0.8572,per_usd
2018-08-02,0.8612,per_usd
2018-08-03,0.8623,per_usd
2018-08-06,0.8648,per_usd
2018-08-07,0.8623,per_usd
2018-08-08,0.8622,per_usd
2018-08-09,0.8646,per_usd
2018-08-10,0.8773,per_usd
2018-08-13,0.8775,per_usd
2018-08-14,0.881,per_usd
2018-08-15,0.8825,per_usd
2018-08-16,0.8781,per_usd
2018-08-17,0.8764,per_usd
2018-08-20,0.8743,per_usd
2018-08-21,0.867,per_usd
2018-08-22,0.8624,per_usd
2018-08-23,0.8645,per_usd
2018-08-24,0.8602,per_usd
2018-08-27,0.8565,per_usd
2018-08-28,0.8532,per_usd
2018-08-29,0.8548,per_usd
2018-08-30,0.8587,per_usd
2018-08-31,0.8624,per_usd
2018-09-04,0.8646,per_usd
2018-09-05,0.8606,per_usd
2018-09-06,0.8603,per_usd
2018-09-07,0.8642,per_usd
2018-09-10,0.8618,per_usd
2018-09-11,0.8627,per_usd
2018-09-12,0.8601,per_usd
2018-09-13,0.8568,per_usd
2018-09-14,0.8579,per_usd
2018-09-17,0.8557,per_usd
2018-09-18,0.8552,per_usd
2018-09-19,0.8558,per_usd
2018-09-20,0.8515,per_usd
2018-09-21,0.8519,per_usd
2018-09-24,0.8494,per_usd
2018-09-25,0.8496,per_usd
2018-09-26,0.8505,per_usd
2018-09-27,0.8569,per_usd
2018-09-28,0.8604,per_usd
2018-10-01,0.8645,per_usd
2018-10-02,0.8651,per_usd
2018-10-03,0.8677,per_usd
2018-10-04,0.869,per_usd
2018-10-05,0.8694,per_usd
2018-10-09,0.8709,per_usd
2018-10-10,0.8665,per_usd
2018-10-11,0.8647,per_usd
2018-10-12,0.8651,per_usd
2018-10-15,0.8625,per_usd
2018-10-16,0.8626,per_usd
2018-10-17,0.8666,per_usd
2018-10-18,0.87,per_usd
2018-10-19,0.8686,per_usd
2018-10-22,0.8721,per_usd
2018-10-23,0.8711,per_usd
2018-10-24,0.878,per_usd
2018-10-25,0.8792,per_usd
2018-10-26,0.8781,per_usd
2018-10-29,0.878,per_usd
2018-10-30,0.88,per_usd
2018-10-31,0.8825,per_usd
2018-11-01,0.8775,per_usd
2018-11-02,0.8789,per_usd
2018-11-05,0.8777,per_usd
2018-11-06,0.8763,per_usd
2018-11-07,0.8727,per_usd
2018-11-08,0.876,per_usd
2018-11-09,0.883,per_usd
2018-11-13,0.8859,per_usd
2018-11-14,0.884,per_usd
2018-11-15,0.8831,per_usd
2018-11-16,0.877,per_usd
2018-11-19,0.8735,per_usd
2018-11-20,0.8779,per_usd
2018-11-21,0.8777,per_usd
2018-11-23,0.8825,per_usd
2018-11-26,0.8821,per_usd
2018-11-27,0.8864,per_usd
2018-11-28,0.8861,per_usd
2018-11-29,0.8786,per_usd
2018-11-30,0.8832,per_usd
2018-12-03,0.8806,per_usd
2018-12-04,0.8814,per_usd
2018-12-06,0.8792,per_usd
2018-12-07,0.878,per_usd
2018-12-10,0.8797,per_usd
2018-12-11,0.8839,per_usd
2018-12-12,0.8801,per_usd
2018-12-13,0.8804,per_usd
2018-12-14,0.885,per_usd
2018-12-17,0.8819,per_usd
2018-12-18,0.88,per_usd
2018-12-19,0.8755,per_usd
2018-12-20,0.8747,per_usd
2018-12-21,0.877,per_usd
2018-12-26,0.8766,per_usd
2018-12-27,0.8763,per_usd
2018-12-28,0.8737,per_usd
2018-12-31,0.8729,per_usd
2019-01-02,0.8805,per_usd
2019-01-03,0.8773,per_usd
2019-01-04,0.8764,per_usd
2019-01-07,0.872,per_usd
2019-01-08,0.8738,per_usd
2019-01-09,0.8678,per_usd
2019-01-10,0.8683,per_usd
2019-01-11,0.8712,per_usd
2019-01-15,0.8778,per_usd
2019-01-16,0.8766,per_usd
2019-01-17,0.8783,per_usd
2019-01-18,0.8801,per_usd
2019-01-22,0.8804,per_usd
2019-01-23,0.878,per_usd
2019-01-24,0.8832,per_usd
2019-01-25,0.8767,per_usd
2019-01-28,0.8743,per_usd
2019-01-29,0.8754,per_usd
2019-01-30,0.8758,per_usd
2019-01-31,0.8731,per_usd
2019-02-01,0.8715,per_usd
2019-02-04,0.8743,per_usd
2019-02-05,0.8767,per_usd
2019-02-06,0.8787,per_usd
2019-02-07,0.8805,per_usd
2019-02-08,0.8829,per_usd
2019-02-11,0.8868,per_usd
2019-02-12,0.8837,per_usd
2019-02-13,0.8859,per_usd
2019-02-14,0.8862,per_usd
2019-02-15,0.8875,per_usd
2019-02-19,0.8828,per_usd
2019-02-21,0.882,per_usd
2019-02-22,0.8817,per_usd
2019-02-25,0.8814,per_usd
2019-02-26,0.8792,per_usd
2019-02-27,0.8795,per_usd
2019-02-28,0.8788,per_usd
2019-03-01,0.879,per_usd
2019-03-04,0.8828,per_usd
2019-03-05,0.885,per_usd
2019-03-06,0.8834,per_usd
2019-03-07,0.8917,per_usd
2019-03-08,0.8894,per_usd
2019-03-11,0.8908,per_usd
2019-03-12,0.8868,per_usd
2019-03-13,0.8842,per_usd
2019-03-14,0.8846,per_usd
2019-03-15,0.8829,per_usd
2019-03-18,0.8821,per_usd
2019-03-19,0.8814,per_usd
2019-03-20,0.8809,per_usd
2019-03-21,0.8802,per_usd
2019-03-22,0.8864,per_usd
2019-03-25,0.8831,per_usd
2019-03-26,0.8865,per_usd
2019-03-27,0.8889,per_usd
2019-03-28,0.89,per_usd
2019-03-29,0.8906,per_usd
2019-04-01,0.8921,per_usd
2019-04-02,0.894,per_usd
2019-04-03,0.8895,per_usd
2019-04-04,0.8916,per_usd
2019-04-05,0.8915,per_usd
2019-04-08,0.8879,per_usd
2019-04-09,0.8867,per_usd
2019-04-10,0.8876,per_usd
2019-04-11,0.8879,per_usd
2019-04-12,0.8846,per_usd
2019-04-15,0.8846,per_usd
2019-04-16,0.8855,per_usd
2019-04-17,0.8852,per_usd
2019-04-18,0.8896,per_usd
2019-04-19,0.8892,per_usd
2019-04-22,0.8883,per_usd
2019-04-23,0.8918,per_usd
2019-04-24,0.8935,per_usd
2019-04-25,0.8977,per_usd
2019-04-26,0.8965,per_usd
2019-04-29,0.8956,per_usd
2019-04-30,0.8928,per_usd
2019-05-01,0.8892,per_usd
2019-05-02,0.8941,per_usd
2019-05-03,0.894,per_usd
2019-05-06,0.8931,per_usd
2019-05-07,0.8946,per_usd
2019-05-08,0.8924,per_usd
2019-05-09,0.8906,per_usd
2019-05-10,0.8896,per_usd
2019-05-13,0.8903,per_usd
2019-05-14,0.8923,per_usd
2019-05-15,0.8922,per_usd
2019-05-16,0.8946,per_usd
2019-05-17,0.8956,per_usd
2019-05-20,0.8953,per_usd
2019-05-21,0.8962,per_usd
2019-05-22,0.8964,per_usd
2019-05-23,0.8951,per_usd
2019-05-24,0.8931,per_usd
2019-05-28,0.8947,per_usd
2019-05-29,0.898,per_usd
2019-05-30,0.8977,per_usd
2019-05-31,0.8969,per_usd
2019-06-03,0.8924,per_usd
2019-06-04,0.89,per_usd
2019-06-05,0.8895,per_usd
2019-06-06,0.8854,per_usd
2019-06-07,0.8831,per_usd
2019-06-10,0.8841,per_usd
2019-06-11,0.8837,per_usd
2019-06-12,0.8842,per_usd
2019-06-13,0.8869,per_usd
2019-06-14,0.8915,per_usd
2019-06-17,0.8901,per_usd
2019-06-18,0.8932,per_usd
2019-06-19,0.8917,per_usd
2019-06-20,0.8862,per_usd
2019-06-21,0.8828,per_usd
2019-06-24,0.8777,per_usd
2019-06-25,0.8783,per_usd
2019-06-26,0.878,per_usd
2019-06-27,0.8794,per_usd
2019-06-28,0.8792,per_usd
2019-07-01,0.8844,per_usd
2019-07-02,0.8849,per_usd
2019-07-03,0.8869,per_usd
2019-07-05,0.8916,per_usd
2019-07-08,0.8922,per_usd
2019-07-09,0.8921,per_usd
2019-07-10,0.8881,per_usd
2019-07-11,0.888,per_usd
2019-07-12,0.8886,per_usd
2019-07-15,0.8881,per_usd
2019-07-16,0.8919,per_usd
2019-07-17,0.8903,per_usd
2019-07-18,0.8906,per_usd
2019-07-19,0.8913,per_usd
2019-07-22,0.8917,per_usd
2019-07-23,0.8964,per_usd
2019-07-24,0.8976,per_usd
2019-07-25,0.8964,per_usd
2019-07-26,0.8992,per_usd
2019-07-29,0.8975,per_usd
2019-07-30,0.897,per_usd
2019-07-31,0.8985,per_usd
2019-08-01,0.904,per_usd
2019-08-02,0.8999,per_usd
2019-08-05,0.8931,per_usd
2019-08-06,0.8932,per_usd
2019-08-07,0.89,per_usd
2019-08-08,0.8921,per_usd
2019-08-09,0.8911,per_usd
2019-08-12,0.8919,per_usd
2019-08-13,0.8943,per_usd
2019-08-14,0.8973,per_usd
2019-08-15,0.9004,per_usd
2019-08-16,0.9016,per_usd
2019-08-19,0.9012,per_usd
2019-08-20,0.9016,per_usd
2019-08-21,0.9011,per_usd
2019-08-22,0.9018,per_usd
2019-08-23,0.897,per_usd
2019-08-26,0.8999,per_usd
2019-08-27,0.9014,per_usd
2019-08-28,0.9022,per_usd
2019-08-29,0.9042,per_usd
2019-08-30,0.91,per_usd
2019-09-03,0.9117,per_usd
2019-09-04,0.907,per_usd
2019-09-05,0.906,per_usd
2019-09-06,0.9056,per_usd
2019-09-09,0.9045,per_usd
2019-09-10,0.9056,per_usd
2019-09-11,0.909,per_usd
2019-09-12,0.903,per_usd
2019-09-13,0.903,per_usd
2019-09-16,0.9086,per_usd
2019-09-17,0.9039,per_usd
2019-09-18,0.9041,per_usd
2019-09-19,0.9053,per_usd
2019-09-20,0.9088,per_usd
2019-09-23,0.9098,per_usd
2019-09-24,0.9092,per_usd
2019-09-25,0.9133,per_usd
2019-09-26,0.9142,per_usd
2019-09-27,0.9139,per_usd
2019-09-30,0.917,per_usd
2019-10-01,0.9147,per_usd
2019-10-02,0.9132,per_usd
2019-10-03,0.9098,per_usd
2019-10-04,0.9112,per_usd
2019-10-07,0.9104,per_usd
2019-10-08,0.9133,per_usd
2019-10-09,0.9109,per_usd
2019-10-10,0.9076,per_usd
2019-10-11,0.9059,per_usd
2019-10-15,0.9061,per_usd
2019-10-16,0.9029,per_usd
2019-10-17,0.8986,per_usd
2019-10-18,0.8965,per_usd
2019-10-21,0.8973,per_usd
2019-10-22,0.8978,per_usd
2019-10-23,0.8994,per_usd
2019-10-24,0.9011,per_usd
2019-10-25,0.9024,per_usd
2019-10-28,0.9014,per_usd
2019-10-29,0.8995,per_usd
2019-10-30,0.899,per_usd
2019-10-31,0.8965,per_usd
2019-11-01,0.8953,per_usd
2019-11-04,0.8973,per_usd
2019-11-05,0.9033,per_usd
2019-11-06,0.9029,per_usd
2019-11-07,0.9054,per_usd
2019-11-08,0.9075,per_usd
2019-11-12,0.9077,per_usd
2019-11-13,0.9088,per_usd
2019-11-14,0.9078,per_usd
2019-11-15,0.9053,per_usd
2019-11-18,0.9026,per_usd
2019-11-19,0.9029,per_usd
2019-11-20,0.9039,per_usd
2019-11-21,0.9036,per_usd
2019-11-22,0.9067,per_usd
2019-11-25,0.9083,per_usd
2019-11-26,0.9081,per_usd
2019-11-27,0.9089,per_usd
2019-11-29,0.9075,per_usd
2019-12-02,0.9029,per_usd
2019-12-03,0.9018,per_usd
2019-12-04,0.9029,per_usd
2019-12-05,0.9006,per_usd
2019-12-06,0.9048,per_usd
2019-12-09,0.9036,per_usd
2019-12-10,0.9017,per_usd
2019-12-11,0.9016,per_usd
2019-12-12,0.8997,per_usd
2019-12-13,0.8986,per_usd
2019-12-16,0.8977,per_usd
2019-12-17,0.897,per_usd
2019-12-18,0.8998,per_usd
2019-12-19,0.8986,per_usd
2019-12-20,0.9029,per_usd
2019-12-23,0.9016,per_usd
2019-12-24,0.9022,per_usd
2019-12-26,0.9007,per_usd
2019-12-27,0.8949,per_usd
2019-12-30,0.8915,per_usd
2019-12-31,0.8907,per_usd
2020-01-02,0.8956,per_usd
2020-01-03,0.895,per_usd
2020-01-06,0.8939,per_usd
2020-01-07,0.8978,per_usd
2020-01-08,0.8995,per_usd
2020-01-09,0.9004,per_usd
2020-01-10,0.8994,per_usd
2020-01-13,0.8978,per_usd
2020-01-14,0.8985,per_usd
2020-01-15,0.8961,per_usd
2020-01-16,0.8984,per_usd
2020-01-17,0.9015,per_usd
2020-01-21,0.9012,per_usd
2020-01-22,0.9021,per_usd
2020-01-23,0.9057,per_usd
2020-01-24,0.9069,per_usd
2020-01-27,0.9075,per_usd
2020-01-28,0.9084,per_usd
2020-01-29,0.9088,per_usd
2020-01-30,0.9065,per_usd
2020-01-31,0.9024,per_usd
2020-02-03,0.904,per_usd
2020-02-04,0.9056,per_usd
2020-02-05,0.9086,per_usd
2020-02-06,0.9108,per_usd
2020-02-07,0.9132,per_usd
2020-02-10,0.9161,per_usd
2020-02-11,0.916,per_usd
2020-02-12,0.918,per_usd
2020-02-13,0.9218,per_usd
2020-02-14,0.9226,per_usd
2020-02-18,0.9246,per_usd
2020-02-19,0.9264,per_usd
2020-02-20,0.9262,per_usd
2020-02-21,0.9212,per_usd
2020-02-24,0.9211,per_usd
2020-02-25,0.9201,per_usd
2020-02-26,0.9185,per_usd
2020-02-27,0.911,per_usd
2020-02-28,0.909,per_usd
2020-03-02,0.8957,per_usd
2020-03-03,0.8949,per_usd
2020-03-04,0.8985,per_usd
2020-03-05,0.8927,per_usd
2020-03-06,0.8835,per_usd
2020-03-09,0.8757,per_usd
2020-03-10,0.8817,per_usd
2020-03-11,0.8865,per_usd
2020-03-12,0.9024,per_usd
2020-03-13,0.9037,per_usd
2020-03-16,0.8977,per_usd
2020-03-17,0.9115,per_usd
2020-03-18,0.9231,per_usd
2020-03-19,0.9347,per_usd
2020-03-20,0.9362,per_usd
2020-03-23,0.9294,per_usd
2020-03-24,0.9264,per_usd
2020-03-25,0.9229,per_usd
2020-03-26,0.907,per_usd
2020-03-27,0.9042,per_usd
2020-03-30,0.9076,per_usd
2020-03-31,0.9078,per_usd
2020-04-01,0.9146,per_usd
2020-04-02,0.9206,per_usd
2020-04-03,0.9262,per_usd
2020-04-06,0.9252,per_usd
2020-04-07,0.9186,per_usd
2020-04-08,0.9205,per_usd
2020-04-09,0.9148,per_usd
2020-04-10,0.9132,per_usd
2020-04-13,0.9169,per_usd
2020-04-14,0.9115,per_usd
2020-04-15,0.9167,per_usd
2020-04-16,0.9225,per_usd
2020-04-17,0.9189,per_usd
2020-04-20,0.9196,per_usd
2020-04-21,0.9213,per_usd
2020-04-22,0.9234,per_usd
2020-04-23,0.9246,per_usd
2020-04-24,0.9261,per_usd
2020-04-27,0.9234,per_usd
2020-04-28,0.9228,per_usd
2020-04-29,0.9214,per_usd
2020-04-30,0.9146,per_usd
2020-05-01,0.9093,per_usd
2020-05-04,0.9165,per_usd
2020-05-05,0.9222,per_usd
2020-05-06,0.9254,per_usd
2020-05-07,0.9246,per_usd
2020-05-08,0.9213,per_usd
2020-05-11,0.9244,per_usd
2020-05-12,0.9205,per_usd
2020-05-13,0.9228,per_usd
2020-05-14,0.9259,per_usd
2020-05-15,0.9246,per_usd
2020-05-18,0.9171,per_usd
2020-05-19,0.9143,per_usd
2020-05-20,0.9107,per_usd
2020-05-21,0.913,per_usd
2020-05-22,0.9179,per_usd
2020-05-26,0.9116,per_usd
2020-05-27,0.9117,per_usd
2020-05-28,0.9034,per_usd
2020-05-29,0.9003,per_usd
2020-06-01,0.899,per_usd
2020-06-02,0.8956,per_usd
2020-06-03,0.8892,per_usd
2020-06-04,0.8832,per_usd
2020-06-05,0.8852,per_usd
2020-06-08,0.8855,per_usd
2020-06-09,0.8812,per_usd
2020-06-10,0.8807,per_usd
2020-06-11,0.8789,per_usd
2020-06-12,0.8887,per_usd
2020-06-15,0.8873,per_usd
2020-06-16,0.8882,per_usd
2020-06-17,0.8913,per_usd
2020-06-18,0.8916,per_usd
2020-06-19,0.8937,per_usd
2020-06-22,0.8881,per_usd
2020-06-23,0.8832,per_usd
2020-06-24,0.8872,per_usd
2020-06-25,0.8912,per_usd
2020-06-26,0.8917,per_usd
2020-06-29,0.8899,per_usd
2020-06-30,0.8899,per_usd
2020-07-01,0.8882,per_usd
2020-07-02,0.8899,per_usd
2020-07-06,0.8844,per_usd
2020-07-07,0.885,per_usd
2020-07-08,0.8827,per_usd
2020-07-09,0.8851,per_usd
2020-07-10,0.8835,per_usd
2020-07-13,0.88,per_usd
2020-07-14,0.8767,per_usd
2020-07-15,0.8767,per_usd
2020-07-16,0.8747,per_usd
2020-07-17,0.8743,per_usd
2020-07-20,0.874,per_usd
2020-07-21,0.8699,per_usd
2020-07-22,0.863,per_usd
2020-07-23,0.8604,per_usd
2020-07-24,0.8595,per_usd
2020-07-27,0.8511,per_usd
2020-07-28,0.8523,per_usd
2020-07-29,0.8496,per_usd
2020-07-30,0.8481,per_usd
2020-07-31,0.8459,per_usd
2020-08-03,0.8511,per_usd
2020-08-04,0.8499,per_usd
2020-08-05,0.8405,per_usd
2020-08-06,0.8435,per_usd
2020-08-07,0.8492,per_usd
2020-08-10,0.8506,per_usd
2020-08-11,0.8501,per_usd
2020-08-12,0.8477,per_usd
2020-08-13,0.8462,per_usd
2020-08-14,0.8451,per_usd
2020-08-17,0.8425,per_usd
2020-08-18,0.8384,per_usd
2020-08-19,0.8405,per_usd
2020-08-20,0.843,per_usd
2020-08-21,0.8493,per_usd
2020-08-24,0.8472,per_usd
2020-08-25,0.8462,per_usd
2020-08-26,0.8465,per_usd
2020-08-27,0.8457,per_usd
2020-08-28,0.8403,per_usd
2020-08-31,0.8368,per_usd
2020-09-01,0.8369,per_usd
2020-09-02,0.8446,per_usd
2020-09-03,0.8452,per_usd
2020-09-04,0.846,per_usd
2020-09-08,0.8482,per_usd
2020-09-09,0.8467,per_usd
2020-09-10,0.8418,per_usd
2020-09-11,0.8452,per_usd
2020-09-14,0.8422,per_usd
2020-09-15,0.8442,per_usd
2020-09-16,0.845,per_usd
2020-09-17,0.8458,per_usd
2020-09-18,0.8434,per_usd
2020-09-21,0.852,per_usd
2020-09-22,0.8545,per_usd
2020-09-23,0.8564,per_usd
2020-09-24,0.8572,per_usd
2020-09-25,0.8607,per_usd
2020-09-28,0.8576,per_usd
2020-09-29,0.8535,per_usd
2020-09-30,0.853,per_usd
2020-10-01,0.8509,per_usd
2020-10-02,0.8543,per_usd
2020-10-05,0.8486,per_usd
2020-10-06,0.849,per_usd
2020-10-07,0.8499,per_usd
2020-10-08,0.8508,per_usd
2020-10-09,0.8461,per_usd
2020-10-13,0.852,per_usd
2020-10-14,0.8507,per_usd
2020-10-15,0.8546,per_usd
2020-10-16,0.8535,per_usd
2020-10-19,0.8483,per_usd
2020-10-20,0.8457,per_usd
2020-10-21,0.8425,per_usd
2020-10-22,0.8457,per_usd
2020-10-23,0.8443,per_usd
2020-10-26,0.8463,per_usd
2020-10-27,0.845,per_usd
2020-10-28,0.851,per_usd
2020-10-29,0.8578,per_usd
2020-10-30,0.8586,per_usd
2020-11-02,0.8595,per_usd
2020-11-03,0.853,per_usd
2020-11-04,0.8525,per_usd
2020-11-05,0.8468,per_usd
2020-11-06,0.8413,per_usd
2020-11-09,0.8467,per_usd
2020-11-10,0.8467,per_usd
2020-11-12,0.8465,per_usd
2020-11-13,0.8457,per_usd
2020-11-16,0.8443,per_usd
2020-11-17,0.843,per_usd
2020-11-18,0.8425,per_usd
2020-11-19,0.8444,per_usd
2020-11-20,0.8434,per_usd
2020-11-23,0.8456,per_usd
2020-11-24,0.8422,per_usd
2020-11-25,0.8398,per_usd
2020-11-30,0.837,per_usd
2020-12-01,0.8306,per_usd
2020-12-02,0.8269,per_usd
2020-12-03,0.8229,per_usd
2020-12-04,0.8236,per_usd
2020-12-07,0.8239,per_usd
2020-12-08,0.8257,per_usd
2020-12-09,0.8278,per_usd
2020-12-10,0.8252,per_usd
2020-12-11,0.8256,per_usd
2020-12-14,0.8234,per_usd
2020-12-15,0.8225,per_usd
2020-12-16,0.8214,per_usd
2020-12-17,0.8158,per_usd
2020-12-18,0.8173,per_usd
2020-12-21,0.8177,per_usd
2020-12-22,0.8216,per_usd
2020-12-23,0.8201,per_usd
2020-12-28,0.8188,per_usd
2020-12-29,0.8162,per_usd
2020-12-30,0.8143,per_usd
2020-12-31,0.8177,per_usd
2021-01-04,0.8161,per_usd
2021-01-05,0.8133,per_usd
2021-01-06,0.8137,per_usd
2021-01-07,0.8153,per_usd
2021-01-08,0.8162,per_usd
2021-01-11,0.8218,per_usd
2021-01-12,0.8218,per_usd
2021-01-13,0.8224,per_usd
2021-01-14,0.8226,per_usd
2021-01-15,0.8265,per_usd
2021-01-19,0.8247,per_usd
2021-01-21,0.8235,per_usd
2021-01-22,0.8211,per_usd
2021-01-25,0.8239,per_usd
2021-01-26,0.8232,per_usd
2021-01-27,0.8264,per_usd
2021-01-28,0.8249,per_usd
2021-01-29,0.8241,per_usd
2021-02-01,0.8285,per_usd
2021-02-02,0.8319,per_usd
2021-02-03,0.8316,per_usd
2021-02-04,0.8351,per_usd
2021-02-05,0.8309,per_usd
2021-02-08,0.8302,per_usd
2021-02-09,0.826,per_usd
2021-02-10,0.8243,per_usd
2021-02-11,0.8246,per_usd
2021-02-12,0.8247,per_usd
2021-02-16,0.826,per_usd
2021-02-17,0.8304,per_usd
2021-02-18,0.828,per_usd
2021-02-19,0.824,per_usd
2021-02-22,0.8227,per_usd
2021-02-23,0.8236,per_usd
2021-02-24,0.8235,per_usd
2021-02-25,0.8177,per_usd
2021-02-26,0.8269,per_usd
2021-03-01,0.8296,per_usd
2021-03-02,0.8279,per_usd
2021-03-03,0.8283,per_usd
2021-03-04,0.8302,per_usd
2021-03-05,0.8393,per_usd
2021-03-08,0.844,per_usd
2021-03-09,0.8414,per_usd
2021-03-10,0.8403,per_usd
2021-03-11,0.8349,per_usd
2021-03-12,0.8367,per_usd
2021-03-15,0.8391,per_usd
2021-03-16,0.8407,per_usd
2021-03-17,0.84,per_usd
2021-03-18,0.8385,per_usd
2021-03-19,0.8397,per_usd
2021-03-22,0.8381,per_usd
2021-03-23,0.8423,per_usd
2021-03-24,0.8452,per_usd
2021-03-25,0.8491,per_usd
2021-03-26,0.8476,per_usd
2021-03-29,0.849,per_usd
2021-03-30,0.853,per_usd
2021-03-31,0.8516,per_usd
2021-04-01,0.8495,per_usd
2021-04-02,0.8501,per_usd
2021-04-05,0.8467,per_usd
2021-04-06,0.8437,per_usd
2021-04-07,0.841,per_usd
2021-04-08,0.8401,per_usd
2021-04-09,0.8405,per_usd
2021-04-12,0.8398,per_usd
2021-04-13,0.8376,per_usd
2021-04-14,0.8351,per_usd
2021-04-15,0.8358,per_usd
2021-04-16,0.8347,per_usd
2021-04-19,0.8314,per_usd
2021-04-20,0.8302,per_usd
2021-04-21,0.831,per_usd
2021-04-22,0.8325,per_usd
2021-04-23,0.8286,per_usd
2021-04-26,0.8276,per_usd
2021-04-27,0.8279,per_usd
2021-04-28,0.8266,per_usd
2021-04-29,0.8258,per_usd
2021-04-30,0.8313,per_usd
2021-05-03,0.8293,per_usd
2021-05-04,0.8324,per_usd
2021-05-05,0.8331,per_usd
2021-05-06,0.8299,per_usd
2021-05-07,0.822,per_usd
2021-05-10,0.8217,per_usd
2021-05-11,0.8218,per_usd
2021-05-12,0.8282,per_usd
2021-05-13,0.8285,per_usd
2021-05-14,0.8237,per_usd
2021-05-17,0.8227,per_usd
2021-05-18,0.8195,per_usd
2021-05-19,0.8186,per_usd
2021-05-20,0.818,per_usd
2021-05-21,0.8212,per_usd
2021-05-24,0.819,per_usd
2021-05-25,0.8175,per_usd
2021-05-26,0.8194,per_usd
2021-05-27,0.8201,per_usd
2021-05-28,0.8201,per_usd
2021-06-01,0.8169,per_usd
2021-06-02,0.8188,per_usd
2021-06-03,0.8249,per_usd
2021-06-04,0.8215,per_usd
2021-06-07,0.8197,per_usd
2021-06-08,0.821,per_usd
2021-06-09,0.8207,per_usd
2021-06-10,0.8215,per_usd
2021-06-11,0.8264,per_usd
2021-06-14,0.8247,per_usd
2021-06-15,0.8251,per_usd
2021-06-16,0.8252,per_usd
2021-06-17,0.8396,per_usd
2021-06-18,0.8423,per_usd
2021-06-21,0.8397,per_usd
2021-06-22,0.8396,per_usd
2021-06-23,0.8368,per_usd
2021-06-24,0.8384,per_usd
2021-06-25,0.8375,per_usd
2021-06-28,0.8377,per_usd
2021-06-29,0.84,per_usd
2021-06-30,0.844,per_usd
2021-07-01,0.8434,per_usd
2021-07-02,0.844,per_usd
2021-07-06,0.8463,per_usd
2021-07-07,0.8472,per_usd
2021-07-08,0.8446,per_usd
2021-07-09,0.8431,per_usd
2021-07-12,0.8433,per_usd
2021-07-13,0.8465,per_usd
2021-07-14,0.8456,per_usd
2021-07-15,0.847,per_usd
2021-07-16,0.8467,per_usd
2021-07-19,0.8472,per_usd
2021-07-20,0.8492,per_usd
2021-07-21,0.8475,per_usd
2021-07-22,0.8495,per_usd
2021-07-23,0.8503,per_usd
2021-07-26,0.8467,per_usd
2021-07-27,0.8452,per_usd
2021-07-28,0.8468,per_usd
2021-07-29,0.8413,per_usd
2021-07-30,0.8429,per_usd
2021-08-02,0.8422,per_usd
2021-08-03,0.8432,per_usd
2021-08-04,0.8445,per_usd
2021-08-05,0.8447,per_usd
2021-08-06,0.8503,per_usd
2021-08-09,0.8511,per_usd
2021-08-10,0.8531,per_usd
2021-08-11,0.852,per_usd
2021-08-12,0.8521,per_usd
2021-08-13,0.8477,per_usd
2021-08-16,0.8492,per_usd
2021-08-17,0.8537,per_usd
2021-08-18,0.8546,per_usd
2021-08-19,0.8552,per_usd
2021-08-20,0.8554,per_usd
2021-08-23,0.8524,per_usd
2021-08-24,0.8514,per_usd
2021-08-25,0.8505,per_usd
2021-08-26,0.8503,per_usd
2021-08-27,0.8479,per_usd
2021-08-30,0.8478,per_usd
2021-08-31,0.8475,per_usd
2021-09-01,0.8439,per_usd
2021-09-02,0.8433,per_usd
2021-09-03,0.8415,per_usd
2021-09-07,0.844,per_usd
2021-09-08,0.8462,per_usd
2021-09-09,0.8455,per_usd
2021-09-10,0.846,per_usd
2021-09-13,0.8468,per_usd
2021-09-14,0.8457,per_usd
2021-09-15,0.8467,per_usd
2021-09-16,0.8501,per_usd
2021-09-17,0.8522,per_usd
2021-09-20,0.8526,per_usd
2021-09-21,0.853,per_usd
2021-09-22,0.8519,per_usd
2021-09-23,0.8522,per_usd
2021-09-24,0.8536,per_usd
2021-09-27,0.8546,per_usd
2021-09-28,0.8561,per_usd
2021-09-29,0.8612,per_usd
2021-09-30,0.8638,per_usd
2021-10-01,0.8622,per_usd
2021-10-04,0.8604,per_usd
2021-10-05,0.8614,per_usd
2021-10-06,0.8661,per_usd
2021-10-07,0.865,per_usd
2021-10-08,0.8642,per_usd
2021-10-12,0.8665,per_usd
2021-10-13,0.8645,per_usd
2021-10-14,0.8627,per_usd
2021-10-15,0.8625,per_usd
2021-10-18,0.8614,per_usd
2021-10-19,0.8597,per_usd
2021-10-20,0.8589,per_usd
2021-10-21,0.8589,per_usd
2021-10-22,0.8597,per_usd
2021-10-25,0.8614,per_usd
2021-10-26,0.8628,per_usd
2021-10-27,0.8621,per_usd
2021-10-28,0.8558,per_usd
2021-10-29,0.8657,per_usd
2021-11-01,0.8627,per_usd
2021-11-02,0.8635,per_usd
2021-11-03,0.8633,per_usd
2021-11-04,0.8661,per_usd
2021-11-05,0.8655,per_usd
2021-11-08,0.8628,per_usd
2021-11-09,0.8629,per_usd
2021-11-10,0.8683,per_usd
2021-11-12,0.8739,per_usd
2021-11-15,0.8756,per_usd
2021-11-16,0.8824,per_usd
2021-11-17,0.8832,per_usd
2021-11-18,0.8804,per_usd
2021-11-19,0.8835,per_usd
2021-11-22,0.8881,per_usd
2021-11-23,0.8877,per_usd
2021-11-24,0.8932,per_usd
2021-11-26,0.8848,per_usd
2021-11-29,0.888,per_usd
2021-11-30,0.886,per_usd
2021-12-01,0.8832,per_usd
2021-12-02,0.8845,per_usd
2021-12-03,0.8843,per_usd
2021-12-06,0.8864,per_usd
2021-12-07,0.8891,per_usd
2021-12-08,0.8826,per_usd
2021-12-09,0.8861,per_usd
2021-12-10,0.884,per_usd
2021-12-13,0.8851,per_usd
2021-12-14,0.8875,per_usd
2021-12-15,0.888,per_usd
2021-12-16,0.8843,per_usd
2021-12-17,0.8868,per_usd
2021-12-20,0.8851,per_usd
2021-12-21,0.8872,per_usd
2021-12-22,0.8831,per_usd
2021-12-23,0.8834,per_usd
2021-12-27,0.8827,per_usd
2021-12-28,0.8839,per_usd
2021-12-29,0.8821,per_usd
2021-12-30,0.8835,per_usd
2022-01-03,0.8857,per_usd
2022-01-04,0.8853,per_usd
2022-01-05,0.8822,per_usd
2022-01-06,0.8844,per_usd
2022-01-07,0.8804,per_usd
2022-01-10,0.8828,per_usd
2022-01-11,0.88,per_usd
2022-01-12,0.8748,per_usd
2022-01-13,0.8723,per_usd
2022-01-14,0.8761,per_usd
2022-01-18,0.8821,per_usd
2022-01-19,0.8814,per_usd
2022-01-20,0.8821,per_usd
2022-01-21,0.8814,per_usd
2022-01-24,0.8842,per_usd
2022-01-25,0.8863,per_usd
2022-01-26,0.8866,per_usd
2022-01-27,0.8976,per_usd
2022-01-28,0.8961,per_usd
2022-01-31,0.8919,per_usd
2022-02-01,0.8898,per_usd
2022-02-02,0.885,per_usd
2022-02-03,0.8753,per_usd
2022-02-04,0.873,per_usd
2022-02-07,0.8746,per_usd
2022-02-08,0.876,per_usd
2022-02-09,0.8745,per_usd
2022-02-10,0.8705,per_usd
2022-02-11,0.8769,per_usd
2022-02-14,0.8845,per_usd
2022-02-15,0.88,per_usd
2022-02-16,0.8787,per_usd
2022-02-17,0.88,per_usd
2022-02-18,0.8828,per_usd
2022-02-22,0.8817,per_usd
2022-02-23,0.8837,per_usd
2022-02-24,0.8965,per_usd
2022-02-25,0.888,per_usd
2022-02-28,0.8909,per_usd
2022-03-01,0.9007,per_usd
2022-03-02,0.9007,per_usd
2022-03-03,0.9047,per_usd
2022-03-04,0.9164,per_usd
2022-03-07,0.9208,per_usd
2022-03-08,0.919,per_usd
2022-03-09,0.9034,per_usd
2022-03-10,0.9085,per_usd
2022-03-11,0.9143,per_usd
2022-03-14,0.9108,per_usd
2022-03-15,0.9112,per_usd
2022-03-16,0.9094,per_usd
2022-03-17,0.9001,per_usd
2022-03-18,0.9055,per_usd
2022-03-21,0.9051,per_usd
2022-03-22,0.9073,per_usd
2022-03-23,0.909,per_usd
2022-03-24,0.9086,per_usd
2022-03-25,0.9103,per_usd
2022-03-28,0.911,per_usd
2022-03-29,0.9006,per_usd
2022-03-30,0.8958,per_usd
2022-03-31,0.9015,per_usd
2022-04-01,0.9056,per_usd
2022-04-04,0.9098,per_usd
2022-04-05,0.9157,per_usd
2022-04-06,0.9163,per_usd
2022-04-07,0.9174,per_usd
2022-04-08,0.9196,per_usd
2022-04-11,0.9195,per_usd
2022-04-12,0.9215,per_usd
2022-04-13,0.9196,per_usd
2022-04-14,0.9263,per_usd
2022-04-15,0.9249,per_usd
2022-04-18,0.9272,per_usd
2022-04-19,0.9269,per_usd
2022-04-20,0.9211,per_usd
2022-04-21,0.9226,per_usd
2022-04-22,0.9268,per_usd
2022-04-25,0.9343,per_usd
2022-04-26,0.938,per_usd
2022-04-27,0.948,per_usd
2022-04-28,0.9524,per_usd
2022-04-29,0.949,per_usd
2022-05-02,0.9505,per_usd
2022-05-03,0.9495,per_usd
2022-05-04,0.9489,per_usd
2022-05-05,0.9517,per_usd
2022-05-06,0.9459,per_usd
2022-05-09,0.9471,per_usd
2022-05-10,0.9496,per_usd
2022-05-11,0.949,per_usd
2022-05-12,0.9638,per_usd
2022-05-13,0.9606,per_usd
2022-05-16,0.9597,per_usd
2022-05-17,0.9495,per_usd
2022-05-18,0.9529,per_usd
2022-05-19,0.9446,per_usd
2022-05-20,0.9471,per_usd
2022-05-23,0.9374,per_usd
2022-05-24,0.9308,per_usd
2022-05-25,0.9383,per_usd
2022-05-26,0.9324,per_usd
2022-05-27,0.9338,per_usd
2022-05-31,0.9319,per_usd
2022-06-01,0.9393,per_usd
2022-06-02,0.9317,per_usd
2022-06-03,0.9327,per_usd
2022-06-06,0.9347,per_usd
2022-06-07,0.9348,per_usd
2022-06-08,0.9311,per_usd
2022-06-09,0.9384,per_usd
2022-06-10,0.9505,per_usd
2022-06-13,0.9582,per_usd
2022-06-14,0.9601,per_usd
2022-06-15,0.9626,per_usd
2022-06-16,0.9496,per_usd
2022-06-17,0.9548,per_usd
2022-06-21,0.948,per_usd
2022-06-22,0.9449,per_usd
2022-06-23,0.9521,per_usd
2022-06-24,0.9489,per_usd
2022-06-27,0.9433,per_usd
2022-06-28,0.9493,per_usd
2022-06-29,0.9545,per_usd
2022-06-30,0.9552,per_usd
2022-07-01,0.9607,per_usd
2022-07-05,0.9752,per_usd
2022-07-06,0.983,per_usd
2022-07-07,0.9843,per_usd
2022-07-08,0.9825,per_usd
2022-07-11,0.9913,per_usd
2022-07-12,0.9931,per_usd
2022-07-13,0.992,per_usd
2022-07-14,0.9972,per_usd
2022-07-15,0.9912,per_usd
2022-07-18,0.9843,per_usd
2022-07-19,0.9768,per_usd
2022-07-20,0.9788,per_usd
2022-07-21,0.9807,per_usd
2022-07-22,0.978,per_usd
2022-07-25,0.9793,per_usd
2022-07-26,0.9885,per_usd
2022-07-27,0.9893,per_usd
2022-07-28,0.984,per_usd
2022-07-29,0.9802,per_usd
2022-08-01,0.9737,per_usd
2022-08-02,0.981,per_usd
2022-08-03,0.9856,per_usd
2022-08-04,0.9784,per_usd
2022-08-05,0.9833,per_usd
2022-08-08,0.9797,per_usd
2022-08-09,0.9779,per_usd
2022-08-10,0.9674,per_usd
2022-08-11,0.9673,per_usd
2022-08-12,0.9749,per_usd
2022-08-15,0.9817,per_usd
2022-08-16,0.9829,per_usd
2022-08-17,0.9839,per_usd
2022-08-18,0.9887,per_usd
2022-08-19,0.9961,per_usd
2022-08-22,1.0064,per_usd
2022-08-23,1.0024,per_usd
2022-08-24,1.0033,per_usd
2022-08-25,1.0041,per_usd
2022-08-26,1.0002,per_usd
2022-08-29,1,per_usd
2022-08-30,0.9982,per_usd
2022-08-31,0.9935,per_usd
2022-09-01,1.005,per_usd
2022-09-02,0.997,per_usd
2022-09-06,1.0087,per_usd
2022-09-07,1.0058,per_usd
2022-09-08,1.0044,per_usd
2022-09-09,0.9954,per_usd
2022-09-12,0.9873,per_usd
2022-09-13,1.0003,per_usd
2022-09-14,1.0007,per_usd
2022-09-15,1.0009,per_usd
2022-09-16,0.9987,per_usd
2022-09-19,0.9997,per_usd
2022-09-20,1.0006,per_usd
2022-09-21,1.0121,per_usd
2022-09-22,1.0162,per_usd
2022-09-23,1.0289,per_usd
2022-09-26,1.0392,per_usd
2022-09-27,1.0399,per_usd
2022-09-28,1.033,per_usd
2022-09-29,1.0231,per_usd
2022-09-30,1.0222,per_usd
2022-10-03,1.0195,per_usd
2022-10-04,1.0023,per_usd
2022-10-05,1.0136,per_usd
2022-10-06,1.0198,per_usd
2022-10-07,1.022,per_usd
2022-10-11,1.0249,per_usd
2022-10-12,1.0318,per_usd
2022-10-13,1.0225,per_usd
2022-10-14,1.0268,per_usd
2022-10-17,1.016,per_usd
2022-10-18,1.0161,per_usd
2022-10-19,1.0225,per_usd
2022-10-20,1.018,per_usd
2022-10-21,1.0147,per_usd
2022-10-24,1.0128,per_usd
2022-10-25,1.0041,per_usd
2022-10-26,0.9932,per_usd
2022-10-27,1.0015,per_usd
2022-10-28,1.0066,per_usd
2022-10-31,1.0116,per_usd
2022-11-01,1.0131,per_usd
2022-11-02,1.0127,per_usd
2022-11-03,1.0247,per_usd
2022-11-04,1.0106,per_usd
2022-11-07,1.0003,per_usd
2022-11-08,0.9912,per_usd
2022-11-09,0.9963,per_usd
2022-11-10,0.9827,per_usd
2022-11-14,0.9674,per_usd
2022-11-15,0.9641,per_usd
2022-11-16,0.962,per_usd
2022-11-17,0.967,per_usd
2022-11-18,0.9663,per_usd
2022-11-21,0.9768,per_usd
2022-11-22,0.9731,per_usd
2022-11-23,0.9649,per_usd
2022-11-25,0.9614,per_usd
2022-11-28,0.9628,per_usd
2022-11-29,0.9656,per_usd
2022-11-30,0.9687,per_usd
2022-12-01,0.9526,per_usd
2022-12-02,0.9505,per_usd
2022-12-05,0.9529,per_usd
2022-12-06,0.9527,per_usd
2022-12-07,0.9519,per_usd
2022-12-08,0.9477,per_usd
2022-12-09,0.9479,per_usd
2022-12-12,0.9483,per_usd
2022-12-13,0.9407,per_usd
2022-12-14,0.9385,per_usd
2022-12-15,0.94,per_usd
2022-12-16,0.9425,per_usd
2022-12-19,0.9413,per_usd
2022-12-20,0.9403,per_usd
2022-12-21,0.9435,per_usd
2022-12-22,0.9445,per_usd
2022-12-23,0.9415,per_usd
2022-12-27,0.9386,per_usd
2022-12-28,0.9414,per_usd
2022-12-29,0.9374,per_usd
2022-12-30,0.9348,per_usd
2023-01-03,0.9471,per_usd
2023-01-04,0.9416,per_usd
2023-01-05,0.9504,per_usd
2023-01-06,0.9417,per_usd
2023-01-09,0.9295,per_usd
2023-01-10,0.9314,per_usd
2023-01-11,0.9311,per_usd
2023-01-12,0.924,per_usd
2023-01-13,0.925,per_usd
2023-01-17,0.9265,per_usd
2023-01-18,0.9236,per_usd
2023-01-19,0.9251,per_usd
2023-01-20,0.9233,per_usd
2023-01-23,0.9204,per_usd
2023-01-24,0.9197,per_usd
2023-01-25,0.9173,per_usd
2023-01-26,0.9203,per_usd
2023-01-27,0.9211,per_usd
2023-01-30,0.9202,per_usd
2023-01-31,0.921,per_usd
2023-02-01,0.916,per_usd
2023-02-02,0.9159,per_usd
2023-02-03,0.9238,per_usd
2023-02-06,0.9327,per_usd
2023-02-07,0.9341,per_usd
2023-02-08,0.9316,per_usd
2023-02-09,0.9293,per_usd
2023-02-10,0.9372,per_usd
2023-02-13,0.933,per_usd
2023-02-14,0.9327,per_usd
2023-02-15,0.9361,per_usd
2023-02-16,0.936,per_usd
2023-02-17,0.9365,per_usd
2023-02-21,0.9384,per_usd
2023-02-22,0.9414,per_usd
2023-02-23,0.9449,per_usd
2023-02-24,0.9483,per_usd
2023-02-27,0.9438,per_usd
2023-02-28,0.9432,per_usd
2023-03-01,0.9369,per_usd
2023-03-02,0.9438,per_usd
2023-03-03,0.942,per_usd
2023-03-06,0.9351,per_usd
2023-03-07,0.9458,per_usd
2023-03-08,0.948,per_usd
2023-03-09,0.9454,per_usd
2023-03-10,0.9382,per_usd
2023-03-13,0.9317,per_usd
2023-03-14,0.9327,per_usd
2023-03-15,0.9492,per_usd
2023-03-16,0.9414,per_usd
2023-03-17,0.9392,per_usd
2023-03-20,0.9327,per_usd
2023-03-21,0.9286,per_usd
2023-03-22,0.9266,per_usd
2023-03-23,0.9183,per_usd
2023-03-24,0.9292,per_usd
2023-03-27,0.9269,per_usd
2023-03-28,0.9222,per_usd
2023-03-29,0.9237,per_usd
2023-03-30,0.9175,per_usd
2023-03-31,0.9198,per_usd
2023-04-03,0.9182,per_usd
2023-04-04,0.9132,per_usd
2023-04-05,0.9159,per_usd
2023-04-06,0.9152,per_usd
2023-04-07,0.9163,per_usd
2023-04-10,0.9225,per_usd
2023-04-11,0.9169,per_usd
2023-04-12,0.9102,per_usd
2023-04-13,0.9046,per_usd
2023-04-14,0.9107,per_usd
2023-04-17,0.9162,per_usd
2023-04-18,0.9126,per_usd
2023-04-19,0.913,per_usd
2023-04-20,0.9116,per_usd
2023-04-21,0.9113,per_usd
2023-04-24,0.9069,per_usd
2023-04-25,0.9117,per_usd
2023-04-26,0.9048,per_usd
2023-04-27,0.9077,per_usd
2023-04-28,0.9058,per_usd
2023-05-01,0.9116,per_usd
2023-05-02,0.9093,per_usd
2023-05-03,0.9051,per_usd
2023-05-04,0.9083,per_usd
2023-05-05,0.9069,per_usd
2023-05-08,0.9074,per_usd
2023-05-09,0.913,per_usd
2023-05-10,0.9119,per_usd
2023-05-11,0.9161,per_usd
2023-05-12,0.9211,per_usd
2023-05-15,0.9196,per_usd
2023-05-16,0.9203,per_usd
2023-05-17,0.9234,per_usd
2023-05-18,0.928,per_usd
2023-05-19,0.9243,per_usd
2023-05-22,0.9254,per_usd
2023-05-23,0.9284,per_usd
2023-05-24,0.9295,per_usd
2023-05-25,0.9324,per_usd
2023-05-26,0.9334,per_usd
2023-05-30,0.9327,per_usd
2023-05-31,0.9386,per_usd
2023-06-01,0.9301,per_usd
2023-06-02,0.9325,per_usd
2023-06-05,0.9327,per_usd
2023-06-06,0.935,per_usd
2023-06-07,0.9344,per_usd
2023-06-08,0.9276,per_usd
2023-06-09,0.9303,per_usd
2023-06-12,0.9305,per_usd
2023-06-13,0.9266,per_usd
2023-06-14,0.9209,per_usd
2023-06-15,0.9147,per_usd
2023-06-16,0.9153,per_usd
2023-06-20,0.9174,per_usd
2023-06-21,0.9132,per_usd
2023-06-22,0.913,per_usd
2023-06-23,0.9185,per_usd
2023-06-26,0.9166,per_usd
2023-06-27,0.9123,per_usd
2023-06-28,0.9171,per_usd
2023-06-29,0.919,per_usd
2023-06-30,0.9158,per_usd
2023-07-03,0.9158,per_usd
2023-07-05,0.9201,per_usd
2023-07-06,0.9197,per_usd
2023-07-07,0.9121,per_usd
2023-07-10,0.9098,per_usd
2023-07-11,0.9098,per_usd
2023-07-12,0.899,per_usd
2023-07-13,0.8933,per_usd
2023-07-14,0.8899,per_usd
2023-07-17,0.89,per_usd
2023-07-18,0.891,per_usd
2023-07-19,0.8933,per_usd
2023-07-20,0.8981,per_usd
2023-07-21,0.8993,per_usd
2023-07-24,0.9023,per_usd
2023-07-25,0.905,per_usd
2023-07-26,0.9027,per_usd
2023-07-27,0.9093,per_usd
2023-07-28,0.9059,per_usd
2023-07-31,0.9074,per_usd
2023-08-01,0.9115,per_usd
2023-08-02,0.9142,per_usd
2023-08-03,0.9135,per_usd
2023-08-04,0.9061,per_usd
2023-08-07,0.9091,per_usd
2023-08-08,0.9132,per_usd
2023-08-09,0.9112,per_usd
2023-08-10,0.9078,per_usd
2023-08-11,0.9127,per_usd
2023-08-14,0.9156,per_usd
2023-08-15,0.9151,per_usd
2023-08-16,0.9171,per_usd
2023-08-17,0.9196,per_usd
2023-08-18,0.9195,per_usd
2023-08-21,0.9184,per_usd
2023-08-22,0.922,per_usd
2023-08-23,0.9206,per_usd
2023-08-24,0.9237,per_usd
2023-08-25,0.927,per_usd
2023-08-28,0.9251,per_usd
2023-08-29,0.9216,per_usd
2023-08-30,0.9152,per_usd
2023-08-31,0.9226,per_usd
2023-09-01,0.927,per_usd
2023-09-05,0.9322,per_usd
2023-09-06,0.9334,per_usd
2023-09-07,0.9342,per_usd
2023-09-08,0.9338,per_usd
2023-09-11,0.9308,per_usd
2023-09-12,0.9323,per_usd
2023-09-13,0.9314,per_usd
2023-09-14,0.9381,per_usd
2023-09-15,0.9369,per_usd
2023-09-18,0.935,per_usd
2023-09-19,0.936,per_usd
2023-09-20,0.9333,per_usd
2023-09-21,0.9377,per_usd
2023-09-22,0.9381,per_usd
2023-09-25,0.9442,per_usd
2023-09-26,0.9458,per_usd
2023-09-27,0.9515,per_usd
2023-09-28,0.9454,per_usd
2023-09-29,0.9448,per_usd
2023-10-02,0.9524,per_usd
2023-10-03,0.9567,per_usd
2023-10-04,0.9508,per_usd
2023-10-05,0.9499,per_usd
2023-10-06,0.9438,per_usd
2023-10-10,0.9418,per_usd
2023-10-11,0.9416,per_usd
2023-10-12,0.9476,per_usd
2023-10-13,0.9522,per_usd
2023-10-16,0.9482,per_usd
2023-10-17,0.944,per_usd
2023-10-18,0.9495,per_usd
2023-10-19,0.9461,per_usd
2023-10-20,0.9441,per_usd
2023-10-23,0.9393,per_usd
2023-10-24,0.9438,per_usd
2023-10-25,0.9449,per_usd
2023-10-26,0.9495,per_usd
2023-10-27,0.9441,per_usd
2023-10-30,0.9416,per_usd
2023-10-31,0.9463,per_usd
2023-11-01,0.9489,per_usd
2023-11-02,0.9418,per_usd
2023-11-03,0.9317,per_usd
2023-11-06,0.9305,per_usd
2023-11-07,0.9357,per_usd
2023-11-08,0.9333,per_usd
2023-11-09,0.9337,per_usd
2023-11-13,0.9346,per_usd
2023-11-14,0.9207,per_usd
2023-11-15,0.9214,per_usd
2023-11-16,0.9216,per_usd
2023-11-17,0.9192,per_usd
2023-11-20,0.9137,per_usd
2023-11-21,0.9155,per_usd
2023-11-22,0.9199,per_usd
2023-11-24,0.9146,per_usd
2023-11-27,0.9143,per_usd
2023-11-28,0.9085,per_usd
2023-11-29,0.9117,per_usd
2023-11-30,0.9168,per_usd
2023-12-01,0.9193,per_usd
2023-12-04,0.9239,per_usd
2023-12-05,0.927,per_usd
2023-12-06,0.9268,per_usd
2023-12-07,0.9264,per_usd
2023-12-08,0.9306,per_usd
2023-12-11,0.9305,per_usd
2023-12-12,0.9268,per_usd
2023-12-13,0.9265,per_usd
2023-12-14,0.9093,per_usd
2023-12-15,0.9169,per_usd
2023-12-18,0.9158,per_usd
2023-12-19,0.911,per_usd
2023-12-20,0.9127,per_usd
2023-12-21,0.9099,per_usd
2023-12-22,0.9084,per_usd
2023-12-26,0.9062,per_usd
2023-12-27,0.8998,per_usd
2023-12-28,0.9031,per_usd
2023-12-29,0.904,per_usd
2024-01-02,0.9127,per_usd
2024-01-03,0.9167,per_usd
2024-01-04,0.9127,per_usd
2024-01-05,0.9127,per_usd
2024-01-08,0.9111,per_usd
2024-01-09,0.9145,per_usd
2024-01-10,0.9124,per_usd
2024-01-11,0.9138,per_usd
2024-01-12,0.9125,per_usd
2024-01-16,0.9189,per_usd
2024-01-17,0.921,per_usd
2024-01-18,0.9206,per_usd
2024-01-19,0.9185,per_usd
2024-01-22,0.9179,per_usd
2024-01-23,0.9234,per_usd
2024-01-24,0.9173,per_usd
2024-01-25,0.9228,per_usd
2024-01-26,0.9203,per_usd
2024-01-29,0.9253,per_usd
2024-01-30,0.9222,per_usd
2024-01-31,0.9212,per_usd
2024-02-01,0.9204,per_usd
2024-02-02,0.927,per_usd
2024-02-05,0.9314,per_usd
2024-02-06,0.9301,per_usd
2024-02-07,0.9286,per_usd
2024-02-08,0.9282,per_usd
2024-02-09,0.9275,per_usd
2024-02-12,0.9282,per_usd
2024-02-13,0.9328,per_usd
2024-02-14,0.9315,per_usd
2024-02-15,0.9293,per_usd
2024-02-16,0.9286,per_usd
2024-02-20,0.9247,per_usd
2024-02-21,0.9244,per_usd
2024-02-22,0.9246,per_usd
2024-02-23,0.9235,per_usd
2024-02-26,0.9212,per_usd
2024-02-27,0.9211,per_usd
2024-02-28,0.9223,per_usd
2024-02-29,0.9253,per_usd
2024-03-01,0.9232,per_usd
2024-03-04,0.9206,per_usd
2024-03-05,0.9207,per_usd
2024-03-06,0.9163,per_usd
2024-03-07,0.914,per_usd
2024-03-08,0.914,per_usd
2024-03-11,0.9151,per_usd
2024-03-12,0.9159,per_usd
2024-03-13,0.9137,per_usd
2024-03-14,0.9184,per_usd
2024-03-15,0.9184,per_usd
2024-03-18,0.9186,per_usd
2024-03-19,0.9209,per_usd
2024-03-20,0.9211,per_usd
2024-03-21,0.9207,per_usd
2024-03-22,0.9245,per_usd
2024-03-25,0.9228,per_usd
2024-03-26,0.9234,per_usd
2024-03-27,0.9241,per_usd
2024-03-28,0.9258,per_usd
2024-03-29,0.9267,per_usd
2024-04-01,0.9317,per_usd
2024-04-02,0.9286,per_usd
2024-04-03,0.9236,per_usd
2024-04-04,0.9204,per_usd
2024-04-05,0.9224,per_usd
2024-04-08,0.9214,per_usd
2024-04-09,0.9211,per_usd
2024-04-10,0.9314,per_usd
2024-04-11,0.9327,per_usd
2024-04-12,0.9392,per_usd
2024-04-15,0.9395,per_usd
2024-04-16,0.9409,per_usd
2024-04-17,0.9395,per_usd
2024-04-18,0.9381,per_usd
2024-04-19,0.9385,per_usd
2024-04-22,0.9385,per_usd
2024-04-23,0.935,per_usd
2024-04-24,0.9357,per_usd
2024-04-25,0.9327,per_usd
2024-04-26,0.9358,per_usd
2024-04-29,0.9331,per_usd
2024-04-30,0.936,per_usd
2024-05-01,0.9363,per_usd
2024-05-02,0.9341,per_usd
2024-05-03,0.9285,per_usd
2024-05-06,0.9277,per_usd
2024-05-07,0.9288,per_usd
2024-05-08,0.9298,per_usd
2024-05-09,0.9284,per_usd
2024-05-10,0.9282,per_usd
2024-05-13,0.9263,per_usd
2024-05-14,0.9244,per_usd
2024-05-15,0.9208,per_usd
2024-05-16,0.9195,per_usd
2024-05-17,0.92,per_usd
2024-05-20,0.9207,per_usd
2024-05-21,0.9212,per_usd
2024-05-22,0.9228,per_usd
2024-05-23,0.9236,per_usd
2024-05-24,0.9215,per_usd
2024-05-28,0.9192,per_usd
2024-05-29,0.925,per_usd
2024-05-30,0.9228,per_usd
2024-05-31,0.922,per_usd
2024-06-03,0.9183,per_usd
2024-06-04,0.9193,per_usd
2024-06-05,0.9204,per_usd
2024-06-06,0.9189,per_usd
2024-06-07,0.9253,per_usd
2024-06-10,0.9301,per_usd
2024-06-11,0.9317,per_usd
2024-06-12,0.9223,per_usd
2024-06-13,0.9297,per_usd
2024-06-14,0.9347,per_usd
2024-06-17,0.9326,per_usd
2024-06-18,0.9312,per_usd
2024-06-20,0.9339,per_usd
2024-06-21,0.9351,per_usd
2024-06-24,0.9322,per_usd
2024-06-25,0.9341,per_usd
2024-06-26,0.9362,per_usd
2024-06-27,0.9339,per_usd
2024-06-28,0.9336,per_usd
2024-07-01,0.9321,per_usd
2024-07-02,0.9314,per_usd
2024-07-03,0.926,per_usd
2024-07-05,0.9235,per_usd
2024-07-08,0.9229,per_usd
2024-07-09,0.9248,per_usd
2024-07-10,0.924,per_usd
2024-07-11,0.92,per_usd
2024-07-12,0.9173,per_usd
2024-07-15,0.9164,per_usd
2024-07-16,0.9187,per_usd
2024-07-17,0.9147,per_usd
2024-07-18,0.9163,per_usd
2024-07-19,0.9184,per_usd
2024-07-22,0.9191,per_usd
2024-07-23,0.9212,per_usd
2024-07-24,0.9214,per_usd
2024-07-25,0.9207,per_usd
2024-07-26,0.9209,per_usd
2024-07-29,0.9243,per_usd
2024-07-30,0.9252,per_usd
2024-07-31,0.924,per_usd
2024-08-01,0.9269,per_usd
2024-08-02,0.9163,per_usd
2024-08-05,0.9127,per_usd
2024-08-06,0.9152,per_usd
2024-08-07,0.9153,per_usd
2024-08-08,0.9163,per_usd
2024-08-09,0.9153,per_usd
2024-08-12,0.9151,per_usd
2024-08-13,0.9129,per_usd
2024-08-14,0.9071,per_usd
2024-08-15,0.9102,per_usd
2024-08-16,0.9094,per_usd
2024-08-19,0.9033,per_usd
2024-08-20,0.9004,per_usd
2024-08-21,0.8974,per_usd
2024-08-22,0.8998,per_usd
2024-08-23,0.8948,per_usd
2024-08-26,0.8957,per_usd
2024-08-27,0.8961,per_usd
2024-08-28,0.8987,per_usd
2024-08-29,0.902,per_usd
2024-08-30,0.9042,per_usd
2024-09-03,0.9056,per_usd
2024-09-04,0.9024,per_usd
2024-09-05,0.9012,per_usd
2024-09-06,0.902,per_usd
2024-09-09,0.9056,per_usd
2024-09-10,0.907,per_usd
2024-09-11,0.9081,per_usd
2024-09-12,0.9057,per_usd
2024-09-13,0.9021,per_usd
2024-09-16,0.899,per_usd
2024-09-17,0.8994,per_usd
2024-09-18,0.8996,per_usd
2024-09-19,0.8971,per_usd
2024-09-20,0.8961,per_usd
2024-09-23,0.8985,per_usd
2024-09-24,0.8969,per_usd
2024-09-25,0.8974,per_usd
2024-09-26,0.8941,per_usd
2024-09-27,0.8961,per_usd
2024-09-30,0.8973,per_usd
2024-10-01,0.9036,per_usd
2024-10-02,0.905,per_usd
2024-10-03,0.9079,per_usd
2024-10-04,0.9123,per_usd
2024-10-07,0.9111,per_usd
2024-10-08,0.9116,per_usd
2024-10-09,0.9132,per_usd
2024-10-10,0.9153,per_usd
2024-10-11,0.9139,per_usd
2024-10-15,0.9175,per_usd
2024-10-16,0.9197,per_usd
2024-10-17,0.9228,per_usd
2024-10-18,0.9213,per_usd
2024-10-21,0.9242,per_usd
2024-10-22,0.9255,per_usd
2024-10-23,0.9277,per_usd
2024-10-24,0.9254,per_usd
2024-10-25,0.9248,per_usd
2024-10-28,0.9243,per_usd
2024-10-29,0.9261,per_usd
2024-10-30,0.9205,per_usd
2024-10-31,0.9212,per_usd
2024-11-01,0.9218,per_usd
2024-11-04,0.9188,per_usd
2024-11-05,0.9158,per_usd
2024-11-06,0.9318,per_usd
2024-11-07,0.9266,per_usd
2024-11-08,0.9337,per_usd
2024-11-12,0.9436,per_usd
2024-11-13,0.9463,per_usd
2024-11-14,0.9468,per_usd
2024-11-15,0.9477,per_usd
2024-11-18,0.9446,per_usd
2024-11-19,0.9454,per_usd
2024-11-20,0.9505,per_usd
2024-11-21,0.9547,per_usd
2024-11-22,0.9616,per_usd
2024-11-25,0.9544,per_usd
2024-11-26,0.9541,per_usd
2024-11-27,0.9456,per_usd
2024-11-29,0.9481,per_usd
2024-12-02,0.9538,per_usd
2024-12-03,0.9508,per_usd
2024-12-04,0.9499,per_usd
2024-12-05,0.946,per_usd
2024-12-06,0.9467,per_usd
2024-12-09,0.9461,per_usd
2024-12-10,0.9513,per_usd
2024-12-11,0.9517,per_usd
2024-12-12,0.9511,per_usd
2024-12-13,0.9526,per_usd
2024-12-16,0.9513,per_usd
2024-12-17,0.9518,per_usd
2024-12-18,0.9552,per_usd
2024-12-19,0.9655,per_usd
2024-12-20,0.9588,per_usd
2024-12-23,0.9607,per_usd
2024-12-24,0.9626,per_usd
2024-12-26,0.9594,per_usd
2024-12-27,0.9594,per_usd
2024-12-30,0.9628,per_usd
2024-12-31,0.9661,per_usd
2025-01-02,0.9746,per_usd
2025-01-03,0.9716,per_usd
2025-01-06,0.9618,per_usd
2025-01-07,0.9644,per_usd
2025-01-08,0.9696,per_usd
2025-01-09,0.9711,per_usd
2025-01-10,0.9768,per_usd
2025-01-13,0.9795,per_usd
2025-01-14,0.9716,per_usd
2025-01-15,0.9726,per_usd
2025-01-16,0.9706,per_usd
2025-01-17,0.9721,per_usd
2025-01-21,0.9594,per_usd
2025-01-22,0.9597,per_usd
2025-01-23,0.9597,per_usd
2025-01-24,0.951,per_usd
2025-01-27,0.9531,per_usd
2025-01-28,0.959,per_usd
2025-01-29,0.9601,per_usd
2025-01-30,0.9597,per_usd
2025-01-31,0.9615,per_usd
2025-02-03,0.973,per_usd
2025-02-04,0.9635,per_usd
2025-02-05,0.9598,per_usd
2025-02-06,0.9645,per_usd
2025-02-07,0.9681,per_usd
2025-02-10,0.9697,per_usd
2025-02-11,0.9666,per_usd
2025-02-12,0.9623,per_usd
2025-02-13,0.959,per_usd
2025-02-14,0.9526,per_usd
2025-02-18,0.9563,per_usd
2025-02-19,0.961,per_usd
2025-02-20,0.9547,per_usd
2025-02-21,0.9565,per_usd
2025-02-24,0.9544,per_usd
2025-02-25,0.9526,per_usd
2025-02-26,0.9511,per_usd
2025-02-27,0.9602,per_usd
2025-02-28,0.9614,per_usd
2025-03-03,0.9527,per_usd
2025-03-04,0.9493,per_usd
2025-03-05,0.9287,per_usd
2025-03-06,0.9244,per_usd
2025-03-07,0.9209,per_usd
2025-03-10,0.9228,per_usd
2025-03-11,0.9152,per_usd
2025-03-12,0.9153,per_usd
2025-03-13,0.9209,per_usd
2025-03-14,0.9198,per_usd
2025-03-17,0.9156,per_usd
2025-03-18,0.9152,per_usd
2025-03-19,0.9194,per_usd
2025-03-20,0.9218,per_usd
2025-03-21,0.9254,per_usd
2025-03-24,0.9264,per_usd
2025-03-25,0.9256,per_usd
2025-03-26,0.9276,per_usd
2025-03-27,0.9259,per_usd
2025-03-28,0.9237,per_usd
2025-03-31,0.9263,per_usd
2025-04-01,0.9259,per_usd
2025-04-02,0.9201,per_usd
2025-04-03,0.9048,per_usd
2025-04-04,0.9079,per_usd
2025-04-07,0.9164,per_usd
2025-04-08,0.9164,per_usd
2025-04-09,0.9058,per_usd
2025-04-10,0.8935,per_usd
2025-04-11,0.883,per_usd
2025-04-14,0.8804,per_usd
2025-04-15,0.8857,per_usd
2025-04-16,0.8786,per_usd
2025-04-17,0.88,per_usd
2025-04-18,0.878,per_usd
2025-04-21,0.869,per_usd
2025-04-22,0.8721,per_usd
2025-04-23,0.8811,per_usd
2025-04-24,0.88,per_usd
2025-04-25,0.8787,per_usd
2025-04-28,0.8782,per_usd
2025-04-29,0.8775,per_usd
2025-04-30,0.8811,per_usd
2025-05-01,0.8866,per_usd
2025-05-02,0.8826,per_usd
2025-05-05,0.8838,per_usd
2025-05-06,0.8814,per_usd
2025-05-07,0.8812,per_usd
2025-05-08,0.889,per_usd
2025-05-09,0.8873,per_usd
2025-05-12,0.9004,per_usd
2025-05-13,0.8948,per_usd
2025-05-14,0.8924,per_usd
2025-05-15,0.8937,per_usd
2025-05-16,0.8976,per_usd
2025-05-19,0.89,per_usd
2025-05-20,0.8886,per_usd
2025-05-21,0.8816,per_usd
2025-05-22,0.8864,per_usd
2025-05-23,0.8811,per_usd
2025-05-27,0.8829,per_usd
2025-05-28,0.8861,per_usd
2025-05-29,0.8795,per_usd
2025-05-30,0.8813,per_usd
2025-06-02,0.8747,per_usd
2025-06-03,0.8793,per_usd
2025-06-04,0.8754,per_usd
2025-06-05,0.8741,per_usd
2025-06-06,0.8774,per_usd
2025-06-09,0.8753,per_usd
2025-06-10,0.8754,per_usd
2025-06-11,0.8703,per_usd
2025-06-12,0.8637,per_usd
2025-06-13,0.8653,per_usd
2025-06-16,0.8635,per_usd
2025-06-17,0.8669,per_usd
2025-06-18,0.868,per_usd
2025-06-20,0.8681,per_usd
2025-06-23,0.8667,per_usd
2025-06-24,0.8615,per_usd
2025-06-25,0.8606,per_usd
2025-06-26,0.8535,per_usd
2025-06-27,0.853,per_usd
2025-06-30,0.8496,per_usd
2025-07-01,0.8492,per_usd
2025-07-02,0.8482,per_usd
2025-07-03,0.8505,per_usd
2025-07-07,0.8523,per_usd
2025-07-08,0.8542,per_usd
2025-07-09,0.8542,per_usd
2025-07-10,0.8556,per_usd
2025-07-11,0.855,per_usd
2025-07-14,0.8568,per_usd
2025-07-15,0.8607,per_usd
2025-07-16,0.8599,per_usd
2025-07-17,0.8623,per_usd
2025-07-18,0.8587,per_usd
2025-07-21,0.8543,per_usd
2025-07-22,0.8511,per_usd
2025-07-23,0.8512,per_usd
2025-07-24,0.85,per_usd
2025-07-25,0.8525,per_usd
2025-07-28,0.8614,per_usd
2025-07-29,0.867,per_usd
2025-07-30,0.8718,per_usd
2025-07-31,0.8748,per_usd
2025-08-01,0.8654,per_usd
2025-08-04,0.8645,per_usd
2025-08-05,0.8636,per_usd
2025-08-06,0.8586,per_usd
2025-08-07,0.859,per_usd
2025-08-08,0.8576,per_usd
2025-08-11,0.8615,per_usd
2025-08-12,0.8567,per_usd
2025-08-13,0.8536,per_usd
2025-08-14,0.8588,per_usd
2025-08-15,0.8541,per_usd
2025-08-18,0.8571,per_usd
2025-08-19,0.8576,per_usd
2025-08-20,0.8584,per_usd
2025-08-21,0.8617,per_usd
2025-08-22,0.8538,per_usd
2025-08-25,0.8569,per_usd
2025-08-26,0.8579,per_usd
2025-08-27,0.8613,per_usd
2025-08-28,0.8568,per_usd
2025-08-29,0.8551,per_usd
2025-09-02,0.8581,per_usd
2025-09-03,0.8565,per_usd
2025-09-04,0.8585,per_usd
2025-09-05,0.8504,per_usd
2025-09-08,0.851,per_usd
2025-09-09,0.853,per_usd
2025-09-10,0.8537,per_usd
2025-09-11,0.8524,per_usd
2025-09-12,0.8537,per_usd
2025-09-15,0.8495,per_usd
2025-09-16,0.844,per_usd
2025-09-17,0.8442,per_usd
2025-09-18,0.8489,per_usd
2025-09-19,0.8508,per_usd
2025-09-22,0.8494,per_usd
2025-09-23,0.8475,per_usd
2025-09-24,0.8516,per_usd
2025-09-25,0.8567,per_usd
2025-09-26,0.8553,per_usd
2025-09-29,0.8525,per_usd
2025-09-30,0.8522,per_usd
2025-10-01,0.853,per_usd
2025-10-02,0.855,per_usd
2025-10-03,0.8513,per_usd
2025-10-06,0.8542,per_usd
2025-10-07,0.8566,per_usd
2025-10-08,0.8616,per_usd
2025-10-09,0.8651,per_usd
2025-10-10,0.8611,per_usd
2025-10-14,0.8615,per_usd
2025-10-15,0.8593,per_usd
2025-10-16,0.8573,per_usd
2025-10-17,0.8566,per_usd
2025-10-20,0.8579,per_usd
2025-10-21,0.8609,per_usd
2025-10-22,0.8612,per_usd
2025-10-23,0.8612,per_usd
2025-10-24,0.8601,per_usd
2025-10-27,0.8594,per_usd
2025-10-28,0.8577,per_usd
2025-10-29,0.8573,per_usd
2025-10-30,0.8648,per_usd
2025-10-31,0.8665,per_usd
2025-11-03,0.8672,per_usd
2025-11-04,0.8702,per_usd
2025-11-05,0.8707,per_usd
2025-11-06,0.8666,per_usd
2025-11-07,0.8637,per_usd
2025-11-10,0.8662,per_usd
2025-11-12,0.8627,per_usd
2025-11-13,0.8584,per_usd
2025-11-14,0.8608,per_usd
2025-11-17,0.8622,per_usd
2025-11-18,0.8636,per_usd
2025-11-19,0.8666,per_usd
2025-11-20,0.867,per_usd
2025-11-21,0.8691,per_usd
2025-11-24,0.8682,per_usd
2025-11-25,0.8656,per_usd
2025-11-26,0.8627,per_usd
2025-11-28,0.8621,per_usd
2025-12-01,0.8604,per_usd
2025-12-02,0.8624,per_usd
2025-12-03,0.8576,per_usd
2025-12-04,0.8577,per_usd
2025-12-05,0.8595,per_usd
2025-12-08,0.8601,per_usd
2025-12-09,0.8592,per_usd
2025-12-10,0.8584,per_usd
2025-12-11,0.8506,per_usd
2025-12-12,0.8524,per_usd
2025-12-15,0.8506,per_usd
2025-12-16,0.8496,per_usd
2025-12-17,0.8512,per_usd
2025-12-18,0.8526,per_usd
2025-12-19,0.8532,per_usd
2025-12-22,0.8511,per_usd
2025-12-23,0.8492,per_usd
2025-12-24,0.8489,per_usd
2025-12-26,0.8499,per_usd
2025-12-29,0.8506,per_usd
2025-12-30,0.85,per_usd
2025-12-31,0.8521,per_usd
2026-01-02,0.8519,per_usd
2026-01-05,0.8536,per_usd
2026-01-06,0.8555,per_usd
2026-01-07,0.8554,per_usd
2026-01-08,0.858,per_usd
2026-01-09,0.8595,per_usd
2026-01-12,0.8568,per_usd
2026-01-13,0.8587,per_usd
2026-01-14,0.858,per_usd
2026-01-15,0.8617,per_usd
2026-01-16,0.8621,per_usd
2026-01-20,0.8519,per_usd
2026-01-21,0.8543,per_usd
2026-01-22,0.8519,per_usd
2026-01-23,0.8495,per_usd
2026-01-26,0.8413,per_usd
2026-01-27,0.8347,per_usd
2026-01-28,0.8375,per_usd
2026-01-29,0.8373,per_usd
2026-01-30,0.8414,per_usd
2026-02-02,0.847,per_usd
2026-02-03,0.8461,per_usd
2026-02-04,0.8472,per_usd
2026-02-05,0.8473,per_usd
2026-02-06,0.8466,per_usd
2026-02-09,0.8405,per_usd
2026-02-10,0.8405,per_usd
2026-02-11,0.8415,per_usd
2026-02-12,0.8425,per_usd
2026-02-13,0.8425,per_usd
2026-02-17,0.8452,per_usd
2026-02-18,0.8467,per_usd
2026-02-19,0.8502,per_usd
2026-02-20,0.8488,per_usd
2026-02-23,0.8472,per_usd
2026-02-24,0.8482,per_usd
2026-02-25,0.8472,per_usd
2026-02-26,0.848,per_usd
2026-02-27,0.8459,per_usd
2026-03-02,0.8554,per_usd
2026-03-03,0.8618,per_usd
2026-03-04,0.8593,per_usd
2026-03-05,0.8632,per_usd
2026-03-06,0.8616,per_usd
2026-03-09,0.8627,per_usd
2026-03-10,0.8585,per_usd
2026-03-11,0.8646,per_usd
2026-03-12,0.8679,per_usd
2026-03-13,0.8738,per_usd
2026-03-16,0.8705,per_usd
2026-03-17,0.8677,per_usd
2026-03-18,0.8686,per_usd
2026-03-19,0.8684,per_usd
2026-03-20,0.8663,per_usd
2026-03-23,0.863,per_usd
2026-03-24,0.8637,per_usd
2026-03-25,0.8643,per_usd
2026-03-26,0.8664,per_usd
2026-03-27,0.8681,per_usd
2026-03-30,0.8731,per_usd
2026-03-31,0.8682,per_usd
2026-04-01,0.861,per_usd
2026-04-02,0.8661,per_usd
2026-04-03,0.8678,per_usd
2026-04-06,0.8662,per_usd
2026-04-07,0.8642,per_usd
2026-04-08,0.8557,per_usd
2026-04-09,0.8543,per_usd
2026-04-10,0.853,per_usd
2026-04-13,0.854,per_usd
2026-04-14,0.8481,per_usd
2026-04-15,0.8475,per_usd
2026-04-16,0.8487,per_usd
2026-04-17,0.8474,per_usd
2026-04-20,0.8485,per_usd
2026-04-21,0.8509,per_usd
2026-04-22,0.8537,per_usd
2026-04-23,0.8544,per_usd
2026-04-24,0.8534,per_usd
2026-04-27,0.8524,per_usd
2026-04-28,0.8536,per_usd
2026-04-29,0.8551,per_usd
2026-04-30,0.8526,per_usd
2026-05-01,0.8507,per_usd
2026-05-04,0.8548,per_usd
2026-05-05,0.8542,per_usd
2026-05-06,0.8508,per_usd
2026-05-07,0.8501,per_usd
2026-05-08,0.8494,per_usd
2026-05-11,0.8489,per_usd
2026-05-12,0.8523,per_usd
2026-05-13,0.8539,per_usd
2026-05-14,0.8563,per_usd
2026-05-15,0.8601,per_usd
2026-05-18,0.8584,per_usd
2026-05-19,0.8619,per_usd
2026-05-20,0.8606,per_usd
2026-05-21,0.8629,per_usd
2026-05-22,0.8618,per_usd
2026-05-26,0.8606,per_usd
2026-05-27,0.8598,per_usd
2026-05-28,0.8584,per_usd
2026-05-29,0.8562,per_usd
2026-06-01,0.8603,per_usd
2026-06-02,0.859,per_usd
2026-06-03,0.8617,per_usd
2026-06-04,0.8599,per_usd
2026-06-05,0.8671,per_usd
2026-06-08,0.8662,per_usd
2026-06-09,0.8654,per_usd
2026-06-10,0.8658,per_usd
2026-06-11,0.8684,per_usd
2026-06-12,0.8641,per_usd
2026-06-15,0.8621,per_usd
2026-06-16,0.861,per_usd
2026-06-17,0.8626,per_usd
2026-06-18,0.8718,per_usd
2026-06-22,0.8747,per_usd
2026-06-23,0.8785,per_usd
2026-06-24,0.8812,per_usd
2026-06-25,0.8783,per_usd
2026-06-26,0.877,per_usd
2026-06-29,0.8753,per_usd
2026-06-30,0.8759,per_usd
2026-07-01,0.8784,per_usd
2026-07-02,0.8735,per_usd
2026-07-06,0.8752,per_usd
2026-07-07,0.8754,per_usd
2026-07-08,0.8775,per_usd
2026-07-09,0.8742,per_usd
2026-07-10,0.8743,per_usd
2026-07-13,0.877,per_usd
2026-07-14,0.875,per_usd
2026-07-15,0.8744,per_usd
2026-07-16,0.8736,per_usd
2026-07-17,0.8741,per_usd
2026-07-20,0.8763,per_usd
2026-07-21,0.8766,per_usd
2026-07-22,0.8761,per_usd
2026-07-23,0.8793,per_usd
2026-07-24,0.8783,per_usd
2026-07-27,0.879,per_usd
2026-07-28,0.8771,per_usd
2026-07-29,0.8784,per_usd
2026-07-30,0.8679,per_usd
2026-07-31,0.8681,per_usd
2026-08-03,0.8689,per_usd
2026-08-04,0.8675,per_usd
2026-08-05,0.866,per_usd
2026-08-06,0.868,per_usd
2026-08-07,0.8651,per_usd
2026-08-10,0.8657,per_usd
2026-08-11,0.8663,per_usd
2026-08-12,0.8666,per_usd
2026-08-13,0.8672,per_usd
2026-08-14,0.8635,per_usd
