date,value,quote
1971-01-04,3.0867,per_usd
1971-01-05,3.0861,per_usd
1971-01-06,3.0845,per_usd
1971-01-07,3.085,per_usd
1971-01-08,3.0845,per_usd
1971-01-11,3.0814,per_usd
1971-01-12,3.0807,per_usd
1971-01-13,3.0782,per_usd
1971-01-14,3.075,per_usd
1971-01-15,3.0764,per_usd
1971-01-18,3.0755,per_usd
1971-01-19,3.0719,per_usd
1971-01-20,3.0725,per_usd
1971-01-21,3.0716,per_usd
1971-01-22,3.0703,per_usd
1971-01-25,3.0675,per_usd
1971-01-26,3.0665,per_usd
1971-01-27,3.0653,per_usd
1971-01-28,3.0653,per_usd
1971-01-29,3.0647,per_usd
1971-02-01,3.0631,per_usd
1971-02-02,3.065,per_usd
1971-02-03,3.0647,per_usd
1971-02-04,3.0687,per_usd
1971-02-05,3.0689,per_usd
1971-02-08,3.0687,per_usd
1971-02-09,3.0691,per_usd
1971-02-10,3.0665,per_usd
1971-02-11,3.0665,per_usd
1971-02-16,3.0659,per_usd
1971-02-17,3.065,per_usd
1971-02-18,3.065,per_usd
1971-02-19,3.065,per_usd
1971-02-22,3.065,per_usd
1971-02-23,3.065,per_usd
1971-02-24,3.065,per_usd
1971-02-25,3.0656,per_usd
1971-02-26,3.0662,per_usd
1971-03-01,3.0675,per_usd
1971-03-02,3.0669,per_usd
1971-03-03,3.0659,per_usd
1971-03-04,3.0662,per_usd
1971-03-05,3.0662,per_usd
1971-03-08,3.0647,per_usd
1971-03-09,3.0653,per_usd
1971-03-10,3.0653,per_usd
1971-03-11,3.0662,per_usd
1971-03-12,3.0653,per_usd
1971-03-15,3.0653,per_usd
1971-03-16,3.0662,per_usd
1971-03-17,3.0653,per_usd
1971-03-18,3.0656,per_usd
1971-03-19,3.0656,per_usd
1971-03-22,3.0653,per_usd
1971-03-23,3.0655,per_usd
1971-03-24,3.0655,per_usd
1971-03-25,3.0662,per_usd
1971-03-26,3.0662,per_usd
1971-03-29,3.0659,per_usd
1971-03-30,3.0669,per_usd
1971-03-31,3.0678,per_usd
1971-04-01,3.0694,per_usd
1971-04-02,3.0703,per_usd
1971-04-05,3.0703,per_usd
1971-04-06,3.0675,per_usd
1971-04-07,3.0687,per_usd
1971-04-08,3.0691,per_usd
1971-04-09,3.0691,per_usd
1971-04-12,3.0687,per_usd
1971-04-13,3.0691,per_usd
1971-04-14,3.0684,per_usd
1971-04-15,3.0659,per_usd
1971-04-16,3.0659,per_usd
1971-04-19,3.0653,per_usd
1971-04-20,3.0653,per_usd
1971-04-21,3.0653,per_usd
1971-04-22,3.0656,per_usd
1971-04-23,3.0656,per_usd
1971-04-26,3.0656,per_usd
1971-04-27,3.0653,per_usd
1971-04-28,3.0653,per_usd
1971-04-29,3.0653,per_usd
1971-04-30,3.0653,per_usd
1971-05-03,3.0653,per_usd
1971-05-04,3.0656,per_usd
1971-05-05,3.0656,per_usd
1971-05-06,3.067,per_usd
1971-05-07,3.064,per_usd
1971-05-10,3.0669,per_usd
1971-05-11,3.0672,per_usd
1971-05-12,3.0659,per_usd
1971-05-13,3.0675,per_usd
1971-05-14,3.0665,per_usd
1971-05-17,3.0615,per_usd
1971-05-18,3.0615,per_usd
1971-05-19,3.0615,per_usd
1971-05-20,3.0606,per_usd
1971-05-21,3.0597,per_usd
1971-05-24,3.0609,per_usd
1971-05-25,3.0618,per_usd
1971-05-26,3.0609,per_usd
1971-05-27,3.0609,per_usd
1971-05-28,3.06,per_usd
1971-06-01,3.0609,per_usd
1971-06-02,3.0609,per_usd
1971-06-03,3.0572,per_usd
1971-06-04,3.0586,per_usd
1971-06-07,3.0572,per_usd
1971-06-08,3.0548,per_usd
1971-06-09,3.0544,per_usd
1971-06-10,3.0562,per_usd
1971-06-11,3.0544,per_usd
1971-06-14,3.053,per_usd
1971-06-15,3.0553,per_usd
1971-06-16,3.0562,per_usd
1971-06-17,3.0548,per_usd
1971-06-18,3.0544,per_usd
1971-06-21,3.0553,per_usd
1971-06-22,3.0548,per_usd
1971-06-23,3.0581,per_usd
1971-06-24,3.0604,per_usd
1971-06-25,3.0558,per_usd
1971-06-28,3.0558,per_usd
1971-06-29,3.0548,per_usd
1971-06-30,3.0548,per_usd
1971-07-01,3.0548,per_usd
1971-07-02,3.0548,per_usd
1971-07-06,3.0553,per_usd
1971-07-07,3.0553,per_usd
1971-07-08,3.0553,per_usd
1971-07-09,3.0553,per_usd
1971-07-12,3.0553,per_usd
1971-07-13,3.0553,per_usd
1971-07-14,3.0553,per_usd
1971-07-15,3.0553,per_usd
1971-07-16,3.0553,per_usd
1971-07-19,3.0553,per_usd
1971-07-20,3.0531,per_usd
1971-07-21,3.0528,per_usd
1971-07-22,3.0548,per_usd
1971-07-23,3.0548,per_usd
1971-07-26,3.0553,per_usd
1971-07-27,3.0553,per_usd
1971-07-28,3.0553,per_usd
1971-07-29,3.0558,per_usd
1971-07-30,3.0553,per_usd
1971-08-02,3.0562,per_usd
1971-08-03,3.0567,per_usd
1971-08-04,3.0558,per_usd
1971-08-05,3.0562,per_usd
1971-08-06,3.0558,per_usd
1971-08-09,3.0531,per_usd
1971-08-10,3.0534,per_usd
1971-08-11,3.0531,per_usd
1971-08-12,3.0531,per_usd
1971-08-13,3.0531,per_usd
1971-09-03,3.0084,per_usd
1971-09-07,3.0084,per_usd
1971-09-08,3.0026,per_usd
1971-09-09,3.0071,per_usd
1971-09-10,3.0026,per_usd
1971-09-13,3.003,per_usd
1971-09-14,3.0075,per_usd
1971-09-15,3.0303,per_usd
1971-09-16,3.0157,per_usd
1971-09-17,2.9976,per_usd
1971-09-20,2.9963,per_usd
1971-09-21,2.9918,per_usd
1971-09-22,2.9963,per_usd
1971-09-23,2.9882,per_usd
1971-09-24,2.9869,per_usd
1971-09-27,2.9757,per_usd
1971-09-28,2.9744,per_usd
1971-09-29,2.9972,per_usd
1971-09-30,2.9766,per_usd
1971-10-01,2.974,per_usd
1971-10-04,2.9806,per_usd
1971-10-05,2.9855,per_usd
1971-10-06,2.9878,per_usd
1971-10-07,2.9828,per_usd
1971-10-08,2.9784,per_usd
1971-10-12,2.9855,per_usd
1971-10-13,2.9788,per_usd
1971-10-14,2.9784,per_usd
1971-10-15,2.9788,per_usd
1971-10-18,2.9784,per_usd
1971-10-19,2.9784,per_usd
1971-10-20,2.9757,per_usd
1971-10-21,2.9775,per_usd
1971-10-22,2.9766,per_usd
1971-10-26,2.9735,per_usd
1971-10-27,2.9757,per_usd
1971-10-28,2.9718,per_usd
1971-10-29,2.9753,per_usd
1971-11-01,2.9753,per_usd
1971-11-03,2.9744,per_usd
1971-11-04,2.9762,per_usd
1971-11-05,2.9757,per_usd
1971-11-08,2.9744,per_usd
1971-11-09,2.9766,per_usd
1971-11-10,2.9771,per_usd
1971-11-11,2.9744,per_usd
1971-11-12,2.9762,per_usd
1971-11-15,2.97,per_usd
1971-11-16,2.9762,per_usd
1971-11-17,2.9749,per_usd
1971-11-18,2.9727,per_usd
1971-11-19,2.9749,per_usd
1971-11-22,2.9749,per_usd
1971-11-23,2.9749,per_usd
1971-11-24,2.9749,per_usd
1971-11-26,2.9749,per_usd
1971-11-29,2.9637,per_usd
1971-11-30,2.9637,per_usd
1971-12-01,2.9637,per_usd
1971-12-02,2.9753,per_usd
1971-12-03,2.9722,per_usd
1971-12-06,2.9731,per_usd
1971-12-07,2.9678,per_usd
1971-12-08,2.9612,per_usd
1971-12-09,2.9503,per_usd
1971-12-10,2.9397,per_usd
1971-12-13,2.9412,per_usd
1971-12-14,2.9316,per_usd
1971-12-15,2.933,per_usd
1971-12-16,2.933,per_usd
1971-12-17,2.9264,per_usd
1971-12-22,2.8969,per_usd
1971-12-23,2.8885,per_usd
1971-12-24,2.8889,per_usd
1971-12-27,2.8885,per_usd
1971-12-28,2.9015,per_usd
1971-12-29,2.8955,per_usd
1971-12-30,2.899,per_usd
1971-12-31,2.8998,per_usd
1972-01-03,2.8902,per_usd
1972-01-04,2.886,per_usd
1972-01-05,2.8969,per_usd
1972-01-06,2.8985,per_usd
1972-01-07,2.8902,per_usd
1972-01-10,2.8944,per_usd
1972-01-11,2.8944,per_usd
1972-01-12,2.9002,per_usd
1972-01-13,2.8902,per_usd
1972-01-14,2.8818,per_usd
1972-01-17,2.8653,per_usd
1972-01-18,2.8694,per_usd
1972-01-19,2.8694,per_usd
1972-01-20,2.8736,per_usd
1972-01-21,2.8736,per_usd
1972-01-24,2.8694,per_usd
1972-01-25,2.8653,per_usd
1972-01-26,2.8736,per_usd
1972-01-27,2.8653,per_usd
1972-01-28,2.8571,per_usd
1972-01-31,2.8506,per_usd
1972-02-01,2.8506,per_usd
1972-02-02,2.8449,per_usd
1972-02-03,2.8449,per_usd
1972-02-04,2.8653,per_usd
1972-02-07,2.8474,per_usd
1972-02-08,2.8449,per_usd
1972-02-09,2.849,per_usd
1972-02-10,2.849,per_usd
1972-02-11,2.849,per_usd
1972-02-14,2.849,per_usd
1972-02-15,2.8449,per_usd
1972-02-16,2.849,per_usd
1972-02-17,2.849,per_usd
1972-02-18,2.849,per_usd
1972-02-22,2.8571,per_usd
1972-02-23,2.8571,per_usd
1972-02-24,2.8571,per_usd
1972-02-25,2.8571,per_usd
1972-02-28,2.8571,per_usd
1972-02-29,2.8409,per_usd
1972-03-01,2.8369,per_usd
1972-03-02,2.8369,per_usd
1972-03-03,2.8571,per_usd
1972-03-06,2.8369,per_usd
1972-03-07,2.8369,per_usd
1972-03-08,2.8369,per_usd
1972-03-09,2.8369,per_usd
1972-03-10,2.8169,per_usd
1972-03-13,2.7933,per_usd
1972-03-14,2.8011,per_usd
1972-03-15,2.8169,per_usd
1972-03-16,2.8169,per_usd
1972-03-17,2.8169,per_usd
1972-03-20,2.8249,per_usd
1972-03-21,2.8209,per_usd
1972-03-22,2.8169,per_usd
1972-03-23,2.8169,per_usd
1972-03-24,2.8289,per_usd
1972-03-27,2.8249,per_usd
1972-03-28,2.8169,per_usd
1972-03-29,2.8169,per_usd
1972-03-30,2.8249,per_usd
1972-03-31,2.8249,per_usd
1972-04-03,2.8249,per_usd
1972-04-04,2.8209,per_usd
1972-04-05,2.8217,per_usd
1972-04-06,2.8249,per_usd
1972-04-07,2.8249,per_usd
1972-04-10,2.7933,per_usd
1972-04-11,2.8011,per_usd
1972-04-12,2.8233,per_usd
1972-04-13,2.8233,per_usd
1972-04-14,2.8249,per_usd
1972-04-17,2.8249,per_usd
1972-04-18,2.8289,per_usd
1972-04-19,2.8249,per_usd
1972-04-20,2.8249,per_usd
1972-04-21,2.8249,per_usd
1972-04-24,2.8249,per_usd
1972-04-25,2.8249,per_usd
1972-04-26,2.8249,per_usd
1972-04-27,2.8217,per_usd
1972-04-28,2.8217,per_usd
1972-05-01,2.8169,per_usd
1972-05-02,2.8169,per_usd
1972-05-03,2.8169,per_usd
1972-05-04,2.8249,per_usd
1972-05-05,2.8209,per_usd
1972-05-08,2.8249,per_usd
1972-05-09,2.8249,per_usd
1972-05-10,2.8209,per_usd
1972-05-11,2.8249,per_usd
1972-05-12,2.8249,per_usd
1972-05-15,2.8249,per_usd
1972-05-16,2.8249,per_usd
1972-05-17,2.8249,per_usd
1972-05-18,2.8249,per_usd
1972-05-19,2.8249,per_usd
1972-05-22,2.8249,per_usd
1972-05-23,2.8249,per_usd
1972-05-24,2.8249,per_usd
1972-05-25,2.8169,per_usd
1972-05-26,2.809,per_usd
1972-05-30,2.8129,per_usd
1972-05-31,2.8129,per_usd
1972-06-01,2.8169,per_usd
1972-06-02,2.8169,per_usd
1972-06-05,2.8129,per_usd
1972-06-06,2.8169,per_usd
1972-06-07,2.8129,per_usd
1972-06-08,2.8129,per_usd
1972-06-09,2.8129,per_usd
1972-06-12,2.8169,per_usd
1972-06-13,2.8169,per_usd
1972-06-14,2.8129,per_usd
1972-06-15,2.8129,per_usd
1972-06-16,2.8169,per_usd
1972-06-19,2.8209,per_usd
1972-06-20,2.8169,per_usd
1972-06-21,2.8129,per_usd
1972-06-22,2.8369,per_usd
1972-06-29,2.8369,per_usd
1972-06-30,2.8369,per_usd
1972-07-03,2.7701,per_usd
1972-07-05,2.7778,per_usd
1972-07-06,2.7778,per_usd
1972-07-07,2.7778,per_usd
1972-07-10,2.7778,per_usd
1972-07-11,2.7778,per_usd
1972-07-12,2.7778,per_usd
1972-07-13,2.7972,per_usd
1972-07-14,2.8011,per_usd
1972-07-17,2.8011,per_usd
1972-07-18,2.7972,per_usd
1972-07-19,2.7855,per_usd
1972-07-20,2.7855,per_usd
1972-07-21,2.7778,per_usd
1972-07-24,2.7855,per_usd
1972-07-25,2.7778,per_usd
1972-07-26,2.7855,per_usd
1972-07-27,2.7855,per_usd
1972-07-28,2.7855,per_usd
1972-07-31,2.7816,per_usd
1972-08-01,2.7855,per_usd
1972-08-02,2.7816,per_usd
1972-08-03,2.7778,per_usd
1972-08-04,2.7816,per_usd
1972-08-07,2.7816,per_usd
1972-08-08,2.7778,per_usd
1972-08-09,2.7778,per_usd
1972-08-10,2.7778,per_usd
1972-08-11,2.7778,per_usd
1972-08-14,2.7663,per_usd
1972-08-15,2.7778,per_usd
1972-08-16,2.7816,per_usd
1972-08-17,2.7778,per_usd
1972-08-18,2.7663,per_usd
1972-08-21,2.7739,per_usd
1972-08-22,2.7586,per_usd
1972-08-23,2.7778,per_usd
1972-08-24,2.7778,per_usd
1972-08-25,2.7701,per_usd
1972-08-28,2.7778,per_usd
1972-08-29,2.7778,per_usd
1972-08-30,2.7701,per_usd
1972-08-31,2.7701,per_usd
1972-09-01,2.7778,per_usd
1972-09-05,2.7632,per_usd
1972-09-06,2.7632,per_usd
1972-09-07,2.7663,per_usd
1972-09-08,2.767,per_usd
1972-09-11,2.7701,per_usd
1972-09-12,2.7701,per_usd
1972-09-13,2.7701,per_usd
1972-09-14,2.767,per_usd
1972-09-15,2.7663,per_usd
1972-09-18,2.7663,per_usd
1972-09-19,2.7701,per_usd
1972-09-20,2.7701,per_usd
1972-09-21,2.7663,per_usd
1972-09-22,2.7701,per_usd
1972-09-25,2.7739,per_usd
1972-09-26,2.7778,per_usd
1972-09-27,2.7701,per_usd
1972-09-28,2.7701,per_usd
1972-09-29,2.7701,per_usd
1972-10-02,2.7701,per_usd
1972-10-03,2.7778,per_usd
1972-10-04,2.7716,per_usd
1972-10-05,2.7716,per_usd
1972-10-06,2.7701,per_usd
1972-10-10,2.7701,per_usd
1972-10-11,2.7701,per_usd
1972-10-12,2.7778,per_usd
1972-10-13,2.7701,per_usd
1972-10-16,2.7701,per_usd
1972-10-17,2.7701,per_usd
1972-10-18,2.7701,per_usd
1972-10-19,2.8011,per_usd
1972-10-20,2.7778,per_usd
1972-10-24,2.7701,per_usd
1972-10-25,2.7701,per_usd
1972-10-26,2.7701,per_usd
1972-10-27,2.7701,per_usd
1972-10-30,2.7701,per_usd
1972-10-31,2.7701,per_usd
1972-11-01,2.7624,per_usd
1972-11-02,2.7586,per_usd
1972-11-03,2.7663,per_usd
1972-11-06,2.7701,per_usd
1972-11-08,2.7678,per_usd
1972-11-09,2.7701,per_usd
1972-11-10,2.7678,per_usd
1972-11-13,2.7701,per_usd
1972-11-14,2.7685,per_usd
1972-11-15,2.7701,per_usd
1972-11-16,2.7685,per_usd
1972-11-17,2.7663,per_usd
1972-11-20,2.7701,per_usd
1972-11-21,2.7701,per_usd
1972-11-22,2.7701,per_usd
1972-11-24,2.7701,per_usd
1972-11-27,2.7685,per_usd
1972-11-28,2.7701,per_usd
1972-11-29,2.7685,per_usd
1972-11-30,2.7701,per_usd
1972-12-01,2.7701,per_usd
1972-12-04,2.7855,per_usd
1972-12-05,2.7816,per_usd
1972-12-06,2.7855,per_usd
1972-12-07,2.8169,per_usd
1972-12-08,2.8209,per_usd
1972-12-11,2.8209,per_usd
1972-12-12,2.8209,per_usd
1972-12-13,2.8209,per_usd
1972-12-14,2.8249,per_usd
1972-12-15,2.8249,per_usd
1972-12-18,2.8209,per_usd
1972-12-19,2.8249,per_usd
1972-12-20,2.8233,per_usd
1972-12-21,2.8249,per_usd
1972-12-22,2.8249,per_usd
1972-12-26,2.8249,per_usd
1972-12-27,2.8249,per_usd
1972-12-28,2.8249,per_usd
1972-12-29,2.8249,per_usd
1973-01-02,2.809,per_usd
1973-01-03,2.8249,per_usd
1973-01-04,2.8249,per_usd
1973-01-05,2.8249,per_usd
1973-01-08,2.8249,per_usd
1973-01-09,2.8249,per_usd
1973-01-10,2.8129,per_usd
1973-01-11,2.8129,per_usd
1973-01-12,2.8129,per_usd
1973-01-15,2.8169,per_usd
1973-01-16,2.8129,per_usd
1973-01-17,2.8129,per_usd
1973-01-18,2.8169,per_usd
1973-01-19,2.8129,per_usd
1973-01-22,2.809,per_usd
1973-01-23,2.8129,per_usd
1973-01-24,2.8129,per_usd
1973-01-25,2.8129,per_usd
1973-01-26,2.809,per_usd
1973-01-29,2.809,per_usd
1973-01-30,2.809,per_usd
1973-01-31,2.809,per_usd
1973-02-01,2.8129,per_usd
1973-02-02,2.809,per_usd
1973-02-05,2.809,per_usd
1973-02-06,2.8169,per_usd
1973-02-07,2.8169,per_usd
1973-02-08,2.8129,per_usd
1973-02-09,2.809,per_usd
1973-02-14,2.5641,per_usd
1973-02-15,2.5641,per_usd
1973-02-16,2.5641,per_usd
1973-02-20,2.5641,per_usd
1973-02-21,2.5641,per_usd
1973-02-22,2.5641,per_usd
1973-02-23,2.5641,per_usd
1973-02-26,2.5316,per_usd
1973-02-27,2.5316,per_usd
1973-02-28,2.5253,per_usd
1973-03-01,2.5253,per_usd
1973-03-09,2.5,per_usd
1973-03-12,2.5316,per_usd
1973-03-13,2.5,per_usd
1973-03-14,2.5,per_usd
1973-03-15,2.5,per_usd
1973-03-16,2.5126,per_usd
1973-03-19,2.5094,per_usd
1973-03-20,2.5094,per_usd
1973-03-21,2.5126,per_usd
1973-03-22,2.5094,per_usd
1973-03-23,2.5316,per_usd
1973-03-26,2.5126,per_usd
1973-03-27,2.4808,per_usd
1973-03-28,2.4832,per_usd
1973-03-29,2.4814,per_usd
1973-03-30,2.4845,per_usd
1973-04-02,2.4876,per_usd
1973-04-03,2.4845,per_usd
1973-04-04,2.4845,per_usd
1973-04-05,2.4845,per_usd
1973-04-06,2.4783,per_usd
1973-04-09,2.4845,per_usd
1973-04-10,2.4752,per_usd
1973-04-11,2.4783,per_usd
1973-04-12,2.4752,per_usd
1973-04-13,2.4752,per_usd
1973-04-16,2.4783,per_usd
1973-04-17,2.4814,per_usd
1973-04-18,2.4814,per_usd
1973-04-19,2.4814,per_usd
1973-04-20,2.4814,per_usd
1973-04-23,2.4814,per_usd
1973-04-24,2.4826,per_usd
1973-04-25,2.4814,per_usd
1973-04-26,2.4814,per_usd
1973-04-27,2.4839,per_usd
1973-04-30,2.4783,per_usd
1973-05-01,2.4783,per_usd
1973-05-02,2.4783,per_usd
1973-05-03,2.4845,per_usd
1973-05-04,2.4845,per_usd
1973-05-07,2.4845,per_usd
1973-05-08,2.4795,per_usd
1973-05-09,2.4783,per_usd
1973-05-10,2.4752,per_usd
1973-05-11,2.4752,per_usd
1973-05-14,2.4691,per_usd
1973-05-15,2.4722,per_usd
1973-05-16,2.4783,per_usd
1973-05-17,2.4814,per_usd
1973-05-18,2.4814,per_usd
1973-05-21,2.4814,per_usd
1973-05-22,2.4795,per_usd
1973-05-23,2.4795,per_usd
1973-05-24,2.4783,per_usd
1973-05-25,2.4826,per_usd
1973-05-29,2.4814,per_usd
1973-05-30,2.4795,per_usd
1973-05-31,2.4826,per_usd
1973-06-01,2.4783,per_usd
1973-06-04,2.4752,per_usd
1973-06-05,2.4783,per_usd
1973-06-06,2.4826,per_usd
1973-06-07,2.4795,per_usd
1973-06-08,2.4783,per_usd
1973-06-11,2.4814,per_usd
1973-06-12,2.4808,per_usd
1973-06-13,2.4814,per_usd
1973-06-14,2.4752,per_usd
1973-06-15,2.4752,per_usd
1973-06-18,2.4814,per_usd
1973-06-19,2.4814,per_usd
1973-06-20,2.4814,per_usd
1973-06-21,2.4096,per_usd
1973-06-22,2.3809,per_usd
1973-06-25,2.3809,per_usd
1973-06-26,2.3809,per_usd
1973-06-27,2.3809,per_usd
1973-06-28,2.3809,per_usd
1973-06-29,2.3809,per_usd
1973-07-02,2.3669,per_usd
1973-07-03,2.3529,per_usd
1973-07-05,2.3669,per_usd
1973-07-06,2.3641,per_usd
1973-07-09,2.3641,per_usd
1973-07-10,2.3641,per_usd
1973-07-11,2.3641,per_usd
1973-07-12,2.3669,per_usd
1973-07-13,2.3669,per_usd
1973-07-16,2.3641,per_usd
1973-07-17,2.3256,per_usd
1973-07-18,2.3256,per_usd
1973-07-19,2.3256,per_usd
1973-07-20,2.2599,per_usd
1973-07-23,2.2676,per_usd
1973-07-24,2.2727,per_usd
1973-07-25,2.2727,per_usd
1973-07-26,2.2727,per_usd
1973-07-27,2.2523,per_usd
1973-07-30,2.2523,per_usd
1973-07-31,2.2523,per_usd
1973-08-01,2.2523,per_usd
1973-08-02,2.2599,per_usd
1973-08-03,2.2599,per_usd
1973-08-06,2.2523,per_usd
1973-08-07,2.2548,per_usd
1973-08-08,2.2548,per_usd
1973-08-09,2.2523,per_usd
1973-08-10,2.2548,per_usd
1973-08-13,2.2727,per_usd
1973-08-14,2.2727,per_usd
1973-08-15,2.2676,per_usd
1973-08-16,2.2676,per_usd
1973-08-17,2.2727,per_usd
1973-08-20,2.2988,per_usd
1973-08-21,2.2988,per_usd
1973-08-22,2.3121,per_usd
1973-08-23,2.2988,per_usd
1973-08-24,2.2988,per_usd
1973-08-27,2.3121,per_usd
1973-08-28,2.3095,per_usd
1973-08-29,2.3068,per_usd
1973-08-30,2.3121,per_usd
1973-08-31,2.3041,per_usd
1973-09-04,2.3041,per_usd
1973-09-05,2.3041,per_usd
1973-09-06,2.2936,per_usd
1973-09-07,2.3095,per_usd
1973-09-10,2.2988,per_usd
1973-09-11,2.2988,per_usd
1973-09-12,2.2883,per_usd
1973-09-13,2.3121,per_usd
1973-09-14,2.3121,per_usd
1973-09-17,2.3121,per_usd
1973-09-18,2.3121,per_usd
1973-09-19,2.3121,per_usd
1973-09-20,2.3121,per_usd
1973-09-21,2.3121,per_usd
1973-09-24,2.3121,per_usd
1973-09-25,2.3068,per_usd
1973-09-26,2.3041,per_usd
1973-09-27,2.3068,per_usd
1973-09-28,2.3065,per_usd
1973-10-01,2.3121,per_usd
1973-10-02,2.3121,per_usd
1973-10-03,2.3121,per_usd
1973-10-04,2.3121,per_usd
1973-10-05,2.3121,per_usd
1973-10-09,2.3121,per_usd
1973-10-10,2.3068,per_usd
1973-10-11,2.3121,per_usd
1973-10-12,2.3121,per_usd
1973-10-15,2.3121,per_usd
1973-10-16,2.2857,per_usd
1973-10-17,2.2727,per_usd
1973-10-18,2.2727,per_usd
1973-10-19,2.2676,per_usd
1973-10-23,2.2727,per_usd
1973-10-24,2.2727,per_usd
1973-10-25,2.2727,per_usd
1973-10-26,2.2727,per_usd
1973-10-29,2.2727,per_usd
1973-10-30,2.2727,per_usd
1973-10-31,2.2727,per_usd
1973-11-01,2.3057,per_usd
1973-11-02,2.3121,per_usd
1973-11-05,2.3121,per_usd
1973-11-07,2.3585,per_usd
1973-11-08,2.3585,per_usd
1973-11-09,2.3952,per_usd
1973-11-12,2.4155,per_usd
1973-11-13,2.4242,per_usd
1973-11-14,2.4155,per_usd
1973-11-15,2.4096,per_usd
1973-11-16,2.4038,per_usd
1973-11-19,2.3981,per_usd
1973-11-20,2.3901,per_usd
1973-11-21,2.3952,per_usd
1973-11-23,2.3923,per_usd
1973-11-26,2.439,per_usd
1973-11-27,2.4301,per_usd
1973-11-28,2.4155,per_usd
1973-11-29,2.4242,per_usd
1973-11-30,2.4213,per_usd
1973-12-03,2.4242,per_usd
1973-12-04,2.4242,per_usd
1973-12-05,2.4242,per_usd
1973-12-06,2.4155,per_usd
1973-12-07,2.4155,per_usd
1973-12-10,2.4242,per_usd
1973-12-11,2.4242,per_usd
1973-12-12,2.4242,per_usd
1973-12-13,2.4242,per_usd
1973-12-14,2.4038,per_usd
1973-12-17,2.4067,per_usd
1973-12-18,2.4096,per_usd
1973-12-19,2.4155,per_usd
1973-12-20,2.3866,per_usd
1973-12-21,2.3866,per_usd
1973-12-24,2.3866,per_usd
1973-12-26,2.3952,per_usd
1973-12-27,2.4184,per_usd
1973-12-28,2.442,per_usd
1973-12-31,2.454,per_usd
1974-01-02,2.4691,per_usd
1974-01-03,2.4631,per_usd
1974-01-04,2.4631,per_usd
1974-01-07,2.5063,per_usd
1974-01-08,2.5445,per_usd
1974-01-09,2.5445,per_usd
1974-01-10,2.4814,per_usd
1974-01-11,2.4814,per_usd
1974-01-14,2.4845,per_usd
1974-01-15,2.5,per_usd
1974-01-16,2.5,per_usd
1974-01-17,2.5,per_usd
1974-01-18,2.4783,per_usd
1974-01-21,2.5063,per_usd
1974-01-22,2.5031,per_usd
1974-01-23,2.4919,per_usd
1974-01-24,2.4938,per_usd
1974-01-25,2.4938,per_usd
1974-01-28,2.4938,per_usd
1974-01-29,2.5,per_usd
1974-01-30,2.5,per_usd
1974-01-31,2.4752,per_usd
1974-02-01,2.454,per_usd
1974-02-04,2.4722,per_usd
1974-02-05,2.4631,per_usd
1974-02-06,2.4691,per_usd
1974-02-07,2.4691,per_usd
1974-02-08,2.4722,per_usd
1974-02-11,2.4691,per_usd
1974-02-13,2.4722,per_usd
1974-02-14,2.4752,per_usd
1974-02-15,2.4783,per_usd
1974-02-19,2.4691,per_usd
1974-02-20,2.4691,per_usd
1974-02-21,2.4722,per_usd
1974-02-22,2.4661,per_usd
1974-02-25,2.4722,per_usd
1974-02-26,2.4752,per_usd
1974-02-27,2.4691,per_usd
1974-02-28,2.4691,per_usd
1974-03-01,2.4691,per_usd
1974-03-04,2.4691,per_usd
1974-03-05,2.4691,per_usd
1974-03-06,2.457,per_usd
1974-03-07,2.454,per_usd
1974-03-08,2.4631,per_usd
1974-03-11,2.4631,per_usd
1974-03-12,2.4631,per_usd
1974-03-13,2.445,per_usd
1974-03-14,2.439,per_usd
1974-03-15,2.4361,per_usd
1974-03-18,2.442,per_usd
1974-03-19,2.4361,per_usd
1974-03-20,2.4213,per_usd
1974-03-21,2.3923,per_usd
1974-03-22,2.3809,per_usd
1974-03-25,2.3809,per_usd
1974-03-26,2.3838,per_usd
1974-03-27,2.3981,per_usd
1974-03-28,2.3952,per_usd
1974-03-29,2.3809,per_usd
1974-04-01,2.3952,per_usd
1974-04-02,2.3923,per_usd
1974-04-03,2.3923,per_usd
1974-04-04,2.3952,per_usd
1974-04-05,2.3923,per_usd
1974-04-08,2.3923,per_usd
1974-04-09,2.3923,per_usd
1974-04-10,2.4038,per_usd
1974-04-11,2.3981,per_usd
1974-04-12,2.3866,per_usd
1974-04-15,2.3866,per_usd
1974-04-16,2.3952,per_usd
1974-04-17,2.3866,per_usd
1974-04-18,2.3809,per_usd
1974-04-19,2.3809,per_usd
1974-04-22,2.3725,per_usd
1974-04-23,2.3641,per_usd
1974-04-24,2.3641,per_usd
1974-04-25,2.3641,per_usd
1974-04-26,2.3697,per_usd
1974-04-29,2.3697,per_usd
1974-04-30,2.3585,per_usd
1974-05-01,2.3585,per_usd
1974-05-02,2.3697,per_usd
1974-05-03,2.3697,per_usd
1974-05-06,2.3697,per_usd
1974-05-07,2.3529,per_usd
1974-05-08,2.3669,per_usd
1974-05-09,2.3669,per_usd
1974-05-10,2.3697,per_usd
1974-05-13,2.3641,per_usd
1974-05-14,2.3557,per_usd
1974-05-15,2.3641,per_usd
1974-05-16,2.3669,per_usd
1974-05-17,2.3641,per_usd
1974-05-20,2.3725,per_usd
1974-05-21,2.3809,per_usd
1974-05-22,2.3753,per_usd
1974-05-23,2.3753,per_usd
1974-05-24,2.3753,per_usd
1974-05-28,2.3952,per_usd
1974-05-29,2.3866,per_usd
1974-05-30,2.3981,per_usd
1974-05-31,2.3923,per_usd
1974-06-03,2.3923,per_usd
1974-06-04,2.3866,per_usd
1974-06-05,2.3866,per_usd
1974-06-06,2.3866,per_usd
1974-06-07,2.3923,per_usd
1974-06-10,2.401,per_usd
1974-06-11,2.4125,per_usd
1974-06-12,2.4091,per_usd
1974-06-13,2.4155,per_usd
1974-06-14,2.4155,per_usd
1974-06-17,2.4096,per_usd
1974-06-18,2.4155,per_usd
1974-06-19,2.4096,per_usd
1974-06-20,2.4067,per_usd
1974-06-21,2.4038,per_usd
1974-06-24,2.4067,per_usd
1974-06-25,2.4184,per_usd
1974-06-26,2.4038,per_usd
1974-06-27,2.4096,per_usd
1974-06-28,2.4125,per_usd
1974-07-01,2.4038,per_usd
1974-07-02,2.4038,per_usd
1974-07-03,2.4038,per_usd
1974-07-05,2.4155,per_usd
1974-07-08,2.4184,per_usd
1974-07-09,2.4213,per_usd
1974-07-10,2.4242,per_usd
1974-07-11,2.4242,per_usd
1974-07-12,2.4213,per_usd
1974-07-15,2.4155,per_usd
1974-07-16,2.4155,per_usd
1974-07-17,2.4125,per_usd
1974-07-18,2.4038,per_usd
1974-07-19,2.4038,per_usd
1974-07-22,2.401,per_usd
1974-07-23,2.4038,per_usd
1974-07-24,2.401,per_usd
1974-07-25,2.3981,per_usd
1974-07-26,2.4096,per_usd
1974-07-29,2.4125,per_usd
1974-07-30,2.4184,per_usd
1974-07-31,2.4184,per_usd
1974-08-01,2.4184,per_usd
1974-08-02,2.4155,per_usd
1974-08-05,2.4125,per_usd
1974-08-06,2.4096,per_usd
1974-08-07,2.4096,per_usd
1974-08-08,2.4155,per_usd
1974-08-09,2.4155,per_usd
1974-08-12,2.4155,per_usd
1974-08-13,2.4184,per_usd
1974-08-14,2.4184,per_usd
1974-08-15,2.4155,per_usd
1974-08-16,2.4155,per_usd
1974-08-19,2.4155,per_usd
1974-08-20,2.4213,per_usd
1974-08-21,2.4155,per_usd
1974-08-22,2.4155,per_usd
1974-08-23,2.4155,per_usd
1974-08-26,2.4155,per_usd
1974-08-27,2.4155,per_usd
1974-08-28,2.4096,per_usd
1974-08-29,2.4038,per_usd
1974-08-30,2.4125,per_usd
1974-09-03,2.4038,per_usd
1974-09-04,2.4096,per_usd
1974-09-05,2.4096,per_usd
1974-09-06,2.3981,per_usd
1974-09-09,2.3981,per_usd
1974-09-10,2.4038,per_usd
1974-09-11,2.4038,per_usd
1974-09-12,2.4067,per_usd
1974-09-13,2.4038,per_usd
1974-09-16,2.4114,per_usd
1974-09-17,2.4155,per_usd
1974-09-18,2.4155,per_usd
1974-09-19,2.4155,per_usd
1974-09-20,2.4242,per_usd
1974-09-23,2.4242,per_usd
1974-09-24,2.4213,per_usd
1974-09-25,2.4242,per_usd
1974-09-26,2.4242,per_usd
1974-09-27,2.4242,per_usd
1974-09-30,2.4225,per_usd
1974-10-01,2.4125,per_usd
1974-10-02,2.4172,per_usd
1974-10-03,2.4155,per_usd
1974-10-04,2.4125,per_usd
1974-10-07,2.4067,per_usd
1974-10-08,2.4033,per_usd
1974-10-09,2.4038,per_usd
1974-10-10,2.3981,per_usd
1974-10-11,2.4038,per_usd
1974-10-15,2.4096,per_usd
1974-10-16,2.4038,per_usd
1974-10-17,2.4096,per_usd
1974-10-18,2.4038,per_usd
1974-10-21,2.4038,per_usd
1974-10-22,2.4038,per_usd
1974-10-23,2.4027,per_usd
1974-10-24,2.3981,per_usd
1974-10-25,2.4038,per_usd
1974-10-28,2.4125,per_usd
1974-10-29,2.4033,per_usd
1974-10-30,2.4033,per_usd
1974-10-31,2.401,per_usd
1974-11-01,2.3895,per_usd
1974-11-04,2.3809,per_usd
1974-11-06,2.3256,per_usd
1974-11-07,2.3256,per_usd
1974-11-08,2.3175,per_usd
1974-11-12,2.3121,per_usd
1974-11-13,2.3121,per_usd
1974-11-14,2.3095,per_usd
1974-11-15,2.2909,per_usd
1974-11-18,2.2831,per_usd
1974-11-19,2.2753,per_usd
1974-11-20,2.292,per_usd
1974-11-21,2.3245,per_usd
1974-11-22,2.3229,per_usd
1974-11-25,2.3283,per_usd
1974-11-26,2.3229,per_usd
1974-11-27,2.3337,per_usd
1974-11-29,2.3474,per_usd
1974-12-02,2.3507,per_usd
1974-12-03,2.3753,per_usd
1974-12-04,2.3861,per_usd
1974-12-05,2.3855,per_usd
1974-12-06,2.3866,per_usd
1974-12-09,2.3781,per_usd
1974-12-10,2.3602,per_usd
1974-12-11,2.3546,per_usd
1974-12-12,2.343,per_usd
1974-12-13,2.3392,per_usd
1974-12-16,2.3343,per_usd
1974-12-17,2.3354,per_usd
1974-12-18,2.3299,per_usd
1974-12-19,2.3518,per_usd
1974-12-20,2.3518,per_usd
1974-12-23,2.3815,per_usd
1974-12-24,2.3815,per_usd
1974-12-26,2.3753,per_usd
1974-12-27,2.3502,per_usd
1974-12-30,2.3337,per_usd
1974-12-31,2.3121,per_usd
1975-01-02,2.3256,per_usd
1975-01-03,2.3229,per_usd
1975-01-06,2.3137,per_usd
1975-01-07,2.3137,per_usd
1975-01-08,2.3148,per_usd
1975-01-09,2.3207,per_usd
1975-01-10,2.3068,per_usd
1975-01-13,2.3073,per_usd
1975-01-14,2.3073,per_usd
1975-01-15,2.3196,per_usd
1975-01-16,2.3137,per_usd
1975-01-17,2.31,per_usd
1975-01-20,2.3057,per_usd
1975-01-21,2.2978,per_usd
1975-01-22,2.3004,per_usd
1975-01-23,2.2999,per_usd
1975-01-24,2.2889,per_usd
1975-01-27,2.2831,per_usd
1975-01-28,2.2883,per_usd
1975-01-29,2.2936,per_usd
1975-01-30,2.3073,per_usd
1975-01-31,2.2988,per_usd
1975-02-03,2.2988,per_usd
1975-02-04,2.2915,per_usd
1975-02-05,2.2831,per_usd
1975-02-06,2.2857,per_usd
1975-02-07,2.2909,per_usd
1975-02-10,2.2909,per_usd
1975-02-11,2.2909,per_usd
1975-02-13,2.2701,per_usd
1975-02-14,2.2599,per_usd
1975-02-18,2.2624,per_usd
1975-02-19,2.2624,per_usd
1975-02-20,2.263,per_usd
1975-02-21,2.2523,per_usd
1975-02-24,2.2472,per_usd
1975-02-25,2.2356,per_usd
1975-02-26,2.2391,per_usd
1975-02-27,2.2331,per_usd
1975-02-28,2.2297,per_usd
1975-03-03,2.2277,per_usd
1975-03-04,2.2272,per_usd
1975-03-05,2.2287,per_usd
1975-03-06,2.2242,per_usd
1975-03-07,2.2257,per_usd
1975-03-10,2.2361,per_usd
1975-03-11,2.2356,per_usd
1975-03-12,2.2302,per_usd
1975-03-13,2.2416,per_usd
1975-03-14,2.2401,per_usd
1975-03-17,2.2396,per_usd
1975-03-18,2.2391,per_usd
1975-03-19,2.2376,per_usd
1975-03-20,2.2416,per_usd
1975-03-21,2.2416,per_usd
1975-03-24,2.2655,per_usd
1975-03-25,2.2655,per_usd
1975-03-26,2.2691,per_usd
1975-03-27,2.265,per_usd
1975-03-28,2.2619,per_usd
1975-03-31,2.2619,per_usd
1975-04-01,2.2681,per_usd
1975-04-02,2.2624,per_usd
1975-04-03,2.2676,per_usd
1975-04-04,2.2686,per_usd
1975-04-07,2.28,per_usd
1975-04-08,2.2826,per_usd
1975-04-09,2.2763,per_usd
1975-04-10,2.2841,per_usd
1975-04-11,2.2841,per_usd
1975-04-14,2.2909,per_usd
1975-04-15,2.2946,per_usd
1975-04-16,2.2894,per_usd
1975-04-17,2.2894,per_usd
1975-04-18,2.2894,per_usd
1975-04-21,2.2899,per_usd
1975-04-22,2.2931,per_usd
1975-04-23,2.2904,per_usd
1975-04-24,2.2904,per_usd
1975-04-25,2.2873,per_usd
1975-04-28,2.2904,per_usd
1975-04-29,2.2868,per_usd
1975-04-30,2.2763,per_usd
1975-05-01,2.2763,per_usd
1975-05-02,2.2691,per_usd
1975-05-05,2.2691,per_usd
1975-05-06,2.264,per_usd
1975-05-07,2.263,per_usd
1975-05-08,2.2558,per_usd
1975-05-09,2.2558,per_usd
1975-05-12,2.2655,per_usd
1975-05-13,2.2568,per_usd
1975-05-14,2.2457,per_usd
1975-05-15,2.2548,per_usd
1975-05-16,2.2594,per_usd
1975-05-19,2.2599,per_usd
1975-05-20,2.2548,per_usd
1975-05-21,2.2538,per_usd
1975-05-22,2.2507,per_usd
1975-05-23,2.2507,per_usd
1975-05-27,2.2517,per_usd
1975-05-28,2.2523,per_usd
1975-05-29,2.2558,per_usd
1975-05-30,2.263,per_usd
1975-06-02,2.264,per_usd
1975-06-03,2.263,per_usd
1975-06-04,2.263,per_usd
1975-06-05,2.2665,per_usd
1975-06-06,2.266,per_usd
1975-06-09,2.2722,per_usd
1975-06-10,2.2722,per_usd
1975-06-11,2.2743,per_usd
1975-06-12,2.2743,per_usd
1975-06-13,2.2753,per_usd
1975-06-16,2.2774,per_usd
1975-06-17,2.2774,per_usd
1975-06-18,2.2795,per_usd
1975-06-19,2.2836,per_usd
1975-06-20,2.2826,per_usd
1975-06-23,2.2868,per_usd
1975-06-24,2.2899,per_usd
1975-06-25,2.2936,per_usd
1975-06-26,2.3057,per_usd
1975-06-27,2.3079,per_usd
1975-06-30,2.3105,per_usd
1975-07-01,2.3105,per_usd
1975-07-02,2.3186,per_usd
1975-07-03,2.331,per_usd
1975-07-07,2.3343,per_usd
1975-07-08,2.3458,per_usd
1975-07-09,2.3425,per_usd
1975-07-10,2.3502,per_usd
1975-07-11,2.3657,per_usd
1975-07-14,2.3781,per_usd
1975-07-15,2.3912,per_usd
1975-07-16,2.4096,per_usd
1975-07-17,2.4137,per_usd
1975-07-18,2.4408,per_usd
1975-07-21,2.4606,per_usd
1975-07-22,2.4808,per_usd
1975-07-23,2.4882,per_usd
1975-07-24,2.5,per_usd
1975-07-25,2.4907,per_usd
1975-07-28,2.4752,per_usd
1975-07-29,2.495,per_usd
1975-07-30,2.5044,per_usd
1975-07-31,2.5019,per_usd
1975-08-01,2.5,per_usd
1975-08-04,2.5056,per_usd
1975-08-05,2.5013,per_usd
1975-08-06,2.5013,per_usd
1975-08-07,2.517,per_usd
1975-08-08,2.5164,per_usd
1975-08-11,2.5214,per_usd
1975-08-12,2.524,per_usd
1975-08-13,2.524,per_usd
1975-08-14,2.5183,per_usd
1975-08-15,2.5126,per_usd
1975-08-18,2.5221,per_usd
1975-08-19,2.5176,per_usd
1975-08-20,2.5044,per_usd
1975-08-21,2.5157,per_usd
1975-08-22,2.5082,per_usd
1975-08-25,2.5138,per_usd
1975-08-26,2.5246,per_usd
1975-08-27,2.5145,per_usd
1975-08-28,2.5145,per_usd
1975-08-29,2.5151,per_usd
1975-09-02,2.5208,per_usd
1975-09-03,2.5189,per_usd
1975-09-04,2.5157,per_usd
1975-09-05,2.5189,per_usd
1975-09-08,2.5208,per_usd
1975-09-09,2.5208,per_usd
1975-09-10,2.5208,per_usd
1975-09-11,2.5227,per_usd
1975-09-12,2.5278,per_usd
1975-09-15,2.5368,per_usd
1975-09-16,2.54,per_usd
1975-09-17,2.5543,per_usd
1975-09-18,2.5641,per_usd
1975-09-19,2.5707,per_usd
1975-09-22,2.574,per_usd
1975-09-23,2.5833,per_usd
1975-09-24,2.5887,per_usd
1975-09-25,2.5813,per_usd
1975-09-26,2.584,per_usd
1975-09-29,2.5947,per_usd
1975-09-30,2.594,per_usd
1975-10-01,2.5853,per_usd
1975-10-02,2.5621,per_usd
1975-10-03,2.584,per_usd
1975-10-06,2.584,per_usd
1975-10-07,2.584,per_usd
1975-10-08,2.5727,per_usd
1975-10-09,2.5793,per_usd
1975-10-10,2.5707,per_usd
1975-10-14,2.5621,per_usd
1975-10-15,2.5813,per_usd
1975-10-16,2.5714,per_usd
1975-10-17,2.5707,per_usd
1975-10-20,2.574,per_usd
1975-10-21,2.5667,per_usd
1975-10-22,2.5634,per_usd
1975-10-23,2.5621,per_usd
1975-10-24,2.5608,per_usd
1975-10-27,2.5602,per_usd
1975-10-28,2.5667,per_usd
1975-10-29,2.5602,per_usd
1975-10-30,2.5381,per_usd
1975-10-31,2.551,per_usd
1975-11-03,2.551,per_usd
1975-11-05,2.5491,per_usd
1975-11-06,2.5556,per_usd
1975-11-07,2.551,per_usd
1975-11-10,2.5543,per_usd
1975-11-12,2.5575,per_usd
1975-11-13,2.5575,per_usd
1975-11-14,2.574,per_usd
1975-11-17,2.58,per_usd
1975-11-18,2.5893,per_usd
1975-11-19,2.5806,per_usd
1975-11-20,2.5733,per_usd
1975-11-21,2.5707,per_usd
1975-11-24,2.5786,per_usd
1975-11-25,2.578,per_usd
1975-11-26,2.584,per_usd
1975-11-28,2.586,per_usd
1975-12-01,2.586,per_usd
1975-12-02,2.586,per_usd
1975-12-03,2.5853,per_usd
1975-12-04,2.5846,per_usd
1975-12-05,2.584,per_usd
1975-12-08,2.5867,per_usd
1975-12-09,2.5867,per_usd
1975-12-10,2.5887,per_usd
1975-12-11,2.5867,per_usd
1975-12-12,2.5867,per_usd
1975-12-15,2.5887,per_usd
1975-12-16,2.5873,per_usd
1975-12-17,2.586,per_usd
1975-12-18,2.582,per_usd
1975-12-19,2.586,per_usd
1975-12-22,2.5826,per_usd
1975-12-23,2.5833,per_usd
1975-12-24,2.582,per_usd
1975-12-26,2.5833,per_usd
1975-12-29,2.588,per_usd
1975-12-30,2.5907,per_usd
1975-12-31,2.5907,per_usd
1976-01-02,2.5907,per_usd
1976-01-05,2.59,per_usd
1976-01-06,2.5833,per_usd
1976-01-07,2.584,per_usd
1976-01-08,2.5826,per_usd
1976-01-09,2.5846,per_usd
1976-01-12,2.5853,per_usd
1976-01-13,2.588,per_usd
1976-01-14,2.5893,per_usd
1976-01-15,2.5893,per_usd
1976-01-16,2.584,per_usd
1976-01-19,2.5853,per_usd
1976-01-20,2.5853,per_usd
1976-01-21,2.584,per_usd
1976-01-22,2.5853,per_usd
1976-01-23,2.5907,per_usd
1976-01-26,2.5826,per_usd
1976-01-27,2.5773,per_usd
1976-01-28,2.5773,per_usd
1976-01-29,2.5773,per_usd
1976-01-30,2.5727,per_usd
1976-02-02,2.5727,per_usd
1976-02-03,2.5727,per_usd
1976-02-04,2.57,per_usd
1976-02-05,2.5654,per_usd
1976-02-06,2.5044,per_usd
1976-02-09,2.5714,per_usd
1976-02-10,2.5674,per_usd
1976-02-11,2.5681,per_usd
1976-02-13,2.5707,per_usd
1976-02-17,2.572,per_usd
1976-02-18,2.5733,per_usd
1976-02-19,2.57,per_usd
1976-02-20,2.5687,per_usd
1976-02-23,2.5674,per_usd
1976-02-24,2.5641,per_usd
1976-02-25,2.5615,per_usd
1976-02-26,2.5595,per_usd
1976-02-27,2.5589,per_usd
1976-03-01,2.5562,per_usd
1976-03-02,2.5575,per_usd
1976-03-03,2.5536,per_usd
1976-03-04,2.5523,per_usd
1976-03-05,2.5523,per_usd
1976-03-08,2.5549,per_usd
1976-03-09,2.5589,per_usd
1976-03-10,2.5608,per_usd
1976-03-11,2.5667,per_usd
1976-03-12,2.5707,per_usd
1976-03-15,2.5608,per_usd
1976-03-16,2.6048,per_usd
1976-03-17,2.5634,per_usd
1976-03-18,2.5595,per_usd
1976-03-19,2.5641,per_usd
1976-03-22,2.5589,per_usd
1976-03-23,2.5589,per_usd
1976-03-24,2.5608,per_usd
1976-03-25,2.5575,per_usd
1976-03-26,2.5641,per_usd
1976-03-29,2.5556,per_usd
1976-03-30,2.5569,per_usd
1976-03-31,2.5543,per_usd
1976-04-01,2.5569,per_usd
1976-04-02,2.5497,per_usd
1976-04-05,2.5589,per_usd
1976-04-06,2.5641,per_usd
1976-04-07,2.5634,per_usd
1976-04-08,2.5648,per_usd
1976-04-09,2.5634,per_usd
1976-04-12,2.5661,per_usd
1976-04-13,2.5674,per_usd
1976-04-14,2.5654,per_usd
1976-04-15,2.5641,per_usd
1976-04-16,2.5621,per_usd
1976-04-19,2.5621,per_usd
1976-04-20,2.5641,per_usd
1976-04-21,2.5628,per_usd
1976-04-22,2.5602,per_usd
1976-04-23,2.5641,per_usd
1976-04-26,2.5641,per_usd
1976-04-27,2.5634,per_usd
1976-04-28,2.5634,per_usd
1976-04-29,2.5595,per_usd
1976-04-30,2.5543,per_usd
1976-05-03,2.5517,per_usd
1976-05-04,2.5536,per_usd
1976-05-05,2.5523,per_usd
1976-05-06,2.5523,per_usd
1976-05-07,2.5575,per_usd
1976-05-10,2.553,per_usd
1976-05-11,2.553,per_usd
1976-05-12,2.5536,per_usd
1976-05-13,2.5536,per_usd
1976-05-14,2.5543,per_usd
1976-05-17,2.5575,per_usd
1976-05-18,2.5634,per_usd
1976-05-19,2.5582,per_usd
1976-05-20,2.5569,per_usd
1976-05-21,2.5641,per_usd
1976-05-24,2.5667,per_usd
1976-05-25,2.5707,per_usd
1976-05-26,2.5707,per_usd
1976-05-27,2.5707,per_usd
1976-05-28,2.5641,per_usd
1976-06-01,2.5641,per_usd
1976-06-02,2.5641,per_usd
1976-06-03,2.5615,per_usd
1976-06-04,2.5641,per_usd
1976-06-07,2.5641,per_usd
1976-06-08,2.5595,per_usd
1976-06-09,2.5575,per_usd
1976-06-10,2.5575,per_usd
1976-06-11,2.5575,per_usd
1976-06-14,2.5562,per_usd
1976-06-15,2.5562,per_usd
1976-06-16,2.553,per_usd
1976-06-17,2.5523,per_usd
1976-06-18,2.5543,per_usd
1976-06-21,2.5523,per_usd
1976-06-22,2.5523,per_usd
1976-06-23,2.5504,per_usd
1976-06-24,2.5471,per_usd
1976-06-25,2.5445,per_usd
1976-06-28,2.5419,per_usd
1976-06-29,2.5432,per_usd
1976-06-30,2.5439,per_usd
1976-07-01,2.5432,per_usd
1976-07-02,2.5419,per_usd
1976-07-06,2.5426,per_usd
1976-07-07,2.5439,per_usd
1976-07-08,2.5426,per_usd
1976-07-09,2.5426,per_usd
1976-07-12,2.5394,per_usd
1976-07-13,2.6731,per_usd
1976-07-14,2.5336,per_usd
1976-07-15,2.5272,per_usd
1976-07-16,2.5259,per_usd
1976-07-19,2.5183,per_usd
1976-07-20,2.5126,per_usd
1976-07-21,2.5044,per_usd
1976-07-22,2.5025,per_usd
1976-07-23,2.5013,per_usd
1976-07-26,2.5013,per_usd
1976-07-27,2.4969,per_usd
1976-07-28,2.4919,per_usd
1976-07-29,2.4863,per_usd
1976-07-30,2.4863,per_usd
1976-08-02,2.4802,per_usd
1976-08-03,2.4894,per_usd
1976-08-04,2.4919,per_usd
1976-08-05,2.4913,per_usd
1976-08-06,2.4919,per_usd
1976-08-09,2.4869,per_usd
1976-08-10,2.4857,per_usd
1976-08-11,2.4814,per_usd
1976-08-12,2.4851,per_usd
1976-08-13,2.4845,per_usd
1976-08-16,2.4869,per_usd
1976-08-17,2.4888,per_usd
1976-08-18,2.4808,per_usd
1976-08-19,2.4956,per_usd
1976-08-20,2.5013,per_usd
1976-08-23,2.5063,per_usd
1976-08-24,2.5063,per_usd
1976-08-25,2.5069,per_usd
1976-08-26,2.5132,per_usd
1976-08-27,2.5138,per_usd
1976-08-30,2.5138,per_usd
1976-08-31,2.5138,per_usd
1976-09-01,2.5132,per_usd
1976-09-02,2.5094,per_usd
1976-09-03,2.5119,per_usd
1976-09-07,2.51,per_usd
1976-09-08,2.51,per_usd
1976-09-09,2.5094,per_usd
1976-09-10,2.5138,per_usd
1976-09-13,2.5119,per_usd
1976-09-14,2.5119,per_usd
1976-09-15,2.5113,per_usd
1976-09-16,2.51,per_usd
1976-09-17,2.5126,per_usd
1976-09-20,2.5119,per_usd
1976-09-21,2.5145,per_usd
1976-09-22,2.5183,per_usd
1976-09-23,2.5221,per_usd
1976-09-24,2.5265,per_usd
1976-09-27,2.5265,per_usd
1976-09-28,2.5265,per_usd
1976-09-29,2.5233,per_usd
1976-09-30,2.5208,per_usd
1976-10-01,2.5183,per_usd
1976-10-04,2.5164,per_usd
1976-10-05,2.5208,per_usd
1976-10-06,2.5208,per_usd
1976-10-07,2.5208,per_usd
1976-10-08,2.5208,per_usd
1976-10-12,2.5221,per_usd
1976-10-13,2.5233,per_usd
1976-10-14,2.5233,per_usd
1976-10-15,2.5323,per_usd
1976-10-18,2.531,per_usd
1976-10-19,2.5304,per_usd
1976-10-20,2.5291,per_usd
1976-10-21,2.5297,per_usd
1976-10-22,2.5316,per_usd
1976-10-25,2.5297,per_usd
1976-10-26,2.5316,per_usd
1976-10-27,2.5349,per_usd
1976-10-28,2.5368,per_usd
1976-10-29,2.5336,per_usd
1976-11-01,2.5329,per_usd
1976-11-03,2.5381,per_usd
1976-11-04,2.5323,per_usd
1976-11-05,2.531,per_usd
1976-11-08,2.531,per_usd
1976-11-09,2.5291,per_usd
1976-11-10,2.5278,per_usd
1976-11-12,2.5316,per_usd
1976-11-15,2.5297,per_usd
1976-11-16,2.531,per_usd
1976-11-17,2.5304,per_usd
1976-11-18,2.531,per_usd
1976-11-19,2.5291,per_usd
1976-11-22,2.5272,per_usd
1976-11-23,2.5284,per_usd
1976-11-24,2.531,per_usd
1976-11-26,2.531,per_usd
1976-11-29,2.531,per_usd
1976-11-30,2.5323,per_usd
1976-12-01,2.5342,per_usd
1976-12-02,2.5329,per_usd
1976-12-03,2.5355,per_usd
1976-12-06,2.5336,per_usd
1976-12-07,2.5297,per_usd
1976-12-08,2.5297,per_usd
1976-12-09,2.531,per_usd
1976-12-10,2.5323,per_usd
1976-12-13,2.5323,per_usd
1976-12-14,2.5297,per_usd
1976-12-15,2.5259,per_usd
1976-12-16,2.5202,per_usd
1976-12-17,2.5202,per_usd
1976-12-20,2.5183,per_usd
1976-12-21,2.5183,per_usd
1976-12-22,2.5183,per_usd
1976-12-23,2.5202,per_usd
1976-12-24,2.5291,per_usd
1976-12-27,2.5297,per_usd
1976-12-28,2.5304,per_usd
1976-12-29,2.5323,per_usd
1976-12-30,2.5342,per_usd
1976-12-31,2.5368,per_usd
1977-01-03,2.5336,per_usd
1977-01-04,2.5227,per_usd
1977-01-05,2.5246,per_usd
1977-01-06,2.5259,per_usd
1977-01-07,2.5265,per_usd
1977-01-10,2.5284,per_usd
1977-01-11,2.5297,per_usd
1977-01-12,2.524,per_usd
1977-01-13,2.524,per_usd
1977-01-14,2.5214,per_usd
1977-01-17,2.517,per_usd
1977-01-18,2.5183,per_usd
1977-01-19,2.5208,per_usd
1977-01-20,2.5126,per_usd
1977-01-21,2.51,per_usd
1977-01-24,2.5031,per_usd
1977-01-25,2.505,per_usd
1977-01-26,2.51,per_usd
1977-01-27,2.5038,per_usd
1977-01-28,2.5063,per_usd
1977-01-31,2.5056,per_usd
1977-02-02,2.51,per_usd
1977-02-03,2.5069,per_usd
1977-02-04,2.5094,per_usd
1977-02-07,2.5038,per_usd
1977-02-08,2.5038,per_usd
1977-02-09,2.5019,per_usd
1977-02-10,2.5,per_usd
1977-02-11,2.5,per_usd
1977-02-14,2.495,per_usd
1977-02-15,2.4938,per_usd
1977-02-16,2.4981,per_usd
1977-02-17,2.495,per_usd
1977-02-18,2.495,per_usd
1977-02-22,2.4931,per_usd
1977-02-23,2.4938,per_usd
1977-02-24,2.4938,per_usd
1977-02-25,2.5,per_usd
1977-02-28,2.495,per_usd
1977-03-01,2.495,per_usd
1977-03-02,2.4969,per_usd
1977-03-03,2.4919,per_usd
1977-03-04,2.4907,per_usd
1977-03-07,2.4894,per_usd
1977-03-08,2.4894,per_usd
1977-03-09,2.4931,per_usd
1977-03-10,2.4925,per_usd
1977-03-11,2.4969,per_usd
1977-03-14,2.4919,per_usd
1977-03-15,2.4919,per_usd
1977-03-16,2.4931,per_usd
1977-03-17,2.4925,per_usd
1977-03-18,2.4931,per_usd
1977-03-21,2.49,per_usd
1977-03-22,2.4894,per_usd
1977-03-23,2.4869,per_usd
1977-03-24,2.4845,per_usd
1977-03-25,2.4907,per_usd
1977-03-28,2.4857,per_usd
1977-03-29,2.4857,per_usd
1977-03-30,2.4863,per_usd
1977-03-31,2.4845,per_usd
1977-04-01,2.482,per_usd
1977-04-04,2.4808,per_usd
1977-04-05,2.4789,per_usd
1977-04-06,2.4771,per_usd
1977-04-07,2.4765,per_usd
1977-04-08,2.4783,per_usd
1977-04-11,2.4783,per_usd
1977-04-12,2.4795,per_usd
1977-04-13,2.4802,per_usd
1977-04-14,2.4777,per_usd
1977-04-15,2.4814,per_usd
1977-04-18,2.4771,per_usd
1977-04-19,2.4808,per_usd
1977-04-20,2.4814,per_usd
1977-04-21,2.4832,per_usd
1977-04-22,2.4845,per_usd
1977-04-25,2.4832,per_usd
1977-04-26,2.4845,per_usd
1977-04-27,2.4863,per_usd
1977-04-28,2.4869,per_usd
1977-04-29,2.4839,per_usd
1977-05-02,2.4869,per_usd
1977-05-03,2.4869,per_usd
1977-05-04,2.4845,per_usd
1977-05-05,2.4826,per_usd
1977-05-06,2.4845,per_usd
1977-05-09,2.4839,per_usd
1977-05-10,2.4839,per_usd
1977-05-11,2.4832,per_usd
1977-05-12,2.4845,per_usd
1977-05-13,2.4876,per_usd
1977-05-16,2.4839,per_usd
1977-05-17,2.4814,per_usd
1977-05-18,2.4814,per_usd
1977-05-19,2.4808,per_usd
1977-05-20,2.4857,per_usd
1977-05-23,2.4845,per_usd
1977-05-24,2.4857,per_usd
1977-05-25,2.4845,per_usd
1977-05-26,2.4832,per_usd
1977-05-27,2.4851,per_usd
1977-05-31,2.4832,per_usd
1977-06-01,2.4845,per_usd
1977-06-02,2.4845,per_usd
1977-06-03,2.4845,per_usd
1977-06-06,2.4832,per_usd
1977-06-07,2.4814,per_usd
1977-06-08,2.4839,per_usd
1977-06-09,2.4832,per_usd
1977-06-10,2.4832,per_usd
1977-06-13,2.4814,per_usd
1977-06-14,2.4795,per_usd
1977-06-15,2.4814,per_usd
1977-06-16,2.4814,per_usd
1977-06-17,2.4814,per_usd
1977-06-20,2.4814,per_usd
1977-06-21,2.4808,per_usd
1977-06-22,2.482,per_usd
1977-06-23,2.4826,per_usd
1977-06-24,2.4845,per_usd
1977-06-27,2.4857,per_usd
1977-06-28,2.4863,per_usd
1977-06-29,2.4869,per_usd
1977-06-30,2.4876,per_usd
1977-07-01,2.4876,per_usd
1977-07-05,2.4814,per_usd
1977-07-06,2.4795,per_usd
1977-07-07,2.4826,per_usd
1977-07-08,2.482,per_usd
1977-07-11,2.4802,per_usd
1977-07-12,2.4795,per_usd
1977-07-13,2.4808,per_usd
1977-07-15,2.4814,per_usd
1977-07-18,2.4777,per_usd
1977-07-19,2.4752,per_usd
1977-07-20,2.4759,per_usd
1977-07-21,2.4728,per_usd
1977-07-22,2.4691,per_usd
1977-07-25,2.4612,per_usd
1977-07-26,2.4522,per_usd
1977-07-27,2.4528,per_usd
1977-07-28,2.4522,per_usd
1977-07-29,2.457,per_usd
1977-08-01,2.457,per_usd
1977-08-02,2.4582,per_usd
1977-08-03,2.454,per_usd
1977-08-04,2.454,per_usd
1977-08-05,2.4546,per_usd
1977-08-08,2.4552,per_usd
1977-08-09,2.457,per_usd
1977-08-10,2.4552,per_usd
1977-08-11,2.4558,per_usd
1977-08-12,2.454,per_usd
1977-08-15,2.4576,per_usd
1977-08-16,2.4582,per_usd
1977-08-17,2.4631,per_usd
1977-08-18,2.4673,per_usd
1977-08-19,2.4722,per_usd
1977-08-22,2.4771,per_usd
1977-08-23,2.4716,per_usd
1977-08-24,2.4673,per_usd
1977-08-25,2.471,per_usd
1977-08-26,2.4722,per_usd
1977-08-29,2.4704,per_usd
1977-08-30,2.471,per_usd
1977-08-31,2.4691,per_usd
1977-09-01,2.4673,per_usd
1977-09-02,2.4643,per_usd
1977-09-06,2.4624,per_usd
1977-09-07,2.4631,per_usd
1977-09-08,2.4609,per_usd
1977-09-09,2.4655,per_usd
1977-09-12,2.4631,per_usd
1977-09-13,2.4624,per_usd
1977-09-14,2.4637,per_usd
1977-09-15,2.4637,per_usd
1977-09-16,2.46,per_usd
1977-09-19,2.4612,per_usd
1977-09-20,2.4606,per_usd
1977-09-21,2.4612,per_usd
1977-09-22,2.4631,per_usd
1977-09-23,2.4631,per_usd
1977-09-26,2.4624,per_usd
1977-09-27,2.4631,per_usd
1977-09-28,2.4661,per_usd
1977-09-29,2.4631,per_usd
1977-09-30,2.4637,per_usd
1977-10-03,2.4564,per_usd
1977-10-04,2.457,per_usd
1977-10-05,2.454,per_usd
1977-10-06,2.451,per_usd
1977-10-07,2.445,per_usd
1977-10-11,2.4444,per_usd
1977-10-12,2.448,per_usd
1977-10-13,2.4432,per_usd
1977-10-14,2.4355,per_usd
1977-10-17,2.4284,per_usd
1977-10-18,2.4245,per_usd
1977-10-19,2.4301,per_usd
1977-10-20,2.4307,per_usd
1977-10-21,2.429,per_usd
1977-10-24,2.4272,per_usd
1977-10-25,2.4231,per_usd
1977-10-26,2.4184,per_usd
1977-10-27,2.4155,per_usd
1977-10-28,2.4155,per_usd
1977-10-31,2.401,per_usd
1977-11-01,2.3935,per_usd
1977-11-02,2.3895,per_usd
1977-11-03,2.3838,per_usd
1977-11-04,2.3981,per_usd
1977-11-07,2.401,per_usd
1977-11-09,2.3992,per_usd
1977-11-10,2.3981,per_usd
1977-11-14,2.3981,per_usd
1977-11-15,2.3901,per_usd
1977-11-16,2.3901,per_usd
1977-11-17,2.3855,per_usd
1977-11-18,2.3838,per_usd
1977-11-21,2.3781,per_usd
1977-11-22,2.3798,per_usd
1977-11-23,2.3697,per_usd
1977-11-25,2.3702,per_usd
1977-11-28,2.3697,per_usd
1977-11-29,2.3719,per_usd
1977-11-30,2.3861,per_usd
1977-12-01,2.3821,per_usd
1977-12-02,2.377,per_usd
1977-12-05,2.3669,per_usd
1977-12-06,2.3669,per_usd
1977-12-07,2.3669,per_usd
1977-12-08,2.3697,per_usd
1977-12-09,2.3697,per_usd
1977-12-12,2.3674,per_usd
1977-12-13,2.3613,per_usd
1977-12-14,2.3641,per_usd
1977-12-15,2.3607,per_usd
1977-12-16,2.3702,per_usd
1977-12-19,2.3747,per_usd
1977-12-20,2.3641,per_usd
1977-12-21,2.3641,per_usd
1977-12-22,2.3753,per_usd
1977-12-23,2.3697,per_usd
1977-12-27,2.3776,per_usd
1977-12-28,2.3753,per_usd
1977-12-29,2.3697,per_usd
1977-12-30,2.3685,per_usd
1978-01-03,2.3618,per_usd
1978-01-04,2.3496,per_usd
1978-01-05,2.3702,per_usd
1978-01-06,2.3691,per_usd
1978-01-09,2.3725,per_usd
1978-01-10,2.3736,per_usd
1978-01-11,2.3691,per_usd
1978-01-12,2.3641,per_usd
1978-01-13,2.3719,per_usd
1978-01-16,2.3669,per_usd
1978-01-17,2.3708,per_usd
1978-01-18,2.3753,per_usd
1978-01-19,2.3776,per_usd
1978-01-20,2.3776,per_usd
1978-01-23,2.3683,per_usd
1978-01-24,2.3643,per_usd
1978-01-25,2.3657,per_usd
1978-01-26,2.3669,per_usd
1978-01-27,2.3646,per_usd
1978-01-30,2.3641,per_usd
1978-01-31,2.3641,per_usd
1978-02-01,2.3641,per_usd
1978-02-02,2.3646,per_usd
1978-02-03,2.3641,per_usd
1978-02-06,2.3629,per_usd
1978-02-07,2.3629,per_usd
1978-02-08,2.3629,per_usd
1978-02-09,2.3635,per_usd
1978-02-10,2.3624,per_usd
1978-02-14,2.3624,per_usd
1978-02-15,2.3621,per_usd
1978-02-16,2.3602,per_usd
1978-02-17,2.3568,per_usd
1978-02-21,2.3529,per_usd
1978-02-22,2.354,per_usd
1978-02-23,2.3557,per_usd
1978-02-24,2.3518,per_usd
1978-02-27,2.3574,per_usd
1978-02-28,2.3579,per_usd
1978-03-01,2.3502,per_usd
1978-03-02,2.3524,per_usd
1978-03-03,2.3529,per_usd
1978-03-06,2.3518,per_usd
1978-03-07,2.354,per_usd
1978-03-08,2.3529,per_usd
1978-03-09,2.3529,per_usd
1978-03-10,2.3563,per_usd
1978-03-13,2.3674,per_usd
1978-03-14,2.3574,per_usd
1978-03-15,2.3579,per_usd
1978-03-16,2.3563,per_usd
1978-03-17,2.354,per_usd
1978-03-20,2.3552,per_usd
1978-03-21,2.3574,per_usd
1978-03-22,2.3596,per_usd
1978-03-23,2.3596,per_usd
1978-03-24,2.3602,per_usd
1978-03-27,2.3585,per_usd
1978-03-28,2.3616,per_usd
1978-03-29,2.359,per_usd
1978-03-30,2.3602,per_usd
1978-03-31,2.3618,per_usd
1978-04-03,2.3568,per_usd
1978-04-04,2.3613,per_usd
1978-04-05,2.3596,per_usd
1978-04-06,2.3607,per_usd
1978-04-07,2.3602,per_usd
1978-04-10,2.3607,per_usd
1978-04-11,2.3604,per_usd
1978-04-12,2.3599,per_usd
1978-04-13,2.3641,per_usd
1978-04-14,2.3646,per_usd
1978-04-17,2.3663,per_usd
1978-04-18,2.3832,per_usd
1978-04-19,2.3821,per_usd
1978-04-20,2.3975,per_usd
1978-04-21,2.3981,per_usd
1978-04-24,2.4108,per_usd
1978-04-25,2.4102,per_usd
1978-04-26,2.4067,per_usd
1978-04-27,2.4033,per_usd
1978-04-28,2.3906,per_usd
1978-05-01,2.3912,per_usd
1978-05-02,2.3906,per_usd
1978-05-03,2.3938,per_usd
1978-05-04,2.3866,per_usd
1978-05-05,2.3872,per_usd
1978-05-08,2.3941,per_usd
1978-05-09,2.4033,per_usd
1978-05-10,2.401,per_usd
1978-05-11,2.3998,per_usd
1978-05-12,2.4024,per_usd
1978-05-15,2.4073,per_usd
1978-05-16,2.4102,per_usd
1978-05-17,2.4184,per_usd
1978-05-18,2.4149,per_usd
1978-05-19,2.4033,per_usd
1978-05-22,2.405,per_usd
1978-05-23,2.4088,per_usd
1978-05-24,2.4091,per_usd
1978-05-25,2.4073,per_usd
1978-05-26,2.4038,per_usd
1978-05-29,2.4021,per_usd
1978-05-31,2.3912,per_usd
1978-06-01,2.3889,per_usd
1978-06-02,2.3872,per_usd
1978-06-05,2.3858,per_usd
1978-06-06,2.3901,per_usd
1978-06-07,2.3889,per_usd
1978-06-08,2.3895,per_usd
1978-06-09,2.3901,per_usd
1978-06-12,2.3906,per_usd
1978-06-13,2.3883,per_usd
1978-06-14,2.3912,per_usd
1978-06-15,2.3906,per_usd
1978-06-16,2.3929,per_usd
1978-06-19,2.3952,per_usd
1978-06-20,2.3878,per_usd
1978-06-21,2.3798,per_usd
1978-06-22,2.379,per_usd
1978-06-23,2.373,per_usd
1978-06-26,2.368,per_usd
1978-06-27,2.368,per_usd
1978-06-28,2.3669,per_usd
1978-06-29,2.3685,per_usd
1978-06-30,2.3663,per_usd
1978-07-03,2.3641,per_usd
1978-07-05,2.3579,per_usd
1978-07-06,2.361,per_usd
1978-07-07,2.3602,per_usd
1978-07-10,2.3546,per_usd
1978-07-11,2.3546,per_usd
1978-07-12,2.3641,per_usd
1978-07-13,2.3585,per_usd
1978-07-14,2.3613,per_usd
1978-07-17,2.3663,per_usd
1978-07-18,2.3663,per_usd
1978-07-19,2.366,per_usd
1978-07-20,2.3669,per_usd
1978-07-21,2.3674,per_usd
1978-07-24,2.3546,per_usd
1978-07-25,2.3524,per_usd
1978-07-26,2.3436,per_usd
1978-07-27,2.3392,per_usd
1978-07-28,2.3348,per_usd
1978-07-31,2.325,per_usd
1978-08-01,2.3159,per_usd
1978-08-02,2.3148,per_usd
1978-08-03,2.3229,per_usd
1978-08-04,2.3229,per_usd
1978-08-07,2.3162,per_usd
1978-08-08,2.3041,per_usd
1978-08-09,2.2988,per_usd
1978-08-10,2.2988,per_usd
1978-08-11,2.2878,per_usd
1978-08-14,2.2805,per_usd
1978-08-15,2.2599,per_usd
1978-08-16,2.2599,per_usd
1978-08-17,2.2936,per_usd
1978-08-18,2.2831,per_usd
1978-08-21,2.3202,per_usd
1978-08-22,2.3105,per_usd
1978-08-23,2.3175,per_usd
1978-08-24,2.3095,per_usd
1978-08-25,2.3105,per_usd
1978-08-28,2.3132,per_usd
1978-08-29,2.3175,per_usd
1978-08-30,2.3004,per_usd
1978-08-31,2.2999,per_usd
1978-09-01,2.3015,per_usd
1978-09-05,2.2904,per_usd
1978-09-06,2.2909,per_usd
1978-09-07,2.3004,per_usd
1978-09-08,2.2999,per_usd
1978-09-11,2.31,per_usd
1978-09-12,2.3068,per_usd
1978-09-13,2.3041,per_usd
1978-09-14,2.3057,per_usd
1978-09-15,2.2999,per_usd
1978-09-18,2.3,per_usd
1978-09-19,2.2497,per_usd
1978-09-20,2.2936,per_usd
1978-09-21,2.2815,per_usd
1978-09-22,2.2821,per_usd
1978-09-25,2.2821,per_usd
1978-09-26,2.3211,per_usd
1978-09-27,2.2851,per_usd
1978-09-28,2.2841,per_usd
1978-09-29,2.2815,per_usd
1978-10-02,2.2779,per_usd
1978-10-03,2.2717,per_usd
1978-10-04,2.2599,per_usd
1978-10-05,2.2571,per_usd
1978-10-06,2.2548,per_usd
1978-10-10,2.2528,per_usd
1978-10-11,2.2401,per_usd
1978-10-12,2.2262,per_usd
1978-10-13,2.2178,per_usd
1978-10-16,2.1954,per_usd
1978-10-17,2.173,per_usd
1978-10-18,2.1664,per_usd
1978-10-19,2.1617,per_usd
1978-10-20,2.1482,per_usd
1978-10-23,2.158,per_usd
1978-10-24,2.1622,per_usd
1978-10-25,2.1459,per_usd
1978-10-26,2.1258,per_usd
1978-10-27,2.129,per_usd
1978-10-30,2.1048,per_usd
1978-10-31,2.1249,per_usd
1978-11-01,2.2302,per_usd
1978-11-02,2.1901,per_usd
1978-11-03,2.1725,per_usd
1978-11-06,2.181,per_usd
1978-11-08,2.1911,per_usd
1978-11-09,2.1753,per_usd
1978-11-10,2.1848,per_usd
1978-11-13,2.1829,per_usd
1978-11-14,2.1882,per_usd
1978-11-15,2.1896,per_usd
1978-11-16,2.2041,per_usd
1978-11-17,2.2051,per_usd
1978-11-20,2.2341,per_usd
1978-11-21,2.2396,per_usd
1978-11-22,2.2242,per_usd
1978-11-24,2.2012,per_usd
1978-11-27,2.2158,per_usd
1978-11-28,2.2139,per_usd
1978-11-29,2.2099,per_usd
1978-11-30,2.208,per_usd
1978-12-01,2.2198,per_usd
1978-12-04,2.2183,per_usd
1978-12-05,2.206,per_usd
1978-12-06,2.2022,per_usd
1978-12-07,2.2017,per_usd
1978-12-08,2.2026,per_usd
1978-12-11,2.1891,per_usd
1978-12-12,2.1839,per_usd
1978-12-13,2.1906,per_usd
1978-12-14,2.1882,per_usd
1978-12-15,2.1801,per_usd
1978-12-18,2.1739,per_usd
1978-12-19,2.1782,per_usd
1978-12-20,2.1848,per_usd
1978-12-21,2.2002,per_usd
1978-12-22,2.2026,per_usd
1978-12-26,2.2026,per_usd
1978-12-27,2.2041,per_usd
1978-12-28,2.2031,per_usd
1978-12-29,2.2017,per_usd
1979-01-02,2.2031,per_usd
1979-01-03,2.2173,per_usd
1979-01-04,2.2173,per_usd
1979-01-05,2.2148,per_usd
1979-01-08,2.2104,per_usd
1979-01-09,2.2036,per_usd
1979-01-10,2.223,per_usd
1979-01-11,2.2225,per_usd
1979-01-12,2.22,per_usd
1979-01-15,2.2148,per_usd
1979-01-16,2.2178,per_usd
1979-01-17,2.2085,per_usd
1979-01-18,2.2031,per_usd
1979-01-19,2.2002,per_usd
1979-01-22,2.1973,per_usd
1979-01-23,2.2,per_usd
1979-01-24,2.1976,per_usd
1979-01-25,2.199,per_usd
1979-01-26,2.2005,per_usd
1979-01-29,2.2002,per_usd
1979-01-30,2.2031,per_usd
1979-01-31,2.2125,per_usd
1979-02-01,2.214,per_usd
1979-02-02,2.2225,per_usd
1979-02-05,2.2109,per_usd
1979-02-06,2.2041,per_usd
1979-02-07,2.1925,per_usd
1979-02-08,2.1949,per_usd
1979-02-09,2.1939,per_usd
1979-02-13,2.2002,per_usd
1979-02-14,2.1973,per_usd
1979-02-15,2.1944,per_usd
1979-02-16,2.192,per_usd
1979-02-20,2.1959,per_usd
1979-02-21,2.1973,per_usd
1979-02-22,2.196,per_usd
1979-02-23,2.195,per_usd
1979-02-26,2.191,per_usd
1979-02-27,2.188,per_usd
1979-02-28,2.191,per_usd
1979-03-01,2.19,per_usd
1979-03-02,2.1965,per_usd
1979-03-05,2.204,per_usd
1979-03-06,2.205,per_usd
1979-03-07,2.201,per_usd
1979-03-08,2.1935,per_usd
1979-03-09,2.1975,per_usd
1979-03-12,2.2015,per_usd
1979-03-13,2.205,per_usd
1979-03-14,2.205,per_usd
1979-03-15,2.2,per_usd
1979-03-16,2.2025,per_usd
1979-03-19,2.2025,per_usd
1979-03-20,2.2025,per_usd
1979-03-21,2.2025,per_usd
1979-03-22,2.2,per_usd
1979-03-23,2.2025,per_usd
1979-03-26,2.199,per_usd
1979-03-27,2.2005,per_usd
1979-03-28,2.1975,per_usd
1979-03-29,2.202,per_usd
1979-03-30,2.205,per_usd
1979-04-02,2.206,per_usd
1979-04-03,2.214,per_usd
1979-04-04,2.216,per_usd
1979-04-05,2.218,per_usd
1979-04-06,2.2215,per_usd
1979-04-09,2.2245,per_usd
1979-04-10,2.22,per_usd
1979-04-11,2.2155,per_usd
1979-04-12,2.219,per_usd
1979-04-13,2.223,per_usd
1979-04-16,2.223,per_usd
1979-04-17,2.226,per_usd
1979-04-18,2.2225,per_usd
1979-04-19,2.2175,per_usd
1979-04-20,2.224,per_usd
1979-04-23,2.226,per_usd
1979-04-24,2.225,per_usd
1979-04-25,2.224,per_usd
1979-04-26,2.2235,per_usd
1979-04-27,2.2245,per_usd
1979-04-30,2.23,per_usd
1979-05-01,2.231,per_usd
1979-05-02,2.235,per_usd
1979-05-03,2.2365,per_usd
1979-05-04,2.23,per_usd
1979-05-07,2.223,per_usd
1979-05-08,2.22,per_usd
1979-05-09,2.2195,per_usd
1979-05-10,2.2225,per_usd
1979-05-11,2.225,per_usd
1979-05-14,2.222,per_usd
1979-05-15,2.225,per_usd
1979-05-16,2.225,per_usd
1979-05-17,2.2235,per_usd
1979-05-18,2.2245,per_usd
1979-05-21,2.2275,per_usd
1979-05-22,2.2265,per_usd
1979-05-23,2.226,per_usd
1979-05-24,2.222,per_usd
1979-05-25,2.2215,per_usd
1979-05-28,2.225,per_usd
1979-05-29,2.228,per_usd
1979-05-31,2.2215,per_usd
1979-06-01,2.224,per_usd
1979-06-04,2.225,per_usd
1979-06-05,2.222,per_usd
1979-06-06,2.225,per_usd
1979-06-07,2.2225,per_usd
1979-06-08,2.22,per_usd
1979-06-11,2.2145,per_usd
1979-06-12,2.214,per_usd
1979-06-13,2.209,per_usd
1979-06-14,2.2035,per_usd
1979-06-15,2.197,per_usd
1979-06-18,2.196,per_usd
1979-06-19,2.192,per_usd
1979-06-20,2.187,per_usd
1979-06-21,2.1875,per_usd
1979-06-22,2.178,per_usd
1979-06-25,2.1685,per_usd
1979-06-26,2.1685,per_usd
1979-06-27,2.1775,per_usd
1979-06-28,2.1785,per_usd
1979-06-29,2.174,per_usd
1979-07-02,2.1725,per_usd
1979-07-03,2.175,per_usd
1979-07-05,2.159,per_usd
1979-07-06,2.1645,per_usd
1979-07-09,2.1645,per_usd
1979-07-10,2.165,per_usd
1979-07-11,2.162,per_usd
1979-07-12,2.163,per_usd
1979-07-13,2.16,per_usd
1979-07-16,2.1565,per_usd
1979-07-17,2.15,per_usd
1979-07-18,2.13,per_usd
1979-07-19,2.137,per_usd
1979-07-20,2.15,per_usd
1979-07-23,2.14,per_usd
1979-07-24,2.1365,per_usd
1979-07-25,2.145,per_usd
1979-07-26,2.143,per_usd
1979-07-27,2.1445,per_usd
1979-07-30,2.158,per_usd
1979-07-31,2.1625,per_usd
1979-08-01,2.153,per_usd
1979-08-02,2.154,per_usd
1979-08-03,2.1565,per_usd
1979-08-06,2.157,per_usd
1979-08-07,2.157,per_usd
1979-08-08,2.16,per_usd
1979-08-09,2.155,per_usd
1979-08-10,2.151,per_usd
1979-08-13,2.1525,per_usd
1979-08-14,2.156,per_usd
1979-08-15,2.154,per_usd
1979-08-16,2.156,per_usd
1979-08-17,2.16,per_usd
1979-08-20,2.1575,per_usd
1979-08-21,2.1575,per_usd
1979-08-22,2.1605,per_usd
1979-08-23,2.158,per_usd
1979-08-24,2.1565,per_usd
1979-08-27,2.1585,per_usd
1979-08-28,2.1605,per_usd
1979-08-29,2.1635,per_usd
1979-08-30,2.156,per_usd
1979-08-31,2.158,per_usd
1979-09-04,2.1555,per_usd
1979-09-05,2.1535,per_usd
1979-09-06,2.153,per_usd
1979-09-07,2.153,per_usd
1979-09-10,2.151,per_usd
1979-09-11,2.1555,per_usd
1979-09-12,2.156,per_usd
1979-09-13,2.162,per_usd
1979-09-14,2.1605,per_usd
1979-09-17,2.166,per_usd
1979-09-18,2.1625,per_usd
1979-09-19,2.1635,per_usd
1979-09-20,2.149,per_usd
1979-09-21,2.154,per_usd
1979-09-24,2.1575,per_usd
1979-09-25,2.1565,per_usd
1979-09-26,2.158,per_usd
1979-09-27,2.1475,per_usd
1979-09-28,2.1495,per_usd
1979-10-01,2.15,per_usd
1979-10-02,2.149,per_usd
1979-10-03,2.151,per_usd
1979-10-04,2.151,per_usd
1979-10-05,2.1495,per_usd
1979-10-09,2.164,per_usd
1979-10-10,2.16,per_usd
1979-10-11,2.162,per_usd
1979-10-12,2.162,per_usd
1979-10-15,2.165,per_usd
1979-10-16,2.173,per_usd
1979-10-17,2.174,per_usd
1979-10-18,2.174,per_usd
1979-10-19,2.173,per_usd
1979-10-22,2.176,per_usd
1979-10-23,2.184,per_usd
1979-10-24,2.186,per_usd
1979-10-25,2.1835,per_usd
1979-10-26,2.19,per_usd
1979-10-29,2.1855,per_usd
1979-10-30,2.1995,per_usd
1979-10-31,2.19,per_usd
1979-11-01,2.191,per_usd
1979-11-02,2.176,per_usd
1979-11-05,2.191,per_usd
1979-11-07,2.1915,per_usd
1979-11-08,2.1925,per_usd
1979-11-09,2.187,per_usd
1979-11-13,2.201,per_usd
1979-11-14,2.2,per_usd
1979-11-15,2.1955,per_usd
1979-11-16,2.1925,per_usd
1979-11-19,2.187,per_usd
1979-11-20,2.191,per_usd
1979-11-21,2.187,per_usd
1979-11-23,2.191,per_usd
1979-11-26,2.187,per_usd
1979-11-27,2.187,per_usd
1979-11-28,2.1895,per_usd
1979-11-29,2.182,per_usd
1979-11-30,2.192,per_usd
1979-12-03,2.1665,per_usd
1979-12-04,2.177,per_usd
1979-12-05,2.1795,per_usd
1979-12-06,2.179,per_usd
1979-12-07,2.179,per_usd
1979-12-10,2.178,per_usd
1979-12-11,2.175,per_usd
1979-12-12,2.177,per_usd
1979-12-13,2.175,per_usd
1979-12-14,2.1795,per_usd
1979-12-17,2.178,per_usd
1979-12-18,2.18,per_usd
1979-12-19,2.181,per_usd
1979-12-20,2.175,per_usd
1979-12-21,2.19,per_usd
1979-12-24,2.179,per_usd
1979-12-26,2.179,per_usd
1979-12-27,2.1665,per_usd
1979-12-28,2.162,per_usd
1979-12-31,2.188,per_usd
1980-01-02,2.177,per_usd
1980-01-03,2.1725,per_usd
1980-01-04,2.1755,per_usd
1980-01-07,2.171,per_usd
1980-01-08,2.1735,per_usd
1980-01-09,2.175,per_usd
1980-01-10,2.1775,per_usd
1980-01-11,2.182,per_usd
1980-01-14,2.178,per_usd
1980-01-15,2.183,per_usd
1980-01-16,2.175,per_usd
1980-01-17,2.18,per_usd
1980-01-18,2.18,per_usd
1980-01-21,2.181,per_usd
1980-01-22,2.1825,per_usd
1980-01-23,2.185,per_usd
1980-01-24,2.1855,per_usd
1980-01-25,2.187,per_usd
1980-01-28,2.19,per_usd
1980-01-29,2.186,per_usd
1980-01-30,2.183,per_usd
1980-01-31,2.184,per_usd
1980-02-01,2.185,per_usd
1980-02-04,2.184,per_usd
1980-02-05,2.181,per_usd
1980-02-06,2.177,per_usd
1980-02-07,2.1755,per_usd
1980-02-08,2.1745,per_usd
1980-02-11,2.1715,per_usd
1980-02-13,2.173,per_usd
1980-02-14,2.1715,per_usd
1980-02-15,2.1725,per_usd
1980-02-19,2.183,per_usd
1980-02-20,2.1785,per_usd
1980-02-21,2.178,per_usd
1980-02-22,2.18,per_usd
1980-02-25,2.185,per_usd
1980-02-26,2.184,per_usd
1980-02-27,2.1805,per_usd
1980-02-28,2.1785,per_usd
1980-02-29,2.1855,per_usd
1980-03-03,2.1875,per_usd
1980-03-04,2.1885,per_usd
1980-03-05,2.191,per_usd
1980-03-06,2.197,per_usd
1980-03-07,2.1948,per_usd
1980-03-10,2.202,per_usd
1980-03-11,2.2065,per_usd
1980-03-12,2.205,per_usd
1980-03-13,2.2105,per_usd
1980-03-14,2.2185,per_usd
1980-03-17,2.236,per_usd
1980-03-18,2.2385,per_usd
1980-03-19,2.225,per_usd
1980-03-20,2.231,per_usd
1980-03-21,2.228,per_usd
1980-03-24,2.246,per_usd
1980-03-25,2.25,per_usd
1980-03-26,2.252,per_usd
1980-03-27,2.26,per_usd
1980-03-28,2.2675,per_usd
1980-03-31,2.2835,per_usd
1980-04-01,2.317,per_usd
1980-04-02,2.3115,per_usd
1980-04-03,2.31,per_usd
1980-04-04,2.311,per_usd
1980-04-07,2.328,per_usd
1980-04-08,2.313,per_usd
1980-04-09,2.282,per_usd
1980-04-10,2.27,per_usd
1980-04-11,2.28,per_usd
1980-04-14,2.2765,per_usd
1980-04-15,2.2915,per_usd
1980-04-16,2.2915,per_usd
1980-04-17,2.282,per_usd
1980-04-18,2.2925,per_usd
1980-04-21,2.2845,per_usd
1980-04-22,2.286,per_usd
1980-04-23,2.2675,per_usd
1980-04-24,2.2625,per_usd
1980-04-25,2.25,per_usd
1980-04-28,2.24,per_usd
1980-04-29,2.237,per_usd
1980-04-30,2.231,per_usd
1980-05-01,2.232,per_usd
1980-05-02,2.2325,per_usd
1980-05-05,2.224,per_usd
1980-05-06,2.2145,per_usd
1980-05-07,2.198,per_usd
1980-05-08,2.203,per_usd
1980-05-09,2.2065,per_usd
1980-05-12,2.194,per_usd
1980-05-13,2.186,per_usd
1980-05-14,2.177,per_usd
1980-05-15,2.178,per_usd
1980-05-16,2.176,per_usd
1980-05-19,2.185,per_usd
1980-05-20,2.187,per_usd
1980-05-21,2.1715,per_usd
1980-05-22,2.187,per_usd
1980-05-23,2.1625,per_usd
1980-05-27,2.164,per_usd
1980-05-28,2.158,per_usd
1980-05-29,2.1645,per_usd
1980-05-30,2.165,per_usd
1980-06-02,2.166,per_usd
1980-06-03,2.162,per_usd
1980-06-04,2.158,per_usd
1980-06-05,2.1545,per_usd
1980-06-06,2.15,per_usd
1980-06-09,2.144,per_usd
1980-06-10,2.1365,per_usd
1980-06-11,2.14,per_usd
1980-06-12,2.139,per_usd
1980-06-13,2.1275,per_usd
1980-06-16,2.138,per_usd
1980-06-17,2.1405,per_usd
1980-06-18,2.14,per_usd
1980-06-19,2.139,per_usd
1980-06-20,2.139,per_usd
1980-06-23,2.138,per_usd
1980-06-24,2.143,per_usd
1980-06-25,2.148,per_usd
1980-06-26,2.1495,per_usd
1980-06-27,2.146,per_usd
1980-06-30,2.142,per_usd
1980-07-01,2.1443,per_usd
1980-07-02,2.141,per_usd
1980-07-03,2.144,per_usd
1980-07-07,2.138,per_usd
1980-07-08,2.136,per_usd
1980-07-09,2.137,per_usd
1980-07-10,2.138,per_usd
1980-07-11,2.138,per_usd
1980-07-14,2.1415,per_usd
1980-07-15,2.144,per_usd
1980-07-16,2.1425,per_usd
1980-07-17,2.1395,per_usd
1980-07-18,2.146,per_usd
1980-07-21,2.1415,per_usd
1980-07-22,2.142,per_usd
1980-07-23,2.1425,per_usd
1980-07-24,2.141,per_usd
1980-07-25,2.142,per_usd
1980-07-28,2.146,per_usd
1980-07-29,2.1505,per_usd
1980-07-30,2.1565,per_usd
1980-07-31,2.16,per_usd
1980-08-01,2.169,per_usd
1980-08-04,2.151,per_usd
1980-08-05,2.155,per_usd
1980-08-06,2.15,per_usd
1980-08-07,2.1535,per_usd
1980-08-08,2.155,per_usd
1980-08-11,2.15,per_usd
1980-08-12,2.148,per_usd
1980-08-13,2.149,per_usd
1980-08-14,2.1485,per_usd
1980-08-15,2.144,per_usd
1980-08-18,2.1535,per_usd
1980-08-19,2.1545,per_usd
1980-08-20,2.1515,per_usd
1980-08-21,2.1525,per_usd
1980-08-22,2.151,per_usd
1980-08-25,2.153,per_usd
1980-08-26,2.1502,per_usd
1980-08-27,2.1455,per_usd
1980-08-28,2.149,per_usd
1980-08-29,2.143,per_usd
1980-09-02,2.134,per_usd
1980-09-03,2.133,per_usd
1980-09-04,2.127,per_usd
1980-09-05,2.1275,per_usd
1980-09-08,2.121,per_usd
1980-09-09,2.1195,per_usd
1980-09-10,2.118,per_usd
1980-09-11,2.111,per_usd
1980-09-12,2.111,per_usd
1980-09-15,2.1115,per_usd
1980-09-16,2.1135,per_usd
1980-09-17,2.111,per_usd
1980-09-18,2.117,per_usd
1980-09-19,2.111,per_usd
1980-09-22,2.125,per_usd
1980-09-23,2.129,per_usd
1980-09-24,2.124,per_usd
1980-09-25,2.125,per_usd
1980-09-26,2.1285,per_usd
1980-09-29,2.133,per_usd
1980-09-30,2.131,per_usd
1980-10-01,2.1265,per_usd
1980-10-02,2.1265,per_usd
1980-10-03,2.1315,per_usd
1980-10-06,2.1255,per_usd
1980-10-07,2.13,per_usd
1980-10-08,2.1235,per_usd
1980-10-09,2.123,per_usd
1980-10-10,2.115,per_usd
1980-10-14,2.122,per_usd
1980-10-15,2.124,per_usd
1980-10-16,2.1225,per_usd
1980-10-17,2.127,per_usd
1980-10-20,2.13,per_usd
1980-10-21,2.1325,per_usd
1980-10-22,2.1315,per_usd
1980-10-23,2.134,per_usd
1980-10-24,2.141,per_usd
1980-10-27,2.151,per_usd
1980-10-28,2.154,per_usd
1980-10-29,2.146,per_usd
1980-10-30,2.143,per_usd
1980-10-31,2.147,per_usd
1980-11-03,2.15,per_usd
1980-11-05,2.1555,per_usd
1980-11-06,2.155,per_usd
1980-11-07,2.158,per_usd
1980-11-10,2.143,per_usd
1980-11-12,2.1545,per_usd
1980-11-13,2.1545,per_usd
1980-11-14,2.158,per_usd
1980-11-17,2.1715,per_usd
1980-11-18,2.167,per_usd
1980-11-19,2.166,per_usd
1980-11-20,2.1675,per_usd
1980-11-21,2.173,per_usd
1980-11-24,2.179,per_usd
1980-11-25,2.179,per_usd
1980-11-26,2.1865,per_usd
1980-11-28,2.1905,per_usd
1980-12-01,2.1995,per_usd
1980-12-02,2.2015,per_usd
1980-12-03,2.199,per_usd
1980-12-04,2.1965,per_usd
1980-12-05,2.199,per_usd
1980-12-08,2.198,per_usd
1980-12-09,2.204,per_usd
1980-12-10,2.211,per_usd
1980-12-11,2.212,per_usd
1980-12-12,2.219,per_usd
1980-12-15,2.206,per_usd
1980-12-16,2.2215,per_usd
1980-12-17,2.2095,per_usd
1980-12-18,2.215,per_usd
1980-12-19,2.215,per_usd
1980-12-22,2.2025,per_usd
1980-12-23,2.195,per_usd
1980-12-24,2.195,per_usd
1980-12-26,2.202,per_usd
1980-12-29,2.115,per_usd
1980-12-30,2.22,per_usd
1980-12-31,2.22,per_usd
1981-01-02,2.217,per_usd
1981-01-05,2.215,per_usd
1981-01-06,2.2085,per_usd
1981-01-07,2.2105,per_usd
1981-01-08,2.214,per_usd
1981-01-09,2.223,per_usd
1981-01-12,2.227,per_usd
1981-01-13,2.2375,per_usd
1981-01-14,2.2265,per_usd
1981-01-15,2.228,per_usd
1981-01-16,2.224,per_usd
1981-01-19,2.221,per_usd
1981-01-20,2.2225,per_usd
1981-01-21,2.217,per_usd
1981-01-22,2.227,per_usd
1981-01-23,2.2285,per_usd
1981-01-26,2.228,per_usd
1981-01-27,2.221,per_usd
1981-01-28,2.2155,per_usd
1981-01-29,2.223,per_usd
1981-01-30,2.239,per_usd
1981-02-02,2.233,per_usd
1981-02-03,2.24,per_usd
1981-02-04,2.231,per_usd
1981-02-05,2.235,per_usd
1981-02-06,2.235,per_usd
1981-02-09,2.2395,per_usd
1981-02-10,2.244,per_usd
1981-02-11,2.2415,per_usd
1981-02-13,2.278,per_usd
1981-02-17,2.28,per_usd
1981-02-18,2.276,per_usd
1981-02-19,2.28,per_usd
1981-02-20,2.266,per_usd
1981-02-23,2.2825,per_usd
1981-02-24,2.2825,per_usd
1981-02-25,2.291,per_usd
1981-02-26,2.2945,per_usd
1981-02-27,2.303,per_usd
1981-03-02,2.316,per_usd
1981-03-03,2.313,per_usd
1981-03-04,2.3025,per_usd
1981-03-05,2.305,per_usd
1981-03-06,2.2995,per_usd
1981-03-09,2.285,per_usd
1981-03-10,2.272,per_usd
1981-03-11,2.265,per_usd
1981-03-12,2.2665,per_usd
1981-03-13,2.266,per_usd
1981-03-16,2.264,per_usd
1981-03-17,2.27,per_usd
1981-03-18,2.261,per_usd
1981-03-19,2.2545,per_usd
1981-03-20,2.267,per_usd
1981-03-23,2.281,per_usd
1981-03-24,2.28,per_usd
1981-03-25,2.2805,per_usd
1981-03-26,2.291,per_usd
1981-03-27,2.288,per_usd
1981-03-30,2.287,per_usd
1981-03-31,2.282,per_usd
1981-04-01,2.282,per_usd
1981-04-02,2.289,per_usd
1981-04-03,2.293,per_usd
1981-04-06,2.306,per_usd
1981-04-07,2.304,per_usd
1981-04-08,2.307,per_usd
1981-04-09,2.305,per_usd
1981-04-10,2.307,per_usd
1981-04-13,2.318,per_usd
1981-04-14,2.317,per_usd
1981-04-15,2.326,per_usd
1981-04-16,2.3265,per_usd
1981-04-17,2.335,per_usd
1981-04-20,2.35,per_usd
1981-04-21,2.349,per_usd
1981-04-22,2.335,per_usd
1981-04-23,2.329,per_usd
1981-04-24,2.32,per_usd
1981-04-27,2.3055,per_usd
1981-04-28,2.3105,per_usd
1981-04-29,2.3165,per_usd
1981-04-30,2.319,per_usd
1981-05-01,2.324,per_usd
1981-05-04,2.331,per_usd
1981-05-05,2.341,per_usd
1981-05-06,2.3285,per_usd
1981-05-07,2.3365,per_usd
1981-05-08,2.321,per_usd
1981-05-11,2.328,per_usd
1981-05-12,2.336,per_usd
1981-05-13,2.339,per_usd
1981-05-14,2.347,per_usd
1981-05-15,2.3395,per_usd
1981-05-18,2.335,per_usd
1981-05-19,2.345,per_usd
1981-05-20,2.336,per_usd
1981-05-21,2.341,per_usd
1981-05-22,2.349,per_usd
1981-05-26,2.3525,per_usd
1981-05-27,2.353,per_usd
1981-05-28,2.3495,per_usd
1981-05-29,2.3495,per_usd
1981-06-01,2.3485,per_usd
1981-06-02,2.353,per_usd
1981-06-03,2.355,per_usd
1981-06-04,2.367,per_usd
1981-06-05,2.369,per_usd
1981-06-08,2.371,per_usd
1981-06-09,2.372,per_usd
1981-06-10,2.3595,per_usd
1981-06-11,2.363,per_usd
1981-06-12,2.361,per_usd
1981-06-15,2.335,per_usd
1981-06-16,2.3325,per_usd
1981-06-17,2.332,per_usd
1981-06-18,2.331,per_usd
1981-06-19,2.3285,per_usd
1981-06-22,2.321,per_usd
1981-06-23,2.31,per_usd
1981-06-24,2.315,per_usd
1981-06-25,2.3195,per_usd
1981-06-26,2.322,per_usd
1981-06-29,2.318,per_usd
1981-06-30,2.3182,per_usd
1981-07-01,2.327,per_usd
1981-07-02,2.338,per_usd
1981-07-03,2.343,per_usd
1981-07-06,2.3505,per_usd
1981-07-07,2.343,per_usd
1981-07-08,2.348,per_usd
1981-07-09,2.351,per_usd
1981-07-10,2.3435,per_usd
1981-07-13,2.3395,per_usd
1981-07-14,2.3485,per_usd
1981-07-15,2.342,per_usd
1981-07-16,2.346,per_usd
1981-07-17,2.351,per_usd
1981-07-20,2.352,per_usd
1981-07-21,2.365,per_usd
1981-07-22,2.364,per_usd
1981-07-23,2.3625,per_usd
1981-07-24,2.364,per_usd
1981-07-27,2.366,per_usd
1981-07-28,2.363,per_usd
1981-07-29,2.363,per_usd
1981-07-30,2.364,per_usd
1981-07-31,2.36,per_usd
1981-08-03,2.385,per_usd
1981-08-04,2.38,per_usd
1981-08-05,2.376,per_usd
1981-08-06,2.378,per_usd
1981-08-07,2.377,per_usd
1981-08-10,2.3885,per_usd
1981-08-11,2.383,per_usd
1981-08-12,2.372,per_usd
1981-08-13,2.368,per_usd
1981-08-14,2.376,per_usd
1981-08-17,2.37,per_usd
1981-08-18,2.3755,per_usd
1981-08-19,2.378,per_usd
1981-08-20,2.369,per_usd
1981-08-21,2.364,per_usd
1981-08-24,2.376,per_usd
1981-08-25,2.38,per_usd
1981-08-26,2.368,per_usd
1981-08-27,2.368,per_usd
1981-08-28,2.365,per_usd
1981-08-31,2.3625,per_usd
1981-09-01,2.371,per_usd
1981-09-02,2.365,per_usd
1981-09-03,2.363,per_usd
1981-09-04,2.3675,per_usd
1981-09-08,2.371,per_usd
1981-09-09,2.375,per_usd
1981-09-10,2.372,per_usd
1981-09-11,2.371,per_usd
1981-09-14,2.368,per_usd
1981-09-15,2.366,per_usd
1981-09-16,2.362,per_usd
1981-09-17,2.357,per_usd
1981-09-18,2.35,per_usd
1981-09-21,2.333,per_usd
1981-09-22,2.335,per_usd
1981-09-23,2.33,per_usd
1981-09-24,2.334,per_usd
1981-09-25,2.325,per_usd
1981-09-28,2.3275,per_usd
1981-09-29,2.32,per_usd
1981-09-30,2.321,per_usd
1981-10-01,2.3275,per_usd
1981-10-02,2.319,per_usd
1981-10-05,2.319,per_usd
1981-10-06,2.3185,per_usd
1981-10-07,2.313,per_usd
1981-10-08,2.31,per_usd
1981-10-09,2.2995,per_usd
1981-10-13,2.283,per_usd
1981-10-14,2.2845,per_usd
1981-10-15,2.279,per_usd
1981-10-16,2.287,per_usd
1981-10-19,2.285,per_usd
1981-10-20,2.2855,per_usd
1981-10-21,2.297,per_usd
1981-10-22,2.2955,per_usd
1981-10-23,2.293,per_usd
1981-10-26,2.298,per_usd
1981-10-27,2.307,per_usd
1981-10-28,2.297,per_usd
1981-10-29,2.298,per_usd
1981-10-30,2.282,per_usd
1981-11-02,2.281,per_usd
1981-11-04,2.2795,per_usd
1981-11-05,2.281,per_usd
1981-11-06,2.273,per_usd
1981-11-09,2.269,per_usd
1981-11-10,2.268,per_usd
1981-11-12,2.253,per_usd
1981-11-13,2.247,per_usd
1981-11-16,2.252,per_usd
1981-11-17,2.252,per_usd
1981-11-18,2.25,per_usd
1981-11-19,2.237,per_usd
1981-11-20,2.238,per_usd
1981-11-23,2.248,per_usd
1981-11-24,2.245,per_usd
1981-11-25,2.2475,per_usd
1981-11-27,2.247,per_usd
1981-11-30,2.2445,per_usd
1981-12-01,2.2455,per_usd
1981-12-02,2.246,per_usd
1981-12-03,2.245,per_usd
1981-12-04,2.242,per_usd
1981-12-07,2.243,per_usd
1981-12-08,2.244,per_usd
1981-12-09,2.241,per_usd
1981-12-10,2.243,per_usd
1981-12-11,2.241,per_usd
1981-12-14,2.262,per_usd
1981-12-15,2.257,per_usd
1981-12-16,2.252,per_usd
1981-12-17,2.252,per_usd
1981-12-18,2.253,per_usd
1981-12-21,2.259,per_usd
1981-12-22,2.25,per_usd
1981-12-23,2.255,per_usd
1981-12-24,2.248,per_usd
1981-12-28,2.242,per_usd
1981-12-29,2.244,per_usd
1981-12-30,2.244,per_usd
1981-12-31,2.242,per_usd
1982-01-04,2.242,per_usd
1982-01-05,2.247,per_usd
1982-01-06,2.2415,per_usd
1982-01-07,2.2415,per_usd
1982-01-08,2.2415,per_usd
1982-01-11,2.243,per_usd
1982-01-12,2.248,per_usd
1982-01-13,2.248,per_usd
1982-01-14,2.253,per_usd
1982-01-15,2.2545,per_usd
1982-01-18,2.267,per_usd
1982-01-19,2.256,per_usd
1982-01-20,2.2645,per_usd
1982-01-21,2.268,per_usd
1982-01-22,2.265,per_usd
1982-01-25,2.276,per_usd
1982-01-26,2.27,per_usd
1982-01-27,2.271,per_usd
1982-01-28,2.277,per_usd
1982-01-29,2.276,per_usd
1982-02-01,2.282,per_usd
1982-02-02,2.296,per_usd
1982-02-03,2.3,per_usd
1982-02-04,2.301,per_usd
1982-02-05,2.303,per_usd
1982-02-08,2.3095,per_usd
1982-02-09,2.323,per_usd
1982-02-10,2.32,per_usd
1982-02-11,2.317,per_usd
1982-02-16,2.334,per_usd
1982-02-17,2.334,per_usd
1982-02-18,2.327,per_usd
1982-02-19,2.314,per_usd
1982-02-22,2.303,per_usd
1982-02-23,2.302,per_usd
1982-02-24,2.306,per_usd
1982-02-25,2.308,per_usd
1982-02-26,2.312,per_usd
1982-03-01,2.32,per_usd
1982-03-02,2.317,per_usd
1982-03-03,2.318,per_usd
1982-03-04,2.317,per_usd
1982-03-05,2.3055,per_usd
1982-03-08,2.304,per_usd
1982-03-09,2.322,per_usd
1982-03-10,2.3195,per_usd
1982-03-11,2.329,per_usd
1982-03-12,2.335,per_usd
1982-03-15,2.324,per_usd
1982-03-16,2.326,per_usd
1982-03-17,2.328,per_usd
1982-03-18,2.326,per_usd
1982-03-19,2.336,per_usd
1982-03-22,2.334,per_usd
1982-03-23,2.334,per_usd
1982-03-24,2.331,per_usd
1982-03-25,2.3355,per_usd
1982-03-26,2.336,per_usd
1982-03-29,2.3365,per_usd
1982-03-30,2.337,per_usd
1982-03-31,2.339,per_usd
1982-04-01,2.335,per_usd
1982-04-02,2.334,per_usd
1982-04-05,2.339,per_usd
1982-04-06,2.345,per_usd
1982-04-07,2.345,per_usd
1982-04-08,2.3515,per_usd
1982-04-09,2.3515,per_usd
1982-04-12,2.349,per_usd
1982-04-13,2.3505,per_usd
1982-04-14,2.35,per_usd
1982-04-15,2.3545,per_usd
1982-04-16,2.3625,per_usd
1982-04-19,2.357,per_usd
1982-04-20,2.3405,per_usd
1982-04-21,2.336,per_usd
1982-04-22,2.341,per_usd
1982-04-23,2.344,per_usd
1982-04-26,2.323,per_usd
1982-04-27,2.326,per_usd
1982-04-28,2.319,per_usd
1982-04-29,2.314,per_usd
1982-04-30,2.302,per_usd
1982-05-03,2.3045,per_usd
1982-05-04,2.308,per_usd
1982-05-05,2.3,per_usd
1982-05-06,2.29,per_usd
1982-05-07,2.279,per_usd
1982-05-10,2.282,per_usd
1982-05-11,2.286,per_usd
1982-05-12,2.282,per_usd
1982-05-13,2.296,per_usd
1982-05-14,2.301,per_usd
1982-05-17,2.29,per_usd
1982-05-18,2.3,per_usd
1982-05-19,2.304,per_usd
1982-05-20,2.29,per_usd
1982-05-21,2.275,per_usd
1982-05-24,2.278,per_usd
1982-05-25,2.283,per_usd
1982-05-26,2.2855,per_usd
1982-05-27,2.2895,per_usd
1982-05-28,2.29,per_usd
1982-06-01,2.304,per_usd
1982-06-02,2.31,per_usd
1982-06-03,2.3015,per_usd
1982-06-04,2.3025,per_usd
1982-06-07,2.315,per_usd
1982-06-08,2.318,per_usd
1982-06-09,2.32,per_usd
1982-06-10,2.325,per_usd
1982-06-11,2.318,per_usd
1982-06-14,2.328,per_usd
1982-06-15,2.3315,per_usd
1982-06-16,2.341,per_usd
1982-06-17,2.353,per_usd
1982-06-18,2.363,per_usd
1982-06-21,2.374,per_usd
1982-06-22,2.363,per_usd
1982-06-23,2.371,per_usd
1982-06-24,2.3575,per_usd
1982-06-25,2.369,per_usd
1982-06-28,2.37,per_usd
1982-06-29,2.366,per_usd
1982-06-30,2.362,per_usd
1982-07-01,2.367,per_usd
1982-07-02,2.362,per_usd
1982-07-06,2.363,per_usd
1982-07-07,2.3705,per_usd
1982-07-08,2.372,per_usd
1982-07-09,2.365,per_usd
1982-07-12,2.357,per_usd
1982-07-13,2.3635,per_usd
1982-07-14,2.364,per_usd
1982-07-15,2.363,per_usd
1982-07-16,2.361,per_usd
1982-07-19,2.351,per_usd
1982-07-20,2.352,per_usd
1982-07-21,2.345,per_usd
1982-07-22,2.343,per_usd
1982-07-23,2.332,per_usd
1982-07-26,2.33,per_usd
1982-07-27,2.3495,per_usd
1982-07-28,2.351,per_usd
1982-07-29,2.35,per_usd
1982-07-30,2.353,per_usd
1982-08-02,2.3425,per_usd
1982-08-03,2.353,per_usd
1982-08-04,2.364,per_usd
1982-08-05,2.361,per_usd
1982-08-06,2.364,per_usd
1982-08-09,2.372,per_usd
1982-08-10,2.364,per_usd
1982-08-11,2.367,per_usd
1982-08-12,2.369,per_usd
1982-08-13,2.363,per_usd
1982-08-16,2.372,per_usd
1982-08-17,2.366,per_usd
1982-08-18,2.342,per_usd
1982-08-19,2.347,per_usd
1982-08-20,2.337,per_usd
1982-08-23,2.336,per_usd
1982-08-24,2.33,per_usd
1982-08-25,2.334,per_usd
1982-08-26,2.338,per_usd
1982-08-27,2.344,per_usd
1982-08-30,2.351,per_usd
1982-08-31,2.346,per_usd
1982-09-01,2.347,per_usd
1982-09-02,2.347,per_usd
1982-09-03,2.3465,per_usd
1982-09-07,2.35,per_usd
1982-09-08,2.354,per_usd
1982-09-09,2.355,per_usd
1982-09-10,2.36,per_usd
1982-09-13,2.362,per_usd
1982-09-14,2.359,per_usd
1982-09-15,2.362,per_usd
1982-09-16,2.361,per_usd
1982-09-17,2.362,per_usd
1982-09-20,2.3595,per_usd
1982-09-21,2.363,per_usd
1982-09-22,2.362,per_usd
1982-09-23,2.362,per_usd
1982-09-24,2.366,per_usd
1982-09-27,2.372,per_usd
1982-09-28,2.377,per_usd
1982-09-29,2.373,per_usd
1982-09-30,2.3815,per_usd
1982-10-01,2.376,per_usd
1982-10-04,2.382,per_usd
1982-10-05,2.372,per_usd
1982-10-06,2.376,per_usd
1982-10-07,2.366,per_usd
1982-10-08,2.362,per_usd
1982-10-12,2.361,per_usd
1982-10-13,2.365,per_usd
1982-10-14,2.361,per_usd
1982-10-15,2.368,per_usd
1982-10-18,2.363,per_usd
1982-10-19,2.3715,per_usd
1982-10-20,2.372,per_usd
1982-10-21,2.373,per_usd
1982-10-22,2.371,per_usd
1982-10-25,2.374,per_usd
1982-10-26,2.374,per_usd
1982-10-27,2.372,per_usd
1982-10-28,2.358,per_usd
1982-10-29,2.359,per_usd
1982-11-01,2.362,per_usd
1982-11-03,2.361,per_usd
1982-11-04,2.365,per_usd
1982-11-05,2.3665,per_usd
1982-11-08,2.367,per_usd
1982-11-09,2.364,per_usd
1982-11-10,2.359,per_usd
1982-11-12,2.371,per_usd
1982-11-15,2.3675,per_usd
1982-11-16,2.368,per_usd
1982-11-17,2.362,per_usd
1982-11-18,2.364,per_usd
1982-11-19,2.363,per_usd
1982-11-22,2.3645,per_usd
1982-11-23,2.367,per_usd
1982-11-24,2.365,per_usd
1982-11-26,2.3655,per_usd
1982-11-29,2.364,per_usd
1982-11-30,2.364,per_usd
1982-12-01,2.363,per_usd
1982-12-02,2.3635,per_usd
1982-12-03,2.3655,per_usd
1982-12-06,2.366,per_usd
1982-12-07,2.363,per_usd
1982-12-08,2.362,per_usd
1982-12-09,2.365,per_usd
1982-12-10,2.362,per_usd
1982-12-13,2.366,per_usd
1982-12-14,2.365,per_usd
1982-12-15,2.3645,per_usd
1982-12-16,2.356,per_usd
1982-12-17,2.35,per_usd
1982-12-20,2.3595,per_usd
1982-12-21,2.359,per_usd
1982-12-22,2.346,per_usd
1982-12-23,2.3475,per_usd
1982-12-24,2.3475,per_usd
1982-12-27,2.342,per_usd
1982-12-28,2.33,per_usd
1982-12-29,2.327,per_usd
1982-12-30,2.324,per_usd
1982-12-31,2.3225,per_usd
1983-01-03,2.308,per_usd
1983-01-04,2.297,per_usd
1983-01-05,2.296,per_usd
1983-01-06,2.293,per_usd
1983-01-07,2.294,per_usd
1983-01-10,2.275,per_usd
1983-01-11,2.277,per_usd
1983-01-12,2.2755,per_usd
1983-01-13,2.272,per_usd
1983-01-14,2.272,per_usd
1983-01-17,2.272,per_usd
1983-01-18,2.274,per_usd
1983-01-19,2.276,per_usd
1983-01-20,2.274,per_usd
1983-01-21,2.276,per_usd
1983-01-24,2.287,per_usd
1983-01-25,2.287,per_usd
1983-01-26,2.282,per_usd
1983-01-27,2.283,per_usd
1983-01-28,2.278,per_usd
1983-01-31,2.277,per_usd
1983-02-01,2.285,per_usd
1983-02-02,2.3,per_usd
1983-02-03,2.293,per_usd
1983-02-04,2.295,per_usd
1983-02-07,2.2945,per_usd
1983-02-08,2.283,per_usd
1983-02-09,2.275,per_usd
1983-02-10,2.272,per_usd
1983-02-11,2.266,per_usd
1983-02-14,2.27,per_usd
1983-02-15,2.2575,per_usd
1983-02-16,2.26,per_usd
1983-02-17,2.2655,per_usd
1983-02-18,2.2655,per_usd
1983-02-22,2.2625,per_usd
1983-02-23,2.279,per_usd
1983-02-24,2.271,per_usd
1983-02-25,2.268,per_usd
1983-02-28,2.275,per_usd
1983-03-01,2.277,per_usd
1983-03-02,2.279,per_usd
1983-03-03,2.2795,per_usd
1983-03-04,2.2755,per_usd
1983-03-07,2.2785,per_usd
1983-03-08,2.289,per_usd
1983-03-09,2.287,per_usd
1983-03-10,2.284,per_usd
1983-03-11,2.284,per_usd
1983-03-14,2.28,per_usd
1983-03-15,2.282,per_usd
1983-03-16,2.2865,per_usd
1983-03-17,2.2885,per_usd
1983-03-18,2.293,per_usd
1983-03-21,2.303,per_usd
1983-03-22,2.2965,per_usd
1983-03-23,2.3,per_usd
1983-03-24,2.296,per_usd
1983-03-25,2.3005,per_usd
1983-03-28,2.308,per_usd
1983-03-29,2.3065,per_usd
1983-03-30,2.298,per_usd
1983-03-31,2.293,per_usd
1983-04-01,2.295,per_usd
1983-04-04,2.296,per_usd
1983-04-05,2.297,per_usd
1983-04-06,2.3125,per_usd
1983-04-07,2.3005,per_usd
1983-04-08,2.3075,per_usd
1983-04-11,2.3055,per_usd
1983-04-12,2.303,per_usd
1983-04-13,2.307,per_usd
1983-04-14,2.3105,per_usd
1983-04-15,2.3085,per_usd
1983-04-18,2.309,per_usd
1983-04-19,2.3105,per_usd
1983-04-20,2.31,per_usd
1983-04-21,2.308,per_usd
1983-04-22,2.3075,per_usd
1983-04-25,2.306,per_usd
1983-04-26,2.3095,per_usd
1983-04-27,2.3085,per_usd
1983-04-28,2.31,per_usd
1983-04-29,2.311,per_usd
1983-05-02,2.312,per_usd
1983-05-03,2.3095,per_usd
1983-05-04,2.3075,per_usd
1983-05-05,2.3045,per_usd
1983-05-06,2.3,per_usd
1983-05-09,2.2945,per_usd
1983-05-10,2.2995,per_usd
1983-05-11,2.293,per_usd
1983-05-12,2.2955,per_usd
1983-05-13,2.296,per_usd
1983-05-16,2.3,per_usd
1983-05-17,2.302,per_usd
1983-05-18,2.298,per_usd
1983-05-19,2.3005,per_usd
1983-05-20,2.2985,per_usd
1983-05-23,2.302,per_usd
1983-05-24,2.3005,per_usd
1983-05-25,2.3005,per_usd
1983-05-26,2.2995,per_usd
1983-05-27,2.301,per_usd
1983-05-31,2.304,per_usd
1983-06-01,2.312,per_usd
1983-06-02,2.31,per_usd
1983-06-03,2.314,per_usd
1983-06-06,2.3215,per_usd
1983-06-07,2.322,per_usd
1983-06-08,2.326,per_usd
1983-06-09,2.326,per_usd
1983-06-10,2.325,per_usd
1983-06-13,2.3255,per_usd
1983-06-14,2.3315,per_usd
1983-06-15,2.332,per_usd
1983-06-16,2.327,per_usd
1983-06-17,2.324,per_usd
1983-06-20,2.324,per_usd
1983-06-21,2.327,per_usd
1983-06-22,2.324,per_usd
1983-06-23,2.326,per_usd
1983-06-24,2.326,per_usd
1983-06-27,2.3265,per_usd
1983-06-28,2.328,per_usd
1983-06-29,2.329,per_usd
1983-06-30,2.331,per_usd
1983-07-01,2.331,per_usd
1983-07-05,2.331,per_usd
1983-07-06,2.329,per_usd
1983-07-07,2.333,per_usd
1983-07-08,2.3305,per_usd
1983-07-11,2.331,per_usd
1983-07-12,2.33,per_usd
1983-07-13,2.331,per_usd
1983-07-14,2.332,per_usd
1983-07-15,2.332,per_usd
1983-07-18,2.331,per_usd
1983-07-19,2.302,per_usd
1983-07-20,2.329,per_usd
1983-07-21,2.331,per_usd
1983-07-22,2.333,per_usd
1983-07-25,2.336,per_usd
1983-07-26,2.336,per_usd
1983-07-27,2.3405,per_usd
1983-07-28,2.3415,per_usd
1983-07-29,2.347,per_usd
1983-08-01,2.3565,per_usd
1983-08-02,2.352,per_usd
1983-08-03,2.353,per_usd
1983-08-04,2.354,per_usd
1983-08-05,2.3575,per_usd
1983-08-08,2.359,per_usd
1983-08-09,2.357,per_usd
1983-08-10,2.3635,per_usd
1983-08-11,2.3685,per_usd
1983-08-12,2.3675,per_usd
1983-08-15,2.365,per_usd
1983-08-16,2.347,per_usd
1983-08-17,2.341,per_usd
1983-08-18,2.341,per_usd
1983-08-19,2.343,per_usd
1983-08-22,2.3395,per_usd
1983-08-23,2.332,per_usd
1983-08-24,2.341,per_usd
1983-08-25,2.3425,per_usd
1983-08-26,2.3525,per_usd
1983-08-29,2.355,per_usd
1983-08-30,2.3565,per_usd
1983-08-31,2.3585,per_usd
1983-09-01,2.358,per_usd
1983-09-02,2.356,per_usd
1983-09-06,2.3545,per_usd
1983-09-07,2.3575,per_usd
1983-09-08,2.352,per_usd
1983-09-09,2.347,per_usd
1983-09-12,2.344,per_usd
1983-09-13,2.348,per_usd
1983-09-14,2.355,per_usd
1983-09-15,2.3535,per_usd
1983-09-16,2.3495,per_usd
1983-09-19,2.352,per_usd
1983-09-20,2.349,per_usd
1983-09-21,2.3505,per_usd
1983-09-22,2.3525,per_usd
1983-09-23,2.348,per_usd
1983-09-26,2.345,per_usd
1983-09-27,2.349,per_usd
1983-09-28,2.348,per_usd
1983-09-29,2.3475,per_usd
1983-09-30,2.347,per_usd
1983-10-03,2.347,per_usd
1983-10-04,2.347,per_usd
1983-10-05,2.346,per_usd
1983-10-06,2.343,per_usd
1983-10-07,2.3435,per_usd
1983-10-11,2.344,per_usd
1983-10-12,2.346,per_usd
1983-10-13,2.3445,per_usd
1983-10-14,2.346,per_usd
1983-10-17,2.3435,per_usd
1983-10-18,2.346,per_usd
1983-10-19,2.344,per_usd
1983-10-20,2.3435,per_usd
1983-10-21,2.343,per_usd
1983-10-24,2.3455,per_usd
1983-10-25,2.345,per_usd
1983-10-26,2.346,per_usd
1983-10-27,2.3465,per_usd
1983-10-28,2.3445,per_usd
1983-10-31,2.347,per_usd
1983-11-01,2.347,per_usd
1983-11-02,2.3465,per_usd
1983-11-03,2.3455,per_usd
1983-11-04,2.3465,per_usd
1983-11-07,2.348,per_usd
1983-11-09,2.3465,per_usd
1983-11-10,2.3465,per_usd
1983-11-14,2.343,per_usd
1983-11-15,2.342,per_usd
1983-11-16,2.342,per_usd
1983-11-17,2.343,per_usd
1983-11-18,2.344,per_usd
1983-11-21,2.345,per_usd
1983-11-22,2.345,per_usd
1983-11-23,2.345,per_usd
1983-11-25,2.3457,per_usd
1983-11-28,2.3445,per_usd
1983-11-29,2.3455,per_usd
1983-11-30,2.344,per_usd
1983-12-01,2.3415,per_usd
1983-12-02,2.3418,per_usd
1983-12-05,2.3418,per_usd
1983-12-06,2.343,per_usd
1983-12-07,2.343,per_usd
1983-12-08,2.343,per_usd
1983-12-09,2.344,per_usd
1983-12-12,2.344,per_usd
1983-12-13,2.343,per_usd
1983-12-14,2.341,per_usd
1983-12-15,2.3405,per_usd
1983-12-16,2.3425,per_usd
1983-12-19,2.3405,per_usd
1983-12-20,2.337,per_usd
1983-12-21,2.3355,per_usd
1983-12-22,2.338,per_usd
1983-12-23,2.342,per_usd
1983-12-27,2.34,per_usd
1983-12-28,2.3395,per_usd
1983-12-29,2.3385,per_usd
1983-12-30,2.335,per_usd
1984-01-03,2.337,per_usd
1984-01-04,2.342,per_usd
1984-01-05,2.3425,per_usd
1984-01-06,2.342,per_usd
1984-01-09,2.3435,per_usd
1984-01-10,2.3405,per_usd
1984-01-11,2.341,per_usd
1984-01-12,2.343,per_usd
1984-01-13,2.3405,per_usd
1984-01-16,2.3415,per_usd
1984-01-17,2.341,per_usd
1984-01-18,2.342,per_usd
1984-01-19,2.3405,per_usd
1984-01-20,2.3415,per_usd
1984-01-23,2.3415,per_usd
1984-01-24,2.3415,per_usd
1984-01-25,2.341,per_usd
1984-01-26,2.3405,per_usd
1984-01-27,2.3405,per_usd
1984-01-30,2.34,per_usd
1984-01-31,2.3405,per_usd
1984-02-01,2.3395,per_usd
1984-02-02,2.3375,per_usd
1984-02-03,2.335,per_usd
1984-02-06,2.3385,per_usd
1984-02-07,2.3395,per_usd
1984-02-08,2.3385,per_usd
1984-02-09,2.3385,per_usd
1984-02-10,2.3395,per_usd
1984-02-14,2.3395,per_usd
1984-02-15,2.3365,per_usd
1984-02-16,2.3335,per_usd
1984-02-17,2.3335,per_usd
1984-02-21,2.3385,per_usd
1984-02-22,2.336,per_usd
1984-02-23,2.3335,per_usd
1984-02-24,2.3335,per_usd
1984-02-27,2.334,per_usd
1984-02-28,2.332,per_usd
1984-02-29,2.3315,per_usd
1984-03-01,2.333,per_usd
1984-03-02,2.3245,per_usd
1984-03-05,2.281,per_usd
1984-03-06,2.282,per_usd
1984-03-07,2.286,per_usd
1984-03-08,2.2975,per_usd
1984-03-09,2.287,per_usd
1984-03-12,2.293,per_usd
1984-03-13,2.284,per_usd
1984-03-14,2.277,per_usd
1984-03-15,2.2815,per_usd
1984-03-16,2.2885,per_usd
1984-03-19,2.296,per_usd
1984-03-20,2.298,per_usd
1984-03-21,2.299,per_usd
1984-03-22,2.2985,per_usd
1984-03-23,2.293,per_usd
1984-03-26,2.29,per_usd
1984-03-27,2.287,per_usd
1984-03-28,2.293,per_usd
1984-03-29,2.292,per_usd
1984-03-30,2.2915,per_usd
1984-04-02,2.2945,per_usd
1984-04-03,2.2955,per_usd
1984-04-04,2.292,per_usd
1984-04-05,2.29,per_usd
1984-04-06,2.294,per_usd
1984-04-09,2.294,per_usd
1984-04-10,2.2925,per_usd
1984-04-11,2.2875,per_usd
1984-04-12,2.2885,per_usd
1984-04-13,2.288,per_usd
1984-04-16,2.289,per_usd
1984-04-17,2.29,per_usd
1984-04-18,2.2875,per_usd
1984-04-19,2.2905,per_usd
1984-04-20,2.288,per_usd
1984-04-23,2.2875,per_usd
1984-04-24,2.2895,per_usd
1984-04-25,2.288,per_usd
1984-04-26,2.29,per_usd
1984-04-27,2.29,per_usd
1984-04-30,2.291,per_usd
1984-05-01,2.292,per_usd
1984-05-02,2.291,per_usd
1984-05-03,2.291,per_usd
1984-05-04,2.2905,per_usd
1984-05-07,2.293,per_usd
1984-05-08,2.2965,per_usd
1984-05-09,2.2975,per_usd
1984-05-10,2.2985,per_usd
1984-05-11,2.301,per_usd
1984-05-14,2.305,per_usd
1984-05-15,2.303,per_usd
1984-05-16,2.303,per_usd
1984-05-17,2.3045,per_usd
1984-05-18,2.3105,per_usd
1984-05-21,2.3175,per_usd
1984-05-22,2.3115,per_usd
1984-05-23,2.294,per_usd
1984-05-24,2.314,per_usd
1984-05-25,2.3095,per_usd
1984-05-29,2.3145,per_usd
1984-05-30,2.313,per_usd
1984-05-31,2.313,per_usd
1984-06-01,2.306,per_usd
1984-06-04,2.2965,per_usd
1984-06-05,2.3015,per_usd
1984-06-06,2.3065,per_usd
1984-06-07,2.3045,per_usd
1984-06-08,2.305,per_usd
1984-06-11,2.3075,per_usd
1984-06-12,2.3155,per_usd
1984-06-13,2.3105,per_usd
1984-06-14,2.304,per_usd
1984-06-15,2.3075,per_usd
1984-06-18,2.3115,per_usd
1984-06-19,2.311,per_usd
1984-06-20,2.313,per_usd
1984-06-21,2.313,per_usd
1984-06-22,2.3155,per_usd
1984-06-25,2.3245,per_usd
1984-06-26,2.3155,per_usd
1984-06-27,2.3205,per_usd
1984-06-28,2.3195,per_usd
1984-06-29,2.319,per_usd
1984-07-02,2.323,per_usd
1984-07-03,2.323,per_usd
1984-07-05,2.325,per_usd
1984-07-06,2.326,per_usd
1984-07-09,2.3335,per_usd
1984-07-10,2.329,per_usd
1984-07-11,2.336,per_usd
1984-07-12,2.3405,per_usd
1984-07-13,2.3405,per_usd
1984-07-16,2.3375,per_usd
1984-07-17,2.3465,per_usd
1984-07-18,2.35,per_usd
1984-07-19,2.3485,per_usd
1984-07-20,2.3505,per_usd
1984-07-23,2.3565,per_usd
1984-07-24,2.354,per_usd
1984-07-25,2.342,per_usd
1984-07-26,2.3255,per_usd
1984-07-27,2.3315,per_usd
1984-07-30,2.3445,per_usd
1984-07-31,2.345,per_usd
1984-08-01,2.349,per_usd
1984-08-02,2.345,per_usd
1984-08-03,2.3325,per_usd
1984-08-06,2.332,per_usd
1984-08-07,2.339,per_usd
1984-08-08,2.337,per_usd
1984-08-09,2.334,per_usd
1984-08-10,2.3355,per_usd
1984-08-13,2.338,per_usd
1984-08-14,2.329,per_usd
1984-08-15,2.33,per_usd
1984-08-16,2.327,per_usd
1984-08-17,2.329,per_usd
1984-08-20,2.3305,per_usd
1984-08-21,2.3315,per_usd
1984-08-22,2.332,per_usd
1984-08-23,2.3285,per_usd
1984-08-24,2.328,per_usd
1984-08-27,2.328,per_usd
1984-08-28,2.328,per_usd
1984-08-29,2.331,per_usd
1984-08-30,2.3335,per_usd
1984-08-31,2.3335,per_usd
1984-09-04,2.3395,per_usd
1984-09-05,2.341,per_usd
1984-09-06,2.3405,per_usd
1984-09-07,2.345,per_usd
1984-09-10,2.346,per_usd
1984-09-11,2.35,per_usd
1984-09-12,2.349,per_usd
1984-09-13,2.35,per_usd
1984-09-14,2.3495,per_usd
1984-09-17,2.3535,per_usd
1984-09-18,2.3595,per_usd
1984-09-19,2.359,per_usd
1984-09-20,2.3635,per_usd
1984-09-21,2.35,per_usd
1984-09-24,2.351,per_usd
1984-09-25,2.36,per_usd
1984-09-26,2.361,per_usd
1984-09-27,2.363,per_usd
1984-09-28,2.372,per_usd
1984-10-01,2.371,per_usd
1984-10-02,2.377,per_usd
1984-10-03,2.378,per_usd
1984-10-04,2.4025,per_usd
1984-10-05,2.44,per_usd
1984-10-09,2.4275,per_usd
1984-10-10,2.4225,per_usd
1984-10-11,2.4125,per_usd
1984-10-12,2.395,per_usd
1984-10-15,2.4125,per_usd
1984-10-16,2.42,per_usd
1984-10-17,2.4125,per_usd
1984-10-18,2.415,per_usd
1984-10-19,2.43,per_usd
1984-10-22,2.4125,per_usd
1984-10-23,2.4125,per_usd
1984-10-24,2.4025,per_usd
1984-10-25,2.403,per_usd
1984-10-26,2.405,per_usd
1984-10-29,2.4075,per_usd
1984-10-30,2.403,per_usd
1984-10-31,2.405,per_usd
1984-11-01,2.4005,per_usd
1984-11-02,2.4005,per_usd
1984-11-05,2.395,per_usd
1984-11-07,2.3945,per_usd
1984-11-08,2.395,per_usd
1984-11-09,2.394,per_usd
1984-11-13,2.395,per_usd
1984-11-14,2.398,per_usd
1984-11-15,2.396,per_usd
1984-11-16,2.398,per_usd
1984-11-19,2.401,per_usd
1984-11-20,2.403,per_usd
1984-11-21,2.4035,per_usd
1984-11-23,2.408,per_usd
1984-11-26,2.413,per_usd
1984-11-27,2.411,per_usd
1984-11-28,2.411,per_usd
1984-11-29,2.41,per_usd
1984-11-30,2.4125,per_usd
1984-12-03,2.414,per_usd
1984-12-04,2.414,per_usd
1984-12-05,2.412,per_usd
1984-12-06,2.413,per_usd
1984-12-07,2.415,per_usd
1984-12-10,2.4135,per_usd
1984-12-11,2.4145,per_usd
1984-12-12,2.4145,per_usd
1984-12-13,2.4155,per_usd
1984-12-14,2.416,per_usd
1984-12-17,2.414,per_usd
1984-12-18,2.413,per_usd
1984-12-19,2.415,per_usd
1984-12-20,2.417,per_usd
1984-12-21,2.414,per_usd
1984-12-24,2.417,per_usd
1984-12-26,2.418,per_usd
1984-12-27,2.423,per_usd
1984-12-28,2.426,per_usd
1984-12-31,2.429,per_usd
1985-01-02,2.445,per_usd
1985-01-03,2.457,per_usd
1985-01-04,2.456,per_usd
1985-01-07,2.468,per_usd
1985-01-08,2.4675,per_usd
1985-01-09,2.475,per_usd
1985-01-10,2.475,per_usd
1985-01-11,2.48,per_usd
1985-01-14,2.4945,per_usd
1985-01-15,2.4935,per_usd
1985-01-16,2.493,per_usd
1985-01-17,2.4935,per_usd
1985-01-18,2.4925,per_usd
1985-01-22,2.489,per_usd
1985-01-23,2.4855,per_usd
1985-01-24,2.486,per_usd
1985-01-25,2.484,per_usd
1985-01-28,2.4845,per_usd
1985-01-29,2.4845,per_usd
1985-01-30,2.491,per_usd
1985-01-31,2.4925,per_usd
1985-02-01,2.495,per_usd
1985-02-04,2.5165,per_usd
1985-02-05,2.533,per_usd
1985-02-06,2.5315,per_usd
1985-02-07,2.543,per_usd
1985-02-08,2.549,per_usd
1985-02-11,2.556,per_usd
1985-02-13,2.556,per_usd
1985-02-14,2.5555,per_usd
1985-02-15,2.5325,per_usd
1985-02-19,2.56,per_usd
1985-02-20,2.56,per_usd
1985-02-21,2.565,per_usd
1985-02-22,2.571,per_usd
1985-02-25,2.577,per_usd
1985-02-26,2.58,per_usd
1985-02-27,2.56,per_usd
1985-02-28,2.583,per_usd
1985-03-01,2.588,per_usd
1985-03-04,2.6,per_usd
1985-03-05,2.598,per_usd
1985-03-06,2.601,per_usd
1985-03-07,2.601,per_usd
1985-03-08,2.601,per_usd
1985-03-11,2.5975,per_usd
1985-03-12,2.585,per_usd
1985-03-13,2.5865,per_usd
1985-03-14,2.592,per_usd
1985-03-15,2.5935,per_usd
1985-03-18,2.589,per_usd
1985-03-19,2.575,per_usd
1985-03-20,2.552,per_usd
1985-03-21,2.55,per_usd
1985-03-22,2.5425,per_usd
1985-03-25,2.5595,per_usd
1985-03-26,2.56,per_usd
1985-03-27,2.535,per_usd
1985-03-28,2.525,per_usd
1985-03-29,2.51,per_usd
1985-04-01,2.5375,per_usd
1985-04-02,2.535,per_usd
1985-04-03,2.5215,per_usd
1985-04-04,2.53,per_usd
1985-04-05,2.525,per_usd
1985-04-08,2.53,per_usd
1985-04-09,2.5265,per_usd
1985-04-10,2.518,per_usd
1985-04-11,2.4875,per_usd
1985-04-12,2.4825,per_usd
1985-04-15,2.4675,per_usd
1985-04-16,2.446,per_usd
1985-04-17,2.445,per_usd
1985-04-18,2.44,per_usd
1985-04-19,2.446,per_usd
1985-04-22,2.464,per_usd
1985-04-23,2.482,per_usd
1985-04-24,2.4925,per_usd
1985-04-25,2.4975,per_usd
1985-04-26,2.495,per_usd
1985-04-29,2.484,per_usd
1985-04-30,2.475,per_usd
1985-05-01,2.478,per_usd
1985-05-02,2.485,per_usd
1985-05-03,2.4895,per_usd
1985-05-06,2.5,per_usd
1985-05-07,2.475,per_usd
1985-05-08,2.4885,per_usd
1985-05-09,2.48,per_usd
1985-05-10,2.476,per_usd
1985-05-13,2.48,per_usd
1985-05-14,2.4715,per_usd
1985-05-15,2.474,per_usd
1985-05-16,2.4765,per_usd
1985-05-17,2.4735,per_usd
1985-05-20,2.461,per_usd
1985-05-21,2.464,per_usd
1985-05-22,2.4645,per_usd
1985-05-23,2.4745,per_usd
1985-05-24,2.468,per_usd
1985-05-28,2.4765,per_usd
1985-05-29,2.478,per_usd
1985-05-30,2.472,per_usd
1985-05-31,2.465,per_usd
1985-06-03,2.459,per_usd
1985-06-04,2.463,per_usd
1985-06-05,2.464,per_usd
1985-06-06,2.461,per_usd
1985-06-07,2.464,per_usd
1985-06-10,2.471,per_usd
1985-06-11,2.471,per_usd
1985-06-12,2.4675,per_usd
1985-06-13,2.472,per_usd
1985-06-14,2.467,per_usd
1985-06-17,2.467,per_usd
1985-06-18,2.462,per_usd
1985-06-19,2.452,per_usd
1985-06-20,2.465,per_usd
1985-06-21,2.462,per_usd
1985-06-24,2.471,per_usd
1985-06-25,2.4745,per_usd
1985-06-26,2.4855,per_usd
1985-06-27,2.489,per_usd
1985-06-28,2.4835,per_usd
1985-07-01,2.4965,per_usd
1985-07-02,2.4995,per_usd
1985-07-03,2.495,per_usd
1985-07-05,2.49,per_usd
1985-07-08,2.488,per_usd
1985-07-09,2.476,per_usd
1985-07-10,2.47,per_usd
1985-07-11,2.466,per_usd
1985-07-12,2.4645,per_usd
1985-07-15,2.4645,per_usd
1985-07-16,2.464,per_usd
1985-07-17,2.46,per_usd
1985-07-18,2.47,per_usd
1985-07-19,2.467,per_usd
1985-07-22,2.4685,per_usd
1985-07-23,2.4635,per_usd
1985-07-24,2.467,per_usd
1985-07-25,2.463,per_usd
1985-07-26,2.408,per_usd
1985-07-29,2.463,per_usd
1985-07-30,2.4615,per_usd
1985-07-31,2.465,per_usd
1985-08-01,2.468,per_usd
1985-08-02,2.4645,per_usd
1985-08-05,2.463,per_usd
1985-08-06,2.4675,per_usd
1985-08-07,2.4645,per_usd
1985-08-08,2.465,per_usd
1985-08-09,2.464,per_usd
1985-08-12,2.4595,per_usd
1985-08-13,2.457,per_usd
1985-08-14,2.461,per_usd
1985-08-15,2.4585,per_usd
1985-08-16,2.4565,per_usd
1985-08-19,2.46,per_usd
1985-08-20,2.4695,per_usd
1985-08-21,2.465,per_usd
1985-08-22,2.461,per_usd
1985-08-23,2.4615,per_usd
1985-08-26,2.4615,per_usd
1985-08-27,2.468,per_usd
1985-08-28,2.4705,per_usd
1985-08-29,2.476,per_usd
1985-08-30,2.476,per_usd
1985-09-03,2.4865,per_usd
1985-09-04,2.486,per_usd
1985-09-05,2.485,per_usd
1985-09-06,2.5075,per_usd
1985-09-09,2.506,per_usd
1985-09-10,2.5085,per_usd
1985-09-11,2.513,per_usd
1985-09-12,2.52,per_usd
1985-09-13,2.5125,per_usd
1985-09-16,2.495,per_usd
1985-09-17,2.484,per_usd
1985-09-18,2.4995,per_usd
1985-09-19,2.498,per_usd
1985-09-20,2.49,per_usd
1985-09-23,2.44,per_usd
1985-09-24,2.4625,per_usd
1985-09-25,2.459,per_usd
1985-09-26,2.4375,per_usd
1985-09-27,2.44,per_usd
1985-09-30,2.452,per_usd
1985-10-01,2.436,per_usd
1985-10-02,2.4455,per_usd
1985-10-03,2.4425,per_usd
1985-10-04,2.436,per_usd
1985-10-07,2.455,per_usd
1985-10-08,2.4515,per_usd
1985-10-09,2.453,per_usd
1985-10-10,2.46,per_usd
1985-10-11,2.4565,per_usd
1985-10-15,2.461,per_usd
1985-10-16,2.464,per_usd
1985-10-17,2.4625,per_usd
1985-10-18,2.458,per_usd
1985-10-21,2.452,per_usd
1985-10-22,2.46,per_usd
1985-10-23,2.459,per_usd
1985-10-24,2.4605,per_usd
1985-10-25,2.457,per_usd
1985-10-28,2.457,per_usd
1985-10-29,2.45,per_usd
1985-10-30,2.444,per_usd
1985-10-31,2.444,per_usd
1985-11-01,2.4525,per_usd
1985-11-04,2.455,per_usd
1985-11-05,2.4475,per_usd
1985-11-06,2.4275,per_usd
1985-11-07,2.4275,per_usd
1985-11-08,2.4375,per_usd
1985-11-12,2.438,per_usd
1985-11-13,2.4365,per_usd
1985-11-14,2.436,per_usd
1985-11-15,2.436,per_usd
1985-11-18,2.4395,per_usd
1985-11-19,2.436,per_usd
1985-11-20,2.439,per_usd
1985-11-21,2.4345,per_usd
1985-11-22,2.4225,per_usd
1985-11-25,2.42,per_usd
1985-11-26,2.42,per_usd
1985-11-27,2.4235,per_usd
1985-11-29,2.419,per_usd
1985-12-02,2.4225,per_usd
1985-12-03,2.427,per_usd
1985-12-04,2.424,per_usd
1985-12-05,2.4235,per_usd
1985-12-06,2.425,per_usd
1985-12-09,2.425,per_usd
1985-12-10,2.43,per_usd
1985-12-11,2.4325,per_usd
1985-12-12,2.4285,per_usd
1985-12-13,2.4305,per_usd
1985-12-16,2.4305,per_usd
1985-12-17,2.43,per_usd
1985-12-18,2.4305,per_usd
1985-12-19,2.4305,per_usd
1985-12-20,2.43,per_usd
1985-12-23,2.433,per_usd
1985-12-24,2.433,per_usd
1985-12-26,2.433,per_usd
1985-12-27,2.4375,per_usd
1985-12-30,2.435,per_usd
1985-12-31,2.42,per_usd
1986-01-02,2.418,per_usd
1986-01-03,2.4295,per_usd
1986-01-06,2.4315,per_usd
1986-01-07,2.432,per_usd
1986-01-08,2.4325,per_usd
1986-01-09,2.436,per_usd
1986-01-10,2.433,per_usd
1986-01-13,2.444,per_usd
1986-01-14,2.45,per_usd
1986-01-15,2.448,per_usd
1986-01-16,2.4465,per_usd
1986-01-17,2.447,per_usd
1986-01-21,2.463,per_usd
1986-01-22,2.4675,per_usd
1986-01-23,2.47,per_usd
1986-01-24,2.455,per_usd
1986-01-27,2.455,per_usd
1986-01-28,2.4655,per_usd
1986-01-29,2.4635,per_usd
1986-01-30,2.474,per_usd
1986-01-31,2.4665,per_usd
1986-02-03,2.4675,per_usd
1986-02-04,2.4665,per_usd
1986-02-05,2.4655,per_usd
1986-02-06,2.4625,per_usd
1986-02-07,2.465,per_usd
1986-02-10,2.463,per_usd
1986-02-11,2.46,per_usd
1986-02-12,2.4595,per_usd
1986-02-13,2.4585,per_usd
1986-02-14,2.4595,per_usd
1986-02-18,2.4675,per_usd
1986-02-19,2.475,per_usd
1986-02-20,2.48,per_usd
1986-02-21,2.479,per_usd
1986-02-24,2.475,per_usd
1986-02-25,2.4735,per_usd
1986-02-26,2.482,per_usd
1986-02-27,2.485,per_usd
1986-02-28,2.493,per_usd
1986-03-03,2.4955,per_usd
1986-03-04,2.501,per_usd
1986-03-05,2.515,per_usd
1986-03-06,2.521,per_usd
1986-03-07,2.517,per_usd
1986-03-10,2.5235,per_usd
1986-03-11,2.5245,per_usd
1986-03-12,2.516,per_usd
1986-03-13,2.5215,per_usd
1986-03-14,2.5205,per_usd
1986-03-17,2.521,per_usd
1986-03-18,2.5215,per_usd
1986-03-19,2.534,per_usd
1986-03-20,2.537,per_usd
1986-03-21,2.542,per_usd
1986-03-24,2.572,per_usd
1986-03-25,2.575,per_usd
1986-03-26,2.57,per_usd
1986-03-27,2.572,per_usd
1986-03-28,2.573,per_usd
1986-03-31,2.597,per_usd
1986-04-01,2.6035,per_usd
1986-04-02,2.626,per_usd
1986-04-03,2.67,per_usd
1986-04-04,2.6775,per_usd
1986-04-07,2.6925,per_usd
1986-04-08,2.653,per_usd
1986-04-09,2.634,per_usd
1986-04-10,2.6305,per_usd
1986-04-11,2.606,per_usd
1986-04-14,2.612,per_usd
1986-04-15,2.5785,per_usd
1986-04-16,2.548,per_usd
1986-04-17,2.5325,per_usd
1986-04-18,2.54,per_usd
1986-04-21,2.543,per_usd
1986-04-22,2.5475,per_usd
1986-04-23,2.55,per_usd
1986-04-24,2.564,per_usd
1986-04-25,2.585,per_usd
1986-04-28,2.61,per_usd
1986-04-29,2.58,per_usd
1986-04-30,2.575,per_usd
1986-05-01,2.577,per_usd
1986-05-02,2.57,per_usd
1986-05-05,2.566,per_usd
1986-05-06,2.569,per_usd
1986-05-07,2.56,per_usd
1986-05-08,2.573,per_usd
1986-05-09,2.583,per_usd
1986-05-12,2.585,per_usd
1986-05-13,2.5815,per_usd
1986-05-14,2.584,per_usd
1986-05-15,2.59,per_usd
1986-05-16,2.596,per_usd
1986-05-19,2.611,per_usd
1986-05-20,2.6175,per_usd
1986-05-21,2.611,per_usd
1986-05-22,2.622,per_usd
1986-05-23,2.625,per_usd
1986-05-27,2.635,per_usd
1986-05-28,2.625,per_usd
1986-05-29,2.633,per_usd
1986-05-30,2.64,per_usd
1986-06-02,2.637,per_usd
1986-06-03,2.6225,per_usd
1986-06-04,2.625,per_usd
1986-06-05,2.627,per_usd
1986-06-06,2.6175,per_usd
1986-06-09,2.6175,per_usd
1986-06-10,2.6175,per_usd
1986-06-11,2.6135,per_usd
1986-06-12,2.61,per_usd
1986-06-13,2.6125,per_usd
1986-06-16,2.6095,per_usd
1986-06-17,2.619,per_usd
1986-06-18,2.625,per_usd
1986-06-19,2.627,per_usd
1986-06-20,2.627,per_usd
1986-06-23,2.634,per_usd
1986-06-24,2.6205,per_usd
1986-06-25,2.6275,per_usd
1986-06-26,2.6365,per_usd
1986-06-27,2.633,per_usd
1986-06-30,2.626,per_usd
1986-07-01,2.622,per_usd
1986-07-02,2.624,per_usd
1986-07-03,2.6205,per_usd
1986-07-07,2.619,per_usd
1986-07-08,2.6215,per_usd
1986-07-09,2.65,per_usd
1986-07-10,2.651,per_usd
1986-07-11,2.653,per_usd
1986-07-14,2.67,per_usd
1986-07-15,2.67,per_usd
1986-07-16,2.649,per_usd
1986-07-17,2.65,per_usd
1986-07-18,2.665,per_usd
1986-07-21,2.6575,per_usd
1986-07-22,2.668,per_usd
1986-07-23,2.67,per_usd
1986-07-24,2.657,per_usd
1986-07-25,2.649,per_usd
1986-07-28,2.643,per_usd
1986-07-29,2.6385,per_usd
1986-07-30,2.63,per_usd
1986-07-31,2.623,per_usd
1986-08-01,2.6325,per_usd
1986-08-04,2.6025,per_usd
1986-08-05,2.6125,per_usd
1986-08-06,2.6175,per_usd
1986-08-07,2.625,per_usd
1986-08-08,2.6225,per_usd
1986-08-11,2.6165,per_usd
1986-08-12,2.621,per_usd
1986-08-13,2.6175,per_usd
1986-08-14,2.67,per_usd
1986-08-15,2.615,per_usd
1986-08-18,2.575,per_usd
1986-08-19,2.5875,per_usd
1986-08-20,2.602,per_usd
1986-08-21,2.603,per_usd
1986-08-22,2.6035,per_usd
1986-08-25,2.608,per_usd
1986-08-26,2.6115,per_usd
1986-08-27,2.6005,per_usd
1986-08-28,2.6065,per_usd
1986-08-29,2.605,per_usd
1986-09-02,2.5995,per_usd
1986-09-03,2.6,per_usd
1986-09-04,2.601,per_usd
1986-09-05,2.605,per_usd
1986-09-08,2.606,per_usd
1986-09-09,2.606,per_usd
1986-09-10,2.603,per_usd
1986-09-11,2.609,per_usd
1986-09-12,2.61,per_usd
1986-09-15,2.627,per_usd
1986-09-16,2.63,per_usd
1986-09-17,2.622,per_usd
1986-09-18,2.6275,per_usd
1986-09-19,2.633,per_usd
1986-09-22,2.628,per_usd
1986-09-23,2.628,per_usd
1986-09-24,2.6225,per_usd
1986-09-25,2.625,per_usd
1986-09-26,2.626,per_usd
1986-09-29,2.632,per_usd
1986-09-30,2.6255,per_usd
1986-10-01,2.628,per_usd
1986-10-02,2.628,per_usd
1986-10-03,2.626,per_usd
1986-10-06,2.625,per_usd
1986-10-07,2.626,per_usd
1986-10-08,2.623,per_usd
1986-10-09,2.625,per_usd
1986-10-10,2.627,per_usd
1986-10-14,2.623,per_usd
1986-10-15,2.619,per_usd
1986-10-16,2.62,per_usd
1986-10-17,2.62,per_usd
1986-10-20,2.623,per_usd
1986-10-21,2.6225,per_usd
1986-10-22,2.629,per_usd
1986-10-23,2.6265,per_usd
1986-10-24,2.63,per_usd
1986-10-27,2.6255,per_usd
1986-10-28,2.6225,per_usd
1986-10-29,2.6225,per_usd
1986-10-30,2.623,per_usd
1986-10-31,2.625,per_usd
1986-11-03,2.623,per_usd
1986-11-04,2.6225,per_usd
1986-11-05,2.624,per_usd
1986-11-06,2.625,per_usd
1986-11-07,2.6245,per_usd
1986-11-10,2.616,per_usd
1986-11-12,2.614,per_usd
1986-11-13,2.617,per_usd
1986-11-14,2.6155,per_usd
1986-11-17,2.6135,per_usd
1986-11-18,2.606,per_usd
1986-11-19,2.606,per_usd
1986-11-20,2.606,per_usd
1986-11-21,2.6065,per_usd
1986-11-24,2.607,per_usd
1986-11-25,2.6035,per_usd
1986-11-26,2.6035,per_usd
1986-11-28,2.602,per_usd
1986-12-01,2.5965,per_usd
1986-12-02,2.596,per_usd
1986-12-03,2.596,per_usd
1986-12-04,2.593,per_usd
1986-12-05,2.5925,per_usd
1986-12-08,2.5935,per_usd
1986-12-09,2.594,per_usd
1986-12-10,2.5925,per_usd
1986-12-11,2.593,per_usd
1986-12-12,2.5955,per_usd
1986-12-15,2.597,per_usd
1986-12-16,2.6,per_usd
1986-12-17,2.599,per_usd
1986-12-18,2.597,per_usd
1986-12-19,2.601,per_usd
1986-12-22,2.5995,per_usd
1986-12-23,2.596,per_usd
1986-12-24,2.5965,per_usd
1986-12-26,2.5945,per_usd
1986-12-29,2.598,per_usd
1986-12-30,2.605,per_usd
1986-12-31,2.599,per_usd
1987-01-02,2.599,per_usd
1987-01-05,2.6005,per_usd
1987-01-06,2.601,per_usd
1987-01-07,2.605,per_usd
1987-01-08,2.606,per_usd
1987-01-09,2.604,per_usd
1987-01-12,2.594,per_usd
1987-01-13,2.579,per_usd
1987-01-14,2.569,per_usd
1987-01-15,2.565,per_usd
1987-01-16,2.563,per_usd
1987-01-20,2.556,per_usd
1987-01-21,2.557,per_usd
1987-01-22,2.55,per_usd
1987-01-23,2.553,per_usd
1987-01-26,2.5505,per_usd
1987-01-27,2.546,per_usd
1987-01-28,2.5325,per_usd
1987-01-29,2.53,per_usd
1987-01-30,2.5425,per_usd
1987-02-02,2.5375,per_usd
1987-02-03,2.531,per_usd
1987-02-04,2.538,per_usd
1987-02-05,2.5385,per_usd
1987-02-06,2.5465,per_usd
1987-02-09,2.555,per_usd
1987-02-10,2.5475,per_usd
1987-02-11,2.546,per_usd
1987-02-12,2.548,per_usd
1987-02-13,2.55,per_usd
1987-02-17,2.549,per_usd
1987-02-18,2.5515,per_usd
1987-02-19,2.5585,per_usd
1987-02-20,2.547,per_usd
1987-02-23,2.5395,per_usd
1987-02-24,2.539,per_usd
1987-02-25,2.533,per_usd
1987-02-26,2.523,per_usd
1987-02-27,2.5165,per_usd
1987-03-02,2.52,per_usd
1987-03-03,2.522,per_usd
1987-03-04,2.522,per_usd
1987-03-05,2.5245,per_usd
1987-03-06,2.524,per_usd
1987-03-09,2.529,per_usd
1987-03-10,2.534,per_usd
1987-03-11,2.5345,per_usd
1987-03-12,2.5335,per_usd
1987-03-13,2.53,per_usd
1987-03-16,2.5225,per_usd
1987-03-17,2.523,per_usd
1987-03-18,2.5275,per_usd
1987-03-19,2.5235,per_usd
1987-03-20,2.523,per_usd
1987-03-23,2.518,per_usd
1987-03-24,2.5185,per_usd
1987-03-25,2.52,per_usd
1987-03-26,2.522,per_usd
1987-03-27,2.518,per_usd
1987-03-30,2.511,per_usd
1987-03-31,2.506,per_usd
1987-04-01,2.511,per_usd
1987-04-02,2.51,per_usd
1987-04-03,2.508,per_usd
1987-04-06,2.5075,per_usd
1987-04-07,2.496,per_usd
1987-04-08,2.497,per_usd
1987-04-09,2.4895,per_usd
1987-04-10,2.481,per_usd
1987-04-13,2.4825,per_usd
1987-04-14,2.472,per_usd
1987-04-15,2.477,per_usd
1987-04-16,2.482,per_usd
1987-04-17,2.4845,per_usd
1987-04-20,2.482,per_usd
1987-04-21,2.476,per_usd
1987-04-22,2.481,per_usd
1987-04-23,2.481,per_usd
1987-04-24,2.472,per_usd
1987-04-27,2.4665,per_usd
1987-04-28,2.4705,per_usd
1987-04-29,2.481,per_usd
1987-04-30,2.4765,per_usd
1987-05-01,2.4775,per_usd
1987-05-04,2.4775,per_usd
1987-05-05,2.4665,per_usd
1987-05-06,2.466,per_usd
1987-05-07,2.4695,per_usd
1987-05-08,2.469,per_usd
1987-05-11,2.4725,per_usd
1987-05-12,2.471,per_usd
1987-05-13,2.473,per_usd
1987-05-14,2.47,per_usd
1987-05-15,2.469,per_usd
1987-05-18,2.4685,per_usd
1987-05-19,2.472,per_usd
1987-05-20,2.4685,per_usd
1987-05-21,2.471,per_usd
1987-05-22,2.472,per_usd
1987-05-26,2.494,per_usd
1987-05-27,2.4945,per_usd
1987-05-28,2.498,per_usd
1987-05-29,2.499,per_usd
1987-06-01,2.5065,per_usd
1987-06-02,2.495,per_usd
1987-06-03,2.4975,per_usd
1987-06-04,2.499,per_usd
1987-06-05,2.497,per_usd
1987-06-08,2.4925,per_usd
1987-06-09,2.4875,per_usd
1987-06-10,2.4865,per_usd
1987-06-11,2.4907,per_usd
1987-06-12,2.4895,per_usd
1987-06-15,2.506,per_usd
1987-06-16,2.5085,per_usd
1987-06-17,2.5175,per_usd
1987-06-18,2.5155,per_usd
1987-06-19,2.5165,per_usd
1987-06-22,2.5225,per_usd
1987-06-23,2.53,per_usd
1987-06-24,2.5205,per_usd
1987-06-25,2.5245,per_usd
1987-06-26,2.52,per_usd
1987-06-29,2.5205,per_usd
1987-06-30,2.5285,per_usd
1987-07-01,2.5265,per_usd
1987-07-02,2.5288,per_usd
1987-07-03,2.5325,per_usd
1987-07-06,2.537,per_usd
1987-07-07,2.536,per_usd
1987-07-08,2.5395,per_usd
1987-07-09,2.5365,per_usd
1987-07-10,2.54,per_usd
1987-07-13,2.539,per_usd
1987-07-14,2.538,per_usd
1987-07-15,2.536,per_usd
1987-07-16,2.539,per_usd
1987-07-17,2.5515,per_usd
1987-07-20,2.55,per_usd
1987-07-21,2.549,per_usd
1987-07-22,2.551,per_usd
1987-07-23,2.549,per_usd
1987-07-24,2.547,per_usd
1987-07-27,2.545,per_usd
1987-07-28,2.5467,per_usd
1987-07-29,2.5455,per_usd
1987-07-30,2.548,per_usd
1987-07-31,2.5405,per_usd
1987-08-03,2.541,per_usd
1987-08-04,2.5675,per_usd
1987-08-05,2.545,per_usd
1987-08-06,2.5448,per_usd
1987-08-07,2.544,per_usd
1987-08-10,2.546,per_usd
1987-08-11,2.546,per_usd
1987-08-12,2.5475,per_usd
1987-08-13,2.5462,per_usd
1987-08-14,2.5445,per_usd
1987-08-17,2.5427,per_usd
1987-08-18,2.5345,per_usd
1987-08-19,2.5325,per_usd
1987-08-20,2.53,per_usd
1987-08-21,2.5265,per_usd
1987-08-24,2.522,per_usd
1987-08-25,2.521,per_usd
1987-08-26,2.5225,per_usd
1987-08-27,2.52,per_usd
1987-08-28,2.5175,per_usd
1987-08-31,2.516,per_usd
1987-09-01,2.513,per_usd
1987-09-02,2.5095,per_usd
1987-09-03,2.51,per_usd
1987-09-04,2.5095,per_usd
1987-09-08,2.5095,per_usd
1987-09-09,2.5085,per_usd
1987-09-10,2.5128,per_usd
1987-09-11,2.512,per_usd
1987-09-14,2.5215,per_usd
1987-09-15,2.523,per_usd
1987-09-16,2.522,per_usd
1987-09-17,2.523,per_usd
1987-09-18,2.519,per_usd
1987-09-21,2.5205,per_usd
1987-09-22,2.5245,per_usd
1987-09-23,2.5256,per_usd
1987-09-24,2.52,per_usd
1987-09-25,2.5225,per_usd
1987-09-28,2.5253,per_usd
1987-09-29,2.5293,per_usd
1987-09-30,2.5355,per_usd
1987-10-01,2.538,per_usd
1987-10-02,2.54,per_usd
1987-10-05,2.5445,per_usd
1987-10-06,2.5495,per_usd
1987-10-07,2.5479,per_usd
1987-10-08,2.546,per_usd
1987-10-09,2.537,per_usd
1987-10-13,2.5375,per_usd
1987-10-14,2.535,per_usd
1987-10-15,2.5265,per_usd
1987-10-16,2.5265,per_usd
1987-10-19,2.5245,per_usd
1987-10-20,2.534,per_usd
1987-10-21,2.5325,per_usd
1987-10-22,2.5255,per_usd
1987-10-23,2.525,per_usd
1987-10-26,2.5165,per_usd
1987-10-27,2.5208,per_usd
1987-10-28,2.5165,per_usd
1987-10-29,2.5085,per_usd
1987-10-30,2.5155,per_usd
1987-11-02,2.509,per_usd
1987-11-03,2.508,per_usd
1987-11-04,2.5055,per_usd
1987-11-05,2.49,per_usd
1987-11-06,2.4935,per_usd
1987-11-09,2.497,per_usd
1987-11-10,2.4925,per_usd
1987-11-12,2.502,per_usd
1987-11-13,2.5055,per_usd
1987-11-16,2.508,per_usd
1987-11-17,2.5055,per_usd
1987-11-18,2.501,per_usd
1987-11-19,2.497,per_usd
1987-11-20,2.495,per_usd
1987-11-23,2.493,per_usd
1987-11-24,2.4945,per_usd
1987-11-25,2.499,per_usd
1987-11-27,2.497,per_usd
1987-11-30,2.487,per_usd
1987-12-01,2.494,per_usd
1987-12-02,2.5,per_usd
1987-12-03,2.502,per_usd
1987-12-04,2.5035,per_usd
1987-12-07,2.5035,per_usd
1987-12-08,2.503,per_usd
1987-12-09,2.5005,per_usd
1987-12-10,2.495,per_usd
1987-12-11,2.48,per_usd
1987-12-14,2.479,per_usd
1987-12-15,2.485,per_usd
1987-12-16,2.49,per_usd
1987-12-17,2.49,per_usd
1987-12-18,2.495,per_usd
1987-12-21,2.497,per_usd
1987-12-22,2.5,per_usd
1987-12-23,2.496,per_usd
1987-12-24,2.499,per_usd
1987-12-28,2.49,per_usd
1987-12-29,2.492,per_usd
1987-12-30,2.493,per_usd
1987-12-31,2.489,per_usd
1988-01-04,2.495,per_usd
1988-01-05,2.5165,per_usd
1988-01-06,2.539,per_usd
1988-01-07,2.535,per_usd
1988-01-08,2.5325,per_usd
1988-01-11,2.53,per_usd
1988-01-12,2.5285,per_usd
1988-01-13,2.5315,per_usd
1988-01-14,2.5355,per_usd
1988-01-15,2.54,per_usd
1988-01-19,2.5565,per_usd
1988-01-20,2.549,per_usd
1988-01-21,2.5464,per_usd
1988-01-22,2.5475,per_usd
1988-01-25,2.5565,per_usd
1988-01-26,2.5575,per_usd
1988-01-27,2.558,per_usd
1988-01-28,2.556,per_usd
1988-01-29,2.55,per_usd
1988-02-01,2.56,per_usd
1988-02-02,2.567,per_usd
1988-02-03,2.565,per_usd
1988-02-04,2.582,per_usd
1988-02-05,2.568,per_usd
1988-02-08,2.577,per_usd
1988-02-09,2.579,per_usd
1988-02-10,2.5805,per_usd
1988-02-11,2.576,per_usd
1988-02-12,2.588,per_usd
1988-02-16,2.592,per_usd
1988-02-17,2.59,per_usd
1988-02-18,2.589,per_usd
1988-02-19,2.591,per_usd
1988-02-22,2.5865,per_usd
1988-02-23,2.5865,per_usd
1988-02-24,2.588,per_usd
1988-02-25,2.588,per_usd
1988-02-26,2.586,per_usd
1988-02-29,2.584,per_usd
1988-03-01,2.583,per_usd
1988-03-02,2.584,per_usd
1988-03-03,2.581,per_usd
1988-03-04,2.576,per_usd
1988-03-07,2.576,per_usd
1988-03-08,2.5625,per_usd
1988-03-09,2.5645,per_usd
1988-03-10,2.5555,per_usd
1988-03-11,2.559,per_usd
1988-03-14,2.553,per_usd
1988-03-15,2.563,per_usd
1988-03-16,2.563,per_usd
1988-03-17,2.57,per_usd
1988-03-18,2.582,per_usd
1988-03-21,2.578,per_usd
1988-03-22,2.577,per_usd
1988-03-23,2.574,per_usd
1988-03-24,2.5645,per_usd
1988-03-25,2.565,per_usd
1988-03-28,2.5575,per_usd
1988-03-29,2.5665,per_usd
1988-03-30,2.5655,per_usd
1988-03-31,2.5655,per_usd
1988-04-01,2.5625,per_usd
1988-04-04,2.565,per_usd
1988-04-05,2.576,per_usd
1988-04-06,2.5785,per_usd
1988-04-07,2.588,per_usd
1988-04-08,2.576,per_usd
1988-04-11,2.584,per_usd
1988-04-12,2.58,per_usd
1988-04-13,2.5775,per_usd
1988-04-14,2.572,per_usd
1988-04-15,2.5685,per_usd
1988-04-18,2.569,per_usd
1988-04-19,2.573,per_usd
1988-04-20,2.569,per_usd
1988-04-21,2.571,per_usd
1988-04-22,2.57,per_usd
1988-04-25,2.573,per_usd
1988-04-26,2.575,per_usd
1988-04-27,2.58,per_usd
1988-04-28,2.577,per_usd
1988-04-29,2.575,per_usd
1988-05-02,2.575,per_usd
1988-05-03,2.58,per_usd
1988-05-04,2.582,per_usd
1988-05-05,2.585,per_usd
1988-05-06,2.587,per_usd
1988-05-09,2.586,per_usd
1988-05-10,2.587,per_usd
1988-05-11,2.581,per_usd
1988-05-12,2.58,per_usd
1988-05-13,2.581,per_usd
1988-05-16,2.583,per_usd
1988-05-17,2.59,per_usd
1988-05-18,2.593,per_usd
1988-05-19,2.589,per_usd
1988-05-20,2.5845,per_usd
1988-05-23,2.5845,per_usd
1988-05-24,2.585,per_usd
1988-05-25,2.5855,per_usd
1988-05-26,2.586,per_usd
1988-05-27,2.586,per_usd
1988-05-31,2.589,per_usd
1988-06-01,2.588,per_usd
1988-06-02,2.594,per_usd
1988-06-03,2.5845,per_usd
1988-06-06,2.5845,per_usd
1988-06-07,2.58,per_usd
1988-06-08,2.578,per_usd
1988-06-09,2.574,per_usd
1988-06-10,2.5745,per_usd
1988-06-13,2.576,per_usd
1988-06-14,2.58,per_usd
1988-06-15,2.581,per_usd
1988-06-16,2.578,per_usd
1988-06-17,2.58,per_usd
1988-06-20,2.5775,per_usd
1988-06-21,2.579,per_usd
1988-06-22,2.583,per_usd
1988-06-23,2.588,per_usd
1988-06-24,2.5935,per_usd
1988-06-27,2.601,per_usd
1988-06-28,2.596,per_usd
1988-06-29,2.612,per_usd
1988-06-30,2.61,per_usd
1988-07-01,2.617,per_usd
1988-07-05,2.6255,per_usd
1988-07-06,2.621,per_usd
1988-07-07,2.618,per_usd
1988-07-08,2.621,per_usd
1988-07-11,2.6245,per_usd
1988-07-12,2.6245,per_usd
1988-07-13,2.625,per_usd
1988-07-14,2.624,per_usd
1988-07-15,2.635,per_usd
1988-07-18,2.638,per_usd
1988-07-19,2.6305,per_usd
1988-07-20,2.6285,per_usd
1988-07-21,2.624,per_usd
1988-07-22,2.624,per_usd
1988-07-25,2.623,per_usd
1988-07-26,2.629,per_usd
1988-07-27,2.632,per_usd
1988-07-28,2.632,per_usd
1988-07-29,2.637,per_usd
1988-08-01,2.64,per_usd
1988-08-02,2.638,per_usd
1988-08-03,2.639,per_usd
1988-08-04,2.64,per_usd
1988-08-05,2.642,per_usd
1988-08-08,2.6435,per_usd
1988-08-09,2.648,per_usd
1988-08-10,2.6515,per_usd
1988-08-11,2.6505,per_usd
1988-08-12,2.646,per_usd
1988-08-15,2.644,per_usd
1988-08-16,2.643,per_usd
1988-08-17,2.65,per_usd
1988-08-18,2.649,per_usd
1988-08-19,2.654,per_usd
1988-08-22,2.6615,per_usd
1988-08-23,2.663,per_usd
1988-08-24,2.662,per_usd
1988-08-25,2.656,per_usd
1988-08-26,2.6575,per_usd
1988-08-29,2.67,per_usd
1988-08-30,2.67,per_usd
1988-08-31,2.678,per_usd
1988-09-01,2.682,per_usd
1988-09-02,2.674,per_usd
1988-09-06,2.6575,per_usd
1988-09-07,2.651,per_usd
1988-09-08,2.648,per_usd
1988-09-09,2.6465,per_usd
1988-09-12,2.649,per_usd
1988-09-13,2.648,per_usd
1988-09-14,2.656,per_usd
1988-09-15,2.66,per_usd
1988-09-16,2.662,per_usd
1988-09-19,2.662,per_usd
1988-09-20,2.667,per_usd
1988-09-21,2.6675,per_usd
1988-09-22,2.6695,per_usd
1988-09-23,2.6675,per_usd
1988-09-26,2.6755,per_usd
1988-09-27,2.6725,per_usd
1988-09-28,2.6735,per_usd
1988-09-29,2.675,per_usd
1988-09-30,2.687,per_usd
1988-10-03,2.682,per_usd
1988-10-04,2.679,per_usd
1988-10-05,2.685,per_usd
1988-10-06,2.689,per_usd
1988-10-07,2.688,per_usd
1988-10-11,2.69,per_usd
1988-10-12,2.683,per_usd
1988-10-13,2.677,per_usd
1988-10-14,2.679,per_usd
1988-10-17,2.6795,per_usd
1988-10-18,2.679,per_usd
1988-10-19,2.68,per_usd
1988-10-20,2.674,per_usd
1988-10-21,2.673,per_usd
1988-10-24,2.672,per_usd
1988-10-25,2.676,per_usd
1988-10-26,2.6715,per_usd
1988-10-27,2.669,per_usd
1988-10-28,2.673,per_usd
1988-10-31,2.671,per_usd
1988-11-01,2.6835,per_usd
1988-11-02,2.6845,per_usd
1988-11-03,2.684,per_usd
1988-11-04,2.682,per_usd
1988-11-07,2.686,per_usd
1988-11-08,2.686,per_usd
1988-11-09,2.683,per_usd
1988-11-10,2.678,per_usd
1988-11-14,2.692,per_usd
1988-11-15,2.692,per_usd
1988-11-16,2.6915,per_usd
1988-11-17,2.692,per_usd
1988-11-18,2.6775,per_usd
1988-11-21,2.673,per_usd
1988-11-22,2.64,per_usd
1988-11-23,2.642,per_usd
1988-11-25,2.661,per_usd
1988-11-28,2.681,per_usd
1988-11-29,2.672,per_usd
1988-11-30,2.677,per_usd
1988-12-01,2.677,per_usd
1988-12-02,2.675,per_usd
1988-12-05,2.675,per_usd
1988-12-06,2.679,per_usd
1988-12-07,2.686,per_usd
1988-12-08,2.682,per_usd
1988-12-09,2.6845,per_usd
1988-12-12,2.687,per_usd
1988-12-13,2.688,per_usd
1988-12-14,2.688,per_usd
1988-12-15,2.689,per_usd
1988-12-16,2.693,per_usd
1988-12-19,2.695,per_usd
1988-12-20,2.702,per_usd
1988-12-21,2.7055,per_usd
1988-12-22,2.705,per_usd
1988-12-23,2.705,per_usd
1988-12-27,2.705,per_usd
1988-12-28,2.718,per_usd
1988-12-29,2.714,per_usd
1988-12-30,2.71,per_usd
1989-01-03,2.699,per_usd
1989-01-04,2.709,per_usd
1989-01-05,2.709,per_usd
1989-01-06,2.72,per_usd
1989-01-09,2.733,per_usd
1989-01-10,2.728,per_usd
1989-01-11,2.7285,per_usd
1989-01-12,2.721,per_usd
1989-01-13,2.724,per_usd
1989-01-17,2.7305,per_usd
1989-01-18,2.733,per_usd
1989-01-19,2.732,per_usd
1989-01-20,2.725,per_usd
1989-01-23,2.718,per_usd
1989-01-24,2.707,per_usd
1989-01-25,2.714,per_usd
1989-01-26,2.72,per_usd
1989-01-27,2.728,per_usd
1989-01-30,2.734,per_usd
1989-01-31,2.73,per_usd
1989-02-01,2.732,per_usd
1989-02-02,2.728,per_usd
1989-02-03,2.7285,per_usd
1989-02-06,2.732,per_usd
1989-02-07,2.73,per_usd
1989-02-08,2.729,per_usd
1989-02-09,2.729,per_usd
1989-02-10,2.729,per_usd
1989-02-13,2.733,per_usd
1989-02-14,2.733,per_usd
1989-02-15,2.7295,per_usd
1989-02-16,2.732,per_usd
1989-02-17,2.7275,per_usd
1989-02-21,2.7335,per_usd
1989-02-22,2.731,per_usd
1989-02-23,2.729,per_usd
1989-02-24,2.731,per_usd
1989-02-27,2.732,per_usd
1989-02-28,2.735,per_usd
1989-03-01,2.743,per_usd
1989-03-02,2.743,per_usd
1989-03-03,2.745,per_usd
1989-03-06,2.748,per_usd
1989-03-07,2.7615,per_usd
1989-03-08,2.754,per_usd
1989-03-09,2.754,per_usd
1989-03-10,2.75,per_usd
1989-03-13,2.754,per_usd
1989-03-14,2.755,per_usd
1989-03-15,2.755,per_usd
1989-03-16,2.7545,per_usd
1989-03-17,2.755,per_usd
1989-03-20,2.755,per_usd
1989-03-21,2.754,per_usd
1989-03-22,2.7525,per_usd
1989-03-23,2.749,per_usd
1989-03-24,2.749,per_usd
1989-03-27,2.756,per_usd
1989-03-28,2.761,per_usd
1989-03-29,2.767,per_usd
1989-03-30,2.762,per_usd
1989-03-31,2.754,per_usd
1989-04-03,2.747,per_usd
1989-04-04,2.749,per_usd
1989-04-05,2.754,per_usd
1989-04-06,2.751,per_usd
1989-04-07,2.749,per_usd
1989-04-10,2.7495,per_usd
1989-04-11,2.746,per_usd
1989-04-12,2.744,per_usd
1989-04-13,2.73,per_usd
1989-04-14,2.73,per_usd
1989-04-17,2.723,per_usd
1989-04-18,2.711,per_usd
1989-04-19,2.711,per_usd
1989-04-20,2.701,per_usd
1989-04-21,2.687,per_usd
1989-04-24,2.677,per_usd
1989-04-25,2.687,per_usd
1989-04-26,2.6875,per_usd
1989-04-27,2.692,per_usd
1989-04-28,2.6955,per_usd
1989-05-01,2.6955,per_usd
1989-05-02,2.7,per_usd
1989-05-03,2.6955,per_usd
1989-05-04,2.696,per_usd
1989-05-05,2.6975,per_usd
1989-05-08,2.699,per_usd
1989-05-09,2.703,per_usd
1989-05-10,2.6965,per_usd
1989-05-11,2.6845,per_usd
1989-05-12,2.693,per_usd
1989-05-15,2.693,per_usd
1989-05-16,2.6925,per_usd
1989-05-17,2.69,per_usd
1989-05-18,2.688,per_usd
1989-05-19,2.688,per_usd
1989-05-22,2.7035,per_usd
1989-05-23,2.689,per_usd
1989-05-24,2.697,per_usd
1989-05-25,2.696,per_usd
1989-05-26,2.691,per_usd
1989-05-30,2.716,per_usd
1989-05-31,2.724,per_usd
1989-06-01,2.722,per_usd
1989-06-02,2.703,per_usd
1989-06-05,2.697,per_usd
1989-06-06,2.706,per_usd
1989-06-07,2.702,per_usd
1989-06-08,2.701,per_usd
1989-06-09,2.708,per_usd
1989-06-12,2.7225,per_usd
1989-06-13,2.717,per_usd
1989-06-14,2.723,per_usd
1989-06-15,2.725,per_usd
1989-06-16,2.713,per_usd
1989-06-19,2.7135,per_usd
1989-06-20,2.7085,per_usd
1989-06-21,2.715,per_usd
1989-06-22,2.702,per_usd
1989-06-23,2.701,per_usd
1989-06-26,2.701,per_usd
1989-06-27,2.703,per_usd
1989-06-28,2.704,per_usd
1989-06-29,2.7,per_usd
1989-06-30,2.702,per_usd
1989-07-03,2.699,per_usd
1989-07-05,2.691,per_usd
1989-07-06,2.6855,per_usd
1989-07-07,2.685,per_usd
1989-07-10,2.682,per_usd
1989-07-11,2.685,per_usd
1989-07-12,2.6865,per_usd
1989-07-13,2.683,per_usd
1989-07-14,2.6855,per_usd
1989-07-17,2.687,per_usd
1989-07-18,2.685,per_usd
1989-07-19,2.682,per_usd
1989-07-20,2.681,per_usd
1989-07-21,2.681,per_usd
1989-07-24,2.682,per_usd
1989-07-25,2.68,per_usd
1989-07-26,2.6705,per_usd
1989-07-27,2.6635,per_usd
1989-07-28,2.663,per_usd
1989-07-31,2.661,per_usd
1989-08-01,2.664,per_usd
1989-08-02,2.6645,per_usd
1989-08-03,2.6645,per_usd
1989-08-04,2.667,per_usd
1989-08-07,2.675,per_usd
1989-08-08,2.6725,per_usd
1989-08-09,2.672,per_usd
1989-08-10,2.6665,per_usd
1989-08-11,2.674,per_usd
1989-08-14,2.677,per_usd
1989-08-15,2.68,per_usd
1989-08-16,2.684,per_usd
1989-08-17,2.6875,per_usd
1989-08-18,2.698,per_usd
1989-08-21,2.6945,per_usd
1989-08-22,2.694,per_usd
1989-08-23,2.688,per_usd
1989-08-24,2.694,per_usd
1989-08-25,2.6965,per_usd
1989-08-28,2.697,per_usd
1989-08-29,2.698,per_usd
1989-08-30,2.6935,per_usd
1989-08-31,2.695,per_usd
1989-09-01,2.696,per_usd
1989-09-05,2.7065,per_usd
1989-09-06,2.704,per_usd
1989-09-07,2.704,per_usd
1989-09-08,2.701,per_usd
1989-09-11,2.705,per_usd
1989-09-12,2.7025,per_usd
1989-09-13,2.702,per_usd
1989-09-14,2.702,per_usd
1989-09-15,2.708,per_usd
1989-09-18,2.698,per_usd
1989-09-19,2.6985,per_usd
1989-09-20,2.696,per_usd
1989-09-21,2.6955,per_usd
1989-09-22,2.698,per_usd
1989-09-25,2.687,per_usd
1989-09-26,2.689,per_usd
1989-09-27,2.687,per_usd
1989-09-28,2.691,per_usd
1989-09-29,2.6895,per_usd
1989-10-02,2.6905,per_usd
1989-10-03,2.695,per_usd
1989-10-04,2.694,per_usd
1989-10-05,2.69,per_usd
1989-10-06,2.696,per_usd
1989-10-10,2.696,per_usd
1989-10-11,2.7005,per_usd
1989-10-12,2.697,per_usd
1989-10-13,2.6985,per_usd
1989-10-16,2.692,per_usd
1989-10-17,2.696,per_usd
1989-10-18,2.695,per_usd
1989-10-19,2.691,per_usd
1989-10-20,2.692,per_usd
1989-10-23,2.695,per_usd
1989-10-24,2.6925,per_usd
1989-10-25,2.692,per_usd
1989-10-26,2.694,per_usd
1989-10-27,2.697,per_usd
1989-10-30,2.6945,per_usd
1989-10-31,2.697,per_usd
1989-11-01,2.7,per_usd
1989-11-02,2.6975,per_usd
1989-11-03,2.697,per_usd
1989-11-06,2.702,per_usd
1989-11-07,2.701,per_usd
1989-11-08,2.6995,per_usd
1989-11-09,2.698,per_usd
1989-11-10,2.6995,per_usd
1989-11-13,2.701,per_usd
1989-11-14,2.7025,per_usd
1989-11-15,2.702,per_usd
1989-11-16,2.705,per_usd
1989-11-17,2.706,per_usd
1989-11-20,2.71,per_usd
1989-11-21,2.709,per_usd
1989-11-22,2.7075,per_usd
1989-11-24,2.705,per_usd
1989-11-27,2.702,per_usd
1989-11-28,2.707,per_usd
1989-11-29,2.704,per_usd
1989-11-30,2.703,per_usd
1989-12-01,2.7055,per_usd
1989-12-04,2.707,per_usd
1989-12-05,2.707,per_usd
1989-12-06,2.7055,per_usd
1989-12-07,2.707,per_usd
1989-12-08,2.706,per_usd
1989-12-11,2.712,per_usd
1989-12-12,2.706,per_usd
1989-12-13,2.7015,per_usd
1989-12-14,2.6995,per_usd
1989-12-15,2.701,per_usd
1989-12-18,2.701,per_usd
1989-12-19,2.699,per_usd
1989-12-20,2.704,per_usd
1989-12-21,2.7025,per_usd
1989-12-22,2.7,per_usd
1989-12-26,2.699,per_usd
1989-12-27,2.7,per_usd
1989-12-28,2.699,per_usd
1989-12-29,2.701,per_usd
1990-01-02,2.707,per_usd
1990-01-03,2.7085,per_usd
1990-01-04,2.705,per_usd
1990-01-05,2.7075,per_usd
1990-01-08,2.703,per_usd
1990-01-09,2.7055,per_usd
1990-01-10,2.7035,per_usd
1990-01-11,2.7005,per_usd
1990-01-12,2.699,per_usd
1990-01-16,2.7055,per_usd
1990-01-17,2.703,per_usd
1990-01-18,2.7045,per_usd
1990-01-19,2.706,per_usd
1990-01-22,2.7065,per_usd
1990-01-23,2.7045,per_usd
1990-01-24,2.7055,per_usd
1990-01-25,2.7045,per_usd
1990-01-26,2.7045,per_usd
1990-01-29,2.704,per_usd
1990-01-30,2.699,per_usd
1990-01-31,2.699,per_usd
1990-02-01,2.6975,per_usd
1990-02-02,2.699,per_usd
1990-02-05,2.7,per_usd
1990-02-06,2.701,per_usd
1990-02-07,2.706,per_usd
1990-02-08,2.706,per_usd
1990-02-09,2.7055,per_usd
1990-02-12,2.7055,per_usd
1990-02-13,2.7055,per_usd
1990-02-14,2.705,per_usd
1990-02-15,2.7005,per_usd
1990-02-16,2.7055,per_usd
1990-02-20,2.702,per_usd
1990-02-21,2.702,per_usd
1990-02-22,2.7025,per_usd
1990-02-23,2.704,per_usd
1990-02-26,2.7045,per_usd
1990-02-27,2.704,per_usd
1990-02-28,2.704,per_usd
1990-03-01,2.707,per_usd
1990-03-02,2.707,per_usd
1990-03-05,2.708,per_usd
1990-03-06,2.707,per_usd
1990-03-07,2.71,per_usd
1990-03-08,2.7065,per_usd
1990-03-09,2.705,per_usd
1990-03-12,2.708,per_usd
1990-03-13,2.713,per_usd
1990-03-14,2.712,per_usd
1990-03-15,2.7165,per_usd
1990-03-16,2.7175,per_usd
1990-03-19,2.713,per_usd
1990-03-20,2.722,per_usd
1990-03-21,2.7265,per_usd
1990-03-22,2.731,per_usd
1990-03-23,2.723,per_usd
1990-03-26,2.728,per_usd
1990-03-27,2.727,per_usd
1990-03-28,2.729,per_usd
1990-03-29,2.728,per_usd
1990-03-30,2.728,per_usd
1990-04-02,2.733,per_usd
1990-04-03,2.7325,per_usd
1990-04-04,2.731,per_usd
1990-04-05,2.7295,per_usd
1990-04-06,2.7305,per_usd
1990-04-09,2.729,per_usd
1990-04-10,2.732,per_usd
1990-04-11,2.73,per_usd
1990-04-12,2.73,per_usd
1990-04-13,2.73,per_usd
1990-04-16,2.7345,per_usd
1990-04-17,2.7335,per_usd
1990-04-18,2.73,per_usd
1990-04-19,2.719,per_usd
1990-04-20,2.7195,per_usd
1990-04-23,2.7195,per_usd
1990-04-24,2.7195,per_usd
1990-04-25,2.7185,per_usd
1990-04-26,2.719,per_usd
1990-04-27,2.717,per_usd
1990-04-30,2.716,per_usd
1990-05-01,2.7165,per_usd
1990-05-02,2.7135,per_usd
1990-05-03,2.708,per_usd
1990-05-04,2.71,per_usd
1990-05-07,2.71,per_usd
1990-05-08,2.703,per_usd
1990-05-09,2.7015,per_usd
1990-05-10,2.696,per_usd
1990-05-11,2.695,per_usd
1990-05-14,2.695,per_usd
1990-05-15,2.693,per_usd
1990-05-16,2.699,per_usd
1990-05-17,2.6995,per_usd
1990-05-18,2.7005,per_usd
1990-05-21,2.7025,per_usd
1990-05-22,2.7058,per_usd
1990-05-23,2.701,per_usd
1990-05-24,2.7,per_usd
1990-05-25,2.6985,per_usd
1990-05-29,2.7015,per_usd
1990-05-30,2.7005,per_usd
1990-05-31,2.7035,per_usd
1990-06-01,2.709,per_usd
1990-06-04,2.7105,per_usd
1990-06-05,2.709,per_usd
1990-06-06,2.7085,per_usd
1990-06-07,2.7063,per_usd
1990-06-08,2.708,per_usd
1990-06-11,2.7095,per_usd
1990-06-12,2.7095,per_usd
1990-06-13,2.7105,per_usd
1990-06-14,2.7115,per_usd
1990-06-15,2.7125,per_usd
1990-06-18,2.7125,per_usd
1990-06-19,2.7105,per_usd
1990-06-20,2.7105,per_usd
1990-06-21,2.712,per_usd
1990-06-22,2.7105,per_usd
1990-06-25,2.712,per_usd
1990-06-26,2.712,per_usd
1990-06-27,2.711,per_usd
1990-06-28,2.7115,per_usd
1990-06-29,2.711,per_usd
1990-07-02,2.7045,per_usd
1990-07-03,2.706,per_usd
1990-07-05,2.7065,per_usd
1990-07-06,2.707,per_usd
1990-07-09,2.7055,per_usd
1990-07-10,2.702,per_usd
1990-07-11,2.703,per_usd
1990-07-12,2.704,per_usd
1990-07-13,2.704,per_usd
1990-07-16,2.7065,per_usd
1990-07-17,2.7065,per_usd
1990-07-18,2.7045,per_usd
1990-07-19,2.706,per_usd
1990-07-20,2.7075,per_usd
1990-07-23,2.7055,per_usd
1990-07-24,2.7075,per_usd
1990-07-25,2.7075,per_usd
1990-07-26,2.708,per_usd
1990-07-27,2.7075,per_usd
1990-07-30,2.7015,per_usd
1990-07-31,2.697,per_usd
1990-08-01,2.6925,per_usd
1990-08-02,2.701,per_usd
1990-08-03,2.7005,per_usd
1990-08-06,2.6995,per_usd
1990-08-07,2.7,per_usd
1990-08-08,2.702,per_usd
1990-08-09,2.7025,per_usd
1990-08-10,2.7025,per_usd
1990-08-13,2.698,per_usd
1990-08-14,2.687,per_usd
1990-08-15,2.6945,per_usd
1990-08-16,2.695,per_usd
1990-08-17,2.693,per_usd
1990-08-20,2.694,per_usd
1990-08-21,2.6985,per_usd
1990-08-22,2.698,per_usd
1990-08-23,2.695,per_usd
1990-08-24,2.695,per_usd
1990-08-27,2.6958,per_usd
1990-08-28,2.6875,per_usd
1990-08-29,2.6895,per_usd
1990-08-30,2.689,per_usd
1990-08-31,2.689,per_usd
1990-09-04,2.689,per_usd
1990-09-05,2.6875,per_usd
1990-09-06,2.6875,per_usd
1990-09-07,2.689,per_usd
1990-09-10,2.689,per_usd
1990-09-11,2.695,per_usd
1990-09-12,2.691,per_usd
1990-09-13,2.699,per_usd
1990-09-14,2.6955,per_usd
1990-09-17,2.697,per_usd
1990-09-18,2.6975,per_usd
1990-09-19,2.698,per_usd
1990-09-20,2.6995,per_usd
1990-09-21,2.703,per_usd
1990-09-24,2.6995,per_usd
1990-09-25,2.7015,per_usd
1990-09-26,2.7015,per_usd
1990-09-27,2.7015,per_usd
1990-09-28,2.7015,per_usd
1990-10-01,2.6985,per_usd
1990-10-02,2.6995,per_usd
1990-10-03,2.6985,per_usd
1990-10-04,2.6985,per_usd
1990-10-05,2.6995,per_usd
1990-10-09,2.6985,per_usd
1990-10-10,2.699,per_usd
1990-10-11,2.6985,per_usd
1990-10-12,2.6985,per_usd
1990-10-15,2.6985,per_usd
1990-10-16,2.6985,per_usd
1990-10-17,2.6975,per_usd
1990-10-18,2.695,per_usd
1990-10-19,2.6995,per_usd
1990-10-22,2.6975,per_usd
1990-10-23,2.702,per_usd
1990-10-24,2.7035,per_usd
1990-10-25,2.701,per_usd
1990-10-26,2.7005,per_usd
1990-10-29,2.7025,per_usd
1990-10-30,2.704,per_usd
1990-10-31,2.701,per_usd
1990-11-01,2.702,per_usd
1990-11-02,2.702,per_usd
1990-11-05,2.7015,per_usd
1990-11-06,2.701,per_usd
1990-11-07,2.701,per_usd
1990-11-08,2.702,per_usd
1990-11-09,2.7005,per_usd
1990-11-13,2.6995,per_usd
1990-11-14,2.6985,per_usd
1990-11-15,2.6955,per_usd
1990-11-16,2.6965,per_usd
1990-11-19,2.693,per_usd
1990-11-20,2.69,per_usd
1990-11-21,2.681,per_usd
1990-11-23,2.682,per_usd
1990-11-26,2.6835,per_usd
1990-11-27,2.684,per_usd
1990-11-28,2.6865,per_usd
1990-11-29,2.6935,per_usd
1990-11-30,2.7045,per_usd
1990-12-03,2.7005,per_usd
1990-12-04,2.7005,per_usd
1990-12-05,2.699,per_usd
1990-12-06,2.7015,per_usd
1990-12-07,2.697,per_usd
1990-12-10,2.6965,per_usd
1990-12-11,2.697,per_usd
1990-12-12,2.6955,per_usd
1990-12-13,2.6935,per_usd
1990-12-14,2.6945,per_usd
1990-12-17,2.7,per_usd
1990-12-18,2.702,per_usd
1990-12-19,2.702,per_usd
1990-12-20,2.702,per_usd
1990-12-21,2.7065,per_usd
1990-12-24,2.7065,per_usd
1990-12-26,2.7193,per_usd
1990-12-27,2.729,per_usd
1990-12-28,2.7155,per_usd
1990-12-31,2.7025,per_usd
1991-01-02,2.7085,per_usd
1991-01-03,2.7065,per_usd
1991-01-04,2.708,per_usd
1991-01-07,2.721,per_usd
1991-01-08,2.7255,per_usd
1991-01-09,2.724,per_usd
1991-01-10,2.723,per_usd
1991-01-11,2.7248,per_usd
1991-01-14,2.724,per_usd
1991-01-15,2.7245,per_usd
1991-01-16,2.731,per_usd
1991-01-17,2.726,per_usd
1991-01-18,2.7215,per_usd
1991-01-22,2.7135,per_usd
1991-01-23,2.7128,per_usd
1991-01-24,2.702,per_usd
1991-01-25,2.702,per_usd
1991-01-28,2.699,per_usd
1991-01-29,2.6965,per_usd
1991-01-30,2.6995,per_usd
1991-01-31,2.6995,per_usd
1991-02-01,2.697,per_usd
1991-02-04,2.6935,per_usd
1991-02-05,2.6935,per_usd
1991-02-06,2.6825,per_usd
1991-02-07,2.6915,per_usd
1991-02-08,2.6915,per_usd
1991-02-11,2.688,per_usd
1991-02-12,2.692,per_usd
1991-02-13,2.6875,per_usd
1991-02-14,2.6855,per_usd
1991-02-15,2.6865,per_usd
1991-02-19,2.697,per_usd
1991-02-20,2.6975,per_usd
1991-02-21,2.6995,per_usd
1991-02-22,2.7005,per_usd
1991-02-25,2.7075,per_usd
1991-02-26,2.712,per_usd
1991-02-27,2.718,per_usd
1991-02-28,2.72,per_usd
1991-03-01,2.723,per_usd
1991-03-04,2.7255,per_usd
1991-03-05,2.7285,per_usd
1991-03-06,2.7345,per_usd
1991-03-07,2.7305,per_usd
1991-03-08,2.73,per_usd
1991-03-11,2.7335,per_usd
1991-03-12,2.7305,per_usd
1991-03-13,2.7315,per_usd
1991-03-14,2.7315,per_usd
1991-03-15,2.736,per_usd
1991-03-18,2.7395,per_usd
1991-03-19,2.7435,per_usd
1991-03-20,2.745,per_usd
1991-03-21,2.745,per_usd
1991-03-22,2.7449,per_usd
1991-03-25,2.754,per_usd
1991-03-26,2.762,per_usd
1991-03-27,2.766,per_usd
1991-03-28,2.775,per_usd
1991-03-29,2.767,per_usd
1991-04-01,2.7715,per_usd
1991-04-02,2.7625,per_usd
1991-04-03,2.7475,per_usd
1991-04-04,2.749,per_usd
1991-04-05,2.7445,per_usd
1991-04-08,2.7515,per_usd
1991-04-09,2.745,per_usd
1991-04-10,2.7385,per_usd
1991-04-11,2.7415,per_usd
1991-04-12,2.7395,per_usd
1991-04-15,2.7355,per_usd
1991-04-16,2.731,per_usd
1991-04-17,2.732,per_usd
1991-04-18,2.7355,per_usd
1991-04-19,2.748,per_usd
1991-04-22,2.762,per_usd
1991-04-23,2.762,per_usd
1991-04-24,2.756,per_usd
1991-04-25,2.761,per_usd
1991-04-26,2.758,per_usd
1991-04-29,2.7645,per_usd
1991-04-30,2.76,per_usd
1991-05-01,2.744,per_usd
1991-05-02,2.7515,per_usd
1991-05-03,2.756,per_usd
1991-05-06,2.758,per_usd
1991-05-07,2.756,per_usd
1991-05-08,2.7595,per_usd
1991-05-09,2.758,per_usd
1991-05-10,2.76,per_usd
1991-05-13,2.76,per_usd
1991-05-14,2.76,per_usd
1991-05-15,2.7545,per_usd
1991-05-16,2.752,per_usd
1991-05-17,2.7572,per_usd
1991-05-20,2.7655,per_usd
1991-05-21,2.762,per_usd
1991-05-22,2.757,per_usd
1991-05-23,2.758,per_usd
1991-05-24,2.759,per_usd
1991-05-28,2.759,per_usd
1991-05-29,2.7565,per_usd
1991-05-30,2.7565,per_usd
1991-05-31,2.7595,per_usd
1991-06-03,2.765,per_usd
1991-06-04,2.7665,per_usd
1991-06-05,2.7675,per_usd
1991-06-06,2.7695,per_usd
1991-06-07,2.77,per_usd
1991-06-10,2.7795,per_usd
1991-06-11,2.7785,per_usd
1991-06-12,2.784,per_usd
1991-06-13,2.796,per_usd
1991-06-14,2.789,per_usd
1991-06-17,2.791,per_usd
1991-06-18,2.793,per_usd
1991-06-19,2.7905,per_usd
1991-06-20,2.783,per_usd
1991-06-21,2.7833,per_usd
1991-06-24,2.783,per_usd
1991-06-25,2.783,per_usd
1991-06-26,2.7805,per_usd
1991-06-27,2.7805,per_usd
1991-06-28,2.787,per_usd
1991-07-01,2.79,per_usd
1991-07-02,2.793,per_usd
1991-07-03,2.7935,per_usd
1991-07-05,2.7945,per_usd
1991-07-08,2.787,per_usd
1991-07-09,2.787,per_usd
1991-07-10,2.789,per_usd
1991-07-11,2.788,per_usd
1991-07-12,2.782,per_usd
1991-07-15,2.782,per_usd
1991-07-16,2.783,per_usd
1991-07-17,2.785,per_usd
1991-07-18,2.785,per_usd
1991-07-19,2.782,per_usd
1991-07-22,2.784,per_usd
1991-07-23,2.788,per_usd
1991-07-24,2.783,per_usd
1991-07-25,2.784,per_usd
1991-07-26,2.787,per_usd
1991-07-29,2.787,per_usd
1991-07-30,2.788,per_usd
1991-07-31,2.7875,per_usd
1991-08-01,2.7865,per_usd
1991-08-02,2.789,per_usd
1991-08-05,2.783,per_usd
1991-08-06,2.775,per_usd
1991-08-07,2.7685,per_usd
1991-08-08,2.77,per_usd
1991-08-09,2.772,per_usd
1991-08-12,2.777,per_usd
1991-08-13,2.776,per_usd
1991-08-14,2.7795,per_usd
1991-08-15,2.771,per_usd
1991-08-16,2.777,per_usd
1991-08-19,2.789,per_usd
1991-08-20,2.79,per_usd
1991-08-21,2.786,per_usd
1991-08-22,2.782,per_usd
1991-08-23,2.782,per_usd
1991-08-26,2.7835,per_usd
1991-08-27,2.7835,per_usd
1991-08-28,2.786,per_usd
1991-08-29,2.7835,per_usd
1991-08-30,2.7835,per_usd
1991-09-03,2.783,per_usd
1991-09-04,2.783,per_usd
1991-09-05,2.78,per_usd
1991-09-06,2.775,per_usd
1991-09-09,2.769,per_usd
1991-09-10,2.755,per_usd
1991-09-11,2.76,per_usd
1991-09-12,2.756,per_usd
1991-09-13,2.7565,per_usd
1991-09-16,2.757,per_usd
1991-09-17,2.7513,per_usd
1991-09-18,2.752,per_usd
1991-09-19,2.7505,per_usd
1991-09-20,2.7515,per_usd
1991-09-23,2.7445,per_usd
1991-09-24,2.746,per_usd
1991-09-25,2.7465,per_usd
1991-09-26,2.7475,per_usd
1991-09-27,2.751,per_usd
1991-09-30,2.7385,per_usd
1991-10-01,2.74,per_usd
1991-10-02,2.7375,per_usd
1991-10-03,2.737,per_usd
1991-10-04,2.7365,per_usd
1991-10-07,2.7435,per_usd
1991-10-08,2.7445,per_usd
1991-10-09,2.7485,per_usd
1991-10-10,2.745,per_usd
1991-10-11,2.7455,per_usd
1991-10-15,2.7478,per_usd
1991-10-16,2.751,per_usd
1991-10-17,2.7485,per_usd
1991-10-18,2.7485,per_usd
1991-10-21,2.7478,per_usd
1991-10-22,2.749,per_usd
1991-10-23,2.752,per_usd
1991-10-24,2.7475,per_usd
1991-10-25,2.7495,per_usd
1991-10-28,2.7555,per_usd
1991-10-29,2.7555,per_usd
1991-10-30,2.751,per_usd
1991-10-31,2.751,per_usd
1991-11-01,2.749,per_usd
1991-11-04,2.741,per_usd
1991-11-05,2.7415,per_usd
1991-11-06,2.739,per_usd
1991-11-07,2.7425,per_usd
1991-11-08,2.7445,per_usd
1991-11-12,2.743,per_usd
1991-11-13,2.7415,per_usd
1991-11-14,2.7395,per_usd
1991-11-15,2.7415,per_usd
1991-11-18,2.734,per_usd
1991-11-19,2.7365,per_usd
1991-11-20,2.7385,per_usd
1991-11-21,2.739,per_usd
1991-11-22,2.738,per_usd
1991-11-25,2.7368,per_usd
1991-11-26,2.738,per_usd
1991-11-27,2.746,per_usd
1991-11-29,2.7535,per_usd
1991-12-02,2.751,per_usd
1991-12-03,2.752,per_usd
1991-12-04,2.7498,per_usd
1991-12-05,2.748,per_usd
1991-12-06,2.74,per_usd
1991-12-09,2.742,per_usd
1991-12-10,2.742,per_usd
1991-12-11,2.748,per_usd
1991-12-12,2.748,per_usd
1991-12-13,2.75,per_usd
1991-12-16,2.746,per_usd
1991-12-17,2.744,per_usd
1991-12-18,2.744,per_usd
1991-12-19,2.742,per_usd
1991-12-20,2.738,per_usd
1991-12-23,2.733,per_usd
1991-12-24,2.733,per_usd
1991-12-26,2.732,per_usd
1991-12-27,2.7385,per_usd
1991-12-30,2.733,per_usd
1991-12-31,2.722,per_usd
1992-01-02,2.723,per_usd
1992-01-03,2.72,per_usd
1992-01-06,2.711,per_usd
1992-01-07,2.704,per_usd
1992-01-08,2.705,per_usd
1992-01-09,2.7065,per_usd
1992-01-10,2.7175,per_usd
1992-01-13,2.716,per_usd
1992-01-14,2.706,per_usd
1992-01-15,2.718,per_usd
1992-01-16,2.7095,per_usd
1992-01-17,2.697,per_usd
1992-01-21,2.682,per_usd
1992-01-22,2.676,per_usd
1992-01-23,2.6775,per_usd
1992-01-24,2.665,per_usd
1992-01-27,2.659,per_usd
1992-01-28,2.664,per_usd
1992-01-29,2.6515,per_usd
1992-01-30,2.636,per_usd
1992-01-31,2.627,per_usd
1992-02-03,2.619,per_usd
1992-02-04,2.617,per_usd
1992-02-05,2.613,per_usd
1992-02-06,2.607,per_usd
1992-02-07,2.602,per_usd
1992-02-10,2.603,per_usd
1992-02-11,2.6085,per_usd
1992-02-12,2.617,per_usd
1992-02-13,2.616,per_usd
1992-02-14,2.597,per_usd
1992-02-18,2.5965,per_usd
1992-02-19,2.5945,per_usd
1992-02-20,2.589,per_usd
1992-02-21,2.5905,per_usd
1992-02-24,2.589,per_usd
1992-02-25,2.593,per_usd
1992-02-26,2.595,per_usd
1992-02-27,2.5905,per_usd
1992-02-28,2.586,per_usd
1992-03-02,2.58,per_usd
1992-03-03,2.578,per_usd
1992-03-04,2.574,per_usd
1992-03-05,2.567,per_usd
1992-03-06,2.567,per_usd
1992-03-09,2.559,per_usd
1992-03-10,2.566,per_usd
1992-03-11,2.564,per_usd
1992-03-12,2.5645,per_usd
1992-03-13,2.576,per_usd
1992-03-16,2.575,per_usd
1992-03-17,2.5935,per_usd
1992-03-18,2.603,per_usd
1992-03-19,2.5905,per_usd
1992-03-20,2.589,per_usd
1992-03-23,2.573,per_usd
1992-03-24,2.576,per_usd
1992-03-25,2.5765,per_usd
1992-03-26,2.589,per_usd
1992-03-27,2.589,per_usd
1992-03-30,2.582,per_usd
1992-03-31,2.5815,per_usd
1992-04-01,2.585,per_usd
1992-04-02,2.582,per_usd
1992-04-03,2.577,per_usd
1992-04-06,2.58,per_usd
1992-04-07,2.5715,per_usd
1992-04-08,2.5565,per_usd
1992-04-09,2.55,per_usd
1992-04-10,2.548,per_usd
1992-04-13,2.551,per_usd
1992-04-14,2.547,per_usd
1992-04-15,2.548,per_usd
1992-04-16,2.5545,per_usd
1992-04-17,2.5535,per_usd
1992-04-21,2.547,per_usd
1992-04-22,2.5455,per_usd
1992-04-23,2.5385,per_usd
1992-04-24,2.529,per_usd
1992-04-27,2.542,per_usd
1992-04-28,2.536,per_usd
1992-04-29,2.5255,per_usd
1992-04-30,2.527,per_usd
1992-05-01,2.524,per_usd
1992-05-04,2.517,per_usd
1992-05-05,2.5145,per_usd
1992-05-06,2.519,per_usd
1992-05-07,2.521,per_usd
1992-05-08,2.526,per_usd
1992-05-11,2.5375,per_usd
1992-05-12,2.516,per_usd
1992-05-13,2.523,per_usd
1992-05-14,2.525,per_usd
1992-05-15,2.526,per_usd
1992-05-18,2.52,per_usd
1992-05-19,2.522,per_usd
1992-05-20,2.525,per_usd
1992-05-21,2.5235,per_usd
1992-05-22,2.5224,per_usd
1992-05-26,2.5215,per_usd
1992-05-27,2.53,per_usd
1992-05-28,2.522,per_usd
1992-05-29,2.5105,per_usd
1992-06-01,2.546,per_usd
1992-06-02,2.532,per_usd
1992-06-03,2.5325,per_usd
1992-06-04,2.524,per_usd
1992-06-05,2.522,per_usd
1992-06-08,2.5185,per_usd
1992-06-09,2.521,per_usd
1992-06-10,2.5225,per_usd
1992-06-11,2.518,per_usd
1992-06-12,2.5165,per_usd
1992-06-15,2.52,per_usd
1992-06-16,2.519,per_usd
1992-06-17,2.5182,per_usd
1992-06-18,2.5175,per_usd
1992-06-19,2.5165,per_usd
1992-06-22,2.5155,per_usd
1992-06-23,2.512,per_usd
1992-06-24,2.5095,per_usd
1992-06-25,2.509,per_usd
1992-06-26,2.5093,per_usd
1992-06-29,2.5062,per_usd
1992-06-30,2.5047,per_usd
1992-07-01,2.504,per_usd
1992-07-02,2.5025,per_usd
1992-07-03,2.499,per_usd
1992-07-06,2.5015,per_usd
1992-07-07,2.4992,per_usd
1992-07-08,2.499,per_usd
1992-07-09,2.5,per_usd
1992-07-10,2.5008,per_usd
1992-07-13,2.498,per_usd
1992-07-14,2.498,per_usd
1992-07-15,2.499,per_usd
1992-07-16,2.4965,per_usd
1992-07-17,2.495,per_usd
1992-07-20,2.4995,per_usd
1992-07-21,2.4988,per_usd
1992-07-22,2.4992,per_usd
1992-07-23,2.4995,per_usd
1992-07-24,2.5008,per_usd
1992-07-27,2.501,per_usd
1992-07-28,2.5005,per_usd
1992-07-29,2.5013,per_usd
1992-07-30,2.503,per_usd
1992-07-31,2.501,per_usd
1992-08-03,2.502,per_usd
1992-08-04,2.502,per_usd
1992-08-05,2.5015,per_usd
1992-08-06,2.502,per_usd
1992-08-07,2.5006,per_usd
1992-08-10,2.5005,per_usd
1992-08-11,2.4995,per_usd
1992-08-12,2.4995,per_usd
1992-08-13,2.4995,per_usd
1992-08-14,2.5003,per_usd
1992-08-17,2.5005,per_usd
1992-08-18,2.5,per_usd
1992-08-19,2.4998,per_usd
1992-08-20,2.4983,per_usd
1992-08-21,2.496,per_usd
1992-08-24,2.491,per_usd
1992-08-25,2.4882,per_usd
1992-08-26,2.492,per_usd
1992-08-27,2.4925,per_usd
1992-08-28,2.4935,per_usd
1992-08-31,2.4935,per_usd
1992-09-01,2.491,per_usd
1992-09-02,2.4885,per_usd
1992-09-03,2.492,per_usd
1992-09-04,2.493,per_usd
1992-09-08,2.4905,per_usd
1992-09-09,2.492,per_usd
1992-09-10,2.495,per_usd
1992-09-11,2.4985,per_usd
1992-09-14,2.5105,per_usd
1992-09-15,2.512,per_usd
1992-09-16,2.515,per_usd
1992-09-17,2.512,per_usd
1992-09-18,2.518,per_usd
1992-09-21,2.513,per_usd
1992-09-22,2.507,per_usd
1992-09-23,2.511,per_usd
1992-09-24,2.509,per_usd
1992-09-25,2.509,per_usd
1992-09-28,2.51,per_usd
1992-09-29,2.498,per_usd
1992-09-30,2.495,per_usd
1992-10-01,2.497,per_usd
1992-10-02,2.4965,per_usd
1992-10-05,2.496,per_usd
1992-10-06,2.498,per_usd
1992-10-07,2.498,per_usd
1992-10-08,2.505,per_usd
1992-10-09,2.5085,per_usd
1992-10-13,2.5088,per_usd
1992-10-14,2.504,per_usd
1992-10-15,2.502,per_usd
1992-10-16,2.5045,per_usd
1992-10-19,2.5045,per_usd
1992-10-20,2.5095,per_usd
1992-10-21,2.5088,per_usd
1992-10-22,2.5035,per_usd
1992-10-23,2.5045,per_usd
1992-10-26,2.51,per_usd
1992-10-27,2.5052,per_usd
1992-10-28,2.508,per_usd
1992-10-29,2.51,per_usd
1992-10-30,2.511,per_usd
1992-11-02,2.5145,per_usd
1992-11-03,2.511,per_usd
1992-11-04,2.515,per_usd
1992-11-05,2.5172,per_usd
1992-11-06,2.5175,per_usd
1992-11-09,2.521,per_usd
1992-11-10,2.526,per_usd
1992-11-12,2.5242,per_usd
1992-11-13,2.519,per_usd
1992-11-16,2.5228,per_usd
1992-11-17,2.526,per_usd
1992-11-18,2.5244,per_usd
1992-11-19,2.5247,per_usd
1992-11-20,2.5245,per_usd
1992-11-23,2.5245,per_usd
1992-11-24,2.525,per_usd
1992-11-25,2.5255,per_usd
1992-11-27,2.5327,per_usd
1992-11-30,2.5355,per_usd
1992-12-01,2.535,per_usd
1992-12-02,2.54,per_usd
1992-12-03,2.5367,per_usd
1992-12-04,2.541,per_usd
1992-12-07,2.5415,per_usd
1992-12-08,2.5395,per_usd
1992-12-09,2.5395,per_usd
1992-12-10,2.542,per_usd
1992-12-11,2.5425,per_usd
1992-12-14,2.5572,per_usd
1992-12-15,2.585,per_usd
1992-12-16,2.5755,per_usd
1992-12-17,2.5775,per_usd
1992-12-18,2.582,per_usd
1992-12-21,2.5878,per_usd
1992-12-22,2.592,per_usd
1992-12-23,2.6,per_usd
1992-12-24,2.599,per_usd
1992-12-28,2.607,per_usd
1992-12-29,2.612,per_usd
1992-12-30,2.612,per_usd
1992-12-31,2.618,per_usd
1993-01-04,2.604,per_usd
1993-01-05,2.5915,per_usd
1993-01-06,2.5943,per_usd
1993-01-07,2.5985,per_usd
1993-01-08,2.598,per_usd
1993-01-11,2.5941,per_usd
1993-01-12,2.5952,per_usd
1993-01-13,2.6,per_usd
1993-01-14,2.598,per_usd
1993-01-15,2.5925,per_usd
1993-01-19,2.5942,per_usd
1993-01-20,2.5865,per_usd
1993-01-21,2.594,per_usd
1993-01-22,2.5925,per_usd
1993-01-25,2.59,per_usd
1993-01-26,2.597,per_usd
1993-01-27,2.6028,per_usd
1993-01-28,2.6203,per_usd
1993-01-29,2.628,per_usd
1993-02-01,2.624,per_usd
1993-02-02,2.627,per_usd
1993-02-03,2.622,per_usd
1993-02-04,2.635,per_usd
1993-02-05,2.628,per_usd
1993-02-08,2.63,per_usd
1993-02-09,2.6345,per_usd
1993-02-10,2.632,per_usd
1993-02-11,2.635,per_usd
1993-02-12,2.634,per_usd
1993-02-16,2.63,per_usd
1993-02-17,2.627,per_usd
1993-02-18,2.628,per_usd
1993-02-19,2.628,per_usd
1993-02-22,2.629,per_usd
1993-02-23,2.627,per_usd
1993-02-24,2.6265,per_usd
1993-02-25,2.631,per_usd
1993-02-26,2.632,per_usd
1993-03-01,2.631,per_usd
1993-03-02,2.6235,per_usd
1993-03-03,2.617,per_usd
1993-03-04,2.6168,per_usd
1993-03-05,2.619,per_usd
1993-03-08,2.616,per_usd
1993-03-09,2.616,per_usd
1993-03-10,2.6115,per_usd
1993-03-11,2.607,per_usd
1993-03-12,2.6045,per_usd
1993-03-15,2.602,per_usd
1993-03-16,2.597,per_usd
1993-03-17,2.5955,per_usd
1993-03-18,2.6,per_usd
1993-03-19,2.594,per_usd
1993-03-22,2.5965,per_usd
1993-03-23,2.598,per_usd
1993-03-24,2.598,per_usd
1993-03-25,2.5985,per_usd
1993-03-26,2.6,per_usd
1993-03-29,2.5917,per_usd
1993-03-30,2.592,per_usd
1993-03-31,2.592,per_usd
1993-04-01,2.593,per_usd
1993-04-02,2.5908,per_usd
1993-04-05,2.59,per_usd
1993-04-06,2.582,per_usd
1993-04-07,2.58,per_usd
1993-04-08,2.5765,per_usd
1993-04-09,2.579,per_usd
1993-04-12,2.578,per_usd
1993-04-13,2.5788,per_usd
1993-04-14,2.582,per_usd
1993-04-15,2.5825,per_usd
1993-04-16,2.582,per_usd
1993-04-19,2.5765,per_usd
1993-04-20,2.5735,per_usd
1993-04-21,2.5732,per_usd
1993-04-22,2.572,per_usd
1993-04-23,2.5705,per_usd
1993-04-26,2.5695,per_usd
1993-04-27,2.571,per_usd
1993-04-28,2.571,per_usd
1993-04-29,2.5705,per_usd
1993-04-30,2.568,per_usd
1993-05-03,2.568,per_usd
1993-05-04,2.5643,per_usd
1993-05-05,2.565,per_usd
1993-05-06,2.565,per_usd
1993-05-07,2.5655,per_usd
1993-05-10,2.567,per_usd
1993-05-11,2.5708,per_usd
1993-05-12,2.568,per_usd
1993-05-13,2.5682,per_usd
1993-05-14,2.5685,per_usd
1993-05-17,2.568,per_usd
1993-05-18,2.5708,per_usd
1993-05-19,2.569,per_usd
1993-05-20,2.5675,per_usd
1993-05-21,2.5643,per_usd
1993-05-24,2.5665,per_usd
1993-05-25,2.567,per_usd
1993-05-26,2.562,per_usd
1993-05-27,2.5603,per_usd
1993-05-28,2.557,per_usd
1993-06-01,2.554,per_usd
1993-06-02,2.5547,per_usd
1993-06-03,2.555,per_usd
1993-06-04,2.5565,per_usd
1993-06-07,2.5558,per_usd
1993-06-08,2.5553,per_usd
1993-06-09,2.5568,per_usd
1993-06-10,2.5575,per_usd
1993-06-11,2.575,per_usd
1993-06-14,2.564,per_usd
1993-06-15,2.5605,per_usd
1993-06-16,2.5649,per_usd
1993-06-17,2.568,per_usd
1993-06-18,2.573,per_usd
1993-06-21,2.596,per_usd
1993-06-22,2.589,per_usd
1993-06-23,2.586,per_usd
1993-06-24,2.5885,per_usd
1993-06-25,2.586,per_usd
1993-06-28,2.582,per_usd
1993-06-29,2.5805,per_usd
1993-06-30,2.572,per_usd
1993-07-01,2.5773,per_usd
1993-07-02,2.5727,per_usd
1993-07-06,2.5748,per_usd
1993-07-07,2.5713,per_usd
1993-07-08,2.5665,per_usd
1993-07-09,2.5735,per_usd
1993-07-12,2.5746,per_usd
1993-07-13,2.5695,per_usd
1993-07-14,2.5697,per_usd
1993-07-15,2.572,per_usd
1993-07-16,2.521,per_usd
1993-07-19,2.571,per_usd
1993-07-20,2.571,per_usd
1993-07-21,2.5682,per_usd
1993-07-22,2.5685,per_usd
1993-07-23,2.5665,per_usd
1993-07-26,2.5665,per_usd
1993-07-27,2.5663,per_usd
1993-07-28,2.562,per_usd
1993-07-29,2.565,per_usd
1993-07-30,2.5635,per_usd
1993-08-02,2.561,per_usd
1993-08-03,2.561,per_usd
1993-08-04,2.551,per_usd
1993-08-05,2.5512,per_usd
1993-08-06,2.55,per_usd
1993-08-09,2.5508,per_usd
1993-08-10,2.552,per_usd
1993-08-11,2.5525,per_usd
1993-08-12,2.5535,per_usd
1993-08-13,2.5522,per_usd
1993-08-16,2.5508,per_usd
1993-08-17,2.551,per_usd
1993-08-18,2.5475,per_usd
1993-08-19,2.5485,per_usd
1993-08-20,2.554,per_usd
1993-08-23,2.5505,per_usd
1993-08-24,2.5496,per_usd
1993-08-25,2.55,per_usd
1993-08-26,2.549,per_usd
1993-08-27,2.5497,per_usd
1993-08-30,2.5475,per_usd
1993-08-31,2.548,per_usd
1993-09-01,2.5485,per_usd
1993-09-02,2.548,per_usd
1993-09-03,2.549,per_usd
1993-09-07,2.547,per_usd
1993-09-08,2.5448,per_usd
1993-09-09,2.5433,per_usd
1993-09-10,2.544,per_usd
1993-09-13,2.5435,per_usd
1993-09-14,2.5422,per_usd
1993-09-15,2.5442,per_usd
1993-09-16,2.5478,per_usd
1993-09-17,2.5495,per_usd
1993-09-20,2.5465,per_usd
1993-09-21,2.549,per_usd
1993-09-22,2.55,per_usd
1993-09-23,2.553,per_usd
1993-09-24,2.5505,per_usd
1993-09-27,2.5525,per_usd
1993-09-28,2.55,per_usd
1993-09-29,2.5485,per_usd
1993-09-30,2.545,per_usd
1993-10-01,2.5482,per_usd
1993-10-04,2.5477,per_usd
1993-10-05,2.545,per_usd
1993-10-06,2.5435,per_usd
1993-10-07,2.552,per_usd
1993-10-08,2.5415,per_usd
1993-10-12,2.543,per_usd
1993-10-13,2.5437,per_usd
1993-10-14,2.5435,per_usd
1993-10-15,2.5435,per_usd
1993-10-18,2.544,per_usd
1993-10-19,2.5445,per_usd
1993-10-20,2.5445,per_usd
1993-10-21,2.545,per_usd
1993-10-22,2.548,per_usd
1993-10-25,2.5495,per_usd
1993-10-26,2.555,per_usd
1993-10-27,2.5583,per_usd
1993-10-28,2.5595,per_usd
1993-10-29,2.556,per_usd
1993-11-01,2.5625,per_usd
1993-11-02,2.5608,per_usd
1993-11-03,2.561,per_usd
1993-11-04,2.565,per_usd
1993-11-05,2.5555,per_usd
1993-11-08,2.558,per_usd
1993-11-09,2.5515,per_usd
1993-11-10,2.55,per_usd
1993-11-12,2.5505,per_usd
1993-11-15,2.5483,per_usd
1993-11-16,2.548,per_usd
1993-11-17,2.5525,per_usd
1993-11-18,2.5503,per_usd
1993-11-19,2.5525,per_usd
1993-11-22,2.551,per_usd
1993-11-23,2.5525,per_usd
1993-11-24,2.5508,per_usd
1993-11-26,2.557,per_usd
1993-11-29,2.559,per_usd
1993-11-30,2.5585,per_usd
1993-12-01,2.5575,per_usd
1993-12-02,2.5585,per_usd
1993-12-03,2.5548,per_usd
1993-12-06,2.553,per_usd
1993-12-07,2.5523,per_usd
1993-12-08,2.5535,per_usd
1993-12-09,2.5525,per_usd
1993-12-10,2.5525,per_usd
1993-12-13,2.548,per_usd
1993-12-14,2.549,per_usd
1993-12-15,2.5498,per_usd
1993-12-16,2.5495,per_usd
1993-12-17,2.55,per_usd
1993-12-20,2.5516,per_usd
1993-12-21,2.5523,per_usd
1993-12-22,2.5535,per_usd
1993-12-23,2.5645,per_usd
1993-12-24,2.572,per_usd
1993-12-27,2.588,per_usd
1993-12-28,2.602,per_usd
1993-12-29,2.642,per_usd
1993-12-30,2.693,per_usd
1993-12-31,2.695,per_usd
1994-01-03,2.6705,per_usd
1994-01-04,2.632,per_usd
1994-01-05,2.6267,per_usd
1994-01-06,2.6308,per_usd
1994-01-07,2.629,per_usd
1994-01-10,2.666,per_usd
1994-01-11,2.74,per_usd
1994-01-12,2.733,per_usd
1994-01-13,2.734,per_usd
1994-01-14,2.736,per_usd
1994-01-18,2.732,per_usd
1994-01-19,2.7315,per_usd
1994-01-20,2.745,per_usd
1994-01-21,2.744,per_usd
1994-01-24,2.763,per_usd
1994-01-25,2.764,per_usd
1994-01-26,2.7515,per_usd
1994-01-27,2.7558,per_usd
1994-01-28,2.765,per_usd
1994-01-31,2.771,per_usd
1994-02-01,2.77,per_usd
1994-02-02,2.7705,per_usd
1994-02-03,2.769,per_usd
1994-02-04,2.7685,per_usd
1994-02-07,2.766,per_usd
1994-02-08,2.761,per_usd
1994-02-09,2.76,per_usd
1994-02-10,2.7625,per_usd
1994-02-11,2.7625,per_usd
1994-02-14,2.7538,per_usd
1994-02-15,2.7815,per_usd
1994-02-16,2.7905,per_usd
1994-02-17,2.781,per_usd
1994-02-18,2.782,per_usd
1994-02-22,2.773,per_usd
1994-02-23,2.746,per_usd
1994-02-24,2.736,per_usd
1994-02-25,2.726,per_usd
1994-02-28,2.7265,per_usd
1994-03-01,2.725,per_usd
1994-03-02,2.7175,per_usd
1994-03-03,2.723,per_usd
1994-03-04,2.7252,per_usd
1994-03-07,2.723,per_usd
1994-03-08,2.723,per_usd
1994-03-09,2.7202,per_usd
1994-03-10,2.721,per_usd
1994-03-11,2.722,per_usd
1994-03-14,2.728,per_usd
1994-03-15,2.737,per_usd
1994-03-16,2.7265,per_usd
1994-03-17,2.7175,per_usd
1994-03-18,2.721,per_usd
1994-03-21,2.7288,per_usd
1994-03-22,2.725,per_usd
1994-03-23,2.724,per_usd
1994-03-24,2.7225,per_usd
1994-03-25,2.715,per_usd
1994-03-28,2.688,per_usd
1994-03-29,2.689,per_usd
1994-03-30,2.6875,per_usd
1994-03-31,2.683,per_usd
1994-04-01,2.679,per_usd
1994-04-04,2.677,per_usd
1994-04-05,2.6915,per_usd
1994-04-06,2.6925,per_usd
1994-04-07,2.688,per_usd
1994-04-08,2.6865,per_usd
1994-04-11,2.688,per_usd
1994-04-12,2.6945,per_usd
1994-04-13,2.695,per_usd
1994-04-14,2.685,per_usd
1994-04-15,2.6885,per_usd
1994-04-18,2.6915,per_usd
1994-04-19,2.6858,per_usd
1994-04-20,2.6895,per_usd
1994-04-21,2.6905,per_usd
1994-04-22,2.6905,per_usd
1994-04-25,2.6915,per_usd
1994-04-26,2.6935,per_usd
1994-04-27,2.694,per_usd
1994-04-28,2.692,per_usd
1994-04-29,2.6785,per_usd
1994-05-02,2.678,per_usd
1994-05-03,2.6738,per_usd
1994-05-04,2.6785,per_usd
1994-05-05,2.655,per_usd
1994-05-06,2.642,per_usd
1994-05-09,2.6115,per_usd
1994-05-10,2.6165,per_usd
1994-05-11,2.613,per_usd
1994-05-12,2.612,per_usd
1994-05-13,2.61,per_usd
1994-05-16,2.6125,per_usd
1994-05-17,2.617,per_usd
1994-05-18,2.6088,per_usd
1994-05-19,2.595,per_usd
1994-05-20,2.59,per_usd
1994-05-23,2.5927,per_usd
1994-05-24,2.5982,per_usd
1994-05-25,2.5955,per_usd
1994-05-26,2.5855,per_usd
1994-05-27,2.5895,per_usd
1994-05-31,2.58,per_usd
1994-06-01,2.5798,per_usd
1994-06-02,2.5895,per_usd
1994-06-03,2.59,per_usd
1994-06-06,2.592,per_usd
1994-06-07,2.5955,per_usd
1994-06-08,2.5915,per_usd
1994-06-09,2.5963,per_usd
1994-06-10,2.5965,per_usd
1994-06-13,2.5932,per_usd
1994-06-14,2.597,per_usd
1994-06-15,2.5973,per_usd
1994-06-16,2.5995,per_usd
1994-06-17,2.5935,per_usd
1994-06-20,2.5955,per_usd
1994-06-21,2.5955,per_usd
1994-06-22,2.5885,per_usd
1994-06-23,2.587,per_usd
1994-06-24,2.5904,per_usd
1994-06-27,2.596,per_usd
1994-06-28,2.598,per_usd
1994-06-29,2.6045,per_usd
1994-06-30,2.6043,per_usd
1994-07-01,2.6048,per_usd
1994-07-05,2.6053,per_usd
1994-07-06,2.6052,per_usd
1994-07-07,2.5978,per_usd
1994-07-08,2.597,per_usd
1994-07-11,2.5912,per_usd
1994-07-12,2.587,per_usd
1994-07-13,2.589,per_usd
1994-07-14,2.59,per_usd
1994-07-15,2.595,per_usd
1994-07-18,2.5945,per_usd
1994-07-19,2.595,per_usd
1994-07-20,2.5935,per_usd
1994-07-21,2.5915,per_usd
1994-07-22,2.5913,per_usd
1994-07-25,2.5915,per_usd
1994-07-26,2.5937,per_usd
1994-07-27,2.5935,per_usd
1994-07-28,2.595,per_usd
1994-07-29,2.5945,per_usd
1994-08-01,2.5943,per_usd
1994-08-02,2.589,per_usd
1994-08-03,2.5755,per_usd
1994-08-04,2.568,per_usd
1994-08-05,2.573,per_usd
1994-08-08,2.5815,per_usd
1994-08-09,2.5783,per_usd
1994-08-10,2.5813,per_usd
1994-08-11,2.561,per_usd
1994-08-12,2.5565,per_usd
1994-08-15,2.562,per_usd
1994-08-16,2.5615,per_usd
1994-08-17,2.5615,per_usd
1994-08-18,2.554,per_usd
1994-08-19,2.547,per_usd
1994-08-22,2.5515,per_usd
1994-08-23,2.551,per_usd
1994-08-24,2.5475,per_usd
1994-08-25,2.5465,per_usd
1994-08-26,2.5483,per_usd
1994-08-29,2.5535,per_usd
1994-08-30,2.5525,per_usd
1994-08-31,2.56,per_usd
1994-09-01,2.557,per_usd
1994-09-02,2.5495,per_usd
1994-09-06,2.554,per_usd
1994-09-07,2.5555,per_usd
1994-09-08,2.559,per_usd
1994-09-09,2.5555,per_usd
1994-09-12,2.553,per_usd
1994-09-13,2.5535,per_usd
1994-09-14,2.5535,per_usd
1994-09-15,2.5563,per_usd
1994-09-16,2.5555,per_usd
1994-09-19,2.5565,per_usd
1994-09-20,2.5543,per_usd
1994-09-21,2.556,per_usd
1994-09-22,2.5575,per_usd
1994-09-23,2.5565,per_usd
1994-09-26,2.5665,per_usd
1994-09-27,2.5615,per_usd
1994-09-28,2.566,per_usd
1994-09-29,2.566,per_usd
1994-09-30,2.5635,per_usd
1994-10-03,2.567,per_usd
1994-10-04,2.5655,per_usd
1994-10-05,2.5647,per_usd
1994-10-06,2.562,per_usd
1994-10-07,2.5653,per_usd
1994-10-11,2.572,per_usd
1994-10-12,2.572,per_usd
1994-10-13,2.57,per_usd
1994-10-14,2.561,per_usd
1994-10-17,2.5555,per_usd
1994-10-18,2.556,per_usd
1994-10-19,2.547,per_usd
1994-10-20,2.5472,per_usd
1994-10-21,2.5585,per_usd
1994-10-24,2.5535,per_usd
1994-10-25,2.549,per_usd
1994-10-26,2.5518,per_usd
1994-10-27,2.552,per_usd
1994-10-28,2.553,per_usd
1994-10-31,2.5555,per_usd
1994-11-01,2.559,per_usd
1994-11-02,2.557,per_usd
1994-11-03,2.56,per_usd
1994-11-04,2.564,per_usd
1994-11-07,2.5632,per_usd
1994-11-08,2.558,per_usd
1994-11-09,2.5595,per_usd
1994-11-10,2.5605,per_usd
1994-11-14,2.5625,per_usd
1994-11-15,2.564,per_usd
1994-11-16,2.5645,per_usd
1994-11-17,2.565,per_usd
1994-11-18,2.5665,per_usd
1994-11-21,2.5675,per_usd
1994-11-22,2.5535,per_usd
1994-11-23,2.5555,per_usd
1994-11-25,2.5585,per_usd
1994-11-28,2.5575,per_usd
1994-11-29,2.555,per_usd
1994-11-30,2.5563,per_usd
1994-12-01,2.558,per_usd
1994-12-02,2.5589,per_usd
1994-12-05,2.5645,per_usd
1994-12-06,2.565,per_usd
1994-12-07,2.5645,per_usd
1994-12-08,2.565,per_usd
1994-12-09,2.5645,per_usd
1994-12-12,2.5635,per_usd
1994-12-13,2.5643,per_usd
1994-12-14,2.564,per_usd
1994-12-15,2.5644,per_usd
1994-12-16,2.5645,per_usd
1994-12-19,2.5665,per_usd
1994-12-20,2.5585,per_usd
1994-12-21,2.5615,per_usd
1994-12-22,2.5635,per_usd
1994-12-23,2.5633,per_usd
1994-12-27,2.5625,per_usd
1994-12-28,2.563,per_usd
1994-12-29,2.5602,per_usd
1994-12-30,2.5545,per_usd
1995-01-03,2.5498,per_usd
1995-01-04,2.553,per_usd
1995-01-05,2.5505,per_usd
1995-01-06,2.5523,per_usd
1995-01-09,2.552,per_usd
1995-01-10,2.555,per_usd
1995-01-11,2.5545,per_usd
1995-01-12,2.5605,per_usd
1995-01-13,2.5605,per_usd
1995-01-17,2.55,per_usd
1995-01-18,2.554,per_usd
1995-01-19,2.5535,per_usd
1995-01-20,2.552,per_usd
1995-01-23,2.557,per_usd
1995-01-24,2.5615,per_usd
1995-01-25,2.562,per_usd
1995-01-26,2.5595,per_usd
1995-01-27,2.5572,per_usd
1995-01-30,2.5595,per_usd
1995-01-31,2.558,per_usd
1995-02-01,2.5542,per_usd
1995-02-02,2.5547,per_usd
1995-02-03,2.5546,per_usd
1995-02-06,2.5536,per_usd
1995-02-07,2.5523,per_usd
1995-02-08,2.5501,per_usd
1995-02-09,2.5484,per_usd
1995-02-10,2.5485,per_usd
1995-02-13,2.549,per_usd
1995-02-14,2.5517,per_usd
1995-02-15,2.5525,per_usd
1995-02-16,2.552,per_usd
1995-02-17,2.554,per_usd
1995-02-21,2.554,per_usd
1995-02-22,2.5545,per_usd
1995-02-23,2.554,per_usd
1995-02-24,2.5536,per_usd
1995-02-27,2.554,per_usd
1995-02-28,2.5532,per_usd
1995-03-01,2.5526,per_usd
1995-03-02,2.5518,per_usd
1995-03-03,2.5503,per_usd
1995-03-06,2.5445,per_usd
1995-03-07,2.5445,per_usd
1995-03-08,2.55,per_usd
1995-03-09,2.548,per_usd
1995-03-10,2.552,per_usd
1995-03-13,2.5517,per_usd
1995-03-14,2.5525,per_usd
1995-03-15,2.545,per_usd
1995-03-16,2.5475,per_usd
1995-03-17,2.5515,per_usd
1995-03-20,2.5502,per_usd
1995-03-21,2.5505,per_usd
1995-03-22,2.5495,per_usd
1995-03-23,2.5505,per_usd
1995-03-24,2.546,per_usd
1995-03-27,2.5385,per_usd
1995-03-28,2.536,per_usd
1995-03-29,2.5345,per_usd
1995-03-30,2.5395,per_usd
1995-03-31,2.531,per_usd
1995-04-03,2.5253,per_usd
1995-04-04,2.523,per_usd
1995-04-05,2.5,per_usd
1995-04-06,2.4925,per_usd
1995-04-07,2.494,per_usd
1995-04-10,2.486,per_usd
1995-04-11,2.4875,per_usd
1995-04-12,2.4745,per_usd
1995-04-13,2.4675,per_usd
1995-04-14,2.4645,per_usd
1995-04-17,2.4635,per_usd
1995-04-18,2.4685,per_usd
1995-04-19,2.4665,per_usd
1995-04-20,2.4727,per_usd
1995-04-21,2.466,per_usd
1995-04-24,2.4595,per_usd
1995-04-25,2.4535,per_usd
1995-04-26,2.4675,per_usd
1995-04-27,2.4685,per_usd
1995-04-28,2.472,per_usd
1995-05-01,2.471,per_usd
1995-05-02,2.4655,per_usd
1995-05-03,2.4605,per_usd
1995-05-04,2.4613,per_usd
1995-05-05,2.4673,per_usd
1995-05-08,2.4625,per_usd
1995-05-09,2.4642,per_usd
1995-05-10,2.4665,per_usd
1995-05-11,2.4733,per_usd
1995-05-12,2.4915,per_usd
1995-05-15,2.494,per_usd
1995-05-16,2.482,per_usd
1995-05-17,2.4725,per_usd
1995-05-18,2.474,per_usd
1995-05-19,2.464,per_usd
1995-05-22,2.4623,per_usd
1995-05-23,2.462,per_usd
1995-05-24,2.4615,per_usd
1995-05-25,2.4573,per_usd
1995-05-26,2.4605,per_usd
1995-05-30,2.4658,per_usd
1995-05-31,2.465,per_usd
1995-06-01,2.462,per_usd
1995-06-02,2.4563,per_usd
1995-06-05,2.4527,per_usd
1995-06-06,2.437,per_usd
1995-06-07,2.4392,per_usd
1995-06-08,2.4385,per_usd
1995-06-09,2.4418,per_usd
1995-06-12,2.4405,per_usd
1995-06-13,2.4405,per_usd
1995-06-14,2.389,per_usd
1995-06-15,2.4438,per_usd
1995-06-16,2.442,per_usd
1995-06-19,2.4415,per_usd
1995-06-20,2.4392,per_usd
1995-06-21,2.437,per_usd
1995-06-22,2.439,per_usd
1995-06-23,2.4383,per_usd
1995-06-26,2.4377,per_usd
1995-06-27,2.4375,per_usd
1995-06-28,2.4395,per_usd
1995-06-29,2.4395,per_usd
1995-06-30,2.4378,per_usd
1995-07-03,2.4387,per_usd
1995-07-05,2.442,per_usd
1995-07-06,2.4422,per_usd
1995-07-07,2.4442,per_usd
1995-07-10,2.4495,per_usd
1995-07-11,2.4557,per_usd
1995-07-12,2.452,per_usd
1995-07-13,2.4495,per_usd
1995-07-14,2.4489,per_usd
1995-07-17,2.4505,per_usd
1995-07-18,2.4485,per_usd
1995-07-19,2.4488,per_usd
1995-07-20,2.45,per_usd
1995-07-21,2.4495,per_usd
1995-07-24,2.452,per_usd
1995-07-25,2.4545,per_usd
1995-07-26,2.453,per_usd
1995-07-27,2.4554,per_usd
1995-07-28,2.4575,per_usd
1995-07-31,2.457,per_usd
1995-08-01,2.45,per_usd
1995-08-02,2.4595,per_usd
1995-08-03,2.461,per_usd
1995-08-04,2.462,per_usd
1995-08-07,2.4705,per_usd
1995-08-08,2.4685,per_usd
1995-08-09,2.4675,per_usd
1995-08-10,2.4715,per_usd
1995-08-11,2.4735,per_usd
1995-08-14,2.4717,per_usd
1995-08-15,2.484,per_usd
1995-08-16,2.495,per_usd
1995-08-17,2.4935,per_usd
1995-08-18,2.4915,per_usd
1995-08-21,2.4933,per_usd
1995-08-22,2.4994,per_usd
1995-08-23,2.4975,per_usd
1995-08-24,2.4968,per_usd
1995-08-25,2.4885,per_usd
1995-08-28,2.4865,per_usd
1995-08-29,2.494,per_usd
1995-08-30,2.5,per_usd
1995-08-31,2.495,per_usd
1995-09-01,2.4955,per_usd
1995-09-05,2.4958,per_usd
1995-09-06,2.5,per_usd
1995-09-07,2.4985,per_usd
1995-09-08,2.5027,per_usd
1995-09-11,2.4994,per_usd
1995-09-12,2.5022,per_usd
1995-09-13,2.5095,per_usd
1995-09-14,2.5185,per_usd
1995-09-15,2.5235,per_usd
1995-09-18,2.5265,per_usd
1995-09-19,2.5315,per_usd
1995-09-20,2.5273,per_usd
1995-09-21,2.5148,per_usd
1995-09-22,2.51,per_usd
1995-09-25,2.524,per_usd
1995-09-26,2.5265,per_usd
1995-09-27,2.5188,per_usd
1995-09-28,2.511,per_usd
1995-09-29,2.512,per_usd
1995-10-02,2.5225,per_usd
1995-10-03,2.5275,per_usd
1995-10-04,2.5271,per_usd
1995-10-05,2.5335,per_usd
1995-10-06,2.5364,per_usd
1995-10-10,2.5365,per_usd
1995-10-11,2.54,per_usd
1995-10-12,2.544,per_usd
1995-10-13,2.5445,per_usd
1995-10-16,2.542,per_usd
1995-10-17,2.5227,per_usd
1995-10-18,2.526,per_usd
1995-10-19,2.5263,per_usd
1995-10-20,2.5258,per_usd
1995-10-23,2.5155,per_usd
1995-10-24,2.5225,per_usd
1995-10-25,2.5319,per_usd
1995-10-26,2.5395,per_usd
1995-10-27,2.532,per_usd
1995-10-30,2.543,per_usd
1995-10-31,2.5412,per_usd
1995-11-01,2.5463,per_usd
1995-11-02,2.5449,per_usd
1995-11-03,2.5454,per_usd
1995-11-06,2.541,per_usd
1995-11-07,2.542,per_usd
1995-11-08,2.535,per_usd
1995-11-09,2.532,per_usd
1995-11-10,2.534,per_usd
1995-11-13,2.538,per_usd
1995-11-14,2.5325,per_usd
1995-11-15,2.533,per_usd
1995-11-16,2.5334,per_usd
1995-11-17,2.5315,per_usd
1995-11-20,2.538,per_usd
1995-11-21,2.5415,per_usd
1995-11-22,2.541,per_usd
1995-11-24,2.5425,per_usd
1995-11-27,2.543,per_usd
1995-11-28,2.5427,per_usd
1995-11-29,2.543,per_usd
1995-11-30,2.537,per_usd
1995-12-01,2.531,per_usd
1995-12-04,2.5335,per_usd
1995-12-05,2.541,per_usd
1995-12-06,2.54,per_usd
1995-12-07,2.5383,per_usd
1995-12-08,2.538,per_usd
1995-12-11,2.5384,per_usd
1995-12-12,2.5415,per_usd
1995-12-13,2.5435,per_usd
1995-12-14,2.541,per_usd
1995-12-15,2.544,per_usd
1995-12-18,2.5442,per_usd
1995-12-19,2.5425,per_usd
1995-12-20,2.544,per_usd
1995-12-21,2.5366,per_usd
1995-12-22,2.5385,per_usd
1995-12-26,2.539,per_usd
1995-12-27,2.5415,per_usd
1995-12-28,2.541,per_usd
1995-12-29,2.54,per_usd
1996-01-02,2.5413,per_usd
1996-01-03,2.5472,per_usd
1996-01-04,2.5608,per_usd
1996-01-05,2.553,per_usd
1996-01-08,2.5583,per_usd
1996-01-09,2.559,per_usd
1996-01-10,2.555,per_usd
1996-01-11,2.556,per_usd
1996-01-12,2.5623,per_usd
1996-01-16,2.563,per_usd
1996-01-17,2.5573,per_usd
1996-01-18,2.5528,per_usd
1996-01-19,2.551,per_usd
1996-01-22,2.554,per_usd
1996-01-23,2.555,per_usd
1996-01-24,2.5621,per_usd
1996-01-25,2.561,per_usd
1996-01-26,2.554,per_usd
1996-01-29,2.5585,per_usd
1996-01-30,2.5605,per_usd
1996-01-31,2.56,per_usd
1996-02-01,2.5575,per_usd
1996-02-02,2.5531,per_usd
1996-02-05,2.5455,per_usd
1996-02-06,2.5435,per_usd
1996-02-07,2.5425,per_usd
1996-02-08,2.5525,per_usd
1996-02-09,2.5475,per_usd
1996-02-12,2.5465,per_usd
1996-02-13,2.5475,per_usd
1996-02-14,2.544,per_usd
1996-02-15,2.5435,per_usd
1996-02-16,2.5545,per_usd
1996-02-20,2.5485,per_usd
1996-02-21,2.552,per_usd
1996-02-22,2.5523,per_usd
1996-02-23,2.5545,per_usd
1996-02-26,2.5442,per_usd
1996-02-27,2.5475,per_usd
1996-02-28,2.548,per_usd
1996-02-29,2.549,per_usd
1996-03-01,2.5455,per_usd
1996-03-04,2.546,per_usd
1996-03-05,2.5425,per_usd
1996-03-06,2.5375,per_usd
1996-03-07,2.5385,per_usd
1996-03-08,2.5425,per_usd
1996-03-11,2.543,per_usd
1996-03-12,2.546,per_usd
1996-03-13,2.543,per_usd
1996-03-14,2.5395,per_usd
1996-03-15,2.5405,per_usd
1996-03-18,2.5398,per_usd
1996-03-19,2.542,per_usd
1996-03-20,2.5452,per_usd
1996-03-21,2.5455,per_usd
1996-03-22,2.5438,per_usd
1996-03-25,2.5434,per_usd
1996-03-26,2.5415,per_usd
1996-03-27,2.5433,per_usd
1996-03-28,2.537,per_usd
1996-03-29,2.5307,per_usd
1996-04-01,2.531,per_usd
1996-04-02,2.527,per_usd
1996-04-03,2.5308,per_usd
1996-04-04,2.53,per_usd
1996-04-05,2.532,per_usd
1996-04-08,2.5323,per_usd
1996-04-09,2.5332,per_usd
1996-04-10,2.5235,per_usd
1996-04-11,2.5135,per_usd
1996-04-12,2.5175,per_usd
1996-04-15,2.5115,per_usd
1996-04-16,2.505,per_usd
1996-04-17,2.4934,per_usd
1996-04-18,2.498,per_usd
1996-04-19,2.4955,per_usd
1996-04-22,2.4918,per_usd
1996-04-23,2.499,per_usd
1996-04-24,2.4995,per_usd
1996-04-25,2.5045,per_usd
1996-04-26,2.4934,per_usd
1996-04-29,2.4933,per_usd
1996-04-30,2.4935,per_usd
1996-05-01,2.4925,per_usd
1996-05-02,2.4947,per_usd
1996-05-03,2.4953,per_usd
1996-05-06,2.4955,per_usd
1996-05-07,2.494,per_usd
1996-05-08,2.4835,per_usd
1996-05-09,2.49,per_usd
1996-05-10,2.4888,per_usd
1996-05-13,2.4895,per_usd
1996-05-14,2.4957,per_usd
1996-05-15,2.4925,per_usd
1996-05-16,2.493,per_usd
1996-05-17,2.4893,per_usd
1996-05-20,2.49,per_usd
1996-05-21,2.4935,per_usd
1996-05-22,2.4935,per_usd
1996-05-23,2.493,per_usd
1996-05-24,2.5002,per_usd
1996-05-28,2.497,per_usd
1996-05-29,2.501,per_usd
1996-05-30,2.4995,per_usd
1996-05-31,2.498,per_usd
1996-06-03,2.5003,per_usd
1996-06-04,2.504,per_usd
1996-06-05,2.4983,per_usd
1996-06-06,2.4977,per_usd
1996-06-07,2.498,per_usd
1996-06-10,2.4985,per_usd
1996-06-11,2.4982,per_usd
1996-06-12,2.492,per_usd
1996-06-13,2.493,per_usd
1996-06-14,2.4955,per_usd
1996-06-17,2.4953,per_usd
1996-06-18,2.4947,per_usd
1996-06-19,2.4932,per_usd
1996-06-20,2.4948,per_usd
1996-06-21,2.498,per_usd
1996-06-24,2.4989,per_usd
1996-06-25,2.4985,per_usd
1996-06-26,2.496,per_usd
1996-06-27,2.4945,per_usd
1996-06-28,2.4945,per_usd
1996-07-01,2.4925,per_usd
1996-07-02,2.495,per_usd
1996-07-03,2.4927,per_usd
1996-07-05,2.4915,per_usd
1996-07-08,2.4933,per_usd
1996-07-09,2.4923,per_usd
1996-07-10,2.492,per_usd
1996-07-11,2.491,per_usd
1996-07-12,2.4927,per_usd
1996-07-15,2.4922,per_usd
1996-07-16,2.486,per_usd
1996-07-17,2.486,per_usd
1996-07-18,2.4877,per_usd
1996-07-19,2.489,per_usd
1996-07-22,2.4895,per_usd
1996-07-23,2.491,per_usd
1996-07-24,2.488,per_usd
1996-07-25,2.4905,per_usd
1996-07-26,2.4925,per_usd
1996-07-29,2.497,per_usd
1996-07-30,2.4947,per_usd
1996-07-31,2.4962,per_usd
1996-08-01,2.4945,per_usd
1996-08-02,2.495,per_usd
1996-08-05,2.4925,per_usd
1996-08-06,2.4892,per_usd
1996-08-07,2.49,per_usd
1996-08-08,2.491,per_usd
1996-08-09,2.492,per_usd
1996-08-12,2.4928,per_usd
1996-08-13,2.495,per_usd
1996-08-14,2.4955,per_usd
1996-08-15,2.4917,per_usd
1996-08-16,2.494,per_usd
1996-08-19,2.493,per_usd
1996-08-20,2.493,per_usd
1996-08-21,2.4935,per_usd
1996-08-22,2.496,per_usd
1996-08-23,2.4938,per_usd
1996-08-26,2.493,per_usd
1996-08-27,2.4935,per_usd
1996-08-28,2.4946,per_usd
1996-08-29,2.495,per_usd
1996-08-30,2.4935,per_usd
1996-09-03,2.4985,per_usd
1996-09-04,2.498,per_usd
1996-09-05,2.4982,per_usd
1996-09-06,2.499,per_usd
1996-09-09,2.5025,per_usd
1996-09-10,2.504,per_usd
1996-09-11,2.5005,per_usd
1996-09-12,2.5,per_usd
1996-09-13,2.4987,per_usd
1996-09-16,2.4978,per_usd
1996-09-17,2.4965,per_usd
1996-09-18,2.4975,per_usd
1996-09-19,2.4985,per_usd
1996-09-20,2.5005,per_usd
1996-09-23,2.501,per_usd
1996-09-24,2.501,per_usd
1996-09-25,2.5027,per_usd
1996-09-26,2.508,per_usd
1996-09-27,2.509,per_usd
1996-09-30,2.5065,per_usd
1996-10-01,2.5032,per_usd
1996-10-02,2.501,per_usd
1996-10-03,2.5025,per_usd
1996-10-04,2.4998,per_usd
1996-10-07,2.5006,per_usd
1996-10-08,2.5022,per_usd
1996-10-09,2.505,per_usd
1996-10-10,2.506,per_usd
1996-10-11,2.506,per_usd
1996-10-15,2.5065,per_usd
1996-10-16,2.506,per_usd
1996-10-17,2.5057,per_usd
1996-10-18,2.507,per_usd
1996-10-21,2.5075,per_usd
1996-10-22,2.5048,per_usd
1996-10-23,2.5067,per_usd
1996-10-24,2.504,per_usd
1996-10-25,2.5058,per_usd
1996-10-28,2.5125,per_usd
1996-10-29,2.5153,per_usd
1996-10-30,2.5275,per_usd
1996-10-31,2.5268,per_usd
1996-11-01,2.5288,per_usd
1996-11-04,2.526,per_usd
1996-11-05,2.5247,per_usd
1996-11-06,2.5235,per_usd
1996-11-07,2.519,per_usd
1996-11-08,2.518,per_usd
1996-11-12,2.5225,per_usd
1996-11-13,2.525,per_usd
1996-11-14,2.5253,per_usd
1996-11-15,2.5235,per_usd
1996-11-18,2.524,per_usd
1996-11-19,2.5223,per_usd
1996-11-20,2.52,per_usd
1996-11-21,2.5195,per_usd
1996-11-22,2.5195,per_usd
1996-11-25,2.5247,per_usd
1996-11-26,2.5243,per_usd
1996-11-27,2.5265,per_usd
1996-11-29,2.5275,per_usd
1996-12-02,2.526,per_usd
1996-12-03,2.526,per_usd
1996-12-04,2.522,per_usd
1996-12-05,2.5205,per_usd
1996-12-06,2.521,per_usd
1996-12-09,2.5235,per_usd
1996-12-10,2.5235,per_usd
1996-12-11,2.522,per_usd
1996-12-12,2.523,per_usd
1996-12-13,2.5243,per_usd
1996-12-16,2.5265,per_usd
1996-12-17,2.5245,per_usd
1996-12-18,2.5243,per_usd
1996-12-19,2.5253,per_usd
1996-12-20,2.5263,per_usd
1996-12-23,2.5282,per_usd
1996-12-24,2.5275,per_usd
1996-12-26,2.529,per_usd
1996-12-27,2.5287,per_usd
1996-12-30,2.528,per_usd
1996-12-31,2.526,per_usd
1997-01-02,2.5245,per_usd
1997-01-03,2.523,per_usd
1997-01-06,2.4975,per_usd
1997-01-07,2.4985,per_usd
1997-01-08,2.489,per_usd
1997-01-09,2.4826,per_usd
1997-01-10,2.482,per_usd
1997-01-13,2.472,per_usd
1997-01-14,2.479,per_usd
1997-01-15,2.473,per_usd
1997-01-16,2.4835,per_usd
1997-01-17,2.4843,per_usd
1997-01-21,2.484,per_usd
1997-01-22,2.4875,per_usd
1997-01-23,2.4868,per_usd
1997-01-24,2.489,per_usd
1997-01-27,2.4898,per_usd
1997-01-28,2.4935,per_usd
1997-01-29,2.497,per_usd
1997-01-30,2.4864,per_usd
1997-01-31,2.4863,per_usd
1997-02-03,2.4862,per_usd
1997-02-04,2.4946,per_usd
1997-02-05,2.493,per_usd
1997-02-06,2.4933,per_usd
1997-02-07,2.4938,per_usd
1997-02-10,2.4865,per_usd
1997-02-11,2.4888,per_usd
1997-02-12,2.4865,per_usd
1997-02-13,2.4855,per_usd
1997-02-14,2.484,per_usd
1997-02-18,2.4865,per_usd
1997-02-19,2.4889,per_usd
1997-02-20,2.485,per_usd
1997-02-21,2.477,per_usd
1997-02-24,2.4799,per_usd
1997-02-25,2.4815,per_usd
1997-02-26,2.4876,per_usd
1997-02-27,2.4832,per_usd
1997-02-28,2.483,per_usd
1997-03-03,2.4805,per_usd
1997-03-04,2.4745,per_usd
1997-03-05,2.473,per_usd
1997-03-06,2.4763,per_usd
1997-03-07,2.4815,per_usd
1997-03-10,2.4782,per_usd
1997-03-11,2.4742,per_usd
1997-03-12,2.4748,per_usd
1997-03-13,2.4765,per_usd
1997-03-14,2.4765,per_usd
1997-03-17,2.4777,per_usd
1997-03-18,2.4725,per_usd
1997-03-19,2.4726,per_usd
1997-03-20,2.478,per_usd
1997-03-21,2.479,per_usd
1997-03-24,2.478,per_usd
1997-03-25,2.479,per_usd
1997-03-26,2.4822,per_usd
1997-03-27,2.4798,per_usd
1997-03-28,2.482,per_usd
1997-03-31,2.476,per_usd
1997-04-01,2.477,per_usd
1997-04-02,2.4823,per_usd
1997-04-03,2.485,per_usd
1997-04-04,2.487,per_usd
1997-04-07,2.4993,per_usd
1997-04-08,2.5055,per_usd
1997-04-09,2.5046,per_usd
1997-04-10,2.5055,per_usd
1997-04-11,2.506,per_usd
1997-04-14,2.5089,per_usd
1997-04-15,2.5132,per_usd
1997-04-16,2.5107,per_usd
1997-04-17,2.5148,per_usd
1997-04-18,2.5125,per_usd
1997-04-21,2.506,per_usd
1997-04-22,2.4995,per_usd
1997-04-23,2.4975,per_usd
1997-04-24,2.5054,per_usd
1997-04-25,2.5085,per_usd
1997-04-28,2.5105,per_usd
1997-04-29,2.5115,per_usd
1997-04-30,2.5107,per_usd
1997-05-01,2.5078,per_usd
1997-05-02,2.5085,per_usd
1997-05-05,2.507,per_usd
1997-05-06,2.5065,per_usd
1997-05-07,2.5109,per_usd
1997-05-08,2.5069,per_usd
1997-05-09,2.5065,per_usd
1997-05-12,2.5125,per_usd
1997-05-13,2.5175,per_usd
1997-05-14,2.5231,per_usd
1997-05-15,2.4977,per_usd
1997-05-16,2.4835,per_usd
1997-05-19,2.498,per_usd
1997-05-20,2.5,per_usd
1997-05-21,2.501,per_usd
1997-05-22,2.503,per_usd
1997-05-23,2.5015,per_usd
1997-05-27,2.5185,per_usd
1997-05-28,2.512,per_usd
1997-05-29,2.5114,per_usd
1997-05-30,2.5132,per_usd
1997-06-02,2.515,per_usd
1997-06-03,2.5178,per_usd
1997-06-04,2.517,per_usd
1997-06-05,2.517,per_usd
1997-06-06,2.5115,per_usd
1997-06-09,2.5132,per_usd
1997-06-10,2.515,per_usd
1997-06-11,2.5145,per_usd
1997-06-12,2.51,per_usd
1997-06-13,2.514,per_usd
1997-06-16,2.5155,per_usd
1997-06-17,2.512,per_usd
1997-06-18,2.5145,per_usd
1997-06-19,2.5155,per_usd
1997-06-20,2.5155,per_usd
1997-06-23,2.519,per_usd
1997-06-24,2.5209,per_usd
1997-06-25,2.5228,per_usd
1997-06-26,2.522,per_usd
1997-06-27,2.523,per_usd
1997-06-30,2.5245,per_usd
1997-07-01,2.5235,per_usd
1997-07-02,2.5255,per_usd
1997-07-03,2.5202,per_usd
1997-07-07,2.5248,per_usd
1997-07-08,2.505,per_usd
1997-07-09,2.5044,per_usd
1997-07-10,2.489,per_usd
1997-07-11,2.505,per_usd
1997-07-14,2.569,per_usd
1997-07-15,2.569,per_usd
1997-07-16,2.593,per_usd
1997-07-17,2.5905,per_usd
1997-07-18,2.6475,per_usd
1997-07-21,2.628,per_usd
1997-07-22,2.632,per_usd
1997-07-23,2.639,per_usd
1997-07-24,2.6465,per_usd
1997-07-25,2.6515,per_usd
1997-07-28,2.6355,per_usd
1997-07-29,2.619,per_usd
1997-07-30,2.636,per_usd
1997-07-31,2.639,per_usd
1997-08-01,2.6395,per_usd
1997-08-04,2.6365,per_usd
1997-08-05,2.643,per_usd
1997-08-06,2.638,per_usd
1997-08-07,2.643,per_usd
1997-08-08,2.7,per_usd
1997-08-11,2.7455,per_usd
1997-08-12,2.783,per_usd
1997-08-13,2.7775,per_usd
1997-08-14,2.7835,per_usd
1997-08-15,2.785,per_usd
1997-08-18,2.8025,per_usd
1997-08-19,2.79,per_usd
1997-08-20,2.78,per_usd
1997-08-21,2.76,per_usd
1997-08-22,2.775,per_usd
1997-08-25,2.7735,per_usd
1997-08-26,2.789,per_usd
1997-08-27,2.839,per_usd
1997-08-28,2.9325,per_usd
1997-08-29,2.92,per_usd
1997-09-02,2.927,per_usd
1997-09-03,2.982,per_usd
1997-09-04,2.995,per_usd
1997-09-05,2.95,per_usd
1997-09-08,2.9175,per_usd
1997-09-09,2.915,per_usd
1997-09-10,2.9165,per_usd
1997-09-11,2.9575,per_usd
1997-09-12,2.969,per_usd
1997-09-15,2.976,per_usd
1997-09-16,3,per_usd
1997-09-17,3.01,per_usd
1997-09-18,3.02,per_usd
1997-09-19,3.036,per_usd
1997-09-22,3.125,per_usd
1997-09-23,3.075,per_usd
1997-09-24,3.06,per_usd
1997-09-25,3.1225,per_usd
1997-09-26,3.1425,per_usd
1997-09-29,3.19,per_usd
1997-09-30,3.2475,per_usd
1997-10-01,3.3675,per_usd
1997-10-02,3.325,per_usd
1997-10-03,3.378,per_usd
1997-10-06,3.34,per_usd
1997-10-07,3.2575,per_usd
1997-10-08,3.171,per_usd
1997-10-09,3.075,per_usd
1997-10-10,3.1175,per_usd
1997-10-14,3.1075,per_usd
1997-10-15,3.15,per_usd
1997-10-16,3.195,per_usd
1997-10-17,3.2475,per_usd
1997-10-20,3.3325,per_usd
1997-10-21,3.339,per_usd
1997-10-22,3.4,per_usd
1997-10-23,3.345,per_usd
1997-10-24,3.3905,per_usd
1997-10-27,3.4,per_usd
1997-10-28,3.434,per_usd
1997-10-29,3.3925,per_usd
1997-10-30,3.449,per_usd
1997-10-31,3.325,per_usd
1997-11-03,3.234,per_usd
1997-11-04,3.285,per_usd
1997-11-05,3.29,per_usd
1997-11-06,3.3,per_usd
1997-11-07,3.3025,per_usd
1997-11-10,3.315,per_usd
1997-11-12,3.295,per_usd
1997-11-13,3.3125,per_usd
1997-11-14,3.3225,per_usd
1997-11-17,3.34,per_usd
1997-11-18,3.415,per_usd
1997-11-19,3.49,per_usd
1997-11-20,3.5325,per_usd
1997-11-21,3.4225,per_usd
1997-11-24,3.45,per_usd
1997-11-25,3.4925,per_usd
1997-11-26,3.5125,per_usd
1997-11-28,3.5125,per_usd
1997-12-01,3.57,per_usd
1997-12-02,3.598,per_usd
1997-12-03,3.66,per_usd
1997-12-04,3.73,per_usd
1997-12-05,4,per_usd
1997-12-08,3.65,per_usd
1997-12-09,3.662,per_usd
1997-12-10,3.662,per_usd
1997-12-11,3.775,per_usd
1997-12-12,3.82,per_usd
1997-12-15,3.875,per_usd
1997-12-16,3.873,per_usd
1997-12-17,3.815,per_usd
1997-12-18,3.7875,per_usd
1997-12-19,3.83,per_usd
1997-12-22,3.82,per_usd
1997-12-23,3.845,per_usd
1997-12-24,3.9,per_usd
1997-12-26,3.845,per_usd
1997-12-29,3.895,per_usd
1997-12-30,3.898,per_usd
1997-12-31,3.885,per_usd
1998-01-02,3.98,per_usd
1998-01-05,4.155,per_usd
1998-01-06,4.465,per_usd
1998-01-07,4.52,per_usd
1998-01-08,4.73,per_usd
1998-01-09,4.605,per_usd
1998-01-12,4.66,per_usd
1998-01-13,4.6,per_usd
1998-01-14,4.35,per_usd
1998-01-15,4.2995,per_usd
1998-01-16,4.1921,per_usd
1998-01-20,4.23,per_usd
1998-01-21,4.3795,per_usd
1998-01-22,4.53,per_usd
1998-01-23,4.57,per_usd
1998-01-26,4.52,per_usd
1998-01-27,4.42,per_usd
1998-01-28,4.37,per_usd
1998-01-29,4.38,per_usd
1998-01-30,4.23,per_usd
1998-02-02,4.13,per_usd
1998-02-03,3.9895,per_usd
1998-02-04,3.99,per_usd
1998-02-05,3.995,per_usd
1998-02-06,3.82,per_usd
1998-02-09,3.8305,per_usd
1998-02-10,3.59,per_usd
1998-02-11,3.5895,per_usd
1998-02-12,3.78,per_usd
1998-02-13,3.845,per_usd
1998-02-17,3.87,per_usd
1998-02-18,3.8,per_usd
1998-02-19,3.73,per_usd
1998-02-20,3.78,per_usd
1998-02-23,3.84,per_usd
1998-02-24,3.75,per_usd
1998-02-25,3.74,per_usd
1998-02-26,3.7075,per_usd
1998-02-27,3.705,per_usd
1998-03-02,3.62,per_usd
1998-03-03,3.81,per_usd
1998-03-04,3.815,per_usd
1998-03-05,3.96,per_usd
1998-03-06,3.955,per_usd
1998-03-09,3.99,per_usd
1998-03-10,3.91,per_usd
1998-03-11,3.94,per_usd
1998-03-12,3.855,per_usd
1998-03-13,3.73,per_usd
1998-03-16,3.79,per_usd
1998-03-17,3.8,per_usd
1998-03-18,3.655,per_usd
1998-03-19,3.67,per_usd
1998-03-20,3.65,per_usd
1998-03-23,3.545,per_usd
1998-03-24,3.655,per_usd
1998-03-25,3.59,per_usd
1998-03-26,3.595,per_usd
1998-03-27,3.5675,per_usd
1998-03-30,3.64,per_usd
1998-03-31,3.66,per_usd
1998-04-01,3.7025,per_usd
1998-04-02,3.7525,per_usd
1998-04-03,3.79,per_usd
1998-04-06,3.725,per_usd
1998-04-07,3.72,per_usd
1998-04-08,3.72,per_usd
1998-04-09,3.62,per_usd
1998-04-10,3.67,per_usd
1998-04-13,3.65,per_usd
1998-04-14,3.69,per_usd
1998-04-15,3.7,per_usd
1998-04-16,3.77,per_usd
1998-04-17,3.8,per_usd
1998-04-20,3.79,per_usd
1998-04-21,3.74,per_usd
1998-04-22,3.775,per_usd
1998-04-23,3.79,per_usd
1998-04-24,3.77,per_usd
1998-04-27,3.7975,per_usd
1998-04-28,3.76,per_usd
1998-04-29,3.74,per_usd
1998-04-30,3.755,per_usd
1998-05-01,3.675,per_usd
1998-05-04,3.67,per_usd
1998-05-05,3.69,per_usd
1998-05-06,3.89,per_usd
1998-05-07,3.87,per_usd
1998-05-08,3.82,per_usd
1998-05-11,3.8725,per_usd
1998-05-12,3.8925,per_usd
1998-05-13,3.89,per_usd
1998-05-14,3.79,per_usd
1998-05-15,3.7578,per_usd
1998-05-18,3.845,per_usd
1998-05-19,3.865,per_usd
1998-05-20,3.83,per_usd
1998-05-21,3.785,per_usd
1998-05-22,3.81,per_usd
1998-05-26,3.845,per_usd
1998-05-27,3.85,per_usd
1998-05-28,3.89,per_usd
1998-05-29,3.8702,per_usd
1998-06-01,3.95,per_usd
1998-06-02,3.93,per_usd
1998-06-03,3.925,per_usd
1998-06-04,3.975,per_usd
1998-06-05,3.995,per_usd
1998-06-08,4,per_usd
1998-06-09,3.955,per_usd
1998-06-10,4.025,per_usd
1998-06-11,4.025,per_usd
1998-06-12,4.0454,per_usd
1998-06-15,4.09,per_usd
1998-06-16,4.0575,per_usd
1998-06-17,3.935,per_usd
1998-06-18,3.965,per_usd
1998-06-19,3.875,per_usd
1998-06-22,3.96,per_usd
1998-06-23,3.955,per_usd
1998-06-24,3.95,per_usd
1998-06-25,4,per_usd
1998-06-26,4.08,per_usd
1998-06-29,4.19,per_usd
1998-06-30,4.13,per_usd
1998-07-01,4.1415,per_usd
1998-07-02,4.2176,per_usd
1998-07-03,4.15,per_usd
1998-07-06,4.195,per_usd
1998-07-07,4.155,per_usd
1998-07-08,4.19,per_usd
1998-07-09,4.2575,per_usd
1998-07-10,4.265,per_usd
1998-07-13,4.215,per_usd
1998-07-14,4.13,per_usd
1998-07-15,4.155,per_usd
1998-07-16,4.1,per_usd
1998-07-17,4.1295,per_usd
1998-07-20,4.1224,per_usd
1998-07-21,4.145,per_usd
1998-07-22,4.155,per_usd
1998-07-23,4.1525,per_usd
1998-07-24,4.13,per_usd
1998-07-27,4.145,per_usd
1998-07-28,4.12,per_usd
1998-07-29,4.1278,per_usd
1998-07-30,4.115,per_usd
1998-07-31,4.145,per_usd
1998-08-03,4.16,per_usd
1998-08-04,4.1505,per_usd
1998-08-05,4.15,per_usd
1998-08-06,4.1725,per_usd
1998-08-07,4.2025,per_usd
1998-08-10,4.25,per_usd
1998-08-11,4.2575,per_usd
1998-08-12,4.1952,per_usd
1998-08-13,4.185,per_usd
1998-08-14,4.225,per_usd
1998-08-17,4.2426,per_usd
1998-08-18,4.23,per_usd
1998-08-19,4.2035,per_usd
1998-08-20,4.185,per_usd
1998-08-21,4.2353,per_usd
1998-08-24,4.202,per_usd
1998-08-25,4.2205,per_usd
1998-08-26,4.2055,per_usd
1998-08-27,4.205,per_usd
1998-08-28,4.203,per_usd
1998-08-31,4.195,per_usd
1998-09-01,3.895,per_usd
1998-09-02,3.81,per_usd
1998-09-03,3.8005,per_usd
1998-09-04,3.8,per_usd
1998-09-08,3.8,per_usd
1998-09-09,3.8,per_usd
1998-09-10,3.8,per_usd
1998-09-11,3.8,per_usd
1998-09-14,3.8,per_usd
1998-09-15,3.8,per_usd
1998-09-16,3.8,per_usd
1998-09-17,3.8,per_usd
1998-09-18,3.8,per_usd
1998-09-21,3.8,per_usd
1998-09-22,3.8,per_usd
1998-09-23,3.8,per_usd
1998-09-24,3.8,per_usd
1998-09-25,3.8,per_usd
1998-09-28,3.8,per_usd
1998-09-29,3.8,per_usd
1998-09-30,3.8,per_usd
1998-10-01,3.8,per_usd
1998-10-02,3.8,per_usd
1998-10-05,3.8,per_usd
1998-10-06,3.8,per_usd
1998-10-07,3.8,per_usd
1998-10-08,3.8,per_usd
1998-10-09,3.8,per_usd
1998-10-13,3.8,per_usd
1998-10-14,3.8,per_usd
1998-10-15,3.8,per_usd
1998-10-16,3.8,per_usd
1998-10-19,3.8,per_usd
1998-10-20,3.8,per_usd
1998-10-21,3.8,per_usd
1998-10-22,3.8,per_usd
1998-10-23,3.8,per_usd
1998-10-26,3.8,per_usd
1998-10-27,3.8,per_usd
1998-10-28,3.8,per_usd
1998-10-29,3.8,per_usd
1998-10-30,3.8,per_usd
1998-11-02,3.8,per_usd
1998-11-03,3.8,per_usd
1998-11-04,3.8,per_usd
1998-11-05,3.8,per_usd
1998-11-06,3.8,per_usd
1998-11-09,3.8,per_usd
1998-11-10,3.8,per_usd
1998-11-12,3.8,per_usd
1998-11-13,3.8,per_usd
1998-11-16,3.8002,per_usd
1998-11-17,3.8,per_usd
1998-11-18,3.8,per_usd
1998-11-19,3.8,per_usd
1998-11-20,3.7998,per_usd
1998-11-23,3.8,per_usd
1998-11-24,3.8003,per_usd
1998-11-25,3.8,per_usd
1998-11-27,3.7997,per_usd
1998-11-30,3.8,per_usd
1998-12-01,3.8,per_usd
1998-12-02,3.8,per_usd
1998-12-03,3.8,per_usd
1998-12-04,3.8,per_usd
1998-12-07,3.8,per_usd
1998-12-08,3.8,per_usd
1998-12-09,3.8,per_usd
1998-12-10,3.8,per_usd
1998-12-11,3.8,per_usd
1998-12-14,3.7997,per_usd
1998-12-15,3.81,per_usd
1998-12-16,3.8,per_usd
1998-12-17,3.81,per_usd
1998-12-18,3.8002,per_usd
1998-12-21,3.7999,per_usd
1998-12-22,3.8003,per_usd
1998-12-23,3.8,per_usd
1998-12-24,3.81,per_usd
1998-12-28,3.8,per_usd
1998-12-29,3.8,per_usd
1998-12-30,3.8,per_usd
1998-12-31,3.8,per_usd
1999-01-04,3.8,per_usd
1999-01-05,3.8,per_usd
1999-01-06,3.8,per_usd
1999-01-07,3.8,per_usd
1999-01-08,3.8,per_usd
1999-01-11,3.8,per_usd
1999-01-12,3.8,per_usd
1999-01-13,3.8,per_usd
1999-01-14,3.8,per_usd
1999-01-15,3.8,per_usd
1999-01-19,3.8,per_usd
1999-01-20,3.8,per_usd
1999-01-21,3.8,per_usd
1999-01-22,3.8,per_usd
1999-01-25,3.8,per_usd
1999-01-26,3.8,per_usd
1999-01-27,3.8,per_usd
1999-01-28,3.8,per_usd
1999-01-29,3.8,per_usd
1999-02-01,3.8,per_usd
1999-02-02,3.8,per_usd
1999-02-03,3.8,per_usd
1999-02-04,3.8,per_usd
1999-02-05,3.8,per_usd
1999-02-08,3.8,per_usd
1999-02-09,3.8,per_usd
1999-02-10,3.8,per_usd
1999-02-11,3.8,per_usd
1999-02-12,3.7997,per_usd
1999-02-16,3.8,per_usd
1999-02-17,3.8,per_usd
1999-02-18,3.8,per_usd
1999-02-19,3.8,per_usd
1999-02-22,3.8,per_usd
1999-02-23,3.8,per_usd
1999-02-24,3.8,per_usd
1999-02-25,3.8,per_usd
1999-02-26,3.8,per_usd
1999-03-01,3.8,per_usd
1999-03-02,3.8,per_usd
1999-03-03,3.8,per_usd
1999-03-04,3.8,per_usd
1999-03-05,3.8,per_usd
1999-03-08,3.8,per_usd
1999-03-09,3.8,per_usd
1999-03-10,3.8,per_usd
1999-03-11,3.8,per_usd
1999-03-12,3.8,per_usd
1999-03-15,3.8,per_usd
1999-03-16,3.8,per_usd
1999-03-17,3.8,per_usd
1999-03-18,3.8,per_usd
1999-03-19,3.8,per_usd
1999-03-22,3.8,per_usd
1999-03-23,3.8,per_usd
1999-03-24,3.8,per_usd
1999-03-25,3.8,per_usd
1999-03-26,3.8,per_usd
1999-03-29,3.8,per_usd
1999-03-30,3.8,per_usd
1999-03-31,3.8,per_usd
1999-04-01,3.8,per_usd
1999-04-02,3.8,per_usd
1999-04-05,3.8,per_usd
1999-04-06,3.8,per_usd
1999-04-07,3.8,per_usd
1999-04-08,3.8,per_usd
1999-04-09,3.8,per_usd
1999-04-12,3.8,per_usd
1999-04-13,3.8,per_usd
1999-04-14,3.8,per_usd
1999-04-15,3.8,per_usd
1999-04-16,3.8,per_usd
1999-04-19,3.8,per_usd
1999-04-20,3.8,per_usd
1999-04-21,3.8,per_usd
1999-04-22,3.8,per_usd
1999-04-23,3.8,per_usd
1999-04-26,3.8,per_usd
1999-04-27,3.8,per_usd
1999-04-28,3.8,per_usd
1999-04-29,3.8,per_usd
1999-04-30,3.8,per_usd
1999-05-03,3.8,per_usd
1999-05-04,3.8,per_usd
1999-05-05,3.8,per_usd
1999-05-06,3.8,per_usd
1999-05-07,3.8,per_usd
1999-05-10,3.8,per_usd
1999-05-11,3.8,per_usd
1999-05-12,3.8,per_usd
1999-05-13,3.8,per_usd
1999-05-14,3.8,per_usd
1999-05-17,3.8,per_usd
1999-05-18,3.8,per_usd
1999-05-19,3.8,per_usd
1999-05-20,3.8,per_usd
1999-05-21,3.8,per_usd
1999-05-24,3.8,per_usd
1999-05-25,3.8,per_usd
1999-05-26,3.8,per_usd
1999-05-27,3.8,per_usd
1999-05-28,3.8,per_usd
1999-06-01,3.8,per_usd
1999-06-02,3.8,per_usd
1999-06-03,3.8,per_usd
1999-06-04,3.8,per_usd
1999-06-07,3.8,per_usd
1999-06-08,3.8,per_usd
1999-06-09,3.8,per_usd
1999-06-10,3.8,per_usd
1999-06-11,3.8,per_usd
1999-06-14,3.8,per_usd
1999-06-15,3.8,per_usd
1999-06-16,3.8,per_usd
1999-06-17,3.8,per_usd
1999-06-18,3.8,per_usd
1999-06-21,3.8,per_usd
1999-06-22,3.8,per_usd
1999-06-23,3.8,per_usd
1999-06-24,3.8,per_usd
1999-06-25,3.8,per_usd
1999-06-28,3.8,per_usd
1999-06-29,3.8,per_usd
1999-06-30,3.8,per_usd
1999-07-01,3.8,per_usd
1999-07-02,3.8,per_usd
1999-07-06,3.8,per_usd
1999-07-07,3.8,per_usd
1999-07-08,3.8,per_usd
1999-07-09,3.8,per_usd
1999-07-12,3.8,per_usd
1999-07-13,3.8,per_usd
1999-07-14,3.8,per_usd
1999-07-15,3.8,per_usd
1999-07-16,3.8,per_usd
1999-07-19,3.8,per_usd
1999-07-20,3.8,per_usd
1999-07-21,3.8,per_usd
1999-07-22,3.8,per_usd
1999-07-23,3.8,per_usd
1999-07-26,3.8,per_usd
1999-07-27,3.8,per_usd
1999-07-28,3.8,per_usd
1999-07-29,3.8,per_usd
1999-07-30,3.8,per_usd
1999-08-02,3.8,per_usd
1999-08-03,3.8,per_usd
1999-08-04,3.8,per_usd
1999-08-05,3.8,per_usd
1999-08-06,3.8,per_usd
1999-08-09,3.7999,per_usd
1999-08-10,3.8,per_usd
1999-08-11,3.8,per_usd
1999-08-12,3.8,per_usd
1999-08-13,3.8,per_usd
1999-08-16,3.8,per_usd
1999-08-17,3.8,per_usd
1999-08-18,3.8,per_usd
1999-08-19,3.8,per_usd
1999-08-20,3.8,per_usd
1999-08-23,3.8,per_usd
1999-08-24,3.8,per_usd
1999-08-25,3.8,per_usd
1999-08-26,3.8,per_usd
1999-08-27,3.8,per_usd
1999-08-30,3.8,per_usd
1999-08-31,3.8,per_usd
1999-09-01,3.8,per_usd
1999-09-02,3.8,per_usd
1999-09-03,3.8,per_usd
1999-09-07,3.8,per_usd
1999-09-08,3.8,per_usd
1999-09-09,3.8,per_usd
1999-09-10,3.8,per_usd
1999-09-13,3.8,per_usd
1999-09-14,3.8,per_usd
1999-09-15,3.8,per_usd
1999-09-16,3.8,per_usd
1999-09-17,3.8,per_usd
1999-09-20,3.8,per_usd
1999-09-21,3.8,per_usd
1999-09-22,3.8,per_usd
1999-09-23,3.8,per_usd
1999-09-24,3.8,per_usd
1999-09-27,3.8,per_usd
1999-09-28,3.8,per_usd
1999-09-29,3.8,per_usd
1999-09-30,3.8,per_usd
1999-10-01,3.8,per_usd
1999-10-04,3.8,per_usd
1999-10-05,3.8,per_usd
1999-10-06,3.8,per_usd
1999-10-07,3.8,per_usd
1999-10-08,3.8,per_usd
1999-10-12,3.8,per_usd
1999-10-13,3.8,per_usd
1999-10-14,3.8,per_usd
1999-10-15,3.8,per_usd
1999-10-18,3.8,per_usd
1999-10-19,3.8,per_usd
1999-10-20,3.8,per_usd
1999-10-21,3.8,per_usd
1999-10-22,3.8,per_usd
1999-10-25,3.8,per_usd
1999-10-26,3.8,per_usd
1999-10-27,3.8,per_usd
1999-10-28,3.8,per_usd
1999-10-29,3.8,per_usd
1999-11-01,3.8,per_usd
1999-11-02,3.8,per_usd
1999-11-03,3.8,per_usd
1999-11-04,3.8,per_usd
1999-11-05,3.8,per_usd
1999-11-08,3.8,per_usd
1999-11-09,3.8,per_usd
1999-11-10,3.8,per_usd
1999-11-12,3.8,per_usd
1999-11-15,3.8,per_usd
1999-11-16,3.8,per_usd
1999-11-17,3.8,per_usd
1999-11-18,3.8,per_usd
1999-11-19,3.8,per_usd
1999-11-22,3.8,per_usd
1999-11-23,3.8,per_usd
1999-11-24,3.8,per_usd
1999-11-26,3.8,per_usd
1999-11-29,3.8,per_usd
1999-11-30,3.8,per_usd
1999-12-01,3.8,per_usd
1999-12-02,3.8,per_usd
1999-12-03,3.8,per_usd
1999-12-06,3.8,per_usd
1999-12-07,3.8,per_usd
1999-12-08,3.8,per_usd
1999-12-09,3.8,per_usd
1999-12-10,3.8,per_usd
1999-12-13,3.8,per_usd
1999-12-14,3.8,per_usd
1999-12-15,3.8,per_usd
1999-12-16,3.8,per_usd
1999-12-17,3.8,per_usd
1999-12-20,3.8,per_usd
1999-12-21,3.8,per_usd
1999-12-22,3.8,per_usd
1999-12-23,3.8,per_usd
1999-12-24,3.8,per_usd
1999-12-27,3.8,per_usd
1999-12-28,3.8,per_usd
1999-12-29,3.8,per_usd
1999-12-30,3.8,per_usd
1999-12-31,3.8,per_usd
2000-01-03,3.8,per_usd
2000-01-04,3.8,per_usd
2000-01-05,3.8,per_usd
2000-01-06,3.8,per_usd
2000-01-07,3.8,per_usd
2000-01-10,3.8,per_usd
2000-01-11,3.8,per_usd
2000-01-12,3.8,per_usd
2000-01-13,3.8,per_usd
2000-01-14,3.8,per_usd
2000-01-18,3.8,per_usd
2000-01-19,3.8,per_usd
2000-01-20,3.8,per_usd
2000-01-21,3.8,per_usd
2000-01-24,3.8,per_usd
2000-01-25,3.8,per_usd
2000-01-26,3.8,per_usd
2000-01-27,3.8,per_usd
2000-01-28,3.8,per_usd
2000-01-31,3.8,per_usd
2000-02-01,3.8,per_usd
2000-02-02,3.8,per_usd
2000-02-03,3.8,per_usd
2000-02-04,3.8,per_usd
2000-02-07,3.8,per_usd
2000-02-08,3.8,per_usd
2000-02-09,3.8,per_usd
2000-02-10,3.8,per_usd
2000-02-11,3.8,per_usd
2000-02-14,3.8,per_usd
2000-02-15,3.8,per_usd
2000-02-16,3.8,per_usd
2000-02-17,3.8,per_usd
2000-02-18,3.8,per_usd
2000-02-22,3.8,per_usd
2000-02-23,3.8,per_usd
2000-02-24,3.8,per_usd
2000-02-25,3.8,per_usd
2000-02-28,3.8,per_usd
2000-02-29,3.8,per_usd
2000-03-01,3.8,per_usd
2000-03-02,3.8,per_usd
2000-03-03,3.8,per_usd
2000-03-06,3.8,per_usd
2000-03-07,3.8,per_usd
2000-03-08,3.8,per_usd
2000-03-09,3.8,per_usd
2000-03-10,3.8,per_usd
2000-03-13,3.8,per_usd
2000-03-14,3.8,per_usd
2000-03-15,3.8,per_usd
2000-03-16,3.8,per_usd
2000-03-17,3.8,per_usd
2000-03-20,3.8,per_usd
2000-03-21,3.8,per_usd
2000-03-22,3.8,per_usd
2000-03-23,3.8,per_usd
2000-03-24,3.8,per_usd
2000-03-27,3.8,per_usd
2000-03-28,3.8,per_usd
2000-03-29,3.8,per_usd
2000-03-30,3.8,per_usd
2000-03-31,3.8,per_usd
2000-04-03,3.8,per_usd
2000-04-04,3.8,per_usd
2000-04-05,3.8,per_usd
2000-04-06,3.8,per_usd
2000-04-07,3.8,per_usd
2000-04-10,3.8,per_usd
2000-04-11,3.8,per_usd
2000-04-12,3.8,per_usd
2000-04-13,3.8,per_usd
2000-04-14,3.8,per_usd
2000-04-17,3.8,per_usd
2000-04-18,3.8,per_usd
2000-04-19,3.8,per_usd
2000-04-20,3.8,per_usd
2000-04-21,3.8,per_usd
2000-04-24,3.8,per_usd
2000-04-25,3.8,per_usd
2000-04-26,3.8,per_usd
2000-04-27,3.8,per_usd
2000-04-28,3.8,per_usd
2000-05-01,3.8,per_usd
2000-05-02,3.8,per_usd
2000-05-03,3.8,per_usd
2000-05-04,3.8,per_usd
2000-05-05,3.8,per_usd
2000-05-08,3.8,per_usd
2000-05-09,3.8,per_usd
2000-05-10,3.8,per_usd
2000-05-11,3.8,per_usd
2000-05-12,3.8,per_usd
2000-05-15,3.8,per_usd
2000-05-16,3.8,per_usd
2000-05-17,3.8,per_usd
2000-05-18,3.8,per_usd
2000-05-19,3.8,per_usd
2000-05-22,3.8,per_usd
2000-05-23,3.8,per_usd
2000-05-24,3.8,per_usd
2000-05-25,3.8,per_usd
2000-05-26,3.8,per_usd
2000-05-30,3.8,per_usd
2000-05-31,3.8,per_usd
2000-06-01,3.8,per_usd
2000-06-02,3.8,per_usd
2000-06-05,3.8,per_usd
2000-06-06,3.8,per_usd
2000-06-07,3.8,per_usd
2000-06-08,3.8,per_usd
2000-06-09,3.8,per_usd
2000-06-12,3.8005,per_usd
2000-06-13,3.8,per_usd
2000-06-14,3.8,per_usd
2000-06-15,3.8,per_usd
2000-06-16,3.8,per_usd
2000-06-19,3.8,per_usd
2000-06-20,3.8,per_usd
2000-06-21,3.8,per_usd
2000-06-22,3.8,per_usd
2000-06-23,3.8,per_usd
2000-06-26,3.8,per_usd
2000-06-27,3.8,per_usd
2000-06-28,3.8,per_usd
2000-06-29,3.8,per_usd
2000-06-30,3.8,per_usd
2000-07-03,3.8,per_usd
2000-07-05,3.8,per_usd
2000-07-06,3.8,per_usd
2000-07-07,3.8,per_usd
2000-07-10,3.8,per_usd
2000-07-11,3.8,per_usd
2000-07-12,3.8,per_usd
2000-07-13,3.8,per_usd
2000-07-14,3.8,per_usd
2000-07-17,3.8,per_usd
2000-07-18,3.8,per_usd
2000-07-19,3.8,per_usd
2000-07-20,3.8,per_usd
2000-07-21,3.8,per_usd
2000-07-24,3.8,per_usd
2000-07-25,3.8,per_usd
2000-07-26,3.8,per_usd
2000-07-27,3.8,per_usd
2000-07-28,3.8,per_usd
2000-07-31,3.8,per_usd
2000-08-01,3.8,per_usd
2000-08-02,3.8,per_usd
2000-08-03,3.8,per_usd
2000-08-04,3.8,per_usd
2000-08-07,3.8,per_usd
2000-08-08,3.8,per_usd
2000-08-09,3.8,per_usd
2000-08-10,3.8,per_usd
2000-08-11,3.8,per_usd
2000-08-14,3.8,per_usd
2000-08-15,3.8,per_usd
2000-08-16,3.8,per_usd
2000-08-17,3.8,per_usd
2000-08-18,3.8,per_usd
2000-08-21,3.8,per_usd
2000-08-22,3.8,per_usd
2000-08-23,3.8,per_usd
2000-08-24,3.8,per_usd
2000-08-25,3.8,per_usd
2000-08-28,3.8,per_usd
2000-08-29,3.8,per_usd
2000-08-30,3.8,per_usd
2000-08-31,3.8,per_usd
2000-09-01,3.8,per_usd
2000-09-05,3.8,per_usd
2000-09-06,3.8,per_usd
2000-09-07,3.8,per_usd
2000-09-08,3.8,per_usd
2000-09-11,3.8,per_usd
2000-09-12,3.8,per_usd
2000-09-13,3.8,per_usd
2000-09-14,3.8,per_usd
2000-09-15,3.8,per_usd
2000-09-18,3.8,per_usd
2000-09-19,3.8,per_usd
2000-09-20,3.8,per_usd
2000-09-21,3.8,per_usd
2000-09-22,3.8,per_usd
2000-09-25,3.8,per_usd
2000-09-26,3.8,per_usd
2000-09-27,3.8,per_usd
2000-09-28,3.8,per_usd
2000-09-29,3.8,per_usd
2000-10-02,3.8,per_usd
2000-10-03,3.8,per_usd
2000-10-04,3.8,per_usd
2000-10-05,3.8,per_usd
2000-10-06,3.8,per_usd
2000-10-10,3.8,per_usd
2000-10-11,3.8,per_usd
2000-10-12,3.8,per_usd
2000-10-13,3.8,per_usd
2000-10-16,3.8,per_usd
2000-10-17,3.8,per_usd
2000-10-18,3.8,per_usd
2000-10-19,3.8,per_usd
2000-10-20,3.8,per_usd
2000-10-23,3.8,per_usd
2000-10-24,3.8,per_usd
2000-10-25,3.8,per_usd
2000-10-26,3.8,per_usd
2000-10-27,3.8,per_usd
2000-10-30,3.8,per_usd
2000-10-31,3.8,per_usd
2000-11-01,3.8,per_usd
2000-11-02,3.8,per_usd
2000-11-03,3.8,per_usd
2000-11-06,3.8,per_usd
2000-11-07,3.8,per_usd
2000-11-08,3.8,per_usd
2000-11-09,3.8,per_usd
2000-11-10,3.8,per_usd
2000-11-13,3.8,per_usd
2000-11-14,3.8,per_usd
2000-11-15,3.8,per_usd
2000-11-16,3.8,per_usd
2000-11-17,3.8,per_usd
2000-11-20,3.8,per_usd
2000-11-21,3.8,per_usd
2000-11-22,3.8,per_usd
2000-11-24,3.8,per_usd
2000-11-27,3.8,per_usd
2000-11-28,3.8,per_usd
2000-11-29,3.8,per_usd
2000-11-30,3.8,per_usd
2000-12-01,3.8,per_usd
2000-12-04,3.8,per_usd
2000-12-05,3.8,per_usd
2000-12-06,3.8,per_usd
2000-12-07,3.8,per_usd
2000-12-08,3.8,per_usd
2000-12-11,3.8,per_usd
2000-12-12,3.8,per_usd
2000-12-13,3.8,per_usd
2000-12-14,3.8,per_usd
2000-12-15,3.8,per_usd
2000-12-18,3.8,per_usd
2000-12-19,3.8,per_usd
2000-12-20,3.8,per_usd
2000-12-21,3.8,per_usd
2000-12-22,3.8,per_usd
2000-12-26,3.8,per_usd
2000-12-27,3.8,per_usd
2000-12-28,3.8,per_usd
2000-12-29,3.8,per_usd
2001-01-02,3.8,per_usd
2001-01-03,3.8,per_usd
2001-01-04,3.8,per_usd
2001-01-05,3.8,per_usd
2001-01-08,3.8,per_usd
2001-01-09,3.8,per_usd
2001-01-10,3.8,per_usd
2001-01-11,3.8,per_usd
2001-01-12,3.8,per_usd
2001-01-16,3.8,per_usd
2001-01-17,3.8,per_usd
2001-01-18,3.8,per_usd
2001-01-19,3.8,per_usd
2001-01-22,3.8,per_usd
2001-01-23,3.8,per_usd
2001-01-24,3.8,per_usd
2001-01-25,3.8,per_usd
2001-01-26,3.8,per_usd
2001-01-29,3.8,per_usd
2001-01-30,3.8,per_usd
2001-01-31,3.8,per_usd
2001-02-01,3.8,per_usd
2001-02-02,3.8,per_usd
2001-02-05,3.8,per_usd
2001-02-06,3.8,per_usd
2001-02-07,3.8,per_usd
2001-02-08,3.8,per_usd
2001-02-09,3.8,per_usd
2001-02-12,3.8,per_usd
2001-02-13,3.8,per_usd
2001-02-14,3.8,per_usd
2001-02-15,3.8,per_usd
2001-02-16,3.8,per_usd
2001-02-20,3.8,per_usd
2001-02-21,3.8,per_usd
2001-02-22,3.8,per_usd
2001-02-23,3.8,per_usd
2001-02-26,3.8,per_usd
2001-02-27,3.8,per_usd
2001-02-28,3.8,per_usd
2001-03-01,3.8,per_usd
2001-03-02,3.8,per_usd
2001-03-05,3.8,per_usd
2001-03-06,3.8,per_usd
2001-03-07,3.8,per_usd
2001-03-08,3.8,per_usd
2001-03-09,3.8,per_usd
2001-03-12,3.8,per_usd
2001-03-13,3.8,per_usd
2001-03-14,3.8,per_usd
2001-03-15,3.8,per_usd
2001-03-16,3.8,per_usd
2001-03-19,3.8,per_usd
2001-03-20,3.8,per_usd
2001-03-21,3.8,per_usd
2001-03-22,3.8,per_usd
2001-03-23,3.8,per_usd
2001-03-26,3.8,per_usd
2001-03-27,3.8,per_usd
2001-03-28,3.8,per_usd
2001-03-29,3.8,per_usd
2001-03-30,3.8,per_usd
2001-04-02,3.8,per_usd
2001-04-03,3.8,per_usd
2001-04-04,3.8,per_usd
2001-04-05,3.8,per_usd
2001-04-06,3.8,per_usd
2001-04-09,3.8,per_usd
2001-04-10,3.8,per_usd
2001-04-11,3.8,per_usd
2001-04-12,3.8,per_usd
2001-04-13,3.8,per_usd
2001-04-16,3.8,per_usd
2001-04-17,3.8,per_usd
2001-04-18,3.8,per_usd
2001-04-19,3.8,per_usd
2001-04-20,3.8,per_usd
2001-04-23,3.8,per_usd
2001-04-24,3.8,per_usd
2001-04-25,3.8,per_usd
2001-04-26,3.8,per_usd
2001-04-27,3.8,per_usd
2001-04-30,3.8,per_usd
2001-05-01,3.8,per_usd
2001-05-02,3.8,per_usd
2001-05-03,3.8,per_usd
2001-05-04,3.8,per_usd
2001-05-07,3.8,per_usd
2001-05-08,3.8,per_usd
2001-05-09,3.8,per_usd
2001-05-10,3.8,per_usd
2001-05-11,3.8,per_usd
2001-05-14,3.8,per_usd
2001-05-15,3.8,per_usd
2001-05-16,3.8,per_usd
2001-05-17,3.8,per_usd
2001-05-18,3.8,per_usd
2001-05-21,3.8,per_usd
2001-05-22,3.8,per_usd
2001-05-23,3.8,per_usd
2001-05-24,3.8,per_usd
2001-05-25,3.8,per_usd
2001-05-29,3.8,per_usd
2001-05-30,3.8,per_usd
2001-05-31,3.8,per_usd
2001-06-01,3.8,per_usd
2001-06-04,3.8,per_usd
2001-06-05,3.8,per_usd
2001-06-06,3.8,per_usd
2001-06-07,3.8,per_usd
2001-06-08,3.8,per_usd
2001-06-11,3.8,per_usd
2001-06-12,3.8,per_usd
2001-06-13,3.8,per_usd
2001-06-14,3.8,per_usd
2001-06-15,3.8,per_usd
2001-06-18,3.8,per_usd
2001-06-19,3.8,per_usd
2001-06-20,3.8,per_usd
2001-06-21,3.8,per_usd
2001-06-22,3.8,per_usd
2001-06-25,3.8,per_usd
2001-06-26,3.8,per_usd
2001-06-27,3.8,per_usd
2001-06-28,3.8,per_usd
2001-06-29,3.8,per_usd
2001-07-02,3.8,per_usd
2001-07-03,3.8,per_usd
2001-07-05,3.8,per_usd
2001-07-06,3.8,per_usd
2001-07-09,3.8,per_usd
2001-07-10,3.8,per_usd
2001-07-11,3.8,per_usd
2001-07-12,3.8,per_usd
2001-07-13,3.8,per_usd
2001-07-16,3.8,per_usd
2001-07-17,3.8,per_usd
2001-07-18,3.8,per_usd
2001-07-19,3.8,per_usd
2001-07-20,3.8,per_usd
2001-07-23,3.8,per_usd
2001-07-24,3.8,per_usd
2001-07-25,3.8,per_usd
2001-07-26,3.8,per_usd
2001-07-27,3.8,per_usd
2001-07-30,3.8,per_usd
2001-07-31,3.8,per_usd
2001-08-01,3.8,per_usd
2001-08-02,3.8,per_usd
2001-08-03,3.8,per_usd
2001-08-06,3.8,per_usd
2001-08-07,3.8,per_usd
2001-08-08,3.8,per_usd
2001-08-09,3.8,per_usd
2001-08-10,3.8,per_usd
2001-08-13,3.8,per_usd
2001-08-14,3.8,per_usd
2001-08-15,3.8,per_usd
2001-08-16,3.8,per_usd
2001-08-17,3.8,per_usd
2001-08-20,3.8,per_usd
2001-08-21,3.8,per_usd
2001-08-22,3.8,per_usd
2001-08-23,3.8,per_usd
2001-08-24,3.8,per_usd
2001-08-27,3.8,per_usd
2001-08-28,3.8,per_usd
2001-08-29,3.8,per_usd
2001-08-30,3.8,per_usd
2001-08-31,3.8,per_usd
2001-09-04,3.8,per_usd
2001-09-05,3.8,per_usd
2001-09-06,3.8,per_usd
2001-09-07,3.8,per_usd
2001-09-10,3.8,per_usd
2001-09-12,3.7995,per_usd
2001-09-13,3.7995,per_usd
2001-09-14,3.7995,per_usd
2001-09-17,3.7995,per_usd
2001-09-18,3.8,per_usd
2001-09-19,3.8,per_usd
2001-09-20,3.8,per_usd
2001-09-21,3.8005,per_usd
2001-09-24,3.8005,per_usd
2001-09-25,3.8005,per_usd
2001-09-26,3.8001,per_usd
2001-09-27,3.8,per_usd
2001-09-28,3.8,per_usd
2001-10-01,3.8,per_usd
2001-10-02,3.8005,per_usd
2001-10-03,3.8003,per_usd
2001-10-04,3.8003,per_usd
2001-10-05,3.8005,per_usd
2001-10-09,3.8,per_usd
2001-10-10,3.8,per_usd
2001-10-11,3.8,per_usd
2001-10-12,3.8,per_usd
2001-10-15,3.8,per_usd
2001-10-16,3.8,per_usd
2001-10-17,3.8,per_usd
2001-10-18,3.8,per_usd
2001-10-19,3.8,per_usd
2001-10-22,3.8,per_usd
2001-10-23,3.8,per_usd
2001-10-24,3.8,per_usd
2001-10-25,3.8,per_usd
2001-10-26,3.8,per_usd
2001-10-29,3.8,per_usd
2001-10-30,3.8,per_usd
2001-10-31,3.8,per_usd
2001-11-01,3.8,per_usd
2001-11-02,3.8,per_usd
2001-11-05,3.8,per_usd
2001-11-06,3.8,per_usd
2001-11-07,3.8,per_usd
2001-11-08,3.8,per_usd
2001-11-09,3.8,per_usd
2001-11-13,3.8,per_usd
2001-11-14,3.8,per_usd
2001-11-15,3.8,per_usd
2001-11-16,3.8,per_usd
2001-11-19,3.8,per_usd
2001-11-20,3.8,per_usd
2001-11-21,3.8,per_usd
2001-11-23,3.8,per_usd
2001-11-26,3.8,per_usd
2001-11-27,3.8,per_usd
2001-11-28,3.8,per_usd
2001-11-29,3.8,per_usd
2001-11-30,3.8,per_usd
2001-12-03,3.8,per_usd
2001-12-04,3.8,per_usd
2001-12-05,3.8,per_usd
2001-12-06,3.8,per_usd
2001-12-07,3.8,per_usd
2001-12-10,3.8,per_usd
2001-12-11,3.8,per_usd
2001-12-12,3.8,per_usd
2001-12-13,3.8,per_usd
2001-12-14,3.8,per_usd
2001-12-17,3.8,per_usd
2001-12-18,3.8,per_usd
2001-12-19,3.8,per_usd
2001-12-20,3.8,per_usd
2001-12-21,3.8,per_usd
2001-12-24,3.8,per_usd
2001-12-26,3.8,per_usd
2001-12-27,3.8,per_usd
2001-12-28,3.8,per_usd
2001-12-31,3.8,per_usd
2002-01-02,3.8,per_usd
2002-01-03,3.8,per_usd
2002-01-04,3.8,per_usd
2002-01-07,3.8,per_usd
2002-01-08,3.8,per_usd
2002-01-09,3.8,per_usd
2002-01-10,3.8,per_usd
2002-01-11,3.8,per_usd
2002-01-14,3.8,per_usd
2002-01-15,3.8,per_usd
2002-01-16,3.8,per_usd
2002-01-17,3.8,per_usd
2002-01-18,3.8,per_usd
2002-01-22,3.8,per_usd
2002-01-23,3.8,per_usd
2002-01-24,3.8,per_usd
2002-01-25,3.8,per_usd
2002-01-28,3.8,per_usd
2002-01-29,3.8,per_usd
2002-01-30,3.8,per_usd
2002-01-31,3.8,per_usd
2002-02-01,3.8,per_usd
2002-02-04,3.8,per_usd
2002-02-05,3.8,per_usd
2002-02-06,3.8,per_usd
2002-02-07,3.8005,per_usd
2002-02-08,3.8005,per_usd
2002-02-11,3.8,per_usd
2002-02-12,3.8,per_usd
2002-02-13,3.8,per_usd
2002-02-14,3.8005,per_usd
2002-02-15,3.8005,per_usd
2002-02-19,3.8005,per_usd
2002-02-20,3.8005,per_usd
2002-02-21,3.8,per_usd
2002-02-22,3.8,per_usd
2002-02-25,3.8,per_usd
2002-02-26,3.8,per_usd
2002-02-27,3.8,per_usd
2002-02-28,3.8,per_usd
2002-03-01,3.8,per_usd
2002-03-04,3.8005,per_usd
2002-03-05,3.8,per_usd
2002-03-06,3.8,per_usd
2002-03-07,3.8,per_usd
2002-03-08,3.8,per_usd
2002-03-11,3.8,per_usd
2002-03-12,3.8,per_usd
2002-03-13,3.8,per_usd
2002-03-14,3.8,per_usd
2002-03-15,3.8,per_usd
2002-03-18,3.8,per_usd
2002-03-19,3.8,per_usd
2002-03-20,3.8,per_usd
2002-03-21,3.8,per_usd
2002-03-22,3.8,per_usd
2002-03-25,3.8,per_usd
2002-03-26,3.8,per_usd
2002-03-27,3.8,per_usd
2002-03-28,3.8,per_usd
2002-03-29,3.8,per_usd
2002-04-01,3.8,per_usd
2002-04-02,3.8,per_usd
2002-04-03,3.8,per_usd
2002-04-04,3.8,per_usd
2002-04-05,3.8,per_usd
2002-04-08,3.8,per_usd
2002-04-09,3.8,per_usd
2002-04-10,3.8,per_usd
2002-04-11,3.8,per_usd
2002-04-12,3.8,per_usd
2002-04-15,3.8,per_usd
2002-04-16,3.8,per_usd
2002-04-17,3.8,per_usd
2002-04-18,3.8,per_usd
2002-04-19,3.8,per_usd
2002-04-22,3.8,per_usd
2002-04-23,3.8,per_usd
2002-04-24,3.8,per_usd
2002-04-25,3.8,per_usd
2002-04-26,3.8,per_usd
2002-04-29,3.8,per_usd
2002-04-30,3.8,per_usd
2002-05-01,3.8,per_usd
2002-05-02,3.8,per_usd
2002-05-03,3.8,per_usd
2002-05-06,3.8,per_usd
2002-05-07,3.8,per_usd
2002-05-08,3.8,per_usd
2002-05-09,3.8,per_usd
2002-05-10,3.8,per_usd
2002-05-13,3.8,per_usd
2002-05-14,3.8,per_usd
2002-05-15,3.8,per_usd
2002-05-16,3.8,per_usd
2002-05-17,3.8,per_usd
2002-05-20,3.8,per_usd
2002-05-21,3.8,per_usd
2002-05-22,3.8,per_usd
2002-05-23,3.8,per_usd
2002-05-24,3.8,per_usd
2002-05-28,3.8,per_usd
2002-05-29,3.8,per_usd
2002-05-30,3.8,per_usd
2002-05-31,3.8,per_usd
2002-06-03,3.8,per_usd
2002-06-04,3.8,per_usd
2002-06-05,3.8,per_usd
2002-06-06,3.8,per_usd
2002-06-07,3.8,per_usd
2002-06-10,3.8,per_usd
2002-06-11,3.8,per_usd
2002-06-12,3.8,per_usd
2002-06-13,3.8,per_usd
2002-06-14,3.8,per_usd
2002-06-17,3.8,per_usd
2002-06-18,3.8,per_usd
2002-06-19,3.8,per_usd
2002-06-20,3.8,per_usd
2002-06-21,3.8,per_usd
2002-06-24,3.8,per_usd
2002-06-25,3.8,per_usd
2002-06-26,3.8,per_usd
2002-06-27,3.8,per_usd
2002-06-28,3.8,per_usd
2002-07-01,3.8,per_usd
2002-07-02,3.8,per_usd
2002-07-03,3.8,per_usd
2002-07-05,3.8,per_usd
2002-07-08,3.8,per_usd
2002-07-09,3.8,per_usd
2002-07-10,3.8,per_usd
2002-07-11,3.8,per_usd
2002-07-12,3.8,per_usd
2002-07-15,3.8,per_usd
2002-07-16,3.8,per_usd
2002-07-17,3.8,per_usd
2002-07-18,3.8,per_usd
2002-07-19,3.8,per_usd
2002-07-22,3.8,per_usd
2002-07-23,3.8,per_usd
2002-07-24,3.8,per_usd
2002-07-25,3.8,per_usd
2002-07-26,3.8,per_usd
2002-07-29,3.8,per_usd
2002-07-30,3.8,per_usd
2002-07-31,3.8,per_usd
2002-08-01,3.8,per_usd
2002-08-02,3.8,per_usd
2002-08-05,3.8,per_usd
2002-08-06,3.8,per_usd
2002-08-07,3.8,per_usd
2002-08-08,3.8,per_usd
2002-08-09,3.8,per_usd
2002-08-12,3.8,per_usd
2002-08-13,3.8,per_usd
2002-08-14,3.8005,per_usd
2002-08-15,3.8,per_usd
2002-08-16,3.8,per_usd
2002-08-19,3.8,per_usd
2002-08-20,3.8,per_usd
2002-08-21,3.8,per_usd
2002-08-22,3.8,per_usd
2002-08-23,3.8,per_usd
2002-08-26,3.8,per_usd
2002-08-27,3.8,per_usd
2002-08-28,3.8,per_usd
2002-08-29,3.8,per_usd
2002-08-30,3.8,per_usd
2002-09-03,3.8,per_usd
2002-09-04,3.8,per_usd
2002-09-05,3.8,per_usd
2002-09-06,3.8,per_usd
2002-09-09,3.8,per_usd
2002-09-10,3.8,per_usd
2002-09-11,3.8,per_usd
2002-09-12,3.8,per_usd
2002-09-13,3.8,per_usd
2002-09-16,3.8,per_usd
2002-09-17,3.8,per_usd
2002-09-18,3.8,per_usd
2002-09-19,3.8,per_usd
2002-09-20,3.8,per_usd
2002-09-23,3.8,per_usd
2002-09-24,3.8,per_usd
2002-09-25,3.8,per_usd
2002-09-26,3.8,per_usd
2002-09-27,3.8,per_usd
2002-09-30,3.8,per_usd
2002-10-01,3.8,per_usd
2002-10-02,3.8,per_usd
2002-10-03,3.8,per_usd
2002-10-04,3.8,per_usd
2002-10-07,3.8,per_usd
2002-10-08,3.8,per_usd
2002-10-09,3.8,per_usd
2002-10-10,3.8,per_usd
2002-10-11,3.8,per_usd
2002-10-15,3.8,per_usd
2002-10-16,3.8,per_usd
2002-10-17,3.8,per_usd
2002-10-18,3.8,per_usd
2002-10-21,3.8,per_usd
2002-10-22,3.8,per_usd
2002-10-23,3.8,per_usd
2002-10-24,3.8,per_usd
2002-10-25,3.8,per_usd
2002-10-28,3.8,per_usd
2002-10-29,3.8,per_usd
2002-10-30,3.8,per_usd
2002-10-31,3.8,per_usd
2002-11-01,3.8,per_usd
2002-11-04,3.8,per_usd
2002-11-05,3.8,per_usd
2002-11-06,3.8,per_usd
2002-11-07,3.8,per_usd
2002-11-08,3.8,per_usd
2002-11-12,3.8,per_usd
2002-11-13,3.8,per_usd
2002-11-14,3.8,per_usd
2002-11-15,3.8,per_usd
2002-11-18,3.8,per_usd
2002-11-19,3.8,per_usd
2002-11-20,3.8,per_usd
2002-11-21,3.8,per_usd
2002-11-22,3.8,per_usd
2002-11-25,3.8,per_usd
2002-11-26,3.8,per_usd
2002-11-27,3.8,per_usd
2002-11-29,3.8,per_usd
2002-12-02,3.8,per_usd
2002-12-03,3.8,per_usd
2002-12-04,3.8,per_usd
2002-12-05,3.8,per_usd
2002-12-06,3.8,per_usd
2002-12-09,3.8,per_usd
2002-12-10,3.8,per_usd
2002-12-11,3.8,per_usd
2002-12-12,3.8,per_usd
2002-12-13,3.8,per_usd
2002-12-16,3.8,per_usd
2002-12-17,3.8,per_usd
2002-12-18,3.8,per_usd
2002-12-19,3.8,per_usd
2002-12-20,3.8,per_usd
2002-12-23,3.8,per_usd
2002-12-24,3.8,per_usd
2002-12-26,3.8,per_usd
2002-12-27,3.8,per_usd
2002-12-30,3.8,per_usd
2002-12-31,3.8,per_usd
2003-01-02,3.8,per_usd
2003-01-03,3.8,per_usd
2003-01-06,3.8,per_usd
2003-01-07,3.8,per_usd
2003-01-08,3.8,per_usd
2003-01-09,3.8,per_usd
2003-01-10,3.8,per_usd
2003-01-13,3.8,per_usd
2003-01-14,3.8,per_usd
2003-01-15,3.8,per_usd
2003-01-16,3.8,per_usd
2003-01-17,3.8,per_usd
2003-01-21,3.8,per_usd
2003-01-22,3.8,per_usd
2003-01-23,3.8,per_usd
2003-01-24,3.8,per_usd
2003-01-27,3.8,per_usd
2003-01-28,3.8,per_usd
2003-01-29,3.8,per_usd
2003-01-30,3.8,per_usd
2003-01-31,3.8,per_usd
2003-02-03,3.8,per_usd
2003-02-04,3.8,per_usd
2003-02-05,3.8,per_usd
2003-02-06,3.8,per_usd
2003-02-07,3.8,per_usd
2003-02-10,3.8,per_usd
2003-02-11,3.8,per_usd
2003-02-12,3.8,per_usd
2003-02-13,3.8,per_usd
2003-02-14,3.8,per_usd
2003-02-18,3.8,per_usd
2003-02-19,3.8,per_usd
2003-02-20,3.8,per_usd
2003-02-21,3.8,per_usd
2003-02-24,3.8,per_usd
2003-02-25,3.8,per_usd
2003-02-26,3.8,per_usd
2003-02-27,3.8,per_usd
2003-02-28,3.8,per_usd
2003-03-03,3.8,per_usd
2003-03-04,3.8,per_usd
2003-03-05,3.8,per_usd
2003-03-06,3.8,per_usd
2003-03-07,3.8,per_usd
2003-03-10,3.8,per_usd
2003-03-11,3.8,per_usd
2003-03-12,3.8,per_usd
2003-03-13,3.8,per_usd
2003-03-14,3.8,per_usd
2003-03-17,3.8,per_usd
2003-03-18,3.8,per_usd
2003-03-19,3.8,per_usd
2003-03-20,3.8,per_usd
2003-03-21,3.8,per_usd
2003-03-24,3.8,per_usd
2003-03-25,3.8,per_usd
2003-03-26,3.8,per_usd
2003-03-27,3.8,per_usd
2003-03-28,3.8,per_usd
2003-03-31,3.8,per_usd
2003-04-01,3.8,per_usd
2003-04-02,3.8,per_usd
2003-04-03,3.8,per_usd
2003-04-04,3.8,per_usd
2003-04-07,3.8,per_usd
2003-04-08,3.8,per_usd
2003-04-09,3.8,per_usd
2003-04-10,3.8,per_usd
2003-04-11,3.8,per_usd
2003-04-14,3.8,per_usd
2003-04-15,3.8,per_usd
2003-04-16,3.8,per_usd
2003-04-17,3.8,per_usd
2003-04-18,3.8,per_usd
2003-04-21,3.8,per_usd
2003-04-22,3.8,per_usd
2003-04-23,3.8,per_usd
2003-04-24,3.8,per_usd
2003-04-25,3.8,per_usd
2003-04-28,3.8,per_usd
2003-04-29,3.8,per_usd
2003-04-30,3.8,per_usd
2003-05-01,3.8,per_usd
2003-05-02,3.8,per_usd
2003-05-05,3.8,per_usd
2003-05-06,3.8,per_usd
2003-05-07,3.8,per_usd
2003-05-08,3.8,per_usd
2003-05-09,3.8,per_usd
2003-05-12,3.8,per_usd
2003-05-13,3.8,per_usd
2003-05-14,3.8,per_usd
2003-05-15,3.8,per_usd
2003-05-16,3.8,per_usd
2003-05-19,3.8,per_usd
2003-05-20,3.8,per_usd
2003-05-21,3.8,per_usd
2003-05-22,3.8,per_usd
2003-05-23,3.8,per_usd
2003-05-27,3.8,per_usd
2003-05-28,3.8,per_usd
2003-05-29,3.8,per_usd
2003-05-30,3.8,per_usd
2003-06-02,3.8,per_usd
2003-06-03,3.8,per_usd
2003-06-04,3.8,per_usd
2003-06-05,3.8,per_usd
2003-06-06,3.8,per_usd
2003-06-09,3.8,per_usd
2003-06-10,3.8,per_usd
2003-06-11,3.8,per_usd
2003-06-12,3.8,per_usd
2003-06-13,3.8,per_usd
2003-06-16,3.8,per_usd
2003-06-17,3.8,per_usd
2003-06-18,3.8,per_usd
2003-06-19,3.8,per_usd
2003-06-20,3.8,per_usd
2003-06-23,3.8,per_usd
2003-06-24,3.8,per_usd
2003-06-25,3.8,per_usd
2003-06-26,3.8,per_usd
2003-06-27,3.8,per_usd
2003-06-30,3.8,per_usd
2003-07-01,3.8,per_usd
2003-07-02,3.8,per_usd
2003-07-03,3.8,per_usd
2003-07-07,3.8,per_usd
2003-07-08,3.8,per_usd
2003-07-09,3.8,per_usd
2003-07-10,3.8,per_usd
2003-07-11,3.8,per_usd
2003-07-14,3.8,per_usd
2003-07-15,3.8,per_usd
2003-07-16,3.8,per_usd
2003-07-17,3.8,per_usd
2003-07-18,3.8,per_usd
2003-07-21,3.8,per_usd
2003-07-22,3.8,per_usd
2003-07-23,3.8,per_usd
2003-07-24,3.8,per_usd
2003-07-25,3.8,per_usd
2003-07-28,3.8,per_usd
2003-07-29,3.8,per_usd
2003-07-30,3.8,per_usd
2003-07-31,3.8,per_usd
2003-08-01,3.8,per_usd
2003-08-04,3.8,per_usd
2003-08-05,3.8,per_usd
2003-08-06,3.8,per_usd
2003-08-07,3.8,per_usd
2003-08-08,3.8,per_usd
2003-08-11,3.8,per_usd
2003-08-12,3.8,per_usd
2003-08-13,3.8,per_usd
2003-08-14,3.8,per_usd
2003-08-15,3.8,per_usd
2003-08-18,3.8,per_usd
2003-08-19,3.8,per_usd
2003-08-20,3.8,per_usd
2003-08-21,3.8,per_usd
2003-08-22,3.8,per_usd
2003-08-25,3.8,per_usd
2003-08-26,3.8,per_usd
2003-08-27,3.8,per_usd
2003-08-28,3.8,per_usd
2003-08-29,3.8,per_usd
2003-09-02,3.8,per_usd
2003-09-03,3.8,per_usd
2003-09-04,3.8,per_usd
2003-09-05,3.8,per_usd
2003-09-08,3.8,per_usd
2003-09-09,3.8,per_usd
2003-09-10,3.8,per_usd
2003-09-11,3.8,per_usd
2003-09-12,3.8,per_usd
2003-09-15,3.8,per_usd
2003-09-16,3.8,per_usd
2003-09-17,3.8,per_usd
2003-09-18,3.8,per_usd
2003-09-19,3.8,per_usd
2003-09-22,3.8,per_usd
2003-09-23,3.8,per_usd
2003-09-24,3.8,per_usd
2003-09-25,3.8,per_usd
2003-09-26,3.8,per_usd
2003-09-29,3.8,per_usd
2003-09-30,3.8,per_usd
2003-10-01,3.8,per_usd
2003-10-02,3.8,per_usd
2003-10-03,3.8,per_usd
2003-10-06,3.8,per_usd
2003-10-07,3.8,per_usd
2003-10-08,3.8,per_usd
2003-10-09,3.8,per_usd
2003-10-10,3.8,per_usd
2003-10-14,3.8,per_usd
2003-10-15,3.8,per_usd
2003-10-16,3.8,per_usd
2003-10-17,3.8,per_usd
2003-10-20,3.8,per_usd
2003-10-21,3.8,per_usd
2003-10-22,3.8,per_usd
2003-10-23,3.8,per_usd
2003-10-24,3.8,per_usd
2003-10-27,3.8,per_usd
2003-10-28,3.8,per_usd
2003-10-29,3.8,per_usd
2003-10-30,3.8,per_usd
2003-10-31,3.8,per_usd
2003-11-03,3.8,per_usd
2003-11-04,3.8,per_usd
2003-11-05,3.8,per_usd
2003-11-06,3.8,per_usd
2003-11-07,3.8,per_usd
2003-11-10,3.8,per_usd
2003-11-12,3.8,per_usd
2003-11-13,3.8,per_usd
2003-11-14,3.8,per_usd
2003-11-17,3.8,per_usd
2003-11-18,3.8,per_usd
2003-11-19,3.8,per_usd
2003-11-20,3.8,per_usd
2003-11-21,3.8,per_usd
2003-11-24,3.8,per_usd
2003-11-25,3.8,per_usd
2003-11-26,3.8,per_usd
2003-11-28,3.8,per_usd
2003-12-01,3.8,per_usd
2003-12-02,3.8,per_usd
2003-12-03,3.8,per_usd
2003-12-04,3.8,per_usd
2003-12-05,3.8,per_usd
2003-12-08,3.8,per_usd
2003-12-09,3.8,per_usd
2003-12-10,3.8,per_usd
2003-12-11,3.8,per_usd
2003-12-12,3.8,per_usd
2003-12-15,3.8,per_usd
2003-12-16,3.8,per_usd
2003-12-17,3.8,per_usd
2003-12-18,3.8,per_usd
2003-12-19,3.8,per_usd
2003-12-22,3.8,per_usd
2003-12-23,3.8,per_usd
2003-12-24,3.8,per_usd
2003-12-26,3.8,per_usd
2003-12-29,3.8,per_usd
2003-12-30,3.8,per_usd
2003-12-31,3.8,per_usd
2004-01-02,3.8,per_usd
2004-01-05,3.8,per_usd
2004-01-06,3.8,per_usd
2004-01-07,3.8,per_usd
2004-01-08,3.8,per_usd
2004-01-09,3.8,per_usd
2004-01-12,3.8,per_usd
2004-01-13,3.8,per_usd
2004-01-14,3.8,per_usd
2004-01-15,3.8,per_usd
2004-01-16,3.8,per_usd
2004-01-20,3.8,per_usd
2004-01-21,3.8,per_usd
2004-01-22,3.8,per_usd
2004-01-23,3.8,per_usd
2004-01-26,3.8,per_usd
2004-01-27,3.8,per_usd
2004-01-28,3.8,per_usd
2004-01-29,3.8,per_usd
2004-01-30,3.8,per_usd
2004-02-02,3.8,per_usd
2004-02-03,3.8,per_usd
2004-02-04,3.8,per_usd
2004-02-05,3.8,per_usd
2004-02-06,3.8,per_usd
2004-02-09,3.8,per_usd
2004-02-10,3.8,per_usd
2004-02-11,3.8,per_usd
2004-02-12,3.8,per_usd
2004-02-13,3.8,per_usd
2004-02-17,3.8,per_usd
2004-02-18,3.8,per_usd
2004-02-19,3.8,per_usd
2004-02-20,3.8,per_usd
2004-02-23,3.8,per_usd
2004-02-24,3.8,per_usd
2004-02-25,3.8,per_usd
2004-02-26,3.8,per_usd
2004-02-27,3.8,per_usd
2004-03-01,3.8,per_usd
2004-03-02,3.8,per_usd
2004-03-03,3.8,per_usd
2004-03-04,3.8,per_usd
2004-03-05,3.8,per_usd
2004-03-08,3.8,per_usd
2004-03-09,3.8,per_usd
2004-03-10,3.8,per_usd
2004-03-11,3.8,per_usd
2004-03-12,3.8,per_usd
2004-03-15,3.8,per_usd
2004-03-16,3.8,per_usd
2004-03-17,3.8,per_usd
2004-03-18,3.8,per_usd
2004-03-19,3.8,per_usd
2004-03-22,3.8,per_usd
2004-03-23,3.8,per_usd
2004-03-24,3.8,per_usd
2004-03-25,3.8,per_usd
2004-03-26,3.8,per_usd
2004-03-29,3.8,per_usd
2004-03-30,3.8,per_usd
2004-03-31,3.8,per_usd
2004-04-01,3.8,per_usd
2004-04-02,3.8,per_usd
2004-04-05,3.8,per_usd
2004-04-06,3.8,per_usd
2004-04-07,3.8,per_usd
2004-04-08,3.8,per_usd
2004-04-09,3.8,per_usd
2004-04-12,3.8,per_usd
2004-04-13,3.8,per_usd
2004-04-14,3.8,per_usd
2004-04-15,3.8,per_usd
2004-04-16,3.8,per_usd
2004-04-19,3.8,per_usd
2004-04-20,3.8,per_usd
2004-04-21,3.8,per_usd
2004-04-22,3.8,per_usd
2004-04-23,3.8,per_usd
2004-04-26,3.8,per_usd
2004-04-27,3.8,per_usd
2004-04-28,3.8,per_usd
2004-04-29,3.8,per_usd
2004-04-30,3.8,per_usd
2004-05-03,3.8,per_usd
2004-05-04,3.8,per_usd
2004-05-05,3.8,per_usd
2004-05-06,3.8,per_usd
2004-05-07,3.8,per_usd
2004-05-10,3.8,per_usd
2004-05-11,3.8,per_usd
2004-05-12,3.8,per_usd
2004-05-13,3.8,per_usd
2004-05-14,3.8,per_usd
2004-05-17,3.8,per_usd
2004-05-18,3.8,per_usd
2004-05-19,3.8,per_usd
2004-05-20,3.8,per_usd
2004-05-21,3.8,per_usd
2004-05-24,3.8,per_usd
2004-05-25,3.8,per_usd
2004-05-26,3.8,per_usd
2004-05-27,3.8,per_usd
2004-05-28,3.8,per_usd
2004-06-01,3.8,per_usd
2004-06-02,3.8,per_usd
2004-06-03,3.8,per_usd
2004-06-04,3.8,per_usd
2004-06-07,3.8,per_usd
2004-06-08,3.8,per_usd
2004-06-09,3.8,per_usd
2004-06-10,3.8,per_usd
2004-06-11,3.8,per_usd
2004-06-14,3.8,per_usd
2004-06-15,3.8,per_usd
2004-06-16,3.8,per_usd
2004-06-17,3.8,per_usd
2004-06-18,3.8,per_usd
2004-06-21,3.8,per_usd
2004-06-22,3.8,per_usd
2004-06-23,3.8,per_usd
2004-06-24,3.8,per_usd
2004-06-25,3.8,per_usd
2004-06-28,3.8,per_usd
2004-06-29,3.8,per_usd
2004-06-30,3.8,per_usd
2004-07-01,3.8,per_usd
2004-07-02,3.8,per_usd
2004-07-06,3.8,per_usd
2004-07-07,3.8,per_usd
2004-07-08,3.8,per_usd
2004-07-09,3.8,per_usd
2004-07-12,3.8,per_usd
2004-07-13,3.8,per_usd
2004-07-14,3.8,per_usd
2004-07-15,3.8,per_usd
2004-07-16,3.8,per_usd
2004-07-19,3.8,per_usd
2004-07-20,3.8,per_usd
2004-07-21,3.8,per_usd
2004-07-22,3.8,per_usd
2004-07-23,3.8,per_usd
2004-07-26,3.8,per_usd
2004-07-27,3.8,per_usd
2004-07-28,3.8,per_usd
2004-07-29,3.8,per_usd
2004-07-30,3.8,per_usd
2004-08-02,3.8,per_usd
2004-08-03,3.8,per_usd
2004-08-04,3.8,per_usd
2004-08-05,3.8,per_usd
2004-08-06,3.8,per_usd
2004-08-09,3.8,per_usd
2004-08-10,3.8,per_usd
2004-08-11,3.8,per_usd
2004-08-12,3.8,per_usd
2004-08-13,3.8,per_usd
2004-08-16,3.8,per_usd
2004-08-17,3.8,per_usd
2004-08-18,3.8,per_usd
2004-08-19,3.8,per_usd
2004-08-20,3.8,per_usd
2004-08-23,3.8,per_usd
2004-08-24,3.8,per_usd
2004-08-25,3.8,per_usd
2004-08-26,3.8,per_usd
2004-08-27,3.8,per_usd
2004-08-30,3.8,per_usd
2004-08-31,3.8,per_usd
2004-09-01,3.8,per_usd
2004-09-02,3.8,per_usd
2004-09-03,3.8,per_usd
2004-09-07,3.8,per_usd
2004-09-08,3.8,per_usd
2004-09-09,3.8,per_usd
2004-09-10,3.8,per_usd
2004-09-13,3.8,per_usd
2004-09-14,3.8,per_usd
2004-09-15,3.8,per_usd
2004-09-16,3.8,per_usd
2004-09-17,3.8,per_usd
2004-09-20,3.8,per_usd
2004-09-21,3.8,per_usd
2004-09-22,3.8,per_usd
2004-09-23,3.8,per_usd
2004-09-24,3.8,per_usd
2004-09-27,3.8,per_usd
2004-09-28,3.8,per_usd
2004-09-29,3.8,per_usd
2004-09-30,3.8,per_usd
2004-10-01,3.8,per_usd
2004-10-04,3.8,per_usd
2004-10-05,3.8,per_usd
2004-10-06,3.8,per_usd
2004-10-07,3.8,per_usd
2004-10-08,3.8,per_usd
2004-10-12,3.8,per_usd
2004-10-13,3.8,per_usd
2004-10-14,3.8,per_usd
2004-10-15,3.8,per_usd
2004-10-18,3.8,per_usd
2004-10-19,3.8,per_usd
2004-10-20,3.8,per_usd
2004-10-21,3.8,per_usd
2004-10-22,3.8,per_usd
2004-10-25,3.8,per_usd
2004-10-26,3.8,per_usd
2004-10-27,3.8,per_usd
2004-10-28,3.8,per_usd
2004-10-29,3.8,per_usd
2004-11-01,3.8,per_usd
2004-11-02,3.8,per_usd
2004-11-03,3.8,per_usd
2004-11-04,3.8,per_usd
2004-11-05,3.8,per_usd
2004-11-08,3.8,per_usd
2004-11-09,3.8,per_usd
2004-11-10,3.8,per_usd
2004-11-12,3.8,per_usd
2004-11-15,3.8,per_usd
2004-11-16,3.8,per_usd
2004-11-17,3.8,per_usd
2004-11-18,3.8,per_usd
2004-11-19,3.8,per_usd
2004-11-22,3.8,per_usd
2004-11-23,3.8,per_usd
2004-11-24,3.8,per_usd
2004-11-26,3.8,per_usd
2004-11-29,3.8,per_usd
2004-11-30,3.8,per_usd
2004-12-01,3.8,per_usd
2004-12-02,3.8,per_usd
2004-12-03,3.8,per_usd
2004-12-06,3.8,per_usd
2004-12-07,3.8,per_usd
2004-12-08,3.8,per_usd
2004-12-09,3.8,per_usd
2004-12-10,3.8,per_usd
2004-12-13,3.8,per_usd
2004-12-14,3.8,per_usd
2004-12-15,3.8,per_usd
2004-12-16,3.8,per_usd
2004-12-17,3.8,per_usd
2004-12-20,3.8,per_usd
2004-12-21,3.8,per_usd
2004-12-22,3.8,per_usd
2004-12-23,3.8,per_usd
2004-12-24,3.8,per_usd
2004-12-27,3.8,per_usd
2004-12-28,3.8,per_usd
2004-12-29,3.8,per_usd
2004-12-30,3.8,per_usd
2004-12-31,3.8,per_usd
2005-01-03,3.8,per_usd
2005-01-04,3.8,per_usd
2005-01-05,3.8,per_usd
2005-01-06,3.8,per_usd
2005-01-07,3.8,per_usd
2005-01-10,3.8,per_usd
2005-01-11,3.8,per_usd
2005-01-12,3.8,per_usd
2005-01-13,3.8,per_usd
2005-01-14,3.8,per_usd
2005-01-18,3.8,per_usd
2005-01-19,3.8,per_usd
2005-01-20,3.8,per_usd
2005-01-21,3.8,per_usd
2005-01-24,3.8,per_usd
2005-01-25,3.8,per_usd
2005-01-26,3.8,per_usd
2005-01-27,3.8,per_usd
2005-01-28,3.8,per_usd
2005-01-31,3.8,per_usd
2005-02-01,3.8,per_usd
2005-02-02,3.8,per_usd
2005-02-03,3.8,per_usd
2005-02-04,3.8,per_usd
2005-02-07,3.8,per_usd
2005-02-08,3.8,per_usd
2005-02-09,3.8,per_usd
2005-02-10,3.8,per_usd
2005-02-11,3.8,per_usd
2005-02-14,3.8,per_usd
2005-02-15,3.8,per_usd
2005-02-16,3.8,per_usd
2005-02-17,3.8,per_usd
2005-02-18,3.8,per_usd
2005-02-22,3.8,per_usd
2005-02-23,3.8,per_usd
2005-02-24,3.8,per_usd
2005-02-25,3.8,per_usd
2005-02-28,3.8,per_usd
2005-03-01,3.8,per_usd
2005-03-02,3.8,per_usd
2005-03-03,3.8,per_usd
2005-03-04,3.8,per_usd
2005-03-07,3.8,per_usd
2005-03-08,3.8,per_usd
2005-03-09,3.8,per_usd
2005-03-10,3.8,per_usd
2005-03-11,3.8,per_usd
2005-03-14,3.8,per_usd
2005-03-15,3.8,per_usd
2005-03-16,3.8,per_usd
2005-03-17,3.8,per_usd
2005-03-18,3.8,per_usd
2005-03-21,3.8,per_usd
2005-03-22,3.8,per_usd
2005-03-23,3.8,per_usd
2005-03-24,3.8,per_usd
2005-03-25,3.8,per_usd
2005-03-28,3.8,per_usd
2005-03-29,3.8,per_usd
2005-03-30,3.8,per_usd
2005-03-31,3.8,per_usd
2005-04-01,3.8,per_usd
2005-04-04,3.8,per_usd
2005-04-05,3.8,per_usd
2005-04-06,3.8,per_usd
2005-04-07,3.8,per_usd
2005-04-08,3.8,per_usd
2005-04-11,3.8,per_usd
2005-04-12,3.8,per_usd
2005-04-13,3.8,per_usd
2005-04-14,3.8,per_usd
2005-04-15,3.8,per_usd
2005-04-18,3.8,per_usd
2005-04-19,3.8,per_usd
2005-04-20,3.8,per_usd
2005-04-21,3.8,per_usd
2005-04-22,3.8,per_usd
2005-04-25,3.8,per_usd
2005-04-26,3.8,per_usd
2005-04-27,3.8,per_usd
2005-04-28,3.8,per_usd
2005-04-29,3.8,per_usd
2005-05-02,3.8,per_usd
2005-05-03,3.8,per_usd
2005-05-04,3.8,per_usd
2005-05-05,3.8,per_usd
2005-05-06,3.8,per_usd
2005-05-09,3.8,per_usd
2005-05-10,3.8,per_usd
2005-05-11,3.8,per_usd
2005-05-12,3.8,per_usd
2005-05-13,3.8,per_usd
2005-05-16,3.8,per_usd
2005-05-17,3.8,per_usd
2005-05-18,3.8,per_usd
2005-05-19,3.8,per_usd
2005-05-20,3.8,per_usd
2005-05-23,3.8,per_usd
2005-05-24,3.8,per_usd
2005-05-25,3.8,per_usd
2005-05-26,3.8,per_usd
2005-05-27,3.8,per_usd
2005-05-31,3.8,per_usd
2005-06-01,3.8,per_usd
2005-06-02,3.8,per_usd
2005-06-03,3.8,per_usd
2005-06-06,3.8,per_usd
2005-06-07,3.8,per_usd
2005-06-08,3.8,per_usd
2005-06-09,3.8,per_usd
2005-06-10,3.8,per_usd
2005-06-13,3.8,per_usd
2005-06-14,3.8,per_usd
2005-06-15,3.8,per_usd
2005-06-16,3.8,per_usd
2005-06-17,3.8,per_usd
2005-06-20,3.8,per_usd
2005-06-21,3.8,per_usd
2005-06-22,3.8,per_usd
2005-06-23,3.8,per_usd
2005-06-24,3.8,per_usd
2005-06-27,3.8,per_usd
2005-06-28,3.8,per_usd
2005-06-29,3.8,per_usd
2005-06-30,3.8,per_usd
2005-07-01,3.8,per_usd
2005-07-05,3.8,per_usd
2005-07-06,3.8,per_usd
2005-07-07,3.8,per_usd
2005-07-08,3.8,per_usd
2005-07-11,3.8,per_usd
2005-07-12,3.8,per_usd
2005-07-13,3.8,per_usd
2005-07-14,3.8,per_usd
2005-07-15,3.8,per_usd
2005-07-18,3.8,per_usd
2005-07-19,3.8,per_usd
2005-07-20,3.8,per_usd
2005-07-21,3.8,per_usd
2005-07-22,3.7825,per_usd
2005-07-25,3.7605,per_usd
2005-07-26,3.751,per_usd
2005-07-27,3.7505,per_usd
2005-07-28,3.7495,per_usd
2005-07-29,3.7505,per_usd
2005-08-01,3.7498,per_usd
2005-08-02,3.746,per_usd
2005-08-03,3.7465,per_usd
2005-08-04,3.7465,per_usd
2005-08-05,3.7525,per_usd
2005-08-08,3.75,per_usd
2005-08-09,3.7485,per_usd
2005-08-10,3.7468,per_usd
2005-08-11,3.7477,per_usd
2005-08-12,3.7477,per_usd
2005-08-15,3.755,per_usd
2005-08-16,3.763,per_usd
2005-08-17,3.767,per_usd
2005-08-18,3.7685,per_usd
2005-08-19,3.7673,per_usd
2005-08-22,3.766,per_usd
2005-08-23,3.7698,per_usd
2005-08-24,3.7695,per_usd
2005-08-25,3.7695,per_usd
2005-08-26,3.7695,per_usd
2005-08-29,3.7683,per_usd
2005-08-30,3.7698,per_usd
2005-08-31,3.7698,per_usd
2005-09-01,3.7713,per_usd
2005-09-02,3.764,per_usd
2005-09-06,3.7645,per_usd
2005-09-07,3.7645,per_usd
2005-09-08,3.769,per_usd
2005-09-09,3.7695,per_usd
2005-09-12,3.7693,per_usd
2005-09-13,3.7695,per_usd
2005-09-14,3.7695,per_usd
2005-09-15,3.769,per_usd
2005-09-16,3.7695,per_usd
2005-09-19,3.7695,per_usd
2005-09-20,3.7698,per_usd
2005-09-21,3.7695,per_usd
2005-09-22,3.7695,per_usd
2005-09-23,3.7695,per_usd
2005-09-26,3.7697,per_usd
2005-09-27,3.7698,per_usd
2005-09-28,3.7698,per_usd
2005-09-29,3.7705,per_usd
2005-09-30,3.7692,per_usd
2005-10-03,3.7697,per_usd
2005-10-04,3.7707,per_usd
2005-10-05,3.7718,per_usd
2005-10-06,3.7718,per_usd
2005-10-07,3.7695,per_usd
2005-10-11,3.7717,per_usd
2005-10-12,3.772,per_usd
2005-10-13,3.772,per_usd
2005-10-14,3.7825,per_usd
2005-10-17,3.7737,per_usd
2005-10-18,3.7738,per_usd
2005-10-19,3.774,per_usd
2005-10-20,3.774,per_usd
2005-10-21,3.7742,per_usd
2005-10-24,3.7747,per_usd
2005-10-25,3.7747,per_usd
2005-10-26,3.7747,per_usd
2005-10-27,3.775,per_usd
2005-10-28,3.7746,per_usd
2005-10-31,3.7748,per_usd
2005-11-01,3.7748,per_usd
2005-11-02,3.7746,per_usd
2005-11-03,3.7748,per_usd
2005-11-04,3.7746,per_usd
2005-11-07,3.7777,per_usd
2005-11-08,3.7775,per_usd
2005-11-09,3.7773,per_usd
2005-11-10,3.778,per_usd
2005-11-14,3.778,per_usd
2005-11-15,3.78,per_usd
2005-11-16,3.78,per_usd
2005-11-17,3.7793,per_usd
2005-11-18,3.7798,per_usd
2005-11-21,3.7797,per_usd
2005-11-22,3.7798,per_usd
2005-11-23,3.78,per_usd
2005-11-25,3.7795,per_usd
2005-11-28,3.7797,per_usd
2005-11-29,3.78,per_usd
2005-11-30,3.7783,per_usd
2005-12-01,3.7773,per_usd
2005-12-02,3.78,per_usd
2005-12-05,3.781,per_usd
2005-12-06,3.781,per_usd
2005-12-07,3.78,per_usd
2005-12-08,3.7738,per_usd
2005-12-09,3.7665,per_usd
2005-12-12,3.7755,per_usd
2005-12-13,3.7725,per_usd
2005-12-14,3.778,per_usd
2005-12-15,3.7775,per_usd
2005-12-16,3.7792,per_usd
2005-12-19,3.7797,per_usd
2005-12-20,3.7792,per_usd
2005-12-21,3.7792,per_usd
2005-12-22,3.7795,per_usd
2005-12-23,3.7797,per_usd
2005-12-27,3.7795,per_usd
2005-12-28,3.7795,per_usd
2005-12-29,3.78,per_usd
2005-12-30,3.779,per_usd
2006-01-03,3.78,per_usd
2006-01-04,3.7748,per_usd
2006-01-05,3.7659,per_usd
2006-01-06,3.7555,per_usd
2006-01-09,3.7485,per_usd
2006-01-10,3.7485,per_usd
2006-01-11,3.7503,per_usd
2006-01-12,3.7418,per_usd
2006-01-13,3.7423,per_usd
2006-01-17,3.749,per_usd
2006-01-18,3.7555,per_usd
2006-01-19,3.7545,per_usd
2006-01-20,3.744,per_usd
2006-01-23,3.75,per_usd
2006-01-24,3.7485,per_usd
2006-01-25,3.75,per_usd
2006-01-26,3.748,per_usd
2006-01-27,3.751,per_usd
2006-01-30,3.751,per_usd
2006-01-31,3.751,per_usd
2006-02-01,3.7495,per_usd
2006-02-02,3.7485,per_usd
2006-02-03,3.7455,per_usd
2006-02-06,3.7409,per_usd
2006-02-07,3.7348,per_usd
2006-02-08,3.735,per_usd
2006-02-09,3.73,per_usd
2006-02-10,3.73,per_usd
2006-02-13,3.723,per_usd
2006-02-14,3.723,per_usd
2006-02-15,3.722,per_usd
2006-02-16,3.724,per_usd
2006-02-17,3.723,per_usd
2006-02-21,3.7208,per_usd
2006-02-22,3.7195,per_usd
2006-02-23,3.713,per_usd
2006-02-24,3.7153,per_usd
2006-02-27,3.7135,per_usd
2006-02-28,3.7135,per_usd
2006-03-01,3.7115,per_usd
2006-03-02,3.7093,per_usd
2006-03-03,3.7055,per_usd
2006-03-06,3.7063,per_usd
2006-03-07,3.7093,per_usd
2006-03-08,3.7172,per_usd
2006-03-09,3.725,per_usd
2006-03-10,3.724,per_usd
2006-03-13,3.718,per_usd
2006-03-14,3.7135,per_usd
2006-03-15,3.704,per_usd
2006-03-16,3.704,per_usd
2006-03-17,3.704,per_usd
2006-03-20,3.7033,per_usd
2006-03-21,3.699,per_usd
2006-03-22,3.692,per_usd
2006-03-23,3.69,per_usd
2006-03-24,3.6965,per_usd
2006-03-27,3.6925,per_usd
2006-03-28,3.6945,per_usd
2006-03-29,3.696,per_usd
2006-03-30,3.6945,per_usd
2006-03-31,3.6821,per_usd
2006-04-03,3.6818,per_usd
2006-04-04,3.681,per_usd
2006-04-05,3.6728,per_usd
2006-04-06,3.6708,per_usd
2006-04-07,3.6698,per_usd
2006-04-10,3.668,per_usd
2006-04-11,3.668,per_usd
2006-04-12,3.672,per_usd
2006-04-13,3.6775,per_usd
2006-04-14,3.671,per_usd
2006-04-17,3.6705,per_usd
2006-04-18,3.6705,per_usd
2006-04-19,3.668,per_usd
2006-04-20,3.6605,per_usd
2006-04-21,3.658,per_usd
2006-04-24,3.6523,per_usd
2006-04-25,3.6415,per_usd
2006-04-26,3.64,per_usd
2006-04-27,3.632,per_usd
2006-04-28,3.6255,per_usd
2006-05-01,3.6255,per_usd
2006-05-02,3.6148,per_usd
2006-05-03,3.608,per_usd
2006-05-04,3.614,per_usd
2006-05-05,3.605,per_usd
2006-05-08,3.592,per_usd
2006-05-09,3.588,per_usd
2006-05-10,3.58,per_usd
2006-05-11,3.58,per_usd
2006-05-12,3.5825,per_usd
2006-05-15,3.61,per_usd
2006-05-16,3.6,per_usd
2006-05-17,3.575,per_usd
2006-05-18,3.604,per_usd
2006-05-19,3.61,per_usd
2006-05-22,3.627,per_usd
2006-05-23,3.613,per_usd
2006-05-24,3.64,per_usd
2006-05-25,3.645,per_usd
2006-05-26,3.64,per_usd
2006-05-30,3.617,per_usd
2006-05-31,3.629,per_usd
2006-06-01,3.637,per_usd
2006-06-02,3.639,per_usd
2006-06-05,3.633,per_usd
2006-06-06,3.642,per_usd
2006-06-07,3.6555,per_usd
2006-06-08,3.665,per_usd
2006-06-09,3.665,per_usd
2006-06-12,3.674,per_usd
2006-06-13,3.683,per_usd
2006-06-14,3.688,per_usd
2006-06-15,3.65,per_usd
2006-06-16,3.64,per_usd
2006-06-19,3.665,per_usd
2006-06-20,3.67,per_usd
2006-06-21,3.654,per_usd
2006-06-22,3.655,per_usd
2006-06-23,3.68,per_usd
2006-06-26,3.687,per_usd
2006-06-27,3.682,per_usd
2006-06-28,3.682,per_usd
2006-06-29,3.685,per_usd
2006-06-30,3.673,per_usd
2006-07-03,3.66,per_usd
2006-07-05,3.6485,per_usd
2006-07-06,3.66,per_usd
2006-07-07,3.6555,per_usd
2006-07-10,3.64,per_usd
2006-07-11,3.65,per_usd
2006-07-12,3.6535,per_usd
2006-07-13,3.6575,per_usd
2006-07-14,3.67,per_usd
2006-07-17,3.688,per_usd
2006-07-18,3.6805,per_usd
2006-07-19,3.693,per_usd
2006-07-20,3.678,per_usd
2006-07-21,3.677,per_usd
2006-07-24,3.692,per_usd
2006-07-25,3.685,per_usd
2006-07-26,3.678,per_usd
2006-07-27,3.671,per_usd
2006-07-28,3.664,per_usd
2006-07-31,3.656,per_usd
2006-08-01,3.67,per_usd
2006-08-02,3.673,per_usd
2006-08-03,3.68,per_usd
2006-08-04,3.673,per_usd
2006-08-07,3.66,per_usd
2006-08-08,3.665,per_usd
2006-08-09,3.661,per_usd
2006-08-10,3.66,per_usd
2006-08-11,3.673,per_usd
2006-08-14,3.678,per_usd
2006-08-15,3.68,per_usd
2006-08-16,3.68,per_usd
2006-08-17,3.67,per_usd
2006-08-18,3.668,per_usd
2006-08-21,3.667,per_usd
2006-08-22,3.6745,per_usd
2006-08-23,3.674,per_usd
2006-08-24,3.678,per_usd
2006-08-25,3.6785,per_usd
2006-08-28,3.6795,per_usd
2006-08-29,3.6795,per_usd
2006-08-30,3.677,per_usd
2006-08-31,3.68,per_usd
2006-09-01,3.6655,per_usd
2006-09-05,3.64,per_usd
2006-09-06,3.647,per_usd
2006-09-07,3.645,per_usd
2006-09-08,3.659,per_usd
2006-09-11,3.67,per_usd
2006-09-12,3.673,per_usd
2006-09-13,3.67,per_usd
2006-09-14,3.672,per_usd
2006-09-15,3.669,per_usd
2006-09-18,3.678,per_usd
2006-09-19,3.68,per_usd
2006-09-20,3.678,per_usd
2006-09-21,3.67,per_usd
2006-09-22,3.674,per_usd
2006-09-25,3.6785,per_usd
2006-09-26,3.678,per_usd
2006-09-27,3.681,per_usd
2006-09-28,3.685,per_usd
2006-09-29,3.685,per_usd
2006-10-02,3.687,per_usd
2006-10-03,3.6855,per_usd
2006-10-04,3.69,per_usd
2006-10-05,3.6835,per_usd
2006-10-06,3.69,per_usd
2006-10-10,3.693,per_usd
2006-10-11,3.694,per_usd
2006-10-12,3.6925,per_usd
2006-10-13,3.681,per_usd
2006-10-16,3.682,per_usd
2006-10-17,3.674,per_usd
2006-10-18,3.671,per_usd
2006-10-19,3.673,per_usd
2006-10-20,3.674,per_usd
2006-10-23,3.674,per_usd
2006-10-24,3.674,per_usd
2006-10-25,3.674,per_usd
2006-10-26,3.666,per_usd
2006-10-27,3.65,per_usd
2006-10-30,3.641,per_usd
2006-10-31,3.651,per_usd
2006-11-01,3.6485,per_usd
2006-11-02,3.648,per_usd
2006-11-03,3.6455,per_usd
2006-11-06,3.657,per_usd
2006-11-07,3.646,per_usd
2006-11-08,3.64,per_usd
2006-11-09,3.64,per_usd
2006-11-10,3.636,per_usd
2006-11-13,3.634,per_usd
2006-11-14,3.645,per_usd
2006-11-15,3.645,per_usd
2006-11-16,3.645,per_usd
2006-11-17,3.65,per_usd
2006-11-20,3.6485,per_usd
2006-11-21,3.6485,per_usd
2006-11-22,3.643,per_usd
2006-11-24,3.633,per_usd
2006-11-27,3.636,per_usd
2006-11-28,3.638,per_usd
2006-11-29,3.625,per_usd
2006-11-30,3.616,per_usd
2006-12-01,3.591,per_usd
2006-12-04,3.5875,per_usd
2006-12-05,3.555,per_usd
2006-12-06,3.547,per_usd
2006-12-07,3.541,per_usd
2006-12-08,3.546,per_usd
2006-12-11,3.5555,per_usd
2006-12-12,3.538,per_usd
2006-12-13,3.543,per_usd
2006-12-14,3.5435,per_usd
2006-12-15,3.549,per_usd
2006-12-18,3.553,per_usd
2006-12-19,3.5738,per_usd
2006-12-20,3.542,per_usd
2006-12-21,3.534,per_usd
2006-12-22,3.532,per_usd
2006-12-26,3.537,per_usd
2006-12-27,3.53,per_usd
2006-12-28,3.5295,per_usd
2006-12-29,3.527,per_usd
2007-01-02,3.53,per_usd
2007-01-03,3.51,per_usd
2007-01-04,3.52,per_usd
2007-01-05,3.511,per_usd
2007-01-08,3.5125,per_usd
2007-01-09,3.507,per_usd
2007-01-10,3.514,per_usd
2007-01-11,3.517,per_usd
2007-01-12,3.512,per_usd
2007-01-16,3.501,per_usd
2007-01-17,3.5,per_usd
2007-01-18,3.5,per_usd
2007-01-19,3.499,per_usd
2007-01-22,3.5005,per_usd
2007-01-23,3.5005,per_usd
2007-01-24,3.4995,per_usd
2007-01-25,3.5,per_usd
2007-01-26,3.5,per_usd
2007-01-29,3.501,per_usd
2007-01-30,3.5013,per_usd
2007-01-31,3.5,per_usd
2007-02-01,3.5,per_usd
2007-02-02,3.5,per_usd
2007-02-05,3.5,per_usd
2007-02-06,3.4955,per_usd
2007-02-07,3.4925,per_usd
2007-02-08,3.493,per_usd
2007-02-09,3.4928,per_usd
2007-02-12,3.4923,per_usd
2007-02-13,3.499,per_usd
2007-02-14,3.4955,per_usd
2007-02-15,3.495,per_usd
2007-02-16,3.492,per_usd
2007-02-20,3.4925,per_usd
2007-02-21,3.4925,per_usd
2007-02-22,3.494,per_usd
2007-02-23,3.492,per_usd
2007-02-26,3.491,per_usd
2007-02-27,3.494,per_usd
2007-02-28,3.5,per_usd
2007-03-01,3.505,per_usd
2007-03-02,3.507,per_usd
2007-03-05,3.516,per_usd
2007-03-06,3.512,per_usd
2007-03-07,3.509,per_usd
2007-03-08,3.506,per_usd
2007-03-09,3.502,per_usd
2007-03-12,3.5,per_usd
2007-03-13,3.506,per_usd
2007-03-14,3.5145,per_usd
2007-03-15,3.511,per_usd
2007-03-16,3.5115,per_usd
2007-03-19,3.5015,per_usd
2007-03-20,3.4956,per_usd
2007-03-21,3.47,per_usd
2007-03-22,3.4695,per_usd
2007-03-23,3.4575,per_usd
2007-03-26,3.453,per_usd
2007-03-27,3.4527,per_usd
2007-03-28,3.4615,per_usd
2007-03-29,3.45,per_usd
2007-03-30,3.456,per_usd
2007-04-02,3.458,per_usd
2007-04-03,3.46,per_usd
2007-04-04,3.455,per_usd
2007-04-05,3.449,per_usd
2007-04-06,3.448,per_usd
2007-04-09,3.445,per_usd
2007-04-10,3.4465,per_usd
2007-04-11,3.449,per_usd
2007-04-12,3.446,per_usd
2007-04-13,3.441,per_usd
2007-04-16,3.439,per_usd
2007-04-17,3.434,per_usd
2007-04-18,3.428,per_usd
2007-04-19,3.427,per_usd
2007-04-20,3.42,per_usd
2007-04-23,3.42,per_usd
2007-04-24,3.42,per_usd
2007-04-25,3.419,per_usd
2007-04-26,3.42,per_usd
2007-04-27,3.42,per_usd
2007-04-30,3.42,per_usd
2007-05-01,3.42,per_usd
2007-05-02,3.4255,per_usd
2007-05-03,3.4145,per_usd
2007-05-04,3.4155,per_usd
2007-05-07,3.413,per_usd
2007-05-08,3.4065,per_usd
2007-05-09,3.397,per_usd
2007-05-10,3.4015,per_usd
2007-05-11,3.3995,per_usd
2007-05-14,3.3985,per_usd
2007-05-15,3.398,per_usd
2007-05-16,3.3975,per_usd
2007-05-17,3.4015,per_usd
2007-05-18,3.3915,per_usd
2007-05-21,3.391,per_usd
2007-05-22,3.383,per_usd
2007-05-23,3.3855,per_usd
2007-05-24,3.384,per_usd
2007-05-25,3.39,per_usd
2007-05-29,3.392,per_usd
2007-05-30,3.4015,per_usd
2007-05-31,3.397,per_usd
2007-06-01,3.397,per_usd
2007-06-04,3.394,per_usd
2007-06-05,3.406,per_usd
2007-06-06,3.432,per_usd
2007-06-07,3.4355,per_usd
2007-06-08,3.4605,per_usd
2007-06-11,3.469,per_usd
2007-06-12,3.454,per_usd
2007-06-13,3.464,per_usd
2007-06-14,3.455,per_usd
2007-06-15,3.4405,per_usd
2007-06-18,3.4255,per_usd
2007-06-19,3.435,per_usd
2007-06-20,3.427,per_usd
2007-06-21,3.4525,per_usd
2007-06-22,3.451,per_usd
2007-06-25,3.463,per_usd
2007-06-26,3.474,per_usd
2007-06-27,3.481,per_usd
2007-06-28,3.465,per_usd
2007-06-29,3.45,per_usd
2007-07-02,3.432,per_usd
2007-07-03,3.444,per_usd
2007-07-05,3.445,per_usd
2007-07-06,3.447,per_usd
2007-07-09,3.438,per_usd
2007-07-10,3.4375,per_usd
2007-07-11,3.449,per_usd
2007-07-12,3.4485,per_usd
2007-07-13,3.438,per_usd
2007-07-16,3.44,per_usd
2007-07-17,3.442,per_usd
2007-07-18,3.441,per_usd
2007-07-19,3.431,per_usd
2007-07-20,3.4215,per_usd
2007-07-23,3.408,per_usd
2007-07-24,3.402,per_usd
2007-07-25,3.4295,per_usd
2007-07-26,3.455,per_usd
2007-07-27,3.4665,per_usd
2007-07-30,3.461,per_usd
2007-07-31,3.457,per_usd
2007-08-01,3.462,per_usd
2007-08-02,3.459,per_usd
2007-08-03,3.4635,per_usd
2007-08-06,3.465,per_usd
2007-08-07,3.4685,per_usd
2007-08-08,3.4505,per_usd
2007-08-09,3.4705,per_usd
2007-08-10,3.481,per_usd
2007-08-13,3.4725,per_usd
2007-08-14,3.4785,per_usd
2007-08-15,3.489,per_usd
2007-08-16,3.52,per_usd
2007-08-17,3.513,per_usd
2007-08-20,3.4925,per_usd
2007-08-21,3.496,per_usd
2007-08-22,3.475,per_usd
2007-08-23,3.477,per_usd
2007-08-24,3.4845,per_usd
2007-08-27,3.481,per_usd
2007-08-28,3.495,per_usd
2007-08-29,3.5015,per_usd
2007-08-30,3.503,per_usd
2007-08-31,3.5015,per_usd
2007-09-03,3.5015,per_usd
2007-09-04,3.5084,per_usd
2007-09-05,3.507,per_usd
2007-09-06,3.5018,per_usd
2007-09-07,3.5115,per_usd
2007-09-10,3.51,per_usd
2007-09-11,3.507,per_usd
2007-09-12,3.489,per_usd
2007-09-13,3.477,per_usd
2007-09-14,3.475,per_usd
2007-09-17,3.4875,per_usd
2007-09-18,3.483,per_usd
2007-09-19,3.4375,per_usd
2007-09-20,3.437,per_usd
2007-09-21,3.443,per_usd
2007-09-24,3.426,per_usd
2007-09-25,3.4375,per_usd
2007-09-26,3.4255,per_usd
2007-09-27,3.4125,per_usd
2007-09-28,3.405,per_usd
2007-10-01,3.396,per_usd
2007-10-02,3.404,per_usd
2007-10-03,3.406,per_usd
2007-10-04,3.4095,per_usd
2007-10-05,3.3925,per_usd
2007-10-08,3.3925,per_usd
2007-10-09,3.3975,per_usd
2007-10-10,3.37,per_usd
2007-10-11,3.353,per_usd
2007-10-12,3.3635,per_usd
2007-10-15,3.374,per_usd
2007-10-16,3.383,per_usd
2007-10-17,3.374,per_usd
2007-10-18,3.366,per_usd
2007-10-19,3.363,per_usd
2007-10-22,3.3865,per_usd
2007-10-23,3.3725,per_usd
2007-10-24,3.37,per_usd
2007-10-25,3.3535,per_usd
2007-10-26,3.341,per_usd
2007-10-29,3.3425,per_usd
2007-10-30,3.3455,per_usd
2007-10-31,3.334,per_usd
2007-11-01,3.3495,per_usd
2007-11-02,3.34,per_usd
2007-11-05,3.3515,per_usd
2007-11-06,3.339,per_usd
2007-11-07,3.3315,per_usd
2007-11-08,3.3365,per_usd
2007-11-09,3.3275,per_usd
2007-11-13,3.3425,per_usd
2007-11-14,3.3475,per_usd
2007-11-15,3.3805,per_usd
2007-11-16,3.373,per_usd
2007-11-19,3.374,per_usd
2007-11-20,3.3635,per_usd
2007-11-21,3.393,per_usd
2007-11-22,3.393,per_usd
2007-11-23,3.3675,per_usd
2007-11-26,3.3595,per_usd
2007-11-27,3.373,per_usd
2007-11-28,3.368,per_usd
2007-11-29,3.369,per_usd
2007-11-30,3.3545,per_usd
2007-12-03,3.3545,per_usd
2007-12-04,3.3425,per_usd
2007-12-05,3.3405,per_usd
2007-12-06,3.342,per_usd
2007-12-07,3.3185,per_usd
2007-12-10,3.3185,per_usd
2007-12-11,3.31,per_usd
2007-12-12,3.3085,per_usd
2007-12-13,3.3145,per_usd
2007-12-14,3.3285,per_usd
2007-12-17,3.3465,per_usd
2007-12-18,3.3492,per_usd
2007-12-19,3.3514,per_usd
2007-12-20,3.3505,per_usd
2007-12-21,3.3437,per_usd
2007-12-24,3.3377,per_usd
2007-12-26,3.3361,per_usd
2007-12-27,3.3285,per_usd
2007-12-28,3.3201,per_usd
2007-12-31,3.3057,per_usd
2008-01-02,3.3094,per_usd
2008-01-03,3.2828,per_usd
2008-01-04,3.2878,per_usd
2008-01-07,3.28,per_usd
2008-01-08,3.2705,per_usd
2008-01-09,3.2655,per_usd
2008-01-10,3.269,per_usd
2008-01-11,3.258,per_usd
2008-01-14,3.2529,per_usd
2008-01-15,3.2604,per_usd
2008-01-16,3.278,per_usd
2008-01-17,3.2785,per_usd
2008-01-18,3.2755,per_usd
2008-01-22,3.2761,per_usd
2008-01-23,3.2782,per_usd
2008-01-24,3.2637,per_usd
2008-01-25,3.241,per_usd
2008-01-28,3.239,per_usd
2008-01-29,3.2345,per_usd
2008-01-30,3.2355,per_usd
2008-01-31,3.2355,per_usd
2008-02-01,3.231,per_usd
2008-02-04,3.2285,per_usd
2008-02-05,3.2375,per_usd
2008-02-06,3.2275,per_usd
2008-02-07,3.2285,per_usd
2008-02-08,3.23,per_usd
2008-02-11,3.243,per_usd
2008-02-12,3.228,per_usd
2008-02-13,3.239,per_usd
2008-02-14,3.234,per_usd
2008-02-15,3.221,per_usd
2008-02-19,3.221,per_usd
2008-02-20,3.224,per_usd
2008-02-21,3.2189,per_usd
2008-02-22,3.2134,per_usd
2008-02-25,3.2108,per_usd
2008-02-26,3.2113,per_usd
2008-02-27,3.194,per_usd
2008-02-28,3.195,per_usd
2008-02-29,3.1965,per_usd
2008-03-03,3.1969,per_usd
2008-03-04,3.187,per_usd
2008-03-05,3.1795,per_usd
2008-03-06,3.168,per_usd
2008-03-07,3.168,per_usd
2008-03-10,3.2015,per_usd
2008-03-11,3.1865,per_usd
2008-03-12,3.1685,per_usd
2008-03-13,3.154,per_usd
2008-03-14,3.16,per_usd
2008-03-17,3.1865,per_usd
2008-03-18,3.1535,per_usd
2008-03-19,3.178,per_usd
2008-03-20,3.197,per_usd
2008-03-21,3.178,per_usd
2008-03-24,3.21,per_usd
2008-03-25,3.1985,per_usd
2008-03-26,3.1965,per_usd
2008-03-27,3.2115,per_usd
2008-03-28,3.1955,per_usd
2008-03-31,3.192,per_usd
2008-04-01,3.1765,per_usd
2008-04-02,3.1835,per_usd
2008-04-03,3.188,per_usd
2008-04-04,3.1925,per_usd
2008-04-07,3.1855,per_usd
2008-04-08,3.1865,per_usd
2008-04-09,3.18,per_usd
2008-04-10,3.144,per_usd
2008-04-11,3.1437,per_usd
2008-04-14,3.16,per_usd
2008-04-15,3.1635,per_usd
2008-04-16,3.1455,per_usd
2008-04-17,3.14,per_usd
2008-04-18,3.147,per_usd
2008-04-21,3.1445,per_usd
2008-04-22,3.137,per_usd
2008-04-23,3.1345,per_usd
2008-04-24,3.1495,per_usd
2008-04-25,3.1595,per_usd
2008-04-28,3.157,per_usd
2008-04-29,3.153,per_usd
2008-04-30,3.1585,per_usd
2008-05-01,3.159,per_usd
2008-05-02,3.1615,per_usd
2008-05-05,3.1615,per_usd
2008-05-06,3.1495,per_usd
2008-05-07,3.1805,per_usd
2008-05-08,3.2005,per_usd
2008-05-09,3.2025,per_usd
2008-05-12,3.2035,per_usd
2008-05-13,3.2215,per_usd
2008-05-14,3.2615,per_usd
2008-05-15,3.258,per_usd
2008-05-16,3.2285,per_usd
2008-05-19,3.241,per_usd
2008-05-20,3.2455,per_usd
2008-05-21,3.218,per_usd
2008-05-22,3.203,per_usd
2008-05-23,3.214,per_usd
2008-05-27,3.246,per_usd
2008-05-28,3.2305,per_usd
2008-05-29,3.2455,per_usd
2008-05-30,3.2345,per_usd
2008-06-02,3.221,per_usd
2008-06-03,3.226,per_usd
2008-06-04,3.253,per_usd
2008-06-05,3.235,per_usd
2008-06-06,3.267,per_usd
2008-06-09,3.2625,per_usd
2008-06-10,3.273,per_usd
2008-06-11,3.264,per_usd
2008-06-12,3.2685,per_usd
2008-06-13,3.2705,per_usd
2008-06-16,3.272,per_usd
2008-06-17,3.2405,per_usd
2008-06-18,3.255,per_usd
2008-06-19,3.26,per_usd
2008-06-20,3.2615,per_usd
2008-06-23,3.264,per_usd
2008-06-24,3.2545,per_usd
2008-06-25,3.262,per_usd
2008-06-26,3.2568,per_usd
2008-06-27,3.26,per_usd
2008-06-30,3.2665,per_usd
2008-07-01,3.2785,per_usd
2008-07-02,3.269,per_usd
2008-07-03,3.265,per_usd
2008-07-07,3.264,per_usd
2008-07-08,3.252,per_usd
2008-07-09,3.242,per_usd
2008-07-10,3.2365,per_usd
2008-07-11,3.2315,per_usd
2008-07-14,3.2255,per_usd
2008-07-15,3.215,per_usd
2008-07-16,3.225,per_usd
2008-07-17,3.2327,per_usd
2008-07-18,3.2342,per_usd
2008-07-21,3.2327,per_usd
2008-07-22,3.235,per_usd
2008-07-23,3.238,per_usd
2008-07-24,3.255,per_usd
2008-07-25,3.268,per_usd
2008-07-28,3.265,per_usd
2008-07-29,3.265,per_usd
2008-07-30,3.261,per_usd
2008-07-31,3.2565,per_usd
2008-08-01,3.26,per_usd
2008-08-04,3.2668,per_usd
2008-08-05,3.2825,per_usd
2008-08-06,3.2755,per_usd
2008-08-07,3.2895,per_usd
2008-08-08,3.312,per_usd
2008-08-11,3.3185,per_usd
2008-08-12,3.3195,per_usd
2008-08-13,3.3245,per_usd
2008-08-14,3.335,per_usd
2008-08-15,3.349,per_usd
2008-08-18,3.33,per_usd
2008-08-19,3.336,per_usd
2008-08-20,3.334,per_usd
2008-08-21,3.3305,per_usd
2008-08-22,3.339,per_usd
2008-08-25,3.3755,per_usd
2008-08-26,3.3961,per_usd
2008-08-27,3.381,per_usd
2008-08-28,3.383,per_usd
2008-08-29,3.392,per_usd
2008-09-02,3.414,per_usd
2008-09-03,3.437,per_usd
2008-09-04,3.447,per_usd
2008-09-05,3.4595,per_usd
2008-09-08,3.4325,per_usd
2008-09-09,3.447,per_usd
2008-09-10,3.463,per_usd
2008-09-11,3.469,per_usd
2008-09-12,3.4382,per_usd
2008-09-15,3.4427,per_usd
2008-09-16,3.4473,per_usd
2008-09-17,3.4709,per_usd
2008-09-18,3.467,per_usd
2008-09-19,3.4311,per_usd
2008-09-22,3.4165,per_usd
2008-09-23,3.408,per_usd
2008-09-24,3.42,per_usd
2008-09-25,3.4235,per_usd
2008-09-26,3.434,per_usd
2008-09-29,3.4445,per_usd
2008-09-30,3.4385,per_usd
2008-10-01,3.4429,per_usd
2008-10-02,3.4475,per_usd
2008-10-03,3.465,per_usd
2008-10-06,3.5001,per_usd
2008-10-07,3.49,per_usd
2008-10-08,3.498,per_usd
2008-10-09,3.4955,per_usd
2008-10-10,3.5135,per_usd
2008-10-14,3.497,per_usd
2008-10-15,3.5139,per_usd
2008-10-16,3.52,per_usd
2008-10-17,3.528,per_usd
2008-10-20,3.522,per_usd
2008-10-21,3.527,per_usd
2008-10-22,3.544,per_usd
2008-10-23,3.569,per_usd
2008-10-24,3.5935,per_usd
2008-10-27,3.5862,per_usd
2008-10-28,3.581,per_usd
2008-10-29,3.5785,per_usd
2008-10-30,3.5295,per_usd
2008-10-31,3.547,per_usd
2008-11-03,3.519,per_usd
2008-11-04,3.5327,per_usd
2008-11-05,3.5205,per_usd
2008-11-06,3.5395,per_usd
2008-11-07,3.542,per_usd
2008-11-10,3.546,per_usd
2008-11-12,3.59,per_usd
2008-11-13,3.597,per_usd
2008-11-14,3.5955,per_usd
2008-11-17,3.5974,per_usd
2008-11-18,3.601,per_usd
2008-11-19,3.608,per_usd
2008-11-20,3.621,per_usd
2008-11-21,3.62,per_usd
2008-11-24,3.627,per_usd
2008-11-25,3.619,per_usd
2008-11-26,3.62,per_usd
2008-11-28,3.621,per_usd
2008-12-01,3.627,per_usd
2008-12-02,3.637,per_usd
2008-12-03,3.638,per_usd
2008-12-04,3.638,per_usd
2008-12-05,3.6345,per_usd
2008-12-08,3.635,per_usd
2008-12-09,3.615,per_usd
2008-12-10,3.6135,per_usd
2008-12-11,3.565,per_usd
2008-12-12,3.58,per_usd
2008-12-15,3.56,per_usd
2008-12-16,3.555,per_usd
2008-12-17,3.528,per_usd
2008-12-18,3.46,per_usd
2008-12-19,3.468,per_usd
2008-12-22,3.48,per_usd
2008-12-23,3.468,per_usd
2008-12-24,3.477,per_usd
2008-12-26,3.478,per_usd
2008-12-29,3.478,per_usd
2008-12-30,3.477,per_usd
2008-12-31,3.45,per_usd
2009-01-02,3.465,per_usd
2009-01-05,3.495,per_usd
2009-01-06,3.507,per_usd
2009-01-07,3.498,per_usd
2009-01-08,3.538,per_usd
2009-01-09,3.539,per_usd
2009-01-12,3.57,per_usd
2009-01-13,3.576,per_usd
2009-01-14,3.57,per_usd
2009-01-15,3.592,per_usd
2009-01-16,3.575,per_usd
2009-01-20,3.608,per_usd
2009-01-21,3.614,per_usd
2009-01-22,3.607,per_usd
2009-01-23,3.623,per_usd
2009-01-26,3.623,per_usd
2009-01-27,3.623,per_usd
2009-01-28,3.585,per_usd
2009-01-29,3.597,per_usd
2009-01-30,3.605,per_usd
2009-02-02,3.613,per_usd
2009-02-03,3.617,per_usd
2009-02-04,3.624,per_usd
2009-02-05,3.6121,per_usd
2009-02-06,3.598,per_usd
2009-02-09,3.5985,per_usd
2009-02-10,3.5865,per_usd
2009-02-11,3.602,per_usd
2009-02-12,3.6185,per_usd
2009-02-13,3.602,per_usd
2009-02-17,3.638,per_usd
2009-02-18,3.657,per_usd
2009-02-19,3.658,per_usd
2009-02-20,3.674,per_usd
2009-02-23,3.653,per_usd
2009-02-24,3.663,per_usd
2009-02-25,3.667,per_usd
2009-02-26,3.668,per_usd
2009-02-27,3.705,per_usd
2009-03-02,3.726,per_usd
2009-03-03,3.707,per_usd
2009-03-04,3.711,per_usd
2009-03-05,3.725,per_usd
2009-03-06,3.715,per_usd
2009-03-09,3.715,per_usd
2009-03-10,3.69,per_usd
2009-03-11,3.694,per_usd
2009-03-12,3.69,per_usd
2009-03-13,3.704,per_usd
2009-03-16,3.661,per_usd
2009-03-17,3.6725,per_usd
2009-03-18,3.68,per_usd
2009-03-19,3.65,per_usd
2009-03-20,3.64,per_usd
2009-03-23,3.641,per_usd
2009-03-24,3.623,per_usd
2009-03-25,3.626,per_usd
2009-03-26,3.622,per_usd
2009-03-27,3.6125,per_usd
2009-03-30,3.65,per_usd
2009-03-31,3.643,per_usd
2009-04-01,3.645,per_usd
2009-04-02,3.595,per_usd
2009-04-03,3.5775,per_usd
2009-04-06,3.555,per_usd
2009-04-07,3.59,per_usd
2009-04-08,3.628,per_usd
2009-04-09,3.604,per_usd
2009-04-10,3.6135,per_usd
2009-04-13,3.627,per_usd
2009-04-14,3.585,per_usd
2009-04-15,3.605,per_usd
2009-04-16,3.597,per_usd
2009-04-17,3.614,per_usd
2009-04-20,3.63,per_usd
2009-04-21,3.642,per_usd
2009-04-22,3.643,per_usd
2009-04-23,3.62,per_usd
2009-04-24,3.583,per_usd
2009-04-27,3.595,per_usd
2009-04-28,3.625,per_usd
2009-04-29,3.585,per_usd
2009-04-30,3.558,per_usd
2009-05-01,3.558,per_usd
2009-05-04,3.529,per_usd
2009-05-05,3.508,per_usd
2009-05-06,3.531,per_usd
2009-05-07,3.522,per_usd
2009-05-08,3.515,per_usd
2009-05-11,3.514,per_usd
2009-05-12,3.51,per_usd
2009-05-13,3.524,per_usd
2009-05-14,3.541,per_usd
2009-05-15,3.547,per_usd
2009-05-18,3.552,per_usd
2009-05-19,3.528,per_usd
2009-05-20,3.535,per_usd
2009-05-21,3.527,per_usd
2009-05-22,3.488,per_usd
2009-05-26,3.51,per_usd
2009-05-27,3.502,per_usd
2009-05-28,3.51,per_usd
2009-05-29,3.485,per_usd
2009-06-01,3.47,per_usd
2009-06-02,3.487,per_usd
2009-06-03,3.482,per_usd
2009-06-04,3.49,per_usd
2009-06-05,3.493,per_usd
2009-06-08,3.519,per_usd
2009-06-09,3.525,per_usd
2009-06-10,3.493,per_usd
2009-06-11,3.505,per_usd
2009-06-12,3.503,per_usd
2009-06-15,3.5272,per_usd
2009-06-16,3.518,per_usd
2009-06-17,3.531,per_usd
2009-06-18,3.538,per_usd
2009-06-19,3.5335,per_usd
2009-06-22,3.538,per_usd
2009-06-23,3.545,per_usd
2009-06-24,3.531,per_usd
2009-06-25,3.534,per_usd
2009-06-26,3.53,per_usd
2009-06-29,3.537,per_usd
2009-06-30,3.513,per_usd
2009-07-01,3.517,per_usd
2009-07-02,3.5175,per_usd
2009-07-03,3.524,per_usd
2009-07-06,3.5425,per_usd
2009-07-07,3.546,per_usd
2009-07-08,3.56,per_usd
2009-07-09,3.5615,per_usd
2009-07-10,3.576,per_usd
2009-07-13,3.5995,per_usd
2009-07-14,3.583,per_usd
2009-07-15,3.561,per_usd
2009-07-16,3.569,per_usd
2009-07-17,3.563,per_usd
2009-07-20,3.539,per_usd
2009-07-21,3.54,per_usd
2009-07-22,3.551,per_usd
2009-07-23,3.538,per_usd
2009-07-24,3.528,per_usd
2009-07-27,3.516,per_usd
2009-07-28,3.508,per_usd
2009-07-29,3.531,per_usd
2009-07-30,3.529,per_usd
2009-07-31,3.52,per_usd
2009-08-03,3.505,per_usd
2009-08-04,3.492,per_usd
2009-08-05,3.495,per_usd
2009-08-06,3.488,per_usd
2009-08-07,3.498,per_usd
2009-08-10,3.502,per_usd
2009-08-11,3.508,per_usd
2009-08-12,3.528,per_usd
2009-08-13,3.512,per_usd
2009-08-14,3.515,per_usd
2009-08-17,3.54,per_usd
2009-08-18,3.537,per_usd
2009-08-19,3.544,per_usd
2009-08-20,3.525,per_usd
2009-08-21,3.5185,per_usd
2009-08-24,3.508,per_usd
2009-08-25,3.517,per_usd
2009-08-26,3.523,per_usd
2009-08-27,3.532,per_usd
2009-08-28,3.52,per_usd
2009-08-31,3.52,per_usd
2009-09-01,3.525,per_usd
2009-09-02,3.537,per_usd
2009-09-03,3.526,per_usd
2009-09-04,3.523,per_usd
2009-09-08,3.5,per_usd
2009-09-09,3.494,per_usd
2009-09-10,3.492,per_usd
2009-09-11,3.49,per_usd
2009-09-14,3.506,per_usd
2009-09-15,3.5,per_usd
2009-09-16,3.479,per_usd
2009-09-17,3.468,per_usd
2009-09-18,3.478,per_usd
2009-09-21,3.478,per_usd
2009-09-22,3.478,per_usd
2009-09-23,3.463,per_usd
2009-09-24,3.461,per_usd
2009-09-25,3.47,per_usd
2009-09-28,3.478,per_usd
2009-09-29,3.483,per_usd
2009-09-30,3.459,per_usd
2009-10-01,3.464,per_usd
2009-10-02,3.478,per_usd
2009-10-05,3.458,per_usd
2009-10-06,3.4335,per_usd
2009-10-07,3.415,per_usd
2009-10-08,3.3885,per_usd
2009-10-09,3.3965,per_usd
2009-10-13,3.389,per_usd
2009-10-14,3.368,per_usd
2009-10-15,3.356,per_usd
2009-10-16,3.37,per_usd
2009-10-19,3.373,per_usd
2009-10-20,3.362,per_usd
2009-10-21,3.375,per_usd
2009-10-22,3.396,per_usd
2009-10-23,3.38,per_usd
2009-10-26,3.378,per_usd
2009-10-27,3.4,per_usd
2009-10-28,3.42,per_usd
2009-10-29,3.4225,per_usd
2009-10-30,3.41,per_usd
2009-11-02,3.424,per_usd
2009-11-03,3.429,per_usd
2009-11-04,3.416,per_usd
2009-11-05,3.42,per_usd
2009-11-06,3.4,per_usd
2009-11-09,3.378,per_usd
2009-11-10,3.383,per_usd
2009-11-12,3.38,per_usd
2009-11-13,3.373,per_usd
2009-11-16,3.365,per_usd
2009-11-17,3.365,per_usd
2009-11-18,3.364,per_usd
2009-11-19,3.3895,per_usd
2009-11-20,3.384,per_usd
2009-11-23,3.373,per_usd
2009-11-24,3.386,per_usd
2009-11-25,3.369,per_usd
2009-11-27,3.3895,per_usd
2009-11-30,3.395,per_usd
2009-12-01,3.3765,per_usd
2009-12-02,3.3747,per_usd
2009-12-03,3.368,per_usd
2009-12-04,3.378,per_usd
2009-12-07,3.395,per_usd
2009-12-08,3.393,per_usd
2009-12-09,3.396,per_usd
2009-12-10,3.395,per_usd
2009-12-11,3.398,per_usd
2009-12-14,3.407,per_usd
2009-12-15,3.412,per_usd
2009-12-16,3.423,per_usd
2009-12-17,3.435,per_usd
2009-12-18,3.435,per_usd
2009-12-21,3.4325,per_usd
2009-12-22,3.431,per_usd
2009-12-23,3.435,per_usd
2009-12-24,3.428,per_usd
2009-12-28,3.4275,per_usd
2009-12-29,3.43,per_usd
2009-12-30,3.425,per_usd
2009-12-31,3.422,per_usd
2010-01-04,3.396,per_usd
2010-01-05,3.385,per_usd
2010-01-06,3.379,per_usd
2010-01-07,3.368,per_usd
2010-01-08,3.375,per_usd
2010-01-11,3.335,per_usd
2010-01-12,3.3425,per_usd
2010-01-13,3.3445,per_usd
2010-01-14,3.337,per_usd
2010-01-15,3.338,per_usd
2010-01-19,3.338,per_usd
2010-01-20,3.362,per_usd
2010-01-21,3.368,per_usd
2010-01-22,3.3955,per_usd
2010-01-25,3.397,per_usd
2010-01-26,3.42,per_usd
2010-01-27,3.43,per_usd
2010-01-28,3.404,per_usd
2010-01-29,3.41,per_usd
2010-02-01,3.413,per_usd
2010-02-02,3.42,per_usd
2010-02-03,3.397,per_usd
2010-02-04,3.42,per_usd
2010-02-05,3.442,per_usd
2010-02-08,3.44,per_usd
2010-02-09,3.4305,per_usd
2010-02-10,3.4315,per_usd
2010-02-11,3.429,per_usd
2010-02-12,3.419,per_usd
2010-02-16,3.4236,per_usd
2010-02-17,3.386,per_usd
2010-02-18,3.3975,per_usd
2010-02-19,3.409,per_usd
2010-02-22,3.4,per_usd
2010-02-23,3.4025,per_usd
2010-02-24,3.398,per_usd
2010-02-25,3.404,per_usd
2010-02-26,3.401,per_usd
2010-03-01,3.3865,per_usd
2010-03-02,3.3775,per_usd
2010-03-03,3.3665,per_usd
2010-03-04,3.3685,per_usd
2010-03-05,3.358,per_usd
2010-03-08,3.333,per_usd
2010-03-09,3.3395,per_usd
2010-03-10,3.319,per_usd
2010-03-11,3.317,per_usd
2010-03-12,3.305,per_usd
2010-03-15,3.3175,per_usd
2010-03-16,3.315,per_usd
2010-03-17,3.297,per_usd
2010-03-18,3.305,per_usd
2010-03-19,3.304,per_usd
2010-03-22,3.32,per_usd
2010-03-23,3.318,per_usd
2010-03-24,3.315,per_usd
2010-03-25,3.3155,per_usd
2010-03-26,3.305,per_usd
2010-03-29,3.265,per_usd
2010-03-30,3.2672,per_usd
2010-03-31,3.2567,per_usd
2010-04-01,3.256,per_usd
2010-04-02,3.246,per_usd
2010-04-05,3.22,per_usd
2010-04-06,3.2115,per_usd
2010-04-07,3.207,per_usd
2010-04-08,3.197,per_usd
2010-04-09,3.185,per_usd
2010-04-12,3.21,per_usd
2010-04-13,3.221,per_usd
2010-04-14,3.199,per_usd
2010-04-15,3.195,per_usd
2010-04-16,3.19,per_usd
2010-04-19,3.216,per_usd
2010-04-20,3.2045,per_usd
2010-04-21,3.198,per_usd
2010-04-22,3.1965,per_usd
2010-04-23,3.19,per_usd
2010-04-26,3.181,per_usd
2010-04-27,3.185,per_usd
2010-04-28,3.215,per_usd
2010-04-29,3.19,per_usd
2010-04-30,3.184,per_usd
2010-05-03,3.205,per_usd
2010-05-04,3.2125,per_usd
2010-05-05,3.228,per_usd
2010-05-06,3.261,per_usd
2010-05-07,3.268,per_usd
2010-05-10,3.198,per_usd
2010-05-11,3.208,per_usd
2010-05-12,3.206,per_usd
2010-05-13,3.186,per_usd
2010-05-14,3.19,per_usd
2010-05-17,3.225,per_usd
2010-05-18,3.211,per_usd
2010-05-19,3.25,per_usd
2010-05-20,3.273,per_usd
2010-05-21,3.315,per_usd
2010-05-24,3.318,per_usd
2010-05-25,3.365,per_usd
2010-05-26,3.315,per_usd
2010-05-27,3.292,per_usd
2010-05-28,3.292,per_usd
2010-06-01,3.31,per_usd
2010-06-02,3.292,per_usd
2010-06-03,3.263,per_usd
2010-06-04,3.274,per_usd
2010-06-07,3.33,per_usd
2010-06-08,3.325,per_usd
2010-06-09,3.317,per_usd
2010-06-10,3.3,per_usd
2010-06-11,3.281,per_usd
2010-06-14,3.246,per_usd
2010-06-15,3.267,per_usd
2010-06-16,3.256,per_usd
2010-06-17,3.265,per_usd
2010-06-18,3.25,per_usd
2010-06-21,3.187,per_usd
2010-06-22,3.205,per_usd
2010-06-23,3.23,per_usd
2010-06-24,3.237,per_usd
2010-06-25,3.247,per_usd
2010-06-28,3.222,per_usd
2010-06-29,3.252,per_usd
2010-06-30,3.236,per_usd
2010-07-01,3.238,per_usd
2010-07-02,3.2225,per_usd
2010-07-06,3.203,per_usd
2010-07-07,3.22,per_usd
2010-07-08,3.2035,per_usd
2010-07-09,3.193,per_usd
2010-07-12,3.202,per_usd
2010-07-13,3.2025,per_usd
2010-07-14,3.197,per_usd
2010-07-15,3.2,per_usd
2010-07-16,3.2045,per_usd
2010-07-19,3.223,per_usd
2010-07-20,3.21,per_usd
2010-07-21,3.215,per_usd
2010-07-22,3.204,per_usd
2010-07-23,3.195,per_usd
2010-07-26,3.195,per_usd
2010-07-27,3.182,per_usd
2010-07-28,3.193,per_usd
2010-07-29,3.189,per_usd
2010-07-30,3.1825,per_usd
2010-08-02,3.1595,per_usd
2010-08-03,3.157,per_usd
2010-08-04,3.167,per_usd
2010-08-05,3.156,per_usd
2010-08-06,3.148,per_usd
2010-08-09,3.14,per_usd
2010-08-10,3.1555,per_usd
2010-08-11,3.17,per_usd
2010-08-12,3.1825,per_usd
2010-08-13,3.166,per_usd
2010-08-16,3.18,per_usd
2010-08-17,3.1548,per_usd
2010-08-18,3.143,per_usd
2010-08-19,3.1298,per_usd
2010-08-20,3.1408,per_usd
2010-08-23,3.1308,per_usd
2010-08-24,3.1418,per_usd
2010-08-25,3.1458,per_usd
2010-08-26,3.1388,per_usd
2010-08-27,3.1383,per_usd
2010-08-30,3.1398,per_usd
2010-08-31,3.149,per_usd
2010-09-01,3.13,per_usd
2010-09-02,3.1265,per_usd
2010-09-03,3.1138,per_usd
2010-09-07,3.1238,per_usd
2010-09-08,3.1058,per_usd
2010-09-09,3.1058,per_usd
2010-09-10,3.1018,per_usd
2010-09-13,3.1,per_usd
2010-09-14,3.0988,per_usd
2010-09-15,3.116,per_usd
2010-09-16,3.116,per_usd
2010-09-17,3.101,per_usd
2010-09-20,3.1015,per_usd
2010-09-21,3.1,per_usd
2010-09-22,3.09,per_usd
2010-09-23,3.093,per_usd
2010-09-24,3.092,per_usd
2010-09-27,3.09,per_usd
2010-09-28,3.0915,per_usd
2010-09-29,3.084,per_usd
2010-09-30,3.086,per_usd
2010-10-01,3.085,per_usd
2010-10-04,3.09,per_usd
2010-10-05,3.095,per_usd
2010-10-06,3.093,per_usd
2010-10-07,3.089,per_usd
2010-10-08,3.113,per_usd
2010-10-12,3.107,per_usd
2010-10-13,3.0915,per_usd
2010-10-14,3.082,per_usd
2010-10-15,3.082,per_usd
2010-10-18,3.0955,per_usd
2010-10-19,3.107,per_usd
2010-10-20,3.12,per_usd
2010-10-21,3.1045,per_usd
2010-10-22,3.113,per_usd
2010-10-25,3.092,per_usd
2010-10-26,3.095,per_usd
2010-10-27,3.106,per_usd
2010-10-28,3.108,per_usd
2010-10-29,3.11,per_usd
2010-11-01,3.09,per_usd
2010-11-02,3.0875,per_usd
2010-11-03,3.084,per_usd
2010-11-04,3.082,per_usd
2010-11-05,3.082,per_usd
2010-11-08,3.091,per_usd
2010-11-09,3.095,per_usd
2010-11-10,3.087,per_usd
2010-11-12,3.109,per_usd
2010-11-15,3.137,per_usd
2010-11-16,3.129,per_usd
2010-11-17,3.129,per_usd
2010-11-18,3.118,per_usd
2010-11-19,3.113,per_usd
2010-11-22,3.1,per_usd
2010-11-23,3.127,per_usd
2010-11-24,3.135,per_usd
2010-11-26,3.1525,per_usd
2010-11-29,3.15,per_usd
2010-11-30,3.165,per_usd
2010-12-01,3.15,per_usd
2010-12-02,3.151,per_usd
2010-12-03,3.146,per_usd
2010-12-06,3.143,per_usd
2010-12-07,3.143,per_usd
2010-12-08,3.1445,per_usd
2010-12-09,3.14,per_usd
2010-12-10,3.131,per_usd
2010-12-13,3.138,per_usd
2010-12-14,3.127,per_usd
2010-12-15,3.136,per_usd
2010-12-16,3.135,per_usd
2010-12-17,3.132,per_usd
2010-12-20,3.1435,per_usd
2010-12-21,3.133,per_usd
2010-12-22,3.13,per_usd
2010-12-23,3.115,per_usd
2010-12-27,3.0935,per_usd
2010-12-28,3.093,per_usd
2010-12-29,3.088,per_usd
2010-12-30,3.082,per_usd
2011-01-03,3.0635,per_usd
2011-01-04,3.0635,per_usd
2011-01-05,3.066,per_usd
2011-01-06,3.07,per_usd
2011-01-07,3.068,per_usd
2011-01-10,3.078,per_usd
2011-01-11,3.07,per_usd
2011-01-12,3.0608,per_usd
2011-01-13,3.053,per_usd
2011-01-14,3.058,per_usd
2011-01-18,3.056,per_usd
2011-01-19,3.051,per_usd
2011-01-20,3.051,per_usd
2011-01-21,3.06,per_usd
2011-01-24,3.054,per_usd
2011-01-25,3.051,per_usd
2011-01-26,3.05,per_usd
2011-01-27,3.0515,per_usd
2011-01-28,3.054,per_usd
2011-01-31,3.06,per_usd
2011-02-01,3.06,per_usd
2011-02-02,3.042,per_usd
2011-02-03,3.042,per_usd
2011-02-04,3.042,per_usd
2011-02-07,3.036,per_usd
2011-02-08,3.032,per_usd
2011-02-09,3.037,per_usd
2011-02-10,3.044,per_usd
2011-02-11,3.051,per_usd
2011-02-14,3.052,per_usd
2011-02-15,3.052,per_usd
2011-02-16,3.043,per_usd
2011-02-17,3.044,per_usd
2011-02-18,3.033,per_usd
2011-02-22,3.041,per_usd
2011-02-23,3.046,per_usd
2011-02-24,3.064,per_usd
2011-02-25,3.051,per_usd
2011-02-28,3.049,per_usd
2011-03-01,3.033,per_usd
2011-03-02,3.0345,per_usd
2011-03-03,3.03,per_usd
2011-03-04,3.028,per_usd
2011-03-07,3.029,per_usd
2011-03-08,3.032,per_usd
2011-03-09,3.0315,per_usd
2011-03-10,3.0345,per_usd
2011-03-11,3.038,per_usd
2011-03-14,3.0365,per_usd
2011-03-15,3.065,per_usd
2011-03-16,3.049,per_usd
2011-03-17,3.053,per_usd
2011-03-18,3.051,per_usd
2011-03-21,3.031,per_usd
2011-03-22,3.028,per_usd
2011-03-23,3.0255,per_usd
2011-03-24,3.0265,per_usd
2011-03-25,3.025,per_usd
2011-03-28,3.025,per_usd
2011-03-29,3.0285,per_usd
2011-03-30,3.0255,per_usd
2011-03-31,3.025,per_usd
2011-04-01,3.0255,per_usd
2011-04-04,3.0254,per_usd
2011-04-05,3.025,per_usd
2011-04-06,3.024,per_usd
2011-04-07,3.028,per_usd
2011-04-08,3.0215,per_usd
2011-04-11,3.019,per_usd
2011-04-12,3.026,per_usd
2011-04-13,3.023,per_usd
2011-04-14,3.0215,per_usd
2011-04-15,3.0215,per_usd
2011-04-18,3.022,per_usd
2011-04-19,3.023,per_usd
2011-04-20,3.015,per_usd
2011-04-21,3.007,per_usd
2011-04-22,3.003,per_usd
2011-04-25,2.992,per_usd
2011-04-26,2.988,per_usd
2011-04-27,2.977,per_usd
2011-04-28,2.964,per_usd
2011-04-29,2.961,per_usd
2011-05-02,2.961,per_usd
2011-05-03,2.973,per_usd
2011-05-04,2.974,per_usd
2011-05-05,2.9975,per_usd
2011-05-06,3.001,per_usd
2011-05-09,2.9865,per_usd
2011-05-10,2.987,per_usd
2011-05-11,2.979,per_usd
2011-05-12,3.012,per_usd
2011-05-13,3,per_usd
2011-05-16,3.042,per_usd
2011-05-17,3.04,per_usd
2011-05-18,3.031,per_usd
2011-05-19,3.0295,per_usd
2011-05-20,3.01,per_usd
2011-05-23,3.058,per_usd
2011-05-24,3.0485,per_usd
2011-05-25,3.06,per_usd
2011-05-26,3.043,per_usd
2011-05-27,3.025,per_usd
2011-05-31,3.008,per_usd
2011-06-01,3.008,per_usd
2011-06-02,3.015,per_usd
2011-06-03,3.008,per_usd
2011-06-06,3.004,per_usd
2011-06-07,3.0035,per_usd
2011-06-08,3.015,per_usd
2011-06-09,3.0205,per_usd
2011-06-10,3.019,per_usd
2011-06-13,3.04,per_usd
2011-06-14,3.029,per_usd
2011-06-15,3.031,per_usd
2011-06-16,3.047,per_usd
2011-06-17,3.0355,per_usd
2011-06-20,3.0425,per_usd
2011-06-21,3.028,per_usd
2011-06-22,3.0231,per_usd
2011-06-23,3.03,per_usd
2011-06-24,3.038,per_usd
2011-06-27,3.056,per_usd
2011-06-28,3.047,per_usd
2011-06-29,3.033,per_usd
2011-06-30,3.018,per_usd
2011-07-01,3.008,per_usd
2011-07-05,3.007,per_usd
2011-07-06,3.0103,per_usd
2011-07-07,3.008,per_usd
2011-07-08,2.9915,per_usd
2011-07-11,3.008,per_usd
2011-07-12,3.031,per_usd
2011-07-13,3.018,per_usd
2011-07-14,3.004,per_usd
2011-07-15,3.005,per_usd
2011-07-18,3.0125,per_usd
2011-07-19,3.005,per_usd
2011-07-20,2.996,per_usd
2011-07-21,2.9935,per_usd
2011-07-22,2.9735,per_usd
2011-07-25,2.9715,per_usd
2011-07-26,2.9535,per_usd
2011-07-27,2.941,per_usd
2011-07-28,2.947,per_usd
2011-07-29,2.964,per_usd
2011-08-01,2.937,per_usd
2011-08-02,2.957,per_usd
2011-08-03,2.965,per_usd
2011-08-04,2.979,per_usd
2011-08-05,3.008,per_usd
2011-08-08,3.017,per_usd
2011-08-09,3.023,per_usd
2011-08-10,3.004,per_usd
2011-08-11,2.9965,per_usd
2011-08-12,2.999,per_usd
2011-08-15,2.981,per_usd
2011-08-16,2.979,per_usd
2011-08-17,2.974,per_usd
2011-08-18,2.98,per_usd
2011-08-19,2.98,per_usd
2011-08-22,2.963,per_usd
2011-08-23,2.9635,per_usd
2011-08-24,2.975,per_usd
2011-08-25,2.987,per_usd
2011-08-26,2.985,per_usd
2011-08-29,2.981,per_usd
2011-08-30,2.981,per_usd
2011-08-31,2.981,per_usd
2011-09-01,2.988,per_usd
2011-09-02,2.962,per_usd
2011-09-06,2.98,per_usd
2011-09-07,2.982,per_usd
2011-09-08,2.99,per_usd
2011-09-09,3.005,per_usd
2011-09-12,3.0288,per_usd
2011-09-13,3.054,per_usd
2011-09-14,3.0772,per_usd
2011-09-15,3.088,per_usd
2011-09-16,3.088,per_usd
2011-09-19,3.1135,per_usd
2011-09-20,3.117,per_usd
2011-09-21,3.1235,per_usd
2011-09-22,3.147,per_usd
2011-09-23,3.165,per_usd
2011-09-26,3.1802,per_usd
2011-09-27,3.143,per_usd
2011-09-28,3.16,per_usd
2011-09-29,3.177,per_usd
2011-09-30,3.19,per_usd
2011-10-03,3.209,per_usd
2011-10-04,3.196,per_usd
2011-10-05,3.189,per_usd
2011-10-06,3.177,per_usd
2011-10-07,3.156,per_usd
2011-10-11,3.14,per_usd
2011-10-12,3.124,per_usd
2011-10-13,3.139,per_usd
2011-10-14,3.125,per_usd
2011-10-17,3.0988,per_usd
2011-10-18,3.132,per_usd
2011-10-19,3.103,per_usd
2011-10-20,3.123,per_usd
2011-10-21,3.147,per_usd
2011-10-24,3.133,per_usd
2011-10-25,3.126,per_usd
2011-10-26,3.126,per_usd
2011-10-27,3.1,per_usd
2011-10-28,3.062,per_usd
2011-10-31,3.067,per_usd
2011-11-01,3.118,per_usd
2011-11-02,3.13,per_usd
2011-11-03,3.14,per_usd
2011-11-04,3.1115,per_usd
2011-11-07,3.12,per_usd
2011-11-08,3.125,per_usd
2011-11-09,3.1095,per_usd
2011-11-10,3.15,per_usd
2011-11-14,3.134,per_usd
2011-11-15,3.1525,per_usd
2011-11-16,3.149,per_usd
2011-11-17,3.1555,per_usd
2011-11-18,3.16,per_usd
2011-11-21,3.182,per_usd
2011-11-22,3.176,per_usd
2011-11-23,3.182,per_usd
2011-11-25,3.195,per_usd
2011-11-28,3.195,per_usd
2011-11-29,3.179,per_usd
2011-11-30,3.177,per_usd
2011-12-01,3.138,per_usd
2011-12-02,3.128,per_usd
2011-12-05,3.1325,per_usd
2011-12-06,3.1345,per_usd
2011-12-07,3.122,per_usd
2011-12-08,3.131,per_usd
2011-12-09,3.151,per_usd
2011-12-12,3.16,per_usd
2011-12-13,3.18,per_usd
2011-12-14,3.182,per_usd
2011-12-15,3.185,per_usd
2011-12-16,3.177,per_usd
2011-12-19,3.181,per_usd
2011-12-20,3.1768,per_usd
2011-12-21,3.161,per_usd
2011-12-22,3.165,per_usd
2011-12-23,3.155,per_usd
2011-12-27,3.171,per_usd
2011-12-28,3.164,per_usd
2011-12-29,3.176,per_usd
2011-12-30,3.169,per_usd
2012-01-03,3.1475,per_usd
2012-01-04,3.135,per_usd
2012-01-05,3.147,per_usd
2012-01-06,3.145,per_usd
2012-01-09,3.152,per_usd
2012-01-10,3.136,per_usd
2012-01-11,3.138,per_usd
2012-01-12,3.14,per_usd
2012-01-13,3.133,per_usd
2012-01-17,3.122,per_usd
2012-01-18,3.1177,per_usd
2012-01-19,3.104,per_usd
2012-01-20,3.105,per_usd
2012-01-23,3.105,per_usd
2012-01-24,3.105,per_usd
2012-01-25,3.0755,per_usd
2012-01-26,3.04,per_usd
2012-01-27,3.041,per_usd
2012-01-30,3.055,per_usd
2012-01-31,3.04,per_usd
2012-02-01,3.0456,per_usd
2012-02-02,3.016,per_usd
2012-02-03,3.01,per_usd
2012-02-06,3.01,per_usd
2012-02-07,3.01,per_usd
2012-02-08,3.0015,per_usd
2012-02-09,3.0061,per_usd
2012-02-10,3.035,per_usd
2012-02-13,3.0245,per_usd
2012-02-14,3.0445,per_usd
2012-02-15,3.034,per_usd
2012-02-16,3.057,per_usd
2012-02-17,3.042,per_usd
2012-02-21,3.0234,per_usd
2012-02-22,3.026,per_usd
2012-02-23,3.0135,per_usd
2012-02-24,3.0146,per_usd
2012-02-27,3.0225,per_usd
2012-02-28,3.009,per_usd
2012-02-29,2.994,per_usd
2012-03-01,3,per_usd
2012-03-02,2.996,per_usd
2012-03-05,3.019,per_usd
2012-03-06,3.0231,per_usd
2012-03-07,3.0245,per_usd
2012-03-08,3.008,per_usd
2012-03-09,3.008,per_usd
2012-03-12,3.025,per_usd
2012-03-13,3.028,per_usd
2012-03-14,3.05,per_usd
2012-03-15,3.0575,per_usd
2012-03-16,3.056,per_usd
2012-03-19,3.0505,per_usd
2012-03-20,3.08,per_usd
2012-03-21,3.073,per_usd
2012-03-22,3.0887,per_usd
2012-03-23,3.0752,per_usd
2012-03-26,3.073,per_usd
2012-03-27,3.0555,per_usd
2012-03-28,3.063,per_usd
2012-03-29,3.063,per_usd
2012-03-30,3.0605,per_usd
2012-04-02,3.0525,per_usd
2012-04-03,3.046,per_usd
2012-04-04,3.062,per_usd
2012-04-05,3.065,per_usd
2012-04-06,3.063,per_usd
2012-04-09,3.07,per_usd
2012-04-10,3.0645,per_usd
2012-04-11,3.0645,per_usd
2012-04-12,3.069,per_usd
2012-04-13,3.0551,per_usd
2012-04-16,3.072,per_usd
2012-04-17,3.066,per_usd
2012-04-18,3.0617,per_usd
2012-04-19,3.0645,per_usd
2012-04-20,3.0593,per_usd
2012-04-23,3.0665,per_usd
2012-04-24,3.0655,per_usd
2012-04-25,3.0549,per_usd
2012-04-26,3.0436,per_usd
2012-04-27,3.0415,per_usd
2012-04-30,3.0232,per_usd
2012-05-01,3.0315,per_usd
2012-05-02,3.0256,per_usd
2012-05-03,3.0322,per_usd
2012-05-04,3.046,per_usd
2012-05-07,3.051,per_usd
2012-05-08,3.053,per_usd
2012-05-09,3.068,per_usd
2012-05-10,3.065,per_usd
2012-05-11,3.07,per_usd
2012-05-14,3.082,per_usd
2012-05-15,3.0885,per_usd
2012-05-16,3.1143,per_usd
2012-05-17,3.1168,per_usd
2012-05-18,3.135,per_usd
2012-05-21,3.132,per_usd
2012-05-22,3.118,per_usd
2012-05-23,3.143,per_usd
2012-05-24,3.147,per_usd
2012-05-25,3.1526,per_usd
2012-05-29,3.1485,per_usd
2012-05-30,3.1615,per_usd
2012-05-31,3.17,per_usd
2012-06-01,3.197,per_usd
2012-06-04,3.198,per_usd
2012-06-05,3.198,per_usd
2012-06-06,3.174,per_usd
2012-06-07,3.159,per_usd
2012-06-08,3.183,per_usd
2012-06-11,3.1835,per_usd
2012-06-12,3.1784,per_usd
2012-06-13,3.1717,per_usd
2012-06-14,3.1746,per_usd
2012-06-15,3.158,per_usd
2012-06-18,3.156,per_usd
2012-06-19,3.155,per_usd
2012-06-20,3.154,per_usd
2012-06-21,3.175,per_usd
2012-06-22,3.189,per_usd
2012-06-25,3.195,per_usd
2012-06-26,3.1915,per_usd
2012-06-27,3.191,per_usd
2012-06-28,3.194,per_usd
2012-06-29,3.168,per_usd
2012-07-02,3.162,per_usd
2012-07-03,3.1505,per_usd
2012-07-05,3.16,per_usd
2012-07-06,3.17,per_usd
2012-07-09,3.188,per_usd
2012-07-10,3.173,per_usd
2012-07-11,3.175,per_usd
2012-07-12,3.189,per_usd
2012-07-13,3.1825,per_usd
2012-07-16,3.1798,per_usd
2012-07-17,3.163,per_usd
2012-07-18,3.159,per_usd
2012-07-19,3.149,per_usd
2012-07-20,3.153,per_usd
2012-07-23,3.172,per_usd
2012-07-24,3.177,per_usd
2012-07-25,3.172,per_usd
2012-07-26,3.162,per_usd
2012-07-27,3.16,per_usd
2012-07-30,3.1505,per_usd
2012-07-31,3.123,per_usd
2012-08-01,3.113,per_usd
2012-08-02,3.124,per_usd
2012-08-03,3.1245,per_usd
2012-08-06,3.105,per_usd
2012-08-07,3.1005,per_usd
2012-08-08,3.102,per_usd
2012-08-09,3.0995,per_usd
2012-08-10,3.1155,per_usd
2012-08-13,3.115,per_usd
2012-08-14,3.1135,per_usd
2012-08-15,3.122,per_usd
2012-08-16,3.131,per_usd
2012-08-17,3.13,per_usd
2012-08-20,3.1315,per_usd
2012-08-21,3.1275,per_usd
2012-08-22,3.1175,per_usd
2012-08-23,3.093,per_usd
2012-08-24,3.0985,per_usd
2012-08-27,3.108,per_usd
2012-08-28,3.114,per_usd
2012-08-29,3.12,per_usd
2012-08-30,3.123,per_usd
2012-08-31,3.123,per_usd
2012-09-04,3.1061,per_usd
2012-09-05,3.1135,per_usd
2012-09-06,3.115,per_usd
2012-09-07,3.11,per_usd
2012-09-10,3.101,per_usd
2012-09-11,3.087,per_usd
2012-09-12,3.071,per_usd
2012-09-13,3.079,per_usd
2012-09-14,3.035,per_usd
2012-09-17,3.035,per_usd
2012-09-18,3.06,per_usd
2012-09-19,3.059,per_usd
2012-09-20,3.0675,per_usd
2012-09-21,3.049,per_usd
2012-09-24,3.0716,per_usd
2012-09-25,3.0705,per_usd
2012-09-26,3.0805,per_usd
2012-09-27,3.071,per_usd
2012-09-28,3.0587,per_usd
2012-10-01,3.059,per_usd
2012-10-02,3.05,per_usd
2012-10-03,3.056,per_usd
2012-10-04,3.0525,per_usd
2012-10-05,3.053,per_usd
2012-10-09,3.071,per_usd
2012-10-10,3.0722,per_usd
2012-10-11,3.0655,per_usd
2012-10-12,3.057,per_usd
2012-10-15,3.056,per_usd
2012-10-16,3.0506,per_usd
2012-10-17,3.0345,per_usd
2012-10-18,3.0345,per_usd
2012-10-19,3.049,per_usd
2012-10-22,3.051,per_usd
2012-10-23,3.0555,per_usd
2012-10-24,3.057,per_usd
2012-10-25,3.038,per_usd
2012-10-26,3.038,per_usd
2012-10-29,3.056,per_usd
2012-10-30,3.0515,per_usd
2012-10-31,3.0445,per_usd
2012-11-01,3.051,per_usd
2012-11-02,3.0475,per_usd
2012-11-05,3.062,per_usd
2012-11-06,3.06,per_usd
2012-11-07,3.0475,per_usd
2012-11-08,3.062,per_usd
2012-11-09,3.061,per_usd
2012-11-13,3.0625,per_usd
2012-11-14,3.0595,per_usd
2012-11-15,3.0595,per_usd
2012-11-16,3.07,per_usd
2012-11-19,3.058,per_usd
2012-11-20,3.059,per_usd
2012-11-21,3.0595,per_usd
2012-11-23,3.058,per_usd
2012-11-26,3.054,per_usd
2012-11-27,3.0445,per_usd
2012-11-28,3.052,per_usd
2012-11-29,3.044,per_usd
2012-11-30,3.039,per_usd
2012-12-03,3.041,per_usd
2012-12-04,3.042,per_usd
2012-12-05,3.0405,per_usd
2012-12-06,3.046,per_usd
2012-12-07,3.0545,per_usd
2012-12-10,3.058,per_usd
2012-12-11,3.0555,per_usd
2012-12-12,3.05,per_usd
2012-12-13,3.053,per_usd
2012-12-14,3.055,per_usd
2012-12-17,3.056,per_usd
2012-12-18,3.0545,per_usd
2012-12-19,3.0525,per_usd
2012-12-20,3.054,per_usd
2012-12-21,3.0585,per_usd
2012-12-24,3.064,per_usd
2012-12-26,3.0628,per_usd
2012-12-27,3.059,per_usd
2012-12-28,3.06,per_usd
2012-12-31,3.057,per_usd
2013-01-02,3.034,per_usd
2013-01-03,3.03,per_usd
2013-01-04,3.0471,per_usd
2013-01-07,3.0415,per_usd
2013-01-08,3.0436,per_usd
2013-01-09,3.0383,per_usd
2013-01-10,3.0218,per_usd
2013-01-11,3.019,per_usd
2013-01-14,3.015,per_usd
2013-01-15,3.0095,per_usd
2013-01-16,3.018,per_usd
2013-01-17,3.0135,per_usd
2013-01-18,3.012,per_usd
2013-01-22,3.041,per_usd
2013-01-23,3.04,per_usd
2013-01-24,3.04,per_usd
2013-01-25,3.043,per_usd
2013-01-28,3.0825,per_usd
2013-01-29,3.077,per_usd
2013-01-30,3.082,per_usd
2013-01-31,3.105,per_usd
2013-02-01,3.108,per_usd
2013-02-04,3.092,per_usd
2013-02-05,3.087,per_usd
2013-02-06,3.097,per_usd
2013-02-07,3.0905,per_usd
2013-02-08,3.097,per_usd
2013-02-11,3.097,per_usd
2013-02-12,3.097,per_usd
2013-02-13,3.089,per_usd
2013-02-14,3.089,per_usd
2013-02-15,3.093,per_usd
2013-02-19,3.101,per_usd
2013-02-20,3.095,per_usd
2013-02-21,3.1093,per_usd
2013-02-22,3.1,per_usd
2013-02-25,3.098,per_usd
2013-02-26,3.1,per_usd
2013-02-27,3.1,per_usd
2013-02-28,3.091,per_usd
2013-03-01,3.093,per_usd
2013-03-04,3.1055,per_usd
2013-03-05,3.101,per_usd
2013-03-06,3.1035,per_usd
2013-03-07,3.106,per_usd
2013-03-08,3.1045,per_usd
2013-03-11,3.1105,per_usd
2013-03-12,3.1075,per_usd
2013-03-13,3.1075,per_usd
2013-03-14,3.111,per_usd
2013-03-15,3.1195,per_usd
2013-03-18,3.13,per_usd
2013-03-19,3.1215,per_usd
2013-03-20,3.121,per_usd
2013-03-21,3.12,per_usd
2013-03-22,3.111,per_usd
2013-03-25,3.097,per_usd
2013-03-26,3.095,per_usd
2013-03-27,3.1,per_usd
2013-03-28,3.097,per_usd
2013-03-29,3.093,per_usd
2013-04-01,3.092,per_usd
2013-04-02,3.087,per_usd
2013-04-03,3.082,per_usd
2013-04-04,3.075,per_usd
2013-04-05,3.0566,per_usd
2013-04-08,3.059,per_usd
2013-04-09,3.035,per_usd
2013-04-10,3.0285,per_usd
2013-04-11,3.034,per_usd
2013-04-12,3.041,per_usd
2013-04-15,3.04,per_usd
2013-04-16,3.039,per_usd
2013-04-17,3.029,per_usd
2013-04-18,3.032,per_usd
2013-04-19,3.0346,per_usd
2013-04-22,3.047,per_usd
2013-04-23,3.056,per_usd
2013-04-24,3.0475,per_usd
2013-04-25,3.035,per_usd
2013-04-26,3.033,per_usd
2013-04-29,3.0315,per_usd
2013-04-30,3.0415,per_usd
2013-05-01,3.0415,per_usd
2013-05-02,3.0493,per_usd
2013-05-03,3.033,per_usd
2013-05-06,2.976,per_usd
2013-05-07,2.981,per_usd
2013-05-08,2.962,per_usd
2013-05-09,2.9725,per_usd
2013-05-10,2.985,per_usd
2013-05-13,2.995,per_usd
2013-05-14,2.986,per_usd
2013-05-15,3.002,per_usd
2013-05-16,3.01,per_usd
2013-05-17,3.02,per_usd
2013-05-20,3.0125,per_usd
2013-05-21,3.017,per_usd
2013-05-22,3.02,per_usd
2013-05-23,3.033,per_usd
2013-05-24,3.033,per_usd
2013-05-28,3.04,per_usd
2013-05-29,3.078,per_usd
2013-05-30,3.072,per_usd
2013-05-31,3.094,per_usd
2013-06-03,3.098,per_usd
2013-06-04,3.093,per_usd
2013-06-05,3.082,per_usd
2013-06-06,3.0815,per_usd
2013-06-07,3.092,per_usd
2013-06-10,3.127,per_usd
2013-06-11,3.146,per_usd
2013-06-12,3.13,per_usd
2013-06-13,3.131,per_usd
2013-06-14,3.114,per_usd
2013-06-17,3.131,per_usd
2013-06-18,3.1535,per_usd
2013-06-19,3.15,per_usd
2013-06-20,3.1971,per_usd
2013-06-21,3.202,per_usd
2013-06-24,3.2201,per_usd
2013-06-25,3.183,per_usd
2013-06-26,3.2025,per_usd
2013-06-27,3.1735,per_usd
2013-06-28,3.158,per_usd
2013-07-01,3.163,per_usd
2013-07-02,3.1685,per_usd
2013-07-03,3.1846,per_usd
2013-07-05,3.187,per_usd
2013-07-08,3.208,per_usd
2013-07-09,3.185,per_usd
2013-07-10,3.179,per_usd
2013-07-11,3.167,per_usd
2013-07-12,3.174,per_usd
2013-07-15,3.189,per_usd
2013-07-16,3.187,per_usd
2013-07-17,3.19,per_usd
2013-07-18,3.193,per_usd
2013-07-19,3.1925,per_usd
2013-07-22,3.179,per_usd
2013-07-23,3.177,per_usd
2013-07-24,3.186,per_usd
2013-07-25,3.196,per_usd
2013-07-26,3.2065,per_usd
2013-07-29,3.224,per_usd
2013-07-30,3.233,per_usd
2013-07-31,3.245,per_usd
2013-08-01,3.241,per_usd
2013-08-02,3.256,per_usd
2013-08-05,3.23,per_usd
2013-08-06,3.245,per_usd
2013-08-07,3.253,per_usd
2013-08-08,3.253,per_usd
2013-08-09,3.253,per_usd
2013-08-12,3.247,per_usd
2013-08-13,3.257,per_usd
2013-08-14,3.2735,per_usd
2013-08-15,3.276,per_usd
2013-08-16,3.275,per_usd
2013-08-19,3.2845,per_usd
2013-08-20,3.287,per_usd
2013-08-21,3.29,per_usd
2013-08-22,3.309,per_usd
2013-08-23,3.3,per_usd
2013-08-26,3.3035,per_usd
2013-08-27,3.33,per_usd
2013-08-28,3.333,per_usd
2013-08-29,3.31,per_usd
2013-08-30,3.285,per_usd
2013-09-03,3.285,per_usd
2013-09-04,3.281,per_usd
2013-09-05,3.303,per_usd
2013-09-06,3.327,per_usd
2013-09-09,3.291,per_usd
2013-09-10,3.275,per_usd
2013-09-11,3.258,per_usd
2013-09-12,3.2761,per_usd
2013-09-13,3.288,per_usd
2013-09-16,3.288,per_usd
2013-09-17,3.2455,per_usd
2013-09-18,3.232,per_usd
2013-09-19,3.1455,per_usd
2013-09-20,3.164,per_usd
2013-09-23,3.199,per_usd
2013-09-24,3.215,per_usd
2013-09-25,3.221,per_usd
2013-09-26,3.2145,per_usd
2013-09-27,3.226,per_usd
2013-09-30,3.256,per_usd
2013-10-01,3.232,per_usd
2013-10-02,3.2255,per_usd
2013-10-03,3.1925,per_usd
2013-10-04,3.18,per_usd
2013-10-07,3.188,per_usd
2013-10-08,3.195,per_usd
2013-10-09,3.1945,per_usd
2013-10-10,3.19,per_usd
2013-10-11,3.1785,per_usd
2013-10-15,3.18,per_usd
2013-10-16,3.171,per_usd
2013-10-17,3.147,per_usd
2013-10-18,3.157,per_usd
2013-10-21,3.167,per_usd
2013-10-22,3.173,per_usd
2013-10-23,3.163,per_usd
2013-10-24,3.158,per_usd
2013-10-25,3.1425,per_usd
2013-10-28,3.1335,per_usd
2013-10-29,3.1455,per_usd
2013-10-30,3.147,per_usd
2013-10-31,3.155,per_usd
2013-11-01,3.17,per_usd
2013-11-04,3.1715,per_usd
2013-11-05,3.1715,per_usd
2013-11-06,3.1775,per_usd
2013-11-07,3.183,per_usd
2013-11-08,3.1775,per_usd
2013-11-12,3.21,per_usd
2013-11-13,3.21,per_usd
2013-11-14,3.203,per_usd
2013-11-15,3.203,per_usd
2013-11-18,3.1845,per_usd
2013-11-19,3.177,per_usd
2013-11-20,3.179,per_usd
2013-11-21,3.2091,per_usd
2013-11-22,3.212,per_usd
2013-11-25,3.217,per_usd
2013-11-26,3.219,per_usd
2013-11-27,3.229,per_usd
2013-11-29,3.223,per_usd
2013-12-02,3.208,per_usd
2013-12-03,3.2165,per_usd
2013-12-04,3.225,per_usd
2013-12-05,3.2275,per_usd
2013-12-06,3.232,per_usd
2013-12-09,3.2025,per_usd
2013-12-10,3.2065,per_usd
2013-12-11,3.214,per_usd
2013-12-12,3.229,per_usd
2013-12-13,3.232,per_usd
2013-12-16,3.239,per_usd
2013-12-17,3.247,per_usd
2013-12-18,3.257,per_usd
2013-12-19,3.273,per_usd
2013-12-20,3.286,per_usd
2013-12-23,3.29,per_usd
2013-12-24,3.292,per_usd
2013-12-26,3.296,per_usd
2013-12-27,3.288,per_usd
2013-12-30,3.293,per_usd
2013-12-31,3.277,per_usd
2014-01-02,3.285,per_usd
2014-01-03,3.285,per_usd
2014-01-06,3.2835,per_usd
2014-01-07,3.283,per_usd
2014-01-08,3.271,per_usd
2014-01-09,3.275,per_usd
2014-01-10,3.268,per_usd
2014-01-13,3.26,per_usd
2014-01-14,3.26,per_usd
2014-01-15,3.286,per_usd
2014-01-16,3.296,per_usd
2014-01-17,3.296,per_usd
2014-01-21,3.323,per_usd
2014-01-22,3.322,per_usd
2014-01-23,3.329,per_usd
2014-01-24,3.333,per_usd
2014-01-27,3.3435,per_usd
2014-01-28,3.334,per_usd
2014-01-29,3.3365,per_usd
2014-01-30,3.345,per_usd
2014-01-31,3.345,per_usd
2014-02-03,3.345,per_usd
2014-02-04,3.3235,per_usd
2014-02-05,3.3125,per_usd
2014-02-06,3.3215,per_usd
2014-02-07,3.329,per_usd
2014-02-10,3.335,per_usd
2014-02-11,3.3265,per_usd
2014-02-12,3.321,per_usd
2014-02-13,3.3235,per_usd
2014-02-14,3.3065,per_usd
2014-02-18,3.303,per_usd
2014-02-19,3.293,per_usd
2014-02-20,3.306,per_usd
2014-02-21,3.293,per_usd
2014-02-24,3.2815,per_usd
2014-02-25,3.282,per_usd
2014-02-26,3.268,per_usd
2014-02-27,3.282,per_usd
2014-02-28,3.276,per_usd
2014-03-03,3.281,per_usd
2014-03-04,3.277,per_usd
2014-03-05,3.2695,per_usd
2014-03-06,3.257,per_usd
2014-03-07,3.2565,per_usd
2014-03-10,3.2805,per_usd
2014-03-11,3.28,per_usd
2014-03-12,3.287,per_usd
2014-03-13,3.269,per_usd
2014-03-14,3.278,per_usd
2014-03-17,3.2755,per_usd
2014-03-18,3.274,per_usd
2014-03-19,3.276,per_usd
2014-03-20,3.295,per_usd
2014-03-21,3.307,per_usd
2014-03-24,3.299,per_usd
2014-03-25,3.3015,per_usd
2014-03-26,3.296,per_usd
2014-03-27,3.2885,per_usd
2014-03-28,3.271,per_usd
2014-03-31,3.263,per_usd
2014-04-01,3.262,per_usd
2014-04-02,3.269,per_usd
2014-04-03,3.281,per_usd
2014-04-04,3.2785,per_usd
2014-04-07,3.271,per_usd
2014-04-08,3.2385,per_usd
2014-04-09,3.226,per_usd
2014-04-10,3.222,per_usd
2014-04-11,3.235,per_usd
2014-04-14,3.2495,per_usd
2014-04-15,3.241,per_usd
2014-04-16,3.241,per_usd
2014-04-17,3.237,per_usd
2014-04-18,3.239,per_usd
2014-04-21,3.25,per_usd
2014-04-22,3.264,per_usd
2014-04-23,3.2645,per_usd
2014-04-24,3.2675,per_usd
2014-04-25,3.267,per_usd
2014-04-28,3.2645,per_usd
2014-04-29,3.2575,per_usd
2014-04-30,3.261,per_usd
2014-05-01,3.261,per_usd
2014-05-02,3.2655,per_usd
2014-05-05,3.2515,per_usd
2014-05-06,3.2505,per_usd
2014-05-07,3.249,per_usd
2014-05-08,3.2358,per_usd
2014-05-09,3.227,per_usd
2014-05-12,3.2365,per_usd
2014-05-13,3.2293,per_usd
2014-05-14,3.218,per_usd
2014-05-15,3.2244,per_usd
2014-05-16,3.232,per_usd
2014-05-19,3.2095,per_usd
2014-05-20,3.218,per_usd
2014-05-21,3.213,per_usd
2014-05-22,3.21,per_usd
2014-05-23,3.2105,per_usd
2014-05-27,3.217,per_usd
2014-05-28,3.225,per_usd
2014-05-29,3.213,per_usd
2014-05-30,3.215,per_usd
2014-06-02,3.2265,per_usd
2014-06-03,3.229,per_usd
2014-06-04,3.238,per_usd
2014-06-05,3.2275,per_usd
2014-06-06,3.2115,per_usd
2014-06-09,3.1965,per_usd
2014-06-10,3.206,per_usd
2014-06-11,3.21,per_usd
2014-06-12,3.2065,per_usd
2014-06-13,3.217,per_usd
2014-06-16,3.224,per_usd
2014-06-17,3.2205,per_usd
2014-06-18,3.2325,per_usd
2014-06-19,3.212,per_usd
2014-06-20,3.2225,per_usd
2014-06-23,3.216,per_usd
2014-06-24,3.212,per_usd
2014-06-25,3.223,per_usd
2014-06-26,3.216,per_usd
2014-06-27,3.211,per_usd
2014-06-30,3.2095,per_usd
2014-07-01,3.206,per_usd
2014-07-02,3.202,per_usd
2014-07-03,3.193,per_usd
2014-07-07,3.188,per_usd
2014-07-08,3.17,per_usd
2014-07-09,3.171,per_usd
2014-07-10,3.18,per_usd
2014-07-11,3.184,per_usd
2014-07-14,3.179,per_usd
2014-07-15,3.179,per_usd
2014-07-16,3.187,per_usd
2014-07-17,3.1755,per_usd
2014-07-18,3.182,per_usd
2014-07-21,3.1715,per_usd
2014-07-22,3.174,per_usd
2014-07-23,3.1665,per_usd
2014-07-24,3.174,per_usd
2014-07-25,3.173,per_usd
2014-07-28,3.17,per_usd
2014-07-29,3.173,per_usd
2014-07-30,3.1825,per_usd
2014-07-31,3.196,per_usd
2014-08-01,3.211,per_usd
2014-08-04,3.201,per_usd
2014-08-05,3.1865,per_usd
2014-08-06,3.1985,per_usd
2014-08-07,3.2065,per_usd
2014-08-08,3.206,per_usd
2014-08-11,3.1965,per_usd
2014-08-12,3.1945,per_usd
2014-08-13,3.192,per_usd
2014-08-14,3.1945,per_usd
2014-08-15,3.153,per_usd
2014-08-18,3.155,per_usd
2014-08-19,3.155,per_usd
2014-08-20,3.166,per_usd
2014-08-21,3.169,per_usd
2014-08-22,3.16,per_usd
2014-08-25,3.161,per_usd
2014-08-26,3.1585,per_usd
2014-08-27,3.1465,per_usd
2014-08-28,3.1475,per_usd
2014-08-29,3.15,per_usd
2014-09-02,3.1785,per_usd
2014-09-03,3.1775,per_usd
2014-09-04,3.177,per_usd
2014-09-05,3.183,per_usd
2014-09-08,3.173,per_usd
2014-09-09,3.1885,per_usd
2014-09-10,3.2,per_usd
2014-09-11,3.192,per_usd
2014-09-12,3.196,per_usd
2014-09-15,3.225,per_usd
2014-09-16,3.225,per_usd
2014-09-17,3.216,per_usd
2014-09-18,3.23,per_usd
2014-09-19,3.2305,per_usd
2014-09-22,3.242,per_usd
2014-09-23,3.2435,per_usd
2014-09-24,3.24,per_usd
2014-09-25,3.2515,per_usd
2014-09-26,3.257,per_usd
2014-09-29,3.277,per_usd
2014-09-30,3.279,per_usd
2014-10-01,3.271,per_usd
2014-10-02,3.25,per_usd
2014-10-03,3.256,per_usd
2014-10-06,3.256,per_usd
2014-10-07,3.258,per_usd
2014-10-08,3.2715,per_usd
2014-10-09,3.239,per_usd
2014-10-10,3.256,per_usd
2014-10-14,3.265,per_usd
2014-10-15,3.277,per_usd
2014-10-16,3.28,per_usd
2014-10-17,3.274,per_usd
2014-10-20,3.271,per_usd
2014-10-21,3.261,per_usd
2014-10-22,3.261,per_usd
2014-10-23,3.2715,per_usd
2014-10-24,3.277,per_usd
2014-10-27,3.2745,per_usd
2014-10-28,3.2725,per_usd
2014-10-29,3.271,per_usd
2014-10-30,3.2875,per_usd
2014-10-31,3.2895,per_usd
2014-11-03,3.316,per_usd
2014-11-04,3.328,per_usd
2014-11-05,3.341,per_usd
2014-11-06,3.3355,per_usd
2014-11-07,3.345,per_usd
2014-11-10,3.3295,per_usd
2014-11-12,3.3335,per_usd
2014-11-13,3.336,per_usd
2014-11-14,3.346,per_usd
2014-11-17,3.346,per_usd
2014-11-18,3.3515,per_usd
2014-11-19,3.359,per_usd
2014-11-20,3.365,per_usd
2014-11-21,3.3525,per_usd
2014-11-24,3.351,per_usd
2014-11-25,3.3515,per_usd
2014-11-26,3.35,per_usd
2014-11-28,3.381,per_usd
2014-12-01,3.432,per_usd
2014-12-02,3.421,per_usd
2014-12-03,3.44,per_usd
2014-12-04,3.445,per_usd
2014-12-05,3.4695,per_usd
2014-12-08,3.494,per_usd
2014-12-09,3.482,per_usd
2014-12-10,3.478,per_usd
2014-12-11,3.487,per_usd
2014-12-12,3.494,per_usd
2014-12-15,3.495,per_usd
2014-12-16,3.487,per_usd
2014-12-17,3.4855,per_usd
2014-12-18,3.4631,per_usd
2014-12-19,3.475,per_usd
2014-12-22,3.486,per_usd
2014-12-23,3.495,per_usd
2014-12-24,3.495,per_usd
2014-12-29,3.496,per_usd
2014-12-30,3.497,per_usd
2014-12-31,3.495,per_usd
2015-01-02,3.515,per_usd
2015-01-05,3.532,per_usd
2015-01-06,3.5555,per_usd
2015-01-07,3.58,per_usd
2015-01-08,3.565,per_usd
2015-01-09,3.561,per_usd
2015-01-12,3.566,per_usd
2015-01-13,3.592,per_usd
2015-01-14,3.5925,per_usd
2015-01-15,3.562,per_usd
2015-01-16,3.557,per_usd
2015-01-20,3.614,per_usd
2015-01-21,3.6125,per_usd
2015-01-22,3.6,per_usd
2015-01-23,3.6,per_usd
2015-01-26,3.617,per_usd
2015-01-27,3.599,per_usd
2015-01-28,3.6165,per_usd
2015-01-29,3.628,per_usd
2015-01-30,3.629,per_usd
2015-02-02,3.629,per_usd
2015-02-03,3.629,per_usd
2015-02-04,3.557,per_usd
2015-02-05,3.569,per_usd
2015-02-06,3.54,per_usd
2015-02-09,3.56,per_usd
2015-02-10,3.578,per_usd
2015-02-11,3.596,per_usd
2015-02-12,3.605,per_usd
2015-02-13,3.578,per_usd
2015-02-17,3.583,per_usd
2015-02-18,3.618,per_usd
2015-02-19,3.618,per_usd
2015-02-20,3.618,per_usd
2015-02-23,3.633,per_usd
2015-02-24,3.64,per_usd
2015-02-25,3.603,per_usd
2015-02-26,3.582,per_usd
2015-02-27,3.61,per_usd
2015-03-02,3.63,per_usd
2015-03-03,3.624,per_usd
2015-03-04,3.6445,per_usd
2015-03-05,3.648,per_usd
2015-03-06,3.651,per_usd
2015-03-09,3.677,per_usd
2015-03-10,3.7,per_usd
2015-03-11,3.697,per_usd
2015-03-12,3.689,per_usd
2015-03-13,3.687,per_usd
2015-03-16,3.7035,per_usd
2015-03-17,3.696,per_usd
2015-03-18,3.706,per_usd
2015-03-19,3.7025,per_usd
2015-03-20,3.729,per_usd
2015-03-23,3.6945,per_usd
2015-03-24,3.647,per_usd
2015-03-25,3.6645,per_usd
2015-03-26,3.657,per_usd
2015-03-27,3.683,per_usd
2015-03-30,3.7115,per_usd
2015-03-31,3.702,per_usd
2015-04-01,3.6975,per_usd
2015-04-02,3.669,per_usd
2015-04-03,3.668,per_usd
2015-04-06,3.63,per_usd
2015-04-07,3.6345,per_usd
2015-04-08,3.627,per_usd
2015-04-09,3.627,per_usd
2015-04-10,3.6632,per_usd
2015-04-13,3.705,per_usd
2015-04-14,3.699,per_usd
2015-04-15,3.703,per_usd
2015-04-16,3.654,per_usd
2015-04-17,3.624,per_usd
2015-04-20,3.62,per_usd
2015-04-21,3.6313,per_usd
2015-04-22,3.61,per_usd
2015-04-23,3.622,per_usd
2015-04-24,3.582,per_usd
2015-04-27,3.5655,per_usd
2015-04-28,3.554,per_usd
2015-04-29,3.558,per_usd
2015-04-30,3.56,per_usd
2015-05-01,3.56,per_usd
2015-05-04,3.56,per_usd
2015-05-05,3.61,per_usd
2015-05-06,3.57,per_usd
2015-05-07,3.5925,per_usd
2015-05-08,3.595,per_usd
2015-05-11,3.5985,per_usd
2015-05-12,3.615,per_usd
2015-05-13,3.5965,per_usd
2015-05-14,3.58,per_usd
2015-05-15,3.562,per_usd
2015-05-18,3.568,per_usd
2015-05-19,3.59,per_usd
2015-05-20,3.6125,per_usd
2015-05-21,3.5941,per_usd
2015-05-22,3.582,per_usd
2015-05-26,3.626,per_usd
2015-05-27,3.635,per_usd
2015-05-28,3.641,per_usd
2015-05-29,3.664,per_usd
2015-06-01,3.681,per_usd
2015-06-02,3.697,per_usd
2015-06-03,3.6835,per_usd
2015-06-04,3.695,per_usd
2015-06-05,3.717,per_usd
2015-06-08,3.766,per_usd
2015-06-09,3.747,per_usd
2015-06-10,3.7224,per_usd
2015-06-11,3.745,per_usd
2015-06-12,3.758,per_usd
2015-06-15,3.759,per_usd
2015-06-16,3.749,per_usd
2015-06-17,3.757,per_usd
2015-06-18,3.708,per_usd
2015-06-19,3.739,per_usd
2015-06-22,3.73,per_usd
2015-06-23,3.736,per_usd
2015-06-24,3.7491,per_usd
2015-06-25,3.7551,per_usd
2015-06-26,3.7666,per_usd
2015-06-29,3.7826,per_usd
2015-06-30,3.7736,per_usd
2015-07-01,3.744,per_usd
2015-07-02,3.7761,per_usd
2015-07-06,3.8071,per_usd
2015-07-07,3.8061,per_usd
2015-07-08,3.8056,per_usd
2015-07-09,3.7945,per_usd
2015-07-10,3.7925,per_usd
2015-07-13,3.8052,per_usd
2015-07-14,3.8048,per_usd
2015-07-15,3.8042,per_usd
2015-07-16,3.806,per_usd
2015-07-17,3.8048,per_usd
2015-07-20,3.8071,per_usd
2015-07-21,3.8067,per_usd
2015-07-22,3.7905,per_usd
2015-07-23,3.805,per_usd
2015-07-24,3.8086,per_usd
2015-07-27,3.8176,per_usd
2015-07-28,3.8131,per_usd
2015-07-29,3.8127,per_usd
2015-07-30,3.8156,per_usd
2015-07-31,3.8156,per_usd
2015-08-03,3.8502,per_usd
2015-08-04,3.8506,per_usd
2015-08-05,3.8766,per_usd
2015-08-06,3.904,per_usd
2015-08-07,3.9241,per_usd
2015-08-10,3.927,per_usd
2015-08-11,3.927,per_usd
2015-08-12,4.0375,per_usd
2015-08-13,4.008,per_usd
2015-08-14,4.0791,per_usd
2015-08-17,4.102,per_usd
2015-08-18,4.0791,per_usd
2015-08-19,4.1041,per_usd
2015-08-20,4.135,per_usd
2015-08-21,4.1726,per_usd
2015-08-24,4.258,per_usd
2015-08-25,4.2104,per_usd
2015-08-26,4.248,per_usd
2015-08-27,4.2285,per_usd
2015-08-28,4.1949,per_usd
2015-08-31,4.192,per_usd
2015-09-01,4.164,per_usd
2015-09-02,4.207,per_usd
2015-09-03,4.235,per_usd
2015-09-04,4.256,per_usd
2015-09-08,4.3386,per_usd
2015-09-09,4.323,per_usd
2015-09-10,4.3378,per_usd
2015-09-11,4.315,per_usd
2015-09-14,4.3096,per_usd
2015-09-15,4.3046,per_usd
2015-09-16,4.3038,per_usd
2015-09-17,4.25,per_usd
2015-09-18,4.206,per_usd
2015-09-21,4.265,per_usd
2015-09-22,4.294,per_usd
2015-09-23,4.345,per_usd
2015-09-24,4.345,per_usd
2015-09-25,4.385,per_usd
2015-09-28,4.425,per_usd
2015-09-29,4.456,per_usd
2015-09-30,4.394,per_usd
2015-10-01,4.404,per_usd
2015-10-02,4.41,per_usd
2015-10-05,4.38,per_usd
2015-10-06,4.372,per_usd
2015-10-07,4.215,per_usd
2015-10-08,4.233,per_usd
2015-10-09,4.135,per_usd
2015-10-13,4.177,per_usd
2015-10-14,4.177,per_usd
2015-10-15,4.12,per_usd
2015-10-16,4.17,per_usd
2015-10-19,4.205,per_usd
2015-10-20,4.26,per_usd
2015-10-21,4.275,per_usd
2015-10-22,4.28,per_usd
2015-10-23,4.222,per_usd
2015-10-26,4.222,per_usd
2015-10-27,4.26,per_usd
2015-10-28,4.2664,per_usd
2015-10-29,4.2935,per_usd
2015-10-30,4.292,per_usd
2015-11-02,4.292,per_usd
2015-11-03,4.292,per_usd
2015-11-04,4.263,per_usd
2015-11-05,4.292,per_usd
2015-11-06,4.292,per_usd
2015-11-09,4.3675,per_usd
2015-11-10,4.3675,per_usd
2015-11-12,4.36,per_usd
2015-11-13,4.37,per_usd
2015-11-16,4.3981,per_usd
2015-11-17,4.391,per_usd
2015-11-18,4.388,per_usd
2015-11-19,4.341,per_usd
2015-11-20,4.283,per_usd
2015-11-23,4.301,per_usd
2015-11-24,4.242,per_usd
2015-11-25,4.212,per_usd
2015-11-27,4.255,per_usd
2015-11-30,4.242,per_usd
2015-12-01,4.242,per_usd
2015-12-02,4.242,per_usd
2015-12-03,4.242,per_usd
2015-12-04,4.242,per_usd
2015-12-07,4.212,per_usd
2015-12-08,4.255,per_usd
2015-12-09,4.266,per_usd
2015-12-10,4.256,per_usd
2015-12-11,4.29,per_usd
2015-12-14,4.324,per_usd
2015-12-15,4.3,per_usd
2015-12-16,4.312,per_usd
2015-12-17,4.315,per_usd
2015-12-18,4.287,per_usd
2015-12-21,4.297,per_usd
2015-12-22,4.29,per_usd
2015-12-23,4.305,per_usd
2015-12-24,4.305,per_usd
2015-12-28,4.29,per_usd
2015-12-29,4.29,per_usd
2015-12-30,4.288,per_usd
2015-12-31,4.29,per_usd
2016-01-04,4.342,per_usd
2016-01-05,4.34,per_usd
2016-01-06,4.389,per_usd
2016-01-07,4.39,per_usd
2016-01-08,4.375,per_usd
2016-01-11,4.38,per_usd
2016-01-12,4.409,per_usd
2016-01-13,4.409,per_usd
2016-01-14,4.39,per_usd
2016-01-15,4.3965,per_usd
2016-01-19,4.3625,per_usd
2016-01-20,4.391,per_usd
2016-01-21,4.373,per_usd
2016-01-22,4.294,per_usd
2016-01-25,4.294,per_usd
2016-01-26,4.2885,per_usd
2016-01-27,4.253,per_usd
2016-01-28,4.21,per_usd
2016-01-29,4.15,per_usd
2016-02-01,4.15,per_usd
2016-02-02,4.205,per_usd
2016-02-03,4.219,per_usd
2016-02-04,4.145,per_usd
2016-02-05,4.155,per_usd
2016-02-08,4.155,per_usd
2016-02-09,4.155,per_usd
2016-02-10,4.118,per_usd
2016-02-11,4.135,per_usd
2016-02-12,4.167,per_usd
2016-02-16,4.15,per_usd
2016-02-17,4.2125,per_usd
2016-02-18,4.16,per_usd
2016-02-19,4.203,per_usd
2016-02-22,4.194,per_usd
2016-02-23,4.198,per_usd
2016-02-24,4.215,per_usd
2016-02-25,4.216,per_usd
2016-02-26,4.207,per_usd
2016-02-29,4.2,per_usd
2016-03-01,4.165,per_usd
2016-03-02,4.16,per_usd
2016-03-03,4.13,per_usd
2016-03-04,4.111,per_usd
2016-03-07,4.08,per_usd
2016-03-08,4.11,per_usd
2016-03-09,4.121,per_usd
2016-03-10,4.09,per_usd
2016-03-11,4.086,per_usd
2016-03-14,4.101,per_usd
2016-03-15,4.132,per_usd
2016-03-16,4.135,per_usd
2016-03-17,4.0565,per_usd
2016-03-18,4.0465,per_usd
2016-03-21,4.0585,per_usd
2016-03-22,4,per_usd
2016-03-23,3.993,per_usd
2016-03-24,4.027,per_usd
2016-03-25,4.035,per_usd
2016-03-28,4.011,per_usd
2016-03-29,3.9955,per_usd
2016-03-30,3.938,per_usd
2016-03-31,3.9,per_usd
2016-04-01,3.889,per_usd
2016-04-04,3.902,per_usd
2016-04-05,3.922,per_usd
2016-04-06,3.914,per_usd
2016-04-07,3.911,per_usd
2016-04-08,3.9,per_usd
2016-04-11,3.887,per_usd
2016-04-12,3.878,per_usd
2016-04-13,3.87,per_usd
2016-04-14,3.89,per_usd
2016-04-15,3.9,per_usd
2016-04-18,3.925,per_usd
2016-04-19,3.882,per_usd
2016-04-20,3.862,per_usd
2016-04-21,3.888,per_usd
2016-04-22,3.896,per_usd
2016-04-25,3.901,per_usd
2016-04-26,3.92,per_usd
2016-04-27,3.91,per_usd
2016-04-28,3.89,per_usd
2016-04-29,3.903,per_usd
2016-05-02,3.903,per_usd
2016-05-03,3.927,per_usd
2016-05-04,3.986,per_usd
2016-05-05,4.002,per_usd
2016-05-06,4.006,per_usd
2016-05-09,4.01,per_usd
2016-05-10,4.053,per_usd
2016-05-11,4.033,per_usd
2016-05-12,4.017,per_usd
2016-05-13,4.027,per_usd
2016-05-16,4.025,per_usd
2016-05-17,4.016,per_usd
2016-05-18,4.045,per_usd
2016-05-19,4.078,per_usd
2016-05-20,4.078,per_usd
2016-05-23,4.084,per_usd
2016-05-24,4.12,per_usd
2016-05-25,4.101,per_usd
2016-05-26,4.078,per_usd
2016-05-27,4.076,per_usd
2016-05-31,4.123,per_usd
2016-06-01,4.143,per_usd
2016-06-02,4.148,per_usd
2016-06-03,4.144,per_usd
2016-06-06,4.095,per_usd
2016-06-07,4.055,per_usd
2016-06-08,4.06,per_usd
2016-06-09,4.045,per_usd
2016-06-10,4.064,per_usd
2016-06-13,4.086,per_usd
2016-06-14,4.103,per_usd
2016-06-15,4.0985,per_usd
2016-06-16,4.099,per_usd
2016-06-17,4.098,per_usd
2016-06-20,4.062,per_usd
2016-06-21,4.032,per_usd
2016-06-22,4.032,per_usd
2016-06-23,4.015,per_usd
2016-06-24,4.09,per_usd
2016-06-27,4.1,per_usd
2016-06-28,4.07,per_usd
2016-06-29,4.033,per_usd
2016-06-30,4.025,per_usd
2016-07-01,3.996,per_usd
2016-07-05,4.02,per_usd
2016-07-06,4.02,per_usd
2016-07-07,4.02,per_usd
2016-07-08,4.03,per_usd
2016-07-11,3.993,per_usd
2016-07-12,3.96,per_usd
2016-07-13,3.97,per_usd
2016-07-14,3.95,per_usd
2016-07-15,3.945,per_usd
2016-07-18,3.975,per_usd
2016-07-19,4,per_usd
2016-07-20,4.024,per_usd
2016-07-21,4.038,per_usd
2016-07-22,4.0535,per_usd
2016-07-25,4.062,per_usd
2016-07-26,4.058,per_usd
2016-07-27,4.0735,per_usd
2016-07-28,4.047,per_usd
2016-07-29,4.067,per_usd
2016-08-01,4.0215,per_usd
2016-08-02,4.03,per_usd
2016-08-03,4.056,per_usd
2016-08-04,4.049,per_usd
2016-08-05,4.025,per_usd
2016-08-08,4.035,per_usd
2016-08-09,4.028,per_usd
2016-08-10,3.988,per_usd
2016-08-11,4.002,per_usd
2016-08-12,4.026,per_usd
2016-08-15,4.005,per_usd
2016-08-16,3.983,per_usd
2016-08-17,4.01,per_usd
2016-08-18,3.9925,per_usd
2016-08-19,4.0105,per_usd
2016-08-22,4.02,per_usd
2016-08-23,4.025,per_usd
2016-08-24,4.035,per_usd
2016-08-25,4.01,per_usd
2016-08-26,4.013,per_usd
2016-08-29,4.0425,per_usd
2016-08-30,4.048,per_usd
2016-08-31,4.048,per_usd
2016-09-01,4.074,per_usd
2016-09-02,4.083,per_usd
2016-09-06,4.078,per_usd
2016-09-07,4.055,per_usd
2016-09-08,4.04,per_usd
2016-09-09,4.0675,per_usd
2016-09-12,4.0675,per_usd
2016-09-13,4.105,per_usd
2016-09-14,4.121,per_usd
2016-09-15,4.137,per_usd
2016-09-16,4.137,per_usd
2016-09-19,4.133,per_usd
2016-09-20,4.137,per_usd
2016-09-21,4.135,per_usd
2016-09-22,4.106,per_usd
2016-09-23,4.11,per_usd
2016-09-26,4.126,per_usd
2016-09-27,4.122,per_usd
2016-09-28,4.136,per_usd
2016-09-29,4.122,per_usd
2016-09-30,4.132,per_usd
2016-10-03,4.132,per_usd
2016-10-04,4.125,per_usd
2016-10-05,4.135,per_usd
2016-10-06,4.14,per_usd
2016-10-07,4.155,per_usd
2016-10-11,4.17,per_usd
2016-10-12,4.19,per_usd
2016-10-13,4.211,per_usd
2016-10-14,4.198,per_usd
2016-10-17,4.215,per_usd
2016-10-18,4.1925,per_usd
2016-10-19,4.19,per_usd
2016-10-20,4.181,per_usd
2016-10-21,4.183,per_usd
2016-10-24,4.175,per_usd
2016-10-25,4.155,per_usd
2016-10-26,4.159,per_usd
2016-10-27,4.182,per_usd
2016-10-28,4.197,per_usd
2016-10-31,4.19,per_usd
2016-11-01,4.179,per_usd
2016-11-02,4.189,per_usd
2016-11-03,4.185,per_usd
2016-11-04,4.179,per_usd
2016-11-07,4.207,per_usd
2016-11-08,4.2,per_usd
2016-11-09,4.224,per_usd
2016-11-10,4.27,per_usd
2016-11-14,4.325,per_usd
2016-11-15,4.34,per_usd
2016-11-16,4.345,per_usd
2016-11-17,4.3456,per_usd
2016-11-18,4.414,per_usd
2016-11-21,4.417,per_usd
2016-11-22,4.417,per_usd
2016-11-23,4.44,per_usd
2016-11-25,4.453,per_usd
2016-11-28,4.46,per_usd
2016-11-29,4.464,per_usd
2016-11-30,4.464,per_usd
2016-12-01,4.461,per_usd
2016-12-02,4.45,per_usd
2016-12-05,4.447,per_usd
2016-12-06,4.433,per_usd
2016-12-07,4.43,per_usd
2016-12-08,4.42,per_usd
2016-12-09,4.4215,per_usd
2016-12-12,4.4215,per_usd
2016-12-13,4.434,per_usd
2016-12-14,4.444,per_usd
2016-12-15,4.462,per_usd
2016-12-16,4.4763,per_usd
2016-12-19,4.4765,per_usd
2016-12-20,4.478,per_usd
2016-12-21,4.477,per_usd
2016-12-22,4.476,per_usd
2016-12-23,4.4725,per_usd
2016-12-27,4.476,per_usd
2016-12-28,4.48,per_usd
2016-12-29,4.483,per_usd
2016-12-30,4.4845,per_usd
2017-01-03,4.49,per_usd
2017-01-04,4.496,per_usd
2017-01-05,4.483,per_usd
2017-01-06,4.471,per_usd
2017-01-09,4.475,per_usd
2017-01-10,4.473,per_usd
2017-01-11,4.47,per_usd
2017-01-12,4.456,per_usd
2017-01-13,4.46,per_usd
2017-01-17,4.46,per_usd
2017-01-18,4.443,per_usd
2017-01-19,4.447,per_usd
2017-01-23,4.436,per_usd
2017-01-24,4.433,per_usd
2017-01-25,4.437,per_usd
2017-01-26,4.427,per_usd
2017-01-27,4.43,per_usd
2017-01-30,4.43,per_usd
2017-01-31,4.428,per_usd
2017-02-01,4.428,per_usd
2017-02-02,4.422,per_usd
2017-02-03,4.426,per_usd
2017-02-06,4.427,per_usd
2017-02-07,4.434,per_usd
2017-02-08,4.437,per_usd
2017-02-09,4.437,per_usd
2017-02-10,4.442,per_usd
2017-02-13,4.447,per_usd
2017-02-14,4.448,per_usd
2017-02-15,4.447,per_usd
2017-02-16,4.451,per_usd
2017-02-17,4.451,per_usd
2017-02-21,4.4555,per_usd
2017-02-22,4.451,per_usd
2017-02-23,4.447,per_usd
2017-02-24,4.437,per_usd
2017-02-27,4.437,per_usd
2017-02-28,4.438,per_usd
2017-03-01,4.4455,per_usd
2017-03-02,4.447,per_usd
2017-03-03,4.452,per_usd
2017-03-06,4.446,per_usd
2017-03-07,4.445,per_usd
2017-03-08,4.452,per_usd
2017-03-09,4.459,per_usd
2017-03-10,4.449,per_usd
2017-03-13,4.445,per_usd
2017-03-14,4.448,per_usd
2017-03-15,4.446,per_usd
2017-03-16,4.448,per_usd
2017-03-17,4.434,per_usd
2017-03-20,4.425,per_usd
2017-03-21,4.423,per_usd
2017-03-22,4.425,per_usd
2017-03-23,4.427,per_usd
2017-03-24,4.423,per_usd
2017-03-27,4.409,per_usd
2017-03-28,4.414,per_usd
2017-03-29,4.417,per_usd
2017-03-30,4.419,per_usd
2017-03-31,4.424,per_usd
2017-04-03,4.426,per_usd
2017-04-04,4.43,per_usd
2017-04-05,4.4295,per_usd
2017-04-06,4.435,per_usd
2017-04-07,4.4335,per_usd
2017-04-10,4.433,per_usd
2017-04-11,4.431,per_usd
2017-04-12,4.425,per_usd
2017-04-13,4.41,per_usd
2017-04-14,4.405,per_usd
2017-04-17,4.403,per_usd
2017-04-18,4.409,per_usd
2017-04-19,4.3985,per_usd
2017-04-20,4.396,per_usd
2017-04-21,4.398,per_usd
2017-04-24,4.398,per_usd
2017-04-25,4.369,per_usd
2017-04-26,4.346,per_usd
2017-04-27,4.345,per_usd
2017-04-28,4.339,per_usd
2017-05-01,4.339,per_usd
2017-05-02,4.326,per_usd
2017-05-03,4.317,per_usd
2017-05-04,4.326,per_usd
2017-05-05,4.335,per_usd
2017-05-08,4.335,per_usd
2017-05-09,4.345,per_usd
2017-05-10,4.345,per_usd
2017-05-11,4.346,per_usd
2017-05-12,4.344,per_usd
2017-05-15,4.325,per_usd
2017-05-16,4.32,per_usd
2017-05-17,4.321,per_usd
2017-05-18,4.326,per_usd
2017-05-19,4.32,per_usd
2017-05-22,4.303,per_usd
2017-05-23,4.292,per_usd
2017-05-24,4.291,per_usd
2017-05-25,4.277,per_usd
2017-05-26,4.267,per_usd
2017-05-30,4.281,per_usd
2017-05-31,4.279,per_usd
2017-06-01,4.286,per_usd
2017-06-02,4.279,per_usd
2017-06-05,4.262,per_usd
2017-06-06,4.265,per_usd
2017-06-07,4.2616,per_usd
2017-06-08,4.267,per_usd
2017-06-09,4.2635,per_usd
2017-06-12,4.2635,per_usd
2017-06-13,4.261,per_usd
2017-06-14,4.256,per_usd
2017-06-15,4.265,per_usd
2017-06-16,4.274,per_usd
2017-06-19,4.276,per_usd
2017-06-20,4.282,per_usd
2017-06-21,4.286,per_usd
2017-06-22,4.286,per_usd
2017-06-23,4.2865,per_usd
2017-06-26,4.2865,per_usd
2017-06-27,4.2865,per_usd
2017-06-28,4.296,per_usd
2017-06-29,4.292,per_usd
2017-06-30,4.291,per_usd
2017-07-03,4.2965,per_usd
2017-07-05,4.295,per_usd
2017-07-06,4.297,per_usd
2017-07-07,4.297,per_usd
2017-07-10,4.295,per_usd
2017-07-11,4.296,per_usd
2017-07-12,4.292,per_usd
2017-07-13,4.2905,per_usd
2017-07-14,4.291,per_usd
2017-07-17,4.286,per_usd
2017-07-18,4.284,per_usd
2017-07-19,4.2845,per_usd
2017-07-20,4.29,per_usd
2017-07-21,4.282,per_usd
2017-07-24,4.276,per_usd
2017-07-25,4.28,per_usd
2017-07-26,4.2825,per_usd
2017-07-27,4.276,per_usd
2017-07-28,4.2795,per_usd
2017-07-31,4.28,per_usd
2017-08-01,4.284,per_usd
2017-08-02,4.284,per_usd
2017-08-03,4.277,per_usd
2017-08-04,4.277,per_usd
2017-08-07,4.282,per_usd
2017-08-08,4.284,per_usd
2017-08-09,4.287,per_usd
2017-08-10,4.29,per_usd
2017-08-11,4.2935,per_usd
2017-08-14,4.292,per_usd
2017-08-15,4.294,per_usd
2017-08-16,4.297,per_usd
2017-08-17,4.294,per_usd
2017-08-18,4.288,per_usd
2017-08-21,4.2855,per_usd
2017-08-22,4.279,per_usd
2017-08-23,4.278,per_usd
2017-08-24,4.278,per_usd
2017-08-25,4.2715,per_usd
2017-08-28,4.266,per_usd
2017-08-29,4.2655,per_usd
2017-08-30,4.269,per_usd
2017-08-31,4.269,per_usd
2017-09-01,4.269,per_usd
2017-09-05,4.2585,per_usd
2017-09-06,4.237,per_usd
2017-09-07,4.208,per_usd
2017-09-08,4.192,per_usd
2017-09-11,4.195,per_usd
2017-09-12,4.206,per_usd
2017-09-13,4.19,per_usd
2017-09-14,4.204,per_usd
2017-09-15,4.188,per_usd
2017-09-18,4.187,per_usd
2017-09-19,4.19,per_usd
2017-09-20,4.186,per_usd
2017-09-21,4.196,per_usd
2017-09-22,4.196,per_usd
2017-09-25,4.202,per_usd
2017-09-26,4.205,per_usd
2017-09-27,4.22,per_usd
2017-09-28,4.23,per_usd
2017-09-29,4.219,per_usd
2017-10-02,4.232,per_usd
2017-10-03,4.2375,per_usd
2017-10-04,4.226,per_usd
2017-10-05,4.227,per_usd
2017-10-06,4.236,per_usd
2017-10-10,4.217,per_usd
2017-10-11,4.22,per_usd
2017-10-12,4.22,per_usd
2017-10-13,4.22,per_usd
2017-10-16,4.2155,per_usd
2017-10-17,4.222,per_usd
2017-10-18,4.222,per_usd
2017-10-19,4.222,per_usd
2017-10-20,4.224,per_usd
2017-10-23,4.236,per_usd
2017-10-24,4.232,per_usd
2017-10-25,4.234,per_usd
2017-10-26,4.2325,per_usd
2017-10-27,4.241,per_usd
2017-10-30,4.241,per_usd
2017-10-31,4.2315,per_usd
2017-11-01,4.23,per_usd
2017-11-02,4.229,per_usd
2017-11-03,4.234,per_usd
2017-11-06,4.23,per_usd
2017-11-07,4.2285,per_usd
2017-11-08,4.228,per_usd
2017-11-09,4.205,per_usd
2017-11-13,4.19,per_usd
2017-11-14,4.1925,per_usd
2017-11-15,4.173,per_usd
2017-11-16,4.175,per_usd
2017-11-17,4.16,per_usd
2017-11-20,4.16,per_usd
2017-11-21,4.138,per_usd
2017-11-22,4.11,per_usd
2017-11-24,4.1155,per_usd
2017-11-27,4.113,per_usd
2017-11-28,4.101,per_usd
2017-11-29,4.08,per_usd
2017-11-30,4.0875,per_usd
2017-12-01,4.0875,per_usd
2017-12-04,4.0875,per_usd
2017-12-05,4.066,per_usd
2017-12-06,4.073,per_usd
2017-12-07,4.086,per_usd
2017-12-08,4.087,per_usd
2017-12-11,4.087,per_usd
2017-12-12,4.077,per_usd
2017-12-13,4.085,per_usd
2017-12-14,4.083,per_usd
2017-12-15,4.078,per_usd
2017-12-18,4.078,per_usd
2017-12-19,4.078,per_usd
2017-12-20,4.071,per_usd
2017-12-21,4.076,per_usd
2017-12-22,4.077,per_usd
2017-12-26,4.083,per_usd
2017-12-27,4.081,per_usd
2017-12-28,4.065,per_usd
2017-12-29,4.044,per_usd
2018-01-02,4.018,per_usd
2018-01-03,4.012,per_usd
2018-01-04,4.005,per_usd
2018-01-05,3.995,per_usd
2018-01-08,3.995,per_usd
2018-01-09,4.007,per_usd
2018-01-10,4.002,per_usd
2018-01-11,3.985,per_usd
2018-01-12,3.97,per_usd
2018-01-16,3.954,per_usd
2018-01-17,3.952,per_usd
2018-01-18,3.954,per_usd
2018-01-19,3.936,per_usd
2018-01-22,3.933,per_usd
2018-01-23,3.925,per_usd
2018-01-24,3.911,per_usd
2018-01-25,3.884,per_usd
2018-01-26,3.869,per_usd
2018-01-29,3.879,per_usd
2018-01-30,3.8995,per_usd
2018-01-31,3.8995,per_usd
2018-02-01,3.8995,per_usd
2018-02-02,3.885,per_usd
2018-02-05,3.898,per_usd
2018-02-06,3.9135,per_usd
2018-02-07,3.907,per_usd
2018-02-08,3.9245,per_usd
2018-02-09,3.937,per_usd
2018-02-12,3.937,per_usd
2018-02-13,3.937,per_usd
2018-02-14,3.914,per_usd
2018-02-15,3.891,per_usd
2018-02-16,3.891,per_usd
2018-02-20,3.9025,per_usd
2018-02-21,3.907,per_usd
2018-02-22,3.915,per_usd
2018-02-23,3.917,per_usd
2018-02-26,3.901,per_usd
2018-02-27,3.906,per_usd
2018-02-28,3.915,per_usd
2018-03-01,3.927,per_usd
2018-03-02,3.902,per_usd
2018-03-05,3.905,per_usd
2018-03-06,3.902,per_usd
2018-03-07,3.903,per_usd
2018-03-08,3.907,per_usd
2018-03-09,3.91,per_usd
2018-03-12,3.903,per_usd
2018-03-13,3.8985,per_usd
2018-03-14,3.904,per_usd
2018-03-15,3.918,per_usd
2018-03-16,3.907,per_usd
2018-03-19,3.916,per_usd
2018-03-20,3.915,per_usd
2018-03-21,3.924,per_usd
2018-03-22,3.912,per_usd
2018-03-23,3.915,per_usd
2018-03-26,3.894,per_usd
2018-03-27,3.8755,per_usd
2018-03-28,3.862,per_usd
2018-03-29,3.866,per_usd
2018-03-30,3.862,per_usd
2018-04-02,3.86,per_usd
2018-04-03,3.864,per_usd
2018-04-04,3.868,per_usd
2018-04-05,3.865,per_usd
2018-04-06,3.868,per_usd
2018-04-09,3.869,per_usd
2018-04-10,3.867,per_usd
2018-04-11,3.873,per_usd
2018-04-12,3.875,per_usd
2018-04-13,3.8785,per_usd
2018-04-16,3.8865,per_usd
2018-04-17,3.8885,per_usd
2018-04-18,3.888,per_usd
2018-04-19,3.889,per_usd
2018-04-20,3.895,per_usd
2018-04-23,3.8965,per_usd
2018-04-24,3.903,per_usd
2018-04-25,3.91,per_usd
2018-04-26,3.915,per_usd
2018-04-27,3.917,per_usd
2018-04-30,3.92,per_usd
2018-05-01,3.92,per_usd
2018-05-02,3.933,per_usd
2018-05-03,3.931,per_usd
2018-05-04,3.939,per_usd
2018-05-07,3.943,per_usd
2018-05-08,3.948,per_usd
2018-05-09,3.948,per_usd
2018-05-10,3.948,per_usd
2018-05-11,3.948,per_usd
2018-05-14,3.948,per_usd
2018-05-15,3.954,per_usd
2018-05-16,3.965,per_usd
2018-05-17,3.967,per_usd
2018-05-18,3.97,per_usd
2018-05-21,3.978,per_usd
2018-05-22,3.9655,per_usd
2018-05-23,3.98,per_usd
2018-05-24,3.979,per_usd
2018-05-25,3.979,per_usd
2018-05-29,3.98,per_usd
2018-05-30,3.987,per_usd
2018-05-31,3.978,per_usd
2018-06-01,3.977,per_usd
2018-06-04,3.97,per_usd
2018-06-05,3.97,per_usd
2018-06-06,3.972,per_usd
2018-06-07,3.975,per_usd
2018-06-08,3.987,per_usd
2018-06-11,3.986,per_usd
2018-06-12,3.988,per_usd
2018-06-13,3.992,per_usd
2018-06-14,3.9835,per_usd
2018-06-15,3.9835,per_usd
2018-06-18,3.996,per_usd
2018-06-19,4.002,per_usd
2018-06-20,4.004,per_usd
2018-06-21,4.014,per_usd
2018-06-22,4.001,per_usd
2018-06-25,4.016,per_usd
2018-06-26,4.021,per_usd
2018-06-27,4.028,per_usd
2018-06-28,4.04,per_usd
2018-06-29,4.038,per_usd
2018-07-02,4.038,per_usd
2018-07-03,4.041,per_usd
2018-07-05,4.041,per_usd
2018-07-06,4.038,per_usd
2018-07-09,4.025,per_usd
2018-07-10,4.02,per_usd
2018-07-11,4.037,per_usd
2018-07-12,4.0395,per_usd
2018-07-13,4.05,per_usd
2018-07-16,4.04,per_usd
2018-07-17,4.0445,per_usd
2018-07-18,4.057,per_usd
2018-07-19,4.062,per_usd
2018-07-20,4.06,per_usd
2018-07-23,4.061,per_usd
2018-07-24,4.063,per_usd
2018-07-25,4.053,per_usd
2018-07-26,4.058,per_usd
2018-07-27,4.06,per_usd
2018-07-30,4.055,per_usd
2018-07-31,4.063,per_usd
2018-08-01,4.064,per_usd
2018-08-02,4.074,per_usd
2018-08-03,4.08,per_usd
2018-08-06,4.077,per_usd
2018-08-07,4.074,per_usd
2018-08-08,4.074,per_usd
2018-08-09,4.074,per_usd
2018-08-10,4.083,per_usd
2018-08-13,4.09,per_usd
2018-08-14,4.095,per_usd
2018-08-15,4.102,per_usd
2018-08-16,4.103,per_usd
2018-08-17,4.105,per_usd
2018-08-20,4.099,per_usd
2018-08-21,4.096,per_usd
2018-08-22,4.096,per_usd
2018-08-23,4.103,per_usd
2018-08-24,4.107,per_usd
2018-08-27,4.098,per_usd
2018-08-28,4.095,per_usd
2018-08-29,4.105,per_usd
2018-08-30,4.108,per_usd
2018-08-31,4.108,per_usd
2018-09-04,4.137,per_usd
2018-09-05,4.146,per_usd
2018-09-06,4.143,per_usd
2018-09-07,4.1435,per_usd
2018-09-10,4.1435,per_usd
2018-09-11,4.1435,per_usd
2018-09-12,4.142,per_usd
2018-09-13,4.143,per_usd
2018-09-14,4.137,per_usd
2018-09-17,4.137,per_usd
2018-09-18,4.141,per_usd
2018-09-19,4.1415,per_usd
2018-09-20,4.135,per_usd
2018-09-21,4.128,per_usd
2018-09-24,4.127,per_usd
2018-09-25,4.135,per_usd
2018-09-26,4.139,per_usd
2018-09-27,4.138,per_usd
2018-09-28,4.137,per_usd
2018-10-01,4.138,per_usd
2018-10-02,4.14,per_usd
2018-10-03,4.137,per_usd
2018-10-04,4.145,per_usd
2018-10-05,4.144,per_usd
2018-10-09,4.155,per_usd
2018-10-10,4.1515,per_usd
2018-10-11,4.158,per_usd
2018-10-12,4.153,per_usd
2018-10-15,4.154,per_usd
2018-10-16,4.1515,per_usd
2018-10-17,4.149,per_usd
2018-10-18,4.155,per_usd
2018-10-19,4.156,per_usd
2018-10-22,4.159,per_usd
2018-10-23,4.1615,per_usd
2018-10-24,4.1655,per_usd
2018-10-25,4.168,per_usd
2018-10-26,4.173,per_usd
2018-10-29,4.178,per_usd
2018-10-30,4.18,per_usd
2018-10-31,4.183,per_usd
2018-11-01,4.177,per_usd
2018-11-02,4.16,per_usd
2018-11-05,4.173,per_usd
2018-11-06,4.173,per_usd
2018-11-07,4.164,per_usd
2018-11-08,4.162,per_usd
2018-11-09,4.178,per_usd
2018-11-13,4.192,per_usd
2018-11-14,4.1945,per_usd
2018-11-15,4.19,per_usd
2018-11-16,4.19,per_usd
2018-11-19,4.187,per_usd
2018-11-20,4.187,per_usd
2018-11-21,4.193,per_usd
2018-11-23,4.192,per_usd
2018-11-26,4.186,per_usd
2018-11-27,4.188,per_usd
2018-11-28,4.198,per_usd
2018-11-29,4.183,per_usd
2018-11-30,4.182,per_usd
2018-12-03,4.163,per_usd
2018-12-04,4.145,per_usd
2018-12-06,4.162,per_usd
2018-12-07,4.164,per_usd
2018-12-10,4.17,per_usd
2018-12-11,4.183,per_usd
2018-12-12,4.183,per_usd
2018-12-13,4.178,per_usd
2018-12-14,4.183,per_usd
2018-12-17,4.179,per_usd
2018-12-18,4.175,per_usd
2018-12-19,4.177,per_usd
2018-12-20,4.176,per_usd
2018-12-21,4.179,per_usd
2018-12-26,4.1762,per_usd
2018-12-27,4.166,per_usd
2018-12-28,4.15,per_usd
2018-12-31,4.13,per_usd
2019-01-02,4.135,per_usd
2019-01-03,4.141,per_usd
2019-01-04,4.134,per_usd
2019-01-07,4.113,per_usd
2019-01-08,4.116,per_usd
2019-01-09,4.113,per_usd
2019-01-10,4.095,per_usd
2019-01-11,4.094,per_usd
2019-01-15,4.103,per_usd
2019-01-16,4.108,per_usd
2019-01-17,4.112,per_usd
2019-01-18,4.11,per_usd
2019-01-22,4.13,per_usd
2019-01-23,4.135,per_usd
2019-01-24,4.141,per_usd
2019-01-25,4.1225,per_usd
2019-01-28,4.108,per_usd
2019-01-29,4.11,per_usd
2019-01-30,4.105,per_usd
2019-01-31,4.094,per_usd
2019-02-01,4.094,per_usd
2019-02-04,4.09,per_usd
2019-02-05,4.09,per_usd
2019-02-06,4.09,per_usd
2019-02-07,4.0715,per_usd
2019-02-08,4.067,per_usd
2019-02-11,4.07,per_usd
2019-02-12,4.077,per_usd
2019-02-13,4.065,per_usd
2019-02-14,4.074,per_usd
2019-02-15,4.083,per_usd
2019-02-19,4.08,per_usd
2019-02-21,4.076,per_usd
2019-02-22,4.076,per_usd
2019-02-25,4.065,per_usd
2019-02-26,4.069,per_usd
2019-02-27,4.064,per_usd
2019-02-28,4.065,per_usd
2019-03-01,4.072,per_usd
2019-03-04,4.074,per_usd
2019-03-05,4.074,per_usd
2019-03-06,4.087,per_usd
2019-03-07,4.086,per_usd
2019-03-08,4.089,per_usd
2019-03-11,4.087,per_usd
2019-03-12,4.082,per_usd
2019-03-13,4.0865,per_usd
2019-03-14,4.089,per_usd
2019-03-15,4.089,per_usd
2019-03-18,4.076,per_usd
2019-03-19,4.075,per_usd
2019-03-20,4.065,per_usd
2019-03-21,4.06,per_usd
2019-03-22,4.062,per_usd
2019-03-25,4.067,per_usd
2019-03-26,4.07,per_usd
2019-03-27,4.07,per_usd
2019-03-28,4.076,per_usd
2019-03-29,4.08,per_usd
2019-04-01,4.079,per_usd
2019-04-02,4.083,per_usd
2019-04-03,4.077,per_usd
2019-04-04,4.081,per_usd
2019-04-05,4.087,per_usd
2019-04-08,4.095,per_usd
2019-04-09,4.092,per_usd
2019-04-10,4.105,per_usd
2019-04-11,4.112,per_usd
2019-04-12,4.112,per_usd
2019-04-15,4.108,per_usd
2019-04-16,4.131,per_usd
2019-04-17,4.133,per_usd
2019-04-18,4.141,per_usd
2019-04-19,4.13,per_usd
2019-04-22,4.13,per_usd
2019-04-23,4.125,per_usd
2019-04-24,4.125,per_usd
2019-04-25,4.134,per_usd
2019-04-26,4.131,per_usd
2019-04-29,4.132,per_usd
2019-04-30,4.132,per_usd
2019-05-01,4.132,per_usd
2019-05-02,4.1355,per_usd
2019-05-03,4.141,per_usd
2019-05-06,4.146,per_usd
2019-05-07,4.147,per_usd
2019-05-08,4.147,per_usd
2019-05-09,4.152,per_usd
2019-05-10,4.157,per_usd
2019-05-13,4.163,per_usd
2019-05-14,4.163,per_usd
2019-05-15,4.173,per_usd
2019-05-16,4.173,per_usd
2019-05-17,4.176,per_usd
2019-05-20,4.176,per_usd
2019-05-21,4.185,per_usd
2019-05-22,4.185,per_usd
2019-05-23,4.1929,per_usd
2019-05-24,4.187,per_usd
2019-05-28,4.1875,per_usd
2019-05-29,4.1875,per_usd
2019-05-30,4.1901,per_usd
2019-05-31,4.188,per_usd
2019-06-03,4.1827,per_usd
2019-06-04,4.1719,per_usd
2019-06-05,4.1719,per_usd
2019-06-06,4.1719,per_usd
2019-06-07,4.1602,per_usd
2019-06-10,4.1599,per_usd
2019-06-11,4.1632,per_usd
2019-06-12,4.1564,per_usd
2019-06-13,4.1626,per_usd
2019-06-14,4.1658,per_usd
2019-06-17,4.1756,per_usd
2019-06-18,4.182,per_usd
2019-06-19,4.182,per_usd
2019-06-20,4.1454,per_usd
2019-06-21,4.1475,per_usd
2019-06-24,4.1403,per_usd
2019-06-25,4.1424,per_usd
2019-06-26,4.1467,per_usd
2019-06-27,4.142,per_usd
2019-06-28,4.136,per_usd
2019-07-01,4.1334,per_usd
2019-07-02,4.1377,per_usd
2019-07-03,4.1374,per_usd
2019-07-05,4.1341,per_usd
2019-07-08,4.1385,per_usd
2019-07-09,4.1404,per_usd
2019-07-10,4.1383,per_usd
2019-07-11,4.1132,per_usd
2019-07-12,4.1129,per_usd
2019-07-15,4.1072,per_usd
2019-07-16,4.1108,per_usd
2019-07-17,4.1129,per_usd
2019-07-18,4.1129,per_usd
2019-07-19,4.1121,per_usd
2019-07-22,4.112,per_usd
2019-07-23,4.118,per_usd
2019-07-24,4.1154,per_usd
2019-07-25,4.1135,per_usd
2019-07-26,4.118,per_usd
2019-07-29,4.125,per_usd
2019-07-30,4.125,per_usd
2019-07-31,4.126,per_usd
2019-08-01,4.1423,per_usd
2019-08-02,4.1551,per_usd
2019-08-05,4.1777,per_usd
2019-08-06,4.1897,per_usd
2019-08-07,4.1859,per_usd
2019-08-08,4.1814,per_usd
2019-08-09,4.1835,per_usd
2019-08-12,4.1835,per_usd
2019-08-13,4.195,per_usd
2019-08-14,4.1866,per_usd
2019-08-15,4.1933,per_usd
2019-08-16,4.178,per_usd
2019-08-19,4.1762,per_usd
2019-08-20,4.181,per_usd
2019-08-21,4.1758,per_usd
2019-08-22,4.188,per_usd
2019-08-23,4.19,per_usd
2019-08-26,4.2015,per_usd
2019-08-27,4.202,per_usd
2019-08-28,4.2125,per_usd
2019-08-29,4.219,per_usd
2019-08-30,4.2047,per_usd
2019-09-03,4.2189,per_usd
2019-09-04,4.204,per_usd
2019-09-05,4.1855,per_usd
2019-09-06,4.177,per_usd
2019-09-09,4.177,per_usd
2019-09-10,4.17,per_usd
2019-09-11,4.178,per_usd
2019-09-12,4.1645,per_usd
2019-09-13,4.1649,per_usd
2019-09-16,4.1649,per_usd
2019-09-17,4.18,per_usd
2019-09-18,4.1845,per_usd
2019-09-19,4.19,per_usd
2019-09-20,4.1659,per_usd
2019-09-23,4.177,per_usd
2019-09-24,4.18,per_usd
2019-09-25,4.1901,per_usd
2019-09-26,4.193,per_usd
2019-09-27,4.1842,per_usd
2019-09-30,4.188,per_usd
2019-10-01,4.192,per_usd
2019-10-02,4.193,per_usd
2019-10-03,4.1853,per_usd
2019-10-04,4.1845,per_usd
2019-10-07,4.1951,per_usd
2019-10-08,4.1911,per_usd
2019-10-09,4.1951,per_usd
2019-10-10,4.1925,per_usd
2019-10-11,4.1925,per_usd
2019-10-15,4.189,per_usd
2019-10-16,4.1935,per_usd
2019-10-17,4.1831,per_usd
2019-10-18,4.185,per_usd
2019-10-21,4.1789,per_usd
2019-10-22,4.187,per_usd
2019-10-23,4.188,per_usd
2019-10-24,4.1859,per_usd
2019-10-25,4.1851,per_usd
2019-10-28,4.1851,per_usd
2019-10-29,4.1829,per_usd
2019-10-30,4.1785,per_usd
2019-10-31,4.1761,per_usd
2019-11-01,4.1642,per_usd
2019-11-04,4.149,per_usd
2019-11-05,4.13,per_usd
2019-11-06,4.135,per_usd
2019-11-07,4.1225,per_usd
2019-11-08,4.1333,per_usd
2019-11-12,4.141,per_usd
2019-11-13,4.152,per_usd
2019-11-14,4.1561,per_usd
2019-11-15,4.1535,per_usd
2019-11-18,4.154,per_usd
2019-11-19,4.1564,per_usd
2019-11-20,4.1614,per_usd
2019-11-21,4.168,per_usd
2019-11-22,4.17,per_usd
2019-11-25,4.177,per_usd
2019-11-26,4.181,per_usd
2019-11-27,4.171,per_usd
2019-11-29,4.175,per_usd
2019-12-02,4.1793,per_usd
2019-12-03,4.1739,per_usd
2019-12-04,4.1754,per_usd
2019-12-05,4.1703,per_usd
2019-12-06,4.1579,per_usd
2019-12-09,4.1594,per_usd
2019-12-10,4.1649,per_usd
2019-12-11,4.163,per_usd
2019-12-12,4.16,per_usd
2019-12-13,4.1384,per_usd
2019-12-16,4.1417,per_usd
2019-12-17,4.141,per_usd
2019-12-18,4.1378,per_usd
2019-12-19,4.14,per_usd
2019-12-20,4.1385,per_usd
2019-12-23,4.1415,per_usd
2019-12-24,4.135,per_usd
2019-12-26,4.1337,per_usd
2019-12-27,4.126,per_usd
2019-12-30,4.1053,per_usd
2019-12-31,4.0918,per_usd
2020-01-02,4.0876,per_usd
2020-01-03,4.1015,per_usd
2020-01-06,4.104,per_usd
2020-01-07,4.0935,per_usd
2020-01-08,4.102,per_usd
2020-01-09,4.09,per_usd
2020-01-10,4.0767,per_usd
2020-01-13,4.062,per_usd
2020-01-14,4.0721,per_usd
2020-01-15,4.0729,per_usd
2020-01-16,4.061,per_usd
2020-01-17,4.052,per_usd
2020-01-21,4.07,per_usd
2020-01-22,4.0645,per_usd
2020-01-23,4.0685,per_usd
2020-01-24,4.064,per_usd
2020-01-27,4.06,per_usd
2020-01-28,4.0859,per_usd
2020-01-29,4.079,per_usd
2020-01-30,4.0873,per_usd
2020-01-31,4.095,per_usd
2020-02-03,4.114,per_usd
2020-02-04,4.109,per_usd
2020-02-05,4.1155,per_usd
2020-02-06,4.1225,per_usd
2020-02-07,4.141,per_usd
2020-02-10,4.148,per_usd
2020-02-11,4.131,per_usd
2020-02-12,4.1365,per_usd
2020-02-13,4.1398,per_usd
2020-02-14,4.14,per_usd
2020-02-18,4.154,per_usd
2020-02-19,4.1599,per_usd
2020-02-20,4.1806,per_usd
2020-02-21,4.189,per_usd
2020-02-24,4.2255,per_usd
2020-02-25,4.2335,per_usd
2020-02-26,4.224,per_usd
2020-02-27,4.2095,per_usd
2020-02-28,4.2137,per_usd
2020-03-02,4.2025,per_usd
2020-03-03,4.2029,per_usd
2020-03-04,4.1849,per_usd
2020-03-05,4.1595,per_usd
2020-03-06,4.17,per_usd
2020-03-09,4.2145,per_usd
2020-03-10,4.2365,per_usd
2020-03-11,4.237,per_usd
2020-03-12,4.2631,per_usd
2020-03-13,4.277,per_usd
2020-03-16,4.305,per_usd
2020-03-17,4.3472,per_usd
2020-03-18,4.3629,per_usd
2020-03-19,4.4023,per_usd
2020-03-20,4.375,per_usd
2020-03-23,4.445,per_usd
2020-03-24,4.428,per_usd
2020-03-25,4.387,per_usd
2020-03-26,4.3299,per_usd
2020-03-27,4.325,per_usd
2020-03-30,4.34,per_usd
2020-03-31,4.313,per_usd
2020-04-01,4.3585,per_usd
2020-04-02,4.355,per_usd
2020-04-03,4.356,per_usd
2020-04-06,4.361,per_usd
2020-04-07,4.335,per_usd
2020-04-08,4.345,per_usd
2020-04-09,4.33,per_usd
2020-04-10,4.305,per_usd
2020-04-13,4.326,per_usd
2020-04-14,4.33,per_usd
2020-04-15,4.3371,per_usd
2020-04-16,4.372,per_usd
2020-04-17,4.3739,per_usd
2020-04-20,4.372,per_usd
2020-04-21,4.3924,per_usd
2020-04-22,4.364,per_usd
2020-04-23,4.3581,per_usd
2020-04-24,4.3626,per_usd
2020-04-27,4.35,per_usd
2020-04-28,4.36,per_usd
2020-04-29,4.341,per_usd
2020-04-30,4.3004,per_usd
2020-05-01,4.3004,per_usd
2020-05-04,4.315,per_usd
2020-05-05,4.301,per_usd
2020-05-06,4.322,per_usd
2020-05-07,4.32,per_usd
2020-05-08,4.331,per_usd
2020-05-11,4.3315,per_usd
2020-05-12,4.325,per_usd
2020-05-13,4.328,per_usd
2020-05-14,4.3369,per_usd
2020-05-15,4.3491,per_usd
2020-05-18,4.36,per_usd
2020-05-19,4.3516,per_usd
2020-05-20,4.3512,per_usd
2020-05-21,4.3442,per_usd
2020-05-22,4.3595,per_usd
2020-05-26,4.3595,per_usd
2020-05-27,4.348,per_usd
2020-05-28,4.348,per_usd
2020-05-29,4.3429,per_usd
2020-06-01,4.312,per_usd
2020-06-02,4.275,per_usd
2020-06-03,4.2593,per_usd
2020-06-04,4.2727,per_usd
2020-06-05,4.2655,per_usd
2020-06-08,4.2655,per_usd
2020-06-09,4.274,per_usd
2020-06-10,4.2497,per_usd
2020-06-11,4.2449,per_usd
2020-06-12,4.2615,per_usd
2020-06-15,4.2765,per_usd
2020-06-16,4.2727,per_usd
2020-06-17,4.2797,per_usd
2020-06-18,4.2765,per_usd
2020-06-19,4.2663,per_usd
2020-06-22,4.276,per_usd
2020-06-23,4.2755,per_usd
2020-06-24,4.2714,per_usd
2020-06-25,4.276,per_usd
2020-06-26,4.289,per_usd
2020-06-29,4.2855,per_usd
2020-06-30,4.2808,per_usd
2020-07-01,4.2845,per_usd
2020-07-02,4.2852,per_usd
2020-07-06,4.276,per_usd
2020-07-07,4.273,per_usd
2020-07-08,4.2712,per_usd
2020-07-09,4.2606,per_usd
2020-07-10,4.2646,per_usd
2020-07-13,4.2626,per_usd
2020-07-14,4.2692,per_usd
2020-07-15,4.2626,per_usd
2020-07-16,4.266,per_usd
2020-07-17,4.263,per_usd
2020-07-20,4.262,per_usd
2020-07-21,4.26,per_usd
2020-07-22,4.2507,per_usd
2020-07-23,4.2574,per_usd
2020-07-24,4.2623,per_usd
2020-07-27,4.2519,per_usd
2020-07-28,4.2514,per_usd
2020-07-29,4.2415,per_usd
2020-07-30,4.2375,per_usd
2020-07-31,4.2375,per_usd
2020-08-03,4.2224,per_usd
2020-08-04,4.2182,per_usd
2020-08-05,4.189,per_usd
2020-08-06,4.188,per_usd
2020-08-07,4.1881,per_usd
2020-08-10,4.1952,per_usd
2020-08-11,4.1928,per_usd
2020-08-12,4.1908,per_usd
2020-08-13,4.19,per_usd
2020-08-14,4.194,per_usd
2020-08-17,4.1894,per_usd
2020-08-18,4.182,per_usd
2020-08-19,4.171,per_usd
2020-08-20,4.171,per_usd
2020-08-21,4.179,per_usd
2020-08-24,4.1739,per_usd
2020-08-25,4.168,per_usd
2020-08-26,4.166,per_usd
2020-08-27,4.1719,per_usd
2020-08-28,4.163,per_usd
2020-08-31,4.163,per_usd
2020-09-01,4.1427,per_usd
2020-09-02,4.1429,per_usd
2020-09-03,4.145,per_usd
2020-09-04,4.1454,per_usd
2020-09-08,4.1655,per_usd
2020-09-09,4.17,per_usd
2020-09-10,4.162,per_usd
2020-09-11,4.1494,per_usd
2020-09-14,4.143,per_usd
2020-09-15,4.129,per_usd
2020-09-16,4.129,per_usd
2020-09-17,4.137,per_usd
2020-09-18,4.112,per_usd
2020-09-21,4.1199,per_usd
2020-09-22,4.132,per_usd
2020-09-23,4.1532,per_usd
2020-09-24,4.169,per_usd
2020-09-25,4.1699,per_usd
2020-09-28,4.173,per_usd
2020-09-29,4.1564,per_usd
2020-09-30,4.1583,per_usd
2020-10-01,4.147,per_usd
2020-10-02,4.1598,per_usd
2020-10-05,4.15,per_usd
2020-10-06,4.152,per_usd
2020-10-07,4.1546,per_usd
2020-10-08,4.1508,per_usd
2020-10-09,4.1325,per_usd
2020-10-13,4.1395,per_usd
2020-10-14,4.1481,per_usd
2020-10-15,4.1504,per_usd
2020-10-16,4.1496,per_usd
2020-10-19,4.1415,per_usd
2020-10-20,4.15,per_usd
2020-10-21,4.143,per_usd
2020-10-22,4.143,per_usd
2020-10-23,4.1554,per_usd
2020-10-26,4.1634,per_usd
2020-10-27,4.1649,per_usd
2020-10-28,4.152,per_usd
2020-10-29,4.152,per_usd
2020-10-30,4.151,per_usd
2020-11-02,4.1552,per_usd
2020-11-03,4.1529,per_usd
2020-11-04,4.1631,per_usd
2020-11-05,4.143,per_usd
2020-11-06,4.1271,per_usd
2020-11-09,4.107,per_usd
2020-11-10,4.118,per_usd
2020-11-12,4.1283,per_usd
2020-11-13,4.12,per_usd
2020-11-16,4.1145,per_usd
2020-11-17,4.102,per_usd
2020-11-18,4.085,per_usd
2020-11-19,4.0965,per_usd
2020-11-20,4.09,per_usd
2020-11-23,4.09,per_usd
2020-11-24,4.085,per_usd
2020-11-25,4.0863,per_usd
2020-11-30,4.073,per_usd
2020-12-01,4.0771,per_usd
2020-12-02,4.0745,per_usd
2020-12-03,4.071,per_usd
2020-12-04,4.0591,per_usd
2020-12-07,4.0703,per_usd
2020-12-08,4.071,per_usd
2020-12-09,4.063,per_usd
2020-12-10,4.06,per_usd
2020-12-11,4.05,per_usd
2020-12-14,4.0539,per_usd
2020-12-15,4.052,per_usd
2020-12-16,4.054,per_usd
2020-12-17,4.033,per_usd
2020-12-18,4.038,per_usd
2020-12-21,4.049,per_usd
2020-12-22,4.06,per_usd
2020-12-23,4.062,per_usd
2020-12-28,4.0472,per_usd
2020-12-29,4.0481,per_usd
2020-12-30,4.0349,per_usd
2020-12-31,4.0178,per_usd
2021-01-04,4.0045,per_usd
2021-01-05,4.015,per_usd
2021-01-06,4.008,per_usd
2021-01-07,4.0353,per_usd
2021-01-08,4.03,per_usd
2021-01-11,4.05,per_usd
2021-01-12,4.054,per_usd
2021-01-13,4.041,per_usd
2021-01-14,4.0349,per_usd
2021-01-15,4.0355,per_usd
2021-01-19,4.05,per_usd
2021-01-21,4.0287,per_usd
2021-01-22,4.0419,per_usd
2021-01-25,4.0422,per_usd
2021-01-26,4.046,per_usd
2021-01-27,4.044,per_usd
2021-01-28,4.044,per_usd
2021-01-29,4.0384,per_usd
2021-02-01,4.0384,per_usd
2021-02-02,4.043,per_usd
2021-02-03,4.0484,per_usd
2021-02-04,4.057,per_usd
2021-02-05,4.0715,per_usd
2021-02-08,4.0646,per_usd
2021-02-09,4.0458,per_usd
2021-02-10,4.042,per_usd
2021-02-11,4.0405,per_usd
2021-02-12,4.0398,per_usd
2021-02-16,4.028,per_usd
2021-02-17,4.037,per_usd
2021-02-18,4.0419,per_usd
2021-02-19,4.0397,per_usd
2021-02-22,4.0415,per_usd
2021-02-23,4.042,per_usd
2021-02-24,4.0399,per_usd
2021-02-25,4.038,per_usd
2021-02-26,4.0475,per_usd
2021-03-01,4.055,per_usd
2021-03-02,4.057,per_usd
2021-03-03,4.0504,per_usd
2021-03-04,4.056,per_usd
2021-03-05,4.072,per_usd
2021-03-08,4.1042,per_usd
2021-03-09,4.116,per_usd
2021-03-10,4.125,per_usd
2021-03-11,4.105,per_usd
2021-03-12,4.117,per_usd
2021-03-15,4.1139,per_usd
2021-03-16,4.1129,per_usd
2021-03-17,4.1201,per_usd
2021-03-18,4.1087,per_usd
2021-03-19,4.1077,per_usd
2021-03-22,4.1135,per_usd
2021-03-23,4.121,per_usd
2021-03-24,4.129,per_usd
2021-03-25,4.1432,per_usd
2021-03-26,4.1445,per_usd
2021-03-29,4.1397,per_usd
2021-03-30,4.149,per_usd
2021-03-31,4.145,per_usd
2021-04-01,4.1454,per_usd
2021-04-02,4.138,per_usd
2021-04-05,4.1395,per_usd
2021-04-06,4.1291,per_usd
2021-04-07,4.1285,per_usd
2021-04-08,4.1351,per_usd
2021-04-09,4.1319,per_usd
2021-04-12,4.1351,per_usd
2021-04-13,4.1345,per_usd
2021-04-14,4.1252,per_usd
2021-04-15,4.1222,per_usd
2021-04-16,4.1248,per_usd
2021-04-19,4.1221,per_usd
2021-04-20,4.1155,per_usd
2021-04-21,4.1185,per_usd
2021-04-22,4.109,per_usd
2021-04-23,4.1079,per_usd
2021-04-26,4.0964,per_usd
2021-04-27,4.0956,per_usd
2021-04-28,4.1005,per_usd
2021-04-29,4.1005,per_usd
2021-04-30,4.0857,per_usd
2021-05-03,4.1033,per_usd
2021-05-04,4.1203,per_usd
2021-05-05,4.1182,per_usd
2021-05-06,4.1219,per_usd
2021-05-07,4.11,per_usd
2021-05-10,4.1032,per_usd
2021-05-11,4.117,per_usd
2021-05-12,4.1245,per_usd
2021-05-13,4.1245,per_usd
2021-05-14,4.1245,per_usd
2021-05-17,4.13,per_usd
2021-05-18,4.1235,per_usd
2021-05-19,4.1344,per_usd
2021-05-20,4.145,per_usd
2021-05-21,4.139,per_usd
2021-05-24,4.144,per_usd
2021-05-25,4.1432,per_usd
2021-05-26,4.1432,per_usd
2021-05-27,4.1375,per_usd
2021-05-28,4.1302,per_usd
2021-06-01,4.1253,per_usd
2021-06-02,4.124,per_usd
2021-06-03,4.1215,per_usd
2021-06-04,4.1269,per_usd
2021-06-07,4.1269,per_usd
2021-06-08,4.1197,per_usd
2021-06-09,4.1175,per_usd
2021-06-10,4.119,per_usd
2021-06-11,4.1071,per_usd
2021-06-14,4.1135,per_usd
2021-06-15,4.1157,per_usd
2021-06-16,4.1155,per_usd
2021-06-17,4.1382,per_usd
2021-06-18,4.1376,per_usd
2021-06-21,4.147,per_usd
2021-06-22,4.159,per_usd
2021-06-23,4.159,per_usd
2021-06-24,4.161,per_usd
2021-06-25,4.1542,per_usd
2021-06-28,4.143,per_usd
2021-06-29,4.15,per_usd
2021-06-30,4.1479,per_usd
2021-07-01,4.1575,per_usd
2021-07-02,4.162,per_usd
2021-07-06,4.154,per_usd
2021-07-07,4.1605,per_usd
2021-07-08,4.18,per_usd
2021-07-09,4.1894,per_usd
2021-07-12,4.1901,per_usd
2021-07-13,4.191,per_usd
2021-07-14,4.199,per_usd
2021-07-15,4.201,per_usd
2021-07-16,4.204,per_usd
2021-07-19,4.2235,per_usd
2021-07-20,4.2235,per_usd
2021-07-21,4.2316,per_usd
2021-07-22,4.223,per_usd
2021-07-23,4.2264,per_usd
2021-07-26,4.23,per_usd
2021-07-27,4.2322,per_usd
2021-07-28,4.232,per_usd
2021-07-29,4.237,per_usd
2021-07-30,4.2189,per_usd
2021-08-02,4.2235,per_usd
2021-08-03,4.2211,per_usd
2021-08-04,4.22,per_usd
2021-08-05,4.2145,per_usd
2021-08-06,4.218,per_usd
2021-08-09,4.2262,per_usd
2021-08-10,4.2262,per_usd
2021-08-11,4.238,per_usd
2021-08-12,4.2335,per_usd
2021-08-13,4.235,per_usd
2021-08-16,4.235,per_usd
2021-08-17,4.2363,per_usd
2021-08-18,4.2343,per_usd
2021-08-19,4.241,per_usd
2021-08-20,4.2385,per_usd
2021-08-23,4.228,per_usd
2021-08-24,4.217,per_usd
2021-08-25,4.2015,per_usd
2021-08-26,4.1925,per_usd
2021-08-27,4.1877,per_usd
2021-08-30,4.1529,per_usd
2021-08-31,4.1529,per_usd
2021-09-01,4.151,per_usd
2021-09-02,4.157,per_usd
2021-09-03,4.1448,per_usd
2021-09-07,4.1541,per_usd
2021-09-08,4.153,per_usd
2021-09-09,4.1475,per_usd
2021-09-10,4.135,per_usd
2021-09-13,4.149,per_usd
2021-09-14,4.1614,per_usd
2021-09-15,4.157,per_usd
2021-09-16,4.157,per_usd
2021-09-17,4.1698,per_usd
2021-09-20,4.1909,per_usd
2021-09-21,4.1835,per_usd
2021-09-22,4.189,per_usd
2021-09-23,4.1798,per_usd
2021-09-24,4.187,per_usd
2021-09-27,4.1865,per_usd
2021-09-28,4.1835,per_usd
2021-09-29,4.1835,per_usd
2021-09-30,4.187,per_usd
2021-10-01,4.1785,per_usd
2021-10-04,4.1725,per_usd
2021-10-05,4.1794,per_usd
2021-10-06,4.1821,per_usd
2021-10-07,4.1816,per_usd
2021-10-08,4.1803,per_usd
2021-10-12,4.1628,per_usd
2021-10-13,4.159,per_usd
2021-10-14,4.1525,per_usd
2021-10-15,4.1576,per_usd
2021-10-18,4.17,per_usd
2021-10-19,4.17,per_usd
2021-10-20,4.1605,per_usd
2021-10-21,4.1564,per_usd
2021-10-22,4.1479,per_usd
2021-10-25,4.1479,per_usd
2021-10-26,4.145,per_usd
2021-10-27,4.1525,per_usd
2021-10-28,4.1484,per_usd
2021-10-29,4.1387,per_usd
2021-11-01,4.15,per_usd
2021-11-02,4.147,per_usd
2021-11-03,4.152,per_usd
2021-11-04,4.152,per_usd
2021-11-05,4.152,per_usd
2021-11-08,4.153,per_usd
2021-11-09,4.1478,per_usd
2021-11-10,4.1533,per_usd
2021-11-12,4.1639,per_usd
2021-11-15,4.16,per_usd
2021-11-16,4.1641,per_usd
2021-11-17,4.175,per_usd
2021-11-18,4.18,per_usd
2021-11-19,4.1781,per_usd
2021-11-22,4.184,per_usd
2021-11-23,4.192,per_usd
2021-11-24,4.2103,per_usd
2021-11-26,4.2368,per_usd
2021-11-29,4.237,per_usd
2021-11-30,4.202,per_usd
2021-12-01,4.202,per_usd
2021-12-02,4.228,per_usd
2021-12-03,4.229,per_usd
2021-12-06,4.2296,per_usd
2021-12-07,4.2286,per_usd
2021-12-08,4.2259,per_usd
2021-12-09,4.2154,per_usd
2021-12-10,4.2119,per_usd
2021-12-13,4.2276,per_usd
2021-12-14,4.2308,per_usd
2021-12-15,4.2285,per_usd
2021-12-16,4.2053,per_usd
2021-12-17,4.2185,per_usd
2021-12-20,4.2239,per_usd
2021-12-21,4.2065,per_usd
2021-12-22,4.2119,per_usd
2021-12-23,4.1982,per_usd
2021-12-27,4.182,per_usd
2021-12-28,4.1785,per_usd
2021-12-29,4.1805,per_usd
2021-12-30,4.175,per_usd
2022-01-03,4.171,per_usd
2022-01-04,4.1859,per_usd
2022-01-05,4.1934,per_usd
2022-01-06,4.213,per_usd
2022-01-07,4.207,per_usd
2022-01-10,4.198,per_usd
2022-01-11,4.1885,per_usd
2022-01-12,4.1844,per_usd
2022-01-13,4.175,per_usd
2022-01-14,4.177,per_usd
2022-01-18,4.1824,per_usd
2022-01-19,4.1923,per_usd
2022-01-20,4.1872,per_usd
2022-01-21,4.1855,per_usd
2022-01-24,4.1889,per_usd
2022-01-25,4.1875,per_usd
2022-01-26,4.1915,per_usd
2022-01-27,4.195,per_usd
2022-01-28,4.188,per_usd
2022-01-31,4.185,per_usd
2022-02-01,4.185,per_usd
2022-02-02,4.185,per_usd
2022-02-03,4.1829,per_usd
2022-02-04,4.1775,per_usd
2022-02-07,4.1835,per_usd
2022-02-08,4.183,per_usd
2022-02-09,4.1824,per_usd
2022-02-10,4.1824,per_usd
2022-02-11,4.1885,per_usd
2022-02-14,4.19,per_usd
2022-02-15,4.1848,per_usd
2022-02-16,4.1834,per_usd
2022-02-17,4.187,per_usd
2022-02-18,4.1852,per_usd
2022-02-22,4.1845,per_usd
2022-02-23,4.184,per_usd
2022-02-24,4.199,per_usd
2022-02-25,4.1985,per_usd
2022-02-28,4.197,per_usd
2022-03-01,4.192,per_usd
2022-03-02,4.1935,per_usd
2022-03-03,4.187,per_usd
2022-03-04,4.1763,per_usd
2022-03-07,4.1769,per_usd
2022-03-08,4.1804,per_usd
2022-03-09,4.1845,per_usd
2022-03-10,4.1874,per_usd
2022-03-11,4.1942,per_usd
2022-03-14,4.2061,per_usd
2022-03-15,4.206,per_usd
2022-03-16,4.1963,per_usd
2022-03-17,4.1944,per_usd
2022-03-18,4.191,per_usd
2022-03-21,4.2034,per_usd
2022-03-22,4.216,per_usd
2022-03-23,4.222,per_usd
2022-03-24,4.2259,per_usd
2022-03-25,4.208,per_usd
2022-03-28,4.2154,per_usd
2022-03-29,4.212,per_usd
2022-03-30,4.203,per_usd
2022-03-31,4.2019,per_usd
2022-04-01,4.211,per_usd
2022-04-04,4.2188,per_usd
2022-04-05,4.2072,per_usd
2022-04-06,4.2072,per_usd
2022-04-07,4.2165,per_usd
2022-04-08,4.22,per_usd
2022-04-11,4.2271,per_usd
2022-04-12,4.2305,per_usd
2022-04-13,4.2302,per_usd
2022-04-14,4.23,per_usd
2022-04-15,4.233,per_usd
2022-04-18,4.253,per_usd
2022-04-19,4.2528,per_usd
2022-04-20,4.28,per_usd
2022-04-21,4.289,per_usd
2022-04-22,4.3238,per_usd
2022-04-25,4.3559,per_usd
2022-04-26,4.3535,per_usd
2022-04-27,4.358,per_usd
2022-04-28,4.3631,per_usd
2022-04-29,4.352,per_usd
2022-05-02,4.3509,per_usd
2022-05-03,4.3509,per_usd
2022-05-04,4.3509,per_usd
2022-05-05,4.347,per_usd
2022-05-06,4.3649,per_usd
2022-05-09,4.382,per_usd
2022-05-10,4.38,per_usd
2022-05-11,4.375,per_usd
2022-05-12,4.3932,per_usd
2022-05-13,4.3959,per_usd
2022-05-16,4.3959,per_usd
2022-05-17,4.3895,per_usd
2022-05-18,4.3959,per_usd
2022-05-19,4.4039,per_usd
2022-05-20,4.3874,per_usd
2022-05-23,4.387,per_usd
2022-05-24,4.395,per_usd
2022-05-25,4.393,per_usd
2022-05-26,4.3929,per_usd
2022-05-27,4.3775,per_usd
2022-05-31,4.377,per_usd
2022-06-01,4.3815,per_usd
2022-06-02,4.3881,per_usd
2022-06-03,4.387,per_usd
2022-06-06,4.3868,per_usd
2022-06-07,4.3927,per_usd
2022-06-08,4.392,per_usd
2022-06-09,4.3924,per_usd
2022-06-10,4.401,per_usd
2022-06-13,4.4165,per_usd
2022-06-14,4.4187,per_usd
2022-06-15,4.412,per_usd
2022-06-16,4.4023,per_usd
2022-06-17,4.4023,per_usd
2022-06-21,4.3979,per_usd
2022-06-22,4.405,per_usd
2022-06-23,4.4063,per_usd
2022-06-24,4.4,per_usd
2022-06-27,4.4025,per_usd
2022-06-28,4.3959,per_usd
2022-06-29,4.3979,per_usd
2022-06-30,4.4075,per_usd
2022-07-01,4.407,per_usd
2022-07-05,4.4184,per_usd
2022-07-06,4.423,per_usd
2022-07-07,4.4262,per_usd
2022-07-08,4.4262,per_usd
2022-07-11,4.426,per_usd
2022-07-12,4.438,per_usd
2022-07-13,4.4355,per_usd
2022-07-14,4.4435,per_usd
2022-07-15,4.4473,per_usd
2022-07-18,4.4529,per_usd
2022-07-19,4.4475,per_usd
2022-07-20,4.451,per_usd
2022-07-21,4.4571,per_usd
2022-07-22,4.4509,per_usd
2022-07-25,4.4511,per_usd
2022-07-26,4.4569,per_usd
2022-07-27,4.4585,per_usd
2022-07-28,4.4523,per_usd
2022-07-29,4.4495,per_usd
2022-08-01,4.4514,per_usd
2022-08-02,4.453,per_usd
2022-08-03,4.4545,per_usd
2022-08-04,4.4565,per_usd
2022-08-05,4.4488,per_usd
2022-08-08,4.4571,per_usd
2022-08-09,4.453,per_usd
2022-08-10,4.4545,per_usd
2022-08-11,4.4435,per_usd
2022-08-12,4.4425,per_usd
2022-08-15,4.4573,per_usd
2022-08-16,4.4655,per_usd
2022-08-17,4.4657,per_usd
2022-08-18,4.4719,per_usd
2022-08-19,4.4759,per_usd
2022-08-22,4.4851,per_usd
2022-08-23,4.4851,per_usd
2022-08-24,4.4845,per_usd
2022-08-25,4.47,per_usd
2022-08-26,4.465,per_usd
2022-08-29,4.4885,per_usd
2022-08-30,4.474,per_usd
2022-08-31,4.4744,per_usd
2022-09-01,4.482,per_usd
2022-09-02,4.4855,per_usd
2022-09-06,4.498,per_usd
2022-09-07,4.5011,per_usd
2022-09-08,4.5005,per_usd
2022-09-09,4.4962,per_usd
2022-09-12,4.4975,per_usd
2022-09-13,4.5068,per_usd
2022-09-14,4.5265,per_usd
2022-09-15,4.5334,per_usd
2022-09-16,4.5334,per_usd
2022-09-19,4.55,per_usd
2022-09-20,4.5579,per_usd
2022-09-21,4.5521,per_usd
2022-09-22,4.5654,per_usd
2022-09-23,4.5764,per_usd
2022-09-26,4.6028,per_usd
2022-09-27,4.61,per_usd
2022-09-28,4.628,per_usd
2022-09-29,4.633,per_usd
2022-09-30,4.6359,per_usd
2022-10-03,4.6465,per_usd
2022-10-04,4.643,per_usd
2022-10-05,4.629,per_usd
2022-10-06,4.635,per_usd
2022-10-07,4.6485,per_usd
2022-10-11,4.6719,per_usd
2022-10-12,4.682,per_usd
2022-10-13,4.6925,per_usd
2022-10-14,4.7025,per_usd
2022-10-17,4.715,per_usd
2022-10-18,4.7146,per_usd
2022-10-19,4.7194,per_usd
2022-10-20,4.7265,per_usd
2022-10-21,4.7379,per_usd
2022-10-24,4.7379,per_usd
2022-10-25,4.735,per_usd
2022-10-26,4.7119,per_usd
2022-10-27,4.713,per_usd
2022-10-28,4.72,per_usd
2022-10-31,4.7254,per_usd
2022-11-01,4.7351,per_usd
2022-11-02,4.736,per_usd
2022-11-03,4.7425,per_usd
2022-11-04,4.746,per_usd
2022-11-07,4.738,per_usd
2022-11-08,4.7333,per_usd
2022-11-09,4.688,per_usd
2022-11-10,4.698,per_usd
2022-11-14,4.5939,per_usd
2022-11-15,4.5302,per_usd
2022-11-16,4.5401,per_usd
2022-11-17,4.55,per_usd
2022-11-18,4.546,per_usd
2022-11-21,4.575,per_usd
2022-11-22,4.5726,per_usd
2022-11-23,4.5735,per_usd
2022-11-25,4.475,per_usd
2022-11-28,4.478,per_usd
2022-11-29,4.5095,per_usd
2022-11-30,4.4417,per_usd
2022-12-01,4.4036,per_usd
2022-12-02,4.3835,per_usd
2022-12-05,4.366,per_usd
2022-12-06,4.3935,per_usd
2022-12-07,4.3945,per_usd
2022-12-08,4.397,per_usd
2022-12-09,4.4004,per_usd
2022-12-12,4.4154,per_usd
2022-12-13,4.426,per_usd
2022-12-14,4.388,per_usd
2022-12-15,4.415,per_usd
2022-12-16,4.422,per_usd
2022-12-19,4.4263,per_usd
2022-12-20,4.4324,per_usd
2022-12-21,4.4355,per_usd
2022-12-22,4.4202,per_usd
2022-12-23,4.4225,per_usd
2022-12-27,4.4214,per_usd
2022-12-28,4.4212,per_usd
2022-12-29,4.4155,per_usd
2022-12-30,4.4002,per_usd
2023-01-03,4.4057,per_usd
2023-01-04,4.3964,per_usd
2023-01-05,4.385,per_usd
2023-01-06,4.401,per_usd
2023-01-09,4.373,per_usd
2023-01-10,4.371,per_usd
2023-01-11,4.369,per_usd
2023-01-12,4.357,per_usd
2023-01-13,4.334,per_usd
2023-01-17,4.325,per_usd
2023-01-18,4.311,per_usd
2023-01-19,4.306,per_usd
2023-01-20,4.2835,per_usd
2023-01-23,4.2835,per_usd
2023-01-24,4.2835,per_usd
2023-01-25,4.259,per_usd
2023-01-26,4.243,per_usd
2023-01-27,4.2405,per_usd
2023-01-30,4.242,per_usd
2023-01-31,4.2674,per_usd
2023-02-01,4.2674,per_usd
2023-02-02,4.2445,per_usd
2023-02-03,4.258,per_usd
2023-02-06,4.258,per_usd
2023-02-07,4.301,per_usd
2023-02-08,4.297,per_usd
2023-02-09,4.3144,per_usd
2023-02-10,4.3325,per_usd
2023-02-13,4.36,per_usd
2023-02-14,4.347,per_usd
2023-02-15,4.39,per_usd
2023-02-16,4.402,per_usd
2023-02-17,4.43,per_usd
2023-02-21,4.431,per_usd
2023-02-22,4.4415,per_usd
2023-02-23,4.4315,per_usd
2023-02-24,4.4333,per_usd
2023-02-27,4.476,per_usd
2023-02-28,4.485,per_usd
2023-03-01,4.4704,per_usd
2023-03-02,4.473,per_usd
2023-03-03,4.4759,per_usd
2023-03-06,4.476,per_usd
2023-03-07,4.4704,per_usd
2023-03-08,4.522,per_usd
2023-03-09,4.519,per_usd
2023-03-10,4.518,per_usd
2023-03-13,4.4938,per_usd
2023-03-14,4.478,per_usd
2023-03-15,4.48,per_usd
2023-03-16,4.5008,per_usd
2023-03-17,4.484,per_usd
2023-03-20,4.4829,per_usd
2023-03-21,4.467,per_usd
2023-03-22,4.4536,per_usd
2023-03-23,4.416,per_usd
2023-03-24,4.426,per_usd
2023-03-27,4.4176,per_usd
2023-03-28,4.399,per_usd
2023-03-29,4.416,per_usd
2023-03-30,4.42,per_usd
2023-03-31,4.413,per_usd
2023-04-03,4.4174,per_usd
2023-04-04,4.404,per_usd
2023-04-05,4.397,per_usd
2023-04-06,4.397,per_usd
2023-04-07,4.401,per_usd
2023-04-10,4.408,per_usd
2023-04-11,4.416,per_usd
2023-04-12,4.41,per_usd
2023-04-13,4.3994,per_usd
2023-04-14,4.4,per_usd
2023-04-17,4.42,per_usd
2023-04-18,4.4315,per_usd
2023-04-19,4.44,per_usd
2023-04-20,4.435,per_usd
2023-04-21,4.435,per_usd
2023-04-24,4.435,per_usd
2023-04-25,4.4479,per_usd
2023-04-26,4.4563,per_usd
2023-04-27,4.4604,per_usd
2023-04-28,4.4602,per_usd
2023-05-01,4.4602,per_usd
2023-05-02,4.4612,per_usd
2023-05-03,4.4524,per_usd
2023-05-04,4.4524,per_usd
2023-05-05,4.4349,per_usd
2023-05-08,4.4359,per_usd
2023-05-09,4.446,per_usd
2023-05-10,4.456,per_usd
2023-05-11,4.46,per_usd
2023-05-12,4.477,per_usd
2023-05-15,4.4953,per_usd
2023-05-16,4.4984,per_usd
2023-05-17,4.525,per_usd
2023-05-18,4.5364,per_usd
2023-05-19,4.536,per_usd
2023-05-22,4.546,per_usd
2023-05-23,4.57,per_usd
2023-05-24,4.592,per_usd
2023-05-25,4.6245,per_usd
2023-05-26,4.5972,per_usd
2023-05-30,4.6005,per_usd
2023-05-31,4.613,per_usd
2023-06-01,4.611,per_usd
2023-06-02,4.574,per_usd
2023-06-05,4.574,per_usd
2023-06-06,4.6065,per_usd
2023-06-07,4.595,per_usd
2023-06-08,4.617,per_usd
2023-06-09,4.6124,per_usd
2023-06-12,4.618,per_usd
2023-06-13,4.614,per_usd
2023-06-14,4.6201,per_usd
2023-06-15,4.624,per_usd
2023-06-16,4.6132,per_usd
2023-06-20,4.6388,per_usd
2023-06-21,4.643,per_usd
2023-06-22,4.6523,per_usd
2023-06-23,4.677,per_usd
2023-06-26,4.6731,per_usd
2023-06-27,4.6634,per_usd
2023-06-28,4.6703,per_usd
2023-06-29,4.6703,per_usd
2023-06-30,4.665,per_usd
2023-07-03,4.665,per_usd
2023-07-05,4.65,per_usd
2023-07-06,4.6595,per_usd
2023-07-07,4.6634,per_usd
2023-07-10,4.6669,per_usd
2023-07-11,4.6573,per_usd
2023-07-12,4.65,per_usd
2023-07-13,4.587,per_usd
2023-07-14,4.5245,per_usd
2023-07-17,4.5353,per_usd
2023-07-18,4.5374,per_usd
2023-07-19,4.5374,per_usd
2023-07-20,4.54,per_usd
2023-07-21,4.56,per_usd
2023-07-24,4.57,per_usd
2023-07-25,4.5615,per_usd
2023-07-26,4.5469,per_usd
2023-07-27,4.5214,per_usd
2023-07-28,4.5535,per_usd
2023-07-31,4.505,per_usd
2023-08-01,4.5174,per_usd
2023-08-02,4.5399,per_usd
2023-08-03,4.555,per_usd
2023-08-04,4.553,per_usd
2023-08-07,4.557,per_usd
2023-08-08,4.5819,per_usd
2023-08-09,4.5704,per_usd
2023-08-10,4.569,per_usd
2023-08-11,4.5859,per_usd
2023-08-14,4.6139,per_usd
2023-08-15,4.6335,per_usd
2023-08-16,4.627,per_usd
2023-08-17,4.6528,per_usd
2023-08-18,4.6465,per_usd
2023-08-21,4.647,per_usd
2023-08-22,4.6465,per_usd
2023-08-23,4.6565,per_usd
2023-08-24,4.6424,per_usd
2023-08-25,4.638,per_usd
2023-08-28,4.6535,per_usd
2023-08-29,4.6443,per_usd
2023-08-30,4.6365,per_usd
2023-08-31,4.6365,per_usd
2023-09-01,4.6455,per_usd
2023-09-05,4.6635,per_usd
2023-09-06,4.674,per_usd
2023-09-07,4.677,per_usd
2023-09-08,4.675,per_usd
2023-09-11,4.6723,per_usd
2023-09-12,4.6771,per_usd
2023-09-13,4.6794,per_usd
2023-09-14,4.6817,per_usd
2023-09-15,4.6828,per_usd
2023-09-18,4.687,per_usd
2023-09-19,4.695,per_usd
2023-09-20,4.6844,per_usd
2023-09-21,4.6915,per_usd
2023-09-22,4.687,per_usd
2023-09-25,4.6853,per_usd
2023-09-26,4.6894,per_usd
2023-09-27,4.7055,per_usd
2023-09-28,4.7055,per_usd
2023-09-29,4.6938,per_usd
2023-10-02,4.7144,per_usd
2023-10-03,4.7225,per_usd
2023-10-04,4.7284,per_usd
2023-10-05,4.7246,per_usd
2023-10-06,4.712,per_usd
2023-10-10,4.726,per_usd
2023-10-11,4.7149,per_usd
2023-10-12,4.71,per_usd
2023-10-13,4.7256,per_usd
2023-10-16,4.7358,per_usd
2023-10-17,4.7349,per_usd
2023-10-18,4.745,per_usd
2023-10-19,4.7662,per_usd
2023-10-20,4.7664,per_usd
2023-10-23,4.79,per_usd
2023-10-24,4.7847,per_usd
2023-10-25,4.777,per_usd
2023-10-26,4.7855,per_usd
2023-10-27,4.776,per_usd
2023-10-30,4.7614,per_usd
2023-10-31,4.7615,per_usd
2023-11-01,4.7695,per_usd
2023-11-02,4.75,per_usd
2023-11-03,4.725,per_usd
2023-11-06,4.6399,per_usd
2023-11-07,4.6675,per_usd
2023-11-08,4.68,per_usd
2023-11-09,4.69,per_usd
2023-11-13,4.7065,per_usd
2023-11-14,4.7169,per_usd
2023-11-15,4.6685,per_usd
2023-11-16,4.6844,per_usd
2023-11-17,4.6794,per_usd
2023-11-20,4.6658,per_usd
2023-11-21,4.65,per_usd
2023-11-22,4.675,per_usd
2023-11-24,4.683,per_usd
2023-11-27,4.679,per_usd
2023-11-28,4.67,per_usd
2023-11-29,4.6498,per_usd
2023-11-30,4.6603,per_usd
2023-12-01,4.671,per_usd
2023-12-04,4.6545,per_usd
2023-12-05,4.6617,per_usd
2023-12-06,4.6675,per_usd
2023-12-07,4.672,per_usd
2023-12-08,4.662,per_usd
2023-12-11,4.682,per_usd
2023-12-12,4.6829,per_usd
2023-12-13,4.706,per_usd
2023-12-14,4.671,per_usd
2023-12-15,4.669,per_usd
2023-12-18,4.692,per_usd
2023-12-19,4.6764,per_usd
2023-12-20,4.656,per_usd
2023-12-21,4.6525,per_usd
2023-12-22,4.6264,per_usd
2023-12-26,4.634,per_usd
2023-12-27,4.627,per_usd
2023-12-28,4.605,per_usd
2023-12-29,4.5903,per_usd
2024-01-02,4.6034,per_usd
2024-01-03,4.633,per_usd
2024-01-04,4.633,per_usd
2024-01-05,4.652,per_usd
2024-01-08,4.649,per_usd
2024-01-09,4.642,per_usd
2024-01-10,4.64,per_usd
2024-01-11,4.642,per_usd
2024-01-12,4.6455,per_usd
2024-01-16,4.69,per_usd
2024-01-17,4.715,per_usd
2024-01-18,4.716,per_usd
2024-01-19,4.715,per_usd
2024-01-22,4.724,per_usd
2024-01-23,4.7265,per_usd
2024-01-24,4.729,per_usd
2024-01-25,4.7279,per_usd
2024-01-26,4.7275,per_usd
2024-01-29,4.732,per_usd
2024-01-30,4.7255,per_usd
2024-01-31,4.7305,per_usd
2024-02-01,4.7305,per_usd
2024-02-02,4.7154,per_usd
2024-02-05,4.748,per_usd
2024-02-06,4.763,per_usd
2024-02-07,4.759,per_usd
2024-02-08,4.7705,per_usd
2024-02-09,4.76,per_usd
2024-02-12,4.76,per_usd
2024-02-13,4.764,per_usd
2024-02-14,4.7845,per_usd
2024-02-15,4.78,per_usd
2024-02-16,4.778,per_usd
2024-02-20,4.7975,per_usd
2024-02-21,4.792,per_usd
2024-02-22,4.773,per_usd
2024-02-23,4.775,per_usd
2024-02-26,4.775,per_usd
2024-02-27,4.76,per_usd
2024-02-28,4.767,per_usd
2024-02-29,4.7585,per_usd
2024-03-01,4.744,per_usd
2024-03-04,4.7202,per_usd
2024-03-05,4.733,per_usd
2024-03-06,4.73,per_usd
2024-03-07,4.703,per_usd
2024-03-08,4.6816,per_usd
2024-03-11,4.681,per_usd
2024-03-12,4.6765,per_usd
2024-03-13,4.6859,per_usd
2024-03-14,4.684,per_usd
2024-03-15,4.7054,per_usd
2024-03-18,4.7159,per_usd
2024-03-19,4.735,per_usd
2024-03-20,4.736,per_usd
2024-03-21,4.713,per_usd
2024-03-22,4.735,per_usd
2024-03-25,4.723,per_usd
2024-03-26,4.7188,per_usd
2024-03-27,4.7321,per_usd
2024-03-28,4.7321,per_usd
2024-03-29,4.7225,per_usd
2024-04-01,4.7293,per_usd
2024-04-02,4.7511,per_usd
2024-04-03,4.7549,per_usd
2024-04-04,4.738,per_usd
2024-04-05,4.7449,per_usd
2024-04-08,4.7505,per_usd
2024-04-09,4.7483,per_usd
2024-04-10,4.7483,per_usd
2024-04-11,4.7483,per_usd
2024-04-12,4.7698,per_usd
2024-04-15,4.7785,per_usd
2024-04-16,4.7944,per_usd
2024-04-17,4.79,per_usd
2024-04-18,4.7836,per_usd
2024-04-19,4.7809,per_usd
2024-04-22,4.7832,per_usd
2024-04-23,4.778,per_usd
2024-04-24,4.7765,per_usd
2024-04-25,4.7765,per_usd
2024-04-26,4.7671,per_usd
2024-04-29,4.765,per_usd
2024-04-30,4.7702,per_usd
2024-05-01,4.7702,per_usd
2024-05-02,4.7534,per_usd
2024-05-03,4.7361,per_usd
2024-05-06,4.738,per_usd
2024-05-07,4.7379,per_usd
2024-05-08,4.7379,per_usd
2024-05-09,4.7394,per_usd
2024-05-10,4.7385,per_usd
2024-05-13,4.727,per_usd
2024-05-14,4.7162,per_usd
2024-05-15,4.7045,per_usd
2024-05-16,4.681,per_usd
2024-05-17,4.6846,per_usd
2024-05-20,4.6848,per_usd
2024-05-21,4.6947,per_usd
2024-05-22,4.6947,per_usd
2024-05-23,4.7019,per_usd
2024-05-24,4.71,per_usd
2024-05-28,4.6881,per_usd
2024-05-29,4.702,per_usd
2024-05-30,4.7026,per_usd
2024-05-31,4.7049,per_usd
2024-06-03,4.7049,per_usd
2024-06-04,4.7001,per_usd
2024-06-05,4.6969,per_usd
2024-06-06,4.6925,per_usd
2024-06-07,4.69,per_usd
2024-06-10,4.719,per_usd
2024-06-11,4.717,per_usd
2024-06-12,4.718,per_usd
2024-06-13,4.7159,per_usd
2024-06-14,4.7183,per_usd
2024-06-17,4.7183,per_usd
2024-06-18,4.7119,per_usd
2024-06-20,4.708,per_usd
2024-06-21,4.7091,per_usd
2024-06-24,4.711,per_usd
2024-06-25,4.703,per_usd
2024-06-26,4.7138,per_usd
2024-06-27,4.718,per_usd
2024-06-28,4.7157,per_usd
2024-07-01,4.7119,per_usd
2024-07-02,4.72,per_usd
2024-07-03,4.718,per_usd
2024-07-05,4.707,per_usd
2024-07-08,4.7067,per_usd
2024-07-09,4.706,per_usd
2024-07-10,4.6984,per_usd
2024-07-11,4.6855,per_usd
2024-07-12,4.6696,per_usd
2024-07-15,4.672,per_usd
2024-07-16,4.672,per_usd
2024-07-17,4.6624,per_usd
2024-07-18,4.668,per_usd
2024-07-19,4.6839,per_usd
2024-07-22,4.6805,per_usd
2024-07-23,4.672,per_usd
2024-07-24,4.6714,per_usd
2024-07-25,4.6595,per_usd
2024-07-26,4.655,per_usd
2024-07-29,4.6351,per_usd
2024-07-30,4.6199,per_usd
2024-07-31,4.5885,per_usd
2024-08-01,4.5675,per_usd
2024-08-02,4.495,per_usd
2024-08-05,4.4237,per_usd
2024-08-06,4.4725,per_usd
2024-08-07,4.495,per_usd
2024-08-08,4.4721,per_usd
2024-08-09,4.4199,per_usd
2024-08-12,4.45,per_usd
2024-08-13,4.4439,per_usd
2024-08-14,4.4164,per_usd
2024-08-15,4.4358,per_usd
2024-08-16,4.428,per_usd
2024-08-19,4.3829,per_usd
2024-08-20,4.3768,per_usd
2024-08-21,4.375,per_usd
2024-08-22,4.3761,per_usd
2024-08-23,4.372,per_usd
2024-08-26,4.3468,per_usd
2024-08-27,4.346,per_usd
2024-08-28,4.3405,per_usd
2024-08-29,4.308,per_usd
2024-08-30,4.3195,per_usd
2024-09-03,4.3674,per_usd
2024-09-04,4.3505,per_usd
2024-09-05,4.3362,per_usd
2024-09-06,4.328,per_usd
2024-09-09,4.3658,per_usd
2024-09-10,4.3399,per_usd
2024-09-11,4.3264,per_usd
2024-09-12,4.333,per_usd
2024-09-13,4.2983,per_usd
2024-09-16,4.2983,per_usd
2024-09-17,4.254,per_usd
2024-09-18,4.242,per_usd
2024-09-19,4.2064,per_usd
2024-09-20,4.2006,per_usd
2024-09-23,4.1996,per_usd
2024-09-24,4.1548,per_usd
2024-09-25,4.1275,per_usd
2024-09-26,4.1424,per_usd
2024-09-27,4.123,per_usd
2024-09-30,4.121,per_usd
2024-10-01,4.161,per_usd
2024-10-02,4.1761,per_usd
2024-10-03,4.2196,per_usd
2024-10-04,4.2153,per_usd
2024-10-07,4.2812,per_usd
2024-10-08,4.285,per_usd
2024-10-09,4.2799,per_usd
2024-10-10,4.2909,per_usd
2024-10-11,4.2862,per_usd
2024-10-15,4.3082,per_usd
2024-10-16,4.2937,per_usd
2024-10-17,4.3073,per_usd
2024-10-18,4.3044,per_usd
2024-10-21,4.3036,per_usd
2024-10-22,4.3255,per_usd
2024-10-23,4.349,per_usd
2024-10-24,4.3453,per_usd
2024-10-25,4.3379,per_usd
2024-10-28,4.3605,per_usd
2024-10-29,4.3759,per_usd
2024-10-30,4.3753,per_usd
2024-10-31,4.3753,per_usd
2024-11-01,4.3779,per_usd
2024-11-04,4.3714,per_usd
2024-11-05,4.3425,per_usd
2024-11-06,4.4014,per_usd
2024-11-07,4.4019,per_usd
2024-11-08,4.38,per_usd
2024-11-12,4.4365,per_usd
2024-11-13,4.446,per_usd
2024-11-14,4.4837,per_usd
2024-11-15,4.468,per_usd
2024-11-18,4.478,per_usd
2024-11-19,4.471,per_usd
2024-11-20,4.469,per_usd
2024-11-21,4.4634,per_usd
2024-11-22,4.4699,per_usd
2024-11-25,4.4483,per_usd
2024-11-26,4.4555,per_usd
2024-11-27,4.44,per_usd
2024-11-29,4.445,per_usd
2024-12-02,4.457,per_usd
2024-12-03,4.4674,per_usd
2024-12-04,4.451,per_usd
2024-12-05,4.425,per_usd
2024-12-06,4.4171,per_usd
2024-12-09,4.4239,per_usd
2024-12-10,4.426,per_usd
2024-12-11,4.4324,per_usd
2024-12-12,4.4365,per_usd
2024-12-13,4.4497,per_usd
2024-12-16,4.4513,per_usd
2024-12-17,4.465,per_usd
2024-12-18,4.467,per_usd
2024-12-19,4.5041,per_usd
2024-12-20,4.5029,per_usd
2024-12-23,4.4875,per_usd
2024-12-24,4.4843,per_usd
2024-12-26,4.467,per_usd
2024-12-27,4.468,per_usd
2024-12-30,4.4642,per_usd
2024-12-31,4.4695,per_usd
2025-01-02,4.476,per_usd
2025-01-03,4.4979,per_usd
2025-01-06,4.5094,per_usd
2025-01-07,4.4849,per_usd
2025-01-08,4.5009,per_usd
2025-01-09,4.503,per_usd
2025-01-10,4.4947,per_usd
2025-01-13,4.508,per_usd
2025-01-14,4.5043,per_usd
2025-01-15,4.497,per_usd
2025-01-16,4.5009,per_usd
2025-01-17,4.504,per_usd
2025-01-21,4.473,per_usd
2025-01-22,4.4325,per_usd
2025-01-23,4.442,per_usd
2025-01-24,4.375,per_usd
2025-01-27,4.3774,per_usd
2025-01-28,4.3886,per_usd
2025-01-29,4.3886,per_usd
2025-01-30,4.3886,per_usd
2025-01-31,4.4554,per_usd
2025-02-03,4.47,per_usd
2025-02-04,4.44,per_usd
2025-02-05,4.42,per_usd
2025-02-06,4.4324,per_usd
2025-02-07,4.4375,per_usd
2025-02-10,4.4674,per_usd
2025-02-11,4.4674,per_usd
2025-02-12,4.47,per_usd
2025-02-13,4.4532,per_usd
2025-02-14,4.432,per_usd
2025-02-18,4.4434,per_usd
2025-02-19,4.4414,per_usd
2025-02-20,4.4269,per_usd
2025-02-21,4.416,per_usd
2025-02-24,4.4093,per_usd
2025-02-25,4.4218,per_usd
2025-02-26,4.4261,per_usd
2025-02-27,4.441,per_usd
2025-02-28,4.46,per_usd
2025-03-03,4.4639,per_usd
2025-03-04,4.4629,per_usd
2025-03-05,4.427,per_usd
2025-03-06,4.4236,per_usd
2025-03-07,4.4099,per_usd
2025-03-10,4.4218,per_usd
2025-03-11,4.41,per_usd
2025-03-12,4.4255,per_usd
2025-03-13,4.4355,per_usd
2025-03-14,4.4425,per_usd
2025-03-17,4.4447,per_usd
2025-03-18,4.4447,per_usd
2025-03-19,4.4321,per_usd
2025-03-20,4.424,per_usd
2025-03-21,4.4184,per_usd
2025-03-24,4.4321,per_usd
2025-03-25,4.4349,per_usd
2025-03-26,4.4276,per_usd
2025-03-27,4.4294,per_usd
2025-03-28,4.4365,per_usd
2025-03-31,4.4365,per_usd
2025-04-01,4.4365,per_usd
2025-04-02,4.4508,per_usd
2025-04-03,4.44,per_usd
2025-04-04,4.434,per_usd
2025-04-07,4.4805,per_usd
2025-04-08,4.489,per_usd
2025-04-09,4.494,per_usd
2025-04-10,4.466,per_usd
2025-04-11,4.42,per_usd
2025-04-14,4.41,per_usd
2025-04-15,4.41,per_usd
2025-04-16,4.408,per_usd
2025-04-17,4.405,per_usd
2025-04-18,4.41,per_usd
2025-04-21,4.367,per_usd
2025-04-22,4.388,per_usd
2025-04-23,4.3865,per_usd
2025-04-24,4.37,per_usd
2025-04-25,4.3704,per_usd
2025-04-28,4.361,per_usd
2025-04-29,4.325,per_usd
2025-04-30,4.312,per_usd
2025-05-01,4.3123,per_usd
2025-05-02,4.258,per_usd
2025-05-05,4.1984,per_usd
2025-05-06,4.23,per_usd
2025-05-07,4.238,per_usd
2025-05-08,4.277,per_usd
2025-05-09,4.294,per_usd
2025-05-12,4.2965,per_usd
2025-05-13,4.32,per_usd
2025-05-14,4.2819,per_usd
2025-05-15,4.28,per_usd
2025-05-16,4.292,per_usd
2025-05-19,4.2868,per_usd
2025-05-20,4.2945,per_usd
2025-05-21,4.2685,per_usd
2025-05-22,4.2705,per_usd
2025-05-23,4.2287,per_usd
2025-05-27,4.235,per_usd
2025-05-28,4.221,per_usd
2025-05-29,4.2397,per_usd
2025-05-30,4.253,per_usd
2025-06-02,4.2538,per_usd
2025-06-03,4.2404,per_usd
2025-06-04,4.244,per_usd
2025-06-05,4.2263,per_usd
2025-06-06,4.225,per_usd
2025-06-09,4.229,per_usd
2025-06-10,4.2351,per_usd
2025-06-11,4.2349,per_usd
2025-06-12,4.2192,per_usd
2025-06-13,4.2435,per_usd
2025-06-16,4.238,per_usd
2025-06-17,4.243,per_usd
2025-06-18,4.248,per_usd
2025-06-20,4.2509,per_usd
2025-06-23,4.2899,per_usd
2025-06-24,4.2447,per_usd
2025-06-25,4.2341,per_usd
2025-06-26,4.226,per_usd
2025-06-27,4.2257,per_usd
2025-06-30,4.2084,per_usd
2025-07-01,4.196,per_usd
2025-07-02,4.226,per_usd
2025-07-03,4.22,per_usd
2025-07-07,4.2349,per_usd
2025-07-08,4.2364,per_usd
2025-07-09,4.2494,per_usd
2025-07-10,4.2484,per_usd
2025-07-11,4.25,per_usd
2025-07-14,4.25,per_usd
2025-07-15,4.2394,per_usd
2025-07-16,4.2421,per_usd
2025-07-17,4.2474,per_usd
2025-07-18,4.244,per_usd
2025-07-21,4.233,per_usd
2025-07-22,4.229,per_usd
2025-07-23,4.2255,per_usd
2025-07-24,4.2131,per_usd
2025-07-25,4.2195,per_usd
2025-07-28,4.228,per_usd
2025-07-29,4.232,per_usd
2025-07-30,4.2356,per_usd
2025-07-31,4.2625,per_usd
2025-08-01,4.277,per_usd
2025-08-04,4.2354,per_usd
2025-08-05,4.225,per_usd
2025-08-06,4.2277,per_usd
2025-08-07,4.23,per_usd
2025-08-08,4.2394,per_usd
2025-08-11,4.2315,per_usd
2025-08-12,4.229,per_usd
2025-08-13,4.205,per_usd
2025-08-14,4.21,per_usd
2025-08-15,4.211,per_usd
2025-08-18,4.2204,per_usd
2025-08-19,4.2219,per_usd
2025-08-20,4.224,per_usd
2025-08-21,4.222,per_usd
2025-08-22,4.2249,per_usd
2025-08-25,4.205,per_usd
2025-08-26,4.214,per_usd
2025-08-27,4.2329,per_usd
2025-08-28,4.2163,per_usd
2025-08-29,4.222,per_usd
2025-09-02,4.227,per_usd
2025-09-03,4.2247,per_usd
2025-09-04,4.2261,per_usd
2025-09-05,4.2261,per_usd
2025-09-08,4.217,per_usd
2025-09-09,4.202,per_usd
2025-09-10,4.219,per_usd
2025-09-11,4.218,per_usd
2025-09-12,4.1984,per_usd
2025-09-15,4.1984,per_usd
2025-09-16,4.1984,per_usd
2025-09-17,4.187,per_usd
2025-09-18,4.195,per_usd
2025-09-19,4.204,per_usd
2025-09-22,4.2029,per_usd
2025-09-23,4.1974,per_usd
2025-09-24,4.2084,per_usd
2025-09-25,4.21,per_usd
2025-09-26,4.22,per_usd
2025-09-29,4.2134,per_usd
2025-09-30,4.206,per_usd
2025-10-01,4.205,per_usd
2025-10-02,4.2052,per_usd
2025-10-03,4.206,per_usd
2025-10-06,4.214,per_usd
2025-10-07,4.2129,per_usd
2025-10-08,4.214,per_usd
2025-10-09,4.2159,per_usd
2025-10-10,4.22,per_usd
2025-10-14,4.229,per_usd
2025-10-15,4.229,per_usd
2025-10-16,4.2267,per_usd
2025-10-17,4.224,per_usd
2025-10-20,4.2245,per_usd
2025-10-21,4.2279,per_usd
2025-10-22,4.228,per_usd
2025-10-23,4.227,per_usd
2025-10-24,4.221,per_usd
2025-10-27,4.2089,per_usd
2025-10-28,4.1965,per_usd
2025-10-29,4.1855,per_usd
2025-10-30,4.1935,per_usd
2025-10-31,4.1855,per_usd
2025-11-03,4.1972,per_usd
2025-11-04,4.1944,per_usd
2025-11-05,4.1894,per_usd
2025-11-06,4.1815,per_usd
2025-11-07,4.1745,per_usd
2025-11-10,4.1571,per_usd
2025-11-12,4.133,per_usd
2025-11-13,4.1259,per_usd
2025-11-14,4.13,per_usd
2025-11-17,4.1485,per_usd
2025-11-18,4.1604,per_usd
2025-11-19,4.1479,per_usd
2025-11-20,4.1559,per_usd
2025-11-21,4.1457,per_usd
2025-11-24,4.1389,per_usd
2025-11-25,4.1309,per_usd
2025-11-26,4.134,per_usd
2025-11-28,4.131,per_usd
2025-12-01,4.13,per_usd
2025-12-02,4.1288,per_usd
2025-12-03,4.1199,per_usd
2025-12-04,4.11,per_usd
2025-12-05,4.1069,per_usd
2025-12-08,4.1103,per_usd
2025-12-09,4.113,per_usd
2025-12-10,4.1159,per_usd
2025-12-11,4.108,per_usd
2025-12-12,4.0927,per_usd
2025-12-15,4.09,per_usd
2025-12-16,4.0844,per_usd
2025-12-17,4.086,per_usd
2025-12-18,4.085,per_usd
2025-12-19,4.0739,per_usd
2025-12-22,4.076,per_usd
2025-12-23,4.063,per_usd
2025-12-24,4.043,per_usd
2025-12-26,4.045,per_usd
2025-12-29,4.0585,per_usd
2025-12-30,4.045,per_usd
2025-12-31,4.056,per_usd
2026-01-02,4.052,per_usd
2026-01-05,4.07,per_usd
2026-01-06,4.0454,per_usd
2026-01-07,4.056,per_usd
2026-01-08,4.06,per_usd
2026-01-09,4.0697,per_usd
2026-01-12,4.06,per_usd
2026-01-13,4.055,per_usd
2026-01-14,4.046,per_usd
2026-01-15,4.0539,per_usd
2026-01-16,4.0549,per_usd
2026-01-20,4.053,per_usd
2026-01-21,4.044,per_usd
2026-01-22,4.038,per_usd
2026-01-23,4.0045,per_usd
2026-01-26,3.9629,per_usd
2026-01-27,3.95,per_usd
2026-01-28,3.915,per_usd
2026-01-29,3.9275,per_usd
2026-01-30,3.939,per_usd
2026-02-02,3.9405,per_usd
2026-02-03,3.93,per_usd
2026-02-04,3.9303,per_usd
2026-02-05,3.944,per_usd
2026-02-06,3.945,per_usd
2026-02-09,3.932,per_usd
2026-02-10,3.922,per_usd
2026-02-11,3.912,per_usd
2026-02-12,3.9,per_usd
2026-02-13,3.9054,per_usd
2026-02-17,3.898,per_usd
2026-02-18,3.898,per_usd
2026-02-19,3.906,per_usd
2026-02-20,3.9006,per_usd
2026-02-23,3.888,per_usd
2026-02-24,3.8925,per_usd
2026-02-25,3.888,per_usd
2026-02-26,3.8864,per_usd
2026-02-27,3.89,per_usd
2026-03-02,3.924,per_usd
2026-03-03,3.943,per_usd
2026-03-04,3.938,per_usd
2026-03-05,3.94,per_usd
2026-03-06,3.9448,per_usd
2026-03-09,3.96,per_usd
2026-03-10,3.9199,per_usd
2026-03-11,3.913,per_usd
2026-03-12,3.9239,per_usd
2026-03-13,3.936,per_usd
2026-03-16,3.926,per_usd
2026-03-17,3.9165,per_usd
2026-03-18,3.913,per_usd
2026-03-19,3.936,per_usd
2026-03-20,3.9325,per_usd
2026-03-23,3.9325,per_usd
2026-03-24,3.9529,per_usd
2026-03-25,3.962,per_usd
2026-03-26,3.992,per_usd
2026-03-27,4.012,per_usd
2026-03-30,4.026,per_usd
2026-03-31,4.0472,per_usd
2026-04-01,4.0239,per_usd
2026-04-02,4.0377,per_usd
2026-04-03,4.0295,per_usd
2026-04-06,4.025,per_usd
2026-04-07,4.028,per_usd
2026-04-08,3.974,per_usd
2026-04-09,3.98,per_usd
2026-04-10,3.9624,per_usd
2026-04-13,3.973,per_usd
2026-04-14,3.949,per_usd
2026-04-15,3.9541,per_usd
2026-04-16,3.952,per_usd
2026-04-17,3.95,per_usd
2026-04-20,3.952,per_usd
2026-04-21,3.948,per_usd
2026-04-22,3.95,per_usd
2026-04-23,3.96,per_usd
2026-04-24,3.963,per_usd
2026-04-27,3.9494,per_usd
2026-04-28,3.9512,per_usd
2026-04-29,3.9496,per_usd
2026-04-30,3.967,per_usd
2026-05-01,3.9694,per_usd
2026-05-04,3.9539,per_usd
2026-05-05,3.96,per_usd
2026-05-06,3.9197,per_usd
2026-05-07,3.9055,per_usd
2026-05-08,3.918,per_usd
2026-05-11,3.922,per_usd
2026-05-12,3.9332,per_usd
2026-05-13,3.928,per_usd
2026-05-14,3.9304,per_usd
2026-05-15,3.9527,per_usd
2026-05-18,3.9719,per_usd
2026-05-19,3.9746,per_usd
2026-05-20,3.968,per_usd
2026-05-21,3.96,per_usd
2026-05-22,3.965,per_usd
2026-05-26,3.9655,per_usd
2026-05-27,3.9655,per_usd
2026-05-28,3.975,per_usd
2026-05-29,3.963,per_usd
2026-06-01,3.9615,per_usd
2026-06-02,3.9615,per_usd
2026-06-03,3.99,per_usd
2026-06-04,4.0099,per_usd
2026-06-05,4.0284,per_usd
2026-06-08,4.0708,per_usd
2026-06-09,4.0574,per_usd
2026-06-10,4.0666,per_usd
2026-06-11,4.064,per_usd
2026-06-12,4.055,per_usd
2026-06-15,4.048,per_usd
2026-06-16,4.0675,per_usd
2026-06-17,4.0675,per_usd
2026-06-18,4.115,per_usd
2026-06-22,4.1455,per_usd
2026-06-23,4.14,per_usd
2026-06-24,4.135,per_usd
2026-06-25,4.115,per_usd
2026-06-26,4.085,per_usd
2026-06-29,4.067,per_usd
2026-06-30,4.082,per_usd
2026-07-01,4.0924,per_usd
2026-07-02,4.077,per_usd
2026-07-06,4.0836,per_usd
2026-07-07,4.067,per_usd
2026-07-08,4.074,per_usd
2026-07-09,4.0753,per_usd
2026-07-10,4.067,per_usd
2026-07-13,4.068,per_usd
2026-07-14,4.076,per_usd
2026-07-15,4.076,per_usd
2026-07-16,4.0709,per_usd
2026-07-17,4.0939,per_usd
2026-07-20,4.09,per_usd
2026-07-21,4.087,per_usd
2026-07-22,4.0839,per_usd
2026-07-23,4.0873,per_usd
2026-07-24,4.0879,per_usd
2026-07-27,4.083,per_usd
2026-07-28,4.0893,per_usd
2026-07-29,4.089,per_usd
2026-07-30,4.0869,per_usd
2026-07-31,4.0824,per_usd
2026-08-03,4.0926,per_usd
2026-08-04,4.0948,per_usd
2026-08-05,4.0907,per_usd
2026-08-06,4.087,per_usd
2026-08-07,4.0889,per_usd
2026-08-10,4.088,per_usd
2026-08-11,4.0912,per_usd
2026-08-12,4.0825,per_usd
2026-08-13,4.085,per_usd
2026-08-14,4.084,per_usd
2026-08-17,4.0587,per_usd
2026-08-18,4.0574,per_usd
2026-08-19,4.0565,per_usd
2026-08-20,4.0425,per_usd
2026-08-21,4.0354,per_usd
