date,value,quote
1993-11-08,3.152,per_usd
1993-11-09,3.24,per_usd
1993-11-10,3.24,per_usd
1993-11-12,3.24,per_usd
1993-11-15,3.215,per_usd
1993-11-18,3.108,per_usd
1993-11-19,3.115,per_usd
1993-11-22,3.1022,per_usd
1993-11-23,3.1026,per_usd
1993-11-24,3.103,per_usd
1993-11-26,3.114,per_usd
1993-11-29,3.11,per_usd
1993-11-30,3.1055,per_usd
1993-12-01,3.1038,per_usd
1993-12-02,3.106,per_usd
1993-12-03,3.1045,per_usd
1993-12-06,3.106,per_usd
1993-12-07,3.1052,per_usd
1993-12-08,3.1066,per_usd
1993-12-09,3.107,per_usd
1993-12-10,3.117,per_usd
1993-12-13,3.1148,per_usd
1993-12-14,3.113,per_usd
1993-12-15,3.107,per_usd
1993-12-16,3.106,per_usd
1993-12-17,3.106,per_usd
1993-12-20,3.11,per_usd
1993-12-21,3.11,per_usd
1993-12-22,3.115,per_usd
1993-12-23,3.11,per_usd
1993-12-24,3.105,per_usd
1993-12-27,3.106,per_usd
1993-12-28,3.106,per_usd
1993-12-29,3.11,per_usd
1993-12-30,3.108,per_usd
1994-01-03,3.108,per_usd
1994-01-04,3.12,per_usd
1994-01-05,3.1065,per_usd
1994-01-06,3.106,per_usd
1994-01-07,3.106,per_usd
1994-01-10,3.116,per_usd
1994-01-11,3.109,per_usd
1994-01-12,3.1095,per_usd
1994-01-13,3.106,per_usd
1994-01-14,3.1085,per_usd
1994-01-18,3.106,per_usd
1994-01-19,3.106,per_usd
1994-01-20,3.1065,per_usd
1994-01-21,3.106,per_usd
1994-01-24,3.106,per_usd
1994-01-25,3.1055,per_usd
1994-01-26,3.107,per_usd
1994-01-27,3.1062,per_usd
1994-01-28,3.105,per_usd
1994-01-31,3.106,per_usd
1994-02-01,3.105,per_usd
1994-02-02,3.105,per_usd
1994-02-03,3.105,per_usd
1994-02-04,3.105,per_usd
1994-02-07,3.1052,per_usd
1994-02-08,3.1053,per_usd
1994-02-09,3.106,per_usd
1994-02-10,3.105,per_usd
1994-02-11,3.106,per_usd
1994-02-14,3.105,per_usd
1994-02-15,3.105,per_usd
1994-02-16,3.105,per_usd
1994-02-17,3.105,per_usd
1994-02-18,3.1055,per_usd
1994-02-22,3.1125,per_usd
1994-02-23,3.118,per_usd
1994-02-24,3.21,per_usd
1994-02-25,3.205,per_usd
1994-02-28,3.195,per_usd
1994-03-01,3.18,per_usd
1994-03-02,3.26,per_usd
1994-03-03,3.25,per_usd
1994-03-04,3.245,per_usd
1994-03-07,3.253,per_usd
1994-03-08,3.256,per_usd
1994-03-09,3.31,per_usd
1994-03-10,3.285,per_usd
1994-03-11,3.295,per_usd
1994-03-14,3.29,per_usd
1994-03-15,3.31,per_usd
1994-03-16,3.307,per_usd
1994-03-17,3.3,per_usd
1994-03-18,3.325,per_usd
1994-03-21,3.33,per_usd
1994-03-22,3.33,per_usd
1994-03-23,3.3375,per_usd
1994-03-25,3.3586,per_usd
1994-03-28,3.3598,per_usd
1994-03-29,3.35,per_usd
1994-03-30,3.361,per_usd
1994-03-31,3.365,per_usd
1994-04-04,3.3626,per_usd
1994-04-05,3.363,per_usd
1994-04-06,3.363,per_usd
1994-04-07,3.363,per_usd
1994-04-08,3.3642,per_usd
1994-04-11,3.3654,per_usd
1994-04-12,3.365,per_usd
1994-04-13,3.3662,per_usd
1994-04-14,3.3666,per_usd
1994-04-15,3.3645,per_usd
1994-04-18,3.368,per_usd
1994-04-19,3.3686,per_usd
1994-04-20,3.369,per_usd
1994-04-21,3.3694,per_usd
1994-04-22,3.3698,per_usd
1994-04-25,3.359,per_usd
1994-04-26,3.31,per_usd
1994-04-27,3.273,per_usd
1994-04-28,3.28,per_usd
1994-04-29,3.28,per_usd
1994-05-02,3.27,per_usd
1994-05-03,3.31,per_usd
1994-05-04,3.312,per_usd
1994-05-06,3.32,per_usd
1994-05-09,3.338,per_usd
1994-05-10,3.335,per_usd
1994-05-11,3.325,per_usd
1994-05-12,3.33,per_usd
1994-05-13,3.322,per_usd
1994-05-16,3.33,per_usd
1994-05-17,3.331,per_usd
1994-05-18,3.334,per_usd
1994-05-19,3.316,per_usd
1994-05-20,3.3125,per_usd
1994-05-23,3.3,per_usd
1994-05-24,3.286,per_usd
1994-05-25,3.3,per_usd
1994-05-26,3.315,per_usd
1994-05-27,3.315,per_usd
1994-05-31,3.332,per_usd
1994-06-01,3.33,per_usd
1994-06-02,3.32,per_usd
1994-06-03,3.325,per_usd
1994-06-06,3.33,per_usd
1994-06-07,3.36,per_usd
1994-06-08,3.357,per_usd
1994-06-09,3.362,per_usd
1994-06-10,3.365,per_usd
1994-06-13,3.3735,per_usd
1994-06-14,3.373,per_usd
1994-06-15,3.368,per_usd
1994-06-16,3.368,per_usd
1994-06-17,3.365,per_usd
1994-06-20,3.372,per_usd
1994-06-21,3.375,per_usd
1994-06-22,3.378,per_usd
1994-06-23,3.39,per_usd
1994-06-24,3.39,per_usd
1994-06-27,3.395,per_usd
1994-06-28,3.391,per_usd
1994-06-29,3.389,per_usd
1994-06-30,3.4,per_usd
1994-07-01,3.395,per_usd
1994-07-05,3.4,per_usd
1994-07-06,3.3958,per_usd
1994-07-07,3.405,per_usd
1994-07-08,3.405,per_usd
1994-07-11,3.405,per_usd
1994-07-12,3.4025,per_usd
1994-07-13,3.405,per_usd
1994-07-14,3.403,per_usd
1994-07-15,3.403,per_usd
1994-07-18,3.405,per_usd
1994-07-19,3.402,per_usd
1994-07-20,3.4054,per_usd
1994-07-21,3.4035,per_usd
1994-07-22,3.405,per_usd
1994-07-25,3.4045,per_usd
1994-07-26,3.4078,per_usd
1994-07-27,3.406,per_usd
1994-07-28,3.398,per_usd
1994-07-29,3.405,per_usd
1994-08-01,3.4005,per_usd
1994-08-02,3.386,per_usd
1994-08-03,3.38,per_usd
1994-08-04,3.38,per_usd
1994-08-05,3.381,per_usd
1994-08-08,3.387,per_usd
1994-08-09,3.387,per_usd
1994-08-10,3.4,per_usd
1994-08-11,3.405,per_usd
1994-08-12,3.402,per_usd
1994-08-15,3.403,per_usd
1994-08-16,3.408,per_usd
1994-08-17,3.397,per_usd
1994-08-18,3.38,per_usd
1994-08-19,3.3765,per_usd
1994-08-22,3.33,per_usd
1994-08-23,3.337,per_usd
1994-08-24,3.348,per_usd
1994-08-25,3.358,per_usd
1994-08-26,3.367,per_usd
1994-08-29,3.383,per_usd
1994-08-30,3.388,per_usd
1994-08-31,3.389,per_usd
1994-09-01,3.3925,per_usd
1994-09-02,3.375,per_usd
1994-09-06,3.4,per_usd
1994-09-07,3.3965,per_usd
1994-09-08,3.401,per_usd
1994-09-09,3.415,per_usd
1994-09-12,3.413,per_usd
1994-09-13,3.417,per_usd
1994-09-14,3.416,per_usd
1994-09-15,3.415,per_usd
1994-09-16,3.398,per_usd
1994-09-19,3.408,per_usd
1994-09-20,3.41,per_usd
1994-09-21,3.404,per_usd
1994-09-22,3.409,per_usd
1994-09-23,3.399,per_usd
1994-09-26,3.373,per_usd
1994-09-27,3.395,per_usd
1994-09-28,3.407,per_usd
1994-09-29,3.404,per_usd
1994-09-30,3.399,per_usd
1994-10-03,3.398,per_usd
1994-10-04,3.413,per_usd
1994-10-05,3.419,per_usd
1994-10-06,3.418,per_usd
1994-10-07,3.419,per_usd
1994-10-11,3.423,per_usd
1994-10-12,3.424,per_usd
1994-10-13,3.415,per_usd
1994-10-14,3.422,per_usd
1994-10-17,3.422,per_usd
1994-10-18,3.425,per_usd
1994-10-19,3.415,per_usd
1994-10-20,3.418,per_usd
1994-10-21,3.418,per_usd
1994-10-24,3.419,per_usd
1994-10-25,3.428,per_usd
1994-10-26,3.426,per_usd
1994-10-27,3.43,per_usd
1994-10-28,3.434,per_usd
1994-10-31,3.438,per_usd
1994-11-01,3.439,per_usd
1994-11-02,3.439,per_usd
1994-11-03,3.437,per_usd
1994-11-04,3.43,per_usd
1994-11-07,3.427,per_usd
1994-11-08,3.426,per_usd
1994-11-09,3.429,per_usd
1994-11-10,3.442,per_usd
1994-11-14,3.451,per_usd
1994-11-15,3.4525,per_usd
1994-11-16,3.453,per_usd
1994-11-17,3.4534,per_usd
1994-11-18,3.4538,per_usd
1994-11-21,3.445,per_usd
1994-11-22,3.448,per_usd
1994-11-23,3.445,per_usd
1994-11-25,3.448,per_usd
1994-11-28,3.45,per_usd
1994-11-29,3.442,per_usd
1994-11-30,3.44,per_usd
1994-12-01,3.44,per_usd
1994-12-02,3.439,per_usd
1994-12-05,3.441,per_usd
1994-12-06,3.447,per_usd
1994-12-07,3.452,per_usd
1994-12-08,3.45,per_usd
1994-12-09,3.454,per_usd
1994-12-12,3.45,per_usd
1994-12-13,3.457,per_usd
1994-12-14,3.454,per_usd
1994-12-15,3.461,per_usd
1994-12-16,3.463,per_usd
1994-12-19,3.4662,per_usd
1994-12-20,3.95,per_usd
1994-12-21,3.997,per_usd
1994-12-22,4.85,per_usd
1994-12-23,4.7,per_usd
1994-12-27,5.75,per_usd
1994-12-28,5.35,per_usd
1994-12-29,5,per_usd
1994-12-30,5,per_usd
1995-01-03,5.5,per_usd
1995-01-04,5.55,per_usd
1995-01-05,5.45,per_usd
1995-01-06,5.5,per_usd
1995-01-09,5.4,per_usd
1995-01-10,5.8,per_usd
1995-01-11,5.75,per_usd
1995-01-12,5.65,per_usd
1995-01-13,5.35,per_usd
1995-01-17,5.27,per_usd
1995-01-18,5.29,per_usd
1995-01-19,5.68,per_usd
1995-01-20,5.7,per_usd
1995-01-23,5.76,per_usd
1995-01-24,5.8,per_usd
1995-01-25,5.7,per_usd
1995-01-26,5.66,per_usd
1995-01-27,5.68,per_usd
1995-01-30,6.5,per_usd
1995-01-31,5.82,per_usd
1995-02-01,5.51,per_usd
1995-02-02,5.47,per_usd
1995-02-03,5.36,per_usd
1995-02-06,5.38,per_usd
1995-02-07,5.35,per_usd
1995-02-08,5.37,per_usd
1995-02-09,5.55,per_usd
1995-02-10,5.65,per_usd
1995-02-13,5.6,per_usd
1995-02-14,5.77,per_usd
1995-02-15,6.03,per_usd
1995-02-16,6.09,per_usd
1995-02-17,5.82,per_usd
1995-02-21,5.44,per_usd
1995-02-22,5.93,per_usd
1995-02-23,5.69,per_usd
1995-02-24,5.84,per_usd
1995-02-27,6.06,per_usd
1995-02-28,5.97,per_usd
1995-03-01,5.96,per_usd
1995-03-02,5.97,per_usd
1995-03-03,6.06,per_usd
1995-03-06,6.6,per_usd
1995-03-07,6.9,per_usd
1995-03-08,6.82,per_usd
1995-03-09,7.6,per_usd
1995-03-10,6.35,per_usd
1995-03-13,6.47,per_usd
1995-03-14,6.57,per_usd
1995-03-15,6.9,per_usd
1995-03-16,7.25,per_usd
1995-03-17,7.21,per_usd
1995-03-20,7,per_usd
1995-03-21,7.1,per_usd
1995-03-22,7.23,per_usd
1995-03-23,7.1,per_usd
1995-03-24,6.85,per_usd
1995-03-27,6.72,per_usd
1995-03-28,6.82,per_usd
1995-03-29,6.81,per_usd
1995-03-30,6.76,per_usd
1995-03-31,6.82,per_usd
1995-04-03,6.82,per_usd
1995-04-04,6.62,per_usd
1995-04-05,6.46,per_usd
1995-04-06,6.47,per_usd
1995-04-07,6.32,per_usd
1995-04-10,6.4,per_usd
1995-04-11,6.3,per_usd
1995-04-12,6.18,per_usd
1995-04-13,6.32,per_usd
1995-04-14,6.32,per_usd
1995-04-17,6.27,per_usd
1995-04-18,6.24,per_usd
1995-04-19,6.11,per_usd
1995-04-20,6.12,per_usd
1995-04-21,6.01,per_usd
1995-04-24,5.97,per_usd
1995-04-25,5.91,per_usd
1995-04-26,5.83,per_usd
1995-04-27,5.85,per_usd
1995-04-28,6.05,per_usd
1995-05-01,5.94,per_usd
1995-05-02,5.96,per_usd
1995-05-03,5.83,per_usd
1995-05-04,5.91,per_usd
1995-05-05,5.87,per_usd
1995-05-08,5.88,per_usd
1995-05-09,5.86,per_usd
1995-05-10,5.97,per_usd
1995-05-11,5.93,per_usd
1995-05-12,5.95,per_usd
1995-05-15,5.97,per_usd
1995-05-16,5.95,per_usd
1995-05-17,5.94,per_usd
1995-05-18,5.94,per_usd
1995-05-19,5.92,per_usd
1995-05-22,5.92,per_usd
1995-05-23,5.99,per_usd
1995-05-24,6.06,per_usd
1995-05-25,6.1,per_usd
1995-05-26,6.17,per_usd
1995-05-30,6.21,per_usd
1995-05-31,6.16,per_usd
1995-06-01,6.25,per_usd
1995-06-02,6.2,per_usd
1995-06-05,6.18,per_usd
1995-06-06,6.125,per_usd
1995-06-07,6.15,per_usd
1995-06-08,6.23,per_usd
1995-06-09,6.27,per_usd
1995-06-12,6.29,per_usd
1995-06-13,6.2,per_usd
1995-06-14,6.23,per_usd
1995-06-15,6.2,per_usd
1995-06-16,6.19,per_usd
1995-06-19,6.225,per_usd
1995-06-20,6.22,per_usd
1995-06-21,6.28,per_usd
1995-06-22,6.255,per_usd
1995-06-23,6.25,per_usd
1995-06-26,6.26,per_usd
1995-06-27,6.275,per_usd
1995-06-28,6.32,per_usd
1995-06-29,6.27,per_usd
1995-06-30,6.255,per_usd
1995-07-03,6.255,per_usd
1995-07-05,6.27,per_usd
1995-07-06,6.25,per_usd
1995-07-07,6.17,per_usd
1995-07-10,6.15,per_usd
1995-07-11,6.11,per_usd
1995-07-12,6.1175,per_usd
1995-07-13,6.05,per_usd
1995-07-14,6.0175,per_usd
1995-07-17,6,per_usd
1995-07-18,6.04,per_usd
1995-07-19,6.08,per_usd
1995-07-20,6.15,per_usd
1995-07-21,6.1,per_usd
1995-07-24,6.095,per_usd
1995-07-25,6.16,per_usd
1995-07-26,6.11,per_usd
1995-07-27,6.095,per_usd
1995-07-28,6.105,per_usd
1995-07-31,6.115,per_usd
1995-08-01,6.125,per_usd
1995-08-02,6.12,per_usd
1995-08-03,6.125,per_usd
1995-08-04,6.155,per_usd
1995-08-07,6.12,per_usd
1995-08-08,6.145,per_usd
1995-08-09,6.14,per_usd
1995-08-10,6.146,per_usd
1995-08-11,6.14,per_usd
1995-08-14,6.145,per_usd
1995-08-15,6.1525,per_usd
1995-08-16,6.17,per_usd
1995-08-17,6.1925,per_usd
1995-08-18,6.255,per_usd
1995-08-21,6.23,per_usd
1995-08-22,6.2125,per_usd
1995-08-23,6.28,per_usd
1995-08-24,6.31,per_usd
1995-08-25,6.31,per_usd
1995-08-28,6.325,per_usd
1995-08-29,6.3175,per_usd
1995-08-30,6.2925,per_usd
1995-08-31,6.3,per_usd
1995-09-01,6.26,per_usd
1995-09-05,6.235,per_usd
1995-09-06,6.255,per_usd
1995-09-07,6.26,per_usd
1995-09-08,6.28,per_usd
1995-09-11,6.295,per_usd
1995-09-12,6.29,per_usd
1995-09-13,6.2825,per_usd
1995-09-14,6.28,per_usd
1995-09-15,6.2775,per_usd
1995-09-18,6.3,per_usd
1995-09-19,6.3,per_usd
1995-09-20,6.3375,per_usd
1995-09-21,6.312,per_usd
1995-09-22,6.375,per_usd
1995-09-25,6.39,per_usd
1995-09-26,6.385,per_usd
1995-09-27,6.395,per_usd
1995-09-28,6.44,per_usd
1995-09-29,6.385,per_usd
1995-10-02,6.415,per_usd
1995-10-03,6.57,per_usd
1995-10-04,6.55,per_usd
1995-10-05,6.54,per_usd
1995-10-06,6.545,per_usd
1995-10-10,6.84,per_usd
1995-10-11,6.75,per_usd
1995-10-12,6.715,per_usd
1995-10-13,6.74,per_usd
1995-10-16,6.747,per_usd
1995-10-17,6.76,per_usd
1995-10-18,6.725,per_usd
1995-10-19,6.69,per_usd
1995-10-20,6.68,per_usd
1995-10-23,6.668,per_usd
1995-10-24,6.765,per_usd
1995-10-25,6.79,per_usd
1995-10-26,6.96,per_usd
1995-10-27,7.13,per_usd
1995-10-30,6.92,per_usd
1995-10-31,7.15,per_usd
1995-11-01,7.33,per_usd
1995-11-02,7.31,per_usd
1995-11-03,7.66,per_usd
1995-11-06,7.35,per_usd
1995-11-07,7.51,per_usd
1995-11-08,7.77,per_usd
1995-11-09,8.05,per_usd
1995-11-10,7.73,per_usd
1995-11-13,7.9,per_usd
1995-11-14,8.05,per_usd
1995-11-15,7.96,per_usd
1995-11-16,7.87,per_usd
1995-11-17,7.78,per_usd
1995-11-20,7.75,per_usd
1995-11-21,7.73,per_usd
1995-11-22,7.75,per_usd
1995-11-24,7.7,per_usd
1995-11-27,7.68,per_usd
1995-11-28,7.65,per_usd
1995-11-29,7.485,per_usd
1995-11-30,7.55,per_usd
1995-12-01,7.58,per_usd
1995-12-04,7.62,per_usd
1995-12-05,7.68,per_usd
1995-12-06,7.675,per_usd
1995-12-07,7.71,per_usd
1995-12-08,7.78,per_usd
1995-12-11,7.76,per_usd
1995-12-12,7.77,per_usd
1995-12-13,7.7975,per_usd
1995-12-14,7.82,per_usd
1995-12-15,7.77,per_usd
1995-12-18,7.755,per_usd
1995-12-19,7.69,per_usd
1995-12-20,7.55,per_usd
1995-12-21,7.59,per_usd
1995-12-22,7.58,per_usd
1995-12-26,7.55,per_usd
1995-12-27,7.635,per_usd
1995-12-28,7.6875,per_usd
1995-12-29,7.74,per_usd
1996-01-02,7.695,per_usd
1996-01-03,7.57,per_usd
1996-01-04,7.57,per_usd
1996-01-05,7.57,per_usd
1996-01-08,7.57,per_usd
1996-01-09,7.49,per_usd
1996-01-10,7.54,per_usd
1996-01-11,7.54,per_usd
1996-01-12,7.47,per_usd
1996-01-16,7.53,per_usd
1996-01-17,7.51,per_usd
1996-01-18,7.475,per_usd
1996-01-19,7.435,per_usd
1996-01-22,7.325,per_usd
1996-01-23,7.365,per_usd
1996-01-24,7.42,per_usd
1996-01-25,7.395,per_usd
1996-01-26,7.4325,per_usd
1996-01-29,7.39,per_usd
1996-01-30,7.36,per_usd
1996-01-31,7.44,per_usd
1996-02-01,7.414,per_usd
1996-02-02,7.425,per_usd
1996-02-05,7.41,per_usd
1996-02-06,7.478,per_usd
1996-02-07,7.4775,per_usd
1996-02-08,7.485,per_usd
1996-02-09,7.495,per_usd
1996-02-12,7.5275,per_usd
1996-02-13,7.57,per_usd
1996-02-14,7.535,per_usd
1996-02-15,7.505,per_usd
1996-02-16,7.55,per_usd
1996-02-20,7.5825,per_usd
1996-02-21,7.54,per_usd
1996-02-22,7.545,per_usd
1996-02-23,7.5325,per_usd
1996-02-26,7.558,per_usd
1996-02-27,7.54,per_usd
1996-02-28,7.56,per_usd
1996-02-29,7.635,per_usd
1996-03-01,7.59,per_usd
1996-03-04,7.575,per_usd
1996-03-05,7.585,per_usd
1996-03-06,7.61,per_usd
1996-03-07,7.57,per_usd
1996-03-08,7.591,per_usd
1996-03-11,7.615,per_usd
1996-03-12,7.608,per_usd
1996-03-13,7.595,per_usd
1996-03-14,7.56,per_usd
1996-03-15,7.576,per_usd
1996-03-18,7.555,per_usd
1996-03-19,7.525,per_usd
1996-03-20,7.532,per_usd
1996-03-21,7.55,per_usd
1996-03-22,7.56,per_usd
1996-03-25,7.5475,per_usd
1996-03-26,7.54,per_usd
1996-03-27,7.55,per_usd
1996-03-28,7.56,per_usd
1996-03-29,7.5375,per_usd
1996-04-01,7.5125,per_usd
1996-04-02,7.515,per_usd
1996-04-03,7.52,per_usd
1996-04-04,7.535,per_usd
1996-04-05,7.535,per_usd
1996-04-08,7.5725,per_usd
1996-04-09,7.54,per_usd
1996-04-10,7.492,per_usd
1996-04-11,7.485,per_usd
1996-04-12,7.5,per_usd
1996-04-15,7.4775,per_usd
1996-04-16,7.435,per_usd
1996-04-17,7.425,per_usd
1996-04-18,7.44,per_usd
1996-04-19,7.405,per_usd
1996-04-22,7.3825,per_usd
1996-04-23,7.425,per_usd
1996-04-24,7.435,per_usd
1996-04-25,7.385,per_usd
1996-04-26,7.412,per_usd
1996-04-29,7.457,per_usd
1996-04-30,7.44,per_usd
1996-05-01,7.415,per_usd
1996-05-02,7.4725,per_usd
1996-05-03,7.475,per_usd
1996-05-06,7.53,per_usd
1996-05-07,7.5075,per_usd
1996-05-08,7.49,per_usd
1996-05-09,7.475,per_usd
1996-05-10,7.448,per_usd
1996-05-13,7.441,per_usd
1996-05-14,7.415,per_usd
1996-05-15,7.45,per_usd
1996-05-16,7.425,per_usd
1996-05-17,7.407,per_usd
1996-05-20,7.415,per_usd
1996-05-21,7.395,per_usd
1996-05-22,7.389,per_usd
1996-05-23,7.3825,per_usd
1996-05-24,7.4025,per_usd
1996-05-28,7.395,per_usd
1996-05-29,7.4125,per_usd
1996-05-30,7.44,per_usd
1996-05-31,7.4275,per_usd
1996-06-03,7.475,per_usd
1996-06-04,7.431,per_usd
1996-06-05,7.475,per_usd
1996-06-06,7.505,per_usd
1996-06-07,7.52,per_usd
1996-06-10,7.525,per_usd
1996-06-11,7.62,per_usd
1996-06-12,7.5775,per_usd
1996-06-13,7.64,per_usd
1996-06-14,7.595,per_usd
1996-06-17,7.585,per_usd
1996-06-18,7.585,per_usd
1996-06-19,7.53,per_usd
1996-06-20,7.555,per_usd
1996-06-21,7.578,per_usd
1996-06-24,7.6475,per_usd
1996-06-25,7.6075,per_usd
1996-06-26,7.624,per_usd
1996-06-27,7.636,per_usd
1996-06-28,7.585,per_usd
1996-07-01,7.6075,per_usd
1996-07-02,7.591,per_usd
1996-07-03,7.6,per_usd
1996-07-05,7.633,per_usd
1996-07-08,7.67,per_usd
1996-07-09,7.64,per_usd
1996-07-10,7.625,per_usd
1996-07-11,7.648,per_usd
1996-07-12,7.6425,per_usd
1996-07-15,7.647,per_usd
1996-07-16,7.665,per_usd
1996-07-17,7.657,per_usd
1996-07-18,7.635,per_usd
1996-07-19,7.618,per_usd
1996-07-22,7.632,per_usd
1996-07-23,7.607,per_usd
1996-07-24,7.607,per_usd
1996-07-25,7.59,per_usd
1996-07-26,7.597,per_usd
1996-07-29,7.517,per_usd
1996-07-30,7.574,per_usd
1996-07-31,7.59,per_usd
1996-08-01,7.57,per_usd
1996-08-02,7.542,per_usd
1996-08-05,7.551,per_usd
1996-08-06,7.535,per_usd
1996-08-07,7.533,per_usd
1996-08-08,7.5325,per_usd
1996-08-09,7.52,per_usd
1996-08-12,7.508,per_usd
1996-08-13,7.4925,per_usd
1996-08-14,7.4925,per_usd
1996-08-15,7.5025,per_usd
1996-08-16,7.485,per_usd
1996-08-19,7.488,per_usd
1996-08-20,7.477,per_usd
1996-08-21,7.49,per_usd
1996-08-22,7.48,per_usd
1996-08-23,7.488,per_usd
1996-08-26,7.502,per_usd
1996-08-27,7.5175,per_usd
1996-08-28,7.493,per_usd
1996-08-29,7.525,per_usd
1996-08-30,7.59,per_usd
1996-09-03,7.578,per_usd
1996-09-04,7.561,per_usd
1996-09-05,7.6,per_usd
1996-09-06,7.574,per_usd
1996-09-09,7.545,per_usd
1996-09-10,7.545,per_usd
1996-09-11,7.56,per_usd
1996-09-12,7.545,per_usd
1996-09-13,7.514,per_usd
1996-09-16,7.515,per_usd
1996-09-17,7.508,per_usd
1996-09-18,7.49,per_usd
1996-09-19,7.5075,per_usd
1996-09-20,7.553,per_usd
1996-09-23,7.592,per_usd
1996-09-24,7.53,per_usd
1996-09-25,7.533,per_usd
1996-09-26,7.541,per_usd
1996-09-27,7.54,per_usd
1996-09-30,7.55,per_usd
1996-10-01,7.529,per_usd
1996-10-02,7.522,per_usd
1996-10-03,7.533,per_usd
1996-10-04,7.535,per_usd
1996-10-07,7.531,per_usd
1996-10-08,7.544,per_usd
1996-10-09,7.576,per_usd
1996-10-10,7.608,per_usd
1996-10-11,7.643,per_usd
1996-10-15,7.75,per_usd
1996-10-16,7.795,per_usd
1996-10-17,7.772,per_usd
1996-10-18,7.773,per_usd
1996-10-21,7.739,per_usd
1996-10-22,7.77,per_usd
1996-10-23,7.855,per_usd
1996-10-24,7.839,per_usd
1996-10-25,7.96,per_usd
1996-10-28,7.91,per_usd
1996-10-29,7.92,per_usd
1996-10-30,8.01,per_usd
1996-10-31,8.045,per_usd
1996-11-01,7.97,per_usd
1996-11-04,7.925,per_usd
1996-11-05,7.897,per_usd
1996-11-06,7.9025,per_usd
1996-11-07,7.958,per_usd
1996-11-08,7.92,per_usd
1996-11-12,7.92,per_usd
1996-11-13,7.925,per_usd
1996-11-14,7.915,per_usd
1996-11-15,7.95,per_usd
1996-11-18,7.906,per_usd
1996-11-19,7.9,per_usd
1996-11-20,7.89,per_usd
1996-11-21,7.887,per_usd
1996-11-22,7.88,per_usd
1996-11-25,7.915,per_usd
1996-11-26,7.88,per_usd
1996-11-27,7.89,per_usd
1996-11-29,7.895,per_usd
1996-12-02,7.89,per_usd
1996-12-03,7.88,per_usd
1996-12-04,7.87,per_usd
1996-12-05,7.89,per_usd
1996-12-06,7.92,per_usd
1996-12-09,7.905,per_usd
1996-12-10,7.88,per_usd
1996-12-11,7.9,per_usd
1996-12-12,7.913,per_usd
1996-12-13,7.92,per_usd
1996-12-16,7.89,per_usd
1996-12-17,7.88,per_usd
1996-12-18,7.835,per_usd
1996-12-19,7.87,per_usd
1996-12-20,7.846,per_usd
1996-12-23,7.84,per_usd
1996-12-24,7.84,per_usd
1996-12-26,7.85,per_usd
1996-12-27,7.855,per_usd
1996-12-30,7.859,per_usd
1996-12-31,7.881,per_usd
1997-01-02,7.905,per_usd
1997-01-03,7.87,per_usd
1997-01-06,7.855,per_usd
1997-01-07,7.84,per_usd
1997-01-08,7.82,per_usd
1997-01-09,7.82,per_usd
1997-01-10,7.86,per_usd
1997-01-13,7.81,per_usd
1997-01-14,7.804,per_usd
1997-01-15,7.81,per_usd
1997-01-16,7.82,per_usd
1997-01-17,7.828,per_usd
1997-01-21,7.8,per_usd
1997-01-22,7.799,per_usd
1997-01-23,7.795,per_usd
1997-01-24,7.825,per_usd
1997-01-27,7.83,per_usd
1997-01-28,7.8175,per_usd
1997-01-29,7.8325,per_usd
1997-01-30,7.845,per_usd
1997-01-31,7.82,per_usd
1997-02-03,7.817,per_usd
1997-02-04,7.834,per_usd
1997-02-05,7.815,per_usd
1997-02-06,7.83,per_usd
1997-02-07,7.805,per_usd
1997-02-10,7.8,per_usd
1997-02-11,7.795,per_usd
1997-02-12,7.79,per_usd
1997-02-13,7.794,per_usd
1997-02-14,7.78,per_usd
1997-02-18,7.798,per_usd
1997-02-19,7.789,per_usd
1997-02-20,7.7425,per_usd
1997-02-21,7.76,per_usd
1997-02-24,7.75,per_usd
1997-02-25,7.755,per_usd
1997-02-26,7.787,per_usd
1997-02-27,7.838,per_usd
1997-02-28,7.965,per_usd
1997-03-03,7.985,per_usd
1997-03-04,7.972,per_usd
1997-03-05,8.049,per_usd
1997-03-06,8.014,per_usd
1997-03-07,8.003,per_usd
1997-03-10,7.9525,per_usd
1997-03-11,7.977,per_usd
1997-03-12,7.961,per_usd
1997-03-13,7.997,per_usd
1997-03-14,7.98,per_usd
1997-03-17,7.99,per_usd
1997-03-18,7.95,per_usd
1997-03-19,7.92,per_usd
1997-03-20,7.94,per_usd
1997-03-21,7.915,per_usd
1997-03-24,7.9,per_usd
1997-03-25,7.892,per_usd
1997-03-26,7.91,per_usd
1997-03-27,7.913,per_usd
1997-03-28,7.93,per_usd
1997-03-31,7.93,per_usd
1997-04-01,7.915,per_usd
1997-04-02,7.93,per_usd
1997-04-03,7.969,per_usd
1997-04-04,7.952,per_usd
1997-04-07,7.902,per_usd
1997-04-08,7.887,per_usd
1997-04-09,7.891,per_usd
1997-04-10,7.9091,per_usd
1997-04-11,7.923,per_usd
1997-04-14,7.91,per_usd
1997-04-15,7.881,per_usd
1997-04-16,7.889,per_usd
1997-04-17,7.888,per_usd
1997-04-18,7.875,per_usd
1997-04-21,7.872,per_usd
1997-04-22,7.87,per_usd
1997-04-23,7.879,per_usd
1997-04-24,7.856,per_usd
1997-04-25,7.89,per_usd
1997-04-28,7.925,per_usd
1997-04-29,7.971,per_usd
1997-04-30,7.945,per_usd
1997-05-01,7.945,per_usd
1997-05-02,7.917,per_usd
1997-05-05,7.91,per_usd
1997-05-06,7.88,per_usd
1997-05-07,7.924,per_usd
1997-05-08,7.918,per_usd
1997-05-09,7.9005,per_usd
1997-05-12,7.925,per_usd
1997-05-13,7.905,per_usd
1997-05-14,7.894,per_usd
1997-05-15,7.899,per_usd
1997-05-16,7.895,per_usd
1997-05-19,7.894,per_usd
1997-05-20,7.885,per_usd
1997-05-21,7.865,per_usd
1997-05-22,7.87,per_usd
1997-05-23,7.885,per_usd
1997-05-27,7.93,per_usd
1997-05-28,7.91,per_usd
1997-05-29,7.91,per_usd
1997-05-30,7.917,per_usd
1997-06-02,7.91,per_usd
1997-06-03,7.914,per_usd
1997-06-04,7.929,per_usd
1997-06-05,7.947,per_usd
1997-06-06,7.985,per_usd
1997-06-09,7.987,per_usd
1997-06-10,7.965,per_usd
1997-06-11,7.973,per_usd
1997-06-12,7.965,per_usd
1997-06-13,7.965,per_usd
1997-06-16,7.9575,per_usd
1997-06-17,7.935,per_usd
1997-06-18,7.915,per_usd
1997-06-19,7.9114,per_usd
1997-06-20,7.961,per_usd
1997-06-23,7.975,per_usd
1997-06-24,7.944,per_usd
1997-06-25,7.948,per_usd
1997-06-26,7.955,per_usd
1997-06-27,7.951,per_usd
1997-06-30,7.952,per_usd
1997-07-01,7.93,per_usd
1997-07-02,7.951,per_usd
1997-07-03,7.953,per_usd
1997-07-07,7.907,per_usd
1997-07-08,7.919,per_usd
1997-07-09,7.898,per_usd
1997-07-10,7.879,per_usd
1997-07-11,7.852,per_usd
1997-07-14,7.872,per_usd
1997-07-15,7.887,per_usd
1997-07-16,7.923,per_usd
1997-07-17,7.859,per_usd
1997-07-18,7.903,per_usd
1997-07-21,7.886,per_usd
1997-07-22,7.855,per_usd
1997-07-23,7.837,per_usd
1997-07-24,7.835,per_usd
1997-07-25,7.774,per_usd
1997-07-28,7.782,per_usd
1997-07-29,7.799,per_usd
1997-07-30,7.768,per_usd
1997-07-31,7.825,per_usd
1997-08-01,7.823,per_usd
1997-08-04,7.826,per_usd
1997-08-05,7.805,per_usd
1997-08-06,7.78,per_usd
1997-08-07,7.792,per_usd
1997-08-08,7.83,per_usd
1997-08-11,7.8,per_usd
1997-08-12,7.78,per_usd
1997-08-13,7.782,per_usd
1997-08-14,7.77,per_usd
1997-08-15,7.7625,per_usd
1997-08-18,7.765,per_usd
1997-08-19,7.76,per_usd
1997-08-20,7.765,per_usd
1997-08-21,7.76,per_usd
1997-08-22,7.783,per_usd
1997-08-25,7.76,per_usd
1997-08-26,7.7575,per_usd
1997-08-27,7.759,per_usd
1997-08-28,7.7725,per_usd
1997-08-29,7.785,per_usd
1997-09-02,7.778,per_usd
1997-09-03,7.773,per_usd
1997-09-04,7.789,per_usd
1997-09-05,7.8075,per_usd
1997-09-08,7.785,per_usd
1997-09-09,7.78,per_usd
1997-09-10,7.7775,per_usd
1997-09-11,7.78,per_usd
1997-09-12,7.7775,per_usd
1997-09-15,7.7675,per_usd
1997-09-16,7.767,per_usd
1997-09-17,7.75,per_usd
1997-09-18,7.765,per_usd
1997-09-19,7.7525,per_usd
1997-09-22,7.725,per_usd
1997-09-23,7.77,per_usd
1997-09-24,7.8225,per_usd
1997-09-25,7.815,per_usd
1997-09-26,7.825,per_usd
1997-09-29,7.8175,per_usd
1997-09-30,7.775,per_usd
1997-10-01,7.7557,per_usd
1997-10-02,7.7575,per_usd
1997-10-03,7.754,per_usd
1997-10-06,7.7625,per_usd
1997-10-07,7.746,per_usd
1997-10-08,7.7625,per_usd
1997-10-09,7.77,per_usd
1997-10-10,7.758,per_usd
1997-10-14,7.745,per_usd
1997-10-15,7.742,per_usd
1997-10-16,7.748,per_usd
1997-10-17,7.745,per_usd
1997-10-20,7.725,per_usd
1997-10-21,7.7172,per_usd
1997-10-22,7.724,per_usd
1997-10-23,7.756,per_usd
1997-10-24,7.84,per_usd
1997-10-27,8.14,per_usd
1997-10-28,8.35,per_usd
1997-10-29,8.15,per_usd
1997-10-30,8.3,per_usd
1997-10-31,8.41,per_usd
1997-11-03,8.23,per_usd
1997-11-04,8.25,per_usd
1997-11-05,8.18,per_usd
1997-11-06,8.38,per_usd
1997-11-07,8.38,per_usd
1997-11-10,8.28,per_usd
1997-11-12,8.35,per_usd
1997-11-13,8.38,per_usd
1997-11-14,8.33,per_usd
1997-11-17,8.25,per_usd
1997-11-18,8.25,per_usd
1997-11-19,8.285,per_usd
1997-11-20,8.237,per_usd
1997-11-21,8.192,per_usd
1997-11-24,8.24,per_usd
1997-11-25,8.244,per_usd
1997-11-26,8.215,per_usd
1997-11-28,8.215,per_usd
1997-12-01,8.19,per_usd
1997-12-02,8.16,per_usd
1997-12-03,8.132,per_usd
1997-12-04,8.105,per_usd
1997-12-05,8.15,per_usd
1997-12-08,8.115,per_usd
1997-12-09,8.109,per_usd
1997-12-10,8.14,per_usd
1997-12-11,8.21,per_usd
1997-12-12,8.17,per_usd
1997-12-15,8.14,per_usd
1997-12-16,8.09,per_usd
1997-12-17,8.081,per_usd
1997-12-18,8.07,per_usd
1997-12-19,8.127,per_usd
1997-12-22,8.118,per_usd
1997-12-23,8.13,per_usd
1997-12-24,8.1925,per_usd
1997-12-26,8.145,per_usd
1997-12-29,8.084,per_usd
1997-12-30,8.067,per_usd
1997-12-31,8.07,per_usd
1998-01-02,8.06,per_usd
1998-01-05,8.042,per_usd
1998-01-06,8.04,per_usd
1998-01-07,8.065,per_usd
1998-01-08,8.077,per_usd
1998-01-09,8.09,per_usd
1998-01-12,8.3,per_usd
1998-01-13,8.17,per_usd
1998-01-14,8.2,per_usd
1998-01-15,8.3,per_usd
1998-01-16,8.202,per_usd
1998-01-20,8.22,per_usd
1998-01-21,8.28,per_usd
1998-01-22,8.33,per_usd
1998-01-23,8.3,per_usd
1998-01-26,8.282,per_usd
1998-01-27,8.27,per_usd
1998-01-28,8.38,per_usd
1998-01-29,8.48,per_usd
1998-01-30,8.455,per_usd
1998-02-02,8.447,per_usd
1998-02-03,8.4325,per_usd
1998-02-04,8.409,per_usd
1998-02-05,8.422,per_usd
1998-02-06,8.422,per_usd
1998-02-09,8.452,per_usd
1998-02-10,8.501,per_usd
1998-02-11,8.457,per_usd
1998-02-12,8.455,per_usd
1998-02-13,8.47,per_usd
1998-02-17,8.472,per_usd
1998-02-18,8.55,per_usd
1998-02-19,8.545,per_usd
1998-02-20,8.59,per_usd
1998-02-23,8.63,per_usd
1998-02-24,8.61,per_usd
1998-02-25,8.583,per_usd
1998-02-26,8.564,per_usd
1998-02-27,8.5275,per_usd
1998-03-02,8.497,per_usd
1998-03-03,8.53,per_usd
1998-03-04,8.587,per_usd
1998-03-05,8.613,per_usd
1998-03-06,8.6025,per_usd
1998-03-09,8.624,per_usd
1998-03-10,8.6275,per_usd
1998-03-11,8.666,per_usd
1998-03-12,8.575,per_usd
1998-03-13,8.56,per_usd
1998-03-16,8.587,per_usd
1998-03-17,8.5925,per_usd
1998-03-18,8.5925,per_usd
1998-03-19,8.5675,per_usd
1998-03-20,8.581,per_usd
1998-03-23,8.535,per_usd
1998-03-24,8.535,per_usd
1998-03-25,8.525,per_usd
1998-03-26,8.519,per_usd
1998-03-27,8.525,per_usd
1998-03-30,8.536,per_usd
1998-03-31,8.52,per_usd
1998-04-01,8.6,per_usd
1998-04-02,8.521,per_usd
1998-04-03,8.551,per_usd
1998-04-06,8.521,per_usd
1998-04-07,8.5325,per_usd
1998-04-08,8.514,per_usd
1998-04-09,8.497,per_usd
1998-04-10,8.488,per_usd
1998-04-13,8.515,per_usd
1998-04-14,8.491,per_usd
1998-04-15,8.4725,per_usd
1998-04-16,8.503,per_usd
1998-04-17,8.488,per_usd
1998-04-20,8.476,per_usd
1998-04-21,8.4575,per_usd
1998-04-22,8.463,per_usd
1998-04-23,8.467,per_usd
1998-04-24,8.478,per_usd
1998-04-27,8.515,per_usd
1998-04-28,8.489,per_usd
1998-04-29,8.505,per_usd
1998-04-30,8.492,per_usd
1998-05-01,8.495,per_usd
1998-05-04,8.479,per_usd
1998-05-05,8.475,per_usd
1998-05-06,8.48,per_usd
1998-05-07,8.501,per_usd
1998-05-08,8.478,per_usd
1998-05-11,8.47,per_usd
1998-05-12,8.51,per_usd
1998-05-13,8.515,per_usd
1998-05-14,8.505,per_usd
1998-05-15,8.52,per_usd
1998-05-18,8.536,per_usd
1998-05-19,8.58,per_usd
1998-05-20,8.64,per_usd
1998-05-21,8.635,per_usd
1998-05-22,8.65,per_usd
1998-05-26,8.7273,per_usd
1998-05-27,8.89,per_usd
1998-05-28,8.785,per_usd
1998-05-29,8.825,per_usd
1998-06-01,8.908,per_usd
1998-06-02,8.88,per_usd
1998-06-03,8.795,per_usd
1998-06-04,8.78,per_usd
1998-06-05,8.769,per_usd
1998-06-08,8.835,per_usd
1998-06-09,8.828,per_usd
1998-06-10,8.875,per_usd
1998-06-11,8.985,per_usd
1998-06-12,9.07,per_usd
1998-06-15,9.04,per_usd
1998-06-16,9.007,per_usd
1998-06-17,8.89,per_usd
1998-06-18,8.9091,per_usd
1998-06-19,8.887,per_usd
1998-06-22,8.915,per_usd
1998-06-23,8.91,per_usd
1998-06-24,8.94,per_usd
1998-06-25,8.955,per_usd
1998-06-26,9.047,per_usd
1998-06-29,9.03,per_usd
1998-06-30,8.985,per_usd
1998-07-01,8.941,per_usd
1998-07-02,8.982,per_usd
1998-07-03,8.951,per_usd
1998-07-06,8.975,per_usd
1998-07-07,8.96,per_usd
1998-07-08,8.92,per_usd
1998-07-09,8.947,per_usd
1998-07-10,8.957,per_usd
1998-07-13,8.8995,per_usd
1998-07-14,8.857,per_usd
1998-07-15,8.855,per_usd
1998-07-16,8.8475,per_usd
1998-07-17,8.824,per_usd
1998-07-20,8.795,per_usd
1998-07-21,8.818,per_usd
1998-07-22,8.874,per_usd
1998-07-23,8.868,per_usd
1998-07-24,8.878,per_usd
1998-07-27,8.892,per_usd
1998-07-28,8.892,per_usd
1998-07-29,8.921,per_usd
1998-07-30,8.904,per_usd
1998-07-31,8.92,per_usd
1998-08-03,8.962,per_usd
1998-08-04,8.965,per_usd
1998-08-05,9.007,per_usd
1998-08-06,9.029,per_usd
1998-08-07,9.025,per_usd
1998-08-10,9.1375,per_usd
1998-08-11,9.195,per_usd
1998-08-12,9.185,per_usd
1998-08-13,9.2225,per_usd
1998-08-14,9.201,per_usd
1998-08-17,9.3015,per_usd
1998-08-18,9.24,per_usd
1998-08-19,9.195,per_usd
1998-08-20,9.31,per_usd
1998-08-21,9.7,per_usd
1998-08-24,9.665,per_usd
1998-08-25,9.59,per_usd
1998-08-26,9.86,per_usd
1998-08-27,9.97,per_usd
1998-08-28,10.05,per_usd
1998-08-31,9.985,per_usd
1998-09-01,9.99,per_usd
1998-09-02,9.94,per_usd
1998-09-03,10.12,per_usd
1998-09-04,10.146,per_usd
1998-09-08,10.308,per_usd
1998-09-09,10.37,per_usd
1998-09-10,10.63,per_usd
1998-09-11,10.53,per_usd
1998-09-14,10.535,per_usd
1998-09-15,10.21,per_usd
1998-09-16,10.05,per_usd
1998-09-17,10.31,per_usd
1998-09-18,10.145,per_usd
1998-09-21,10.32,per_usd
1998-09-22,10.105,per_usd
1998-09-23,10.115,per_usd
1998-09-24,10.124,per_usd
1998-09-25,10.24,per_usd
1998-09-28,10.11,per_usd
1998-09-29,10.11,per_usd
1998-09-30,10.196,per_usd
1998-10-01,10.324,per_usd
1998-10-02,10.31,per_usd
1998-10-05,10.2,per_usd
1998-10-06,10.19,per_usd
1998-10-07,10.195,per_usd
1998-10-08,10.38,per_usd
1998-10-09,10.23,per_usd
1998-10-13,10.198,per_usd
1998-10-14,10.18,per_usd
1998-10-15,10.125,per_usd
1998-10-16,10.085,per_usd
1998-10-19,10.1,per_usd
1998-10-20,10.05,per_usd
1998-10-21,10.04,per_usd
1998-10-22,9.995,per_usd
1998-10-23,10.04,per_usd
1998-10-26,10.023,per_usd
1998-10-27,10.195,per_usd
1998-10-28,10.17,per_usd
1998-10-29,10.215,per_usd
1998-10-30,10.102,per_usd
1998-11-02,9.99,per_usd
1998-11-03,10.03,per_usd
1998-11-04,9.948,per_usd
1998-11-05,9.987,per_usd
1998-11-06,9.976,per_usd
1998-11-09,10.01,per_usd
1998-11-10,10.02,per_usd
1998-11-12,10.051,per_usd
1998-11-13,9.995,per_usd
1998-11-16,9.9675,per_usd
1998-11-17,9.945,per_usd
1998-11-18,9.94,per_usd
1998-11-19,9.93,per_usd
1998-11-20,9.9,per_usd
1998-11-23,9.875,per_usd
1998-11-24,9.93,per_usd
1998-11-25,9.9325,per_usd
1998-11-27,9.969,per_usd
1998-11-30,10.005,per_usd
1998-12-01,10.027,per_usd
1998-12-02,9.97,per_usd
1998-12-03,9.9925,per_usd
1998-12-04,9.995,per_usd
1998-12-07,10.01,per_usd
1998-12-08,9.9415,per_usd
1998-12-09,9.954,per_usd
1998-12-10,9.95,per_usd
1998-12-11,9.938,per_usd
1998-12-14,9.944,per_usd
1998-12-15,9.953,per_usd
1998-12-16,9.885,per_usd
1998-12-17,9.8,per_usd
1998-12-18,9.7725,per_usd
1998-12-21,9.759,per_usd
1998-12-22,9.805,per_usd
1998-12-23,9.82,per_usd
1998-12-24,9.885,per_usd
1998-12-28,9.845,per_usd
1998-12-29,9.86,per_usd
1998-12-30,9.94,per_usd
1998-12-31,9.901,per_usd
1999-01-04,9.831,per_usd
1999-01-05,9.796,per_usd
1999-01-06,9.78,per_usd
1999-01-07,9.83,per_usd
1999-01-08,9.8105,per_usd
1999-01-11,9.956,per_usd
1999-01-12,10.1,per_usd
1999-01-13,10.6,per_usd
1999-01-14,10.53,per_usd
1999-01-15,10.29,per_usd
1999-01-19,10.27,per_usd
1999-01-20,10.195,per_usd
1999-01-21,10.29,per_usd
1999-01-22,10.2025,per_usd
1999-01-25,10.23,per_usd
1999-01-26,10.22,per_usd
1999-01-27,10.17,per_usd
1999-01-28,10.1775,per_usd
1999-01-29,10.152,per_usd
1999-02-01,10.12,per_usd
1999-02-02,10.095,per_usd
1999-02-03,10.125,per_usd
1999-02-04,10.115,per_usd
1999-02-05,10.09,per_usd
1999-02-08,10.0925,per_usd
1999-02-09,10.08,per_usd
1999-02-10,10.063,per_usd
1999-02-11,10.002,per_usd
1999-02-12,9.95,per_usd
1999-02-16,9.9225,per_usd
1999-02-17,9.884,per_usd
1999-02-18,9.885,per_usd
1999-02-19,9.935,per_usd
1999-02-22,9.93,per_usd
1999-02-23,9.95,per_usd
1999-02-24,9.938,per_usd
1999-02-25,9.995,per_usd
1999-02-26,9.9365,per_usd
1999-03-01,9.915,per_usd
1999-03-02,9.951,per_usd
1999-03-03,9.965,per_usd
1999-03-04,9.935,per_usd
1999-03-05,9.876,per_usd
1999-03-08,9.838,per_usd
1999-03-09,9.7945,per_usd
1999-03-10,9.8,per_usd
1999-03-11,9.75,per_usd
1999-03-12,9.77,per_usd
1999-03-15,9.69,per_usd
1999-03-16,9.68,per_usd
1999-03-17,9.683,per_usd
1999-03-18,9.64,per_usd
1999-03-19,9.675,per_usd
1999-03-22,9.715,per_usd
1999-03-23,9.67,per_usd
1999-03-24,9.6875,per_usd
1999-03-25,9.645,per_usd
1999-03-26,9.59,per_usd
1999-03-29,9.514,per_usd
1999-03-30,9.54,per_usd
1999-03-31,9.521,per_usd
1999-04-01,9.5175,per_usd
1999-04-02,9.51,per_usd
1999-04-05,9.475,per_usd
1999-04-06,9.495,per_usd
1999-04-07,9.498,per_usd
1999-04-08,9.49,per_usd
1999-04-09,9.587,per_usd
1999-04-12,9.56,per_usd
1999-04-13,9.51,per_usd
1999-04-14,9.51,per_usd
1999-04-15,9.54,per_usd
1999-04-16,9.53,per_usd
1999-04-19,9.378,per_usd
1999-04-20,9.415,per_usd
1999-04-21,9.3695,per_usd
1999-04-22,9.338,per_usd
1999-04-23,9.29,per_usd
1999-04-26,9.315,per_usd
1999-04-27,9.3333,per_usd
1999-04-28,9.3,per_usd
1999-04-29,9.266,per_usd
1999-04-30,9.2425,per_usd
1999-05-03,9.263,per_usd
1999-05-04,9.277,per_usd
1999-05-05,9.3275,per_usd
1999-05-06,9.3375,per_usd
1999-05-07,9.347,per_usd
1999-05-10,9.2985,per_usd
1999-05-11,9.2555,per_usd
1999-05-12,9.324,per_usd
1999-05-13,9.2675,per_usd
1999-05-14,9.3675,per_usd
1999-05-17,9.3625,per_usd
1999-05-18,9.3,per_usd
1999-05-19,9.312,per_usd
1999-05-20,9.34,per_usd
1999-05-21,9.37,per_usd
1999-05-24,9.4,per_usd
1999-05-25,9.5475,per_usd
1999-05-26,9.665,per_usd
1999-05-27,9.755,per_usd
1999-05-28,9.7925,per_usd
1999-06-01,9.81,per_usd
1999-06-02,9.775,per_usd
1999-06-03,9.6575,per_usd
1999-06-04,9.615,per_usd
1999-06-07,9.4975,per_usd
1999-06-08,9.5,per_usd
1999-06-09,9.565,per_usd
1999-06-10,9.6,per_usd
1999-06-11,9.545,per_usd
1999-06-14,9.5825,per_usd
1999-06-15,9.5155,per_usd
1999-06-16,9.4625,per_usd
1999-06-17,9.379,per_usd
1999-06-18,9.365,per_usd
1999-06-21,9.3925,per_usd
1999-06-22,9.358,per_usd
1999-06-23,9.395,per_usd
1999-06-24,9.47,per_usd
1999-06-25,9.493,per_usd
1999-06-28,9.483,per_usd
1999-06-29,9.4175,per_usd
1999-06-30,9.443,per_usd
1999-07-01,9.3775,per_usd
1999-07-02,9.36,per_usd
1999-07-06,9.325,per_usd
1999-07-07,9.364,per_usd
1999-07-08,9.335,per_usd
1999-07-09,9.367,per_usd
1999-07-12,9.455,per_usd
1999-07-13,9.455,per_usd
1999-07-14,9.335,per_usd
1999-07-15,9.345,per_usd
1999-07-16,9.358,per_usd
1999-07-19,9.3025,per_usd
1999-07-20,9.299,per_usd
1999-07-21,9.345,per_usd
1999-07-22,9.3825,per_usd
1999-07-23,9.388,per_usd
1999-07-26,9.412,per_usd
1999-07-27,9.3675,per_usd
1999-07-28,9.38,per_usd
1999-07-29,9.415,per_usd
1999-07-30,9.4,per_usd
1999-08-02,9.4,per_usd
1999-08-03,9.455,per_usd
1999-08-04,9.4425,per_usd
1999-08-05,9.49,per_usd
1999-08-06,9.495,per_usd
1999-08-09,9.484,per_usd
1999-08-10,9.515,per_usd
1999-08-11,9.421,per_usd
1999-08-12,9.354,per_usd
1999-08-13,9.3875,per_usd
1999-08-16,9.36,per_usd
1999-08-17,9.339,per_usd
1999-08-18,9.324,per_usd
1999-08-19,9.385,per_usd
1999-08-20,9.4,per_usd
1999-08-23,9.344,per_usd
1999-08-24,9.3175,per_usd
1999-08-25,9.31,per_usd
1999-08-26,9.337,per_usd
1999-08-27,9.39,per_usd
1999-08-30,9.41,per_usd
1999-08-31,9.393,per_usd
1999-09-01,9.336,per_usd
1999-09-02,9.376,per_usd
1999-09-03,9.344,per_usd
1999-09-07,9.355,per_usd
1999-09-08,9.35,per_usd
1999-09-09,9.346,per_usd
1999-09-10,9.3175,per_usd
1999-09-13,9.323,per_usd
1999-09-14,9.335,per_usd
1999-09-15,9.305,per_usd
1999-09-16,9.43,per_usd
1999-09-17,9.38,per_usd
1999-09-20,9.326,per_usd
1999-09-21,9.2975,per_usd
1999-09-22,9.288,per_usd
1999-09-23,9.3075,per_usd
1999-09-24,9.3625,per_usd
1999-09-27,9.317,per_usd
1999-09-28,9.359,per_usd
1999-09-29,9.36,per_usd
1999-09-30,9.352,per_usd
1999-10-01,9.405,per_usd
1999-10-04,9.451,per_usd
1999-10-05,9.476,per_usd
1999-10-06,9.43,per_usd
1999-10-07,9.464,per_usd
1999-10-08,9.4775,per_usd
1999-10-12,9.4685,per_usd
1999-10-13,9.52,per_usd
1999-10-14,9.645,per_usd
1999-10-15,9.72,per_usd
1999-10-18,9.7325,per_usd
1999-10-19,9.673,per_usd
1999-10-20,9.615,per_usd
1999-10-21,9.6475,per_usd
1999-10-22,9.5975,per_usd
1999-10-25,9.644,per_usd
1999-10-26,9.628,per_usd
1999-10-27,9.652,per_usd
1999-10-28,9.64,per_usd
1999-10-29,9.618,per_usd
1999-11-01,9.624,per_usd
1999-11-02,9.5805,per_usd
1999-11-03,9.548,per_usd
1999-11-04,9.481,per_usd
1999-11-05,9.457,per_usd
1999-11-08,9.462,per_usd
1999-11-09,9.427,per_usd
1999-11-10,9.409,per_usd
1999-11-12,9.385,per_usd
1999-11-15,9.365,per_usd
1999-11-16,9.404,per_usd
1999-11-17,9.3525,per_usd
1999-11-18,9.348,per_usd
1999-11-19,9.328,per_usd
1999-11-22,9.3205,per_usd
1999-11-23,9.336,per_usd
1999-11-24,9.32,per_usd
1999-11-26,9.361,per_usd
1999-11-29,9.39,per_usd
1999-11-30,9.424,per_usd
1999-12-01,9.47,per_usd
1999-12-02,9.5225,per_usd
1999-12-03,9.48,per_usd
1999-12-06,9.4615,per_usd
1999-12-07,9.45,per_usd
1999-12-08,9.477,per_usd
1999-12-09,9.4285,per_usd
1999-12-10,9.416,per_usd
1999-12-13,9.412,per_usd
1999-12-14,9.4125,per_usd
1999-12-15,9.374,per_usd
1999-12-16,9.363,per_usd
1999-12-17,9.33,per_usd
1999-12-20,9.3335,per_usd
1999-12-21,9.32,per_usd
1999-12-22,9.308,per_usd
1999-12-23,9.376,per_usd
1999-12-24,9.4175,per_usd
1999-12-27,9.4575,per_usd
1999-12-28,9.506,per_usd
1999-12-29,9.533,per_usd
1999-12-30,9.495,per_usd
1999-12-31,9.48,per_usd
2000-01-03,9.4015,per_usd
2000-01-04,9.457,per_usd
2000-01-05,9.535,per_usd
2000-01-06,9.567,per_usd
2000-01-07,9.52,per_usd
2000-01-10,9.445,per_usd
2000-01-11,9.4825,per_usd
2000-01-12,9.515,per_usd
2000-01-13,9.51,per_usd
2000-01-14,9.455,per_usd
2000-01-18,9.441,per_usd
2000-01-19,9.418,per_usd
2000-01-20,9.408,per_usd
2000-01-21,9.447,per_usd
2000-01-24,9.485,per_usd
2000-01-25,9.525,per_usd
2000-01-26,9.5175,per_usd
2000-01-27,9.52,per_usd
2000-01-28,9.581,per_usd
2000-01-31,9.64,per_usd
2000-02-01,9.597,per_usd
2000-02-02,9.575,per_usd
2000-02-03,9.51,per_usd
2000-02-04,9.481,per_usd
2000-02-07,9.436,per_usd
2000-02-08,9.402,per_usd
2000-02-09,9.399,per_usd
2000-02-10,9.4365,per_usd
2000-02-11,9.423,per_usd
2000-02-14,9.393,per_usd
2000-02-15,9.3875,per_usd
2000-02-16,9.3715,per_usd
2000-02-17,9.398,per_usd
2000-02-18,9.354,per_usd
2000-02-22,9.427,per_usd
2000-02-23,9.413,per_usd
2000-02-24,9.382,per_usd
2000-02-25,9.378,per_usd
2000-02-28,9.4025,per_usd
2000-02-29,9.3645,per_usd
2000-03-01,9.363,per_usd
2000-03-02,9.341,per_usd
2000-03-03,9.315,per_usd
2000-03-06,9.3175,per_usd
2000-03-07,9.285,per_usd
2000-03-08,9.272,per_usd
2000-03-09,9.2925,per_usd
2000-03-10,9.3175,per_usd
2000-03-13,9.313,per_usd
2000-03-14,9.319,per_usd
2000-03-15,9.337,per_usd
2000-03-16,9.325,per_usd
2000-03-17,9.322,per_usd
2000-03-20,9.321,per_usd
2000-03-21,9.3,per_usd
2000-03-22,9.275,per_usd
2000-03-23,9.2375,per_usd
2000-03-24,9.1875,per_usd
2000-03-27,9.1825,per_usd
2000-03-28,9.184,per_usd
2000-03-29,9.235,per_usd
2000-03-30,9.306,per_usd
2000-03-31,9.2895,per_usd
2000-04-03,9.29,per_usd
2000-04-04,9.312,per_usd
2000-04-05,9.395,per_usd
2000-04-06,9.364,per_usd
2000-04-07,9.3222,per_usd
2000-04-10,9.29,per_usd
2000-04-11,9.366,per_usd
2000-04-12,9.397,per_usd
2000-04-13,9.399,per_usd
2000-04-14,9.501,per_usd
2000-04-17,9.4825,per_usd
2000-04-18,9.437,per_usd
2000-04-19,9.391,per_usd
2000-04-20,9.403,per_usd
2000-04-21,9.4045,per_usd
2000-04-24,9.4405,per_usd
2000-04-25,9.405,per_usd
2000-04-26,9.409,per_usd
2000-04-27,9.454,per_usd
2000-04-28,9.411,per_usd
2000-05-01,9.335,per_usd
2000-05-02,9.334,per_usd
2000-05-03,9.3675,per_usd
2000-05-04,9.3965,per_usd
2000-05-05,9.48,per_usd
2000-05-08,9.4825,per_usd
2000-05-09,9.4875,per_usd
2000-05-10,9.572,per_usd
2000-05-11,9.583,per_usd
2000-05-12,9.5627,per_usd
2000-05-15,9.576,per_usd
2000-05-16,9.508,per_usd
2000-05-17,9.5505,per_usd
2000-05-18,9.582,per_usd
2000-05-19,9.627,per_usd
2000-05-22,9.573,per_usd
2000-05-23,9.5025,per_usd
2000-05-24,9.54,per_usd
2000-05-25,9.5085,per_usd
2000-05-26,9.53,per_usd
2000-05-30,9.52,per_usd
2000-05-31,9.511,per_usd
2000-06-01,9.49,per_usd
2000-06-02,9.5575,per_usd
2000-06-05,9.547,per_usd
2000-06-06,9.675,per_usd
2000-06-07,9.784,per_usd
2000-06-08,9.9,per_usd
2000-06-09,9.9325,per_usd
2000-06-12,9.857,per_usd
2000-06-13,9.788,per_usd
2000-06-14,9.7875,per_usd
2000-06-15,9.847,per_usd
2000-06-16,9.9235,per_usd
2000-06-19,9.909,per_usd
2000-06-20,9.879,per_usd
2000-06-21,9.815,per_usd
2000-06-22,9.879,per_usd
2000-06-23,9.975,per_usd
2000-06-26,10.023,per_usd
2000-06-27,10.087,per_usd
2000-06-28,9.9685,per_usd
2000-06-29,9.888,per_usd
2000-06-30,9.843,per_usd
2000-07-03,9.5525,per_usd
2000-07-05,9.515,per_usd
2000-07-06,9.557,per_usd
2000-07-07,9.508,per_usd
2000-07-10,9.5,per_usd
2000-07-11,9.439,per_usd
2000-07-12,9.4815,per_usd
2000-07-13,9.4375,per_usd
2000-07-14,9.424,per_usd
2000-07-17,9.342,per_usd
2000-07-18,9.3385,per_usd
2000-07-19,9.415,per_usd
2000-07-20,9.38,per_usd
2000-07-21,9.343,per_usd
2000-07-24,9.329,per_usd
2000-07-25,9.3585,per_usd
2000-07-26,9.362,per_usd
2000-07-27,9.37,per_usd
2000-07-28,9.364,per_usd
2000-07-31,9.368,per_usd
2000-08-01,9.345,per_usd
2000-08-02,9.345,per_usd
2000-08-03,9.388,per_usd
2000-08-04,9.357,per_usd
2000-08-07,9.337,per_usd
2000-08-08,9.35,per_usd
2000-08-09,9.327,per_usd
2000-08-10,9.322,per_usd
2000-08-11,9.279,per_usd
2000-08-14,9.246,per_usd
2000-08-15,9.24,per_usd
2000-08-16,9.183,per_usd
2000-08-17,9.189,per_usd
2000-08-18,9.25,per_usd
2000-08-21,9.261,per_usd
2000-08-22,9.239,per_usd
2000-08-23,9.2725,per_usd
2000-08-24,9.244,per_usd
2000-08-25,9.232,per_usd
2000-08-28,9.213,per_usd
2000-08-29,9.2325,per_usd
2000-08-30,9.214,per_usd
2000-08-31,9.2,per_usd
2000-09-01,9.2075,per_usd
2000-09-05,9.255,per_usd
2000-09-06,9.318,per_usd
2000-09-07,9.314,per_usd
2000-09-08,9.327,per_usd
2000-09-11,9.2825,per_usd
2000-09-12,9.251,per_usd
2000-09-13,9.283,per_usd
2000-09-14,9.307,per_usd
2000-09-15,9.361,per_usd
2000-09-18,9.4225,per_usd
2000-09-19,9.422,per_usd
2000-09-20,9.456,per_usd
2000-09-21,9.436,per_usd
2000-09-22,9.475,per_usd
2000-09-25,9.428,per_usd
2000-09-26,9.4035,per_usd
2000-09-27,9.4145,per_usd
2000-09-28,9.426,per_usd
2000-09-29,9.44,per_usd
2000-10-02,9.4075,per_usd
2000-10-03,9.399,per_usd
2000-10-04,9.44,per_usd
2000-10-05,9.4575,per_usd
2000-10-06,9.466,per_usd
2000-10-10,9.465,per_usd
2000-10-11,9.48,per_usd
2000-10-12,9.52,per_usd
2000-10-13,9.595,per_usd
2000-10-16,9.548,per_usd
2000-10-17,9.547,per_usd
2000-10-18,9.578,per_usd
2000-10-19,9.545,per_usd
2000-10-20,9.558,per_usd
2000-10-23,9.573,per_usd
2000-10-24,9.571,per_usd
2000-10-25,9.627,per_usd
2000-10-26,9.696,per_usd
2000-10-27,9.635,per_usd
2000-10-30,9.604,per_usd
2000-10-31,9.564,per_usd
2000-11-01,9.581,per_usd
2000-11-02,9.581,per_usd
2000-11-03,9.61,per_usd
2000-11-06,9.64,per_usd
2000-11-07,9.6475,per_usd
2000-11-08,9.618,per_usd
2000-11-09,9.648,per_usd
2000-11-10,9.605,per_usd
2000-11-13,9.5705,per_usd
2000-11-14,9.495,per_usd
2000-11-15,9.465,per_usd
2000-11-16,9.497,per_usd
2000-11-17,9.478,per_usd
2000-11-20,9.457,per_usd
2000-11-21,9.414,per_usd
2000-11-22,9.376,per_usd
2000-11-24,9.399,per_usd
2000-11-27,9.371,per_usd
2000-11-28,9.412,per_usd
2000-11-29,9.396,per_usd
2000-11-30,9.41,per_usd
2000-12-01,9.42,per_usd
2000-12-04,9.414,per_usd
2000-12-05,9.375,per_usd
2000-12-06,9.408,per_usd
2000-12-07,9.429,per_usd
2000-12-08,9.399,per_usd
2000-12-11,9.4465,per_usd
2000-12-12,9.471,per_usd
2000-12-13,9.4505,per_usd
2000-12-14,9.417,per_usd
2000-12-15,9.409,per_usd
2000-12-18,9.38,per_usd
2000-12-19,9.37,per_usd
2000-12-20,9.435,per_usd
2000-12-21,9.585,per_usd
2000-12-22,9.604,per_usd
2000-12-26,9.53,per_usd
2000-12-27,9.577,per_usd
2000-12-28,9.607,per_usd
2000-12-29,9.618,per_usd
2001-01-02,9.714,per_usd
2001-01-03,9.836,per_usd
2001-01-04,9.698,per_usd
2001-01-05,9.753,per_usd
2001-01-08,9.691,per_usd
2001-01-09,9.746,per_usd
2001-01-10,9.8145,per_usd
2001-01-11,9.845,per_usd
2001-01-12,9.8775,per_usd
2001-01-16,9.972,per_usd
2001-01-17,9.88,per_usd
2001-01-18,9.885,per_usd
2001-01-19,9.79,per_usd
2001-01-22,9.785,per_usd
2001-01-23,9.768,per_usd
2001-01-24,9.692,per_usd
2001-01-25,9.687,per_usd
2001-01-26,9.697,per_usd
2001-01-29,9.6695,per_usd
2001-01-30,9.665,per_usd
2001-01-31,9.679,per_usd
2001-02-01,9.733,per_usd
2001-02-02,9.769,per_usd
2001-02-05,9.78,per_usd
2001-02-06,9.689,per_usd
2001-02-07,9.694,per_usd
2001-02-08,9.657,per_usd
2001-02-09,9.764,per_usd
2001-02-12,9.741,per_usd
2001-02-13,9.704,per_usd
2001-02-14,9.718,per_usd
2001-02-15,9.68,per_usd
2001-02-16,9.703,per_usd
2001-02-20,9.68,per_usd
2001-02-21,9.7,per_usd
2001-02-22,9.735,per_usd
2001-02-23,9.714,per_usd
2001-02-26,9.668,per_usd
2001-02-27,9.684,per_usd
2001-02-28,9.6925,per_usd
2001-03-01,9.706,per_usd
2001-03-02,9.667,per_usd
2001-03-05,9.639,per_usd
2001-03-06,9.6385,per_usd
2001-03-07,9.652,per_usd
2001-03-08,9.644,per_usd
2001-03-09,9.671,per_usd
2001-03-12,9.665,per_usd
2001-03-13,9.631,per_usd
2001-03-14,9.571,per_usd
2001-03-15,9.593,per_usd
2001-03-16,9.622,per_usd
2001-03-19,9.573,per_usd
2001-03-20,9.515,per_usd
2001-03-21,9.535,per_usd
2001-03-22,9.585,per_usd
2001-03-23,9.663,per_usd
2001-03-26,9.538,per_usd
2001-03-27,9.516,per_usd
2001-03-28,9.541,per_usd
2001-03-29,9.527,per_usd
2001-03-30,9.485,per_usd
2001-04-02,9.414,per_usd
2001-04-03,9.394,per_usd
2001-04-04,9.4225,per_usd
2001-04-05,9.3875,per_usd
2001-04-06,9.405,per_usd
2001-04-09,9.36,per_usd
2001-04-10,9.3225,per_usd
2001-04-11,9.29,per_usd
2001-04-12,9.313,per_usd
2001-04-13,9.305,per_usd
2001-04-16,9.332,per_usd
2001-04-17,9.287,per_usd
2001-04-18,9.187,per_usd
2001-04-19,9.2725,per_usd
2001-04-20,9.373,per_usd
2001-04-23,9.388,per_usd
2001-04-24,9.289,per_usd
2001-04-25,9.3145,per_usd
2001-04-26,9.258,per_usd
2001-04-27,9.304,per_usd
2001-04-30,9.261,per_usd
2001-05-01,9.2725,per_usd
2001-05-02,9.2915,per_usd
2001-05-03,9.287,per_usd
2001-05-04,9.257,per_usd
2001-05-07,9.222,per_usd
2001-05-08,9.212,per_usd
2001-05-09,9.2115,per_usd
2001-05-10,9.1945,per_usd
2001-05-11,9.227,per_usd
2001-05-14,9.193,per_usd
2001-05-15,9.166,per_usd
2001-05-16,9.166,per_usd
2001-05-17,9,per_usd
2001-05-18,8.98,per_usd
2001-05-21,8.946,per_usd
2001-05-22,8.98,per_usd
2001-05-23,9.05,per_usd
2001-05-24,9.088,per_usd
2001-05-25,9.09,per_usd
2001-05-29,9.081,per_usd
2001-05-30,9.165,per_usd
2001-05-31,9.165,per_usd
2001-06-01,9.18,per_usd
2001-06-04,9.139,per_usd
2001-06-05,9.1725,per_usd
2001-06-06,9.125,per_usd
2001-06-07,9.119,per_usd
2001-06-08,9.074,per_usd
2001-06-11,9.045,per_usd
2001-06-12,9.089,per_usd
2001-06-13,9.102,per_usd
2001-06-14,9.047,per_usd
2001-06-15,9.054,per_usd
2001-06-18,9.053,per_usd
2001-06-19,9.09,per_usd
2001-06-20,9.085,per_usd
2001-06-21,9.055,per_usd
2001-06-22,9.073,per_usd
2001-06-25,9.063,per_usd
2001-06-26,9.0645,per_usd
2001-06-27,9.0725,per_usd
2001-06-28,9.0875,per_usd
2001-06-29,9.06,per_usd
2001-07-02,9.027,per_usd
2001-07-03,9.03,per_usd
2001-07-05,9.057,per_usd
2001-07-06,9.155,per_usd
2001-07-09,9.1175,per_usd
2001-07-10,9.1475,per_usd
2001-07-11,9.295,per_usd
2001-07-12,9.36,per_usd
2001-07-13,9.34,per_usd
2001-07-16,9.304,per_usd
2001-07-17,9.165,per_usd
2001-07-18,9.145,per_usd
2001-07-19,9.19,per_usd
2001-07-20,9.177,per_usd
2001-07-23,9.1025,per_usd
2001-07-24,9.107,per_usd
2001-07-25,9.16,per_usd
2001-07-26,9.16,per_usd
2001-07-27,9.1875,per_usd
2001-07-30,9.155,per_usd
2001-07-31,9.151,per_usd
2001-08-01,9.217,per_usd
2001-08-02,9.167,per_usd
2001-08-03,9.1675,per_usd
2001-08-06,9.129,per_usd
2001-08-07,9.1185,per_usd
2001-08-08,9.095,per_usd
2001-08-09,9.0875,per_usd
2001-08-10,9.124,per_usd
2001-08-13,9.093,per_usd
2001-08-14,9.127,per_usd
2001-08-15,9.087,per_usd
2001-08-16,9.085,per_usd
2001-08-17,9.1175,per_usd
2001-08-20,9.1375,per_usd
2001-08-21,9.122,per_usd
2001-08-22,9.116,per_usd
2001-08-23,9.123,per_usd
2001-08-24,9.146,per_usd
2001-08-27,9.1125,per_usd
2001-08-28,9.144,per_usd
2001-08-29,9.151,per_usd
2001-08-30,9.1888,per_usd
2001-08-31,9.2075,per_usd
2001-09-04,9.199,per_usd
2001-09-05,9.2535,per_usd
2001-09-06,9.2845,per_usd
2001-09-07,9.329,per_usd
2001-09-10,9.364,per_usd
2001-09-12,9.438,per_usd
2001-09-13,9.465,per_usd
2001-09-14,9.491,per_usd
2001-09-17,9.447,per_usd
2001-09-18,9.434,per_usd
2001-09-19,9.423,per_usd
2001-09-20,9.48,per_usd
2001-09-21,9.491,per_usd
2001-09-24,9.4439,per_usd
2001-09-25,9.485,per_usd
2001-09-26,9.537,per_usd
2001-09-27,9.57,per_usd
2001-09-28,9.52,per_usd
2001-10-01,9.515,per_usd
2001-10-02,9.518,per_usd
2001-10-03,9.531,per_usd
2001-10-04,9.533,per_usd
2001-10-05,9.589,per_usd
2001-10-09,9.52,per_usd
2001-10-10,9.413,per_usd
2001-10-11,9.3375,per_usd
2001-10-12,9.365,per_usd
2001-10-15,9.27,per_usd
2001-10-16,9.24,per_usd
2001-10-17,9.2525,per_usd
2001-10-18,9.232,per_usd
2001-10-19,9.2075,per_usd
2001-10-22,9.2002,per_usd
2001-10-23,9.229,per_usd
2001-10-24,9.2145,per_usd
2001-10-25,9.247,per_usd
2001-10-26,9.28,per_usd
2001-10-29,9.2375,per_usd
2001-10-30,9.258,per_usd
2001-10-31,9.27,per_usd
2001-11-01,9.286,per_usd
2001-11-02,9.2765,per_usd
2001-11-05,9.2285,per_usd
2001-11-06,9.2146,per_usd
2001-11-07,9.211,per_usd
2001-11-08,9.215,per_usd
2001-11-09,9.229,per_usd
2001-11-13,9.249,per_usd
2001-11-14,9.235,per_usd
2001-11-15,9.215,per_usd
2001-11-16,9.21,per_usd
2001-11-19,9.1955,per_usd
2001-11-20,9.17,per_usd
2001-11-21,9.1475,per_usd
2001-11-23,9.1525,per_usd
2001-11-26,9.1675,per_usd
2001-11-27,9.253,per_usd
2001-11-28,9.277,per_usd
2001-11-29,9.3085,per_usd
2001-11-30,9.2585,per_usd
2001-12-03,9.205,per_usd
2001-12-04,9.223,per_usd
2001-12-05,9.219,per_usd
2001-12-06,9.245,per_usd
2001-12-07,9.2175,per_usd
2001-12-10,9.1875,per_usd
2001-12-11,9.151,per_usd
2001-12-12,9.1565,per_usd
2001-12-13,9.125,per_usd
2001-12-14,9.09,per_usd
2001-12-17,9.114,per_usd
2001-12-18,9.1075,per_usd
2001-12-19,9.1325,per_usd
2001-12-20,9.1615,per_usd
2001-12-21,9.1325,per_usd
2001-12-24,9.095,per_usd
2001-12-26,9.101,per_usd
2001-12-27,9.142,per_usd
2001-12-28,9.186,per_usd
2001-12-31,9.156,per_usd
2002-01-02,9.095,per_usd
2002-01-03,9.1175,per_usd
2002-01-04,9.1395,per_usd
2002-01-07,9.165,per_usd
2002-01-08,9.1775,per_usd
2002-01-09,9.2,per_usd
2002-01-10,9.247,per_usd
2002-01-11,9.25,per_usd
2002-01-14,9.185,per_usd
2002-01-15,9.1625,per_usd
2002-01-16,9.202,per_usd
2002-01-17,9.12,per_usd
2002-01-18,9.13,per_usd
2002-01-22,9.16,per_usd
2002-01-23,9.145,per_usd
2002-01-24,9.127,per_usd
2002-01-25,9.138,per_usd
2002-01-28,9.159,per_usd
2002-01-29,9.171,per_usd
2002-01-30,9.193,per_usd
2002-01-31,9.152,per_usd
2002-02-01,9.1575,per_usd
2002-02-04,9.17,per_usd
2002-02-05,9.134,per_usd
2002-02-06,9.128,per_usd
2002-02-07,9.131,per_usd
2002-02-08,9.15,per_usd
2002-02-11,9.08,per_usd
2002-02-12,9.096,per_usd
2002-02-13,9.048,per_usd
2002-02-14,9.089,per_usd
2002-02-15,9.063,per_usd
2002-02-19,9.071,per_usd
2002-02-20,9.089,per_usd
2002-02-21,9.0775,per_usd
2002-02-22,9.115,per_usd
2002-02-25,9.08,per_usd
2002-02-26,9.0855,per_usd
2002-02-27,9.1,per_usd
2002-02-28,9.13,per_usd
2002-03-01,9.095,per_usd
2002-03-04,9.08,per_usd
2002-03-05,9.078,per_usd
2002-03-06,9.087,per_usd
2002-03-07,9.076,per_usd
2002-03-08,9.071,per_usd
2002-03-11,9.074,per_usd
2002-03-12,9.0745,per_usd
2002-03-13,9.1115,per_usd
2002-03-14,9.114,per_usd
2002-03-15,9.085,per_usd
2002-03-18,9.0725,per_usd
2002-03-19,9.072,per_usd
2002-03-20,9.072,per_usd
2002-03-21,9.063,per_usd
2002-03-22,9.038,per_usd
2002-03-25,9.02,per_usd
2002-03-26,9.031,per_usd
2002-03-27,9.0175,per_usd
2002-03-28,9.012,per_usd
2002-03-29,9.0005,per_usd
2002-04-01,9.014,per_usd
2002-04-02,9.002,per_usd
2002-04-03,9.04,per_usd
2002-04-04,9.0475,per_usd
2002-04-05,9.029,per_usd
2002-04-08,9.021,per_usd
2002-04-09,9.042,per_usd
2002-04-10,9.05,per_usd
2002-04-11,9.074,per_usd
2002-04-12,9.078,per_usd
2002-04-15,9.182,per_usd
2002-04-16,9.1625,per_usd
2002-04-17,9.205,per_usd
2002-04-18,9.242,per_usd
2002-04-19,9.2235,per_usd
2002-04-22,9.254,per_usd
2002-04-23,9.27,per_usd
2002-04-24,9.286,per_usd
2002-04-25,9.36,per_usd
2002-04-26,9.319,per_usd
2002-04-29,9.3515,per_usd
2002-04-30,9.375,per_usd
2002-05-01,9.437,per_usd
2002-05-02,9.435,per_usd
2002-05-03,9.492,per_usd
2002-05-06,9.4075,per_usd
2002-05-07,9.476,per_usd
2002-05-08,9.413,per_usd
2002-05-09,9.4445,per_usd
2002-05-10,9.512,per_usd
2002-05-13,9.4885,per_usd
2002-05-14,9.525,per_usd
2002-05-15,9.455,per_usd
2002-05-16,9.49,per_usd
2002-05-17,9.4785,per_usd
2002-05-20,9.4935,per_usd
2002-05-21,9.51,per_usd
2002-05-22,9.535,per_usd
2002-05-23,9.527,per_usd
2002-05-24,9.562,per_usd
2002-05-28,9.5605,per_usd
2002-05-29,9.61,per_usd
2002-05-30,9.713,per_usd
2002-05-31,9.6525,per_usd
2002-06-03,9.641,per_usd
2002-06-04,9.725,per_usd
2002-06-05,9.739,per_usd
2002-06-06,9.7695,per_usd
2002-06-07,9.735,per_usd
2002-06-10,9.696,per_usd
2002-06-11,9.675,per_usd
2002-06-12,9.716,per_usd
2002-06-13,9.638,per_usd
2002-06-14,9.664,per_usd
2002-06-17,9.605,per_usd
2002-06-18,9.634,per_usd
2002-06-19,9.69,per_usd
2002-06-20,9.785,per_usd
2002-06-21,9.956,per_usd
2002-06-24,9.93,per_usd
2002-06-25,9.815,per_usd
2002-06-26,9.978,per_usd
2002-06-27,9.97,per_usd
2002-06-28,9.98,per_usd
2002-07-01,9.925,per_usd
2002-07-02,9.968,per_usd
2002-07-03,9.9697,per_usd
2002-07-05,9.893,per_usd
2002-07-08,9.933,per_usd
2002-07-09,9.8665,per_usd
2002-07-10,9.833,per_usd
2002-07-11,9.8125,per_usd
2002-07-12,9.726,per_usd
2002-07-15,9.757,per_usd
2002-07-16,9.727,per_usd
2002-07-17,9.655,per_usd
2002-07-18,9.649,per_usd
2002-07-19,9.716,per_usd
2002-07-22,9.6385,per_usd
2002-07-23,9.613,per_usd
2002-07-24,9.705,per_usd
2002-07-25,9.739,per_usd
2002-07-26,9.759,per_usd
2002-07-29,9.7085,per_usd
2002-07-30,9.748,per_usd
2002-07-31,9.8,per_usd
2002-08-01,9.878,per_usd
2002-08-02,9.8475,per_usd
2002-08-05,9.7865,per_usd
2002-08-06,9.75,per_usd
2002-08-07,9.738,per_usd
2002-08-08,9.7475,per_usd
2002-08-09,9.757,per_usd
2002-08-12,9.843,per_usd
2002-08-13,9.947,per_usd
2002-08-14,9.962,per_usd
2002-08-15,9.922,per_usd
2002-08-16,9.86,per_usd
2002-08-19,9.76,per_usd
2002-08-20,9.7875,per_usd
2002-08-21,9.7885,per_usd
2002-08-22,9.83,per_usd
2002-08-23,9.842,per_usd
2002-08-26,9.825,per_usd
2002-08-27,9.8495,per_usd
2002-08-28,9.9,per_usd
2002-08-29,9.9165,per_usd
2002-08-30,9.9185,per_usd
2002-09-03,9.982,per_usd
2002-09-04,10.015,per_usd
2002-09-05,10.005,per_usd
2002-09-06,9.9685,per_usd
2002-09-09,9.965,per_usd
2002-09-10,9.97,per_usd
2002-09-11,9.9635,per_usd
2002-09-12,9.965,per_usd
2002-09-13,9.963,per_usd
2002-09-16,9.9685,per_usd
2002-09-17,9.955,per_usd
2002-09-18,10.01,per_usd
2002-09-19,10.075,per_usd
2002-09-20,10.254,per_usd
2002-09-23,10.35,per_usd
2002-09-24,10.225,per_usd
2002-09-25,10.255,per_usd
2002-09-26,10.149,per_usd
2002-09-27,10.165,per_usd
2002-09-30,10.212,per_usd
2002-10-01,10.162,per_usd
2002-10-02,10.11,per_usd
2002-10-03,10.131,per_usd
2002-10-04,10.186,per_usd
2002-10-07,10.216,per_usd
2002-10-08,10.163,per_usd
2002-10-09,10.2,per_usd
2002-10-10,10.222,per_usd
2002-10-11,10.158,per_usd
2002-10-15,10.0675,per_usd
2002-10-16,10.07,per_usd
2002-10-17,10,per_usd
2002-10-18,9.99,per_usd
2002-10-21,9.947,per_usd
2002-10-22,9.9785,per_usd
2002-10-23,10.017,per_usd
2002-10-24,9.947,per_usd
2002-10-25,9.975,per_usd
2002-10-28,10.014,per_usd
2002-10-29,10.15,per_usd
2002-10-30,10.216,per_usd
2002-10-31,10.15,per_usd
2002-11-01,10.2,per_usd
2002-11-04,10.198,per_usd
2002-11-05,10.212,per_usd
2002-11-06,10.17,per_usd
2002-11-07,10.25,per_usd
2002-11-08,10.32,per_usd
2002-11-12,10.342,per_usd
2002-11-13,10.266,per_usd
2002-11-14,10.214,per_usd
2002-11-15,10.25,per_usd
2002-11-18,10.1725,per_usd
2002-11-19,10.1715,per_usd
2002-11-20,10.145,per_usd
2002-11-21,10.092,per_usd
2002-11-22,10.124,per_usd
2002-11-25,10.1145,per_usd
2002-11-26,10.159,per_usd
2002-11-27,10.154,per_usd
2002-11-29,10.154,per_usd
2002-12-02,10.1025,per_usd
2002-12-03,10.152,per_usd
2002-12-04,10.2225,per_usd
2002-12-05,10.263,per_usd
2002-12-06,10.268,per_usd
2002-12-09,10.175,per_usd
2002-12-10,10.172,per_usd
2002-12-11,10.18,per_usd
2002-12-12,10.2025,per_usd
2002-12-13,10.19,per_usd
2002-12-16,10.195,per_usd
2002-12-17,10.2075,per_usd
2002-12-18,10.24,per_usd
2002-12-19,10.192,per_usd
2002-12-20,10.195,per_usd
2002-12-23,10.19,per_usd
2002-12-24,10.205,per_usd
2002-12-26,10.254,per_usd
2002-12-27,10.323,per_usd
2002-12-30,10.3725,per_usd
2002-12-31,10.425,per_usd
2003-01-02,10.354,per_usd
2003-01-03,10.375,per_usd
2003-01-06,10.414,per_usd
2003-01-07,10.321,per_usd
2003-01-08,10.368,per_usd
2003-01-09,10.415,per_usd
2003-01-10,10.468,per_usd
2003-01-13,10.54,per_usd
2003-01-14,10.534,per_usd
2003-01-15,10.493,per_usd
2003-01-16,10.51,per_usd
2003-01-17,10.582,per_usd
2003-01-21,10.6825,per_usd
2003-01-22,10.8525,per_usd
2003-01-23,10.779,per_usd
2003-01-24,10.8375,per_usd
2003-01-27,10.8975,per_usd
2003-01-28,10.898,per_usd
2003-01-29,10.978,per_usd
2003-01-30,10.8675,per_usd
2003-01-31,10.902,per_usd
2003-02-03,10.896,per_usd
2003-02-04,10.992,per_usd
2003-02-05,10.865,per_usd
2003-02-06,10.8675,per_usd
2003-02-07,10.898,per_usd
2003-02-10,10.986,per_usd
2003-02-11,10.955,per_usd
2003-02-12,10.978,per_usd
2003-02-13,10.97,per_usd
2003-02-14,10.887,per_usd
2003-02-18,10.774,per_usd
2003-02-19,10.8385,per_usd
2003-02-20,10.9225,per_usd
2003-02-21,10.9825,per_usd
2003-02-24,10.984,per_usd
2003-02-25,11.064,per_usd
2003-02-26,11.038,per_usd
2003-02-27,11.0225,per_usd
2003-02-28,11.0285,per_usd
2003-03-03,10.994,per_usd
2003-03-04,11.128,per_usd
2003-03-05,11.2,per_usd
2003-03-06,11.235,per_usd
2003-03-07,11.11,per_usd
2003-03-10,11.1066,per_usd
2003-03-11,11.005,per_usd
2003-03-12,10.905,per_usd
2003-03-13,10.8385,per_usd
2003-03-14,10.838,per_usd
2003-03-17,10.865,per_usd
2003-03-18,10.795,per_usd
2003-03-19,10.855,per_usd
2003-03-20,10.865,per_usd
2003-03-21,10.7575,per_usd
2003-03-24,10.823,per_usd
2003-03-25,10.7175,per_usd
2003-03-26,10.769,per_usd
2003-03-27,10.762,per_usd
2003-03-28,10.661,per_usd
2003-03-31,10.782,per_usd
2003-04-01,10.732,per_usd
2003-04-02,10.673,per_usd
2003-04-03,10.666,per_usd
2003-04-04,10.679,per_usd
2003-04-07,10.684,per_usd
2003-04-08,10.737,per_usd
2003-04-09,10.77,per_usd
2003-04-10,10.755,per_usd
2003-04-11,10.7075,per_usd
2003-04-14,10.615,per_usd
2003-04-15,10.65,per_usd
2003-04-16,10.625,per_usd
2003-04-17,10.545,per_usd
2003-04-18,10.55,per_usd
2003-04-21,10.543,per_usd
2003-04-22,10.559,per_usd
2003-04-23,10.515,per_usd
2003-04-24,10.435,per_usd
2003-04-25,10.437,per_usd
2003-04-28,10.433,per_usd
2003-04-29,10.333,per_usd
2003-04-30,10.308,per_usd
2003-05-01,10.25,per_usd
2003-05-02,10.195,per_usd
2003-05-05,10.195,per_usd
2003-05-06,10.256,per_usd
2003-05-07,10.218,per_usd
2003-05-08,10.1785,per_usd
2003-05-09,10.113,per_usd
2003-05-12,10.188,per_usd
2003-05-13,10.146,per_usd
2003-05-14,10.139,per_usd
2003-05-15,10.284,per_usd
2003-05-16,10.36,per_usd
2003-05-19,10.347,per_usd
2003-05-20,10.251,per_usd
2003-05-21,10.2685,per_usd
2003-05-22,10.244,per_usd
2003-05-23,10.235,per_usd
2003-05-27,10.354,per_usd
2003-05-28,10.424,per_usd
2003-05-29,10.322,per_usd
2003-05-30,10.34,per_usd
2003-06-02,10.244,per_usd
2003-06-03,10.27,per_usd
2003-06-04,10.3875,per_usd
2003-06-05,10.56,per_usd
2003-06-06,10.5075,per_usd
2003-06-09,10.739,per_usd
2003-06-10,10.735,per_usd
2003-06-11,10.6175,per_usd
2003-06-12,10.5598,per_usd
2003-06-13,10.6,per_usd
2003-06-16,10.475,per_usd
2003-06-17,10.4875,per_usd
2003-06-18,10.598,per_usd
2003-06-19,10.48,per_usd
2003-06-20,10.468,per_usd
2003-06-23,10.4745,per_usd
2003-06-24,10.532,per_usd
2003-06-25,10.4815,per_usd
2003-06-26,10.458,per_usd
2003-06-27,10.43,per_usd
2003-06-30,10.455,per_usd
2003-07-01,10.455,per_usd
2003-07-02,10.475,per_usd
2003-07-03,10.435,per_usd
2003-07-07,10.4223,per_usd
2003-07-08,10.525,per_usd
2003-07-09,10.488,per_usd
2003-07-10,10.463,per_usd
2003-07-11,10.4325,per_usd
2003-07-14,10.385,per_usd
2003-07-15,10.43,per_usd
2003-07-16,10.392,per_usd
2003-07-17,10.339,per_usd
2003-07-18,10.38,per_usd
2003-07-21,10.424,per_usd
2003-07-22,10.4375,per_usd
2003-07-23,10.53,per_usd
2003-07-24,10.528,per_usd
2003-07-25,10.52,per_usd
2003-07-28,10.47,per_usd
2003-07-29,10.4845,per_usd
2003-07-30,10.477,per_usd
2003-07-31,10.585,per_usd
2003-08-01,10.59,per_usd
2003-08-04,10.599,per_usd
2003-08-05,10.7,per_usd
2003-08-06,10.709,per_usd
2003-08-07,10.6775,per_usd
2003-08-08,10.67,per_usd
2003-08-11,10.713,per_usd
2003-08-12,10.7335,per_usd
2003-08-13,10.763,per_usd
2003-08-14,10.705,per_usd
2003-08-15,10.729,per_usd
2003-08-18,10.732,per_usd
2003-08-19,10.8015,per_usd
2003-08-20,10.837,per_usd
2003-08-21,10.86,per_usd
2003-08-22,10.862,per_usd
2003-08-25,10.884,per_usd
2003-08-26,10.912,per_usd
2003-08-27,10.929,per_usd
2003-08-28,10.977,per_usd
2003-08-29,11.06,per_usd
2003-09-02,11.028,per_usd
2003-09-03,10.948,per_usd
2003-09-04,10.858,per_usd
2003-09-05,10.86,per_usd
2003-09-08,10.913,per_usd
2003-09-09,11.0275,per_usd
2003-09-10,10.9595,per_usd
2003-09-11,10.98,per_usd
2003-09-12,10.985,per_usd
2003-09-15,10.9745,per_usd
2003-09-16,10.89,per_usd
2003-09-17,10.915,per_usd
2003-09-18,10.905,per_usd
2003-09-19,10.8975,per_usd
2003-09-22,10.855,per_usd
2003-09-23,10.771,per_usd
2003-09-24,10.802,per_usd
2003-09-25,10.831,per_usd
2003-09-26,10.9375,per_usd
2003-09-29,11.04,per_usd
2003-09-30,11.0025,per_usd
2003-10-01,10.969,per_usd
2003-10-02,11.1575,per_usd
2003-10-03,11.245,per_usd
2003-10-06,11.215,per_usd
2003-10-07,11.3175,per_usd
2003-10-08,11.262,per_usd
2003-10-09,11.24,per_usd
2003-10-10,11.175,per_usd
2003-10-14,11.237,per_usd
2003-10-15,11.198,per_usd
2003-10-16,11.255,per_usd
2003-10-17,11.253,per_usd
2003-10-20,11.175,per_usd
2003-10-21,11.1475,per_usd
2003-10-22,11.246,per_usd
2003-10-23,11.188,per_usd
2003-10-24,11.177,per_usd
2003-10-27,11.1195,per_usd
2003-10-28,11.067,per_usd
2003-10-29,11.15,per_usd
2003-10-30,11.103,per_usd
2003-10-31,11.055,per_usd
2003-11-03,10.986,per_usd
2003-11-04,10.993,per_usd
2003-11-05,11.0015,per_usd
2003-11-06,10.9955,per_usd
2003-11-07,10.9785,per_usd
2003-11-10,11.015,per_usd
2003-11-12,11.065,per_usd
2003-11-13,11.17,per_usd
2003-11-14,11.1425,per_usd
2003-11-17,11.18,per_usd
2003-11-18,11.1675,per_usd
2003-11-19,11.1975,per_usd
2003-11-20,11.1875,per_usd
2003-11-21,11.2035,per_usd
2003-11-24,11.3125,per_usd
2003-11-25,11.337,per_usd
2003-11-26,11.3625,per_usd
2003-11-28,11.395,per_usd
2003-12-01,11.4063,per_usd
2003-12-02,11.36,per_usd
2003-12-03,11.259,per_usd
2003-12-04,11.229,per_usd
2003-12-05,11.205,per_usd
2003-12-08,11.24,per_usd
2003-12-09,11.1725,per_usd
2003-12-10,11.226,per_usd
2003-12-11,11.173,per_usd
2003-12-12,11.24,per_usd
2003-12-15,11.294,per_usd
2003-12-16,11.292,per_usd
2003-12-17,11.27,per_usd
2003-12-18,11.208,per_usd
2003-12-19,11.2325,per_usd
2003-12-22,11.271,per_usd
2003-12-23,11.275,per_usd
2003-12-24,11.2763,per_usd
2003-12-26,11.227,per_usd
2003-12-29,11.235,per_usd
2003-12-30,11.199,per_usd
2003-12-31,11.242,per_usd
2004-01-02,11.095,per_usd
2004-01-05,11.0011,per_usd
2004-01-06,10.968,per_usd
2004-01-07,10.914,per_usd
2004-01-08,10.88,per_usd
2004-01-09,10.845,per_usd
2004-01-12,10.805,per_usd
2004-01-13,10.842,per_usd
2004-01-14,10.82,per_usd
2004-01-15,10.857,per_usd
2004-01-16,10.833,per_usd
2004-01-20,10.855,per_usd
2004-01-21,10.94,per_usd
2004-01-22,11.001,per_usd
2004-01-23,10.93,per_usd
2004-01-26,10.934,per_usd
2004-01-27,10.88,per_usd
2004-01-28,10.897,per_usd
2004-01-29,11.0973,per_usd
2004-01-30,11.012,per_usd
2004-02-02,10.97,per_usd
2004-02-03,11.084,per_usd
2004-02-04,11.048,per_usd
2004-02-05,11.245,per_usd
2004-02-06,11.131,per_usd
2004-02-09,11.1105,per_usd
2004-02-10,11.1,per_usd
2004-02-11,11.0011,per_usd
2004-02-12,10.9685,per_usd
2004-02-13,10.965,per_usd
2004-02-17,10.939,per_usd
2004-02-18,10.9095,per_usd
2004-02-19,10.978,per_usd
2004-02-20,10.9415,per_usd
2004-02-23,10.949,per_usd
2004-02-24,11.053,per_usd
2004-02-25,11.075,per_usd
2004-02-26,11.0765,per_usd
2004-02-27,11.062,per_usd
2004-03-01,10.9725,per_usd
2004-03-02,10.962,per_usd
2004-03-03,11.0475,per_usd
2004-03-04,11.007,per_usd
2004-03-05,10.918,per_usd
2004-03-08,10.945,per_usd
2004-03-09,10.969,per_usd
2004-03-10,10.947,per_usd
2004-03-11,10.98,per_usd
2004-03-12,10.968,per_usd
2004-03-15,10.975,per_usd
2004-03-16,11.066,per_usd
2004-03-17,10.983,per_usd
2004-03-18,11.114,per_usd
2004-03-19,10.989,per_usd
2004-03-22,10.976,per_usd
2004-03-23,10.973,per_usd
2004-03-24,10.998,per_usd
2004-03-25,11.0208,per_usd
2004-03-26,11.054,per_usd
2004-03-29,11.16,per_usd
2004-03-30,11.229,per_usd
2004-03-31,11.183,per_usd
2004-04-01,11.182,per_usd
2004-04-02,11.1715,per_usd
2004-04-05,11.157,per_usd
2004-04-06,11.1615,per_usd
2004-04-07,11.2395,per_usd
2004-04-08,11.21,per_usd
2004-04-09,11.2075,per_usd
2004-04-12,11.2285,per_usd
2004-04-13,11.2685,per_usd
2004-04-14,11.2755,per_usd
2004-04-15,11.269,per_usd
2004-04-16,11.241,per_usd
2004-04-19,11.252,per_usd
2004-04-20,11.3175,per_usd
2004-04-21,11.323,per_usd
2004-04-22,11.317,per_usd
2004-04-23,11.35,per_usd
2004-04-26,11.29,per_usd
2004-04-27,11.306,per_usd
2004-04-28,11.341,per_usd
2004-04-29,11.4315,per_usd
2004-04-30,11.402,per_usd
2004-05-03,11.442,per_usd
2004-05-04,11.415,per_usd
2004-05-05,11.3815,per_usd
2004-05-06,11.4445,per_usd
2004-05-07,11.545,per_usd
2004-05-10,11.635,per_usd
2004-05-11,11.616,per_usd
2004-05-12,11.63,per_usd
2004-05-13,11.634,per_usd
2004-05-14,11.5695,per_usd
2004-05-17,11.5215,per_usd
2004-05-18,11.495,per_usd
2004-05-19,11.54,per_usd
2004-05-20,11.568,per_usd
2004-05-21,11.561,per_usd
2004-05-24,11.575,per_usd
2004-05-25,11.472,per_usd
2004-05-26,11.4725,per_usd
2004-05-27,11.467,per_usd
2004-05-28,11.414,per_usd
2004-06-01,11.4885,per_usd
2004-06-02,11.44,per_usd
2004-06-03,11.4325,per_usd
2004-06-04,11.428,per_usd
2004-06-07,11.344,per_usd
2004-06-08,11.3505,per_usd
2004-06-09,11.3865,per_usd
2004-06-10,11.372,per_usd
2004-06-11,11.382,per_usd
2004-06-14,11.4248,per_usd
2004-06-15,11.4145,per_usd
2004-06-16,11.399,per_usd
2004-06-17,11.355,per_usd
2004-06-18,11.34,per_usd
2004-06-21,11.311,per_usd
2004-06-22,11.32,per_usd
2004-06-23,11.345,per_usd
2004-06-24,11.303,per_usd
2004-06-25,11.315,per_usd
2004-06-28,11.423,per_usd
2004-06-29,11.525,per_usd
2004-06-30,11.538,per_usd
2004-07-01,11.506,per_usd
2004-07-02,11.473,per_usd
2004-07-06,11.494,per_usd
2004-07-07,11.4625,per_usd
2004-07-08,11.535,per_usd
2004-07-09,11.51,per_usd
2004-07-12,11.503,per_usd
2004-07-13,11.495,per_usd
2004-07-14,11.468,per_usd
2004-07-15,11.495,per_usd
2004-07-16,11.43,per_usd
2004-07-19,11.379,per_usd
2004-07-20,11.401,per_usd
2004-07-21,11.4655,per_usd
2004-07-22,11.4455,per_usd
2004-07-23,11.4393,per_usd
2004-07-26,11.483,per_usd
2004-07-27,11.5125,per_usd
2004-07-28,11.478,per_usd
2004-07-29,11.439,per_usd
2004-07-30,11.41,per_usd
2004-08-02,11.4298,per_usd
2004-08-03,11.4,per_usd
2004-08-04,11.455,per_usd
2004-08-05,11.448,per_usd
2004-08-06,11.417,per_usd
2004-08-09,11.3743,per_usd
2004-08-10,11.4025,per_usd
2004-08-11,11.44,per_usd
2004-08-12,11.4458,per_usd
2004-08-13,11.401,per_usd
2004-08-16,11.391,per_usd
2004-08-17,11.345,per_usd
2004-08-18,11.352,per_usd
2004-08-19,11.3575,per_usd
2004-08-20,11.348,per_usd
2004-08-23,11.383,per_usd
2004-08-24,11.38,per_usd
2004-08-25,11.372,per_usd
2004-08-26,11.367,per_usd
2004-08-27,11.3825,per_usd
2004-08-30,11.429,per_usd
2004-08-31,11.376,per_usd
2004-09-01,11.425,per_usd
2004-09-02,11.485,per_usd
2004-09-03,11.5185,per_usd
2004-09-07,11.5675,per_usd
2004-09-08,11.585,per_usd
2004-09-09,11.5725,per_usd
2004-09-10,11.603,per_usd
2004-09-13,11.574,per_usd
2004-09-14,11.5995,per_usd
2004-09-15,11.533,per_usd
2004-09-16,11.5055,per_usd
2004-09-17,11.4795,per_usd
2004-09-20,11.4585,per_usd
2004-09-21,11.4275,per_usd
2004-09-22,11.402,per_usd
2004-09-23,11.417,per_usd
2004-09-24,11.415,per_usd
2004-09-27,11.439,per_usd
2004-09-28,11.405,per_usd
2004-09-29,11.4305,per_usd
2004-09-30,11.385,per_usd
2004-10-01,11.3425,per_usd
2004-10-04,11.354,per_usd
2004-10-05,11.313,per_usd
2004-10-06,11.279,per_usd
2004-10-07,11.281,per_usd
2004-10-08,11.2415,per_usd
2004-10-12,11.2895,per_usd
2004-10-13,11.301,per_usd
2004-10-14,11.3225,per_usd
2004-10-15,11.4425,per_usd
2004-10-18,11.499,per_usd
2004-10-19,11.458,per_usd
2004-10-20,11.452,per_usd
2004-10-21,11.4765,per_usd
2004-10-22,11.442,per_usd
2004-10-25,11.515,per_usd
2004-10-26,11.499,per_usd
2004-10-27,11.503,per_usd
2004-10-28,11.527,per_usd
2004-10-29,11.5365,per_usd
2004-11-01,11.529,per_usd
2004-11-02,11.481,per_usd
2004-11-03,11.419,per_usd
2004-11-04,11.408,per_usd
2004-11-05,11.4015,per_usd
2004-11-08,11.3965,per_usd
2004-11-09,11.446,per_usd
2004-11-10,11.429,per_usd
2004-11-12,11.38,per_usd
2004-11-15,11.356,per_usd
2004-11-16,11.35,per_usd
2004-11-17,11.3265,per_usd
2004-11-18,11.342,per_usd
2004-11-19,11.372,per_usd
2004-11-22,11.389,per_usd
2004-11-23,11.351,per_usd
2004-11-24,11.2885,per_usd
2004-11-26,11.243,per_usd
2004-11-29,11.2705,per_usd
2004-11-30,11.2411,per_usd
2004-12-01,11.153,per_usd
2004-12-02,11.159,per_usd
2004-12-03,11.111,per_usd
2004-12-06,11.131,per_usd
2004-12-07,11.168,per_usd
2004-12-08,11.2825,per_usd
2004-12-09,11.29,per_usd
2004-12-10,11.3285,per_usd
2004-12-13,11.291,per_usd
2004-12-14,11.2925,per_usd
2004-12-15,11.1905,per_usd
2004-12-16,11.238,per_usd
2004-12-17,11.227,per_usd
2004-12-20,11.1515,per_usd
2004-12-21,11.185,per_usd
2004-12-22,11.18,per_usd
2004-12-23,11.1375,per_usd
2004-12-24,11.143,per_usd
2004-12-27,11.135,per_usd
2004-12-28,11.2061,per_usd
2004-12-29,11.2545,per_usd
2004-12-30,11.218,per_usd
2004-12-31,11.154,per_usd
2005-01-03,11.215,per_usd
2005-01-04,11.3191,per_usd
2005-01-05,11.334,per_usd
2005-01-06,11.411,per_usd
2005-01-07,11.36,per_usd
2005-01-10,11.255,per_usd
2005-01-11,11.217,per_usd
2005-01-12,11.1715,per_usd
2005-01-13,11.198,per_usd
2005-01-14,11.2375,per_usd
2005-01-18,11.2485,per_usd
2005-01-19,11.2335,per_usd
2005-01-20,11.2501,per_usd
2005-01-21,11.2445,per_usd
2005-01-24,11.2375,per_usd
2005-01-25,11.297,per_usd
2005-01-26,11.2625,per_usd
2005-01-27,11.301,per_usd
2005-01-28,11.255,per_usd
2005-01-31,11.2065,per_usd
2005-02-01,11.165,per_usd
2005-02-02,11.1695,per_usd
2005-02-03,11.166,per_usd
2005-02-04,11.1345,per_usd
2005-02-07,11.182,per_usd
2005-02-08,11.206,per_usd
2005-02-09,11.19,per_usd
2005-02-10,11.154,per_usd
2005-02-11,11.16,per_usd
2005-02-14,11.1535,per_usd
2005-02-15,11.1495,per_usd
2005-02-16,11.152,per_usd
2005-02-17,11.141,per_usd
2005-02-18,11.0755,per_usd
2005-02-22,11.043,per_usd
2005-02-23,11.087,per_usd
2005-02-24,11.1015,per_usd
2005-02-25,11.091,per_usd
2005-02-28,11.0885,per_usd
2005-03-01,11.1005,per_usd
2005-03-02,11.107,per_usd
2005-03-03,11.0905,per_usd
2005-03-04,11.0495,per_usd
2005-03-07,11.0305,per_usd
2005-03-08,10.9755,per_usd
2005-03-09,11.004,per_usd
2005-03-10,11.039,per_usd
2005-03-11,11.0215,per_usd
2005-03-14,11.1335,per_usd
2005-03-15,11.208,per_usd
2005-03-16,11.204,per_usd
2005-03-17,11.2085,per_usd
2005-03-18,11.1715,per_usd
2005-03-21,11.221,per_usd
2005-03-22,11.1895,per_usd
2005-03-23,11.245,per_usd
2005-03-24,11.2725,per_usd
2005-03-25,11.272,per_usd
2005-03-28,11.3295,per_usd
2005-03-29,11.2938,per_usd
2005-03-30,11.2265,per_usd
2005-03-31,11.177,per_usd
2005-04-01,11.185,per_usd
2005-04-04,11.207,per_usd
2005-04-05,11.2145,per_usd
2005-04-06,11.2298,per_usd
2005-04-07,11.181,per_usd
2005-04-08,11.13,per_usd
2005-04-11,11.0885,per_usd
2005-04-12,11.119,per_usd
2005-04-13,11.0605,per_usd
2005-04-14,11.098,per_usd
2005-04-15,11.0875,per_usd
2005-04-18,11.1305,per_usd
2005-04-19,11.079,per_usd
2005-04-20,11.0615,per_usd
2005-04-21,11.039,per_usd
2005-04-22,11.036,per_usd
2005-04-25,11.053,per_usd
2005-04-26,11.059,per_usd
2005-04-27,11.098,per_usd
2005-04-28,11.115,per_usd
2005-04-29,11.082,per_usd
2005-05-02,11.027,per_usd
2005-05-03,11.0255,per_usd
2005-05-04,10.986,per_usd
2005-05-05,10.948,per_usd
2005-05-06,10.9455,per_usd
2005-05-09,10.9715,per_usd
2005-05-10,11.02,per_usd
2005-05-11,11.03,per_usd
2005-05-12,10.996,per_usd
2005-05-13,11.021,per_usd
2005-05-16,11.033,per_usd
2005-05-17,10.9942,per_usd
2005-05-18,10.961,per_usd
2005-05-19,10.9305,per_usd
2005-05-20,10.972,per_usd
2005-05-23,10.9575,per_usd
2005-05-24,10.982,per_usd
2005-05-25,10.9385,per_usd
2005-05-26,10.9685,per_usd
2005-05-27,10.885,per_usd
2005-05-31,10.9125,per_usd
2005-06-01,10.845,per_usd
2005-06-02,10.8125,per_usd
2005-06-03,10.824,per_usd
2005-06-06,10.8825,per_usd
2005-06-07,10.86,per_usd
2005-06-08,10.838,per_usd
2005-06-09,10.8725,per_usd
2005-06-10,10.868,per_usd
2005-06-13,10.8725,per_usd
2005-06-14,10.8399,per_usd
2005-06-15,10.8305,per_usd
2005-06-16,10.7929,per_usd
2005-06-17,10.785,per_usd
2005-06-20,10.83,per_usd
2005-06-21,10.7905,per_usd
2005-06-22,10.7585,per_usd
2005-06-23,10.788,per_usd
2005-06-24,10.7638,per_usd
2005-06-27,10.8089,per_usd
2005-06-28,10.8415,per_usd
2005-06-29,10.756,per_usd
2005-06-30,10.772,per_usd
2005-07-01,10.737,per_usd
2005-07-05,10.755,per_usd
2005-07-06,10.7715,per_usd
2005-07-07,10.801,per_usd
2005-07-08,10.744,per_usd
2005-07-11,10.701,per_usd
2005-07-12,10.689,per_usd
2005-07-13,10.6922,per_usd
2005-07-14,10.636,per_usd
2005-07-15,10.6175,per_usd
2005-07-18,10.5855,per_usd
2005-07-19,10.62,per_usd
2005-07-20,10.6565,per_usd
2005-07-21,10.591,per_usd
2005-07-22,10.631,per_usd
2005-07-25,10.6705,per_usd
2005-07-26,10.696,per_usd
2005-07-27,10.6375,per_usd
2005-07-28,10.616,per_usd
2005-07-29,10.5995,per_usd
2005-08-01,10.598,per_usd
2005-08-02,10.598,per_usd
2005-08-03,10.595,per_usd
2005-08-04,10.578,per_usd
2005-08-05,10.596,per_usd
2005-08-08,10.605,per_usd
2005-08-09,10.6375,per_usd
2005-08-10,10.592,per_usd
2005-08-11,10.585,per_usd
2005-08-12,10.635,per_usd
2005-08-15,10.5965,per_usd
2005-08-16,10.575,per_usd
2005-08-17,10.6075,per_usd
2005-08-18,10.652,per_usd
2005-08-19,10.7575,per_usd
2005-08-22,10.728,per_usd
2005-08-23,10.7765,per_usd
2005-08-24,10.8815,per_usd
2005-08-25,10.806,per_usd
2005-08-26,10.8575,per_usd
2005-08-29,10.895,per_usd
2005-08-30,10.837,per_usd
2005-08-31,10.794,per_usd
2005-09-01,10.728,per_usd
2005-09-02,10.68,per_usd
2005-09-06,10.6906,per_usd
2005-09-07,10.718,per_usd
2005-09-08,10.711,per_usd
2005-09-09,10.705,per_usd
2005-09-12,10.6985,per_usd
2005-09-13,10.76,per_usd
2005-09-14,10.837,per_usd
2005-09-15,10.7955,per_usd
2005-09-16,10.8155,per_usd
2005-09-19,10.8575,per_usd
2005-09-20,10.8275,per_usd
2005-09-21,10.78,per_usd
2005-09-22,10.847,per_usd
2005-09-23,10.8402,per_usd
2005-09-26,10.882,per_usd
2005-09-27,10.888,per_usd
2005-09-28,10.841,per_usd
2005-09-29,10.8091,per_usd
2005-09-30,10.791,per_usd
2005-10-03,10.763,per_usd
2005-10-04,10.687,per_usd
2005-10-05,10.711,per_usd
2005-10-06,10.7705,per_usd
2005-10-07,10.79,per_usd
2005-10-11,10.8045,per_usd
2005-10-12,10.8825,per_usd
2005-10-13,10.938,per_usd
2005-10-14,10.9155,per_usd
2005-10-17,10.8465,per_usd
2005-10-18,10.834,per_usd
2005-10-19,10.88,per_usd
2005-10-20,10.848,per_usd
2005-10-21,10.919,per_usd
2005-10-24,10.8605,per_usd
2005-10-25,10.844,per_usd
2005-10-26,10.8885,per_usd
2005-10-27,10.906,per_usd
2005-10-28,10.83,per_usd
2005-10-31,10.789,per_usd
2005-11-01,10.77,per_usd
2005-11-02,10.743,per_usd
2005-11-03,10.722,per_usd
2005-11-04,10.7465,per_usd
2005-11-07,10.706,per_usd
2005-11-08,10.7415,per_usd
2005-11-09,10.71,per_usd
2005-11-10,10.723,per_usd
2005-11-14,10.6865,per_usd
2005-11-15,10.65,per_usd
2005-11-16,10.6445,per_usd
2005-11-17,10.6795,per_usd
2005-11-18,10.6655,per_usd
2005-11-21,10.6415,per_usd
2005-11-22,10.658,per_usd
2005-11-23,10.6175,per_usd
2005-11-25,10.6072,per_usd
2005-11-28,10.5715,per_usd
2005-11-29,10.57,per_usd
2005-11-30,10.5765,per_usd
2005-12-01,10.508,per_usd
2005-12-02,10.456,per_usd
2005-12-05,10.485,per_usd
2005-12-06,10.4135,per_usd
2005-12-07,10.4565,per_usd
2005-12-08,10.503,per_usd
2005-12-09,10.64,per_usd
2005-12-12,10.6225,per_usd
2005-12-13,10.6325,per_usd
2005-12-14,10.7455,per_usd
2005-12-15,10.727,per_usd
2005-12-16,10.765,per_usd
2005-12-19,10.7165,per_usd
2005-12-20,10.687,per_usd
2005-12-21,10.642,per_usd
2005-12-22,10.6505,per_usd
2005-12-23,10.6775,per_usd
2005-12-27,10.7355,per_usd
2005-12-28,10.7725,per_usd
2005-12-29,10.696,per_usd
2005-12-30,10.6275,per_usd
2006-01-03,10.643,per_usd
2006-01-04,10.5872,per_usd
2006-01-05,10.591,per_usd
2006-01-06,10.562,per_usd
2006-01-09,10.558,per_usd
2006-01-10,10.6026,per_usd
2006-01-11,10.608,per_usd
2006-01-12,10.5655,per_usd
2006-01-13,10.574,per_usd
2006-01-17,10.547,per_usd
2006-01-18,10.572,per_usd
2006-01-19,10.553,per_usd
2006-01-20,10.522,per_usd
2006-01-23,10.5215,per_usd
2006-01-24,10.505,per_usd
2006-01-25,10.498,per_usd
2006-01-26,10.5025,per_usd
2006-01-27,10.4555,per_usd
2006-01-30,10.4369,per_usd
2006-01-31,10.44,per_usd
2006-02-01,10.4315,per_usd
2006-02-02,10.487,per_usd
2006-02-03,10.491,per_usd
2006-02-06,10.459,per_usd
2006-02-07,10.4775,per_usd
2006-02-08,10.5286,per_usd
2006-02-09,10.475,per_usd
2006-02-10,10.508,per_usd
2006-02-13,10.5085,per_usd
2006-02-14,10.5125,per_usd
2006-02-15,10.5226,per_usd
2006-02-16,10.513,per_usd
2006-02-17,10.4525,per_usd
2006-02-21,10.443,per_usd
2006-02-22,10.4885,per_usd
2006-02-23,10.505,per_usd
2006-02-24,10.476,per_usd
2006-02-27,10.466,per_usd
2006-02-28,10.4542,per_usd
2006-03-01,10.462,per_usd
2006-03-02,10.525,per_usd
2006-03-03,10.5775,per_usd
2006-03-06,10.609,per_usd
2006-03-07,10.697,per_usd
2006-03-08,10.775,per_usd
2006-03-09,10.707,per_usd
2006-03-10,10.7031,per_usd
2006-03-13,10.7185,per_usd
2006-03-14,10.686,per_usd
2006-03-15,10.67,per_usd
2006-03-16,10.621,per_usd
2006-03-17,10.7,per_usd
2006-03-20,10.744,per_usd
2006-03-21,10.798,per_usd
2006-03-22,10.871,per_usd
2006-03-23,10.8555,per_usd
2006-03-24,10.858,per_usd
2006-03-27,10.939,per_usd
2006-03-28,10.942,per_usd
2006-03-29,10.9475,per_usd
2006-03-30,10.9295,per_usd
2006-03-31,10.898,per_usd
2006-04-03,10.856,per_usd
2006-04-04,10.8665,per_usd
2006-04-05,10.94,per_usd
2006-04-06,11.0785,per_usd
2006-04-07,11.16,per_usd
2006-04-10,11.0875,per_usd
2006-04-11,11.072,per_usd
2006-04-12,11.053,per_usd
2006-04-13,11.1001,per_usd
2006-04-14,11.095,per_usd
2006-04-17,11.083,per_usd
2006-04-18,10.9875,per_usd
2006-04-19,10.998,per_usd
2006-04-20,11.027,per_usd
2006-04-21,11.0715,per_usd
2006-04-24,11.069,per_usd
2006-04-25,11.085,per_usd
2006-04-26,11.1595,per_usd
2006-04-27,11.099,per_usd
2006-04-28,11.089,per_usd
2006-05-01,11.0525,per_usd
2006-05-02,11.012,per_usd
2006-05-03,10.964,per_usd
2006-05-04,10.971,per_usd
2006-05-05,10.9485,per_usd
2006-05-08,10.946,per_usd
2006-05-09,10.933,per_usd
2006-05-10,10.841,per_usd
2006-05-11,10.865,per_usd
2006-05-12,11.0525,per_usd
2006-05-15,11.1465,per_usd
2006-05-16,11.054,per_usd
2006-05-17,11.1525,per_usd
2006-05-18,11.224,per_usd
2006-05-19,11.186,per_usd
2006-05-22,11.284,per_usd
2006-05-23,11.183,per_usd
2006-05-24,11.305,per_usd
2006-05-25,11.188,per_usd
2006-05-26,11.143,per_usd
2006-05-30,11.2575,per_usd
2006-05-31,11.288,per_usd
2006-06-01,11.282,per_usd
2006-06-02,11.346,per_usd
2006-06-05,11.285,per_usd
2006-06-06,11.3675,per_usd
2006-06-07,11.325,per_usd
2006-06-08,11.4425,per_usd
2006-06-09,11.383,per_usd
2006-06-12,11.3825,per_usd
2006-06-13,11.428,per_usd
2006-06-14,11.46,per_usd
2006-06-15,11.417,per_usd
2006-06-16,11.4228,per_usd
2006-06-19,11.456,per_usd
2006-06-20,11.456,per_usd
2006-06-21,11.423,per_usd
2006-06-22,11.435,per_usd
2006-06-23,11.44,per_usd
2006-06-26,11.412,per_usd
2006-06-27,11.418,per_usd
2006-06-28,11.394,per_usd
2006-06-29,11.3925,per_usd
2006-06-30,11.2865,per_usd
2006-07-03,11.154,per_usd
2006-07-05,11.18,per_usd
2006-07-06,11.122,per_usd
2006-07-07,11.0315,per_usd
2006-07-10,10.956,per_usd
2006-07-11,10.994,per_usd
2006-07-12,11.028,per_usd
2006-07-13,11.045,per_usd
2006-07-14,11.029,per_usd
2006-07-17,10.9825,per_usd
2006-07-18,10.9615,per_usd
2006-07-19,10.908,per_usd
2006-07-20,10.866,per_usd
2006-07-21,10.9095,per_usd
2006-07-24,10.927,per_usd
2006-07-25,10.919,per_usd
2006-07-26,10.941,per_usd
2006-07-27,10.8952,per_usd
2006-07-28,10.895,per_usd
2006-07-31,10.916,per_usd
2006-08-01,11.022,per_usd
2006-08-02,10.9555,per_usd
2006-08-03,10.98,per_usd
2006-08-04,10.891,per_usd
2006-08-07,10.8805,per_usd
2006-08-08,10.911,per_usd
2006-08-09,10.8315,per_usd
2006-08-10,10.895,per_usd
2006-08-11,10.816,per_usd
2006-08-14,10.8005,per_usd
2006-08-15,10.8135,per_usd
2006-08-16,10.7405,per_usd
2006-08-17,10.7505,per_usd
2006-08-18,10.839,per_usd
2006-08-21,10.8055,per_usd
2006-08-22,10.8,per_usd
2006-08-23,10.848,per_usd
2006-08-24,10.922,per_usd
2006-08-25,10.964,per_usd
2006-08-28,10.932,per_usd
2006-08-29,10.903,per_usd
2006-08-30,10.8765,per_usd
2006-08-31,10.912,per_usd
2006-09-01,10.894,per_usd
2006-09-05,10.836,per_usd
2006-09-06,10.9355,per_usd
2006-09-07,11.015,per_usd
2006-09-08,11.01,per_usd
2006-09-11,11.0651,per_usd
2006-09-12,11.032,per_usd
2006-09-13,11.001,per_usd
2006-09-14,10.9846,per_usd
2006-09-15,10.9455,per_usd
2006-09-18,10.9275,per_usd
2006-09-19,10.9385,per_usd
2006-09-20,10.94,per_usd
2006-09-21,10.9905,per_usd
2006-09-22,11.0705,per_usd
2006-09-25,11.103,per_usd
2006-09-26,11.045,per_usd
2006-09-27,11.0135,per_usd
2006-09-28,11.0505,per_usd
2006-09-29,10.9775,per_usd
2006-10-02,10.971,per_usd
2006-10-03,11.0435,per_usd
2006-10-04,11.056,per_usd
2006-10-05,11.0166,per_usd
2006-10-06,11.0576,per_usd
2006-10-10,11.059,per_usd
2006-10-11,11.012,per_usd
2006-10-12,10.94,per_usd
2006-10-13,10.875,per_usd
2006-10-16,10.833,per_usd
2006-10-17,10.8685,per_usd
2006-10-18,10.8238,per_usd
2006-10-19,10.7985,per_usd
2006-10-20,10.8205,per_usd
2006-10-23,10.8495,per_usd
2006-10-24,10.8175,per_usd
2006-10-25,10.783,per_usd
2006-10-26,10.733,per_usd
2006-10-27,10.7065,per_usd
2006-10-30,10.762,per_usd
2006-10-31,10.767,per_usd
2006-11-01,10.7505,per_usd
2006-11-02,10.8355,per_usd
2006-11-03,10.802,per_usd
2006-11-06,10.825,per_usd
2006-11-07,10.811,per_usd
2006-11-08,10.866,per_usd
2006-11-09,10.8628,per_usd
2006-11-10,10.912,per_usd
2006-11-13,10.924,per_usd
2006-11-14,10.8655,per_usd
2006-11-15,10.86,per_usd
2006-11-16,10.8505,per_usd
2006-11-17,10.967,per_usd
2006-11-20,10.959,per_usd
2006-11-21,10.9973,per_usd
2006-11-22,10.9705,per_usd
2006-11-24,11.0225,per_usd
2006-11-27,11.0536,per_usd
2006-11-28,11.0331,per_usd
2006-11-29,11.011,per_usd
2006-11-30,11,per_usd
2006-12-01,10.986,per_usd
2006-12-04,10.9631,per_usd
2006-12-05,10.8885,per_usd
2006-12-06,10.861,per_usd
2006-12-07,10.8675,per_usd
2006-12-08,10.8525,per_usd
2006-12-11,10.8365,per_usd
2006-12-12,10.8451,per_usd
2006-12-13,10.826,per_usd
2006-12-14,10.792,per_usd
2006-12-15,10.7675,per_usd
2006-12-18,10.8175,per_usd
2006-12-19,10.847,per_usd
2006-12-20,10.8133,per_usd
2006-12-21,10.842,per_usd
2006-12-22,10.858,per_usd
2006-12-26,10.8725,per_usd
2006-12-27,10.882,per_usd
2006-12-28,10.874,per_usd
2006-12-29,10.7995,per_usd
2007-01-02,10.779,per_usd
2007-01-03,10.765,per_usd
2007-01-04,10.8675,per_usd
2007-01-05,10.959,per_usd
2007-01-08,10.9735,per_usd
2007-01-09,11.0245,per_usd
2007-01-10,11.02,per_usd
2007-01-11,10.959,per_usd
2007-01-12,10.979,per_usd
2007-01-16,10.9921,per_usd
2007-01-17,10.9175,per_usd
2007-01-18,10.9226,per_usd
2007-01-19,10.886,per_usd
2007-01-22,10.9085,per_usd
2007-01-23,10.961,per_usd
2007-01-24,10.9487,per_usd
2007-01-25,10.9875,per_usd
2007-01-26,11.043,per_usd
2007-01-29,11.092,per_usd
2007-01-30,11.0505,per_usd
2007-01-31,11.0381,per_usd
2007-02-01,10.984,per_usd
2007-02-02,11.0025,per_usd
2007-02-05,10.9275,per_usd
2007-02-06,10.922,per_usd
2007-02-07,10.94,per_usd
2007-02-08,10.967,per_usd
2007-02-09,10.9555,per_usd
2007-02-12,11.012,per_usd
2007-02-13,10.99,per_usd
2007-02-14,10.917,per_usd
2007-02-15,10.952,per_usd
2007-02-16,10.9924,per_usd
2007-02-20,10.9735,per_usd
2007-02-21,10.9895,per_usd
2007-02-22,10.9765,per_usd
2007-02-23,11.0285,per_usd
2007-02-26,11.0715,per_usd
2007-02-27,11.1475,per_usd
2007-02-28,11.1575,per_usd
2007-03-01,11.1846,per_usd
2007-03-02,11.1765,per_usd
2007-03-05,11.174,per_usd
2007-03-06,11.1403,per_usd
2007-03-07,11.155,per_usd
2007-03-08,11.1451,per_usd
2007-03-09,11.117,per_usd
2007-03-12,11.157,per_usd
2007-03-13,11.1615,per_usd
2007-03-14,11.18,per_usd
2007-03-15,11.142,per_usd
2007-03-16,11.158,per_usd
2007-03-19,11.149,per_usd
2007-03-20,11.1075,per_usd
2007-03-21,11.0795,per_usd
2007-03-22,11.014,per_usd
2007-03-23,11.013,per_usd
2007-03-26,11.0255,per_usd
2007-03-27,11.0495,per_usd
2007-03-28,11.0875,per_usd
2007-03-29,11.058,per_usd
2007-03-30,11.0427,per_usd
2007-04-02,11.0305,per_usd
2007-04-03,10.9785,per_usd
2007-04-04,10.9965,per_usd
2007-04-05,10.99,per_usd
2007-04-06,10.97,per_usd
2007-04-09,10.971,per_usd
2007-04-10,11.0161,per_usd
2007-04-11,10.988,per_usd
2007-04-12,11.0125,per_usd
2007-04-13,10.9915,per_usd
2007-04-16,10.9865,per_usd
2007-04-17,10.987,per_usd
2007-04-18,10.9905,per_usd
2007-04-19,11.0005,per_usd
2007-04-20,10.9864,per_usd
2007-04-23,10.9685,per_usd
2007-04-24,11.003,per_usd
2007-04-25,10.9385,per_usd
2007-04-26,10.926,per_usd
2007-04-27,10.924,per_usd
2007-04-30,10.9295,per_usd
2007-05-01,10.9308,per_usd
2007-05-02,10.9285,per_usd
2007-05-03,10.8966,per_usd
2007-05-04,10.8825,per_usd
2007-05-07,10.8504,per_usd
2007-05-08,10.8475,per_usd
2007-05-09,10.8231,per_usd
2007-05-10,10.8175,per_usd
2007-05-11,10.8125,per_usd
2007-05-14,10.7981,per_usd
2007-05-15,10.7975,per_usd
2007-05-16,10.7951,per_usd
2007-05-17,10.8,per_usd
2007-05-18,10.8222,per_usd
2007-05-21,10.794,per_usd
2007-05-22,10.7641,per_usd
2007-05-23,10.7705,per_usd
2007-05-24,10.8332,per_usd
2007-05-25,10.775,per_usd
2007-05-29,10.7965,per_usd
2007-05-30,10.8125,per_usd
2007-05-31,10.738,per_usd
2007-06-01,10.7116,per_usd
2007-06-04,10.7465,per_usd
2007-06-05,10.795,per_usd
2007-06-06,10.8575,per_usd
2007-06-07,10.8985,per_usd
2007-06-08,10.9785,per_usd
2007-06-11,10.9146,per_usd
2007-06-12,10.9243,per_usd
2007-06-13,10.958,per_usd
2007-06-14,10.9085,per_usd
2007-06-15,10.8095,per_usd
2007-06-18,10.7665,per_usd
2007-06-19,10.7404,per_usd
2007-06-20,10.7785,per_usd
2007-06-21,10.8175,per_usd
2007-06-22,10.795,per_usd
2007-06-25,10.8151,per_usd
2007-06-26,10.835,per_usd
2007-06-27,10.8671,per_usd
2007-06-28,10.7855,per_usd
2007-06-29,10.7901,per_usd
2007-07-02,10.771,per_usd
2007-07-03,10.7681,per_usd
2007-07-05,10.793,per_usd
2007-07-06,10.7805,per_usd
2007-07-09,10.7562,per_usd
2007-07-10,10.78,per_usd
2007-07-11,10.825,per_usd
2007-07-12,10.7805,per_usd
2007-07-13,10.7651,per_usd
2007-07-16,10.7706,per_usd
2007-07-17,10.76,per_usd
2007-07-18,10.751,per_usd
2007-07-19,10.7276,per_usd
2007-07-20,10.7966,per_usd
2007-07-23,10.7574,per_usd
2007-07-24,10.7895,per_usd
2007-07-25,10.868,per_usd
2007-07-26,10.9445,per_usd
2007-07-27,11.011,per_usd
2007-07-30,10.979,per_usd
2007-07-31,10.9311,per_usd
2007-08-01,10.9605,per_usd
2007-08-02,10.933,per_usd
2007-08-03,10.9645,per_usd
2007-08-06,10.978,per_usd
2007-08-07,10.9625,per_usd
2007-08-08,10.9265,per_usd
2007-08-09,10.977,per_usd
2007-08-10,10.9988,per_usd
2007-08-13,10.9865,per_usd
2007-08-14,11.045,per_usd
2007-08-15,11.122,per_usd
2007-08-16,11.2692,per_usd
2007-08-17,11.132,per_usd
2007-08-20,11.123,per_usd
2007-08-21,11.1185,per_usd
2007-08-22,11.063,per_usd
2007-08-23,11.0755,per_usd
2007-08-24,11.031,per_usd
2007-08-27,11.0405,per_usd
2007-08-28,11.099,per_usd
2007-08-29,11.085,per_usd
2007-08-30,11.0845,per_usd
2007-08-31,11.032,per_usd
2007-09-03,11.032,per_usd
2007-09-04,11.0286,per_usd
2007-09-05,11.0866,per_usd
2007-09-06,11.055,per_usd
2007-09-07,11.1255,per_usd
2007-09-10,11.1475,per_usd
2007-09-11,11.1076,per_usd
2007-09-12,11.0675,per_usd
2007-09-13,11.0731,per_usd
2007-09-14,11.1095,per_usd
2007-09-17,11.1482,per_usd
2007-09-18,11.0925,per_usd
2007-09-19,10.988,per_usd
2007-09-20,10.9676,per_usd
2007-09-21,10.9456,per_usd
2007-09-24,10.9385,per_usd
2007-09-25,10.9413,per_usd
2007-09-26,10.9265,per_usd
2007-09-27,10.9255,per_usd
2007-09-28,10.9315,per_usd
2007-10-01,10.913,per_usd
2007-10-02,10.9101,per_usd
2007-10-03,10.873,per_usd
2007-10-04,10.891,per_usd
2007-10-05,10.8474,per_usd
2007-10-08,10.8474,per_usd
2007-10-09,10.8281,per_usd
2007-10-10,10.8402,per_usd
2007-10-11,10.812,per_usd
2007-10-12,10.825,per_usd
2007-10-15,10.8085,per_usd
2007-10-16,10.8368,per_usd
2007-10-17,10.8145,per_usd
2007-10-18,10.815,per_usd
2007-10-19,10.7945,per_usd
2007-10-22,10.8381,per_usd
2007-10-23,10.8288,per_usd
2007-10-24,10.8425,per_usd
2007-10-25,10.8385,per_usd
2007-10-26,10.762,per_usd
2007-10-29,10.7087,per_usd
2007-10-30,10.718,per_usd
2007-10-31,10.6996,per_usd
2007-11-01,10.667,per_usd
2007-11-02,10.7002,per_usd
2007-11-05,10.7306,per_usd
2007-11-06,10.703,per_usd
2007-11-07,10.737,per_usd
2007-11-08,10.8165,per_usd
2007-11-09,10.8806,per_usd
2007-11-13,10.8921,per_usd
2007-11-14,10.869,per_usd
2007-11-15,10.92,per_usd
2007-11-16,10.9291,per_usd
2007-11-19,10.9925,per_usd
2007-11-20,10.96,per_usd
2007-11-21,11.0005,per_usd
2007-11-22,11.0005,per_usd
2007-11-23,10.9755,per_usd
2007-11-26,10.987,per_usd
2007-11-27,10.9745,per_usd
2007-11-28,10.934,per_usd
2007-11-29,10.9385,per_usd
2007-11-30,10.896,per_usd
2007-12-03,10.907,per_usd
2007-12-04,10.908,per_usd
2007-12-05,10.853,per_usd
2007-12-06,10.8346,per_usd
2007-12-07,10.814,per_usd
2007-12-10,10.8195,per_usd
2007-12-11,10.8001,per_usd
2007-12-12,10.8105,per_usd
2007-12-13,10.83,per_usd
2007-12-14,10.824,per_usd
2007-12-17,10.8509,per_usd
2007-12-18,10.8601,per_usd
2007-12-19,10.8455,per_usd
2007-12-20,10.8405,per_usd
2007-12-21,10.8225,per_usd
2007-12-24,10.813,per_usd
2007-12-26,10.813,per_usd
2007-12-27,10.867,per_usd
2007-12-28,10.8958,per_usd
2007-12-31,10.9169,per_usd
2008-01-02,10.902,per_usd
2008-01-03,10.8821,per_usd
2008-01-04,10.927,per_usd
2008-01-07,10.9175,per_usd
2008-01-08,10.8887,per_usd
2008-01-09,10.973,per_usd
2008-01-10,10.9575,per_usd
2008-01-11,10.922,per_usd
2008-01-14,10.9155,per_usd
2008-01-15,10.9177,per_usd
2008-01-16,10.936,per_usd
2008-01-17,10.941,per_usd
2008-01-18,10.9375,per_usd
2008-01-22,10.926,per_usd
2008-01-23,10.9529,per_usd
2008-01-24,10.891,per_usd
2008-01-25,10.868,per_usd
2008-01-28,10.873,per_usd
2008-01-29,10.8405,per_usd
2008-01-30,10.8315,per_usd
2008-01-31,10.819,per_usd
2008-02-01,10.812,per_usd
2008-02-04,10.7925,per_usd
2008-02-05,10.8236,per_usd
2008-02-06,10.8178,per_usd
2008-02-07,10.7946,per_usd
2008-02-08,10.758,per_usd
2008-02-11,10.7725,per_usd
2008-02-12,10.7481,per_usd
2008-02-13,10.75,per_usd
2008-02-14,10.7457,per_usd
2008-02-15,10.766,per_usd
2008-02-19,10.746,per_usd
2008-02-20,10.799,per_usd
2008-02-21,10.798,per_usd
2008-02-22,10.7751,per_usd
2008-02-25,10.7915,per_usd
2008-02-26,10.732,per_usd
2008-02-27,10.736,per_usd
2008-02-28,10.673,per_usd
2008-02-29,10.7263,per_usd
2008-03-03,10.7001,per_usd
2008-03-04,10.7175,per_usd
2008-03-05,10.7015,per_usd
2008-03-06,10.765,per_usd
2008-03-07,10.8441,per_usd
2008-03-10,10.849,per_usd
2008-03-11,10.797,per_usd
2008-03-12,10.781,per_usd
2008-03-13,10.7775,per_usd
2008-03-14,10.7615,per_usd
2008-03-17,10.7822,per_usd
2008-03-18,10.7165,per_usd
2008-03-19,10.6965,per_usd
2008-03-20,10.723,per_usd
2008-03-21,10.717,per_usd
2008-03-24,10.67,per_usd
2008-03-25,10.681,per_usd
2008-03-26,10.6915,per_usd
2008-03-27,10.6935,per_usd
2008-03-28,10.6925,per_usd
2008-03-31,10.63,per_usd
2008-04-01,10.6005,per_usd
2008-04-02,10.5525,per_usd
2008-04-03,10.5665,per_usd
2008-04-04,10.5661,per_usd
2008-04-07,10.54,per_usd
2008-04-08,10.561,per_usd
2008-04-09,10.5565,per_usd
2008-04-10,10.549,per_usd
2008-04-11,10.527,per_usd
2008-04-14,10.4788,per_usd
2008-04-15,10.484,per_usd
2008-04-16,10.4616,per_usd
2008-04-17,10.4775,per_usd
2008-04-18,10.4605,per_usd
2008-04-21,10.5245,per_usd
2008-04-22,10.5165,per_usd
2008-04-23,10.4915,per_usd
2008-04-24,10.456,per_usd
2008-04-25,10.4675,per_usd
2008-04-28,10.4415,per_usd
2008-04-29,10.5322,per_usd
2008-04-30,10.5101,per_usd
2008-05-01,10.489,per_usd
2008-05-02,10.4575,per_usd
2008-05-05,10.4711,per_usd
2008-05-06,10.4915,per_usd
2008-05-07,10.5411,per_usd
2008-05-08,10.5335,per_usd
2008-05-09,10.5701,per_usd
2008-05-12,10.4855,per_usd
2008-05-13,10.487,per_usd
2008-05-14,10.4885,per_usd
2008-05-15,10.467,per_usd
2008-05-16,10.43,per_usd
2008-05-19,10.375,per_usd
2008-05-20,10.3965,per_usd
2008-05-21,10.365,per_usd
2008-05-22,10.384,per_usd
2008-05-23,10.3945,per_usd
2008-05-27,10.397,per_usd
2008-05-28,10.3425,per_usd
2008-05-29,10.3055,per_usd
2008-05-30,10.329,per_usd
2008-06-02,10.339,per_usd
2008-06-03,10.29,per_usd
2008-06-04,10.32,per_usd
2008-06-05,10.312,per_usd
2008-06-06,10.368,per_usd
2008-06-09,10.364,per_usd
2008-06-10,10.388,per_usd
2008-06-11,10.4365,per_usd
2008-06-12,10.389,per_usd
2008-06-13,10.3665,per_usd
2008-06-16,10.3341,per_usd
2008-06-17,10.317,per_usd
2008-06-18,10.294,per_usd
2008-06-19,10.318,per_usd
2008-06-20,10.2735,per_usd
2008-06-23,10.297,per_usd
2008-06-24,10.2925,per_usd
2008-06-25,10.2895,per_usd
2008-06-26,10.2721,per_usd
2008-06-27,10.3011,per_usd
2008-06-30,10.3035,per_usd
2008-07-01,10.385,per_usd
2008-07-02,10.371,per_usd
2008-07-03,10.3695,per_usd
2008-07-07,10.3216,per_usd
2008-07-08,10.3385,per_usd
2008-07-09,10.3035,per_usd
2008-07-10,10.3051,per_usd
2008-07-11,10.3085,per_usd
2008-07-14,10.2955,per_usd
2008-07-15,10.3215,per_usd
2008-07-16,10.2593,per_usd
2008-07-17,10.2235,per_usd
2008-07-18,10.203,per_usd
2008-07-21,10.171,per_usd
2008-07-22,10.1259,per_usd
2008-07-23,10.047,per_usd
2008-07-24,10.0265,per_usd
2008-07-25,10.0255,per_usd
2008-07-28,10.074,per_usd
2008-07-29,10.062,per_usd
2008-07-30,10.0345,per_usd
2008-07-31,10.0345,per_usd
2008-08-01,9.972,per_usd
2008-08-04,9.9355,per_usd
2008-08-05,9.9166,per_usd
2008-08-06,9.9518,per_usd
2008-08-07,10.007,per_usd
2008-08-08,10.1261,per_usd
2008-08-11,10.136,per_usd
2008-08-12,10.1671,per_usd
2008-08-13,10.2055,per_usd
2008-08-14,10.168,per_usd
2008-08-15,10.2045,per_usd
2008-08-18,10.1411,per_usd
2008-08-19,10.1885,per_usd
2008-08-20,10.14,per_usd
2008-08-21,10.106,per_usd
2008-08-22,10.1167,per_usd
2008-08-25,10.121,per_usd
2008-08-26,10.1781,per_usd
2008-08-27,10.142,per_usd
2008-08-28,10.2035,per_usd
2008-08-29,10.297,per_usd
2008-09-02,10.385,per_usd
2008-09-03,10.3803,per_usd
2008-09-04,10.4625,per_usd
2008-09-05,10.4965,per_usd
2008-09-08,10.5185,per_usd
2008-09-09,10.507,per_usd
2008-09-10,10.6025,per_usd
2008-09-11,10.659,per_usd
2008-09-12,10.5755,per_usd
2008-09-15,10.7116,per_usd
2008-09-16,10.735,per_usd
2008-09-17,10.8809,per_usd
2008-09-18,10.849,per_usd
2008-09-19,10.606,per_usd
2008-09-22,10.5935,per_usd
2008-09-23,10.722,per_usd
2008-09-24,10.792,per_usd
2008-09-25,10.768,per_usd
2008-09-26,10.7955,per_usd
2008-09-29,10.916,per_usd
2008-09-30,10.9726,per_usd
2008-10-01,10.9705,per_usd
2008-10-02,11.115,per_usd
2008-10-03,11.1245,per_usd
2008-10-06,11.703,per_usd
2008-10-07,12.115,per_usd
2008-10-08,13.139,per_usd
2008-10-09,12.3788,per_usd
2008-10-10,12.9806,per_usd
2008-10-14,12.4251,per_usd
2008-10-15,12.724,per_usd
2008-10-16,13.11,per_usd
2008-10-17,12.8303,per_usd
2008-10-20,12.781,per_usd
2008-10-21,13.185,per_usd
2008-10-22,13.5938,per_usd
2008-10-23,13.61,per_usd
2008-10-24,13.5885,per_usd
2008-10-27,13.2743,per_usd
2008-10-28,13.3625,per_usd
2008-10-29,12.9232,per_usd
2008-10-30,12.865,per_usd
2008-10-31,12.705,per_usd
2008-11-03,12.7977,per_usd
2008-11-04,12.4705,per_usd
2008-11-05,12.636,per_usd
2008-11-06,12.96,per_usd
2008-11-07,12.8525,per_usd
2008-11-10,12.815,per_usd
2008-11-12,13.095,per_usd
2008-11-13,13.29,per_usd
2008-11-14,13.0028,per_usd
2008-11-17,13.08,per_usd
2008-11-18,13.145,per_usd
2008-11-19,13.1513,per_usd
2008-11-20,13.561,per_usd
2008-11-21,13.935,per_usd
2008-11-24,13.462,per_usd
2008-11-25,13.2705,per_usd
2008-11-26,13.22,per_usd
2008-11-28,13.39,per_usd
2008-12-01,13.57,per_usd
2008-12-02,13.4653,per_usd
2008-12-03,13.55,per_usd
2008-12-04,13.51,per_usd
2008-12-05,13.8002,per_usd
2008-12-08,13.465,per_usd
2008-12-09,13.5055,per_usd
2008-12-10,13.4665,per_usd
2008-12-11,13.091,per_usd
2008-12-12,13.53,per_usd
2008-12-15,13.3055,per_usd
2008-12-16,13.223,per_usd
2008-12-17,13.17,per_usd
2008-12-18,13.18,per_usd
2008-12-19,13.1225,per_usd
2008-12-22,13.183,per_usd
2008-12-23,13.221,per_usd
2008-12-24,13.33,per_usd
2008-12-26,13.365,per_usd
2008-12-29,13.5225,per_usd
2008-12-30,13.76,per_usd
2008-12-31,13.832,per_usd
2009-01-02,13.7815,per_usd
2009-01-05,13.5225,per_usd
2009-01-06,13.33,per_usd
2009-01-07,13.3955,per_usd
2009-01-08,13.495,per_usd
2009-01-09,13.708,per_usd
2009-01-12,13.7725,per_usd
2009-01-13,13.836,per_usd
2009-01-14,14.0805,per_usd
2009-01-15,14.16,per_usd
2009-01-16,13.925,per_usd
2009-01-20,13.9155,per_usd
2009-01-21,13.9275,per_usd
2009-01-22,13.9675,per_usd
2009-01-23,14.07,per_usd
2009-01-26,13.948,per_usd
2009-01-27,14.185,per_usd
2009-01-28,14.122,per_usd
2009-01-29,14.2021,per_usd
2009-01-30,14.333,per_usd
2009-02-02,14.496,per_usd
2009-02-03,14.5825,per_usd
2009-02-04,14.465,per_usd
2009-02-05,14.318,per_usd
2009-02-06,14.1777,per_usd
2009-02-09,14.134,per_usd
2009-02-10,14.3775,per_usd
2009-02-11,14.5423,per_usd
2009-02-12,14.588,per_usd
2009-02-13,14.465,per_usd
2009-02-17,14.6205,per_usd
2009-02-18,14.653,per_usd
2009-02-19,14.5886,per_usd
2009-02-20,14.836,per_usd
2009-02-23,14.86,per_usd
2009-02-24,14.835,per_usd
2009-02-25,14.926,per_usd
2009-02-26,14.9728,per_usd
2009-02-27,15.088,per_usd
2009-03-02,15.406,per_usd
2009-03-03,15.341,per_usd
2009-03-04,15.175,per_usd
2009-03-05,15.3153,per_usd
2009-03-06,15.254,per_usd
2009-03-09,15.3815,per_usd
2009-03-10,15.2872,per_usd
2009-03-11,15.1683,per_usd
2009-03-12,14.9222,per_usd
2009-03-13,14.585,per_usd
2009-03-16,14.101,per_usd
2009-03-17,14.024,per_usd
2009-03-18,14.1305,per_usd
2009-03-19,14.06,per_usd
2009-03-20,14.14,per_usd
2009-03-23,14.2725,per_usd
2009-03-24,14.303,per_usd
2009-03-25,14.221,per_usd
2009-03-26,14.231,per_usd
2009-03-27,14.315,per_usd
2009-03-30,14.382,per_usd
2009-03-31,14.21,per_usd
2009-04-01,13.8882,per_usd
2009-04-02,13.83,per_usd
2009-04-03,13.631,per_usd
2009-04-06,13.65,per_usd
2009-04-07,13.575,per_usd
2009-04-08,13.3625,per_usd
2009-04-09,13.1725,per_usd
2009-04-10,13.1275,per_usd
2009-04-13,13.088,per_usd
2009-04-14,13.0835,per_usd
2009-04-15,13.1685,per_usd
2009-04-16,13.047,per_usd
2009-04-17,13.135,per_usd
2009-04-20,13.3285,per_usd
2009-04-21,13.122,per_usd
2009-04-22,13.1288,per_usd
2009-04-23,13.327,per_usd
2009-04-24,13.2445,per_usd
2009-04-27,13.7072,per_usd
2009-04-28,13.885,per_usd
2009-04-29,13.575,per_usd
2009-04-30,13.801,per_usd
2009-05-01,13.823,per_usd
2009-05-04,13.3005,per_usd
2009-05-05,13.203,per_usd
2009-05-06,13.1975,per_usd
2009-05-07,13.086,per_usd
2009-05-08,13.1061,per_usd
2009-05-11,13.11,per_usd
2009-05-12,13.2325,per_usd
2009-05-13,13.3153,per_usd
2009-05-14,13.301,per_usd
2009-05-15,13.2075,per_usd
2009-05-18,13.12,per_usd
2009-05-19,12.953,per_usd
2009-05-20,12.8845,per_usd
2009-05-21,13.0875,per_usd
2009-05-22,13.1675,per_usd
2009-05-26,13.1335,per_usd
2009-05-27,13.1501,per_usd
2009-05-28,13.23,per_usd
2009-05-29,13.182,per_usd
2009-06-01,13.1565,per_usd
2009-06-02,13.2825,per_usd
2009-06-03,13.305,per_usd
2009-06-04,13.2557,per_usd
2009-06-05,13.295,per_usd
2009-06-08,13.457,per_usd
2009-06-09,13.5,per_usd
2009-06-10,13.636,per_usd
2009-06-11,13.44,per_usd
2009-06-12,13.401,per_usd
2009-06-15,13.4305,per_usd
2009-06-16,13.342,per_usd
2009-06-17,13.47,per_usd
2009-06-18,13.341,per_usd
2009-06-19,13.338,per_usd
2009-06-22,13.3715,per_usd
2009-06-23,13.3219,per_usd
2009-06-24,13.2825,per_usd
2009-06-25,13.289,per_usd
2009-06-26,13.2425,per_usd
2009-06-29,13.1835,per_usd
2009-06-30,13.17,per_usd
2009-07-01,13.0965,per_usd
2009-07-02,13.16,per_usd
2009-07-03,13.245,per_usd
2009-07-06,13.2535,per_usd
2009-07-07,13.2698,per_usd
2009-07-08,13.479,per_usd
2009-07-09,13.5545,per_usd
2009-07-10,13.72,per_usd
2009-07-13,13.8025,per_usd
2009-07-14,13.785,per_usd
2009-07-15,13.5965,per_usd
2009-07-16,13.568,per_usd
2009-07-17,13.39,per_usd
2009-07-20,13.318,per_usd
2009-07-21,13.3053,per_usd
2009-07-22,13.2335,per_usd
2009-07-23,13.1625,per_usd
2009-07-24,13.221,per_usd
2009-07-27,13.2205,per_usd
2009-07-28,13.259,per_usd
2009-07-29,13.27,per_usd
2009-07-30,13.221,per_usd
2009-07-31,13.2025,per_usd
2009-08-03,13.131,per_usd
2009-08-04,13.1025,per_usd
2009-08-05,13.1095,per_usd
2009-08-06,12.997,per_usd
2009-08-07,12.9305,per_usd
2009-08-10,12.9192,per_usd
2009-08-11,12.9925,per_usd
2009-08-12,12.9668,per_usd
2009-08-13,12.8705,per_usd
2009-08-14,12.8799,per_usd
2009-08-17,12.985,per_usd
2009-08-18,12.9598,per_usd
2009-08-19,12.882,per_usd
2009-08-20,12.8675,per_usd
2009-08-21,12.82,per_usd
2009-08-24,12.847,per_usd
2009-08-25,12.8722,per_usd
2009-08-26,13.159,per_usd
2009-08-27,13.237,per_usd
2009-08-28,13.267,per_usd
2009-08-31,13.3361,per_usd
2009-09-01,13.5725,per_usd
2009-09-02,13.578,per_usd
2009-09-03,13.5681,per_usd
2009-09-04,13.426,per_usd
2009-09-08,13.288,per_usd
2009-09-09,13.436,per_usd
2009-09-10,13.4,per_usd
2009-09-11,13.329,per_usd
2009-09-14,13.399,per_usd
2009-09-15,13.3365,per_usd
2009-09-16,13.181,per_usd
2009-09-17,13.2466,per_usd
2009-09-18,13.249,per_usd
2009-09-21,13.3425,per_usd
2009-09-22,13.324,per_usd
2009-09-23,13.3475,per_usd
2009-09-24,13.4605,per_usd
2009-09-25,13.521,per_usd
2009-09-28,13.4885,per_usd
2009-09-29,13.5525,per_usd
2009-09-30,13.4805,per_usd
2009-10-01,13.654,per_usd
2009-10-02,13.67,per_usd
2009-10-05,13.662,per_usd
2009-10-06,13.489,per_usd
2009-10-07,13.4675,per_usd
2009-10-08,13.32,per_usd
2009-10-09,13.262,per_usd
2009-10-13,13.161,per_usd
2009-10-14,13.065,per_usd
2009-10-15,13.093,per_usd
2009-10-16,13.081,per_usd
2009-10-19,13.0832,per_usd
2009-10-20,12.9587,per_usd
2009-10-21,12.899,per_usd
2009-10-22,12.9515,per_usd
2009-10-23,13.0132,per_usd
2009-10-26,13.122,per_usd
2009-10-27,13.23,per_usd
2009-10-28,13.2815,per_usd
2009-10-29,13.1577,per_usd
2009-10-30,13.1555,per_usd
2009-11-02,13.0988,per_usd
2009-11-03,13.315,per_usd
2009-11-04,13.2855,per_usd
2009-11-05,13.3318,per_usd
2009-11-06,13.3754,per_usd
2009-11-09,13.3058,per_usd
2009-11-10,13.2451,per_usd
2009-11-12,13.2526,per_usd
2009-11-13,13.0735,per_usd
2009-11-16,12.993,per_usd
2009-11-17,13.1,per_usd
2009-11-18,12.976,per_usd
2009-11-19,13.047,per_usd
2009-11-20,13.085,per_usd
2009-11-23,13.0081,per_usd
2009-11-24,12.9315,per_usd
2009-11-25,12.8585,per_usd
2009-11-27,12.9195,per_usd
2009-11-30,12.916,per_usd
2009-12-01,12.8537,per_usd
2009-12-02,12.774,per_usd
2009-12-03,12.6335,per_usd
2009-12-04,12.6318,per_usd
2009-12-07,12.645,per_usd
2009-12-08,12.841,per_usd
2009-12-09,12.967,per_usd
2009-12-10,12.9805,per_usd
2009-12-11,12.935,per_usd
2009-12-14,12.783,per_usd
2009-12-15,12.7121,per_usd
2009-12-16,12.7065,per_usd
2009-12-17,12.9601,per_usd
2009-12-18,12.8688,per_usd
2009-12-21,12.821,per_usd
2009-12-22,12.953,per_usd
2009-12-23,12.881,per_usd
2009-12-24,12.881,per_usd
2009-12-28,12.9355,per_usd
2009-12-29,13.0775,per_usd
2009-12-30,13.07,per_usd
2009-12-31,13.0576,per_usd
2010-01-04,12.911,per_usd
2010-01-05,12.816,per_usd
2010-01-06,12.742,per_usd
2010-01-07,12.759,per_usd
2010-01-08,12.7256,per_usd
2010-01-11,12.666,per_usd
2010-01-12,12.7155,per_usd
2010-01-13,12.762,per_usd
2010-01-14,12.72,per_usd
2010-01-15,12.6845,per_usd
2010-01-19,12.65,per_usd
2010-01-20,12.77,per_usd
2010-01-21,12.7825,per_usd
2010-01-22,12.9295,per_usd
2010-01-25,12.9101,per_usd
2010-01-26,12.9525,per_usd
2010-01-27,12.9275,per_usd
2010-01-28,12.9293,per_usd
2010-01-29,13.0285,per_usd
2010-02-01,12.94,per_usd
2010-02-02,12.862,per_usd
2010-02-03,12.97,per_usd
2010-02-04,13.089,per_usd
2010-02-05,13.194,per_usd
2010-02-08,13.1436,per_usd
2010-02-09,13.068,per_usd
2010-02-10,13.052,per_usd
2010-02-11,13.0415,per_usd
2010-02-12,12.982,per_usd
2010-02-16,12.851,per_usd
2010-02-17,12.8771,per_usd
2010-02-18,12.8455,per_usd
2010-02-19,12.8235,per_usd
2010-02-22,12.7987,per_usd
2010-02-23,12.8535,per_usd
2010-02-24,12.85,per_usd
2010-02-25,12.8535,per_usd
2010-02-26,12.7575,per_usd
2010-03-01,12.7411,per_usd
2010-03-02,12.7176,per_usd
2010-03-03,12.6865,per_usd
2010-03-04,12.7175,per_usd
2010-03-05,12.6585,per_usd
2010-03-08,12.665,per_usd
2010-03-09,12.6275,per_usd
2010-03-10,12.5951,per_usd
2010-03-11,12.6125,per_usd
2010-03-12,12.5457,per_usd
2010-03-15,12.564,per_usd
2010-03-16,12.5201,per_usd
2010-03-17,12.4825,per_usd
2010-03-18,12.471,per_usd
2010-03-19,12.56,per_usd
2010-03-22,12.6135,per_usd
2010-03-23,12.527,per_usd
2010-03-24,12.537,per_usd
2010-03-25,12.49,per_usd
2010-03-26,12.5407,per_usd
2010-03-29,12.4615,per_usd
2010-03-30,12.4125,per_usd
2010-03-31,12.3005,per_usd
2010-04-01,12.2995,per_usd
2010-04-02,12.2873,per_usd
2010-04-05,12.2725,per_usd
2010-04-06,12.2444,per_usd
2010-04-07,12.229,per_usd
2010-04-08,12.2355,per_usd
2010-04-09,12.188,per_usd
2010-04-12,12.1685,per_usd
2010-04-13,12.1876,per_usd
2010-04-14,12.1901,per_usd
2010-04-15,12.198,per_usd
2010-04-16,12.2698,per_usd
2010-04-19,12.3347,per_usd
2010-04-20,12.222,per_usd
2010-04-21,12.1797,per_usd
2010-04-22,12.2636,per_usd
2010-04-23,12.2016,per_usd
2010-04-26,12.1556,per_usd
2010-04-27,12.2684,per_usd
2010-04-28,12.4135,per_usd
2010-04-29,12.2335,per_usd
2010-04-30,12.2281,per_usd
2010-05-03,12.2656,per_usd
2010-05-04,12.4165,per_usd
2010-05-05,12.627,per_usd
2010-05-06,12.8531,per_usd
2010-05-07,12.8328,per_usd
2010-05-10,12.5125,per_usd
2010-05-11,12.5025,per_usd
2010-05-12,12.4381,per_usd
2010-05-13,12.358,per_usd
2010-05-14,12.582,per_usd
2010-05-17,12.7223,per_usd
2010-05-18,12.597,per_usd
2010-05-19,12.9305,per_usd
2010-05-20,13.1207,per_usd
2010-05-21,12.9701,per_usd
2010-05-24,12.9524,per_usd
2010-05-25,13.1398,per_usd
2010-05-26,12.987,per_usd
2010-05-27,12.8532,per_usd
2010-05-28,12.8633,per_usd
2010-06-01,12.9195,per_usd
2010-06-02,12.8388,per_usd
2010-06-03,12.7534,per_usd
2010-06-04,12.8825,per_usd
2010-06-07,12.8934,per_usd
2010-06-08,12.906,per_usd
2010-06-09,12.8002,per_usd
2010-06-10,12.7335,per_usd
2010-06-11,12.6755,per_usd
2010-06-14,12.5962,per_usd
2010-06-15,12.5777,per_usd
2010-06-16,12.5858,per_usd
2010-06-17,12.5842,per_usd
2010-06-18,12.543,per_usd
2010-06-21,12.4555,per_usd
2010-06-22,12.5179,per_usd
2010-06-23,12.6452,per_usd
2010-06-24,12.7033,per_usd
2010-06-25,12.6967,per_usd
2010-06-28,12.6482,per_usd
2010-06-29,12.8375,per_usd
2010-06-30,12.8306,per_usd
2010-07-01,13.035,per_usd
2010-07-02,13.081,per_usd
2010-07-06,12.9323,per_usd
2010-07-07,12.8955,per_usd
2010-07-08,12.7821,per_usd
2010-07-09,12.7823,per_usd
2010-07-12,12.8279,per_usd
2010-07-13,12.7071,per_usd
2010-07-14,12.6961,per_usd
2010-07-15,12.7656,per_usd
2010-07-16,12.9256,per_usd
2010-07-19,12.9111,per_usd
2010-07-20,12.8451,per_usd
2010-07-21,12.7785,per_usd
2010-07-22,12.752,per_usd
2010-07-23,12.7666,per_usd
2010-07-26,12.6958,per_usd
2010-07-27,12.6525,per_usd
2010-07-28,12.677,per_usd
2010-07-29,12.7278,per_usd
2010-07-30,12.6421,per_usd
2010-08-02,12.5771,per_usd
2010-08-03,12.582,per_usd
2010-08-04,12.546,per_usd
2010-08-05,12.5441,per_usd
2010-08-06,12.6667,per_usd
2010-08-09,12.6305,per_usd
2010-08-10,12.69,per_usd
2010-08-11,12.7314,per_usd
2010-08-12,12.717,per_usd
2010-08-13,12.7225,per_usd
2010-08-16,12.6533,per_usd
2010-08-17,12.5833,per_usd
2010-08-18,12.5975,per_usd
2010-08-19,12.731,per_usd
2010-08-20,12.7705,per_usd
2010-08-23,12.8751,per_usd
2010-08-24,12.9184,per_usd
2010-08-25,13.0291,per_usd
2010-08-26,12.9753,per_usd
2010-08-27,13.0008,per_usd
2010-08-30,13.1436,per_usd
2010-08-31,13.1671,per_usd
2010-09-01,13.04,per_usd
2010-09-02,13.055,per_usd
2010-09-03,12.945,per_usd
2010-09-07,13.0599,per_usd
2010-09-08,13.0135,per_usd
2010-09-09,13.0127,per_usd
2010-09-10,12.9605,per_usd
2010-09-13,12.8635,per_usd
2010-09-14,12.8177,per_usd
2010-09-15,12.7772,per_usd
2010-09-16,12.8531,per_usd
2010-09-17,12.8075,per_usd
2010-09-20,12.771,per_usd
2010-09-21,12.7638,per_usd
2010-09-22,12.696,per_usd
2010-09-23,12.6413,per_usd
2010-09-24,12.5485,per_usd
2010-09-27,12.5176,per_usd
2010-09-28,12.4926,per_usd
2010-09-29,12.4885,per_usd
2010-09-30,12.627,per_usd
2010-10-01,12.5433,per_usd
2010-10-04,12.6081,per_usd
2010-10-05,12.5141,per_usd
2010-10-06,12.48,per_usd
2010-10-07,12.5452,per_usd
2010-10-08,12.4671,per_usd
2010-10-12,12.4285,per_usd
2010-10-13,12.3705,per_usd
2010-10-14,12.4156,per_usd
2010-10-15,12.415,per_usd
2010-10-18,12.4205,per_usd
2010-10-19,12.4625,per_usd
2010-10-20,12.4025,per_usd
2010-10-21,12.3885,per_usd
2010-10-22,12.4021,per_usd
2010-10-25,12.3278,per_usd
2010-10-26,12.382,per_usd
2010-10-27,12.465,per_usd
2010-10-28,12.4061,per_usd
2010-10-29,12.3415,per_usd
2010-11-01,12.3417,per_usd
2010-11-02,12.301,per_usd
2010-11-03,12.2962,per_usd
2010-11-04,12.2371,per_usd
2010-11-05,12.2121,per_usd
2010-11-08,12.246,per_usd
2010-11-09,12.2155,per_usd
2010-11-10,12.256,per_usd
2010-11-12,12.2678,per_usd
2010-11-15,12.2862,per_usd
2010-11-16,12.445,per_usd
2010-11-17,12.3633,per_usd
2010-11-18,12.2951,per_usd
2010-11-19,12.3,per_usd
2010-11-22,12.3001,per_usd
2010-11-23,12.473,per_usd
2010-11-24,12.4016,per_usd
2010-11-26,12.494,per_usd
2010-11-29,12.5668,per_usd
2010-11-30,12.454,per_usd
2010-12-01,12.3735,per_usd
2010-12-02,12.3471,per_usd
2010-12-03,12.3549,per_usd
2010-12-06,12.387,per_usd
2010-12-07,12.4255,per_usd
2010-12-08,12.4362,per_usd
2010-12-09,12.4725,per_usd
2010-12-10,12.4542,per_usd
2010-12-13,12.3855,per_usd
2010-12-14,12.3633,per_usd
2010-12-15,12.3965,per_usd
2010-12-16,12.4496,per_usd
2010-12-17,12.4286,per_usd
2010-12-20,12.4115,per_usd
2010-12-21,12.371,per_usd
2010-12-22,12.3311,per_usd
2010-12-23,12.3353,per_usd
2010-12-27,12.3661,per_usd
2010-12-28,12.3623,per_usd
2010-12-29,12.36,per_usd
2010-12-30,12.3825,per_usd
2011-01-03,12.2535,per_usd
2011-01-04,12.2545,per_usd
2011-01-05,12.1964,per_usd
2011-01-06,12.2361,per_usd
2011-01-07,12.244,per_usd
2011-01-10,12.24,per_usd
2011-01-11,12.1765,per_usd
2011-01-12,12.0589,per_usd
2011-01-13,12.0887,per_usd
2011-01-14,12.0582,per_usd
2011-01-18,12.0451,per_usd
2011-01-19,12.0681,per_usd
2011-01-20,12.0798,per_usd
2011-01-21,12.057,per_usd
2011-01-24,12.0422,per_usd
2011-01-25,12.0855,per_usd
2011-01-26,12.039,per_usd
2011-01-27,12.0415,per_usd
2011-01-28,12.14,per_usd
2011-01-31,12.1541,per_usd
2011-02-01,12.0053,per_usd
2011-02-02,12.028,per_usd
2011-02-03,12.04,per_usd
2011-02-04,11.9977,per_usd
2011-02-07,11.97,per_usd
2011-02-08,11.9816,per_usd
2011-02-09,12.0568,per_usd
2011-02-10,12.0757,per_usd
2011-02-11,12.0673,per_usd
2011-02-14,12.0446,per_usd
2011-02-15,12.1299,per_usd
2011-02-16,12.0875,per_usd
2011-02-17,12.0441,per_usd
2011-02-18,12.0085,per_usd
2011-02-22,12.0983,per_usd
2011-02-23,12.1824,per_usd
2011-02-24,12.1762,per_usd
2011-02-25,12.1261,per_usd
2011-02-28,12.113,per_usd
2011-03-01,12.0882,per_usd
2011-03-02,12.1114,per_usd
2011-03-03,12.0301,per_usd
2011-03-04,12.0066,per_usd
2011-03-07,12.032,per_usd
2011-03-08,12.001,per_usd
2011-03-09,11.9681,per_usd
2011-03-10,11.9641,per_usd
2011-03-11,11.9211,per_usd
2011-03-14,11.9188,per_usd
2011-03-15,12.0033,per_usd
2011-03-16,12.0842,per_usd
2011-03-17,12.0997,per_usd
2011-03-18,12.0584,per_usd
2011-03-21,11.9905,per_usd
2011-03-22,11.987,per_usd
2011-03-23,12.004,per_usd
2011-03-24,11.9532,per_usd
2011-03-25,11.933,per_usd
2011-03-28,11.9561,per_usd
2011-03-29,11.965,per_usd
2011-03-30,11.9211,per_usd
2011-03-31,11.917,per_usd
2011-04-01,11.829,per_usd
2011-04-04,11.8552,per_usd
2011-04-05,11.8216,per_usd
2011-04-06,11.7866,per_usd
2011-04-07,11.7922,per_usd
2011-04-08,11.746,per_usd
2011-04-11,11.7412,per_usd
2011-04-12,11.823,per_usd
2011-04-13,11.8055,per_usd
2011-04-14,11.76,per_usd
2011-04-15,11.7022,per_usd
2011-04-18,11.7785,per_usd
2011-04-19,11.696,per_usd
2011-04-20,11.6203,per_usd
2011-04-21,11.6055,per_usd
2011-04-22,11.602,per_usd
2011-04-25,11.6175,per_usd
2011-04-26,11.5736,per_usd
2011-04-27,11.5954,per_usd
2011-04-28,11.5486,per_usd
2011-04-29,11.5237,per_usd
2011-05-02,11.505,per_usd
2011-05-03,11.558,per_usd
2011-05-04,11.6295,per_usd
2011-05-05,11.693,per_usd
2011-05-06,11.5831,per_usd
2011-05-09,11.6303,per_usd
2011-05-10,11.592,per_usd
2011-05-11,11.6041,per_usd
2011-05-12,11.6698,per_usd
2011-05-13,11.7463,per_usd
2011-05-16,11.722,per_usd
2011-05-17,11.7661,per_usd
2011-05-18,11.7173,per_usd
2011-05-19,11.6716,per_usd
2011-05-20,11.6555,per_usd
2011-05-23,11.7335,per_usd
2011-05-24,11.6986,per_usd
2011-05-25,11.682,per_usd
2011-05-26,11.691,per_usd
2011-05-27,11.6113,per_usd
2011-05-31,11.579,per_usd
2011-06-01,11.6362,per_usd
2011-06-02,11.6839,per_usd
2011-06-03,11.6585,per_usd
2011-06-06,11.6931,per_usd
2011-06-07,11.735,per_usd
2011-06-08,11.792,per_usd
2011-06-09,11.7786,per_usd
2011-06-10,11.8668,per_usd
2011-06-13,11.88,per_usd
2011-06-14,11.7986,per_usd
2011-06-15,11.8819,per_usd
2011-06-16,11.9717,per_usd
2011-06-17,11.904,per_usd
2011-06-20,11.8842,per_usd
2011-06-21,11.8068,per_usd
2011-06-22,11.7793,per_usd
2011-06-23,11.8687,per_usd
2011-06-24,11.8832,per_usd
2011-06-27,11.8936,per_usd
2011-06-28,11.8375,per_usd
2011-06-29,11.768,per_usd
2011-06-30,11.7191,per_usd
2011-07-01,11.6294,per_usd
2011-07-05,11.6226,per_usd
2011-07-06,11.6361,per_usd
2011-07-07,11.5725,per_usd
2011-07-08,11.6279,per_usd
2011-07-11,11.7268,per_usd
2011-07-12,11.7889,per_usd
2011-07-13,11.7111,per_usd
2011-07-14,11.7086,per_usd
2011-07-15,11.7123,per_usd
2011-07-18,11.7972,per_usd
2011-07-19,11.7042,per_usd
2011-07-20,11.6708,per_usd
2011-07-21,11.6198,per_usd
2011-07-22,11.624,per_usd
2011-07-25,11.663,per_usd
2011-07-26,11.6226,per_usd
2011-07-27,11.6479,per_usd
2011-07-28,11.6731,per_usd
2011-07-29,11.7235,per_usd
2011-08-01,11.7525,per_usd
2011-08-02,11.7629,per_usd
2011-08-03,11.8384,per_usd
2011-08-04,12.008,per_usd
2011-08-05,12.0402,per_usd
2011-08-08,12.1768,per_usd
2011-08-09,12.344,per_usd
2011-08-10,12.385,per_usd
2011-08-11,12.41,per_usd
2011-08-12,12.2825,per_usd
2011-08-15,12.2501,per_usd
2011-08-16,12.2489,per_usd
2011-08-17,12.1875,per_usd
2011-08-18,12.3565,per_usd
2011-08-19,12.2327,per_usd
2011-08-22,12.3227,per_usd
2011-08-23,12.3155,per_usd
2011-08-24,12.4222,per_usd
2011-08-25,12.4155,per_usd
2011-08-26,12.4657,per_usd
2011-08-29,12.4157,per_usd
2011-08-30,12.4831,per_usd
2011-08-31,12.3262,per_usd
2011-09-01,12.2556,per_usd
2011-09-02,12.363,per_usd
2011-09-06,12.5201,per_usd
2011-09-07,12.4702,per_usd
2011-09-08,12.4996,per_usd
2011-09-09,12.647,per_usd
2011-09-12,12.775,per_usd
2011-09-13,12.9367,per_usd
2011-09-14,12.954,per_usd
2011-09-15,12.9083,per_usd
2011-09-16,12.9676,per_usd
2011-09-19,13.1856,per_usd
2011-09-20,13.1664,per_usd
2011-09-21,13.4127,per_usd
2011-09-22,13.8748,per_usd
2011-09-23,13.7753,per_usd
2011-09-26,13.6683,per_usd
2011-09-27,13.3376,per_usd
2011-09-28,13.3779,per_usd
2011-09-29,13.4715,per_usd
2011-09-30,13.7701,per_usd
2011-10-03,13.8767,per_usd
2011-10-04,13.931,per_usd
2011-10-05,13.6701,per_usd
2011-10-06,13.5291,per_usd
2011-10-07,13.3016,per_usd
2011-10-11,13.321,per_usd
2011-10-12,13.2303,per_usd
2011-10-13,13.3621,per_usd
2011-10-14,13.2906,per_usd
2011-10-17,13.2904,per_usd
2011-10-18,13.4215,per_usd
2011-10-19,13.3802,per_usd
2011-10-20,13.7675,per_usd
2011-10-21,13.5759,per_usd
2011-10-24,13.4546,per_usd
2011-10-25,13.443,per_usd
2011-10-26,13.4697,per_usd
2011-10-27,13.1711,per_usd
2011-10-28,13.1025,per_usd
2011-10-31,13.169,per_usd
2011-11-01,13.6665,per_usd
2011-11-02,13.484,per_usd
2011-11-03,13.427,per_usd
2011-11-04,13.4735,per_usd
2011-11-07,13.455,per_usd
2011-11-08,13.3826,per_usd
2011-11-09,13.4955,per_usd
2011-11-10,13.5477,per_usd
2011-11-14,13.4865,per_usd
2011-11-15,13.5851,per_usd
2011-11-16,13.5919,per_usd
2011-11-17,13.6281,per_usd
2011-11-18,13.7015,per_usd
2011-11-21,14.0178,per_usd
2011-11-22,13.981,per_usd
2011-11-23,14.1426,per_usd
2011-11-25,14.2542,per_usd
2011-11-28,14.0432,per_usd
2011-11-29,13.9252,per_usd
2011-11-30,13.6201,per_usd
2011-12-01,13.5875,per_usd
2011-12-02,13.5425,per_usd
2011-12-05,13.489,per_usd
2011-12-06,13.5,per_usd
2011-12-07,13.5107,per_usd
2011-12-08,13.6807,per_usd
2011-12-09,13.6128,per_usd
2011-12-12,13.8568,per_usd
2011-12-13,13.7896,per_usd
2011-12-14,13.94,per_usd
2011-12-15,13.8313,per_usd
2011-12-16,13.885,per_usd
2011-12-19,13.861,per_usd
2011-12-20,13.7866,per_usd
2011-12-21,13.8523,per_usd
2011-12-22,13.829,per_usd
2011-12-23,13.8189,per_usd
2011-12-27,13.9727,per_usd
2011-12-28,13.9927,per_usd
2011-12-29,13.9755,per_usd
2011-12-30,13.951,per_usd
2012-01-03,13.6736,per_usd
2012-01-04,13.6968,per_usd
2012-01-05,13.7502,per_usd
2012-01-06,13.7165,per_usd
2012-01-09,13.7344,per_usd
2012-01-10,13.6211,per_usd
2012-01-11,13.6517,per_usd
2012-01-12,13.5976,per_usd
2012-01-13,13.614,per_usd
2012-01-17,13.4614,per_usd
2012-01-18,13.3284,per_usd
2012-01-19,13.2269,per_usd
2012-01-20,13.2276,per_usd
2012-01-23,13.1477,per_usd
2012-01-24,13.1654,per_usd
2012-01-25,13.156,per_usd
2012-01-26,12.9517,per_usd
2012-01-27,12.9251,per_usd
2012-01-30,12.9761,per_usd
2012-01-31,13.0356,per_usd
2012-02-01,12.9514,per_usd
2012-02-02,12.8011,per_usd
2012-02-03,12.7203,per_usd
2012-02-06,12.625,per_usd
2012-02-07,12.6289,per_usd
2012-02-08,12.6905,per_usd
2012-02-09,12.723,per_usd
2012-02-10,12.7996,per_usd
2012-02-13,12.7206,per_usd
2012-02-14,12.7618,per_usd
2012-02-15,12.7556,per_usd
2012-02-16,12.856,per_usd
2012-02-17,12.8138,per_usd
2012-02-21,12.747,per_usd
2012-02-22,12.8305,per_usd
2012-02-23,12.8358,per_usd
2012-02-24,12.8804,per_usd
2012-02-27,12.8655,per_usd
2012-02-28,12.8646,per_usd
2012-02-29,12.7941,per_usd
2012-03-01,12.7661,per_usd
2012-03-02,12.7745,per_usd
2012-03-05,12.8241,per_usd
2012-03-06,12.99,per_usd
2012-03-07,12.9293,per_usd
2012-03-08,12.778,per_usd
2012-03-09,12.6307,per_usd
2012-03-12,12.7203,per_usd
2012-03-13,12.637,per_usd
2012-03-14,12.6757,per_usd
2012-03-15,12.6686,per_usd
2012-03-16,12.6701,per_usd
2012-03-19,12.628,per_usd
2012-03-20,12.7046,per_usd
2012-03-21,12.7031,per_usd
2012-03-22,12.8326,per_usd
2012-03-23,12.812,per_usd
2012-03-26,12.6808,per_usd
2012-03-27,12.6578,per_usd
2012-03-28,12.8014,per_usd
2012-03-29,12.8533,per_usd
2012-03-30,12.8115,per_usd
2012-04-02,12.7569,per_usd
2012-04-03,12.7301,per_usd
2012-04-04,12.8327,per_usd
2012-04-05,12.8323,per_usd
2012-04-06,12.9855,per_usd
2012-04-09,12.984,per_usd
2012-04-10,13.1782,per_usd
2012-04-11,13.158,per_usd
2012-04-12,13.063,per_usd
2012-04-13,13.146,per_usd
2012-04-16,13.229,per_usd
2012-04-17,13.085,per_usd
2012-04-18,13.127,per_usd
2012-04-19,13.2286,per_usd
2012-04-20,13.1211,per_usd
2012-04-23,13.2053,per_usd
2012-04-24,13.1545,per_usd
2012-04-25,13.1684,per_usd
2012-04-26,13.2077,per_usd
2012-04-27,12.9909,per_usd
2012-04-30,12.99,per_usd
2012-05-01,12.8877,per_usd
2012-05-02,12.958,per_usd
2012-05-03,12.9853,per_usd
2012-05-04,13.1631,per_usd
2012-05-07,13.1555,per_usd
2012-05-08,13.325,per_usd
2012-05-09,13.491,per_usd
2012-05-10,13.4585,per_usd
2012-05-11,13.4905,per_usd
2012-05-14,13.6663,per_usd
2012-05-15,13.7332,per_usd
2012-05-16,13.8078,per_usd
2012-05-17,13.789,per_usd
2012-05-18,13.8275,per_usd
2012-05-21,13.7925,per_usd
2012-05-22,13.742,per_usd
2012-05-23,14.0294,per_usd
2012-05-24,14.0018,per_usd
2012-05-25,14.0114,per_usd
2012-05-29,13.9321,per_usd
2012-05-30,14.0861,per_usd
2012-05-31,14.3045,per_usd
2012-06-01,14.365,per_usd
2012-06-04,14.2427,per_usd
2012-06-05,14.2592,per_usd
2012-06-06,14.0951,per_usd
2012-06-07,13.9588,per_usd
2012-06-08,14.021,per_usd
2012-06-11,13.9785,per_usd
2012-06-12,13.9823,per_usd
2012-06-13,13.9755,per_usd
2012-06-14,13.9943,per_usd
2012-06-15,13.9234,per_usd
2012-06-18,13.9125,per_usd
2012-06-19,13.6982,per_usd
2012-06-20,13.7296,per_usd
2012-06-21,13.755,per_usd
2012-06-22,13.847,per_usd
2012-06-25,13.9675,per_usd
2012-06-26,13.8516,per_usd
2012-06-27,13.6701,per_usd
2012-06-28,13.667,per_usd
2012-06-29,13.411,per_usd
2012-07-02,13.3813,per_usd
2012-07-03,13.2921,per_usd
2012-07-05,13.3448,per_usd
2012-07-06,13.4914,per_usd
2012-07-09,13.4518,per_usd
2012-07-10,13.3002,per_usd
2012-07-11,13.327,per_usd
2012-07-12,13.4519,per_usd
2012-07-13,13.345,per_usd
2012-07-16,13.2695,per_usd
2012-07-17,13.223,per_usd
2012-07-18,13.1066,per_usd
2012-07-19,13.204,per_usd
2012-07-20,13.2976,per_usd
2012-07-23,13.5275,per_usd
2012-07-24,13.72,per_usd
2012-07-25,13.6626,per_usd
2012-07-26,13.4441,per_usd
2012-07-27,13.269,per_usd
2012-07-30,13.2625,per_usd
2012-07-31,13.2669,per_usd
2012-08-01,13.2677,per_usd
2012-08-02,13.3959,per_usd
2012-08-03,13.1177,per_usd
2012-08-06,13.0597,per_usd
2012-08-07,13.1797,per_usd
2012-08-08,13.169,per_usd
2012-08-09,13.1265,per_usd
2012-08-10,13.0965,per_usd
2012-08-13,13.162,per_usd
2012-08-14,13.1421,per_usd
2012-08-15,13.1501,per_usd
2012-08-16,13.1272,per_usd
2012-08-17,13.1582,per_usd
2012-08-20,13.116,per_usd
2012-08-21,13.1086,per_usd
2012-08-22,13.1602,per_usd
2012-08-23,13.1375,per_usd
2012-08-24,13.1727,per_usd
2012-08-27,13.174,per_usd
2012-08-28,13.1825,per_usd
2012-08-29,13.2855,per_usd
2012-08-30,13.3938,per_usd
2012-08-31,13.2401,per_usd
2012-09-04,13.1781,per_usd
2012-09-05,13.1084,per_usd
2012-09-06,13.0445,per_usd
2012-09-07,12.9901,per_usd
2012-09-10,12.992,per_usd
2012-09-11,12.9975,per_usd
2012-09-12,13.0302,per_usd
2012-09-13,12.9848,per_usd
2012-09-14,12.741,per_usd
2012-09-17,12.7409,per_usd
2012-09-18,12.8136,per_usd
2012-09-19,12.8317,per_usd
2012-09-20,12.905,per_usd
2012-09-21,12.8305,per_usd
2012-09-24,12.9125,per_usd
2012-09-25,12.821,per_usd
2012-09-26,12.917,per_usd
2012-09-27,12.8446,per_usd
2012-09-28,12.863,per_usd
2012-10-01,12.8172,per_usd
2012-10-02,12.8478,per_usd
2012-10-03,12.8481,per_usd
2012-10-04,12.755,per_usd
2012-10-05,12.7054,per_usd
2012-10-09,12.8889,per_usd
2012-10-10,12.923,per_usd
2012-10-11,12.8901,per_usd
2012-10-12,12.8925,per_usd
2012-10-15,12.8165,per_usd
2012-10-16,12.8103,per_usd
2012-10-17,12.8001,per_usd
2012-10-18,12.8271,per_usd
2012-10-19,12.8605,per_usd
2012-10-22,12.8594,per_usd
2012-10-23,12.981,per_usd
2012-10-24,12.9997,per_usd
2012-10-25,12.9815,per_usd
2012-10-26,13.0198,per_usd
2012-10-29,13.0925,per_usd
2012-10-30,13.044,per_usd
2012-10-31,13.0877,per_usd
2012-11-01,13.037,per_usd
2012-11-02,12.9808,per_usd
2012-11-05,13.0486,per_usd
2012-11-06,12.9652,per_usd
2012-11-07,13.0639,per_usd
2012-11-08,13.1158,per_usd
2012-11-09,13.1763,per_usd
2012-11-13,13.2206,per_usd
2012-11-14,13.2225,per_usd
2012-11-15,13.2531,per_usd
2012-11-16,13.1831,per_usd
2012-11-19,13.0601,per_usd
2012-11-20,13.0145,per_usd
2012-11-21,13.05,per_usd
2012-11-23,12.9822,per_usd
2012-11-26,13.0055,per_usd
2012-11-27,12.9766,per_usd
2012-11-28,13.0273,per_usd
2012-11-29,12.9775,per_usd
2012-11-30,12.9171,per_usd
2012-12-03,12.9255,per_usd
2012-12-04,12.9596,per_usd
2012-12-05,12.926,per_usd
2012-12-06,12.9076,per_usd
2012-12-07,12.8503,per_usd
2012-12-10,12.7982,per_usd
2012-12-11,12.7516,per_usd
2012-12-12,12.7332,per_usd
2012-12-13,12.8003,per_usd
2012-12-14,12.776,per_usd
2012-12-17,12.7537,per_usd
2012-12-18,12.7202,per_usd
2012-12-19,12.731,per_usd
2012-12-20,12.778,per_usd
2012-12-21,12.9322,per_usd
2012-12-24,12.9848,per_usd
2012-12-26,13.01,per_usd
2012-12-27,13.0125,per_usd
2012-12-28,12.988,per_usd
2012-12-31,12.9635,per_usd
2013-01-02,12.76,per_usd
2013-01-03,12.7452,per_usd
2013-01-04,12.7513,per_usd
2013-01-07,12.7728,per_usd
2013-01-08,12.7891,per_usd
2013-01-09,12.746,per_usd
2013-01-10,12.6452,per_usd
2013-01-11,12.6591,per_usd
2013-01-14,12.6368,per_usd
2013-01-15,12.6471,per_usd
2013-01-16,12.6291,per_usd
2013-01-17,12.5857,per_usd
2013-01-18,12.6568,per_usd
2013-01-22,12.6746,per_usd
2013-01-23,12.6587,per_usd
2013-01-24,12.6208,per_usd
2013-01-25,12.6992,per_usd
2013-01-28,12.7723,per_usd
2013-01-29,12.6901,per_usd
2013-01-30,12.7491,per_usd
2013-01-31,12.7344,per_usd
2013-02-01,12.6356,per_usd
2013-02-04,12.71,per_usd
2013-02-05,12.626,per_usd
2013-02-06,12.6731,per_usd
2013-02-07,12.7381,per_usd
2013-02-08,12.7271,per_usd
2013-02-11,12.7556,per_usd
2013-02-12,12.7326,per_usd
2013-02-13,12.7236,per_usd
2013-02-14,12.6965,per_usd
2013-02-15,12.6883,per_usd
2013-02-19,12.6681,per_usd
2013-02-20,12.6821,per_usd
2013-02-21,12.7543,per_usd
2013-02-22,12.748,per_usd
2013-02-25,12.7287,per_usd
2013-02-26,12.8798,per_usd
2013-02-27,12.8264,per_usd
2013-02-28,12.7788,per_usd
2013-03-01,12.7956,per_usd
2013-03-04,12.77,per_usd
2013-03-05,12.7401,per_usd
2013-03-06,12.742,per_usd
2013-03-07,12.7845,per_usd
2013-03-08,12.6525,per_usd
2013-03-11,12.547,per_usd
2013-03-12,12.4502,per_usd
2013-03-13,12.3971,per_usd
2013-03-14,12.4476,per_usd
2013-03-15,12.4325,per_usd
2013-03-18,12.4297,per_usd
2013-03-19,12.4452,per_usd
2013-03-20,12.395,per_usd
2013-03-21,12.3592,per_usd
2013-03-22,12.3714,per_usd
2013-03-25,12.3605,per_usd
2013-03-26,12.3453,per_usd
2013-03-27,12.3786,per_usd
2013-03-28,12.3397,per_usd
2013-03-29,12.3155,per_usd
2013-04-01,12.3404,per_usd
2013-04-02,12.2775,per_usd
2013-04-03,12.3205,per_usd
2013-04-04,12.3381,per_usd
2013-04-05,12.239,per_usd
2013-04-08,12.1583,per_usd
2013-04-09,12.1283,per_usd
2013-04-10,12.1156,per_usd
2013-04-11,12.068,per_usd
2013-04-12,12.0871,per_usd
2013-04-15,12.1729,per_usd
2013-04-16,12.165,per_usd
2013-04-17,12.235,per_usd
2013-04-18,12.269,per_usd
2013-04-19,12.232,per_usd
2013-04-22,12.3071,per_usd
2013-04-23,12.2437,per_usd
2013-04-24,12.285,per_usd
2013-04-25,12.1175,per_usd
2013-04-26,12.1786,per_usd
2013-04-29,12.124,per_usd
2013-04-30,12.1323,per_usd
2013-05-01,12.2246,per_usd
2013-05-02,12.154,per_usd
2013-05-03,12.088,per_usd
2013-05-06,12.1065,per_usd
2013-05-07,12.075,per_usd
2013-05-08,12.0308,per_usd
2013-05-09,11.976,per_usd
2013-05-10,12.1313,per_usd
2013-05-13,12.1425,per_usd
2013-05-14,12.1525,per_usd
2013-05-15,12.2316,per_usd
2013-05-16,12.2421,per_usd
2013-05-17,12.3153,per_usd
2013-05-20,12.3355,per_usd
2013-05-21,12.3225,per_usd
2013-05-22,12.3185,per_usd
2013-05-23,12.4651,per_usd
2013-05-24,12.5404,per_usd
2013-05-28,12.5387,per_usd
2013-05-29,12.6373,per_usd
2013-05-30,12.7778,per_usd
2013-05-31,12.7791,per_usd
2013-06-03,12.79,per_usd
2013-06-04,12.724,per_usd
2013-06-05,12.8296,per_usd
2013-06-06,12.9,per_usd
2013-06-07,12.7386,per_usd
2013-06-10,12.8535,per_usd
2013-06-11,12.865,per_usd
2013-06-12,12.8449,per_usd
2013-06-13,12.7795,per_usd
2013-06-14,12.698,per_usd
2013-06-17,12.7776,per_usd
2013-06-18,12.8845,per_usd
2013-06-19,12.8721,per_usd
2013-06-20,13.405,per_usd
2013-06-21,13.4147,per_usd
2013-06-24,13.3945,per_usd
2013-06-25,13.257,per_usd
2013-06-26,13.215,per_usd
2013-06-27,13.0365,per_usd
2013-06-28,12.9925,per_usd
2013-07-01,12.9,per_usd
2013-07-02,12.979,per_usd
2013-07-03,13.031,per_usd
2013-07-05,13.044,per_usd
2013-07-08,12.949,per_usd
2013-07-09,12.8675,per_usd
2013-07-10,12.9475,per_usd
2013-07-11,12.8475,per_usd
2013-07-12,12.8295,per_usd
2013-07-15,12.739,per_usd
2013-07-16,12.628,per_usd
2013-07-17,12.531,per_usd
2013-07-18,12.5375,per_usd
2013-07-19,12.5525,per_usd
2013-07-22,12.504,per_usd
2013-07-23,12.5125,per_usd
2013-07-24,12.6425,per_usd
2013-07-25,12.655,per_usd
2013-07-26,12.712,per_usd
2013-07-29,12.734,per_usd
2013-07-30,12.754,per_usd
2013-07-31,12.857,per_usd
2013-08-01,12.824,per_usd
2013-08-02,12.6805,per_usd
2013-08-05,12.6765,per_usd
2013-08-06,12.644,per_usd
2013-08-07,12.69,per_usd
2013-08-08,12.617,per_usd
2013-08-09,12.601,per_usd
2013-08-12,12.562,per_usd
2013-08-13,12.7515,per_usd
2013-08-14,12.7205,per_usd
2013-08-15,12.8335,per_usd
2013-08-16,12.8685,per_usd
2013-08-19,12.99,per_usd
2013-08-20,12.9795,per_usd
2013-08-21,13.17,per_usd
2013-08-22,13.1555,per_usd
2013-08-23,12.993,per_usd
2013-08-26,13.142,per_usd
2013-08-27,13.3145,per_usd
2013-08-28,13.2295,per_usd
2013-08-29,13.285,per_usd
2013-08-30,13.3355,per_usd
2013-09-03,13.433,per_usd
2013-09-04,13.293,per_usd
2013-09-05,13.399,per_usd
2013-09-06,13.1775,per_usd
2013-09-09,13.153,per_usd
2013-09-10,13.142,per_usd
2013-09-11,13.087,per_usd
2013-09-12,13.097,per_usd
2013-09-13,13.049,per_usd
2013-09-16,12.93,per_usd
2013-09-17,12.918,per_usd
2013-09-18,12.97,per_usd
2013-09-19,12.738,per_usd
2013-09-20,12.777,per_usd
2013-09-23,12.799,per_usd
2013-09-24,12.8605,per_usd
2013-09-25,12.934,per_usd
2013-09-26,13.0465,per_usd
2013-09-27,13.1465,per_usd
2013-09-30,13.155,per_usd
2013-10-01,13.1771,per_usd
2013-10-02,13.153,per_usd
2013-10-03,13.2465,per_usd
2013-10-04,13.0855,per_usd
2013-10-07,13.088,per_usd
2013-10-08,13.152,per_usd
2013-10-09,13.202,per_usd
2013-10-10,13.07,per_usd
2013-10-11,13.0475,per_usd
2013-10-15,12.9485,per_usd
2013-10-16,12.8585,per_usd
2013-10-17,12.7665,per_usd
2013-10-18,12.801,per_usd
2013-10-21,12.959,per_usd
2013-10-22,12.861,per_usd
2013-10-23,12.9335,per_usd
2013-10-24,12.977,per_usd
2013-10-25,12.875,per_usd
2013-10-28,12.8625,per_usd
2013-10-29,12.874,per_usd
2013-10-30,12.8765,per_usd
2013-10-31,12.9995,per_usd
2013-11-01,13.0815,per_usd
2013-11-04,12.9855,per_usd
2013-11-05,13.14,per_usd
2013-11-06,13.1495,per_usd
2013-11-07,13.1975,per_usd
2013-11-08,13.243,per_usd
2013-11-12,13.198,per_usd
2013-11-13,13.085,per_usd
2013-11-14,13.007,per_usd
2013-11-15,12.9505,per_usd
2013-11-18,12.871,per_usd
2013-11-19,12.8965,per_usd
2013-11-20,12.9805,per_usd
2013-11-21,13.0635,per_usd
2013-11-22,12.9985,per_usd
2013-11-25,13.013,per_usd
2013-11-26,13.0665,per_usd
2013-11-27,13.096,per_usd
2013-11-29,13.111,per_usd
2013-12-02,13.203,per_usd
2013-12-03,13.2165,per_usd
2013-12-04,13.102,per_usd
2013-12-05,13.0185,per_usd
2013-12-06,12.938,per_usd
2013-12-09,12.8505,per_usd
2013-12-10,12.885,per_usd
2013-12-11,12.9225,per_usd
2013-12-12,13.038,per_usd
2013-12-13,12.9575,per_usd
2013-12-16,12.945,per_usd
2013-12-17,12.953,per_usd
2013-12-18,12.9925,per_usd
2013-12-19,12.971,per_usd
2013-12-20,12.9475,per_usd
2013-12-23,12.9725,per_usd
2013-12-24,13.019,per_usd
2013-12-26,13.0555,per_usd
2013-12-27,13.073,per_usd
2013-12-30,13.049,per_usd
2013-12-31,13.098,per_usd
2014-01-02,13.1155,per_usd
2014-01-03,13.1055,per_usd
2014-01-06,13.093,per_usd
2014-01-07,13.045,per_usd
2014-01-08,13.0905,per_usd
2014-01-09,13.155,per_usd
2014-01-10,12.9965,per_usd
2014-01-13,13.0135,per_usd
2014-01-14,13.0865,per_usd
2014-01-15,13.164,per_usd
2014-01-16,13.3115,per_usd
2014-01-17,13.268,per_usd
2014-01-21,13.297,per_usd
2014-01-22,13.318,per_usd
2014-01-23,13.3785,per_usd
2014-01-24,13.456,per_usd
2014-01-27,13.445,per_usd
2014-01-28,13.3135,per_usd
2014-01-29,13.3415,per_usd
2014-01-30,13.3105,per_usd
2014-01-31,13.3585,per_usd
2014-02-03,13.509,per_usd
2014-02-04,13.3605,per_usd
2014-02-05,13.3375,per_usd
2014-02-06,13.2175,per_usd
2014-02-07,13.3305,per_usd
2014-02-10,13.3035,per_usd
2014-02-11,13.2845,per_usd
2014-02-12,13.3125,per_usd
2014-02-13,13.338,per_usd
2014-02-14,13.2505,per_usd
2014-02-18,13.2285,per_usd
2014-02-19,13.272,per_usd
2014-02-20,13.2935,per_usd
2014-02-21,13.271,per_usd
2014-02-24,13.2035,per_usd
2014-02-25,13.211,per_usd
2014-02-26,13.3175,per_usd
2014-02-27,13.296,per_usd
2014-02-28,13.2255,per_usd
2014-03-03,13.3315,per_usd
2014-03-04,13.282,per_usd
2014-03-05,13.252,per_usd
2014-03-06,13.1425,per_usd
2014-03-07,13.174,per_usd
2014-03-10,13.22,per_usd
2014-03-11,13.2325,per_usd
2014-03-12,13.27,per_usd
2014-03-13,13.229,per_usd
2014-03-14,13.2275,per_usd
2014-03-17,13.1975,per_usd
2014-03-18,13.167,per_usd
2014-03-19,13.1685,per_usd
2014-03-20,13.2625,per_usd
2014-03-21,13.22,per_usd
2014-03-24,13.1945,per_usd
2014-03-25,13.1415,per_usd
2014-03-26,13.126,per_usd
2014-03-27,13.068,per_usd
2014-03-28,13.088,per_usd
2014-03-31,13.056,per_usd
2014-04-01,13.0265,per_usd
2014-04-02,13.1005,per_usd
2014-04-03,13.1335,per_usd
2014-04-04,13.0265,per_usd
2014-04-07,13.009,per_usd
2014-04-08,12.95,per_usd
2014-04-09,13.0525,per_usd
2014-04-10,13.0455,per_usd
2014-04-11,13.074,per_usd
2014-04-14,13.051,per_usd
2014-04-15,13.096,per_usd
2014-04-16,13.0545,per_usd
2014-04-17,13.0565,per_usd
2014-04-18,13.0425,per_usd
2014-04-21,13.04,per_usd
2014-04-22,13.05,per_usd
2014-04-23,13.092,per_usd
2014-04-24,13.0955,per_usd
2014-04-25,13.135,per_usd
2014-04-28,13.1425,per_usd
2014-04-29,13.1155,per_usd
2014-04-30,13.0835,per_usd
2014-05-01,13.0525,per_usd
2014-05-02,12.9985,per_usd
2014-05-05,13.008,per_usd
2014-05-06,13.0025,per_usd
2014-05-07,12.98,per_usd
2014-05-08,12.9455,per_usd
2014-05-09,12.986,per_usd
2014-05-12,12.9575,per_usd
2014-05-13,12.926,per_usd
2014-05-14,12.885,per_usd
2014-05-15,12.9745,per_usd
2014-05-16,12.922,per_usd
2014-05-19,12.8945,per_usd
2014-05-20,12.9365,per_usd
2014-05-21,12.915,per_usd
2014-05-22,12.8815,per_usd
2014-05-23,12.863,per_usd
2014-05-27,12.887,per_usd
2014-05-28,12.871,per_usd
2014-05-29,12.8455,per_usd
2014-05-30,12.8605,per_usd
2014-06-02,12.911,per_usd
2014-06-03,12.9375,per_usd
2014-06-04,12.946,per_usd
2014-06-05,12.8765,per_usd
2014-06-06,12.907,per_usd
2014-06-09,12.988,per_usd
2014-06-10,13.0435,per_usd
2014-06-11,13.0295,per_usd
2014-06-12,12.986,per_usd
2014-06-13,13.0215,per_usd
2014-06-16,13.0264,per_usd
2014-06-17,13.091,per_usd
2014-06-18,13.066,per_usd
2014-06-19,12.9955,per_usd
2014-06-20,13.0065,per_usd
2014-06-23,12.995,per_usd
2014-06-24,13.0195,per_usd
2014-06-25,13.0195,per_usd
2014-06-26,13.02,per_usd
2014-06-27,13.001,per_usd
2014-06-30,12.9695,per_usd
2014-07-01,12.9455,per_usd
2014-07-02,12.9625,per_usd
2014-07-03,12.9665,per_usd
2014-07-07,13.003,per_usd
2014-07-08,13.002,per_usd
2014-07-09,12.9725,per_usd
2014-07-10,12.9985,per_usd
2014-07-11,12.982,per_usd
2014-07-14,12.9773,per_usd
2014-07-15,12.9735,per_usd
2014-07-16,12.935,per_usd
2014-07-17,12.97,per_usd
2014-07-18,12.961,per_usd
2014-07-21,12.9685,per_usd
2014-07-22,12.9355,per_usd
2014-07-23,12.926,per_usd
2014-07-24,12.955,per_usd
2014-07-25,12.95,per_usd
2014-07-28,12.9875,per_usd
2014-07-29,13.0655,per_usd
2014-07-30,13.1375,per_usd
2014-07-31,13.237,per_usd
2014-08-01,13.214,per_usd
2014-08-04,13.198,per_usd
2014-08-05,13.281,per_usd
2014-08-06,13.2545,per_usd
2014-08-07,13.2665,per_usd
2014-08-08,13.234,per_usd
2014-08-11,13.192,per_usd
2014-08-12,13.17,per_usd
2014-08-13,13.106,per_usd
2014-08-14,13.071,per_usd
2014-08-15,13.1015,per_usd
2014-08-18,13.0495,per_usd
2014-08-19,13.057,per_usd
2014-08-20,13.0825,per_usd
2014-08-21,13.0935,per_usd
2014-08-22,13.1375,per_usd
2014-08-25,13.1305,per_usd
2014-08-26,13.105,per_usd
2014-08-27,13.085,per_usd
2014-08-28,13.1175,per_usd
2014-08-29,13.069,per_usd
2014-09-02,13.131,per_usd
2014-09-03,13.0915,per_usd
2014-09-04,13.1115,per_usd
2014-09-05,13.068,per_usd
2014-09-08,13.0755,per_usd
2014-09-09,13.204,per_usd
2014-09-10,13.209,per_usd
2014-09-11,13.212,per_usd
2014-09-12,13.2485,per_usd
2014-09-15,13.2315,per_usd
2014-09-16,13.154,per_usd
2014-09-17,13.1805,per_usd
2014-09-18,13.2355,per_usd
2014-09-19,13.239,per_usd
2014-09-22,13.2595,per_usd
2014-09-23,13.2925,per_usd
2014-09-24,13.299,per_usd
2014-09-25,13.38,per_usd
2014-09-26,13.4445,per_usd
2014-09-29,13.4823,per_usd
2014-09-30,13.427,per_usd
2014-10-01,13.461,per_usd
2014-10-02,13.41,per_usd
2014-10-03,13.4725,per_usd
2014-10-06,13.397,per_usd
2014-10-07,13.437,per_usd
2014-10-08,13.4855,per_usd
2014-10-09,13.394,per_usd
2014-10-10,13.427,per_usd
2014-10-14,13.4015,per_usd
2014-10-15,13.5615,per_usd
2014-10-16,13.5605,per_usd
2014-10-17,13.5155,per_usd
2014-10-20,13.5365,per_usd
2014-10-21,13.506,per_usd
2014-10-22,13.543,per_usd
2014-10-23,13.524,per_usd
2014-10-24,13.529,per_usd
2014-10-27,13.5727,per_usd
2014-10-28,13.488,per_usd
2014-10-29,13.415,per_usd
2014-10-30,13.43,per_usd
2014-10-31,13.4825,per_usd
2014-11-03,13.5405,per_usd
2014-11-04,13.593,per_usd
2014-11-05,13.5935,per_usd
2014-11-06,13.6205,per_usd
2014-11-07,13.5625,per_usd
2014-11-10,13.5475,per_usd
2014-11-12,13.56,per_usd
2014-11-13,13.612,per_usd
2014-11-14,13.536,per_usd
2014-11-17,13.587,per_usd
2014-11-18,13.545,per_usd
2014-11-19,13.607,per_usd
2014-11-20,13.617,per_usd
2014-11-21,13.6255,per_usd
2014-11-24,13.6415,per_usd
2014-11-25,13.641,per_usd
2014-11-26,13.7155,per_usd
2014-11-28,13.921,per_usd
2014-12-01,13.9355,per_usd
2014-12-02,14.0695,per_usd
2014-12-03,14.092,per_usd
2014-12-04,14.102,per_usd
2014-12-05,14.326,per_usd
2014-12-08,14.427,per_usd
2014-12-09,14.3655,per_usd
2014-12-10,14.5175,per_usd
2014-12-11,14.705,per_usd
2014-12-12,14.785,per_usd
2014-12-15,14.794,per_usd
2014-12-16,14.744,per_usd
2014-12-17,14.5655,per_usd
2014-12-18,14.5585,per_usd
2014-12-19,14.6635,per_usd
2014-12-22,14.6405,per_usd
2014-12-23,14.7075,per_usd
2014-12-24,14.746,per_usd
2014-12-29,14.7125,per_usd
2014-12-30,14.723,per_usd
2014-12-31,14.75,per_usd
2015-01-02,14.806,per_usd
2015-01-05,14.97,per_usd
2015-01-06,14.8785,per_usd
2015-01-07,14.7875,per_usd
2015-01-08,14.6095,per_usd
2015-01-09,14.5765,per_usd
2015-01-12,14.637,per_usd
2015-01-13,14.5755,per_usd
2015-01-14,14.574,per_usd
2015-01-15,14.592,per_usd
2015-01-16,14.611,per_usd
2015-01-20,14.6465,per_usd
2015-01-21,14.725,per_usd
2015-01-22,14.6015,per_usd
2015-01-23,14.64,per_usd
2015-01-26,14.564,per_usd
2015-01-27,14.5775,per_usd
2015-01-28,14.6855,per_usd
2015-01-29,14.8805,per_usd
2015-01-30,15.005,per_usd
2015-02-02,14.8815,per_usd
2015-02-03,14.7515,per_usd
2015-02-04,14.7935,per_usd
2015-02-05,14.748,per_usd
2015-02-06,14.9175,per_usd
2015-02-09,14.809,per_usd
2015-02-10,14.953,per_usd
2015-02-11,15.1025,per_usd
2015-02-12,14.8905,per_usd
2015-02-13,14.873,per_usd
2015-02-17,14.885,per_usd
2015-02-18,14.961,per_usd
2015-02-19,14.937,per_usd
2015-02-20,15.0625,per_usd
2015-02-23,15.078,per_usd
2015-02-24,14.9755,per_usd
2015-02-25,14.919,per_usd
2015-02-26,14.9465,per_usd
2015-02-27,14.939,per_usd
2015-03-02,14.9895,per_usd
2015-03-03,14.935,per_usd
2015-03-04,15.0825,per_usd
2015-03-05,15.181,per_usd
2015-03-06,15.448,per_usd
2015-03-09,15.4635,per_usd
2015-03-10,15.5815,per_usd
2015-03-11,15.461,per_usd
2015-03-12,15.366,per_usd
2015-03-13,15.4985,per_usd
2015-03-16,15.4225,per_usd
2015-03-17,15.425,per_usd
2015-03-18,15.4285,per_usd
2015-03-19,15.3055,per_usd
2015-03-20,15.05,per_usd
2015-03-23,14.9565,per_usd
2015-03-24,14.945,per_usd
2015-03-25,14.933,per_usd
2015-03-26,15.0855,per_usd
2015-03-27,15.172,per_usd
2015-03-30,15.249,per_usd
2015-03-31,15.245,per_usd
2015-04-01,15.113,per_usd
2015-04-02,15.0635,per_usd
2015-04-03,14.8025,per_usd
2015-04-06,14.8225,per_usd
2015-04-07,14.92,per_usd
2015-04-08,14.9065,per_usd
2015-04-09,15.055,per_usd
2015-04-10,15.167,per_usd
2015-04-13,15.311,per_usd
2015-04-14,15.2135,per_usd
2015-04-15,15.361,per_usd
2015-04-16,15.216,per_usd
2015-04-17,15.319,per_usd
2015-04-20,15.394,per_usd
2015-04-21,15.381,per_usd
2015-04-22,15.4275,per_usd
2015-04-23,15.3305,per_usd
2015-04-24,15.3825,per_usd
2015-04-27,15.3175,per_usd
2015-04-28,15.2185,per_usd
2015-04-29,15.168,per_usd
2015-04-30,15.3855,per_usd
2015-05-01,15.565,per_usd
2015-05-04,15.512,per_usd
2015-05-05,15.341,per_usd
2015-05-06,15.2945,per_usd
2015-05-07,15.3325,per_usd
2015-05-08,15.121,per_usd
2015-05-11,15.2855,per_usd
2015-05-12,15.298,per_usd
2015-05-13,15.2385,per_usd
2015-05-14,15.116,per_usd
2015-05-15,14.997,per_usd
2015-05-18,15.128,per_usd
2015-05-19,15.191,per_usd
2015-05-20,15.19,per_usd
2015-05-21,15.258,per_usd
2015-05-22,15.2915,per_usd
2015-05-26,15.331,per_usd
2015-05-27,15.357,per_usd
2015-05-28,15.3765,per_usd
2015-05-29,15.3688,per_usd
2015-06-01,15.4685,per_usd
2015-06-02,15.4345,per_usd
2015-06-03,15.4555,per_usd
2015-06-04,15.5575,per_usd
2015-06-05,15.6925,per_usd
2015-06-08,15.6735,per_usd
2015-06-09,15.553,per_usd
2015-06-10,15.461,per_usd
2015-06-11,15.399,per_usd
2015-06-12,15.3975,per_usd
2015-06-15,15.419,per_usd
2015-06-16,15.423,per_usd
2015-06-17,15.43,per_usd
2015-06-18,15.271,per_usd
2015-06-19,15.344,per_usd
2015-06-22,15.3265,per_usd
2015-06-23,15.397,per_usd
2015-06-24,15.445,per_usd
2015-06-25,15.486,per_usd
2015-06-26,15.563,per_usd
2015-06-29,15.6555,per_usd
2015-06-30,15.6902,per_usd
2015-07-01,15.778,per_usd
2015-07-02,15.6895,per_usd
2015-07-06,15.743,per_usd
2015-07-07,15.833,per_usd
2015-07-08,15.811,per_usd
2015-07-09,15.794,per_usd
2015-07-10,15.7305,per_usd
2015-07-13,15.7295,per_usd
2015-07-14,15.6715,per_usd
2015-07-15,15.774,per_usd
2015-07-16,15.7985,per_usd
2015-07-17,15.916,per_usd
2015-07-20,15.9885,per_usd
2015-07-21,15.9565,per_usd
2015-07-22,16.1065,per_usd
2015-07-23,16.1325,per_usd
2015-07-24,16.2265,per_usd
2015-07-27,16.2665,per_usd
2015-07-28,16.2565,per_usd
2015-07-29,16.1945,per_usd
2015-07-30,16.4755,per_usd
2015-07-31,16.061,per_usd
2015-08-03,16.1015,per_usd
2015-08-04,16.166,per_usd
2015-08-05,16.3775,per_usd
2015-08-06,16.3615,per_usd
2015-08-07,16.178,per_usd
2015-08-10,16.1535,per_usd
2015-08-11,16.3335,per_usd
2015-08-12,16.296,per_usd
2015-08-13,16.3735,per_usd
2015-08-14,16.3655,per_usd
2015-08-17,16.3995,per_usd
2015-08-18,16.422,per_usd
2015-08-19,16.526,per_usd
2015-08-20,16.663,per_usd
2015-08-21,16.925,per_usd
2015-08-24,17.0825,per_usd
2015-08-25,17.008,per_usd
2015-08-26,17.089,per_usd
2015-08-27,16.8815,per_usd
2015-08-28,16.78,per_usd
2015-08-31,16.7315,per_usd
2015-09-01,16.8775,per_usd
2015-09-02,16.9415,per_usd
2015-09-03,16.785,per_usd
2015-09-04,16.862,per_usd
2015-09-08,16.784,per_usd
2015-09-09,16.8015,per_usd
2015-09-10,16.7575,per_usd
2015-09-11,16.823,per_usd
2015-09-14,16.7955,per_usd
2015-09-15,16.768,per_usd
2015-09-16,16.568,per_usd
2015-09-17,16.588,per_usd
2015-09-18,16.5615,per_usd
2015-09-21,16.6925,per_usd
2015-09-22,16.879,per_usd
2015-09-23,17.104,per_usd
2015-09-24,17.062,per_usd
2015-09-25,16.963,per_usd
2015-09-28,17.0115,per_usd
2015-09-29,17.0895,per_usd
2015-09-30,16.898,per_usd
2015-10-01,16.8915,per_usd
2015-10-02,16.8115,per_usd
2015-10-05,16.699,per_usd
2015-10-06,16.682,per_usd
2015-10-07,16.5735,per_usd
2015-10-08,16.5015,per_usd
2015-10-09,16.4125,per_usd
2015-10-13,16.568,per_usd
2015-10-14,16.5715,per_usd
2015-10-15,16.428,per_usd
2015-10-16,16.382,per_usd
2015-10-19,16.5225,per_usd
2015-10-20,16.5715,per_usd
2015-10-21,16.665,per_usd
2015-10-22,16.5135,per_usd
2015-10-23,16.538,per_usd
2015-10-26,16.49,per_usd
2015-10-27,16.5525,per_usd
2015-10-28,16.444,per_usd
2015-10-29,16.6155,per_usd
2015-10-30,16.53,per_usd
2015-11-02,16.471,per_usd
2015-11-03,16.373,per_usd
2015-11-04,16.5245,per_usd
2015-11-05,16.5815,per_usd
2015-11-06,16.843,per_usd
2015-11-09,16.854,per_usd
2015-11-10,16.7625,per_usd
2015-11-12,16.732,per_usd
2015-11-13,16.6965,per_usd
2015-11-16,16.8145,per_usd
2015-11-17,16.77,per_usd
2015-11-18,16.7655,per_usd
2015-11-19,16.57,per_usd
2015-11-20,16.508,per_usd
2015-11-23,16.524,per_usd
2015-11-24,16.457,per_usd
2015-11-25,16.545,per_usd
2015-11-27,16.5885,per_usd
2015-11-30,16.6005,per_usd
2015-12-01,16.5305,per_usd
2015-12-02,16.588,per_usd
2015-12-03,16.718,per_usd
2015-12-04,16.6555,per_usd
2015-12-07,16.9,per_usd
2015-12-08,17.0245,per_usd
2015-12-09,17.0505,per_usd
2015-12-10,17.0945,per_usd
2015-12-11,17.357,per_usd
2015-12-14,17.358,per_usd
2015-12-15,17.149,per_usd
2015-12-16,17.18,per_usd
2015-12-17,17.119,per_usd
2015-12-18,16.993,per_usd
2015-12-21,17.164,per_usd
2015-12-22,17.1855,per_usd
2015-12-23,17.1865,per_usd
2015-12-24,17.276,per_usd
2015-12-28,17.261,per_usd
2015-12-29,17.2065,per_usd
2015-12-30,17.339,per_usd
2015-12-31,17.195,per_usd
2016-01-04,17.36,per_usd
2016-01-05,17.3595,per_usd
2016-01-06,17.436,per_usd
2016-01-07,17.6525,per_usd
2016-01-08,17.9145,per_usd
2016-01-11,17.956,per_usd
2016-01-12,17.923,per_usd
2016-01-13,17.8595,per_usd
2016-01-14,17.893,per_usd
2016-01-15,18.2475,per_usd
2016-01-19,18.1845,per_usd
2016-01-20,18.5945,per_usd
2016-01-21,18.4655,per_usd
2016-01-22,18.45,per_usd
2016-01-25,18.56,per_usd
2016-01-26,18.475,per_usd
2016-01-27,18.378,per_usd
2016-01-28,18.312,per_usd
2016-01-29,18.211,per_usd
2016-02-01,18.293,per_usd
2016-02-02,18.4895,per_usd
2016-02-03,18.393,per_usd
2016-02-04,18.2255,per_usd
2016-02-05,18.372,per_usd
2016-02-08,18.6485,per_usd
2016-02-09,18.8627,per_usd
2016-02-10,18.847,per_usd
2016-02-11,19.1925,per_usd
2016-02-12,19.004,per_usd
2016-02-16,18.789,per_usd
2016-02-17,18.275,per_usd
2016-02-18,18.1705,per_usd
2016-02-19,18.272,per_usd
2016-02-22,18.019,per_usd
2016-02-23,18.2,per_usd
2016-02-24,18.227,per_usd
2016-02-25,18.1305,per_usd
2016-02-26,18.185,per_usd
2016-02-29,18.0675,per_usd
2016-03-01,17.9,per_usd
2016-03-02,17.8415,per_usd
2016-03-03,17.9015,per_usd
2016-03-04,17.7575,per_usd
2016-03-07,17.737,per_usd
2016-03-08,17.921,per_usd
2016-03-09,17.7045,per_usd
2016-03-10,17.8955,per_usd
2016-03-11,17.6905,per_usd
2016-03-14,17.777,per_usd
2016-03-15,17.9245,per_usd
2016-03-16,17.9405,per_usd
2016-03-17,17.392,per_usd
2016-03-18,17.295,per_usd
2016-03-21,17.39,per_usd
2016-03-22,17.33,per_usd
2016-03-23,17.52,per_usd
2016-03-24,17.626,per_usd
2016-03-25,17.5425,per_usd
2016-03-28,17.4535,per_usd
2016-03-29,17.4885,per_usd
2016-03-30,17.255,per_usd
2016-03-31,17.214,per_usd
2016-04-01,17.3205,per_usd
2016-04-04,17.4575,per_usd
2016-04-05,17.748,per_usd
2016-04-06,17.6655,per_usd
2016-04-07,17.9125,per_usd
2016-04-08,17.76,per_usd
2016-04-11,17.6385,per_usd
2016-04-12,17.5155,per_usd
2016-04-13,17.4905,per_usd
2016-04-14,17.367,per_usd
2016-04-15,17.558,per_usd
2016-04-18,17.4515,per_usd
2016-04-19,17.2935,per_usd
2016-04-20,17.259,per_usd
2016-04-21,17.415,per_usd
2016-04-22,17.444,per_usd
2016-04-25,17.601,per_usd
2016-04-26,17.386,per_usd
2016-04-27,17.379,per_usd
2016-04-28,17.2175,per_usd
2016-04-29,17.19,per_usd
2016-05-02,17.2425,per_usd
2016-05-03,17.5415,per_usd
2016-05-04,17.705,per_usd
2016-05-05,17.785,per_usd
2016-05-06,17.9155,per_usd
2016-05-09,18.1325,per_usd
2016-05-10,18.0095,per_usd
2016-05-11,17.9265,per_usd
2016-05-12,18.0345,per_usd
2016-05-13,18.147,per_usd
2016-05-16,18.216,per_usd
2016-05-17,18.285,per_usd
2016-05-18,18.3375,per_usd
2016-05-19,18.546,per_usd
2016-05-20,18.377,per_usd
2016-05-23,18.471,per_usd
2016-05-24,18.4435,per_usd
2016-05-25,18.45,per_usd
2016-05-26,18.45,per_usd
2016-05-27,18.428,per_usd
2016-05-31,18.413,per_usd
2016-06-01,18.5475,per_usd
2016-06-02,18.632,per_usd
2016-06-03,18.612,per_usd
2016-06-06,18.614,per_usd
2016-06-07,18.436,per_usd
2016-06-08,18.125,per_usd
2016-06-09,18.2885,per_usd
2016-06-10,18.526,per_usd
2016-06-13,18.8145,per_usd
2016-06-14,18.9785,per_usd
2016-06-15,18.863,per_usd
2016-06-16,18.9875,per_usd
2016-06-17,18.8615,per_usd
2016-06-20,18.666,per_usd
2016-06-21,18.655,per_usd
2016-06-22,18.53,per_usd
2016-06-23,18.301,per_usd
2016-06-24,18.8545,per_usd
2016-06-27,19.152,per_usd
2016-06-28,18.91,per_usd
2016-06-29,18.5355,per_usd
2016-06-30,18.4935,per_usd
2016-07-01,18.393,per_usd
2016-07-05,18.7805,per_usd
2016-07-06,18.7535,per_usd
2016-07-07,18.8785,per_usd
2016-07-08,18.5615,per_usd
2016-07-11,18.4915,per_usd
2016-07-12,18.2935,per_usd
2016-07-13,18.402,per_usd
2016-07-14,18.324,per_usd
2016-07-15,18.519,per_usd
2016-07-18,18.48,per_usd
2016-07-19,18.5355,per_usd
2016-07-20,18.582,per_usd
2016-07-21,18.615,per_usd
2016-07-22,18.614,per_usd
2016-07-25,18.756,per_usd
2016-07-26,18.7902,per_usd
2016-07-27,18.8715,per_usd
2016-07-28,18.9085,per_usd
2016-07-29,18.761,per_usd
2016-08-01,18.8325,per_usd
2016-08-02,18.915,per_usd
2016-08-03,18.9005,per_usd
2016-08-04,18.845,per_usd
2016-08-05,18.8685,per_usd
2016-08-08,18.5785,per_usd
2016-08-09,18.38,per_usd
2016-08-10,18.351,per_usd
2016-08-11,18.264,per_usd
2016-08-12,18.25,per_usd
2016-08-15,18.045,per_usd
2016-08-16,17.975,per_usd
2016-08-17,18.2765,per_usd
2016-08-18,18.0575,per_usd
2016-08-19,18.2525,per_usd
2016-08-22,18.3165,per_usd
2016-08-23,18.373,per_usd
2016-08-24,18.4955,per_usd
2016-08-25,18.4385,per_usd
2016-08-26,18.295,per_usd
2016-08-29,18.5625,per_usd
2016-08-30,18.785,per_usd
2016-08-31,18.849,per_usd
2016-09-01,18.826,per_usd
2016-09-02,18.644,per_usd
2016-09-06,18.3385,per_usd
2016-09-07,18.3505,per_usd
2016-09-08,18.61,per_usd
2016-09-09,18.8395,per_usd
2016-09-12,19.0705,per_usd
2016-09-13,19.1651,per_usd
2016-09-14,19.2075,per_usd
2016-09-15,19.2425,per_usd
2016-09-16,19.6645,per_usd
2016-09-19,19.6205,per_usd
2016-09-20,19.8485,per_usd
2016-09-21,19.8425,per_usd
2016-09-22,19.555,per_usd
2016-09-23,19.736,per_usd
2016-09-26,19.8605,per_usd
2016-09-27,19.465,per_usd
2016-09-28,19.512,per_usd
2016-09-29,19.3825,per_usd
2016-09-30,19.3355,per_usd
2016-10-03,19.335,per_usd
2016-10-04,19.236,per_usd
2016-10-05,19.2455,per_usd
2016-10-06,19.232,per_usd
2016-10-07,19.3325,per_usd
2016-10-11,18.9685,per_usd
2016-10-12,18.999,per_usd
2016-10-13,19.044,per_usd
2016-10-14,19.0475,per_usd
2016-10-17,18.885,per_usd
2016-10-18,18.6575,per_usd
2016-10-19,18.5605,per_usd
2016-10-20,18.591,per_usd
2016-10-21,18.6315,per_usd
2016-10-24,18.5835,per_usd
2016-10-25,18.485,per_usd
2016-10-26,18.668,per_usd
2016-10-27,18.814,per_usd
2016-10-28,18.717,per_usd
2016-10-31,18.79,per_usd
2016-11-01,19.1,per_usd
2016-11-02,19.3905,per_usd
2016-11-03,19.2255,per_usd
2016-11-04,19.118,per_usd
2016-11-07,18.6365,per_usd
2016-11-08,18.435,per_usd
2016-11-09,19.7745,per_usd
2016-11-10,20.4935,per_usd
2016-11-14,20.8415,per_usd
2016-11-15,20.345,per_usd
2016-11-16,20.272,per_usd
2016-11-17,20.1845,per_usd
2016-11-18,20.425,per_usd
2016-11-21,20.488,per_usd
2016-11-22,20.5125,per_usd
2016-11-23,20.653,per_usd
2016-11-25,20.6505,per_usd
2016-11-28,20.574,per_usd
2016-11-29,20.595,per_usd
2016-11-30,20.4565,per_usd
2016-12-01,20.7375,per_usd
2016-12-02,20.613,per_usd
2016-12-05,20.5725,per_usd
2016-12-06,20.375,per_usd
2016-12-07,20.328,per_usd
2016-12-08,20.3765,per_usd
2016-12-09,20.333,per_usd
2016-12-12,20.223,per_usd
2016-12-13,20.256,per_usd
2016-12-14,20.2295,per_usd
2016-12-15,20.614,per_usd
2016-12-16,20.417,per_usd
2016-12-19,20.412,per_usd
2016-12-20,20.4305,per_usd
2016-12-21,20.51,per_usd
2016-12-22,20.7095,per_usd
2016-12-23,20.611,per_usd
2016-12-27,20.7085,per_usd
2016-12-28,20.735,per_usd
2016-12-29,20.6755,per_usd
2016-12-30,20.617,per_usd
2017-01-03,20.906,per_usd
2017-01-04,21.3855,per_usd
2017-01-05,21.395,per_usd
2017-01-06,21.296,per_usd
2017-01-09,21.3375,per_usd
2017-01-10,21.6245,per_usd
2017-01-11,21.875,per_usd
2017-01-12,21.7045,per_usd
2017-01-13,21.5435,per_usd
2017-01-17,21.5825,per_usd
2017-01-18,21.851,per_usd
2017-01-19,21.891,per_usd
2017-01-23,21.4355,per_usd
2017-01-24,21.384,per_usd
2017-01-25,21.311,per_usd
2017-01-26,21.295,per_usd
2017-01-27,21.0245,per_usd
2017-01-30,20.753,per_usd
2017-01-31,20.8355,per_usd
2017-02-01,20.8155,per_usd
2017-02-02,20.626,per_usd
2017-02-03,20.3565,per_usd
2017-02-06,20.517,per_usd
2017-02-07,20.6415,per_usd
2017-02-08,20.499,per_usd
2017-02-09,20.4155,per_usd
2017-02-10,20.3135,per_usd
2017-02-13,20.325,per_usd
2017-02-14,20.345,per_usd
2017-02-15,20.29,per_usd
2017-02-16,20.3405,per_usd
2017-02-17,20.4615,per_usd
2017-02-21,20.423,per_usd
2017-02-22,19.9155,per_usd
2017-02-23,19.735,per_usd
2017-02-24,19.869,per_usd
2017-02-27,19.829,per_usd
2017-02-28,19.9975,per_usd
2017-03-01,19.8785,per_usd
2017-03-02,19.9265,per_usd
2017-03-03,19.5775,per_usd
2017-03-06,19.536,per_usd
2017-03-07,19.505,per_usd
2017-03-08,19.6045,per_usd
2017-03-09,19.7885,per_usd
2017-03-10,19.654,per_usd
2017-03-13,19.559,per_usd
2017-03-14,19.626,per_usd
2017-03-15,19.449,per_usd
2017-03-16,19.1725,per_usd
2017-03-17,19.132,per_usd
2017-03-20,19.0205,per_usd
2017-03-21,19.0915,per_usd
2017-03-22,19.0645,per_usd
2017-03-23,18.992,per_usd
2017-03-24,18.852,per_usd
2017-03-27,18.8205,per_usd
2017-03-28,18.865,per_usd
2017-03-29,18.83,per_usd
2017-03-30,18.665,per_usd
2017-03-31,18.829,per_usd
2017-04-03,18.7325,per_usd
2017-04-04,18.818,per_usd
2017-04-05,18.7235,per_usd
2017-04-06,18.745,per_usd
2017-04-07,18.648,per_usd
2017-04-10,18.691,per_usd
2017-04-11,18.7485,per_usd
2017-04-12,18.7665,per_usd
2017-04-13,18.535,per_usd
2017-04-14,18.5293,per_usd
2017-04-17,18.548,per_usd
2017-04-18,18.478,per_usd
2017-04-19,18.868,per_usd
2017-04-20,18.848,per_usd
2017-04-21,18.8425,per_usd
2017-04-24,18.69,per_usd
2017-04-25,18.9305,per_usd
2017-04-26,19.149,per_usd
2017-04-27,19.119,per_usd
2017-04-28,18.934,per_usd
2017-05-01,18.761,per_usd
2017-05-02,18.78,per_usd
2017-05-03,18.795,per_usd
2017-05-04,19.0145,per_usd
2017-05-05,19.004,per_usd
2017-05-08,19.1055,per_usd
2017-05-09,19.1225,per_usd
2017-05-10,18.9705,per_usd
2017-05-11,18.8825,per_usd
2017-05-12,18.764,per_usd
2017-05-15,18.66,per_usd
2017-05-16,18.6195,per_usd
2017-05-17,18.628,per_usd
2017-05-18,18.9265,per_usd
2017-05-19,18.678,per_usd
2017-05-22,18.6695,per_usd
2017-05-23,18.638,per_usd
2017-05-24,18.5665,per_usd
2017-05-25,18.466,per_usd
2017-05-26,18.499,per_usd
2017-05-30,18.659,per_usd
2017-05-31,18.655,per_usd
2017-06-01,18.5775,per_usd
2017-06-02,18.67,per_usd
2017-06-05,18.3895,per_usd
2017-06-06,18.2825,per_usd
2017-06-07,18.2305,per_usd
2017-06-08,18.1775,per_usd
2017-06-09,18.1855,per_usd
2017-06-12,18.1725,per_usd
2017-06-13,18.078,per_usd
2017-06-14,17.93,per_usd
2017-06-15,18.09,per_usd
2017-06-16,17.9195,per_usd
2017-06-19,17.936,per_usd
2017-06-20,18.1255,per_usd
2017-06-21,18.154,per_usd
2017-06-22,18.112,per_usd
2017-06-23,17.962,per_usd
2017-06-26,17.883,per_usd
2017-06-27,17.9735,per_usd
2017-06-28,17.889,per_usd
2017-06-29,18.031,per_usd
2017-06-30,18.076,per_usd
2017-07-03,18.2215,per_usd
2017-07-05,18.3295,per_usd
2017-07-06,18.307,per_usd
2017-07-07,18.144,per_usd
2017-07-10,17.981,per_usd
2017-07-11,17.953,per_usd
2017-07-12,17.767,per_usd
2017-07-13,17.739,per_usd
2017-07-14,17.562,per_usd
2017-07-17,17.6,per_usd
2017-07-18,17.499,per_usd
2017-07-19,17.4775,per_usd
2017-07-20,17.512,per_usd
2017-07-21,17.563,per_usd
2017-07-24,17.6835,per_usd
2017-07-25,17.763,per_usd
2017-07-26,17.756,per_usd
2017-07-27,17.6915,per_usd
2017-07-28,17.7535,per_usd
2017-07-31,17.859,per_usd
2017-08-01,17.8085,per_usd
2017-08-02,17.82,per_usd
2017-08-03,17.8845,per_usd
2017-08-04,17.865,per_usd
2017-08-07,17.966,per_usd
2017-08-08,17.9135,per_usd
2017-08-09,17.9835,per_usd
2017-08-10,17.874,per_usd
2017-08-11,17.838,per_usd
2017-08-14,17.7685,per_usd
2017-08-15,17.8365,per_usd
2017-08-16,17.729,per_usd
2017-08-17,17.747,per_usd
2017-08-18,17.756,per_usd
2017-08-21,17.646,per_usd
2017-08-22,17.64,per_usd
2017-08-23,17.707,per_usd
2017-08-24,17.705,per_usd
2017-08-25,17.614,per_usd
2017-08-28,17.825,per_usd
2017-08-29,17.871,per_usd
2017-08-30,17.7441,per_usd
2017-08-31,17.7875,per_usd
2017-09-01,17.7835,per_usd
2017-09-05,17.8325,per_usd
2017-09-06,17.798,per_usd
2017-09-07,17.704,per_usd
2017-09-08,17.7245,per_usd
2017-09-11,17.647,per_usd
2017-09-12,17.751,per_usd
2017-09-13,17.7865,per_usd
2017-09-14,17.722,per_usd
2017-09-15,17.6865,per_usd
2017-09-18,17.758,per_usd
2017-09-19,17.7675,per_usd
2017-09-20,17.6895,per_usd
2017-09-21,17.825,per_usd
2017-09-22,17.7355,per_usd
2017-09-25,17.905,per_usd
2017-09-26,18.007,per_usd
2017-09-27,18.101,per_usd
2017-09-28,18.237,per_usd
2017-09-29,18.148,per_usd
2017-10-02,18.211,per_usd
2017-10-03,18.211,per_usd
2017-10-04,18.2175,per_usd
2017-10-05,18.3145,per_usd
2017-10-06,18.5165,per_usd
2017-10-10,18.6605,per_usd
2017-10-11,18.695,per_usd
2017-10-12,18.7625,per_usd
2017-10-13,18.889,per_usd
2017-10-16,19.0915,per_usd
2017-10-17,19.0405,per_usd
2017-10-18,18.9125,per_usd
2017-10-19,18.839,per_usd
2017-10-20,19.017,per_usd
2017-10-23,19.0695,per_usd
2017-10-24,19.176,per_usd
2017-10-25,19.1,per_usd
2017-10-26,19.0545,per_usd
2017-10-27,19.1785,per_usd
2017-10-30,19.1655,per_usd
2017-10-31,19.129,per_usd
2017-11-01,19.135,per_usd
2017-11-02,19.0065,per_usd
2017-11-03,19.189,per_usd
2017-11-06,19.08,per_usd
2017-11-07,19.142,per_usd
2017-11-08,19.0705,per_usd
2017-11-09,19.067,per_usd
2017-11-13,19.1675,per_usd
2017-11-14,19.1455,per_usd
2017-11-15,19.2565,per_usd
2017-11-16,19.1005,per_usd
2017-11-17,18.9275,per_usd
2017-11-20,19.032,per_usd
2017-11-21,18.8045,per_usd
2017-11-22,18.7045,per_usd
2017-11-24,18.52,per_usd
2017-11-27,18.5405,per_usd
2017-11-28,18.5775,per_usd
2017-11-29,18.5125,per_usd
2017-11-30,18.6335,per_usd
2017-12-01,18.62,per_usd
2017-12-04,18.6575,per_usd
2017-12-05,18.715,per_usd
2017-12-06,18.8895,per_usd
2017-12-07,18.9365,per_usd
2017-12-08,18.956,per_usd
2017-12-11,18.965,per_usd
2017-12-12,19.184,per_usd
2017-12-13,19.14,per_usd
2017-12-14,19.103,per_usd
2017-12-15,19.116,per_usd
2017-12-18,19.0335,per_usd
2017-12-19,19.215,per_usd
2017-12-20,19.213,per_usd
2017-12-21,19.3825,per_usd
2017-12-22,19.5905,per_usd
2017-12-26,19.7325,per_usd
2017-12-27,19.7245,per_usd
2017-12-28,19.716,per_usd
2017-12-29,19.6395,per_usd
2018-01-02,19.484,per_usd
2018-01-03,19.368,per_usd
2018-01-04,19.254,per_usd
2018-01-05,19.2392,per_usd
2018-01-08,19.22,per_usd
2018-01-09,19.306,per_usd
2018-01-10,19.229,per_usd
2018-01-11,19.3245,per_usd
2018-01-12,19.0535,per_usd
2018-01-16,18.86,per_usd
2018-01-17,18.628,per_usd
2018-01-18,18.6545,per_usd
2018-01-19,18.587,per_usd
2018-01-22,18.7425,per_usd
2018-01-23,18.7665,per_usd
2018-01-24,18.5315,per_usd
2018-01-25,18.488,per_usd
2018-01-26,18.508,per_usd
2018-01-29,18.5875,per_usd
2018-01-30,18.695,per_usd
2018-01-31,18.6215,per_usd
2018-02-01,18.36,per_usd
2018-02-02,18.5465,per_usd
2018-02-05,18.5925,per_usd
2018-02-06,18.694,per_usd
2018-02-07,18.645,per_usd
2018-02-08,18.901,per_usd
2018-02-09,18.8815,per_usd
2018-02-12,18.64,per_usd
2018-02-13,18.6325,per_usd
2018-02-14,18.6035,per_usd
2018-02-15,18.5195,per_usd
2018-02-16,18.478,per_usd
2018-02-20,18.639,per_usd
2018-02-21,18.661,per_usd
2018-02-22,18.645,per_usd
2018-02-23,18.5585,per_usd
2018-02-26,18.654,per_usd
2018-02-27,18.8068,per_usd
2018-02-28,18.8405,per_usd
2018-03-01,18.8115,per_usd
2018-03-02,18.8455,per_usd
2018-03-05,18.8635,per_usd
2018-03-06,18.7365,per_usd
2018-03-07,18.8055,per_usd
2018-03-08,18.704,per_usd
2018-03-09,18.567,per_usd
2018-03-12,18.6245,per_usd
2018-03-13,18.5425,per_usd
2018-03-14,18.6035,per_usd
2018-03-15,18.7,per_usd
2018-03-16,18.73,per_usd
2018-03-19,18.7325,per_usd
2018-03-20,18.7465,per_usd
2018-03-21,18.593,per_usd
2018-03-22,18.53,per_usd
2018-03-23,18.5705,per_usd
2018-03-26,18.29,per_usd
2018-03-27,18.32,per_usd
2018-03-28,18.26,per_usd
2018-03-29,18.2385,per_usd
2018-03-30,18.1676,per_usd
2018-04-02,18.311,per_usd
2018-04-03,18.1955,per_usd
2018-04-04,18.231,per_usd
2018-04-05,18.127,per_usd
2018-04-06,18.329,per_usd
2018-04-09,18.2245,per_usd
2018-04-10,18.2715,per_usd
2018-04-11,18.221,per_usd
2018-04-12,18.151,per_usd
2018-04-13,18.0795,per_usd
2018-04-16,18.025,per_usd
2018-04-17,17.9705,per_usd
2018-04-18,18.0355,per_usd
2018-04-19,18.3355,per_usd
2018-04-20,18.6145,per_usd
2018-04-23,18.895,per_usd
2018-04-24,18.795,per_usd
2018-04-25,19.02,per_usd
2018-04-26,18.8695,per_usd
2018-04-27,18.6675,per_usd
2018-04-30,18.7715,per_usd
2018-05-01,18.8325,per_usd
2018-05-02,19.073,per_usd
2018-05-03,19.1125,per_usd
2018-05-04,19.1965,per_usd
2018-05-07,19.448,per_usd
2018-05-08,19.611,per_usd
2018-05-09,19.5165,per_usd
2018-05-10,19.302,per_usd
2018-05-11,19.365,per_usd
2018-05-14,19.5085,per_usd
2018-05-15,19.716,per_usd
2018-05-16,19.73,per_usd
2018-05-17,19.74,per_usd
2018-05-18,19.932,per_usd
2018-05-21,19.887,per_usd
2018-05-22,19.714,per_usd
2018-05-23,19.773,per_usd
2018-05-24,19.7175,per_usd
2018-05-25,19.544,per_usd
2018-05-29,19.736,per_usd
2018-05-30,19.7,per_usd
2018-05-31,20.0005,per_usd
2018-06-01,19.8585,per_usd
2018-06-04,19.986,per_usd
2018-06-05,20.372,per_usd
2018-06-06,20.269,per_usd
2018-06-07,20.492,per_usd
2018-06-08,20.4905,per_usd
2018-06-11,20.526,per_usd
2018-06-12,20.6127,per_usd
2018-06-13,20.5919,per_usd
2018-06-14,20.67,per_usd
2018-06-15,20.645,per_usd
2018-06-18,20.66,per_usd
2018-06-19,20.508,per_usd
2018-06-20,20.361,per_usd
2018-06-21,20.391,per_usd
2018-06-22,20.1025,per_usd
2018-06-25,20.108,per_usd
2018-06-26,19.8635,per_usd
2018-06-27,20.056,per_usd
2018-06-28,19.83,per_usd
2018-06-29,19.6495,per_usd
2018-07-02,20.169,per_usd
2018-07-03,19.566,per_usd
2018-07-05,19.2455,per_usd
2018-07-06,19.0655,per_usd
2018-07-09,19.165,per_usd
2018-07-10,19.0165,per_usd
2018-07-11,18.9955,per_usd
2018-07-12,18.7855,per_usd
2018-07-13,18.8845,per_usd
2018-07-16,18.8425,per_usd
2018-07-17,18.8715,per_usd
2018-07-18,18.886,per_usd
2018-07-19,19.0555,per_usd
2018-07-20,19.0975,per_usd
2018-07-23,19.0705,per_usd
2018-07-24,18.849,per_usd
2018-07-25,18.799,per_usd
2018-07-26,18.6375,per_usd
2018-07-27,18.5595,per_usd
2018-07-30,18.5375,per_usd
2018-07-31,18.598,per_usd
2018-08-01,18.6255,per_usd
2018-08-02,18.627,per_usd
2018-08-03,18.5725,per_usd
2018-08-06,18.5215,per_usd
2018-08-07,18.4585,per_usd
2018-08-08,18.478,per_usd
2018-08-09,18.6805,per_usd
2018-08-10,18.938,per_usd
2018-08-13,19.2655,per_usd
2018-08-14,19.004,per_usd
2018-08-15,19.2195,per_usd
2018-08-16,19.0085,per_usd
2018-08-17,19.0605,per_usd
2018-08-20,19.0345,per_usd
2018-08-21,18.868,per_usd
2018-08-22,18.816,per_usd
2018-08-23,18.863,per_usd
2018-08-24,18.818,per_usd
2018-08-27,18.6615,per_usd
2018-08-28,18.9225,per_usd
2018-08-29,19.0415,per_usd
2018-08-30,19.1575,per_usd
2018-08-31,19.2135,per_usd
2018-09-04,19.3505,per_usd
2018-09-05,19.427,per_usd
2018-09-06,19.361,per_usd
2018-09-07,19.211,per_usd
2018-09-10,19.294,per_usd
2018-09-11,19.21,per_usd
2018-09-12,19.0705,per_usd
2018-09-13,18.88,per_usd
2018-09-14,18.8695,per_usd
2018-09-17,18.8455,per_usd
2018-09-18,18.7372,per_usd
2018-09-19,18.7545,per_usd
2018-09-20,18.8665,per_usd
2018-09-21,18.8375,per_usd
2018-09-24,18.856,per_usd
2018-09-25,18.982,per_usd
2018-09-26,18.8955,per_usd
2018-09-27,18.829,per_usd
2018-09-28,18.705,per_usd
2018-10-01,18.6625,per_usd
2018-10-02,18.738,per_usd
2018-10-03,18.834,per_usd
2018-10-04,19.174,per_usd
2018-10-05,19.014,per_usd
2018-10-09,19.0085,per_usd
2018-10-10,19.0745,per_usd
2018-10-11,19.0205,per_usd
2018-10-12,18.9235,per_usd
2018-10-15,18.8095,per_usd
2018-10-16,18.774,per_usd
2018-10-17,18.801,per_usd
2018-10-18,19.159,per_usd
2018-10-19,19.2285,per_usd
2018-10-22,19.3675,per_usd
2018-10-23,19.4075,per_usd
2018-10-24,19.4575,per_usd
2018-10-25,19.413,per_usd
2018-10-26,19.439,per_usd
2018-10-29,19.761,per_usd
2018-10-30,19.9865,per_usd
2018-10-31,20.255,per_usd
2018-11-01,20.1325,per_usd
2018-11-02,20.045,per_usd
2018-11-05,19.978,per_usd
2018-11-06,19.856,per_usd
2018-11-07,19.8,per_usd
2018-11-08,20.045,per_usd
2018-11-09,20.3795,per_usd
2018-11-13,20.45,per_usd
2018-11-14,20.3565,per_usd
2018-11-15,20.3135,per_usd
2018-11-16,20.177,per_usd
2018-11-19,20.3795,per_usd
2018-11-20,20.3625,per_usd
2018-11-21,20.181,per_usd
2018-11-23,20.44,per_usd
2018-11-26,20.542,per_usd
2018-11-27,20.4755,per_usd
2018-11-28,20.4305,per_usd
2018-11-29,20.255,per_usd
2018-11-30,20.2975,per_usd
2018-12-03,20.2365,per_usd
2018-12-04,20.496,per_usd
2018-12-06,20.422,per_usd
2018-12-07,20.285,per_usd
2018-12-10,20.3783,per_usd
2018-12-11,20.2885,per_usd
2018-12-12,20.1345,per_usd
2018-12-13,20.2545,per_usd
2018-12-14,20.2955,per_usd
2018-12-17,20.1165,per_usd
2018-12-18,20.1255,per_usd
2018-12-19,20.026,per_usd
2018-12-20,19.9275,per_usd
2018-12-21,19.9275,per_usd
2018-12-26,19.8836,per_usd
2018-12-27,19.663,per_usd
2018-12-28,19.6535,per_usd
2018-12-31,19.635,per_usd
2019-01-02,19.6065,per_usd
2019-01-03,19.6095,per_usd
2019-01-04,19.44,per_usd
2019-01-07,19.314,per_usd
2019-01-08,19.355,per_usd
2019-01-09,19.231,per_usd
2019-01-10,19.16,per_usd
2019-01-11,19.12,per_usd
2019-01-15,19.0555,per_usd
2019-01-16,18.97,per_usd
2019-01-17,19.0535,per_usd
2019-01-18,19.113,per_usd
2019-01-22,19.1375,per_usd
2019-01-23,19.087,per_usd
2019-01-24,18.986,per_usd
2019-01-25,18.9275,per_usd
2019-01-28,19.0405,per_usd
2019-01-29,18.985,per_usd
2019-01-30,19.1635,per_usd
2019-01-31,19.0525,per_usd
2019-02-01,19.1275,per_usd
2019-02-04,19.0405,per_usd
2019-02-05,19.083,per_usd
2019-02-06,19.1075,per_usd
2019-02-07,19.11,per_usd
2019-02-08,19.106,per_usd
2019-02-11,19.282,per_usd
2019-02-12,19.2455,per_usd
2019-02-13,19.405,per_usd
2019-02-14,19.3485,per_usd
2019-02-15,19.336,per_usd
2019-02-19,19.1855,per_usd
2019-02-21,19.2835,per_usd
2019-02-22,19.131,per_usd
2019-02-25,19.094,per_usd
2019-02-26,19.155,per_usd
2019-02-27,19.2095,per_usd
2019-02-28,19.265,per_usd
2019-03-01,19.3065,per_usd
2019-03-04,19.3,per_usd
2019-03-05,19.275,per_usd
2019-03-06,19.3815,per_usd
2019-03-07,19.5795,per_usd
2019-03-08,19.4835,per_usd
2019-03-11,19.4275,per_usd
2019-03-12,19.3005,per_usd
2019-03-13,19.335,per_usd
2019-03-14,19.3,per_usd
2019-03-15,19.215,per_usd
2019-03-18,19.113,per_usd
2019-03-19,18.9925,per_usd
2019-03-20,18.895,per_usd
2019-03-21,18.855,per_usd
2019-03-22,19.164,per_usd
2019-03-25,18.995,per_usd
2019-03-26,19.1035,per_usd
2019-03-27,19.342,per_usd
2019-03-28,19.3665,per_usd
2019-03-29,19.398,per_usd
2019-04-01,19.214,per_usd
2019-04-02,19.2245,per_usd
2019-04-03,19.1685,per_usd
2019-04-04,19.1775,per_usd
2019-04-05,19.0735,per_usd
2019-04-08,18.9615,per_usd
2019-04-09,18.905,per_usd
2019-04-10,18.8285,per_usd
2019-04-11,18.8525,per_usd
2019-04-12,18.7555,per_usd
2019-04-15,18.861,per_usd
2019-04-16,18.962,per_usd
2019-04-17,18.8405,per_usd
2019-04-18,18.758,per_usd
2019-04-19,18.7705,per_usd
2019-04-22,18.837,per_usd
2019-04-23,18.949,per_usd
2019-04-24,19.01,per_usd
2019-04-25,19.0965,per_usd
2019-04-26,18.951,per_usd
2019-04-29,19.0185,per_usd
2019-04-30,18.9945,per_usd
2019-05-01,18.8515,per_usd
2019-05-02,19.126,per_usd
2019-05-03,18.982,per_usd
2019-05-06,18.9775,per_usd
2019-05-07,19.0425,per_usd
2019-05-08,19.07,per_usd
2019-05-09,19.274,per_usd
2019-05-10,19.1385,per_usd
2019-05-13,19.1955,per_usd
2019-05-14,19.1455,per_usd
2019-05-15,19.061,per_usd
2019-05-16,19.073,per_usd
2019-05-17,19.1665,per_usd
2019-05-20,19.1,per_usd
2019-05-21,19.036,per_usd
2019-05-22,18.983,per_usd
2019-05-23,19.017,per_usd
2019-05-24,19.062,per_usd
2019-05-28,19.1735,per_usd
2019-05-29,19.225,per_usd
2019-05-30,19.0895,per_usd
2019-05-31,19.652,per_usd
2019-06-03,19.768,per_usd
2019-06-04,19.556,per_usd
2019-06-05,19.551,per_usd
2019-06-06,19.7198,per_usd
2019-06-07,19.6675,per_usd
2019-06-10,19.181,per_usd
2019-06-11,19.1315,per_usd
2019-06-12,19.153,per_usd
2019-06-13,19.176,per_usd
2019-06-14,19.13,per_usd
2019-06-17,19.171,per_usd
2019-06-18,19.1185,per_usd
2019-06-19,19.167,per_usd
2019-06-20,18.9905,per_usd
2019-06-21,19.077,per_usd
2019-06-24,19.181,per_usd
2019-06-25,19.2205,per_usd
2019-06-26,19.125,per_usd
2019-06-27,19.163,per_usd
2019-06-28,19.2089,per_usd
2019-07-01,19.076,per_usd
2019-07-02,19.079,per_usd
2019-07-03,19.0435,per_usd
2019-07-05,19.032,per_usd
2019-07-08,18.904,per_usd
2019-07-09,18.894,per_usd
2019-07-10,19.227,per_usd
2019-07-11,19.0995,per_usd
2019-07-12,19.0255,per_usd
2019-07-15,18.97,per_usd
2019-07-16,19.0855,per_usd
2019-07-17,19.009,per_usd
2019-07-18,19,per_usd
2019-07-19,19.0145,per_usd
2019-07-22,19.07,per_usd
2019-07-23,19.1318,per_usd
2019-07-24,19.09,per_usd
2019-07-25,19.04,per_usd
2019-07-26,19.069,per_usd
2019-07-29,19.067,per_usd
2019-07-30,19.075,per_usd
2019-07-31,18.993,per_usd
2019-08-01,19.17,per_usd
2019-08-02,19.3115,per_usd
2019-08-05,19.5545,per_usd
2019-08-06,19.6125,per_usd
2019-08-07,19.6825,per_usd
2019-08-08,19.4935,per_usd
2019-08-09,19.443,per_usd
2019-08-12,19.5525,per_usd
2019-08-13,19.421,per_usd
2019-08-14,19.6323,per_usd
2019-08-15,19.6335,per_usd
2019-08-16,19.557,per_usd
2019-08-19,19.811,per_usd
2019-08-20,19.7565,per_usd
2019-08-21,19.6652,per_usd
2019-08-22,19.74,per_usd
2019-08-23,19.8645,per_usd
2019-08-26,19.9175,per_usd
2019-08-27,20.0055,per_usd
2019-08-28,20.012,per_usd
2019-08-29,20.1185,per_usd
2019-08-30,20.0674,per_usd
2019-09-03,19.992,per_usd
2019-09-04,19.779,per_usd
2019-09-05,19.6935,per_usd
2019-09-06,19.5575,per_usd
2019-09-09,19.5365,per_usd
2019-09-10,19.5005,per_usd
2019-09-11,19.55,per_usd
2019-09-12,19.421,per_usd
2019-09-13,19.3555,per_usd
2019-09-16,19.428,per_usd
2019-09-17,19.417,per_usd
2019-09-18,19.348,per_usd
2019-09-19,19.405,per_usd
2019-09-20,19.44,per_usd
2019-09-23,19.442,per_usd
2019-09-24,19.4485,per_usd
2019-09-25,19.56,per_usd
2019-09-26,19.6435,per_usd
2019-09-27,19.681,per_usd
2019-09-30,19.742,per_usd
2019-10-01,19.7755,per_usd
2019-10-02,19.776,per_usd
2019-10-03,19.6985,per_usd
2019-10-04,19.5385,per_usd
2019-10-07,19.55,per_usd
2019-10-08,19.582,per_usd
2019-10-09,19.575,per_usd
2019-10-10,19.4575,per_usd
2019-10-11,19.3316,per_usd
2019-10-15,19.248,per_usd
2019-10-16,19.199,per_usd
2019-10-17,19.155,per_usd
2019-10-18,19.141,per_usd
2019-10-21,19.146,per_usd
2019-10-22,19.1,per_usd
2019-10-23,19.113,per_usd
2019-10-24,19.101,per_usd
2019-10-25,19.049,per_usd
2019-10-28,19.046,per_usd
2019-10-29,19.101,per_usd
2019-10-30,19.167,per_usd
2019-10-31,19.174,per_usd
2019-11-01,19.099,per_usd
2019-11-04,19.166,per_usd
2019-11-05,19.219,per_usd
2019-11-06,19.2,per_usd
2019-11-07,19.128,per_usd
2019-11-08,19.108,per_usd
2019-11-12,19.27,per_usd
2019-11-13,19.426,per_usd
2019-11-14,19.44,per_usd
2019-11-15,19.205,per_usd
2019-11-18,19.253,per_usd
2019-11-19,19.342,per_usd
2019-11-20,19.48,per_usd
2019-11-21,19.422,per_usd
2019-11-22,19.402,per_usd
2019-11-25,19.462,per_usd
2019-11-26,19.493,per_usd
2019-11-27,19.537,per_usd
2019-11-29,19.543,per_usd
2019-12-02,19.567,per_usd
2019-12-03,19.555,per_usd
2019-12-04,19.482,per_usd
2019-12-05,19.364,per_usd
2019-12-06,19.331,per_usd
2019-12-09,19.229,per_usd
2019-12-10,19.214,per_usd
2019-12-11,19.178,per_usd
2019-12-12,19.089,per_usd
2019-12-13,19.066,per_usd
2019-12-16,18.981,per_usd
2019-12-17,18.91,per_usd
2019-12-18,18.958,per_usd
2019-12-19,18.941,per_usd
2019-12-20,18.914,per_usd
2019-12-23,18.931,per_usd
2019-12-24,18.955,per_usd
2019-12-26,18.944,per_usd
2019-12-27,18.819,per_usd
2019-12-30,18.863,per_usd
2019-12-31,18.86,per_usd
2020-01-02,18.889,per_usd
2020-01-03,18.865,per_usd
2020-01-06,18.821,per_usd
2020-01-07,18.876,per_usd
2020-01-08,18.773,per_usd
2020-01-09,18.83,per_usd
2020-01-10,18.768,per_usd
2020-01-13,18.82,per_usd
2020-01-14,18.804,per_usd
2020-01-15,18.81,per_usd
2020-01-16,18.777,per_usd
2020-01-17,18.728,per_usd
2020-01-21,18.702,per_usd
2020-01-22,18.693,per_usd
2020-01-23,18.833,per_usd
2020-01-24,18.845,per_usd
2020-01-27,18.9599,per_usd
2020-01-28,18.78,per_usd
2020-01-29,18.6762,per_usd
2020-01-30,18.799,per_usd
2020-01-31,18.89,per_usd
2020-02-03,18.79,per_usd
2020-02-04,18.676,per_usd
2020-02-05,18.62,per_usd
2020-02-06,18.67,per_usd
2020-02-07,18.755,per_usd
2020-02-10,18.767,per_usd
2020-02-11,18.694,per_usd
2020-02-12,18.627,per_usd
2020-02-13,18.642,per_usd
2020-02-14,18.57,per_usd
2020-02-18,18.589,per_usd
2020-02-19,18.588,per_usd
2020-02-20,18.82,per_usd
2020-02-21,18.813,per_usd
2020-02-24,19.089,per_usd
2020-02-25,19.054,per_usd
2020-02-26,19.163,per_usd
2020-02-27,19.347,per_usd
2020-02-28,19.73,per_usd
2020-03-02,19.583,per_usd
2020-03-03,19.33,per_usd
2020-03-04,19.533,per_usd
2020-03-05,19.825,per_usd
2020-03-06,20.171,per_usd
2020-03-09,20.926,per_usd
2020-03-10,21.051,per_usd
2020-03-11,21.205,per_usd
2020-03-12,22.326,per_usd
2020-03-13,21.885,per_usd
2020-03-16,22.613,per_usd
2020-03-17,23.14,per_usd
2020-03-18,23.72,per_usd
2020-03-19,24.087,per_usd
2020-03-20,24.026,per_usd
2020-03-23,25.127,per_usd
2020-03-24,25.132,per_usd
2020-03-25,24.395,per_usd
2020-03-26,23.13,per_usd
2020-03-27,23.41,per_usd
2020-03-30,24.265,per_usd
2020-03-31,23.448,per_usd
2020-04-01,24.453,per_usd
2020-04-02,24.034,per_usd
2020-04-03,24.69,per_usd
2020-04-06,24.628,per_usd
2020-04-07,24.035,per_usd
2020-04-08,24.039,per_usd
2020-04-09,23.625,per_usd
2020-04-10,23.42,per_usd
2020-04-13,23.723,per_usd
2020-04-14,23.599,per_usd
2020-04-15,24.064,per_usd
2020-04-16,24.124,per_usd
2020-04-17,23.831,per_usd
2020-04-20,24.037,per_usd
2020-04-21,24.433,per_usd
2020-04-22,24.585,per_usd
2020-04-23,24.682,per_usd
2020-04-24,24.8225,per_usd
2020-04-27,24.832,per_usd
2020-04-28,24.394,per_usd
2020-04-29,23.927,per_usd
2020-04-30,23.979,per_usd
2020-05-01,24.8066,per_usd
2020-05-04,24.3853,per_usd
2020-05-05,23.7938,per_usd
2020-05-06,24.295,per_usd
2020-05-07,23.961,per_usd
2020-05-08,23.619,per_usd
2020-05-11,23.913,per_usd
2020-05-12,24.037,per_usd
2020-05-13,24.311,per_usd
2020-05-14,24.172,per_usd
2020-05-15,24.0493,per_usd
2020-05-18,23.59,per_usd
2020-05-19,23.614,per_usd
2020-05-20,23.215,per_usd
2020-05-21,22.924,per_usd
2020-05-22,22.738,per_usd
2020-05-26,22.336,per_usd
2020-05-27,22.358,per_usd
2020-05-28,22.191,per_usd
2020-05-29,22.17,per_usd
2020-06-01,21.991,per_usd
2020-06-02,21.722,per_usd
2020-06-03,21.635,per_usd
2020-06-04,21.851,per_usd
2020-06-05,21.545,per_usd
2020-06-08,21.638,per_usd
2020-06-09,21.728,per_usd
2020-06-10,21.941,per_usd
2020-06-11,22.521,per_usd
2020-06-12,22.298,per_usd
2020-06-15,22.521,per_usd
2020-06-16,22.175,per_usd
2020-06-17,22.368,per_usd
2020-06-18,22.669,per_usd
2020-06-19,22.61,per_usd
2020-06-22,22.457,per_usd
2020-06-23,22.389,per_usd
2020-06-24,22.7116,per_usd
2020-06-25,22.83,per_usd
2020-06-26,22.946,per_usd
2020-06-29,23.123,per_usd
2020-06-30,23.0821,per_usd
2020-07-01,22.823,per_usd
2020-07-02,22.52,per_usd
2020-07-06,22.275,per_usd
2020-07-07,22.636,per_usd
2020-07-08,22.855,per_usd
2020-07-09,22.702,per_usd
2020-07-10,22.507,per_usd
2020-07-13,22.432,per_usd
2020-07-14,22.592,per_usd
2020-07-15,22.371,per_usd
2020-07-16,22.288,per_usd
2020-07-17,22.48,per_usd
2020-07-20,22.58,per_usd
2020-07-21,22.319,per_usd
2020-07-22,22.256,per_usd
2020-07-23,22.314,per_usd
2020-07-24,22.363,per_usd
2020-07-27,22.013,per_usd
2020-07-28,21.957,per_usd
2020-07-29,22.003,per_usd
2020-07-30,22.183,per_usd
2020-07-31,22.226,per_usd
2020-08-03,22.574,per_usd
2020-08-04,22.746,per_usd
2020-08-05,22.423,per_usd
2020-08-06,22.359,per_usd
2020-08-07,22.483,per_usd
2020-08-10,22.493,per_usd
2020-08-11,22.338,per_usd
2020-08-12,22.318,per_usd
2020-08-13,22.28,per_usd
2020-08-14,22.019,per_usd
2020-08-17,22.042,per_usd
2020-08-18,22.18,per_usd
2020-08-19,22.046,per_usd
2020-08-20,22.148,per_usd
2020-08-21,22.042,per_usd
2020-08-24,21.974,per_usd
2020-08-25,21.961,per_usd
2020-08-26,21.945,per_usd
2020-08-27,22.115,per_usd
2020-08-28,21.87,per_usd
2020-08-31,21.88,per_usd
2020-09-01,21.751,per_usd
2020-09-02,21.832,per_usd
2020-09-03,21.663,per_usd
2020-09-04,21.595,per_usd
2020-09-08,21.732,per_usd
2020-09-09,21.52,per_usd
2020-09-10,21.285,per_usd
2020-09-11,21.327,per_usd
2020-09-14,21.123,per_usd
2020-09-15,21.055,per_usd
2020-09-16,21.05,per_usd
2020-09-17,20.993,per_usd
2020-09-18,20.949,per_usd
2020-09-21,21.516,per_usd
2020-09-22,21.585,per_usd
2020-09-23,22.116,per_usd
2020-09-24,22.28,per_usd
2020-09-25,22.451,per_usd
2020-09-28,22.507,per_usd
2020-09-29,22.466,per_usd
2020-09-30,22.091,per_usd
2020-10-01,21.976,per_usd
2020-10-02,21.72,per_usd
2020-10-05,21.4301,per_usd
2020-10-06,21.521,per_usd
2020-10-07,21.533,per_usd
2020-10-08,21.416,per_usd
2020-10-09,21.153,per_usd
2020-10-13,21.392,per_usd
2020-10-14,21.346,per_usd
2020-10-15,21.394,per_usd
2020-10-16,21.174,per_usd
2020-10-19,21.1369,per_usd
2020-10-20,21.065,per_usd
2020-10-21,21.0896,per_usd
2020-10-22,21.026,per_usd
2020-10-23,20.8961,per_usd
2020-10-26,20.958,per_usd
2020-10-27,20.867,per_usd
2020-10-28,21.152,per_usd
2020-10-29,21.367,per_usd
2020-10-30,21.276,per_usd
2020-11-02,21.457,per_usd
2020-11-03,21.156,per_usd
2020-11-04,20.936,per_usd
2020-11-05,20.834,per_usd
2020-11-06,20.63,per_usd
2020-11-09,20.4,per_usd
2020-11-10,20.433,per_usd
2020-11-12,20.517,per_usd
2020-11-13,20.45,per_usd
2020-11-16,20.302,per_usd
2020-11-17,20.306,per_usd
2020-11-18,20.246,per_usd
2020-11-19,20.183,per_usd
2020-11-20,20.083,per_usd
2020-11-23,20.109,per_usd
2020-11-24,20.012,per_usd
2020-11-25,20.015,per_usd
2020-11-30,20.15,per_usd
2020-12-01,20.047,per_usd
2020-12-02,20.047,per_usd
2020-12-03,19.887,per_usd
2020-12-04,19.744,per_usd
2020-12-07,19.81,per_usd
2020-12-08,19.715,per_usd
2020-12-09,19.852,per_usd
2020-12-10,19.987,per_usd
2020-12-11,20.093,per_usd
2020-12-14,20.218,per_usd
2020-12-15,20.083,per_usd
2020-12-16,19.95,per_usd
2020-12-17,19.788,per_usd
2020-12-18,19.9813,per_usd
2020-12-21,20.04,per_usd
2020-12-22,20.054,per_usd
2020-12-23,20.08,per_usd
2020-12-28,20.061,per_usd
2020-12-29,19.905,per_usd
2020-12-30,19.934,per_usd
2020-12-31,19.892,per_usd
2021-01-04,19.938,per_usd
2021-01-05,19.92,per_usd
2021-01-06,19.713,per_usd
2021-01-07,19.928,per_usd
2021-01-08,19.941,per_usd
2021-01-11,20.076,per_usd
2021-01-12,19.927,per_usd
2021-01-13,19.788,per_usd
2021-01-14,19.723,per_usd
2021-01-15,19.747,per_usd
2021-01-19,19.6642,per_usd
2021-01-21,19.727,per_usd
2021-01-22,19.925,per_usd
2021-01-25,20.14,per_usd
2021-01-26,20.08,per_usd
2021-01-27,20.22,per_usd
2021-01-28,20.23,per_usd
2021-01-29,20.255,per_usd
2021-02-01,20.356,per_usd
2021-02-02,20.151,per_usd
2021-02-03,20.217,per_usd
2021-02-04,20.457,per_usd
2021-02-05,20.13,per_usd
2021-02-08,20.112,per_usd
2021-02-09,20.097,per_usd
2021-02-10,20.05,per_usd
2021-02-11,19.96,per_usd
2021-02-12,19.93,per_usd
2021-02-16,20.218,per_usd
2021-02-17,20.186,per_usd
2021-02-18,20.436,per_usd
2021-02-19,20.4,per_usd
2021-02-22,20.672,per_usd
2021-02-23,20.604,per_usd
2021-02-24,20.46,per_usd
2021-02-25,20.891,per_usd
2021-02-26,20.935,per_usd
2021-03-01,20.607,per_usd
2021-03-02,20.624,per_usd
2021-03-03,20.9203,per_usd
2021-03-04,20.8206,per_usd
2021-03-05,21.277,per_usd
2021-03-08,21.45,per_usd
2021-03-09,21.258,per_usd
2021-03-10,20.95,per_usd
2021-03-11,20.696,per_usd
2021-03-12,20.7411,per_usd
2021-03-15,20.742,per_usd
2021-03-16,20.567,per_usd
2021-03-17,20.672,per_usd
2021-03-18,20.44,per_usd
2021-03-19,20.4971,per_usd
2021-03-22,20.588,per_usd
2021-03-23,20.629,per_usd
2021-03-24,20.793,per_usd
2021-03-25,20.783,per_usd
2021-03-26,20.573,per_usd
2021-03-29,20.585,per_usd
2021-03-30,20.597,per_usd
2021-03-31,20.441,per_usd
2021-04-01,20.3358,per_usd
2021-04-02,20.305,per_usd
2021-04-05,20.242,per_usd
2021-04-06,20.141,per_usd
2021-04-07,20.18,per_usd
2021-04-08,20.09,per_usd
2021-04-09,20.162,per_usd
2021-04-12,20.101,per_usd
2021-04-13,20.052,per_usd
2021-04-14,20.058,per_usd
2021-04-15,19.918,per_usd
2021-04-16,19.912,per_usd
2021-04-19,19.811,per_usd
2021-04-20,19.872,per_usd
2021-04-21,19.884,per_usd
2021-04-22,19.874,per_usd
2021-04-23,19.852,per_usd
2021-04-26,19.843,per_usd
2021-04-27,19.974,per_usd
2021-04-28,19.942,per_usd
2021-04-29,20.109,per_usd
2021-04-30,20.169,per_usd
2021-05-03,20.2,per_usd
2021-05-04,20.256,per_usd
2021-05-05,20.216,per_usd
2021-05-06,20.177,per_usd
2021-05-07,19.901,per_usd
2021-05-10,19.87,per_usd
2021-05-11,19.855,per_usd
2021-05-12,20.116,per_usd
2021-05-13,20.046,per_usd
2021-05-14,19.86,per_usd
2021-05-17,19.8,per_usd
2021-05-18,19.828,per_usd
2021-05-19,19.8,per_usd
2021-05-20,19.877,per_usd
2021-05-21,19.94,per_usd
2021-05-24,19.863,per_usd
2021-05-25,19.888,per_usd
2021-05-26,19.894,per_usd
2021-05-27,19.97,per_usd
2021-05-28,19.93,per_usd
2021-06-01,19.897,per_usd
2021-06-02,19.895,per_usd
2021-06-03,20.065,per_usd
2021-06-04,19.927,per_usd
2021-06-07,19.78,per_usd
2021-06-08,19.772,per_usd
2021-06-09,19.686,per_usd
2021-06-10,19.675,per_usd
2021-06-11,19.961,per_usd
2021-06-14,19.915,per_usd
2021-06-15,20.169,per_usd
2021-06-16,20.044,per_usd
2021-06-17,20.468,per_usd
2021-06-18,20.671,per_usd
2021-06-21,20.597,per_usd
2021-06-22,20.583,per_usd
2021-06-23,20.26,per_usd
2021-06-24,20.044,per_usd
2021-06-25,19.793,per_usd
2021-06-28,19.78,per_usd
2021-06-29,19.802,per_usd
2021-06-30,19.906,per_usd
2021-07-01,19.987,per_usd
2021-07-02,19.844,per_usd
2021-07-06,19.984,per_usd
2021-07-07,19.987,per_usd
2021-07-08,19.965,per_usd
2021-07-09,19.881,per_usd
2021-07-12,19.844,per_usd
2021-07-13,19.991,per_usd
2021-07-14,19.892,per_usd
2021-07-15,19.928,per_usd
2021-07-16,19.838,per_usd
2021-07-19,20,per_usd
2021-07-20,20.147,per_usd
2021-07-21,20.153,per_usd
2021-07-22,20.1934,per_usd
2021-07-23,20.03,per_usd
2021-07-26,20.01,per_usd
2021-07-27,19.975,per_usd
2021-07-28,19.941,per_usd
2021-07-29,19.859,per_usd
2021-07-30,19.846,per_usd
2021-08-02,19.856,per_usd
2021-08-03,19.896,per_usd
2021-08-04,19.969,per_usd
2021-08-05,19.9252,per_usd
2021-08-06,20.018,per_usd
2021-08-09,20.067,per_usd
2021-08-10,20.086,per_usd
2021-08-11,19.956,per_usd
2021-08-12,19.891,per_usd
2021-08-13,19.862,per_usd
2021-08-16,19.885,per_usd
2021-08-17,19.983,per_usd
2021-08-18,20.011,per_usd
2021-08-19,20.111,per_usd
2021-08-20,20.425,per_usd
2021-08-23,20.364,per_usd
2021-08-24,20.318,per_usd
2021-08-25,20.266,per_usd
2021-08-26,20.357,per_usd
2021-08-27,20.202,per_usd
2021-08-30,20.127,per_usd
2021-08-31,20.074,per_usd
2021-09-01,19.964,per_usd
2021-09-02,19.967,per_usd
2021-09-03,19.889,per_usd
2021-09-07,19.944,per_usd
2021-09-08,19.937,per_usd
2021-09-09,19.93,per_usd
2021-09-10,19.864,per_usd
2021-09-13,19.868,per_usd
2021-09-14,19.898,per_usd
2021-09-15,19.898,per_usd
2021-09-16,19.937,per_usd
2021-09-17,19.9841,per_usd
2021-09-20,20.161,per_usd
2021-09-21,20.117,per_usd
2021-09-22,20.013,per_usd
2021-09-23,20.025,per_usd
2021-09-24,20.094,per_usd
2021-09-27,20.0935,per_usd
2021-09-28,20.331,per_usd
2021-09-29,20.491,per_usd
2021-09-30,20.562,per_usd
2021-10-01,20.491,per_usd
2021-10-04,20.534,per_usd
2021-10-05,20.562,per_usd
2021-10-06,20.646,per_usd
2021-10-07,20.593,per_usd
2021-10-08,20.746,per_usd
2021-10-12,20.768,per_usd
2021-10-13,20.648,per_usd
2021-10-14,20.592,per_usd
2021-10-15,20.452,per_usd
2021-10-18,20.316,per_usd
2021-10-19,20.267,per_usd
2021-10-20,20.169,per_usd
2021-10-21,20.269,per_usd
2021-10-22,20.212,per_usd
2021-10-25,20.211,per_usd
2021-10-26,20.219,per_usd
2021-10-27,20.22,per_usd
2021-10-28,20.332,per_usd
2021-10-29,20.551,per_usd
2021-11-01,20.851,per_usd
2021-11-02,20.75,per_usd
2021-11-03,20.827,per_usd
2021-11-04,20.629,per_usd
2021-11-05,20.425,per_usd
2021-11-08,20.336,per_usd
2021-11-09,20.28,per_usd
2021-11-10,20.468,per_usd
2021-11-12,20.519,per_usd
2021-11-15,20.627,per_usd
2021-11-16,20.823,per_usd
2021-11-17,20.691,per_usd
2021-11-18,20.727,per_usd
2021-11-19,20.799,per_usd
2021-11-22,20.972,per_usd
2021-11-23,21.239,per_usd
2021-11-24,21.397,per_usd
2021-11-26,21.853,per_usd
2021-11-29,21.73,per_usd
2021-11-30,21.453,per_usd
2021-12-01,21.305,per_usd
2021-12-02,21.309,per_usd
2021-12-03,21.439,per_usd
2021-12-06,21.222,per_usd
2021-12-07,21.047,per_usd
2021-12-08,20.959,per_usd
2021-12-09,21.012,per_usd
2021-12-10,20.873,per_usd
2021-12-13,20.954,per_usd
2021-12-14,21.198,per_usd
2021-12-15,21.23,per_usd
2021-12-16,20.872,per_usd
2021-12-17,20.731,per_usd
2021-12-20,20.738,per_usd
2021-12-21,20.806,per_usd
2021-12-22,20.749,per_usd
2021-12-23,20.648,per_usd
2021-12-27,20.676,per_usd
2021-12-28,20.581,per_usd
2021-12-29,20.583,per_usd
2021-12-30,20.514,per_usd
2022-01-03,20.57,per_usd
2022-01-04,20.501,per_usd
2022-01-05,20.439,per_usd
2022-01-06,20.435,per_usd
2022-01-07,20.397,per_usd
2022-01-10,20.455,per_usd
2022-01-11,20.353,per_usd
2022-01-12,20.367,per_usd
2022-01-13,20.36,per_usd
2022-01-14,20.316,per_usd
2022-01-18,20.378,per_usd
2022-01-19,20.47,per_usd
2022-01-20,20.423,per_usd
2022-01-21,20.468,per_usd
2022-01-24,20.659,per_usd
2022-01-25,20.677,per_usd
2022-01-26,20.648,per_usd
2022-01-27,20.76,per_usd
2022-01-28,20.834,per_usd
2022-01-31,20.637,per_usd
2022-02-01,20.569,per_usd
2022-02-02,20.5898,per_usd
2022-02-03,20.554,per_usd
2022-02-04,20.718,per_usd
2022-02-07,20.644,per_usd
2022-02-08,20.636,per_usd
2022-02-09,20.5,per_usd
2022-02-10,20.433,per_usd
2022-02-11,20.406,per_usd
2022-02-14,20.402,per_usd
2022-02-15,20.363,per_usd
2022-02-16,20.312,per_usd
2022-02-17,20.285,per_usd
2022-02-18,20.299,per_usd
2022-02-22,20.282,per_usd
2022-02-23,20.245,per_usd
2022-02-24,20.643,per_usd
2022-02-25,20.415,per_usd
2022-02-28,20.403,per_usd
2022-03-01,20.579,per_usd
2022-03-02,20.619,per_usd
2022-03-03,20.714,per_usd
2022-03-04,20.936,per_usd
2022-03-07,21.236,per_usd
2022-03-08,21.396,per_usd
2022-03-09,20.952,per_usd
2022-03-10,20.974,per_usd
2022-03-11,20.964,per_usd
2022-03-14,20.906,per_usd
2022-03-15,20.885,per_usd
2022-03-16,20.728,per_usd
2022-03-17,20.551,per_usd
2022-03-18,20.404,per_usd
2022-03-21,20.286,per_usd
2022-03-22,20.265,per_usd
2022-03-23,20.17,per_usd
2022-03-24,20.12,per_usd
2022-03-25,19.94,per_usd
2022-03-28,20.14,per_usd
2022-03-29,20.012,per_usd
2022-03-30,19.833,per_usd
2022-03-31,19.911,per_usd
2022-04-01,19.837,per_usd
2022-04-04,19.745,per_usd
2022-04-05,19.932,per_usd
2022-04-06,20.045,per_usd
2022-04-07,20.16,per_usd
2022-04-08,20.077,per_usd
2022-04-11,20.01,per_usd
2022-04-12,19.841,per_usd
2022-04-13,19.802,per_usd
2022-04-14,19.99,per_usd
2022-04-15,19.953,per_usd
2022-04-18,19.9311,per_usd
2022-04-19,20.05,per_usd
2022-04-20,19.999,per_usd
2022-04-21,20.165,per_usd
2022-04-22,20.312,per_usd
2022-04-25,20.256,per_usd
2022-04-26,20.434,per_usd
2022-04-27,20.448,per_usd
2022-04-28,20.561,per_usd
2022-04-29,20.359,per_usd
2022-05-02,20.431,per_usd
2022-05-03,20.346,per_usd
2022-05-04,20.226,per_usd
2022-05-05,20.291,per_usd
2022-05-06,20.111,per_usd
2022-05-09,20.302,per_usd
2022-05-10,20.403,per_usd
2022-05-11,20.254,per_usd
2022-05-12,20.306,per_usd
2022-05-13,20.127,per_usd
2022-05-16,20.057,per_usd
2022-05-17,19.973,per_usd
2022-05-18,19.993,per_usd
2022-05-19,19.925,per_usd
2022-05-20,19.863,per_usd
2022-05-23,19.828,per_usd
2022-05-24,19.879,per_usd
2022-05-25,19.837,per_usd
2022-05-26,19.801,per_usd
2022-05-27,19.575,per_usd
2022-05-31,19.68,per_usd
2022-06-01,19.75,per_usd
2022-06-02,19.555,per_usd
2022-06-03,19.601,per_usd
2022-06-06,19.594,per_usd
2022-06-07,19.601,per_usd
2022-06-08,19.57,per_usd
2022-06-09,19.612,per_usd
2022-06-10,19.914,per_usd
2022-06-13,20.411,per_usd
2022-06-14,20.671,per_usd
2022-06-15,20.661,per_usd
2022-06-16,20.541,per_usd
2022-06-17,20.429,per_usd
2022-06-21,20.195,per_usd
2022-06-22,20.047,per_usd
2022-06-23,20.012,per_usd
2022-06-24,19.906,per_usd
2022-06-27,19.879,per_usd
2022-06-28,19.983,per_usd
2022-06-29,20.163,per_usd
2022-06-30,20.118,per_usd
2022-07-01,20.318,per_usd
2022-07-05,20.551,per_usd
2022-07-06,20.694,per_usd
2022-07-07,20.599,per_usd
2022-07-08,20.444,per_usd
2022-07-11,20.735,per_usd
2022-07-12,20.749,per_usd
2022-07-13,20.725,per_usd
2022-07-14,20.858,per_usd
2022-07-15,20.578,per_usd
2022-07-18,20.389,per_usd
2022-07-19,20.464,per_usd
2022-07-20,20.469,per_usd
2022-07-21,20.663,per_usd
2022-07-22,20.502,per_usd
2022-07-25,20.464,per_usd
2022-07-26,20.472,per_usd
2022-07-27,20.507,per_usd
2022-07-28,20.383,per_usd
2022-07-29,20.363,per_usd
2022-08-01,20.251,per_usd
2022-08-02,20.52,per_usd
2022-08-03,20.553,per_usd
2022-08-04,20.328,per_usd
2022-08-05,20.394,per_usd
2022-08-08,20.2912,per_usd
2022-08-09,20.281,per_usd
2022-08-10,19.964,per_usd
2022-08-11,19.922,per_usd
2022-08-12,19.869,per_usd
2022-08-15,19.84,per_usd
2022-08-16,19.918,per_usd
2022-08-17,20.067,per_usd
2022-08-18,20.085,per_usd
2022-08-19,20.186,per_usd
2022-08-22,20.163,per_usd
2022-08-23,20.017,per_usd
2022-08-24,19.896,per_usd
2022-08-25,19.944,per_usd
2022-08-26,19.913,per_usd
2022-08-29,20.015,per_usd
2022-08-30,20.095,per_usd
2022-08-31,20.086,per_usd
2022-09-01,20.22,per_usd
2022-09-02,19.927,per_usd
2022-09-06,20.109,per_usd
2022-09-07,20.026,per_usd
2022-09-08,19.985,per_usd
2022-09-09,19.887,per_usd
2022-09-12,19.8,per_usd
2022-09-13,20.066,per_usd
2022-09-14,19.953,per_usd
2022-09-15,20.067,per_usd
2022-09-16,20.017,per_usd
2022-09-19,20,per_usd
2022-09-20,19.995,per_usd
2022-09-21,19.995,per_usd
2022-09-22,19.964,per_usd
2022-09-23,20.176,per_usd
2022-09-26,20.373,per_usd
2022-09-27,20.316,per_usd
2022-09-28,20.305,per_usd
2022-09-29,20.15,per_usd
2022-09-30,20.115,per_usd
2022-10-03,20.033,per_usd
2022-10-04,19.97,per_usd
2022-10-05,20.107,per_usd
2022-10-06,20.111,per_usd
2022-10-07,20.03,per_usd
2022-10-11,19.947,per_usd
2022-10-12,20.025,per_usd
2022-10-13,19.992,per_usd
2022-10-14,20.068,per_usd
2022-10-17,19.978,per_usd
2022-10-18,20.04,per_usd
2022-10-19,20.126,per_usd
2022-10-20,20.031,per_usd
2022-10-21,19.898,per_usd
2022-10-24,19.945,per_usd
2022-10-25,19.867,per_usd
2022-10-26,19.866,per_usd
2022-10-27,19.838,per_usd
2022-10-28,19.824,per_usd
2022-10-31,19.848,per_usd
2022-11-01,19.735,per_usd
2022-11-02,19.665,per_usd
2022-11-03,19.675,per_usd
2022-11-04,19.532,per_usd
2022-11-07,19.467,per_usd
2022-11-08,19.464,per_usd
2022-11-09,19.571,per_usd
2022-11-10,19.37,per_usd
2022-11-14,19.392,per_usd
2022-11-15,19.381,per_usd
2022-11-16,19.314,per_usd
2022-11-17,19.44,per_usd
2022-11-18,19.487,per_usd
2022-11-21,19.542,per_usd
2022-11-22,19.451,per_usd
2022-11-23,19.373,per_usd
2022-11-25,19.333,per_usd
2022-11-28,19.308,per_usd
2022-11-29,19.22,per_usd
2022-11-30,19.366,per_usd
2022-12-01,19.15,per_usd
2022-12-02,19.342,per_usd
2022-12-05,19.76,per_usd
2022-12-06,19.845,per_usd
2022-12-07,19.702,per_usd
2022-12-08,19.673,per_usd
2022-12-09,19.797,per_usd
2022-12-12,19.821,per_usd
2022-12-13,19.641,per_usd
2022-12-14,19.698,per_usd
2022-12-15,19.786,per_usd
2022-12-16,19.787,per_usd
2022-12-19,19.726,per_usd
2022-12-20,19.795,per_usd
2022-12-21,19.715,per_usd
2022-12-22,19.592,per_usd
2022-12-23,19.43,per_usd
2022-12-27,19.4,per_usd
2022-12-28,19.398,per_usd
2022-12-29,19.357,per_usd
2022-12-30,19.496,per_usd
2023-01-03,19.421,per_usd
2023-01-04,19.33,per_usd
2023-01-05,19.375,per_usd
2023-01-06,19.172,per_usd
2023-01-09,19.176,per_usd
2023-01-10,19.105,per_usd
2023-01-11,19.018,per_usd
2023-01-12,18.875,per_usd
2023-01-13,18.785,per_usd
2023-01-17,18.74,per_usd
2023-01-18,18.748,per_usd
2023-01-19,19.066,per_usd
2023-01-20,18.912,per_usd
2023-01-23,18.824,per_usd
2023-01-24,18.841,per_usd
2023-01-25,18.844,per_usd
2023-01-26,18.836,per_usd
2023-01-27,18.773,per_usd
2023-01-30,18.77,per_usd
2023-01-31,18.798,per_usd
2023-02-01,18.708,per_usd
2023-02-02,18.618,per_usd
2023-02-03,18.883,per_usd
2023-02-06,19.21,per_usd
2023-02-07,19.03,per_usd
2023-02-08,18.957,per_usd
2023-02-09,18.959,per_usd
2023-02-10,18.708,per_usd
2023-02-13,18.626,per_usd
2023-02-14,18.541,per_usd
2023-02-15,18.601,per_usd
2023-02-16,18.513,per_usd
2023-02-17,18.416,per_usd
2023-02-21,18.392,per_usd
2023-02-22,18.35,per_usd
2023-02-23,18.435,per_usd
2023-02-24,18.399,per_usd
2023-02-27,18.408,per_usd
2023-02-28,18.345,per_usd
2023-03-01,18.095,per_usd
2023-03-02,18.112,per_usd
2023-03-03,18.013,per_usd
2023-03-06,18.015,per_usd
2023-03-07,18.131,per_usd
2023-03-08,17.949,per_usd
2023-03-09,18.086,per_usd
2023-03-10,18.359,per_usd
2023-03-13,18.77,per_usd
2023-03-14,18.719,per_usd
2023-03-15,18.957,per_usd
2023-03-16,18.913,per_usd
2023-03-17,18.98,per_usd
2023-03-20,18.82,per_usd
2023-03-21,18.67,per_usd
2023-03-22,18.527,per_usd
2023-03-23,18.489,per_usd
2023-03-24,18.498,per_usd
2023-03-27,18.392,per_usd
2023-03-28,18.242,per_usd
2023-03-29,18.094,per_usd
2023-03-30,18.095,per_usd
2023-03-31,18.025,per_usd
2023-04-03,18.114,per_usd
2023-04-04,18.158,per_usd
2023-04-05,18.308,per_usd
2023-04-06,18.211,per_usd
2023-04-07,18.135,per_usd
2023-04-10,18.161,per_usd
2023-04-11,18.195,per_usd
2023-04-12,18.071,per_usd
2023-04-13,18.01,per_usd
2023-04-14,18.049,per_usd
2023-04-17,18.1014,per_usd
2023-04-18,18.0679,per_usd
2023-04-19,18.0427,per_usd
2023-04-20,18.0136,per_usd
2023-04-21,18.01,per_usd
2023-04-24,18.0074,per_usd
2023-04-25,18.066,per_usd
2023-04-26,18.1074,per_usd
2023-04-27,18.0706,per_usd
2023-04-28,17.9973,per_usd
2023-05-01,17.9157,per_usd
2023-05-02,18.057,per_usd
2023-05-03,17.896,per_usd
2023-05-04,17.956,per_usd
2023-05-05,17.7481,per_usd
2023-05-08,17.8197,per_usd
2023-05-09,17.7453,per_usd
2023-05-10,17.6074,per_usd
2023-05-11,17.612,per_usd
2023-05-12,17.6024,per_usd
2023-05-15,17.554,per_usd
2023-05-16,17.4297,per_usd
2023-05-17,17.5912,per_usd
2023-05-18,17.7162,per_usd
2023-05-19,17.692,per_usd
2023-05-22,17.8395,per_usd
2023-05-23,17.9628,per_usd
2023-05-24,17.812,per_usd
2023-05-25,17.8332,per_usd
2023-05-26,17.6647,per_usd
2023-05-30,17.673,per_usd
2023-05-31,17.7488,per_usd
2023-06-01,17.5493,per_usd
2023-06-02,17.4976,per_usd
2023-06-05,17.464,per_usd
2023-06-06,17.4124,per_usd
2023-06-07,17.3411,per_usd
2023-06-08,17.4095,per_usd
2023-06-09,17.2912,per_usd
2023-06-12,17.308,per_usd
2023-06-13,17.214,per_usd
2023-06-14,17.11,per_usd
2023-06-15,17.1787,per_usd
2023-06-16,17.0765,per_usd
2023-06-20,17.1908,per_usd
2023-06-21,17.1601,per_usd
2023-06-22,17.1472,per_usd
2023-06-23,17.1723,per_usd
2023-06-26,17.1345,per_usd
2023-06-27,17.0833,per_usd
2023-06-28,17.0731,per_usd
2023-06-29,17.0976,per_usd
2023-06-30,17.1439,per_usd
2023-07-03,17.0578,per_usd
2023-07-05,16.9966,per_usd
2023-07-06,17.2568,per_usd
2023-07-07,17.1073,per_usd
2023-07-10,17.0485,per_usd
2023-07-11,17.0853,per_usd
2023-07-12,16.848,per_usd
2023-07-13,16.8998,per_usd
2023-07-14,16.8002,per_usd
2023-07-17,16.8047,per_usd
2023-07-18,16.7423,per_usd
2023-07-19,16.759,per_usd
2023-07-20,16.8359,per_usd
2023-07-21,16.9228,per_usd
2023-07-24,16.8164,per_usd
2023-07-25,16.9099,per_usd
2023-07-26,16.8769,per_usd
2023-07-27,16.7073,per_usd
2023-07-28,16.6635,per_usd
2023-07-31,16.7183,per_usd
2023-08-01,16.8414,per_usd
2023-08-02,17.043,per_usd
2023-08-03,17.3356,per_usd
2023-08-04,17.0579,per_usd
2023-08-07,17.0564,per_usd
2023-08-08,17.1512,per_usd
2023-08-09,17.076,per_usd
2023-08-10,16.941,per_usd
2023-08-11,16.995,per_usd
2023-08-14,17.0746,per_usd
2023-08-15,17.1114,per_usd
2023-08-16,17.064,per_usd
2023-08-17,17.116,per_usd
2023-08-18,17.0598,per_usd
2023-08-21,17.031,per_usd
2023-08-22,16.9166,per_usd
2023-08-23,16.7987,per_usd
2023-08-24,16.818,per_usd
2023-08-25,16.797,per_usd
2023-08-28,16.7116,per_usd
2023-08-29,16.8436,per_usd
2023-08-30,16.7435,per_usd
2023-08-31,16.881,per_usd
2023-09-01,17.1523,per_usd
2023-09-05,17.3392,per_usd
2023-09-06,17.549,per_usd
2023-09-07,17.5396,per_usd
2023-09-08,17.571,per_usd
2023-09-11,17.368,per_usd
2023-09-12,17.2553,per_usd
2023-09-13,17.1055,per_usd
2023-09-14,17.109,per_usd
2023-09-15,17.068,per_usd
2023-09-18,17.1116,per_usd
2023-09-19,17.0624,per_usd
2023-09-20,17.027,per_usd
2023-09-21,17.1577,per_usd
2023-09-22,17.1431,per_usd
2023-09-25,17.3711,per_usd
2023-09-26,17.4958,per_usd
2023-09-27,17.703,per_usd
2023-09-28,17.599,per_usd
2023-09-29,17.4064,per_usd
2023-10-02,17.5457,per_usd
2023-10-03,17.9134,per_usd
2023-10-04,17.9505,per_usd
2023-10-05,18.319,per_usd
2023-10-06,18.16,per_usd
2023-10-10,17.98,per_usd
2023-10-11,17.819,per_usd
2023-10-12,17.899,per_usd
2023-10-13,18.0525,per_usd
2023-10-16,17.9564,per_usd
2023-10-17,17.9022,per_usd
2023-10-18,18.2492,per_usd
2023-10-19,18.286,per_usd
2023-10-20,18.2152,per_usd
2023-10-23,18.1033,per_usd
2023-10-24,18.2818,per_usd
2023-10-25,18.297,per_usd
2023-10-26,18.1841,per_usd
2023-10-27,18.0496,per_usd
2023-10-30,18.021,per_usd
2023-10-31,18.053,per_usd
2023-11-01,17.946,per_usd
2023-11-02,17.5908,per_usd
2023-11-03,17.3706,per_usd
2023-11-06,17.5236,per_usd
2023-11-07,17.468,per_usd
2023-11-08,17.4792,per_usd
2023-11-09,17.4832,per_usd
2023-11-13,17.577,per_usd
2023-11-14,17.401,per_usd
2023-11-15,17.3256,per_usd
2023-11-16,17.3019,per_usd
2023-11-17,17.2099,per_usd
2023-11-20,17.126,per_usd
2023-11-21,17.2096,per_usd
2023-11-22,17.2014,per_usd
2023-11-24,17.1255,per_usd
2023-11-27,17.152,per_usd
2023-11-28,17.118,per_usd
2023-11-29,17.2022,per_usd
2023-11-30,17.3758,per_usd
2023-12-01,17.2032,per_usd
2023-12-04,17.4136,per_usd
2023-12-05,17.4726,per_usd
2023-12-06,17.2642,per_usd
2023-12-07,17.4351,per_usd
2023-12-08,17.3809,per_usd
2023-12-11,17.423,per_usd
2023-12-12,17.2989,per_usd
2023-12-13,17.4146,per_usd
2023-12-14,17.2848,per_usd
2023-12-15,17.181,per_usd
2023-12-18,17.2043,per_usd
2023-12-19,17.073,per_usd
2023-12-20,17.078,per_usd
2023-12-21,17.0534,per_usd
2023-12-22,16.983,per_usd
2023-12-26,16.9675,per_usd
2023-12-27,16.9138,per_usd
2023-12-28,16.909,per_usd
2023-12-29,16.8998,per_usd
2024-01-02,17.014,per_usd
2024-01-03,17.056,per_usd
2024-01-04,17.048,per_usd
2024-01-05,16.9141,per_usd
2024-01-08,16.803,per_usd
2024-01-09,16.936,per_usd
2024-01-10,16.988,per_usd
2024-01-11,16.9867,per_usd
2024-01-12,16.851,per_usd
2024-01-16,17.1499,per_usd
2024-01-17,17.265,per_usd
2024-01-18,17.2035,per_usd
2024-01-19,17.116,per_usd
2024-01-22,17.1342,per_usd
2024-01-23,17.362,per_usd
2024-01-24,17.159,per_usd
2024-01-25,17.2283,per_usd
2024-01-26,17.1442,per_usd
2024-01-29,17.2418,per_usd
2024-01-30,17.1794,per_usd
2024-01-31,17.1762,per_usd
2024-02-01,17.102,per_usd
2024-02-02,17.155,per_usd
2024-02-05,17.168,per_usd
2024-02-06,17.0265,per_usd
2024-02-07,17.043,per_usd
2024-02-08,17.1182,per_usd
2024-02-09,17.0937,per_usd
2024-02-12,17.0591,per_usd
2024-02-13,17.202,per_usd
2024-02-14,17.097,per_usd
2024-02-15,17.081,per_usd
2024-02-16,17.062,per_usd
2024-02-20,17.0444,per_usd
2024-02-21,17.058,per_usd
2024-02-22,17.133,per_usd
2024-02-23,17.1034,per_usd
2024-02-26,17.1077,per_usd
2024-02-27,17.0716,per_usd
2024-02-28,17.0896,per_usd
2024-02-29,17.058,per_usd
2024-03-01,17.0055,per_usd
2024-03-04,16.9628,per_usd
2024-03-05,16.9287,per_usd
2024-03-06,16.861,per_usd
2024-03-07,16.8688,per_usd
2024-03-08,16.8082,per_usd
2024-03-11,16.8134,per_usd
2024-03-12,16.8281,per_usd
2024-03-13,16.73,per_usd
2024-03-14,16.694,per_usd
2024-03-15,16.6889,per_usd
2024-03-18,16.784,per_usd
2024-03-19,16.842,per_usd
2024-03-20,16.7713,per_usd
2024-03-21,16.739,per_usd
2024-03-22,16.7249,per_usd
2024-03-25,16.7097,per_usd
2024-03-26,16.687,per_usd
2024-03-27,16.537,per_usd
2024-03-28,16.613,per_usd
2024-03-29,16.5574,per_usd
2024-04-01,16.656,per_usd
2024-04-02,16.5727,per_usd
2024-04-03,16.549,per_usd
2024-04-04,16.5076,per_usd
2024-04-05,16.4809,per_usd
2024-04-08,16.325,per_usd
2024-04-09,16.3579,per_usd
2024-04-10,16.5073,per_usd
2024-04-11,16.4345,per_usd
2024-04-12,16.6577,per_usd
2024-04-15,16.639,per_usd
2024-04-16,16.9944,per_usd
2024-04-17,16.9775,per_usd
2024-04-18,17.1169,per_usd
2024-04-19,17.2062,per_usd
2024-04-22,17.118,per_usd
2024-04-23,17.0097,per_usd
2024-04-24,17.101,per_usd
2024-04-25,17.185,per_usd
2024-04-26,17.1436,per_usd
2024-04-29,17.0137,per_usd
2024-04-30,17.0642,per_usd
2024-05-01,17.0204,per_usd
2024-05-02,16.9286,per_usd
2024-05-03,17.032,per_usd
2024-05-06,16.9016,per_usd
2024-05-07,16.908,per_usd
2024-05-08,16.9039,per_usd
2024-05-09,16.859,per_usd
2024-05-10,16.765,per_usd
2024-05-13,16.807,per_usd
2024-05-14,16.8402,per_usd
2024-05-15,16.6831,per_usd
2024-05-16,16.6839,per_usd
2024-05-17,16.6162,per_usd
2024-05-20,16.5621,per_usd
2024-05-21,16.5946,per_usd
2024-05-22,16.6206,per_usd
2024-05-23,16.7065,per_usd
2024-05-24,16.6813,per_usd
2024-05-28,16.7039,per_usd
2024-05-29,16.937,per_usd
2024-05-30,16.9232,per_usd
2024-05-31,16.994,per_usd
2024-06-03,17.578,per_usd
2024-06-04,17.858,per_usd
2024-06-05,17.534,per_usd
2024-06-06,17.5212,per_usd
2024-06-07,18.2662,per_usd
2024-06-10,18.404,per_usd
2024-06-11,18.435,per_usd
2024-06-12,18.739,per_usd
2024-06-13,18.5611,per_usd
2024-06-14,18.4519,per_usd
2024-06-17,18.4897,per_usd
2024-06-18,18.3918,per_usd
2024-06-20,18.395,per_usd
2024-06-21,18.1995,per_usd
2024-06-24,18.0039,per_usd
2024-06-25,18.125,per_usd
2024-06-26,18.1658,per_usd
2024-06-27,18.318,per_usd
2024-06-28,18.261,per_usd
2024-07-01,18.386,per_usd
2024-07-02,18.2249,per_usd
2024-07-03,18.1141,per_usd
2024-07-05,18.087,per_usd
2024-07-08,17.9935,per_usd
2024-07-09,17.9441,per_usd
2024-07-10,17.8331,per_usd
2024-07-11,17.8318,per_usd
2024-07-12,17.653,per_usd
2024-07-15,17.766,per_usd
2024-07-16,17.659,per_usd
2024-07-17,17.7487,per_usd
2024-07-18,17.8452,per_usd
2024-07-19,17.9387,per_usd
2024-07-22,17.926,per_usd
2024-07-23,18.0738,per_usd
2024-07-24,18.3789,per_usd
2024-07-25,18.3491,per_usd
2024-07-26,18.396,per_usd
2024-07-29,18.6591,per_usd
2024-07-30,18.7983,per_usd
2024-07-31,18.5975,per_usd
2024-08-01,18.6418,per_usd
2024-08-02,18.9991,per_usd
2024-08-05,19.445,per_usd
2024-08-06,19.3187,per_usd
2024-08-07,19.1741,per_usd
2024-08-08,19.113,per_usd
2024-08-09,18.8245,per_usd
2024-08-12,18.994,per_usd
2024-08-13,19.0499,per_usd
2024-08-14,18.8242,per_usd
2024-08-15,18.6539,per_usd
2024-08-16,18.6169,per_usd
2024-08-19,18.7425,per_usd
2024-08-20,18.8923,per_usd
2024-08-21,19.191,per_usd
2024-08-22,19.437,per_usd
2024-08-23,19.094,per_usd
2024-08-26,19.405,per_usd
2024-08-27,19.6486,per_usd
2024-08-28,19.5288,per_usd
2024-08-29,19.788,per_usd
2024-08-30,19.6576,per_usd
2024-09-03,19.83,per_usd
2024-09-04,19.8161,per_usd
2024-09-05,19.9926,per_usd
2024-09-06,20.0399,per_usd
2024-09-09,19.8845,per_usd
2024-09-10,20.0831,per_usd
2024-09-11,19.8377,per_usd
2024-09-12,19.6029,per_usd
2024-09-13,19.2589,per_usd
2024-09-16,19.251,per_usd
2024-09-17,19.2769,per_usd
2024-09-18,19.2802,per_usd
2024-09-19,19.2449,per_usd
2024-09-20,19.323,per_usd
2024-09-23,19.3865,per_usd
2024-09-24,19.3435,per_usd
2024-09-25,19.5715,per_usd
2024-09-26,19.569,per_usd
2024-09-27,19.6428,per_usd
2024-09-30,19.6903,per_usd
2024-10-01,19.7043,per_usd
2024-10-02,19.3734,per_usd
2024-10-03,19.4841,per_usd
2024-10-04,19.1551,per_usd
2024-10-07,19.3477,per_usd
2024-10-08,19.3761,per_usd
2024-10-09,19.4026,per_usd
2024-10-10,19.4816,per_usd
2024-10-11,19.4312,per_usd
2024-10-15,19.5715,per_usd
2024-10-16,19.8835,per_usd
2024-10-17,19.886,per_usd
2024-10-18,19.8161,per_usd
2024-10-21,20.0494,per_usd
2024-10-22,19.8992,per_usd
2024-10-23,19.9284,per_usd
2024-10-24,19.852,per_usd
2024-10-25,19.9126,per_usd
2024-10-28,20.0444,per_usd
2024-10-29,20,per_usd
2024-10-30,20.172,per_usd
2024-10-31,20.0314,per_usd
2024-11-01,20.0273,per_usd
2024-11-04,20.088,per_usd
2024-11-05,20.2417,per_usd
2024-11-06,20.25,per_usd
2024-11-07,19.8839,per_usd
2024-11-08,20.223,per_usd
2024-11-12,20.5914,per_usd
2024-11-13,20.5908,per_usd
2024-11-14,20.5104,per_usd
2024-11-15,20.3376,per_usd
2024-11-18,20.265,per_usd
2024-11-19,20.1465,per_usd
2024-11-20,20.3099,per_usd
2024-11-21,20.4431,per_usd
2024-11-22,20.4845,per_usd
2024-11-25,20.332,per_usd
2024-11-26,20.736,per_usd
2024-11-27,20.6488,per_usd
2024-11-29,20.3142,per_usd
2024-12-02,20.4351,per_usd
2024-12-03,20.323,per_usd
2024-12-04,20.2576,per_usd
2024-12-05,20.192,per_usd
2024-12-06,20.2363,per_usd
2024-12-09,20.187,per_usd
2024-12-10,20.24,per_usd
2024-12-11,20.1342,per_usd
2024-12-12,20.144,per_usd
2024-12-13,20.1391,per_usd
2024-12-16,20.1412,per_usd
2024-12-17,20.265,per_usd
2024-12-18,20.1588,per_usd
2024-12-19,20.4137,per_usd
2024-12-20,20.0664,per_usd
2024-12-23,20.201,per_usd
2024-12-24,20.161,per_usd
2024-12-26,20.175,per_usd
2024-12-27,20.222,per_usd
2024-12-30,20.546,per_usd
2024-12-31,20.8557,per_usd
2025-01-02,20.625,per_usd
2025-01-03,20.649,per_usd
2025-01-06,20.2771,per_usd
2025-01-07,20.3255,per_usd
2025-01-08,20.372,per_usd
2025-01-09,20.5041,per_usd
2025-01-10,20.7124,per_usd
2025-01-13,20.7901,per_usd
2025-01-14,20.5144,per_usd
2025-01-15,20.47,per_usd
2025-01-16,20.7958,per_usd
2025-01-17,20.701,per_usd
2025-01-21,20.5571,per_usd
2025-01-22,20.4838,per_usd
2025-01-23,20.3605,per_usd
2025-01-24,20.2317,per_usd
2025-01-27,20.7208,per_usd
2025-01-28,20.5534,per_usd
2025-01-29,20.5702,per_usd
2025-01-30,20.4287,per_usd
2025-01-31,20.629,per_usd
2025-02-03,20.531,per_usd
2025-02-04,20.4413,per_usd
2025-02-05,20.5827,per_usd
2025-02-06,20.5022,per_usd
2025-02-07,20.5889,per_usd
2025-02-10,20.678,per_usd
2025-02-11,20.5498,per_usd
2025-02-12,20.4826,per_usd
2025-02-13,20.5031,per_usd
2025-02-14,20.3097,per_usd
2025-02-18,20.249,per_usd
2025-02-19,20.4428,per_usd
2025-02-20,20.3652,per_usd
2025-02-21,20.3521,per_usd
2025-02-24,20.4401,per_usd
2025-02-25,20.5295,per_usd
2025-02-26,20.4272,per_usd
2025-02-27,20.4818,per_usd
2025-02-28,20.5254,per_usd
2025-03-03,20.4555,per_usd
2025-03-04,20.827,per_usd
2025-03-05,20.386,per_usd
2025-03-06,20.3132,per_usd
2025-03-07,20.266,per_usd
2025-03-10,20.286,per_usd
2025-03-11,20.349,per_usd
2025-03-12,20.1678,per_usd
2025-03-13,20.0913,per_usd
2025-03-14,19.8545,per_usd
2025-03-17,19.8918,per_usd
2025-03-18,19.9858,per_usd
2025-03-19,20.057,per_usd
2025-03-20,20.1342,per_usd
2025-03-21,20.194,per_usd
2025-03-24,20.096,per_usd
2025-03-25,20.0713,per_usd
2025-03-26,20.11,per_usd
2025-03-27,20.2783,per_usd
2025-03-28,20.4198,per_usd
2025-03-31,20.4582,per_usd
2025-04-01,20.329,per_usd
2025-04-02,20.5,per_usd
2025-04-03,19.9508,per_usd
2025-04-04,20.491,per_usd
2025-04-07,20.714,per_usd
2025-04-08,20.7089,per_usd
2025-04-09,20.9441,per_usd
2025-04-10,20.5029,per_usd
2025-04-11,20.37,per_usd
2025-04-14,20.1255,per_usd
2025-04-15,19.9704,per_usd
2025-04-16,19.9648,per_usd
2025-04-17,19.8079,per_usd
2025-04-18,19.7175,per_usd
2025-04-21,19.6628,per_usd
2025-04-22,19.584,per_usd
2025-04-23,19.6327,per_usd
2025-04-24,19.5896,per_usd
2025-04-25,19.5585,per_usd
2025-04-28,19.5507,per_usd
2025-04-29,19.5851,per_usd
2025-04-30,19.5914,per_usd
2025-05-01,19.636,per_usd
2025-05-02,19.6685,per_usd
2025-05-05,19.6316,per_usd
2025-05-06,19.687,per_usd
2025-05-07,19.5831,per_usd
2025-05-08,19.585,per_usd
2025-05-09,19.4834,per_usd
2025-05-12,19.613,per_usd
2025-05-13,19.4181,per_usd
2025-05-14,19.3501,per_usd
2025-05-15,19.486,per_usd
2025-05-16,19.525,per_usd
2025-05-19,19.3707,per_usd
2025-05-20,19.267,per_usd
2025-05-21,19.319,per_usd
2025-05-22,19.3232,per_usd
2025-05-23,19.2798,per_usd
2025-05-27,19.2309,per_usd
2025-05-28,19.417,per_usd
2025-05-29,19.339,per_usd
2025-05-30,19.3901,per_usd
2025-06-02,19.245,per_usd
2025-06-03,19.2572,per_usd
2025-06-04,19.2042,per_usd
2025-06-05,19.1774,per_usd
2025-06-06,19.1226,per_usd
2025-06-09,19.0515,per_usd
2025-06-10,19.0519,per_usd
2025-06-11,18.8436,per_usd
2025-06-12,18.8879,per_usd
2025-06-13,18.9085,per_usd
2025-06-16,18.9266,per_usd
2025-06-17,18.9581,per_usd
2025-06-18,19.0068,per_usd
2025-06-20,19.1369,per_usd
2025-06-23,19.16,per_usd
2025-06-24,19.021,per_usd
2025-06-25,18.9159,per_usd
2025-06-26,18.8741,per_usd
2025-06-27,18.8283,per_usd
2025-06-30,18.8292,per_usd
2025-07-01,18.7381,per_usd
2025-07-02,18.7503,per_usd
2025-07-03,18.644,per_usd
2025-07-07,18.6647,per_usd
2025-07-08,18.7084,per_usd
2025-07-09,18.561,per_usd
2025-07-10,18.6313,per_usd
2025-07-11,18.6727,per_usd
2025-07-14,18.7585,per_usd
2025-07-15,18.7928,per_usd
2025-07-16,18.7302,per_usd
2025-07-17,18.7629,per_usd
2025-07-18,18.7037,per_usd
2025-07-21,18.6335,per_usd
2025-07-22,18.5963,per_usd
2025-07-23,18.5784,per_usd
2025-07-24,18.5589,per_usd
2025-07-25,18.5676,per_usd
2025-07-28,18.7314,per_usd
2025-07-29,18.7694,per_usd
2025-07-30,18.7987,per_usd
2025-07-31,18.797,per_usd
2025-08-01,18.877,per_usd
2025-08-04,18.8514,per_usd
2025-08-05,18.7715,per_usd
2025-08-06,18.64,per_usd
2025-08-07,18.6879,per_usd
2025-08-08,18.5421,per_usd
2025-08-11,18.6474,per_usd
2025-08-12,18.5583,per_usd
2025-08-13,18.6538,per_usd
2025-08-14,18.816,per_usd
2025-08-15,18.733,per_usd
2025-08-18,18.7821,per_usd
2025-08-19,18.809,per_usd
2025-08-20,18.7834,per_usd
2025-08-21,18.7849,per_usd
2025-08-22,18.5921,per_usd
2025-08-25,18.6316,per_usd
2025-08-26,18.6658,per_usd
2025-08-27,18.7039,per_usd
2025-08-28,18.6638,per_usd
2025-08-29,18.6381,per_usd
2025-09-02,18.7163,per_usd
2025-09-03,18.6732,per_usd
2025-09-04,18.7419,per_usd
2025-09-05,18.677,per_usd
2025-09-08,18.6301,per_usd
2025-09-09,18.633,per_usd
2025-09-10,18.598,per_usd
2025-09-11,18.5196,per_usd
2025-09-12,18.4821,per_usd
2025-09-15,18.3353,per_usd
2025-09-16,18.2726,per_usd
2025-09-17,18.335,per_usd
2025-09-18,18.371,per_usd
2025-09-19,18.3749,per_usd
2025-09-22,18.4322,per_usd
2025-09-23,18.3067,per_usd
2025-09-24,18.4453,per_usd
2025-09-25,18.441,per_usd
2025-09-26,18.3835,per_usd
2025-09-29,18.3441,per_usd
2025-09-30,18.3442,per_usd
2025-10-01,18.3588,per_usd
2025-10-02,18.4829,per_usd
2025-10-03,18.383,per_usd
2025-10-06,18.3456,per_usd
2025-10-07,18.3814,per_usd
2025-10-08,18.355,per_usd
2025-10-09,18.38,per_usd
2025-10-10,18.5195,per_usd
2025-10-14,18.4904,per_usd
2025-10-15,18.4793,per_usd
2025-10-16,18.4029,per_usd
2025-10-17,18.4297,per_usd
2025-10-20,18.3874,per_usd
2025-10-21,18.423,per_usd
2025-10-22,18.4179,per_usd
2025-10-23,18.3981,per_usd
2025-10-24,18.393,per_usd
2025-10-27,18.392,per_usd
2025-10-28,18.4133,per_usd
2025-10-29,18.4194,per_usd
2025-10-30,18.543,per_usd
2025-10-31,18.5465,per_usd
2025-11-03,18.4832,per_usd
2025-11-04,18.6114,per_usd
2025-11-05,18.5993,per_usd
2025-11-06,18.6203,per_usd
2025-11-07,18.4738,per_usd
2025-11-10,18.3908,per_usd
2025-11-12,18.3031,per_usd
2025-11-13,18.2706,per_usd
2025-11-14,18.3299,per_usd
2025-11-17,18.3446,per_usd
2025-11-18,18.357,per_usd
2025-11-19,18.3368,per_usd
2025-11-20,18.392,per_usd
2025-11-21,18.454,per_usd
2025-11-24,18.5131,per_usd
2025-11-25,18.4311,per_usd
2025-11-26,18.3444,per_usd
2025-11-28,18.2915,per_usd
2025-12-01,18.2811,per_usd
2025-12-02,18.305,per_usd
2025-12-03,18.28,per_usd
2025-12-04,18.2285,per_usd
2025-12-05,18.1887,per_usd
2025-12-08,18.2319,per_usd
2025-12-09,18.1778,per_usd
2025-12-10,18.2198,per_usd
2025-12-11,18.0301,per_usd
2025-12-12,18.0386,per_usd
2025-12-15,17.9755,per_usd
2025-12-16,17.9417,per_usd
2025-12-17,18.0319,per_usd
2025-12-18,17.97,per_usd
2025-12-19,17.9977,per_usd
2025-12-22,17.99,per_usd
2025-12-23,17.924,per_usd
2025-12-24,17.9209,per_usd
2025-12-26,17.9088,per_usd
2025-12-29,17.962,per_usd
2025-12-30,17.9474,per_usd
2025-12-31,18.0057,per_usd
2026-01-02,17.8763,per_usd
2026-01-05,17.88,per_usd
2026-01-06,17.9599,per_usd
2026-01-07,17.9532,per_usd
2026-01-08,17.9863,per_usd
2026-01-09,17.9787,per_usd
2026-01-12,17.9056,per_usd
2026-01-13,17.8535,per_usd
2026-01-14,17.8052,per_usd
2026-01-15,17.6607,per_usd
2026-01-16,17.672,per_usd
2026-01-20,17.6066,per_usd
2026-01-21,17.4325,per_usd
2026-01-22,17.4706,per_usd
2026-01-23,17.4536,per_usd
2026-01-26,17.3061,per_usd
2026-01-27,17.2321,per_usd
2026-01-28,17.2493,per_usd
2026-01-29,17.26,per_usd
2026-01-30,17.3493,per_usd
2026-02-02,17.3749,per_usd
2026-02-03,17.2239,per_usd
2026-02-04,17.2962,per_usd
2026-02-05,17.4122,per_usd
2026-02-06,17.2695,per_usd
2026-02-09,17.1896,per_usd
2026-02-10,17.2201,per_usd
2026-02-11,17.1984,per_usd
2026-02-12,17.2309,per_usd
2026-02-13,17.1661,per_usd
2026-02-17,17.151,per_usd
2026-02-18,17.1454,per_usd
2026-02-19,17.2736,per_usd
2026-02-20,17.152,per_usd
2026-02-23,17.2397,per_usd
2026-02-24,17.1734,per_usd
2026-02-25,17.1597,per_usd
2026-02-26,17.2347,per_usd
2026-02-27,17.2207,per_usd
2026-03-02,17.3667,per_usd
2026-03-03,17.6348,per_usd
2026-03-04,17.5454,per_usd
2026-03-05,17.6951,per_usd
2026-03-06,17.798,per_usd
2026-03-09,17.7615,per_usd
2026-03-10,17.4765,per_usd
2026-03-11,17.6444,per_usd
2026-03-12,17.835,per_usd
2026-03-13,17.9437,per_usd
2026-03-16,17.7654,per_usd
2026-03-17,17.7144,per_usd
2026-03-18,17.684,per_usd
2026-03-19,17.8663,per_usd
2026-03-20,17.8874,per_usd
2026-03-23,17.8134,per_usd
2026-03-24,17.8211,per_usd
2026-03-25,17.7461,per_usd
2026-03-26,17.7662,per_usd
2026-03-27,18.024,per_usd
2026-03-30,18.1189,per_usd
2026-03-31,18.0327,per_usd
2026-04-01,17.7957,per_usd
2026-04-02,17.8384,per_usd
2026-04-03,17.866,per_usd
2026-04-06,17.7891,per_usd
2026-04-07,17.7635,per_usd
2026-04-08,17.412,per_usd
2026-04-09,17.3485,per_usd
2026-04-10,17.3023,per_usd
2026-04-13,17.3609,per_usd
2026-04-14,17.2627,per_usd
2026-04-15,17.2822,per_usd
2026-04-16,17.2637,per_usd
2026-04-17,17.238,per_usd
2026-04-20,17.3092,per_usd
2026-04-21,17.334,per_usd
2026-04-22,17.3252,per_usd
2026-04-23,17.3503,per_usd
2026-04-24,17.3853,per_usd
2026-04-27,17.384,per_usd
2026-04-28,17.3756,per_usd
2026-04-29,17.4931,per_usd
2026-04-30,17.5161,per_usd
2026-05-01,17.3969,per_usd
2026-05-04,17.5019,per_usd
2026-05-05,17.3741,per_usd
2026-05-06,17.2577,per_usd
2026-05-07,17.24,per_usd
2026-05-08,17.207,per_usd
2026-05-11,17.188,per_usd
2026-05-12,17.2543,per_usd
2026-05-13,17.1836,per_usd
2026-05-14,17.209,per_usd
2026-05-15,17.36,per_usd
2026-05-18,17.2864,per_usd
2026-05-19,17.3766,per_usd
2026-05-20,17.3009,per_usd
2026-05-21,17.3561,per_usd
2026-05-22,17.3241,per_usd
2026-05-26,17.3311,per_usd
2026-05-27,17.3704,per_usd
2026-05-28,17.337,per_usd
2026-05-29,17.3498,per_usd
2026-06-01,17.3726,per_usd
2026-06-02,17.2874,per_usd
2026-06-03,17.319,per_usd
2026-06-04,17.2875,per_usd
2026-06-05,17.5068,per_usd
2026-06-08,17.4306,per_usd
2026-06-09,17.4149,per_usd
2026-06-10,17.3989,per_usd
2026-06-11,17.3689,per_usd
2026-06-12,17.208,per_usd
2026-06-15,17.1934,per_usd
2026-06-16,17.1924,per_usd
2026-06-17,17.1796,per_usd
2026-06-18,17.3764,per_usd
2026-06-22,17.3287,per_usd
2026-06-23,17.543,per_usd
2026-06-24,17.6173,per_usd
2026-06-25,17.5276,per_usd
2026-06-26,17.446,per_usd
2026-06-29,17.5157,per_usd
2026-06-30,17.449,per_usd
2026-07-01,17.5261,per_usd
2026-07-02,17.4524,per_usd
2026-07-06,17.4426,per_usd
2026-07-07,17.498,per_usd
2026-07-08,17.627,per_usd
2026-07-09,17.5353,per_usd
2026-07-10,17.4732,per_usd
2026-07-13,17.4961,per_usd
2026-07-14,17.4287,per_usd
2026-07-15,17.3858,per_usd
2026-07-16,17.428,per_usd
2026-07-17,17.512,per_usd
2026-07-20,17.439,per_usd
2026-07-21,17.3885,per_usd
2026-07-22,17.3905,per_usd
2026-07-23,17.5148,per_usd
2026-07-24,17.4526,per_usd
2026-07-27,17.442,per_usd
2026-07-28,17.4193,per_usd
2026-07-29,17.513,per_usd
2026-07-30,17.338,per_usd
2026-07-31,17.3235,per_usd
2026-08-03,17.3102,per_usd
2026-08-04,17.2612,per_usd
2026-08-05,17.2303,per_usd
2026-08-06,17.2255,per_usd
2026-08-07,17.1357,per_usd
2026-08-10,17.1305,per_usd
2026-08-11,17.107,per_usd
2026-08-12,17.0621,per_usd
2026-08-13,17.054,per_usd
2026-08-14,17.012,per_usd
