date,value,quote
1971-01-04,7.1359,per_usd
1971-01-05,7.1422,per_usd
1971-01-06,7.1367,per_usd
1971-01-07,7.1386,per_usd
1971-01-08,7.1382,per_usd
1971-01-11,7.139,per_usd
1971-01-12,7.1411,per_usd
1971-01-13,7.139,per_usd
1971-01-14,7.1403,per_usd
1971-01-15,7.1414,per_usd
1971-01-18,7.1406,per_usd
1971-01-19,7.1429,per_usd
1971-01-20,7.1429,per_usd
1971-01-21,7.1443,per_usd
1971-01-22,7.1429,per_usd
1971-01-25,7.1435,per_usd
1971-01-26,7.1443,per_usd
1971-01-27,7.1414,per_usd
1971-01-28,7.1431,per_usd
1971-01-29,7.1445,per_usd
1971-02-01,7.1465,per_usd
1971-02-02,7.1465,per_usd
1971-02-03,7.1439,per_usd
1971-02-04,7.1431,per_usd
1971-02-05,7.1435,per_usd
1971-02-08,7.1429,per_usd
1971-02-09,7.1397,per_usd
1971-02-10,7.1412,per_usd
1971-02-11,7.141,per_usd
1971-02-16,7.1406,per_usd
1971-02-17,7.139,per_usd
1971-02-18,7.1418,per_usd
1971-02-19,7.1437,per_usd
1971-02-22,7.1434,per_usd
1971-02-23,7.1429,per_usd
1971-02-24,7.1418,per_usd
1971-02-25,7.1414,per_usd
1971-02-26,7.142,per_usd
1971-03-01,7.1416,per_usd
1971-03-02,7.1413,per_usd
1971-03-03,7.1376,per_usd
1971-03-04,7.1389,per_usd
1971-03-05,7.1382,per_usd
1971-03-08,7.1365,per_usd
1971-03-09,7.1352,per_usd
1971-03-10,7.1352,per_usd
1971-03-11,7.1367,per_usd
1971-03-12,7.1363,per_usd
1971-03-15,7.138,per_usd
1971-03-16,7.138,per_usd
1971-03-17,7.139,per_usd
1971-03-18,7.139,per_usd
1971-03-19,7.1387,per_usd
1971-03-22,7.1412,per_usd
1971-03-23,7.1414,per_usd
1971-03-24,7.139,per_usd
1971-03-25,7.1388,per_usd
1971-03-26,7.1365,per_usd
1971-03-29,7.1348,per_usd
1971-03-30,7.1327,per_usd
1971-03-31,7.1314,per_usd
1971-04-01,7.1325,per_usd
1971-04-02,7.1329,per_usd
1971-04-05,7.1329,per_usd
1971-04-06,7.1291,per_usd
1971-04-07,7.1289,per_usd
1971-04-08,7.1284,per_usd
1971-04-09,7.1278,per_usd
1971-04-12,7.1289,per_usd
1971-04-13,7.1304,per_usd
1971-04-14,7.1286,per_usd
1971-04-15,7.1276,per_usd
1971-04-16,7.1273,per_usd
1971-04-19,7.1259,per_usd
1971-04-20,7.1253,per_usd
1971-04-21,7.1236,per_usd
1971-04-22,7.1268,per_usd
1971-04-23,7.1289,per_usd
1971-04-26,7.1289,per_usd
1971-04-27,7.1301,per_usd
1971-04-28,7.1263,per_usd
1971-04-29,7.1291,per_usd
1971-04-30,7.1312,per_usd
1971-05-03,7.1309,per_usd
1971-05-04,7.1308,per_usd
1971-05-05,7.1279,per_usd
1971-05-06,7.124,per_usd
1971-05-07,7.1247,per_usd
1971-05-10,7.1103,per_usd
1971-05-11,7.1138,per_usd
1971-05-12,7.1162,per_usd
1971-05-13,7.1133,per_usd
1971-05-14,7.1111,per_usd
1971-05-17,7.1116,per_usd
1971-05-18,7.108,per_usd
1971-05-19,7.1076,per_usd
1971-05-20,7.1086,per_usd
1971-05-21,7.1086,per_usd
1971-05-24,7.1066,per_usd
1971-05-25,7.1086,per_usd
1971-05-26,7.1083,per_usd
1971-05-27,7.1084,per_usd
1971-05-28,7.1115,per_usd
1971-06-01,7.1136,per_usd
1971-06-02,7.1132,per_usd
1971-06-03,7.1136,per_usd
1971-06-04,7.1143,per_usd
1971-06-07,7.1126,per_usd
1971-06-08,7.113,per_usd
1971-06-09,7.1111,per_usd
1971-06-10,7.1111,per_usd
1971-06-11,7.1111,per_usd
1971-06-14,7.1114,per_usd
1971-06-15,7.1136,per_usd
1971-06-16,7.1124,per_usd
1971-06-17,7.1128,per_usd
1971-06-18,7.1134,per_usd
1971-06-21,7.1114,per_usd
1971-06-22,7.1115,per_usd
1971-06-23,7.1088,per_usd
1971-06-24,7.1092,per_usd
1971-06-25,7.1084,per_usd
1971-06-28,7.1071,per_usd
1971-06-29,7.1066,per_usd
1971-06-30,7.1048,per_usd
1971-07-01,7.1065,per_usd
1971-07-02,7.1066,per_usd
1971-07-06,7.1086,per_usd
1971-07-07,7.1061,per_usd
1971-07-08,7.1063,per_usd
1971-07-09,7.1061,per_usd
1971-07-12,7.1061,per_usd
1971-07-13,7.1048,per_usd
1971-07-14,7.1023,per_usd
1971-07-15,7.1021,per_usd
1971-07-16,7.1035,per_usd
1971-07-19,7.1034,per_usd
1971-07-20,7.1048,per_usd
1971-07-21,7.1035,per_usd
1971-07-22,7.104,per_usd
1971-07-23,7.1061,per_usd
1971-07-26,7.1086,per_usd
1971-07-27,7.1105,per_usd
1971-07-28,7.1084,per_usd
1971-07-29,7.108,per_usd
1971-07-30,7.1066,per_usd
1971-08-02,7.1068,per_usd
1971-08-03,7.1076,per_usd
1971-08-04,7.1059,per_usd
1971-08-05,7.1035,per_usd
1971-08-06,7.1035,per_usd
1971-08-09,7.1017,per_usd
1971-08-10,7.0972,per_usd
1971-08-11,7.095,per_usd
1971-08-12,7.0947,per_usd
1971-08-13,7.0937,per_usd
1971-08-23,6.9727,per_usd
1971-08-24,6.9234,per_usd
1971-08-25,6.8999,per_usd
1971-08-26,6.8776,per_usd
1971-08-27,6.8861,per_usd
1971-08-30,6.8884,per_usd
1971-08-31,6.9143,per_usd
1971-09-01,6.9216,per_usd
1971-09-02,6.921,per_usd
1971-09-03,6.9144,per_usd
1971-09-07,6.938,per_usd
1971-09-08,6.9292,per_usd
1971-09-09,6.9292,per_usd
1971-09-10,6.9264,per_usd
1971-09-13,6.923,per_usd
1971-09-14,6.9204,per_usd
1971-09-15,6.9125,per_usd
1971-09-16,6.9091,per_usd
1971-09-17,6.8975,per_usd
1971-09-20,6.8764,per_usd
1971-09-21,6.8766,per_usd
1971-09-22,6.8806,per_usd
1971-09-23,6.8816,per_usd
1971-09-24,6.8501,per_usd
1971-09-27,6.8579,per_usd
1971-09-28,6.8819,per_usd
1971-09-29,6.8697,per_usd
1971-09-30,6.8672,per_usd
1971-10-01,6.8611,per_usd
1971-10-04,6.8521,per_usd
1971-10-05,6.8493,per_usd
1971-10-06,6.8479,per_usd
1971-10-07,6.846,per_usd
1971-10-08,6.8438,per_usd
1971-10-12,6.8416,per_usd
1971-10-13,6.8411,per_usd
1971-10-14,6.8443,per_usd
1971-10-15,6.848,per_usd
1971-10-18,6.8481,per_usd
1971-10-19,6.8526,per_usd
1971-10-20,6.8515,per_usd
1971-10-21,6.8528,per_usd
1971-10-22,6.8533,per_usd
1971-10-26,6.8528,per_usd
1971-10-27,6.8523,per_usd
1971-10-28,6.854,per_usd
1971-10-29,6.8538,per_usd
1971-11-01,6.8543,per_usd
1971-11-03,6.8621,per_usd
1971-11-04,6.864,per_usd
1971-11-05,6.8634,per_usd
1971-11-08,6.8672,per_usd
1971-11-09,6.8684,per_usd
1971-11-10,6.8681,per_usd
1971-11-11,6.8681,per_usd
1971-11-12,6.8658,per_usd
1971-11-15,6.8687,per_usd
1971-11-16,6.8709,per_usd
1971-11-17,6.8693,per_usd
1971-11-18,6.8703,per_usd
1971-11-19,6.8674,per_usd
1971-11-22,6.8678,per_usd
1971-11-23,6.8564,per_usd
1971-11-24,6.839,per_usd
1971-11-26,6.8338,per_usd
1971-11-29,6.8283,per_usd
1971-11-30,6.8376,per_usd
1971-12-01,6.8386,per_usd
1971-12-02,6.819,per_usd
1971-12-03,6.8058,per_usd
1971-12-06,6.8068,per_usd
1971-12-07,6.7688,per_usd
1971-12-08,6.7696,per_usd
1971-12-09,6.7686,per_usd
1971-12-10,6.7636,per_usd
1971-12-13,6.7564,per_usd
1971-12-14,6.7407,per_usd
1971-12-15,6.7509,per_usd
1971-12-16,6.7429,per_usd
1971-12-17,6.7448,per_usd
1971-12-21,6.7233,per_usd
1971-12-22,6.7052,per_usd
1971-12-23,6.7019,per_usd
1971-12-24,6.7019,per_usd
1971-12-27,6.7086,per_usd
1971-12-28,6.7159,per_usd
1971-12-29,6.7383,per_usd
1971-12-30,6.7135,per_usd
1971-12-31,6.7069,per_usd
1972-01-03,6.7035,per_usd
1972-01-04,6.7159,per_usd
1972-01-05,6.7204,per_usd
1972-01-06,6.7221,per_usd
1972-01-07,6.7227,per_usd
1972-01-10,6.7261,per_usd
1972-01-11,6.7238,per_usd
1972-01-12,6.7249,per_usd
1972-01-13,6.7227,per_usd
1972-01-14,6.7227,per_usd
1972-01-17,6.6934,per_usd
1972-01-18,6.7002,per_usd
1972-01-19,6.689,per_usd
1972-01-20,6.6934,per_usd
1972-01-21,6.6934,per_usd
1972-01-24,6.6878,per_usd
1972-01-25,6.689,per_usd
1972-01-26,6.689,per_usd
1972-01-27,6.6934,per_usd
1972-01-28,6.6934,per_usd
1972-01-31,6.6912,per_usd
1972-02-01,6.6979,per_usd
1972-02-02,6.6845,per_usd
1972-02-03,6.6811,per_usd
1972-02-04,6.6979,per_usd
1972-02-07,6.68,per_usd
1972-02-08,6.6711,per_usd
1972-02-09,6.66,per_usd
1972-02-10,6.6556,per_usd
1972-02-11,6.6556,per_usd
1972-02-14,6.6622,per_usd
1972-02-15,6.6622,per_usd
1972-02-16,6.6511,per_usd
1972-02-17,6.6225,per_usd
1972-02-18,6.6247,per_usd
1972-02-22,6.6357,per_usd
1972-02-23,6.6291,per_usd
1972-02-24,6.6225,per_usd
1972-02-25,6.628,per_usd
1972-02-28,6.6269,per_usd
1972-02-29,6.6269,per_usd
1972-03-01,6.6192,per_usd
1972-03-02,6.6203,per_usd
1972-03-03,6.6181,per_usd
1972-03-06,6.6138,per_usd
1972-03-07,6.6007,per_usd
1972-03-08,6.5985,per_usd
1972-03-09,6.5531,per_usd
1972-03-10,6.5574,per_usd
1972-03-13,6.5531,per_usd
1972-03-14,6.5703,per_usd
1972-03-15,6.592,per_usd
1972-03-16,6.5789,per_usd
1972-03-17,6.5963,per_usd
1972-03-20,6.6225,per_usd
1972-03-21,6.5941,per_usd
1972-03-22,6.5854,per_usd
1972-03-23,6.605,per_usd
1972-03-24,6.6159,per_usd
1972-03-27,6.6094,per_usd
1972-03-28,6.605,per_usd
1972-03-29,6.5985,per_usd
1972-03-30,6.5985,per_usd
1972-03-31,6.6007,per_usd
1972-04-03,6.5985,per_usd
1972-04-04,6.6007,per_usd
1972-04-05,6.5941,per_usd
1972-04-06,6.5854,per_usd
1972-04-07,6.592,per_usd
1972-04-10,6.5854,per_usd
1972-04-11,6.5811,per_usd
1972-04-12,6.5822,per_usd
1972-04-13,6.5963,per_usd
1972-04-14,6.6007,per_usd
1972-04-17,6.6094,per_usd
1972-04-18,6.6159,per_usd
1972-04-19,6.6236,per_usd
1972-04-20,6.6094,per_usd
1972-04-21,6.6094,per_usd
1972-04-24,6.6072,per_usd
1972-04-25,6.6072,per_usd
1972-04-26,6.5996,per_usd
1972-04-27,6.605,per_usd
1972-04-28,6.6028,per_usd
1972-05-01,6.5996,per_usd
1972-05-02,6.6039,per_usd
1972-05-03,6.6028,per_usd
1972-05-04,6.605,per_usd
1972-05-05,6.6028,per_usd
1972-05-08,6.6017,per_usd
1972-05-09,6.5898,per_usd
1972-05-10,6.5703,per_usd
1972-05-11,6.566,per_usd
1972-05-12,6.5789,per_usd
1972-05-15,6.5768,per_usd
1972-05-16,6.5768,per_usd
1972-05-17,6.5735,per_usd
1972-05-18,6.5595,per_usd
1972-05-19,6.5617,per_usd
1972-05-22,6.5595,per_usd
1972-05-23,6.5574,per_usd
1972-05-24,6.5466,per_usd
1972-05-25,6.5574,per_usd
1972-05-26,6.5574,per_usd
1972-05-30,6.5317,per_usd
1972-05-31,6.5274,per_usd
1972-06-01,6.5274,per_usd
1972-06-02,6.4851,per_usd
1972-06-05,6.5402,per_usd
1972-06-06,6.5381,per_usd
1972-06-07,6.537,per_usd
1972-06-08,6.5402,per_usd
1972-06-09,6.5466,per_usd
1972-06-12,6.5381,per_usd
1972-06-13,6.5359,per_usd
1972-06-14,6.5147,per_usd
1972-06-15,6.5125,per_usd
1972-06-16,6.5445,per_usd
1972-06-19,6.5274,per_usd
1972-06-20,6.5531,per_usd
1972-06-21,6.5563,per_usd
1972-06-22,6.5963,per_usd
1972-06-23,6.5232,per_usd
1972-06-26,6.5531,per_usd
1972-06-27,6.5574,per_usd
1972-06-28,6.5062,per_usd
1972-06-29,6.5189,per_usd
1972-06-30,6.5147,per_usd
1972-07-03,6.5019,per_usd
1972-07-05,6.4998,per_usd
1972-07-06,6.4977,per_usd
1972-07-07,6.4956,per_usd
1972-07-10,6.4977,per_usd
1972-07-11,6.4977,per_usd
1972-07-12,6.4977,per_usd
1972-07-13,6.4977,per_usd
1972-07-14,6.4977,per_usd
1972-07-17,6.4977,per_usd
1972-07-18,6.4977,per_usd
1972-07-19,6.5019,per_usd
1972-07-20,6.5168,per_usd
1972-07-21,6.5083,per_usd
1972-07-24,6.5253,per_usd
1972-07-25,6.5274,per_usd
1972-07-26,6.5189,per_usd
1972-07-27,6.5232,per_usd
1972-07-28,6.5232,per_usd
1972-07-31,6.5274,per_usd
1972-08-01,6.5253,per_usd
1972-08-02,6.5189,per_usd
1972-08-03,6.5189,per_usd
1972-08-04,6.5189,per_usd
1972-08-07,6.521,per_usd
1972-08-08,6.5189,per_usd
1972-08-09,6.5168,per_usd
1972-08-10,6.5189,per_usd
1972-08-11,6.5168,per_usd
1972-08-14,6.5168,per_usd
1972-08-15,6.5168,per_usd
1972-08-16,6.5147,per_usd
1972-08-17,6.5189,per_usd
1972-08-18,6.5189,per_usd
1972-08-21,6.5253,per_usd
1972-08-22,6.521,per_usd
1972-08-23,6.5189,per_usd
1972-08-24,6.5189,per_usd
1972-08-25,6.5178,per_usd
1972-08-28,6.5253,per_usd
1972-08-29,6.5285,per_usd
1972-08-30,6.5274,per_usd
1972-08-31,6.5424,per_usd
1972-09-01,6.5466,per_usd
1972-09-05,6.5552,per_usd
1972-09-06,6.5552,per_usd
1972-09-07,6.5424,per_usd
1972-09-08,6.5381,per_usd
1972-09-11,6.5445,per_usd
1972-09-12,6.5595,per_usd
1972-09-13,6.5531,per_usd
1972-09-14,6.5531,per_usd
1972-09-15,6.5542,per_usd
1972-09-18,6.5735,per_usd
1972-09-19,6.5844,per_usd
1972-09-20,6.5757,per_usd
1972-09-21,6.5898,per_usd
1972-09-22,6.5876,per_usd
1972-09-25,6.6072,per_usd
1972-09-26,6.6357,per_usd
1972-09-27,6.6094,per_usd
1972-09-28,6.6159,per_usd
1972-09-29,6.6203,per_usd
1972-10-02,6.6247,per_usd
1972-10-03,6.6203,per_usd
1972-10-04,6.6083,per_usd
1972-10-05,6.5811,per_usd
1972-10-06,6.5887,per_usd
1972-10-10,6.5963,per_usd
1972-10-11,6.5898,per_usd
1972-10-12,6.5963,per_usd
1972-10-13,6.58,per_usd
1972-10-16,6.5811,per_usd
1972-10-17,6.5768,per_usd
1972-10-18,6.5746,per_usd
1972-10-19,6.5876,per_usd
1972-10-20,6.5898,per_usd
1972-10-24,6.6138,per_usd
1972-10-25,6.6203,per_usd
1972-10-26,6.6445,per_usd
1972-10-27,6.6401,per_usd
1972-10-30,6.6357,per_usd
1972-10-31,6.6423,per_usd
1972-11-01,6.6401,per_usd
1972-11-02,6.6423,per_usd
1972-11-03,6.639,per_usd
1972-11-06,6.6335,per_usd
1972-11-08,6.6225,per_usd
1972-11-09,6.6247,per_usd
1972-11-10,6.6148,per_usd
1972-11-13,6.6148,per_usd
1972-11-14,6.617,per_usd
1972-11-15,6.6159,per_usd
1972-11-16,6.6094,per_usd
1972-11-17,6.6028,per_usd
1972-11-20,6.5833,per_usd
1972-11-21,6.5746,per_usd
1972-11-22,6.5746,per_usd
1972-11-24,6.5779,per_usd
1972-11-27,6.5703,per_usd
1972-11-28,6.566,per_usd
1972-11-29,6.5703,per_usd
1972-11-30,6.5746,per_usd
1972-12-01,6.5822,per_usd
1972-12-04,6.5811,per_usd
1972-12-05,6.5789,per_usd
1972-12-06,6.5649,per_usd
1972-12-07,6.566,per_usd
1972-12-08,6.5595,per_usd
1972-12-11,6.5509,per_usd
1972-12-12,6.5424,per_usd
1972-12-13,6.5784,per_usd
1972-12-14,6.5789,per_usd
1972-12-15,6.5811,per_usd
1972-12-18,6.5833,per_usd
1972-12-19,6.5833,per_usd
1972-12-20,6.5725,per_usd
1972-12-21,6.5876,per_usd
1972-12-22,6.6028,per_usd
1972-12-26,6.6028,per_usd
1972-12-27,6.6072,per_usd
1972-12-28,6.6489,per_usd
1972-12-29,6.6412,per_usd
1973-01-02,6.6291,per_usd
1973-01-03,6.6159,per_usd
1973-01-04,6.6203,per_usd
1973-01-05,6.6203,per_usd
1973-01-08,6.6159,per_usd
1973-01-09,6.5941,per_usd
1973-01-10,6.6148,per_usd
1973-01-11,6.6181,per_usd
1973-01-12,6.6181,per_usd
1973-01-15,6.6203,per_usd
1973-01-16,6.628,per_usd
1973-01-17,6.628,per_usd
1973-01-18,6.6313,per_usd
1973-01-19,6.6313,per_usd
1973-01-22,6.6313,per_usd
1973-01-23,6.6148,per_usd
1973-01-24,6.6225,per_usd
1973-01-25,6.5963,per_usd
1973-01-26,6.5941,per_usd
1973-01-29,6.592,per_usd
1973-01-30,6.5531,per_usd
1973-01-31,6.5327,per_usd
1973-02-01,6.4998,per_usd
1973-02-02,6.5062,per_usd
1973-02-05,6.5424,per_usd
1973-02-06,6.5147,per_usd
1973-02-07,6.5147,per_usd
1973-02-08,6.5232,per_usd
1973-02-09,6.4967,per_usd
1973-02-13,6.25,per_usd
1973-02-14,6.3012,per_usd
1973-02-15,6.035,per_usd
1973-02-16,6.0314,per_usd
1973-02-20,6.068,per_usd
1973-02-21,6.0569,per_usd
1973-02-22,6.0441,per_usd
1973-02-23,6.006,per_usd
1973-02-26,6.0132,per_usd
1973-02-27,6.006,per_usd
1973-02-28,5.9773,per_usd
1973-03-01,5.8514,per_usd
1973-03-02,5.6593,per_usd
1973-03-05,5.848,per_usd
1973-03-06,5.8651,per_usd
1973-03-07,5.8997,per_usd
1973-03-08,5.872,per_usd
1973-03-09,5.9172,per_usd
1973-03-12,5.9242,per_usd
1973-03-13,5.9207,per_usd
1973-03-14,6.0205,per_usd
1973-03-15,5.9595,per_usd
1973-03-16,5.8997,per_usd
1973-03-19,5.9488,per_usd
1973-03-20,5.9347,per_usd
1973-03-21,5.9347,per_usd
1973-03-22,5.9137,per_usd
1973-03-23,5.9032,per_usd
1973-03-26,5.8997,per_usd
1973-03-27,5.8997,per_usd
1973-03-28,5.8997,per_usd
1973-03-29,5.9032,per_usd
1973-03-30,5.9032,per_usd
1973-04-02,5.9294,per_usd
1973-04-03,5.9471,per_usd
1973-04-04,5.9067,per_usd
1973-04-05,5.9102,per_usd
1973-04-06,5.9067,per_usd
1973-04-09,5.9032,per_usd
1973-04-10,5.9032,per_usd
1973-04-11,5.8962,per_usd
1973-04-12,5.8945,per_usd
1973-04-13,5.8997,per_usd
1973-04-16,5.9067,per_usd
1973-04-17,5.9084,per_usd
1973-04-18,5.9137,per_usd
1973-04-19,5.9102,per_usd
1973-04-20,5.9102,per_usd
1973-04-23,5.9032,per_usd
1973-04-24,5.9242,per_usd
1973-04-25,5.933,per_usd
1973-04-26,5.9347,per_usd
1973-04-27,5.9471,per_usd
1973-04-30,5.9382,per_usd
1973-05-01,5.9382,per_usd
1973-05-02,5.933,per_usd
1973-05-03,5.9259,per_usd
1973-05-04,5.9312,per_usd
1973-05-07,5.9312,per_usd
1973-05-08,5.9242,per_usd
1973-05-09,5.9067,per_usd
1973-05-10,5.9102,per_usd
1973-05-11,5.9014,per_usd
1973-05-14,5.8173,per_usd
1973-05-15,5.7471,per_usd
1973-05-16,5.7854,per_usd
1973-05-17,5.7904,per_usd
1973-05-18,5.7703,per_usd
1973-05-21,5.6883,per_usd
1973-05-22,5.7045,per_usd
1973-05-23,5.7176,per_usd
1973-05-24,5.711,per_usd
1973-05-25,5.7438,per_usd
1973-05-29,5.7013,per_usd
1973-05-30,5.6657,per_usd
1973-05-31,5.6593,per_usd
1973-06-01,5.6148,per_usd
1973-06-04,5.4945,per_usd
1973-06-05,5.5127,per_usd
1973-06-06,5.618,per_usd
1973-06-07,5.618,per_usd
1973-06-08,5.5866,per_usd
1973-06-11,5.5835,per_usd
1973-06-12,5.5648,per_usd
1973-06-13,5.5804,per_usd
1973-06-14,5.5617,per_usd
1973-06-15,5.5127,per_usd
1973-06-18,5.4615,per_usd
1973-06-19,5.4794,per_usd
1973-06-20,5.4915,per_usd
1973-06-21,5.4825,per_usd
1973-06-22,5.4645,per_usd
1973-06-25,5.4348,per_usd
1973-06-26,5.4496,per_usd
1973-06-27,5.3763,per_usd
1973-06-28,5.291,per_usd
1973-06-29,5.291,per_usd
1973-07-02,5.2604,per_usd
1973-07-03,5.2798,per_usd
1973-07-05,5.2493,per_usd
1973-07-06,5.1282,per_usd
1973-07-09,5.1546,per_usd
1973-07-10,5.277,per_usd
1973-07-11,5.385,per_usd
1973-07-12,5.3619,per_usd
1973-07-13,5.3735,per_usd
1973-07-16,5.3677,per_usd
1973-07-17,5.305,per_usd
1973-07-18,5.2632,per_usd
1973-07-19,5.2632,per_usd
1973-07-20,5.2798,per_usd
1973-07-23,5.2687,per_usd
1973-07-24,5.2715,per_usd
1973-07-25,5.2715,per_usd
1973-07-26,5.2493,per_usd
1973-07-27,5.2743,per_usd
1973-07-30,5.3191,per_usd
1973-07-31,5.3333,per_usd
1973-08-01,5.305,per_usd
1973-08-02,5.3191,per_usd
1973-08-03,5.3362,per_usd
1973-08-06,5.3706,per_usd
1973-08-07,5.3648,per_usd
1973-08-08,5.3763,per_usd
1973-08-09,5.4113,per_usd
1973-08-10,5.4945,per_usd
1973-08-13,5.4945,per_usd
1973-08-14,5.596,per_usd
1973-08-15,5.6275,per_usd
1973-08-16,5.6657,per_usd
1973-08-17,5.618,per_usd
1973-08-20,5.5249,per_usd
1973-08-21,5.5402,per_usd
1973-08-22,5.5804,per_usd
1973-08-23,5.6022,per_usd
1973-08-24,5.5772,per_usd
1973-08-27,5.6022,per_usd
1973-08-28,5.6085,per_usd
1973-08-29,5.5928,per_usd
1973-08-30,5.6085,per_usd
1973-08-31,5.5928,per_usd
1973-09-04,5.5897,per_usd
1973-09-05,5.5463,per_usd
1973-09-06,5.5525,per_usd
1973-09-07,5.5586,per_usd
1973-09-10,5.5402,per_usd
1973-09-11,5.5617,per_usd
1973-09-12,5.571,per_usd
1973-09-13,5.5835,per_usd
1973-09-14,5.5772,per_usd
1973-09-17,5.531,per_usd
1973-09-18,5.5279,per_usd
1973-09-19,5.5402,per_usd
1973-09-20,5.4794,per_usd
1973-09-21,5.5006,per_usd
1973-09-24,5.531,per_usd
1973-09-25,5.5006,per_usd
1973-09-26,5.5279,per_usd
1973-09-27,5.5249,per_usd
1973-09-28,5.534,per_usd
1973-10-01,5.5279,per_usd
1973-10-02,5.5157,per_usd
1973-10-03,5.5127,per_usd
1973-10-04,5.4915,per_usd
1973-10-05,5.5066,per_usd
1973-10-09,5.4675,per_usd
1973-10-10,5.4377,per_usd
1973-10-11,5.4201,per_usd
1973-10-12,5.4437,per_usd
1973-10-15,5.4585,per_usd
1973-10-16,5.4466,per_usd
1973-10-17,5.4289,per_usd
1973-10-18,5.4407,per_usd
1973-10-19,5.4437,per_usd
1973-10-23,5.3937,per_usd
1973-10-24,5.4054,per_usd
1973-10-25,5.4259,per_usd
1973-10-26,5.4885,per_usd
1973-10-29,5.5188,per_usd
1973-10-30,5.5494,per_usd
1973-10-31,5.534,per_usd
1973-11-01,5.5402,per_usd
1973-11-02,5.5402,per_usd
1973-11-05,5.5648,per_usd
1973-11-07,5.6433,per_usd
1973-11-08,5.6497,per_usd
1973-11-09,5.6818,per_usd
1973-11-12,5.7438,per_usd
1973-11-13,5.7307,per_usd
1973-11-15,5.4794,per_usd
1973-11-16,5.5096,per_usd
1973-11-19,5.4975,per_usd
1973-11-20,5.5066,per_usd
1973-11-21,5.5432,per_usd
1973-11-23,5.6561,per_usd
1973-11-26,5.596,per_usd
1973-11-27,5.6022,per_usd
1973-11-28,5.6338,per_usd
1973-11-29,5.618,per_usd
1973-11-30,5.5928,per_usd
1973-12-03,5.6117,per_usd
1973-12-04,5.6529,per_usd
1973-12-05,5.6497,per_usd
1973-12-06,5.6306,per_usd
1973-12-07,5.6338,per_usd
1973-12-10,5.6561,per_usd
1973-12-11,5.6561,per_usd
1973-12-12,5.6529,per_usd
1973-12-13,5.6402,per_usd
1973-12-14,5.6433,per_usd
1973-12-17,5.6529,per_usd
1973-12-18,5.6593,per_usd
1973-12-19,5.6657,per_usd
1973-12-20,5.6689,per_usd
1973-12-21,5.6915,per_usd
1973-12-24,5.6915,per_usd
1973-12-26,5.6818,per_usd
1973-12-27,5.7241,per_usd
1973-12-28,5.7208,per_usd
1973-12-31,5.7307,per_usd
1974-01-02,5.7937,per_usd
1974-01-03,5.8824,per_usd
1974-01-04,5.872,per_usd
1974-01-07,5.9737,per_usd
1974-01-08,6.0423,per_usd
1974-01-09,5.9524,per_usd
1974-01-10,5.9137,per_usd
1974-01-11,5.9242,per_usd
1974-01-14,5.9844,per_usd
1974-01-15,6.0606,per_usd
1974-01-16,6.0168,per_usd
1974-01-17,6.0423,per_usd
1974-01-18,6.0314,per_usd
1974-01-21,6.1013,per_usd
1974-01-22,6.0533,per_usd
1974-01-23,6.068,per_usd
1974-01-24,5.9453,per_usd
1974-01-25,5.9613,per_usd
1974-01-28,5.9701,per_usd
1974-01-29,5.9524,per_usd
1974-01-30,5.988,per_usd
1974-01-31,5.9172,per_usd
1974-02-01,5.9207,per_usd
1974-02-04,5.8858,per_usd
1974-02-05,5.8582,per_usd
1974-02-06,5.8582,per_usd
1974-02-07,5.8582,per_usd
1974-02-08,5.8617,per_usd
1974-02-11,5.8514,per_usd
1974-02-13,5.7013,per_usd
1974-02-14,5.6948,per_usd
1974-02-15,5.6883,per_usd
1974-02-19,5.7208,per_usd
1974-02-20,5.7241,per_usd
1974-02-21,5.7241,per_usd
1974-02-22,5.6529,per_usd
1974-02-25,5.711,per_usd
1974-02-26,5.6754,per_usd
1974-02-27,5.6915,per_usd
1974-02-28,5.6883,per_usd
1974-03-01,5.7078,per_usd
1974-03-04,5.7078,per_usd
1974-03-05,5.6915,per_usd
1974-03-06,5.698,per_usd
1974-03-07,5.698,per_usd
1974-03-08,5.698,per_usd
1974-03-11,5.685,per_usd
1974-03-12,5.6689,per_usd
1974-03-13,5.6689,per_usd
1974-03-14,5.6883,per_usd
1974-03-15,5.685,per_usd
1974-03-18,5.6948,per_usd
1974-03-19,5.685,per_usd
1974-03-20,5.6657,per_usd
1974-03-21,5.618,per_usd
1974-03-22,5.6022,per_usd
1974-03-25,5.5402,per_usd
1974-03-26,5.5432,per_usd
1974-03-27,5.5835,per_usd
1974-03-28,5.4915,per_usd
1974-03-29,5.4201,per_usd
1974-04-01,5.5249,per_usd
1974-04-02,5.531,per_usd
1974-04-03,5.5648,per_usd
1974-04-04,5.5679,per_usd
1974-04-05,5.5556,per_usd
1974-04-08,5.5463,per_usd
1974-04-09,5.571,per_usd
1974-04-10,5.5991,per_usd
1974-04-11,5.5402,per_usd
1974-04-12,5.5402,per_usd
1974-04-15,5.5556,per_usd
1974-04-16,5.5617,per_usd
1974-04-17,5.5279,per_usd
1974-04-18,5.5157,per_usd
1974-04-19,5.5096,per_usd
1974-04-22,5.4915,per_usd
1974-04-23,5.4259,per_usd
1974-04-24,5.4201,per_usd
1974-04-25,5.4496,per_usd
1974-04-26,5.4054,per_usd
1974-04-29,5.3505,per_usd
1974-04-30,5.3447,per_usd
1974-05-01,5.3447,per_usd
1974-05-02,5.3533,per_usd
1974-05-03,5.3763,per_usd
1974-05-06,5.3248,per_usd
1974-05-07,5.3333,per_usd
1974-05-08,5.2687,per_usd
1974-05-09,5.1894,per_usd
1974-05-10,5.2138,per_usd
1974-05-13,5.1894,per_usd
1974-05-14,5.2356,per_usd
1974-05-15,5.339,per_usd
1974-05-16,5.305,per_usd
1974-05-17,5.3135,per_usd
1974-05-20,5.3419,per_usd
1974-05-21,5.3706,per_usd
1974-05-22,5.3305,per_usd
1974-05-23,5.3163,per_usd
1974-05-24,5.3305,per_usd
1974-05-28,5.4171,per_usd
1974-05-29,5.4407,per_usd
1974-05-30,5.4348,per_usd
1974-05-31,5.4526,per_usd
1974-06-03,5.4318,per_usd
1974-06-04,5.4555,per_usd
1974-06-05,5.4407,per_usd
1974-06-06,5.423,per_usd
1974-06-07,5.4113,per_usd
1974-06-10,5.4201,per_usd
1974-06-11,5.4259,per_usd
1974-06-12,5.4142,per_usd
1974-06-13,5.4142,per_usd
1974-06-14,5.4201,per_usd
1974-06-17,5.4201,per_usd
1974-06-18,5.4289,per_usd
1974-06-19,5.4113,per_usd
1974-06-20,5.4171,per_usd
1974-06-21,5.4407,per_usd
1974-06-24,5.4645,per_usd
1974-06-25,5.4526,per_usd
1974-06-26,5.4555,per_usd
1974-06-27,5.4496,per_usd
1974-06-28,5.4437,per_usd
1974-07-01,5.4585,per_usd
1974-07-02,5.4201,per_usd
1974-07-03,5.385,per_usd
1974-07-05,5.4113,per_usd
1974-07-08,5.4113,per_usd
1974-07-09,5.4142,per_usd
1974-07-10,5.4171,per_usd
1974-07-11,5.4083,per_usd
1974-07-12,5.4025,per_usd
1974-07-15,5.4083,per_usd
1974-07-16,5.3937,per_usd
1974-07-17,5.3967,per_usd
1974-07-18,5.3821,per_usd
1974-07-19,5.3735,per_usd
1974-07-22,5.3763,per_usd
1974-07-23,5.3821,per_usd
1974-07-24,5.3562,per_usd
1974-07-25,5.3792,per_usd
1974-07-26,5.3937,per_usd
1974-07-29,5.4113,per_usd
1974-07-30,5.4113,per_usd
1974-07-31,5.4054,per_usd
1974-08-01,5.3996,per_usd
1974-08-02,5.3996,per_usd
1974-08-05,5.3967,per_usd
1974-08-06,5.3879,per_usd
1974-08-07,5.3908,per_usd
1974-08-08,5.4348,per_usd
1974-08-09,5.4348,per_usd
1974-08-12,5.4585,per_usd
1974-08-13,5.4765,per_usd
1974-08-14,5.4645,per_usd
1974-08-15,5.4555,per_usd
1974-08-16,5.4794,per_usd
1974-08-19,5.5279,per_usd
1974-08-20,5.531,per_usd
1974-08-21,5.5157,per_usd
1974-08-22,5.5432,per_usd
1974-08-23,5.5279,per_usd
1974-08-26,5.5218,per_usd
1974-08-27,5.5556,per_usd
1974-08-28,5.5617,per_usd
1974-08-29,5.5648,per_usd
1974-08-30,5.5617,per_usd
1974-09-03,5.5741,per_usd
1974-09-04,5.5617,per_usd
1974-09-05,5.5835,per_usd
1974-09-06,5.5804,per_usd
1974-09-09,5.5835,per_usd
1974-09-10,5.5556,per_usd
1974-09-11,5.5586,per_usd
1974-09-12,5.5679,per_usd
1974-09-13,5.5617,per_usd
1974-09-16,5.5648,per_usd
1974-09-17,5.5463,per_usd
1974-09-18,5.5463,per_usd
1974-09-19,5.5463,per_usd
1974-09-20,5.5556,per_usd
1974-09-23,5.5494,per_usd
1974-09-24,5.5402,per_usd
1974-09-25,5.5556,per_usd
1974-09-26,5.5494,per_usd
1974-09-27,5.5402,per_usd
1974-09-30,5.5371,per_usd
1974-10-01,5.5279,per_usd
1974-10-02,5.534,per_usd
1974-10-03,5.5006,per_usd
1974-10-04,5.4407,per_usd
1974-10-07,5.4585,per_usd
1974-10-08,5.4794,per_usd
1974-10-09,5.4615,per_usd
1974-10-10,5.5096,per_usd
1974-10-11,5.5249,per_usd
1974-10-15,5.5188,per_usd
1974-10-16,5.5249,per_usd
1974-10-17,5.5157,per_usd
1974-10-18,5.5188,per_usd
1974-10-21,5.5279,per_usd
1974-10-22,5.534,per_usd
1974-10-23,5.5006,per_usd
1974-10-24,5.5096,per_usd
1974-10-25,5.5006,per_usd
1974-10-28,5.5157,per_usd
1974-10-29,5.5006,per_usd
1974-10-30,5.5006,per_usd
1974-10-31,5.5096,per_usd
1974-11-01,5.5066,per_usd
1974-11-04,5.4915,per_usd
1974-11-06,5.4855,per_usd
1974-11-07,5.4765,per_usd
1974-11-08,5.4765,per_usd
1974-11-12,5.5066,per_usd
1974-11-13,5.5066,per_usd
1974-11-14,5.4675,per_usd
1974-11-15,5.4318,per_usd
1974-11-18,5.3447,per_usd
1974-11-19,5.3821,per_usd
1974-11-20,5.4437,per_usd
1974-11-21,5.4555,per_usd
1974-11-22,5.3677,per_usd
1974-11-25,5.3735,per_usd
1974-11-26,5.3533,per_usd
1974-11-27,5.3763,per_usd
1974-11-29,5.3706,per_usd
1974-12-02,5.3996,per_usd
1974-12-03,5.2798,per_usd
1974-12-04,5.3821,per_usd
1974-12-05,5.3562,per_usd
1974-12-06,5.3735,per_usd
1974-12-09,5.3562,per_usd
1974-12-10,5.3562,per_usd
1974-12-11,5.3476,per_usd
1974-12-12,5.3135,per_usd
1974-12-13,5.3135,per_usd
1974-12-16,5.2994,per_usd
1974-12-17,5.2604,per_usd
1974-12-18,5.2576,per_usd
1974-12-19,5.2826,per_usd
1974-12-20,5.2687,per_usd
1974-12-23,5.291,per_usd
1974-12-24,5.277,per_usd
1974-12-26,5.2411,per_usd
1974-12-27,5.2301,per_usd
1974-12-30,5.1787,per_usd
1974-12-31,5.2165,per_usd
1975-01-02,5.2329,per_usd
1975-01-03,5.176,per_usd
1975-01-06,5.144,per_usd
1975-01-07,5.1282,per_usd
1975-01-08,5.16,per_usd
1975-01-09,5.176,per_usd
1975-01-10,5.144,per_usd
1975-01-13,5.1388,per_usd
1975-01-14,5.1653,per_usd
1975-01-15,5.1546,per_usd
1975-01-16,5.1467,per_usd
1975-01-17,5.1414,per_usd
1975-01-20,5.123,per_usd
1975-01-21,5.0968,per_usd
1975-01-22,5.0633,per_usd
1975-01-23,5.0429,per_usd
1975-01-24,5.0125,per_usd
1975-01-27,4.9628,per_usd
1975-01-28,4.99,per_usd
1975-01-29,5.0736,per_usd
1975-01-30,5.0505,per_usd
1975-01-31,5.0633,per_usd
1975-02-03,5.0353,per_usd
1975-02-04,5.0968,per_usd
1975-02-05,5.1073,per_usd
1975-02-06,5.0813,per_usd
1975-02-07,5.0736,per_usd
1975-02-10,5.0865,per_usd
1975-02-11,5.0454,per_usd
1975-02-13,4.9975,per_usd
1975-02-14,5,per_usd
1975-02-18,5.0075,per_usd
1975-02-19,5.0025,per_usd
1975-02-20,5,per_usd
1975-02-21,4.9677,per_usd
1975-02-24,4.9505,per_usd
1975-02-25,4.9432,per_usd
1975-02-26,4.9213,per_usd
1975-02-27,4.902,per_usd
1975-02-28,4.902,per_usd
1975-03-03,4.878,per_usd
1975-03-04,4.8852,per_usd
1975-03-05,4.8876,per_usd
1975-03-06,4.89,per_usd
1975-03-07,4.931,per_usd
1975-03-10,4.9751,per_usd
1975-03-11,4.9044,per_usd
1975-03-12,4.9261,per_usd
1975-03-13,4.9358,per_usd
1975-03-14,4.9068,per_usd
1975-03-17,4.9285,per_usd
1975-03-18,4.9092,per_usd
1975-03-19,4.8924,per_usd
1975-03-20,4.9164,per_usd
1975-03-21,4.902,per_usd
1975-03-24,4.9044,per_usd
1975-03-25,4.9261,per_usd
1975-03-26,4.9092,per_usd
1975-03-27,4.9213,per_usd
1975-03-28,4.9213,per_usd
1975-03-31,4.9092,per_usd
1975-04-01,4.931,per_usd
1975-04-02,4.914,per_usd
1975-04-03,4.9261,per_usd
1975-04-04,4.953,per_usd
1975-04-07,4.953,per_usd
1975-04-08,4.9603,per_usd
1975-04-09,4.9554,per_usd
1975-04-10,4.9875,per_usd
1975-04-11,4.985,per_usd
1975-04-14,5.0176,per_usd
1975-04-15,5.005,per_usd
1975-04-16,5.0075,per_usd
1975-04-17,5.0075,per_usd
1975-04-18,5.0025,per_usd
1975-04-21,5.0125,per_usd
1975-04-22,5.0075,per_usd
1975-04-23,4.9975,per_usd
1975-04-24,4.9975,per_usd
1975-04-25,5.0302,per_usd
1975-04-28,5.0403,per_usd
1975-04-29,5.0226,per_usd
1975-04-30,5.0251,per_usd
1975-05-01,5.0251,per_usd
1975-05-02,5.0226,per_usd
1975-05-05,5.0075,per_usd
1975-05-06,5.0025,per_usd
1975-05-07,5.005,per_usd
1975-05-08,4.931,per_usd
1975-05-09,4.9505,per_usd
1975-05-12,4.948,per_usd
1975-05-13,4.8972,per_usd
1975-05-14,4.902,per_usd
1975-05-15,4.9432,per_usd
1975-05-16,4.948,per_usd
1975-05-19,4.9407,per_usd
1975-05-20,4.9407,per_usd
1975-05-21,4.9358,per_usd
1975-05-22,4.9237,per_usd
1975-05-23,4.9261,per_usd
1975-05-27,4.9334,per_usd
1975-05-28,4.9285,per_usd
1975-05-29,4.9285,per_usd
1975-05-30,4.9383,per_usd
1975-06-02,4.9334,per_usd
1975-06-03,4.914,per_usd
1975-06-04,4.902,per_usd
1975-06-05,4.9092,per_usd
1975-06-06,4.9044,per_usd
1975-06-09,4.9261,per_usd
1975-06-10,4.9116,per_usd
1975-06-11,4.89,per_usd
1975-06-12,4.8757,per_usd
1975-06-13,4.8804,per_usd
1975-06-16,4.8757,per_usd
1975-06-17,4.8852,per_usd
1975-06-18,4.8828,per_usd
1975-06-19,4.89,per_usd
1975-06-20,4.8924,per_usd
1975-06-23,4.9092,per_usd
1975-06-24,4.9164,per_usd
1975-06-25,4.9092,per_usd
1975-06-26,4.9092,per_usd
1975-06-27,4.9237,per_usd
1975-06-30,4.9383,per_usd
1975-07-01,4.9628,per_usd
1975-07-02,5.0151,per_usd
1975-07-03,5.0429,per_usd
1975-07-07,5.0556,per_usd
1975-07-08,5.0378,per_usd
1975-07-09,5.0302,per_usd
1975-07-10,5.0761,per_usd
1975-07-11,5.0813,per_usd
1975-07-14,5.1308,per_usd
1975-07-15,5.144,per_usd
1975-07-16,5.2219,per_usd
1975-07-17,5.2438,per_usd
1975-07-18,5.2438,per_usd
1975-07-21,5.2882,per_usd
1975-07-22,5.291,per_usd
1975-07-23,5.3248,per_usd
1975-07-24,5.3277,per_usd
1975-07-25,5.322,per_usd
1975-07-28,5.3735,per_usd
1975-07-29,5.385,per_usd
1975-07-30,5.4054,per_usd
1975-07-31,5.4201,per_usd
1975-08-01,5.4407,per_usd
1975-08-04,5.4437,per_usd
1975-08-05,5.3937,per_usd
1975-08-06,5.4377,per_usd
1975-08-07,5.4645,per_usd
1975-08-08,5.4526,per_usd
1975-08-11,5.4855,per_usd
1975-08-12,5.4794,per_usd
1975-08-13,5.4735,per_usd
1975-08-14,5.4735,per_usd
1975-08-15,5.4585,per_usd
1975-08-18,5.4615,per_usd
1975-08-19,5.4437,per_usd
1975-08-20,5.4437,per_usd
1975-08-21,5.4466,per_usd
1975-08-22,5.4526,per_usd
1975-08-25,5.4855,per_usd
1975-08-26,5.4765,per_usd
1975-08-27,5.4885,per_usd
1975-08-28,5.4975,per_usd
1975-08-29,5.534,per_usd
1975-09-02,5.5402,per_usd
1975-09-03,5.5036,per_usd
1975-09-04,5.5249,per_usd
1975-09-05,5.531,per_usd
1975-09-08,5.5249,per_usd
1975-09-09,5.5127,per_usd
1975-09-10,5.5402,per_usd
1975-09-11,5.5432,per_usd
1975-09-12,5.5648,per_usd
1975-09-15,5.5741,per_usd
1975-09-16,5.6085,per_usd
1975-09-17,5.6275,per_usd
1975-09-18,5.6433,per_usd
1975-09-19,5.6402,per_usd
1975-09-22,5.698,per_usd
1975-09-23,5.7307,per_usd
1975-09-24,5.7013,per_usd
1975-09-25,5.6786,per_usd
1975-09-26,5.6818,per_usd
1975-09-29,5.711,per_usd
1975-09-30,5.6915,per_usd
1975-10-01,5.637,per_usd
1975-10-02,5.6243,per_usd
1975-10-03,5.6497,per_usd
1975-10-06,5.6148,per_usd
1975-10-07,5.5773,per_usd
1975-10-08,5.6022,per_usd
1975-10-09,5.5866,per_usd
1975-10-10,5.5279,per_usd
1975-10-14,5.5463,per_usd
1975-10-15,5.531,per_usd
1975-10-16,5.4855,per_usd
1975-10-17,5.5006,per_usd
1975-10-20,5.4825,per_usd
1975-10-21,5.4615,per_usd
1975-10-22,5.4555,per_usd
1975-10-23,5.4645,per_usd
1975-10-24,5.4675,per_usd
1975-10-27,5.4885,per_usd
1975-10-28,5.4855,per_usd
1975-10-29,5.5036,per_usd
1975-10-30,5.4855,per_usd
1975-10-31,5.4615,per_usd
1975-11-03,5.4615,per_usd
1975-11-05,5.4975,per_usd
1975-11-06,5.4765,per_usd
1975-11-07,5.4885,per_usd
1975-11-10,5.4915,per_usd
1975-11-12,5.4945,per_usd
1975-11-13,5.5006,per_usd
1975-11-14,5.5218,per_usd
1975-11-17,5.5741,per_usd
1975-11-18,5.5648,per_usd
1975-11-19,5.5525,per_usd
1975-11-20,5.534,per_usd
1975-11-21,5.5402,per_usd
1975-11-24,5.531,per_usd
1975-11-25,5.5188,per_usd
1975-11-26,5.534,per_usd
1975-11-28,5.5617,per_usd
1975-12-01,5.5463,per_usd
1975-12-02,5.5371,per_usd
1975-12-03,5.5402,per_usd
1975-12-04,5.5402,per_usd
1975-12-05,5.5525,per_usd
1975-12-08,5.5525,per_usd
1975-12-09,5.5617,per_usd
1975-12-10,5.5648,per_usd
1975-12-11,5.5679,per_usd
1975-12-12,5.5773,per_usd
1975-12-15,5.5804,per_usd
1975-12-16,5.5773,per_usd
1975-12-17,5.5679,per_usd
1975-12-18,5.5556,per_usd
1975-12-19,5.5617,per_usd
1975-12-22,5.5586,per_usd
1975-12-23,5.5556,per_usd
1975-12-24,5.5463,per_usd
1975-12-26,5.5463,per_usd
1975-12-29,5.5525,per_usd
1975-12-30,5.5804,per_usd
1975-12-31,5.5835,per_usd
1976-01-02,5.571,per_usd
1976-01-05,5.5463,per_usd
1976-01-06,5.5494,per_usd
1976-01-07,5.5432,per_usd
1976-01-08,5.5556,per_usd
1976-01-09,5.571,per_usd
1976-01-12,5.5586,per_usd
1976-01-13,5.5617,per_usd
1976-01-14,5.5556,per_usd
1976-01-15,5.5556,per_usd
1976-01-16,5.5494,per_usd
1976-01-19,5.5556,per_usd
1976-01-20,5.5586,per_usd
1976-01-21,5.5648,per_usd
1976-01-22,5.5741,per_usd
1976-01-23,5.5586,per_usd
1976-01-26,5.5586,per_usd
1976-01-27,5.5586,per_usd
1976-01-28,5.5586,per_usd
1976-01-29,5.5648,per_usd
1976-01-30,5.5494,per_usd
1976-02-02,5.5218,per_usd
1976-02-03,5.5279,per_usd
1976-02-04,5.5249,per_usd
1976-02-05,5.5279,per_usd
1976-02-06,5.534,per_usd
1976-02-09,5.5279,per_usd
1976-02-10,5.5218,per_usd
1976-02-11,5.5006,per_usd
1976-02-13,5.5188,per_usd
1976-02-17,5.5371,per_usd
1976-02-18,5.5218,per_usd
1976-02-19,5.5157,per_usd
1976-02-20,5.5218,per_usd
1976-02-23,5.5218,per_usd
1976-02-24,5.5188,per_usd
1976-02-25,5.531,per_usd
1976-02-26,5.5432,per_usd
1976-02-27,5.5432,per_usd
1976-03-01,5.5617,per_usd
1976-03-02,5.5648,per_usd
1976-03-03,5.5463,per_usd
1976-03-04,5.5586,per_usd
1976-03-05,5.5556,per_usd
1976-03-08,5.531,per_usd
1976-03-09,5.5432,per_usd
1976-03-10,5.5586,per_usd
1976-03-11,5.5741,per_usd
1976-03-12,5.571,per_usd
1976-03-15,5.5741,per_usd
1976-03-16,5.596,per_usd
1976-03-17,5.5402,per_usd
1976-03-18,5.531,per_usd
1976-03-19,5.5279,per_usd
1976-03-22,5.5279,per_usd
1976-03-23,5.5432,per_usd
1976-03-24,5.5494,per_usd
1976-03-25,5.5432,per_usd
1976-03-26,5.5432,per_usd
1976-03-29,5.5371,per_usd
1976-03-30,5.5127,per_usd
1976-03-31,5.531,per_usd
1976-04-01,5.5066,per_usd
1976-04-02,5.5127,per_usd
1976-04-05,5.5157,per_usd
1976-04-06,5.4945,per_usd
1976-04-07,5.5036,per_usd
1976-04-08,5.4975,per_usd
1976-04-09,5.5006,per_usd
1976-04-12,5.5006,per_usd
1976-04-13,5.5036,per_usd
1976-04-14,5.4945,per_usd
1976-04-15,5.4945,per_usd
1976-04-16,5.4885,per_usd
1976-04-19,5.4915,per_usd
1976-04-20,5.4915,per_usd
1976-04-21,5.4855,per_usd
1976-04-22,5.4735,per_usd
1976-04-23,5.4945,per_usd
1976-04-26,5.4855,per_usd
1976-04-27,5.4885,per_usd
1976-04-28,5.4855,per_usd
1976-04-29,5.4855,per_usd
1976-04-30,5.4794,per_usd
1976-05-03,5.4794,per_usd
1976-05-04,5.4705,per_usd
1976-05-05,5.4496,per_usd
1976-05-06,5.4407,per_usd
1976-05-07,5.4526,per_usd
1976-05-10,5.4675,per_usd
1976-05-11,5.4705,per_usd
1976-05-12,5.4675,per_usd
1976-05-13,5.4675,per_usd
1976-05-14,5.4945,per_usd
1976-05-17,5.5188,per_usd
1976-05-18,5.534,per_usd
1976-05-19,5.5127,per_usd
1976-05-20,5.5006,per_usd
1976-05-21,5.5432,per_usd
1976-05-24,5.5371,per_usd
1976-05-25,5.5402,per_usd
1976-05-26,5.5556,per_usd
1976-05-27,5.5432,per_usd
1976-05-28,5.5463,per_usd
1976-06-01,5.5525,per_usd
1976-06-02,5.5371,per_usd
1976-06-03,5.5432,per_usd
1976-06-04,5.5525,per_usd
1976-06-07,5.5432,per_usd
1976-06-08,5.534,per_usd
1976-06-09,5.5127,per_usd
1976-06-10,5.531,per_usd
1976-06-11,5.531,per_usd
1976-06-14,5.5432,per_usd
1976-06-15,5.5463,per_usd
1976-06-16,5.534,per_usd
1976-06-17,5.5463,per_usd
1976-06-18,5.5525,per_usd
1976-06-21,5.5586,per_usd
1976-06-22,5.5617,per_usd
1976-06-23,5.5648,per_usd
1976-06-24,5.5617,per_usd
1976-06-25,5.571,per_usd
1976-06-28,5.5741,per_usd
1976-06-29,5.5741,per_usd
1976-06-30,5.5617,per_usd
1976-07-01,5.5648,per_usd
1976-07-02,5.5741,per_usd
1976-07-06,5.5928,per_usd
1976-07-07,5.5991,per_usd
1976-07-08,5.5991,per_usd
1976-07-09,5.5991,per_usd
1976-07-12,5.5928,per_usd
1976-07-13,5.5835,per_usd
1976-07-14,5.5804,per_usd
1976-07-15,5.5835,per_usd
1976-07-16,5.5866,per_usd
1976-07-19,5.5928,per_usd
1976-07-20,5.5928,per_usd
1976-07-21,5.596,per_usd
1976-07-22,5.5991,per_usd
1976-07-23,5.6022,per_usd
1976-07-26,5.5991,per_usd
1976-07-27,5.6054,per_usd
1976-07-28,5.5866,per_usd
1976-07-29,5.5586,per_usd
1976-07-30,5.5371,per_usd
1976-08-02,5.5249,per_usd
1976-08-03,5.5279,per_usd
1976-08-04,5.5249,per_usd
1976-08-05,5.5249,per_usd
1976-08-06,5.5279,per_usd
1976-08-09,5.5279,per_usd
1976-08-10,5.5249,per_usd
1976-08-11,5.5249,per_usd
1976-08-12,5.5249,per_usd
1976-08-13,5.5249,per_usd
1976-08-16,5.5218,per_usd
1976-08-17,5.4735,per_usd
1976-08-18,5.4765,per_usd
1976-08-19,5.4885,per_usd
1976-08-20,5.4975,per_usd
1976-08-23,5.4794,per_usd
1976-08-24,5.4855,per_usd
1976-08-25,5.5096,per_usd
1976-08-26,5.5066,per_usd
1976-08-27,5.5036,per_usd
1976-08-30,5.5066,per_usd
1976-08-31,5.5066,per_usd
1976-09-01,5.5036,per_usd
1976-09-02,5.5036,per_usd
1976-09-03,5.5036,per_usd
1976-09-07,5.4915,per_usd
1976-09-08,5.4855,per_usd
1976-09-09,5.4705,per_usd
1976-09-10,5.4675,per_usd
1976-09-13,5.4675,per_usd
1976-09-14,5.4585,per_usd
1976-09-15,5.4318,per_usd
1976-09-16,5.4259,per_usd
1976-09-17,5.4113,per_usd
1976-09-20,5.3996,per_usd
1976-09-21,5.3967,per_usd
1976-09-22,5.3677,per_usd
1976-09-23,5.3967,per_usd
1976-09-24,5.3967,per_usd
1976-09-27,5.3706,per_usd
1976-09-28,5.3591,per_usd
1976-09-29,5.3476,per_usd
1976-09-30,5.322,per_usd
1976-10-01,5.339,per_usd
1976-10-04,5.3333,per_usd
1976-10-05,5.322,per_usd
1976-10-06,5.3022,per_usd
1976-10-07,5.3107,per_usd
1976-10-08,5.3305,per_usd
1976-10-12,5.3333,per_usd
1976-10-13,5.3079,per_usd
1976-10-14,5.3079,per_usd
1976-10-15,5.339,per_usd
1976-10-18,5.3706,per_usd
1976-10-19,5.3533,per_usd
1976-10-20,5.3135,per_usd
1976-10-21,5.3305,per_usd
1976-10-22,5.3333,per_usd
1976-10-25,5.2826,per_usd
1976-10-26,5.2938,per_usd
1976-10-27,5.2798,per_usd
1976-10-28,5.2549,per_usd
1976-10-29,5.2826,per_usd
1976-11-01,5.2826,per_usd
1976-11-03,5.2659,per_usd
1976-11-04,5.305,per_usd
1976-11-05,5.2994,per_usd
1976-11-08,5.291,per_usd
1976-11-09,5.3022,per_usd
1976-11-10,5.3706,per_usd
1976-11-12,5.2882,per_usd
1976-11-15,5.2966,per_usd
1976-11-16,5.2938,per_usd
1976-11-17,5.2826,per_usd
1976-11-18,5.2854,per_usd
1976-11-19,5.2854,per_usd
1976-11-22,5.2466,per_usd
1976-11-23,5.2274,per_usd
1976-11-24,5.2329,per_usd
1976-11-26,5.2247,per_usd
1976-11-29,5.2247,per_usd
1976-11-30,5.2438,per_usd
1976-12-01,5.2438,per_usd
1976-12-02,5.2493,per_usd
1976-12-03,5.2411,per_usd
1976-12-06,5.2274,per_usd
1976-12-07,5.2383,per_usd
1976-12-08,5.2356,per_usd
1976-12-09,5.2356,per_usd
1976-12-10,5.2301,per_usd
1976-12-13,5.2301,per_usd
1976-12-14,5.2329,per_usd
1976-12-15,5.2301,per_usd
1976-12-16,5.2192,per_usd
1976-12-17,5.2192,per_usd
1976-12-20,5.184,per_usd
1976-12-21,5.1787,per_usd
1976-12-22,5.1948,per_usd
1976-12-23,5.1921,per_usd
1976-12-24,5.1975,per_usd
1976-12-27,5.1867,per_usd
1976-12-28,5.1653,per_usd
1976-12-29,5.1706,per_usd
1976-12-30,5.168,per_usd
1976-12-31,5.1653,per_usd
1977-01-03,5.152,per_usd
1977-01-04,5.1546,per_usd
1977-01-05,5.1706,per_usd
1977-01-06,5.1733,per_usd
1977-01-07,5.1894,per_usd
1977-01-10,5.2604,per_usd
1977-01-11,5.2659,per_usd
1977-01-12,5.2576,per_usd
1977-01-13,5.2854,per_usd
1977-01-14,5.305,per_usd
1977-01-17,5.3022,per_usd
1977-01-18,5.3248,per_usd
1977-01-19,5.3248,per_usd
1977-01-20,5.3248,per_usd
1977-01-21,5.3107,per_usd
1977-01-24,5.3305,per_usd
1977-01-25,5.3619,per_usd
1977-01-26,5.3591,per_usd
1977-01-27,5.3419,per_usd
1977-01-28,5.339,per_usd
1977-01-31,5.3277,per_usd
1977-02-01,5.3135,per_usd
1977-02-02,5.3163,per_usd
1977-02-03,5.3135,per_usd
1977-02-04,5.3163,per_usd
1977-02-07,5.3079,per_usd
1977-02-08,5.2994,per_usd
1977-02-09,5.291,per_usd
1977-02-10,5.2854,per_usd
1977-02-11,5.3022,per_usd
1977-02-14,5.2659,per_usd
1977-02-15,5.277,per_usd
1977-02-16,5.2798,per_usd
1977-02-17,5.2798,per_usd
1977-02-18,5.2715,per_usd
1977-02-22,5.2687,per_usd
1977-02-23,5.2798,per_usd
1977-02-24,5.2994,per_usd
1977-02-25,5.2743,per_usd
1977-02-28,5.2659,per_usd
1977-03-01,5.2604,per_usd
1977-03-02,5.2632,per_usd
1977-03-03,5.2576,per_usd
1977-03-04,5.2576,per_usd
1977-03-07,5.2493,per_usd
1977-03-08,5.2576,per_usd
1977-03-09,5.2715,per_usd
1977-03-10,5.2743,per_usd
1977-03-11,5.2632,per_usd
1977-03-14,5.2576,per_usd
1977-03-15,5.2576,per_usd
1977-03-16,5.2576,per_usd
1977-03-17,5.2549,per_usd
1977-03-18,5.2549,per_usd
1977-03-21,5.2493,per_usd
1977-03-22,5.2493,per_usd
1977-03-23,5.2411,per_usd
1977-03-24,5.2411,per_usd
1977-03-25,5.2493,per_usd
1977-03-28,5.2383,per_usd
1977-03-29,5.2411,per_usd
1977-03-30,5.2438,per_usd
1977-03-31,5.2383,per_usd
1977-04-01,5.2493,per_usd
1977-04-04,5.3333,per_usd
1977-04-05,5.3305,per_usd
1977-04-06,5.3248,per_usd
1977-04-07,5.3163,per_usd
1977-04-08,5.3079,per_usd
1977-04-11,5.3079,per_usd
1977-04-12,5.2882,per_usd
1977-04-13,5.2743,per_usd
1977-04-14,5.2798,per_usd
1977-04-15,5.2715,per_usd
1977-04-18,5.2576,per_usd
1977-04-19,5.2715,per_usd
1977-04-20,5.2826,per_usd
1977-04-21,5.2798,per_usd
1977-04-22,5.2798,per_usd
1977-04-25,5.2826,per_usd
1977-04-26,5.2882,per_usd
1977-04-27,5.2826,per_usd
1977-04-28,5.2743,per_usd
1977-04-29,5.2798,per_usd
1977-05-02,5.2604,per_usd
1977-05-03,5.2715,per_usd
1977-05-04,5.2604,per_usd
1977-05-05,5.2854,per_usd
1977-05-06,5.2798,per_usd
1977-05-09,5.2854,per_usd
1977-05-10,5.2798,per_usd
1977-05-11,5.2798,per_usd
1977-05-12,5.2826,per_usd
1977-05-13,5.2798,per_usd
1977-05-16,5.2798,per_usd
1977-05-17,5.2826,per_usd
1977-05-18,5.277,per_usd
1977-05-19,5.2757,per_usd
1977-05-20,5.2798,per_usd
1977-05-23,5.2826,per_usd
1977-05-24,5.2826,per_usd
1977-05-25,5.2743,per_usd
1977-05-26,5.2632,per_usd
1977-05-27,5.2576,per_usd
1977-05-31,5.2632,per_usd
1977-06-01,5.2466,per_usd
1977-06-02,5.2432,per_usd
1977-06-03,5.2493,per_usd
1977-06-06,5.2521,per_usd
1977-06-07,5.2687,per_usd
1977-06-08,5.2687,per_usd
1977-06-09,5.2659,per_usd
1977-06-10,5.2826,per_usd
1977-06-13,5.2715,per_usd
1977-06-14,5.2743,per_usd
1977-06-15,5.277,per_usd
1977-06-16,5.291,per_usd
1977-06-17,5.291,per_usd
1977-06-20,5.2994,per_usd
1977-06-21,5.3079,per_usd
1977-06-22,5.3079,per_usd
1977-06-23,5.3135,per_usd
1977-06-24,5.322,per_usd
1977-06-27,5.3248,per_usd
1977-06-28,5.3277,per_usd
1977-06-29,5.3163,per_usd
1977-06-30,5.3135,per_usd
1977-07-01,5.3277,per_usd
1977-07-05,5.3135,per_usd
1977-07-06,5.3008,per_usd
1977-07-07,5.2924,per_usd
1977-07-08,5.3177,per_usd
1977-07-11,5.2826,per_usd
1977-07-12,5.2882,per_usd
1977-07-13,5.2673,per_usd
1977-07-15,5.2659,per_usd
1977-07-18,5.2247,per_usd
1977-07-19,5.2097,per_usd
1977-07-20,5.1975,per_usd
1977-07-21,5.2138,per_usd
1977-07-22,5.2274,per_usd
1977-07-25,5.1894,per_usd
1977-07-26,5.2056,per_usd
1977-07-27,5.2274,per_usd
1977-07-28,5.2438,per_usd
1977-07-29,5.291,per_usd
1977-08-01,5.2659,per_usd
1977-08-02,5.2576,per_usd
1977-08-03,5.2549,per_usd
1977-08-04,5.2798,per_usd
1977-08-05,5.2687,per_usd
1977-08-08,5.2826,per_usd
1977-08-09,5.2687,per_usd
1977-08-10,5.2812,per_usd
1977-08-11,5.2576,per_usd
1977-08-12,5.2743,per_usd
1977-08-15,5.2715,per_usd
1977-08-16,5.284,per_usd
1977-08-17,5.2715,per_usd
1977-08-18,5.2826,per_usd
1977-08-19,5.2854,per_usd
1977-08-22,5.2854,per_usd
1977-08-23,5.2882,per_usd
1977-08-24,5.2882,per_usd
1977-08-25,5.2938,per_usd
1977-08-26,5.2994,per_usd
1977-08-29,5.4765,per_usd
1977-08-30,5.4645,per_usd
1977-08-31,5.4645,per_usd
1977-09-01,5.472,per_usd
1977-09-02,5.4765,per_usd
1977-09-06,5.4555,per_usd
1977-09-07,5.4466,per_usd
1977-09-08,5.4451,per_usd
1977-09-09,5.4511,per_usd
1977-09-12,5.4645,per_usd
1977-09-13,5.4855,per_usd
1977-09-14,5.5036,per_usd
1977-09-15,5.4825,per_usd
1977-09-16,5.4885,per_usd
1977-09-19,5.493,per_usd
1977-09-20,5.4975,per_usd
1977-09-21,5.4975,per_usd
1977-09-22,5.5006,per_usd
1977-09-23,5.5203,per_usd
1977-09-26,5.5127,per_usd
1977-09-27,5.5142,per_usd
1977-09-28,5.5096,per_usd
1977-09-29,5.5036,per_usd
1977-09-30,5.5006,per_usd
1977-10-03,5.481,per_usd
1977-10-04,5.4915,per_usd
1977-10-05,5.499,per_usd
1977-10-06,5.4855,per_usd
1977-10-07,5.5066,per_usd
1977-10-11,5.5066,per_usd
1977-10-12,5.5066,per_usd
1977-10-13,5.4945,per_usd
1977-10-14,5.4825,per_usd
1977-10-17,5.4645,per_usd
1977-10-18,5.481,per_usd
1977-10-19,5.4855,per_usd
1977-10-20,5.4945,per_usd
1977-10-21,5.4825,per_usd
1977-10-24,5.4645,per_usd
1977-10-25,5.4885,per_usd
1977-10-26,5.4825,per_usd
1977-10-27,5.4765,per_usd
1977-10-28,5.4675,per_usd
1977-10-31,5.457,per_usd
1977-11-01,5.4377,per_usd
1977-11-02,5.4585,per_usd
1977-11-03,5.4765,per_usd
1977-11-04,5.4825,per_usd
1977-11-07,5.4855,per_usd
1977-11-09,5.5006,per_usd
1977-11-10,5.4945,per_usd
1977-11-14,5.4765,per_usd
1977-11-15,5.4825,per_usd
1977-11-16,5.4735,per_usd
1977-11-17,5.4855,per_usd
1977-11-18,5.4675,per_usd
1977-11-21,5.4526,per_usd
1977-11-22,5.4496,per_usd
1977-11-23,5.4437,per_usd
1977-11-25,5.4113,per_usd
1977-11-28,5.3967,per_usd
1977-11-29,5.3937,per_usd
1977-11-30,5.4025,per_usd
1977-12-01,5.3879,per_usd
1977-12-02,5.3735,per_usd
1977-12-05,5.339,per_usd
1977-12-06,5.291,per_usd
1977-12-07,5.3079,per_usd
1977-12-08,5.3107,per_usd
1977-12-09,5.3333,per_usd
1977-12-12,5.3079,per_usd
1977-12-13,5.248,per_usd
1977-12-14,5.2083,per_usd
1977-12-15,5.2521,per_usd
1977-12-16,5.2219,per_usd
1977-12-19,5.1467,per_usd
1977-12-20,5.1573,per_usd
1977-12-21,5.1653,per_usd
1977-12-22,5.2715,per_usd
1977-12-23,5.2604,per_usd
1977-12-27,5.2219,per_usd
1977-12-28,5.1546,per_usd
1977-12-29,5.1374,per_usd
1977-12-30,5.1282,per_usd
1978-01-03,5.0671,per_usd
1978-01-04,5.0505,per_usd
1978-01-05,5.2083,per_usd
1978-01-06,5.2029,per_usd
1978-01-09,5.2056,per_usd
1978-01-10,5.1948,per_usd
1978-01-11,5.152,per_usd
1978-01-12,5.184,per_usd
1978-01-13,5.1787,per_usd
1978-01-16,5.1576,per_usd
1978-01-17,5.1787,per_usd
1978-01-18,5.1787,per_usd
1978-01-19,5.168,per_usd
1978-01-20,5.1626,per_usd
1978-01-23,5.144,per_usd
1978-01-24,5.1361,per_usd
1978-01-25,5.1282,per_usd
1978-01-26,5.1308,per_usd
1978-01-27,5.1493,per_usd
1978-01-30,5.1414,per_usd
1978-01-31,5.1308,per_usd
1978-02-01,5.1388,per_usd
1978-02-02,5.144,per_usd
1978-02-03,5.1361,per_usd
1978-02-06,5.1125,per_usd
1978-02-07,5.1203,per_usd
1978-02-08,5.1282,per_usd
1978-02-09,5.1414,per_usd
1978-02-10,5.1467,per_usd
1978-02-14,5.4377,per_usd
1978-02-15,5.4377,per_usd
1978-02-16,5.4142,per_usd
1978-02-17,5.3894,per_usd
1978-02-21,5.3305,per_usd
1978-02-22,5.3333,per_usd
1978-02-23,5.2938,per_usd
1978-02-24,5.3333,per_usd
1978-02-27,5.3476,per_usd
1978-02-28,5.2743,per_usd
1978-03-01,5.2798,per_usd
1978-03-02,5.2882,per_usd
1978-03-03,5.3192,per_usd
1978-03-06,5.3163,per_usd
1978-03-07,5.2938,per_usd
1978-03-08,5.3192,per_usd
1978-03-09,5.277,per_usd
1978-03-10,5.3821,per_usd
1978-03-13,5.3763,per_usd
1978-03-14,5.3419,per_usd
1978-03-15,5.3419,per_usd
1978-03-16,5.3163,per_usd
1978-03-17,5.3277,per_usd
1978-03-20,5.3333,per_usd
1978-03-21,5.3677,per_usd
1978-03-22,5.3634,per_usd
1978-03-23,5.3562,per_usd
1978-03-24,5.3562,per_usd
1978-03-27,5.3562,per_usd
1978-03-28,5.3107,per_usd
1978-03-29,5.2938,per_usd
1978-03-30,5.2966,per_usd
1978-03-31,5.291,per_usd
1978-04-03,5.3107,per_usd
1978-04-04,5.3533,per_usd
1978-04-05,5.3591,per_usd
1978-04-06,5.3333,per_usd
1978-04-07,5.339,per_usd
1978-04-10,5.291,per_usd
1978-04-11,5.305,per_usd
1978-04-12,5.3022,per_usd
1978-04-13,5.3362,per_usd
1978-04-14,5.3505,per_usd
1978-04-17,5.3576,per_usd
1978-04-18,5.3821,per_usd
1978-04-19,5.3996,per_usd
1978-04-20,5.4466,per_usd
1978-04-21,5.4407,per_usd
1978-04-24,5.4348,per_usd
1978-04-25,5.4348,per_usd
1978-04-26,5.4407,per_usd
1978-04-27,5.3967,per_usd
1978-04-28,5.4025,per_usd
1978-05-01,5.4039,per_usd
1978-05-02,5.3996,per_usd
1978-05-03,5.4113,per_usd
1978-05-04,5.3967,per_usd
1978-05-05,5.4054,per_usd
1978-05-08,5.4318,per_usd
1978-05-09,5.4496,per_usd
1978-05-10,5.4259,per_usd
1978-05-11,5.4348,per_usd
1978-05-12,5.4496,per_usd
1978-05-15,5.4645,per_usd
1978-05-16,5.4765,per_usd
1978-05-17,5.4885,per_usd
1978-05-18,5.4555,per_usd
1978-05-19,5.4645,per_usd
1978-05-22,5.4825,per_usd
1978-05-23,5.4765,per_usd
1978-05-24,5.4735,per_usd
1978-05-25,5.4645,per_usd
1978-05-26,5.475,per_usd
1978-05-29,5.4705,per_usd
1978-05-31,5.4289,per_usd
1978-06-01,5.4083,per_usd
1978-06-02,5.3792,per_usd
1978-06-05,5.423,per_usd
1978-06-06,5.4201,per_usd
1978-06-07,5.4201,per_usd
1978-06-08,5.4083,per_usd
1978-06-09,5.4259,per_usd
1978-06-12,5.3967,per_usd
1978-06-13,5.4025,per_usd
1978-06-14,5.4039,per_usd
1978-06-15,5.4142,per_usd
1978-06-16,5.4171,per_usd
1978-06-19,5.4054,per_usd
1978-06-20,5.3937,per_usd
1978-06-21,5.3879,per_usd
1978-06-22,5.401,per_usd
1978-06-23,5.4113,per_usd
1978-06-26,5.3923,per_usd
1978-06-27,5.4054,per_usd
1978-06-28,5.4025,per_usd
1978-06-29,5.3996,per_usd
1978-06-30,5.4025,per_usd
1978-07-03,5.3937,per_usd
1978-07-05,5.3865,per_usd
1978-07-06,5.4348,per_usd
1978-07-07,5.4171,per_usd
1978-07-10,5.3763,per_usd
1978-07-11,5.4171,per_usd
1978-07-12,5.4025,per_usd
1978-07-13,5.3996,per_usd
1978-07-14,5.4142,per_usd
1978-07-17,5.4259,per_usd
1978-07-18,5.4274,per_usd
1978-07-19,5.4142,per_usd
1978-07-20,5.4127,per_usd
1978-07-21,5.3908,per_usd
1978-07-24,5.3677,per_usd
1978-07-25,5.3821,per_usd
1978-07-26,5.3792,per_usd
1978-07-27,5.4054,per_usd
1978-07-28,5.3763,per_usd
1978-07-31,5.3447,per_usd
1978-08-01,5.339,per_usd
1978-08-02,5.3648,per_usd
1978-08-03,5.3419,per_usd
1978-08-04,5.3362,per_usd
1978-08-07,5.2966,per_usd
1978-08-08,5.2604,per_usd
1978-08-09,5.1653,per_usd
1978-08-10,5.2397,per_usd
1978-08-11,5.1975,per_usd
1978-08-14,5.1653,per_usd
1978-08-15,5.152,per_usd
1978-08-16,5.1573,per_usd
1978-08-17,5.2632,per_usd
1978-08-18,5.2301,per_usd
1978-08-21,5.291,per_usd
1978-08-22,5.2604,per_usd
1978-08-23,5.2966,per_usd
1978-08-24,5.2604,per_usd
1978-08-25,5.2868,per_usd
1978-08-28,5.2938,per_usd
1978-08-29,5.2798,per_usd
1978-08-30,5.2383,per_usd
1978-08-31,5.237,per_usd
1978-09-01,5.2364,per_usd
1978-09-05,5.2265,per_usd
1978-09-06,5.237,per_usd
1978-09-07,5.254,per_usd
1978-09-08,5.284,per_usd
1978-09-11,5.263,per_usd
1978-09-12,5.2625,per_usd
1978-09-13,5.238,per_usd
1978-09-14,5.245,per_usd
1978-09-15,5.242,per_usd
1978-09-18,5.226,per_usd
1978-09-19,5.226,per_usd
1978-09-20,5.181,per_usd
1978-09-21,5.178,per_usd
1978-09-22,5.18,per_usd
1978-09-25,5.159,per_usd
1978-09-26,5.1695,per_usd
1978-09-27,5.143,per_usd
1978-09-28,5.14,per_usd
1978-09-29,5.141,per_usd
1978-10-02,5.124,per_usd
1978-10-03,5.073,per_usd
1978-10-04,5.045,per_usd
1978-10-05,5.0305,per_usd
1978-10-06,5.054,per_usd
1978-10-10,5.025,per_usd
1978-10-11,4.9625,per_usd
1978-10-12,4.9725,per_usd
1978-10-13,4.938,per_usd
1978-10-16,4.941,per_usd
1978-10-17,4.9245,per_usd
1978-10-18,4.9285,per_usd
1978-10-19,4.9395,per_usd
1978-10-20,4.896,per_usd
1978-10-23,4.8865,per_usd
1978-10-24,4.886,per_usd
1978-10-25,4.822,per_usd
1978-10-26,4.759,per_usd
1978-10-27,4.772,per_usd
1978-10-30,4.6585,per_usd
1978-10-31,4.74,per_usd
1978-11-01,5,per_usd
1978-11-02,4.97,per_usd
1978-11-03,5.015,per_usd
1978-11-06,5.053,per_usd
1978-11-08,5,per_usd
1978-11-09,5.0065,per_usd
1978-11-10,5.017,per_usd
1978-11-13,5.01,per_usd
1978-11-14,5.01,per_usd
1978-11-15,5.03,per_usd
1978-11-16,5.069,per_usd
1978-11-17,5.1075,per_usd
1978-11-20,5.137,per_usd
1978-11-21,5.137,per_usd
1978-11-22,5.143,per_usd
1978-11-24,5.153,per_usd
1978-11-27,5.135,per_usd
1978-11-28,5.13,per_usd
1978-11-29,5.111,per_usd
1978-11-30,5.118,per_usd
1978-12-01,5.16,per_usd
1978-12-04,5.1795,per_usd
1978-12-05,5.1455,per_usd
1978-12-06,5.1265,per_usd
1978-12-07,5.1455,per_usd
1978-12-08,5.131,per_usd
1978-12-11,5.4,per_usd
1978-12-12,5.122,per_usd
1978-12-13,5.14,per_usd
1978-12-14,5.124,per_usd
1978-12-15,5.1135,per_usd
1978-12-18,5.041,per_usd
1978-12-19,5.03,per_usd
1978-12-20,5.0475,per_usd
1978-12-21,5.095,per_usd
1978-12-22,5.09,per_usd
1978-12-26,5.09,per_usd
1978-12-27,5.0025,per_usd
1978-12-28,5.015,per_usd
1978-12-29,5.005,per_usd
1979-01-02,4.9825,per_usd
1979-01-03,5.055,per_usd
1979-01-04,5.04,per_usd
1979-01-05,5.0425,per_usd
1979-01-08,5.026,per_usd
1979-01-09,5.04,per_usd
1979-01-10,5.047,per_usd
1979-01-11,5.065,per_usd
1979-01-12,5.07,per_usd
1979-01-15,5.08,per_usd
1979-01-16,5.0775,per_usd
1979-01-17,5.0575,per_usd
1979-01-18,5.0525,per_usd
1979-01-19,5.064,per_usd
1979-01-22,5.075,per_usd
1979-01-23,5.085,per_usd
1979-01-24,5.0775,per_usd
1979-01-25,5.113,per_usd
1979-01-26,5.0965,per_usd
1979-01-29,5.109,per_usd
1979-01-30,5.11,per_usd
1979-01-31,5.144,per_usd
1979-02-01,5.165,per_usd
1979-02-02,5.163,per_usd
1979-02-05,5.12,per_usd
1979-02-06,5.106,per_usd
1979-02-07,5.0625,per_usd
1979-02-08,5.0925,per_usd
1979-02-09,5.0825,per_usd
1979-02-13,5.097,per_usd
1979-02-14,5.0905,per_usd
1979-02-15,5.0865,per_usd
1979-02-16,5.095,per_usd
1979-02-20,5.097,per_usd
1979-02-21,5.1,per_usd
1979-02-22,5.094,per_usd
1979-02-23,5.094,per_usd
1979-02-26,5.083,per_usd
1979-02-27,5.084,per_usd
1979-02-28,5.081,per_usd
1979-03-01,5.085,per_usd
1979-03-02,5.086,per_usd
1979-03-05,5.097,per_usd
1979-03-06,5.095,per_usd
1979-03-07,5.076,per_usd
1979-03-08,5.079,per_usd
1979-03-09,5.086,per_usd
1979-03-12,5.088,per_usd
1979-03-13,5.099,per_usd
1979-03-14,5.093,per_usd
1979-03-15,5.093,per_usd
1979-03-16,5.103,per_usd
1979-03-19,5.1,per_usd
1979-03-20,5.106,per_usd
1979-03-21,5.113,per_usd
1979-03-22,5.107,per_usd
1979-03-23,5.1125,per_usd
1979-03-26,5.098,per_usd
1979-03-27,5.11,per_usd
1979-03-28,5.101,per_usd
1979-03-29,5.105,per_usd
1979-03-30,5.106,per_usd
1979-04-02,5.126,per_usd
1979-04-03,5.117,per_usd
1979-04-04,5.116,per_usd
1979-04-05,5.119,per_usd
1979-04-06,5.133,per_usd
1979-04-09,5.16,per_usd
1979-04-10,5.142,per_usd
1979-04-11,5.135,per_usd
1979-04-12,5.145,per_usd
1979-04-13,5.14,per_usd
1979-04-16,5.1425,per_usd
1979-04-17,5.1445,per_usd
1979-04-18,5.135,per_usd
1979-04-19,5.1375,per_usd
1979-04-20,5.162,per_usd
1979-04-23,5.152,per_usd
1979-04-24,5.152,per_usd
1979-04-25,5.159,per_usd
1979-04-26,5.1585,per_usd
1979-04-27,5.16,per_usd
1979-04-30,5.169,per_usd
1979-05-01,5.163,per_usd
1979-05-02,5.166,per_usd
1979-05-03,5.168,per_usd
1979-05-04,5.1705,per_usd
1979-05-07,5.175,per_usd
1979-05-08,5.179,per_usd
1979-05-09,5.1765,per_usd
1979-05-10,5.177,per_usd
1979-05-11,5.1855,per_usd
1979-05-14,5.19,per_usd
1979-05-15,5.198,per_usd
1979-05-16,5.195,per_usd
1979-05-17,5.207,per_usd
1979-05-18,5.225,per_usd
1979-05-21,5.208,per_usd
1979-05-22,5.2085,per_usd
1979-05-23,5.2075,per_usd
1979-05-24,5.196,per_usd
1979-05-25,5.1995,per_usd
1979-05-28,5.192,per_usd
1979-05-29,5.198,per_usd
1979-05-31,5.185,per_usd
1979-06-01,5.192,per_usd
1979-06-04,5.178,per_usd
1979-06-05,5.186,per_usd
1979-06-06,5.189,per_usd
1979-06-07,5.18,per_usd
1979-06-08,5.198,per_usd
1979-06-11,5.204,per_usd
1979-06-12,5.204,per_usd
1979-06-13,5.196,per_usd
1979-06-14,5.199,per_usd
1979-06-15,5.178,per_usd
1979-06-18,5.172,per_usd
1979-06-19,5.158,per_usd
1979-06-20,5.1365,per_usd
1979-06-21,5.1135,per_usd
1979-06-22,5.105,per_usd
1979-06-25,5.0715,per_usd
1979-06-26,5.1085,per_usd
1979-06-27,5.109,per_usd
1979-06-28,5.104,per_usd
1979-06-29,5.083,per_usd
1979-07-02,5.074,per_usd
1979-07-03,5.076,per_usd
1979-07-05,5.055,per_usd
1979-07-06,5.0645,per_usd
1979-07-09,5.087,per_usd
1979-07-10,5.0805,per_usd
1979-07-11,5.066,per_usd
1979-07-12,5.06,per_usd
1979-07-13,5.06,per_usd
1979-07-16,5.045,per_usd
1979-07-17,5.034,per_usd
1979-07-18,5.024,per_usd
1979-07-19,5.021,per_usd
1979-07-20,5.0345,per_usd
1979-07-23,5.021,per_usd
1979-07-24,5.012,per_usd
1979-07-25,5.014,per_usd
1979-07-26,5.013,per_usd
1979-07-27,5.0155,per_usd
1979-07-30,5.03,per_usd
1979-07-31,5.047,per_usd
1979-08-01,5.0405,per_usd
1979-08-02,5.039,per_usd
1979-08-03,5.046,per_usd
1979-08-06,5.033,per_usd
1979-08-07,5.033,per_usd
1979-08-08,5.0405,per_usd
1979-08-09,5.013,per_usd
1979-08-10,5.001,per_usd
1979-08-13,5.014,per_usd
1979-08-14,5.025,per_usd
1979-08-15,5.0225,per_usd
1979-08-16,5.018,per_usd
1979-08-17,5.035,per_usd
1979-08-20,5.0355,per_usd
1979-08-21,5.036,per_usd
1979-08-22,5.035,per_usd
1979-08-23,5.0355,per_usd
1979-08-24,5.0295,per_usd
1979-08-27,5.0355,per_usd
1979-08-28,5.035,per_usd
1979-08-29,5.046,per_usd
1979-08-30,5.032,per_usd
1979-08-31,5.033,per_usd
1979-09-04,5.013,per_usd
1979-09-05,5.0105,per_usd
1979-09-06,4.993,per_usd
1979-09-07,5.008,per_usd
1979-09-10,4.993,per_usd
1979-09-11,5.0035,per_usd
1979-09-12,4.994,per_usd
1979-09-13,5.006,per_usd
1979-09-14,5.0125,per_usd
1979-09-17,5.0065,per_usd
1979-09-18,5,per_usd
1979-09-19,4.99,per_usd
1979-09-20,4.936,per_usd
1979-09-21,4.9815,per_usd
1979-09-24,4.96,per_usd
1979-09-25,4.97,per_usd
1979-09-26,4.9725,per_usd
1979-09-27,4.9,per_usd
1979-09-28,4.875,per_usd
1979-10-01,4.8475,per_usd
1979-10-02,4.872,per_usd
1979-10-03,4.8575,per_usd
1979-10-04,4.914,per_usd
1979-10-05,4.913,per_usd
1979-10-09,4.9845,per_usd
1979-10-10,4.929,per_usd
1979-10-11,4.9505,per_usd
1979-10-12,4.955,per_usd
1979-10-15,4.97,per_usd
1979-10-16,4.978,per_usd
1979-10-17,4.9875,per_usd
1979-10-18,4.978,per_usd
1979-10-19,4.977,per_usd
1979-10-22,4.9945,per_usd
1979-10-23,5.015,per_usd
1979-10-24,5.015,per_usd
1979-10-25,5.0105,per_usd
1979-10-26,5.012,per_usd
1979-10-29,5.036,per_usd
1979-10-30,5.025,per_usd
1979-10-31,5.013,per_usd
1979-11-01,5.007,per_usd
1979-11-02,5.018,per_usd
1979-11-05,5.0155,per_usd
1979-11-07,5.015,per_usd
1979-11-08,5.037,per_usd
1979-11-09,5.049,per_usd
1979-11-13,5.07,per_usd
1979-11-14,5.0575,per_usd
1979-11-15,5.056,per_usd
1979-11-16,5.035,per_usd
1979-11-19,5.007,per_usd
1979-11-20,5.012,per_usd
1979-11-21,5.005,per_usd
1979-11-23,5.0135,per_usd
1979-11-26,4.996,per_usd
1979-11-27,4.9955,per_usd
1979-11-28,5.008,per_usd
1979-11-29,4.974,per_usd
1979-11-30,4.977,per_usd
1979-12-03,4.899,per_usd
1979-12-04,4.935,per_usd
1979-12-05,5.003,per_usd
1979-12-06,4.988,per_usd
1979-12-07,5.0175,per_usd
1979-12-10,5.016,per_usd
1979-12-11,4.969,per_usd
1979-12-12,4.972,per_usd
1979-12-13,4.97,per_usd
1979-12-14,4.987,per_usd
1979-12-17,4.994,per_usd
1979-12-18,4.99,per_usd
1979-12-19,4.987,per_usd
1979-12-20,4.99,per_usd
1979-12-21,5.0075,per_usd
1979-12-24,5.0125,per_usd
1979-12-26,5.0125,per_usd
1979-12-27,4.944,per_usd
1979-12-28,4.9275,per_usd
1979-12-31,4.927,per_usd
1980-01-02,4.911,per_usd
1980-01-03,4.9105,per_usd
1980-01-04,4.919,per_usd
1980-01-07,4.906,per_usd
1980-01-08,4.9165,per_usd
1980-01-09,4.9145,per_usd
1980-01-10,4.911,per_usd
1980-01-11,4.91,per_usd
1980-01-14,4.9135,per_usd
1980-01-15,4.914,per_usd
1980-01-16,4.915,per_usd
1980-01-17,4.9075,per_usd
1980-01-18,4.911,per_usd
1980-01-21,4.9185,per_usd
1980-01-22,4.923,per_usd
1980-01-23,4.918,per_usd
1980-01-24,4.8885,per_usd
1980-01-25,4.902,per_usd
1980-01-28,4.901,per_usd
1980-01-29,4.9055,per_usd
1980-01-30,4.903,per_usd
1980-01-31,4.87,per_usd
1980-02-01,4.8925,per_usd
1980-02-04,4.892,per_usd
1980-02-05,4.879,per_usd
1980-02-06,4.862,per_usd
1980-02-07,4.8705,per_usd
1980-02-08,4.867,per_usd
1980-02-11,4.867,per_usd
1980-02-13,4.854,per_usd
1980-02-14,4.864,per_usd
1980-02-15,4.873,per_usd
1980-02-19,4.884,per_usd
1980-02-20,4.877,per_usd
1980-02-21,4.8745,per_usd
1980-02-22,4.897,per_usd
1980-02-25,4.91,per_usd
1980-02-26,4.9,per_usd
1980-02-27,4.899,per_usd
1980-02-28,4.8885,per_usd
1980-02-29,4.9115,per_usd
1980-03-03,4.932,per_usd
1980-03-04,4.959,per_usd
1980-03-05,4.9595,per_usd
1980-03-06,4.988,per_usd
1980-03-07,4.988,per_usd
1980-03-10,5.013,per_usd
1980-03-11,5.005,per_usd
1980-03-12,5,per_usd
1980-03-13,5.023,per_usd
1980-03-14,5.02,per_usd
1980-03-17,5.0853,per_usd
1980-03-18,5.0765,per_usd
1980-03-19,5.062,per_usd
1980-03-20,5.061,per_usd
1980-03-21,5.0815,per_usd
1980-03-24,5.0975,per_usd
1980-03-25,5.092,per_usd
1980-03-26,5.0905,per_usd
1980-03-27,5.1375,per_usd
1980-03-28,5.146,per_usd
1980-03-31,5.182,per_usd
1980-04-01,5.207,per_usd
1980-04-02,5.182,per_usd
1980-04-03,5.19,per_usd
1980-04-04,5.2025,per_usd
1980-04-07,5.2274,per_usd
1980-04-08,5.168,per_usd
1980-04-09,5.08,per_usd
1980-04-10,5.075,per_usd
1980-04-11,5.08,per_usd
1980-04-14,5.063,per_usd
1980-04-15,5.103,per_usd
1980-04-16,5.02,per_usd
1980-04-17,5.045,per_usd
1980-04-18,5.035,per_usd
1980-04-21,5.021,per_usd
1980-04-22,5.048,per_usd
1980-04-23,4.985,per_usd
1980-04-24,4.995,per_usd
1980-04-25,4.96,per_usd
1980-04-28,4.936,per_usd
1980-04-29,4.9315,per_usd
1980-04-30,4.934,per_usd
1980-05-01,4.94,per_usd
1980-05-02,4.955,per_usd
1980-05-05,4.93,per_usd
1980-05-06,4.92,per_usd
1980-05-07,4.911,per_usd
1980-05-08,4.927,per_usd
1980-05-09,4.944,per_usd
1980-05-12,4.93,per_usd
1980-05-13,4.919,per_usd
1980-05-14,4.9075,per_usd
1980-05-15,4.9075,per_usd
1980-05-16,4.924,per_usd
1980-05-19,4.935,per_usd
1980-05-20,4.931,per_usd
1980-05-21,4.9,per_usd
1980-05-22,4.888,per_usd
1980-05-23,4.874,per_usd
1980-05-27,4.844,per_usd
1980-05-28,4.85,per_usd
1980-05-29,4.86,per_usd
1980-05-30,4.864,per_usd
1980-06-02,4.865,per_usd
1980-06-03,4.8675,per_usd
1980-06-04,4.864,per_usd
1980-06-05,4.876,per_usd
1980-06-06,4.861,per_usd
1980-06-09,4.8415,per_usd
1980-06-10,4.843,per_usd
1980-06-11,4.8505,per_usd
1980-06-12,4.846,per_usd
1980-06-13,4.83,per_usd
1980-06-16,4.8415,per_usd
1980-06-17,4.854,per_usd
1980-06-18,4.846,per_usd
1980-06-19,4.845,per_usd
1980-06-20,4.858,per_usd
1980-06-23,4.851,per_usd
1980-06-24,4.861,per_usd
1980-06-25,4.859,per_usd
1980-06-26,4.853,per_usd
1980-06-27,4.8445,per_usd
1980-06-30,4.844,per_usd
1980-07-01,4.844,per_usd
1980-07-02,4.834,per_usd
1980-07-03,4.837,per_usd
1980-07-07,4.816,per_usd
1980-07-08,4.807,per_usd
1980-07-09,4.805,per_usd
1980-07-10,4.8005,per_usd
1980-07-11,4.802,per_usd
1980-07-14,4.803,per_usd
1980-07-15,4.81,per_usd
1980-07-16,4.815,per_usd
1980-07-17,4.8,per_usd
1980-07-18,4.815,per_usd
1980-07-21,4.802,per_usd
1980-07-22,4.793,per_usd
1980-07-23,4.8,per_usd
1980-07-24,4.793,per_usd
1980-07-25,4.8005,per_usd
1980-07-28,4.8085,per_usd
1980-07-29,4.839,per_usd
1980-07-30,4.8575,per_usd
1980-07-31,4.885,per_usd
1980-08-01,4.901,per_usd
1980-08-04,4.896,per_usd
1980-08-05,4.872,per_usd
1980-08-06,4.8575,per_usd
1980-08-07,4.861,per_usd
1980-08-08,4.8715,per_usd
1980-08-11,4.866,per_usd
1980-08-12,4.857,per_usd
1980-08-13,4.853,per_usd
1980-08-14,4.862,per_usd
1980-08-15,4.859,per_usd
1980-08-18,4.873,per_usd
1980-08-19,4.866,per_usd
1980-08-20,4.864,per_usd
1980-08-21,4.857,per_usd
1980-08-22,4.8755,per_usd
1980-08-25,4.8715,per_usd
1980-08-26,4.86,per_usd
1980-08-27,4.86,per_usd
1980-08-28,4.84,per_usd
1980-08-29,4.844,per_usd
1980-09-02,4.82,per_usd
1980-09-03,4.82,per_usd
1980-09-04,4.8175,per_usd
1980-09-05,4.814,per_usd
1980-09-08,4.813,per_usd
1980-09-09,4.806,per_usd
1980-09-10,4.819,per_usd
1980-09-11,4.8125,per_usd
1980-09-12,4.8215,per_usd
1980-09-15,4.826,per_usd
1980-09-16,4.8295,per_usd
1980-09-17,4.8215,per_usd
1980-09-18,4.8535,per_usd
1980-09-19,4.852,per_usd
1980-09-22,4.863,per_usd
1980-09-23,4.865,per_usd
1980-09-24,4.856,per_usd
1980-09-25,4.857,per_usd
1980-09-26,4.861,per_usd
1980-09-29,4.8745,per_usd
1980-09-30,4.8675,per_usd
1980-10-01,4.86,per_usd
1980-10-02,4.867,per_usd
1980-10-03,4.865,per_usd
1980-10-06,4.8505,per_usd
1980-10-07,4.858,per_usd
1980-10-08,4.852,per_usd
1980-10-09,4.86,per_usd
1980-10-10,4.8555,per_usd
1980-10-14,4.859,per_usd
1980-10-15,4.8765,per_usd
1980-10-16,4.8835,per_usd
1980-10-17,4.8935,per_usd
1980-10-20,4.913,per_usd
1980-10-21,4.931,per_usd
1980-10-22,4.9235,per_usd
1980-10-23,4.92,per_usd
1980-10-24,4.921,per_usd
1980-10-27,4.937,per_usd
1980-10-28,4.952,per_usd
1980-10-29,4.951,per_usd
1980-10-30,4.95,per_usd
1980-10-31,4.962,per_usd
1980-11-03,5,per_usd
1980-11-05,5.007,per_usd
1980-11-06,5.009,per_usd
1980-11-07,5.031,per_usd
1980-11-10,5.002,per_usd
1980-11-12,5.011,per_usd
1980-11-13,4.996,per_usd
1980-11-14,4.9955,per_usd
1980-11-17,5.0255,per_usd
1980-11-18,5.024,per_usd
1980-11-19,5.0065,per_usd
1980-11-20,5.0155,per_usd
1980-11-21,5.032,per_usd
1980-11-24,5.018,per_usd
1980-11-25,5.019,per_usd
1980-11-26,5.0315,per_usd
1980-11-28,5.0425,per_usd
1980-12-01,5.085,per_usd
1980-12-02,5.105,per_usd
1980-12-03,5.1015,per_usd
1980-12-04,5.1015,per_usd
1980-12-05,5.13,per_usd
1980-12-08,5.126,per_usd
1980-12-09,5.1775,per_usd
1980-12-10,5.227,per_usd
1980-12-11,5.253,per_usd
1980-12-12,5.233,per_usd
1980-12-15,5.1625,per_usd
1980-12-16,5.229,per_usd
1980-12-17,5.174,per_usd
1980-12-18,5.195,per_usd
1980-12-19,5.163,per_usd
1980-12-22,5.16,per_usd
1980-12-23,5.155,per_usd
1980-12-24,5.14,per_usd
1980-12-26,5.143,per_usd
1980-12-29,5.1775,per_usd
1980-12-30,5.163,per_usd
1980-12-31,5.1825,per_usd
1981-01-02,5.195,per_usd
1981-01-05,5.137,per_usd
1981-01-06,5.118,per_usd
1981-01-07,5.1275,per_usd
1981-01-08,5.143,per_usd
1981-01-09,5.145,per_usd
1981-01-12,5.1675,per_usd
1981-01-13,5.191,per_usd
1981-01-14,5.181,per_usd
1981-01-15,5.202,per_usd
1981-01-16,5.235,per_usd
1981-01-19,5.23,per_usd
1981-01-20,5.2385,per_usd
1981-01-21,5.222,per_usd
1981-01-22,5.252,per_usd
1981-01-23,5.271,per_usd
1981-01-26,5.3255,per_usd
1981-01-27,5.39,per_usd
1981-01-28,5.3935,per_usd
1981-01-29,5.415,per_usd
1981-01-30,5.4825,per_usd
1981-02-02,5.422,per_usd
1981-02-03,5.437,per_usd
1981-02-04,5.374,per_usd
1981-02-05,5.393,per_usd
1981-02-06,5.415,per_usd
1981-02-09,5.38,per_usd
1981-02-10,5.421,per_usd
1981-02-11,5.434,per_usd
1981-02-13,5.52,per_usd
1981-02-17,5.4675,per_usd
1981-02-18,5.442,per_usd
1981-02-19,5.35,per_usd
1981-02-20,5.29,per_usd
1981-02-23,5.388,per_usd
1981-02-24,5.385,per_usd
1981-02-25,5.387,per_usd
1981-02-26,5.415,per_usd
1981-02-27,5.462,per_usd
1981-03-02,5.4725,per_usd
1981-03-03,5.477,per_usd
1981-03-04,5.4175,per_usd
1981-03-05,5.4475,per_usd
1981-03-06,5.456,per_usd
1981-03-09,5.4225,per_usd
1981-03-10,5.39,per_usd
1981-03-11,5.402,per_usd
1981-03-12,5.401,per_usd
1981-03-13,5.395,per_usd
1981-03-16,5.375,per_usd
1981-03-17,5.358,per_usd
1981-03-18,5.2975,per_usd
1981-03-19,5.304,per_usd
1981-03-20,5.323,per_usd
1981-03-23,5.3725,per_usd
1981-03-24,5.37,per_usd
1981-03-25,5.375,per_usd
1981-03-26,5.4075,per_usd
1981-03-27,5.435,per_usd
1981-03-30,5.385,per_usd
1981-03-31,5.39,per_usd
1981-04-01,5.377,per_usd
1981-04-02,5.392,per_usd
1981-04-03,5.412,per_usd
1981-04-06,5.44,per_usd
1981-04-07,5.423,per_usd
1981-04-08,5.441,per_usd
1981-04-09,5.448,per_usd
1981-04-10,5.463,per_usd
1981-04-13,5.497,per_usd
1981-04-14,5.466,per_usd
1981-04-15,5.495,per_usd
1981-04-16,5.483,per_usd
1981-04-17,5.52,per_usd
1981-04-20,5.52,per_usd
1981-04-21,5.488,per_usd
1981-04-22,5.4725,per_usd
1981-04-23,5.48,per_usd
1981-04-24,5.494,per_usd
1981-04-27,5.511,per_usd
1981-04-28,5.51,per_usd
1981-04-29,5.5425,per_usd
1981-04-30,5.541,per_usd
1981-05-01,5.538,per_usd
1981-05-04,5.606,per_usd
1981-05-05,5.625,per_usd
1981-05-06,5.573,per_usd
1981-05-07,5.615,per_usd
1981-05-08,5.618,per_usd
1981-05-11,5.638,per_usd
1981-05-12,5.6675,per_usd
1981-05-13,5.665,per_usd
1981-05-14,5.689,per_usd
1981-05-15,5.6925,per_usd
1981-05-18,5.687,per_usd
1981-05-19,5.689,per_usd
1981-05-20,5.675,per_usd
1981-05-21,5.712,per_usd
1981-05-22,5.706,per_usd
1981-05-26,5.722,per_usd
1981-05-27,5.75,per_usd
1981-05-28,5.7,per_usd
1981-05-29,5.744,per_usd
1981-06-01,5.742,per_usd
1981-06-02,5.8025,per_usd
1981-06-03,5.825,per_usd
1981-06-04,5.915,per_usd
1981-06-05,5.985,per_usd
1981-06-08,5.97,per_usd
1981-06-09,5.9525,per_usd
1981-06-10,5.892,per_usd
1981-06-11,5.9575,per_usd
1981-06-12,5.9475,per_usd
1981-06-15,5.855,per_usd
1981-06-16,5.853,per_usd
1981-06-17,5.8575,per_usd
1981-06-18,5.9025,per_usd
1981-06-19,5.936,per_usd
1981-06-22,5.912,per_usd
1981-06-23,5.9175,per_usd
1981-06-24,5.9225,per_usd
1981-06-25,5.9675,per_usd
1981-06-26,6.0175,per_usd
1981-06-29,5.9965,per_usd
1981-06-30,6.014,per_usd
1981-07-01,6.055,per_usd
1981-07-02,6.053,per_usd
1981-07-03,6.0475,per_usd
1981-07-06,6.1275,per_usd
1981-07-07,6.07,per_usd
1981-07-08,6.115,per_usd
1981-07-09,6.113,per_usd
1981-07-10,6.0975,per_usd
1981-07-13,6.073,per_usd
1981-07-14,6.12,per_usd
1981-07-15,6.064,per_usd
1981-07-16,6.05,per_usd
1981-07-17,6.09,per_usd
1981-07-20,6.114,per_usd
1981-07-21,6.151,per_usd
1981-07-22,6.1175,per_usd
1981-07-23,6.126,per_usd
1981-07-24,6.1215,per_usd
1981-07-27,6.1075,per_usd
1981-07-28,6.1225,per_usd
1981-07-29,6.133,per_usd
1981-07-30,6.1525,per_usd
1981-07-31,6.1375,per_usd
1981-08-03,6.2425,per_usd
1981-08-04,6.226,per_usd
1981-08-05,6.213,per_usd
1981-08-06,6.222,per_usd
1981-08-07,6.23,per_usd
1981-08-10,6.2745,per_usd
1981-08-11,6.275,per_usd
1981-08-12,6.195,per_usd
1981-08-13,6.245,per_usd
1981-08-14,6.255,per_usd
1981-08-17,6.2,per_usd
1981-08-18,6.1675,per_usd
1981-08-19,6.185,per_usd
1981-08-20,6.13,per_usd
1981-08-21,6.077,per_usd
1981-08-24,6.1075,per_usd
1981-08-25,6.15,per_usd
1981-08-26,6.13,per_usd
1981-08-27,6.1325,per_usd
1981-08-28,6.09,per_usd
1981-08-31,6.078,per_usd
1981-09-01,6.11,per_usd
1981-09-02,6.075,per_usd
1981-09-03,6.065,per_usd
1981-09-04,6.0525,per_usd
1981-09-08,6.08,per_usd
1981-09-09,6.06,per_usd
1981-09-10,6.015,per_usd
1981-09-11,5.99,per_usd
1981-09-14,5.975,per_usd
1981-09-15,5.915,per_usd
1981-09-16,5.855,per_usd
1981-09-17,5.85,per_usd
1981-09-18,5.865,per_usd
1981-09-21,5.775,per_usd
1981-09-22,5.871,per_usd
1981-09-23,5.905,per_usd
1981-09-24,5.945,per_usd
1981-09-25,5.935,per_usd
1981-09-28,5.963,per_usd
1981-09-29,5.95,per_usd
1981-09-30,5.93,per_usd
1981-10-01,5.904,per_usd
1981-10-02,5.861,per_usd
1981-10-05,5.801,per_usd
1981-10-06,5.9,per_usd
1981-10-07,5.814,per_usd
1981-10-08,5.8025,per_usd
1981-10-09,5.78,per_usd
1981-10-13,5.805,per_usd
1981-10-14,5.885,per_usd
1981-10-15,5.9075,per_usd
1981-10-16,5.9425,per_usd
1981-10-19,5.9225,per_usd
1981-10-20,5.9225,per_usd
1981-10-21,6.0125,per_usd
1981-10-22,6.0225,per_usd
1981-10-23,6.018,per_usd
1981-10-26,6.055,per_usd
1981-10-27,6.0375,per_usd
1981-10-28,5.9845,per_usd
1981-10-29,5.99,per_usd
1981-10-30,5.9425,per_usd
1981-11-02,5.865,per_usd
1981-11-04,5.85,per_usd
1981-11-05,5.885,per_usd
1981-11-06,5.865,per_usd
1981-11-09,5.827,per_usd
1981-11-10,5.865,per_usd
1981-11-12,5.851,per_usd
1981-11-13,5.8525,per_usd
1981-11-16,5.82,per_usd
1981-11-17,5.858,per_usd
1981-11-18,5.809,per_usd
1981-11-19,5.801,per_usd
1981-11-20,5.825,per_usd
1981-11-23,5.795,per_usd
1981-11-24,5.7425,per_usd
1981-11-25,5.745,per_usd
1981-11-27,5.73,per_usd
1981-11-30,5.71,per_usd
1981-12-01,5.708,per_usd
1981-12-02,5.678,per_usd
1981-12-03,5.703,per_usd
1981-12-04,5.71,per_usd
1981-12-07,5.7025,per_usd
1981-12-08,5.73,per_usd
1981-12-09,5.741,per_usd
1981-12-10,5.76,per_usd
1981-12-11,5.777,per_usd
1981-12-14,5.77,per_usd
1981-12-15,5.77,per_usd
1981-12-16,5.8025,per_usd
1981-12-17,5.7955,per_usd
1981-12-18,5.832,per_usd
1981-12-21,5.843,per_usd
1981-12-22,5.845,per_usd
1981-12-23,5.845,per_usd
1981-12-24,5.857,per_usd
1981-12-28,5.8525,per_usd
1981-12-29,5.86,per_usd
1981-12-30,5.815,per_usd
1981-12-31,5.765,per_usd
1982-01-04,5.79,per_usd
1982-01-05,5.812,per_usd
1982-01-06,5.7875,per_usd
1982-01-07,5.825,per_usd
1982-01-08,5.825,per_usd
1982-01-11,5.835,per_usd
1982-01-12,5.865,per_usd
1982-01-13,5.861,per_usd
1982-01-14,5.885,per_usd
1982-01-15,5.869,per_usd
1982-01-18,5.868,per_usd
1982-01-19,5.8625,per_usd
1982-01-20,5.87,per_usd
1982-01-21,5.8375,per_usd
1982-01-22,5.875,per_usd
1982-01-25,5.935,per_usd
1982-01-26,5.9,per_usd
1982-01-27,5.9385,per_usd
1982-01-28,5.9075,per_usd
1982-01-29,5.8975,per_usd
1982-02-01,5.9455,per_usd
1982-02-02,5.9375,per_usd
1982-02-03,5.955,per_usd
1982-02-04,5.899,per_usd
1982-02-05,5.923,per_usd
1982-02-08,5.96,per_usd
1982-02-09,5.971,per_usd
1982-02-10,5.965,per_usd
1982-02-11,5.9775,per_usd
1982-02-16,6.005,per_usd
1982-02-17,6.015,per_usd
1982-02-18,5.965,per_usd
1982-02-19,5.933,per_usd
1982-02-22,5.9675,per_usd
1982-02-23,6.019,per_usd
1982-02-24,6.005,per_usd
1982-02-25,5.988,per_usd
1982-02-26,6.0235,per_usd
1982-03-01,6.015,per_usd
1982-03-02,5.9955,per_usd
1982-03-03,5.985,per_usd
1982-03-04,5.98,per_usd
1982-03-05,5.9575,per_usd
1982-03-08,5.9475,per_usd
1982-03-09,5.983,per_usd
1982-03-10,5.974,per_usd
1982-03-11,5.992,per_usd
1982-03-12,5.995,per_usd
1982-03-15,5.9975,per_usd
1982-03-16,6.02,per_usd
1982-03-17,6.015,per_usd
1982-03-18,6.03,per_usd
1982-03-19,6.04,per_usd
1982-03-22,6.05,per_usd
1982-03-23,6.045,per_usd
1982-03-24,6.055,per_usd
1982-03-25,6.077,per_usd
1982-03-26,6.08,per_usd
1982-03-29,6.132,per_usd
1982-03-30,6.115,per_usd
1982-03-31,6.106,per_usd
1982-04-01,6.1025,per_usd
1982-04-02,6.037,per_usd
1982-04-05,6.095,per_usd
1982-04-06,6.115,per_usd
1982-04-07,6.115,per_usd
1982-04-08,6.12,per_usd
1982-04-09,6.135,per_usd
1982-04-12,6.135,per_usd
1982-04-13,6.103,per_usd
1982-04-14,6.12,per_usd
1982-04-15,6.135,per_usd
1982-04-16,6.1275,per_usd
1982-04-19,6.102,per_usd
1982-04-20,6.08,per_usd
1982-04-21,6.069,per_usd
1982-04-22,6.07,per_usd
1982-04-23,6.07,per_usd
1982-04-26,6.06,per_usd
1982-04-27,6.035,per_usd
1982-04-28,6.0075,per_usd
1982-04-29,5.9975,per_usd
1982-04-30,5.9725,per_usd
1982-05-03,5.99,per_usd
1982-05-04,6.015,per_usd
1982-05-05,5.995,per_usd
1982-05-06,5.9575,per_usd
1982-05-07,5.93,per_usd
1982-05-10,5.92,per_usd
1982-05-11,5.9125,per_usd
1982-05-12,5.91,per_usd
1982-05-13,5.94,per_usd
1982-05-14,5.94,per_usd
1982-05-17,5.9375,per_usd
1982-05-18,5.96,per_usd
1982-05-19,5.999,per_usd
1982-05-20,5.98,per_usd
1982-05-21,5.958,per_usd
1982-05-24,5.963,per_usd
1982-05-25,6.005,per_usd
1982-05-26,6,per_usd
1982-05-27,6.015,per_usd
1982-05-28,6.0235,per_usd
1982-06-01,6.0825,per_usd
1982-06-02,6.08,per_usd
1982-06-03,6.0575,per_usd
1982-06-04,6.065,per_usd
1982-06-07,6.1025,per_usd
1982-06-08,6.115,per_usd
1982-06-09,6.129,per_usd
1982-06-10,6.143,per_usd
1982-06-11,6.13,per_usd
1982-06-14,6.1675,per_usd
1982-06-15,6.1725,per_usd
1982-06-16,6.188,per_usd
1982-06-17,6.235,per_usd
1982-06-18,6.245,per_usd
1982-06-21,6.296,per_usd
1982-06-22,6.2575,per_usd
1982-06-23,6.275,per_usd
1982-06-24,6.275,per_usd
1982-06-25,6.3,per_usd
1982-06-28,6.31,per_usd
1982-06-29,6.22,per_usd
1982-06-30,6.265,per_usd
1982-07-01,6.335,per_usd
1982-07-02,6.34,per_usd
1982-07-06,6.365,per_usd
1982-07-07,6.395,per_usd
1982-07-08,6.41,per_usd
1982-07-09,6.38,per_usd
1982-07-12,6.35,per_usd
1982-07-13,6.41,per_usd
1982-07-14,6.388,per_usd
1982-07-15,6.375,per_usd
1982-07-16,6.355,per_usd
1982-07-19,6.325,per_usd
1982-07-20,6.32,per_usd
1982-07-21,6.275,per_usd
1982-07-22,6.285,per_usd
1982-07-23,6.22,per_usd
1982-07-26,6.2575,per_usd
1982-07-27,6.35,per_usd
1982-07-28,6.43,per_usd
1982-07-29,6.435,per_usd
1982-07-30,6.47,per_usd
1982-08-02,6.55,per_usd
1982-08-03,6.57,per_usd
1982-08-04,6.69,per_usd
1982-08-05,6.6675,per_usd
1982-08-06,6.72,per_usd
1982-08-09,6.755,per_usd
1982-08-10,6.765,per_usd
1982-08-11,6.78,per_usd
1982-08-12,6.77,per_usd
1982-08-13,6.7625,per_usd
1982-08-16,6.755,per_usd
1982-08-17,6.7625,per_usd
1982-08-18,6.6575,per_usd
1982-08-19,6.72,per_usd
1982-08-20,6.63,per_usd
1982-08-23,6.621,per_usd
1982-08-24,6.542,per_usd
1982-08-25,6.56,per_usd
1982-08-26,6.585,per_usd
1982-08-27,6.622,per_usd
1982-08-30,6.7215,per_usd
1982-08-31,6.72,per_usd
1982-09-01,6.6975,per_usd
1982-09-02,6.6775,per_usd
1982-09-03,6.6675,per_usd
1982-09-07,6.855,per_usd
1982-09-08,6.874,per_usd
1982-09-09,6.875,per_usd
1982-09-10,6.9375,per_usd
1982-09-13,6.965,per_usd
1982-09-14,6.9425,per_usd
1982-09-15,6.955,per_usd
1982-09-16,6.97,per_usd
1982-09-17,6.948,per_usd
1982-09-20,6.9325,per_usd
1982-09-21,6.936,per_usd
1982-09-22,6.92,per_usd
1982-09-23,6.945,per_usd
1982-09-24,6.9375,per_usd
1982-09-27,6.98,per_usd
1982-09-28,6.9825,per_usd
1982-09-29,6.93,per_usd
1982-09-30,6.97,per_usd
1982-10-01,6.9675,per_usd
1982-10-04,7.01,per_usd
1982-10-05,7.008,per_usd
1982-10-06,7.0475,per_usd
1982-10-07,7.07,per_usd
1982-10-08,7.19,per_usd
1982-10-12,7.2225,per_usd
1982-10-13,7.26,per_usd
1982-10-14,7.24,per_usd
1982-10-15,7.255,per_usd
1982-10-18,7.23,per_usd
1982-10-19,7.14,per_usd
1982-10-20,7.174,per_usd
1982-10-21,7.2275,per_usd
1982-10-22,7.23,per_usd
1982-10-25,7.2525,per_usd
1982-10-26,7.215,per_usd
1982-10-27,7.22,per_usd
1982-10-28,7.265,per_usd
1982-10-29,7.245,per_usd
1982-11-01,7.23,per_usd
1982-11-03,7.2425,per_usd
1982-11-04,7.3,per_usd
1982-11-05,7.3,per_usd
1982-11-08,7.3375,per_usd
1982-11-09,7.2975,per_usd
1982-11-10,7.2825,per_usd
1982-11-12,7.311,per_usd
1982-11-15,7.3,per_usd
1982-11-16,7.265,per_usd
1982-11-17,7.3075,per_usd
1982-11-18,7.295,per_usd
1982-11-19,7.228,per_usd
1982-11-22,7.2275,per_usd
1982-11-23,7.2325,per_usd
1982-11-24,7.18,per_usd
1982-11-26,7.1275,per_usd
1982-11-29,7.065,per_usd
1982-11-30,7.025,per_usd
1982-12-01,7.035,per_usd
1982-12-02,6.95,per_usd
1982-12-03,6.915,per_usd
1982-12-06,6.9475,per_usd
1982-12-07,6.9975,per_usd
1982-12-08,6.99,per_usd
1982-12-09,7.036,per_usd
1982-12-10,7.04,per_usd
1982-12-13,7.18,per_usd
1982-12-14,7.046,per_usd
1982-12-15,7.1,per_usd
1982-12-16,6.995,per_usd
1982-12-17,7.03,per_usd
1982-12-20,7.02,per_usd
1982-12-21,7.0475,per_usd
1982-12-22,7.08,per_usd
1982-12-23,7.0675,per_usd
1982-12-24,7.0925,per_usd
1982-12-27,7.07,per_usd
1982-12-28,7.015,per_usd
1982-12-29,7.0275,per_usd
1982-12-30,7.055,per_usd
1982-12-31,7.06,per_usd
1983-01-03,7.036,per_usd
1983-01-04,6.995,per_usd
1983-01-05,6.9525,per_usd
1983-01-06,6.97,per_usd
1983-01-07,6.9725,per_usd
1983-01-10,6.95,per_usd
1983-01-11,6.995,per_usd
1983-01-12,7.015,per_usd
1983-01-13,6.98,per_usd
1983-01-14,6.99,per_usd
1983-01-17,6.9875,per_usd
1983-01-18,7.0075,per_usd
1983-01-19,7.039,per_usd
1983-01-20,7.086,per_usd
1983-01-21,7.14,per_usd
1983-01-24,7.15,per_usd
1983-01-25,7.085,per_usd
1983-01-26,7.1475,per_usd
1983-01-27,7.125,per_usd
1983-01-28,7.125,per_usd
1983-01-31,7.19,per_usd
1983-02-01,7.1675,per_usd
1983-02-02,7.21,per_usd
1983-02-03,7.1825,per_usd
1983-02-04,7.19,per_usd
1983-02-07,7.1675,per_usd
1983-02-08,7.127,per_usd
1983-02-09,7.0925,per_usd
1983-02-10,7.075,per_usd
1983-02-11,7.055,per_usd
1983-02-14,7.07,per_usd
1983-02-15,7.0525,per_usd
1983-02-16,7.045,per_usd
1983-02-17,7.055,per_usd
1983-02-18,7.059,per_usd
1983-02-22,7.106,per_usd
1983-02-23,7.1425,per_usd
1983-02-24,7.13,per_usd
1983-02-25,7.13,per_usd
1983-02-28,7.1675,per_usd
1983-03-01,7.185,per_usd
1983-03-02,7.16,per_usd
1983-03-03,7.145,per_usd
1983-03-04,7.11,per_usd
1983-03-07,7.12,per_usd
1983-03-08,7.19,per_usd
1983-03-09,7.185,per_usd
1983-03-10,7.175,per_usd
1983-03-11,7.22,per_usd
1983-03-14,7.16,per_usd
1983-03-15,7.149,per_usd
1983-03-16,7.1175,per_usd
1983-03-17,7.153,per_usd
1983-03-18,7.19,per_usd
1983-03-21,7.26,per_usd
1983-03-22,7.195,per_usd
1983-03-23,7.23,per_usd
1983-03-24,7.225,per_usd
1983-03-25,7.205,per_usd
1983-03-28,7.23,per_usd
1983-03-29,7.23,per_usd
1983-03-30,7.205,per_usd
1983-03-31,7.22,per_usd
1983-04-01,7.22,per_usd
1983-04-04,7.2,per_usd
1983-04-05,7.145,per_usd
1983-04-06,7.135,per_usd
1983-04-07,7.136,per_usd
1983-04-08,7.1675,per_usd
1983-04-11,7.169,per_usd
1983-04-12,7.15,per_usd
1983-04-13,7.1525,per_usd
1983-04-14,7.16,per_usd
1983-04-15,7.145,per_usd
1983-04-18,7.158,per_usd
1983-04-19,7.145,per_usd
1983-04-20,7.157,per_usd
1983-04-21,7.145,per_usd
1983-04-22,7.124,per_usd
1983-04-25,7.1285,per_usd
1983-04-26,7.1125,per_usd
1983-04-27,7.09,per_usd
1983-04-28,7.1075,per_usd
1983-04-29,7.118,per_usd
1983-05-02,7.105,per_usd
1983-05-03,7.1275,per_usd
1983-05-04,7.098,per_usd
1983-05-05,7.0925,per_usd
1983-05-06,7.1,per_usd
1983-05-09,7.065,per_usd
1983-05-10,7.082,per_usd
1983-05-11,7.073,per_usd
1983-05-12,7.085,per_usd
1983-05-13,7.0785,per_usd
1983-05-16,7.115,per_usd
1983-05-17,7.11,per_usd
1983-05-18,7.1275,per_usd
1983-05-19,7.14,per_usd
1983-05-20,7.1385,per_usd
1983-05-23,7.15,per_usd
1983-05-24,7.16,per_usd
1983-05-25,7.139,per_usd
1983-05-26,7.1375,per_usd
1983-05-27,7.145,per_usd
1983-05-31,7.155,per_usd
1983-06-01,7.185,per_usd
1983-06-02,7.178,per_usd
1983-06-03,7.208,per_usd
1983-06-06,7.23,per_usd
1983-06-07,7.245,per_usd
1983-06-08,7.255,per_usd
1983-06-09,7.2675,per_usd
1983-06-10,7.26,per_usd
1983-06-13,7.27,per_usd
1983-06-14,7.275,per_usd
1983-06-15,7.303,per_usd
1983-06-16,7.2875,per_usd
1983-06-17,7.295,per_usd
1983-06-20,7.325,per_usd
1983-06-21,7.31,per_usd
1983-06-22,7.247,per_usd
1983-06-23,7.2975,per_usd
1983-06-24,7.29,per_usd
1983-06-27,7.2825,per_usd
1983-06-28,7.2875,per_usd
1983-06-29,7.2975,per_usd
1983-06-30,7.296,per_usd
1983-07-01,7.2925,per_usd
1983-07-05,7.3125,per_usd
1983-07-06,7.309,per_usd
1983-07-07,7.3075,per_usd
1983-07-08,7.3025,per_usd
1983-07-11,7.315,per_usd
1983-07-12,7.314,per_usd
1983-07-13,7.3075,per_usd
1983-07-14,7.2845,per_usd
1983-07-15,7.34,per_usd
1983-07-18,7.3425,per_usd
1983-07-19,7.3325,per_usd
1983-07-20,7.3025,per_usd
1983-07-21,7.314,per_usd
1983-07-22,7.335,per_usd
1983-07-25,7.3525,per_usd
1983-07-26,7.37,per_usd
1983-07-27,7.3745,per_usd
1983-07-28,7.3675,per_usd
1983-07-29,7.385,per_usd
1983-08-01,7.4925,per_usd
1983-08-02,7.42,per_usd
1983-08-03,7.438,per_usd
1983-08-04,7.465,per_usd
1983-08-05,7.484,per_usd
1983-08-08,7.52,per_usd
1983-08-09,7.4975,per_usd
1983-08-10,7.56,per_usd
1983-08-11,7.5725,per_usd
1983-08-12,7.5475,per_usd
1983-08-15,7.525,per_usd
1983-08-16,7.425,per_usd
1983-08-17,7.41,per_usd
1983-08-18,7.4,per_usd
1983-08-19,7.435,per_usd
1983-08-22,7.38,per_usd
1983-08-23,7.382,per_usd
1983-08-24,7.3865,per_usd
1983-08-25,7.4125,per_usd
1983-08-26,7.46,per_usd
1983-08-29,7.483,per_usd
1983-08-30,7.4825,per_usd
1983-08-31,7.495,per_usd
1983-09-01,7.5,per_usd
1983-09-02,7.488,per_usd
1983-09-06,7.483,per_usd
1983-09-07,7.485,per_usd
1983-09-08,7.46,per_usd
1983-09-09,7.4575,per_usd
1983-09-12,7.4025,per_usd
1983-09-13,7.465,per_usd
1983-09-14,7.456,per_usd
1983-09-15,7.44,per_usd
1983-09-16,7.414,per_usd
1983-09-19,7.395,per_usd
1983-09-20,7.4175,per_usd
1983-09-21,7.415,per_usd
1983-09-22,7.445,per_usd
1983-09-23,7.3925,per_usd
1983-09-26,7.378,per_usd
1983-09-27,7.3975,per_usd
1983-09-28,7.375,per_usd
1983-09-29,7.365,per_usd
1983-09-30,7.338,per_usd
1983-10-03,7.33,per_usd
1983-10-04,7.345,per_usd
1983-10-05,7.294,per_usd
1983-10-06,7.283,per_usd
1983-10-07,7.2625,per_usd
1983-10-11,7.2875,per_usd
1983-10-12,7.325,per_usd
1983-10-13,7.308,per_usd
1983-10-14,7.36,per_usd
1983-10-17,7.3125,per_usd
1983-10-18,7.285,per_usd
1983-10-19,7.3,per_usd
1983-10-20,7.3125,per_usd
1983-10-21,7.304,per_usd
1983-10-24,7.3465,per_usd
1983-10-25,7.338,per_usd
1983-10-26,7.367,per_usd
1983-10-27,7.366,per_usd
1983-10-28,7.375,per_usd
1983-10-31,7.386,per_usd
1983-11-01,7.4225,per_usd
1983-11-02,7.4025,per_usd
1983-11-03,7.42,per_usd
1983-11-04,7.445,per_usd
1983-11-07,7.464,per_usd
1983-11-09,7.445,per_usd
1983-11-10,7.418,per_usd
1983-11-14,7.44,per_usd
1983-11-15,7.45,per_usd
1983-11-16,7.4775,per_usd
1983-11-17,7.4975,per_usd
1983-11-18,7.5025,per_usd
1983-11-21,7.485,per_usd
1983-11-22,7.485,per_usd
1983-11-23,7.49,per_usd
1983-11-25,7.529,per_usd
1983-11-28,7.525,per_usd
1983-11-29,7.526,per_usd
1983-11-30,7.4975,per_usd
1983-12-01,7.4955,per_usd
1983-12-02,7.525,per_usd
1983-12-05,7.5975,per_usd
1983-12-06,7.585,per_usd
1983-12-07,7.63,per_usd
1983-12-08,7.705,per_usd
1983-12-09,7.745,per_usd
1983-12-12,7.7575,per_usd
1983-12-13,7.8,per_usd
1983-12-14,7.79,per_usd
1983-12-15,7.805,per_usd
1983-12-16,7.805,per_usd
1983-12-19,7.8125,per_usd
1983-12-20,7.797,per_usd
1983-12-21,7.805,per_usd
1983-12-22,7.8,per_usd
1983-12-23,7.791,per_usd
1983-12-27,7.7725,per_usd
1983-12-28,7.755,per_usd
1983-12-29,7.715,per_usd
1983-12-30,7.71,per_usd
1984-01-03,7.802,per_usd
1984-01-04,7.8475,per_usd
1984-01-05,7.85,per_usd
1984-01-06,7.8775,per_usd
1984-01-09,7.945,per_usd
1984-01-10,7.9025,per_usd
1984-01-11,7.96,per_usd
1984-01-12,7.945,per_usd
1984-01-13,7.8775,per_usd
1984-01-16,7.8625,per_usd
1984-01-17,7.84,per_usd
1984-01-18,7.84,per_usd
1984-01-19,7.823,per_usd
1984-01-20,7.865,per_usd
1984-01-23,7.87,per_usd
1984-01-24,7.8975,per_usd
1984-01-25,7.895,per_usd
1984-01-26,7.876,per_usd
1984-01-27,7.884,per_usd
1984-01-30,7.86,per_usd
1984-01-31,7.882,per_usd
1984-02-01,7.8575,per_usd
1984-02-02,7.815,per_usd
1984-02-03,7.77,per_usd
1984-02-06,7.795,per_usd
1984-02-07,7.8035,per_usd
1984-02-08,7.79,per_usd
1984-02-09,7.79,per_usd
1984-02-10,7.768,per_usd
1984-02-14,7.745,per_usd
1984-02-15,7.665,per_usd
1984-02-16,7.645,per_usd
1984-02-17,7.665,per_usd
1984-02-21,7.7065,per_usd
1984-02-22,7.6275,per_usd
1984-02-23,7.622,per_usd
1984-02-24,7.545,per_usd
1984-02-27,7.5825,per_usd
1984-02-28,7.52,per_usd
1984-02-29,7.5025,per_usd
1984-03-01,7.5225,per_usd
1984-03-02,7.48,per_usd
1984-03-05,7.45,per_usd
1984-03-06,7.4,per_usd
1984-03-07,7.4175,per_usd
1984-03-08,7.4725,per_usd
1984-03-09,7.47,per_usd
1984-03-12,7.515,per_usd
1984-03-13,7.448,per_usd
1984-03-14,7.4175,per_usd
1984-03-15,7.4725,per_usd
1984-03-16,7.5625,per_usd
1984-03-19,7.5625,per_usd
1984-03-20,7.58,per_usd
1984-03-21,7.609,per_usd
1984-03-22,7.585,per_usd
1984-03-23,7.565,per_usd
1984-03-26,7.5225,per_usd
1984-03-27,7.5025,per_usd
1984-03-28,7.5075,per_usd
1984-03-29,7.489,per_usd
1984-03-30,7.51,per_usd
1984-04-02,7.52,per_usd
1984-04-03,7.555,per_usd
1984-04-04,7.556,per_usd
1984-04-05,7.5575,per_usd
1984-04-06,7.5575,per_usd
1984-04-09,7.5675,per_usd
1984-04-10,7.545,per_usd
1984-04-11,7.52,per_usd
1984-04-12,7.5425,per_usd
1984-04-13,7.57,per_usd
1984-04-16,7.585,per_usd
1984-04-17,7.605,per_usd
1984-04-18,7.59,per_usd
1984-04-19,7.6375,per_usd
1984-04-20,7.62,per_usd
1984-04-23,7.615,per_usd
1984-04-24,7.655,per_usd
1984-04-25,7.6575,per_usd
1984-04-26,7.691,per_usd
1984-04-27,7.703,per_usd
1984-04-30,7.733,per_usd
1984-05-01,7.755,per_usd
1984-05-02,7.737,per_usd
1984-05-03,7.718,per_usd
1984-05-04,7.74,per_usd
1984-05-07,7.83,per_usd
1984-05-08,7.8415,per_usd
1984-05-09,7.846,per_usd
1984-05-10,7.8775,per_usd
1984-05-11,7.84,per_usd
1984-05-14,7.86,per_usd
1984-05-15,7.8205,per_usd
1984-05-16,7.803,per_usd
1984-05-17,7.826,per_usd
1984-05-18,7.88,per_usd
1984-05-21,7.838,per_usd
1984-05-22,7.802,per_usd
1984-05-23,7.84,per_usd
1984-05-24,7.785,per_usd
1984-05-25,7.78,per_usd
1984-05-29,7.8,per_usd
1984-05-30,7.81,per_usd
1984-05-31,7.7915,per_usd
1984-06-01,7.718,per_usd
1984-06-04,7.64,per_usd
1984-06-05,7.7075,per_usd
1984-06-06,7.669,per_usd
1984-06-07,7.714,per_usd
1984-06-08,7.712,per_usd
1984-06-11,7.7475,per_usd
1984-06-12,7.779,per_usd
1984-06-13,7.753,per_usd
1984-06-14,7.768,per_usd
1984-06-15,7.797,per_usd
1984-06-18,7.8175,per_usd
1984-06-19,7.81,per_usd
1984-06-20,7.854,per_usd
1984-06-21,7.889,per_usd
1984-06-22,7.89,per_usd
1984-06-25,7.928,per_usd
1984-06-26,7.968,per_usd
1984-06-27,7.998,per_usd
1984-06-28,7.994,per_usd
1984-06-29,7.986,per_usd
1984-07-02,8.02,per_usd
1984-07-03,8.079,per_usd
1984-07-05,8.1405,per_usd
1984-07-06,8.156,per_usd
1984-07-09,8.181,per_usd
1984-07-10,8.144,per_usd
1984-07-11,8.204,per_usd
1984-07-12,8.207,per_usd
1984-07-13,8.18,per_usd
1984-07-16,8.175,per_usd
1984-07-17,8.225,per_usd
1984-07-18,8.274,per_usd
1984-07-19,8.2265,per_usd
1984-07-20,8.261,per_usd
1984-07-23,8.2925,per_usd
1984-07-24,8.282,per_usd
1984-07-25,8.242,per_usd
1984-07-26,8.2365,per_usd
1984-07-27,8.298,per_usd
1984-07-30,8.333,per_usd
1984-07-31,8.36,per_usd
1984-08-01,8.385,per_usd
1984-08-02,8.3375,per_usd
1984-08-03,8.353,per_usd
1984-08-06,8.297,per_usd
1984-08-07,8.3675,per_usd
1984-08-08,8.31,per_usd
1984-08-09,8.3325,per_usd
1984-08-10,8.313,per_usd
1984-08-13,8.349,per_usd
1984-08-14,8.263,per_usd
1984-08-15,8.28,per_usd
1984-08-16,8.244,per_usd
1984-08-17,8.247,per_usd
1984-08-20,8.2725,per_usd
1984-08-21,8.293,per_usd
1984-08-22,8.2855,per_usd
1984-08-23,8.256,per_usd
1984-08-24,8.27,per_usd
1984-08-27,8.2915,per_usd
1984-08-28,8.28,per_usd
1984-08-29,8.27,per_usd
1984-08-30,8.292,per_usd
1984-08-31,8.29,per_usd
1984-09-04,8.3875,per_usd
1984-09-05,8.425,per_usd
1984-09-06,8.425,per_usd
1984-09-07,8.475,per_usd
1984-09-10,8.498,per_usd
1984-09-11,8.501,per_usd
1984-09-12,8.515,per_usd
1984-09-13,8.5875,per_usd
1984-09-14,8.575,per_usd
1984-09-17,8.6435,per_usd
1984-09-18,8.687,per_usd
1984-09-19,8.706,per_usd
1984-09-20,8.765,per_usd
1984-09-21,8.683,per_usd
1984-09-24,8.75,per_usd
1984-09-25,8.848,per_usd
1984-09-26,8.785,per_usd
1984-09-27,8.751,per_usd
1984-09-28,8.86,per_usd
1984-10-01,8.83,per_usd
1984-10-02,8.813,per_usd
1984-10-03,8.7525,per_usd
1984-10-04,8.785,per_usd
1984-10-05,8.819,per_usd
1984-10-09,8.894,per_usd
1984-10-10,8.864,per_usd
1984-10-11,8.8975,per_usd
1984-10-12,8.9275,per_usd
1984-10-15,9.006,per_usd
1984-10-16,9.0175,per_usd
1984-10-17,9,per_usd
1984-10-18,9,per_usd
1984-10-19,8.922,per_usd
1984-10-22,8.911,per_usd
1984-10-23,8.85,per_usd
1984-10-24,8.785,per_usd
1984-10-25,8.768,per_usd
1984-10-26,8.816,per_usd
1984-10-29,8.878,per_usd
1984-10-30,8.8375,per_usd
1984-10-31,8.812,per_usd
1984-11-01,8.715,per_usd
1984-11-02,8.61,per_usd
1984-11-05,8.576,per_usd
1984-11-07,8.563,per_usd
1984-11-08,8.595,per_usd
1984-11-09,8.6,per_usd
1984-11-13,8.5625,per_usd
1984-11-14,8.635,per_usd
1984-11-15,8.6275,per_usd
1984-11-16,8.66,per_usd
1984-11-19,8.7,per_usd
1984-11-20,8.732,per_usd
1984-11-21,8.7775,per_usd
1984-11-23,8.8025,per_usd
1984-11-26,8.892,per_usd
1984-11-27,8.8555,per_usd
1984-11-28,8.88,per_usd
1984-11-29,8.875,per_usd
1984-11-30,8.9735,per_usd
1984-12-03,8.985,per_usd
1984-12-04,8.8505,per_usd
1984-12-05,8.935,per_usd
1984-12-06,8.9025,per_usd
1984-12-07,8.9275,per_usd
1984-12-10,8.935,per_usd
1984-12-11,8.923,per_usd
1984-12-12,8.935,per_usd
1984-12-13,8.97,per_usd
1984-12-14,8.925,per_usd
1984-12-17,8.935,per_usd
1984-12-18,8.954,per_usd
1984-12-19,8.9925,per_usd
1984-12-20,9.055,per_usd
1984-12-21,9.03,per_usd
1984-12-24,9.04,per_usd
1984-12-26,9.05,per_usd
1984-12-27,9.1,per_usd
1984-12-28,9.075,per_usd
1984-12-31,9.09,per_usd
1985-01-02,9.17,per_usd
1985-01-03,9.16,per_usd
1985-01-04,9.16,per_usd
1985-01-07,9.162,per_usd
1985-01-08,9.1275,per_usd
1985-01-09,9.135,per_usd
1985-01-10,9.12,per_usd
1985-01-11,9.145,per_usd
1985-01-14,9.236,per_usd
1985-01-15,9.2375,per_usd
1985-01-16,9.24,per_usd
1985-01-17,9.2225,per_usd
1985-01-18,9.21,per_usd
1985-01-22,9.1775,per_usd
1985-01-23,9.1975,per_usd
1985-01-24,9.1475,per_usd
1985-01-25,9.168,per_usd
1985-01-28,9.17,per_usd
1985-01-29,9.185,per_usd
1985-01-30,9.175,per_usd
1985-01-31,9.16,per_usd
1985-02-01,9.19,per_usd
1985-02-04,9.265,per_usd
1985-02-05,9.305,per_usd
1985-02-06,9.283,per_usd
1985-02-07,9.32,per_usd
1985-02-08,9.34,per_usd
1985-02-11,9.4025,per_usd
1985-02-13,9.4875,per_usd
1985-02-14,9.44,per_usd
1985-02-15,9.385,per_usd
1985-02-19,9.49,per_usd
1985-02-20,9.52,per_usd
1985-02-21,9.5575,per_usd
1985-02-22,9.6775,per_usd
1985-02-25,9.835,per_usd
1985-02-26,9.8225,per_usd
1985-02-27,9.53,per_usd
1985-02-28,9.6,per_usd
1985-03-01,9.65,per_usd
1985-03-04,9.6475,per_usd
1985-03-05,9.8125,per_usd
1985-03-06,9.6875,per_usd
1985-03-07,9.745,per_usd
1985-03-08,9.76,per_usd
1985-03-11,9.6075,per_usd
1985-03-12,9.605,per_usd
1985-03-13,9.63,per_usd
1985-03-14,9.6625,per_usd
1985-03-15,9.635,per_usd
1985-03-18,9.555,per_usd
1985-03-19,9.38,per_usd
1985-03-20,9.39,per_usd
1985-03-21,9.24,per_usd
1985-03-22,9.26,per_usd
1985-03-25,9.28,per_usd
1985-03-26,9.225,per_usd
1985-03-27,8.995,per_usd
1985-03-28,9.02,per_usd
1985-03-29,8.89,per_usd
1985-04-01,8.995,per_usd
1985-04-02,9.075,per_usd
1985-04-03,8.97,per_usd
1985-04-04,9.1425,per_usd
1985-04-05,9.12,per_usd
1985-04-08,9.065,per_usd
1985-04-09,9.05,per_usd
1985-04-10,9.031,per_usd
1985-04-11,8.86,per_usd
1985-04-12,8.82,per_usd
1985-04-15,8.775,per_usd
1985-04-16,8.77,per_usd
1985-04-17,8.776,per_usd
1985-04-18,8.685,per_usd
1985-04-19,8.69,per_usd
1985-04-22,8.758,per_usd
1985-04-23,8.9025,per_usd
1985-04-24,8.9975,per_usd
1985-04-25,9.075,per_usd
1985-04-26,9.01,per_usd
1985-04-29,8.975,per_usd
1985-04-30,8.9475,per_usd
1985-05-01,9.045,per_usd
1985-05-02,9.0925,per_usd
1985-05-03,9.2,per_usd
1985-05-06,9.225,per_usd
1985-05-07,9.085,per_usd
1985-05-08,9.13,per_usd
1985-05-09,8.975,per_usd
1985-05-10,8.99,per_usd
1985-05-13,8.895,per_usd
1985-05-14,8.8195,per_usd
1985-05-15,8.876,per_usd
1985-05-16,8.925,per_usd
1985-05-17,8.835,per_usd
1985-05-20,8.772,per_usd
1985-05-21,8.81,per_usd
1985-05-22,8.8625,per_usd
1985-05-23,8.8875,per_usd
1985-05-24,8.88,per_usd
1985-05-28,8.93,per_usd
1985-05-29,8.8575,per_usd
1985-05-30,8.86,per_usd
1985-05-31,8.82,per_usd
1985-06-03,8.785,per_usd
1985-06-04,8.8,per_usd
1985-06-05,8.8575,per_usd
1985-06-06,8.8225,per_usd
1985-06-07,8.855,per_usd
1985-06-10,8.9075,per_usd
1985-06-11,8.885,per_usd
1985-06-12,8.88,per_usd
1985-06-13,8.8925,per_usd
1985-06-14,8.812,per_usd
1985-06-17,8.8125,per_usd
1985-06-18,8.7325,per_usd
1985-06-19,8.719,per_usd
1985-06-20,8.83,per_usd
1985-06-21,8.81,per_usd
1985-06-24,8.8135,per_usd
1985-06-25,8.835,per_usd
1985-06-26,8.786,per_usd
1985-06-27,8.8,per_usd
1985-06-28,8.8745,per_usd
1985-07-01,8.755,per_usd
1985-07-02,8.771,per_usd
1985-07-03,8.75,per_usd
1985-07-05,8.665,per_usd
1985-07-08,8.605,per_usd
1985-07-09,8.55,per_usd
1985-07-10,8.475,per_usd
1985-07-11,8.46,per_usd
1985-07-12,8.3865,per_usd
1985-07-15,8.378,per_usd
1985-07-16,8.37,per_usd
1985-07-17,8.27,per_usd
1985-07-18,8.327,per_usd
1985-07-19,8.4,per_usd
1985-07-22,8.394,per_usd
1985-07-23,8.291,per_usd
1985-07-24,8.3725,per_usd
1985-07-25,8.3345,per_usd
1985-07-26,8.324,per_usd
1985-07-29,8.23,per_usd
1985-07-30,8.23,per_usd
1985-07-31,8.205,per_usd
1985-08-01,8.285,per_usd
1985-08-02,8.28,per_usd
1985-08-05,8.3025,per_usd
1985-08-06,8.3575,per_usd
1985-08-07,8.37,per_usd
1985-08-08,8.31,per_usd
1985-08-09,8.34,per_usd
1985-08-12,8.26,per_usd
1985-08-13,8.225,per_usd
1985-08-14,8.2435,per_usd
1985-08-15,8.175,per_usd
1985-08-16,8.175,per_usd
1985-08-19,8.1775,per_usd
1985-08-20,8.3,per_usd
1985-08-21,8.22,per_usd
1985-08-22,8.154,per_usd
1985-08-23,8.163,per_usd
1985-08-26,8.2125,per_usd
1985-08-27,8.245,per_usd
1985-08-28,8.198,per_usd
1985-08-29,8.2225,per_usd
1985-08-30,8.255,per_usd
1985-09-03,8.3815,per_usd
1985-09-04,8.345,per_usd
1985-09-05,8.368,per_usd
1985-09-06,8.5225,per_usd
1985-09-09,8.59,per_usd
1985-09-10,8.568,per_usd
1985-09-11,8.61,per_usd
1985-09-12,8.61,per_usd
1985-09-13,8.4725,per_usd
1985-09-16,8.445,per_usd
1985-09-17,8.45,per_usd
1985-09-18,8.49,per_usd
1985-09-19,8.46,per_usd
1985-09-20,8.321,per_usd
1985-09-23,8.126,per_usd
1985-09-24,8.063,per_usd
1985-09-25,7.976,per_usd
1985-09-26,7.93,per_usd
1985-09-27,7.97,per_usd
1985-09-30,7.975,per_usd
1985-10-01,7.94,per_usd
1985-10-02,7.89,per_usd
1985-10-03,7.845,per_usd
1985-10-04,7.835,per_usd
1985-10-07,7.9075,per_usd
1985-10-08,7.89,per_usd
1985-10-09,7.895,per_usd
1985-10-10,7.913,per_usd
1985-10-11,7.91,per_usd
1985-10-15,7.927,per_usd
1985-10-16,8.007,per_usd
1985-10-17,7.953,per_usd
1985-10-18,7.955,per_usd
1985-10-21,7.888,per_usd
1985-10-22,7.9225,per_usd
1985-10-23,7.925,per_usd
1985-10-24,7.934,per_usd
1985-10-25,7.94,per_usd
1985-10-28,7.92,per_usd
1985-10-29,7.87,per_usd
1985-10-30,7.8775,per_usd
1985-10-31,7.8725,per_usd
1985-11-01,7.87,per_usd
1985-11-04,7.842,per_usd
1985-11-05,7.855,per_usd
1985-11-06,7.835,per_usd
1985-11-07,7.8775,per_usd
1985-11-08,7.905,per_usd
1985-11-12,7.89,per_usd
1985-11-13,7.875,per_usd
1985-11-14,7.8725,per_usd
1985-11-15,7.8775,per_usd
1985-11-18,7.8475,per_usd
1985-11-19,7.82,per_usd
1985-11-20,7.854,per_usd
1985-11-21,7.781,per_usd
1985-11-22,7.7435,per_usd
1985-11-25,7.7,per_usd
1985-11-26,7.667,per_usd
1985-11-27,7.638,per_usd
1985-11-29,7.594,per_usd
1985-12-02,7.585,per_usd
1985-12-03,7.63,per_usd
1985-12-04,7.593,per_usd
1985-12-05,7.6,per_usd
1985-12-06,7.609,per_usd
1985-12-09,7.6515,per_usd
1985-12-10,7.6975,per_usd
1985-12-11,7.746,per_usd
1985-12-12,7.672,per_usd
1985-12-13,7.685,per_usd
1985-12-16,7.694,per_usd
1985-12-17,7.662,per_usd
1985-12-18,7.703,per_usd
1985-12-19,7.702,per_usd
1985-12-20,7.69,per_usd
1985-12-23,7.66,per_usd
1985-12-24,7.66,per_usd
1985-12-26,7.665,per_usd
1985-12-27,7.62,per_usd
1985-12-30,7.595,per_usd
1985-12-31,7.58,per_usd
1986-01-02,7.551,per_usd
1986-01-03,7.58,per_usd
1986-01-06,7.536,per_usd
1986-01-07,7.536,per_usd
1986-01-08,7.566,per_usd
1986-01-09,7.541,per_usd
1986-01-10,7.581,per_usd
1986-01-13,7.61,per_usd
1986-01-14,7.6015,per_usd
1986-01-15,7.599,per_usd
1986-01-16,7.609,per_usd
1986-01-17,7.619,per_usd
1986-01-21,7.575,per_usd
1986-01-22,7.6,per_usd
1986-01-23,7.615,per_usd
1986-01-24,7.549,per_usd
1986-01-27,7.5075,per_usd
1986-01-28,7.483,per_usd
1986-01-29,7.479,per_usd
1986-01-30,7.44,per_usd
1986-01-31,7.4575,per_usd
1986-02-03,7.48,per_usd
1986-02-04,7.5125,per_usd
1986-02-05,7.443,per_usd
1986-02-06,7.433,per_usd
1986-02-07,7.47,per_usd
1986-02-10,7.41,per_usd
1986-02-11,7.38,per_usd
1986-02-12,7.37,per_usd
1986-02-13,7.345,per_usd
1986-02-14,7.335,per_usd
1986-02-18,7.324,per_usd
1986-02-19,7.2275,per_usd
1986-02-20,7.1975,per_usd
1986-02-21,7.211,per_usd
1986-02-24,7.153,per_usd
1986-02-25,7.0275,per_usd
1986-02-26,6.978,per_usd
1986-02-27,6.97,per_usd
1986-02-28,7.0325,per_usd
1986-03-03,7.013,per_usd
1986-03-04,6.965,per_usd
1986-03-05,7.2,per_usd
1986-03-06,7.126,per_usd
1986-03-07,7.125,per_usd
1986-03-10,7.211,per_usd
1986-03-11,7.1675,per_usd
1986-03-12,7.2,per_usd
1986-03-13,7.215,per_usd
1986-03-14,7.138,per_usd
1986-03-17,7.102,per_usd
1986-03-18,7.11,per_usd
1986-03-19,7.14,per_usd
1986-03-20,7.12,per_usd
1986-03-21,7.096,per_usd
1986-03-24,7.19,per_usd
1986-03-25,7.315,per_usd
1986-03-26,7.28,per_usd
1986-03-27,7.291,per_usd
1986-03-28,7.288,per_usd
1986-03-31,7.3,per_usd
1986-04-01,7.291,per_usd
1986-04-02,7.313,per_usd
1986-04-03,7.372,per_usd
1986-04-04,7.455,per_usd
1986-04-07,7.4275,per_usd
1986-04-08,7.29,per_usd
1986-04-09,7.3275,per_usd
1986-04-10,7.3125,per_usd
1986-04-11,7.26,per_usd
1986-04-14,7.2325,per_usd
1986-04-15,7.25,per_usd
1986-04-16,7.115,per_usd
1986-04-17,7.025,per_usd
1986-04-18,7.0575,per_usd
1986-04-21,7.054,per_usd
1986-04-22,7.02,per_usd
1986-04-23,7.01,per_usd
1986-04-24,6.97,per_usd
1986-04-25,6.95,per_usd
1986-04-28,6.9075,per_usd
1986-04-29,6.9285,per_usd
1986-04-30,6.9575,per_usd
1986-05-01,7.14,per_usd
1986-05-02,7.055,per_usd
1986-05-05,6.933,per_usd
1986-05-06,7,per_usd
1986-05-07,6.95,per_usd
1986-05-08,7,per_usd
1986-05-09,6.945,per_usd
1986-05-12,7.435,per_usd
1986-05-13,7.51,per_usd
1986-05-14,7.465,per_usd
1986-05-15,7.483,per_usd
1986-05-16,7.544,per_usd
1986-05-19,7.573,per_usd
1986-05-20,7.5925,per_usd
1986-05-21,7.611,per_usd
1986-05-22,7.688,per_usd
1986-05-23,7.71,per_usd
1986-05-27,7.695,per_usd
1986-05-28,7.695,per_usd
1986-05-29,7.759,per_usd
1986-05-30,7.84,per_usd
1986-06-02,7.834,per_usd
1986-06-03,7.7125,per_usd
1986-06-04,7.72,per_usd
1986-06-05,7.64,per_usd
1986-06-06,7.6,per_usd
1986-06-09,7.6225,per_usd
1986-06-10,7.574,per_usd
1986-06-11,7.564,per_usd
1986-06-12,7.55,per_usd
1986-06-13,7.554,per_usd
1986-06-16,7.537,per_usd
1986-06-17,7.628,per_usd
1986-06-18,7.635,per_usd
1986-06-19,7.6225,per_usd
1986-06-20,7.644,per_usd
1986-06-23,7.65,per_usd
1986-06-24,7.58,per_usd
1986-06-25,7.565,per_usd
1986-06-26,7.575,per_usd
1986-06-27,7.53,per_usd
1986-06-30,7.5075,per_usd
1986-07-01,7.4535,per_usd
1986-07-02,7.4825,per_usd
1986-07-03,7.448,per_usd
1986-07-07,7.46,per_usd
1986-07-08,7.48,per_usd
1986-07-09,7.495,per_usd
1986-07-10,7.495,per_usd
1986-07-11,7.561,per_usd
1986-07-14,7.648,per_usd
1986-07-15,7.527,per_usd
1986-07-16,7.4735,per_usd
1986-07-17,7.457,per_usd
1986-07-18,7.432,per_usd
1986-07-21,7.42,per_usd
1986-07-22,7.48,per_usd
1986-07-23,7.47,per_usd
1986-07-24,7.487,per_usd
1986-07-25,7.51,per_usd
1986-07-28,7.465,per_usd
1986-07-29,7.449,per_usd
1986-07-30,7.448,per_usd
1986-07-31,7.419,per_usd
1986-08-01,7.405,per_usd
1986-08-04,7.42,per_usd
1986-08-05,7.39,per_usd
1986-08-06,7.39,per_usd
1986-08-07,7.37,per_usd
1986-08-08,7.381,per_usd
1986-08-11,7.36,per_usd
1986-08-12,7.393,per_usd
1986-08-13,7.38,per_usd
1986-08-14,7.363,per_usd
1986-08-15,7.3415,per_usd
1986-08-18,7.3585,per_usd
1986-08-19,7.335,per_usd
1986-08-20,7.315,per_usd
1986-08-21,7.31,per_usd
1986-08-22,7.315,per_usd
1986-08-25,7.318,per_usd
1986-08-26,7.325,per_usd
1986-08-27,7.321,per_usd
1986-08-28,7.33,per_usd
1986-08-29,7.3,per_usd
1986-09-02,7.294,per_usd
1986-09-03,7.283,per_usd
1986-09-04,7.28,per_usd
1986-09-05,7.32,per_usd
1986-09-08,7.374,per_usd
1986-09-09,7.356,per_usd
1986-09-10,7.364,per_usd
1986-09-11,7.431,per_usd
1986-09-12,7.36,per_usd
1986-09-15,7.329,per_usd
1986-09-16,7.335,per_usd
1986-09-17,7.291,per_usd
1986-09-18,7.237,per_usd
1986-09-19,7.235,per_usd
1986-09-22,7.351,per_usd
1986-09-23,7.399,per_usd
1986-09-24,7.395,per_usd
1986-09-25,7.4065,per_usd
1986-09-26,7.426,per_usd
1986-09-29,7.375,per_usd
1986-09-30,7.36,per_usd
1986-10-01,7.385,per_usd
1986-10-02,7.351,per_usd
1986-10-03,7.36,per_usd
1986-10-06,7.32,per_usd
1986-10-07,7.34,per_usd
1986-10-08,7.345,per_usd
1986-10-09,7.36,per_usd
1986-10-10,7.31,per_usd
1986-10-14,7.274,per_usd
1986-10-15,7.274,per_usd
1986-10-16,7.284,per_usd
1986-10-17,7.295,per_usd
1986-10-20,7.312,per_usd
1986-10-21,7.318,per_usd
1986-10-22,7.31,per_usd
1986-10-23,7.349,per_usd
1986-10-24,7.43,per_usd
1986-10-27,7.46,per_usd
1986-10-28,7.421,per_usd
1986-10-29,7.424,per_usd
1986-10-30,7.502,per_usd
1986-10-31,7.519,per_usd
1986-11-03,7.531,per_usd
1986-11-04,7.526,per_usd
1986-11-05,7.54,per_usd
1986-11-06,7.522,per_usd
1986-11-07,7.535,per_usd
1986-11-10,7.5,per_usd
1986-11-12,7.48,per_usd
1986-11-13,7.505,per_usd
1986-11-14,7.4825,per_usd
1986-11-17,7.513,per_usd
1986-11-18,7.522,per_usd
1986-11-19,7.565,per_usd
1986-11-20,7.582,per_usd
1986-11-21,7.6325,per_usd
1986-11-24,7.635,per_usd
1986-11-25,7.58,per_usd
1986-11-26,7.56,per_usd
1986-11-28,7.511,per_usd
1986-12-01,7.489,per_usd
1986-12-02,7.5085,per_usd
1986-12-03,7.4885,per_usd
1986-12-04,7.568,per_usd
1986-12-05,7.572,per_usd
1986-12-08,7.561,per_usd
1986-12-09,7.561,per_usd
1986-12-10,7.555,per_usd
1986-12-11,7.6,per_usd
1986-12-12,7.595,per_usd
1986-12-15,7.5775,per_usd
1986-12-16,7.6,per_usd
1986-12-17,7.591,per_usd
1986-12-18,7.583,per_usd
1986-12-19,7.585,per_usd
1986-12-22,7.53,per_usd
1986-12-23,7.489,per_usd
1986-12-24,7.505,per_usd
1986-12-26,7.481,per_usd
1986-12-29,7.4015,per_usd
1986-12-30,7.43,per_usd
1986-12-31,7.375,per_usd
1987-01-02,7.34,per_usd
1987-01-05,7.3725,per_usd
1987-01-06,7.352,per_usd
1987-01-07,7.382,per_usd
1987-01-08,7.365,per_usd
1987-01-09,7.356,per_usd
1987-01-12,7.269,per_usd
1987-01-13,7.229,per_usd
1987-01-14,7.131,per_usd
1987-01-15,7.13,per_usd
1987-01-16,7.14,per_usd
1987-01-20,7.12,per_usd
1987-01-21,7.135,per_usd
1987-01-22,7.047,per_usd
1987-01-23,7.082,per_usd
1987-01-26,7.062,per_usd
1987-01-27,7.022,per_usd
1987-01-28,6.93,per_usd
1987-01-29,6.947,per_usd
1987-01-30,7.05,per_usd
1987-02-02,7.005,per_usd
1987-02-03,6.955,per_usd
1987-02-04,6.975,per_usd
1987-02-05,7.0475,per_usd
1987-02-06,7.09,per_usd
1987-02-09,7.0085,per_usd
1987-02-10,6.955,per_usd
1987-02-11,6.998,per_usd
1987-02-12,7.0575,per_usd
1987-02-13,7.0125,per_usd
1987-02-17,6.98,per_usd
1987-02-18,6.985,per_usd
1987-02-19,7.025,per_usd
1987-02-20,6.9945,per_usd
1987-02-23,6.99,per_usd
1987-02-24,7.04,per_usd
1987-02-25,7.017,per_usd
1987-02-26,6.9925,per_usd
1987-02-27,7,per_usd
1987-03-02,6.985,per_usd
1987-03-03,6.982,per_usd
1987-03-04,6.97,per_usd
1987-03-05,6.945,per_usd
1987-03-06,6.96,per_usd
1987-03-09,6.98,per_usd
1987-03-10,6.998,per_usd
1987-03-11,7.006,per_usd
1987-03-12,6.985,per_usd
1987-03-13,6.973,per_usd
1987-03-16,6.946,per_usd
1987-03-17,6.962,per_usd
1987-03-18,6.944,per_usd
1987-03-19,6.935,per_usd
1987-03-20,6.932,per_usd
1987-03-23,6.8755,per_usd
1987-03-24,6.8825,per_usd
1987-03-25,6.8925,per_usd
1987-03-26,6.89,per_usd
1987-03-27,6.865,per_usd
1987-03-30,6.8135,per_usd
1987-03-31,6.815,per_usd
1987-04-01,6.858,per_usd
1987-04-02,6.825,per_usd
1987-04-03,6.84,per_usd
1987-04-06,6.842,per_usd
1987-04-07,6.826,per_usd
1987-04-08,6.869,per_usd
1987-04-09,6.833,per_usd
1987-04-10,6.795,per_usd
1987-04-13,6.789,per_usd
1987-04-14,6.7605,per_usd
1987-04-15,6.77,per_usd
1987-04-16,6.78,per_usd
1987-04-17,6.795,per_usd
1987-04-20,6.784,per_usd
1987-04-21,6.752,per_usd
1987-04-22,6.76,per_usd
1987-04-23,6.7405,per_usd
1987-04-24,6.6695,per_usd
1987-04-27,6.639,per_usd
1987-04-28,6.678,per_usd
1987-04-29,6.735,per_usd
1987-04-30,6.7225,per_usd
1987-05-01,6.685,per_usd
1987-05-04,6.65,per_usd
1987-05-05,6.613,per_usd
1987-05-06,6.616,per_usd
1987-05-07,6.653,per_usd
1987-05-08,6.6695,per_usd
1987-05-11,6.689,per_usd
1987-05-12,6.662,per_usd
1987-05-13,6.675,per_usd
1987-05-14,6.657,per_usd
1987-05-15,6.645,per_usd
1987-05-18,6.62,per_usd
1987-05-19,6.62,per_usd
1987-05-20,6.6,per_usd
1987-05-21,6.63,per_usd
1987-05-22,6.633,per_usd
1987-05-26,6.71,per_usd
1987-05-27,6.75,per_usd
1987-05-28,6.725,per_usd
1987-05-29,6.762,per_usd
1987-06-01,6.794,per_usd
1987-06-02,6.6925,per_usd
1987-06-03,6.697,per_usd
1987-06-04,6.734,per_usd
1987-06-05,6.73,per_usd
1987-06-08,6.7075,per_usd
1987-06-09,6.697,per_usd
1987-06-10,6.693,per_usd
1987-06-11,6.66,per_usd
1987-06-12,6.691,per_usd
1987-06-15,6.74,per_usd
1987-06-16,6.723,per_usd
1987-06-17,6.715,per_usd
1987-06-18,6.72,per_usd
1987-06-19,6.74,per_usd
1987-06-22,6.745,per_usd
1987-06-23,6.732,per_usd
1987-06-24,6.684,per_usd
1987-06-25,6.706,per_usd
1987-06-26,6.7,per_usd
1987-06-29,6.7175,per_usd
1987-06-30,6.706,per_usd
1987-07-01,6.707,per_usd
1987-07-02,6.7145,per_usd
1987-07-03,6.7315,per_usd
1987-07-06,6.74,per_usd
1987-07-07,6.731,per_usd
1987-07-08,6.731,per_usd
1987-07-09,6.728,per_usd
1987-07-10,6.751,per_usd
1987-07-13,6.743,per_usd
1987-07-14,6.7625,per_usd
1987-07-15,6.695,per_usd
1987-07-16,6.72,per_usd
1987-07-17,6.763,per_usd
1987-07-20,6.795,per_usd
1987-07-21,6.8075,per_usd
1987-07-22,6.81,per_usd
1987-07-23,6.7875,per_usd
1987-07-24,6.785,per_usd
1987-07-27,6.84,per_usd
1987-07-28,6.8185,per_usd
1987-07-29,6.792,per_usd
1987-07-30,6.791,per_usd
1987-07-31,6.8095,per_usd
1987-08-03,6.821,per_usd
1987-08-04,6.899,per_usd
1987-08-05,6.859,per_usd
1987-08-06,6.873,per_usd
1987-08-07,6.906,per_usd
1987-08-10,6.91,per_usd
1987-08-11,6.91,per_usd
1987-08-12,6.885,per_usd
1987-08-13,6.875,per_usd
1987-08-14,6.845,per_usd
1987-08-17,6.853,per_usd
1987-08-18,6.753,per_usd
1987-08-19,6.74,per_usd
1987-08-20,6.704,per_usd
1987-08-21,6.678,per_usd
1987-08-24,6.69,per_usd
1987-08-25,6.718,per_usd
1987-08-26,6.707,per_usd
1987-08-27,6.665,per_usd
1987-08-28,6.66,per_usd
1987-08-31,6.662,per_usd
1987-09-01,6.6625,per_usd
1987-09-02,6.621,per_usd
1987-09-03,6.592,per_usd
1987-09-04,6.606,per_usd
1987-09-08,6.589,per_usd
1987-09-09,6.612,per_usd
1987-09-10,6.6375,per_usd
1987-09-11,6.611,per_usd
1987-09-14,6.678,per_usd
1987-09-15,6.662,per_usd
1987-09-16,6.655,per_usd
1987-09-17,6.655,per_usd
1987-09-18,6.63,per_usd
1987-09-21,6.647,per_usd
1987-09-22,6.667,per_usd
1987-09-23,6.67,per_usd
1987-09-24,6.671,per_usd
1987-09-25,6.668,per_usd
1987-09-28,6.677,per_usd
1987-09-29,6.719,per_usd
1987-09-30,6.73,per_usd
1987-10-01,6.751,per_usd
1987-10-02,6.735,per_usd
1987-10-05,6.739,per_usd
1987-10-06,6.72,per_usd
1987-10-07,6.677,per_usd
1987-10-08,6.6665,per_usd
1987-10-09,6.64,per_usd
1987-10-13,6.6575,per_usd
1987-10-14,6.628,per_usd
1987-10-15,6.599,per_usd
1987-10-16,6.6065,per_usd
1987-10-19,6.55,per_usd
1987-10-20,6.636,per_usd
1987-10-21,6.649,per_usd
1987-10-22,6.66,per_usd
1987-10-23,6.586,per_usd
1987-10-26,6.555,per_usd
1987-10-27,6.55,per_usd
1987-10-28,6.528,per_usd
1987-10-29,6.55,per_usd
1987-10-30,6.57,per_usd
1987-11-02,6.51,per_usd
1987-11-03,6.5,per_usd
1987-11-04,6.4575,per_usd
1987-11-05,6.32,per_usd
1987-11-06,6.355,per_usd
1987-11-09,6.327,per_usd
1987-11-10,6.368,per_usd
1987-11-12,6.4425,per_usd
1987-11-13,6.409,per_usd
1987-11-16,6.4475,per_usd
1987-11-17,6.43,per_usd
1987-11-18,6.435,per_usd
1987-11-19,6.433,per_usd
1987-11-20,6.416,per_usd
1987-11-23,6.444,per_usd
1987-11-24,6.49,per_usd
1987-11-25,6.429,per_usd
1987-11-27,6.43,per_usd
1987-11-30,6.4,per_usd
1987-12-01,6.42,per_usd
1987-12-02,6.435,per_usd
1987-12-03,6.44,per_usd
1987-12-04,6.465,per_usd
1987-12-07,6.484,per_usd
1987-12-08,6.474,per_usd
1987-12-09,6.444,per_usd
1987-12-10,6.3875,per_usd
1987-12-11,6.37,per_usd
1987-12-14,6.37,per_usd
1987-12-15,6.376,per_usd
1987-12-16,6.395,per_usd
1987-12-17,6.37,per_usd
1987-12-18,6.3975,per_usd
1987-12-21,6.39,per_usd
1987-12-22,6.3785,per_usd
1987-12-23,6.392,per_usd
1987-12-24,6.367,per_usd
1987-12-28,6.2775,per_usd
1987-12-29,6.275,per_usd
1987-12-30,6.277,per_usd
1987-12-31,6.22,per_usd
1988-01-04,6.23,per_usd
1988-01-05,6.3225,per_usd
1988-01-06,6.3945,per_usd
1988-01-07,6.34,per_usd
1988-01-08,6.338,per_usd
1988-01-11,6.325,per_usd
1988-01-12,6.36,per_usd
1988-01-13,6.3055,per_usd
1988-01-14,6.3265,per_usd
1988-01-15,6.425,per_usd
1988-01-19,6.402,per_usd
1988-01-20,6.35,per_usd
1988-01-21,6.357,per_usd
1988-01-22,6.375,per_usd
1988-01-25,6.388,per_usd
1988-01-26,6.38,per_usd
1988-01-27,6.36,per_usd
1988-01-28,6.36,per_usd
1988-01-29,6.3825,per_usd
1988-02-01,6.4025,per_usd
1988-02-02,6.395,per_usd
1988-02-03,6.3925,per_usd
1988-02-04,6.405,per_usd
1988-02-05,6.41,per_usd
1988-02-08,6.425,per_usd
1988-02-09,6.4375,per_usd
1988-02-10,6.41,per_usd
1988-02-11,6.4495,per_usd
1988-02-12,6.49,per_usd
1988-02-16,6.471,per_usd
1988-02-17,6.445,per_usd
1988-02-18,6.455,per_usd
1988-02-19,6.4425,per_usd
1988-02-22,6.4125,per_usd
1988-02-23,6.387,per_usd
1988-02-24,6.384,per_usd
1988-02-25,6.395,per_usd
1988-02-26,6.37,per_usd
1988-02-29,6.3555,per_usd
1988-03-01,6.35,per_usd
1988-03-02,6.376,per_usd
1988-03-03,6.388,per_usd
1988-03-04,6.3755,per_usd
1988-03-07,6.325,per_usd
1988-03-08,6.315,per_usd
1988-03-09,6.315,per_usd
1988-03-10,6.354,per_usd
1988-03-11,6.325,per_usd
1988-03-14,6.32,per_usd
1988-03-15,6.33,per_usd
1988-03-16,6.355,per_usd
1988-03-17,6.3715,per_usd
1988-03-18,6.375,per_usd
1988-03-21,6.365,per_usd
1988-03-22,6.3825,per_usd
1988-03-23,6.365,per_usd
1988-03-24,6.3255,per_usd
1988-03-25,6.31,per_usd
1988-03-28,6.259,per_usd
1988-03-29,6.2905,per_usd
1988-03-30,6.267,per_usd
1988-03-31,6.235,per_usd
1988-04-01,6.24,per_usd
1988-04-04,6.24,per_usd
1988-04-05,6.2625,per_usd
1988-04-06,6.272,per_usd
1988-04-07,6.295,per_usd
1988-04-08,6.2575,per_usd
1988-04-11,6.288,per_usd
1988-04-12,6.28,per_usd
1988-04-13,6.29,per_usd
1988-04-14,6.215,per_usd
1988-04-15,6.191,per_usd
1988-04-18,6.15,per_usd
1988-04-19,6.165,per_usd
1988-04-20,6.16,per_usd
1988-04-21,6.144,per_usd
1988-04-22,6.165,per_usd
1988-04-25,6.1835,per_usd
1988-04-26,6.19,per_usd
1988-04-27,6.177,per_usd
1988-04-28,6.153,per_usd
1988-04-29,6.175,per_usd
1988-05-02,6.19,per_usd
1988-05-03,6.1725,per_usd
1988-05-04,6.18,per_usd
1988-05-05,6.165,per_usd
1988-05-06,6.178,per_usd
1988-05-09,6.1725,per_usd
1988-05-10,6.16,per_usd
1988-05-11,6.149,per_usd
1988-05-12,6.1525,per_usd
1988-05-13,6.1575,per_usd
1988-05-16,6.165,per_usd
1988-05-17,6.21,per_usd
1988-05-18,6.21,per_usd
1988-05-19,6.1975,per_usd
1988-05-20,6.205,per_usd
1988-05-23,6.1925,per_usd
1988-05-24,6.1875,per_usd
1988-05-25,6.1975,per_usd
1988-05-26,6.2075,per_usd
1988-05-27,6.224,per_usd
1988-05-31,6.265,per_usd
1988-06-01,6.28,per_usd
1988-06-02,6.31,per_usd
1988-06-03,6.311,per_usd
1988-06-06,6.282,per_usd
1988-06-07,6.26,per_usd
1988-06-08,6.26,per_usd
1988-06-09,6.2715,per_usd
1988-06-10,6.2975,per_usd
1988-06-13,6.318,per_usd
1988-06-14,6.3525,per_usd
1988-06-15,6.365,per_usd
1988-06-16,6.3705,per_usd
1988-06-17,6.38,per_usd
1988-06-20,6.374,per_usd
1988-06-21,6.3805,per_usd
1988-06-22,6.422,per_usd
1988-06-23,6.4675,per_usd
1988-06-24,6.5585,per_usd
1988-06-27,6.613,per_usd
1988-06-28,6.5535,per_usd
1988-06-29,6.625,per_usd
1988-06-30,6.64,per_usd
1988-07-01,6.67,per_usd
1988-07-05,6.65,per_usd
1988-07-06,6.644,per_usd
1988-07-07,6.605,per_usd
1988-07-08,6.6695,per_usd
1988-07-11,6.711,per_usd
1988-07-12,6.694,per_usd
1988-07-13,6.718,per_usd
1988-07-14,6.72,per_usd
1988-07-15,6.833,per_usd
1988-07-18,6.86,per_usd
1988-07-19,6.8075,per_usd
1988-07-20,6.7485,per_usd
1988-07-21,6.705,per_usd
1988-07-22,6.655,per_usd
1988-07-25,6.697,per_usd
1988-07-26,6.7525,per_usd
1988-07-27,6.725,per_usd
1988-07-28,6.759,per_usd
1988-07-29,6.79,per_usd
1988-08-01,6.8055,per_usd
1988-08-02,6.805,per_usd
1988-08-03,6.8,per_usd
1988-08-04,6.813,per_usd
1988-08-05,6.8525,per_usd
1988-08-08,6.892,per_usd
1988-08-09,6.9365,per_usd
1988-08-10,6.97,per_usd
1988-08-11,6.926,per_usd
1988-08-12,6.888,per_usd
1988-08-15,6.9075,per_usd
1988-08-16,6.865,per_usd
1988-08-17,6.9725,per_usd
1988-08-18,6.933,per_usd
1988-08-19,6.9245,per_usd
1988-08-22,7.011,per_usd
1988-08-23,6.9805,per_usd
1988-08-24,6.95,per_usd
1988-08-25,6.8825,per_usd
1988-08-26,6.878,per_usd
1988-08-29,6.91,per_usd
1988-08-30,6.9025,per_usd
1988-08-31,6.932,per_usd
1988-09-01,6.941,per_usd
1988-09-02,6.903,per_usd
1988-09-06,6.85,per_usd
1988-09-07,6.865,per_usd
1988-09-08,6.8975,per_usd
1988-09-09,6.8975,per_usd
1988-09-12,6.8815,per_usd
1988-09-13,6.8675,per_usd
1988-09-14,6.94,per_usd
1988-09-15,6.9275,per_usd
1988-09-16,6.94,per_usd
1988-09-19,6.9125,per_usd
1988-09-20,6.895,per_usd
1988-09-21,6.9175,per_usd
1988-09-22,6.9435,per_usd
1988-09-23,6.9375,per_usd
1988-09-26,6.9525,per_usd
1988-09-27,6.945,per_usd
1988-09-28,6.9385,per_usd
1988-09-29,6.945,per_usd
1988-09-30,6.918,per_usd
1988-10-03,6.89,per_usd
1988-10-04,6.894,per_usd
1988-10-05,6.895,per_usd
1988-10-06,6.905,per_usd
1988-10-07,6.895,per_usd
1988-10-11,6.8445,per_usd
1988-10-12,6.795,per_usd
1988-10-13,6.74,per_usd
1988-10-14,6.7235,per_usd
1988-10-17,6.7,per_usd
1988-10-18,6.6875,per_usd
1988-10-19,6.705,per_usd
1988-10-20,6.67,per_usd
1988-10-21,6.623,per_usd
1988-10-24,6.615,per_usd
1988-10-25,6.675,per_usd
1988-10-26,6.6325,per_usd
1988-10-27,6.63,per_usd
1988-10-28,6.63,per_usd
1988-10-31,6.65,per_usd
1988-11-01,6.65,per_usd
1988-11-02,6.628,per_usd
1988-11-03,6.613,per_usd
1988-11-04,6.685,per_usd
1988-11-07,6.65,per_usd
1988-11-08,6.67,per_usd
1988-11-09,6.6,per_usd
1988-11-10,6.6,per_usd
1988-11-14,6.618,per_usd
1988-11-15,6.613,per_usd
1988-11-16,6.555,per_usd
1988-11-17,6.58,per_usd
1988-11-18,6.59,per_usd
1988-11-21,6.55,per_usd
1988-11-22,6.5175,per_usd
1988-11-23,6.495,per_usd
1988-11-25,6.4815,per_usd
1988-11-28,6.52,per_usd
1988-11-29,6.485,per_usd
1988-11-30,6.491,per_usd
1988-12-01,6.49,per_usd
1988-12-02,6.481,per_usd
1988-12-05,6.436,per_usd
1988-12-06,6.447,per_usd
1988-12-07,6.55,per_usd
1988-12-08,6.48,per_usd
1988-12-09,6.453,per_usd
1988-12-12,6.465,per_usd
1988-12-13,6.4915,per_usd
1988-12-14,6.48,per_usd
1988-12-15,6.498,per_usd
1988-12-16,6.547,per_usd
1988-12-19,6.546,per_usd
1988-12-20,6.5825,per_usd
1988-12-21,6.5605,per_usd
1988-12-22,6.568,per_usd
1988-12-23,6.5815,per_usd
1988-12-27,6.5705,per_usd
1988-12-28,6.605,per_usd
1988-12-29,6.595,per_usd
1988-12-30,6.565,per_usd
1989-01-03,6.5075,per_usd
1989-01-04,6.581,per_usd
1989-01-05,6.593,per_usd
1989-01-06,6.645,per_usd
1989-01-09,6.678,per_usd
1989-01-10,6.689,per_usd
1989-01-11,6.655,per_usd
1989-01-12,6.655,per_usd
1989-01-13,6.671,per_usd
1989-01-17,6.727,per_usd
1989-01-18,6.775,per_usd
1989-01-19,6.7705,per_usd
1989-01-20,6.7025,per_usd
1989-01-23,6.683,per_usd
1989-01-24,6.6875,per_usd
1989-01-25,6.688,per_usd
1989-01-26,6.69,per_usd
1989-01-27,6.73,per_usd
1989-01-30,6.724,per_usd
1989-01-31,6.7645,per_usd
1989-02-01,6.75,per_usd
1989-02-02,6.77,per_usd
1989-02-03,6.795,per_usd
1989-02-06,6.791,per_usd
1989-02-07,6.755,per_usd
1989-02-08,6.78,per_usd
1989-02-09,6.733,per_usd
1989-02-10,6.731,per_usd
1989-02-13,6.753,per_usd
1989-02-14,6.705,per_usd
1989-02-15,6.69,per_usd
1989-02-16,6.696,per_usd
1989-02-17,6.681,per_usd
1989-02-21,6.705,per_usd
1989-02-22,6.69,per_usd
1989-02-23,6.675,per_usd
1989-02-24,6.685,per_usd
1989-02-27,6.689,per_usd
1989-02-28,6.709,per_usd
1989-03-01,6.739,per_usd
1989-03-02,6.742,per_usd
1989-03-03,6.736,per_usd
1989-03-06,6.7625,per_usd
1989-03-07,6.763,per_usd
1989-03-08,6.77,per_usd
1989-03-09,6.79,per_usd
1989-03-10,6.794,per_usd
1989-03-13,6.803,per_usd
1989-03-14,6.785,per_usd
1989-03-15,6.815,per_usd
1989-03-16,6.82,per_usd
1989-03-17,6.815,per_usd
1989-03-20,6.823,per_usd
1989-03-21,6.81,per_usd
1989-03-22,6.797,per_usd
1989-03-23,6.802,per_usd
1989-03-24,6.8105,per_usd
1989-03-27,6.84,per_usd
1989-03-28,6.89,per_usd
1989-03-29,6.868,per_usd
1989-03-30,6.8705,per_usd
1989-03-31,6.89,per_usd
1989-04-03,6.83,per_usd
1989-04-04,6.795,per_usd
1989-04-05,6.805,per_usd
1989-04-06,6.795,per_usd
1989-04-07,6.8295,per_usd
1989-04-10,6.83,per_usd
1989-04-11,6.85,per_usd
1989-04-12,6.8415,per_usd
1989-04-13,6.8125,per_usd
1989-04-14,6.805,per_usd
1989-04-17,6.758,per_usd
1989-04-18,6.745,per_usd
1989-04-19,6.767,per_usd
1989-04-20,6.725,per_usd
1989-04-21,6.733,per_usd
1989-04-24,6.763,per_usd
1989-04-25,6.781,per_usd
1989-04-26,6.818,per_usd
1989-04-27,6.814,per_usd
1989-04-28,6.831,per_usd
1989-05-01,6.863,per_usd
1989-05-02,6.851,per_usd
1989-05-03,6.86,per_usd
1989-05-04,6.865,per_usd
1989-05-05,6.8865,per_usd
1989-05-08,6.88,per_usd
1989-05-09,6.9225,per_usd
1989-05-10,6.89,per_usd
1989-05-11,6.9285,per_usd
1989-05-12,6.935,per_usd
1989-05-15,7.0145,per_usd
1989-05-16,7.028,per_usd
1989-05-17,7.11,per_usd
1989-05-18,7.125,per_usd
1989-05-19,7.11,per_usd
1989-05-22,7.225,per_usd
1989-05-23,7.2325,per_usd
1989-05-24,7.241,per_usd
1989-05-25,7.1935,per_usd
1989-05-26,7.177,per_usd
1989-05-30,7.249,per_usd
1989-05-31,7.154,per_usd
1989-06-01,7.177,per_usd
1989-06-02,7.109,per_usd
1989-06-05,7.125,per_usd
1989-06-06,7.169,per_usd
1989-06-07,7.1305,per_usd
1989-06-08,7.1735,per_usd
1989-06-09,7.2465,per_usd
1989-06-12,7.326,per_usd
1989-06-13,7.326,per_usd
1989-06-14,7.325,per_usd
1989-06-15,7.3145,per_usd
1989-06-16,7.23,per_usd
1989-06-19,7.1725,per_usd
1989-06-20,7.1915,per_usd
1989-06-21,7.145,per_usd
1989-06-22,7.143,per_usd
1989-06-23,7.073,per_usd
1989-06-26,7.154,per_usd
1989-06-27,7.12,per_usd
1989-06-28,7.15,per_usd
1989-06-29,7.136,per_usd
1989-06-30,7.1375,per_usd
1989-07-03,7.0725,per_usd
1989-07-05,6.951,per_usd
1989-07-06,6.9395,per_usd
1989-07-07,6.9345,per_usd
1989-07-10,6.869,per_usd
1989-07-11,6.933,per_usd
1989-07-12,6.925,per_usd
1989-07-13,6.94,per_usd
1989-07-14,6.9945,per_usd
1989-07-17,6.9975,per_usd
1989-07-18,6.962,per_usd
1989-07-19,6.977,per_usd
1989-07-20,6.969,per_usd
1989-07-21,6.983,per_usd
1989-07-24,7.004,per_usd
1989-07-25,6.965,per_usd
1989-07-26,6.8945,per_usd
1989-07-27,6.87,per_usd
1989-07-28,6.921,per_usd
1989-07-31,6.855,per_usd
1989-08-01,6.855,per_usd
1989-08-02,6.822,per_usd
1989-08-03,6.857,per_usd
1989-08-04,6.96,per_usd
1989-08-07,6.9875,per_usd
1989-08-08,6.943,per_usd
1989-08-09,6.96,per_usd
1989-08-10,6.9385,per_usd
1989-08-11,7.08,per_usd
1989-08-14,7.1,per_usd
1989-08-15,7.081,per_usd
1989-08-16,7.11,per_usd
1989-08-17,7.1825,per_usd
1989-08-18,7.1325,per_usd
1989-08-21,7.124,per_usd
1989-08-22,7.1,per_usd
1989-08-23,7.135,per_usd
1989-08-24,7.145,per_usd
1989-08-25,7.131,per_usd
1989-08-28,7.141,per_usd
1989-08-29,7.083,per_usd
1989-08-30,7.095,per_usd
1989-08-31,7.1408,per_usd
1989-09-01,7.209,per_usd
1989-09-05,7.242,per_usd
1989-09-06,7.203,per_usd
1989-09-07,7.23,per_usd
1989-09-08,7.2115,per_usd
1989-09-11,7.23,per_usd
1989-09-12,7.2325,per_usd
1989-09-13,7.21,per_usd
1989-09-14,7.17,per_usd
1989-09-15,7.28,per_usd
1989-09-18,7.1325,per_usd
1989-09-19,7.122,per_usd
1989-09-20,7.0875,per_usd
1989-09-21,7.1025,per_usd
1989-09-22,7.11,per_usd
1989-09-25,6.988,per_usd
1989-09-26,6.96,per_usd
1989-09-27,6.946,per_usd
1989-09-28,6.945,per_usd
1989-09-29,6.9175,per_usd
1989-10-02,6.922,per_usd
1989-10-03,6.97,per_usd
1989-10-04,6.938,per_usd
1989-10-05,6.988,per_usd
1989-10-06,6.985,per_usd
1989-10-10,7.0275,per_usd
1989-10-11,7.0875,per_usd
1989-10-12,7.073,per_usd
1989-10-13,7.018,per_usd
1989-10-16,6.96,per_usd
1989-10-17,6.922,per_usd
1989-10-18,6.935,per_usd
1989-10-19,6.919,per_usd
1989-10-20,6.942,per_usd
1989-10-23,6.932,per_usd
1989-10-24,6.8825,per_usd
1989-10-25,6.8805,per_usd
1989-10-26,6.895,per_usd
1989-10-27,6.8805,per_usd
1989-10-30,6.8905,per_usd
1989-10-31,6.907,per_usd
1989-11-01,6.902,per_usd
1989-11-02,6.932,per_usd
1989-11-03,6.9395,per_usd
1989-11-06,6.9395,per_usd
1989-11-07,6.9225,per_usd
1989-11-08,6.91,per_usd
1989-11-09,6.9205,per_usd
1989-11-10,6.965,per_usd
1989-11-13,6.9575,per_usd
1989-11-14,6.941,per_usd
1989-11-15,6.912,per_usd
1989-11-16,6.902,per_usd
1989-11-17,6.915,per_usd
1989-11-20,6.92,per_usd
1989-11-21,6.895,per_usd
1989-11-22,6.895,per_usd
1989-11-24,6.874,per_usd
1989-11-27,6.837,per_usd
1989-11-28,6.827,per_usd
1989-11-29,6.8075,per_usd
1989-11-30,6.807,per_usd
1989-12-01,6.822,per_usd
1989-12-04,6.813,per_usd
1989-12-05,6.81,per_usd
1989-12-06,6.77,per_usd
1989-12-07,6.792,per_usd
1989-12-08,6.8,per_usd
1989-12-11,6.7675,per_usd
1989-12-12,6.685,per_usd
1989-12-13,6.6965,per_usd
1989-12-14,6.702,per_usd
1989-12-15,6.659,per_usd
1989-12-18,6.675,per_usd
1989-12-19,6.696,per_usd
1989-12-20,6.705,per_usd
1989-12-21,6.676,per_usd
1989-12-22,6.615,per_usd
1989-12-26,6.594,per_usd
1989-12-27,6.576,per_usd
1989-12-28,6.585,per_usd
1989-12-29,6.602,per_usd
1990-01-02,6.6375,per_usd
1990-01-03,6.6575,per_usd
1990-01-04,6.57,per_usd
1990-01-05,6.55,per_usd
1990-01-08,6.507,per_usd
1990-01-09,6.522,per_usd
1990-01-10,6.51,per_usd
1990-01-11,6.516,per_usd
1990-01-12,6.492,per_usd
1990-01-16,6.532,per_usd
1990-01-17,6.527,per_usd
1990-01-18,6.574,per_usd
1990-01-19,6.585,per_usd
1990-01-22,6.6185,per_usd
1990-01-23,6.558,per_usd
1990-01-24,6.525,per_usd
1990-01-25,6.5375,per_usd
1990-01-26,6.54,per_usd
1990-01-29,6.4925,per_usd
1990-01-30,6.505,per_usd
1990-01-31,6.513,per_usd
1990-02-01,6.495,per_usd
1990-02-02,6.508,per_usd
1990-02-05,6.458,per_usd
1990-02-06,6.445,per_usd
1990-02-07,6.43,per_usd
1990-02-08,6.473,per_usd
1990-02-09,6.4715,per_usd
1990-02-12,6.4495,per_usd
1990-02-13,6.47,per_usd
1990-02-14,6.47,per_usd
1990-02-15,6.4865,per_usd
1990-02-16,6.4805,per_usd
1990-02-20,6.479,per_usd
1990-02-21,6.454,per_usd
1990-02-22,6.4525,per_usd
1990-02-23,6.47,per_usd
1990-02-26,6.515,per_usd
1990-02-27,6.5075,per_usd
1990-02-28,6.529,per_usd
1990-03-01,6.585,per_usd
1990-03-02,6.605,per_usd
1990-03-05,6.5775,per_usd
1990-03-06,6.575,per_usd
1990-03-07,6.5825,per_usd
1990-03-08,6.5725,per_usd
1990-03-09,6.601,per_usd
1990-03-12,6.62,per_usd
1990-03-13,6.65,per_usd
1990-03-14,6.623,per_usd
1990-03-15,6.5975,per_usd
1990-03-16,6.572,per_usd
1990-03-19,6.5575,per_usd
1990-03-20,6.594,per_usd
1990-03-21,6.625,per_usd
1990-03-22,6.6135,per_usd
1990-03-23,6.62,per_usd
1990-03-26,6.619,per_usd
1990-03-27,6.612,per_usd
1990-03-28,6.605,per_usd
1990-03-29,6.585,per_usd
1990-03-30,6.5455,per_usd
1990-04-02,6.602,per_usd
1990-04-03,6.585,per_usd
1990-04-04,6.575,per_usd
1990-04-05,6.58,per_usd
1990-04-06,6.563,per_usd
1990-04-09,6.5545,per_usd
1990-04-10,6.56,per_usd
1990-04-11,6.517,per_usd
1990-04-12,6.515,per_usd
1990-04-13,6.525,per_usd
1990-04-16,6.5325,per_usd
1990-04-17,6.529,per_usd
1990-04-18,6.52,per_usd
1990-04-19,6.5125,per_usd
1990-04-20,6.5595,per_usd
1990-04-23,6.563,per_usd
1990-04-24,6.5575,per_usd
1990-04-25,6.534,per_usd
1990-04-26,6.5305,per_usd
1990-04-27,6.5145,per_usd
1990-04-30,6.53,per_usd
1990-05-01,6.532,per_usd
1990-05-02,6.522,per_usd
1990-05-03,6.52,per_usd
1990-05-04,6.48,per_usd
1990-05-07,6.45,per_usd
1990-05-08,6.448,per_usd
1990-05-09,6.396,per_usd
1990-05-10,6.405,per_usd
1990-05-11,6.3755,per_usd
1990-05-14,6.4005,per_usd
1990-05-15,6.411,per_usd
1990-05-16,6.3995,per_usd
1990-05-17,6.4,per_usd
1990-05-18,6.4085,per_usd
1990-05-21,6.445,per_usd
1990-05-22,6.4495,per_usd
1990-05-23,6.4505,per_usd
1990-05-24,6.46,per_usd
1990-05-25,6.4775,per_usd
1990-05-29,6.443,per_usd
1990-05-30,6.465,per_usd
1990-05-31,6.51,per_usd
1990-06-01,6.505,per_usd
1990-06-04,6.514,per_usd
1990-06-05,6.517,per_usd
1990-06-06,6.4915,per_usd
1990-06-07,6.502,per_usd
1990-06-08,6.5175,per_usd
1990-06-11,6.505,per_usd
1990-06-12,6.5025,per_usd
1990-06-13,6.4925,per_usd
1990-06-14,6.495,per_usd
1990-06-15,6.51,per_usd
1990-06-18,6.413,per_usd
1990-06-19,6.439,per_usd
1990-06-20,6.458,per_usd
1990-06-21,6.463,per_usd
1990-06-22,6.439,per_usd
1990-06-25,6.454,per_usd
1990-06-26,6.4175,per_usd
1990-06-27,6.405,per_usd
1990-06-28,6.42,per_usd
1990-06-29,6.409,per_usd
1990-07-02,6.372,per_usd
1990-07-03,6.352,per_usd
1990-07-05,6.34,per_usd
1990-07-06,6.351,per_usd
1990-07-09,6.33,per_usd
1990-07-10,6.311,per_usd
1990-07-11,6.331,per_usd
1990-07-12,6.3,per_usd
1990-07-13,6.31,per_usd
1990-07-16,6.338,per_usd
1990-07-17,6.319,per_usd
1990-07-18,6.303,per_usd
1990-07-19,6.2965,per_usd
1990-07-20,6.299,per_usd
1990-07-23,6.25,per_usd
1990-07-24,6.241,per_usd
1990-07-25,6.2535,per_usd
1990-07-26,6.2625,per_usd
1990-07-27,6.2275,per_usd
1990-07-30,6.208,per_usd
1990-07-31,6.1465,per_usd
1990-08-01,6.164,per_usd
1990-08-02,6.1675,per_usd
1990-08-03,6.1615,per_usd
1990-08-06,6.109,per_usd
1990-08-07,6.1125,per_usd
1990-08-08,6.156,per_usd
1990-08-09,6.15,per_usd
1990-08-10,6.14,per_usd
1990-08-13,6.11,per_usd
1990-08-14,6.084,per_usd
1990-08-15,6.0625,per_usd
1990-08-16,6.0655,per_usd
1990-08-17,6.029,per_usd
1990-08-20,6.045,per_usd
1990-08-21,6.05,per_usd
1990-08-22,6.036,per_usd
1990-08-23,6.003,per_usd
1990-08-24,6.025,per_usd
1990-08-27,6.0055,per_usd
1990-08-28,6.009,per_usd
1990-08-29,6.026,per_usd
1990-08-30,6.061,per_usd
1990-08-31,6.09,per_usd
1990-09-04,6.1235,per_usd
1990-09-05,6.0555,per_usd
1990-09-06,6.0305,per_usd
1990-09-07,6.0565,per_usd
1990-09-10,6.106,per_usd
1990-09-11,6.14,per_usd
1990-09-12,6.115,per_usd
1990-09-13,6.075,per_usd
1990-09-14,6.048,per_usd
1990-09-17,6.028,per_usd
1990-09-18,6.0025,per_usd
1990-09-19,6.064,per_usd
1990-09-20,6.108,per_usd
1990-09-21,6.1,per_usd
1990-09-24,6.05,per_usd
1990-09-25,6.058,per_usd
1990-09-26,6.08,per_usd
1990-09-27,6.091,per_usd
1990-09-28,6.065,per_usd
1990-10-01,6.021,per_usd
1990-10-02,6.038,per_usd
1990-10-03,6.0015,per_usd
1990-10-04,5.972,per_usd
1990-10-05,5.987,per_usd
1990-10-09,5.9025,per_usd
1990-10-10,5.914,per_usd
1990-10-11,5.928,per_usd
1990-10-12,5.8845,per_usd
1990-10-15,5.9055,per_usd
1990-10-16,5.88,per_usd
1990-10-17,5.866,per_usd
1990-10-18,5.87,per_usd
1990-10-19,5.84,per_usd
1990-10-22,5.88,per_usd
1990-10-23,5.8995,per_usd
1990-10-24,5.865,per_usd
1990-10-25,5.876,per_usd
1990-10-26,5.895,per_usd
1990-10-29,5.899,per_usd
1990-10-30,5.911,per_usd
1990-10-31,5.894,per_usd
1990-11-01,5.865,per_usd
1990-11-02,5.8585,per_usd
1990-11-05,5.81,per_usd
1990-11-06,5.788,per_usd
1990-11-07,5.773,per_usd
1990-11-08,5.812,per_usd
1990-11-09,5.81,per_usd
1990-11-13,5.779,per_usd
1990-11-14,5.756,per_usd
1990-11-15,5.785,per_usd
1990-11-16,5.763,per_usd
1990-11-19,5.768,per_usd
1990-11-20,5.779,per_usd
1990-11-21,5.797,per_usd
1990-11-23,5.7975,per_usd
1990-11-26,5.8205,per_usd
1990-11-27,5.774,per_usd
1990-11-28,5.789,per_usd
1990-11-29,5.8215,per_usd
1990-11-30,5.846,per_usd
1990-12-03,5.908,per_usd
1990-12-04,5.8795,per_usd
1990-12-05,5.8915,per_usd
1990-12-06,5.835,per_usd
1990-12-07,5.7945,per_usd
1990-12-10,5.771,per_usd
1990-12-11,5.8065,per_usd
1990-12-12,5.8,per_usd
1990-12-13,5.81,per_usd
1990-12-14,5.823,per_usd
1990-12-17,5.8295,per_usd
1990-12-18,5.824,per_usd
1990-12-19,5.807,per_usd
1990-12-20,5.8835,per_usd
1990-12-21,5.9915,per_usd
1990-12-24,6.032,per_usd
1990-12-26,6.002,per_usd
1990-12-27,6.003,per_usd
1990-12-28,5.8725,per_usd
1990-12-31,5.8695,per_usd
1991-01-02,5.848,per_usd
1991-01-03,5.845,per_usd
1991-01-04,5.8905,per_usd
1991-01-07,5.9935,per_usd
1991-01-08,5.985,per_usd
1991-01-09,5.9165,per_usd
1991-01-10,5.9885,per_usd
1991-01-11,5.99,per_usd
1991-01-14,6.03,per_usd
1991-01-15,6.0285,per_usd
1991-01-16,6.024,per_usd
1991-01-17,5.9075,per_usd
1991-01-18,5.863,per_usd
1991-01-22,5.845,per_usd
1991-01-23,5.83,per_usd
1991-01-24,5.819,per_usd
1991-01-25,5.8335,per_usd
1991-01-28,5.819,per_usd
1991-01-29,5.814,per_usd
1991-01-30,5.83,per_usd
1991-01-31,5.785,per_usd
1991-02-01,5.746,per_usd
1991-02-04,5.7315,per_usd
1991-02-05,5.728,per_usd
1991-02-06,5.687,per_usd
1991-02-07,5.676,per_usd
1991-02-08,5.699,per_usd
1991-02-11,5.6635,per_usd
1991-02-12,5.689,per_usd
1991-02-13,5.71,per_usd
1991-02-14,5.736,per_usd
1991-02-15,5.766,per_usd
1991-02-19,5.837,per_usd
1991-02-20,5.854,per_usd
1991-02-21,5.832,per_usd
1991-02-22,5.879,per_usd
1991-02-25,5.953,per_usd
1991-02-26,5.9415,per_usd
1991-02-27,5.949,per_usd
1991-02-28,5.969,per_usd
1991-03-01,6.001,per_usd
1991-03-04,6.006,per_usd
1991-03-05,5.995,per_usd
1991-03-06,6.0215,per_usd
1991-03-07,6.0485,per_usd
1991-03-08,6.0975,per_usd
1991-03-11,6.1745,per_usd
1991-03-12,6.1525,per_usd
1991-03-13,6.1635,per_usd
1991-03-14,6.1715,per_usd
1991-03-15,6.2465,per_usd
1991-03-18,6.377,per_usd
1991-03-19,6.4535,per_usd
1991-03-20,6.4025,per_usd
1991-03-21,6.392,per_usd
1991-03-22,6.417,per_usd
1991-03-25,6.503,per_usd
1991-03-26,6.5825,per_usd
1991-03-27,6.635,per_usd
1991-03-28,6.645,per_usd
1991-03-29,6.6025,per_usd
1991-04-01,6.554,per_usd
1991-04-02,6.53,per_usd
1991-04-03,6.5005,per_usd
1991-04-04,6.4815,per_usd
1991-04-05,6.544,per_usd
1991-04-08,6.5665,per_usd
1991-04-09,6.505,per_usd
1991-04-10,6.53,per_usd
1991-04-11,6.4995,per_usd
1991-04-12,6.534,per_usd
1991-04-15,6.506,per_usd
1991-04-16,6.4825,per_usd
1991-04-17,6.502,per_usd
1991-04-18,6.56,per_usd
1991-04-19,6.741,per_usd
1991-04-22,6.8545,per_usd
1991-04-23,6.77,per_usd
1991-04-24,6.8105,per_usd
1991-04-25,6.7805,per_usd
1991-04-26,6.8175,per_usd
1991-04-29,6.866,per_usd
1991-04-30,6.7,per_usd
1991-05-01,6.6565,per_usd
1991-05-02,6.713,per_usd
1991-05-03,6.822,per_usd
1991-05-06,6.7665,per_usd
1991-05-07,6.6915,per_usd
1991-05-08,6.74,per_usd
1991-05-09,6.775,per_usd
1991-05-10,6.712,per_usd
1991-05-13,6.663,per_usd
1991-05-14,6.6145,per_usd
1991-05-15,6.5895,per_usd
1991-05-16,6.611,per_usd
1991-05-17,6.749,per_usd
1991-05-20,6.717,per_usd
1991-05-21,6.6705,per_usd
1991-05-22,6.704,per_usd
1991-05-23,6.674,per_usd
1991-05-24,6.66,per_usd
1991-05-28,6.6265,per_usd
1991-05-29,6.6615,per_usd
1991-05-30,6.7025,per_usd
1991-05-31,6.7765,per_usd
1991-06-03,6.8055,per_usd
1991-06-04,6.783,per_usd
1991-06-05,6.822,per_usd
1991-06-06,6.831,per_usd
1991-06-07,6.897,per_usd
1991-06-10,6.8995,per_usd
1991-06-11,6.916,per_usd
1991-06-12,6.9915,per_usd
1991-06-13,7.0205,per_usd
1991-06-14,6.985,per_usd
1991-06-17,7.0365,per_usd
1991-06-18,7.0945,per_usd
1991-06-19,7.008,per_usd
1991-06-20,7.0235,per_usd
1991-06-21,7.024,per_usd
1991-06-24,6.97,per_usd
1991-06-25,7.0085,per_usd
1991-06-26,6.9645,per_usd
1991-06-27,7.002,per_usd
1991-06-28,7.0015,per_usd
1991-07-01,7.1,per_usd
1991-07-02,7.145,per_usd
1991-07-03,7.14,per_usd
1991-07-05,7.132,per_usd
1991-07-08,7.07,per_usd
1991-07-09,7.095,per_usd
1991-07-10,7.0755,per_usd
1991-07-11,7.1455,per_usd
1991-07-12,6.978,per_usd
1991-07-15,6.9825,per_usd
1991-07-16,7.0065,per_usd
1991-07-17,6.982,per_usd
1991-07-18,6.901,per_usd
1991-07-19,6.815,per_usd
1991-07-22,6.854,per_usd
1991-07-23,6.8465,per_usd
1991-07-24,6.7775,per_usd
1991-07-25,6.84,per_usd
1991-07-26,6.788,per_usd
1991-07-29,6.8425,per_usd
1991-07-30,6.8425,per_usd
1991-07-31,6.821,per_usd
1991-08-01,6.864,per_usd
1991-08-02,6.77,per_usd
1991-08-05,6.7265,per_usd
1991-08-06,6.694,per_usd
1991-08-07,6.683,per_usd
1991-08-08,6.745,per_usd
1991-08-09,6.758,per_usd
1991-08-12,6.745,per_usd
1991-08-13,6.772,per_usd
1991-08-14,6.787,per_usd
1991-08-15,6.785,per_usd
1991-08-16,6.886,per_usd
1991-08-19,7.071,per_usd
1991-08-20,7.026,per_usd
1991-08-21,6.833,per_usd
1991-08-22,6.743,per_usd
1991-08-23,6.847,per_usd
1991-08-26,6.837,per_usd
1991-08-27,6.831,per_usd
1991-08-28,6.801,per_usd
1991-08-29,6.824,per_usd
1991-08-30,6.83,per_usd
1991-09-03,6.7945,per_usd
1991-09-04,6.7865,per_usd
1991-09-05,6.7945,per_usd
1991-09-06,6.77,per_usd
1991-09-09,6.635,per_usd
1991-09-10,6.6275,per_usd
1991-09-11,6.638,per_usd
1991-09-12,6.608,per_usd
1991-09-13,6.602,per_usd
1991-09-16,6.5595,per_usd
1991-09-17,6.5515,per_usd
1991-09-18,6.5895,per_usd
1991-09-19,6.623,per_usd
1991-09-20,6.6045,per_usd
1991-09-23,6.545,per_usd
1991-09-24,6.557,per_usd
1991-09-25,6.59,per_usd
1991-09-26,6.587,per_usd
1991-09-27,6.5625,per_usd
1991-09-30,6.506,per_usd
1991-10-01,6.517,per_usd
1991-10-02,6.5065,per_usd
1991-10-03,6.5155,per_usd
1991-10-04,6.5545,per_usd
1991-10-07,6.5685,per_usd
1991-10-08,6.6315,per_usd
1991-10-09,6.6305,per_usd
1991-10-10,6.6275,per_usd
1991-10-11,6.63,per_usd
1991-10-15,6.6965,per_usd
1991-10-16,6.663,per_usd
1991-10-17,6.663,per_usd
1991-10-18,6.6225,per_usd
1991-10-21,6.623,per_usd
1991-10-22,6.642,per_usd
1991-10-23,6.679,per_usd
1991-10-24,6.6625,per_usd
1991-10-25,6.665,per_usd
1991-10-28,6.6985,per_usd
1991-10-29,6.627,per_usd
1991-10-30,6.5415,per_usd
1991-10-31,6.534,per_usd
1991-11-01,6.508,per_usd
1991-11-04,6.3925,per_usd
1991-11-05,6.4385,per_usd
1991-11-06,6.433,per_usd
1991-11-07,6.392,per_usd
1991-11-08,6.4375,per_usd
1991-11-12,6.4165,per_usd
1991-11-13,6.427,per_usd
1991-11-14,6.4015,per_usd
1991-11-15,6.433,per_usd
1991-11-18,6.308,per_usd
1991-11-19,6.288,per_usd
1991-11-20,6.2995,per_usd
1991-11-21,6.275,per_usd
1991-11-22,6.247,per_usd
1991-11-25,6.236,per_usd
1991-11-26,6.235,per_usd
1991-11-27,6.363,per_usd
1991-11-29,6.39,per_usd
1991-12-02,6.337,per_usd
1991-12-03,6.353,per_usd
1991-12-04,6.3645,per_usd
1991-12-05,6.266,per_usd
1991-12-06,6.1975,per_usd
1991-12-09,6.2,per_usd
1991-12-10,6.223,per_usd
1991-12-11,6.214,per_usd
1991-12-12,6.216,per_usd
1991-12-13,6.227,per_usd
1991-12-16,6.204,per_usd
1991-12-17,6.185,per_usd
1991-12-18,6.181,per_usd
1991-12-19,6.147,per_usd
1991-12-20,6.048,per_usd
1991-12-23,5.977,per_usd
1991-12-24,6.015,per_usd
1991-12-26,5.964,per_usd
1991-12-27,5.983,per_usd
1991-12-30,5.984,per_usd
1991-12-31,5.985,per_usd
1992-01-02,6.024,per_usd
1992-01-03,6.086,per_usd
1992-01-06,5.984,per_usd
1992-01-07,5.99,per_usd
1992-01-08,5.971,per_usd
1992-01-09,6.082,per_usd
1992-01-10,6.216,per_usd
1992-01-13,6.192,per_usd
1992-01-14,6.229,per_usd
1992-01-15,6.371,per_usd
1992-01-16,6.364,per_usd
1992-01-17,6.315,per_usd
1992-01-21,6.215,per_usd
1992-01-22,6.232,per_usd
1992-01-23,6.263,per_usd
1992-01-24,6.248,per_usd
1992-01-27,6.337,per_usd
1992-01-28,6.272,per_usd
1992-01-29,6.244,per_usd
1992-01-30,6.3525,per_usd
1992-01-31,6.304,per_usd
1992-02-03,6.2775,per_usd
1992-02-04,6.2495,per_usd
1992-02-05,6.243,per_usd
1992-02-06,6.201,per_usd
1992-02-07,6.131,per_usd
1992-02-10,6.1655,per_usd
1992-02-11,6.247,per_usd
1992-02-12,6.3035,per_usd
1992-02-13,6.3565,per_usd
1992-02-14,6.3785,per_usd
1992-02-18,6.453,per_usd
1992-02-19,6.4555,per_usd
1992-02-20,6.456,per_usd
1992-02-21,6.4655,per_usd
1992-02-24,6.459,per_usd
1992-02-25,6.4275,per_usd
1992-02-26,6.463,per_usd
1992-02-27,6.446,per_usd
1992-02-28,6.4185,per_usd
1992-03-02,6.436,per_usd
1992-03-03,6.49,per_usd
1992-03-04,6.5435,per_usd
1992-03-05,6.545,per_usd
1992-03-06,6.5415,per_usd
1992-03-09,6.525,per_usd
1992-03-10,6.551,per_usd
1992-03-11,6.524,per_usd
1992-03-12,6.561,per_usd
1992-03-13,6.537,per_usd
1992-03-16,6.535,per_usd
1992-03-17,6.494,per_usd
1992-03-18,6.478,per_usd
1992-03-19,6.5605,per_usd
1992-03-20,6.584,per_usd
1992-03-23,6.554,per_usd
1992-03-24,6.539,per_usd
1992-03-25,6.489,per_usd
1992-03-26,6.528,per_usd
1992-03-27,6.459,per_usd
1992-03-30,6.4745,per_usd
1992-03-31,6.464,per_usd
1992-04-01,6.4825,per_usd
1992-04-02,6.467,per_usd
1992-04-03,6.385,per_usd
1992-04-06,6.375,per_usd
1992-04-07,6.386,per_usd
1992-04-08,6.398,per_usd
1992-04-09,6.364,per_usd
1992-04-10,6.4245,per_usd
1992-04-13,6.476,per_usd
1992-04-14,6.445,per_usd
1992-04-15,6.4925,per_usd
1992-04-16,6.524,per_usd
1992-04-17,6.534,per_usd
1992-04-20,6.553,per_usd
1992-04-21,6.53,per_usd
1992-04-22,6.501,per_usd
1992-04-23,6.505,per_usd
1992-04-24,6.4555,per_usd
1992-04-27,6.453,per_usd
1992-04-28,6.461,per_usd
1992-04-29,6.466,per_usd
1992-04-30,6.4555,per_usd
1992-05-01,6.407,per_usd
1992-05-04,6.416,per_usd
1992-05-05,6.406,per_usd
1992-05-06,6.372,per_usd
1992-05-07,6.386,per_usd
1992-05-08,6.4305,per_usd
1992-05-11,6.409,per_usd
1992-05-12,6.33,per_usd
1992-05-13,6.3245,per_usd
1992-05-14,6.295,per_usd
1992-05-15,6.305,per_usd
1992-05-18,6.2245,per_usd
1992-05-19,6.209,per_usd
1992-05-20,6.25,per_usd
1992-05-21,6.3,per_usd
1992-05-22,6.317,per_usd
1992-05-26,6.2775,per_usd
1992-05-27,6.366,per_usd
1992-05-28,6.34,per_usd
1992-05-29,6.2575,per_usd
1992-06-01,6.2785,per_usd
1992-06-02,6.274,per_usd
1992-06-03,6.2715,per_usd
1992-06-04,6.246,per_usd
1992-06-05,6.2045,per_usd
1992-06-08,6.21,per_usd
1992-06-09,6.2215,per_usd
1992-06-10,6.2295,per_usd
1992-06-11,6.1735,per_usd
1992-06-12,6.171,per_usd
1992-06-15,6.147,per_usd
1992-06-16,6.1355,per_usd
1992-06-17,6.1675,per_usd
1992-06-18,6.122,per_usd
1992-06-19,6.1435,per_usd
1992-06-22,6.126,per_usd
1992-06-23,6.127,per_usd
1992-06-24,6.071,per_usd
1992-06-25,6.0325,per_usd
1992-06-26,6.0205,per_usd
1992-06-29,5.942,per_usd
1992-06-30,5.969,per_usd
1992-07-01,5.946,per_usd
1992-07-02,5.9335,per_usd
1992-07-03,5.9445,per_usd
1992-07-06,5.925,per_usd
1992-07-07,5.883,per_usd
1992-07-08,5.8695,per_usd
1992-07-09,5.953,per_usd
1992-07-10,5.885,per_usd
1992-07-13,5.808,per_usd
1992-07-14,5.875,per_usd
1992-07-15,5.811,per_usd
1992-07-16,5.801,per_usd
1992-07-17,5.7435,per_usd
1992-07-20,5.8265,per_usd
1992-07-21,5.857,per_usd
1992-07-22,5.8595,per_usd
1992-07-23,5.8315,per_usd
1992-07-24,5.8935,per_usd
1992-07-27,5.8285,per_usd
1992-07-28,5.793,per_usd
1992-07-29,5.8285,per_usd
1992-07-30,5.8215,per_usd
1992-07-31,5.8195,per_usd
1992-08-03,5.807,per_usd
1992-08-04,5.8025,per_usd
1992-08-05,5.8145,per_usd
1992-08-06,5.8325,per_usd
1992-08-07,5.769,per_usd
1992-08-10,5.7785,per_usd
1992-08-11,5.793,per_usd
1992-08-12,5.773,per_usd
1992-08-13,5.754,per_usd
1992-08-14,5.7885,per_usd
1992-08-17,5.767,per_usd
1992-08-18,5.7535,per_usd
1992-08-19,5.7385,per_usd
1992-08-20,5.719,per_usd
1992-08-21,5.6735,per_usd
1992-08-24,5.5555,per_usd
1992-08-25,5.553,per_usd
1992-08-26,5.569,per_usd
1992-08-27,5.581,per_usd
1992-08-28,5.579,per_usd
1992-08-31,5.551,per_usd
1992-09-01,5.5228,per_usd
1992-09-02,5.5095,per_usd
1992-09-03,5.585,per_usd
1992-09-04,5.5595,per_usd
1992-09-08,5.513,per_usd
1992-09-09,5.5845,per_usd
1992-09-10,5.591,per_usd
1992-09-11,5.725,per_usd
1992-09-14,5.874,per_usd
1992-09-15,5.93,per_usd
1992-09-16,6.038,per_usd
1992-09-17,5.995,per_usd
1992-09-18,6.109,per_usd
1992-09-21,6.015,per_usd
1992-09-22,6.047,per_usd
1992-09-23,6.062,per_usd
1992-09-24,6.007,per_usd
1992-09-25,5.997,per_usd
1992-09-28,5.878,per_usd
1992-09-29,5.76,per_usd
1992-09-30,5.7415,per_usd
1992-10-01,5.794,per_usd
1992-10-02,5.776,per_usd
1992-10-05,5.7745,per_usd
1992-10-06,5.859,per_usd
1992-10-07,5.893,per_usd
1992-10-08,5.999,per_usd
1992-10-09,6.042,per_usd
1992-10-13,5.975,per_usd
1992-10-14,5.9605,per_usd
1992-10-15,5.9215,per_usd
1992-10-16,6.0295,per_usd
1992-10-19,6.049,per_usd
1992-10-20,6.193,per_usd
1992-10-21,6.14,per_usd
1992-10-22,6.1545,per_usd
1992-10-23,6.245,per_usd
1992-10-26,6.268,per_usd
1992-10-27,6.268,per_usd
1992-10-28,6.277,per_usd
1992-10-29,6.2775,per_usd
1992-10-30,6.284,per_usd
1992-11-02,6.3875,per_usd
1992-11-03,6.3595,per_usd
1992-11-04,6.383,per_usd
1992-11-05,6.419,per_usd
1992-11-06,6.478,per_usd
1992-11-09,6.466,per_usd
1992-11-10,6.505,per_usd
1992-11-12,6.4725,per_usd
1992-11-13,6.378,per_usd
1992-11-16,6.469,per_usd
1992-11-17,6.511,per_usd
1992-11-18,6.529,per_usd
1992-11-19,6.49,per_usd
1992-11-20,6.46,per_usd
1992-11-23,6.42,per_usd
1992-11-24,6.66,per_usd
1992-11-25,6.53,per_usd
1992-11-27,6.547,per_usd
1992-11-30,6.4925,per_usd
1992-12-01,6.491,per_usd
1992-12-02,6.4395,per_usd
1992-12-03,6.474,per_usd
1992-12-04,6.509,per_usd
1992-12-07,6.413,per_usd
1992-12-08,6.3615,per_usd
1992-12-09,6.406,per_usd
1992-12-10,6.8,per_usd
1992-12-11,6.826,per_usd
1992-12-14,6.747,per_usd
1992-12-15,6.734,per_usd
1992-12-16,6.659,per_usd
1992-12-17,6.685,per_usd
1992-12-18,6.742,per_usd
1992-12-21,6.757,per_usd
1992-12-22,6.745,per_usd
1992-12-23,6.768,per_usd
1992-12-24,6.79,per_usd
1992-12-28,6.84,per_usd
1992-12-29,6.927,per_usd
1992-12-30,6.9075,per_usd
1992-12-31,6.948,per_usd
1993-01-04,6.971,per_usd
1993-01-05,6.959,per_usd
1993-01-06,6.982,per_usd
1993-01-07,7.026,per_usd
1993-01-08,7.007,per_usd
1993-01-11,6.9725,per_usd
1993-01-12,6.9625,per_usd
1993-01-13,6.9565,per_usd
1993-01-14,6.885,per_usd
1993-01-15,6.89,per_usd
1993-01-19,6.815,per_usd
1993-01-20,6.795,per_usd
1993-01-21,6.853,per_usd
1993-01-22,6.786,per_usd
1993-01-25,6.665,per_usd
1993-01-26,6.701,per_usd
1993-01-27,6.735,per_usd
1993-01-28,6.765,per_usd
1993-01-29,6.8425,per_usd
1993-02-01,6.97,per_usd
1993-02-02,6.9805,per_usd
1993-02-03,6.997,per_usd
1993-02-04,6.998,per_usd
1993-02-05,7,per_usd
1993-02-08,7.008,per_usd
1993-02-09,7.005,per_usd
1993-02-10,7.01,per_usd
1993-02-11,7.035,per_usd
1993-02-12,7.066,per_usd
1993-02-16,6.953,per_usd
1993-02-17,6.9235,per_usd
1993-02-18,6.95,per_usd
1993-02-19,6.958,per_usd
1993-02-22,6.945,per_usd
1993-02-23,6.8855,per_usd
1993-02-24,6.925,per_usd
1993-02-25,6.973,per_usd
1993-02-26,6.9975,per_usd
1993-03-01,6.995,per_usd
1993-03-02,6.986,per_usd
1993-03-03,6.995,per_usd
1993-03-04,6.96,per_usd
1993-03-05,7.06,per_usd
1993-03-08,7.0435,per_usd
1993-03-09,7.085,per_usd
1993-03-10,7.0825,per_usd
1993-03-11,7.071,per_usd
1993-03-12,7.0855,per_usd
1993-03-15,7.063,per_usd
1993-03-16,7.0775,per_usd
1993-03-17,7.086,per_usd
1993-03-18,7.027,per_usd
1993-03-19,6.948,per_usd
1993-03-22,6.9555,per_usd
1993-03-23,6.9355,per_usd
1993-03-24,6.9285,per_usd
1993-03-25,6.99,per_usd
1993-03-26,6.9325,per_usd
1993-03-29,6.9355,per_usd
1993-03-30,6.8825,per_usd
1993-03-31,6.8495,per_usd
1993-04-01,6.79,per_usd
1993-04-02,6.856,per_usd
1993-04-05,6.7945,per_usd
1993-04-06,6.8795,per_usd
1993-04-07,6.888,per_usd
1993-04-08,6.81,per_usd
1993-04-09,6.829,per_usd
1993-04-12,6.7875,per_usd
1993-04-13,6.7195,per_usd
1993-04-14,6.7455,per_usd
1993-04-15,6.7995,per_usd
1993-04-16,6.845,per_usd
1993-04-19,6.778,per_usd
1993-04-20,6.78,per_usd
1993-04-21,6.8025,per_usd
1993-04-22,6.795,per_usd
1993-04-23,6.7,per_usd
1993-04-26,6.63,per_usd
1993-04-27,6.68,per_usd
1993-04-28,6.6975,per_usd
1993-04-29,6.6905,per_usd
1993-04-30,6.725,per_usd
1993-05-03,6.705,per_usd
1993-05-04,6.6575,per_usd
1993-05-05,6.685,per_usd
1993-05-06,6.68,per_usd
1993-05-07,6.69,per_usd
1993-05-10,6.783,per_usd
1993-05-11,6.799,per_usd
1993-05-12,6.83,per_usd
1993-05-13,6.86,per_usd
1993-05-14,6.795,per_usd
1993-05-17,6.856,per_usd
1993-05-18,6.888,per_usd
1993-05-19,6.87,per_usd
1993-05-20,6.8225,per_usd
1993-05-21,6.875,per_usd
1993-05-24,6.909,per_usd
1993-05-25,6.88,per_usd
1993-05-26,6.9035,per_usd
1993-05-27,6.824,per_usd
1993-05-28,6.7415,per_usd
1993-06-01,6.765,per_usd
1993-06-02,6.772,per_usd
1993-06-03,6.789,per_usd
1993-06-04,6.892,per_usd
1993-06-07,6.863,per_usd
1993-06-08,6.8775,per_usd
1993-06-09,6.93,per_usd
1993-06-10,6.914,per_usd
1993-06-11,6.861,per_usd
1993-06-14,6.875,per_usd
1993-06-15,6.927,per_usd
1993-06-16,7.0075,per_usd
1993-06-17,6.987,per_usd
1993-06-18,7.0925,per_usd
1993-06-21,7.135,per_usd
1993-06-22,7.16,per_usd
1993-06-23,7.15,per_usd
1993-06-24,7.217,per_usd
1993-06-25,7.198,per_usd
1993-06-28,7.1925,per_usd
1993-06-29,7.155,per_usd
1993-06-30,7.21,per_usd
1993-07-01,7.1625,per_usd
1993-07-02,7.188,per_usd
1993-07-06,7.213,per_usd
1993-07-07,7.235,per_usd
1993-07-08,7.25,per_usd
1993-07-09,7.3175,per_usd
1993-07-12,7.383,per_usd
1993-07-13,7.3275,per_usd
1993-07-14,7.3825,per_usd
1993-07-15,7.3575,per_usd
1993-07-16,7.37,per_usd
1993-07-19,7.28,per_usd
1993-07-20,7.31,per_usd
1993-07-21,7.27,per_usd
1993-07-22,7.3175,per_usd
1993-07-23,7.335,per_usd
1993-07-26,7.35,per_usd
1993-07-27,7.374,per_usd
1993-07-28,7.354,per_usd
1993-07-29,7.436,per_usd
1993-07-30,7.4625,per_usd
1993-08-02,7.429,per_usd
1993-08-03,7.3875,per_usd
1993-08-04,7.38,per_usd
1993-08-05,7.415,per_usd
1993-08-06,7.3675,per_usd
1993-08-09,7.378,per_usd
1993-08-10,7.4395,per_usd
1993-08-11,7.4635,per_usd
1993-08-12,7.49,per_usd
1993-08-13,7.468,per_usd
1993-08-16,7.358,per_usd
1993-08-17,7.364,per_usd
1993-08-18,7.308,per_usd
1993-08-19,7.312,per_usd
1993-08-20,7.273,per_usd
1993-08-23,7.3275,per_usd
1993-08-24,7.293,per_usd
1993-08-25,7.33,per_usd
1993-08-26,7.2575,per_usd
1993-08-27,7.2555,per_usd
1993-08-30,7.2875,per_usd
1993-08-31,7.29,per_usd
1993-09-01,7.229,per_usd
1993-09-02,7.193,per_usd
1993-09-03,7.11,per_usd
1993-09-07,7.03,per_usd
1993-09-08,7.09,per_usd
1993-09-09,7.003,per_usd
1993-09-10,6.984,per_usd
1993-09-13,7.005,per_usd
1993-09-14,6.9925,per_usd
1993-09-15,6.958,per_usd
1993-09-16,7.0125,per_usd
1993-09-17,7.03,per_usd
1993-09-20,7.0295,per_usd
1993-09-21,7.1595,per_usd
1993-09-22,7.1125,per_usd
1993-09-23,7.1725,per_usd
1993-09-24,7.1925,per_usd
1993-09-27,7.1325,per_usd
1993-09-28,7.095,per_usd
1993-09-29,7.0725,per_usd
1993-09-30,7.138,per_usd
1993-10-01,7.126,per_usd
1993-10-04,7.1025,per_usd
1993-10-05,7.1075,per_usd
1993-10-06,7.0925,per_usd
1993-10-07,7.0975,per_usd
1993-10-08,7.0275,per_usd
1993-10-12,6.995,per_usd
1993-10-13,7.0525,per_usd
1993-10-14,7.0925,per_usd
1993-10-15,7.099,per_usd
1993-10-18,7.145,per_usd
1993-10-19,7.181,per_usd
1993-10-20,7.207,per_usd
1993-10-21,7.267,per_usd
1993-10-22,7.294,per_usd
1993-10-25,7.281,per_usd
1993-10-26,7.328,per_usd
1993-10-27,7.3375,per_usd
1993-10-28,7.348,per_usd
1993-10-29,7.329,per_usd
1993-11-01,7.3805,per_usd
1993-11-02,7.3695,per_usd
1993-11-03,7.3505,per_usd
1993-11-04,7.371,per_usd
1993-11-05,7.341,per_usd
1993-11-08,7.3235,per_usd
1993-11-09,7.374,per_usd
1993-11-10,7.367,per_usd
1993-11-12,7.3535,per_usd
1993-11-15,7.343,per_usd
1993-11-16,7.396,per_usd
1993-11-17,7.3965,per_usd
1993-11-18,7.4265,per_usd
1993-11-19,7.448,per_usd
1993-11-22,7.406,per_usd
1993-11-23,7.403,per_usd
1993-11-24,7.394,per_usd
1993-11-26,7.43,per_usd
1993-11-29,7.4235,per_usd
1993-11-30,7.4675,per_usd
1993-12-01,7.4655,per_usd
1993-12-02,7.4755,per_usd
1993-12-03,7.466,per_usd
1993-12-06,7.3915,per_usd
1993-12-07,7.403,per_usd
1993-12-08,7.3975,per_usd
1993-12-09,7.408,per_usd
1993-12-10,7.379,per_usd
1993-12-13,7.405,per_usd
1993-12-14,7.442,per_usd
1993-12-15,7.456,per_usd
1993-12-16,7.42,per_usd
1993-12-17,7.4025,per_usd
1993-12-20,7.427,per_usd
1993-12-21,7.4075,per_usd
1993-12-22,7.38,per_usd
1993-12-23,7.3465,per_usd
1993-12-24,7.363,per_usd
1993-12-27,7.3755,per_usd
1993-12-28,7.38,per_usd
1993-12-29,7.45,per_usd
1993-12-30,7.5115,per_usd
1993-12-31,7.532,per_usd
1994-01-03,7.5435,per_usd
1994-01-04,7.5185,per_usd
1994-01-05,7.5075,per_usd
1994-01-06,7.503,per_usd
1994-01-07,7.472,per_usd
1994-01-10,7.492,per_usd
1994-01-11,7.5165,per_usd
1994-01-12,7.492,per_usd
1994-01-13,7.547,per_usd
1994-01-14,7.548,per_usd
1994-01-18,7.505,per_usd
1994-01-19,7.512,per_usd
1994-01-20,7.478,per_usd
1994-01-21,7.52,per_usd
1994-01-24,7.516,per_usd
1994-01-25,7.523,per_usd
1994-01-26,7.507,per_usd
1994-01-27,7.503,per_usd
1994-01-28,7.4545,per_usd
1994-01-31,7.4695,per_usd
1994-02-01,7.436,per_usd
1994-02-02,7.4525,per_usd
1994-02-03,7.4665,per_usd
1994-02-04,7.515,per_usd
1994-02-07,7.544,per_usd
1994-02-08,7.567,per_usd
1994-02-09,7.5675,per_usd
1994-02-10,7.573,per_usd
1994-02-11,7.57,per_usd
1994-02-14,7.532,per_usd
1994-02-15,7.468,per_usd
1994-02-16,7.4525,per_usd
1994-02-17,7.4715,per_usd
1994-02-18,7.4395,per_usd
1994-02-22,7.461,per_usd
1994-02-23,7.4745,per_usd
1994-02-24,7.4905,per_usd
1994-02-25,7.4125,per_usd
1994-02-28,7.3875,per_usd
1994-03-01,7.4345,per_usd
1994-03-02,7.3985,per_usd
1994-03-03,7.3995,per_usd
1994-03-04,7.44,per_usd
1994-03-07,7.43,per_usd
1994-03-08,7.436,per_usd
1994-03-09,7.417,per_usd
1994-03-10,7.321,per_usd
1994-03-11,7.281,per_usd
1994-03-14,7.328,per_usd
1994-03-15,7.3365,per_usd
1994-03-16,7.3175,per_usd
1994-03-17,7.311,per_usd
1994-03-18,7.3335,per_usd
1994-03-21,7.3685,per_usd
1994-03-22,7.3355,per_usd
1994-03-23,7.321,per_usd
1994-03-24,7.261,per_usd
1994-03-25,7.2605,per_usd
1994-03-28,7.2795,per_usd
1994-03-29,7.299,per_usd
1994-03-30,7.3,per_usd
1994-03-31,7.255,per_usd
1994-04-01,7.3675,per_usd
1994-04-04,7.382,per_usd
1994-04-05,7.426,per_usd
1994-04-06,7.4335,per_usd
1994-04-07,7.4385,per_usd
1994-04-08,7.4105,per_usd
1994-04-11,7.4145,per_usd
1994-04-12,7.445,per_usd
1994-04-13,7.42,per_usd
1994-04-14,7.418,per_usd
1994-04-15,7.42,per_usd
1994-04-18,7.4505,per_usd
1994-04-19,7.383,per_usd
1994-04-20,7.361,per_usd
1994-04-21,7.3345,per_usd
1994-04-22,7.347,per_usd
1994-04-25,7.297,per_usd
1994-04-26,7.29,per_usd
1994-04-27,7.258,per_usd
1994-04-28,7.233,per_usd
1994-04-29,7.198,per_usd
1994-05-02,7.138,per_usd
1994-05-03,7.1165,per_usd
1994-05-04,7.201,per_usd
1994-05-05,7.2365,per_usd
1994-05-06,7.2125,per_usd
1994-05-09,7.175,per_usd
1994-05-10,7.247,per_usd
1994-05-11,7.248,per_usd
1994-05-12,7.231,per_usd
1994-05-13,7.236,per_usd
1994-05-16,7.254,per_usd
1994-05-17,7.2165,per_usd
1994-05-18,7.174,per_usd
1994-05-19,7.1635,per_usd
1994-05-20,7.13,per_usd
1994-05-23,7.12,per_usd
1994-05-24,7.1565,per_usd
1994-05-25,7.1255,per_usd
1994-05-26,7.119,per_usd
1994-05-27,7.1225,per_usd
1994-05-31,7.1344,per_usd
1994-06-01,7.1329,per_usd
1994-06-02,7.1696,per_usd
1994-06-03,7.2292,per_usd
1994-06-06,7.2269,per_usd
1994-06-07,7.2224,per_usd
1994-06-08,7.239,per_usd
1994-06-09,7.2535,per_usd
1994-06-10,7.2185,per_usd
1994-06-13,7.166,per_usd
1994-06-14,7.1325,per_usd
1994-06-15,7.1035,per_usd
1994-06-16,7.094,per_usd
1994-06-17,7.001,per_usd
1994-06-20,6.962,per_usd
1994-06-21,6.927,per_usd
1994-06-22,6.9825,per_usd
1994-06-23,6.962,per_usd
1994-06-24,6.9035,per_usd
1994-06-27,6.874,per_usd
1994-06-28,6.889,per_usd
1994-06-29,6.9055,per_usd
1994-06-30,6.915,per_usd
1994-07-01,6.959,per_usd
1994-07-05,6.9375,per_usd
1994-07-06,6.8835,per_usd
1994-07-07,6.908,per_usd
1994-07-08,6.874,per_usd
1994-07-11,6.743,per_usd
1994-07-12,6.6785,per_usd
1994-07-13,6.7335,per_usd
1994-07-14,6.782,per_usd
1994-07-15,6.8125,per_usd
1994-07-18,6.772,per_usd
1994-07-19,6.8485,per_usd
1994-07-20,6.8225,per_usd
1994-07-21,6.8785,per_usd
1994-07-22,6.9445,per_usd
1994-07-25,6.9345,per_usd
1994-07-26,6.9135,per_usd
1994-07-27,6.8705,per_usd
1994-07-28,6.9005,per_usd
1994-07-29,6.9235,per_usd
1994-08-01,6.8898,per_usd
1994-08-02,6.899,per_usd
1994-08-03,6.9065,per_usd
1994-08-04,6.915,per_usd
1994-08-05,6.911,per_usd
1994-08-08,6.9065,per_usd
1994-08-09,6.9175,per_usd
1994-08-10,6.9055,per_usd
1994-08-11,6.9225,per_usd
1994-08-12,6.858,per_usd
1994-08-15,6.829,per_usd
1994-08-16,6.832,per_usd
1994-08-17,6.851,per_usd
1994-08-18,6.8135,per_usd
1994-08-19,6.775,per_usd
1994-08-22,6.7345,per_usd
1994-08-23,6.7685,per_usd
1994-08-24,6.7985,per_usd
1994-08-25,6.8005,per_usd
1994-08-26,6.8835,per_usd
1994-08-29,6.928,per_usd
1994-08-30,6.9185,per_usd
1994-08-31,6.9185,per_usd
1994-09-01,6.9,per_usd
1994-09-02,6.836,per_usd
1994-09-06,6.792,per_usd
1994-09-07,6.813,per_usd
1994-09-08,6.849,per_usd
1994-09-09,6.7675,per_usd
1994-09-12,6.7695,per_usd
1994-09-13,6.7955,per_usd
1994-09-14,6.762,per_usd
1994-09-15,6.791,per_usd
1994-09-16,6.735,per_usd
1994-09-19,6.809,per_usd
1994-09-20,6.81,per_usd
1994-09-21,6.787,per_usd
1994-09-22,6.7815,per_usd
1994-09-23,6.7719,per_usd
1994-09-26,6.815,per_usd
1994-09-27,6.784,per_usd
1994-09-28,6.7855,per_usd
1994-09-29,6.7745,per_usd
1994-09-30,6.7885,per_usd
1994-10-03,6.7835,per_usd
1994-10-04,6.758,per_usd
1994-10-05,6.7295,per_usd
1994-10-06,6.724,per_usd
1994-10-07,6.7175,per_usd
1994-10-11,6.7435,per_usd
1994-10-12,6.7235,per_usd
1994-10-13,6.7125,per_usd
1994-10-14,6.627,per_usd
1994-10-17,6.539,per_usd
1994-10-18,6.5405,per_usd
1994-10-19,6.5455,per_usd
1994-10-20,6.538,per_usd
1994-10-21,6.525,per_usd
1994-10-24,6.5155,per_usd
1994-10-25,6.493,per_usd
1994-10-26,6.5025,per_usd
1994-10-27,6.5105,per_usd
1994-10-28,6.562,per_usd
1994-10-31,6.5415,per_usd
1994-11-01,6.527,per_usd
1994-11-02,6.5635,per_usd
1994-11-03,6.6505,per_usd
1994-11-04,6.6375,per_usd
1994-11-07,6.612,per_usd
1994-11-08,6.584,per_usd
1994-11-09,6.6785,per_usd
1994-11-10,6.714,per_usd
1994-11-14,6.7305,per_usd
1994-11-15,6.769,per_usd
1994-11-16,6.7955,per_usd
1994-11-17,6.772,per_usd
1994-11-18,6.8165,per_usd
1994-11-21,6.8215,per_usd
1994-11-22,6.811,per_usd
1994-11-23,6.7945,per_usd
1994-11-25,6.8355,per_usd
1994-11-28,6.8295,per_usd
1994-11-29,6.828,per_usd
1994-11-30,6.824,per_usd
1994-12-01,6.8475,per_usd
1994-12-02,6.861,per_usd
1994-12-05,6.8465,per_usd
1994-12-06,6.8615,per_usd
1994-12-07,6.854,per_usd
1994-12-08,6.8715,per_usd
1994-12-09,6.874,per_usd
1994-12-12,6.8665,per_usd
1994-12-13,6.8635,per_usd
1994-12-14,6.861,per_usd
1994-12-15,6.8535,per_usd
1994-12-16,6.8615,per_usd
1994-12-19,6.8675,per_usd
1994-12-20,6.868,per_usd
1994-12-21,6.858,per_usd
1994-12-22,6.888,per_usd
1994-12-23,6.898,per_usd
1994-12-27,6.881,per_usd
1994-12-28,6.862,per_usd
1994-12-29,6.7705,per_usd
1994-12-30,6.764,per_usd
1995-01-03,6.785,per_usd
1995-01-04,6.811,per_usd
1995-01-05,6.7745,per_usd
1995-01-06,6.8105,per_usd
1995-01-09,6.7505,per_usd
1995-01-10,6.749,per_usd
1995-01-11,6.735,per_usd
1995-01-12,6.6985,per_usd
1995-01-13,6.7245,per_usd
1995-01-17,6.6935,per_usd
1995-01-18,6.694,per_usd
1995-01-19,6.6615,per_usd
1995-01-20,6.624,per_usd
1995-01-23,6.618,per_usd
1995-01-24,6.617,per_usd
1995-01-25,6.637,per_usd
1995-01-26,6.6295,per_usd
1995-01-27,6.6435,per_usd
1995-01-30,6.5985,per_usd
1995-01-31,6.68,per_usd
1995-02-01,6.6735,per_usd
1995-02-02,6.6515,per_usd
1995-02-03,6.6845,per_usd
1995-02-06,6.699,per_usd
1995-02-07,6.719,per_usd
1995-02-08,6.7075,per_usd
1995-02-09,6.6885,per_usd
1995-02-10,6.664,per_usd
1995-02-13,6.6645,per_usd
1995-02-14,6.6365,per_usd
1995-02-15,6.6155,per_usd
1995-02-16,6.5455,per_usd
1995-02-17,6.548,per_usd
1995-02-21,6.501,per_usd
1995-02-22,6.4795,per_usd
1995-02-23,6.479,per_usd
1995-02-24,6.4775,per_usd
1995-02-27,6.4655,per_usd
1995-02-28,6.45,per_usd
1995-03-01,6.4725,per_usd
1995-03-02,6.455,per_usd
1995-03-03,6.3575,per_usd
1995-03-06,6.2375,per_usd
1995-03-07,6.1775,per_usd
1995-03-08,6.218,per_usd
1995-03-09,6.211,per_usd
1995-03-10,6.312,per_usd
1995-03-13,6.2835,per_usd
1995-03-14,6.287,per_usd
1995-03-15,6.2175,per_usd
1995-03-16,6.2635,per_usd
1995-03-17,6.222,per_usd
1995-03-20,6.2655,per_usd
1995-03-21,6.3125,per_usd
1995-03-22,6.2765,per_usd
1995-03-23,6.2725,per_usd
1995-03-24,6.3235,per_usd
1995-03-27,6.256,per_usd
1995-03-28,6.216,per_usd
1995-03-29,6.199,per_usd
1995-03-30,6.274,per_usd
1995-03-31,6.1695,per_usd
1995-04-03,6.1705,per_usd
1995-04-04,6.2055,per_usd
1995-04-05,6.186,per_usd
1995-04-06,6.178,per_usd
1995-04-07,6.2085,per_usd
1995-04-10,6.303,per_usd
1995-04-11,6.273,per_usd
1995-04-12,6.294,per_usd
1995-04-13,6.2235,per_usd
1995-04-14,6.2255,per_usd
1995-04-17,6.134,per_usd
1995-04-18,6.142,per_usd
1995-04-19,6.1275,per_usd
1995-04-20,6.225,per_usd
1995-04-21,6.204,per_usd
1995-04-24,6.1935,per_usd
1995-04-25,6.1655,per_usd
1995-04-26,6.209,per_usd
1995-04-27,6.201,per_usd
1995-04-28,6.2315,per_usd
1995-05-01,6.2425,per_usd
1995-05-02,6.222,per_usd
1995-05-03,6.2005,per_usd
1995-05-04,6.1765,per_usd
1995-05-05,6.191,per_usd
1995-05-08,6.1455,per_usd
1995-05-09,6.1845,per_usd
1995-05-10,6.2435,per_usd
1995-05-11,6.298,per_usd
1995-05-12,6.4395,per_usd
1995-05-15,6.419,per_usd
1995-05-16,6.383,per_usd
1995-05-17,6.409,per_usd
1995-05-18,6.4715,per_usd
1995-05-19,6.4075,per_usd
1995-05-22,6.4165,per_usd
1995-05-23,6.445,per_usd
1995-05-24,6.4005,per_usd
1995-05-25,6.2365,per_usd
1995-05-26,6.1505,per_usd
1995-05-30,6.1905,per_usd
1995-05-31,6.2825,per_usd
1995-06-01,6.2925,per_usd
1995-06-02,6.301,per_usd
1995-06-05,6.2395,per_usd
1995-06-06,6.314,per_usd
1995-06-07,6.259,per_usd
1995-06-08,6.323,per_usd
1995-06-09,6.2425,per_usd
1995-06-12,6.239,per_usd
1995-06-13,6.258,per_usd
1995-06-14,6.233,per_usd
1995-06-15,6.2815,per_usd
1995-06-16,6.2415,per_usd
1995-06-19,6.2545,per_usd
1995-06-20,6.2145,per_usd
1995-06-21,6.202,per_usd
1995-06-22,6.2345,per_usd
1995-06-23,6.1855,per_usd
1995-06-26,6.206,per_usd
1995-06-27,6.1595,per_usd
1995-06-28,6.2415,per_usd
1995-06-29,6.1625,per_usd
1995-06-30,6.1655,per_usd
1995-07-03,6.1565,per_usd
1995-07-05,6.1515,per_usd
1995-07-06,6.1555,per_usd
1995-07-07,6.194,per_usd
1995-07-10,6.2075,per_usd
1995-07-11,6.2395,per_usd
1995-07-12,6.2315,per_usd
1995-07-13,6.189,per_usd
1995-07-14,6.1865,per_usd
1995-07-17,6.195,per_usd
1995-07-18,6.171,per_usd
1995-07-19,6.1685,per_usd
1995-07-20,6.1415,per_usd
1995-07-21,6.138,per_usd
1995-07-24,6.1535,per_usd
1995-07-25,6.193,per_usd
1995-07-26,6.16,per_usd
1995-07-27,6.1335,per_usd
1995-07-28,6.1155,per_usd
1995-07-31,6.139,per_usd
1995-08-01,6.1265,per_usd
1995-08-02,6.1795,per_usd
1995-08-03,6.1385,per_usd
1995-08-04,6.146,per_usd
1995-08-07,6.202,per_usd
1995-08-08,6.218,per_usd
1995-08-09,6.205,per_usd
1995-08-10,6.255,per_usd
1995-08-11,6.3015,per_usd
1995-08-14,6.321,per_usd
1995-08-15,6.4605,per_usd
1995-08-16,6.4485,per_usd
1995-08-17,6.4585,per_usd
1995-08-18,6.4415,per_usd
1995-08-21,6.435,per_usd
1995-08-22,6.479,per_usd
1995-08-23,6.4635,per_usd
1995-08-24,6.4465,per_usd
1995-08-25,6.4655,per_usd
1995-08-28,6.412,per_usd
1995-08-29,6.4365,per_usd
1995-08-30,6.447,per_usd
1995-08-31,6.4205,per_usd
1995-09-01,6.4105,per_usd
1995-09-05,6.4005,per_usd
1995-09-06,6.464,per_usd
1995-09-07,6.449,per_usd
1995-09-08,6.4545,per_usd
1995-09-11,6.428,per_usd
1995-09-12,6.4275,per_usd
1995-09-13,6.508,per_usd
1995-09-14,6.4895,per_usd
1995-09-15,6.4915,per_usd
1995-09-18,6.492,per_usd
1995-09-19,6.4895,per_usd
1995-09-20,6.4225,per_usd
1995-09-21,6.2999,per_usd
1995-09-22,6.2415,per_usd
1995-09-25,6.296,per_usd
1995-09-26,6.28,per_usd
1995-09-27,6.291,per_usd
1995-09-28,6.267,per_usd
1995-09-29,6.284,per_usd
1995-10-02,6.275,per_usd
1995-10-03,6.3245,per_usd
1995-10-04,6.2945,per_usd
1995-10-05,6.2785,per_usd
1995-10-06,6.3,per_usd
1995-10-10,6.2655,per_usd
1995-10-11,6.2695,per_usd
1995-10-12,6.248,per_usd
1995-10-13,6.2795,per_usd
1995-10-16,6.254,per_usd
1995-10-17,6.2335,per_usd
1995-10-18,6.2575,per_usd
1995-10-19,6.2155,per_usd
1995-10-20,6.182,per_usd
1995-10-23,6.1585,per_usd
1995-10-24,6.155,per_usd
1995-10-25,6.171,per_usd
1995-10-26,6.2265,per_usd
1995-10-27,6.2015,per_usd
1995-10-30,6.2145,per_usd
1995-10-31,6.2295,per_usd
1995-11-01,6.2385,per_usd
1995-11-02,6.2585,per_usd
1995-11-03,6.245,per_usd
1995-11-06,6.25,per_usd
1995-11-07,6.2505,per_usd
1995-11-08,6.25,per_usd
1995-11-09,6.2305,per_usd
1995-11-10,6.24,per_usd
1995-11-13,6.26,per_usd
1995-11-14,6.2385,per_usd
1995-11-15,6.1935,per_usd
1995-11-16,6.2245,per_usd
1995-11-17,6.1945,per_usd
1995-11-20,6.2225,per_usd
1995-11-21,6.2255,per_usd
1995-11-22,6.2065,per_usd
1995-11-24,6.259,per_usd
1995-11-27,6.329,per_usd
1995-11-28,6.312,per_usd
1995-11-29,6.324,per_usd
1995-11-30,6.3725,per_usd
1995-12-01,6.361,per_usd
1995-12-04,6.343,per_usd
1995-12-05,6.3305,per_usd
1995-12-06,6.366,per_usd
1995-12-07,6.356,per_usd
1995-12-08,6.365,per_usd
1995-12-11,6.3791,per_usd
1995-12-12,6.395,per_usd
1995-12-13,6.416,per_usd
1995-12-14,6.364,per_usd
1995-12-15,6.372,per_usd
1995-12-18,6.3325,per_usd
1995-12-19,6.3535,per_usd
1995-12-20,6.37,per_usd
1995-12-21,6.361,per_usd
1995-12-22,6.354,per_usd
1995-12-26,6.33,per_usd
1995-12-27,6.3168,per_usd
1995-12-28,6.372,per_usd
1995-12-29,6.321,per_usd
1996-01-02,6.335,per_usd
1996-01-03,6.352,per_usd
1996-01-04,6.402,per_usd
1996-01-05,6.3525,per_usd
1996-01-08,6.3525,per_usd
1996-01-09,6.345,per_usd
1996-01-10,6.345,per_usd
1996-01-11,6.3375,per_usd
1996-01-12,6.329,per_usd
1996-01-16,6.397,per_usd
1996-01-17,6.43,per_usd
1996-01-18,6.4395,per_usd
1996-01-19,6.4835,per_usd
1996-01-22,6.472,per_usd
1996-01-23,6.4925,per_usd
1996-01-24,6.506,per_usd
1996-01-25,6.519,per_usd
1996-01-26,6.533,per_usd
1996-01-29,6.51,per_usd
1996-01-30,6.525,per_usd
1996-01-31,6.519,per_usd
1996-02-01,6.524,per_usd
1996-02-02,6.495,per_usd
1996-02-05,6.4125,per_usd
1996-02-06,6.441,per_usd
1996-02-07,6.4475,per_usd
1996-02-08,6.443,per_usd
1996-02-09,6.456,per_usd
1996-02-12,6.432,per_usd
1996-02-13,6.4505,per_usd
1996-02-14,6.4178,per_usd
1996-02-15,6.423,per_usd
1996-02-16,6.382,per_usd
1996-02-20,6.353,per_usd
1996-02-21,6.358,per_usd
1996-02-22,6.3438,per_usd
1996-02-23,6.316,per_usd
1996-02-26,6.328,per_usd
1996-02-27,6.39,per_usd
1996-02-28,6.387,per_usd
1996-02-29,6.406,per_usd
1996-03-01,6.434,per_usd
1996-03-04,6.425,per_usd
1996-03-05,6.42,per_usd
1996-03-06,6.426,per_usd
1996-03-07,6.431,per_usd
1996-03-08,6.47,per_usd
1996-03-11,6.4405,per_usd
1996-03-12,6.425,per_usd
1996-03-13,6.42,per_usd
1996-03-14,6.42,per_usd
1996-03-15,6.4228,per_usd
1996-03-18,6.429,per_usd
1996-03-19,6.419,per_usd
1996-03-20,6.407,per_usd
1996-03-21,6.422,per_usd
1996-03-22,6.4225,per_usd
1996-03-25,6.428,per_usd
1996-03-26,6.426,per_usd
1996-03-27,6.463,per_usd
1996-03-28,6.415,per_usd
1996-03-29,6.415,per_usd
1996-04-01,6.43,per_usd
1996-04-02,6.42,per_usd
1996-04-03,6.407,per_usd
1996-04-04,6.416,per_usd
1996-04-05,6.422,per_usd
1996-04-08,6.396,per_usd
1996-04-09,6.455,per_usd
1996-04-10,6.4833,per_usd
1996-04-11,6.4943,per_usd
1996-04-12,6.492,per_usd
1996-04-15,6.513,per_usd
1996-04-16,6.5135,per_usd
1996-04-17,6.4945,per_usd
1996-04-18,6.5045,per_usd
1996-04-19,6.499,per_usd
1996-04-22,6.518,per_usd
1996-04-23,6.532,per_usd
1996-04-24,6.54,per_usd
1996-04-25,6.568,per_usd
1996-04-26,6.565,per_usd
1996-04-29,6.546,per_usd
1996-04-30,6.574,per_usd
1996-05-01,6.589,per_usd
1996-05-02,6.5755,per_usd
1996-05-03,6.566,per_usd
1996-05-06,6.563,per_usd
1996-05-07,6.55,per_usd
1996-05-08,6.5235,per_usd
1996-05-09,6.53,per_usd
1996-05-10,6.561,per_usd
1996-05-13,6.5795,per_usd
1996-05-14,6.587,per_usd
1996-05-15,6.58,per_usd
1996-05-16,6.584,per_usd
1996-05-17,6.5625,per_usd
1996-05-20,6.584,per_usd
1996-05-21,6.613,per_usd
1996-05-22,6.593,per_usd
1996-05-23,6.597,per_usd
1996-05-24,6.6065,per_usd
1996-05-28,6.616,per_usd
1996-05-29,6.603,per_usd
1996-05-30,6.5585,per_usd
1996-05-31,6.523,per_usd
1996-06-03,6.534,per_usd
1996-06-04,6.547,per_usd
1996-06-05,6.54,per_usd
1996-06-06,6.553,per_usd
1996-06-07,6.561,per_usd
1996-06-10,6.561,per_usd
1996-06-11,6.569,per_usd
1996-06-12,6.564,per_usd
1996-06-13,6.561,per_usd
1996-06-14,6.5395,per_usd
1996-06-17,6.5175,per_usd
1996-06-18,6.508,per_usd
1996-06-19,6.513,per_usd
1996-06-20,6.519,per_usd
1996-06-21,6.552,per_usd
1996-06-24,6.549,per_usd
1996-06-25,6.535,per_usd
1996-06-26,6.531,per_usd
1996-06-27,6.502,per_usd
1996-06-28,6.4955,per_usd
1996-07-01,6.502,per_usd
1996-07-02,6.507,per_usd
1996-07-03,6.495,per_usd
1996-07-05,6.533,per_usd
1996-07-08,6.533,per_usd
1996-07-09,6.524,per_usd
1996-07-10,6.528,per_usd
1996-07-11,6.5,per_usd
1996-07-12,6.505,per_usd
1996-07-15,6.506,per_usd
1996-07-16,6.409,per_usd
1996-07-17,6.395,per_usd
1996-07-18,6.406,per_usd
1996-07-19,6.4,per_usd
1996-07-22,6.383,per_usd
1996-07-23,6.405,per_usd
1996-07-24,6.404,per_usd
1996-07-25,6.3643,per_usd
1996-07-26,6.3905,per_usd
1996-07-29,6.3798,per_usd
1996-07-30,6.384,per_usd
1996-07-31,6.37,per_usd
1996-08-01,6.36,per_usd
1996-08-02,6.386,per_usd
1996-08-05,6.408,per_usd
1996-08-06,6.407,per_usd
1996-08-07,6.417,per_usd
1996-08-08,6.411,per_usd
1996-08-09,6.4,per_usd
1996-08-12,6.404,per_usd
1996-08-13,6.393,per_usd
1996-08-14,6.428,per_usd
1996-08-15,6.42,per_usd
1996-08-16,6.4475,per_usd
1996-08-19,6.433,per_usd
1996-08-20,6.4295,per_usd
1996-08-21,6.431,per_usd
1996-08-22,6.456,per_usd
1996-08-23,6.438,per_usd
1996-08-26,6.406,per_usd
1996-08-27,6.4185,per_usd
1996-08-28,6.404,per_usd
1996-08-29,6.427,per_usd
1996-08-30,6.412,per_usd
1996-09-03,6.4195,per_usd
1996-09-04,6.413,per_usd
1996-09-05,6.4075,per_usd
1996-09-06,6.4055,per_usd
1996-09-09,6.4145,per_usd
1996-09-10,6.471,per_usd
1996-09-11,6.471,per_usd
1996-09-12,6.494,per_usd
1996-09-13,6.488,per_usd
1996-09-16,6.466,per_usd
1996-09-17,6.4805,per_usd
1996-09-18,6.466,per_usd
1996-09-19,6.48,per_usd
1996-09-20,6.4725,per_usd
1996-09-23,6.4615,per_usd
1996-09-24,6.466,per_usd
1996-09-25,6.4527,per_usd
1996-09-26,6.4945,per_usd
1996-09-27,6.495,per_usd
1996-09-30,6.507,per_usd
1996-10-01,6.506,per_usd
1996-10-02,6.505,per_usd
1996-10-03,6.501,per_usd
1996-10-04,6.511,per_usd
1996-10-07,6.51,per_usd
1996-10-08,6.495,per_usd
1996-10-09,6.503,per_usd
1996-10-10,6.509,per_usd
1996-10-11,6.51,per_usd
1996-10-15,6.533,per_usd
1996-10-16,6.524,per_usd
1996-10-17,6.543,per_usd
1996-10-18,6.528,per_usd
1996-10-21,6.508,per_usd
1996-10-22,6.501,per_usd
1996-10-23,6.461,per_usd
1996-10-24,6.455,per_usd
1996-10-25,6.421,per_usd
1996-10-28,6.416,per_usd
1996-10-29,6.392,per_usd
1996-10-30,6.374,per_usd
1996-10-31,6.377,per_usd
1996-11-01,6.3768,per_usd
1996-11-04,6.364,per_usd
1996-11-05,6.385,per_usd
1996-11-06,6.3835,per_usd
1996-11-07,6.343,per_usd
1996-11-08,6.3212,per_usd
1996-11-12,6.31,per_usd
1996-11-13,6.316,per_usd
1996-11-14,6.329,per_usd
1996-11-15,6.3307,per_usd
1996-11-18,6.337,per_usd
1996-11-19,6.3375,per_usd
1996-11-20,6.3,per_usd
1996-11-21,6.32,per_usd
1996-11-22,6.345,per_usd
1996-11-25,6.405,per_usd
1996-11-26,6.419,per_usd
1996-11-27,6.413,per_usd
1996-11-29,6.4172,per_usd
1996-12-02,6.4325,per_usd
1996-12-03,6.522,per_usd
1996-12-04,6.521,per_usd
1996-12-05,6.486,per_usd
1996-12-06,6.469,per_usd
1996-12-09,6.498,per_usd
1996-12-10,6.485,per_usd
1996-12-11,6.438,per_usd
1996-12-12,6.466,per_usd
1996-12-13,6.468,per_usd
1996-12-16,6.474,per_usd
1996-12-17,6.4505,per_usd
1996-12-18,6.475,per_usd
1996-12-19,6.482,per_usd
1996-12-20,6.455,per_usd
1996-12-23,6.4707,per_usd
1996-12-24,6.5653,per_usd
1996-12-26,6.4653,per_usd
1996-12-27,6.4505,per_usd
1996-12-30,6.455,per_usd
1996-12-31,6.375,per_usd
1997-01-02,6.381,per_usd
1997-01-03,6.446,per_usd
1997-01-06,6.4665,per_usd
1997-01-07,6.459,per_usd
1997-01-08,6.5022,per_usd
1997-01-09,6.4385,per_usd
1997-01-10,6.402,per_usd
1997-01-13,6.375,per_usd
1997-01-14,6.4026,per_usd
1997-01-15,6.354,per_usd
1997-01-16,6.342,per_usd
1997-01-17,6.349,per_usd
1997-01-21,6.474,per_usd
1997-01-22,6.5129,per_usd
1997-01-23,6.614,per_usd
1997-01-24,6.5673,per_usd
1997-01-27,6.4905,per_usd
1997-01-28,6.5435,per_usd
1997-01-29,6.546,per_usd
1997-01-30,6.48,per_usd
1997-01-31,6.4915,per_usd
1997-02-03,6.4885,per_usd
1997-02-04,6.4536,per_usd
1997-02-05,6.4575,per_usd
1997-02-06,6.478,per_usd
1997-02-07,6.561,per_usd
1997-02-10,6.562,per_usd
1997-02-11,6.5815,per_usd
1997-02-12,6.613,per_usd
1997-02-13,6.6555,per_usd
1997-02-14,6.69,per_usd
1997-02-18,6.742,per_usd
1997-02-19,6.746,per_usd
1997-02-20,6.775,per_usd
1997-02-21,6.741,per_usd
1997-02-24,6.649,per_usd
1997-02-25,6.664,per_usd
1997-02-26,6.697,per_usd
1997-02-27,6.7327,per_usd
1997-02-28,6.7268,per_usd
1997-03-03,6.8447,per_usd
1997-03-04,6.973,per_usd
1997-03-05,6.9495,per_usd
1997-03-06,6.9355,per_usd
1997-03-07,6.935,per_usd
1997-03-10,6.8275,per_usd
1997-03-11,6.813,per_usd
1997-03-12,6.8015,per_usd
1997-03-13,6.85,per_usd
1997-03-14,6.8384,per_usd
1997-03-17,6.8525,per_usd
1997-03-18,6.805,per_usd
1997-03-19,6.768,per_usd
1997-03-20,6.775,per_usd
1997-03-21,6.7025,per_usd
1997-03-24,6.715,per_usd
1997-03-25,6.6799,per_usd
1997-03-26,6.692,per_usd
1997-03-27,6.6297,per_usd
1997-03-28,6.638,per_usd
1997-03-31,6.595,per_usd
1997-04-01,6.724,per_usd
1997-04-02,6.794,per_usd
1997-04-03,6.785,per_usd
1997-04-04,6.833,per_usd
1997-04-07,6.9638,per_usd
1997-04-08,6.9391,per_usd
1997-04-09,6.976,per_usd
1997-04-10,6.96,per_usd
1997-04-11,6.982,per_usd
1997-04-14,6.9705,per_usd
1997-04-15,7.025,per_usd
1997-04-16,7.058,per_usd
1997-04-17,7.09,per_usd
1997-04-18,7.058,per_usd
1997-04-21,7.075,per_usd
1997-04-22,7.0947,per_usd
1997-04-23,7.0481,per_usd
1997-04-24,7.07,per_usd
1997-04-25,7.081,per_usd
1997-04-28,7.101,per_usd
1997-04-29,7.099,per_usd
1997-04-30,7.124,per_usd
1997-05-01,7.088,per_usd
1997-05-02,7.098,per_usd
1997-05-05,7.165,per_usd
1997-05-06,7.136,per_usd
1997-05-07,7.122,per_usd
1997-05-08,7.073,per_usd
1997-05-09,7.042,per_usd
1997-05-12,7.103,per_usd
1997-05-13,7.026,per_usd
1997-05-14,7.045,per_usd
1997-05-15,7.07,per_usd
1997-05-16,7.052,per_usd
1997-05-19,7.123,per_usd
1997-05-20,7.052,per_usd
1997-05-21,7.026,per_usd
1997-05-22,7.055,per_usd
1997-05-23,7.051,per_usd
1997-05-27,7.08,per_usd
1997-05-28,7.068,per_usd
1997-05-29,7.083,per_usd
1997-05-30,7.115,per_usd
1997-06-02,7.167,per_usd
1997-06-03,7.1335,per_usd
1997-06-04,7.1525,per_usd
1997-06-05,7.166,per_usd
1997-06-06,7.1881,per_usd
1997-06-09,7.109,per_usd
1997-06-10,7.158,per_usd
1997-06-11,7.165,per_usd
1997-06-12,7.2025,per_usd
1997-06-13,7.2712,per_usd
1997-06-16,7.318,per_usd
1997-06-17,7.253,per_usd
1997-06-18,7.2575,per_usd
1997-06-19,7.2475,per_usd
1997-06-20,7.264,per_usd
1997-06-23,7.2465,per_usd
1997-06-24,7.2545,per_usd
1997-06-25,7.258,per_usd
1997-06-26,7.26,per_usd
1997-06-27,7.303,per_usd
1997-06-30,7.3283,per_usd
1997-07-01,7.305,per_usd
1997-07-02,7.353,per_usd
1997-07-03,7.2925,per_usd
1997-07-07,7.306,per_usd
1997-07-08,7.365,per_usd
1997-07-09,7.34,per_usd
1997-07-10,7.3415,per_usd
1997-07-11,7.41,per_usd
1997-07-14,7.466,per_usd
1997-07-15,7.558,per_usd
1997-07-16,7.4715,per_usd
1997-07-17,7.405,per_usd
1997-07-18,7.3953,per_usd
1997-07-21,7.4174,per_usd
1997-07-22,7.498,per_usd
1997-07-23,7.483,per_usd
1997-07-24,7.55,per_usd
1997-07-25,7.576,per_usd
1997-07-28,7.6311,per_usd
1997-07-29,7.59,per_usd
1997-07-30,7.61,per_usd
1997-07-31,7.635,per_usd
1997-08-01,7.7115,per_usd
1997-08-04,7.699,per_usd
1997-08-05,7.7564,per_usd
1997-08-06,7.733,per_usd
1997-08-07,7.684,per_usd
1997-08-08,7.569,per_usd
1997-08-11,7.6475,per_usd
1997-08-12,7.677,per_usd
1997-08-13,7.612,per_usd
1997-08-14,7.6405,per_usd
1997-08-15,7.5884,per_usd
1997-08-18,7.595,per_usd
1997-08-19,7.668,per_usd
1997-08-20,7.727,per_usd
1997-08-21,7.6875,per_usd
1997-08-22,7.581,per_usd
1997-08-25,7.5975,per_usd
1997-08-26,7.492,per_usd
1997-08-27,7.4975,per_usd
1997-08-28,7.4285,per_usd
1997-08-29,7.478,per_usd
1997-09-02,7.586,per_usd
1997-09-03,7.5025,per_usd
1997-09-04,7.504,per_usd
1997-09-05,7.3948,per_usd
1997-09-08,7.4468,per_usd
1997-09-09,7.4535,per_usd
1997-09-10,7.414,per_usd
1997-09-11,7.316,per_usd
1997-09-12,7.2925,per_usd
1997-09-15,7.263,per_usd
1997-09-16,7.295,per_usd
1997-09-17,7.191,per_usd
1997-09-18,7.2255,per_usd
1997-09-19,7.2175,per_usd
1997-09-22,7.2855,per_usd
1997-09-23,7.2515,per_usd
1997-09-24,7.1944,per_usd
1997-09-25,7.1537,per_usd
1997-09-26,7.1343,per_usd
1997-09-29,7.09,per_usd
1997-09-30,7.1055,per_usd
1997-10-01,7.136,per_usd
1997-10-02,7.1063,per_usd
1997-10-03,7.022,per_usd
1997-10-06,7.056,per_usd
1997-10-07,7.0335,per_usd
1997-10-08,7.076,per_usd
1997-10-09,7.0395,per_usd
1997-10-10,7.024,per_usd
1997-10-14,7.07,per_usd
1997-10-15,7.0595,per_usd
1997-10-16,6.99,per_usd
1997-10-17,7.11,per_usd
1997-10-20,7.104,per_usd
1997-10-21,7.2274,per_usd
1997-10-22,7.2475,per_usd
1997-10-23,7.14,per_usd
1997-10-24,7.1265,per_usd
1997-10-27,7.096,per_usd
1997-10-28,7.051,per_usd
1997-10-29,7.0633,per_usd
1997-10-30,7.019,per_usd
1997-10-31,6.978,per_usd
1997-11-03,7.0699,per_usd
1997-11-04,7.0335,per_usd
1997-11-05,7.0327,per_usd
1997-11-06,7.008,per_usd
1997-11-07,6.937,per_usd
1997-11-10,6.964,per_usd
1997-11-12,7.052,per_usd
1997-11-13,7.04,per_usd
1997-11-14,7.065,per_usd
1997-11-17,7.06,per_usd
1997-11-18,7.0225,per_usd
1997-11-19,7.0501,per_usd
1997-11-20,7.06,per_usd
1997-11-21,7.1009,per_usd
1997-11-24,7.064,per_usd
1997-11-25,7.109,per_usd
1997-11-26,7.198,per_usd
1997-11-28,7.1925,per_usd
1997-12-01,7.253,per_usd
1997-12-02,7.209,per_usd
1997-12-03,7.157,per_usd
1997-12-04,7.17,per_usd
1997-12-05,7.2205,per_usd
1997-12-08,7.2222,per_usd
1997-12-09,7.2587,per_usd
1997-12-10,7.2536,per_usd
1997-12-11,7.2117,per_usd
1997-12-12,7.269,per_usd
1997-12-15,7.284,per_usd
1997-12-16,7.31,per_usd
1997-12-17,7.2286,per_usd
1997-12-18,7.2533,per_usd
1997-12-19,7.265,per_usd
1997-12-22,7.295,per_usd
1997-12-23,7.2893,per_usd
1997-12-24,7.2725,per_usd
1997-12-26,7.3005,per_usd
1997-12-29,7.3441,per_usd
1997-12-30,7.3444,per_usd
1997-12-31,7.374,per_usd
1998-01-02,7.3716,per_usd
1998-01-05,7.4561,per_usd
1998-01-06,7.4625,per_usd
1998-01-07,7.5041,per_usd
1998-01-08,7.4887,per_usd
1998-01-09,7.4671,per_usd
1998-01-12,7.52,per_usd
1998-01-13,7.539,per_usd
1998-01-14,7.531,per_usd
1998-01-15,7.5422,per_usd
1998-01-16,7.5575,per_usd
1998-01-20,7.592,per_usd
1998-01-21,7.5423,per_usd
1998-01-22,7.472,per_usd
1998-01-23,7.4029,per_usd
1998-01-26,7.463,per_usd
1998-01-27,7.43,per_usd
1998-01-28,7.4925,per_usd
1998-01-29,7.58,per_usd
1998-01-30,7.5996,per_usd
1998-02-02,7.528,per_usd
1998-02-03,7.545,per_usd
1998-02-04,7.489,per_usd
1998-02-05,7.4505,per_usd
1998-02-06,7.5196,per_usd
1998-02-09,7.569,per_usd
1998-02-10,7.5505,per_usd
1998-02-11,7.5685,per_usd
1998-02-12,7.5216,per_usd
1998-02-13,7.5799,per_usd
1998-02-17,7.6175,per_usd
1998-02-18,7.59,per_usd
1998-02-19,7.5997,per_usd
1998-02-20,7.6005,per_usd
1998-02-23,7.5155,per_usd
1998-02-24,7.5256,per_usd
1998-02-25,7.59,per_usd
1998-02-26,7.5678,per_usd
1998-02-27,7.578,per_usd
1998-03-02,7.575,per_usd
1998-03-03,7.5445,per_usd
1998-03-04,7.5535,per_usd
1998-03-05,7.593,per_usd
1998-03-06,7.6225,per_usd
1998-03-09,7.6045,per_usd
1998-03-10,7.6045,per_usd
1998-03-11,7.6214,per_usd
1998-03-12,7.613,per_usd
1998-03-13,7.5645,per_usd
1998-03-16,7.5935,per_usd
1998-03-17,7.58,per_usd
1998-03-18,7.62,per_usd
1998-03-19,7.5984,per_usd
1998-03-20,7.6146,per_usd
1998-03-23,7.549,per_usd
1998-03-24,7.5645,per_usd
1998-03-25,7.5676,per_usd
1998-03-26,7.518,per_usd
1998-03-27,7.518,per_usd
1998-03-30,7.588,per_usd
1998-03-31,7.6255,per_usd
1998-04-01,7.705,per_usd
1998-04-02,7.668,per_usd
1998-04-03,7.655,per_usd
1998-04-06,7.658,per_usd
1998-04-07,7.6505,per_usd
1998-04-08,7.5669,per_usd
1998-04-09,7.55,per_usd
1998-04-10,7.5615,per_usd
1998-04-13,7.561,per_usd
1998-04-14,7.5,per_usd
1998-04-15,7.503,per_usd
1998-04-16,7.495,per_usd
1998-04-17,7.511,per_usd
1998-04-20,7.479,per_usd
1998-04-21,7.4177,per_usd
1998-04-22,7.438,per_usd
1998-04-23,7.4894,per_usd
1998-04-24,7.45,per_usd
1998-04-27,7.448,per_usd
1998-04-28,7.467,per_usd
1998-04-29,7.46,per_usd
1998-04-30,7.46,per_usd
1998-05-01,7.3905,per_usd
1998-05-04,7.3986,per_usd
1998-05-05,7.357,per_usd
1998-05-06,7.3375,per_usd
1998-05-07,7.3645,per_usd
1998-05-08,7.4125,per_usd
1998-05-11,7.442,per_usd
1998-05-12,7.422,per_usd
1998-05-13,7.462,per_usd
1998-05-14,7.476,per_usd
1998-05-15,7.498,per_usd
1998-05-18,7.525,per_usd
1998-05-19,7.513,per_usd
1998-05-20,7.4925,per_usd
1998-05-21,7.441,per_usd
1998-05-22,7.419,per_usd
1998-05-26,7.47,per_usd
1998-05-27,7.574,per_usd
1998-05-28,7.55,per_usd
1998-05-29,7.5327,per_usd
1998-06-01,7.523,per_usd
1998-06-02,7.4955,per_usd
1998-06-03,7.4572,per_usd
1998-06-04,7.4305,per_usd
1998-06-05,7.452,per_usd
1998-06-08,7.466,per_usd
1998-06-09,7.515,per_usd
1998-06-10,7.593,per_usd
1998-06-11,7.639,per_usd
1998-06-12,7.644,per_usd
1998-06-15,7.7055,per_usd
1998-06-16,7.6405,per_usd
1998-06-17,7.579,per_usd
1998-06-18,7.5855,per_usd
1998-06-19,7.558,per_usd
1998-06-22,7.5895,per_usd
1998-06-23,7.602,per_usd
1998-06-24,7.582,per_usd
1998-06-25,7.5995,per_usd
1998-06-26,7.705,per_usd
1998-06-29,7.7,per_usd
1998-06-30,7.665,per_usd
1998-07-01,7.72,per_usd
1998-07-02,7.776,per_usd
1998-07-03,7.769,per_usd
1998-07-06,7.705,per_usd
1998-07-07,7.71,per_usd
1998-07-08,7.717,per_usd
1998-07-09,7.774,per_usd
1998-07-10,7.709,per_usd
1998-07-13,7.659,per_usd
1998-07-14,7.671,per_usd
1998-07-15,7.631,per_usd
1998-07-16,7.568,per_usd
1998-07-17,7.524,per_usd
1998-07-20,7.51,per_usd
1998-07-21,7.572,per_usd
1998-07-22,7.566,per_usd
1998-07-23,7.575,per_usd
1998-07-24,7.534,per_usd
1998-07-27,7.545,per_usd
1998-07-28,7.5155,per_usd
1998-07-29,7.526,per_usd
1998-07-30,7.532,per_usd
1998-07-31,7.557,per_usd
1998-08-03,7.609,per_usd
1998-08-04,7.5895,per_usd
1998-08-05,7.558,per_usd
1998-08-06,7.558,per_usd
1998-08-07,7.599,per_usd
1998-08-10,7.608,per_usd
1998-08-11,7.6035,per_usd
1998-08-12,7.559,per_usd
1998-08-13,7.6055,per_usd
1998-08-14,7.656,per_usd
1998-08-17,7.6635,per_usd
1998-08-18,7.696,per_usd
1998-08-19,7.702,per_usd
1998-08-20,7.744,per_usd
1998-08-21,7.729,per_usd
1998-08-24,7.792,per_usd
1998-08-25,7.8655,per_usd
1998-08-26,8.0045,per_usd
1998-08-27,8.32,per_usd
1998-08-28,7.9545,per_usd
1998-08-31,7.805,per_usd
1998-09-01,7.74,per_usd
1998-09-02,7.72,per_usd
1998-09-03,7.728,per_usd
1998-09-04,7.715,per_usd
1998-09-08,7.727,per_usd
1998-09-09,7.715,per_usd
1998-09-10,7.613,per_usd
1998-09-11,7.526,per_usd
1998-09-14,7.578,per_usd
1998-09-15,7.5365,per_usd
1998-09-16,7.5188,per_usd
1998-09-17,7.49,per_usd
1998-09-18,7.4805,per_usd
1998-09-21,7.4775,per_usd
1998-09-22,7.4985,per_usd
1998-09-23,7.5195,per_usd
1998-09-24,7.461,per_usd
1998-09-25,7.408,per_usd
1998-09-28,7.425,per_usd
1998-09-29,7.406,per_usd
1998-09-30,7.402,per_usd
1998-10-01,7.371,per_usd
1998-10-02,7.466,per_usd
1998-10-05,7.4815,per_usd
1998-10-06,7.43,per_usd
1998-10-07,7.3335,per_usd
1998-10-08,7.335,per_usd
1998-10-09,7.5,per_usd
1998-10-13,7.535,per_usd
1998-10-14,7.6079,per_usd
1998-10-15,7.658,per_usd
1998-10-16,7.392,per_usd
1998-10-19,7.4455,per_usd
1998-10-20,7.465,per_usd
1998-10-21,7.41,per_usd
1998-10-22,7.3885,per_usd
1998-10-23,7.313,per_usd
1998-10-26,7.332,per_usd
1998-10-27,7.382,per_usd
1998-10-28,7.396,per_usd
1998-10-29,7.399,per_usd
1998-10-30,7.377,per_usd
1998-11-02,7.3305,per_usd
1998-11-03,7.385,per_usd
1998-11-04,7.4255,per_usd
1998-11-05,7.3435,per_usd
1998-11-06,7.3705,per_usd
1998-11-09,7.4777,per_usd
1998-11-10,7.5,per_usd
1998-11-12,7.549,per_usd
1998-11-13,7.487,per_usd
1998-11-16,7.448,per_usd
1998-11-17,7.425,per_usd
1998-11-18,7.4415,per_usd
1998-11-19,7.48,per_usd
1998-11-20,7.468,per_usd
1998-11-23,7.4925,per_usd
1998-11-24,7.497,per_usd
1998-11-25,7.507,per_usd
1998-11-27,7.5545,per_usd
1998-11-30,7.485,per_usd
1998-12-01,7.4425,per_usd
1998-12-02,7.4325,per_usd
1998-12-03,7.4275,per_usd
1998-12-04,7.4475,per_usd
1998-12-07,7.487,per_usd
1998-12-08,7.526,per_usd
1998-12-09,7.556,per_usd
1998-12-10,7.56,per_usd
1998-12-11,7.665,per_usd
1998-12-14,7.767,per_usd
1998-12-15,7.812,per_usd
1998-12-16,7.6635,per_usd
1998-12-17,7.697,per_usd
1998-12-18,7.7255,per_usd
1998-12-21,7.69,per_usd
1998-12-22,7.676,per_usd
1998-12-23,7.6625,per_usd
1998-12-24,7.638,per_usd
1998-12-28,7.655,per_usd
1998-12-29,7.601,per_usd
1998-12-30,7.598,per_usd
1998-12-31,7.58,per_usd
1999-01-04,7.496,per_usd
1999-01-05,7.434,per_usd
1999-01-06,7.4355,per_usd
1999-01-07,7.405,per_usd
1999-01-08,7.397,per_usd
1999-01-11,7.42,per_usd
1999-01-12,7.4218,per_usd
1999-01-13,7.4725,per_usd
1999-01-14,7.472,per_usd
1999-01-15,7.485,per_usd
1999-01-19,7.4429,per_usd
1999-01-20,7.4235,per_usd
1999-01-21,7.4435,per_usd
1999-01-22,7.465,per_usd
1999-01-25,7.45,per_usd
1999-01-26,7.444,per_usd
1999-01-27,7.465,per_usd
1999-01-28,7.515,per_usd
1999-01-29,7.523,per_usd
1999-02-01,7.556,per_usd
1999-02-02,7.585,per_usd
1999-02-03,7.615,per_usd
1999-02-04,7.643,per_usd
1999-02-05,7.661,per_usd
1999-02-08,7.638,per_usd
1999-02-09,7.65,per_usd
1999-02-10,7.64,per_usd
1999-02-11,7.6305,per_usd
1999-02-12,7.6215,per_usd
1999-02-16,7.737,per_usd
1999-02-17,7.75,per_usd
1999-02-18,7.796,per_usd
1999-02-19,7.833,per_usd
1999-02-22,7.844,per_usd
1999-02-23,7.87,per_usd
1999-02-24,7.913,per_usd
1999-02-25,7.8625,per_usd
1999-02-26,7.9105,per_usd
1999-03-01,7.95,per_usd
1999-03-02,7.925,per_usd
1999-03-03,7.941,per_usd
1999-03-04,7.9438,per_usd
1999-03-05,7.905,per_usd
1999-03-08,7.8575,per_usd
1999-03-09,7.8575,per_usd
1999-03-10,7.813,per_usd
1999-03-11,7.8,per_usd
1999-03-12,7.805,per_usd
1999-03-15,7.842,per_usd
1999-03-16,7.826,per_usd
1999-03-17,7.739,per_usd
1999-03-18,7.698,per_usd
1999-03-19,7.7169,per_usd
1999-03-22,7.746,per_usd
1999-03-23,7.744,per_usd
1999-03-24,7.75,per_usd
1999-03-25,7.767,per_usd
1999-03-26,7.803,per_usd
1999-03-29,7.795,per_usd
1999-03-30,7.795,per_usd
1999-03-31,7.728,per_usd
1999-04-01,7.753,per_usd
1999-04-02,7.746,per_usd
1999-04-05,7.79,per_usd
1999-04-06,7.699,per_usd
1999-04-07,7.763,per_usd
1999-04-08,7.776,per_usd
1999-04-09,7.7835,per_usd
1999-04-12,7.72,per_usd
1999-04-13,7.76,per_usd
1999-04-14,7.729,per_usd
1999-04-15,7.751,per_usd
1999-04-16,7.77,per_usd
1999-04-19,7.7925,per_usd
1999-04-20,7.7925,per_usd
1999-04-21,7.79,per_usd
1999-04-22,7.805,per_usd
1999-04-23,7.803,per_usd
1999-04-26,7.816,per_usd
1999-04-27,7.786,per_usd
1999-04-28,7.807,per_usd
1999-04-29,7.8,per_usd
1999-04-30,7.8175,per_usd
1999-05-03,7.801,per_usd
1999-05-04,7.785,per_usd
1999-05-05,7.731,per_usd
1999-05-06,7.662,per_usd
1999-05-07,7.6475,per_usd
1999-05-10,7.6155,per_usd
1999-05-11,7.669,per_usd
1999-05-12,7.706,per_usd
1999-05-13,7.718,per_usd
1999-05-14,7.705,per_usd
1999-05-17,7.682,per_usd
1999-05-18,7.703,per_usd
1999-05-19,7.759,per_usd
1999-05-20,7.7665,per_usd
1999-05-21,7.7895,per_usd
1999-05-24,7.792,per_usd
1999-05-25,7.79,per_usd
1999-05-26,7.859,per_usd
1999-05-27,7.9055,per_usd
1999-05-28,7.9045,per_usd
1999-06-01,7.889,per_usd
1999-06-02,7.9445,per_usd
1999-06-03,7.9695,per_usd
1999-06-04,7.9745,per_usd
1999-06-07,7.95,per_usd
1999-06-08,7.851,per_usd
1999-06-09,7.87,per_usd
1999-06-10,7.8263,per_usd
1999-06-11,7.8035,per_usd
1999-06-14,7.855,per_usd
1999-06-15,7.862,per_usd
1999-06-16,7.922,per_usd
1999-06-17,7.883,per_usd
1999-06-18,7.86,per_usd
1999-06-21,7.841,per_usd
1999-06-22,7.8475,per_usd
1999-06-23,7.855,per_usd
1999-06-24,7.856,per_usd
1999-06-25,7.808,per_usd
1999-06-28,7.8505,per_usd
1999-06-29,7.854,per_usd
1999-06-30,7.875,per_usd
1999-07-01,7.914,per_usd
1999-07-02,7.8895,per_usd
1999-07-06,7.883,per_usd
1999-07-07,7.915,per_usd
1999-07-08,7.953,per_usd
1999-07-09,7.9645,per_usd
1999-07-12,7.999,per_usd
1999-07-13,8.01,per_usd
1999-07-14,7.9885,per_usd
1999-07-15,7.977,per_usd
1999-07-16,7.965,per_usd
1999-07-19,7.945,per_usd
1999-07-20,7.856,per_usd
1999-07-21,7.857,per_usd
1999-07-22,7.867,per_usd
1999-07-23,7.855,per_usd
1999-07-26,7.811,per_usd
1999-07-27,7.846,per_usd
1999-07-28,7.8725,per_usd
1999-07-29,7.8195,per_usd
1999-07-30,7.774,per_usd
1999-08-02,7.7565,per_usd
1999-08-03,7.749,per_usd
1999-08-04,7.721,per_usd
1999-08-05,7.701,per_usd
1999-08-06,7.7245,per_usd
1999-08-09,7.74,per_usd
1999-08-10,7.708,per_usd
1999-08-11,7.733,per_usd
1999-08-12,7.748,per_usd
1999-08-13,7.8025,per_usd
1999-08-16,7.788,per_usd
1999-08-17,7.803,per_usd
1999-08-18,7.822,per_usd
1999-08-19,7.743,per_usd
1999-08-20,7.743,per_usd
1999-08-23,7.875,per_usd
1999-08-24,7.85,per_usd
1999-08-25,7.951,per_usd
1999-08-26,7.99,per_usd
1999-08-27,7.952,per_usd
1999-08-30,7.948,per_usd
1999-08-31,7.83,per_usd
1999-09-01,7.8225,per_usd
1999-09-02,7.787,per_usd
1999-09-03,7.8425,per_usd
1999-09-07,7.817,per_usd
1999-09-08,7.771,per_usd
1999-09-09,7.782,per_usd
1999-09-10,7.887,per_usd
1999-09-13,7.8625,per_usd
1999-09-14,7.9,per_usd
1999-09-15,7.914,per_usd
1999-09-16,7.8925,per_usd
1999-09-17,7.8965,per_usd
1999-09-20,7.863,per_usd
1999-09-21,7.83,per_usd
1999-09-22,7.829,per_usd
1999-09-23,7.855,per_usd
1999-09-24,7.8425,per_usd
1999-09-27,7.8675,per_usd
1999-09-28,7.798,per_usd
1999-09-29,7.759,per_usd
1999-09-30,7.7395,per_usd
1999-10-01,7.6925,per_usd
1999-10-04,7.695,per_usd
1999-10-05,7.7,per_usd
1999-10-06,7.7125,per_usd
1999-10-07,7.715,per_usd
1999-10-08,7.815,per_usd
1999-10-12,7.717,per_usd
1999-10-13,7.7265,per_usd
1999-10-14,7.711,per_usd
1999-10-15,7.6675,per_usd
1999-10-18,7.705,per_usd
1999-10-19,7.7045,per_usd
1999-10-20,7.723,per_usd
1999-10-21,7.7015,per_usd
1999-10-22,7.754,per_usd
1999-10-25,7.753,per_usd
1999-10-26,7.7875,per_usd
1999-10-27,7.82,per_usd
1999-10-28,7.853,per_usd
1999-10-29,7.85,per_usd
1999-11-01,7.877,per_usd
1999-11-02,7.865,per_usd
1999-11-03,7.8825,per_usd
1999-11-04,7.912,per_usd
1999-11-05,7.926,per_usd
1999-11-08,7.9275,per_usd
1999-11-09,7.892,per_usd
1999-11-10,7.852,per_usd
1999-11-12,7.933,per_usd
1999-11-15,7.943,per_usd
1999-11-16,7.952,per_usd
1999-11-17,7.886,per_usd
1999-11-18,7.9625,per_usd
1999-11-19,7.94,per_usd
1999-11-22,7.916,per_usd
1999-11-23,7.96,per_usd
1999-11-24,8.0065,per_usd
1999-11-26,8,per_usd
1999-11-29,8.042,per_usd
1999-11-30,8.059,per_usd
1999-12-01,8.092,per_usd
1999-12-02,8.097,per_usd
1999-12-03,8.093,per_usd
1999-12-06,7.937,per_usd
1999-12-07,7.9375,per_usd
1999-12-08,7.92,per_usd
1999-12-09,7.9875,per_usd
1999-12-10,7.9925,per_usd
1999-12-13,8.013,per_usd
1999-12-14,8.056,per_usd
1999-12-15,8.049,per_usd
1999-12-16,7.9875,per_usd
1999-12-17,7.9905,per_usd
1999-12-20,8.024,per_usd
1999-12-21,7.999,per_usd
1999-12-22,7.98,per_usd
1999-12-23,7.977,per_usd
1999-12-24,8.0175,per_usd
1999-12-27,7.989,per_usd
1999-12-28,8.036,per_usd
1999-12-29,8.044,per_usd
1999-12-30,8.0305,per_usd
1999-12-31,8.01,per_usd
2000-01-03,7.964,per_usd
2000-01-04,7.934,per_usd
2000-01-05,7.935,per_usd
2000-01-06,7.94,per_usd
2000-01-07,7.966,per_usd
2000-01-10,8.024,per_usd
2000-01-11,7.969,per_usd
2000-01-12,7.977,per_usd
2000-01-13,7.9425,per_usd
2000-01-14,7.997,per_usd
2000-01-18,8.01,per_usd
2000-01-19,8,per_usd
2000-01-20,7.977,per_usd
2000-01-21,7.999,per_usd
2000-01-24,8.026,per_usd
2000-01-25,8.036,per_usd
2000-01-26,8.0675,per_usd
2000-01-27,8.1475,per_usd
2000-01-28,8.27,per_usd
2000-01-31,8.301,per_usd
2000-02-01,8.277,per_usd
2000-02-02,8.225,per_usd
2000-02-03,8.158,per_usd
2000-02-04,8.27,per_usd
2000-02-07,8.259,per_usd
2000-02-08,8.1835,per_usd
2000-02-09,8.145,per_usd
2000-02-10,8.175,per_usd
2000-02-11,8.212,per_usd
2000-02-14,8.248,per_usd
2000-02-15,8.2515,per_usd
2000-02-16,8.239,per_usd
2000-02-17,8.285,per_usd
2000-02-18,8.257,per_usd
2000-02-22,8.145,per_usd
2000-02-23,8.1775,per_usd
2000-02-24,8.2055,per_usd
2000-02-25,8.312,per_usd
2000-02-28,8.3425,per_usd
2000-02-29,8.381,per_usd
2000-03-01,8.3115,per_usd
2000-03-02,8.4024,per_usd
2000-03-03,8.397,per_usd
2000-03-06,8.4125,per_usd
2000-03-07,8.436,per_usd
2000-03-08,8.454,per_usd
2000-03-09,8.393,per_usd
2000-03-10,8.395,per_usd
2000-03-13,8.419,per_usd
2000-03-14,8.443,per_usd
2000-03-15,8.417,per_usd
2000-03-16,8.406,per_usd
2000-03-17,8.4085,per_usd
2000-03-20,8.421,per_usd
2000-03-21,8.429,per_usd
2000-03-22,8.466,per_usd
2000-03-23,8.388,per_usd
2000-03-24,8.345,per_usd
2000-03-27,8.406,per_usd
2000-03-28,8.39,per_usd
2000-03-29,8.45,per_usd
2000-03-30,8.405,per_usd
2000-03-31,8.435,per_usd
2000-04-03,8.464,per_usd
2000-04-04,8.49,per_usd
2000-04-05,8.4425,per_usd
2000-04-06,8.476,per_usd
2000-04-07,8.482,per_usd
2000-04-10,8.502,per_usd
2000-04-11,8.526,per_usd
2000-04-12,8.533,per_usd
2000-04-13,8.546,per_usd
2000-04-14,8.5435,per_usd
2000-04-17,8.587,per_usd
2000-04-18,8.631,per_usd
2000-04-19,8.714,per_usd
2000-04-20,8.6925,per_usd
2000-04-21,8.677,per_usd
2000-04-24,8.673,per_usd
2000-04-25,8.806,per_usd
2000-04-26,8.8275,per_usd
2000-04-27,8.9718,per_usd
2000-04-28,8.959,per_usd
2000-05-01,8.905,per_usd
2000-05-02,8.9535,per_usd
2000-05-03,9.071,per_usd
2000-05-04,9.102,per_usd
2000-05-05,9.106,per_usd
2000-05-08,9.093,per_usd
2000-05-09,9.051,per_usd
2000-05-10,9.045,per_usd
2000-05-11,9.139,per_usd
2000-05-12,9.0115,per_usd
2000-05-15,8.963,per_usd
2000-05-16,9.0505,per_usd
2000-05-17,9.152,per_usd
2000-05-18,9.126,per_usd
2000-05-19,9.1375,per_usd
2000-05-22,9.117,per_usd
2000-05-23,9.153,per_usd
2000-05-24,9.0985,per_usd
2000-05-25,9.106,per_usd
2000-05-26,8.919,per_usd
2000-05-30,8.947,per_usd
2000-05-31,8.926,per_usd
2000-06-01,8.94,per_usd
2000-06-02,8.8095,per_usd
2000-06-05,8.749,per_usd
2000-06-06,8.662,per_usd
2000-06-07,8.6314,per_usd
2000-06-08,8.694,per_usd
2000-06-09,8.732,per_usd
2000-06-12,8.691,per_usd
2000-06-13,8.6265,per_usd
2000-06-14,8.573,per_usd
2000-06-15,8.636,per_usd
2000-06-16,8.5755,per_usd
2000-06-19,8.58,per_usd
2000-06-20,8.6225,per_usd
2000-06-21,8.7,per_usd
2000-06-22,8.738,per_usd
2000-06-23,8.739,per_usd
2000-06-26,8.758,per_usd
2000-06-27,8.6947,per_usd
2000-06-28,8.652,per_usd
2000-06-29,8.59,per_usd
2000-06-30,8.581,per_usd
2000-07-03,8.588,per_usd
2000-07-05,8.588,per_usd
2000-07-06,8.6,per_usd
2000-07-07,8.5925,per_usd
2000-07-10,8.5825,per_usd
2000-07-11,8.6092,per_usd
2000-07-12,8.673,per_usd
2000-07-13,8.729,per_usd
2000-07-14,8.698,per_usd
2000-07-17,8.75,per_usd
2000-07-18,8.79,per_usd
2000-07-19,8.854,per_usd
2000-07-20,8.81,per_usd
2000-07-21,8.7705,per_usd
2000-07-24,8.784,per_usd
2000-07-25,8.7195,per_usd
2000-07-26,8.705,per_usd
2000-07-27,8.807,per_usd
2000-07-28,8.855,per_usd
2000-07-31,8.864,per_usd
2000-08-01,8.885,per_usd
2000-08-02,8.957,per_usd
2000-08-03,9.012,per_usd
2000-08-04,8.904,per_usd
2000-08-07,8.894,per_usd
2000-08-08,8.985,per_usd
2000-08-09,8.993,per_usd
2000-08-10,8.944,per_usd
2000-08-11,8.951,per_usd
2000-08-14,8.93,per_usd
2000-08-15,8.886,per_usd
2000-08-16,8.855,per_usd
2000-08-17,8.834,per_usd
2000-08-18,8.894,per_usd
2000-08-21,8.921,per_usd
2000-08-22,8.985,per_usd
2000-08-23,9.005,per_usd
2000-08-24,8.99,per_usd
2000-08-25,8.9795,per_usd
2000-08-28,8.958,per_usd
2000-08-29,9.017,per_usd
2000-08-30,9.0465,per_usd
2000-08-31,9.0845,per_usd
2000-09-01,9.0108,per_usd
2000-09-05,9.085,per_usd
2000-09-06,9.224,per_usd
2000-09-07,9.185,per_usd
2000-09-08,9.254,per_usd
2000-09-11,9.309,per_usd
2000-09-12,9.331,per_usd
2000-09-13,9.3003,per_usd
2000-09-14,9.325,per_usd
2000-09-15,9.339,per_usd
2000-09-18,9.386,per_usd
2000-09-19,9.388,per_usd
2000-09-20,9.43,per_usd
2000-09-21,9.36,per_usd
2000-09-22,9.14,per_usd
2000-09-25,9.181,per_usd
2000-09-26,9.13,per_usd
2000-09-27,9.14,per_usd
2000-09-28,9.0705,per_usd
2000-09-29,9.0725,per_usd
2000-10-02,9.1269,per_usd
2000-10-03,9.179,per_usd
2000-10-04,9.205,per_usd
2000-10-05,9.2505,per_usd
2000-10-06,9.2505,per_usd
2000-10-10,9.268,per_usd
2000-10-11,9.271,per_usd
2000-10-12,9.2925,per_usd
2000-10-13,9.383,per_usd
2000-10-16,9.4325,per_usd
2000-10-17,9.45,per_usd
2000-10-18,9.5775,per_usd
2000-10-19,9.5035,per_usd
2000-10-20,9.49,per_usd
2000-10-23,9.494,per_usd
2000-10-24,9.524,per_usd
2000-10-25,9.585,per_usd
2000-10-26,9.589,per_usd
2000-10-27,9.443,per_usd
2000-10-30,9.3725,per_usd
2000-10-31,9.279,per_usd
2000-11-01,9.202,per_usd
2000-11-02,9.254,per_usd
2000-11-03,9.231,per_usd
2000-11-06,9.302,per_usd
2000-11-07,9.276,per_usd
2000-11-08,9.295,per_usd
2000-11-09,9.2935,per_usd
2000-11-10,9.2825,per_usd
2000-11-13,9.2945,per_usd
2000-11-14,9.3784,per_usd
2000-11-15,9.363,per_usd
2000-11-16,9.371,per_usd
2000-11-17,9.391,per_usd
2000-11-20,9.418,per_usd
2000-11-21,9.497,per_usd
2000-11-22,9.513,per_usd
2000-11-24,9.56,per_usd
2000-11-27,9.4325,per_usd
2000-11-28,9.393,per_usd
2000-11-29,9.37,per_usd
2000-11-30,9.284,per_usd
2000-12-01,9.2475,per_usd
2000-12-04,9.1575,per_usd
2000-12-05,9.184,per_usd
2000-12-06,9.0711,per_usd
2000-12-07,9.125,per_usd
2000-12-08,9.155,per_usd
2000-12-11,9.211,per_usd
2000-12-12,9.211,per_usd
2000-12-13,9.247,per_usd
2000-12-14,9.175,per_usd
2000-12-15,9.028,per_usd
2000-12-18,9.0575,per_usd
2000-12-19,9.106,per_usd
2000-12-20,8.996,per_usd
2000-12-21,8.983,per_usd
2000-12-22,8.86,per_usd
2000-12-26,8.8082,per_usd
2000-12-27,8.8825,per_usd
2000-12-28,8.926,per_usd
2000-12-29,8.801,per_usd
2001-01-02,8.76,per_usd
2001-01-03,8.76,per_usd
2001-01-04,8.7628,per_usd
2001-01-05,8.701,per_usd
2001-01-08,8.7435,per_usd
2001-01-09,8.775,per_usd
2001-01-10,8.725,per_usd
2001-01-11,8.594,per_usd
2001-01-12,8.6645,per_usd
2001-01-16,8.7675,per_usd
2001-01-17,8.7925,per_usd
2001-01-18,8.701,per_usd
2001-01-19,8.77,per_usd
2001-01-22,8.7812,per_usd
2001-01-23,8.813,per_usd
2001-01-24,8.889,per_usd
2001-01-25,8.915,per_usd
2001-01-26,8.911,per_usd
2001-01-29,8.9148,per_usd
2001-01-30,8.84,per_usd
2001-01-31,8.8353,per_usd
2001-02-01,8.755,per_usd
2001-02-02,8.7525,per_usd
2001-02-05,8.7275,per_usd
2001-02-06,8.78,per_usd
2001-02-07,8.775,per_usd
2001-02-08,8.89,per_usd
2001-02-09,8.85,per_usd
2001-02-12,8.8425,per_usd
2001-02-13,8.92,per_usd
2001-02-14,8.9405,per_usd
2001-02-15,9.038,per_usd
2001-02-16,8.9365,per_usd
2001-02-20,9.055,per_usd
2001-02-21,9.0825,per_usd
2001-02-22,9.097,per_usd
2001-02-23,9.037,per_usd
2001-02-26,9.036,per_usd
2001-02-27,9.005,per_usd
2001-02-28,8.9225,per_usd
2001-03-01,8.865,per_usd
2001-03-02,8.801,per_usd
2001-03-05,8.869,per_usd
2001-03-06,8.812,per_usd
2001-03-07,8.861,per_usd
2001-03-08,8.845,per_usd
2001-03-09,8.803,per_usd
2001-03-12,8.84,per_usd
2001-03-13,8.98,per_usd
2001-03-14,8.963,per_usd
2001-03-15,9.0725,per_usd
2001-03-16,9.144,per_usd
2001-03-19,9.03,per_usd
2001-03-20,9.001,per_usd
2001-03-21,9.0605,per_usd
2001-03-22,9.1275,per_usd
2001-03-23,9.06,per_usd
2001-03-26,9.0505,per_usd
2001-03-27,9.112,per_usd
2001-03-28,9.118,per_usd
2001-03-29,9.127,per_usd
2001-03-30,9.1475,per_usd
2001-04-02,9.161,per_usd
2001-04-03,9.1075,per_usd
2001-04-04,9.0783,per_usd
2001-04-05,9.072,per_usd
2001-04-06,9.0505,per_usd
2001-04-09,9.033,per_usd
2001-04-10,9.1045,per_usd
2001-04-11,9.133,per_usd
2001-04-12,9.073,per_usd
2001-04-13,9.11,per_usd
2001-04-16,9.1359,per_usd
2001-04-17,9.1325,per_usd
2001-04-18,9.1234,per_usd
2001-04-19,9.07,per_usd
2001-04-20,9.026,per_usd
2001-04-23,9.073,per_usd
2001-04-24,9.1145,per_usd
2001-04-25,9.107,per_usd
2001-04-26,9.0515,per_usd
2001-04-27,9.075,per_usd
2001-04-30,9.101,per_usd
2001-05-01,9.054,per_usd
2001-05-02,9.066,per_usd
2001-05-03,9.094,per_usd
2001-05-04,9.048,per_usd
2001-05-07,9.0495,per_usd
2001-05-08,9.0875,per_usd
2001-05-09,9.112,per_usd
2001-05-10,9.144,per_usd
2001-05-11,9.165,per_usd
2001-05-14,9.156,per_usd
2001-05-15,9.12,per_usd
2001-05-16,9.09,per_usd
2001-05-17,9.066,per_usd
2001-05-18,9.05,per_usd
2001-05-21,9.07,per_usd
2001-05-22,9.165,per_usd
2001-05-23,9.2325,per_usd
2001-05-24,9.209,per_usd
2001-05-25,9.198,per_usd
2001-05-29,9.252,per_usd
2001-05-30,9.229,per_usd
2001-05-31,9.379,per_usd
2001-06-01,9.4538,per_usd
2001-06-04,9.4475,per_usd
2001-06-05,9.365,per_usd
2001-06-06,9.39,per_usd
2001-06-07,9.335,per_usd
2001-06-08,9.345,per_usd
2001-06-11,9.423,per_usd
2001-06-12,9.423,per_usd
2001-06-13,9.34,per_usd
2001-06-14,9.2755,per_usd
2001-06-15,9.235,per_usd
2001-06-18,9.214,per_usd
2001-06-19,9.183,per_usd
2001-06-20,9.2625,per_usd
2001-06-21,9.22,per_usd
2001-06-22,9.211,per_usd
2001-06-25,9.219,per_usd
2001-06-26,9.191,per_usd
2001-06-27,9.175,per_usd
2001-06-28,9.293,per_usd
2001-06-29,9.329,per_usd
2001-07-02,9.403,per_usd
2001-07-03,9.352,per_usd
2001-07-05,9.43,per_usd
2001-07-06,9.3725,per_usd
2001-07-09,9.347,per_usd
2001-07-10,9.283,per_usd
2001-07-11,9.275,per_usd
2001-07-12,9.325,per_usd
2001-07-13,9.325,per_usd
2001-07-16,9.332,per_usd
2001-07-17,9.3485,per_usd
2001-07-18,9.185,per_usd
2001-07-19,9.2144,per_usd
2001-07-20,9.182,per_usd
2001-07-23,9.213,per_usd
2001-07-24,9.153,per_usd
2001-07-25,9.121,per_usd
2001-07-26,9.128,per_usd
2001-07-27,9.122,per_usd
2001-07-30,9.1415,per_usd
2001-07-31,9.135,per_usd
2001-08-01,9.098,per_usd
2001-08-02,9.075,per_usd
2001-08-03,9.031,per_usd
2001-08-06,9.075,per_usd
2001-08-07,9.0885,per_usd
2001-08-08,9.067,per_usd
2001-08-09,8.9975,per_usd
2001-08-10,8.9975,per_usd
2001-08-13,9.008,per_usd
2001-08-14,8.958,per_usd
2001-08-15,8.9192,per_usd
2001-08-16,8.852,per_usd
2001-08-17,8.855,per_usd
2001-08-20,8.8975,per_usd
2001-08-21,8.8875,per_usd
2001-08-22,8.825,per_usd
2001-08-23,8.8635,per_usd
2001-08-24,8.885,per_usd
2001-08-27,8.889,per_usd
2001-08-28,8.878,per_usd
2001-08-29,8.865,per_usd
2001-08-30,8.805,per_usd
2001-08-31,8.865,per_usd
2001-09-04,8.938,per_usd
2001-09-05,8.9275,per_usd
2001-09-06,8.887,per_usd
2001-09-07,8.837,per_usd
2001-09-10,8.8875,per_usd
2001-09-12,8.7992,per_usd
2001-09-13,8.8035,per_usd
2001-09-14,8.7355,per_usd
2001-09-17,8.6936,per_usd
2001-09-18,8.649,per_usd
2001-09-19,8.5391,per_usd
2001-09-20,8.5947,per_usd
2001-09-21,8.683,per_usd
2001-09-24,8.7375,per_usd
2001-09-25,8.6954,per_usd
2001-09-26,8.7313,per_usd
2001-09-27,8.8251,per_usd
2001-09-28,8.88,per_usd
2001-10-01,8.8244,per_usd
2001-10-02,8.836,per_usd
2001-10-03,8.7995,per_usd
2001-10-04,8.8119,per_usd
2001-10-05,8.7817,per_usd
2001-10-09,8.735,per_usd
2001-10-10,8.7676,per_usd
2001-10-11,8.823,per_usd
2001-10-12,8.7625,per_usd
2001-10-15,8.769,per_usd
2001-10-16,8.777,per_usd
2001-10-17,8.777,per_usd
2001-10-18,8.808,per_usd
2001-10-19,8.885,per_usd
2001-10-22,8.9525,per_usd
2001-10-23,8.934,per_usd
2001-10-24,8.917,per_usd
2001-10-25,8.905,per_usd
2001-10-26,8.913,per_usd
2001-10-29,8.825,per_usd
2001-10-30,8.816,per_usd
2001-10-31,8.904,per_usd
2001-11-01,8.82,per_usd
2001-11-02,8.823,per_usd
2001-11-05,8.849,per_usd
2001-11-06,8.856,per_usd
2001-11-07,8.8315,per_usd
2001-11-08,8.873,per_usd
2001-11-09,8.8345,per_usd
2001-11-13,8.928,per_usd
2001-11-14,8.901,per_usd
2001-11-15,8.97,per_usd
2001-11-16,8.981,per_usd
2001-11-19,9.035,per_usd
2001-11-20,8.948,per_usd
2001-11-21,8.9875,per_usd
2001-11-23,9.0315,per_usd
2001-11-26,9.035,per_usd
2001-11-27,9.0173,per_usd
2001-11-28,8.974,per_usd
2001-11-29,8.9705,per_usd
2001-11-30,8.926,per_usd
2001-12-03,8.979,per_usd
2001-12-04,8.9955,per_usd
2001-12-05,9.013,per_usd
2001-12-06,8.9575,per_usd
2001-12-07,8.957,per_usd
2001-12-10,9.01,per_usd
2001-12-11,8.9825,per_usd
2001-12-12,8.958,per_usd
2001-12-13,8.9375,per_usd
2001-12-14,8.8735,per_usd
2001-12-17,8.8675,per_usd
2001-12-18,8.866,per_usd
2001-12-19,8.885,per_usd
2001-12-20,8.921,per_usd
2001-12-21,8.992,per_usd
2001-12-24,9.112,per_usd
2001-12-26,9.097,per_usd
2001-12-27,9.018,per_usd
2001-12-28,9.0325,per_usd
2001-12-31,8.9724,per_usd
2002-01-02,8.8775,per_usd
2002-01-03,8.905,per_usd
2002-01-04,8.928,per_usd
2002-01-07,8.92,per_usd
2002-01-08,8.935,per_usd
2002-01-09,8.956,per_usd
2002-01-10,8.92,per_usd
2002-01-11,8.935,per_usd
2002-01-14,8.899,per_usd
2002-01-15,8.8965,per_usd
2002-01-16,8.948,per_usd
2002-01-17,8.963,per_usd
2002-01-18,8.955,per_usd
2002-01-22,8.944,per_usd
2002-01-23,8.955,per_usd
2002-01-24,8.973,per_usd
2002-01-25,9.068,per_usd
2002-01-28,9.111,per_usd
2002-01-29,9.0755,per_usd
2002-01-30,9.0634,per_usd
2002-01-31,9.108,per_usd
2002-02-01,9.105,per_usd
2002-02-04,9.036,per_usd
2002-02-05,9.051,per_usd
2002-02-06,9.0075,per_usd
2002-02-07,9.0032,per_usd
2002-02-08,8.984,per_usd
2002-02-11,8.935,per_usd
2002-02-12,8.925,per_usd
2002-02-13,8.9575,per_usd
2002-02-14,8.9275,per_usd
2002-02-15,8.8875,per_usd
2002-02-19,8.881,per_usd
2002-02-20,8.929,per_usd
2002-02-21,8.896,per_usd
2002-02-22,8.871,per_usd
2002-02-25,8.882,per_usd
2002-02-26,8.92,per_usd
2002-02-27,8.92,per_usd
2002-02-28,8.9175,per_usd
2002-03-01,8.8875,per_usd
2002-03-04,8.8475,per_usd
2002-03-05,8.832,per_usd
2002-03-06,8.798,per_usd
2002-03-07,8.765,per_usd
2002-03-08,8.812,per_usd
2002-03-11,8.828,per_usd
2002-03-12,8.835,per_usd
2002-03-13,8.854,per_usd
2002-03-14,8.792,per_usd
2002-03-15,8.798,per_usd
2002-03-18,8.766,per_usd
2002-03-19,8.783,per_usd
2002-03-20,8.739,per_usd
2002-03-21,8.72,per_usd
2002-03-22,8.764,per_usd
2002-03-25,8.803,per_usd
2002-03-26,8.7925,per_usd
2002-03-27,8.837,per_usd
2002-03-28,8.845,per_usd
2002-03-29,8.853,per_usd
2002-04-01,8.745,per_usd
2002-04-02,8.755,per_usd
2002-04-03,8.692,per_usd
2002-04-04,8.715,per_usd
2002-04-05,8.685,per_usd
2002-04-08,8.7175,per_usd
2002-04-09,8.6875,per_usd
2002-04-10,8.706,per_usd
2002-04-11,8.6365,per_usd
2002-04-12,8.654,per_usd
2002-04-15,8.667,per_usd
2002-04-16,8.658,per_usd
2002-04-17,8.607,per_usd
2002-04-18,8.585,per_usd
2002-04-19,8.555,per_usd
2002-04-22,8.573,per_usd
2002-04-23,8.54,per_usd
2002-04-24,8.543,per_usd
2002-04-25,8.4585,per_usd
2002-04-26,8.441,per_usd
2002-04-29,8.3975,per_usd
2002-04-30,8.405,per_usd
2002-05-01,8.35,per_usd
2002-05-02,8.3815,per_usd
2002-05-03,8.286,per_usd
2002-05-06,8.2735,per_usd
2002-05-07,8.3365,per_usd
2002-05-08,8.378,per_usd
2002-05-09,8.306,per_usd
2002-05-10,8.302,per_usd
2002-05-13,8.287,per_usd
2002-05-14,8.365,per_usd
2002-05-15,8.323,per_usd
2002-05-16,8.294,per_usd
2002-05-17,8.202,per_usd
2002-05-20,8.186,per_usd
2002-05-21,8.194,per_usd
2002-05-22,8.0715,per_usd
2002-05-23,8.073,per_usd
2002-05-24,8.0725,per_usd
2002-05-28,7.952,per_usd
2002-05-29,7.945,per_usd
2002-05-30,7.929,per_usd
2002-05-31,8.0025,per_usd
2002-06-03,7.92,per_usd
2002-06-04,7.897,per_usd
2002-06-05,7.876,per_usd
2002-06-06,7.853,per_usd
2002-06-07,7.884,per_usd
2002-06-10,7.875,per_usd
2002-06-11,7.866,per_usd
2002-06-12,7.841,per_usd
2002-06-13,7.87,per_usd
2002-06-14,7.883,per_usd
2002-06-17,7.851,per_usd
2002-06-18,7.8025,per_usd
2002-06-19,7.725,per_usd
2002-06-20,7.637,per_usd
2002-06-21,7.6075,per_usd
2002-06-24,7.556,per_usd
2002-06-25,7.591,per_usd
2002-06-26,7.517,per_usd
2002-06-27,7.489,per_usd
2002-06-28,7.524,per_usd
2002-07-01,7.494,per_usd
2002-07-02,7.481,per_usd
2002-07-03,7.464,per_usd
2002-07-05,7.495,per_usd
2002-07-08,7.4,per_usd
2002-07-09,7.36,per_usd
2002-07-10,7.376,per_usd
2002-07-11,7.356,per_usd
2002-07-12,7.417,per_usd
2002-07-15,7.344,per_usd
2002-07-16,7.326,per_usd
2002-07-17,7.331,per_usd
2002-07-18,7.356,per_usd
2002-07-19,7.3295,per_usd
2002-07-22,7.4495,per_usd
2002-07-23,7.618,per_usd
2002-07-24,7.6615,per_usd
2002-07-25,7.5875,per_usd
2002-07-26,7.636,per_usd
2002-07-29,7.696,per_usd
2002-07-30,7.528,per_usd
2002-07-31,7.62,per_usd
2002-08-01,7.643,per_usd
2002-08-02,7.621,per_usd
2002-08-05,7.646,per_usd
2002-08-06,7.8095,per_usd
2002-08-07,7.709,per_usd
2002-08-08,7.74,per_usd
2002-08-09,7.683,per_usd
2002-08-12,7.629,per_usd
2002-08-13,7.6,per_usd
2002-08-14,7.551,per_usd
2002-08-15,7.578,per_usd
2002-08-16,7.519,per_usd
2002-08-19,7.543,per_usd
2002-08-20,7.515,per_usd
2002-08-21,7.544,per_usd
2002-08-22,7.647,per_usd
2002-08-23,7.626,per_usd
2002-08-26,7.59,per_usd
2002-08-27,7.526,per_usd
2002-08-28,7.52,per_usd
2002-08-29,7.516,per_usd
2002-08-30,7.5366,per_usd
2002-09-03,7.476,per_usd
2002-09-04,7.463,per_usd
2002-09-05,7.45,per_usd
2002-09-06,7.486,per_usd
2002-09-09,7.5025,per_usd
2002-09-10,7.5823,per_usd
2002-09-11,7.598,per_usd
2002-09-12,7.531,per_usd
2002-09-13,7.5425,per_usd
2002-09-16,7.549,per_usd
2002-09-17,7.579,per_usd
2002-09-18,7.5055,per_usd
2002-09-19,7.4595,per_usd
2002-09-20,7.488,per_usd
2002-09-23,7.477,per_usd
2002-09-24,7.451,per_usd
2002-09-25,7.475,per_usd
2002-09-26,7.51,per_usd
2002-09-27,7.5,per_usd
2002-09-30,7.41,per_usd
2002-10-01,7.425,per_usd
2002-10-02,7.428,per_usd
2002-10-03,7.401,per_usd
2002-10-04,7.428,per_usd
2002-10-07,7.4235,per_usd
2002-10-08,7.418,per_usd
2002-10-09,7.406,per_usd
2002-10-10,7.3895,per_usd
2002-10-11,7.393,per_usd
2002-10-15,7.437,per_usd
2002-10-16,7.467,per_usd
2002-10-17,7.645,per_usd
2002-10-18,7.6275,per_usd
2002-10-21,7.593,per_usd
2002-10-22,7.585,per_usd
2002-10-23,7.566,per_usd
2002-10-24,7.575,per_usd
2002-10-25,7.541,per_usd
2002-10-28,7.5035,per_usd
2002-10-29,7.51,per_usd
2002-10-30,7.5025,per_usd
2002-10-31,7.4555,per_usd
2002-11-01,7.385,per_usd
2002-11-04,7.399,per_usd
2002-11-05,7.369,per_usd
2002-11-06,7.387,per_usd
2002-11-07,7.271,per_usd
2002-11-08,7.2219,per_usd
2002-11-12,7.245,per_usd
2002-11-13,7.288,per_usd
2002-11-14,7.294,per_usd
2002-11-15,7.25,per_usd
2002-11-18,7.25,per_usd
2002-11-19,7.29,per_usd
2002-11-20,7.31,per_usd
2002-11-21,7.3195,per_usd
2002-11-22,7.326,per_usd
2002-11-25,7.358,per_usd
2002-11-26,7.3425,per_usd
2002-11-27,7.358,per_usd
2002-11-29,7.334,per_usd
2002-12-02,7.314,per_usd
2002-12-03,7.302,per_usd
2002-12-04,7.27,per_usd
2002-12-05,7.29,per_usd
2002-12-06,7.222,per_usd
2002-12-09,7.2515,per_usd
2002-12-10,7.276,per_usd
2002-12-11,7.2945,per_usd
2002-12-12,7.2025,per_usd
2002-12-13,7.169,per_usd
2002-12-16,7.14,per_usd
2002-12-17,7.1175,per_usd
2002-12-18,7.125,per_usd
2002-12-19,7.127,per_usd
2002-12-20,7.098,per_usd
2002-12-23,7.1025,per_usd
2002-12-24,7.054,per_usd
2002-12-26,7.012,per_usd
2002-12-27,7.003,per_usd
2002-12-30,6.961,per_usd
2002-12-31,6.9375,per_usd
2003-01-02,7.002,per_usd
2003-01-03,6.956,per_usd
2003-01-06,6.917,per_usd
2003-01-07,6.932,per_usd
2003-01-08,6.9235,per_usd
2003-01-09,6.916,per_usd
2003-01-10,6.876,per_usd
2003-01-13,6.952,per_usd
2003-01-14,6.9375,per_usd
2003-01-15,6.894,per_usd
2003-01-16,6.872,per_usd
2003-01-17,6.829,per_usd
2003-01-21,6.951,per_usd
2003-01-22,6.894,per_usd
2003-01-23,6.9345,per_usd
2003-01-24,6.8725,per_usd
2003-01-27,6.8975,per_usd
2003-01-28,6.899,per_usd
2003-01-29,6.8725,per_usd
2003-01-30,6.895,per_usd
2003-01-31,6.966,per_usd
2003-02-03,6.96,per_usd
2003-02-04,6.913,per_usd
2003-02-05,6.965,per_usd
2003-02-06,6.921,per_usd
2003-02-07,6.931,per_usd
2003-02-10,6.9475,per_usd
2003-02-11,6.95,per_usd
2003-02-12,6.973,per_usd
2003-02-13,6.96,per_usd
2003-02-14,6.971,per_usd
2003-02-18,7.022,per_usd
2003-02-19,7.007,per_usd
2003-02-20,6.9265,per_usd
2003-02-21,7,per_usd
2003-02-24,7.0415,per_usd
2003-02-25,7.0707,per_usd
2003-02-26,7.083,per_usd
2003-02-27,7.198,per_usd
2003-02-28,7.168,per_usd
2003-03-03,7.1665,per_usd
2003-03-04,7.143,per_usd
2003-03-05,7.059,per_usd
2003-03-06,7.1425,per_usd
2003-03-07,7.2155,per_usd
2003-03-10,7.185,per_usd
2003-03-11,7.177,per_usd
2003-03-12,7.125,per_usd
2003-03-13,7.19,per_usd
2003-03-14,7.253,per_usd
2003-03-17,7.3545,per_usd
2003-03-18,7.457,per_usd
2003-03-19,7.4375,per_usd
2003-03-20,7.4125,per_usd
2003-03-21,7.464,per_usd
2003-03-24,7.39,per_usd
2003-03-25,7.33,per_usd
2003-03-26,7.338,per_usd
2003-03-27,7.3525,per_usd
2003-03-28,7.328,per_usd
2003-03-31,7.276,per_usd
2003-04-01,7.204,per_usd
2003-04-02,7.265,per_usd
2003-04-03,7.245,per_usd
2003-04-04,7.2544,per_usd
2003-04-07,7.305,per_usd
2003-04-08,7.28,per_usd
2003-04-09,7.26,per_usd
2003-04-10,7.308,per_usd
2003-04-11,7.318,per_usd
2003-04-14,7.31,per_usd
2003-04-15,7.263,per_usd
2003-04-16,7.223,per_usd
2003-04-17,7.202,per_usd
2003-04-18,7.2115,per_usd
2003-04-21,7.225,per_usd
2003-04-22,7.156,per_usd
2003-04-23,7.161,per_usd
2003-04-24,7.083,per_usd
2003-04-25,7.071,per_usd
2003-04-28,7.053,per_usd
2003-04-29,7.0775,per_usd
2003-04-30,6.995,per_usd
2003-05-01,6.9501,per_usd
2003-05-02,7.03,per_usd
2003-05-05,6.994,per_usd
2003-05-06,6.911,per_usd
2003-05-07,6.9265,per_usd
2003-05-08,6.874,per_usd
2003-05-09,6.848,per_usd
2003-05-12,6.808,per_usd
2003-05-13,6.8585,per_usd
2003-05-14,6.8465,per_usd
2003-05-15,6.8408,per_usd
2003-05-16,6.798,per_usd
2003-05-19,6.804,per_usd
2003-05-20,6.786,per_usd
2003-05-21,6.71,per_usd
2003-05-22,6.7185,per_usd
2003-05-23,6.677,per_usd
2003-05-27,6.645,per_usd
2003-05-28,6.718,per_usd
2003-05-29,6.6684,per_usd
2003-05-30,6.6917,per_usd
2003-06-02,6.725,per_usd
2003-06-03,6.864,per_usd
2003-06-04,6.9052,per_usd
2003-06-05,6.875,per_usd
2003-06-06,6.975,per_usd
2003-06-09,6.9691,per_usd
2003-06-10,7.017,per_usd
2003-06-11,7.002,per_usd
2003-06-12,6.955,per_usd
2003-06-13,6.933,per_usd
2003-06-16,6.9422,per_usd
2003-06-17,6.9438,per_usd
2003-06-18,6.985,per_usd
2003-06-19,6.9886,per_usd
2003-06-20,7.0435,per_usd
2003-06-23,7.0775,per_usd
2003-06-24,7.12,per_usd
2003-06-25,7.145,per_usd
2003-06-26,7.252,per_usd
2003-06-27,7.252,per_usd
2003-06-30,7.2245,per_usd
2003-07-01,7.141,per_usd
2003-07-02,7.196,per_usd
2003-07-03,7.1918,per_usd
2003-07-07,7.3116,per_usd
2003-07-08,7.3226,per_usd
2003-07-09,7.3236,per_usd
2003-07-10,7.3094,per_usd
2003-07-11,7.341,per_usd
2003-07-14,7.3775,per_usd
2003-07-15,7.4293,per_usd
2003-07-16,7.436,per_usd
2003-07-17,7.49,per_usd
2003-07-18,7.4024,per_usd
2003-07-21,7.36,per_usd
2003-07-22,7.37,per_usd
2003-07-23,7.222,per_usd
2003-07-24,7.2245,per_usd
2003-07-25,7.1324,per_usd
2003-07-28,7.1535,per_usd
2003-07-29,7.1903,per_usd
2003-07-30,7.2195,per_usd
2003-07-31,7.288,per_usd
2003-08-01,7.2575,per_usd
2003-08-04,7.224,per_usd
2003-08-05,7.2375,per_usd
2003-08-06,7.1985,per_usd
2003-08-07,7.153,per_usd
2003-08-08,7.219,per_usd
2003-08-11,7.252,per_usd
2003-08-12,7.2935,per_usd
2003-08-13,7.3475,per_usd
2003-08-14,7.378,per_usd
2003-08-15,7.383,per_usd
2003-08-18,7.4266,per_usd
2003-08-19,7.4855,per_usd
2003-08-20,7.4742,per_usd
2003-08-21,7.5644,per_usd
2003-08-22,7.649,per_usd
2003-08-25,7.639,per_usd
2003-08-26,7.656,per_usd
2003-08-27,7.646,per_usd
2003-08-28,7.6102,per_usd
2003-08-29,7.5065,per_usd
2003-09-02,7.588,per_usd
2003-09-03,7.597,per_usd
2003-09-04,7.5423,per_usd
2003-09-05,7.4354,per_usd
2003-09-08,7.4185,per_usd
2003-09-09,7.3855,per_usd
2003-09-10,7.405,per_usd
2003-09-11,7.403,per_usd
2003-09-12,7.309,per_usd
2003-09-15,7.328,per_usd
2003-09-16,7.3908,per_usd
2003-09-17,7.294,per_usd
2003-09-18,7.2527,per_usd
2003-09-19,7.183,per_usd
2003-09-22,7.115,per_usd
2003-09-23,7.0425,per_usd
2003-09-24,7.0069,per_usd
2003-09-25,7.025,per_usd
2003-09-26,7.064,per_usd
2003-09-29,7,per_usd
2003-09-30,7.0557,per_usd
2003-10-01,7.02,per_usd
2003-10-02,6.9725,per_usd
2003-10-03,7.0802,per_usd
2003-10-06,6.9795,per_usd
2003-10-07,6.9825,per_usd
2003-10-08,6.973,per_usd
2003-10-09,7.038,per_usd
2003-10-10,6.9715,per_usd
2003-10-14,7.05,per_usd
2003-10-15,7.0925,per_usd
2003-10-16,7.087,per_usd
2003-10-17,7.105,per_usd
2003-10-20,7.112,per_usd
2003-10-21,7.0944,per_usd
2003-10-22,6.967,per_usd
2003-10-23,6.993,per_usd
2003-10-24,6.9825,per_usd
2003-10-27,7.023,per_usd
2003-10-28,7.0364,per_usd
2003-10-29,7.0534,per_usd
2003-10-30,7.024,per_usd
2003-10-31,7.091,per_usd
2003-11-03,7.185,per_usd
2003-11-04,7.182,per_usd
2003-11-05,7.185,per_usd
2003-11-06,7.224,per_usd
2003-11-07,7.159,per_usd
2003-11-10,7.1425,per_usd
2003-11-12,7.0295,per_usd
2003-11-13,7.0025,per_usd
2003-11-14,6.9892,per_usd
2003-11-17,6.9874,per_usd
2003-11-18,6.893,per_usd
2003-11-19,6.8565,per_usd
2003-11-20,6.867,per_usd
2003-11-21,6.851,per_usd
2003-11-24,6.9368,per_usd
2003-11-25,6.924,per_usd
2003-11-26,6.859,per_usd
2003-11-28,6.824,per_usd
2003-12-01,6.8285,per_usd
2003-12-02,6.76,per_usd
2003-12-03,6.7145,per_usd
2003-12-04,6.695,per_usd
2003-12-05,6.6515,per_usd
2003-12-08,6.65,per_usd
2003-12-09,6.644,per_usd
2003-12-10,6.6663,per_usd
2003-12-11,6.7193,per_usd
2003-12-12,6.664,per_usd
2003-12-15,6.693,per_usd
2003-12-16,6.675,per_usd
2003-12-17,6.7125,per_usd
2003-12-18,6.7545,per_usd
2003-12-19,6.711,per_usd
2003-12-22,6.717,per_usd
2003-12-23,6.757,per_usd
2003-12-24,6.75,per_usd
2003-12-26,6.781,per_usd
2003-12-29,6.749,per_usd
2003-12-30,6.7235,per_usd
2003-12-31,6.666,per_usd
2004-01-02,6.659,per_usd
2004-01-05,6.6586,per_usd
2004-01-06,6.6985,per_usd
2004-01-07,6.809,per_usd
2004-01-08,6.8115,per_usd
2004-01-09,6.718,per_usd
2004-01-12,6.731,per_usd
2004-01-13,6.7216,per_usd
2004-01-14,6.716,per_usd
2004-01-15,6.826,per_usd
2004-01-16,6.9536,per_usd
2004-01-20,6.852,per_usd
2004-01-21,6.794,per_usd
2004-01-22,6.7705,per_usd
2004-01-23,6.8282,per_usd
2004-01-26,6.864,per_usd
2004-01-27,6.813,per_usd
2004-01-28,6.9197,per_usd
2004-01-29,7.073,per_usd
2004-01-30,7.0161,per_usd
2004-02-02,6.9836,per_usd
2004-02-03,6.954,per_usd
2004-02-04,6.97,per_usd
2004-02-05,6.955,per_usd
2004-02-06,6.89,per_usd
2004-02-09,6.8625,per_usd
2004-02-10,6.933,per_usd
2004-02-11,6.916,per_usd
2004-02-12,6.9125,per_usd
2004-02-13,6.921,per_usd
2004-02-17,6.8416,per_usd
2004-02-18,6.883,per_usd
2004-02-19,6.9265,per_usd
2004-02-20,7.006,per_usd
2004-02-23,6.998,per_usd
2004-02-24,6.945,per_usd
2004-02-25,7.0675,per_usd
2004-02-26,7.0535,per_usd
2004-02-27,7.047,per_usd
2004-03-01,6.986,per_usd
2004-03-02,7.1325,per_usd
2004-03-03,7.1408,per_usd
2004-03-04,7.093,per_usd
2004-03-05,6.999,per_usd
2004-03-08,6.986,per_usd
2004-03-09,6.9225,per_usd
2004-03-10,7.087,per_usd
2004-03-11,6.9925,per_usd
2004-03-12,6.9675,per_usd
2004-03-15,6.936,per_usd
2004-03-16,6.89,per_usd
2004-03-17,6.939,per_usd
2004-03-18,6.8809,per_usd
2004-03-19,6.917,per_usd
2004-03-22,6.815,per_usd
2004-03-23,6.855,per_usd
2004-03-24,6.8915,per_usd
2004-03-25,6.955,per_usd
2004-03-26,6.985,per_usd
2004-03-29,6.944,per_usd
2004-03-30,6.901,per_usd
2004-03-31,6.86,per_usd
2004-04-01,6.82,per_usd
2004-04-02,6.931,per_usd
2004-04-05,6.97,per_usd
2004-04-06,6.932,per_usd
2004-04-07,6.8675,per_usd
2004-04-08,6.9475,per_usd
2004-04-09,6.93,per_usd
2004-04-12,6.98,per_usd
2004-04-13,6.956,per_usd
2004-04-14,6.944,per_usd
2004-04-15,6.945,per_usd
2004-04-16,6.8855,per_usd
2004-04-19,6.895,per_usd
2004-04-20,6.956,per_usd
2004-04-21,6.971,per_usd
2004-04-22,6.9475,per_usd
2004-04-23,6.997,per_usd
2004-04-26,6.965,per_usd
2004-04-27,6.902,per_usd
2004-04-28,6.919,per_usd
2004-04-29,6.844,per_usd
2004-04-30,6.8725,per_usd
2004-05-03,6.894,per_usd
2004-05-04,6.804,per_usd
2004-05-05,6.7115,per_usd
2004-05-06,6.736,per_usd
2004-05-07,6.809,per_usd
2004-05-10,6.891,per_usd
2004-05-11,6.969,per_usd
2004-05-12,6.876,per_usd
2004-05-13,6.9325,per_usd
2004-05-14,6.906,per_usd
2004-05-17,6.883,per_usd
2004-05-18,6.913,per_usd
2004-05-19,6.888,per_usd
2004-05-20,6.921,per_usd
2004-05-21,6.845,per_usd
2004-05-24,6.8735,per_usd
2004-05-25,6.802,per_usd
2004-05-26,6.7745,per_usd
2004-05-27,6.7015,per_usd
2004-05-28,6.7256,per_usd
2004-06-01,6.7055,per_usd
2004-06-02,6.697,per_usd
2004-06-03,6.719,per_usd
2004-06-04,6.679,per_usd
2004-06-07,6.6507,per_usd
2004-06-08,6.678,per_usd
2004-06-09,6.761,per_usd
2004-06-10,6.825,per_usd
2004-06-11,6.918,per_usd
2004-06-14,6.895,per_usd
2004-06-15,6.837,per_usd
2004-06-16,6.9355,per_usd
2004-06-17,6.93,per_usd
2004-06-18,6.888,per_usd
2004-06-21,6.906,per_usd
2004-06-22,6.891,per_usd
2004-06-23,6.926,per_usd
2004-06-24,6.873,per_usd
2004-06-25,6.839,per_usd
2004-06-28,6.819,per_usd
2004-06-29,6.9038,per_usd
2004-06-30,6.938,per_usd
2004-07-01,6.9715,per_usd
2004-07-02,6.9218,per_usd
2004-07-06,6.8754,per_usd
2004-07-07,6.807,per_usd
2004-07-08,6.843,per_usd
2004-07-09,6.8325,per_usd
2004-07-12,6.816,per_usd
2004-07-13,6.914,per_usd
2004-07-14,6.855,per_usd
2004-07-15,6.884,per_usd
2004-07-16,6.823,per_usd
2004-07-19,6.825,per_usd
2004-07-20,6.866,per_usd
2004-07-21,6.935,per_usd
2004-07-22,6.916,per_usd
2004-07-23,7.0135,per_usd
2004-07-26,6.9825,per_usd
2004-07-27,7.052,per_usd
2004-07-28,7.006,per_usd
2004-07-29,7.016,per_usd
2004-07-30,7.009,per_usd
2004-08-02,7.023,per_usd
2004-08-03,7,per_usd
2004-08-04,6.9725,per_usd
2004-08-05,6.9325,per_usd
2004-08-06,6.809,per_usd
2004-08-09,6.772,per_usd
2004-08-10,6.774,per_usd
2004-08-11,6.824,per_usd
2004-08-12,6.784,per_usd
2004-08-13,6.701,per_usd
2004-08-16,6.701,per_usd
2004-08-17,6.727,per_usd
2004-08-18,6.759,per_usd
2004-08-19,6.692,per_usd
2004-08-20,6.6955,per_usd
2004-08-23,6.779,per_usd
2004-08-24,6.866,per_usd
2004-08-25,6.889,per_usd
2004-08-26,6.9072,per_usd
2004-08-27,6.9577,per_usd
2004-08-30,6.9618,per_usd
2004-08-31,6.8848,per_usd
2004-09-01,6.856,per_usd
2004-09-02,6.835,per_usd
2004-09-03,6.904,per_usd
2004-09-07,6.895,per_usd
2004-09-08,6.853,per_usd
2004-09-09,6.801,per_usd
2004-09-10,6.785,per_usd
2004-09-13,6.816,per_usd
2004-09-14,6.841,per_usd
2004-09-15,6.922,per_usd
2004-09-16,6.9452,per_usd
2004-09-17,6.923,per_usd
2004-09-20,6.895,per_usd
2004-09-21,6.8633,per_usd
2004-09-22,6.833,per_usd
2004-09-23,6.773,per_usd
2004-09-24,6.833,per_usd
2004-09-27,6.8076,per_usd
2004-09-28,6.78,per_usd
2004-09-29,6.786,per_usd
2004-09-30,6.727,per_usd
2004-10-01,6.692,per_usd
2004-10-04,6.7657,per_usd
2004-10-05,6.7268,per_usd
2004-10-06,6.7325,per_usd
2004-10-07,6.74,per_usd
2004-10-08,6.6825,per_usd
2004-10-12,6.666,per_usd
2004-10-13,6.68,per_usd
2004-10-14,6.61,per_usd
2004-10-15,6.569,per_usd
2004-10-18,6.565,per_usd
2004-10-19,6.59,per_usd
2004-10-20,6.5172,per_usd
2004-10-21,6.5197,per_usd
2004-10-22,6.4946,per_usd
2004-10-25,6.4369,per_usd
2004-10-26,6.435,per_usd
2004-10-27,6.4146,per_usd
2004-10-28,6.3892,per_usd
2004-10-29,6.3908,per_usd
2004-11-01,6.388,per_usd
2004-11-02,6.4443,per_usd
2004-11-03,6.385,per_usd
2004-11-04,6.3283,per_usd
2004-11-05,6.325,per_usd
2004-11-08,6.3615,per_usd
2004-11-09,6.3533,per_usd
2004-11-10,6.3359,per_usd
2004-11-12,6.251,per_usd
2004-11-15,6.2543,per_usd
2004-11-16,6.231,per_usd
2004-11-17,6.2269,per_usd
2004-11-18,6.2644,per_usd
2004-11-19,6.2371,per_usd
2004-11-22,6.25,per_usd
2004-11-23,6.2387,per_usd
2004-11-24,6.1923,per_usd
2004-11-26,6.1007,per_usd
2004-11-29,6.0927,per_usd
2004-11-30,6.1391,per_usd
2004-12-01,6.1189,per_usd
2004-12-02,6.1595,per_usd
2004-12-03,6.0867,per_usd
2004-12-06,6.0624,per_usd
2004-12-07,6.075,per_usd
2004-12-08,6.1993,per_usd
2004-12-09,6.2225,per_usd
2004-12-10,6.2118,per_usd
2004-12-13,6.1733,per_usd
2004-12-14,6.2005,per_usd
2004-12-15,6.115,per_usd
2004-12-16,6.166,per_usd
2004-12-17,6.1729,per_usd
2004-12-20,6.1681,per_usd
2004-12-21,6.176,per_usd
2004-12-22,6.186,per_usd
2004-12-23,6.1352,per_usd
2004-12-24,6.1167,per_usd
2004-12-27,6.0693,per_usd
2004-12-28,6.0731,per_usd
2004-12-29,6.094,per_usd
2004-12-30,6.0551,per_usd
2004-12-31,6.0794,per_usd
2005-01-03,6.1035,per_usd
2005-01-04,6.2407,per_usd
2005-01-05,6.2135,per_usd
2005-01-06,6.2665,per_usd
2005-01-07,6.2971,per_usd
2005-01-10,6.2675,per_usd
2005-01-11,6.2278,per_usd
2005-01-12,6.1726,per_usd
2005-01-13,6.1952,per_usd
2005-01-14,6.2558,per_usd
2005-01-18,6.2568,per_usd
2005-01-19,6.2718,per_usd
2005-01-20,6.3257,per_usd
2005-01-21,6.2929,per_usd
2005-01-24,6.2894,per_usd
2005-01-25,6.3355,per_usd
2005-01-26,6.3116,per_usd
2005-01-27,6.3313,per_usd
2005-01-28,6.3325,per_usd
2005-01-31,6.3558,per_usd
2005-02-01,6.354,per_usd
2005-02-02,6.3399,per_usd
2005-02-03,6.3876,per_usd
2005-02-04,6.4153,per_usd
2005-02-07,6.5427,per_usd
2005-02-08,6.5602,per_usd
2005-02-09,6.5412,per_usd
2005-02-10,6.5462,per_usd
2005-02-11,6.5494,per_usd
2005-02-14,6.4707,per_usd
2005-02-15,6.453,per_usd
2005-02-16,6.434,per_usd
2005-02-17,6.4,per_usd
2005-02-18,6.3386,per_usd
2005-02-22,6.242,per_usd
2005-02-23,6.2425,per_usd
2005-02-24,6.2467,per_usd
2005-02-25,6.2591,per_usd
2005-02-28,6.2009,per_usd
2005-03-01,6.2148,per_usd
2005-03-02,6.2583,per_usd
2005-03-03,6.2628,per_usd
2005-03-04,6.2102,per_usd
2005-03-07,6.2075,per_usd
2005-03-08,6.1386,per_usd
2005-03-09,6.1245,per_usd
2005-03-10,6.0925,per_usd
2005-03-11,6.0667,per_usd
2005-03-14,6.1182,per_usd
2005-03-15,6.145,per_usd
2005-03-16,6.0888,per_usd
2005-03-17,6.0802,per_usd
2005-03-18,6.1102,per_usd
2005-03-21,6.1889,per_usd
2005-03-22,6.187,per_usd
2005-03-23,6.2982,per_usd
2005-03-24,6.3273,per_usd
2005-03-25,6.3352,per_usd
2005-03-28,6.3888,per_usd
2005-03-29,6.3516,per_usd
2005-03-30,6.3259,per_usd
2005-03-31,6.3451,per_usd
2005-04-01,6.3463,per_usd
2005-04-04,6.377,per_usd
2005-04-05,6.3538,per_usd
2005-04-06,6.3491,per_usd
2005-04-07,6.3269,per_usd
2005-04-08,6.3303,per_usd
2005-04-11,6.3134,per_usd
2005-04-12,6.3521,per_usd
2005-04-13,6.3592,per_usd
2005-04-14,6.4235,per_usd
2005-04-15,6.3658,per_usd
2005-04-18,6.2959,per_usd
2005-04-19,6.2946,per_usd
2005-04-20,6.2495,per_usd
2005-04-21,6.231,per_usd
2005-04-22,6.237,per_usd
2005-04-25,6.269,per_usd
2005-04-26,6.2743,per_usd
2005-04-27,6.2771,per_usd
2005-04-28,6.305,per_usd
2005-04-29,6.2788,per_usd
2005-05-02,6.3235,per_usd
2005-05-03,6.2982,per_usd
2005-05-04,6.2619,per_usd
2005-05-05,6.2635,per_usd
2005-05-06,6.3314,per_usd
2005-05-09,6.3238,per_usd
2005-05-10,6.2878,per_usd
2005-05-11,6.3145,per_usd
2005-05-12,6.3671,per_usd
2005-05-13,6.3934,per_usd
2005-05-16,6.4099,per_usd
2005-05-17,6.402,per_usd
2005-05-18,6.4025,per_usd
2005-05-19,6.4189,per_usd
2005-05-20,6.4656,per_usd
2005-05-23,6.4444,per_usd
2005-05-24,6.4245,per_usd
2005-05-25,6.3865,per_usd
2005-05-26,6.3789,per_usd
2005-05-27,6.3522,per_usd
2005-05-31,6.4272,per_usd
2005-06-01,6.4572,per_usd
2005-06-02,6.4579,per_usd
2005-06-03,6.4588,per_usd
2005-06-06,6.412,per_usd
2005-06-07,6.3968,per_usd
2005-06-08,6.4241,per_usd
2005-06-09,6.4672,per_usd
2005-06-10,6.4607,per_usd
2005-06-13,6.5241,per_usd
2005-06-14,6.538,per_usd
2005-06-15,6.5062,per_usd
2005-06-16,6.5103,per_usd
2005-06-17,6.4471,per_usd
2005-06-20,6.4789,per_usd
2005-06-21,6.4737,per_usd
2005-06-22,6.4968,per_usd
2005-06-23,6.5962,per_usd
2005-06-24,6.5634,per_usd
2005-06-27,6.5382,per_usd
2005-06-28,6.5809,per_usd
2005-06-29,6.5327,per_usd
2005-06-30,6.5381,per_usd
2005-07-01,6.6032,per_usd
2005-07-05,6.6311,per_usd
2005-07-06,6.6411,per_usd
2005-07-07,6.6083,per_usd
2005-07-08,6.5945,per_usd
2005-07-11,6.5475,per_usd
2005-07-12,6.4774,per_usd
2005-07-13,6.528,per_usd
2005-07-14,6.5554,per_usd
2005-07-15,6.6003,per_usd
2005-07-18,6.6129,per_usd
2005-07-19,6.6738,per_usd
2005-07-20,6.6158,per_usd
2005-07-21,6.5706,per_usd
2005-07-22,6.5831,per_usd
2005-07-25,6.563,per_usd
2005-07-26,6.5816,per_usd
2005-07-27,6.5742,per_usd
2005-07-28,6.5255,per_usd
2005-07-29,6.4785,per_usd
2005-08-01,6.4322,per_usd
2005-08-02,6.4277,per_usd
2005-08-03,6.3596,per_usd
2005-08-04,6.3477,per_usd
2005-08-05,6.413,per_usd
2005-08-08,6.404,per_usd
2005-08-09,6.4043,per_usd
2005-08-10,6.3915,per_usd
2005-08-11,6.3369,per_usd
2005-08-12,6.3568,per_usd
2005-08-15,6.4335,per_usd
2005-08-16,6.443,per_usd
2005-08-17,6.4427,per_usd
2005-08-18,6.5239,per_usd
2005-08-19,6.5731,per_usd
2005-08-22,6.5194,per_usd
2005-08-23,6.531,per_usd
2005-08-24,6.5045,per_usd
2005-08-25,6.44,per_usd
2005-08-26,6.4397,per_usd
2005-08-29,6.4646,per_usd
2005-08-30,6.4824,per_usd
2005-08-31,6.3725,per_usd
2005-09-01,6.289,per_usd
2005-09-02,6.2125,per_usd
2005-09-06,6.2652,per_usd
2005-09-07,6.2615,per_usd
2005-09-08,6.2889,per_usd
2005-09-09,6.2674,per_usd
2005-09-12,6.3563,per_usd
2005-09-13,6.3726,per_usd
2005-09-14,6.353,per_usd
2005-09-15,6.3754,per_usd
2005-09-16,6.3772,per_usd
2005-09-19,6.4105,per_usd
2005-09-20,6.3961,per_usd
2005-09-21,6.3881,per_usd
2005-09-22,6.4087,per_usd
2005-09-23,6.4547,per_usd
2005-09-26,6.4978,per_usd
2005-09-27,6.5164,per_usd
2005-09-28,6.505,per_usd
2005-09-29,6.5133,per_usd
2005-09-30,6.5331,per_usd
2005-10-03,6.6041,per_usd
2005-10-04,6.6155,per_usd
2005-10-05,6.575,per_usd
2005-10-06,6.508,per_usd
2005-10-07,6.524,per_usd
2005-10-11,6.519,per_usd
2005-10-12,6.4837,per_usd
2005-10-13,6.5573,per_usd
2005-10-14,6.452,per_usd
2005-10-17,6.4815,per_usd
2005-10-18,6.534,per_usd
2005-10-19,6.5106,per_usd
2005-10-20,6.4938,per_usd
2005-10-21,6.5222,per_usd
2005-10-24,6.525,per_usd
2005-10-25,6.4572,per_usd
2005-10-26,6.4562,per_usd
2005-10-27,6.4307,per_usd
2005-10-28,6.4602,per_usd
2005-10-31,6.4951,per_usd
2005-11-01,6.4862,per_usd
2005-11-02,6.4591,per_usd
2005-11-03,6.5165,per_usd
2005-11-04,6.5811,per_usd
2005-11-07,6.6053,per_usd
2005-11-08,6.6098,per_usd
2005-11-09,6.5839,per_usd
2005-11-10,6.5839,per_usd
2005-11-14,6.6532,per_usd
2005-11-15,6.6729,per_usd
2005-11-16,6.6814,per_usd
2005-11-17,6.7141,per_usd
2005-11-18,6.6973,per_usd
2005-11-21,6.713,per_usd
2005-11-22,6.6936,per_usd
2005-11-23,6.6765,per_usd
2005-11-25,6.7118,per_usd
2005-11-28,6.688,per_usd
2005-11-29,6.7304,per_usd
2005-11-30,6.7393,per_usd
2005-12-01,6.7915,per_usd
2005-12-02,6.761,per_usd
2005-12-05,6.6771,per_usd
2005-12-06,6.7487,per_usd
2005-12-07,6.762,per_usd
2005-12-08,6.7032,per_usd
2005-12-09,6.7058,per_usd
2005-12-12,6.6435,per_usd
2005-12-13,6.6578,per_usd
2005-12-14,6.5944,per_usd
2005-12-15,6.6361,per_usd
2005-12-16,6.6467,per_usd
2005-12-19,6.6788,per_usd
2005-12-20,6.7966,per_usd
2005-12-21,6.8023,per_usd
2005-12-22,6.771,per_usd
2005-12-23,6.7854,per_usd
2005-12-27,6.7583,per_usd
2005-12-28,6.7753,per_usd
2005-12-29,6.7691,per_usd
2005-12-30,6.7444,per_usd
2006-01-03,6.6412,per_usd
2006-01-04,6.5522,per_usd
2006-01-05,6.5583,per_usd
2006-01-06,6.5242,per_usd
2006-01-09,6.5742,per_usd
2006-01-10,6.6249,per_usd
2006-01-11,6.6183,per_usd
2006-01-12,6.6932,per_usd
2006-01-13,6.6413,per_usd
2006-01-17,6.7049,per_usd
2006-01-18,6.7483,per_usd
2006-01-19,6.7119,per_usd
2006-01-20,6.6739,per_usd
2006-01-23,6.5539,per_usd
2006-01-24,6.5412,per_usd
2006-01-25,6.5635,per_usd
2006-01-26,6.6031,per_usd
2006-01-27,6.6627,per_usd
2006-01-30,6.7286,per_usd
2006-01-31,6.6537,per_usd
2006-02-01,6.6775,per_usd
2006-02-02,6.6416,per_usd
2006-02-03,6.6906,per_usd
2006-02-06,6.7237,per_usd
2006-02-07,6.714,per_usd
2006-02-08,6.7335,per_usd
2006-02-09,6.7057,per_usd
2006-02-10,6.7765,per_usd
2006-02-13,6.8107,per_usd
2006-02-14,6.849,per_usd
2006-02-15,6.847,per_usd
2006-02-16,6.8071,per_usd
2006-02-17,6.7697,per_usd
2006-02-21,6.7533,per_usd
2006-02-22,6.7763,per_usd
2006-02-23,6.7412,per_usd
2006-02-24,6.7685,per_usd
2006-02-27,6.7655,per_usd
2006-02-28,6.7474,per_usd
2006-03-01,6.7287,per_usd
2006-03-02,6.6878,per_usd
2006-03-03,6.653,per_usd
2006-03-06,6.6446,per_usd
2006-03-07,6.7163,per_usd
2006-03-08,6.7333,per_usd
2006-03-09,6.734,per_usd
2006-03-10,6.7073,per_usd
2006-03-13,6.6732,per_usd
2006-03-14,6.6183,per_usd
2006-03-15,6.6231,per_usd
2006-03-16,6.5869,per_usd
2006-03-17,6.539,per_usd
2006-03-20,6.5276,per_usd
2006-03-21,6.5838,per_usd
2006-03-22,6.5732,per_usd
2006-03-23,6.6488,per_usd
2006-03-24,6.6237,per_usd
2006-03-27,6.6231,per_usd
2006-03-28,6.5691,per_usd
2006-03-29,6.6262,per_usd
2006-03-30,6.5625,per_usd
2006-03-31,6.546,per_usd
2006-04-03,6.5142,per_usd
2006-04-04,6.419,per_usd
2006-04-05,6.434,per_usd
2006-04-06,6.457,per_usd
2006-04-07,6.495,per_usd
2006-04-10,6.489,per_usd
2006-04-11,6.4533,per_usd
2006-04-12,6.4843,per_usd
2006-04-13,6.4893,per_usd
2006-04-14,6.4998,per_usd
2006-04-17,6.416,per_usd
2006-04-18,6.4048,per_usd
2006-04-19,6.3109,per_usd
2006-04-20,6.3291,per_usd
2006-04-21,6.354,per_usd
2006-04-24,6.3438,per_usd
2006-04-25,6.3243,per_usd
2006-04-26,6.2507,per_usd
2006-04-27,6.2116,per_usd
2006-04-28,6.1645,per_usd
2006-05-01,6.1642,per_usd
2006-05-02,6.1455,per_usd
2006-05-03,6.1265,per_usd
2006-05-04,6.118,per_usd
2006-05-05,6.1182,per_usd
2006-05-08,6.1249,per_usd
2006-05-09,6.1129,per_usd
2006-05-10,6.0712,per_usd
2006-05-11,6.0266,per_usd
2006-05-12,6.0142,per_usd
2006-05-15,6.0672,per_usd
2006-05-16,6.1125,per_usd
2006-05-17,6.1402,per_usd
2006-05-18,6.1034,per_usd
2006-05-19,6.1073,per_usd
2006-05-22,6.0923,per_usd
2006-05-23,6.101,per_usd
2006-05-24,6.1304,per_usd
2006-05-25,6.118,per_usd
2006-05-26,6.1455,per_usd
2006-05-30,6.0784,per_usd
2006-05-31,6.0687,per_usd
2006-06-01,6.0709,per_usd
2006-06-02,6.0207,per_usd
2006-06-05,5.9869,per_usd
2006-06-06,6.0621,per_usd
2006-06-07,6.1013,per_usd
2006-06-08,6.1937,per_usd
2006-06-09,6.1655,per_usd
2006-06-12,6.1885,per_usd
2006-06-13,6.2245,per_usd
2006-06-14,6.2255,per_usd
2006-06-15,6.2167,per_usd
2006-06-16,6.2152,per_usd
2006-06-19,6.244,per_usd
2006-06-20,6.2839,per_usd
2006-06-21,6.2746,per_usd
2006-06-22,6.3252,per_usd
2006-06-23,6.3227,per_usd
2006-06-26,6.3076,per_usd
2006-06-27,6.2925,per_usd
2006-06-28,6.3016,per_usd
2006-06-29,6.3073,per_usd
2006-06-30,6.222,per_usd
2006-07-03,6.2385,per_usd
2006-07-05,6.2512,per_usd
2006-07-06,6.2318,per_usd
2006-07-07,6.2244,per_usd
2006-07-10,6.2666,per_usd
2006-07-11,6.2563,per_usd
2006-07-12,6.2617,per_usd
2006-07-13,6.2518,per_usd
2006-07-14,6.257,per_usd
2006-07-17,6.319,per_usd
2006-07-18,6.3425,per_usd
2006-07-19,6.3477,per_usd
2006-07-20,6.2779,per_usd
2006-07-21,6.2484,per_usd
2006-07-24,6.3078,per_usd
2006-07-25,6.3239,per_usd
2006-07-26,6.2793,per_usd
2006-07-27,6.197,per_usd
2006-07-28,6.1915,per_usd
2006-07-31,6.1592,per_usd
2006-08-01,6.1547,per_usd
2006-08-02,6.1499,per_usd
2006-08-03,6.154,per_usd
2006-08-04,6.1174,per_usd
2006-08-07,6.129,per_usd
2006-08-08,6.1645,per_usd
2006-08-09,6.1555,per_usd
2006-08-10,6.2298,per_usd
2006-08-11,6.2496,per_usd
2006-08-14,6.2995,per_usd
2006-08-15,6.2601,per_usd
2006-08-16,6.2673,per_usd
2006-08-17,6.2698,per_usd
2006-08-18,6.2958,per_usd
2006-08-21,6.2253,per_usd
2006-08-22,6.2838,per_usd
2006-08-23,6.2898,per_usd
2006-08-24,6.343,per_usd
2006-08-25,6.302,per_usd
2006-08-28,6.2843,per_usd
2006-08-29,6.3147,per_usd
2006-08-30,6.315,per_usd
2006-08-31,6.3186,per_usd
2006-09-01,6.335,per_usd
2006-09-05,6.3423,per_usd
2006-09-06,6.3843,per_usd
2006-09-07,6.4653,per_usd
2006-09-08,6.509,per_usd
2006-09-11,6.5573,per_usd
2006-09-12,6.5292,per_usd
2006-09-13,6.6007,per_usd
2006-09-14,6.5212,per_usd
2006-09-15,6.537,per_usd
2006-09-18,6.5655,per_usd
2006-09-19,6.5057,per_usd
2006-09-20,6.5248,per_usd
2006-09-21,6.5296,per_usd
2006-09-22,6.5466,per_usd
2006-09-25,6.5547,per_usd
2006-09-26,6.5322,per_usd
2006-09-27,6.5072,per_usd
2006-09-28,6.4625,per_usd
2006-09-29,6.5053,per_usd
2006-10-02,6.5549,per_usd
2006-10-03,6.5847,per_usd
2006-10-04,6.637,per_usd
2006-10-05,6.618,per_usd
2006-10-06,6.6875,per_usd
2006-10-10,6.687,per_usd
2006-10-11,6.7234,per_usd
2006-10-12,6.743,per_usd
2006-10-13,6.735,per_usd
2006-10-16,6.7749,per_usd
2006-10-17,6.7486,per_usd
2006-10-18,6.7802,per_usd
2006-10-19,6.7124,per_usd
2006-10-20,6.6789,per_usd
2006-10-23,6.7108,per_usd
2006-10-24,6.671,per_usd
2006-10-25,6.6074,per_usd
2006-10-26,6.5475,per_usd
2006-10-27,6.5442,per_usd
2006-10-30,6.5626,per_usd
2006-10-31,6.532,per_usd
2006-11-01,6.4761,per_usd
2006-11-02,6.4527,per_usd
2006-11-03,6.4873,per_usd
2006-11-06,6.5019,per_usd
2006-11-07,6.4347,per_usd
2006-11-08,6.4518,per_usd
2006-11-09,6.4197,per_usd
2006-11-10,6.3659,per_usd
2006-11-13,6.4157,per_usd
2006-11-14,6.4269,per_usd
2006-11-15,6.436,per_usd
2006-11-16,6.4218,per_usd
2006-11-17,6.4541,per_usd
2006-11-20,6.4568,per_usd
2006-11-21,6.4485,per_usd
2006-11-22,6.3832,per_usd
2006-11-24,6.3123,per_usd
2006-11-27,6.3098,per_usd
2006-11-28,6.3053,per_usd
2006-11-29,6.2675,per_usd
2006-11-30,6.1522,per_usd
2006-12-01,6.1337,per_usd
2006-12-04,6.1375,per_usd
2006-12-05,6.1005,per_usd
2006-12-06,6.1004,per_usd
2006-12-07,6.0932,per_usd
2006-12-08,6.145,per_usd
2006-12-11,6.1416,per_usd
2006-12-12,6.1551,per_usd
2006-12-13,6.1756,per_usd
2006-12-14,6.1918,per_usd
2006-12-15,6.236,per_usd
2006-12-18,6.2325,per_usd
2006-12-19,6.174,per_usd
2006-12-20,6.1868,per_usd
2006-12-21,6.1926,per_usd
2006-12-22,6.2443,per_usd
2006-12-26,6.2447,per_usd
2006-12-27,6.276,per_usd
2006-12-28,6.262,per_usd
2006-12-29,6.2287,per_usd
2007-01-02,6.1809,per_usd
2007-01-03,6.2598,per_usd
2007-01-04,6.3229,per_usd
2007-01-05,6.3513,per_usd
2007-01-08,6.3592,per_usd
2007-01-09,6.3536,per_usd
2007-01-10,6.4363,per_usd
2007-01-11,6.4728,per_usd
2007-01-12,6.4623,per_usd
2007-01-16,6.4348,per_usd
2007-01-17,6.439,per_usd
2007-01-18,6.4693,per_usd
2007-01-19,6.4446,per_usd
2007-01-22,6.4476,per_usd
2007-01-23,6.4026,per_usd
2007-01-24,6.3514,per_usd
2007-01-25,6.3108,per_usd
2007-01-26,6.3304,per_usd
2007-01-29,6.3007,per_usd
2007-01-30,6.2857,per_usd
2007-01-31,6.2606,per_usd
2007-02-01,6.2376,per_usd
2007-02-02,6.2674,per_usd
2007-02-05,6.275,per_usd
2007-02-06,6.2474,per_usd
2007-02-07,6.216,per_usd
2007-02-08,6.2269,per_usd
2007-02-09,6.255,per_usd
2007-02-12,6.2455,per_usd
2007-02-13,6.2146,per_usd
2007-02-14,6.1614,per_usd
2007-02-15,6.1651,per_usd
2007-02-16,6.1173,per_usd
2007-02-20,6.1365,per_usd
2007-02-21,6.1427,per_usd
2007-02-22,6.1414,per_usd
2007-02-23,6.1246,per_usd
2007-02-26,6.1161,per_usd
2007-02-27,6.1115,per_usd
2007-02-28,6.1316,per_usd
2007-03-01,6.1551,per_usd
2007-03-02,6.1607,per_usd
2007-03-05,6.25,per_usd
2007-03-06,6.2226,per_usd
2007-03-07,6.1983,per_usd
2007-03-08,6.201,per_usd
2007-03-09,6.178,per_usd
2007-03-12,6.1347,per_usd
2007-03-13,6.129,per_usd
2007-03-14,6.1404,per_usd
2007-03-15,6.1263,per_usd
2007-03-16,6.1113,per_usd
2007-03-19,6.1271,per_usd
2007-03-20,6.1573,per_usd
2007-03-21,6.1586,per_usd
2007-03-22,6.0967,per_usd
2007-03-23,6.1007,per_usd
2007-03-26,6.0864,per_usd
2007-03-27,6.0994,per_usd
2007-03-28,6.0802,per_usd
2007-03-29,6.091,per_usd
2007-03-30,6.0774,per_usd
2007-04-02,6.0992,per_usd
2007-04-03,6.1114,per_usd
2007-04-04,6.1178,per_usd
2007-04-05,6.0698,per_usd
2007-04-06,6.093,per_usd
2007-04-09,6.1007,per_usd
2007-04-10,6.0259,per_usd
2007-04-11,6.0259,per_usd
2007-04-12,5.9994,per_usd
2007-04-13,5.9914,per_usd
2007-04-16,5.9551,per_usd
2007-04-17,5.9554,per_usd
2007-04-18,5.9725,per_usd
2007-04-19,5.9622,per_usd
2007-04-20,5.956,per_usd
2007-04-23,5.9664,per_usd
2007-04-24,5.949,per_usd
2007-04-25,5.9612,per_usd
2007-04-26,5.9823,per_usd
2007-04-27,5.9676,per_usd
2007-04-30,5.9441,per_usd
2007-05-01,5.9702,per_usd
2007-05-02,5.9682,per_usd
2007-05-03,5.9823,per_usd
2007-05-04,5.9695,per_usd
2007-05-07,5.97,per_usd
2007-05-08,6.0115,per_usd
2007-05-09,6.0076,per_usd
2007-05-10,6.0512,per_usd
2007-05-11,6.0475,per_usd
2007-05-14,6.0524,per_usd
2007-05-15,6.0101,per_usd
2007-05-16,6.045,per_usd
2007-05-17,6.0592,per_usd
2007-05-18,6.0468,per_usd
2007-05-21,6.0669,per_usd
2007-05-22,6.0385,per_usd
2007-05-23,6.0157,per_usd
2007-05-24,6.0318,per_usd
2007-05-25,6.0159,per_usd
2007-05-29,6.0114,per_usd
2007-05-30,6.0716,per_usd
2007-05-31,6.0403,per_usd
2007-06-01,6.0253,per_usd
2007-06-04,5.9847,per_usd
2007-06-05,5.9705,per_usd
2007-06-06,5.9887,per_usd
2007-06-07,5.9889,per_usd
2007-06-08,6.0677,per_usd
2007-06-11,6.0615,per_usd
2007-06-12,6.0862,per_usd
2007-06-13,6.094,per_usd
2007-06-14,6.0874,per_usd
2007-06-15,6.04,per_usd
2007-06-18,6.0249,per_usd
2007-06-19,6.0227,per_usd
2007-06-20,5.9881,per_usd
2007-06-21,5.9697,per_usd
2007-06-22,5.9397,per_usd
2007-06-25,5.9476,per_usd
2007-06-26,5.9522,per_usd
2007-06-27,5.925,per_usd
2007-06-28,5.8985,per_usd
2007-06-29,5.8942,per_usd
2007-07-02,5.813,per_usd
2007-07-03,5.8183,per_usd
2007-07-05,5.83,per_usd
2007-07-06,5.8054,per_usd
2007-07-09,5.8073,per_usd
2007-07-10,5.8096,per_usd
2007-07-11,5.7906,per_usd
2007-07-12,5.738,per_usd
2007-07-13,5.7368,per_usd
2007-07-16,5.7263,per_usd
2007-07-17,5.7247,per_usd
2007-07-18,5.7205,per_usd
2007-07-19,5.7276,per_usd
2007-07-20,5.716,per_usd
2007-07-23,5.7244,per_usd
2007-07-24,5.7427,per_usd
2007-07-25,5.8038,per_usd
2007-07-26,5.8166,per_usd
2007-07-27,5.8858,per_usd
2007-07-30,5.8483,per_usd
2007-07-31,5.8086,per_usd
2007-08-01,5.8268,per_usd
2007-08-02,5.8024,per_usd
2007-08-03,5.7582,per_usd
2007-08-06,5.7741,per_usd
2007-08-07,5.8158,per_usd
2007-08-08,5.7625,per_usd
2007-08-09,5.7968,per_usd
2007-08-10,5.8376,per_usd
2007-08-13,5.8595,per_usd
2007-08-14,5.877,per_usd
2007-08-15,5.8934,per_usd
2007-08-16,5.9846,per_usd
2007-08-17,5.9405,per_usd
2007-08-20,5.9226,per_usd
2007-08-21,5.9457,per_usd
2007-08-22,5.9055,per_usd
2007-08-23,5.8707,per_usd
2007-08-24,5.8264,per_usd
2007-08-27,5.8251,per_usd
2007-08-28,5.8353,per_usd
2007-08-29,5.8231,per_usd
2007-08-30,5.8262,per_usd
2007-08-31,5.821,per_usd
2007-09-03,5.821,per_usd
2007-09-04,5.8154,per_usd
2007-09-05,5.7812,per_usd
2007-09-06,5.7645,per_usd
2007-09-07,5.7481,per_usd
2007-09-10,5.7058,per_usd
2007-09-11,5.677,per_usd
2007-09-12,5.6236,per_usd
2007-09-13,5.6372,per_usd
2007-09-14,5.6324,per_usd
2007-09-17,5.6205,per_usd
2007-09-18,5.6427,per_usd
2007-09-19,5.581,per_usd
2007-09-20,5.5259,per_usd
2007-09-21,5.5318,per_usd
2007-09-24,5.5162,per_usd
2007-09-25,5.5105,per_usd
2007-09-26,5.5046,per_usd
2007-09-27,5.4632,per_usd
2007-09-28,5.4095,per_usd
2007-10-01,5.3674,per_usd
2007-10-02,5.4234,per_usd
2007-10-03,5.4267,per_usd
2007-10-04,5.4462,per_usd
2007-10-05,5.4051,per_usd
2007-10-08,5.4051,per_usd
2007-10-09,5.4469,per_usd
2007-10-10,5.4294,per_usd
2007-10-11,5.3688,per_usd
2007-10-12,5.42,per_usd
2007-10-15,5.3761,per_usd
2007-10-16,5.4089,per_usd
2007-10-17,5.3894,per_usd
2007-10-18,5.373,per_usd
2007-10-19,5.3694,per_usd
2007-10-22,5.4738,per_usd
2007-10-23,5.407,per_usd
2007-10-24,5.4539,per_usd
2007-10-25,5.411,per_usd
2007-10-26,5.3603,per_usd
2007-10-29,5.3554,per_usd
2007-10-30,5.3487,per_usd
2007-10-31,5.3867,per_usd
2007-11-01,5.422,per_usd
2007-11-02,5.4142,per_usd
2007-11-05,5.3785,per_usd
2007-11-06,5.3483,per_usd
2007-11-07,5.2903,per_usd
2007-11-08,5.2619,per_usd
2007-11-09,5.3177,per_usd
2007-11-13,5.4354,per_usd
2007-11-14,5.4054,per_usd
2007-11-15,5.4609,per_usd
2007-11-16,5.4783,per_usd
2007-11-19,5.5061,per_usd
2007-11-20,5.3971,per_usd
2007-11-21,5.4217,per_usd
2007-11-22,5.4217,per_usd
2007-11-23,5.3986,per_usd
2007-11-26,5.4028,per_usd
2007-11-27,5.4564,per_usd
2007-11-28,5.4828,per_usd
2007-11-29,5.5025,per_usd
2007-11-30,5.5255,per_usd
2007-12-03,5.5258,per_usd
2007-12-04,5.4932,per_usd
2007-12-05,5.483,per_usd
2007-12-06,5.4779,per_usd
2007-12-07,5.4666,per_usd
2007-12-10,5.4333,per_usd
2007-12-11,5.4439,per_usd
2007-12-12,5.4079,per_usd
2007-12-13,5.4555,per_usd
2007-12-14,5.518,per_usd
2007-12-17,5.5635,per_usd
2007-12-18,5.5843,per_usd
2007-12-19,5.5929,per_usd
2007-12-20,5.5944,per_usd
2007-12-21,5.59,per_usd
2007-12-24,5.5548,per_usd
2007-12-26,5.5221,per_usd
2007-12-27,5.4567,per_usd
2007-12-28,5.4047,per_usd
2007-12-31,5.431,per_usd
2008-01-02,5.4034,per_usd
2008-01-03,5.346,per_usd
2008-01-04,5.3221,per_usd
2008-01-07,5.3819,per_usd
2008-01-08,5.357,per_usd
2008-01-09,5.3828,per_usd
2008-01-10,5.2998,per_usd
2008-01-11,5.2818,per_usd
2008-01-14,5.2637,per_usd
2008-01-15,5.2964,per_usd
2008-01-16,5.415,per_usd
2008-01-17,5.4368,per_usd
2008-01-18,5.4701,per_usd
2008-01-22,5.5006,per_usd
2008-01-23,5.5487,per_usd
2008-01-24,5.4463,per_usd
2008-01-25,5.4772,per_usd
2008-01-28,5.4639,per_usd
2008-01-29,5.4326,per_usd
2008-01-30,5.4458,per_usd
2008-01-31,5.4126,per_usd
2008-02-01,5.4046,per_usd
2008-02-04,5.397,per_usd
2008-02-05,5.4943,per_usd
2008-02-06,5.5103,per_usd
2008-02-07,5.5546,per_usd
2008-02-08,5.5345,per_usd
2008-02-11,5.5216,per_usd
2008-02-12,5.4782,per_usd
2008-02-13,5.476,per_usd
2008-02-14,5.4228,per_usd
2008-02-15,5.3876,per_usd
2008-02-19,5.3307,per_usd
2008-02-20,5.3724,per_usd
2008-02-21,5.3097,per_usd
2008-02-22,5.3171,per_usd
2008-02-25,5.3122,per_usd
2008-02-26,5.2933,per_usd
2008-02-27,5.1898,per_usd
2008-02-28,5.1899,per_usd
2008-02-29,5.2061,per_usd
2008-03-03,5.1784,per_usd
2008-03-04,5.1707,per_usd
2008-03-05,5.1375,per_usd
2008-03-06,5.121,per_usd
2008-03-07,5.1637,per_usd
2008-03-10,5.1449,per_usd
2008-03-11,5.1419,per_usd
2008-03-12,5.1091,per_usd
2008-03-13,5.1066,per_usd
2008-03-14,5.1321,per_usd
2008-03-17,5.1153,per_usd
2008-03-18,5.113,per_usd
2008-03-19,5.1457,per_usd
2008-03-20,5.278,per_usd
2008-03-21,5.2572,per_usd
2008-03-24,5.2778,per_usd
2008-03-25,5.1824,per_usd
2008-03-26,5.0919,per_usd
2008-03-27,5.08,per_usd
2008-03-28,5.1102,per_usd
2008-03-31,5.0827,per_usd
2008-04-01,5.1876,per_usd
2008-04-02,5.1477,per_usd
2008-04-03,5.1089,per_usd
2008-04-04,5.0685,per_usd
2008-04-07,5.0561,per_usd
2008-04-08,5.0579,per_usd
2008-04-09,5.0255,per_usd
2008-04-10,5.0448,per_usd
2008-04-11,5.0283,per_usd
2008-04-14,5.011,per_usd
2008-04-15,5.0054,per_usd
2008-04-16,4.9467,per_usd
2008-04-17,4.9645,per_usd
2008-04-18,5.0615,per_usd
2008-04-21,5.0052,per_usd
2008-04-22,4.9474,per_usd
2008-04-23,4.9934,per_usd
2008-04-24,5.0895,per_usd
2008-04-25,5.1119,per_usd
2008-04-28,5.0878,per_usd
2008-04-29,5.1236,per_usd
2008-04-30,5.1175,per_usd
2008-05-01,5.1463,per_usd
2008-05-02,5.1243,per_usd
2008-05-05,5.0821,per_usd
2008-05-06,5.0479,per_usd
2008-05-07,5.123,per_usd
2008-05-08,5.116,per_usd
2008-05-09,5.0887,per_usd
2008-05-12,5.0367,per_usd
2008-05-13,5.0521,per_usd
2008-05-14,5.0704,per_usd
2008-05-15,5.0712,per_usd
2008-05-16,5.0145,per_usd
2008-05-19,5.0305,per_usd
2008-05-20,4.9952,per_usd
2008-05-21,4.9861,per_usd
2008-05-22,5.0091,per_usd
2008-05-23,5.0093,per_usd
2008-05-27,4.9945,per_usd
2008-05-28,5.0403,per_usd
2008-05-29,5.0728,per_usd
2008-05-30,5.0872,per_usd
2008-06-02,5.117,per_usd
2008-06-03,5.1525,per_usd
2008-06-04,5.159,per_usd
2008-06-05,5.116,per_usd
2008-06-06,5.0327,per_usd
2008-06-09,5.05,per_usd
2008-06-10,5.1622,per_usd
2008-06-11,5.1361,per_usd
2008-06-12,5.21,per_usd
2008-06-13,5.238,per_usd
2008-06-16,5.1813,per_usd
2008-06-17,5.1859,per_usd
2008-06-18,5.1812,per_usd
2008-06-19,5.182,per_usd
2008-06-20,5.1433,per_usd
2008-06-23,5.1665,per_usd
2008-06-24,5.1061,per_usd
2008-06-25,5.1072,per_usd
2008-06-26,5.0558,per_usd
2008-06-27,5.0653,per_usd
2008-06-30,5.0899,per_usd
2008-07-01,5.0695,per_usd
2008-07-02,5.0604,per_usd
2008-07-03,5.0957,per_usd
2008-07-07,5.1008,per_usd
2008-07-08,5.1357,per_usd
2008-07-09,5.1044,per_usd
2008-07-10,5.1137,per_usd
2008-07-11,5.0649,per_usd
2008-07-14,5.0565,per_usd
2008-07-15,5.051,per_usd
2008-07-16,5.092,per_usd
2008-07-17,5.0734,per_usd
2008-07-18,5.0802,per_usd
2008-07-21,5.0687,per_usd
2008-07-22,5.096,per_usd
2008-07-23,5.1548,per_usd
2008-07-24,5.1719,per_usd
2008-07-25,5.1427,per_usd
2008-07-28,5.1289,per_usd
2008-07-29,5.1779,per_usd
2008-07-30,5.1562,per_usd
2008-07-31,5.1323,per_usd
2008-08-01,5.1374,per_usd
2008-08-04,5.136,per_usd
2008-08-05,5.1903,per_usd
2008-08-06,5.208,per_usd
2008-08-07,5.2134,per_usd
2008-08-08,5.348,per_usd
2008-08-11,5.35,per_usd
2008-08-12,5.3792,per_usd
2008-08-13,5.389,per_usd
2008-08-14,5.3707,per_usd
2008-08-15,5.4214,per_usd
2008-08-18,5.4079,per_usd
2008-08-19,5.3911,per_usd
2008-08-20,5.4084,per_usd
2008-08-21,5.3281,per_usd
2008-08-22,5.3614,per_usd
2008-08-25,5.352,per_usd
2008-08-26,5.409,per_usd
2008-08-27,5.3835,per_usd
2008-08-28,5.3871,per_usd
2008-08-29,5.4241,per_usd
2008-09-02,5.4948,per_usd
2008-09-03,5.528,per_usd
2008-09-04,5.5657,per_usd
2008-09-05,5.6066,per_usd
2008-09-08,5.6719,per_usd
2008-09-09,5.6755,per_usd
2008-09-10,5.7416,per_usd
2008-09-11,5.8295,per_usd
2008-09-12,5.7256,per_usd
2008-09-15,5.7794,per_usd
2008-09-16,5.8516,per_usd
2008-09-17,5.9307,per_usd
2008-09-18,5.7752,per_usd
2008-09-19,5.7074,per_usd
2008-09-22,5.5464,per_usd
2008-09-23,5.5754,per_usd
2008-09-24,5.6212,per_usd
2008-09-25,5.6408,per_usd
2008-09-26,5.6583,per_usd
2008-09-29,5.798,per_usd
2008-09-30,5.889,per_usd
2008-10-01,5.8833,per_usd
2008-10-02,5.977,per_usd
2008-10-03,5.9957,per_usd
2008-10-06,6.2428,per_usd
2008-10-07,6.1447,per_usd
2008-10-08,6.1485,per_usd
2008-10-09,6.1489,per_usd
2008-10-10,6.2937,per_usd
2008-10-14,6.2477,per_usd
2008-10-15,6.3717,per_usd
2008-10-16,6.5835,per_usd
2008-10-17,6.5144,per_usd
2008-10-20,6.621,per_usd
2008-10-21,6.8251,per_usd
2008-10-22,7.068,per_usd
2008-10-23,6.9755,per_usd
2008-10-24,6.8532,per_usd
2008-10-27,7.0261,per_usd
2008-10-28,6.909,per_usd
2008-10-29,6.7077,per_usd
2008-10-30,6.6932,per_usd
2008-10-31,6.7089,per_usd
2008-11-03,6.6857,per_usd
2008-11-04,6.593,per_usd
2008-11-05,6.6858,per_usd
2008-11-06,6.8572,per_usd
2008-11-07,6.851,per_usd
2008-11-10,6.7969,per_usd
2008-11-12,7.0577,per_usd
2008-11-13,7.0456,per_usd
2008-11-14,6.8736,per_usd
2008-11-17,6.9724,per_usd
2008-11-18,6.9966,per_usd
2008-11-19,7.0089,per_usd
2008-11-20,7.1412,per_usd
2008-11-21,7.2169,per_usd
2008-11-24,6.958,per_usd
2008-11-25,6.929,per_usd
2008-11-26,7.0506,per_usd
2008-11-28,7.0021,per_usd
2008-12-01,7.0855,per_usd
2008-12-02,7.0191,per_usd
2008-12-03,7.0938,per_usd
2008-12-04,7.0742,per_usd
2008-12-05,7.2848,per_usd
2008-12-08,7.0518,per_usd
2008-12-09,7.0615,per_usd
2008-12-10,7.0128,per_usd
2008-12-11,6.8937,per_usd
2008-12-12,6.9255,per_usd
2008-12-15,6.8904,per_usd
2008-12-16,6.9767,per_usd
2008-12-17,6.6216,per_usd
2008-12-18,6.7846,per_usd
2008-12-19,7.084,per_usd
2008-12-22,7.0936,per_usd
2008-12-23,7.1168,per_usd
2008-12-24,7.1513,per_usd
2008-12-26,7.1438,per_usd
2008-12-29,7.0047,per_usd
2008-12-30,7.003,per_usd
2008-12-31,6.9756,per_usd
2009-01-02,6.8773,per_usd
2009-01-05,6.9639,per_usd
2009-01-06,6.9918,per_usd
2009-01-07,6.851,per_usd
2009-01-08,6.977,per_usd
2009-01-09,6.9949,per_usd
2009-01-12,7.0107,per_usd
2009-01-13,7.141,per_usd
2009-01-14,7.2087,per_usd
2009-01-15,7.1847,per_usd
2009-01-16,6.9514,per_usd
2009-01-20,7.1228,per_usd
2009-01-21,6.984,per_usd
2009-01-22,6.968,per_usd
2009-01-23,6.9955,per_usd
2009-01-26,6.718,per_usd
2009-01-27,6.7894,per_usd
2009-01-28,6.6827,per_usd
2009-01-29,6.8038,per_usd
2009-01-30,6.9158,per_usd
2009-02-02,7.0415,per_usd
2009-02-03,6.9201,per_usd
2009-02-04,6.9149,per_usd
2009-02-05,6.8297,per_usd
2009-02-06,6.7927,per_usd
2009-02-09,6.6179,per_usd
2009-02-10,6.7063,per_usd
2009-02-11,6.7646,per_usd
2009-02-12,6.8709,per_usd
2009-02-13,6.7705,per_usd
2009-02-17,7.0329,per_usd
2009-02-18,7.0319,per_usd
2009-02-19,6.8926,per_usd
2009-02-20,6.8542,per_usd
2009-02-23,6.827,per_usd
2009-02-24,6.8533,per_usd
2009-02-25,6.871,per_usd
2009-02-26,6.909,per_usd
2009-02-27,7.0474,per_usd
2009-03-02,7.1486,per_usd
2009-03-03,7.2778,per_usd
2009-03-04,7.0479,per_usd
2009-03-05,7.0921,per_usd
2009-03-06,7.0612,per_usd
2009-03-09,7.0635,per_usd
2009-03-10,6.9795,per_usd
2009-03-11,6.938,per_usd
2009-03-12,6.9605,per_usd
2009-03-13,6.8437,per_usd
2009-03-16,6.7682,per_usd
2009-03-17,6.7717,per_usd
2009-03-18,6.7332,per_usd
2009-03-19,6.313,per_usd
2009-03-20,6.3795,per_usd
2009-03-23,6.3271,per_usd
2009-03-24,6.3512,per_usd
2009-03-25,6.5093,per_usd
2009-03-26,6.507,per_usd
2009-03-27,6.6407,per_usd
2009-03-30,6.8243,per_usd
2009-03-31,6.7437,per_usd
2009-04-01,6.7311,per_usd
2009-04-02,6.5398,per_usd
2009-04-03,6.5469,per_usd
2009-04-06,6.5893,per_usd
2009-04-07,6.672,per_usd
2009-04-08,6.6627,per_usd
2009-04-09,6.6734,per_usd
2009-04-10,6.6775,per_usd
2009-04-13,6.5787,per_usd
2009-04-14,6.604,per_usd
2009-04-15,6.7311,per_usd
2009-04-16,6.6698,per_usd
2009-04-17,6.6945,per_usd
2009-04-20,6.838,per_usd
2009-04-21,6.777,per_usd
2009-04-22,6.7118,per_usd
2009-04-23,6.6456,per_usd
2009-04-24,6.5504,per_usd
2009-04-27,6.6989,per_usd
2009-04-28,6.724,per_usd
2009-04-29,6.5425,per_usd
2009-04-30,6.567,per_usd
2009-05-01,6.5461,per_usd
2009-05-04,6.5,per_usd
2009-05-05,6.5275,per_usd
2009-05-06,6.5268,per_usd
2009-05-07,6.4737,per_usd
2009-05-08,6.414,per_usd
2009-05-11,6.4163,per_usd
2009-05-12,6.4685,per_usd
2009-05-13,6.5121,per_usd
2009-05-14,6.4851,per_usd
2009-05-15,6.516,per_usd
2009-05-18,6.4899,per_usd
2009-05-19,6.4588,per_usd
2009-05-20,6.4046,per_usd
2009-05-21,6.421,per_usd
2009-05-22,6.3325,per_usd
2009-05-26,6.3784,per_usd
2009-05-27,6.399,per_usd
2009-05-28,6.4237,per_usd
2009-05-29,6.3139,per_usd
2009-06-01,6.1871,per_usd
2009-06-02,6.1904,per_usd
2009-06-03,6.321,per_usd
2009-06-04,6.2891,per_usd
2009-06-05,6.3985,per_usd
2009-06-08,6.455,per_usd
2009-06-09,6.3497,per_usd
2009-06-10,6.3835,per_usd
2009-06-11,6.3332,per_usd
2009-06-12,6.3242,per_usd
2009-06-15,6.4836,per_usd
2009-06-16,6.4235,per_usd
2009-06-17,6.413,per_usd
2009-06-18,6.3672,per_usd
2009-06-19,6.3613,per_usd
2009-06-22,6.5572,per_usd
2009-06-23,6.5005,per_usd
2009-06-24,6.4408,per_usd
2009-06-25,6.5102,per_usd
2009-06-26,6.4654,per_usd
2009-06-29,6.4233,per_usd
2009-06-30,6.4354,per_usd
2009-07-01,6.3161,per_usd
2009-07-02,6.4055,per_usd
2009-07-03,6.4122,per_usd
2009-07-06,6.4983,per_usd
2009-07-07,6.4887,per_usd
2009-07-08,6.5769,per_usd
2009-07-09,6.483,per_usd
2009-07-10,6.5294,per_usd
2009-07-13,6.5014,per_usd
2009-07-14,6.4827,per_usd
2009-07-15,6.3682,per_usd
2009-07-16,6.389,per_usd
2009-07-17,6.3911,per_usd
2009-07-20,6.3265,per_usd
2009-07-21,6.3025,per_usd
2009-07-22,6.297,per_usd
2009-07-23,6.2363,per_usd
2009-07-24,6.2353,per_usd
2009-07-27,6.1952,per_usd
2009-07-28,6.162,per_usd
2009-07-29,6.2621,per_usd
2009-07-30,6.2274,per_usd
2009-07-31,6.1147,per_usd
2009-08-03,6.012,per_usd
2009-08-04,6.0411,per_usd
2009-08-05,6.0264,per_usd
2009-08-06,6.0454,per_usd
2009-08-07,6.1236,per_usd
2009-08-10,6.192,per_usd
2009-08-11,6.2431,per_usd
2009-08-12,6.1007,per_usd
2009-08-13,6.0387,per_usd
2009-08-14,6.0768,per_usd
2009-08-17,6.1835,per_usd
2009-08-18,6.1695,per_usd
2009-08-19,6.0481,per_usd
2009-08-20,6.0287,per_usd
2009-08-21,6.0054,per_usd
2009-08-24,5.989,per_usd
2009-08-25,6.0022,per_usd
2009-08-26,6.0784,per_usd
2009-08-27,6.0724,per_usd
2009-08-28,5.9981,per_usd
2009-08-31,6.0051,per_usd
2009-09-01,6.0686,per_usd
2009-09-02,6.0806,per_usd
2009-09-03,6.0386,per_usd
2009-09-04,6.0285,per_usd
2009-09-08,5.9166,per_usd
2009-09-09,5.886,per_usd
2009-09-10,5.9578,per_usd
2009-09-11,5.915,per_usd
2009-09-14,5.933,per_usd
2009-09-15,5.9071,per_usd
2009-09-16,5.8587,per_usd
2009-09-17,5.8486,per_usd
2009-09-18,5.8697,per_usd
2009-09-21,5.9069,per_usd
2009-09-22,5.8311,per_usd
2009-09-23,5.7984,per_usd
2009-09-24,5.8105,per_usd
2009-09-25,5.8071,per_usd
2009-09-28,5.8172,per_usd
2009-09-29,5.856,per_usd
2009-09-30,5.7773,per_usd
2009-10-01,5.8251,per_usd
2009-10-02,5.8094,per_usd
2009-10-05,5.7558,per_usd
2009-10-06,5.6758,per_usd
2009-10-07,5.7048,per_usd
2009-10-08,5.6444,per_usd
2009-10-09,5.6469,per_usd
2009-10-13,5.6213,per_usd
2009-10-14,5.5627,per_usd
2009-10-15,5.5588,per_usd
2009-10-16,5.6342,per_usd
2009-10-19,5.5657,per_usd
2009-10-20,5.611,per_usd
2009-10-21,5.5369,per_usd
2009-10-22,5.5426,per_usd
2009-10-23,5.5413,per_usd
2009-10-26,5.5925,per_usd
2009-10-27,5.6433,per_usd
2009-10-28,5.6854,per_usd
2009-10-29,5.6451,per_usd
2009-10-30,5.695,per_usd
2009-11-02,5.6982,per_usd
2009-11-03,5.7989,per_usd
2009-11-04,5.6865,per_usd
2009-11-05,5.6814,per_usd
2009-11-06,5.6958,per_usd
2009-11-09,5.5887,per_usd
2009-11-10,5.5973,per_usd
2009-11-12,5.6504,per_usd
2009-11-13,5.617,per_usd
2009-11-16,5.5575,per_usd
2009-11-17,5.6229,per_usd
2009-11-18,5.575,per_usd
2009-11-19,5.6377,per_usd
2009-11-20,5.6476,per_usd
2009-11-23,5.587,per_usd
2009-11-24,5.6379,per_usd
2009-11-25,5.576,per_usd
2009-11-27,5.6677,per_usd
2009-11-30,5.6928,per_usd
2009-12-01,5.6159,per_usd
2009-12-02,5.6076,per_usd
2009-12-03,5.6122,per_usd
2009-12-04,5.678,per_usd
2009-12-07,5.7174,per_usd
2009-12-08,5.7639,per_usd
2009-12-09,5.7741,per_usd
2009-12-10,5.7564,per_usd
2009-12-11,5.7804,per_usd
2009-12-14,5.7827,per_usd
2009-12-15,5.8208,per_usd
2009-12-16,5.7491,per_usd
2009-12-17,5.8899,per_usd
2009-12-18,5.8522,per_usd
2009-12-21,5.8544,per_usd
2009-12-22,5.8823,per_usd
2009-12-23,5.8238,per_usd
2009-12-24,5.8145,per_usd
2009-12-28,5.7864,per_usd
2009-12-29,5.805,per_usd
2009-12-30,5.8015,per_usd
2009-12-31,5.7899,per_usd
2010-01-04,5.7113,per_usd
2010-01-05,5.6986,per_usd
2010-01-06,5.6805,per_usd
2010-01-07,5.7118,per_usd
2010-01-08,5.6868,per_usd
2010-01-11,5.6162,per_usd
2010-01-12,5.6341,per_usd
2010-01-13,5.6445,per_usd
2010-01-14,5.6354,per_usd
2010-01-15,5.6816,per_usd
2010-01-19,5.7059,per_usd
2010-01-20,5.7772,per_usd
2010-01-21,5.7878,per_usd
2010-01-22,5.7904,per_usd
2010-01-25,5.8156,per_usd
2010-01-26,5.8625,per_usd
2010-01-27,5.8539,per_usd
2010-01-28,5.8499,per_usd
2010-01-29,5.9201,per_usd
2010-02-01,5.8786,per_usd
2010-02-02,5.8383,per_usd
2010-02-03,5.8601,per_usd
2010-02-04,5.9539,per_usd
2010-02-05,6.0166,per_usd
2010-02-08,5.9418,per_usd
2010-02-09,5.9068,per_usd
2010-02-10,5.9124,per_usd
2010-02-11,5.9192,per_usd
2010-02-12,5.9135,per_usd
2010-02-16,5.8521,per_usd
2010-02-17,5.8851,per_usd
2010-02-18,5.953,per_usd
2010-02-19,5.9667,per_usd
2010-02-22,5.9096,per_usd
2010-02-23,5.9334,per_usd
2010-02-24,5.9203,per_usd
2010-02-25,5.9843,per_usd
2010-02-26,5.8992,per_usd
2010-03-01,5.9508,per_usd
2010-03-02,5.945,per_usd
2010-03-03,5.8582,per_usd
2010-03-04,5.9384,per_usd
2010-03-05,5.899,per_usd
2010-03-08,5.9038,per_usd
2010-03-09,5.903,per_usd
2010-03-10,5.8627,per_usd
2010-03-11,5.8689,per_usd
2010-03-12,5.8342,per_usd
2010-03-15,5.8733,per_usd
2010-03-16,5.8227,per_usd
2010-03-17,5.8176,per_usd
2010-03-18,5.8837,per_usd
2010-03-19,5.8902,per_usd
2010-03-22,5.9517,per_usd
2010-03-23,5.9315,per_usd
2010-03-24,6.0249,per_usd
2010-03-25,6.0594,per_usd
2010-03-26,6.0366,per_usd
2010-03-29,5.9797,per_usd
2010-03-30,5.9949,per_usd
2010-03-31,5.9387,per_usd
2010-04-01,5.9145,per_usd
2010-04-02,5.9435,per_usd
2010-04-05,5.9393,per_usd
2010-04-06,5.9827,per_usd
2010-04-07,5.9648,per_usd
2010-04-08,5.952,per_usd
2010-04-09,5.9138,per_usd
2010-04-12,5.8851,per_usd
2010-04-13,5.8777,per_usd
2010-04-14,5.8451,per_usd
2010-04-15,5.8708,per_usd
2010-04-16,5.9032,per_usd
2010-04-19,5.9309,per_usd
2010-04-20,5.9022,per_usd
2010-04-21,5.9045,per_usd
2010-04-22,5.9314,per_usd
2010-04-23,5.8943,per_usd
2010-04-26,5.8781,per_usd
2010-04-27,5.9305,per_usd
2010-04-28,5.989,per_usd
2010-04-29,5.9175,per_usd
2010-04-30,5.9005,per_usd
2010-05-03,5.9418,per_usd
2010-05-04,6.0126,per_usd
2010-05-05,6.035,per_usd
2010-05-06,6.1746,per_usd
2010-05-07,6.2653,per_usd
2010-05-10,6.1278,per_usd
2010-05-11,6.155,per_usd
2010-05-12,6.1464,per_usd
2010-05-13,6.1781,per_usd
2010-05-14,6.2365,per_usd
2010-05-17,6.2783,per_usd
2010-05-18,6.2837,per_usd
2010-05-19,6.4329,per_usd
2010-05-20,6.5339,per_usd
2010-05-21,6.4497,per_usd
2010-05-24,6.4707,per_usd
2010-05-25,6.6258,per_usd
2010-05-26,6.5359,per_usd
2010-05-27,6.424,per_usd
2010-05-28,6.4367,per_usd
2010-06-01,6.449,per_usd
2010-06-02,6.5011,per_usd
2010-06-03,6.4565,per_usd
2010-06-04,6.5816,per_usd
2010-06-07,6.67,per_usd
2010-06-08,6.6539,per_usd
2010-06-09,6.568,per_usd
2010-06-10,6.4965,per_usd
2010-06-11,6.4787,per_usd
2010-06-14,6.391,per_usd
2010-06-15,6.3658,per_usd
2010-06-16,6.3892,per_usd
2010-06-17,6.3749,per_usd
2010-06-18,6.3778,per_usd
2010-06-21,6.3599,per_usd
2010-06-22,6.4503,per_usd
2010-06-23,6.4871,per_usd
2010-06-24,6.4993,per_usd
2010-06-25,6.4596,per_usd
2010-06-28,6.4162,per_usd
2010-06-29,6.4937,per_usd
2010-06-30,6.4824,per_usd
2010-07-01,6.4793,per_usd
2010-07-02,6.4361,per_usd
2010-07-06,6.3511,per_usd
2010-07-07,6.4179,per_usd
2010-07-08,6.3616,per_usd
2010-07-09,6.3429,per_usd
2010-07-12,6.3599,per_usd
2010-07-13,6.2543,per_usd
2010-07-14,6.2244,per_usd
2010-07-15,6.1964,per_usd
2010-07-16,6.2631,per_usd
2010-07-19,6.2972,per_usd
2010-07-20,6.2888,per_usd
2010-07-21,6.25,per_usd
2010-07-22,6.1778,per_usd
2010-07-23,6.197,per_usd
2010-07-26,6.1611,per_usd
2010-07-27,6.1599,per_usd
2010-07-28,6.1526,per_usd
2010-07-29,6.1121,per_usd
2010-07-30,6.0455,per_usd
2010-08-02,5.9625,per_usd
2010-08-03,5.954,per_usd
2010-08-04,5.9941,per_usd
2010-08-05,6.0027,per_usd
2010-08-06,5.9549,per_usd
2010-08-09,5.9617,per_usd
2010-08-10,6.0528,per_usd
2010-08-11,6.1636,per_usd
2010-08-12,6.158,per_usd
2010-08-13,6.205,per_usd
2010-08-16,6.1458,per_usd
2010-08-17,6.13,per_usd
2010-08-18,6.1528,per_usd
2010-08-19,6.1745,per_usd
2010-08-20,6.2542,per_usd
2010-08-23,6.2421,per_usd
2010-08-24,6.2868,per_usd
2010-08-25,6.3464,per_usd
2010-08-26,6.2925,per_usd
2010-08-27,6.2452,per_usd
2010-08-30,6.2912,per_usd
2010-08-31,6.2877,per_usd
2010-09-01,6.1755,per_usd
2010-09-02,6.1456,per_usd
2010-09-03,6.1226,per_usd
2010-09-07,6.2053,per_usd
2010-09-08,6.1911,per_usd
2010-09-09,6.1886,per_usd
2010-09-10,6.1759,per_usd
2010-09-13,6.104,per_usd
2010-09-14,6.0244,per_usd
2010-09-15,6.0902,per_usd
2010-09-16,6.0975,per_usd
2010-09-17,6.0954,per_usd
2010-09-20,6.0453,per_usd
2010-09-21,6.0279,per_usd
2010-09-22,5.9048,per_usd
2010-09-23,5.9325,per_usd
2010-09-24,5.8865,per_usd
2010-09-27,5.9018,per_usd
2010-09-28,5.8563,per_usd
2010-09-29,5.8378,per_usd
2010-09-30,5.8952,per_usd
2010-10-01,5.8379,per_usd
2010-10-04,5.8743,per_usd
2010-10-05,5.8178,per_usd
2010-10-06,5.7744,per_usd
2010-10-07,5.8135,per_usd
2010-10-08,5.8199,per_usd
2010-10-12,5.8764,per_usd
2010-10-13,5.799,per_usd
2010-10-14,5.7426,per_usd
2010-10-15,5.7939,per_usd
2010-10-18,5.8244,per_usd
2010-10-19,5.8981,per_usd
2010-10-20,5.8326,per_usd
2010-10-21,5.8266,per_usd
2010-10-22,5.8173,per_usd
2010-10-25,5.7794,per_usd
2010-10-26,5.8529,per_usd
2010-10-27,5.9003,per_usd
2010-10-28,5.8842,per_usd
2010-10-29,5.8785,per_usd
2010-11-01,5.8667,per_usd
2010-11-02,5.848,per_usd
2010-11-03,5.8507,per_usd
2010-11-04,5.7307,per_usd
2010-11-05,5.7645,per_usd
2010-11-08,5.804,per_usd
2010-11-09,5.8116,per_usd
2010-11-10,5.8828,per_usd
2010-11-12,5.9462,per_usd
2010-11-15,5.9815,per_usd
2010-11-16,6.0589,per_usd
2010-11-17,6.0149,per_usd
2010-11-18,5.9963,per_usd
2010-11-19,5.99,per_usd
2010-11-22,6.0154,per_usd
2010-11-23,6.107,per_usd
2010-11-24,6.0787,per_usd
2010-11-26,6.1563,per_usd
2010-11-29,6.1988,per_usd
2010-11-30,6.1871,per_usd
2010-12-01,6.1362,per_usd
2010-12-02,6.0776,per_usd
2010-12-03,5.9936,per_usd
2010-12-06,6.0156,per_usd
2010-12-07,5.9751,per_usd
2010-12-08,6.0289,per_usd
2010-12-09,6.0446,per_usd
2010-12-10,5.9929,per_usd
2010-12-13,5.9232,per_usd
2010-12-14,5.889,per_usd
2010-12-15,5.9385,per_usd
2010-12-16,5.9665,per_usd
2010-12-17,5.9998,per_usd
2010-12-20,5.9847,per_usd
2010-12-21,5.973,per_usd
2010-12-22,5.9988,per_usd
2010-12-23,5.9803,per_usd
2010-12-27,5.9578,per_usd
2010-12-28,5.9555,per_usd
2010-12-29,5.9271,per_usd
2010-12-30,5.8904,per_usd
2011-01-03,5.8244,per_usd
2011-01-04,5.8691,per_usd
2011-01-05,5.9028,per_usd
2011-01-06,5.9555,per_usd
2011-01-07,5.9688,per_usd
2011-01-10,5.9766,per_usd
2011-01-11,5.9497,per_usd
2011-01-12,5.9159,per_usd
2011-01-13,5.8466,per_usd
2011-01-14,5.8647,per_usd
2011-01-18,5.8356,per_usd
2011-01-19,5.812,per_usd
2011-01-20,5.8775,per_usd
2011-01-21,5.8129,per_usd
2011-01-24,5.7811,per_usd
2011-01-25,5.7694,per_usd
2011-01-26,5.7554,per_usd
2011-01-27,5.7992,per_usd
2011-01-28,5.8295,per_usd
2011-01-31,5.7759,per_usd
2011-02-01,5.7199,per_usd
2011-02-02,5.7371,per_usd
2011-02-03,5.7343,per_usd
2011-02-04,5.7586,per_usd
2011-02-07,5.7838,per_usd
2011-02-08,5.7381,per_usd
2011-02-09,5.771,per_usd
2011-02-10,5.8176,per_usd
2011-02-11,5.866,per_usd
2011-02-14,5.8404,per_usd
2011-02-15,5.8287,per_usd
2011-02-16,5.7558,per_usd
2011-02-17,5.707,per_usd
2011-02-18,5.6727,per_usd
2011-02-22,5.6769,per_usd
2011-02-23,5.6274,per_usd
2011-02-24,5.6006,per_usd
2011-02-25,5.6568,per_usd
2011-02-28,5.6138,per_usd
2011-03-01,5.5778,per_usd
2011-03-02,5.5499,per_usd
2011-03-03,5.5719,per_usd
2011-03-04,5.5728,per_usd
2011-03-07,5.5594,per_usd
2011-03-08,5.5828,per_usd
2011-03-09,5.5745,per_usd
2011-03-10,5.6547,per_usd
2011-03-11,5.6303,per_usd
2011-03-14,5.6061,per_usd
2011-03-15,5.6545,per_usd
2011-03-16,5.6685,per_usd
2011-03-17,5.6555,per_usd
2011-03-18,5.5942,per_usd
2011-03-21,5.5586,per_usd
2011-03-22,5.5689,per_usd
2011-03-23,5.5895,per_usd
2011-03-24,5.5402,per_usd
2011-03-25,5.5761,per_usd
2011-03-28,5.5854,per_usd
2011-03-29,5.6072,per_usd
2011-03-30,5.5881,per_usd
2011-03-31,5.5334,per_usd
2011-04-01,5.4971,per_usd
2011-04-04,5.4964,per_usd
2011-04-05,5.4652,per_usd
2011-04-06,5.4561,per_usd
2011-04-07,5.4745,per_usd
2011-04-08,5.3976,per_usd
2011-04-11,5.4272,per_usd
2011-04-12,5.4702,per_usd
2011-04-13,5.4367,per_usd
2011-04-14,5.4148,per_usd
2011-04-15,5.383,per_usd
2011-04-18,5.4893,per_usd
2011-04-19,5.428,per_usd
2011-04-20,5.3517,per_usd
2011-04-21,5.3494,per_usd
2011-04-22,5.3743,per_usd
2011-04-25,5.3559,per_usd
2011-04-26,5.3231,per_usd
2011-04-27,5.3275,per_usd
2011-04-28,5.2727,per_usd
2011-04-29,5.2398,per_usd
2011-05-02,5.2247,per_usd
2011-05-03,5.2447,per_usd
2011-05-04,5.3154,per_usd
2011-05-05,5.4465,per_usd
2011-05-06,5.464,per_usd
2011-05-09,5.4937,per_usd
2011-05-10,5.446,per_usd
2011-05-11,5.4745,per_usd
2011-05-12,5.5152,per_usd
2011-05-13,5.5584,per_usd
2011-05-16,5.5326,per_usd
2011-05-17,5.6138,per_usd
2011-05-18,5.5512,per_usd
2011-05-19,5.5281,per_usd
2011-05-20,5.5384,per_usd
2011-05-23,5.6176,per_usd
2011-05-24,5.5589,per_usd
2011-05-25,5.5564,per_usd
2011-05-26,5.5257,per_usd
2011-05-27,5.4205,per_usd
2011-05-31,5.3822,per_usd
2011-06-01,5.3791,per_usd
2011-06-02,5.401,per_usd
2011-06-03,5.3392,per_usd
2011-06-06,5.3565,per_usd
2011-06-07,5.3442,per_usd
2011-06-08,5.3869,per_usd
2011-06-09,5.4087,per_usd
2011-06-10,5.4756,per_usd
2011-06-13,5.4448,per_usd
2011-06-14,5.393,per_usd
2011-06-15,5.5163,per_usd
2011-06-16,5.5402,per_usd
2011-06-17,5.5083,per_usd
2011-06-20,5.5352,per_usd
2011-06-21,5.495,per_usd
2011-06-22,5.4427,per_usd
2011-06-23,5.5104,per_usd
2011-06-24,5.4783,per_usd
2011-06-27,5.4629,per_usd
2011-06-28,5.4261,per_usd
2011-06-29,5.3863,per_usd
2011-06-30,5.3749,per_usd
2011-07-01,5.367,per_usd
2011-07-05,5.3499,per_usd
2011-07-06,5.4022,per_usd
2011-07-07,5.3888,per_usd
2011-07-08,5.4169,per_usd
2011-07-11,5.5174,per_usd
2011-07-12,5.5641,per_usd
2011-07-13,5.507,per_usd
2011-07-14,5.5341,per_usd
2011-07-15,5.5507,per_usd
2011-07-18,5.611,per_usd
2011-07-19,5.5311,per_usd
2011-07-20,5.496,per_usd
2011-07-21,5.4139,per_usd
2011-07-22,5.4084,per_usd
2011-07-25,5.417,per_usd
2011-07-26,5.3535,per_usd
2011-07-27,5.3946,per_usd
2011-07-28,5.4045,per_usd
2011-07-29,5.375,per_usd
2011-08-01,5.411,per_usd
2011-08-02,5.3818,per_usd
2011-08-03,5.3618,per_usd
2011-08-04,5.4855,per_usd
2011-08-05,5.5212,per_usd
2011-08-08,5.4593,per_usd
2011-08-09,5.5121,per_usd
2011-08-10,5.5248,per_usd
2011-08-11,5.5102,per_usd
2011-08-12,5.5205,per_usd
2011-08-15,5.4342,per_usd
2011-08-16,5.4258,per_usd
2011-08-17,5.3936,per_usd
2011-08-18,5.4756,per_usd
2011-08-19,5.4514,per_usd
2011-08-22,5.4446,per_usd
2011-08-23,5.4265,per_usd
2011-08-24,5.4282,per_usd
2011-08-25,5.4184,per_usd
2011-08-26,5.3661,per_usd
2011-08-29,5.3533,per_usd
2011-08-30,5.3568,per_usd
2011-08-31,5.349,per_usd
2011-09-01,5.392,per_usd
2011-09-02,5.3959,per_usd
2011-09-06,5.3942,per_usd
2011-09-07,5.387,per_usd
2011-09-08,5.3897,per_usd
2011-09-09,5.484,per_usd
2011-09-12,5.6207,per_usd
2011-09-13,5.6431,per_usd
2011-09-14,5.6696,per_usd
2011-09-15,5.5906,per_usd
2011-09-16,5.5875,per_usd
2011-09-19,5.7031,per_usd
2011-09-20,5.6523,per_usd
2011-09-21,5.6674,per_usd
2011-09-22,5.8579,per_usd
2011-09-23,5.8365,per_usd
2011-09-26,5.7863,per_usd
2011-09-27,5.7274,per_usd
2011-09-28,5.7462,per_usd
2011-09-29,5.7718,per_usd
2011-09-30,5.8368,per_usd
2011-10-03,5.8581,per_usd
2011-10-04,5.9111,per_usd
2011-10-05,5.8818,per_usd
2011-10-06,5.8514,per_usd
2011-10-07,5.7828,per_usd
2011-10-11,5.6865,per_usd
2011-10-12,5.6242,per_usd
2011-10-13,5.6459,per_usd
2011-10-14,5.5708,per_usd
2011-10-17,5.6147,per_usd
2011-10-18,5.6294,per_usd
2011-10-19,5.6007,per_usd
2011-10-20,5.6442,per_usd
2011-10-21,5.5665,per_usd
2011-10-24,5.5228,per_usd
2011-10-25,5.5319,per_usd
2011-10-26,5.5367,per_usd
2011-10-27,5.4146,per_usd
2011-10-28,5.422,per_usd
2011-10-31,5.5131,per_usd
2011-11-01,5.6691,per_usd
2011-11-02,5.6443,per_usd
2011-11-03,5.6065,per_usd
2011-11-04,5.6329,per_usd
2011-11-07,5.6054,per_usd
2011-11-08,5.6166,per_usd
2011-11-09,5.7107,per_usd
2011-11-10,5.6935,per_usd
2011-11-14,5.7086,per_usd
2011-11-15,5.7511,per_usd
2011-11-16,5.7732,per_usd
2011-11-17,5.7802,per_usd
2011-11-18,5.7761,per_usd
2011-11-21,5.7902,per_usd
2011-11-22,5.7844,per_usd
2011-11-23,5.8545,per_usd
2011-11-25,5.9212,per_usd
2011-11-28,5.8828,per_usd
2011-11-29,5.8453,per_usd
2011-11-30,5.7643,per_usd
2011-12-01,5.7873,per_usd
2011-12-02,5.7945,per_usd
2011-12-05,5.7428,per_usd
2011-12-06,5.7605,per_usd
2011-12-07,5.7585,per_usd
2011-12-08,5.789,per_usd
2011-12-09,5.7473,per_usd
2011-12-12,5.8272,per_usd
2011-12-13,5.9074,per_usd
2011-12-14,5.9908,per_usd
2011-12-15,5.9921,per_usd
2011-12-16,5.9714,per_usd
2011-12-19,5.9334,per_usd
2011-12-20,5.896,per_usd
2011-12-21,5.9397,per_usd
2011-12-22,5.9492,per_usd
2011-12-23,5.9755,per_usd
2011-12-27,5.9579,per_usd
2011-12-28,6.0268,per_usd
2011-12-29,5.9988,per_usd
2011-12-30,5.9682,per_usd
2012-01-03,5.9015,per_usd
2012-01-04,5.9428,per_usd
2012-01-05,6.0259,per_usd
2012-01-06,6.0202,per_usd
2012-01-09,6.0133,per_usd
2012-01-10,5.9802,per_usd
2012-01-11,6.045,per_usd
2012-01-12,6.0026,per_usd
2012-01-13,6.0708,per_usd
2012-01-17,6.0291,per_usd
2012-01-18,5.9949,per_usd
2012-01-19,5.9102,per_usd
2012-01-20,5.9219,per_usd
2012-01-23,5.8681,per_usd
2012-01-24,5.8938,per_usd
2012-01-25,5.9131,per_usd
2012-01-26,5.8105,per_usd
2012-01-27,5.8027,per_usd
2012-01-30,5.8275,per_usd
2012-01-31,5.873,per_usd
2012-02-01,5.807,per_usd
2012-02-02,5.8142,per_usd
2012-02-03,5.8201,per_usd
2012-02-06,5.8106,per_usd
2012-02-07,5.7695,per_usd
2012-02-08,5.7588,per_usd
2012-02-09,5.7408,per_usd
2012-02-10,5.7548,per_usd
2012-02-13,5.7073,per_usd
2012-02-14,5.7295,per_usd
2012-02-15,5.7699,per_usd
2012-02-16,5.7543,per_usd
2012-02-17,5.6929,per_usd
2012-02-21,5.6782,per_usd
2012-02-22,5.6499,per_usd
2012-02-23,5.6356,per_usd
2012-02-24,5.565,per_usd
2012-02-27,5.5991,per_usd
2012-02-28,5.5632,per_usd
2012-02-29,5.5737,per_usd
2012-03-01,5.58,per_usd
2012-03-02,5.6104,per_usd
2012-03-05,5.6108,per_usd
2012-03-06,5.7067,per_usd
2012-03-07,5.659,per_usd
2012-03-08,5.5901,per_usd
2012-03-09,5.6992,per_usd
2012-03-12,5.697,per_usd
2012-03-13,5.6804,per_usd
2012-03-14,5.8228,per_usd
2012-03-15,5.79,per_usd
2012-03-16,5.7435,per_usd
2012-03-19,5.7158,per_usd
2012-03-20,5.7573,per_usd
2012-03-21,5.7635,per_usd
2012-03-22,5.7855,per_usd
2012-03-23,5.7506,per_usd
2012-03-26,5.6901,per_usd
2012-03-27,5.6979,per_usd
2012-03-28,5.7509,per_usd
2012-03-29,5.7603,per_usd
2012-03-30,5.7001,per_usd
2012-04-02,5.6779,per_usd
2012-04-03,5.6799,per_usd
2012-04-04,5.7689,per_usd
2012-04-05,5.7876,per_usd
2012-04-06,5.7878,per_usd
2012-04-09,5.7936,per_usd
2012-04-10,5.8109,per_usd
2012-04-11,5.8014,per_usd
2012-04-12,5.766,per_usd
2012-04-13,5.7931,per_usd
2012-04-16,5.7797,per_usd
2012-04-17,5.743,per_usd
2012-04-18,5.7523,per_usd
2012-04-19,5.746,per_usd
2012-04-20,5.7188,per_usd
2012-04-23,5.7486,per_usd
2012-04-24,5.7262,per_usd
2012-04-25,5.7209,per_usd
2012-04-26,5.7329,per_usd
2012-04-27,5.7303,per_usd
2012-04-30,5.7276,per_usd
2012-05-01,5.717,per_usd
2012-05-02,5.7458,per_usd
2012-05-03,5.7446,per_usd
2012-05-04,5.7888,per_usd
2012-05-07,5.7902,per_usd
2012-05-08,5.8291,per_usd
2012-05-09,5.8278,per_usd
2012-05-10,5.8532,per_usd
2012-05-11,5.8551,per_usd
2012-05-14,5.9222,per_usd
2012-05-15,5.9802,per_usd
2012-05-16,5.9634,per_usd
2012-05-17,5.9816,per_usd
2012-05-18,5.9955,per_usd
2012-05-21,5.9546,per_usd
2012-05-22,5.9452,per_usd
2012-05-23,6.0096,per_usd
2012-05-24,6.0056,per_usd
2012-05-25,6.0133,per_usd
2012-05-29,6.0328,per_usd
2012-05-30,6.0674,per_usd
2012-05-31,6.1097,per_usd
2012-06-01,6.1301,per_usd
2012-06-04,6.0882,per_usd
2012-06-05,6.114,per_usd
2012-06-06,6.0789,per_usd
2012-06-07,6.0401,per_usd
2012-06-08,6.0675,per_usd
2012-06-11,6.0255,per_usd
2012-06-12,6.0343,per_usd
2012-06-13,5.9789,per_usd
2012-06-14,5.957,per_usd
2012-06-15,5.9574,per_usd
2012-06-18,5.992,per_usd
2012-06-19,5.9274,per_usd
2012-06-20,5.899,per_usd
2012-06-21,5.948,per_usd
2012-06-22,5.96,per_usd
2012-06-25,6.0216,per_usd
2012-06-26,6.0261,per_usd
2012-06-27,6.0424,per_usd
2012-06-28,6.0638,per_usd
2012-06-29,5.9541,per_usd
2012-07-02,5.9706,per_usd
2012-07-03,5.9569,per_usd
2012-07-05,6.0393,per_usd
2012-07-06,6.1241,per_usd
2012-07-09,6.0925,per_usd
2012-07-10,6.1025,per_usd
2012-07-11,6.1104,per_usd
2012-07-12,6.1095,per_usd
2012-07-13,6.1008,per_usd
2012-07-16,6.0879,per_usd
2012-07-17,6.0973,per_usd
2012-07-18,6.1037,per_usd
2012-07-19,6.0682,per_usd
2012-07-20,6.076,per_usd
2012-07-23,6.0953,per_usd
2012-07-24,6.1087,per_usd
2012-07-25,6.09,per_usd
2012-07-26,6.0172,per_usd
2012-07-27,6.0281,per_usd
2012-07-30,6.0512,per_usd
2012-07-31,6.0189,per_usd
2012-08-01,6.0148,per_usd
2012-08-02,6.0647,per_usd
2012-08-03,5.9728,per_usd
2012-08-06,5.9461,per_usd
2012-08-07,5.9073,per_usd
2012-08-08,5.8708,per_usd
2012-08-09,5.9272,per_usd
2012-08-10,5.9176,per_usd
2012-08-13,5.9332,per_usd
2012-08-14,5.921,per_usd
2012-08-15,5.9488,per_usd
2012-08-16,5.9452,per_usd
2012-08-17,5.9349,per_usd
2012-08-20,5.923,per_usd
2012-08-21,5.8775,per_usd
2012-08-22,5.884,per_usd
2012-08-23,5.8222,per_usd
2012-08-24,5.8203,per_usd
2012-08-27,5.827,per_usd
2012-08-28,5.8235,per_usd
2012-08-29,5.8268,per_usd
2012-08-30,5.82,per_usd
2012-08-31,5.799,per_usd
2012-09-04,5.798,per_usd
2012-09-05,5.8264,per_usd
2012-09-06,5.8496,per_usd
2012-09-07,5.7544,per_usd
2012-09-10,5.7589,per_usd
2012-09-11,5.7645,per_usd
2012-09-12,5.7459,per_usd
2012-09-13,5.7647,per_usd
2012-09-14,5.6658,per_usd
2012-09-17,5.7014,per_usd
2012-09-18,5.7136,per_usd
2012-09-19,5.6972,per_usd
2012-09-20,5.7418,per_usd
2012-09-21,5.7334,per_usd
2012-09-24,5.7522,per_usd
2012-09-25,5.7092,per_usd
2012-09-26,5.7585,per_usd
2012-09-27,5.7225,per_usd
2012-09-28,5.7292,per_usd
2012-10-01,5.7275,per_usd
2012-10-02,5.683,per_usd
2012-10-03,5.7558,per_usd
2012-10-04,5.7029,per_usd
2012-10-05,5.6632,per_usd
2012-10-09,5.7355,per_usd
2012-10-10,5.7333,per_usd
2012-10-11,5.708,per_usd
2012-10-12,5.713,per_usd
2012-10-15,5.709,per_usd
2012-10-16,5.667,per_usd
2012-10-17,5.6271,per_usd
2012-10-18,5.6164,per_usd
2012-10-19,5.6581,per_usd
2012-10-22,5.6701,per_usd
2012-10-23,5.729,per_usd
2012-10-24,5.7584,per_usd
2012-10-25,5.7672,per_usd
2012-10-26,5.7616,per_usd
2012-10-29,5.7574,per_usd
2012-10-30,5.7206,per_usd
2012-10-31,5.7075,per_usd
2012-11-01,5.6816,per_usd
2012-11-02,5.7207,per_usd
2012-11-05,5.7308,per_usd
2012-11-06,5.7171,per_usd
2012-11-07,5.7375,per_usd
2012-11-08,5.7364,per_usd
2012-11-09,5.7405,per_usd
2012-11-13,5.7637,per_usd
2012-11-14,5.7521,per_usd
2012-11-15,5.7542,per_usd
2012-11-16,5.7948,per_usd
2012-11-19,5.7371,per_usd
2012-11-20,5.7325,per_usd
2012-11-21,5.7197,per_usd
2012-11-23,5.6622,per_usd
2012-11-26,5.6487,per_usd
2012-11-27,5.6886,per_usd
2012-11-28,5.6831,per_usd
2012-11-29,5.6925,per_usd
2012-11-30,5.6667,per_usd
2012-12-03,5.6368,per_usd
2012-12-04,5.6232,per_usd
2012-12-05,5.6198,per_usd
2012-12-06,5.6468,per_usd
2012-12-07,5.6675,per_usd
2012-12-10,5.6728,per_usd
2012-12-11,5.6524,per_usd
2012-12-12,5.629,per_usd
2012-12-13,5.617,per_usd
2012-12-14,5.623,per_usd
2012-12-17,5.604,per_usd
2012-12-18,5.5936,per_usd
2012-12-19,5.5602,per_usd
2012-12-20,5.5607,per_usd
2012-12-21,5.5709,per_usd
2012-12-24,5.61,per_usd
2012-12-26,5.5884,per_usd
2012-12-27,5.5805,per_usd
2012-12-28,5.5885,per_usd
2012-12-31,5.5618,per_usd
2013-01-02,5.5422,per_usd
2013-01-03,5.5617,per_usd
2013-01-04,5.6114,per_usd
2013-01-07,5.5927,per_usd
2013-01-08,5.6044,per_usd
2013-01-09,5.5879,per_usd
2013-01-10,5.5369,per_usd
2013-01-11,5.526,per_usd
2013-01-14,5.5055,per_usd
2013-01-15,5.5647,per_usd
2013-01-16,5.5661,per_usd
2013-01-17,5.5554,per_usd
2013-01-18,5.6085,per_usd
2013-01-22,5.5758,per_usd
2013-01-23,5.5657,per_usd
2013-01-24,5.5339,per_usd
2013-01-25,5.5286,per_usd
2013-01-28,5.5303,per_usd
2013-01-29,5.4999,per_usd
2013-01-30,5.4838,per_usd
2013-01-31,5.468,per_usd
2013-02-01,5.4312,per_usd
2013-02-04,5.472,per_usd
2013-02-05,5.4884,per_usd
2013-02-06,5.4943,per_usd
2013-02-07,5.5244,per_usd
2013-02-08,5.5404,per_usd
2013-02-11,5.5026,per_usd
2013-02-12,5.487,per_usd
2013-02-13,5.4747,per_usd
2013-02-14,5.512,per_usd
2013-02-15,5.5426,per_usd
2013-02-19,5.5357,per_usd
2013-02-20,5.567,per_usd
2013-02-21,5.6588,per_usd
2013-02-22,5.6829,per_usd
2013-02-25,5.6747,per_usd
2013-02-26,5.7167,per_usd
2013-02-27,5.7047,per_usd
2013-02-28,5.7209,per_usd
2013-03-01,5.7599,per_usd
2013-03-04,5.7218,per_usd
2013-03-05,5.7125,per_usd
2013-03-06,5.7075,per_usd
2013-03-07,5.673,per_usd
2013-03-08,5.7242,per_usd
2013-03-11,5.7268,per_usd
2013-03-12,5.7136,per_usd
2013-03-13,5.751,per_usd
2013-03-14,5.8019,per_usd
2013-03-15,5.7756,per_usd
2013-03-18,5.7886,per_usd
2013-03-19,5.8319,per_usd
2013-03-20,5.8429,per_usd
2013-03-21,5.8411,per_usd
2013-03-22,5.8073,per_usd
2013-03-25,5.8396,per_usd
2013-03-26,5.8409,per_usd
2013-03-27,5.8549,per_usd
2013-03-28,5.8326,per_usd
2013-03-29,5.8446,per_usd
2013-04-01,5.8143,per_usd
2013-04-02,5.8115,per_usd
2013-04-03,5.8043,per_usd
2013-04-04,5.811,per_usd
2013-04-05,5.7204,per_usd
2013-04-08,5.7435,per_usd
2013-04-09,5.7083,per_usd
2013-04-10,5.7452,per_usd
2013-04-11,5.7029,per_usd
2013-04-12,5.7188,per_usd
2013-04-15,5.7281,per_usd
2013-04-16,5.7377,per_usd
2013-04-17,5.7934,per_usd
2013-04-18,5.8119,per_usd
2013-04-19,5.8161,per_usd
2013-04-22,5.8504,per_usd
2013-04-23,5.9034,per_usd
2013-04-24,5.912,per_usd
2013-04-25,5.8797,per_usd
2013-04-26,5.8506,per_usd
2013-04-29,5.8257,per_usd
2013-04-30,5.7674,per_usd
2013-05-01,5.7601,per_usd
2013-05-02,5.7982,per_usd
2013-05-03,5.7944,per_usd
2013-05-06,5.8294,per_usd
2013-05-07,5.8385,per_usd
2013-05-08,5.7462,per_usd
2013-05-09,5.751,per_usd
2013-05-10,5.818,per_usd
2013-05-13,5.7987,per_usd
2013-05-14,5.8109,per_usd
2013-05-15,5.8567,per_usd
2013-05-16,5.8166,per_usd
2013-05-17,5.8626,per_usd
2013-05-20,5.839,per_usd
2013-05-21,5.7892,per_usd
2013-05-22,5.8128,per_usd
2013-05-23,5.8322,per_usd
2013-05-24,5.8315,per_usd
2013-05-28,5.8774,per_usd
2013-05-29,5.8947,per_usd
2013-05-30,5.8245,per_usd
2013-05-31,5.8623,per_usd
2013-06-03,5.799,per_usd
2013-06-04,5.8123,per_usd
2013-06-05,5.8081,per_usd
2013-06-06,5.7547,per_usd
2013-06-07,5.7649,per_usd
2013-06-10,5.761,per_usd
2013-06-11,5.7908,per_usd
2013-06-12,5.7344,per_usd
2013-06-13,5.763,per_usd
2013-06-14,5.7189,per_usd
2013-06-17,5.7308,per_usd
2013-06-18,5.7295,per_usd
2013-06-19,5.7209,per_usd
2013-06-20,6.001,per_usd
2013-06-21,6.0966,per_usd
2013-06-24,6.1593,per_usd
2013-06-25,6.1294,per_usd
2013-06-26,6.0993,per_usd
2013-06-27,6.0544,per_usd
2013-06-28,6.0903,per_usd
2013-07-01,6.0734,per_usd
2013-07-02,6.0854,per_usd
2013-07-03,6.0977,per_usd
2013-07-05,6.263,per_usd
2013-07-08,6.1483,per_usd
2013-07-09,6.1887,per_usd
2013-07-10,6.1401,per_usd
2013-07-11,6.0874,per_usd
2013-07-12,6.07,per_usd
2013-07-15,6.0741,per_usd
2013-07-16,5.9965,per_usd
2013-07-17,6.01,per_usd
2013-07-18,6.001,per_usd
2013-07-19,5.9695,per_usd
2013-07-22,5.9329,per_usd
2013-07-23,5.8876,per_usd
2013-07-24,5.9136,per_usd
2013-07-25,5.9311,per_usd
2013-07-26,5.9169,per_usd
2013-07-29,5.9238,per_usd
2013-07-30,5.9268,per_usd
2013-07-31,5.904,per_usd
2013-08-01,5.9465,per_usd
2013-08-02,5.9419,per_usd
2013-08-05,5.9337,per_usd
2013-08-06,5.9244,per_usd
2013-08-07,5.913,per_usd
2013-08-08,5.8994,per_usd
2013-08-09,5.8572,per_usd
2013-08-12,5.8634,per_usd
2013-08-13,5.899,per_usd
2013-08-14,5.8867,per_usd
2013-08-15,5.9412,per_usd
2013-08-16,5.9119,per_usd
2013-08-19,5.9035,per_usd
2013-08-20,5.9404,per_usd
2013-08-21,6.0574,per_usd
2013-08-22,6.1057,per_usd
2013-08-23,6.0202,per_usd
2013-08-26,6.0391,per_usd
2013-08-27,6.0169,per_usd
2013-08-28,6.059,per_usd
2013-08-29,6.1009,per_usd
2013-08-30,6.1281,per_usd
2013-09-03,6.0722,per_usd
2013-09-04,6.0583,per_usd
2013-09-05,6.1202,per_usd
2013-09-06,6.083,per_usd
2013-09-09,6.0191,per_usd
2013-09-10,5.9269,per_usd
2013-09-11,5.9153,per_usd
2013-09-12,5.8858,per_usd
2013-09-13,5.9386,per_usd
2013-09-16,5.8983,per_usd
2013-09-17,5.8998,per_usd
2013-09-18,5.9018,per_usd
2013-09-19,5.8216,per_usd
2013-09-20,5.9184,per_usd
2013-09-23,5.9091,per_usd
2013-09-24,5.967,per_usd
2013-09-25,5.9964,per_usd
2013-09-26,5.9842,per_usd
2013-09-27,5.9966,per_usd
2013-09-30,6.0105,per_usd
2013-10-01,5.9839,per_usd
2013-10-02,6.022,per_usd
2013-10-03,5.9476,per_usd
2013-10-04,5.9577,per_usd
2013-10-07,5.968,per_usd
2013-10-08,5.9673,per_usd
2013-10-09,6.0058,per_usd
2013-10-10,6.0345,per_usd
2013-10-11,5.996,per_usd
2013-10-15,6.0313,per_usd
2013-10-16,6.0209,per_usd
2013-10-17,5.9319,per_usd
2013-10-18,5.8987,per_usd
2013-10-21,5.915,per_usd
2013-10-22,5.8953,per_usd
2013-10-23,5.9149,per_usd
2013-10-24,5.8904,per_usd
2013-10-25,5.8958,per_usd
2013-10-28,5.8918,per_usd
2013-10-29,5.8865,per_usd
2013-10-30,5.8769,per_usd
2013-10-31,5.9476,per_usd
2013-11-01,5.9678,per_usd
2013-11-04,5.9478,per_usd
2013-11-05,5.981,per_usd
2013-11-06,5.9555,per_usd
2013-11-07,6.032,per_usd
2013-11-08,6.1542,per_usd
2013-11-12,6.1986,per_usd
2013-11-13,6.1794,per_usd
2013-11-14,6.1645,per_usd
2013-11-15,6.1182,per_usd
2013-11-18,6.1085,per_usd
2013-11-19,6.0936,per_usd
2013-11-20,6.1008,per_usd
2013-11-21,6.108,per_usd
2013-11-22,6.0744,per_usd
2013-11-25,6.1158,per_usd
2013-11-26,6.1026,per_usd
2013-11-27,6.107,per_usd
2013-11-29,6.116,per_usd
2013-12-02,6.124,per_usd
2013-12-03,6.088,per_usd
2013-12-04,6.1579,per_usd
2013-12-05,6.1519,per_usd
2013-12-06,6.1535,per_usd
2013-12-09,6.141,per_usd
2013-12-10,6.113,per_usd
2013-12-11,6.1176,per_usd
2013-12-12,6.1991,per_usd
2013-12-13,6.1851,per_usd
2013-12-16,6.1529,per_usd
2013-12-17,6.1234,per_usd
2013-12-18,6.1125,per_usd
2013-12-19,6.158,per_usd
2013-12-20,6.1494,per_usd
2013-12-23,6.1469,per_usd
2013-12-24,6.1455,per_usd
2013-12-26,6.1416,per_usd
2013-12-27,6.1246,per_usd
2013-12-30,6.0657,per_usd
2013-12-31,6.0657,per_usd
2014-01-02,6.1473,per_usd
2014-01-03,6.1416,per_usd
2014-01-06,6.1712,per_usd
2014-01-07,6.1654,per_usd
2014-01-08,6.196,per_usd
2014-01-09,6.1891,per_usd
2014-01-10,6.1598,per_usd
2014-01-13,6.1202,per_usd
2014-01-14,6.084,per_usd
2014-01-15,6.1274,per_usd
2014-01-16,6.1885,per_usd
2014-01-17,6.1564,per_usd
2014-01-21,6.172,per_usd
2014-01-22,6.1541,per_usd
2014-01-23,6.1012,per_usd
2014-01-24,6.1507,per_usd
2014-01-27,6.1597,per_usd
2014-01-28,6.135,per_usd
2014-01-29,6.1653,per_usd
2014-01-30,6.2437,per_usd
2014-01-31,6.2768,per_usd
2014-02-03,6.2764,per_usd
2014-02-04,6.292,per_usd
2014-02-05,6.2367,per_usd
2014-02-06,6.2079,per_usd
2014-02-07,6.1838,per_usd
2014-02-10,6.1347,per_usd
2014-02-11,6.1183,per_usd
2014-02-12,6.1167,per_usd
2014-02-13,6.1016,per_usd
2014-02-14,6.0822,per_usd
2014-02-18,6.0468,per_usd
2014-02-19,6.0332,per_usd
2014-02-20,6.1159,per_usd
2014-02-21,6.0783,per_usd
2014-02-24,6.0269,per_usd
2014-02-25,6.0314,per_usd
2014-02-26,6.0669,per_usd
2014-02-27,6.0366,per_usd
2014-02-28,5.9938,per_usd
2014-03-03,6.0376,per_usd
2014-03-04,6.0159,per_usd
2014-03-05,5.9868,per_usd
2014-03-06,5.9813,per_usd
2014-03-07,5.9772,per_usd
2014-03-10,5.9642,per_usd
2014-03-11,5.9503,per_usd
2014-03-12,5.954,per_usd
2014-03-13,5.9305,per_usd
2014-03-14,5.9546,per_usd
2014-03-17,5.9459,per_usd
2014-03-18,5.9618,per_usd
2014-03-19,5.9874,per_usd
2014-03-20,6.0596,per_usd
2014-03-21,6.0594,per_usd
2014-03-24,6.0432,per_usd
2014-03-25,6.0489,per_usd
2014-03-26,6.0445,per_usd
2014-03-27,6.0081,per_usd
2014-03-28,6.0057,per_usd
2014-03-31,5.989,per_usd
2014-04-01,5.9847,per_usd
2014-04-02,5.9807,per_usd
2014-04-03,6.0125,per_usd
2014-04-04,5.9966,per_usd
2014-04-07,5.9947,per_usd
2014-04-08,5.9665,per_usd
2014-04-09,5.9503,per_usd
2014-04-10,5.9122,per_usd
2014-04-11,5.9272,per_usd
2014-04-14,5.9606,per_usd
2014-04-15,5.9591,per_usd
2014-04-16,5.9732,per_usd
2014-04-17,5.9813,per_usd
2014-04-18,5.985,per_usd
2014-04-21,6.0066,per_usd
2014-04-22,5.9809,per_usd
2014-04-23,5.9937,per_usd
2014-04-24,6.0001,per_usd
2014-04-25,6.016,per_usd
2014-04-28,6.0034,per_usd
2014-04-29,6.0073,per_usd
2014-04-30,5.9463,per_usd
2014-05-01,5.9438,per_usd
2014-05-02,5.9444,per_usd
2014-05-05,5.9496,per_usd
2014-05-06,5.9183,per_usd
2014-05-07,5.9028,per_usd
2014-05-08,5.8829,per_usd
2014-05-09,5.9084,per_usd
2014-05-12,5.9238,per_usd
2014-05-13,5.9239,per_usd
2014-05-14,5.9203,per_usd
2014-05-15,5.9468,per_usd
2014-05-16,5.9319,per_usd
2014-05-19,5.932,per_usd
2014-05-20,5.9466,per_usd
2014-05-21,5.9564,per_usd
2014-05-22,5.9456,per_usd
2014-05-23,5.959,per_usd
2014-05-27,5.9647,per_usd
2014-05-28,5.974,per_usd
2014-05-29,5.9614,per_usd
2014-05-30,5.9803,per_usd
2014-06-02,5.9934,per_usd
2014-06-03,6.0004,per_usd
2014-06-04,5.9982,per_usd
2014-06-05,5.9944,per_usd
2014-06-06,5.9504,per_usd
2014-06-09,5.971,per_usd
2014-06-10,5.9788,per_usd
2014-06-11,5.9961,per_usd
2014-06-12,5.9903,per_usd
2014-06-13,6.0044,per_usd
2014-06-16,5.9878,per_usd
2014-06-17,5.9962,per_usd
2014-06-18,6.0316,per_usd
2014-06-19,6.1201,per_usd
2014-06-20,6.1295,per_usd
2014-06-23,6.117,per_usd
2014-06-24,6.1204,per_usd
2014-06-25,6.1401,per_usd
2014-06-26,6.1367,per_usd
2014-06-27,6.1301,per_usd
2014-06-30,6.1309,per_usd
2014-07-01,6.1631,per_usd
2014-07-02,6.1702,per_usd
2014-07-03,6.1825,per_usd
2014-07-07,6.1638,per_usd
2014-07-08,6.1829,per_usd
2014-07-09,6.1627,per_usd
2014-07-10,6.1666,per_usd
2014-07-11,6.1794,per_usd
2014-07-14,6.177,per_usd
2014-07-15,6.216,per_usd
2014-07-16,6.1961,per_usd
2014-07-17,6.192,per_usd
2014-07-18,6.1899,per_usd
2014-07-21,6.202,per_usd
2014-07-22,6.1894,per_usd
2014-07-23,6.1966,per_usd
2014-07-24,6.2066,per_usd
2014-07-25,6.2245,per_usd
2014-07-28,6.2221,per_usd
2014-07-29,6.2503,per_usd
2014-07-30,6.2629,per_usd
2014-07-31,6.285,per_usd
2014-08-01,6.2688,per_usd
2014-08-04,6.2721,per_usd
2014-08-05,6.2807,per_usd
2014-08-06,6.2777,per_usd
2014-08-07,6.2451,per_usd
2014-08-08,6.2277,per_usd
2014-08-11,6.1782,per_usd
2014-08-12,6.1733,per_usd
2014-08-13,6.1571,per_usd
2014-08-14,6.1485,per_usd
2014-08-15,6.1469,per_usd
2014-08-18,6.153,per_usd
2014-08-19,6.1601,per_usd
2014-08-20,6.1742,per_usd
2014-08-21,6.149,per_usd
2014-08-22,6.1638,per_usd
2014-08-25,6.1695,per_usd
2014-08-26,6.1713,per_usd
2014-08-27,6.1821,per_usd
2014-08-28,6.181,per_usd
2014-08-29,6.1844,per_usd
2014-09-02,6.2002,per_usd
2014-09-03,6.2274,per_usd
2014-09-04,6.2681,per_usd
2014-09-05,6.2826,per_usd
2014-09-08,6.3123,per_usd
2014-09-09,6.3503,per_usd
2014-09-10,6.3509,per_usd
2014-09-11,6.3753,per_usd
2014-09-12,6.3617,per_usd
2014-09-15,6.3936,per_usd
2014-09-16,6.3941,per_usd
2014-09-17,6.399,per_usd
2014-09-18,6.3247,per_usd
2014-09-19,6.3519,per_usd
2014-09-22,6.3527,per_usd
2014-09-23,6.349,per_usd
2014-09-24,6.3855,per_usd
2014-09-25,6.3998,per_usd
2014-09-26,6.449,per_usd
2014-09-29,6.4371,per_usd
2014-09-30,6.4371,per_usd
2014-10-01,6.4462,per_usd
2014-10-02,6.4496,per_usd
2014-10-03,6.5257,per_usd
2014-10-06,6.4908,per_usd
2014-10-07,6.4795,per_usd
2014-10-08,6.4774,per_usd
2014-10-09,6.4713,per_usd
2014-10-10,6.5162,per_usd
2014-10-14,6.5638,per_usd
2014-10-15,6.5722,per_usd
2014-10-16,6.5706,per_usd
2014-10-17,6.5445,per_usd
2014-10-20,6.5674,per_usd
2014-10-21,6.5677,per_usd
2014-10-22,6.6044,per_usd
2014-10-23,6.5676,per_usd
2014-10-24,6.5952,per_usd
2014-10-27,6.6069,per_usd
2014-10-28,6.6103,per_usd
2014-10-29,6.6419,per_usd
2014-10-30,6.7022,per_usd
2014-10-31,6.7491,per_usd
2014-11-03,6.7854,per_usd
2014-11-04,6.8575,per_usd
2014-11-05,6.8267,per_usd
2014-11-06,6.8531,per_usd
2014-11-07,6.8346,per_usd
2014-11-10,6.8086,per_usd
2014-11-12,6.7766,per_usd
2014-11-13,6.7808,per_usd
2014-11-14,6.7583,per_usd
2014-11-17,6.7882,per_usd
2014-11-18,6.7228,per_usd
2014-11-19,6.7877,per_usd
2014-11-20,6.7641,per_usd
2014-11-21,6.7966,per_usd
2014-11-24,6.7808,per_usd
2014-11-25,6.8133,per_usd
2014-11-26,6.8208,per_usd
2014-11-28,7.0062,per_usd
2014-12-01,6.9254,per_usd
2014-12-02,7.0099,per_usd
2014-12-03,7.0423,per_usd
2014-12-04,7.0372,per_usd
2014-12-05,7.1291,per_usd
2014-12-08,7.1628,per_usd
2014-12-09,7.0938,per_usd
2014-12-10,7.1836,per_usd
2014-12-11,7.2818,per_usd
2014-12-12,7.3418,per_usd
2014-12-15,7.427,per_usd
2014-12-16,7.4611,per_usd
2014-12-17,7.3753,per_usd
2014-12-18,7.3759,per_usd
2014-12-19,7.3588,per_usd
2014-12-22,7.4015,per_usd
2014-12-23,7.427,per_usd
2014-12-24,7.458,per_usd
2014-12-29,7.4246,per_usd
2014-12-30,7.4227,per_usd
2014-12-31,7.4816,per_usd
2015-01-02,7.5682,per_usd
2015-01-05,7.6073,per_usd
2015-01-06,7.6975,per_usd
2015-01-07,7.7123,per_usd
2015-01-08,7.6132,per_usd
2015-01-09,7.669,per_usd
2015-01-12,7.7148,per_usd
2015-01-13,7.743,per_usd
2015-01-14,7.6354,per_usd
2015-01-15,7.6475,per_usd
2015-01-16,7.5998,per_usd
2015-01-20,7.6624,per_usd
2015-01-21,7.6165,per_usd
2015-01-22,7.6497,per_usd
2015-01-23,7.7603,per_usd
2015-01-26,7.7591,per_usd
2015-01-27,7.7193,per_usd
2015-01-28,7.7785,per_usd
2015-01-29,7.8265,per_usd
2015-01-30,7.7498,per_usd
2015-02-02,7.6259,per_usd
2015-02-03,7.5442,per_usd
2015-02-04,7.5493,per_usd
2015-02-05,7.5207,per_usd
2015-02-06,7.5929,per_usd
2015-02-09,7.6154,per_usd
2015-02-10,7.5728,per_usd
2015-02-11,7.653,per_usd
2015-02-12,7.6527,per_usd
2015-02-13,7.568,per_usd
2015-02-17,7.5376,per_usd
2015-02-18,7.5275,per_usd
2015-02-19,7.5737,per_usd
2015-02-20,7.5256,per_usd
2015-02-23,7.6068,per_usd
2015-02-24,7.6145,per_usd
2015-02-25,7.554,per_usd
2015-02-26,7.6402,per_usd
2015-02-27,7.6619,per_usd
2015-03-02,7.6959,per_usd
2015-03-03,7.6924,per_usd
2015-03-04,7.8102,per_usd
2015-03-05,7.7416,per_usd
2015-03-06,7.8978,per_usd
2015-03-09,7.9361,per_usd
2015-03-10,8.0967,per_usd
2015-03-11,8.1874,per_usd
2015-03-12,8.1054,per_usd
2015-03-13,8.1922,per_usd
2015-03-16,8.2575,per_usd
2015-03-17,8.292,per_usd
2015-03-18,8.3524,per_usd
2015-03-19,8.092,per_usd
2015-03-20,8.0431,per_usd
2015-03-23,7.8837,per_usd
2015-03-24,7.865,per_usd
2015-03-25,7.8314,per_usd
2015-03-26,7.8802,per_usd
2015-03-27,7.9595,per_usd
2015-03-30,8.0301,per_usd
2015-03-31,8.0513,per_usd
2015-04-01,8.007,per_usd
2015-04-02,7.9831,per_usd
2015-04-03,7.9191,per_usd
2015-04-06,7.9026,per_usd
2015-04-07,8.0654,per_usd
2015-04-08,8.0359,per_usd
2015-04-09,8.1059,per_usd
2015-04-10,8.1127,per_usd
2015-04-13,8.0943,per_usd
2015-04-14,7.9347,per_usd
2015-04-15,7.8993,per_usd
2015-04-16,7.7677,per_usd
2015-04-17,7.8368,per_usd
2015-04-20,7.8586,per_usd
2015-04-21,7.8395,per_usd
2015-04-22,7.9045,per_usd
2015-04-23,7.8484,per_usd
2015-04-24,7.777,per_usd
2015-04-27,7.7167,per_usd
2015-04-28,7.6529,per_usd
2015-04-29,7.4722,per_usd
2015-04-30,7.568,per_usd
2015-05-01,7.6248,per_usd
2015-05-04,7.5801,per_usd
2015-05-05,7.5859,per_usd
2015-05-06,7.4202,per_usd
2015-05-07,7.4559,per_usd
2015-05-08,7.4502,per_usd
2015-05-11,7.5605,per_usd
2015-05-12,7.472,per_usd
2015-05-13,7.3597,per_usd
2015-05-14,7.3829,per_usd
2015-05-15,7.3113,per_usd
2015-05-18,7.3808,per_usd
2015-05-19,7.5117,per_usd
2015-05-20,7.587,per_usd
2015-05-21,7.547,per_usd
2015-05-22,7.629,per_usd
2015-05-26,7.7518,per_usd
2015-05-27,7.7634,per_usd
2015-05-28,7.8466,per_usd
2015-05-29,7.7845,per_usd
2015-06-01,7.9633,per_usd
2015-06-02,7.8547,per_usd
2015-06-03,7.7207,per_usd
2015-06-04,7.7435,per_usd
2015-06-05,7.9611,per_usd
2015-06-08,7.8678,per_usd
2015-06-09,7.7673,per_usd
2015-06-10,7.7619,per_usd
2015-06-11,7.8584,per_usd
2015-06-12,7.7208,per_usd
2015-06-15,7.7691,per_usd
2015-06-16,7.7743,per_usd
2015-06-17,7.7211,per_usd
2015-06-18,7.7561,per_usd
2015-06-19,7.7871,per_usd
2015-06-22,7.7179,per_usd
2015-06-23,7.824,per_usd
2015-06-24,7.8748,per_usd
2015-06-25,7.8175,per_usd
2015-06-26,7.8377,per_usd
2015-06-29,7.8883,per_usd
2015-06-30,7.8574,per_usd
2015-07-01,7.8909,per_usd
2015-07-02,7.9616,per_usd
2015-07-06,8.0604,per_usd
2015-07-07,8.2154,per_usd
2015-07-08,8.2541,per_usd
2015-07-09,8.1315,per_usd
2015-07-10,8.0023,per_usd
2015-07-13,8.0721,per_usd
2015-07-14,8.1198,per_usd
2015-07-15,8.1445,per_usd
2015-07-16,8.1304,per_usd
2015-07-17,8.1869,per_usd
2015-07-20,8.2207,per_usd
2015-07-21,8.1136,per_usd
2015-07-22,8.1728,per_usd
2015-07-23,8.185,per_usd
2015-07-24,8.1839,per_usd
2015-07-27,8.1369,per_usd
2015-07-28,8.1553,per_usd
2015-07-29,8.1313,per_usd
2015-07-30,8.1557,per_usd
2015-07-31,8.1366,per_usd
2015-08-03,8.237,per_usd
2015-08-04,8.2384,per_usd
2015-08-05,8.2812,per_usd
2015-08-06,8.2804,per_usd
2015-08-07,8.2658,per_usd
2015-08-10,8.2121,per_usd
2015-08-11,8.2721,per_usd
2015-08-12,8.1323,per_usd
2015-08-13,8.2118,per_usd
2015-08-14,8.2289,per_usd
2015-08-17,8.1896,per_usd
2015-08-18,8.2802,per_usd
2015-08-19,8.3486,per_usd
2015-08-20,8.2199,per_usd
2015-08-21,8.203,per_usd
2015-08-24,8.199,per_usd
2015-08-25,8.2626,per_usd
2015-08-26,8.3497,per_usd
2015-08-27,8.2981,per_usd
2015-08-28,8.2678,per_usd
2015-08-31,8.3223,per_usd
2015-09-01,8.283,per_usd
2015-09-02,8.2556,per_usd
2015-09-03,8.2742,per_usd
2015-09-04,8.3138,per_usd
2015-09-08,8.2278,per_usd
2015-09-09,8.216,per_usd
2015-09-10,8.1859,per_usd
2015-09-11,8.1591,per_usd
2015-09-14,8.1914,per_usd
2015-09-15,8.1913,per_usd
2015-09-16,8.1204,per_usd
2015-09-17,8.1604,per_usd
2015-09-18,8.1221,per_usd
2015-09-21,8.1982,per_usd
2015-09-22,8.288,per_usd
2015-09-23,8.2841,per_usd
2015-09-24,8.4628,per_usd
2015-09-25,8.5154,per_usd
2015-09-28,8.535,per_usd
2015-09-29,8.4642,per_usd
2015-09-30,8.5259,per_usd
2015-10-01,8.4364,per_usd
2015-10-02,8.3319,per_usd
2015-10-05,8.4044,per_usd
2015-10-06,8.2927,per_usd
2015-10-07,8.2099,per_usd
2015-10-08,8.1419,per_usd
2015-10-09,8.0783,per_usd
2015-10-13,8.1299,per_usd
2015-10-14,8.0997,per_usd
2015-10-15,8.1041,per_usd
2015-10-16,8.099,per_usd
2015-10-19,8.1211,per_usd
2015-10-20,8.1136,per_usd
2015-10-21,8.1741,per_usd
2015-10-22,8.2819,per_usd
2015-10-23,8.3982,per_usd
2015-10-26,8.3314,per_usd
2015-10-27,8.4384,per_usd
2015-10-28,8.448,per_usd
2015-10-29,8.5706,per_usd
2015-10-30,8.4643,per_usd
2015-11-02,8.4759,per_usd
2015-11-03,8.5199,per_usd
2015-11-04,8.6318,per_usd
2015-11-05,8.557,per_usd
2015-11-06,8.652,per_usd
2015-11-09,8.6491,per_usd
2015-11-10,8.651,per_usd
2015-11-12,8.6878,per_usd
2015-11-13,8.7066,per_usd
2015-11-16,8.6829,per_usd
2015-11-17,8.6823,per_usd
2015-11-18,8.7105,per_usd
2015-11-19,8.5877,per_usd
2015-11-20,8.6196,per_usd
2015-11-23,8.664,per_usd
2015-11-24,8.6468,per_usd
2015-11-25,8.6489,per_usd
2015-11-27,8.6917,per_usd
2015-11-30,8.6838,per_usd
2015-12-01,8.6434,per_usd
2015-12-02,8.6591,per_usd
2015-12-03,8.4994,per_usd
2015-12-04,8.5194,per_usd
2015-12-07,8.6566,per_usd
2015-12-08,8.7939,per_usd
2015-12-09,8.7036,per_usd
2015-12-10,8.6285,per_usd
2015-12-11,8.6778,per_usd
2015-12-14,8.6619,per_usd
2015-12-15,8.7022,per_usd
2015-12-16,8.7458,per_usd
2015-12-17,8.7615,per_usd
2015-12-18,8.7488,per_usd
2015-12-21,8.7639,per_usd
2015-12-22,8.697,per_usd
2015-12-23,8.7346,per_usd
2015-12-24,8.6763,per_usd
2015-12-28,8.6758,per_usd
2015-12-29,8.7186,per_usd
2015-12-30,8.8137,per_usd
2015-12-31,8.8542,per_usd
2016-01-04,8.9246,per_usd
2016-01-05,8.9165,per_usd
2016-01-06,8.9668,per_usd
2016-01-07,8.919,per_usd
2016-01-08,8.9045,per_usd
2016-01-11,8.9399,per_usd
2016-01-12,8.9039,per_usd
2016-01-13,8.8019,per_usd
2016-01-14,8.7635,per_usd
2016-01-15,8.8195,per_usd
2016-01-19,8.7946,per_usd
2016-01-20,8.898,per_usd
2016-01-21,8.8153,per_usd
2016-01-22,8.759,per_usd
2016-01-25,8.7447,per_usd
2016-01-26,8.6972,per_usd
2016-01-27,8.6589,per_usd
2016-01-28,8.6332,per_usd
2016-01-29,8.7071,per_usd
2016-02-01,8.7104,per_usd
2016-02-02,8.7184,per_usd
2016-02-03,8.6074,per_usd
2016-02-04,8.482,per_usd
2016-02-05,8.6002,per_usd
2016-02-08,8.5956,per_usd
2016-02-09,8.5929,per_usd
2016-02-10,8.5613,per_usd
2016-02-11,8.5465,per_usd
2016-02-12,8.5917,per_usd
2016-02-16,8.6203,per_usd
2016-02-17,8.5696,per_usd
2016-02-18,8.5961,per_usd
2016-02-19,8.5654,per_usd
2016-02-22,8.5997,per_usd
2016-02-23,8.5984,per_usd
2016-02-24,8.6713,per_usd
2016-02-25,8.6532,per_usd
2016-02-26,8.6826,per_usd
2016-02-29,8.6919,per_usd
2016-03-01,8.6574,per_usd
2016-03-02,8.7023,per_usd
2016-03-03,8.5932,per_usd
2016-03-04,8.5072,per_usd
2016-03-07,8.4984,per_usd
2016-03-08,8.5397,per_usd
2016-03-09,8.5066,per_usd
2016-03-10,8.5309,per_usd
2016-03-11,8.3974,per_usd
2016-03-14,8.471,per_usd
2016-03-15,8.5487,per_usd
2016-03-16,8.5798,per_usd
2016-03-17,8.3467,per_usd
2016-03-18,8.3382,per_usd
2016-03-21,8.3938,per_usd
2016-03-22,8.4002,per_usd
2016-03-23,8.4854,per_usd
2016-03-24,8.4995,per_usd
2016-03-25,8.4853,per_usd
2016-03-28,8.4195,per_usd
2016-03-29,8.4597,per_usd
2016-03-30,8.3215,per_usd
2016-03-31,8.252,per_usd
2016-04-01,8.3127,per_usd
2016-04-04,8.3098,per_usd
2016-04-05,8.3486,per_usd
2016-04-06,8.2844,per_usd
2016-04-07,8.3254,per_usd
2016-04-08,8.223,per_usd
2016-04-11,8.1972,per_usd
2016-04-12,8.1703,per_usd
2016-04-13,8.2299,per_usd
2016-04-14,8.2241,per_usd
2016-04-15,8.2278,per_usd
2016-04-18,8.2129,per_usd
2016-04-19,8.1119,per_usd
2016-04-20,8.105,per_usd
2016-04-21,8.1741,per_usd
2016-04-22,8.217,per_usd
2016-04-25,8.1893,per_usd
2016-04-26,8.136,per_usd
2016-04-27,8.1573,per_usd
2016-04-28,8.1507,per_usd
2016-04-29,8.0643,per_usd
2016-05-02,8.0361,per_usd
2016-05-03,8.0891,per_usd
2016-05-04,8.1466,per_usd
2016-05-05,8.1613,per_usd
2016-05-06,8.1868,per_usd
2016-05-09,8.2147,per_usd
2016-05-10,8.2055,per_usd
2016-05-11,8.1339,per_usd
2016-05-12,8.1522,per_usd
2016-05-13,8.2157,per_usd
2016-05-16,8.1476,per_usd
2016-05-17,8.1578,per_usd
2016-05-18,8.2253,per_usd
2016-05-19,8.3497,per_usd
2016-05-20,8.3272,per_usd
2016-05-23,8.365,per_usd
2016-05-24,8.3515,per_usd
2016-05-25,8.3389,per_usd
2016-05-26,8.2705,per_usd
2016-05-27,8.3221,per_usd
2016-05-31,8.3678,per_usd
2016-06-01,8.3099,per_usd
2016-06-02,8.3355,per_usd
2016-06-03,8.2017,per_usd
2016-06-06,8.1761,per_usd
2016-06-07,8.1332,per_usd
2016-06-08,8.1101,per_usd
2016-06-09,8.1486,per_usd
2016-06-10,8.2325,per_usd
2016-06-13,8.2787,per_usd
2016-06-14,8.3513,per_usd
2016-06-15,8.313,per_usd
2016-06-16,8.4505,per_usd
2016-06-17,8.3841,per_usd
2016-06-20,8.2614,per_usd
2016-06-21,8.3092,per_usd
2016-06-22,8.2902,per_usd
2016-06-23,8.1661,per_usd
2016-06-24,8.4412,per_usd
2016-06-27,8.5699,per_usd
2016-06-28,8.5082,per_usd
2016-06-29,8.3763,per_usd
2016-06-30,8.3931,per_usd
2016-07-01,8.3279,per_usd
2016-07-05,8.4065,per_usd
2016-07-06,8.4724,per_usd
2016-07-07,8.494,per_usd
2016-07-08,8.5421,per_usd
2016-07-11,8.499,per_usd
2016-07-12,8.4157,per_usd
2016-07-13,8.4159,per_usd
2016-07-14,8.3653,per_usd
2016-07-15,8.452,per_usd
2016-07-18,8.4489,per_usd
2016-07-19,8.5075,per_usd
2016-07-20,8.4929,per_usd
2016-07-21,8.4697,per_usd
2016-07-22,8.5524,per_usd
2016-07-25,8.5847,per_usd
2016-07-26,8.5798,per_usd
2016-07-27,8.591,per_usd
2016-07-28,8.5468,per_usd
2016-07-29,8.425,per_usd
2016-08-01,8.475,per_usd
2016-08-02,8.4295,per_usd
2016-08-03,8.4277,per_usd
2016-08-04,8.4283,per_usd
2016-08-05,8.4981,per_usd
2016-08-08,8.4772,per_usd
2016-08-09,8.3952,per_usd
2016-08-10,8.2804,per_usd
2016-08-11,8.2219,per_usd
2016-08-12,8.1874,per_usd
2016-08-15,8.2086,per_usd
2016-08-16,8.194,per_usd
2016-08-17,8.2419,per_usd
2016-08-18,8.1562,per_usd
2016-08-19,8.2137,per_usd
2016-08-22,8.2256,per_usd
2016-08-23,8.211,per_usd
2016-08-24,8.2249,per_usd
2016-08-25,8.2223,per_usd
2016-08-26,8.2343,per_usd
2016-08-29,8.2881,per_usd
2016-08-30,8.3362,per_usd
2016-08-31,8.3438,per_usd
2016-09-01,8.3256,per_usd
2016-09-02,8.3206,per_usd
2016-09-06,8.1862,per_usd
2016-09-07,8.1839,per_usd
2016-09-08,8.1934,per_usd
2016-09-09,8.2573,per_usd
2016-09-12,8.2301,per_usd
2016-09-13,8.2491,per_usd
2016-09-14,8.2232,per_usd
2016-09-15,8.2309,per_usd
2016-09-16,8.302,per_usd
2016-09-19,8.2822,per_usd
2016-09-20,8.2961,per_usd
2016-09-21,8.2941,per_usd
2016-09-22,8.107,per_usd
2016-09-23,8.1099,per_usd
2016-09-26,8.0889,per_usd
2016-09-27,8.1532,per_usd
2016-09-28,8.0828,per_usd
2016-09-29,8.004,per_usd
2016-09-30,7.9897,per_usd
2016-10-03,7.9725,per_usd
2016-10-04,7.9934,per_usd
2016-10-05,8.0317,per_usd
2016-10-06,8.0431,per_usd
2016-10-07,8.1198,per_usd
2016-10-11,8.1872,per_usd
2016-10-12,8.229,per_usd
2016-10-13,8.187,per_usd
2016-10-14,8.2257,per_usd
2016-10-17,8.182,per_usd
2016-10-18,8.1468,per_usd
2016-10-19,8.1423,per_usd
2016-10-20,8.1841,per_usd
2016-10-21,8.2636,per_usd
2016-10-24,8.2463,per_usd
2016-10-25,8.2593,per_usd
2016-10-26,8.262,per_usd
2016-10-27,8.2536,per_usd
2016-10-28,8.2647,per_usd
2016-10-31,8.2501,per_usd
2016-11-01,8.1986,per_usd
2016-11-02,8.1826,per_usd
2016-11-03,8.166,per_usd
2016-11-04,8.1751,per_usd
2016-11-07,8.2355,per_usd
2016-11-08,8.2277,per_usd
2016-11-09,8.2885,per_usd
2016-11-10,8.3883,per_usd
2016-11-14,8.4973,per_usd
2016-11-15,8.4359,per_usd
2016-11-16,8.4915,per_usd
2016-11-17,8.5061,per_usd
2016-11-18,8.585,per_usd
2016-11-21,8.563,per_usd
2016-11-22,8.5354,per_usd
2016-11-23,8.6025,per_usd
2016-11-25,8.5757,per_usd
2016-11-28,8.5702,per_usd
2016-11-29,8.546,per_usd
2016-11-30,8.5223,per_usd
2016-12-01,8.4446,per_usd
2016-12-02,8.4152,per_usd
2016-12-05,8.3801,per_usd
2016-12-06,8.3907,per_usd
2016-12-07,8.3641,per_usd
2016-12-08,8.4326,per_usd
2016-12-09,8.5199,per_usd
2016-12-12,8.4506,per_usd
2016-12-13,8.4178,per_usd
2016-12-14,8.4628,per_usd
2016-12-15,8.6916,per_usd
2016-12-16,8.6706,per_usd
2016-12-19,8.6555,per_usd
2016-12-20,8.6995,per_usd
2016-12-21,8.6671,per_usd
2016-12-22,8.7014,per_usd
2016-12-23,8.7043,per_usd
2016-12-27,8.7092,per_usd
2016-12-28,8.7485,per_usd
2016-12-29,8.6598,per_usd
2016-12-30,8.6107,per_usd
2017-01-03,8.6489,per_usd
2017-01-04,8.5925,per_usd
2017-01-05,8.4944,per_usd
2017-01-06,8.5193,per_usd
2017-01-09,8.5454,per_usd
2017-01-10,8.5949,per_usd
2017-01-11,8.624,per_usd
2017-01-12,8.4988,per_usd
2017-01-13,8.506,per_usd
2017-01-17,8.4667,per_usd
2017-01-18,8.4536,per_usd
2017-01-19,8.4648,per_usd
2017-01-23,8.3693,per_usd
2017-01-24,8.3274,per_usd
2017-01-25,8.3213,per_usd
2017-01-26,8.3583,per_usd
2017-01-27,8.3346,per_usd
2017-01-30,8.3181,per_usd
2017-01-31,8.2444,per_usd
2017-02-01,8.2492,per_usd
2017-02-02,8.2157,per_usd
2017-02-03,8.2061,per_usd
2017-02-06,8.2552,per_usd
2017-02-07,8.3121,per_usd
2017-02-08,8.3037,per_usd
2017-02-09,8.338,per_usd
2017-02-10,8.3656,per_usd
2017-02-13,8.3858,per_usd
2017-02-14,8.4049,per_usd
2017-02-15,8.3425,per_usd
2017-02-16,8.2965,per_usd
2017-02-17,8.3382,per_usd
2017-02-21,8.3553,per_usd
2017-02-22,8.3638,per_usd
2017-02-23,8.3317,per_usd
2017-02-24,8.3375,per_usd
2017-02-27,8.34,per_usd
2017-02-28,8.3667,per_usd
2017-03-01,8.3996,per_usd
2017-03-02,8.4667,per_usd
2017-03-03,8.4754,per_usd
2017-03-06,8.4835,per_usd
2017-03-07,8.4489,per_usd
2017-03-08,8.5094,per_usd
2017-03-09,8.5684,per_usd
2017-03-10,8.6034,per_usd
2017-03-13,8.5456,per_usd
2017-03-14,8.5977,per_usd
2017-03-15,8.5983,per_usd
2017-03-16,8.517,per_usd
2017-03-17,8.4633,per_usd
2017-03-20,8.4648,per_usd
2017-03-21,8.4609,per_usd
2017-03-22,8.4659,per_usd
2017-03-23,8.4811,per_usd
2017-03-24,8.4926,per_usd
2017-03-27,8.4662,per_usd
2017-03-28,8.4915,per_usd
2017-03-29,8.5214,per_usd
2017-03-30,8.5484,per_usd
2017-03-31,8.5756,per_usd
2017-04-03,8.5918,per_usd
2017-04-04,8.5918,per_usd
2017-04-05,8.5984,per_usd
2017-04-06,8.6163,per_usd
2017-04-07,8.6268,per_usd
2017-04-10,8.6175,per_usd
2017-04-11,8.5961,per_usd
2017-04-12,8.5817,per_usd
2017-04-13,8.5506,per_usd
2017-04-14,8.5741,per_usd
2017-04-17,8.5355,per_usd
2017-04-18,8.5192,per_usd
2017-04-19,8.5757,per_usd
2017-04-20,8.5861,per_usd
2017-04-21,8.6779,per_usd
2017-04-24,8.5628,per_usd
2017-04-25,8.5518,per_usd
2017-04-26,8.5902,per_usd
2017-04-27,8.5935,per_usd
2017-04-28,8.5726,per_usd
2017-05-01,8.5838,per_usd
2017-05-02,8.5941,per_usd
2017-05-03,8.6191,per_usd
2017-05-04,8.6774,per_usd
2017-05-05,8.6022,per_usd
2017-05-08,8.6445,per_usd
2017-05-09,8.6802,per_usd
2017-05-10,8.608,per_usd
2017-05-11,8.5924,per_usd
2017-05-12,8.5713,per_usd
2017-05-15,8.5416,per_usd
2017-05-16,8.4664,per_usd
2017-05-17,8.3977,per_usd
2017-05-18,8.4431,per_usd
2017-05-19,8.3866,per_usd
2017-05-22,8.3464,per_usd
2017-05-23,8.3694,per_usd
2017-05-24,8.3928,per_usd
2017-05-25,8.3531,per_usd
2017-05-26,8.3935,per_usd
2017-05-30,8.4304,per_usd
2017-05-31,8.4361,per_usd
2017-06-01,8.4392,per_usd
2017-06-02,8.4237,per_usd
2017-06-05,8.4585,per_usd
2017-06-06,8.4671,per_usd
2017-06-07,8.4912,per_usd
2017-06-08,8.485,per_usd
2017-06-09,8.4968,per_usd
2017-06-12,8.4655,per_usd
2017-06-13,8.435,per_usd
2017-06-14,8.3662,per_usd
2017-06-15,8.5007,per_usd
2017-06-16,8.4555,per_usd
2017-06-19,8.478,per_usd
2017-06-20,8.5613,per_usd
2017-06-21,8.5336,per_usd
2017-06-22,8.4952,per_usd
2017-06-23,8.4471,per_usd
2017-06-26,8.4667,per_usd
2017-06-27,8.4107,per_usd
2017-06-28,8.4498,per_usd
2017-06-29,8.4024,per_usd
2017-06-30,8.3781,per_usd
2017-07-03,8.3647,per_usd
2017-07-05,8.4027,per_usd
2017-07-06,8.3543,per_usd
2017-07-07,8.3713,per_usd
2017-07-10,8.3304,per_usd
2017-07-11,8.3265,per_usd
2017-07-12,8.2812,per_usd
2017-07-13,8.2682,per_usd
2017-07-14,8.1977,per_usd
2017-07-17,8.1513,per_usd
2017-07-18,8.0632,per_usd
2017-07-19,8.0645,per_usd
2017-07-20,8.0243,per_usd
2017-07-21,8.0279,per_usd
2017-07-24,8.0136,per_usd
2017-07-25,7.9765,per_usd
2017-07-26,7.9595,per_usd
2017-07-27,7.9578,per_usd
2017-07-28,7.9174,per_usd
2017-07-31,7.8922,per_usd
2017-08-01,7.9235,per_usd
2017-08-02,7.8677,per_usd
2017-08-03,7.8803,per_usd
2017-08-04,7.955,per_usd
2017-08-07,7.9453,per_usd
2017-08-08,7.9578,per_usd
2017-08-09,7.9602,per_usd
2017-08-10,7.9446,per_usd
2017-08-11,7.9482,per_usd
2017-08-14,7.937,per_usd
2017-08-15,7.9603,per_usd
2017-08-16,7.953,per_usd
2017-08-17,7.9504,per_usd
2017-08-18,7.9074,per_usd
2017-08-21,7.8975,per_usd
2017-08-22,7.9137,per_usd
2017-08-23,7.8776,per_usd
2017-08-24,7.8415,per_usd
2017-08-25,7.7775,per_usd
2017-08-28,7.7583,per_usd
2017-08-29,7.7233,per_usd
2017-08-30,7.7834,per_usd
2017-08-31,7.7723,per_usd
2017-09-01,7.7916,per_usd
2017-09-05,7.7775,per_usd
2017-09-06,7.7713,per_usd
2017-09-07,7.7479,per_usd
2017-09-08,7.7414,per_usd
2017-09-11,7.8436,per_usd
2017-09-12,7.8267,per_usd
2017-09-13,7.8898,per_usd
2017-09-14,7.8986,per_usd
2017-09-15,7.8427,per_usd
2017-09-18,7.8294,per_usd
2017-09-19,7.8067,per_usd
2017-09-20,7.8066,per_usd
2017-09-21,7.8006,per_usd
2017-09-22,7.7833,per_usd
2017-09-25,7.8325,per_usd
2017-09-26,7.9091,per_usd
2017-09-27,7.9495,per_usd
2017-09-28,7.953,per_usd
2017-09-29,7.9629,per_usd
2017-10-02,7.999,per_usd
2017-10-03,7.9695,per_usd
2017-10-04,7.9419,per_usd
2017-10-05,7.9948,per_usd
2017-10-06,8.0051,per_usd
2017-10-10,7.939,per_usd
2017-10-11,7.9212,per_usd
2017-10-12,7.8928,per_usd
2017-10-13,7.8789,per_usd
2017-10-16,7.8818,per_usd
2017-10-17,7.9507,per_usd
2017-10-18,7.9675,per_usd
2017-10-19,7.9498,per_usd
2017-10-20,7.9941,per_usd
2017-10-23,7.9849,per_usd
2017-10-24,7.9927,per_usd
2017-10-25,8.0304,per_usd
2017-10-26,8.1356,per_usd
2017-10-27,8.1811,per_usd
2017-10-30,8.1623,per_usd
2017-10-31,8.1634,per_usd
2017-11-01,8.1596,per_usd
2017-11-02,8.1392,per_usd
2017-11-03,8.1796,per_usd
2017-11-06,8.1482,per_usd
2017-11-07,8.182,per_usd
2017-11-08,8.167,per_usd
2017-11-09,8.129,per_usd
2017-11-13,8.1774,per_usd
2017-11-14,8.2016,per_usd
2017-11-15,8.2538,per_usd
2017-11-16,8.2095,per_usd
2017-11-17,8.2431,per_usd
2017-11-20,8.2813,per_usd
2017-11-21,8.2128,per_usd
2017-11-22,8.1866,per_usd
2017-11-24,8.1288,per_usd
2017-11-27,8.147,per_usd
2017-11-28,8.219,per_usd
2017-11-29,8.2328,per_usd
2017-11-30,8.2929,per_usd
2017-12-01,8.2777,per_usd
2017-12-04,8.3306,per_usd
2017-12-05,8.2819,per_usd
2017-12-06,8.2801,per_usd
2017-12-07,8.2961,per_usd
2017-12-08,8.3082,per_usd
2017-12-11,8.3625,per_usd
2017-12-12,8.3675,per_usd
2017-12-13,8.3761,per_usd
2017-12-14,8.2876,per_usd
2017-12-15,8.3751,per_usd
2017-12-18,8.3358,per_usd
2017-12-19,8.3733,per_usd
2017-12-20,8.3807,per_usd
2017-12-21,8.3773,per_usd
2017-12-22,8.3387,per_usd
2017-12-26,8.3148,per_usd
2017-12-27,8.272,per_usd
2017-12-28,8.2381,per_usd
2017-12-29,8.1819,per_usd
2018-01-02,8.1304,per_usd
2018-01-03,8.11,per_usd
2018-01-04,8.0731,per_usd
2018-01-05,8.048,per_usd
2018-01-08,8.0712,per_usd
2018-01-09,8.1147,per_usd
2018-01-10,8.0718,per_usd
2018-01-11,8.0135,per_usd
2018-01-12,7.9561,per_usd
2018-01-16,7.8682,per_usd
2018-01-17,7.8536,per_usd
2018-01-18,7.8285,per_usd
2018-01-19,7.8528,per_usd
2018-01-22,7.8748,per_usd
2018-01-23,7.8416,per_usd
2018-01-24,7.7679,per_usd
2018-01-25,7.6678,per_usd
2018-01-26,7.6863,per_usd
2018-01-29,7.727,per_usd
2018-01-30,7.7218,per_usd
2018-01-31,7.7019,per_usd
2018-02-01,7.6671,per_usd
2018-02-02,7.7396,per_usd
2018-02-05,7.7832,per_usd
2018-02-06,7.8253,per_usd
2018-02-07,7.8744,per_usd
2018-02-08,7.9252,per_usd
2018-02-09,7.9867,per_usd
2018-02-12,7.9236,per_usd
2018-02-13,7.8792,per_usd
2018-02-14,7.8429,per_usd
2018-02-15,7.7926,per_usd
2018-02-16,7.7556,per_usd
2018-02-20,7.8331,per_usd
2018-02-21,7.8338,per_usd
2018-02-22,7.8656,per_usd
2018-02-23,7.8415,per_usd
2018-02-26,7.8328,per_usd
2018-02-27,7.8669,per_usd
2018-02-28,7.8798,per_usd
2018-03-01,7.8612,per_usd
2018-03-02,7.8037,per_usd
2018-03-05,7.8249,per_usd
2018-03-06,7.7782,per_usd
2018-03-07,7.818,per_usd
2018-03-08,7.8409,per_usd
2018-03-09,7.7702,per_usd
2018-03-12,7.7555,per_usd
2018-03-13,7.7226,per_usd
2018-03-14,7.737,per_usd
2018-03-15,7.7064,per_usd
2018-03-16,7.7155,per_usd
2018-03-19,7.7293,per_usd
2018-03-20,7.7296,per_usd
2018-03-21,7.7401,per_usd
2018-03-22,7.752,per_usd
2018-03-23,7.7462,per_usd
2018-03-26,7.6858,per_usd
2018-03-27,7.6896,per_usd
2018-03-28,7.8342,per_usd
2018-03-29,7.8511,per_usd
2018-03-30,7.8518,per_usd
2018-04-02,7.8859,per_usd
2018-04-03,7.8586,per_usd
2018-04-04,7.8259,per_usd
2018-04-05,7.8396,per_usd
2018-04-06,7.8281,per_usd
2018-04-09,7.7777,per_usd
2018-04-10,7.8101,per_usd
2018-04-11,7.759,per_usd
2018-04-12,7.7812,per_usd
2018-04-13,7.7621,per_usd
2018-04-16,7.784,per_usd
2018-04-17,7.7765,per_usd
2018-04-18,7.7536,per_usd
2018-04-19,7.7874,per_usd
2018-04-20,7.8223,per_usd
2018-04-23,7.8777,per_usd
2018-04-24,7.8998,per_usd
2018-04-25,7.9701,per_usd
2018-04-26,7.9941,per_usd
2018-04-27,7.9714,per_usd
2018-04-30,8.0232,per_usd
2018-05-01,8.0834,per_usd
2018-05-02,8.115,per_usd
2018-05-03,8.0621,per_usd
2018-05-04,8.0575,per_usd
2018-05-07,8.0474,per_usd
2018-05-08,8.1388,per_usd
2018-05-09,8.0832,per_usd
2018-05-10,8.0206,per_usd
2018-05-11,7.9948,per_usd
2018-05-14,7.9914,per_usd
2018-05-15,8.0953,per_usd
2018-05-16,8.0946,per_usd
2018-05-17,8.1234,per_usd
2018-05-18,8.1132,per_usd
2018-05-21,8.0722,per_usd
2018-05-22,8.0358,per_usd
2018-05-23,8.1085,per_usd
2018-05-24,8.0859,per_usd
2018-05-25,8.1478,per_usd
2018-05-29,8.2907,per_usd
2018-05-30,8.173,per_usd
2018-05-31,8.1849,per_usd
2018-06-01,8.1646,per_usd
2018-06-04,8.1147,per_usd
2018-06-05,8.1344,per_usd
2018-06-06,8.0772,per_usd
2018-06-07,8.0419,per_usd
2018-06-08,8.0574,per_usd
2018-06-11,8.0283,per_usd
2018-06-12,8.013,per_usd
2018-06-13,8.0076,per_usd
2018-06-14,8.0944,per_usd
2018-06-15,8.1373,per_usd
2018-06-18,8.1441,per_usd
2018-06-19,8.1891,per_usd
2018-06-20,8.1488,per_usd
2018-06-21,8.1367,per_usd
2018-06-22,8.1108,per_usd
2018-06-25,8.1182,per_usd
2018-06-26,8.1089,per_usd
2018-06-27,8.1544,per_usd
2018-06-28,8.1895,per_usd
2018-06-29,8.1478,per_usd
2018-07-02,8.1896,per_usd
2018-07-03,8.1355,per_usd
2018-07-05,8.0501,per_usd
2018-07-06,8.0302,per_usd
2018-07-09,8.0155,per_usd
2018-07-10,8.0322,per_usd
2018-07-11,8.059,per_usd
2018-07-12,8.0925,per_usd
2018-07-13,8.1298,per_usd
2018-07-16,8.1021,per_usd
2018-07-17,8.134,per_usd
2018-07-18,8.1738,per_usd
2018-07-19,8.2566,per_usd
2018-07-20,8.1888,per_usd
2018-07-23,8.181,per_usd
2018-07-24,8.1752,per_usd
2018-07-25,8.168,per_usd
2018-07-26,8.1693,per_usd
2018-07-27,8.1807,per_usd
2018-07-30,8.1337,per_usd
2018-07-31,8.1466,per_usd
2018-08-01,8.174,per_usd
2018-08-02,8.2235,per_usd
2018-08-03,8.2361,per_usd
2018-08-06,8.236,per_usd
2018-08-07,8.1943,per_usd
2018-08-08,8.2315,per_usd
2018-08-09,8.2848,per_usd
2018-08-10,8.3682,per_usd
2018-08-13,8.3835,per_usd
2018-08-14,8.3991,per_usd
2018-08-15,8.4749,per_usd
2018-08-16,8.4592,per_usd
2018-08-17,8.4691,per_usd
2018-08-20,8.4706,per_usd
2018-08-21,8.4242,per_usd
2018-08-22,8.3493,per_usd
2018-08-23,8.369,per_usd
2018-08-24,8.3299,per_usd
2018-08-27,8.3195,per_usd
2018-08-28,8.3326,per_usd
2018-08-29,8.3436,per_usd
2018-08-30,8.3546,per_usd
2018-08-31,8.3872,per_usd
2018-09-04,8.4102,per_usd
2018-09-05,8.4096,per_usd
2018-09-06,8.4094,per_usd
2018-09-07,8.4381,per_usd
2018-09-10,8.377,per_usd
2018-09-11,8.3778,per_usd
2018-09-12,8.3454,per_usd
2018-09-13,8.2557,per_usd
2018-09-14,8.235,per_usd
2018-09-17,8.173,per_usd
2018-09-18,8.1463,per_usd
2018-09-19,8.1503,per_usd
2018-09-20,8.1666,per_usd
2018-09-21,8.156,per_usd
2018-09-24,8.1304,per_usd
2018-09-25,8.1263,per_usd
2018-09-26,8.1049,per_usd
2018-09-27,8.137,per_usd
2018-09-28,8.1327,per_usd
2018-10-01,8.1595,per_usd
2018-10-02,8.1637,per_usd
2018-10-03,8.2007,per_usd
2018-10-04,8.2436,per_usd
2018-10-05,8.2755,per_usd
2018-10-09,8.2795,per_usd
2018-10-10,8.2035,per_usd
2018-10-11,8.2262,per_usd
2018-10-12,8.1769,per_usd
2018-10-15,8.1481,per_usd
2018-10-16,8.1288,per_usd
2018-10-17,8.1903,per_usd
2018-10-18,8.2469,per_usd
2018-10-19,8.2169,per_usd
2018-10-22,8.2558,per_usd
2018-10-23,8.2978,per_usd
2018-10-24,8.3312,per_usd
2018-10-25,8.3336,per_usd
2018-10-26,8.3423,per_usd
2018-10-29,8.3711,per_usd
2018-10-30,8.3962,per_usd
2018-10-31,8.41,per_usd
2018-11-01,8.41,per_usd
2018-11-02,8.3721,per_usd
2018-11-05,8.3566,per_usd
2018-11-06,8.3781,per_usd
2018-11-07,8.3273,per_usd
2018-11-08,8.3432,per_usd
2018-11-09,8.4385,per_usd
2018-11-13,8.4736,per_usd
2018-11-14,8.5,per_usd
2018-11-15,8.4767,per_usd
2018-11-16,8.4435,per_usd
2018-11-19,8.4767,per_usd
2018-11-20,8.5529,per_usd
2018-11-21,8.5197,per_usd
2018-11-23,8.5994,per_usd
2018-11-26,8.5864,per_usd
2018-11-27,8.6199,per_usd
2018-11-28,8.5994,per_usd
2018-11-29,8.5325,per_usd
2018-11-30,8.5872,per_usd
2018-12-03,8.5345,per_usd
2018-12-04,8.4941,per_usd
2018-12-06,8.5323,per_usd
2018-12-07,8.4844,per_usd
2018-12-10,8.5442,per_usd
2018-12-11,8.5471,per_usd
2018-12-12,8.5649,per_usd
2018-12-13,8.5648,per_usd
2018-12-14,8.6256,per_usd
2018-12-17,8.6279,per_usd
2018-12-18,8.7208,per_usd
2018-12-19,8.6639,per_usd
2018-12-20,8.6961,per_usd
2018-12-21,8.7407,per_usd
2018-12-26,8.7725,per_usd
2018-12-27,8.7884,per_usd
2018-12-28,8.7191,per_usd
2018-12-31,8.6519,per_usd
2019-01-02,8.6976,per_usd
2019-01-03,8.694,per_usd
2019-01-04,8.6109,per_usd
2019-01-07,8.5387,per_usd
2019-01-08,8.5505,per_usd
2019-01-09,8.4745,per_usd
2019-01-10,8.4702,per_usd
2019-01-11,8.5245,per_usd
2019-01-15,8.5545,per_usd
2019-01-16,8.5305,per_usd
2019-01-17,8.5554,per_usd
2019-01-18,8.5509,per_usd
2019-01-22,8.5961,per_usd
2019-01-23,8.5848,per_usd
2019-01-24,8.5756,per_usd
2019-01-25,8.5193,per_usd
2019-01-28,8.5147,per_usd
2019-01-29,8.5008,per_usd
2019-01-30,8.4725,per_usd
2019-01-31,8.4359,per_usd
2019-02-01,8.4316,per_usd
2019-02-04,8.47,per_usd
2019-02-05,8.4813,per_usd
2019-02-06,8.5235,per_usd
2019-02-07,8.5805,per_usd
2019-02-08,8.6335,per_usd
2019-02-11,8.7232,per_usd
2019-02-12,8.6525,per_usd
2019-02-13,8.6426,per_usd
2019-02-14,8.6572,per_usd
2019-02-15,8.6473,per_usd
2019-02-19,8.5829,per_usd
2019-02-21,8.6254,per_usd
2019-02-22,8.6022,per_usd
2019-02-25,8.6093,per_usd
2019-02-26,8.5781,per_usd
2019-02-27,8.5433,per_usd
2019-02-28,8.5538,per_usd
2019-03-01,8.5778,per_usd
2019-03-04,8.6555,per_usd
2019-03-05,8.6739,per_usd
2019-03-06,8.664,per_usd
2019-03-07,8.7499,per_usd
2019-03-08,8.7639,per_usd
2019-03-11,8.6885,per_usd
2019-03-12,8.634,per_usd
2019-03-13,8.5768,per_usd
2019-03-14,8.5812,per_usd
2019-03-15,8.5377,per_usd
2019-03-18,8.5571,per_usd
2019-03-19,8.521,per_usd
2019-03-20,8.5405,per_usd
2019-03-21,8.4699,per_usd
2019-03-22,8.5816,per_usd
2019-03-25,8.5239,per_usd
2019-03-26,8.5356,per_usd
2019-03-27,8.6349,per_usd
2019-03-28,8.6408,per_usd
2019-03-29,8.642,per_usd
2019-04-01,8.59,per_usd
2019-04-02,8.6205,per_usd
2019-04-03,8.5516,per_usd
2019-04-04,8.5898,per_usd
2019-04-05,8.6155,per_usd
2019-04-08,8.5469,per_usd
2019-04-09,8.5392,per_usd
2019-04-10,8.4993,per_usd
2019-04-11,8.5353,per_usd
2019-04-12,8.4956,per_usd
2019-04-15,8.4957,per_usd
2019-04-16,8.4791,per_usd
2019-04-17,8.4793,per_usd
2019-04-18,8.513,per_usd
2019-04-19,8.5155,per_usd
2019-04-22,8.495,per_usd
2019-04-23,8.5507,per_usd
2019-04-24,8.6015,per_usd
2019-04-25,8.6631,per_usd
2019-04-26,8.6739,per_usd
2019-04-29,8.6766,per_usd
2019-04-30,8.6434,per_usd
2019-05-01,8.6371,per_usd
2019-05-02,8.7627,per_usd
2019-05-03,8.7056,per_usd
2019-05-06,8.7287,per_usd
2019-05-07,8.7509,per_usd
2019-05-08,8.7591,per_usd
2019-05-09,8.7785,per_usd
2019-05-10,8.7273,per_usd
2019-05-13,8.7556,per_usd
2019-05-14,8.758,per_usd
2019-05-15,8.7169,per_usd
2019-05-16,8.7184,per_usd
2019-05-17,8.7836,per_usd
2019-05-20,8.7791,per_usd
2019-05-21,8.7718,per_usd
2019-05-22,8.7495,per_usd
2019-05-23,8.7499,per_usd
2019-05-24,8.7079,per_usd
2019-05-28,8.6962,per_usd
2019-05-29,8.6982,per_usd
2019-05-30,8.7602,per_usd
2019-05-31,8.7559,per_usd
2019-06-03,8.7213,per_usd
2019-06-04,8.7109,per_usd
2019-06-05,8.7271,per_usd
2019-06-06,8.7291,per_usd
2019-06-07,8.6273,per_usd
2019-06-10,8.6481,per_usd
2019-06-11,8.6327,per_usd
2019-06-12,8.6421,per_usd
2019-06-13,8.6785,per_usd
2019-06-14,8.7165,per_usd
2019-06-17,8.7135,per_usd
2019-06-18,8.7411,per_usd
2019-06-19,8.7303,per_usd
2019-06-20,8.5728,per_usd
2019-06-21,8.5434,per_usd
2019-06-24,8.4882,per_usd
2019-06-25,8.5088,per_usd
2019-06-26,8.4798,per_usd
2019-06-27,8.5184,per_usd
2019-06-28,8.5286,per_usd
2019-07-01,8.5733,per_usd
2019-07-02,8.5623,per_usd
2019-07-03,8.539,per_usd
2019-07-05,8.6226,per_usd
2019-07-08,8.6415,per_usd
2019-07-09,8.6416,per_usd
2019-07-10,8.5814,per_usd
2019-07-11,8.543,per_usd
2019-07-12,8.5472,per_usd
2019-07-15,8.542,per_usd
2019-07-16,8.5583,per_usd
2019-07-17,8.5659,per_usd
2019-07-18,8.5888,per_usd
2019-07-19,8.5696,per_usd
2019-07-22,8.6028,per_usd
2019-07-23,8.684,per_usd
2019-07-24,8.6413,per_usd
2019-07-25,8.6676,per_usd
2019-07-26,8.7195,per_usd
2019-07-29,8.7007,per_usd
2019-07-30,8.7571,per_usd
2019-07-31,8.7808,per_usd
2019-08-01,8.8706,per_usd
2019-08-02,8.9135,per_usd
2019-08-05,8.9183,per_usd
2019-08-06,8.9087,per_usd
2019-08-07,8.965,per_usd
2019-08-08,8.9215,per_usd
2019-08-09,8.8778,per_usd
2019-08-12,8.9123,per_usd
2019-08-13,8.8756,per_usd
2019-08-14,8.9735,per_usd
2019-08-15,9.0116,per_usd
2019-08-16,8.9899,per_usd
2019-08-19,8.9716,per_usd
2019-08-20,9.0008,per_usd
2019-08-21,8.9474,per_usd
2019-08-22,8.9715,per_usd
2019-08-23,8.9644,per_usd
2019-08-26,8.9888,per_usd
2019-08-27,9.0225,per_usd
2019-08-28,9.0337,per_usd
2019-08-29,9.091,per_usd
2019-08-30,9.1192,per_usd
2019-09-03,9.1034,per_usd
2019-09-04,9.0368,per_usd
2019-09-05,8.9955,per_usd
2019-09-06,8.9668,per_usd
2019-09-09,8.9255,per_usd
2019-09-10,8.951,per_usd
2019-09-11,8.9762,per_usd
2019-09-12,8.9668,per_usd
2019-09-13,8.9765,per_usd
2019-09-16,8.9607,per_usd
2019-09-17,8.9357,per_usd
2019-09-18,8.9331,per_usd
2019-09-19,8.9781,per_usd
2019-09-20,9.0461,per_usd
2019-09-23,9.0552,per_usd
2019-09-24,9.0005,per_usd
2019-09-25,9.0513,per_usd
2019-09-26,9.0813,per_usd
2019-09-27,9.0822,per_usd
2019-09-30,9.0834,per_usd
2019-10-01,9.1192,per_usd
2019-10-02,9.1412,per_usd
2019-10-03,9.1065,per_usd
2019-10-04,9.1025,per_usd
2019-10-07,9.129,per_usd
2019-10-08,9.1735,per_usd
2019-10-09,9.1649,per_usd
2019-10-10,9.1184,per_usd
2019-10-11,9.0664,per_usd
2019-10-15,9.1194,per_usd
2019-10-16,9.1701,per_usd
2019-10-17,9.182,per_usd
2019-10-18,9.1756,per_usd
2019-10-21,9.1375,per_usd
2019-10-22,9.1407,per_usd
2019-10-23,9.1512,per_usd
2019-10-24,9.1372,per_usd
2019-10-25,9.1942,per_usd
2019-10-28,9.2076,per_usd
2019-10-29,9.2304,per_usd
2019-10-30,9.2122,per_usd
2019-10-31,9.1818,per_usd
2019-11-01,9.09,per_usd
2019-11-04,9.1226,per_usd
2019-11-05,9.1922,per_usd
2019-11-06,9.1664,per_usd
2019-11-07,9.1255,per_usd
2019-11-08,9.1476,per_usd
2019-11-12,9.1438,per_usd
2019-11-13,9.189,per_usd
2019-11-14,9.1751,per_usd
2019-11-15,9.0857,per_usd
2019-11-18,9.1032,per_usd
2019-11-19,9.1262,per_usd
2019-11-20,9.1425,per_usd
2019-11-21,9.1348,per_usd
2019-11-22,9.1585,per_usd
2019-11-25,9.1934,per_usd
2019-11-26,9.1725,per_usd
2019-11-27,9.1659,per_usd
2019-11-29,9.2156,per_usd
2019-12-02,9.1554,per_usd
2019-12-03,9.1772,per_usd
2019-12-04,9.1729,per_usd
2019-12-05,9.1317,per_usd
2019-12-06,9.1347,per_usd
2019-12-09,9.1445,per_usd
2019-12-10,9.172,per_usd
2019-12-11,9.1524,per_usd
2019-12-12,9.1001,per_usd
2019-12-13,9.048,per_usd
2019-12-16,9.0134,per_usd
2019-12-17,9.0159,per_usd
2019-12-18,9.0203,per_usd
2019-12-19,8.9619,per_usd
2019-12-20,8.9673,per_usd
2019-12-23,8.947,per_usd
2019-12-24,8.9142,per_usd
2019-12-26,8.8799,per_usd
2019-12-27,8.8291,per_usd
2019-12-30,8.7839,per_usd
2019-12-31,8.7823,per_usd
2020-01-02,8.8074,per_usd
2020-01-03,8.8181,per_usd
2020-01-06,8.8034,per_usd
2020-01-07,8.8588,per_usd
2020-01-08,8.8695,per_usd
2020-01-09,8.8769,per_usd
2020-01-10,8.8857,per_usd
2020-01-13,8.8912,per_usd
2020-01-14,8.871,per_usd
2020-01-15,8.8575,per_usd
2020-01-16,8.8821,per_usd
2020-01-17,8.9133,per_usd
2020-01-21,8.9698,per_usd
2020-01-22,8.9846,per_usd
2020-01-23,9.0158,per_usd
2020-01-24,9.0393,per_usd
2020-01-27,9.1438,per_usd
2020-01-28,9.1325,per_usd
2020-01-29,9.1646,per_usd
2020-01-30,9.2067,per_usd
2020-01-31,9.1985,per_usd
2020-02-03,9.2815,per_usd
2020-02-04,9.2123,per_usd
2020-02-05,9.2125,per_usd
2020-02-06,9.2342,per_usd
2020-02-07,9.2888,per_usd
2020-02-10,9.2961,per_usd
2020-02-11,9.2546,per_usd
2020-02-12,9.2148,per_usd
2020-02-13,9.2602,per_usd
2020-02-14,9.2479,per_usd
2020-02-18,9.3092,per_usd
2020-02-19,9.2762,per_usd
2020-02-20,9.3194,per_usd
2020-02-21,9.2782,per_usd
2020-02-24,9.33,per_usd
2020-02-25,9.3743,per_usd
2020-02-26,9.3868,per_usd
2020-02-27,9.3926,per_usd
2020-02-28,9.4491,per_usd
2020-03-02,9.3057,per_usd
2020-03-03,9.2372,per_usd
2020-03-04,9.285,per_usd
2020-03-05,9.2792,per_usd
2020-03-06,9.2473,per_usd
2020-03-09,9.4723,per_usd
2020-03-10,9.6008,per_usd
2020-03-11,9.6262,per_usd
2020-03-12,10.1959,per_usd
2020-03-13,10.0904,per_usd
2020-03-16,10.2664,per_usd
2020-03-17,10.4332,per_usd
2020-03-18,11.0912,per_usd
2020-03-19,11.2584,per_usd
2020-03-20,11.6842,per_usd
2020-03-23,11.2963,per_usd
2020-03-24,11.0926,per_usd
2020-03-25,10.9069,per_usd
2020-03-26,10.401,per_usd
2020-03-27,10.5017,per_usd
2020-03-30,10.6095,per_usd
2020-03-31,10.4059,per_usd
2020-04-01,10.4593,per_usd
2020-04-02,10.3592,per_usd
2020-04-03,10.5712,per_usd
2020-04-06,10.4341,per_usd
2020-04-07,10.2449,per_usd
2020-04-08,10.2676,per_usd
2020-04-09,10.1992,per_usd
2020-04-10,10.175,per_usd
2020-04-13,10.3121,per_usd
2020-04-14,10.3037,per_usd
2020-04-15,10.5356,per_usd
2020-04-16,10.4691,per_usd
2020-04-17,10.3099,per_usd
2020-04-20,10.3634,per_usd
2020-04-21,10.5984,per_usd
2020-04-22,10.764,per_usd
2020-04-23,10.5957,per_usd
2020-04-24,10.68,per_usd
2020-04-27,10.5772,per_usd
2020-04-28,10.4079,per_usd
2020-04-29,10.3548,per_usd
2020-04-30,10.2553,per_usd
2020-05-01,10.3348,per_usd
2020-05-04,10.3445,per_usd
2020-05-05,10.2603,per_usd
2020-05-06,10.2799,per_usd
2020-05-07,10.2274,per_usd
2020-05-08,10.1864,per_usd
2020-05-11,10.285,per_usd
2020-05-12,10.1585,per_usd
2020-05-13,10.1418,per_usd
2020-05-14,10.2232,per_usd
2020-05-15,10.2422,per_usd
2020-05-18,10.0317,per_usd
2020-05-19,9.9461,per_usd
2020-05-20,9.9089,per_usd
2020-05-21,9.951,per_usd
2020-05-22,10.0159,per_usd
2020-05-26,9.907,per_usd
2020-05-27,9.9041,per_usd
2020-05-28,9.7729,per_usd
2020-05-29,9.7306,per_usd
2020-06-01,9.6403,per_usd
2020-06-02,9.5632,per_usd
2020-06-03,9.4544,per_usd
2020-06-04,9.3616,per_usd
2020-06-05,9.2955,per_usd
2020-06-08,9.2754,per_usd
2020-06-09,9.2866,per_usd
2020-06-10,9.3445,per_usd
2020-06-11,9.5249,per_usd
2020-06-12,9.6331,per_usd
2020-06-15,9.6138,per_usd
2020-06-16,9.5735,per_usd
2020-06-17,9.5397,per_usd
2020-06-18,9.5402,per_usd
2020-06-19,9.6154,per_usd
2020-06-22,9.5965,per_usd
2020-06-23,9.4813,per_usd
2020-06-24,9.6145,per_usd
2020-06-25,9.6892,per_usd
2020-06-26,9.7166,per_usd
2020-06-29,9.7074,per_usd
2020-06-30,9.6577,per_usd
2020-07-01,9.5139,per_usd
2020-07-02,9.5357,per_usd
2020-07-06,9.407,per_usd
2020-07-07,9.4318,per_usd
2020-07-08,9.416,per_usd
2020-07-09,9.4554,per_usd
2020-07-10,9.4213,per_usd
2020-07-13,9.3667,per_usd
2020-07-14,9.3875,per_usd
2020-07-15,9.3149,per_usd
2020-07-16,9.2516,per_usd
2020-07-17,9.2712,per_usd
2020-07-20,9.2486,per_usd
2020-07-21,9.1262,per_usd
2020-07-22,9.1262,per_usd
2020-07-23,9.1544,per_usd
2020-07-24,9.1907,per_usd
2020-07-27,9.1115,per_usd
2020-07-28,9.0953,per_usd
2020-07-29,9.0647,per_usd
2020-07-30,9.1302,per_usd
2020-07-31,9.0889,per_usd
2020-08-03,9.1382,per_usd
2020-08-04,9.1165,per_usd
2020-08-05,8.9435,per_usd
2020-08-06,8.9802,per_usd
2020-08-07,9.0623,per_usd
2020-08-10,9.0288,per_usd
2020-08-11,8.9875,per_usd
2020-08-12,8.9387,per_usd
2020-08-13,8.8831,per_usd
2020-08-14,8.8945,per_usd
2020-08-17,8.8633,per_usd
2020-08-18,8.8387,per_usd
2020-08-19,8.8504,per_usd
2020-08-20,8.9437,per_usd
2020-08-21,9.0457,per_usd
2020-08-24,8.9953,per_usd
2020-08-25,8.9755,per_usd
2020-08-26,8.9201,per_usd
2020-08-27,8.8878,per_usd
2020-08-28,8.788,per_usd
2020-08-31,8.7043,per_usd
2020-09-01,8.748,per_usd
2020-09-02,8.8481,per_usd
2020-09-03,8.9253,per_usd
2020-09-04,8.95,per_usd
2020-09-08,9.0929,per_usd
2020-09-09,9.0271,per_usd
2020-09-10,8.9975,per_usd
2020-09-11,9.0548,per_usd
2020-09-14,9.0191,per_usd
2020-09-15,9.04,per_usd
2020-09-16,9.0109,per_usd
2020-09-17,9.0901,per_usd
2020-09-18,9.062,per_usd
2020-09-21,9.2999,per_usd
2020-09-22,9.3559,per_usd
2020-09-23,9.4414,per_usd
2020-09-24,9.534,per_usd
2020-09-25,9.5938,per_usd
2020-09-28,9.4839,per_usd
2020-09-29,9.4636,per_usd
2020-09-30,9.3666,per_usd
2020-10-01,9.3095,per_usd
2020-10-02,9.3346,per_usd
2020-10-05,9.2312,per_usd
2020-10-06,9.2845,per_usd
2020-10-07,9.3064,per_usd
2020-10-08,9.2768,per_usd
2020-10-09,9.1531,per_usd
2020-10-13,9.2129,per_usd
2020-10-14,9.2179,per_usd
2020-10-15,9.3691,per_usd
2020-10-16,9.358,per_usd
2020-10-19,9.3002,per_usd
2020-10-20,9.2666,per_usd
2020-10-21,9.2033,per_usd
2020-10-22,9.2425,per_usd
2020-10-23,9.2637,per_usd
2020-10-26,9.2479,per_usd
2020-10-27,9.1346,per_usd
2020-10-28,9.3456,per_usd
2020-10-29,9.5865,per_usd
2020-10-30,9.5617,per_usd
2020-11-02,9.5665,per_usd
2020-11-03,9.3807,per_usd
2020-11-04,9.2933,per_usd
2020-11-05,9.1882,per_usd
2020-11-06,9.1552,per_usd
2020-11-09,9.0415,per_usd
2020-11-10,9.0318,per_usd
2020-11-12,9.1156,per_usd
2020-11-13,9.1685,per_usd
2020-11-16,9.0702,per_usd
2020-11-17,9.0661,per_usd
2020-11-18,8.9914,per_usd
2020-11-19,9.0294,per_usd
2020-11-20,9.0056,per_usd
2020-11-23,9.0577,per_usd
2020-11-24,8.9184,per_usd
2020-11-25,8.8408,per_usd
2020-11-30,8.8781,per_usd
2020-12-01,8.8296,per_usd
2020-12-02,8.8197,per_usd
2020-12-03,8.7585,per_usd
2020-12-04,8.7883,per_usd
2020-12-07,8.733,per_usd
2020-12-08,8.7644,per_usd
2020-12-09,8.8281,per_usd
2020-12-10,8.7745,per_usd
2020-12-11,8.8235,per_usd
2020-12-14,8.7463,per_usd
2020-12-15,8.7221,per_usd
2020-12-16,8.6896,per_usd
2020-12-17,8.5731,per_usd
2020-12-18,8.5959,per_usd
2020-12-21,8.653,per_usd
2020-12-22,8.7197,per_usd
2020-12-23,8.6307,per_usd
2020-12-28,8.6671,per_usd
2020-12-29,8.6017,per_usd
2020-12-30,8.5536,per_usd
2020-12-31,8.5757,per_usd
2021-01-04,8.566,per_usd
2021-01-05,8.4901,per_usd
2021-01-06,8.4206,per_usd
2021-01-07,8.4384,per_usd
2021-01-08,8.4074,per_usd
2021-01-11,8.5192,per_usd
2021-01-12,8.5085,per_usd
2021-01-13,8.4851,per_usd
2021-01-14,8.4594,per_usd
2021-01-15,8.537,per_usd
2021-01-19,8.5326,per_usd
2021-01-21,8.4321,per_usd
2021-01-22,8.482,per_usd
2021-01-25,8.5568,per_usd
2021-01-26,8.5518,per_usd
2021-01-27,8.6341,per_usd
2021-01-28,8.606,per_usd
2021-01-29,8.5454,per_usd
2021-02-01,8.5903,per_usd
2021-02-02,8.623,per_usd
2021-02-03,8.5885,per_usd
2021-02-04,8.6384,per_usd
2021-02-05,8.5428,per_usd
2021-02-08,8.5119,per_usd
2021-02-09,8.4687,per_usd
2021-02-10,8.4441,per_usd
2021-02-11,8.4618,per_usd
2021-02-12,8.4558,per_usd
2021-02-16,8.4428,per_usd
2021-02-17,8.5166,per_usd
2021-02-18,8.4842,per_usd
2021-02-19,8.4467,per_usd
2021-02-22,8.4775,per_usd
2021-02-23,8.4901,per_usd
2021-02-24,8.4172,per_usd
2021-02-25,8.4064,per_usd
2021-02-26,8.6514,per_usd
2021-03-01,8.5527,per_usd
2021-03-02,8.4855,per_usd
2021-03-03,8.4724,per_usd
2021-03-04,8.4659,per_usd
2021-03-05,8.5634,per_usd
2021-03-08,8.5333,per_usd
2021-03-09,8.486,per_usd
2021-03-10,8.454,per_usd
2021-03-11,8.4236,per_usd
2021-03-12,8.4208,per_usd
2021-03-15,8.4907,per_usd
2021-03-16,8.4808,per_usd
2021-03-17,8.5089,per_usd
2021-03-18,8.4572,per_usd
2021-03-19,8.5451,per_usd
2021-03-22,8.4862,per_usd
2021-03-23,8.5529,per_usd
2021-03-24,8.5632,per_usd
2021-03-25,8.6621,per_usd
2021-03-26,8.5802,per_usd
2021-03-29,8.528,per_usd
2021-03-30,8.5476,per_usd
2021-03-31,8.5326,per_usd
2021-04-01,8.5324,per_usd
2021-04-02,8.5309,per_usd
2021-04-05,8.5023,per_usd
2021-04-06,8.4941,per_usd
2021-04-07,8.4534,per_usd
2021-04-08,8.4874,per_usd
2021-04-09,8.5062,per_usd
2021-04-12,8.4923,per_usd
2021-04-13,8.495,per_usd
2021-04-14,8.3911,per_usd
2021-04-15,8.3875,per_usd
2021-04-16,8.365,per_usd
2021-04-19,8.3105,per_usd
2021-04-20,8.3365,per_usd
2021-04-21,8.338,per_usd
2021-04-22,8.3538,per_usd
2021-04-23,8.3125,per_usd
2021-04-26,8.283,per_usd
2021-04-27,8.2791,per_usd
2021-04-28,8.2252,per_usd
2021-04-29,8.2149,per_usd
2021-04-30,8.3031,per_usd
2021-05-03,8.2867,per_usd
2021-05-04,8.3577,per_usd
2021-05-05,8.3519,per_usd
2021-05-06,8.3175,per_usd
2021-05-07,8.2085,per_usd
2021-05-10,8.2294,per_usd
2021-05-11,8.2523,per_usd
2021-05-12,8.3276,per_usd
2021-05-13,8.3788,per_usd
2021-05-14,8.2371,per_usd
2021-05-17,8.2655,per_usd
2021-05-18,8.2179,per_usd
2021-05-19,8.2839,per_usd
2021-05-20,8.2933,per_usd
2021-05-21,8.3992,per_usd
2021-05-24,8.3577,per_usd
2021-05-25,8.3231,per_usd
2021-05-26,8.349,per_usd
2021-05-27,8.3615,per_usd
2021-05-28,8.347,per_usd
2021-06-01,8.3051,per_usd
2021-06-02,8.2982,per_usd
2021-06-03,8.3899,per_usd
2021-06-04,8.3063,per_usd
2021-06-07,8.2609,per_usd
2021-06-08,8.2596,per_usd
2021-06-09,8.2733,per_usd
2021-06-10,8.2732,per_usd
2021-06-11,8.3486,per_usd
2021-06-14,8.3096,per_usd
2021-06-15,8.3454,per_usd
2021-06-16,8.3698,per_usd
2021-06-17,8.5428,per_usd
2021-06-18,8.6769,per_usd
2021-06-21,8.5804,per_usd
2021-06-22,8.5729,per_usd
2021-06-23,8.5058,per_usd
2021-06-24,8.5145,per_usd
2021-06-25,8.4935,per_usd
2021-06-28,8.5185,per_usd
2021-06-29,8.5477,per_usd
2021-06-30,8.6154,per_usd
2021-07-01,8.6172,per_usd
2021-07-02,8.6123,per_usd
2021-07-06,8.7028,per_usd
2021-07-07,8.7354,per_usd
2021-07-08,8.777,per_usd
2021-07-09,8.6986,per_usd
2021-07-12,8.6939,per_usd
2021-07-13,8.7392,per_usd
2021-07-14,8.7479,per_usd
2021-07-15,8.8145,per_usd
2021-07-16,8.8346,per_usd
2021-07-19,8.9323,per_usd
2021-07-20,9.0168,per_usd
2021-07-21,8.888,per_usd
2021-07-22,8.8691,per_usd
2021-07-23,8.8788,per_usd
2021-07-26,8.8293,per_usd
2021-07-27,8.8676,per_usd
2021-07-28,8.8399,per_usd
2021-07-29,8.7401,per_usd
2021-07-30,8.8254,per_usd
2021-08-02,8.8135,per_usd
2021-08-03,8.8128,per_usd
2021-08-04,8.8353,per_usd
2021-08-05,8.8112,per_usd
2021-08-06,8.8801,per_usd
2021-08-09,8.9366,per_usd
2021-08-10,8.9243,per_usd
2021-08-11,8.871,per_usd
2021-08-12,8.8433,per_usd
2021-08-13,8.787,per_usd
2021-08-16,8.8284,per_usd
2021-08-17,8.9031,per_usd
2021-08-18,8.9033,per_usd
2021-08-19,9.0039,per_usd
2021-08-20,9.0386,per_usd
2021-08-23,8.9102,per_usd
2021-08-24,8.8419,per_usd
2021-08-25,8.8219,per_usd
2021-08-26,8.8202,per_usd
2021-08-27,8.721,per_usd
2021-08-30,8.658,per_usd
2021-08-31,8.6953,per_usd
2021-09-01,8.6828,per_usd
2021-09-02,8.648,per_usd
2021-09-03,8.6629,per_usd
2021-09-07,8.6757,per_usd
2021-09-08,8.7172,per_usd
2021-09-09,8.6583,per_usd
2021-09-10,8.6511,per_usd
2021-09-13,8.6416,per_usd
2021-09-14,8.6168,per_usd
2021-09-15,8.5877,per_usd
2021-09-16,8.6391,per_usd
2021-09-17,8.6891,per_usd
2021-09-20,8.7241,per_usd
2021-09-21,8.6807,per_usd
2021-09-22,8.6188,per_usd
2021-09-23,8.5711,per_usd
2021-09-24,8.5986,per_usd
2021-09-27,8.6031,per_usd
2021-09-28,8.6726,per_usd
2021-09-29,8.7451,per_usd
2021-09-30,8.7402,per_usd
2021-10-01,8.6241,per_usd
2021-10-04,8.5741,per_usd
2021-10-05,8.5219,per_usd
2021-10-06,8.595,per_usd
2021-10-07,8.562,per_usd
2021-10-08,8.5414,per_usd
2021-10-12,8.5476,per_usd
2021-10-13,8.5201,per_usd
2021-10-14,8.4525,per_usd
2021-10-15,8.4231,per_usd
2021-10-18,8.4242,per_usd
2021-10-19,8.355,per_usd
2021-10-20,8.3492,per_usd
2021-10-21,8.3484,per_usd
2021-10-22,8.3701,per_usd
2021-10-25,8.3491,per_usd
2021-10-26,8.3608,per_usd
2021-10-27,8.4064,per_usd
2021-10-28,8.3286,per_usd
2021-10-29,8.4545,per_usd
2021-11-01,8.3931,per_usd
2021-11-02,8.5055,per_usd
2021-11-03,8.5333,per_usd
2021-11-04,8.5596,per_usd
2021-11-05,8.5605,per_usd
2021-11-08,8.5073,per_usd
2021-11-09,8.5238,per_usd
2021-11-10,8.5984,per_usd
2021-11-12,8.6867,per_usd
2021-11-15,8.6947,per_usd
2021-11-16,8.7223,per_usd
2021-11-17,8.7439,per_usd
2021-11-18,8.8231,per_usd
2021-11-19,8.8702,per_usd
2021-11-22,8.9068,per_usd
2021-11-23,8.9082,per_usd
2021-11-24,8.9658,per_usd
2021-11-26,9.0849,per_usd
2021-11-29,9.0579,per_usd
2021-11-30,9.1119,per_usd
2021-12-01,9.1119,per_usd
2021-12-02,9.0937,per_usd
2021-12-03,9.1854,per_usd
2021-12-06,9.1191,per_usd
2021-12-07,9.0344,per_usd
2021-12-08,8.8878,per_usd
2021-12-09,9.0008,per_usd
2021-12-10,8.9529,per_usd
2021-12-13,9.052,per_usd
2021-12-14,9.1138,per_usd
2021-12-15,9.0847,per_usd
2021-12-16,8.9925,per_usd
2021-12-17,9.0072,per_usd
2021-12-20,9.0488,per_usd
2021-12-21,8.96,per_usd
2021-12-22,8.8812,per_usd
2021-12-23,8.8343,per_usd
2021-12-27,8.8391,per_usd
2021-12-28,8.8008,per_usd
2021-12-29,8.795,per_usd
2021-12-30,8.8076,per_usd
2022-01-03,8.8747,per_usd
2022-01-04,8.8417,per_usd
2022-01-05,8.8014,per_usd
2022-01-06,8.8842,per_usd
2022-01-07,8.8403,per_usd
2022-01-10,8.8697,per_usd
2022-01-11,8.7913,per_usd
2022-01-12,8.6828,per_usd
2022-01-13,8.6782,per_usd
2022-01-14,8.7529,per_usd
2022-01-18,8.7982,per_usd
2022-01-19,8.7655,per_usd
2022-01-20,8.757,per_usd
2022-01-21,8.8856,per_usd
2022-01-24,9.0348,per_usd
2022-01-25,8.9646,per_usd
2022-01-26,8.8822,per_usd
2022-01-27,8.9573,per_usd
2022-01-28,8.9795,per_usd
2022-01-31,8.9067,per_usd
2022-02-01,8.9075,per_usd
2022-02-02,8.8579,per_usd
2022-02-03,8.7388,per_usd
2022-02-04,8.7766,per_usd
2022-02-07,8.7971,per_usd
2022-02-08,8.8224,per_usd
2022-02-09,8.807,per_usd
2022-02-10,8.7407,per_usd
2022-02-11,8.8043,per_usd
2022-02-14,8.8883,per_usd
2022-02-15,8.8919,per_usd
2022-02-16,8.8719,per_usd
2022-02-17,8.9161,per_usd
2022-02-18,8.9953,per_usd
2022-02-22,8.882,per_usd
2022-02-23,8.8769,per_usd
2022-02-24,9.0275,per_usd
2022-02-25,8.8556,per_usd
2022-02-28,8.8141,per_usd
2022-03-01,8.8827,per_usd
2022-03-02,8.8748,per_usd
2022-03-03,8.9216,per_usd
2022-03-04,8.9744,per_usd
2022-03-07,9.0569,per_usd
2022-03-08,8.9813,per_usd
2022-03-09,8.905,per_usd
2022-03-10,8.9462,per_usd
2022-03-11,8.9761,per_usd
2022-03-14,9.0047,per_usd
2022-03-15,9.011,per_usd
2022-03-16,8.9222,per_usd
2022-03-17,8.7818,per_usd
2022-03-18,8.7541,per_usd
2022-03-21,8.7232,per_usd
2022-03-22,8.7541,per_usd
2022-03-23,8.7087,per_usd
2022-03-24,8.6557,per_usd
2022-03-25,8.633,per_usd
2022-03-28,8.7247,per_usd
2022-03-29,8.6547,per_usd
2022-03-30,8.5756,per_usd
2022-03-31,8.7587,per_usd
2022-04-01,8.742,per_usd
2022-04-04,8.7101,per_usd
2022-04-05,8.7343,per_usd
2022-04-06,8.7337,per_usd
2022-04-07,8.8132,per_usd
2022-04-08,8.6926,per_usd
2022-04-11,8.8082,per_usd
2022-04-12,8.7439,per_usd
2022-04-13,8.7729,per_usd
2022-04-14,8.8149,per_usd
2022-04-15,8.8032,per_usd
2022-04-18,8.8544,per_usd
2022-04-19,8.8195,per_usd
2022-04-20,8.8038,per_usd
2022-04-21,8.8589,per_usd
2022-04-22,8.94,per_usd
2022-04-25,9.161,per_usd
2022-04-26,9.2237,per_usd
2022-04-27,9.3489,per_usd
2022-04-28,9.4133,per_usd
2022-04-29,9.33,per_usd
2022-05-02,9.439,per_usd
2022-05-03,9.3895,per_usd
2022-05-04,9.406,per_usd
2022-05-05,9.5126,per_usd
2022-05-06,9.4562,per_usd
2022-05-09,9.6495,per_usd
2022-05-10,9.7277,per_usd
2022-05-11,9.6884,per_usd
2022-05-12,9.8885,per_usd
2022-05-13,9.7819,per_usd
2022-05-16,9.8086,per_usd
2022-05-17,9.6738,per_usd
2022-05-18,9.7965,per_usd
2022-05-19,9.7008,per_usd
2022-05-20,9.7548,per_usd
2022-05-23,9.6085,per_usd
2022-05-24,9.569,per_usd
2022-05-25,9.6234,per_usd
2022-05-26,9.5635,per_usd
2022-05-27,9.4887,per_usd
2022-05-31,9.3607,per_usd
2022-06-01,9.4859,per_usd
2022-06-02,9.3911,per_usd
2022-06-03,9.4488,per_usd
2022-06-06,9.4109,per_usd
2022-06-07,9.476,per_usd
2022-06-08,9.4312,per_usd
2022-06-09,9.5537,per_usd
2022-06-10,9.678,per_usd
2022-06-13,9.8897,per_usd
2022-06-14,9.9975,per_usd
2022-06-15,10.0258,per_usd
2022-06-16,9.9908,per_usd
2022-06-17,10.0243,per_usd
2022-06-21,9.8313,per_usd
2022-06-22,9.8871,per_usd
2022-06-23,9.9821,per_usd
2022-06-24,9.8656,per_usd
2022-06-27,9.7824,per_usd
2022-06-28,9.8266,per_usd
2022-06-29,9.8629,per_usd
2022-06-30,9.8621,per_usd
2022-07-01,9.9568,per_usd
2022-07-05,10.0896,per_usd
2022-07-06,10.1534,per_usd
2022-07-07,10.088,per_usd
2022-07-08,10.0902,per_usd
2022-07-11,10.1621,per_usd
2022-07-12,10.2064,per_usd
2022-07-13,10.1726,per_usd
2022-07-14,10.2442,per_usd
2022-07-15,10.1556,per_usd
2022-07-18,10.0582,per_usd
2022-07-19,9.9082,per_usd
2022-07-20,9.9425,per_usd
2022-07-21,9.974,per_usd
2022-07-22,9.913,per_usd
2022-07-25,9.8442,per_usd
2022-07-26,9.9028,per_usd
2022-07-27,9.8502,per_usd
2022-07-28,9.7695,per_usd
2022-07-29,9.6728,per_usd
2022-08-01,9.6119,per_usd
2022-08-02,9.7326,per_usd
2022-08-03,9.7273,per_usd
2022-08-04,9.7433,per_usd
2022-08-05,9.811,per_usd
2022-08-08,9.7255,per_usd
2022-08-09,9.712,per_usd
2022-08-10,9.5061,per_usd
2022-08-11,9.4932,per_usd
2022-08-12,9.574,per_usd
2022-08-15,9.6819,per_usd
2022-08-16,9.6806,per_usd
2022-08-17,9.7292,per_usd
2022-08-18,9.7092,per_usd
2022-08-19,9.8069,per_usd
2022-08-22,9.8443,per_usd
2022-08-23,9.7077,per_usd
2022-08-24,9.6815,per_usd
2022-08-25,9.695,per_usd
2022-08-26,9.7103,per_usd
2022-08-29,9.7474,per_usd
2022-08-30,9.8002,per_usd
2022-08-31,9.9031,per_usd
2022-09-01,10.0534,per_usd
2022-09-02,9.9497,per_usd
2022-09-06,9.9971,per_usd
2022-09-07,10.046,per_usd
2022-09-08,10.0765,per_usd
2022-09-09,9.9101,per_usd
2022-09-12,9.9154,per_usd
2022-09-13,10.0682,per_usd
2022-09-14,10.0884,per_usd
2022-09-15,10.1573,per_usd
2022-09-16,10.2143,per_usd
2022-09-19,10.2649,per_usd
2022-09-20,10.3107,per_usd
2022-09-21,10.3149,per_usd
2022-09-22,10.4058,per_usd
2022-09-23,10.5963,per_usd
2022-09-26,10.7863,per_usd
2022-09-27,10.7801,per_usd
2022-09-28,10.7339,per_usd
2022-09-29,10.7241,per_usd
2022-09-30,10.8719,per_usd
2022-10-03,10.7097,per_usd
2022-10-04,10.4798,per_usd
2022-10-05,10.5955,per_usd
2022-10-06,10.6927,per_usd
2022-10-07,10.6709,per_usd
2022-10-11,10.6559,per_usd
2022-10-12,10.7769,per_usd
2022-10-13,10.587,per_usd
2022-10-14,10.6639,per_usd
2022-10-17,10.5137,per_usd
2022-10-18,10.5869,per_usd
2022-10-19,10.6174,per_usd
2022-10-20,10.5816,per_usd
2022-10-21,10.5309,per_usd
2022-10-24,10.5174,per_usd
2022-10-25,10.3861,per_usd
2022-10-26,10.2547,per_usd
2022-10-27,10.2455,per_usd
2022-10-28,10.3638,per_usd
2022-10-31,10.3954,per_usd
2022-11-01,10.352,per_usd
2022-11-02,10.3689,per_usd
2022-11-03,10.5676,per_usd
2022-11-04,10.569,per_usd
2022-11-07,10.2514,per_usd
2022-11-08,10.1836,per_usd
2022-11-09,10.3337,per_usd
2022-11-10,10.1068,per_usd
2022-11-14,10.0236,per_usd
2022-11-15,9.961,per_usd
2022-11-16,10.0128,per_usd
2022-11-17,10.1545,per_usd
2022-11-18,10.1819,per_usd
2022-11-21,10.2953,per_usd
2022-11-22,10.1456,per_usd
2022-11-23,9.9869,per_usd
2022-11-25,9.8763,per_usd
2022-11-28,9.9726,per_usd
2022-11-29,9.9946,per_usd
2022-11-30,9.94,per_usd
2022-12-01,9.7514,per_usd
2022-12-02,9.7779,per_usd
2022-12-05,9.9423,per_usd
2022-12-06,10.0062,per_usd
2022-12-07,10.0186,per_usd
2022-12-08,9.964,per_usd
2022-12-09,9.9582,per_usd
2022-12-12,9.9872,per_usd
2022-12-13,9.7838,per_usd
2022-12-14,9.7505,per_usd
2022-12-15,9.8512,per_usd
2022-12-16,9.9024,per_usd
2022-12-19,9.8886,per_usd
2022-12-20,9.8938,per_usd
2022-12-21,9.8586,per_usd
2022-12-22,9.8761,per_usd
2022-12-23,9.868,per_usd
2022-12-27,9.8122,per_usd
2022-12-28,9.8807,per_usd
2022-12-29,9.8712,per_usd
2022-12-30,9.839,per_usd
2023-01-03,10.0668,per_usd
2023-01-04,10.0659,per_usd
2023-01-05,10.2574,per_usd
2023-01-06,10.0217,per_usd
2023-01-09,9.8601,per_usd
2023-01-10,9.9894,per_usd
2023-01-11,9.9994,per_usd
2023-01-12,9.9245,per_usd
2023-01-13,9.888,per_usd
2023-01-17,9.8694,per_usd
2023-01-18,9.8742,per_usd
2023-01-19,9.9258,per_usd
2023-01-20,9.8917,per_usd
2023-01-23,9.8168,per_usd
2023-01-24,9.8681,per_usd
2023-01-25,9.9217,per_usd
2023-01-26,9.9005,per_usd
2023-01-27,9.8923,per_usd
2023-01-30,9.9522,per_usd
2023-01-31,10.0039,per_usd
2023-02-01,9.9956,per_usd
2023-02-02,10.0231,per_usd
2023-02-03,10.1818,per_usd
2023-02-06,10.3508,per_usd
2023-02-07,10.3744,per_usd
2023-02-08,10.3014,per_usd
2023-02-09,10.1455,per_usd
2023-02-10,10.1617,per_usd
2023-02-13,10.1128,per_usd
2023-02-14,10.1604,per_usd
2023-02-15,10.2173,per_usd
2023-02-16,10.237,per_usd
2023-02-17,10.3026,per_usd
2023-02-21,10.2848,per_usd
2023-02-22,10.3284,per_usd
2023-02-23,10.3364,per_usd
2023-02-24,10.3858,per_usd
2023-02-27,10.3538,per_usd
2023-02-28,10.3419,per_usd
2023-03-01,10.3818,per_usd
2023-03-02,10.4507,per_usd
2023-03-03,10.4191,per_usd
2023-03-06,10.4113,per_usd
2023-03-07,10.6695,per_usd
2023-03-08,10.6576,per_usd
2023-03-09,10.6338,per_usd
2023-03-10,10.6051,per_usd
2023-03-13,10.5307,per_usd
2023-03-14,10.547,per_usd
2023-03-15,10.8182,per_usd
2023-03-16,10.7916,per_usd
2023-03-17,10.7036,per_usd
2023-03-20,10.6669,per_usd
2023-03-21,10.5567,per_usd
2023-03-22,10.4847,per_usd
2023-03-23,10.288,per_usd
2023-03-24,10.4917,per_usd
2023-03-27,10.4944,per_usd
2023-03-28,10.3539,per_usd
2023-03-29,10.4332,per_usd
2023-03-30,10.4087,per_usd
2023-03-31,10.4445,per_usd
2023-04-03,10.3012,per_usd
2023-04-04,10.3104,per_usd
2023-04-05,10.4222,per_usd
2023-04-06,10.4344,per_usd
2023-04-07,10.4344,per_usd
2023-04-10,10.5491,per_usd
2023-04-11,10.579,per_usd
2023-04-12,10.4484,per_usd
2023-04-13,10.3057,per_usd
2023-04-14,10.3961,per_usd
2023-04-17,10.4878,per_usd
2023-04-18,10.48,per_usd
2023-04-19,10.5786,per_usd
2023-04-20,10.5899,per_usd
2023-04-21,10.5971,per_usd
2023-04-24,10.567,per_usd
2023-04-25,10.6872,per_usd
2023-04-26,10.6203,per_usd
2023-04-27,10.6486,per_usd
2023-04-28,10.644,per_usd
2023-05-01,10.7417,per_usd
2023-05-02,10.8043,per_usd
2023-05-03,10.7685,per_usd
2023-05-04,10.7243,per_usd
2023-05-05,10.5724,per_usd
2023-05-08,10.4843,per_usd
2023-05-09,10.5854,per_usd
2023-05-10,10.5075,per_usd
2023-05-11,10.6612,per_usd
2023-05-12,10.6915,per_usd
2023-05-15,10.6089,per_usd
2023-05-16,10.7171,per_usd
2023-05-17,10.8018,per_usd
2023-05-18,10.919,per_usd
2023-05-19,10.8464,per_usd
2023-05-22,10.9064,per_usd
2023-05-23,10.9384,per_usd
2023-05-24,10.9635,per_usd
2023-05-25,11.0608,per_usd
2023-05-26,11.0959,per_usd
2023-05-30,11.1973,per_usd
2023-05-31,11.1685,per_usd
2023-06-01,11.0618,per_usd
2023-06-02,11.0275,per_usd
2023-06-05,11.0243,per_usd
2023-06-06,11.0775,per_usd
2023-06-07,11.0376,per_usd
2023-06-08,10.9167,per_usd
2023-06-09,10.7597,per_usd
2023-06-12,10.8118,per_usd
2023-06-13,10.6509,per_usd
2023-06-14,10.5558,per_usd
2023-06-15,10.5061,per_usd
2023-06-16,10.5722,per_usd
2023-06-20,10.7727,per_usd
2023-06-21,10.6964,per_usd
2023-06-22,10.6341,per_usd
2023-06-23,10.8652,per_usd
2023-06-26,10.7118,per_usd
2023-06-27,10.7558,per_usd
2023-06-28,10.7822,per_usd
2023-06-29,10.7935,per_usd
2023-06-30,10.7108,per_usd
2023-07-03,10.6827,per_usd
2023-07-05,10.6615,per_usd
2023-07-06,10.7681,per_usd
2023-07-07,10.6093,per_usd
2023-07-10,10.511,per_usd
2023-07-11,10.3717,per_usd
2023-07-12,10.1108,per_usd
2023-07-13,9.9999,per_usd
2023-07-14,10.0119,per_usd
2023-07-17,10.0259,per_usd
2023-07-18,10.0563,per_usd
2023-07-19,10.0533,per_usd
2023-07-20,10.0898,per_usd
2023-07-21,10.0851,per_usd
2023-07-24,10.0565,per_usd
2023-07-25,10.0693,per_usd
2023-07-26,10.1221,per_usd
2023-07-27,10.1242,per_usd
2023-07-28,10.1558,per_usd
2023-07-31,10.1113,per_usd
2023-08-01,10.2211,per_usd
2023-08-02,10.2818,per_usd
2023-08-03,10.2361,per_usd
2023-08-04,10.1015,per_usd
2023-08-07,10.1629,per_usd
2023-08-08,10.296,per_usd
2023-08-09,10.2226,per_usd
2023-08-10,10.2289,per_usd
2023-08-11,10.4298,per_usd
2023-08-14,10.457,per_usd
2023-08-15,10.4955,per_usd
2023-08-16,10.5607,per_usd
2023-08-17,10.5694,per_usd
2023-08-18,10.6326,per_usd
2023-08-21,10.6276,per_usd
2023-08-22,10.6328,per_usd
2023-08-23,10.6071,per_usd
2023-08-24,10.6876,per_usd
2023-08-25,10.719,per_usd
2023-08-28,10.7201,per_usd
2023-08-29,10.6469,per_usd
2023-08-30,10.5662,per_usd
2023-08-31,10.666,per_usd
2023-09-01,10.6784,per_usd
2023-09-05,10.7061,per_usd
2023-09-06,10.7354,per_usd
2023-09-07,10.7123,per_usd
2023-09-08,10.6729,per_usd
2023-09-11,10.6516,per_usd
2023-09-12,10.6874,per_usd
2023-09-13,10.7017,per_usd
2023-09-14,10.7305,per_usd
2023-09-15,10.756,per_usd
2023-09-18,10.7833,per_usd
2023-09-19,10.7549,per_usd
2023-09-20,10.7093,per_usd
2023-09-21,10.7736,per_usd
2023-09-22,10.7284,per_usd
2023-09-25,10.7926,per_usd
2023-09-26,10.814,per_usd
2023-09-27,10.7406,per_usd
2023-09-28,10.706,per_usd
2023-09-29,10.6589,per_usd
2023-10-02,10.8247,per_usd
2023-10-03,11.013,per_usd
2023-10-04,10.9887,per_usd
2023-10-05,11.0008,per_usd
2023-10-06,10.9135,per_usd
2023-10-10,10.7965,per_usd
2023-10-11,10.8563,per_usd
2023-10-12,10.9499,per_usd
2023-10-13,10.9556,per_usd
2023-10-16,10.9527,per_usd
2023-10-17,10.943,per_usd
2023-10-18,11.0617,per_usd
2023-10-19,11.0333,per_usd
2023-10-20,11.0433,per_usd
2023-10-23,11.0782,per_usd
2023-10-24,11.1759,per_usd
2023-10-25,11.1728,per_usd
2023-10-26,11.2309,per_usd
2023-10-27,11.1627,per_usd
2023-10-30,11.145,per_usd
2023-10-31,11.1726,per_usd
2023-11-01,11.2275,per_usd
2023-11-02,11.176,per_usd
2023-11-03,11.0499,per_usd
2023-11-06,11.0212,per_usd
2023-11-07,11.2065,per_usd
2023-11-08,11.1761,per_usd
2023-11-09,11.1403,per_usd
2023-11-13,11.0746,per_usd
2023-11-14,10.8949,per_usd
2023-11-15,10.7899,per_usd
2023-11-16,10.933,per_usd
2023-11-17,10.8463,per_usd
2023-11-20,10.6969,per_usd
2023-11-21,10.6475,per_usd
2023-11-22,10.8006,per_usd
2023-11-24,10.7008,per_usd
2023-11-27,10.6734,per_usd
2023-11-28,10.6156,per_usd
2023-11-29,10.6595,per_usd
2023-11-30,10.7717,per_usd
2023-12-01,10.6668,per_usd
2023-12-04,10.8411,per_usd
2023-12-05,10.925,per_usd
2023-12-06,10.9438,per_usd
2023-12-07,10.8769,per_usd
2023-12-08,10.9127,per_usd
2023-12-11,10.9698,per_usd
2023-12-12,10.9791,per_usd
2023-12-13,10.9236,per_usd
2023-12-14,10.4659,per_usd
2023-12-15,10.4461,per_usd
2023-12-18,10.4021,per_usd
2023-12-19,10.2713,per_usd
2023-12-20,10.3055,per_usd
2023-12-21,10.2894,per_usd
2023-12-22,10.2164,per_usd
2023-12-26,10.1864,per_usd
2023-12-27,10.0729,per_usd
2023-12-28,10.1706,per_usd
2023-12-29,10.122,per_usd
2024-01-02,10.3202,per_usd
2024-01-03,10.3649,per_usd
2024-01-04,10.2978,per_usd
2024-01-05,10.2803,per_usd
2024-01-08,10.3563,per_usd
2024-01-09,10.3454,per_usd
2024-01-10,10.3518,per_usd
2024-01-11,10.3553,per_usd
2024-01-12,10.2856,per_usd
2024-01-16,10.452,per_usd
2024-01-17,10.53,per_usd
2024-01-18,10.528,per_usd
2024-01-19,10.514,per_usd
2024-01-22,10.4934,per_usd
2024-01-23,10.5354,per_usd
2024-01-24,10.4411,per_usd
2024-01-25,10.4651,per_usd
2024-01-26,10.4078,per_usd
2024-01-29,10.4575,per_usd
2024-01-30,10.4481,per_usd
2024-01-31,10.4566,per_usd
2024-02-01,10.4235,per_usd
2024-02-02,10.6235,per_usd
2024-02-05,10.7004,per_usd
2024-02-06,10.6165,per_usd
2024-02-07,10.5675,per_usd
2024-02-08,10.6099,per_usd
2024-02-09,10.5655,per_usd
2024-02-12,10.5016,per_usd
2024-02-13,10.6584,per_usd
2024-02-14,10.5822,per_usd
2024-02-15,10.5456,per_usd
2024-02-16,10.5154,per_usd
2024-02-20,10.4805,per_usd
2024-02-21,10.4779,per_usd
2024-02-22,10.5111,per_usd
2024-02-23,10.5281,per_usd
2024-02-26,10.5099,per_usd
2024-02-27,10.524,per_usd
2024-02-28,10.575,per_usd
2024-02-29,10.6081,per_usd
2024-03-01,10.5231,per_usd
2024-03-04,10.5508,per_usd
2024-03-05,10.5538,per_usd
2024-03-06,10.4798,per_usd
2024-03-07,10.4143,per_usd
2024-03-08,10.4118,per_usd
2024-03-11,10.4658,per_usd
2024-03-12,10.5265,per_usd
2024-03-13,10.4771,per_usd
2024-03-14,10.5561,per_usd
2024-03-15,10.6019,per_usd
2024-03-18,10.6425,per_usd
2024-03-19,10.6549,per_usd
2024-03-20,10.6598,per_usd
2024-03-21,10.6814,per_usd
2024-03-22,10.7442,per_usd
2024-03-25,10.7086,per_usd
2024-03-26,10.7429,per_usd
2024-03-27,10.7867,per_usd
2024-03-28,10.8418,per_usd
2024-03-29,10.8299,per_usd
2024-04-01,10.967,per_usd
2024-04-02,10.8376,per_usd
2024-04-03,10.718,per_usd
2024-04-04,10.6909,per_usd
2024-04-05,10.715,per_usd
2024-04-08,10.7019,per_usd
2024-04-09,10.6785,per_usd
2024-04-10,10.8396,per_usd
2024-04-11,10.8545,per_usd
2024-04-12,10.8883,per_usd
2024-04-15,10.9362,per_usd
2024-04-16,10.9705,per_usd
2024-04-17,11.0356,per_usd
2024-04-18,11.0271,per_usd
2024-04-19,11.0208,per_usd
2024-04-22,11.0217,per_usd
2024-04-23,10.9372,per_usd
2024-04-24,10.9977,per_usd
2024-04-25,10.9825,per_usd
2024-04-26,11.031,per_usd
2024-04-29,10.9929,per_usd
2024-04-30,11.0823,per_usd
2024-05-01,11.0801,per_usd
2024-05-02,11.0355,per_usd
2024-05-03,10.8475,per_usd
2024-05-06,10.8272,per_usd
2024-05-07,10.8821,per_usd
2024-05-08,10.8916,per_usd
2024-05-09,10.8768,per_usd
2024-05-10,10.8389,per_usd
2024-05-13,10.8147,per_usd
2024-05-14,10.8193,per_usd
2024-05-15,10.7174,per_usd
2024-05-16,10.688,per_usd
2024-05-17,10.683,per_usd
2024-05-20,10.6899,per_usd
2024-05-21,10.6735,per_usd
2024-05-22,10.6873,per_usd
2024-05-23,10.6571,per_usd
2024-05-24,10.5697,per_usd
2024-05-28,10.4705,per_usd
2024-05-29,10.5831,per_usd
2024-05-30,10.5246,per_usd
2024-05-31,10.5175,per_usd
2024-06-03,10.4606,per_usd
2024-06-04,10.5867,per_usd
2024-06-05,10.5908,per_usd
2024-06-06,10.5651,per_usd
2024-06-07,10.7045,per_usd
2024-06-10,10.6594,per_usd
2024-06-11,10.727,per_usd
2024-06-12,10.5076,per_usd
2024-06-13,10.6559,per_usd
2024-06-14,10.6802,per_usd
2024-06-17,10.7011,per_usd
2024-06-18,10.5923,per_usd
2024-06-20,10.5432,per_usd
2024-06-21,10.5695,per_usd
2024-06-24,10.5411,per_usd
2024-06-25,10.6061,per_usd
2024-06-26,10.6795,per_usd
2024-06-27,10.662,per_usd
2024-06-28,10.6607,per_usd
2024-07-01,10.6676,per_usd
2024-07-02,10.6908,per_usd
2024-07-03,10.5394,per_usd
2024-07-05,10.5502,per_usd
2024-07-08,10.5899,per_usd
2024-07-09,10.616,per_usd
2024-07-10,10.7095,per_usd
2024-07-11,10.7068,per_usd
2024-07-12,10.723,per_usd
2024-07-15,10.7879,per_usd
2024-07-16,10.828,per_usd
2024-07-17,10.7238,per_usd
2024-07-18,10.7739,per_usd
2024-07-19,10.8995,per_usd
2024-07-22,10.9786,per_usd
2024-07-23,11.0317,per_usd
2024-07-24,11.0116,per_usd
2024-07-25,11.0203,per_usd
2024-07-26,11.0122,per_usd
2024-07-29,11.0035,per_usd
2024-07-30,10.9718,per_usd
2024-07-31,10.9194,per_usd
2024-08-01,10.9136,per_usd
2024-08-02,10.9435,per_usd
2024-08-05,11.0417,per_usd
2024-08-06,10.891,per_usd
2024-08-07,10.7708,per_usd
2024-08-08,10.8515,per_usd
2024-08-09,10.8055,per_usd
2024-08-12,10.7883,per_usd
2024-08-13,10.7724,per_usd
2024-08-14,10.6865,per_usd
2024-08-15,10.722,per_usd
2024-08-16,10.7266,per_usd
2024-08-19,10.5797,per_usd
2024-08-20,10.5043,per_usd
2024-08-21,10.4954,per_usd
2024-08-22,10.5911,per_usd
2024-08-23,10.4783,per_usd
2024-08-26,10.5384,per_usd
2024-08-27,10.4834,per_usd
2024-08-28,10.4949,per_usd
2024-08-29,10.4923,per_usd
2024-08-30,10.6082,per_usd
2024-09-03,10.6916,per_usd
2024-09-04,10.6315,per_usd
2024-09-05,10.6473,per_usd
2024-09-06,10.7085,per_usd
2024-09-09,10.8228,per_usd
2024-09-10,10.8523,per_usd
2024-09-11,10.8649,per_usd
2024-09-12,10.7736,per_usd
2024-09-13,10.6476,per_usd
2024-09-16,10.6091,per_usd
2024-09-17,10.5973,per_usd
2024-09-18,10.5978,per_usd
2024-09-19,10.4884,per_usd
2024-09-20,10.5033,per_usd
2024-09-23,10.4781,per_usd
2024-09-24,10.4416,per_usd
2024-09-25,10.5487,per_usd
2024-09-26,10.5052,per_usd
2024-09-27,10.5021,per_usd
2024-09-30,10.5395,per_usd
2024-10-01,10.6073,per_usd
2024-10-02,10.5684,per_usd
2024-10-03,10.6294,per_usd
2024-10-04,10.6681,per_usd
2024-10-07,10.636,per_usd
2024-10-08,10.7251,per_usd
2024-10-09,10.7693,per_usd
2024-10-10,10.7396,per_usd
2024-10-11,10.6981,per_usd
2024-10-15,10.8315,per_usd
2024-10-16,10.9303,per_usd
2024-10-17,10.9422,per_usd
2024-10-18,10.9378,per_usd
2024-10-21,10.9689,per_usd
2024-10-22,10.9223,per_usd
2024-10-23,11.0052,per_usd
2024-10-24,10.9598,per_usd
2024-10-25,10.9438,per_usd
2024-10-28,10.9866,per_usd
2024-10-29,10.9651,per_usd
2024-10-30,10.9397,per_usd
2024-10-31,11.0315,per_usd
2024-11-01,11.0471,per_usd
2024-11-04,10.9983,per_usd
2024-11-05,10.9528,per_usd
2024-11-06,11.0705,per_usd
2024-11-07,10.8546,per_usd
2024-11-08,11.0293,per_usd
2024-11-12,11.1005,per_usd
2024-11-13,11.1341,per_usd
2024-11-14,11.1052,per_usd
2024-11-15,11.0704,per_usd
2024-11-18,11.023,per_usd
2024-11-19,10.9847,per_usd
2024-11-20,11.062,per_usd
2024-11-21,11.087,per_usd
2024-11-22,11.1023,per_usd
2024-11-25,11.1065,per_usd
2024-11-26,11.1769,per_usd
2024-11-27,11.0504,per_usd
2024-11-29,11.0652,per_usd
2024-12-02,11.1294,per_usd
2024-12-03,11.0495,per_usd
2024-12-04,11.0324,per_usd
2024-12-05,11.0548,per_usd
2024-12-06,11.1527,per_usd
2024-12-09,11.1002,per_usd
2024-12-10,11.1644,per_usd
2024-12-11,11.1358,per_usd
2024-12-12,11.1154,per_usd
2024-12-13,11.1414,per_usd
2024-12-16,11.151,per_usd
2024-12-17,11.1909,per_usd
2024-12-18,11.2439,per_usd
2024-12-19,11.4562,per_usd
2024-12-20,11.3429,per_usd
2024-12-23,11.3588,per_usd
2024-12-24,11.3736,per_usd
2024-12-26,11.3583,per_usd
2024-12-27,11.3549,per_usd
2024-12-30,11.3543,per_usd
2024-12-31,11.3683,per_usd
2025-01-02,11.3707,per_usd
2025-01-03,11.3771,per_usd
2025-01-06,11.2771,per_usd
2025-01-07,11.3302,per_usd
2025-01-08,11.3892,per_usd
2025-01-09,11.394,per_usd
2025-01-10,11.4735,per_usd
2025-01-13,11.4668,per_usd
2025-01-14,11.3947,per_usd
2025-01-15,11.3406,per_usd
2025-01-16,11.3509,per_usd
2025-01-17,11.4145,per_usd
2025-01-21,11.3019,per_usd
2025-01-22,11.2642,per_usd
2025-01-23,11.2642,per_usd
2025-01-24,11.1732,per_usd
2025-01-27,11.2499,per_usd
2025-01-28,11.2984,per_usd
2025-01-29,11.2976,per_usd
2025-01-30,11.2847,per_usd
2025-01-31,11.2894,per_usd
2025-02-03,11.4094,per_usd
2025-02-04,11.2377,per_usd
2025-02-05,11.2093,per_usd
2025-02-06,11.2281,per_usd
2025-02-07,11.2549,per_usd
2025-02-10,11.2041,per_usd
2025-02-11,11.2009,per_usd
2025-02-12,11.253,per_usd
2025-02-13,11.1967,per_usd
2025-02-14,11.1078,per_usd
2025-02-18,11.1471,per_usd
2025-02-19,11.1442,per_usd
2025-02-20,11.1212,per_usd
2025-02-21,11.1177,per_usd
2025-02-24,11.105,per_usd
2025-02-25,11.1236,per_usd
2025-02-26,11.1309,per_usd
2025-02-27,11.2422,per_usd
2025-02-28,11.2411,per_usd
2025-03-03,11.1568,per_usd
2025-03-04,11.2014,per_usd
2025-03-05,10.9595,per_usd
2025-03-06,10.8578,per_usd
2025-03-07,10.825,per_usd
2025-03-10,10.7645,per_usd
2025-03-11,10.6746,per_usd
2025-03-12,10.6226,per_usd
2025-03-13,10.6776,per_usd
2025-03-14,10.6572,per_usd
2025-03-17,10.5346,per_usd
2025-03-18,10.5759,per_usd
2025-03-19,10.5909,per_usd
2025-03-20,10.5713,per_usd
2025-03-21,10.5437,per_usd
2025-03-24,10.5198,per_usd
2025-03-25,10.4883,per_usd
2025-03-26,10.5222,per_usd
2025-03-27,10.5051,per_usd
2025-03-28,10.4644,per_usd
2025-03-31,10.5292,per_usd
2025-04-01,10.4563,per_usd
2025-04-02,10.3959,per_usd
2025-04-03,10.318,per_usd
2025-04-04,10.7075,per_usd
2025-04-07,11.0103,per_usd
2025-04-08,10.9065,per_usd
2025-04-09,10.9956,per_usd
2025-04-10,10.8328,per_usd
2025-04-11,10.7062,per_usd
2025-04-14,10.6027,per_usd
2025-04-15,10.6184,per_usd
2025-04-16,10.554,per_usd
2025-04-17,10.4788,per_usd
2025-04-18,10.4823,per_usd
2025-04-21,10.3878,per_usd
2025-04-22,10.3368,per_usd
2025-04-23,10.4755,per_usd
2025-04-24,10.4231,per_usd
2025-04-25,10.4064,per_usd
2025-04-28,10.3601,per_usd
2025-04-29,10.3606,per_usd
2025-04-30,10.3869,per_usd
2025-05-01,10.4554,per_usd
2025-05-02,10.3927,per_usd
2025-05-05,10.3929,per_usd
2025-05-06,10.2899,per_usd
2025-05-07,10.2994,per_usd
2025-05-08,10.3952,per_usd
2025-05-09,10.3406,per_usd
2025-05-12,10.4448,per_usd
2025-05-13,10.36,per_usd
2025-05-14,10.3593,per_usd
2025-05-15,10.4183,per_usd
2025-05-16,10.3987,per_usd
2025-05-19,10.2983,per_usd
2025-05-20,10.2976,per_usd
2025-05-21,10.1318,per_usd
2025-05-22,10.21,per_usd
2025-05-23,10.1108,per_usd
2025-05-27,10.1586,per_usd
2025-05-28,10.1763,per_usd
2025-05-29,10.1247,per_usd
2025-05-30,10.2124,per_usd
2025-06-02,10.0842,per_usd
2025-06-03,10.1481,per_usd
2025-06-04,10.098,per_usd
2025-06-05,10.0696,per_usd
2025-06-06,10.1074,per_usd
2025-06-09,10.0534,per_usd
2025-06-10,10.0929,per_usd
2025-06-11,10.0713,per_usd
2025-06-12,9.9366,per_usd
2025-06-13,9.9048,per_usd
2025-06-16,9.9035,per_usd
2025-06-17,9.8899,per_usd
2025-06-18,9.955,per_usd
2025-06-20,10.1183,per_usd
2025-06-23,10.1007,per_usd
2025-06-24,10.1219,per_usd
2025-06-25,10.1505,per_usd
2025-06-26,10.0601,per_usd
2025-06-27,10.0757,per_usd
2025-06-30,10.0962,per_usd
2025-07-01,10.0861,per_usd
2025-07-02,10.0951,per_usd
2025-07-03,10.0631,per_usd
2025-07-07,10.0922,per_usd
2025-07-08,10.1056,per_usd
2025-07-09,10.099,per_usd
2025-07-10,10.0897,per_usd
2025-07-11,10.1217,per_usd
2025-07-14,10.1361,per_usd
2025-07-15,10.2281,per_usd
2025-07-16,10.2646,per_usd
2025-07-17,10.3061,per_usd
2025-07-18,10.1646,per_usd
2025-07-21,10.1555,per_usd
2025-07-22,10.087,per_usd
2025-07-23,10.1057,per_usd
2025-07-24,10.108,per_usd
2025-07-25,10.175,per_usd
2025-07-28,10.1801,per_usd
2025-07-29,10.2173,per_usd
2025-07-30,10.2706,per_usd
2025-07-31,10.3091,per_usd
2025-08-01,10.2562,per_usd
2025-08-04,10.2671,per_usd
2025-08-05,10.2561,per_usd
2025-08-06,10.1844,per_usd
2025-08-07,10.2416,per_usd
2025-08-08,10.272,per_usd
2025-08-11,10.2361,per_usd
2025-08-12,10.2135,per_usd
2025-08-13,10.1981,per_usd
2025-08-14,10.226,per_usd
2025-08-15,10.183,per_usd
2025-08-18,10.2009,per_usd
2025-08-19,10.2723,per_usd
2025-08-20,10.2389,per_usd
2025-08-21,10.1878,per_usd
2025-08-22,10.0516,per_usd
2025-08-25,10.0935,per_usd
2025-08-26,10.1158,per_usd
2025-08-27,10.1138,per_usd
2025-08-28,10.0737,per_usd
2025-08-29,10.0537,per_usd
2025-09-02,10.034,per_usd
2025-09-03,10.0254,per_usd
2025-09-04,10.1112,per_usd
2025-09-05,10.0219,per_usd
2025-09-08,9.9912,per_usd
2025-09-09,9.9741,per_usd
2025-09-10,9.9039,per_usd
2025-09-11,9.8703,per_usd
2025-09-12,9.8846,per_usd
2025-09-15,9.8323,per_usd
2025-09-16,9.7704,per_usd
2025-09-17,9.8034,per_usd
2025-09-18,9.8893,per_usd
2025-09-19,9.9434,per_usd
2025-09-22,9.9401,per_usd
2025-09-23,9.8976,per_usd
2025-09-24,9.9457,per_usd
2025-09-25,10.0282,per_usd
2025-09-26,9.9768,per_usd
2025-09-29,9.978,per_usd
2025-09-30,9.9841,per_usd
2025-10-01,9.9283,per_usd
2025-10-02,10.0095,per_usd
2025-10-03,9.9297,per_usd
2025-10-06,9.9193,per_usd
2025-10-07,9.9593,per_usd
2025-10-08,9.9875,per_usd
2025-10-09,10.0708,per_usd
2025-10-10,10.1161,per_usd
2025-10-14,10.1592,per_usd
2025-10-15,10.0986,per_usd
2025-10-16,10.0638,per_usd
2025-10-17,10.0608,per_usd
2025-10-20,10.0427,per_usd
2025-10-21,10.0433,per_usd
2025-10-22,10.0117,per_usd
2025-10-23,9.9809,per_usd
2025-10-24,10.009,per_usd
2025-10-27,9.9852,per_usd
2025-10-28,9.9657,per_usd
2025-10-29,9.9592,per_usd
2025-10-30,10.0504,per_usd
2025-10-31,10.1175,per_usd
2025-11-03,10.1149,per_usd
2025-11-04,10.1961,per_usd
2025-11-05,10.2103,per_usd
2025-11-06,10.2215,per_usd
2025-11-07,10.1519,per_usd
2025-11-10,10.1395,per_usd
2025-11-12,10.0817,per_usd
2025-11-13,10.0014,per_usd
2025-11-14,10.0932,per_usd
2025-11-17,10.0799,per_usd
2025-11-18,10.1167,per_usd
2025-11-19,10.185,per_usd
2025-11-20,10.2071,per_usd
2025-11-21,10.2532,per_usd
2025-11-24,10.2378,per_usd
2025-11-25,10.2466,per_usd
2025-11-26,10.1981,per_usd
2025-11-28,10.1157,per_usd
2025-12-01,10.1258,per_usd
2025-12-02,10.1567,per_usd
2025-12-03,10.0675,per_usd
2025-12-04,10.0901,per_usd
2025-12-05,10.1142,per_usd
2025-12-08,10.1338,per_usd
2025-12-09,10.1357,per_usd
2025-12-10,10.1358,per_usd
2025-12-11,10.0658,per_usd
2025-12-12,10.151,per_usd
2025-12-15,10.1476,per_usd
2025-12-16,10.1723,per_usd
2025-12-17,10.2148,per_usd
2025-12-18,10.1615,per_usd
2025-12-19,10.1257,per_usd
2025-12-22,10.1114,per_usd
2025-12-23,10.0598,per_usd
2025-12-24,10.0068,per_usd
2025-12-26,10.015,per_usd
2025-12-29,10.0474,per_usd
2025-12-30,10.0307,per_usd
2025-12-31,10.0816,per_usd
2026-01-02,10.0531,per_usd
2026-01-05,10.0318,per_usd
2026-01-06,10.0449,per_usd
2026-01-07,10.0801,per_usd
2026-01-08,10.0937,per_usd
2026-01-09,10.0993,per_usd
2026-01-12,10.0711,per_usd
2026-01-13,10.0848,per_usd
2026-01-14,10.0458,per_usd
2026-01-15,10.1112,per_usd
2026-01-16,10.0954,per_usd
2026-01-20,9.97,per_usd
2026-01-21,9.9576,per_usd
2026-01-22,9.8719,per_usd
2026-01-23,9.8123,per_usd
2026-01-26,9.7533,per_usd
2026-01-27,9.616,per_usd
2026-01-28,9.6338,per_usd
2026-01-29,9.5645,per_usd
2026-01-30,9.5902,per_usd
2026-02-02,9.6955,per_usd
2026-02-03,9.6404,per_usd
2026-02-04,9.6933,per_usd
2026-02-05,9.7476,per_usd
2026-02-06,9.6642,per_usd
2026-02-09,9.5869,per_usd
2026-02-10,9.5268,per_usd
2026-02-11,9.4677,per_usd
2026-02-12,9.5251,per_usd
2026-02-13,9.5105,per_usd
2026-02-17,9.5692,per_usd
2026-02-18,9.5064,per_usd
2026-02-19,9.5765,per_usd
2026-02-20,9.5238,per_usd
2026-02-23,9.5604,per_usd
2026-02-24,9.5502,per_usd
2026-02-25,9.5506,per_usd
2026-02-26,9.5457,per_usd
2026-02-27,9.5095,per_usd
2026-03-02,9.5941,per_usd
2026-03-03,9.6968,per_usd
2026-03-04,9.6308,per_usd
2026-03-05,9.6838,per_usd
2026-03-06,9.5795,per_usd
2026-03-09,9.6287,per_usd
2026-03-10,9.6007,per_usd
2026-03-11,9.6472,per_usd
2026-03-12,9.676,per_usd
2026-03-13,9.7425,per_usd
2026-03-16,9.683,per_usd
2026-03-17,9.5938,per_usd
2026-03-18,9.5772,per_usd
2026-03-19,9.5353,per_usd
2026-03-20,9.5782,per_usd
2026-03-23,9.7374,per_usd
2026-03-24,9.6913,per_usd
2026-03-25,9.6948,per_usd
2026-03-26,9.6761,per_usd
2026-03-27,9.7318,per_usd
2026-03-30,9.765,per_usd
2026-03-31,9.7454,per_usd
2026-04-01,9.702,per_usd
2026-04-02,9.732,per_usd
2026-04-03,9.7871,per_usd
2026-04-06,9.707,per_usd
2026-04-07,9.6359,per_usd
2026-04-08,9.5588,per_usd
2026-04-09,9.482,per_usd
2026-04-10,9.5059,per_usd
2026-04-13,9.4899,per_usd
2026-04-14,9.4518,per_usd
2026-04-15,9.3941,per_usd
2026-04-16,9.3626,per_usd
2026-04-17,9.3702,per_usd
2026-04-20,9.3053,per_usd
2026-04-21,9.3353,per_usd
2026-04-22,9.3001,per_usd
2026-04-23,9.3064,per_usd
2026-04-24,9.3331,per_usd
2026-04-27,9.286,per_usd
2026-04-28,9.3149,per_usd
2026-04-29,9.2936,per_usd
2026-04-30,9.2918,per_usd
2026-05-01,9.2533,per_usd
2026-05-04,9.2748,per_usd
2026-05-05,9.2402,per_usd
2026-05-06,9.2722,per_usd
2026-05-07,9.2899,per_usd
2026-05-08,9.2143,per_usd
2026-05-11,9.1816,per_usd
2026-05-12,9.1968,per_usd
2026-05-13,9.1616,per_usd
2026-05-14,9.2235,per_usd
2026-05-15,9.3147,per_usd
2026-05-18,9.2639,per_usd
2026-05-19,9.2729,per_usd
2026-05-20,9.2708,per_usd
2026-05-21,9.2641,per_usd
2026-05-22,9.2704,per_usd
2026-05-26,9.2808,per_usd
2026-05-27,9.2811,per_usd
2026-05-28,9.2538,per_usd
2026-05-29,9.2393,per_usd
2026-06-01,9.2824,per_usd
2026-06-02,9.2769,per_usd
2026-06-03,9.3144,per_usd
2026-06-04,9.3311,per_usd
2026-06-05,9.4471,per_usd
2026-06-08,9.4576,per_usd
2026-06-09,9.4986,per_usd
2026-06-10,9.4491,per_usd
2026-06-11,9.5258,per_usd
2026-06-12,9.5004,per_usd
2026-06-15,9.5237,per_usd
2026-06-16,9.48,per_usd
2026-06-17,9.505,per_usd
2026-06-18,9.7247,per_usd
2026-06-22,9.6933,per_usd
2026-06-23,9.7873,per_usd
2026-06-24,9.8565,per_usd
2026-06-25,9.8377,per_usd
2026-06-26,9.9116,per_usd
2026-06-29,9.9257,per_usd
2026-06-30,9.9068,per_usd
2026-07-01,9.9093,per_usd
2026-07-02,9.8328,per_usd
2026-07-06,9.818,per_usd
2026-07-07,9.7948,per_usd
2026-07-08,9.804,per_usd
2026-07-09,9.7102,per_usd
2026-07-10,9.7625,per_usd
2026-07-13,9.7733,per_usd
2026-07-14,9.6867,per_usd
2026-07-15,9.6756,per_usd
2026-07-16,9.6657,per_usd
2026-07-17,9.6467,per_usd
2026-07-20,9.6731,per_usd
2026-07-21,9.6279,per_usd
2026-07-22,9.6025,per_usd
2026-07-23,9.6169,per_usd
2026-07-24,9.5727,per_usd
2026-07-27,9.6571,per_usd
2026-07-28,9.6893,per_usd
2026-07-29,9.6559,per_usd
2026-07-30,9.5335,per_usd
2026-07-31,9.4877,per_usd
2026-08-03,9.5362,per_usd
2026-08-04,9.5505,per_usd
2026-08-05,9.5271,per_usd
2026-08-06,9.5525,per_usd
2026-08-07,9.4895,per_usd
2026-08-10,9.4823,per_usd
2026-08-11,9.4944,per_usd
2026-08-12,9.4733,per_usd
2026-08-13,9.5045,per_usd
2026-08-14,9.4314,per_usd
