date,value,quote
1971-01-04,0.8978,per_usd
1971-01-05,0.8974,per_usd
1971-01-06,0.8968,per_usd
1971-01-07,0.8969,per_usd
1971-01-08,0.8965,per_usd
1971-01-11,0.8958,per_usd
1971-01-12,0.8955,per_usd
1971-01-13,0.8947,per_usd
1971-01-14,0.8929,per_usd
1971-01-15,0.8934,per_usd
1971-01-18,0.8936,per_usd
1971-01-19,0.8925,per_usd
1971-01-20,0.8925,per_usd
1971-01-21,0.8921,per_usd
1971-01-22,0.8917,per_usd
1971-01-25,0.89,per_usd
1971-01-26,0.8896,per_usd
1971-01-27,0.8895,per_usd
1971-01-28,0.8892,per_usd
1971-01-29,0.889,per_usd
1971-02-01,0.8887,per_usd
1971-02-02,0.8888,per_usd
1971-02-03,0.8887,per_usd
1971-02-04,0.8893,per_usd
1971-02-05,0.8901,per_usd
1971-02-08,0.8887,per_usd
1971-02-09,0.8899,per_usd
1971-02-10,0.8896,per_usd
1971-02-11,0.8897,per_usd
1971-02-16,0.8883,per_usd
1971-02-17,0.8883,per_usd
1971-02-18,0.8884,per_usd
1971-02-19,0.8885,per_usd
1971-02-22,0.8884,per_usd
1971-02-23,0.8883,per_usd
1971-02-24,0.8883,per_usd
1971-02-25,0.889,per_usd
1971-02-26,0.8896,per_usd
1971-03-01,0.8895,per_usd
1971-03-02,0.8887,per_usd
1971-03-03,0.8883,per_usd
1971-03-04,0.8889,per_usd
1971-03-05,0.8887,per_usd
1971-03-08,0.8884,per_usd
1971-03-09,0.8884,per_usd
1971-03-10,0.8884,per_usd
1971-03-11,0.8886,per_usd
1971-03-12,0.8883,per_usd
1971-03-15,0.8883,per_usd
1971-03-16,0.8887,per_usd
1971-03-17,0.8883,per_usd
1971-03-18,0.8885,per_usd
1971-03-19,0.8885,per_usd
1971-03-22,0.8883,per_usd
1971-03-23,0.8883,per_usd
1971-03-24,0.8883,per_usd
1971-03-25,0.8887,per_usd
1971-03-26,0.8886,per_usd
1971-03-29,0.8883,per_usd
1971-03-30,0.8888,per_usd
1971-03-31,0.8893,per_usd
1971-04-01,0.8901,per_usd
1971-04-02,0.8909,per_usd
1971-04-05,0.8895,per_usd
1971-04-06,0.8885,per_usd
1971-04-07,0.8892,per_usd
1971-04-08,0.8893,per_usd
1971-04-09,0.8893,per_usd
1971-04-12,0.8892,per_usd
1971-04-13,0.8893,per_usd
1971-04-14,0.8889,per_usd
1971-04-15,0.8886,per_usd
1971-04-16,0.8887,per_usd
1971-04-19,0.8884,per_usd
1971-04-20,0.8883,per_usd
1971-04-21,0.8883,per_usd
1971-04-22,0.8886,per_usd
1971-04-23,0.8885,per_usd
1971-04-26,0.8886,per_usd
1971-04-27,0.8885,per_usd
1971-04-28,0.8883,per_usd
1971-04-29,0.8884,per_usd
1971-04-30,0.8883,per_usd
1971-05-03,0.8885,per_usd
1971-05-04,0.8887,per_usd
1971-05-05,0.8883,per_usd
1971-05-06,0.8887,per_usd
1971-05-07,0.8885,per_usd
1971-05-10,0.889,per_usd
1971-05-11,0.8892,per_usd
1971-05-12,0.8887,per_usd
1971-05-13,0.8887,per_usd
1971-05-14,0.8887,per_usd
1971-05-17,0.8884,per_usd
1971-05-18,0.8885,per_usd
1971-05-19,0.8883,per_usd
1971-05-20,0.8884,per_usd
1971-05-21,0.8883,per_usd
1971-05-24,0.8883,per_usd
1971-05-25,0.8885,per_usd
1971-05-26,0.8883,per_usd
1971-05-27,0.8886,per_usd
1971-05-28,0.8889,per_usd
1971-06-01,0.8894,per_usd
1971-06-02,0.8892,per_usd
1971-06-03,0.8886,per_usd
1971-06-04,0.8885,per_usd
1971-06-07,0.8884,per_usd
1971-06-08,0.8886,per_usd
1971-06-09,0.8883,per_usd
1971-06-10,0.8884,per_usd
1971-06-11,0.8883,per_usd
1971-06-14,0.8886,per_usd
1971-06-15,0.8886,per_usd
1971-06-16,0.8884,per_usd
1971-06-17,0.8885,per_usd
1971-06-18,0.8884,per_usd
1971-06-21,0.8884,per_usd
1971-06-22,0.8885,per_usd
1971-06-23,0.8883,per_usd
1971-06-24,0.8884,per_usd
1971-06-25,0.8884,per_usd
1971-06-28,0.8887,per_usd
1971-06-29,0.8885,per_usd
1971-06-30,0.8883,per_usd
1971-07-01,0.8885,per_usd
1971-07-02,0.8885,per_usd
1971-07-06,0.8888,per_usd
1971-07-07,0.8886,per_usd
1971-07-08,0.8882,per_usd
1971-07-09,0.8887,per_usd
1971-07-12,0.8887,per_usd
1971-07-13,0.8888,per_usd
1971-07-14,0.8886,per_usd
1971-07-15,0.8886,per_usd
1971-07-16,0.8885,per_usd
1971-07-19,0.8887,per_usd
1971-07-20,0.8888,per_usd
1971-07-21,0.8885,per_usd
1971-07-22,0.8886,per_usd
1971-07-23,0.8885,per_usd
1971-07-26,0.8889,per_usd
1971-07-27,0.8889,per_usd
1971-07-28,0.8887,per_usd
1971-07-29,0.8887,per_usd
1971-07-30,0.8887,per_usd
1971-08-02,0.889,per_usd
1971-08-03,0.8892,per_usd
1971-08-04,0.8884,per_usd
1971-08-05,0.8895,per_usd
1971-08-06,0.8887,per_usd
1971-08-09,0.8884,per_usd
1971-08-10,0.8886,per_usd
1971-08-11,0.8883,per_usd
1971-08-12,0.8883,per_usd
1971-08-13,0.8883,per_usd
1971-08-23,0.8826,per_usd
1971-08-24,0.8791,per_usd
1971-08-25,0.8741,per_usd
1971-08-26,0.8693,per_usd
1971-08-27,0.8704,per_usd
1971-08-30,0.8707,per_usd
1971-08-31,0.8759,per_usd
1971-09-01,0.8757,per_usd
1971-09-02,0.8746,per_usd
1971-09-03,0.8737,per_usd
1971-09-07,0.8743,per_usd
1971-09-08,0.8742,per_usd
1971-09-09,0.8741,per_usd
1971-09-10,0.8739,per_usd
1971-09-13,0.8736,per_usd
1971-09-14,0.8714,per_usd
1971-09-15,0.8698,per_usd
1971-09-16,0.8698,per_usd
1971-09-17,0.8695,per_usd
1971-09-20,0.8687,per_usd
1971-09-21,0.869,per_usd
1971-09-22,0.8687,per_usd
1971-09-23,0.8665,per_usd
1971-09-24,0.8657,per_usd
1971-09-27,0.8665,per_usd
1971-09-28,0.8673,per_usd
1971-09-29,0.8653,per_usd
1971-09-30,0.8651,per_usd
1971-10-01,0.8634,per_usd
1971-10-04,0.8636,per_usd
1971-10-05,0.8634,per_usd
1971-10-06,0.8638,per_usd
1971-10-07,0.8634,per_usd
1971-10-08,0.8631,per_usd
1971-10-12,0.8633,per_usd
1971-10-13,0.8635,per_usd
1971-10-14,0.8633,per_usd
1971-10-15,0.8635,per_usd
1971-10-18,0.8633,per_usd
1971-10-19,0.8634,per_usd
1971-10-20,0.8627,per_usd
1971-10-21,0.8624,per_usd
1971-10-22,0.8622,per_usd
1971-10-26,0.8618,per_usd
1971-10-27,0.8616,per_usd
1971-10-28,0.8618,per_usd
1971-10-29,0.8627,per_usd
1971-11-01,0.8622,per_usd
1971-11-03,0.8621,per_usd
1971-11-04,0.8622,per_usd
1971-11-05,0.8619,per_usd
1971-11-08,0.8621,per_usd
1971-11-09,0.8623,per_usd
1971-11-10,0.8623,per_usd
1971-11-11,0.862,per_usd
1971-11-12,0.8618,per_usd
1971-11-15,0.8621,per_usd
1971-11-16,0.8621,per_usd
1971-11-17,0.8618,per_usd
1971-11-18,0.8619,per_usd
1971-11-19,0.8618,per_usd
1971-11-22,0.8618,per_usd
1971-11-23,0.8618,per_usd
1971-11-24,0.8619,per_usd
1971-11-26,0.8618,per_usd
1971-11-29,0.8618,per_usd
1971-11-30,0.8618,per_usd
1971-12-01,0.8618,per_usd
1971-12-02,0.8621,per_usd
1971-12-03,0.8602,per_usd
1971-12-06,0.8605,per_usd
1971-12-07,0.8593,per_usd
1971-12-08,0.857,per_usd
1971-12-09,0.8537,per_usd
1971-12-10,0.8535,per_usd
1971-12-13,0.8532,per_usd
1971-12-14,0.8531,per_usd
1971-12-15,0.8532,per_usd
1971-12-16,0.853,per_usd
1971-12-17,0.8498,per_usd
1971-12-28,0.841,per_usd
1971-12-29,0.8409,per_usd
1971-12-30,0.8408,per_usd
1971-12-31,0.8394,per_usd
1972-01-03,0.8368,per_usd
1972-01-04,0.8393,per_usd
1972-01-05,0.8386,per_usd
1972-01-06,0.8389,per_usd
1972-01-07,0.8386,per_usd
1972-01-10,0.8386,per_usd
1972-01-11,0.8382,per_usd
1972-01-12,0.8403,per_usd
1972-01-13,0.8368,per_usd
1972-01-14,0.8347,per_usd
1972-01-17,0.8361,per_usd
1972-01-18,0.8361,per_usd
1972-01-19,0.8368,per_usd
1972-01-20,0.8403,per_usd
1972-01-21,0.8389,per_usd
1972-01-24,0.8382,per_usd
1972-01-25,0.8368,per_usd
1972-01-26,0.8375,per_usd
1972-01-27,0.8382,per_usd
1972-01-28,0.8368,per_usd
1972-01-31,0.8368,per_usd
1972-02-01,0.8368,per_usd
1972-02-02,0.8368,per_usd
1972-02-03,0.8368,per_usd
1972-02-04,0.8368,per_usd
1972-02-07,0.8368,per_usd
1972-02-08,0.8375,per_usd
1972-02-09,0.8368,per_usd
1972-02-10,0.8386,per_usd
1972-02-11,0.8386,per_usd
1972-02-14,0.8386,per_usd
1972-02-15,0.8386,per_usd
1972-02-16,0.8386,per_usd
1972-02-17,0.8375,per_usd
1972-02-18,0.8386,per_usd
1972-02-22,0.8368,per_usd
1972-02-23,0.8386,per_usd
1972-02-24,0.8368,per_usd
1972-02-25,0.8386,per_usd
1972-02-28,0.8368,per_usd
1972-02-29,0.8368,per_usd
1972-03-01,0.8368,per_usd
1972-03-02,0.8368,per_usd
1972-03-03,0.8368,per_usd
1972-03-06,0.8389,per_usd
1972-03-07,0.8386,per_usd
1972-03-08,0.8389,per_usd
1972-03-09,0.8386,per_usd
1972-03-10,0.8403,per_usd
1972-03-13,0.8368,per_usd
1972-03-14,0.8389,per_usd
1972-03-15,0.8389,per_usd
1972-03-16,0.8389,per_usd
1972-03-17,0.8403,per_usd
1972-03-20,0.8389,per_usd
1972-03-21,0.8389,per_usd
1972-03-22,0.8389,per_usd
1972-03-23,0.8389,per_usd
1972-03-24,0.8389,per_usd
1972-03-27,0.8389,per_usd
1972-03-28,0.8389,per_usd
1972-03-29,0.8389,per_usd
1972-03-30,0.8368,per_usd
1972-03-31,0.8347,per_usd
1972-04-03,0.8347,per_usd
1972-04-04,0.8347,per_usd
1972-04-05,0.8389,per_usd
1972-04-06,0.8389,per_usd
1972-04-07,0.8389,per_usd
1972-04-10,0.8368,per_usd
1972-04-11,0.8368,per_usd
1972-04-12,0.8368,per_usd
1972-04-13,0.8386,per_usd
1972-04-14,0.8368,per_usd
1972-04-17,0.8368,per_usd
1972-04-18,0.8382,per_usd
1972-04-19,0.8382,per_usd
1972-04-20,0.8386,per_usd
1972-04-21,0.8389,per_usd
1972-04-24,0.8382,per_usd
1972-04-25,0.8389,per_usd
1972-04-26,0.8386,per_usd
1972-04-27,0.8382,per_usd
1972-04-28,0.8386,per_usd
1972-05-01,0.8368,per_usd
1972-05-02,0.8368,per_usd
1972-05-03,0.8368,per_usd
1972-05-04,0.8368,per_usd
1972-05-05,0.8368,per_usd
1972-05-08,0.8368,per_usd
1972-05-09,0.8368,per_usd
1972-05-10,0.8368,per_usd
1972-05-11,0.8386,per_usd
1972-05-12,0.8386,per_usd
1972-05-15,0.8368,per_usd
1972-05-16,0.8368,per_usd
1972-05-17,0.8368,per_usd
1972-05-18,0.8375,per_usd
1972-05-19,0.8368,per_usd
1972-05-22,0.8368,per_usd
1972-05-23,0.8375,per_usd
1972-05-24,0.8375,per_usd
1972-05-25,0.8396,per_usd
1972-05-26,0.8396,per_usd
1972-05-30,0.8396,per_usd
1972-05-31,0.8368,per_usd
1972-06-01,0.8403,per_usd
1972-06-02,0.8361,per_usd
1972-06-05,0.8368,per_usd
1972-06-06,0.8368,per_usd
1972-06-07,0.8403,per_usd
1972-06-08,0.8403,per_usd
1972-06-09,0.8403,per_usd
1972-06-12,0.8403,per_usd
1972-06-13,0.8396,per_usd
1972-06-14,0.8396,per_usd
1972-06-15,0.8368,per_usd
1972-06-16,0.8403,per_usd
1972-06-19,0.8403,per_usd
1972-06-20,0.8403,per_usd
1972-06-21,0.8403,per_usd
1972-06-22,0.8403,per_usd
1972-06-29,0.8403,per_usd
1972-06-30,0.8403,per_usd
1972-07-03,0.8389,per_usd
1972-07-05,0.8368,per_usd
1972-07-06,0.8379,per_usd
1972-07-07,0.8368,per_usd
1972-07-10,0.8375,per_usd
1972-07-11,0.8382,per_usd
1972-07-12,0.8375,per_usd
1972-07-13,0.8386,per_usd
1972-07-14,0.8389,per_usd
1972-07-17,0.8368,per_usd
1972-07-18,0.8368,per_usd
1972-07-19,0.8386,per_usd
1972-07-20,0.8386,per_usd
1972-07-21,0.8375,per_usd
1972-07-24,0.8386,per_usd
1972-07-25,0.8375,per_usd
1972-07-26,0.8396,per_usd
1972-07-27,0.8403,per_usd
1972-07-28,0.8403,per_usd
1972-07-31,0.8368,per_usd
1972-08-01,0.8375,per_usd
1972-08-02,0.8375,per_usd
1972-08-03,0.8375,per_usd
1972-08-04,0.8368,per_usd
1972-08-07,0.8375,per_usd
1972-08-08,0.8368,per_usd
1972-08-09,0.8382,per_usd
1972-08-10,0.8375,per_usd
1972-08-11,0.8368,per_usd
1972-08-14,0.8368,per_usd
1972-08-15,0.8368,per_usd
1972-08-16,0.8382,per_usd
1972-08-17,0.8375,per_usd
1972-08-18,0.8375,per_usd
1972-08-21,0.8368,per_usd
1972-08-22,0.8368,per_usd
1972-08-23,0.8368,per_usd
1972-08-24,0.8368,per_usd
1972-08-25,0.8368,per_usd
1972-08-28,0.8368,per_usd
1972-08-29,0.8368,per_usd
1972-08-30,0.8368,per_usd
1972-08-31,0.8368,per_usd
1972-09-01,0.8368,per_usd
1972-09-05,0.8368,per_usd
1972-09-06,0.8368,per_usd
1972-09-07,0.8368,per_usd
1972-09-08,0.8368,per_usd
1972-09-11,0.8368,per_usd
1972-09-12,0.8368,per_usd
1972-09-13,0.8368,per_usd
1972-09-14,0.8386,per_usd
1972-09-15,0.8386,per_usd
1972-09-18,0.8386,per_usd
1972-09-19,0.8393,per_usd
1972-09-20,0.8389,per_usd
1972-09-21,0.8386,per_usd
1972-09-22,0.8375,per_usd
1972-09-25,0.8403,per_usd
1972-09-26,0.8403,per_usd
1972-09-27,0.8403,per_usd
1972-09-28,0.8375,per_usd
1972-09-29,0.8375,per_usd
1972-10-02,0.8375,per_usd
1972-10-03,0.8375,per_usd
1972-10-04,0.8414,per_usd
1972-10-05,0.8414,per_usd
1972-10-06,0.8386,per_usd
1972-10-10,0.8386,per_usd
1972-10-11,0.8386,per_usd
1972-10-12,0.8386,per_usd
1972-10-13,0.8386,per_usd
1972-10-16,0.8403,per_usd
1972-10-17,0.8403,per_usd
1972-10-18,0.8403,per_usd
1972-10-19,0.8403,per_usd
1972-10-20,0.8368,per_usd
1972-10-24,0.8386,per_usd
1972-10-25,0.8389,per_usd
1972-10-26,0.8386,per_usd
1972-10-27,0.8368,per_usd
1972-10-30,0.8386,per_usd
1972-10-31,0.8375,per_usd
1972-11-01,0.834,per_usd
1972-11-02,0.8347,per_usd
1972-11-03,0.8375,per_usd
1972-11-06,0.8375,per_usd
1972-11-08,0.8375,per_usd
1972-11-09,0.8375,per_usd
1972-11-10,0.8375,per_usd
1972-11-13,0.8386,per_usd
1972-11-14,0.8389,per_usd
1972-11-15,0.8375,per_usd
1972-11-16,0.8379,per_usd
1972-11-17,0.8375,per_usd
1972-11-20,0.8368,per_usd
1972-11-21,0.8379,per_usd
1972-11-22,0.8375,per_usd
1972-11-24,0.8368,per_usd
1972-11-27,0.8368,per_usd
1972-11-28,0.8368,per_usd
1972-11-29,0.8368,per_usd
1972-11-30,0.8368,per_usd
1972-12-01,0.8368,per_usd
1972-12-04,0.8368,per_usd
1972-12-05,0.8368,per_usd
1972-12-06,0.8368,per_usd
1972-12-07,0.8368,per_usd
1972-12-08,0.8372,per_usd
1972-12-11,0.8368,per_usd
1972-12-12,0.8368,per_usd
1972-12-13,0.8368,per_usd
1972-12-14,0.8361,per_usd
1972-12-15,0.8361,per_usd
1972-12-18,0.8368,per_usd
1972-12-19,0.8354,per_usd
1972-12-20,0.8375,per_usd
1972-12-21,0.8361,per_usd
1972-12-22,0.8361,per_usd
1972-12-26,0.8361,per_usd
1972-12-27,0.8361,per_usd
1972-12-28,0.8368,per_usd
1972-12-29,0.8368,per_usd
1973-01-02,0.8368,per_usd
1973-01-03,0.8368,per_usd
1973-01-04,0.8375,per_usd
1973-01-05,0.8368,per_usd
1973-01-08,0.8347,per_usd
1973-01-09,0.8368,per_usd
1973-01-10,0.8368,per_usd
1973-01-11,0.8368,per_usd
1973-01-12,0.8368,per_usd
1973-01-15,0.8368,per_usd
1973-01-16,0.8368,per_usd
1973-01-17,0.8368,per_usd
1973-01-18,0.8368,per_usd
1973-01-19,0.8368,per_usd
1973-01-22,0.8354,per_usd
1973-01-23,0.8368,per_usd
1973-01-24,0.8368,per_usd
1973-01-25,0.8368,per_usd
1973-01-26,0.8368,per_usd
1973-01-29,0.8368,per_usd
1973-01-30,0.8368,per_usd
1973-01-31,0.8368,per_usd
1973-02-01,0.8368,per_usd
1973-02-02,0.8368,per_usd
1973-02-05,0.8368,per_usd
1973-02-06,0.8368,per_usd
1973-02-07,0.8368,per_usd
1973-02-08,0.8368,per_usd
1973-02-09,0.8368,per_usd
1973-02-14,0.7576,per_usd
1973-02-15,0.7576,per_usd
1973-02-16,0.7576,per_usd
1973-02-20,0.7573,per_usd
1973-02-21,0.7573,per_usd
1973-02-22,0.7572,per_usd
1973-02-23,0.7576,per_usd
1973-02-26,0.7573,per_usd
1973-02-27,0.7573,per_usd
1973-02-28,0.7571,per_usd
1973-03-01,0.757,per_usd
1973-03-06,0.7519,per_usd
1973-03-07,0.7519,per_usd
1973-03-08,0.7567,per_usd
1973-03-09,0.7634,per_usd
1973-03-12,0.7576,per_usd
1973-03-13,0.7576,per_usd
1973-03-14,0.7576,per_usd
1973-03-15,0.7576,per_usd
1973-03-16,0.7576,per_usd
1973-03-19,0.7576,per_usd
1973-03-20,0.7576,per_usd
1973-03-21,0.7576,per_usd
1973-03-22,0.7576,per_usd
1973-03-23,0.7576,per_usd
1973-03-26,0.7576,per_usd
1973-03-27,0.7547,per_usd
1973-03-28,0.7521,per_usd
1973-03-29,0.7533,per_usd
1973-03-30,0.7533,per_usd
1973-04-02,0.7547,per_usd
1973-04-03,0.7533,per_usd
1973-04-04,0.7541,per_usd
1973-04-05,0.7541,per_usd
1973-04-06,0.7541,per_usd
1973-04-09,0.7541,per_usd
1973-04-10,0.7536,per_usd
1973-04-11,0.7463,per_usd
1973-04-12,0.7463,per_usd
1973-04-13,0.7463,per_usd
1973-04-16,0.7463,per_usd
1973-04-17,0.7519,per_usd
1973-04-18,0.7519,per_usd
1973-04-19,0.7519,per_usd
1973-04-20,0.7519,per_usd
1973-04-23,0.7519,per_usd
1973-04-24,0.7547,per_usd
1973-04-25,0.7547,per_usd
1973-04-26,0.7547,per_usd
1973-04-27,0.7547,per_usd
1973-04-30,0.7491,per_usd
1973-05-01,0.7496,per_usd
1973-05-02,0.7508,per_usd
1973-05-03,0.757,per_usd
1973-05-04,0.7547,per_usd
1973-05-07,0.7573,per_usd
1973-05-08,0.7567,per_usd
1973-05-09,0.7553,per_usd
1973-05-10,0.7547,per_usd
1973-05-11,0.7547,per_usd
1973-05-14,0.7519,per_usd
1973-05-15,0.7572,per_usd
1973-05-16,0.7573,per_usd
1973-05-17,0.7573,per_usd
1973-05-18,0.7573,per_usd
1973-05-21,0.7572,per_usd
1973-05-22,0.7572,per_usd
1973-05-23,0.7572,per_usd
1973-05-24,0.7572,per_usd
1973-05-25,0.7573,per_usd
1973-05-29,0.7547,per_usd
1973-05-30,0.7547,per_usd
1973-05-31,0.7572,per_usd
1973-06-01,0.7491,per_usd
1973-06-04,0.7477,per_usd
1973-06-05,0.7491,per_usd
1973-06-06,0.7547,per_usd
1973-06-07,0.7547,per_usd
1973-06-08,0.7547,per_usd
1973-06-11,0.7547,per_usd
1973-06-12,0.7547,per_usd
1973-06-13,0.7547,per_usd
1973-06-14,0.7573,per_usd
1973-06-15,0.7573,per_usd
1973-06-18,0.7573,per_usd
1973-06-19,0.7573,per_usd
1973-06-20,0.7573,per_usd
1973-06-21,0.7573,per_usd
1973-06-22,0.7573,per_usd
1973-06-25,0.7573,per_usd
1973-06-26,0.7573,per_usd
1973-06-27,0.7573,per_usd
1973-06-28,0.7573,per_usd
1973-06-29,0.7573,per_usd
1973-07-02,0.7573,per_usd
1973-07-03,0.7573,per_usd
1973-07-05,0.7573,per_usd
1973-07-06,0.7519,per_usd
1973-07-09,0.7262,per_usd
1973-07-10,0.7299,per_usd
1973-07-11,0.7299,per_usd
1973-07-12,0.7396,per_usd
1973-07-13,0.7394,per_usd
1973-07-16,0.7353,per_usd
1973-07-17,0.7519,per_usd
1973-07-18,0.7299,per_usd
1973-07-19,0.7315,per_usd
1973-07-20,0.7353,per_usd
1973-07-23,0.7386,per_usd
1973-07-24,0.7407,per_usd
1973-07-25,0.7407,per_usd
1973-07-26,0.7407,per_usd
1973-07-27,0.7407,per_usd
1973-07-30,0.7407,per_usd
1973-07-31,0.7407,per_usd
1973-08-01,0.7407,per_usd
1973-08-02,0.7407,per_usd
1973-08-03,0.7315,per_usd
1973-08-06,0.7353,per_usd
1973-08-07,0.7358,per_usd
1973-08-08,0.7358,per_usd
1973-08-09,0.7364,per_usd
1973-08-10,0.7358,per_usd
1973-08-13,0.738,per_usd
1973-08-14,0.738,per_usd
1973-08-15,0.7375,per_usd
1973-08-16,0.7375,per_usd
1973-08-17,0.7394,per_usd
1973-08-20,0.7435,per_usd
1973-08-21,0.7435,per_usd
1973-08-22,0.7407,per_usd
1973-08-23,0.7407,per_usd
1973-08-24,0.7407,per_usd
1973-08-27,0.7407,per_usd
1973-08-28,0.7407,per_usd
1973-08-29,0.7407,per_usd
1973-08-30,0.7407,per_usd
1973-08-31,0.7407,per_usd
1973-09-04,0.7407,per_usd
1973-09-05,0.7407,per_usd
1973-09-06,0.7407,per_usd
1973-09-07,0.7407,per_usd
1973-09-10,0.675,per_usd
1973-09-11,0.6745,per_usd
1973-09-12,0.6757,per_usd
1973-09-13,0.678,per_usd
1973-09-14,0.678,per_usd
1973-09-17,0.678,per_usd
1973-09-18,0.678,per_usd
1973-09-19,0.678,per_usd
1973-09-20,0.678,per_usd
1973-09-21,0.678,per_usd
1973-09-24,0.678,per_usd
1973-09-25,0.6757,per_usd
1973-09-26,0.6757,per_usd
1973-09-27,0.6757,per_usd
1973-09-28,0.6757,per_usd
1973-10-01,0.6757,per_usd
1973-10-02,0.6734,per_usd
1973-10-03,0.6734,per_usd
1973-10-04,0.6734,per_usd
1973-10-05,0.6734,per_usd
1973-10-09,0.6734,per_usd
1973-10-10,0.6734,per_usd
1973-10-11,0.6734,per_usd
1973-10-12,0.6734,per_usd
1973-10-15,0.6734,per_usd
1973-10-16,0.6723,per_usd
1973-10-17,0.6723,per_usd
1973-10-18,0.6723,per_usd
1973-10-19,0.6723,per_usd
1973-10-23,0.6723,per_usd
1973-10-24,0.6723,per_usd
1973-10-25,0.6723,per_usd
1973-10-26,0.6723,per_usd
1973-10-29,0.6711,per_usd
1973-10-30,0.6711,per_usd
1973-10-31,0.6711,per_usd
1973-11-01,0.6711,per_usd
1973-11-02,0.6711,per_usd
1973-11-05,0.6711,per_usd
1973-11-07,0.672,per_usd
1973-11-08,0.672,per_usd
1973-11-09,0.6757,per_usd
1973-11-12,0.6757,per_usd
1973-11-13,0.6791,per_usd
1973-11-14,0.6791,per_usd
1973-11-15,0.6775,per_usd
1973-11-16,0.6775,per_usd
1973-11-19,0.6791,per_usd
1973-11-20,0.678,per_usd
1973-11-21,0.678,per_usd
1973-11-23,0.6803,per_usd
1973-11-26,0.6803,per_usd
1973-11-27,0.6803,per_usd
1973-11-28,0.6803,per_usd
1973-11-29,0.6803,per_usd
1973-11-30,0.6791,per_usd
1973-12-03,0.6775,per_usd
1973-12-04,0.6775,per_usd
1973-12-05,0.6775,per_usd
1973-12-06,0.6775,per_usd
1973-12-07,0.6775,per_usd
1973-12-10,0.6775,per_usd
1973-12-11,0.6957,per_usd
1973-12-12,0.6944,per_usd
1973-12-13,0.6981,per_usd
1973-12-14,0.7042,per_usd
1973-12-17,0.7042,per_usd
1973-12-18,0.7018,per_usd
1973-12-19,0.6981,per_usd
1973-12-20,0.6981,per_usd
1973-12-21,0.6981,per_usd
1973-12-24,0.6993,per_usd
1973-12-26,0.6993,per_usd
1973-12-27,0.6969,per_usd
1973-12-28,0.703,per_usd
1973-12-31,0.703,per_usd
1974-01-02,0.703,per_usd
1974-01-03,0.7067,per_usd
1974-01-04,0.7067,per_usd
1974-01-07,0.7067,per_usd
1974-01-08,0.7067,per_usd
1974-01-09,0.7067,per_usd
1974-01-10,0.7067,per_usd
1974-01-11,0.722,per_usd
1974-01-14,0.7326,per_usd
1974-01-15,0.7326,per_usd
1974-01-16,0.7194,per_usd
1974-01-17,0.7194,per_usd
1974-01-18,0.7194,per_usd
1974-01-21,0.7246,per_usd
1974-01-22,0.7246,per_usd
1974-01-23,0.7246,per_usd
1974-01-24,0.7246,per_usd
1974-01-25,0.7246,per_usd
1974-01-28,0.7273,per_usd
1974-01-29,0.7273,per_usd
1974-01-30,0.7273,per_usd
1974-01-31,0.7273,per_usd
1974-02-01,0.7168,per_usd
1974-02-04,0.7168,per_usd
1974-02-05,0.7194,per_usd
1974-02-06,0.7168,per_usd
1974-02-07,0.7168,per_usd
1974-02-08,0.7168,per_usd
1974-02-11,0.7168,per_usd
1974-02-13,0.7168,per_usd
1974-02-14,0.7143,per_usd
1974-02-15,0.7143,per_usd
1974-02-19,0.7117,per_usd
1974-02-20,0.7117,per_usd
1974-02-21,0.7117,per_usd
1974-02-22,0.7117,per_usd
1974-02-25,0.7117,per_usd
1974-02-26,0.7018,per_usd
1974-02-27,0.7018,per_usd
1974-02-28,0.7018,per_usd
1974-03-01,0.7042,per_usd
1974-03-04,0.7042,per_usd
1974-03-05,0.7042,per_usd
1974-03-06,0.7042,per_usd
1974-03-07,0.6944,per_usd
1974-03-08,0.6993,per_usd
1974-03-11,0.6993,per_usd
1974-03-12,0.6993,per_usd
1974-03-13,0.6993,per_usd
1974-03-14,0.6993,per_usd
1974-03-15,0.6969,per_usd
1974-03-18,0.6969,per_usd
1974-03-19,0.6969,per_usd
1974-03-20,0.6969,per_usd
1974-03-21,0.6969,per_usd
1974-03-22,0.692,per_usd
1974-03-25,0.692,per_usd
1974-03-26,0.692,per_usd
1974-03-27,0.692,per_usd
1974-03-28,0.692,per_usd
1974-03-29,0.692,per_usd
1974-04-01,0.6849,per_usd
1974-04-02,0.6849,per_usd
1974-04-03,0.6849,per_usd
1974-04-04,0.6838,per_usd
1974-04-05,0.6885,per_usd
1974-04-08,0.6885,per_usd
1974-04-09,0.6885,per_usd
1974-04-10,0.6885,per_usd
1974-04-11,0.6885,per_usd
1974-04-12,0.6885,per_usd
1974-04-15,0.6885,per_usd
1974-04-16,0.692,per_usd
1974-04-17,0.692,per_usd
1974-04-18,0.6932,per_usd
1974-04-19,0.6932,per_usd
1974-04-22,0.6932,per_usd
1974-04-23,0.6932,per_usd
1974-04-24,0.6932,per_usd
1974-04-25,0.6932,per_usd
1974-04-26,0.6861,per_usd
1974-04-29,0.6861,per_usd
1974-04-30,0.6861,per_usd
1974-05-01,0.6861,per_usd
1974-05-02,0.6861,per_usd
1974-05-03,0.6873,per_usd
1974-05-06,0.6861,per_usd
1974-05-07,0.6849,per_usd
1974-05-08,0.6849,per_usd
1974-05-09,0.6849,per_usd
1974-05-10,0.6826,per_usd
1974-05-13,0.6826,per_usd
1974-05-14,0.6826,per_usd
1974-05-15,0.6826,per_usd
1974-05-16,0.6826,per_usd
1974-05-17,0.6861,per_usd
1974-05-20,0.6826,per_usd
1974-05-21,0.6826,per_usd
1974-05-22,0.6826,per_usd
1974-05-23,0.6826,per_usd
1974-05-24,0.6861,per_usd
1974-05-28,0.6861,per_usd
1974-05-29,0.6849,per_usd
1974-05-30,0.6849,per_usd
1974-05-31,0.6897,per_usd
1974-06-03,0.6849,per_usd
1974-06-04,0.6849,per_usd
1974-06-05,0.6849,per_usd
1974-06-06,0.6849,per_usd
1974-06-07,0.6873,per_usd
1974-06-10,0.6873,per_usd
1974-06-11,0.6873,per_usd
1974-06-12,0.6873,per_usd
1974-06-13,0.6873,per_usd
1974-06-14,0.6873,per_usd
1974-06-17,0.6873,per_usd
1974-06-18,0.6897,per_usd
1974-06-19,0.6897,per_usd
1974-06-20,0.6897,per_usd
1974-06-21,0.6908,per_usd
1974-06-24,0.6908,per_usd
1974-06-25,0.6908,per_usd
1974-06-26,0.6908,per_usd
1974-06-27,0.6908,per_usd
1974-06-28,0.692,per_usd
1974-07-01,0.6897,per_usd
1974-07-02,0.6897,per_usd
1974-07-03,0.6897,per_usd
1974-07-05,0.6908,per_usd
1974-07-08,0.6908,per_usd
1974-07-09,0.6908,per_usd
1974-07-10,0.6897,per_usd
1974-07-11,0.6897,per_usd
1974-07-12,0.6885,per_usd
1974-07-15,0.6885,per_usd
1974-07-16,0.6885,per_usd
1974-07-17,0.6897,per_usd
1974-07-18,0.6897,per_usd
1974-07-19,0.6885,per_usd
1974-07-22,0.6885,per_usd
1974-07-23,0.6885,per_usd
1974-07-24,0.6885,per_usd
1974-07-25,0.6885,per_usd
1974-07-26,0.6873,per_usd
1974-07-29,0.6873,per_usd
1974-07-30,0.6873,per_usd
1974-07-31,0.6873,per_usd
1974-08-01,0.6873,per_usd
1974-08-02,0.6873,per_usd
1974-08-05,0.692,per_usd
1974-08-06,0.6944,per_usd
1974-08-07,0.6944,per_usd
1974-08-08,0.6944,per_usd
1974-08-09,0.692,per_usd
1974-08-12,0.692,per_usd
1974-08-13,0.692,per_usd
1974-08-14,0.692,per_usd
1974-08-15,0.692,per_usd
1974-08-16,0.6981,per_usd
1974-08-19,0.6981,per_usd
1974-08-20,0.6981,per_usd
1974-08-21,0.6981,per_usd
1974-08-22,0.6981,per_usd
1974-08-23,0.6981,per_usd
1974-08-26,0.7018,per_usd
1974-08-27,0.7018,per_usd
1974-08-28,0.7018,per_usd
1974-08-29,0.7018,per_usd
1974-08-30,0.7018,per_usd
1974-09-03,0.7067,per_usd
1974-09-04,0.7067,per_usd
1974-09-05,0.7067,per_usd
1974-09-06,0.703,per_usd
1974-09-09,0.703,per_usd
1974-09-10,0.703,per_usd
1974-09-11,0.703,per_usd
1974-09-12,0.703,per_usd
1974-09-13,0.703,per_usd
1974-09-16,0.703,per_usd
1974-09-17,0.703,per_usd
1974-09-18,0.703,per_usd
1974-09-19,0.703,per_usd
1974-09-20,0.703,per_usd
1974-09-23,0.703,per_usd
1974-09-24,0.703,per_usd
1974-09-25,0.7722,per_usd
1974-09-26,0.7692,per_usd
1974-09-27,0.7704,per_usd
1974-09-30,0.7704,per_usd
1974-10-01,0.7704,per_usd
1974-10-02,0.7704,per_usd
1974-10-03,0.7722,per_usd
1974-10-04,0.7722,per_usd
1974-10-07,0.7663,per_usd
1974-10-08,0.7663,per_usd
1974-10-09,0.7663,per_usd
1974-10-10,0.7663,per_usd
1974-10-11,0.7663,per_usd
1974-10-15,0.7692,per_usd
1974-10-16,0.7703,per_usd
1974-10-17,0.7703,per_usd
1974-10-18,0.7678,per_usd
1974-10-21,0.7678,per_usd
1974-10-22,0.7678,per_usd
1974-10-23,0.7692,per_usd
1974-10-24,0.7722,per_usd
1974-10-25,0.7722,per_usd
1974-10-28,0.7722,per_usd
1974-10-29,0.7722,per_usd
1974-10-30,0.7722,per_usd
1974-10-31,0.7695,per_usd
1974-11-01,0.7692,per_usd
1974-11-04,0.7692,per_usd
1974-11-06,0.7692,per_usd
1974-11-07,0.7678,per_usd
1974-11-08,0.7645,per_usd
1974-11-12,0.7645,per_usd
1974-11-13,0.7645,per_usd
1974-11-14,0.7645,per_usd
1974-11-15,0.7645,per_usd
1974-11-18,0.7645,per_usd
1974-11-19,0.7666,per_usd
1974-11-20,0.7686,per_usd
1974-11-21,0.7698,per_usd
1974-11-22,0.7692,per_usd
1974-11-25,0.7663,per_usd
1974-11-26,0.7663,per_usd
1974-11-27,0.7663,per_usd
1974-11-29,0.7663,per_usd
1974-12-02,0.7663,per_usd
1974-12-03,0.768,per_usd
1974-12-04,0.7678,per_usd
1974-12-05,0.7674,per_usd
1974-12-06,0.7666,per_usd
1974-12-09,0.7666,per_usd
1974-12-10,0.7657,per_usd
1974-12-11,0.7657,per_usd
1974-12-12,0.7683,per_usd
1974-12-13,0.7701,per_usd
1974-12-16,0.768,per_usd
1974-12-17,0.768,per_usd
1974-12-18,0.7645,per_usd
1974-12-19,0.7637,per_usd
1974-12-20,0.7637,per_usd
1974-12-23,0.7637,per_usd
1974-12-24,0.7637,per_usd
1974-12-26,0.7637,per_usd
1974-12-27,0.7669,per_usd
1974-12-30,0.7634,per_usd
1974-12-31,0.7631,per_usd
1975-01-02,0.7631,per_usd
1975-01-03,0.7651,per_usd
1975-01-06,0.7634,per_usd
1975-01-07,0.7613,per_usd
1975-01-08,0.7605,per_usd
1975-01-09,0.7624,per_usd
1975-01-10,0.7619,per_usd
1975-01-13,0.7559,per_usd
1975-01-14,0.7613,per_usd
1975-01-15,0.7625,per_usd
1975-01-16,0.761,per_usd
1975-01-17,0.7613,per_usd
1975-01-20,0.7613,per_usd
1975-01-21,0.7596,per_usd
1975-01-22,0.759,per_usd
1975-01-23,0.7561,per_usd
1975-01-24,0.7564,per_usd
1975-01-27,0.7564,per_usd
1975-01-28,0.7509,per_usd
1975-01-29,0.7536,per_usd
1975-01-30,0.7536,per_usd
1975-01-31,0.7553,per_usd
1975-02-03,0.7553,per_usd
1975-02-04,0.7553,per_usd
1975-02-05,0.7553,per_usd
1975-02-06,0.7553,per_usd
1975-02-07,0.7564,per_usd
1975-02-10,0.7564,per_usd
1975-02-11,0.7513,per_usd
1975-02-13,0.7513,per_usd
1975-02-14,0.7508,per_usd
1975-02-18,0.7505,per_usd
1975-02-19,0.7502,per_usd
1975-02-20,0.7491,per_usd
1975-02-21,0.7479,per_usd
1975-02-24,0.7471,per_usd
1975-02-25,0.7435,per_usd
1975-02-26,0.7435,per_usd
1975-02-27,0.7432,per_usd
1975-02-28,0.7416,per_usd
1975-03-03,0.7413,per_usd
1975-03-04,0.7413,per_usd
1975-03-05,0.7418,per_usd
1975-03-06,0.7407,per_usd
1975-03-07,0.7424,per_usd
1975-03-10,0.7454,per_usd
1975-03-11,0.746,per_usd
1975-03-12,0.746,per_usd
1975-03-13,0.7468,per_usd
1975-03-14,0.7454,per_usd
1975-03-17,0.7449,per_usd
1975-03-18,0.7446,per_usd
1975-03-19,0.7432,per_usd
1975-03-20,0.7435,per_usd
1975-03-21,0.7435,per_usd
1975-03-24,0.7435,per_usd
1975-03-25,0.7463,per_usd
1975-03-26,0.7463,per_usd
1975-03-27,0.7474,per_usd
1975-03-28,0.7474,per_usd
1975-03-31,0.7474,per_usd
1975-04-01,0.7491,per_usd
1975-04-02,0.7485,per_usd
1975-04-03,0.7485,per_usd
1975-04-04,0.7485,per_usd
1975-04-07,0.7524,per_usd
1975-04-08,0.7539,per_usd
1975-04-09,0.7527,per_usd
1975-04-10,0.7536,per_usd
1975-04-11,0.7559,per_usd
1975-04-14,0.7547,per_usd
1975-04-15,0.7561,per_usd
1975-04-16,0.7556,per_usd
1975-04-17,0.7559,per_usd
1975-04-18,0.7539,per_usd
1975-04-21,0.7536,per_usd
1975-04-22,0.7559,per_usd
1975-04-23,0.7567,per_usd
1975-04-24,0.7533,per_usd
1975-04-25,0.7533,per_usd
1975-04-28,0.7573,per_usd
1975-04-29,0.7584,per_usd
1975-04-30,0.7564,per_usd
1975-05-01,0.757,per_usd
1975-05-02,0.757,per_usd
1975-05-05,0.7584,per_usd
1975-05-06,0.757,per_usd
1975-05-07,0.7579,per_usd
1975-05-08,0.7576,per_usd
1975-05-09,0.7564,per_usd
1975-05-12,0.7605,per_usd
1975-05-13,0.7619,per_usd
1975-05-14,0.7605,per_usd
1975-05-15,0.7605,per_usd
1975-05-16,0.7605,per_usd
1975-05-19,0.7622,per_usd
1975-05-20,0.7613,per_usd
1975-05-21,0.7616,per_usd
1975-05-22,0.7593,per_usd
1975-05-23,0.7573,per_usd
1975-05-27,0.7576,per_usd
1975-05-28,0.7634,per_usd
1975-05-29,0.7634,per_usd
1975-05-30,0.7596,per_usd
1975-06-02,0.7596,per_usd
1975-06-03,0.7596,per_usd
1975-06-04,0.7584,per_usd
1975-06-05,0.7593,per_usd
1975-06-06,0.7584,per_usd
1975-06-09,0.7599,per_usd
1975-06-10,0.7599,per_usd
1975-06-11,0.7613,per_usd
1975-06-12,0.7651,per_usd
1975-06-13,0.7639,per_usd
1975-06-16,0.7639,per_usd
1975-06-17,0.7639,per_usd
1975-06-18,0.7654,per_usd
1975-06-19,0.7657,per_usd
1975-06-20,0.766,per_usd
1975-06-23,0.766,per_usd
1975-06-24,0.7669,per_usd
1975-06-25,0.7695,per_usd
1975-06-26,0.7698,per_usd
1975-06-27,0.771,per_usd
1975-06-30,0.7749,per_usd
1975-07-01,0.7686,per_usd
1975-07-02,0.7761,per_usd
1975-07-03,0.7785,per_usd
1975-07-07,0.7797,per_usd
1975-07-08,0.7809,per_usd
1975-07-09,0.78,per_usd
1975-07-10,0.7785,per_usd
1975-07-11,0.7797,per_usd
1975-07-14,0.78,per_usd
1975-07-15,0.7809,per_usd
1975-07-16,0.7838,per_usd
1975-07-17,0.7838,per_usd
1975-07-18,0.7846,per_usd
1975-07-21,0.7859,per_usd
1975-07-22,0.7862,per_usd
1975-07-23,0.7871,per_usd
1975-07-24,0.7868,per_usd
1975-07-25,0.7877,per_usd
1975-07-28,0.7874,per_usd
1975-07-29,0.7886,per_usd
1975-07-30,0.7886,per_usd
1975-07-31,0.7915,per_usd
1975-08-01,0.7918,per_usd
1975-08-04,0.7933,per_usd
1975-08-05,0.7938,per_usd
1975-08-06,0.7943,per_usd
1975-08-07,0.7943,per_usd
1975-08-08,0.8013,per_usd
1975-08-11,0.943,per_usd
1975-08-12,0.9434,per_usd
1975-08-13,0.9434,per_usd
1975-08-14,0.9421,per_usd
1975-08-15,0.9421,per_usd
1975-08-18,0.9421,per_usd
1975-08-19,0.9416,per_usd
1975-08-20,0.9394,per_usd
1975-08-21,0.9398,per_usd
1975-08-22,0.9407,per_usd
1975-08-25,0.9425,per_usd
1975-08-26,0.9425,per_usd
1975-08-27,0.9412,per_usd
1975-08-28,0.9412,per_usd
1975-08-29,0.9416,per_usd
1975-09-02,0.9434,per_usd
1975-09-03,0.9416,per_usd
1975-09-04,0.9416,per_usd
1975-09-05,0.9425,per_usd
1975-09-08,0.9416,per_usd
1975-09-09,0.9412,per_usd
1975-09-10,0.9416,per_usd
1975-09-11,0.9416,per_usd
1975-09-12,0.9421,per_usd
1975-09-15,0.943,per_usd
1975-09-16,0.9427,per_usd
1975-09-17,0.9427,per_usd
1975-09-18,0.9488,per_usd
1975-09-19,0.9501,per_usd
1975-09-22,0.9507,per_usd
1975-09-23,0.9547,per_usd
1975-09-24,0.9588,per_usd
1975-09-25,0.9597,per_usd
1975-09-26,0.9588,per_usd
1975-09-29,0.9592,per_usd
1975-09-30,0.9606,per_usd
1975-10-01,0.9597,per_usd
1975-10-02,0.9588,per_usd
1975-10-03,0.9588,per_usd
1975-10-06,0.9597,per_usd
1975-10-07,0.9588,per_usd
1975-10-08,0.9588,per_usd
1975-10-09,0.9583,per_usd
1975-10-10,0.9569,per_usd
1975-10-14,0.9528,per_usd
1975-10-15,0.956,per_usd
1975-10-16,0.9542,per_usd
1975-10-17,0.9542,per_usd
1975-10-20,0.9542,per_usd
1975-10-21,0.9533,per_usd
1975-10-22,0.9521,per_usd
1975-10-23,0.9497,per_usd
1975-10-24,0.952,per_usd
1975-10-27,0.9519,per_usd
1975-10-28,0.951,per_usd
1975-10-29,0.9515,per_usd
1975-10-30,0.9515,per_usd
1975-10-31,0.9497,per_usd
1975-11-03,0.9479,per_usd
1975-11-05,0.9501,per_usd
1975-11-06,0.9517,per_usd
1975-11-07,0.951,per_usd
1975-11-10,0.9515,per_usd
1975-11-12,0.9479,per_usd
1975-11-13,0.9515,per_usd
1975-11-14,0.9547,per_usd
1975-11-17,0.9569,per_usd
1975-11-18,0.9569,per_usd
1975-11-19,0.9592,per_usd
1975-11-20,0.9579,per_usd
1975-11-21,0.9565,per_usd
1975-11-24,0.9579,per_usd
1975-11-25,0.9588,per_usd
1975-11-26,0.9588,per_usd
1975-11-28,0.9611,per_usd
1975-12-01,0.962,per_usd
1975-12-02,0.9629,per_usd
1975-12-03,0.9634,per_usd
1975-12-04,0.9624,per_usd
1975-12-05,0.9619,per_usd
1975-12-08,0.964,per_usd
1975-12-09,0.964,per_usd
1975-12-10,0.9642,per_usd
1975-12-11,0.964,per_usd
1975-12-12,0.9643,per_usd
1975-12-15,0.9652,per_usd
1975-12-16,0.9653,per_usd
1975-12-17,0.9647,per_usd
1975-12-18,0.9638,per_usd
1975-12-19,0.964,per_usd
1975-12-22,0.9641,per_usd
1975-12-23,0.964,per_usd
1975-12-24,0.9638,per_usd
1975-12-26,0.9638,per_usd
1975-12-29,0.9631,per_usd
1975-12-30,0.9629,per_usd
1975-12-31,0.9629,per_usd
1976-01-02,0.9629,per_usd
1976-01-05,0.9625,per_usd
1976-01-06,0.9611,per_usd
1976-01-07,0.9606,per_usd
1976-01-08,0.9602,per_usd
1976-01-09,0.9606,per_usd
1976-01-12,0.9615,per_usd
1976-01-13,0.9615,per_usd
1976-01-14,0.9621,per_usd
1976-01-15,0.9612,per_usd
1976-01-16,0.9614,per_usd
1976-01-19,0.9611,per_usd
1976-01-20,0.9602,per_usd
1976-01-21,0.9602,per_usd
1976-01-22,0.962,per_usd
1976-01-23,0.9619,per_usd
1976-01-26,0.9615,per_usd
1976-01-27,0.9614,per_usd
1976-01-28,0.956,per_usd
1976-01-29,0.9606,per_usd
1976-01-30,0.9599,per_usd
1976-02-02,0.9606,per_usd
1976-02-03,0.9592,per_usd
1976-02-04,0.9598,per_usd
1976-02-05,0.9579,per_usd
1976-02-06,0.9579,per_usd
1976-02-09,0.9594,per_usd
1976-02-10,0.9583,per_usd
1976-02-11,0.9583,per_usd
1976-02-13,0.9579,per_usd
1976-02-17,0.9596,per_usd
1976-02-18,0.9603,per_usd
1976-02-19,0.9599,per_usd
1976-02-20,0.96,per_usd
1976-02-23,0.9597,per_usd
1976-02-24,0.9598,per_usd
1976-02-25,0.9597,per_usd
1976-02-26,0.9592,per_usd
1976-02-27,0.9592,per_usd
1976-03-01,0.9602,per_usd
1976-03-02,0.9602,per_usd
1976-03-03,0.9602,per_usd
1976-03-04,0.96,per_usd
1976-03-05,0.9624,per_usd
1976-03-08,0.9741,per_usd
1976-03-09,0.9793,per_usd
1976-03-10,0.9781,per_usd
1976-03-11,0.9847,per_usd
1976-03-12,0.9796,per_usd
1976-03-15,0.9814,per_usd
1976-03-16,0.9818,per_usd
1976-03-17,0.9846,per_usd
1976-03-18,0.9809,per_usd
1976-03-19,0.9809,per_usd
1976-03-22,0.9817,per_usd
1976-03-23,0.9815,per_usd
1976-03-24,0.9811,per_usd
1976-03-25,0.9799,per_usd
1976-03-26,0.9806,per_usd
1976-03-29,0.9819,per_usd
1976-03-30,0.9815,per_usd
1976-03-31,0.9823,per_usd
1976-04-01,0.9822,per_usd
1976-04-02,0.9891,per_usd
1976-04-05,0.9921,per_usd
1976-04-06,0.9955,per_usd
1976-04-07,0.995,per_usd
1976-04-08,0.9946,per_usd
1976-04-09,1.004,per_usd
1976-04-12,1.0017,per_usd
1976-04-13,0.9978,per_usd
1976-04-14,0.9967,per_usd
1976-04-15,0.9959,per_usd
1976-04-16,0.9959,per_usd
1976-04-19,0.9959,per_usd
1976-04-20,0.9972,per_usd
1976-04-21,0.9986,per_usd
1976-04-22,1.0013,per_usd
1976-04-23,1.0005,per_usd
1976-04-26,1.0075,per_usd
1976-04-27,1.006,per_usd
1976-04-28,1.0086,per_usd
1976-04-29,1.0025,per_usd
1976-04-30,1.0005,per_usd
1976-05-03,1.0006,per_usd
1976-05-04,1.0041,per_usd
1976-05-05,0.999,per_usd
1976-05-06,1.0044,per_usd
1976-05-07,0.9975,per_usd
1976-05-10,1.0045,per_usd
1976-05-11,1.0017,per_usd
1976-05-12,1.0012,per_usd
1976-05-13,1.0002,per_usd
1976-05-14,1.003,per_usd
1976-05-17,1.0079,per_usd
1976-05-18,1.0106,per_usd
1976-05-19,1.0091,per_usd
1976-05-20,1.0101,per_usd
1976-05-21,1.0076,per_usd
1976-05-24,1.0149,per_usd
1976-05-25,1.0091,per_usd
1976-05-26,1.0137,per_usd
1976-05-27,1.0176,per_usd
1976-05-28,1.0178,per_usd
1976-06-01,1.0209,per_usd
1976-06-02,1.0246,per_usd
1976-06-03,1.0316,per_usd
1976-06-04,1.0364,per_usd
1976-06-07,1.0364,per_usd
1976-06-08,1.0173,per_usd
1976-06-09,1.0178,per_usd
1976-06-10,1.0173,per_usd
1976-06-11,1.0175,per_usd
1976-06-14,1.0178,per_usd
1976-06-15,1.0191,per_usd
1976-06-16,1.0156,per_usd
1976-06-17,1.0171,per_usd
1976-06-18,1.0158,per_usd
1976-06-21,1.0169,per_usd
1976-06-22,1.0168,per_usd
1976-06-23,1.0172,per_usd
1976-06-24,1.0157,per_usd
1976-06-25,1.0147,per_usd
1976-06-28,1.0153,per_usd
1976-06-29,1.0142,per_usd
1976-06-30,1.0128,per_usd
1976-07-01,1.0115,per_usd
1976-07-02,1.0101,per_usd
1976-07-06,1.0081,per_usd
1976-07-07,1.007,per_usd
1976-07-08,1.0068,per_usd
1976-07-09,1.0101,per_usd
1976-07-12,1.0132,per_usd
1976-07-13,1.0096,per_usd
1976-07-14,1.006,per_usd
1976-07-15,1.0117,per_usd
1976-07-16,1.0106,per_usd
1976-07-19,1.0122,per_usd
1976-07-20,1.0136,per_usd
1976-07-21,1.0116,per_usd
1976-07-22,1.0106,per_usd
1976-07-23,1.0118,per_usd
1976-07-26,1.0116,per_usd
1976-07-27,1.0118,per_usd
1976-07-28,1.0105,per_usd
1976-07-29,1,per_usd
1976-07-30,1.003,per_usd
1976-08-02,1.0049,per_usd
1976-08-03,1.0037,per_usd
1976-08-04,1.0032,per_usd
1976-08-05,1.0017,per_usd
1976-08-06,1.001,per_usd
1976-08-09,1.0047,per_usd
1976-08-10,1.0026,per_usd
1976-08-11,1.0044,per_usd
1976-08-12,1.0039,per_usd
1976-08-13,1.0057,per_usd
1976-08-16,1.0054,per_usd
1976-08-17,1.0038,per_usd
1976-08-18,1.0005,per_usd
1976-08-19,1.0021,per_usd
1976-08-20,1.0025,per_usd
1976-08-23,1.0036,per_usd
1976-08-24,1.0032,per_usd
1976-08-25,1.0042,per_usd
1976-08-26,1.0051,per_usd
1976-08-27,1.001,per_usd
1976-08-30,1.0052,per_usd
1976-08-31,1.0031,per_usd
1976-09-01,1.0024,per_usd
1976-09-02,1.0037,per_usd
1976-09-03,1,per_usd
1976-09-07,1.0038,per_usd
1976-09-08,1.0038,per_usd
1976-09-09,1.0033,per_usd
1976-09-10,1.0015,per_usd
1976-09-13,1.0072,per_usd
1976-09-14,1.008,per_usd
1976-09-15,1.0097,per_usd
1976-09-16,1.0105,per_usd
1976-09-17,1.006,per_usd
1976-09-20,1.0105,per_usd
1976-09-21,1.0125,per_usd
1976-09-22,1.0166,per_usd
1976-09-23,1.0152,per_usd
1976-09-24,1.0121,per_usd
1976-09-27,1.0191,per_usd
1976-09-28,1.0274,per_usd
1976-09-29,1.039,per_usd
1976-09-30,1.03,per_usd
1976-10-01,1.0371,per_usd
1976-10-04,1.0371,per_usd
1976-10-05,1.0241,per_usd
1976-10-06,1.0293,per_usd
1976-10-07,1.0277,per_usd
1976-10-08,1.0251,per_usd
1976-10-12,1.0315,per_usd
1976-10-13,1.0304,per_usd
1976-10-14,1.028,per_usd
1976-10-15,1.0352,per_usd
1976-10-18,1.0346,per_usd
1976-10-19,1.0369,per_usd
1976-10-20,1.0378,per_usd
1976-10-21,1.037,per_usd
1976-10-22,1.0331,per_usd
1976-10-25,1.0477,per_usd
1976-10-26,1.0455,per_usd
1976-10-27,1.042,per_usd
1976-10-28,1.0575,per_usd
1976-10-29,1.0526,per_usd
1976-11-01,1.0573,per_usd
1976-11-03,1.055,per_usd
1976-11-04,1.0483,per_usd
1976-11-05,1.0395,per_usd
1976-11-08,1.048,per_usd
1976-11-09,1.0483,per_usd
1976-11-10,1.0435,per_usd
1976-11-12,1.0455,per_usd
1976-11-15,1.0426,per_usd
1976-11-16,1.0406,per_usd
1976-11-17,1.0396,per_usd
1976-11-18,1.0339,per_usd
1976-11-19,1.0283,per_usd
1976-11-22,1.0298,per_usd
1976-11-23,1.0394,per_usd
1976-11-24,1.0395,per_usd
1976-11-26,1.0322,per_usd
1976-11-29,1.105,per_usd
1976-11-30,1.1095,per_usd
1976-12-01,1.1112,per_usd
1976-12-02,1.1068,per_usd
1976-12-03,1.109,per_usd
1976-12-06,1.1096,per_usd
1976-12-07,1.1094,per_usd
1976-12-08,1.1002,per_usd
1976-12-09,1.1001,per_usd
1976-12-10,1.1018,per_usd
1976-12-13,1.1001,per_usd
1976-12-14,1.0935,per_usd
1976-12-15,1.0963,per_usd
1976-12-16,1.0989,per_usd
1976-12-17,1.0917,per_usd
1976-12-20,1.0722,per_usd
1976-12-21,1.0663,per_usd
1976-12-22,1.0672,per_usd
1976-12-23,1.0646,per_usd
1976-12-24,1.0638,per_usd
1976-12-27,1.0638,per_usd
1976-12-28,1.0638,per_usd
1976-12-29,1.0588,per_usd
1976-12-30,1.0526,per_usd
1976-12-31,1.0582,per_usd
1977-01-03,1.0537,per_usd
1977-01-04,1.0537,per_usd
1977-01-05,1.054,per_usd
1977-01-06,1.0541,per_usd
1977-01-07,1.0526,per_usd
1977-01-10,1.0561,per_usd
1977-01-11,1.0549,per_usd
1977-01-12,1.0549,per_usd
1977-01-13,1.0531,per_usd
1977-01-14,1.0537,per_usd
1977-01-17,1.0576,per_usd
1977-01-18,1.0567,per_usd
1977-01-19,1.0562,per_usd
1977-01-20,1.0547,per_usd
1977-01-21,1.0515,per_usd
1977-01-24,1.0555,per_usd
1977-01-25,1.055,per_usd
1977-01-26,1.0551,per_usd
1977-01-27,1.0555,per_usd
1977-01-28,1.0526,per_usd
1977-01-31,1.0515,per_usd
1977-02-01,1.055,per_usd
1977-02-02,1.051,per_usd
1977-02-03,1.0554,per_usd
1977-02-04,1.0526,per_usd
1977-02-07,1.0555,per_usd
1977-02-08,1.0515,per_usd
1977-02-09,1.0493,per_usd
1977-02-10,1.0488,per_usd
1977-02-11,1.0493,per_usd
1977-02-14,1.0539,per_usd
1977-02-15,1.051,per_usd
1977-02-16,1.0482,per_usd
1977-02-17,1.0488,per_usd
1977-02-18,1.0488,per_usd
1977-02-22,1.0485,per_usd
1977-02-23,1.0482,per_usd
1977-02-24,1.0488,per_usd
1977-02-25,1.0482,per_usd
1977-02-28,1.0471,per_usd
1977-03-01,1.0471,per_usd
1977-03-02,1.0471,per_usd
1977-03-03,1.0471,per_usd
1977-03-04,1.0466,per_usd
1977-03-07,1.0466,per_usd
1977-03-08,1.0455,per_usd
1977-03-09,1.046,per_usd
1977-03-10,1.046,per_usd
1977-03-11,1.0466,per_usd
1977-03-14,1.0455,per_usd
1977-03-15,1.0471,per_usd
1977-03-16,1.046,per_usd
1977-03-17,1.046,per_usd
1977-03-18,1.046,per_usd
1977-03-21,1.0455,per_usd
1977-03-22,1.0438,per_usd
1977-03-23,1.0433,per_usd
1977-03-24,1.0428,per_usd
1977-03-25,1.0433,per_usd
1977-03-28,1.0433,per_usd
1977-03-29,1.0417,per_usd
1977-03-30,1.0417,per_usd
1977-03-31,1.0417,per_usd
1977-04-01,1.0417,per_usd
1977-04-04,1.0411,per_usd
1977-04-05,1.04,per_usd
1977-04-06,1.0395,per_usd
1977-04-07,1.0395,per_usd
1977-04-08,1.0395,per_usd
1977-04-11,1.039,per_usd
1977-04-12,1.039,per_usd
1977-04-13,1.0379,per_usd
1977-04-14,1.0379,per_usd
1977-04-15,1.0384,per_usd
1977-04-18,1.0395,per_usd
1977-04-19,1.04,per_usd
1977-04-20,1.0417,per_usd
1977-04-21,1.0406,per_usd
1977-04-22,1.0422,per_usd
1977-04-25,1.0417,per_usd
1977-04-26,1.0417,per_usd
1977-04-27,1.0417,per_usd
1977-04-28,1.0411,per_usd
1977-04-29,1.0422,per_usd
1977-05-02,1.0417,per_usd
1977-05-03,1.0417,per_usd
1977-05-04,1.0417,per_usd
1977-05-05,1.0406,per_usd
1977-05-06,1.0406,per_usd
1977-05-09,1.0411,per_usd
1977-05-10,1.0417,per_usd
1977-05-11,1.0417,per_usd
1977-05-12,1.0417,per_usd
1977-05-13,1.0422,per_usd
1977-05-16,1.0422,per_usd
1977-05-17,1.0422,per_usd
1977-05-18,1.0422,per_usd
1977-05-19,1.0422,per_usd
1977-05-20,1.0417,per_usd
1977-05-23,1.0417,per_usd
1977-05-24,1.0417,per_usd
1977-05-25,1.0417,per_usd
1977-05-26,1.0411,per_usd
1977-05-27,1.0417,per_usd
1977-05-31,1.0417,per_usd
1977-06-01,1.0411,per_usd
1977-06-02,1.0417,per_usd
1977-06-03,1.0411,per_usd
1977-06-06,1.0411,per_usd
1977-06-07,1.0406,per_usd
1977-06-08,1.0406,per_usd
1977-06-09,1.04,per_usd
1977-06-10,1.039,per_usd
1977-06-13,1.0384,per_usd
1977-06-14,1.0379,per_usd
1977-06-15,1.0384,per_usd
1977-06-16,1.0384,per_usd
1977-06-17,1.0384,per_usd
1977-06-20,1.039,per_usd
1977-06-21,1.0384,per_usd
1977-06-22,1.0384,per_usd
1977-06-23,1.0379,per_usd
1977-06-24,1.0373,per_usd
1977-06-27,1.0373,per_usd
1977-06-28,1.0371,per_usd
1977-06-29,1.0368,per_usd
1977-06-30,1.0347,per_usd
1977-07-01,1.0341,per_usd
1977-07-05,1.032,per_usd
1977-07-06,1.0309,per_usd
1977-07-07,1.0315,per_usd
1977-07-08,1.0309,per_usd
1977-07-11,1.0299,per_usd
1977-07-12,1.0288,per_usd
1977-07-13,1.0293,per_usd
1977-07-15,1.0299,per_usd
1977-07-18,1.0299,per_usd
1977-07-19,1.0288,per_usd
1977-07-20,1.0285,per_usd
1977-07-21,1.0283,per_usd
1977-07-22,1.0288,per_usd
1977-07-25,1.0288,per_usd
1977-07-26,1.0281,per_usd
1977-07-27,1.0251,per_usd
1977-07-28,1.0251,per_usd
1977-07-29,1.0267,per_usd
1977-08-01,1.0299,per_usd
1977-08-02,1.0283,per_usd
1977-08-03,1.0309,per_usd
1977-08-04,1.039,per_usd
1977-08-05,1.0336,per_usd
1977-08-08,1.0309,per_usd
1977-08-09,1.032,per_usd
1977-08-10,1.0325,per_usd
1977-08-11,1.032,per_usd
1977-08-12,1.0331,per_usd
1977-08-15,1.0336,per_usd
1977-08-16,1.0341,per_usd
1977-08-17,1.0341,per_usd
1977-08-18,1.0341,per_usd
1977-08-19,1.0347,per_usd
1977-08-22,1.0336,per_usd
1977-08-23,1.0341,per_usd
1977-08-24,1.0325,per_usd
1977-08-25,1.0325,per_usd
1977-08-26,1.0304,per_usd
1977-08-29,1.032,per_usd
1977-08-30,1.0331,per_usd
1977-08-31,1.0331,per_usd
1977-09-01,1.0331,per_usd
1977-09-02,1.0331,per_usd
1977-09-06,1.0336,per_usd
1977-09-07,1.0336,per_usd
1977-09-08,1.0325,per_usd
1977-09-09,1.0331,per_usd
1977-09-12,1.0331,per_usd
1977-09-13,1.0331,per_usd
1977-09-14,1.0331,per_usd
1977-09-15,1.0331,per_usd
1977-09-16,1.0325,per_usd
1977-09-19,1.0336,per_usd
1977-09-20,1.0336,per_usd
1977-09-21,1.0331,per_usd
1977-09-22,1.0331,per_usd
1977-09-23,1.0336,per_usd
1977-09-26,1.0325,per_usd
1977-09-27,1.0325,per_usd
1977-09-28,1.0325,per_usd
1977-09-29,1.0325,per_usd
1977-09-30,1.0309,per_usd
1977-10-03,1.0246,per_usd
1977-10-04,1.0262,per_usd
1977-10-05,1.0246,per_usd
1977-10-06,1.0246,per_usd
1977-10-07,1.0225,per_usd
1977-10-11,1.023,per_usd
1977-10-12,1.023,per_usd
1977-10-13,1.0204,per_usd
1977-10-14,1.0194,per_usd
1977-10-17,1.0173,per_usd
1977-10-18,1.0173,per_usd
1977-10-19,1.0173,per_usd
1977-10-20,1.0163,per_usd
1977-10-21,1.0183,per_usd
1977-10-24,1.0163,per_usd
1977-10-25,1.0152,per_usd
1977-10-26,1.0157,per_usd
1977-10-27,1.0137,per_usd
1977-10-28,1.0163,per_usd
1977-10-31,1.005,per_usd
1977-11-01,1.003,per_usd
1977-11-02,1.0045,per_usd
1977-11-03,1.0101,per_usd
1977-11-04,1.0121,per_usd
1977-11-07,1.0116,per_usd
1977-11-09,1.003,per_usd
1977-11-10,1.007,per_usd
1977-11-14,1.0081,per_usd
1977-11-15,1.0076,per_usd
1977-11-16,1.0081,per_usd
1977-11-17,1.0086,per_usd
1977-11-18,1.0065,per_usd
1977-11-21,1.003,per_usd
1977-11-22,1.006,per_usd
1977-11-23,1.0025,per_usd
1977-11-25,1.0025,per_usd
1977-11-28,1.002,per_usd
1977-11-29,1.0045,per_usd
1977-11-30,1.0055,per_usd
1977-12-01,1.0045,per_usd
1977-12-02,1.003,per_usd
1977-12-05,1.001,per_usd
1977-12-06,0.9985,per_usd
1977-12-07,1.001,per_usd
1977-12-08,0.9995,per_usd
1977-12-09,1,per_usd
1977-12-12,0.999,per_usd
1977-12-13,0.9985,per_usd
1977-12-14,0.993,per_usd
1977-12-15,0.994,per_usd
1977-12-16,0.9955,per_usd
1977-12-19,0.9901,per_usd
1977-12-20,0.9828,per_usd
1977-12-21,0.9847,per_usd
1977-12-22,0.9911,per_usd
1977-12-23,0.996,per_usd
1977-12-27,0.995,per_usd
1977-12-28,0.9828,per_usd
1977-12-29,0.9838,per_usd
1977-12-30,0.9843,per_usd
1978-01-03,0.9775,per_usd
1978-01-04,0.9676,per_usd
1978-01-05,0.9967,per_usd
1978-01-06,0.9857,per_usd
1978-01-09,0.9833,per_usd
1978-01-10,0.9852,per_usd
1978-01-11,0.9804,per_usd
1978-01-12,0.9828,per_usd
1978-01-13,0.9828,per_usd
1978-01-16,0.9823,per_usd
1978-01-17,0.9818,per_usd
1978-01-18,0.9833,per_usd
1978-01-19,0.9809,per_usd
1978-01-20,0.9843,per_usd
1978-01-23,0.9794,per_usd
1978-01-24,0.9775,per_usd
1978-01-25,0.9775,per_usd
1978-01-26,0.9775,per_usd
1978-01-27,0.9766,per_usd
1978-01-30,0.9785,per_usd
1978-01-31,0.9775,per_usd
1978-02-01,0.979,per_usd
1978-02-02,0.9785,per_usd
1978-02-03,0.9818,per_usd
1978-02-06,0.9823,per_usd
1978-02-07,0.9849,per_usd
1978-02-08,0.9852,per_usd
1978-02-09,0.9804,per_usd
1978-02-10,0.9809,per_usd
1978-02-14,0.9814,per_usd
1978-02-15,0.9814,per_usd
1978-02-16,0.9799,per_usd
1978-02-17,0.977,per_usd
1978-02-21,0.9761,per_usd
1978-02-22,0.9756,per_usd
1978-02-23,0.9747,per_usd
1978-02-24,0.9794,per_usd
1978-02-27,0.9785,per_usd
1978-02-28,0.9785,per_usd
1978-03-01,0.9751,per_usd
1978-03-02,0.9756,per_usd
1978-03-03,0.9759,per_usd
1978-03-06,0.977,per_usd
1978-03-07,0.977,per_usd
1978-03-08,0.9747,per_usd
1978-03-09,0.9761,per_usd
1978-03-10,0.9823,per_usd
1978-03-13,0.9843,per_usd
1978-03-14,0.9809,per_usd
1978-03-15,0.9766,per_usd
1978-03-16,0.9794,per_usd
1978-03-17,0.9761,per_usd
1978-03-20,0.9794,per_usd
1978-03-21,0.9794,per_usd
1978-03-22,0.9804,per_usd
1978-03-23,0.9804,per_usd
1978-03-24,0.9814,per_usd
1978-03-27,0.9794,per_usd
1978-03-28,0.9785,per_usd
1978-03-29,0.9747,per_usd
1978-03-30,0.9809,per_usd
1978-03-31,0.9804,per_usd
1978-04-03,0.9718,per_usd
1978-04-04,0.9775,per_usd
1978-04-05,0.9756,per_usd
1978-04-06,0.9742,per_usd
1978-04-07,0.9756,per_usd
1978-04-10,0.9756,per_usd
1978-04-11,0.9737,per_usd
1978-04-12,0.9737,per_usd
1978-04-13,0.9766,per_usd
1978-04-14,0.978,per_usd
1978-04-17,0.9804,per_usd
1978-04-18,0.9809,per_usd
1978-04-19,0.9818,per_usd
1978-04-20,0.9881,per_usd
1978-04-21,0.9901,per_usd
1978-04-24,0.9921,per_usd
1978-04-25,0.993,per_usd
1978-04-26,0.9911,per_usd
1978-04-27,0.9896,per_usd
1978-04-28,0.9852,per_usd
1978-05-01,0.9891,per_usd
1978-05-02,0.9886,per_usd
1978-05-03,0.9886,per_usd
1978-05-04,0.9906,per_usd
1978-05-05,0.9886,per_usd
1978-05-08,0.9911,per_usd
1978-05-09,0.9926,per_usd
1978-05-10,0.993,per_usd
1978-05-11,0.9985,per_usd
1978-05-12,0.9926,per_usd
1978-05-15,0.9926,per_usd
1978-05-16,0.995,per_usd
1978-05-17,0.9965,per_usd
1978-05-18,0.9955,per_usd
1978-05-19,0.9945,per_usd
1978-05-22,0.9975,per_usd
1978-05-23,0.9945,per_usd
1978-05-24,0.996,per_usd
1978-05-25,0.9955,per_usd
1978-05-26,0.995,per_usd
1978-05-29,0.9935,per_usd
1978-05-31,0.9891,per_usd
1978-06-01,0.9891,per_usd
1978-06-02,0.9881,per_usd
1978-06-05,0.9881,per_usd
1978-06-06,0.9862,per_usd
1978-06-07,0.9872,per_usd
1978-06-08,0.9857,per_usd
1978-06-09,0.9872,per_usd
1978-06-12,0.9843,per_usd
1978-06-13,0.9833,per_usd
1978-06-14,0.9843,per_usd
1978-06-15,0.9852,per_usd
1978-06-16,0.9847,per_usd
1978-06-19,0.9814,per_usd
1978-06-20,0.979,per_usd
1978-06-21,0.9775,per_usd
1978-06-22,0.9775,per_usd
1978-06-23,0.9756,per_usd
1978-06-26,0.9742,per_usd
1978-06-27,0.9747,per_usd
1978-06-28,0.9742,per_usd
1978-06-29,0.9728,per_usd
1978-06-30,0.9709,per_usd
1978-07-03,0.9699,per_usd
1978-07-05,0.9699,per_usd
1978-07-06,0.9699,per_usd
1978-07-07,0.9685,per_usd
1978-07-10,0.9625,per_usd
1978-07-11,0.9657,per_usd
1978-07-12,0.9671,per_usd
1978-07-13,0.9662,per_usd
1978-07-14,0.9667,per_usd
1978-07-17,0.9671,per_usd
1978-07-18,0.9667,per_usd
1978-07-19,0.9657,per_usd
1978-07-20,0.9643,per_usd
1978-07-21,0.9606,per_usd
1978-07-24,0.956,per_usd
1978-07-25,0.956,per_usd
1978-07-26,0.9547,per_usd
1978-07-27,0.9565,per_usd
1978-07-28,0.9542,per_usd
1978-07-31,0.951,per_usd
1978-08-01,0.9479,per_usd
1978-08-02,0.9508,per_usd
1978-08-03,0.9497,per_usd
1978-08-04,0.9501,per_usd
1978-08-07,0.9501,per_usd
1978-08-08,0.9492,per_usd
1978-08-09,0.9447,per_usd
1978-08-10,0.9447,per_usd
1978-08-11,0.9421,per_usd
1978-08-14,0.9398,per_usd
1978-08-15,0.9363,per_usd
1978-08-16,0.9403,per_usd
1978-08-17,0.9479,per_usd
1978-08-18,0.9479,per_usd
1978-08-21,0.9542,per_usd
1978-08-22,0.9515,per_usd
1978-08-23,0.9542,per_usd
1978-08-24,0.9515,per_usd
1978-08-25,0.9547,per_usd
1978-08-28,0.9556,per_usd
1978-08-29,0.9533,per_usd
1978-08-30,0.9497,per_usd
1978-08-31,0.9524,per_usd
1978-09-01,0.9506,per_usd
1978-09-05,0.9501,per_usd
1978-09-06,0.9515,per_usd
1978-09-07,0.9515,per_usd
1978-09-08,0.951,per_usd
1978-09-11,0.9528,per_usd
1978-09-12,0.9501,per_usd
1978-09-13,0.9483,per_usd
1978-09-14,0.9497,per_usd
1978-09-15,0.9465,per_usd
1978-09-18,0.9479,per_usd
1978-09-19,0.947,per_usd
1978-09-20,0.9434,per_usd
1978-09-21,0.9412,per_usd
1978-09-22,0.9474,per_usd
1978-09-25,0.9412,per_usd
1978-09-26,0.9425,per_usd
1978-09-27,0.9434,per_usd
1978-09-28,0.9434,per_usd
1978-09-29,0.943,per_usd
1978-10-02,0.9434,per_usd
1978-10-03,0.9421,per_usd
1978-10-04,0.9394,per_usd
1978-10-05,0.9398,per_usd
1978-10-06,0.9412,per_usd
1978-10-10,0.9407,per_usd
1978-10-11,0.9363,per_usd
1978-10-12,0.9359,per_usd
1978-10-13,0.9372,per_usd
1978-10-16,0.9346,per_usd
1978-10-17,0.9311,per_usd
1978-10-18,0.9328,per_usd
1978-10-19,0.9346,per_usd
1978-10-20,0.9302,per_usd
1978-10-23,0.9276,per_usd
1978-10-24,0.9289,per_usd
1978-10-25,0.9264,per_usd
1978-10-26,0.9183,per_usd
1978-10-27,0.9191,per_usd
1978-10-30,0.9107,per_usd
1978-10-31,0.9103,per_usd
1978-11-01,0.939,per_usd
1978-11-02,0.9355,per_usd
1978-11-03,0.9385,per_usd
1978-11-06,0.9438,per_usd
1978-11-08,0.9416,per_usd
1978-11-09,0.9407,per_usd
1978-11-10,0.9434,per_usd
1978-11-13,0.9434,per_usd
1978-11-14,0.9434,per_usd
1978-11-15,0.9447,per_usd
1978-11-16,0.9492,per_usd
1978-11-17,0.9542,per_usd
1978-11-20,0.9588,per_usd
1978-11-21,0.9556,per_usd
1978-11-22,0.9565,per_usd
1978-11-24,0.9569,per_usd
1978-11-27,0.9592,per_usd
1978-11-28,0.9579,per_usd
1978-11-29,0.9565,per_usd
1978-11-30,0.956,per_usd
1978-12-01,0.9615,per_usd
1978-12-04,0.9574,per_usd
1978-12-05,0.9556,per_usd
1978-12-06,0.9556,per_usd
1978-12-07,0.9551,per_usd
1978-12-08,0.956,per_usd
1978-12-11,0.9515,per_usd
1978-12-12,0.9519,per_usd
1978-12-13,0.9497,per_usd
1978-12-14,0.9501,per_usd
1978-12-15,0.9501,per_usd
1978-12-18,0.9434,per_usd
1978-12-19,0.9398,per_usd
1978-12-20,0.9412,per_usd
1978-12-21,0.9461,per_usd
1978-12-22,0.9452,per_usd
1978-12-26,0.9407,per_usd
1978-12-27,0.9394,per_usd
1978-12-28,0.9363,per_usd
1978-12-29,0.9398,per_usd
1979-01-02,0.947,per_usd
1979-01-03,0.9434,per_usd
1979-01-04,0.9416,per_usd
1979-01-05,0.9425,per_usd
1979-01-08,0.9416,per_usd
1979-01-09,0.9407,per_usd
1979-01-10,0.9452,per_usd
1979-01-11,0.9465,per_usd
1979-01-12,0.9488,per_usd
1979-01-15,0.9492,per_usd
1979-01-16,0.9483,per_usd
1979-01-17,0.9456,per_usd
1979-01-18,0.9461,per_usd
1979-01-19,0.9452,per_usd
1979-01-22,0.947,per_usd
1979-01-23,0.9483,per_usd
1979-01-24,0.9483,per_usd
1979-01-25,0.9497,per_usd
1979-01-26,0.9488,per_usd
1979-01-29,0.9519,per_usd
1979-01-30,0.9506,per_usd
1979-01-31,0.9497,per_usd
1979-02-01,0.9551,per_usd
1979-02-02,0.9547,per_usd
1979-02-05,0.9524,per_usd
1979-02-06,0.951,per_usd
1979-02-07,0.9452,per_usd
1979-02-08,0.9461,per_usd
1979-02-09,0.947,per_usd
1979-02-13,0.9501,per_usd
1979-02-14,0.9488,per_usd
1979-02-15,0.9506,per_usd
1979-02-16,0.9492,per_usd
1979-02-20,0.9501,per_usd
1979-02-21,0.9492,per_usd
1979-02-22,0.9492,per_usd
1979-02-23,0.9492,per_usd
1979-02-26,0.9492,per_usd
1979-02-27,0.9469,per_usd
1979-02-28,0.9477,per_usd
1979-03-01,0.9499,per_usd
1979-03-02,0.9497,per_usd
1979-03-05,0.9497,per_usd
1979-03-06,0.9485,per_usd
1979-03-07,0.9492,per_usd
1979-03-08,0.9461,per_usd
1979-03-09,0.9461,per_usd
1979-03-12,0.947,per_usd
1979-03-13,0.9492,per_usd
1979-03-14,0.9497,per_usd
1979-03-15,0.9488,per_usd
1979-03-16,0.9501,per_usd
1979-03-19,0.9515,per_usd
1979-03-20,0.9497,per_usd
1979-03-21,0.9492,per_usd
1979-03-22,0.9506,per_usd
1979-03-23,0.9488,per_usd
1979-03-26,0.948,per_usd
1979-03-27,0.9477,per_usd
1979-03-28,0.9483,per_usd
1979-03-29,0.9484,per_usd
1979-03-30,0.9479,per_usd
1979-04-02,0.9497,per_usd
1979-04-03,0.9501,per_usd
1979-04-04,0.9515,per_usd
1979-04-05,0.9508,per_usd
1979-04-06,0.9497,per_usd
1979-04-09,0.9488,per_usd
1979-04-10,0.9473,per_usd
1979-04-11,0.9483,per_usd
1979-04-12,0.9506,per_usd
1979-04-13,0.9533,per_usd
1979-04-16,0.9528,per_usd
1979-04-17,0.9542,per_usd
1979-04-18,0.9542,per_usd
1979-04-19,0.9519,per_usd
1979-04-20,0.9533,per_usd
1979-04-23,0.9556,per_usd
1979-04-24,0.9556,per_usd
1979-04-25,0.9565,per_usd
1979-04-26,0.9583,per_usd
1979-04-27,0.9574,per_usd
1979-04-30,0.9579,per_usd
1979-05-01,0.9592,per_usd
1979-05-02,0.9597,per_usd
1979-05-03,0.9588,per_usd
1979-05-04,0.9569,per_usd
1979-05-07,0.9524,per_usd
1979-05-08,0.9547,per_usd
1979-05-09,0.9524,per_usd
1979-05-10,0.9565,per_usd
1979-05-11,0.9565,per_usd
1979-05-14,0.9568,per_usd
1979-05-15,0.956,per_usd
1979-05-16,0.9547,per_usd
1979-05-17,0.9569,per_usd
1979-05-18,0.9606,per_usd
1979-05-21,0.9615,per_usd
1979-05-22,0.9617,per_usd
1979-05-23,0.9613,per_usd
1979-05-24,0.9602,per_usd
1979-05-25,0.9604,per_usd
1979-05-28,0.9606,per_usd
1979-05-29,0.9625,per_usd
1979-05-31,0.9592,per_usd
1979-06-01,0.9583,per_usd
1979-06-04,0.9569,per_usd
1979-06-05,0.9575,per_usd
1979-06-06,0.958,per_usd
1979-06-07,0.9594,per_usd
1979-06-08,0.9597,per_usd
1979-06-11,0.9588,per_usd
1979-06-12,0.9569,per_usd
1979-06-13,0.9558,per_usd
1979-06-14,0.9557,per_usd
1979-06-15,0.9531,per_usd
1979-06-18,0.9539,per_usd
1979-06-19,0.9501,per_usd
1979-06-20,0.948,per_usd
1979-06-21,1,per_usd
1979-06-22,0.9955,per_usd
1979-06-25,0.9916,per_usd
1979-06-26,0.9945,per_usd
1979-06-27,0.9926,per_usd
1979-06-28,0.9906,per_usd
1979-06-29,0.9914,per_usd
1979-07-02,0.9886,per_usd
1979-07-03,0.9891,per_usd
1979-07-05,0.9847,per_usd
1979-07-06,0.9857,per_usd
1979-07-09,0.9888,per_usd
1979-07-10,0.9857,per_usd
1979-07-11,0.9836,per_usd
1979-07-12,0.9838,per_usd
1979-07-13,0.9838,per_usd
1979-07-16,0.9815,per_usd
1979-07-17,0.978,per_usd
1979-07-18,0.9745,per_usd
1979-07-19,0.9754,per_usd
1979-07-20,0.9785,per_usd
1979-07-23,0.9751,per_usd
1979-07-24,0.9709,per_usd
1979-07-25,0.972,per_usd
1979-07-26,0.9709,per_usd
1979-07-27,0.9723,per_usd
1979-07-30,0.9737,per_usd
1979-07-31,0.9852,per_usd
1979-08-01,0.9799,per_usd
1979-08-02,0.9804,per_usd
1979-08-03,0.9794,per_usd
1979-08-06,0.9807,per_usd
1979-08-07,0.9845,per_usd
1979-08-08,0.9864,per_usd
1979-08-09,0.9833,per_usd
1979-08-10,0.9816,per_usd
1979-08-13,0.9833,per_usd
1979-08-14,0.9886,per_usd
1979-08-15,0.9867,per_usd
1979-08-16,0.9883,per_usd
1979-08-17,0.9881,per_usd
1979-08-20,0.9893,per_usd
1979-08-21,0.9891,per_usd
1979-08-22,0.9896,per_usd
1979-08-23,0.9881,per_usd
1979-08-24,0.9901,per_usd
1979-08-27,0.9886,per_usd
1979-08-28,0.9886,per_usd
1979-08-29,0.9895,per_usd
1979-08-30,0.9886,per_usd
1979-08-31,0.9886,per_usd
1979-09-04,0.9921,per_usd
1979-09-05,0.9911,per_usd
1979-09-06,0.9899,per_usd
1979-09-07,0.9886,per_usd
1979-09-10,0.9901,per_usd
1979-09-11,0.9901,per_usd
1979-09-12,0.9935,per_usd
1979-09-13,0.9965,per_usd
1979-09-14,1.0005,per_usd
1979-09-17,1.005,per_usd
1979-09-18,1.0035,per_usd
1979-09-19,1.0065,per_usd
1979-09-20,1.0025,per_usd
1979-09-21,1.0015,per_usd
1979-09-24,1.0015,per_usd
1979-09-25,1.0025,per_usd
1979-09-26,0.9985,per_usd
1979-09-27,0.997,per_usd
1979-09-28,0.9965,per_usd
1979-10-01,1,per_usd
1979-10-02,0.999,per_usd
1979-10-03,1,per_usd
1979-10-04,0.9995,per_usd
1979-10-05,1.001,per_usd
1979-10-09,1.0137,per_usd
1979-10-10,1.0111,per_usd
1979-10-11,1.0094,per_usd
1979-10-12,1.0132,per_usd
1979-10-15,1.0142,per_usd
1979-10-16,1.0168,per_usd
1979-10-17,1.0194,per_usd
1979-10-18,1.0188,per_usd
1979-10-19,1.0173,per_usd
1979-10-22,1.0194,per_usd
1979-10-23,1.022,per_usd
1979-10-24,1.0262,per_usd
1979-10-25,1.0262,per_usd
1979-10-26,1.0267,per_usd
1979-10-29,1.0299,per_usd
1979-10-30,1.004,per_usd
1979-10-31,1.0352,per_usd
1979-11-01,1.0347,per_usd
1979-11-02,1.0331,per_usd
1979-11-05,1.0352,per_usd
1979-11-07,1.0336,per_usd
1979-11-08,1.0363,per_usd
1979-11-09,1.0368,per_usd
1979-11-13,1.0379,per_usd
1979-11-14,1.0379,per_usd
1979-11-15,1.0341,per_usd
1979-11-16,1.0315,per_usd
1979-11-19,1.0471,per_usd
1979-11-20,1.0267,per_usd
1979-11-21,1.0277,per_usd
1979-11-23,1.0304,per_usd
1979-11-26,1.0331,per_usd
1979-11-27,1.0293,per_usd
1979-11-28,1.0293,per_usd
1979-11-29,1.0272,per_usd
1979-11-30,1.0241,per_usd
1979-12-03,1.022,per_usd
1979-12-04,1.023,per_usd
1979-12-05,1.0241,per_usd
1979-12-06,1.0215,per_usd
1979-12-07,1.022,per_usd
1979-12-10,1.0178,per_usd
1979-12-11,1.0152,per_usd
1979-12-12,1.0147,per_usd
1979-12-13,1.0188,per_usd
1979-12-14,1.0204,per_usd
1979-12-17,1.0199,per_usd
1979-12-18,1.0199,per_usd
1979-12-19,1.0199,per_usd
1979-12-20,1.0194,per_usd
1979-12-21,1.0204,per_usd
1979-12-24,1.0199,per_usd
1979-12-26,1.0188,per_usd
1979-12-27,1.0173,per_usd
1979-12-28,1.0152,per_usd
1979-12-31,1.0173,per_usd
1980-01-02,1.0152,per_usd
1980-01-03,1.0121,per_usd
1980-01-04,1.0142,per_usd
1980-01-07,1.0101,per_usd
1980-01-08,1.0096,per_usd
1980-01-09,1.0091,per_usd
1980-01-10,1.0111,per_usd
1980-01-11,1.0101,per_usd
1980-01-14,1.0121,per_usd
1980-01-15,1.0132,per_usd
1980-01-16,1.0134,per_usd
1980-01-17,1.0132,per_usd
1980-01-18,1.0132,per_usd
1980-01-21,1.0121,per_usd
1980-01-22,1.0132,per_usd
1980-01-23,1.0132,per_usd
1980-01-24,1.0137,per_usd
1980-01-25,1.0127,per_usd
1980-01-28,1.0173,per_usd
1980-01-29,1.0183,per_usd
1980-01-30,1.0183,per_usd
1980-01-31,1.0168,per_usd
1980-02-01,1.0183,per_usd
1980-02-04,1.0178,per_usd
1980-02-05,1.0152,per_usd
1980-02-06,1.0134,per_usd
1980-02-07,1.0116,per_usd
1980-02-08,1.0147,per_usd
1980-02-11,1.0142,per_usd
1980-02-13,1.0178,per_usd
1980-02-14,1.0166,per_usd
1980-02-15,1.0178,per_usd
1980-02-19,1.022,per_usd
1980-02-20,1.0256,per_usd
1980-02-21,1.0235,per_usd
1980-02-22,1.0256,per_usd
1980-02-25,1.0277,per_usd
1980-02-26,1.0277,per_usd
1980-02-27,1.0283,per_usd
1980-02-28,1.0272,per_usd
1980-02-29,1.0309,per_usd
1980-03-03,1.032,per_usd
1980-03-04,1.0336,per_usd
1980-03-05,1.0341,per_usd
1980-03-06,1.0384,per_usd
1980-03-07,1.0395,per_usd
1980-03-10,1.04,per_usd
1980-03-11,1.0406,per_usd
1980-03-12,1.0379,per_usd
1980-03-13,1.0417,per_usd
1980-03-14,1.0449,per_usd
1980-03-17,1.0532,per_usd
1980-03-18,1.056,per_usd
1980-03-19,1.0537,per_usd
1980-03-20,1.0526,per_usd
1980-03-21,1.0537,per_usd
1980-03-24,1.0576,per_usd
1980-03-25,1.056,per_usd
1980-03-26,1.0537,per_usd
1980-03-27,1.0585,per_usd
1980-03-28,1.0616,per_usd
1980-03-31,1.0633,per_usd
1980-04-01,1.0707,per_usd
1980-04-02,1.0724,per_usd
1980-04-03,1.0741,per_usd
1980-04-04,1.0764,per_usd
1980-04-07,1.0799,per_usd
1980-04-08,1.0776,per_usd
1980-04-09,1.0593,per_usd
1980-04-10,1.0627,per_usd
1980-04-11,1.0604,per_usd
1980-04-14,1.0554,per_usd
1980-04-15,1.0576,per_usd
1980-04-16,1.0537,per_usd
1980-04-17,1.0532,per_usd
1980-04-18,1.051,per_usd
1980-04-21,1.0482,per_usd
1980-04-22,1.0515,per_usd
1980-04-23,1.0453,per_usd
1980-04-24,1.0422,per_usd
1980-04-25,1.0395,per_usd
1980-04-28,1.0352,per_usd
1980-04-29,1.0333,per_usd
1980-04-30,1.0347,per_usd
1980-05-01,1.0363,per_usd
1980-05-02,1.0384,per_usd
1980-05-05,1.0363,per_usd
1980-05-06,1.0299,per_usd
1980-05-07,1.0277,per_usd
1980-05-08,1.0288,per_usd
1980-05-09,1.0287,per_usd
1980-05-12,1.0262,per_usd
1980-05-13,1.0246,per_usd
1980-05-14,1.0241,per_usd
1980-05-15,1.0241,per_usd
1980-05-16,1.0277,per_usd
1980-05-19,1.0256,per_usd
1980-05-20,1.0248,per_usd
1980-05-21,1.0204,per_usd
1980-05-22,1.0178,per_usd
1980-05-23,1.0163,per_usd
1980-05-27,1.0074,per_usd
1980-05-28,1.0132,per_usd
1980-05-29,1.0132,per_usd
1980-05-30,1.0173,per_usd
1980-06-02,1.0127,per_usd
1980-06-03,1.0194,per_usd
1980-06-04,1.0188,per_usd
1980-06-05,1.0142,per_usd
1980-06-06,1.0147,per_usd
1980-06-09,1.0096,per_usd
1980-06-10,1.0121,per_usd
1980-06-11,1.0111,per_usd
1980-06-12,1.0111,per_usd
1980-06-13,1.0091,per_usd
1980-06-16,1.0101,per_usd
1980-06-17,1.0111,per_usd
1980-06-18,1.0111,per_usd
1980-06-19,1.0111,per_usd
1980-06-20,1.0137,per_usd
1980-06-23,1.0116,per_usd
1980-06-24,1.0132,per_usd
1980-06-25,1.0142,per_usd
1980-06-26,1.0147,per_usd
1980-06-27,1.0137,per_usd
1980-06-30,1.0132,per_usd
1980-07-01,1.0127,per_usd
1980-07-02,1.0127,per_usd
1980-07-03,1.0154,per_usd
1980-07-07,1.0091,per_usd
1980-07-08,1.0116,per_usd
1980-07-09,1.0106,per_usd
1980-07-10,1.0101,per_usd
1980-07-11,1.0101,per_usd
1980-07-14,1.0107,per_usd
1980-07-15,1.0127,per_usd
1980-07-16,1.0132,per_usd
1980-07-17,1.0113,per_usd
1980-07-18,1.0127,per_usd
1980-07-21,1.0119,per_usd
1980-07-22,1.0137,per_usd
1980-07-23,1.0143,per_usd
1980-07-24,1.0143,per_usd
1980-07-25,1.0148,per_usd
1980-07-28,1.0157,per_usd
1980-07-29,1.0183,per_usd
1980-07-30,1.0212,per_usd
1980-07-31,1.0259,per_usd
1980-08-01,1.0281,per_usd
1980-08-04,1.0251,per_usd
1980-08-05,1.0241,per_usd
1980-08-06,1.022,per_usd
1980-08-07,1.0225,per_usd
1980-08-08,1.0233,per_usd
1980-08-11,1.023,per_usd
1980-08-12,1.0218,per_usd
1980-08-13,1.02,per_usd
1980-08-14,1.0215,per_usd
1980-08-15,1.0219,per_usd
1980-08-18,1.0251,per_usd
1980-08-19,1.0251,per_usd
1980-08-20,1.0248,per_usd
1980-08-21,1.0254,per_usd
1980-08-22,1.0259,per_usd
1980-08-25,1.0242,per_usd
1980-08-26,1.0223,per_usd
1980-08-27,1.0209,per_usd
1980-08-28,1.0198,per_usd
1980-08-29,1.0195,per_usd
1980-09-02,1.0188,per_usd
1980-09-03,1.0147,per_usd
1980-09-04,1.0137,per_usd
1980-09-05,1.0168,per_usd
1980-09-08,1.0148,per_usd
1980-09-09,1.0147,per_usd
1980-09-10,1.0161,per_usd
1980-09-11,1.0132,per_usd
1980-09-12,1.014,per_usd
1980-09-15,1.0157,per_usd
1980-09-16,1.0168,per_usd
1980-09-17,1.015,per_usd
1980-09-18,1.0173,per_usd
1980-09-19,1.0181,per_usd
1980-09-22,1.018,per_usd
1980-09-23,1.0208,per_usd
1980-09-24,1.0215,per_usd
1980-09-25,1.0199,per_usd
1980-09-26,1.0206,per_usd
1980-09-29,1.021,per_usd
1980-09-30,1.0199,per_usd
1980-10-01,1.0178,per_usd
1980-10-02,1.018,per_usd
1980-10-03,1.0183,per_usd
1980-10-06,1.0156,per_usd
1980-10-07,1.02,per_usd
1980-10-08,1.0192,per_usd
1980-10-09,1.0203,per_usd
1980-10-10,1.0182,per_usd
1980-10-14,1.0154,per_usd
1980-10-15,1.0192,per_usd
1980-10-16,1.0183,per_usd
1980-10-17,1.019,per_usd
1980-10-20,1.0199,per_usd
1980-10-21,1.0165,per_usd
1980-10-22,1.0202,per_usd
1980-10-23,1.0204,per_usd
1980-10-24,1.0194,per_usd
1980-10-27,1.0209,per_usd
1980-10-28,1.0254,per_usd
1980-10-29,1.023,per_usd
1980-10-30,1.023,per_usd
1980-10-31,1.0251,per_usd
1980-11-03,1.0235,per_usd
1980-11-05,1.0256,per_usd
1980-11-06,1.0262,per_usd
1980-11-07,1.0309,per_usd
1980-11-10,1.0352,per_usd
1980-11-12,1.0336,per_usd
1980-11-13,1.0293,per_usd
1980-11-14,1.0309,per_usd
1980-11-17,1.0235,per_usd
1980-11-18,1.0357,per_usd
1980-11-19,1.0359,per_usd
1980-11-20,1.0352,per_usd
1980-11-21,1.039,per_usd
1980-11-24,1.04,per_usd
1980-11-25,1.0398,per_usd
1980-11-26,1.0391,per_usd
1980-11-28,1.0444,per_usd
1980-12-01,1.0471,per_usd
1980-12-02,1.0471,per_usd
1980-12-03,1.0471,per_usd
1980-12-04,1.0471,per_usd
1980-12-05,1.0477,per_usd
1980-12-08,1.0433,per_usd
1980-12-09,1.0482,per_usd
1980-12-10,1.0482,per_usd
1980-12-11,1.0526,per_usd
1980-12-12,1.0543,per_usd
1980-12-15,1.0499,per_usd
1980-12-16,1.0537,per_usd
1980-12-17,1.0549,per_usd
1980-12-18,1.0554,per_usd
1980-12-19,1.0537,per_usd
1980-12-22,1.0493,per_usd
1980-12-23,1.046,per_usd
1980-12-24,1.0444,per_usd
1980-12-26,1.0455,per_usd
1980-12-29,1.0444,per_usd
1980-12-30,1.0406,per_usd
1980-12-31,1.0397,per_usd
1981-01-02,1.04,per_usd
1981-01-05,1.0358,per_usd
1981-01-06,1.0315,per_usd
1981-01-07,1.0311,per_usd
1981-01-08,1.0347,per_usd
1981-01-09,1.0365,per_usd
1981-01-12,1.039,per_usd
1981-01-13,1.0417,per_usd
1981-01-14,1.0417,per_usd
1981-01-15,1.0406,per_usd
1981-01-16,1.042,per_usd
1981-01-19,1.0406,per_usd
1981-01-20,1.04,per_usd
1981-01-21,1.0366,per_usd
1981-01-22,1.0373,per_usd
1981-01-23,1.041,per_usd
1981-01-26,1.0433,per_usd
1981-01-27,1.0428,per_usd
1981-01-28,1.0449,per_usd
1981-01-29,1.0493,per_usd
1981-01-30,1.054,per_usd
1981-02-02,1.056,per_usd
1981-02-03,1.0832,per_usd
1981-02-04,1.0576,per_usd
1981-02-05,1.0579,per_usd
1981-02-06,1.0598,per_usd
1981-02-09,1.0597,per_usd
1981-02-10,1.0604,per_usd
1981-02-11,1.0621,per_usd
1981-02-13,1.0724,per_usd
1981-02-17,1.0776,per_usd
1981-02-18,1.0753,per_usd
1981-02-19,1.0745,per_usd
1981-02-20,1.0735,per_usd
1981-02-23,1.073,per_usd
1981-02-24,1.0764,per_usd
1981-02-25,1.0817,per_usd
1981-02-26,1.0827,per_usd
1981-02-27,1.087,per_usd
1981-03-02,1.0935,per_usd
1981-03-03,1.0935,per_usd
1981-03-04,1.0891,per_usd
1981-03-05,1.0935,per_usd
1981-03-06,1.0947,per_usd
1981-03-09,1.0929,per_usd
1981-03-10,1.0858,per_usd
1981-03-11,1.0866,per_usd
1981-03-12,1.087,per_usd
1981-03-13,1.0872,per_usd
1981-03-16,1.0832,per_usd
1981-03-17,1.0817,per_usd
1981-03-18,1.0793,per_usd
1981-03-19,1.0776,per_usd
1981-03-20,1.0811,per_usd
1981-03-23,1.0828,per_usd
1981-03-24,1.0807,per_usd
1981-03-25,1.0813,per_usd
1981-03-26,1.087,per_usd
1981-03-27,1.0921,per_usd
1981-03-30,1.0912,per_usd
1981-03-31,1.0923,per_usd
1981-04-01,1.0917,per_usd
1981-04-02,1.0965,per_usd
1981-04-03,1.1025,per_usd
1981-04-06,1.1084,per_usd
1981-04-07,1.1013,per_usd
1981-04-08,1.1013,per_usd
1981-04-09,1.1031,per_usd
1981-04-10,1.1044,per_usd
1981-04-13,1.1099,per_usd
1981-04-14,1.1074,per_usd
1981-04-15,1.113,per_usd
1981-04-16,1.1143,per_usd
1981-04-17,1.1123,per_usd
1981-04-20,1.1173,per_usd
1981-04-21,1.1131,per_usd
1981-04-22,1.1099,per_usd
1981-04-23,1.1093,per_usd
1981-04-24,1.1099,per_usd
1981-04-27,1.108,per_usd
1981-04-28,1.1099,per_usd
1981-04-29,1.113,per_usd
1981-04-30,1.1148,per_usd
1981-05-01,1.1154,per_usd
1981-05-04,1.1236,per_usd
1981-05-05,1.1264,per_usd
1981-05-06,1.1255,per_usd
1981-05-07,1.128,per_usd
1981-05-08,1.1251,per_usd
1981-05-11,1.1274,per_usd
1981-05-12,1.1306,per_usd
1981-05-13,1.1331,per_usd
1981-05-14,1.1361,per_usd
1981-05-15,1.1403,per_usd
1981-05-18,1.1374,per_usd
1981-05-19,1.1366,per_usd
1981-05-20,1.1384,per_usd
1981-05-21,1.1392,per_usd
1981-05-22,1.1405,per_usd
1981-05-26,1.1429,per_usd
1981-05-27,1.1481,per_usd
1981-05-28,1.1471,per_usd
1981-05-29,1.1482,per_usd
1981-06-01,1.1461,per_usd
1981-06-02,1.1478,per_usd
1981-06-03,1.1554,per_usd
1981-06-04,1.1721,per_usd
1981-06-05,1.1772,per_usd
1981-06-08,1.1743,per_usd
1981-06-09,1.1729,per_usd
1981-06-10,1.1689,per_usd
1981-06-11,1.1723,per_usd
1981-06-12,1.1722,per_usd
1981-06-15,1.1581,per_usd
1981-06-16,1.1547,per_usd
1981-06-17,1.1601,per_usd
1981-06-18,1.1628,per_usd
1981-06-19,1.1688,per_usd
1981-06-22,1.1628,per_usd
1981-06-23,1.1594,per_usd
1981-06-24,1.1617,per_usd
1981-06-25,1.1675,per_usd
1981-06-26,1.171,per_usd
1981-06-29,1.173,per_usd
1981-06-30,1.1765,per_usd
1981-07-01,1.1809,per_usd
1981-07-02,1.1848,per_usd
1981-07-03,1.1862,per_usd
1981-07-06,1.1848,per_usd
1981-07-07,1.1841,per_usd
1981-07-08,1.1891,per_usd
1981-07-09,1.1905,per_usd
1981-07-10,1.1876,per_usd
1981-07-13,1.1869,per_usd
1981-07-14,1.1942,per_usd
1981-07-15,1.1925,per_usd
1981-07-16,1.1896,per_usd
1981-07-17,1.1892,per_usd
1981-07-20,1.1926,per_usd
1981-07-21,1.1998,per_usd
1981-07-22,1.1998,per_usd
1981-07-23,1.2005,per_usd
1981-07-24,1.2018,per_usd
1981-07-27,1.1957,per_usd
1981-07-28,1.2034,per_usd
1981-07-29,1.2039,per_usd
1981-07-30,1.2107,per_usd
1981-07-31,1.2085,per_usd
1981-08-03,1.2188,per_usd
1981-08-04,1.2267,per_usd
1981-08-05,1.2244,per_usd
1981-08-06,1.224,per_usd
1981-08-07,1.221,per_usd
1981-08-10,1.2247,per_usd
1981-08-11,1.227,per_usd
1981-08-12,1.2129,per_usd
1981-08-13,1.218,per_usd
1981-08-14,1.2214,per_usd
1981-08-17,1.2136,per_usd
1981-08-18,1.2076,per_usd
1981-08-19,1.2112,per_usd
1981-08-20,1.2061,per_usd
1981-08-21,1.2051,per_usd
1981-08-24,1.2044,per_usd
1981-08-25,1.2107,per_usd
1981-08-26,1.2077,per_usd
1981-08-27,1.208,per_usd
1981-08-28,1.2073,per_usd
1981-08-31,1.207,per_usd
1981-09-01,1.2092,per_usd
1981-09-02,1.207,per_usd
1981-09-03,1.2048,per_usd
1981-09-04,1.2044,per_usd
1981-09-08,1.218,per_usd
1981-09-09,1.221,per_usd
1981-09-10,1.213,per_usd
1981-09-11,1.2165,per_usd
1981-09-14,1.2165,per_usd
1981-09-15,1.1998,per_usd
1981-09-16,1.2019,per_usd
1981-09-17,1.1969,per_usd
1981-09-18,1.1976,per_usd
1981-09-21,1.1982,per_usd
1981-09-22,1.2005,per_usd
1981-09-23,1.2076,per_usd
1981-09-24,1.2151,per_usd
1981-09-25,1.2195,per_usd
1981-09-28,1.2228,per_usd
1981-09-29,1.2217,per_usd
1981-09-30,1.2195,per_usd
1981-10-01,1.2158,per_usd
1981-10-02,1.2168,per_usd
1981-10-05,1.2058,per_usd
1981-10-06,1.2121,per_usd
1981-10-07,1.2012,per_usd
1981-10-08,1.1976,per_usd
1981-10-09,1.1969,per_usd
1981-10-13,1.2034,per_usd
1981-10-14,1.2055,per_usd
1981-10-15,1.209,per_usd
1981-10-16,1.2154,per_usd
1981-10-19,1.2124,per_usd
1981-10-20,1.2195,per_usd
1981-10-21,1.221,per_usd
1981-10-22,1.2232,per_usd
1981-10-23,1.2207,per_usd
1981-10-26,1.23,per_usd
1981-10-27,1.227,per_usd
1981-10-28,1.227,per_usd
1981-10-29,1.2225,per_usd
1981-10-30,1.218,per_usd
1981-11-02,1.2085,per_usd
1981-11-04,1.2088,per_usd
1981-11-05,1.2063,per_usd
1981-11-06,1.2099,per_usd
1981-11-09,1.2048,per_usd
1981-11-10,1.2114,per_usd
1981-11-12,1.2055,per_usd
1981-11-13,1.2063,per_usd
1981-11-16,1.2026,per_usd
1981-11-17,1.2055,per_usd
1981-11-18,1.2026,per_usd
1981-11-19,1.2012,per_usd
1981-11-20,1.1998,per_usd
1981-11-23,1.2005,per_usd
1981-11-24,1.1976,per_usd
1981-11-25,1.1976,per_usd
1981-11-27,1.1955,per_usd
1981-11-30,1.1955,per_usd
1981-12-01,1.1926,per_usd
1981-12-02,1.1912,per_usd
1981-12-03,1.1947,per_usd
1981-12-04,1.1969,per_usd
1981-12-07,1.1956,per_usd
1981-12-08,1.1983,per_usd
1981-12-09,1.2012,per_usd
1981-12-10,1.2048,per_usd
1981-12-11,1.2121,per_usd
1981-12-14,1.2151,per_usd
1981-12-15,1.2099,per_usd
1981-12-16,1.2114,per_usd
1981-12-17,1.2114,per_usd
1981-12-18,1.2155,per_usd
1981-12-21,1.214,per_usd
1981-12-22,1.2158,per_usd
1981-12-23,1.2151,per_usd
1981-12-24,1.2158,per_usd
1981-12-28,1.2173,per_usd
1981-12-29,1.218,per_usd
1981-12-30,1.2146,per_usd
1981-12-31,1.2151,per_usd
1982-01-04,1.2092,per_usd
1982-01-05,1.2124,per_usd
1982-01-06,1.2136,per_usd
1982-01-07,1.2151,per_usd
1982-01-08,1.2154,per_usd
1982-01-11,1.2232,per_usd
1982-01-12,1.2255,per_usd
1982-01-13,1.2267,per_usd
1982-01-14,1.2338,per_usd
1982-01-15,1.2165,per_usd
1982-01-18,1.233,per_usd
1982-01-19,1.2293,per_usd
1982-01-20,1.2338,per_usd
1982-01-21,1.2335,per_usd
1982-01-22,1.2353,per_usd
1982-01-25,1.2422,per_usd
1982-01-26,1.241,per_usd
1982-01-27,1.2438,per_usd
1982-01-28,1.2469,per_usd
1982-01-29,1.2422,per_usd
1982-02-01,1.25,per_usd
1982-02-02,1.2495,per_usd
1982-02-03,1.2516,per_usd
1982-02-04,1.2492,per_usd
1982-02-05,1.2531,per_usd
1982-02-08,1.2525,per_usd
1982-02-09,1.2602,per_usd
1982-02-10,1.2594,per_usd
1982-02-11,1.2593,per_usd
1982-02-16,1.2698,per_usd
1982-02-17,1.2698,per_usd
1982-02-18,1.265,per_usd
1982-02-19,1.2594,per_usd
1982-02-22,1.2601,per_usd
1982-02-23,1.265,per_usd
1982-02-24,1.2715,per_usd
1982-02-25,1.2728,per_usd
1982-02-26,1.2739,per_usd
1982-03-01,1.2763,per_usd
1982-03-02,1.278,per_usd
1982-03-03,1.2771,per_usd
1982-03-04,1.2762,per_usd
1982-03-05,1.2731,per_usd
1982-03-08,1.2739,per_usd
1982-03-09,1.2821,per_usd
1982-03-10,1.2821,per_usd
1982-03-11,1.2832,per_usd
1982-03-12,1.2845,per_usd
1982-03-15,1.2853,per_usd
1982-03-16,1.2878,per_usd
1982-03-17,1.287,per_usd
1982-03-18,1.287,per_usd
1982-03-19,1.2903,per_usd
1982-03-22,1.2913,per_usd
1982-03-23,1.292,per_usd
1982-03-24,1.2903,per_usd
1982-03-25,1.2945,per_usd
1982-03-26,1.2979,per_usd
1982-03-29,1.3038,per_usd
1982-03-30,1.3024,per_usd
1982-03-31,1.3072,per_usd
1982-04-01,1.3024,per_usd
1982-04-02,1.3034,per_usd
1982-04-05,1.3098,per_usd
1982-04-06,1.3167,per_usd
1982-04-07,1.3098,per_usd
1982-04-08,1.3127,per_usd
1982-04-09,1.3141,per_usd
1982-04-12,1.3111,per_usd
1982-04-13,1.3106,per_usd
1982-04-14,1.3115,per_usd
1982-04-15,1.3123,per_usd
1982-04-16,1.3132,per_usd
1982-04-19,1.3072,per_usd
1982-04-20,1.292,per_usd
1982-04-21,1.3038,per_usd
1982-04-22,1.3029,per_usd
1982-04-23,1.3024,per_usd
1982-04-26,1.3028,per_usd
1982-04-27,1.3021,per_usd
1982-04-28,1.2994,per_usd
1982-04-29,1.3001,per_usd
1982-04-30,1.2953,per_usd
1982-05-03,1.2979,per_usd
1982-05-04,1.3012,per_usd
1982-05-05,1.297,per_usd
1982-05-06,1.2912,per_usd
1982-05-07,1.2887,per_usd
1982-05-10,1.287,per_usd
1982-05-11,1.2895,per_usd
1982-05-12,1.2878,per_usd
1982-05-13,1.2928,per_usd
1982-05-14,1.2979,per_usd
1982-05-17,1.2953,per_usd
1982-05-18,1.3021,per_usd
1982-05-19,1.3021,per_usd
1982-05-20,1.3021,per_usd
1982-05-21,1.3021,per_usd
1982-05-24,1.3004,per_usd
1982-05-25,1.3012,per_usd
1982-05-26,1.3072,per_usd
1982-05-27,1.3098,per_usd
1982-05-28,1.3132,per_usd
1982-06-01,1.3141,per_usd
1982-06-02,1.3184,per_usd
1982-06-03,1.3153,per_usd
1982-06-04,1.3141,per_usd
1982-06-07,1.3175,per_usd
1982-06-08,1.3219,per_usd
1982-06-09,1.3263,per_usd
1982-06-10,1.328,per_usd
1982-06-11,1.3245,per_usd
1982-06-14,1.3307,per_usd
1982-06-15,1.3307,per_usd
1982-06-16,1.3337,per_usd
1982-06-17,1.3387,per_usd
1982-06-18,1.3416,per_usd
1982-06-21,1.3514,per_usd
1982-06-22,1.3441,per_usd
1982-06-23,1.3519,per_usd
1982-06-24,1.3459,per_usd
1982-06-25,1.3528,per_usd
1982-06-28,1.355,per_usd
1982-06-29,1.3524,per_usd
1982-06-30,1.3468,per_usd
1982-07-01,1.3492,per_usd
1982-07-02,1.3484,per_usd
1982-07-06,1.3532,per_usd
1982-07-07,1.3605,per_usd
1982-07-08,1.3587,per_usd
1982-07-09,1.355,per_usd
1982-07-12,1.3481,per_usd
1982-07-13,1.3559,per_usd
1982-07-14,1.3514,per_usd
1982-07-15,1.3535,per_usd
1982-07-16,1.3532,per_usd
1982-07-19,1.3459,per_usd
1982-07-20,1.3473,per_usd
1982-07-21,1.3466,per_usd
1982-07-22,1.3464,per_usd
1982-07-23,1.3464,per_usd
1982-07-26,1.3439,per_usd
1982-07-27,1.3459,per_usd
1982-07-28,1.3481,per_usd
1982-07-29,1.355,per_usd
1982-07-30,1.3699,per_usd
1982-08-02,1.3514,per_usd
1982-08-03,1.3546,per_usd
1982-08-04,1.3652,per_usd
1982-08-05,1.3671,per_usd
1982-08-06,1.3697,per_usd
1982-08-09,1.3742,per_usd
1982-08-10,1.3736,per_usd
1982-08-11,1.3765,per_usd
1982-08-12,1.3765,per_usd
1982-08-13,1.3774,per_usd
1982-08-16,1.3793,per_usd
1982-08-17,1.3624,per_usd
1982-08-18,1.3704,per_usd
1982-08-19,1.368,per_usd
1982-08-20,1.3615,per_usd
1982-08-23,1.36,per_usd
1982-08-24,1.3514,per_usd
1982-08-25,1.3495,per_usd
1982-08-26,1.3504,per_usd
1982-08-27,1.3633,per_usd
1982-08-30,1.3717,per_usd
1982-08-31,1.3749,per_usd
1982-09-01,1.3717,per_usd
1982-09-02,1.3646,per_usd
1982-09-03,1.3657,per_usd
1982-09-07,1.3665,per_usd
1982-09-08,1.3746,per_usd
1982-09-09,1.3727,per_usd
1982-09-10,1.3793,per_usd
1982-09-13,1.386,per_usd
1982-09-14,1.3822,per_usd
1982-09-15,1.3816,per_usd
1982-09-16,1.3841,per_usd
1982-09-17,1.3812,per_usd
1982-09-20,1.382,per_usd
1982-09-21,1.3841,per_usd
1982-09-22,1.3803,per_usd
1982-09-23,1.3841,per_usd
1982-09-24,1.386,per_usd
1982-09-27,1.3928,per_usd
1982-09-28,1.3918,per_usd
1982-09-29,1.3931,per_usd
1982-09-30,1.3947,per_usd
1982-10-01,1.3908,per_usd
1982-10-04,1.4011,per_usd
1982-10-05,1.4045,per_usd
1982-10-06,1.4037,per_usd
1982-10-07,1.399,per_usd
1982-10-08,1.387,per_usd
1982-10-12,1.3841,per_usd
1982-10-13,1.3889,per_usd
1982-10-14,1.3908,per_usd
1982-10-15,1.3957,per_usd
1982-10-18,1.3937,per_usd
1982-10-19,1.3957,per_usd
1982-10-20,1.3996,per_usd
1982-10-21,1.4035,per_usd
1982-10-22,1.4045,per_usd
1982-10-25,1.4114,per_usd
1982-10-26,1.4096,per_usd
1982-10-27,1.4114,per_usd
1982-10-28,1.4124,per_usd
1982-10-29,1.4124,per_usd
1982-11-01,1.4124,per_usd
1982-11-03,1.4114,per_usd
1982-11-04,1.4164,per_usd
1982-11-05,1.4144,per_usd
1982-11-08,1.4164,per_usd
1982-11-09,1.4134,per_usd
1982-11-10,1.4065,per_usd
1982-11-12,1.4085,per_usd
1982-11-15,1.4104,per_usd
1982-11-16,1.4055,per_usd
1982-11-17,1.4124,per_usd
1982-11-18,1.4094,per_usd
1982-11-19,1.4025,per_usd
1982-11-22,1.4015,per_usd
1982-11-23,1.4045,per_usd
1982-11-24,1.3986,per_usd
1982-11-26,1.3986,per_usd
1982-11-29,1.3928,per_usd
1982-11-30,1.3908,per_usd
1982-12-01,1.386,per_usd
1982-12-02,1.3822,per_usd
1982-12-03,1.3793,per_usd
1982-12-06,1.3803,per_usd
1982-12-07,1.3793,per_usd
1982-12-08,1.3797,per_usd
1982-12-09,1.3831,per_usd
1982-12-10,1.3841,per_usd
1982-12-13,1.3879,per_usd
1982-12-14,1.385,per_usd
1982-12-15,1.3845,per_usd
1982-12-16,1.3765,per_usd
1982-12-17,1.3822,per_usd
1982-12-20,1.3818,per_usd
1982-12-21,1.3784,per_usd
1982-12-22,1.3755,per_usd
1982-12-23,1.3761,per_usd
1982-12-24,1.3755,per_usd
1982-12-27,1.3746,per_usd
1982-12-28,1.3699,per_usd
1982-12-29,1.3633,per_usd
1982-12-30,1.3643,per_usd
1982-12-31,1.3652,per_usd
1983-01-03,1.3633,per_usd
1983-01-04,1.3559,per_usd
1983-01-05,1.3596,per_usd
1983-01-06,1.3615,per_usd
1983-01-07,1.3615,per_usd
1983-01-10,1.3596,per_usd
1983-01-11,1.3652,per_usd
1983-01-12,1.3671,per_usd
1983-01-13,1.3661,per_usd
1983-01-14,1.368,per_usd
1983-01-17,1.3652,per_usd
1983-01-18,1.3717,per_usd
1983-01-19,1.3774,per_usd
1983-01-20,1.3784,per_usd
1983-01-21,1.3793,per_usd
1983-01-24,1.3717,per_usd
1983-01-25,1.385,per_usd
1983-01-26,1.3822,per_usd
1983-01-27,1.387,per_usd
1983-01-28,1.387,per_usd
1983-01-31,1.387,per_usd
1983-02-01,1.3957,per_usd
1983-02-02,1.4015,per_usd
1983-02-03,1.3976,per_usd
1983-02-04,1.4006,per_usd
1983-02-07,1.3957,per_usd
1983-02-08,1.3875,per_usd
1983-02-09,1.387,per_usd
1983-02-10,1.3854,per_usd
1983-02-11,1.385,per_usd
1983-02-14,1.3889,per_usd
1983-02-15,1.3841,per_usd
1983-02-16,1.3841,per_usd
1983-02-17,1.3841,per_usd
1983-02-18,1.386,per_usd
1983-02-22,1.3918,per_usd
1983-02-23,1.3928,per_usd
1983-02-24,1.3918,per_usd
1983-02-25,1.3908,per_usd
1983-02-28,1.3976,per_usd
1983-03-01,1.4033,per_usd
1983-03-02,1.4045,per_usd
1983-03-03,1.4015,per_usd
1983-03-04,1.4006,per_usd
1983-03-07,1.3986,per_usd
1983-03-08,1.5302,per_usd
1983-03-09,1.5302,per_usd
1983-03-10,1.5314,per_usd
1983-03-11,1.5314,per_usd
1983-03-14,1.4981,per_usd
1983-03-15,1.5175,per_usd
1983-03-16,1.5232,per_usd
1983-03-17,1.5256,per_usd
1983-03-18,1.5302,per_usd
1983-03-21,1.5361,per_usd
1983-03-22,1.5361,per_usd
1983-03-23,1.5385,per_usd
1983-03-24,1.5361,per_usd
1983-03-25,1.5349,per_usd
1983-03-28,1.5408,per_usd
1983-03-29,1.5408,per_usd
1983-03-30,1.5373,per_usd
1983-03-31,1.5326,per_usd
1983-04-01,1.5326,per_usd
1983-04-04,1.5314,per_usd
1983-04-05,1.5279,per_usd
1983-04-06,1.5267,per_usd
1983-04-07,1.5279,per_usd
1983-04-08,1.5302,per_usd
1983-04-11,1.5232,per_usd
1983-04-12,1.5221,per_usd
1983-04-13,1.5232,per_usd
1983-04-14,1.5209,per_usd
1983-04-15,1.5186,per_usd
1983-04-18,1.5184,per_usd
1983-04-19,1.5175,per_usd
1983-04-20,1.5186,per_usd
1983-04-21,1.5175,per_usd
1983-04-22,1.5175,per_usd
1983-04-25,1.5129,per_usd
1983-04-26,1.5133,per_usd
1983-04-27,1.5152,per_usd
1983-04-28,1.5191,per_usd
1983-04-29,1.517,per_usd
1983-05-02,1.5175,per_usd
1983-05-03,1.514,per_usd
1983-05-04,1.5117,per_usd
1983-05-05,1.5106,per_usd
1983-05-06,1.5094,per_usd
1983-05-09,1.5083,per_usd
1983-05-10,1.5101,per_usd
1983-05-11,1.5049,per_usd
1983-05-12,1.5056,per_usd
1983-05-13,1.506,per_usd
1983-05-16,1.5076,per_usd
1983-05-17,1.5083,per_usd
1983-05-18,1.5088,per_usd
1983-05-19,1.5124,per_usd
1983-05-20,1.5106,per_usd
1983-05-23,1.514,per_usd
1983-05-24,1.5085,per_usd
1983-05-25,1.5106,per_usd
1983-05-26,1.5067,per_usd
1983-05-27,1.506,per_usd
1983-05-31,1.5088,per_usd
1983-06-01,1.514,per_usd
1983-06-02,1.5117,per_usd
1983-06-03,1.5175,per_usd
1983-06-06,1.5186,per_usd
1983-06-07,1.5186,per_usd
1983-06-08,1.5198,per_usd
1983-06-09,1.5202,per_usd
1983-06-10,1.5209,per_usd
1983-06-13,1.5232,per_usd
1983-06-14,1.5314,per_usd
1983-06-15,1.5349,per_usd
1983-06-16,1.5302,per_usd
1983-06-17,1.5279,per_usd
1983-06-20,1.5267,per_usd
1983-06-21,1.5256,per_usd
1983-06-22,1.5232,per_usd
1983-06-23,1.5209,per_usd
1983-06-24,1.5186,per_usd
1983-06-27,1.5216,per_usd
1983-06-28,1.5302,per_usd
1983-06-29,1.5256,per_usd
1983-06-30,1.5256,per_usd
1983-07-01,1.5256,per_usd
1983-07-05,1.5291,per_usd
1983-07-06,1.5267,per_usd
1983-07-07,1.5267,per_usd
1983-07-08,1.5274,per_usd
1983-07-11,1.5291,per_usd
1983-07-12,1.5302,per_usd
1983-07-13,1.5291,per_usd
1983-07-14,1.5302,per_usd
1983-07-15,1.5337,per_usd
1983-07-18,1.5326,per_usd
1983-07-19,1.5326,per_usd
1983-07-20,1.5291,per_usd
1983-07-21,1.5279,per_usd
1983-07-22,1.5281,per_usd
1983-07-25,1.5302,per_usd
1983-07-26,1.5291,per_usd
1983-07-27,1.5302,per_usd
1983-07-28,1.5302,per_usd
1983-07-29,1.5314,per_usd
1983-08-01,1.5314,per_usd
1983-08-02,1.5337,per_usd
1983-08-03,1.5342,per_usd
1983-08-04,1.5396,per_usd
1983-08-05,1.542,per_usd
1983-08-08,1.542,per_usd
1983-08-09,1.5394,per_usd
1983-08-10,1.5456,per_usd
1983-08-11,1.547,per_usd
1983-08-12,1.5475,per_usd
1983-08-15,1.5444,per_usd
1983-08-16,1.5333,per_usd
1983-08-17,1.5328,per_usd
1983-08-18,1.5274,per_usd
1983-08-19,1.5314,per_usd
1983-08-22,1.5256,per_usd
1983-08-23,1.5225,per_usd
1983-08-24,1.5274,per_usd
1983-08-25,1.5291,per_usd
1983-08-26,1.5361,per_usd
1983-08-29,1.5385,per_usd
1983-08-30,1.538,per_usd
1983-08-31,1.542,per_usd
1983-09-01,1.5408,per_usd
1983-09-02,1.5408,per_usd
1983-09-06,1.5385,per_usd
1983-09-07,1.5408,per_usd
1983-09-08,1.5401,per_usd
1983-09-09,1.5389,per_usd
1983-09-12,1.5319,per_usd
1983-09-13,1.5337,per_usd
1983-09-14,1.5361,per_usd
1983-09-15,1.5349,per_usd
1983-09-16,1.5326,per_usd
1983-09-19,1.5291,per_usd
1983-09-20,1.5274,per_usd
1983-09-21,1.5274,per_usd
1983-09-22,1.5302,per_usd
1983-09-23,1.5256,per_usd
1983-09-26,1.5198,per_usd
1983-09-27,1.523,per_usd
1983-09-28,1.5209,per_usd
1983-09-29,1.5198,per_usd
1983-09-30,1.5198,per_usd
1983-10-03,1.5193,per_usd
1983-10-04,1.5228,per_usd
1983-10-05,1.5184,per_usd
1983-10-06,1.5344,per_usd
1983-10-07,1.506,per_usd
1983-10-11,1.5047,per_usd
1983-10-12,1.5108,per_usd
1983-10-13,1.5094,per_usd
1983-10-14,1.5106,per_usd
1983-10-17,1.5072,per_usd
1983-10-18,1.5065,per_usd
1983-10-19,1.5092,per_usd
1983-10-20,1.5088,per_usd
1983-10-21,1.506,per_usd
1983-10-24,1.5085,per_usd
1983-10-25,1.5072,per_usd
1983-10-26,1.5094,per_usd
1983-10-27,1.5094,per_usd
1983-10-28,1.509,per_usd
1983-10-31,1.5117,per_usd
1983-11-01,1.5145,per_usd
1983-11-02,1.5163,per_usd
1983-11-03,1.5135,per_usd
1983-11-04,1.5193,per_usd
1983-11-07,1.5207,per_usd
1983-11-09,1.5175,per_usd
1983-11-10,1.5147,per_usd
1983-11-14,1.5138,per_usd
1983-11-15,1.5135,per_usd
1983-11-16,1.5158,per_usd
1983-11-17,1.5184,per_usd
1983-11-18,1.5205,per_usd
1983-11-21,1.5218,per_usd
1983-11-22,1.5186,per_usd
1983-11-23,1.5188,per_usd
1983-11-25,1.5256,per_usd
1983-11-28,1.5235,per_usd
1983-11-29,1.5256,per_usd
1983-11-30,1.5198,per_usd
1983-12-01,1.5106,per_usd
1983-12-02,1.5198,per_usd
1983-12-05,1.53,per_usd
1983-12-06,1.5284,per_usd
1983-12-07,1.5286,per_usd
1983-12-08,1.5326,per_usd
1983-12-09,1.5385,per_usd
1983-12-12,1.5349,per_usd
1983-12-13,1.5396,per_usd
1983-12-14,1.5444,per_usd
1983-12-15,1.542,per_usd
1983-12-16,1.5444,per_usd
1983-12-19,1.5511,per_usd
1983-12-20,1.5492,per_usd
1983-12-21,1.5461,per_usd
1983-12-22,1.5373,per_usd
1983-12-23,1.5373,per_usd
1983-12-27,1.5385,per_usd
1983-12-28,1.5361,per_usd
1983-12-29,1.5321,per_usd
1983-12-30,1.5279,per_usd
1984-01-03,1.5361,per_usd
1984-01-04,1.542,per_usd
1984-01-05,1.5408,per_usd
1984-01-06,1.5399,per_usd
1984-01-09,1.542,per_usd
1984-01-10,1.5427,per_usd
1984-01-11,1.5468,per_usd
1984-01-12,1.548,per_usd
1984-01-13,1.5408,per_usd
1984-01-16,1.5385,per_usd
1984-01-17,1.542,per_usd
1984-01-18,1.5427,per_usd
1984-01-19,1.5396,per_usd
1984-01-20,1.5456,per_usd
1984-01-23,1.5432,per_usd
1984-01-24,1.5449,per_usd
1984-01-25,1.5427,per_usd
1984-01-26,1.5396,per_usd
1984-01-27,1.5401,per_usd
1984-01-30,1.5389,per_usd
1984-01-31,1.5401,per_usd
1984-02-01,1.5354,per_usd
1984-02-02,1.5309,per_usd
1984-02-03,1.5295,per_usd
1984-02-06,1.5284,per_usd
1984-02-07,1.5349,per_usd
1984-02-08,1.5314,per_usd
1984-02-09,1.5314,per_usd
1984-02-10,1.5302,per_usd
1984-02-14,1.5272,per_usd
1984-02-15,1.5168,per_usd
1984-02-16,1.5142,per_usd
1984-02-17,1.5122,per_usd
1984-02-21,1.5152,per_usd
1984-02-22,1.5117,per_usd
1984-02-23,1.5099,per_usd
1984-02-24,1.5072,per_usd
1984-02-27,1.5088,per_usd
1984-02-28,1.5008,per_usd
1984-02-29,1.5011,per_usd
1984-03-01,1.5038,per_usd
1984-03-02,1.5011,per_usd
1984-03-05,1.5088,per_usd
1984-03-06,1.4863,per_usd
1984-03-07,1.4877,per_usd
1984-03-08,1.4959,per_usd
1984-03-09,1.4943,per_usd
1984-03-12,1.497,per_usd
1984-03-13,1.4879,per_usd
1984-03-14,1.487,per_usd
1984-03-15,1.4925,per_usd
1984-03-16,1.497,per_usd
1984-03-19,1.5004,per_usd
1984-03-20,1.5015,per_usd
1984-03-21,1.5083,per_usd
1984-03-22,1.5124,per_usd
1984-03-23,1.5065,per_usd
1984-03-26,1.5004,per_usd
1984-03-27,1.4981,per_usd
1984-03-28,1.5038,per_usd
1984-03-29,1.5004,per_usd
1984-03-30,1.5065,per_usd
1984-04-02,1.506,per_usd
1984-04-03,1.5076,per_usd
1984-04-04,1.5083,per_usd
1984-04-05,1.5152,per_usd
1984-04-06,1.5163,per_usd
1984-04-09,1.5186,per_usd
1984-04-10,1.5175,per_usd
1984-04-11,1.506,per_usd
1984-04-12,1.514,per_usd
1984-04-13,1.5163,per_usd
1984-04-16,1.5198,per_usd
1984-04-17,1.5186,per_usd
1984-04-18,1.5179,per_usd
1984-04-19,1.5291,per_usd
1984-04-20,1.5314,per_usd
1984-04-23,1.5267,per_usd
1984-04-24,1.5244,per_usd
1984-04-25,1.5239,per_usd
1984-04-26,1.5249,per_usd
1984-04-27,1.5279,per_usd
1984-04-30,1.5291,per_usd
1984-05-01,1.5277,per_usd
1984-05-02,1.5256,per_usd
1984-05-03,1.5216,per_usd
1984-05-04,1.5251,per_usd
1984-05-07,1.5373,per_usd
1984-05-08,1.5396,per_usd
1984-05-09,1.5385,per_usd
1984-05-10,1.5468,per_usd
1984-05-11,1.5456,per_usd
1984-05-14,1.5468,per_usd
1984-05-15,1.5456,per_usd
1984-05-16,1.5413,per_usd
1984-05-17,1.5444,per_usd
1984-05-18,1.5492,per_usd
1984-05-21,1.547,per_usd
1984-05-22,1.5468,per_usd
1984-05-23,1.5432,per_usd
1984-05-24,1.5468,per_usd
1984-05-25,1.5461,per_usd
1984-05-29,1.5468,per_usd
1984-05-30,1.5463,per_usd
1984-05-31,1.5454,per_usd
1984-06-01,1.5408,per_usd
1984-06-04,1.5349,per_usd
1984-06-05,1.5396,per_usd
1984-06-06,1.5408,per_usd
1984-06-07,1.542,per_usd
1984-06-08,1.5432,per_usd
1984-06-11,1.5442,per_usd
1984-06-12,1.5492,per_usd
1984-06-13,1.5485,per_usd
1984-06-14,1.5456,per_usd
1984-06-15,1.5613,per_usd
1984-06-18,1.5588,per_usd
1984-06-19,1.5567,per_usd
1984-06-20,1.5662,per_usd
1984-06-21,1.5681,per_usd
1984-06-22,1.5728,per_usd
1984-06-25,1.5835,per_usd
1984-06-26,1.5798,per_usd
1984-06-27,1.5803,per_usd
1984-06-28,1.5773,per_usd
1984-06-29,1.5773,per_usd
1984-07-02,1.5818,per_usd
1984-07-03,1.5911,per_usd
1984-07-05,1.6026,per_usd
1984-07-06,1.6026,per_usd
1984-07-09,1.6142,per_usd
1984-07-10,1.6098,per_usd
1984-07-11,1.6108,per_usd
1984-07-12,1.6168,per_usd
1984-07-13,1.6247,per_usd
1984-07-18,1.996,per_usd
1984-07-19,2.006,per_usd
1984-07-20,2.0182,per_usd
1984-07-23,2.0251,per_usd
1984-07-24,2.0214,per_usd
1984-07-25,2.008,per_usd
1984-07-26,2.002,per_usd
1984-07-27,2.0161,per_usd
1984-07-30,2.0231,per_usd
1984-07-31,2.0222,per_usd
1984-08-01,2.0231,per_usd
1984-08-02,2.0149,per_usd
1984-08-03,2,per_usd
1984-08-06,2.004,per_usd
1984-08-07,2.0153,per_usd
1984-08-08,2.0121,per_usd
1984-08-09,2.0129,per_usd
1984-08-10,2.006,per_usd
1984-08-13,2.0121,per_usd
1984-08-14,2,per_usd
1984-08-15,2,per_usd
1984-08-16,1.9952,per_usd
1984-08-17,1.992,per_usd
1984-08-20,1.996,per_usd
1984-08-21,1.9992,per_usd
1984-08-22,2.002,per_usd
1984-08-23,1.9968,per_usd
1984-08-24,1.9976,per_usd
1984-08-27,1.998,per_usd
1984-08-28,2.0012,per_usd
1984-08-29,1.9988,per_usd
1984-08-30,2.0028,per_usd
1984-08-31,2.002,per_usd
1984-09-04,2.0202,per_usd
1984-09-05,2.0305,per_usd
1984-09-06,2.0288,per_usd
1984-09-07,2.0375,per_usd
1984-09-10,2.0367,per_usd
1984-09-11,2.0333,per_usd
1984-09-12,2.0321,per_usd
1984-09-13,2.0387,per_usd
1984-09-14,2.0396,per_usd
1984-09-17,2.0517,per_usd
1984-09-18,2.0585,per_usd
1984-09-19,2.0563,per_usd
1984-09-20,2.064,per_usd
1984-09-21,2.045,per_usd
1984-09-24,2.0416,per_usd
1984-09-25,2.0521,per_usd
1984-09-26,2.0521,per_usd
1984-09-27,2.0421,per_usd
1984-09-28,2.0534,per_usd
1984-10-01,2.0534,per_usd
1984-10-02,2.0513,per_usd
1984-10-03,2.0429,per_usd
1984-10-04,2.0492,per_usd
1984-10-05,2.0496,per_usd
1984-10-09,2.0563,per_usd
1984-10-10,2.0619,per_usd
1984-10-11,2.0597,per_usd
1984-10-12,2.0597,per_usd
1984-10-15,2.0713,per_usd
1984-10-16,2.0717,per_usd
1984-10-17,2.0713,per_usd
1984-10-18,2.0756,per_usd
1984-10-19,2.0695,per_usd
1984-10-22,2.0678,per_usd
1984-10-23,2.0563,per_usd
1984-10-24,2.0433,per_usd
1984-10-25,2.0425,per_usd
1984-10-26,2.045,per_usd
1984-10-29,2.0576,per_usd
1984-10-30,2.0513,per_usd
1984-10-31,2.0488,per_usd
1984-11-01,2.0371,per_usd
1984-11-02,2.0169,per_usd
1984-11-05,2.0202,per_usd
1984-11-07,2.008,per_usd
1984-11-08,2.0141,per_usd
1984-11-09,2.0145,per_usd
1984-11-13,2.0088,per_usd
1984-11-14,2.0169,per_usd
1984-11-15,2.0182,per_usd
1984-11-16,2.0145,per_usd
1984-11-19,2.0259,per_usd
1984-11-20,2.0309,per_usd
1984-11-21,2.0396,per_usd
1984-11-23,2.0408,per_usd
1984-11-26,2.0521,per_usd
1984-11-27,2.0471,per_usd
1984-11-28,2.0504,per_usd
1984-11-29,2.0492,per_usd
1984-11-30,2.0534,per_usd
1984-12-03,2.0627,per_usd
1984-12-04,2.0509,per_usd
1984-12-05,2.0513,per_usd
1984-12-06,2.0551,per_usd
1984-12-07,2.0551,per_usd
1984-12-10,2.0631,per_usd
1984-12-11,2.0597,per_usd
1984-12-12,2.0589,per_usd
1984-12-13,2.0644,per_usd
1984-12-14,2.07,per_usd
1984-12-17,2.0704,per_usd
1984-12-18,2.0683,per_usd
1984-12-19,2.0756,per_usd
1984-12-20,2.0855,per_usd
1984-12-21,2.0833,per_usd
1984-12-24,2.0833,per_usd
1984-12-26,2.0877,per_usd
1984-12-27,2.0978,per_usd
1984-12-28,2.0986,per_usd
1984-12-31,2.103,per_usd
1985-01-02,2.1142,per_usd
1985-01-03,2.116,per_usd
1985-01-04,2.1164,per_usd
1985-01-07,2.1277,per_usd
1985-01-08,2.1164,per_usd
1985-01-09,2.1209,per_usd
1985-01-10,2.1191,per_usd
1985-01-11,2.1209,per_usd
1985-01-14,2.1317,per_usd
1985-01-15,2.1281,per_usd
1985-01-16,2.1281,per_usd
1985-01-17,2.1272,per_usd
1985-01-18,2.1268,per_usd
1985-01-22,2.1299,per_usd
1985-01-23,2.1345,per_usd
1985-01-24,2.1299,per_usd
1985-01-25,2.1331,per_usd
1985-01-28,2.1345,per_usd
1985-01-29,2.1322,per_usd
1985-01-30,2.1281,per_usd
1985-01-31,2.1277,per_usd
1985-02-01,2.1313,per_usd
1985-02-04,2.1552,per_usd
1985-02-05,2.1654,per_usd
1985-02-06,2.165,per_usd
1985-02-07,2.1782,per_usd
1985-02-08,2.1763,per_usd
1985-02-11,2.1935,per_usd
1985-02-13,2.2148,per_usd
1985-02-14,2.2041,per_usd
1985-02-15,2.1901,per_usd
1985-02-19,2.2548,per_usd
1985-02-20,2.2624,per_usd
1985-02-21,2.2381,per_usd
1985-02-22,2.2573,per_usd
1985-02-25,2.2717,per_usd
1985-02-26,2.2676,per_usd
1985-02-27,2.2422,per_usd
1985-02-28,2.2497,per_usd
1985-03-01,2.3256,per_usd
1985-03-04,2.3068,per_usd
1985-03-05,2.2173,per_usd
1985-03-06,2.1436,per_usd
1985-03-07,2.2222,per_usd
1985-03-08,2.1739,per_usd
1985-03-11,2.1119,per_usd
1985-03-12,2.2472,per_usd
1985-03-13,2.2472,per_usd
1985-03-14,2.2523,per_usd
1985-03-15,2.2573,per_usd
1985-03-18,2.2396,per_usd
1985-03-19,2.2371,per_usd
1985-03-20,2.2099,per_usd
1985-03-21,2.1786,per_usd
1985-03-22,2.181,per_usd
1985-03-25,2.193,per_usd
1985-03-26,2.1786,per_usd
1985-03-27,2.1413,per_usd
1985-03-28,2.1834,per_usd
1985-03-29,2.1598,per_usd
1985-04-01,2.1692,per_usd
1985-04-02,2.1716,per_usd
1985-04-03,2.1739,per_usd
1985-04-04,2.2222,per_usd
1985-04-05,2.2099,per_usd
1985-04-08,2.2099,per_usd
1985-04-09,2.2198,per_usd
1985-04-10,2.2148,per_usd
1985-04-11,2.193,per_usd
1985-04-12,2.1906,per_usd
1985-04-15,2.1906,per_usd
1985-04-16,2.1906,per_usd
1985-04-17,2.193,per_usd
1985-04-18,2.1739,per_usd
1985-04-19,2.1858,per_usd
1985-04-22,2.1978,per_usd
1985-04-23,2.2026,per_usd
1985-04-24,2.2124,per_usd
1985-04-25,2.2075,per_usd
1985-04-26,2.2002,per_usd
1985-04-29,2.2002,per_usd
1985-04-30,2.2026,per_usd
1985-05-01,2.2051,per_usd
1985-05-02,2.2075,per_usd
1985-05-03,2.2051,per_usd
1985-05-06,2.2099,per_usd
1985-05-07,2.2099,per_usd
1985-05-08,2.2075,per_usd
1985-05-09,2.2026,per_usd
1985-05-10,2.2075,per_usd
1985-05-13,2.2026,per_usd
1985-05-14,2.2026,per_usd
1985-05-15,2.2051,per_usd
1985-05-16,2.2321,per_usd
1985-05-17,2.2222,per_usd
1985-05-20,2.2099,per_usd
1985-05-21,2.2114,per_usd
1985-05-22,2.2124,per_usd
1985-05-23,2.2173,per_usd
1985-05-24,2.2158,per_usd
1985-05-28,2.2222,per_usd
1985-05-29,2.2232,per_usd
1985-05-30,2.2257,per_usd
1985-05-31,2.2188,per_usd
1985-06-03,2.2148,per_usd
1985-06-04,2.2272,per_usd
1985-06-05,2.2306,per_usd
1985-06-06,2.2247,per_usd
1985-06-07,2.2272,per_usd
1985-06-10,2.2321,per_usd
1985-06-11,2.2297,per_usd
1985-06-12,2.2247,per_usd
1985-06-13,2.2232,per_usd
1985-06-14,2.2041,per_usd
1985-06-17,2.1882,per_usd
1985-06-18,2.1739,per_usd
1985-06-19,2.1222,per_usd
1985-06-20,2.1505,per_usd
1985-06-21,2.1436,per_usd
1985-06-24,2.1322,per_usd
1985-06-25,2.1186,per_usd
1985-06-26,2.1075,per_usd
1985-06-27,2.1106,per_usd
1985-06-28,2.0661,per_usd
1985-07-01,2.0525,per_usd
1985-07-02,2.0764,per_usd
1985-07-03,2.0964,per_usd
1985-07-05,2.1142,per_usd
1985-07-08,2.1119,per_usd
1985-07-09,2.103,per_usd
1985-07-10,2.0855,per_usd
1985-07-11,2.0683,per_usd
1985-07-12,2.0683,per_usd
1985-07-15,2.0346,per_usd
1985-07-16,2.002,per_usd
1985-07-17,2.0101,per_usd
1985-07-18,1.996,per_usd
1985-07-19,1.9751,per_usd
1985-07-22,1.9802,per_usd
1985-07-23,1.9417,per_usd
1985-07-24,1.9102,per_usd
1985-07-25,1.9399,per_usd
1985-07-26,1.9342,per_usd
1985-07-29,1.9164,per_usd
1985-07-30,1.8957,per_usd
1985-07-31,1.9001,per_usd
1985-08-01,1.8975,per_usd
1985-08-02,1.9011,per_usd
1985-08-05,1.8875,per_usd
1985-08-06,1.8939,per_usd
1985-08-07,1.8993,per_usd
1985-08-08,1.8832,per_usd
1985-08-09,1.8744,per_usd
1985-08-12,1.8362,per_usd
1985-08-13,1.7986,per_usd
1985-08-14,1.8222,per_usd
1985-08-15,1.8501,per_usd
1985-08-16,1.8692,per_usd
1985-08-19,1.9084,per_usd
1985-08-20,1.8657,per_usd
1985-08-21,1.8553,per_usd
1985-08-22,1.8553,per_usd
1985-08-23,1.8553,per_usd
1985-08-26,1.8762,per_usd
1985-08-27,1.8779,per_usd
1985-08-28,1.8744,per_usd
1985-08-29,1.8553,per_usd
1985-08-30,1.8433,per_usd
1985-09-03,1.8587,per_usd
1985-09-04,1.8657,per_usd
1985-09-05,1.8546,per_usd
1985-09-06,1.8692,per_usd
1985-09-09,1.8797,per_usd
1985-09-10,1.9286,per_usd
1985-09-11,1.9335,per_usd
1985-09-12,1.9084,per_usd
1985-09-13,1.9077,per_usd
1985-09-16,1.9048,per_usd
1985-09-17,1.8957,per_usd
1985-09-18,1.8957,per_usd
1985-09-19,1.8993,per_usd
1985-09-20,1.8762,per_usd
1985-09-23,1.8382,per_usd
1985-09-24,1.8467,per_usd
1985-09-25,1.8587,per_usd
1985-09-26,1.8536,per_usd
1985-09-27,1.8416,per_usd
1985-09-30,1.8265,per_usd
1985-10-01,1.7969,per_usd
1985-10-02,1.8116,per_usd
1985-10-03,1.7762,per_usd
1985-10-04,1.7889,per_usd
1985-10-07,1.7699,per_usd
1985-10-08,1.759,per_usd
1985-10-09,1.7406,per_usd
1985-10-10,1.7346,per_usd
1985-10-11,1.7197,per_usd
1985-10-15,1.7007,per_usd
1985-10-16,1.7286,per_usd
1985-10-17,1.7271,per_usd
1985-10-18,1.7182,per_usd
1985-10-21,1.7197,per_usd
1985-10-22,1.7746,per_usd
1985-10-23,1.7857,per_usd
1985-10-24,1.773,per_usd
1985-10-25,1.7889,per_usd
1985-10-28,1.7809,per_usd
1985-10-29,1.7668,per_usd
1985-10-30,1.7361,per_usd
1985-11-04,1.7167,per_usd
1985-11-05,1.7467,per_usd
1985-11-06,1.7065,per_usd
1985-11-07,1.7079,per_usd
1985-11-08,1.7094,per_usd
1985-11-12,1.7544,per_usd
1985-11-13,1.7575,per_usd
1985-11-14,1.7483,per_usd
1985-11-15,1.7889,per_usd
1985-11-18,1.8034,per_usd
1985-11-19,1.7937,per_usd
1985-11-20,1.7778,per_usd
1985-11-21,1.7376,per_usd
1985-11-22,1.7483,per_usd
1985-11-25,1.7406,per_usd
1985-11-26,1.7422,per_usd
1985-11-27,1.7346,per_usd
1985-11-29,1.7452,per_usd
1985-12-02,1.7483,per_usd
1985-12-03,1.7809,per_usd
1985-12-04,1.773,per_usd
1985-12-05,1.7652,per_usd
1985-12-06,1.7715,per_usd
1985-12-09,1.7699,per_usd
1985-12-10,1.7762,per_usd
1985-12-11,1.8198,per_usd
1985-12-12,1.8674,per_usd
1985-12-13,1.9194,per_usd
1985-12-16,2.0855,per_usd
1985-12-17,1.996,per_usd
1985-12-18,1.9861,per_usd
1985-12-19,1.9841,per_usd
1985-12-20,2.0161,per_usd
1985-12-23,2,per_usd
1985-12-24,1.992,per_usd
1985-12-26,1.992,per_usd
1985-12-27,1.994,per_usd
1985-12-30,1.998,per_usd
1985-12-31,1.998,per_usd
1986-01-02,1.992,per_usd
1986-01-03,1.998,per_usd
1986-01-06,1.9084,per_usd
1986-01-07,1.9231,per_usd
1986-01-08,2.008,per_usd
1986-01-09,1.9724,per_usd
1986-01-10,1.9802,per_usd
1986-01-13,1.9881,per_usd
1986-01-14,1.9822,per_usd
1986-01-15,1.955,per_usd
1986-01-16,1.9157,per_usd
1986-01-17,1.9231,per_usd
1986-01-21,1.9417,per_usd
1986-01-22,1.9286,per_usd
1986-01-23,1.9512,per_usd
1986-01-24,1.9139,per_usd
1986-01-27,1.8815,per_usd
1986-01-28,1.8975,per_usd
1986-01-29,1.8904,per_usd
1986-01-30,1.8553,per_usd
1986-01-31,1.8674,per_usd
1986-02-03,1.8744,per_usd
1986-02-04,1.9231,per_usd
1986-02-05,1.8832,per_usd
1986-02-06,1.8762,per_usd
1986-02-07,1.8797,per_usd
1986-02-10,1.8467,per_usd
1986-02-11,1.8433,per_usd
1986-02-12,1.8382,per_usd
1986-02-13,1.872,per_usd
1986-02-14,1.8657,per_usd
1986-02-18,1.8491,per_usd
1986-02-19,1.8536,per_usd
1986-02-20,1.885,per_usd
1986-02-21,1.9212,per_usd
1986-02-24,1.9048,per_usd
1986-02-25,1.8921,per_usd
1986-02-26,1.8861,per_usd
1986-02-27,1.9305,per_usd
1986-02-28,1.912,per_usd
1986-03-03,1.9175,per_usd
1986-03-04,1.9249,per_usd
1986-03-05,1.9324,per_usd
1986-03-06,1.9305,per_usd
1986-03-07,1.9212,per_usd
1986-03-10,1.9194,per_usd
1986-03-11,1.9048,per_usd
1986-03-12,1.8886,per_usd
1986-03-13,1.8904,per_usd
1986-03-14,1.8939,per_usd
1986-03-17,1.8832,per_usd
1986-03-18,1.8904,per_usd
1986-03-19,1.885,per_usd
1986-03-20,1.8744,per_usd
1986-03-21,1.8657,per_usd
1986-03-24,1.8762,per_usd
1986-03-25,1.8727,per_usd
1986-03-26,1.8762,per_usd
1986-03-27,1.8709,per_usd
1986-03-28,1.8762,per_usd
1986-03-31,1.8685,per_usd
1986-04-01,1.845,per_usd
1986-04-02,1.8067,per_usd
1986-04-03,1.8182,per_usd
1986-04-04,1.8132,per_usd
1986-04-07,1.8123,per_usd
1986-04-08,1.8298,per_usd
1986-04-09,1.8175,per_usd
1986-04-10,1.8232,per_usd
1986-04-11,1.81,per_usd
1986-04-14,1.809,per_usd
1986-04-15,1.8073,per_usd
1986-04-16,1.8057,per_usd
1986-04-17,1.8188,per_usd
1986-04-18,1.7921,per_usd
1986-04-21,1.7452,per_usd
1986-04-22,1.7559,per_usd
1986-04-23,1.7361,per_usd
1986-04-24,1.7147,per_usd
1986-04-25,1.7256,per_usd
1986-04-28,1.7109,per_usd
1986-04-29,1.7132,per_usd
1986-04-30,1.7114,per_usd
1986-05-01,1.7346,per_usd
1986-05-02,1.7391,per_usd
1986-05-05,1.7256,per_usd
1986-05-06,1.7203,per_usd
1986-05-07,1.7144,per_usd
1986-05-08,1.7109,per_usd
1986-05-09,1.6972,per_usd
1986-05-12,1.6978,per_usd
1986-05-13,1.7825,per_usd
1986-05-14,1.7762,per_usd
1986-05-15,1.7873,per_usd
1986-05-16,1.8165,per_usd
1986-05-19,1.7986,per_usd
1986-05-20,1.7921,per_usd
1986-05-21,1.8018,per_usd
1986-05-22,1.8083,per_usd
1986-05-23,1.8051,per_usd
1986-05-27,1.8083,per_usd
1986-05-28,1.8018,per_usd
1986-05-29,1.7841,per_usd
1986-05-30,1.7762,per_usd
1986-06-02,1.7778,per_usd
1986-06-03,1.773,per_usd
1986-06-04,1.7873,per_usd
1986-06-05,1.8018,per_usd
1986-06-06,1.7841,per_usd
1986-06-09,1.7857,per_usd
1986-06-10,1.7746,per_usd
1986-06-11,1.7851,per_usd
1986-06-12,1.8182,per_usd
1986-06-13,1.8382,per_usd
1986-06-16,1.8674,per_usd
1986-06-17,1.8692,per_usd
1986-06-18,1.8622,per_usd
1986-06-19,1.8815,per_usd
1986-06-20,1.8904,per_usd
1986-06-23,1.885,per_usd
1986-06-24,1.8674,per_usd
1986-06-25,1.8939,per_usd
1986-06-26,1.879,per_usd
1986-06-27,1.8501,per_usd
1986-06-30,1.8215,per_usd
1986-07-01,1.8553,per_usd
1986-07-02,1.8553,per_usd
1986-07-03,1.885,per_usd
1986-07-07,1.8692,per_usd
1986-07-08,1.8921,per_usd
1986-07-09,1.8727,per_usd
1986-07-10,1.8744,per_usd
1986-07-11,1.8868,per_usd
1986-07-14,1.8779,per_usd
1986-07-15,1.8797,per_usd
1986-07-16,1.8762,per_usd
1986-07-17,1.8727,per_usd
1986-07-18,1.8727,per_usd
1986-07-21,1.8501,per_usd
1986-07-22,1.8501,per_usd
1986-07-23,1.8629,per_usd
1986-07-24,1.885,per_usd
1986-07-25,1.9194,per_usd
1986-07-28,1.8975,per_usd
1986-07-29,1.8904,per_usd
1986-07-30,1.9305,per_usd
1986-07-31,1.9212,per_usd
1986-08-01,1.9268,per_usd
1986-08-04,1.9342,per_usd
1986-08-05,1.9361,per_usd
1986-08-06,1.9257,per_usd
1986-08-07,1.9286,per_usd
1986-08-08,1.9743,per_usd
1986-08-11,2.0202,per_usd
1986-08-12,2.0182,per_usd
1986-08-13,1.994,per_usd
1986-08-14,1.994,per_usd
1986-08-15,2.0202,per_usd
1986-08-18,2.006,per_usd
1986-08-19,1.9802,per_usd
1986-08-20,1.996,per_usd
1986-08-21,2.0597,per_usd
1986-08-22,2.0513,per_usd
1986-08-25,2.0597,per_usd
1986-08-26,2.0408,per_usd
1986-08-27,2.0222,per_usd
1986-08-28,2.0202,per_usd
1986-08-29,2.0555,per_usd
1986-09-02,2.0521,per_usd
1986-09-03,2.0492,per_usd
1986-09-04,2.0768,per_usd
1986-09-05,2.0899,per_usd
1986-09-08,2.0899,per_usd
1986-09-09,2.1075,per_usd
1986-09-10,2.1299,per_usd
1986-09-11,2.103,per_usd
1986-09-12,2.079,per_usd
1986-09-15,2.0942,per_usd
1986-09-16,2.0973,per_usd
1986-09-17,2.103,per_usd
1986-09-18,2.1097,per_usd
1986-09-19,2.1119,per_usd
1986-09-22,2.1075,per_usd
1986-09-23,2.079,per_usd
1986-09-24,2.0812,per_usd
1986-09-25,2.0912,per_usd
1986-09-26,2.0661,per_usd
1986-09-29,2.0346,per_usd
1986-09-30,2.0483,per_usd
1986-10-01,2.0483,per_usd
1986-10-02,1.99,per_usd
1986-10-03,1.979,per_usd
1986-10-06,1.9763,per_usd
1986-10-07,1.9829,per_usd
1986-10-08,1.994,per_usd
1986-10-09,1.9569,per_usd
1986-10-10,1.9589,per_usd
1986-10-14,1.9881,per_usd
1986-10-15,1.996,per_usd
1986-10-16,1.994,per_usd
1986-10-17,2.0121,per_usd
1986-10-20,1.994,per_usd
1986-10-21,1.998,per_usd
1986-10-22,1.9763,per_usd
1986-10-23,1.9743,per_usd
1986-10-24,1.9685,per_usd
1986-10-27,1.9724,per_usd
1986-10-28,1.9743,per_usd
1986-10-29,1.9763,per_usd
1986-10-30,1.9782,per_usd
1986-10-31,1.9724,per_usd
1986-11-03,1.9822,per_usd
1986-11-04,1.9881,per_usd
1986-11-05,1.9829,per_usd
1986-11-06,1.9724,per_usd
1986-11-07,1.9539,per_usd
1986-11-10,1.9342,per_usd
1986-11-12,1.9305,per_usd
1986-11-13,1.9361,per_usd
1986-11-14,1.9361,per_usd
1986-11-17,1.9474,per_usd
1986-11-18,1.9436,per_usd
1986-11-19,1.935,per_usd
1986-11-20,1.9286,per_usd
1986-11-21,1.9312,per_usd
1986-11-24,1.9324,per_usd
1986-11-25,1.9231,per_usd
1986-11-26,1.9201,per_usd
1986-11-28,1.9577,per_usd
1986-12-01,2.0088,per_usd
1986-12-02,2.008,per_usd
1986-12-03,1.9704,per_usd
1986-12-04,1.9755,per_usd
1986-12-05,1.9822,per_usd
1986-12-08,1.994,per_usd
1986-12-09,2.0105,per_usd
1986-12-10,1.9881,per_usd
1986-12-11,1.9743,per_usd
1986-12-12,1.9569,per_usd
1986-12-15,1.938,per_usd
1986-12-16,1.9448,per_usd
1986-12-17,1.9361,per_usd
1986-12-18,1.9212,per_usd
1986-12-19,1.9175,per_usd
1986-12-22,1.8957,per_usd
1986-12-23,1.9175,per_usd
1986-12-24,1.9139,per_usd
1986-12-26,1.9139,per_usd
1986-12-29,1.9091,per_usd
1986-12-30,1.9077,per_usd
1986-12-31,1.885,per_usd
1987-01-02,1.9029,per_usd
1987-01-05,1.8755,per_usd
1987-01-06,1.8681,per_usd
1987-01-07,1.845,per_usd
1987-01-08,1.8477,per_usd
1987-01-09,1.8646,per_usd
1987-01-12,1.8587,per_usd
1987-01-13,1.9066,per_usd
1987-01-14,1.8779,per_usd
1987-01-15,1.9029,per_usd
1987-01-16,1.8868,per_usd
1987-01-20,1.8605,per_usd
1987-01-21,1.857,per_usd
1987-01-22,1.8612,per_usd
1987-01-23,1.8577,per_usd
1987-01-26,1.8382,per_usd
1987-01-27,1.8553,per_usd
1987-01-28,1.8536,per_usd
1987-01-29,1.845,per_usd
1987-01-30,1.8484,per_usd
1987-02-02,1.8467,per_usd
1987-02-03,1.8382,per_usd
1987-02-04,1.8322,per_usd
1987-02-05,1.8332,per_usd
1987-02-06,1.8315,per_usd
1987-02-09,1.8406,per_usd
1987-02-10,1.8288,per_usd
1987-02-11,1.8315,per_usd
1987-02-12,1.8433,per_usd
1987-02-13,1.8382,per_usd
1987-02-17,1.8342,per_usd
1987-02-18,1.8275,per_usd
1987-02-19,1.8165,per_usd
1987-02-20,1.8172,per_usd
1987-02-23,1.8182,per_usd
1987-02-24,1.8083,per_usd
1987-02-25,1.8034,per_usd
1987-02-26,1.7915,per_usd
1987-02-27,1.7841,per_usd
1987-03-02,1.7746,per_usd
1987-03-03,1.7841,per_usd
1987-03-04,1.7724,per_usd
1987-03-05,1.7921,per_usd
1987-03-06,1.7969,per_usd
1987-03-09,1.774,per_usd
1987-03-10,1.7637,per_usd
1987-03-11,1.7559,per_usd
1987-03-12,1.7483,per_usd
1987-03-13,1.8018,per_usd
1987-03-16,1.7762,per_usd
1987-03-17,1.7652,per_usd
1987-03-18,1.7683,per_usd
1987-03-19,1.7873,per_usd
1987-03-20,1.796,per_usd
1987-03-23,1.7905,per_usd
1987-03-24,1.7756,per_usd
1987-03-25,1.7637,per_usd
1987-03-26,1.773,per_usd
1987-03-27,1.7724,per_usd
1987-03-30,1.7683,per_usd
1987-03-31,1.7553,per_usd
1987-04-01,1.7528,per_usd
1987-04-02,1.7559,per_usd
1987-04-03,1.7476,per_usd
1987-04-06,1.7461,per_usd
1987-04-07,1.7528,per_usd
1987-04-08,1.7391,per_usd
1987-04-09,1.7346,per_usd
1987-04-10,1.7361,per_usd
1987-04-13,1.7229,per_usd
1987-04-14,1.7235,per_usd
1987-04-15,1.7159,per_usd
1987-04-16,1.7301,per_usd
1987-04-17,1.7301,per_usd
1987-04-20,1.7301,per_usd
1987-04-21,1.7458,per_usd
1987-04-22,1.7271,per_usd
1987-04-23,1.7147,per_usd
1987-04-24,1.71,per_usd
1987-04-27,1.7065,per_usd
1987-04-28,1.7235,per_usd
1987-04-29,1.7197,per_usd
1987-04-30,1.7301,per_usd
1987-05-01,1.7385,per_usd
1987-05-04,1.7331,per_usd
1987-05-05,1.7301,per_usd
1987-05-06,1.7361,per_usd
1987-05-07,1.7498,per_usd
1987-05-08,1.7452,per_usd
1987-05-11,1.7361,per_usd
1987-05-12,1.7331,per_usd
1987-05-13,1.74,per_usd
1987-05-14,1.7331,per_usd
1987-05-15,1.7301,per_usd
1987-05-18,1.7197,per_usd
1987-05-19,1.7271,per_usd
1987-05-20,1.7256,per_usd
1987-05-21,1.7268,per_usd
1987-05-22,1.7325,per_usd
1987-05-26,1.7413,per_usd
1987-05-27,1.7406,per_usd
1987-05-28,1.7413,per_usd
1987-05-29,1.7391,per_usd
1987-06-01,1.7316,per_usd
1987-06-02,1.7301,per_usd
1987-06-03,1.7265,per_usd
1987-06-04,1.7343,per_usd
1987-06-05,1.7292,per_usd
1987-06-08,1.7232,per_usd
1987-06-09,1.7182,per_usd
1987-06-10,1.7036,per_usd
1987-06-11,1.7059,per_usd
1987-06-12,1.6892,per_usd
1987-06-15,1.6892,per_usd
1987-06-16,1.6918,per_usd
1987-06-17,1.6807,per_usd
1987-06-18,1.6812,per_usd
1987-06-19,1.6807,per_usd
1987-06-22,1.6832,per_usd
1987-06-23,1.7085,per_usd
1987-06-24,1.7123,per_usd
1987-06-25,1.7033,per_usd
1987-06-26,1.6886,per_usd
1987-06-29,1.692,per_usd
1987-06-30,1.6883,per_usd
1987-07-01,1.6863,per_usd
1987-07-02,1.6869,per_usd
1987-07-03,1.6807,per_usd
1987-07-06,1.6779,per_usd
1987-07-07,1.6678,per_usd
1987-07-08,1.6807,per_usd
1987-07-09,1.6598,per_usd
1987-07-10,1.6653,per_usd
1987-07-13,1.6562,per_usd
1987-07-14,1.6706,per_usd
1987-07-15,1.6595,per_usd
1987-07-16,1.6545,per_usd
1987-07-17,1.6474,per_usd
1987-07-20,1.6507,per_usd
1987-07-21,1.6474,per_usd
1987-07-22,1.641,per_usd
1987-07-23,1.6434,per_usd
1987-07-24,1.6689,per_usd
1987-07-27,1.6694,per_usd
1987-07-28,1.7123,per_usd
1987-07-29,1.7247,per_usd
1987-07-30,1.7699,per_usd
1987-07-31,1.7553,per_usd
1987-08-03,1.7379,per_usd
1987-08-04,1.7565,per_usd
1987-08-05,1.7434,per_usd
1987-08-06,1.7479,per_usd
1987-08-07,1.7443,per_usd
1987-08-10,1.7504,per_usd
1987-08-11,1.7153,per_usd
1987-08-12,1.7235,per_usd
1987-08-13,1.74,per_usd
1987-08-14,1.7138,per_usd
1987-08-17,1.6941,per_usd
1987-08-18,1.6829,per_usd
1987-08-19,1.6694,per_usd
1987-08-20,1.6625,per_usd
1987-08-21,1.6534,per_usd
1987-08-24,1.6526,per_usd
1987-08-25,1.651,per_usd
1987-08-26,1.6694,per_usd
1987-08-27,1.6502,per_usd
1987-08-28,1.6532,per_usd
1987-08-31,1.6474,per_usd
1987-09-01,1.6404,per_usd
1987-09-02,1.6221,per_usd
1987-09-03,1.6134,per_usd
1987-09-04,1.6044,per_usd
1987-09-08,1.6108,per_usd
1987-09-09,1.609,per_usd
1987-09-10,1.609,per_usd
1987-09-11,1.6064,per_usd
1987-09-14,1.5783,per_usd
1987-09-15,1.5798,per_usd
1987-09-16,1.5699,per_usd
1987-09-17,1.5684,per_usd
1987-09-18,1.5618,per_usd
1987-09-21,1.5513,per_usd
1987-09-22,1.5516,per_usd
1987-09-23,1.5552,per_usd
1987-09-24,1.554,per_usd
1987-09-25,1.5504,per_usd
1987-09-28,1.5408,per_usd
1987-09-29,1.5373,per_usd
1987-09-30,1.5461,per_usd
1987-10-01,1.5538,per_usd
1987-10-02,1.5413,per_usd
1987-10-05,1.5432,per_usd
1987-10-06,1.5288,per_usd
1987-10-07,1.5099,per_usd
1987-10-08,1.502,per_usd
1987-10-09,1.5168,per_usd
1987-10-13,1.5147,per_usd
1987-10-14,1.5649,per_usd
1987-10-15,1.5463,per_usd
1987-10-16,1.5396,per_usd
1987-10-19,1.5337,per_usd
1987-10-20,1.5461,per_usd
1987-10-21,1.548,per_usd
1987-10-22,1.5528,per_usd
1987-10-23,1.5404,per_usd
1987-10-26,1.5608,per_usd
1987-10-27,1.6142,per_usd
1987-10-28,1.6949,per_usd
1987-10-29,1.7007,per_usd
1987-10-30,1.6863,per_usd
1987-11-02,1.6653,per_usd
1987-11-03,1.6653,per_usd
1987-11-04,1.6393,per_usd
1987-11-05,1.6287,per_usd
1987-11-06,1.6,per_usd
1987-11-09,1.5974,per_usd
1987-11-10,1.6013,per_usd
1987-11-12,1.6221,per_usd
1987-11-13,1.6305,per_usd
1987-11-16,1.6359,per_usd
1987-11-17,1.6103,per_usd
1987-11-18,1.6129,per_usd
1987-11-19,1.6194,per_usd
1987-11-20,1.6155,per_usd
1987-11-23,1.6228,per_usd
1987-11-24,1.6069,per_usd
1987-11-25,1.5929,per_usd
1987-11-27,1.585,per_usd
1987-11-30,1.5444,per_usd
1987-12-01,1.5408,per_usd
1987-12-02,1.554,per_usd
1987-12-03,1.548,per_usd
1987-12-04,1.5686,per_usd
1987-12-07,1.5699,per_usd
1987-12-08,1.5679,per_usd
1987-12-09,1.562,per_usd
1987-12-10,1.5637,per_usd
1987-12-11,1.562,per_usd
1987-12-14,1.5504,per_usd
1987-12-15,1.5518,per_usd
1987-12-16,1.5499,per_usd
1987-12-17,1.542,per_usd
1987-12-18,1.5468,per_usd
1987-12-21,1.548,per_usd
1987-12-22,1.5408,per_usd
1987-12-23,1.542,per_usd
1987-12-24,1.5408,per_usd
1987-12-28,1.5221,per_usd
1987-12-29,1.5198,per_usd
1987-12-30,1.5198,per_usd
1987-12-31,1.5147,per_usd
1988-01-04,1.5225,per_usd
1988-01-05,1.5437,per_usd
1988-01-06,1.5523,per_usd
1988-01-07,1.5489,per_usd
1988-01-08,1.5487,per_usd
1988-01-11,1.5366,per_usd
1988-01-12,1.5277,per_usd
1988-01-13,1.5181,per_usd
1988-01-14,1.5158,per_usd
1988-01-15,1.5385,per_usd
1988-01-19,1.5135,per_usd
1988-01-20,1.5044,per_usd
1988-01-21,1.5078,per_usd
1988-01-22,1.5031,per_usd
1988-01-25,1.497,per_usd
1988-01-26,1.4914,per_usd
1988-01-27,1.4921,per_usd
1988-01-28,1.4937,per_usd
1988-01-29,1.5163,per_usd
1988-02-01,1.5078,per_usd
1988-02-02,1.4977,per_usd
1988-02-03,1.4963,per_usd
1988-02-04,1.5008,per_usd
1988-02-05,1.5038,per_usd
1988-02-08,1.5094,per_usd
1988-02-09,1.5274,per_usd
1988-02-10,1.5122,per_usd
1988-02-11,1.5083,per_usd
1988-02-12,1.5209,per_usd
1988-02-16,1.497,per_usd
1988-02-17,1.4941,per_usd
1988-02-18,1.5072,per_usd
1988-02-19,1.511,per_usd
1988-02-22,1.5083,per_usd
1988-02-23,1.5026,per_usd
1988-02-24,1.509,per_usd
1988-02-25,1.5088,per_usd
1988-02-26,1.5002,per_usd
1988-02-29,1.5049,per_usd
1988-03-01,1.5198,per_usd
1988-03-02,1.5129,per_usd
1988-03-03,1.5094,per_usd
1988-03-04,1.5038,per_usd
1988-03-07,1.5011,per_usd
1988-03-08,1.4885,per_usd
1988-03-09,1.4903,per_usd
1988-03-10,1.4939,per_usd
1988-03-11,1.4896,per_usd
1988-03-14,1.4934,per_usd
1988-03-15,1.4908,per_usd
1988-03-16,1.4914,per_usd
1988-03-17,1.5013,per_usd
1988-03-18,1.4952,per_usd
1988-03-21,1.5069,per_usd
1988-03-22,1.5065,per_usd
1988-03-23,1.5065,per_usd
1988-03-24,1.5237,per_usd
1988-03-25,1.5552,per_usd
1988-03-28,1.5485,per_usd
1988-03-29,1.5319,per_usd
1988-03-30,1.5385,per_usd
1988-03-31,1.5291,per_usd
1988-04-01,1.5326,per_usd
1988-04-04,1.5302,per_usd
1988-04-05,1.5295,per_usd
1988-04-06,1.5363,per_usd
1988-04-07,1.5335,per_usd
1988-04-08,1.5256,per_usd
1988-04-11,1.5184,per_usd
1988-04-12,1.517,per_usd
1988-04-13,1.5154,per_usd
1988-04-14,1.5094,per_usd
1988-04-15,1.5145,per_usd
1988-04-18,1.5214,per_usd
1988-04-19,1.5179,per_usd
1988-04-20,1.5076,per_usd
1988-04-21,1.4993,per_usd
1988-04-22,1.4819,per_usd
1988-04-25,1.4903,per_usd
1988-04-26,1.5015,per_usd
1988-04-27,1.4963,per_usd
1988-04-28,1.4881,per_usd
1988-04-29,1.4865,per_usd
1988-05-02,1.4837,per_usd
1988-05-03,1.4678,per_usd
1988-05-04,1.4503,per_usd
1988-05-05,1.4616,per_usd
1988-05-06,1.4631,per_usd
1988-05-09,1.4554,per_usd
1988-05-10,1.4482,per_usd
1988-05-11,1.455,per_usd
1988-05-12,1.452,per_usd
1988-05-13,1.4455,per_usd
1988-05-16,1.4493,per_usd
1988-05-17,1.4577,per_usd
1988-05-18,1.4569,per_usd
1988-05-19,1.4499,per_usd
1988-05-20,1.4656,per_usd
1988-05-23,1.4384,per_usd
1988-05-24,1.4415,per_usd
1988-05-25,1.4337,per_usd
1988-05-26,1.4339,per_usd
1988-05-27,1.4335,per_usd
1988-05-31,1.443,per_usd
1988-06-01,1.4333,per_usd
1988-06-02,1.4426,per_usd
1988-06-03,1.4306,per_usd
1988-06-06,1.4445,per_usd
1988-06-07,1.4382,per_usd
1988-06-08,1.4327,per_usd
1988-06-09,1.4325,per_usd
1988-06-10,1.4271,per_usd
1988-06-13,1.4194,per_usd
1988-06-14,1.4269,per_usd
1988-06-15,1.4178,per_usd
1988-06-16,1.4134,per_usd
1988-06-17,1.3966,per_usd
1988-06-20,1.3824,per_usd
1988-06-21,1.3858,per_usd
1988-06-22,1.398,per_usd
1988-06-23,1.411,per_usd
1988-06-24,1.4144,per_usd
1988-06-27,1.4472,per_usd
1988-06-28,1.4609,per_usd
1988-06-29,1.5008,per_usd
1988-06-30,1.4859,per_usd
1988-07-01,1.4793,per_usd
1988-07-05,1.4859,per_usd
1988-07-06,1.4641,per_usd
1988-07-07,1.4424,per_usd
1988-07-08,1.4684,per_usd
1988-07-11,1.491,per_usd
1988-07-12,1.4815,per_usd
1988-07-13,1.4837,per_usd
1988-07-14,1.5094,per_usd
1988-07-15,1.5662,per_usd
1988-07-18,1.5373,per_usd
1988-07-19,1.514,per_usd
1988-07-20,1.5163,per_usd
1988-07-21,1.5049,per_usd
1988-07-22,1.4993,per_usd
1988-07-25,1.4914,per_usd
1988-07-26,1.5004,per_usd
1988-07-27,1.4948,per_usd
1988-07-28,1.4959,per_usd
1988-07-29,1.5083,per_usd
1988-08-01,1.5106,per_usd
1988-08-02,1.511,per_usd
1988-08-03,1.5049,per_usd
1988-08-04,1.5049,per_usd
1988-08-05,1.5083,per_usd
1988-08-08,1.5022,per_usd
1988-08-09,1.4925,per_usd
1988-08-10,1.4881,per_usd
1988-08-11,1.4959,per_usd
1988-08-12,1.5038,per_usd
1988-08-15,1.5191,per_usd
1988-08-16,1.5244,per_usd
1988-08-17,1.5432,per_usd
1988-08-18,1.5295,per_usd
1988-08-19,1.5588,per_usd
1988-08-22,1.5674,per_usd
1988-08-23,1.5711,per_usd
1988-08-24,1.5699,per_usd
1988-08-25,1.5649,per_usd
1988-08-26,1.5954,per_usd
1988-08-29,1.675,per_usd
1988-08-30,1.6529,per_usd
1988-08-31,1.63,per_usd
1988-09-01,1.6529,per_usd
1988-09-02,1.6584,per_usd
1988-09-06,1.6059,per_usd
1988-09-07,1.6103,per_usd
1988-09-08,1.609,per_usd
1988-09-09,1.6,per_usd
1988-09-12,1.615,per_usd
1988-09-13,1.6181,per_usd
1988-09-14,1.6265,per_usd
1988-09-15,1.6327,per_usd
1988-09-16,1.642,per_usd
1988-09-19,1.6515,per_usd
1988-09-20,1.6313,per_usd
1988-09-21,1.6359,per_usd
1988-09-22,1.6252,per_usd
1988-09-23,1.626,per_usd
1988-09-26,1.6273,per_usd
1988-09-27,1.6171,per_usd
1988-09-28,1.6181,per_usd
1988-09-29,1.6234,per_usd
1988-09-30,1.6335,per_usd
1988-10-03,1.6359,per_usd
1988-10-04,1.6297,per_usd
1988-10-05,1.6391,per_usd
1988-10-06,1.6313,per_usd
1988-10-07,1.6221,per_usd
1988-10-11,1.6057,per_usd
1988-10-12,1.6038,per_usd
1988-10-13,1.586,per_usd
1988-10-14,1.5931,per_usd
1988-10-17,1.5987,per_usd
1988-10-18,1.6168,per_usd
1988-10-19,1.616,per_usd
1988-10-20,1.6194,per_usd
1988-10-21,1.6051,per_usd
1988-10-24,1.6124,per_usd
1988-10-25,1.6108,per_usd
1988-10-26,1.5924,per_usd
1988-10-27,1.5929,per_usd
1988-10-28,1.5934,per_usd
1988-10-31,1.5974,per_usd
1988-11-01,1.6013,per_usd
1988-11-02,1.5952,per_usd
1988-11-03,1.5873,per_usd
1988-11-04,1.6155,per_usd
1988-11-07,1.6051,per_usd
1988-11-08,1.5969,per_usd
1988-11-09,1.5716,per_usd
1988-11-10,1.5662,per_usd
1988-11-14,1.5596,per_usd
1988-11-15,1.5576,per_usd
1988-11-16,1.5533,per_usd
1988-11-17,1.5468,per_usd
1988-11-18,1.5408,per_usd
1988-11-21,1.548,per_usd
1988-11-22,1.5408,per_usd
1988-11-23,1.5349,per_usd
1988-11-25,1.5221,per_usd
1988-11-28,1.5295,per_usd
1988-11-29,1.5286,per_usd
1988-11-30,1.5267,per_usd
1988-12-01,1.5449,per_usd
1988-12-02,1.5373,per_usd
1988-12-05,1.526,per_usd
1988-12-06,1.5263,per_usd
1988-12-07,1.5521,per_usd
1988-12-08,1.548,per_usd
1988-12-09,1.5528,per_usd
1988-12-12,1.5642,per_usd
1988-12-13,1.5662,per_usd
1988-12-14,1.6207,per_usd
1988-12-15,1.6103,per_usd
1988-12-16,1.6051,per_usd
1988-12-19,1.6013,per_usd
1988-12-20,1.5911,per_usd
1988-12-21,1.5699,per_usd
1988-12-22,1.5711,per_usd
1988-12-23,1.576,per_usd
1988-12-27,1.576,per_usd
1988-12-28,1.5962,per_usd
1988-12-29,1.5924,per_usd
1988-12-30,1.5898,per_usd
1989-01-03,1.5748,per_usd
1989-01-04,1.5711,per_usd
1989-01-05,1.5674,per_usd
1989-01-06,1.5711,per_usd
1989-01-09,1.5748,per_usd
1989-01-10,1.5848,per_usd
1989-01-11,1.5823,per_usd
1989-01-12,1.5823,per_usd
1989-01-13,1.5873,per_usd
1989-01-17,1.5987,per_usd
1989-01-18,1.5995,per_usd
1989-01-19,1.5929,per_usd
1989-01-20,1.5873,per_usd
1989-01-23,1.6064,per_usd
1989-01-24,1.6348,per_usd
1989-01-25,1.6488,per_usd
1989-01-26,1.6369,per_usd
1989-01-27,1.6447,per_usd
1989-01-30,1.648,per_usd
1989-01-31,1.6625,per_usd
1989-02-01,1.6439,per_usd
1989-02-02,1.6515,per_usd
1989-02-03,1.6287,per_usd
1989-02-06,1.6332,per_usd
1989-02-07,1.6308,per_usd
1989-02-08,1.626,per_usd
1989-02-09,1.6329,per_usd
1989-02-10,1.6194,per_usd
1989-02-13,1.6194,per_usd
1989-02-14,1.6111,per_usd
1989-02-15,1.6207,per_usd
1989-02-16,1.6281,per_usd
1989-02-17,1.6234,per_usd
1989-02-21,1.6292,per_usd
1989-02-22,1.6287,per_usd
1989-02-23,1.5962,per_usd
1989-02-24,1.6005,per_usd
1989-02-27,1.6013,per_usd
1989-02-28,1.6069,per_usd
1989-03-01,1.6155,per_usd
1989-03-02,1.616,per_usd
1989-03-03,1.6194,per_usd
1989-03-06,1.6305,per_usd
1989-03-07,1.63,per_usd
1989-03-08,1.6319,per_usd
1989-03-09,1.6273,per_usd
1989-03-10,1.6215,per_usd
1989-03-13,1.626,per_usd
1989-03-14,1.6308,per_usd
1989-03-15,1.6348,per_usd
1989-03-16,1.6276,per_usd
1989-03-17,1.6268,per_usd
1989-03-20,1.6281,per_usd
1989-03-21,1.626,per_usd
1989-03-22,1.6265,per_usd
1989-03-23,1.6155,per_usd
1989-03-24,1.6168,per_usd
1989-03-27,1.6207,per_usd
1989-03-28,1.6194,per_usd
1989-03-29,1.6242,per_usd
1989-03-30,1.626,per_usd
1989-03-31,1.6284,per_usd
1989-04-03,1.6281,per_usd
1989-04-04,1.6234,per_usd
1989-04-05,1.6361,per_usd
1989-04-06,1.6502,per_usd
1989-04-07,1.6407,per_usd
1989-04-10,1.6455,per_usd
1989-04-11,1.6455,per_usd
1989-04-12,1.6407,per_usd
1989-04-13,1.6407,per_usd
1989-04-14,1.638,per_usd
1989-04-17,1.6327,per_usd
1989-04-18,1.6332,per_usd
1989-04-19,1.6367,per_usd
1989-04-20,1.6335,per_usd
1989-04-21,1.6313,per_usd
1989-04-24,1.6305,per_usd
1989-04-25,1.6327,per_usd
1989-04-26,1.626,per_usd
1989-04-27,1.6268,per_usd
1989-04-28,1.6255,per_usd
1989-05-01,1.626,per_usd
1989-05-02,1.6226,per_usd
1989-05-03,1.6142,per_usd
1989-05-04,1.6116,per_usd
1989-05-05,1.5962,per_usd
1989-05-08,1.5987,per_usd
1989-05-09,1.6103,per_usd
1989-05-10,1.6121,per_usd
1989-05-11,1.6121,per_usd
1989-05-12,1.6155,per_usd
1989-05-15,1.6434,per_usd
1989-05-16,1.6469,per_usd
1989-05-17,1.6639,per_usd
1989-05-18,1.6681,per_usd
1989-05-19,1.6598,per_usd
1989-05-22,1.6863,per_usd
1989-05-23,1.6812,per_usd
1989-05-24,1.6863,per_usd
1989-05-25,1.6849,per_usd
1989-05-26,1.6863,per_usd
1989-05-30,1.7138,per_usd
1989-05-31,1.7109,per_usd
1989-06-01,1.7103,per_usd
1989-06-02,1.7167,per_usd
1989-06-05,1.7129,per_usd
1989-06-06,1.7316,per_usd
1989-06-07,1.7498,per_usd
1989-06-08,1.7522,per_usd
1989-06-09,1.7621,per_usd
1989-06-12,1.7953,per_usd
1989-06-13,1.7835,per_usd
1989-06-14,1.7794,per_usd
1989-06-15,1.7889,per_usd
1989-06-16,1.7578,per_usd
1989-06-19,1.7575,per_usd
1989-06-20,1.7483,per_usd
1989-06-21,1.737,per_usd
1989-06-22,1.705,per_usd
1989-06-23,1.7044,per_usd
1989-06-26,1.7138,per_usd
1989-06-27,1.7256,per_usd
1989-06-28,1.7397,per_usd
1989-06-29,1.7361,per_usd
1989-06-30,1.7443,per_usd
1989-07-03,1.7483,per_usd
1989-07-05,1.7286,per_usd
1989-07-06,1.7316,per_usd
1989-07-07,1.7452,per_usd
1989-07-10,1.7376,per_usd
1989-07-11,1.7397,per_usd
1989-07-12,1.74,per_usd
1989-07-13,1.7637,per_usd
1989-07-14,1.7532,per_usd
1989-07-17,1.7559,per_usd
1989-07-18,1.7538,per_usd
1989-07-19,1.769,per_usd
1989-07-20,1.7413,per_usd
1989-07-21,1.7422,per_usd
1989-07-24,1.7322,per_usd
1989-07-25,1.7301,per_usd
1989-07-26,1.7123,per_usd
1989-07-27,1.7097,per_usd
1989-07-28,1.7212,per_usd
1989-07-31,1.7079,per_usd
1989-08-01,1.6978,per_usd
1989-08-02,1.6681,per_usd
1989-08-03,1.6686,per_usd
1989-08-04,1.6764,per_usd
1989-08-07,1.6708,per_usd
1989-08-08,1.6708,per_usd
1989-08-09,1.6722,per_usd
1989-08-10,1.6767,per_usd
1989-08-11,1.692,per_usd
1989-08-14,1.7036,per_usd
1989-08-15,1.7079,per_usd
1989-08-16,1.7059,per_usd
1989-08-17,1.7109,per_usd
1989-08-18,1.692,per_usd
1989-08-21,1.6912,per_usd
1989-08-22,1.6912,per_usd
1989-08-23,1.6872,per_usd
1989-08-24,1.692,per_usd
1989-08-25,1.7036,per_usd
1989-08-28,1.6992,per_usd
1989-08-29,1.6886,per_usd
1989-08-30,1.692,per_usd
1989-08-31,1.6835,per_usd
1989-09-01,1.6807,per_usd
1989-09-05,1.6978,per_usd
1989-09-06,1.6972,per_usd
1989-09-07,1.6987,per_usd
1989-09-08,1.6878,per_usd
1989-09-11,1.7013,per_usd
1989-09-12,1.7013,per_usd
1989-09-13,1.6869,per_usd
1989-09-14,1.6984,per_usd
1989-09-15,1.7036,per_usd
1989-09-18,1.692,per_usd
1989-09-19,1.69,per_usd
1989-09-20,1.6872,per_usd
1989-09-21,1.692,per_usd
1989-09-22,1.6835,per_usd
1989-09-25,1.6764,per_usd
1989-09-26,1.6722,per_usd
1989-09-27,1.6793,per_usd
1989-09-28,1.6943,per_usd
1989-09-29,1.6964,per_usd
1989-10-02,1.7007,per_usd
1989-10-03,1.7021,per_usd
1989-10-04,1.7301,per_usd
1989-10-05,1.7182,per_usd
1989-10-06,1.6984,per_usd
1989-10-10,1.7094,per_usd
1989-10-11,1.7117,per_usd
1989-10-12,1.7206,per_usd
1989-10-13,1.7138,per_usd
1989-10-16,1.7129,per_usd
1989-10-17,1.705,per_usd
1989-10-18,1.6989,per_usd
1989-10-19,1.6883,per_usd
1989-10-20,1.6949,per_usd
1989-10-23,1.6949,per_usd
1989-10-24,1.6992,per_usd
1989-10-25,1.6892,per_usd
1989-10-26,1.6886,per_usd
1989-10-27,1.6878,per_usd
1989-10-30,1.7036,per_usd
1989-10-31,1.7004,per_usd
1989-11-01,1.7027,per_usd
1989-11-02,1.7065,per_usd
1989-11-03,1.7036,per_usd
1989-11-06,1.7036,per_usd
1989-11-07,1.6992,per_usd
1989-11-08,1.6992,per_usd
1989-11-09,1.7027,per_usd
1989-11-10,1.7065,per_usd
1989-11-13,1.7059,per_usd
1989-11-14,1.7007,per_usd
1989-11-15,1.7007,per_usd
1989-11-16,1.692,per_usd
1989-11-17,1.6995,per_usd
1989-11-20,1.6958,per_usd
1989-11-21,1.703,per_usd
1989-11-22,1.7141,per_usd
1989-11-24,1.7021,per_usd
1989-11-27,1.7007,per_usd
1989-11-28,1.6992,per_usd
1989-11-29,1.6978,per_usd
1989-11-30,1.6964,per_usd
1989-12-01,1.6964,per_usd
1989-12-04,1.6964,per_usd
1989-12-05,1.69,per_usd
1989-12-06,1.6878,per_usd
1989-12-07,1.6841,per_usd
1989-12-08,1.6849,per_usd
1989-12-11,1.6844,per_usd
1989-12-12,1.6708,per_usd
1989-12-13,1.6708,per_usd
1989-12-14,1.6756,per_usd
1989-12-15,1.6878,per_usd
1989-12-18,1.6835,per_usd
1989-12-19,1.6835,per_usd
1989-12-20,1.6764,per_usd
1989-12-21,1.6773,per_usd
1989-12-22,1.6779,per_usd
1989-12-26,1.6764,per_usd
1989-12-27,1.6731,per_usd
1989-12-28,1.6764,per_usd
1989-12-29,1.6844,per_usd
1990-01-02,1.6863,per_usd
1990-01-03,1.6835,per_usd
1990-01-04,1.6742,per_usd
1990-01-05,1.675,per_usd
1990-01-08,1.6708,per_usd
1990-01-09,1.6556,per_usd
1990-01-10,1.6474,per_usd
1990-01-11,1.6437,per_usd
1990-01-12,1.6353,per_usd
1990-01-16,1.642,per_usd
1990-01-17,1.634,per_usd
1990-01-18,1.6287,per_usd
1990-01-19,1.6377,per_usd
1990-01-22,1.6345,per_usd
1990-01-23,1.6523,per_usd
1990-01-24,1.6906,per_usd
1990-01-25,1.6821,per_usd
1990-01-26,1.6869,per_usd
1990-01-29,1.6807,per_usd
1990-01-30,1.675,per_usd
1990-01-31,1.6611,per_usd
1990-02-01,1.6714,per_usd
1990-02-02,1.6658,per_usd
1990-02-05,1.6672,per_usd
1990-02-06,1.6639,per_usd
1990-02-07,1.6846,per_usd
1990-02-08,1.6906,per_usd
1990-02-09,1.6863,per_usd
1990-02-12,1.6875,per_usd
1990-02-13,1.6878,per_usd
1990-02-14,1.7197,per_usd
1990-02-15,1.7094,per_usd
1990-02-16,1.6998,per_usd
1990-02-20,1.6955,per_usd
1990-02-21,1.6987,per_usd
1990-02-22,1.6958,per_usd
1990-02-23,1.6943,per_usd
1990-02-26,1.7001,per_usd
1990-02-27,1.7015,per_usd
1990-02-28,1.7007,per_usd
1990-03-01,1.703,per_usd
1990-03-02,1.6995,per_usd
1990-03-05,1.7013,per_usd
1990-03-06,1.6975,per_usd
1990-03-07,1.6981,per_usd
1990-03-08,1.701,per_usd
1990-03-09,1.6929,per_usd
1990-03-12,1.6972,per_usd
1990-03-13,1.7056,per_usd
1990-03-14,1.7024,per_usd
1990-03-15,1.6955,per_usd
1990-03-16,1.7007,per_usd
1990-03-19,1.7079,per_usd
1990-03-20,1.7147,per_usd
1990-03-21,1.7262,per_usd
1990-03-22,1.7212,per_usd
1990-03-23,1.7286,per_usd
1990-03-26,1.7227,per_usd
1990-03-27,1.7218,per_usd
1990-03-28,1.734,per_usd
1990-03-29,1.7292,per_usd
1990-03-30,1.7271,per_usd
1990-04-02,1.7307,per_usd
1990-04-03,1.7331,per_usd
1990-04-04,1.7271,per_usd
1990-04-05,1.7295,per_usd
1990-04-06,1.7301,per_usd
1990-04-09,1.7289,per_usd
1990-04-10,1.7292,per_usd
1990-04-11,1.7265,per_usd
1990-04-12,1.7253,per_usd
1990-04-13,1.7256,per_usd
1990-04-16,1.7253,per_usd
1990-04-17,1.731,per_usd
1990-04-18,1.7277,per_usd
1990-04-19,1.7197,per_usd
1990-04-20,1.7161,per_usd
1990-04-23,1.7159,per_usd
1990-04-24,1.7188,per_usd
1990-04-25,1.7191,per_usd
1990-04-26,1.7376,per_usd
1990-04-27,1.7437,per_usd
1990-04-30,1.7397,per_usd
1990-05-01,1.759,per_usd
1990-05-02,1.7519,per_usd
1990-05-03,1.7461,per_usd
1990-05-04,1.7464,per_usd
1990-05-07,1.7464,per_usd
1990-05-08,1.74,per_usd
1990-05-09,1.7479,per_usd
1990-05-10,1.7425,per_usd
1990-05-11,1.7544,per_usd
1990-05-14,1.7519,per_usd
1990-05-15,1.7467,per_usd
1990-05-16,1.7458,per_usd
1990-05-17,1.7437,per_usd
1990-05-18,1.7467,per_usd
1990-05-21,1.7437,per_usd
1990-05-22,1.7437,per_usd
1990-05-23,1.7431,per_usd
1990-05-24,1.7425,per_usd
1990-05-25,1.7443,per_usd
1990-05-29,1.7419,per_usd
1990-05-30,1.737,per_usd
1990-05-31,1.7337,per_usd
1990-06-01,1.7385,per_usd
1990-06-04,1.7337,per_usd
1990-06-05,1.7313,per_usd
1990-06-06,1.7185,per_usd
1990-06-07,1.7159,per_usd
1990-06-08,1.7206,per_usd
1990-06-11,1.7286,per_usd
1990-06-12,1.7292,per_usd
1990-06-13,1.7224,per_usd
1990-06-14,1.7173,per_usd
1990-06-15,1.7194,per_usd
1990-06-18,1.7173,per_usd
1990-06-19,1.7153,per_usd
1990-06-20,1.7167,per_usd
1990-06-21,1.7021,per_usd
1990-06-22,1.7065,per_usd
1990-06-25,1.7088,per_usd
1990-06-26,1.7027,per_usd
1990-06-27,1.703,per_usd
1990-06-28,1.703,per_usd
1990-06-29,1.6998,per_usd
1990-07-02,1.6941,per_usd
1990-07-03,1.6943,per_usd
1990-07-05,1.6949,per_usd
1990-07-06,1.6941,per_usd
1990-07-09,1.6915,per_usd
1990-07-10,1.6855,per_usd
1990-07-11,1.6841,per_usd
1990-07-12,1.7004,per_usd
1990-07-13,1.6898,per_usd
1990-07-16,1.6972,per_usd
1990-07-17,1.6898,per_usd
1990-07-18,1.6869,per_usd
1990-07-19,1.6883,per_usd
1990-07-20,1.6807,per_usd
1990-07-23,1.6844,per_usd
1990-07-24,1.6829,per_usd
1990-07-25,1.6898,per_usd
1990-07-26,1.6966,per_usd
1990-07-27,1.6984,per_usd
1990-07-30,1.692,per_usd
1990-07-31,1.6898,per_usd
1990-08-01,1.6835,per_usd
1990-08-02,1.6978,per_usd
1990-08-03,1.6846,per_usd
1990-08-06,1.6703,per_usd
1990-08-07,1.662,per_usd
1990-08-08,1.6617,per_usd
1990-08-09,1.6639,per_usd
1990-08-10,1.6625,per_usd
1990-08-13,1.6434,per_usd
1990-08-14,1.6461,per_usd
1990-08-15,1.6181,per_usd
1990-08-16,1.62,per_usd
1990-08-17,1.6155,per_usd
1990-08-20,1.6137,per_usd
1990-08-21,1.6077,per_usd
1990-08-22,1.598,per_usd
1990-08-23,1.5853,per_usd
1990-08-24,1.5886,per_usd
1990-08-27,1.5924,per_usd
1990-08-28,1.584,per_usd
1990-08-29,1.5865,per_usd
1990-08-30,1.6308,per_usd
1990-08-31,1.6252,per_usd
1990-09-04,1.6221,per_usd
1990-09-05,1.6026,per_usd
1990-09-06,1.5987,per_usd
1990-09-07,1.6044,per_usd
1990-09-10,1.6124,per_usd
1990-09-11,1.6168,per_usd
1990-09-12,1.609,per_usd
1990-09-13,1.6026,per_usd
1990-09-14,1.5936,per_usd
1990-09-17,1.6051,per_usd
1990-09-18,1.6,per_usd
1990-09-19,1.6064,per_usd
1990-09-20,1.6155,per_usd
1990-09-21,1.6313,per_usd
1990-09-24,1.609,per_usd
1990-09-25,1.6119,per_usd
1990-09-26,1.6173,per_usd
1990-09-27,1.6234,per_usd
1990-09-28,1.626,per_usd
1990-10-01,1.6155,per_usd
1990-10-02,1.6181,per_usd
1990-10-03,1.6173,per_usd
1990-10-04,1.6221,per_usd
1990-10-05,1.6226,per_usd
1990-10-09,1.6147,per_usd
1990-10-10,1.6213,per_usd
1990-10-11,1.6247,per_usd
1990-10-12,1.6215,per_usd
1990-10-15,1.6488,per_usd
1990-10-16,1.6556,per_usd
1990-10-17,1.6722,per_usd
1990-10-18,1.6667,per_usd
1990-10-19,1.6529,per_usd
1990-10-22,1.6474,per_usd
1990-10-23,1.6534,per_usd
1990-10-24,1.6493,per_usd
1990-10-25,1.642,per_usd
1990-10-26,1.6399,per_usd
1990-10-29,1.6313,per_usd
1990-10-30,1.6284,per_usd
1990-10-31,1.6273,per_usd
1990-11-01,1.6353,per_usd
1990-11-02,1.6472,per_usd
1990-11-05,1.6273,per_usd
1990-11-06,1.6273,per_usd
1990-11-07,1.63,per_usd
1990-11-08,1.634,per_usd
1990-11-09,1.638,per_usd
1990-11-13,1.6327,per_usd
1990-11-14,1.6393,per_usd
1990-11-15,1.6407,per_usd
1990-11-16,1.641,per_usd
1990-11-19,1.6407,per_usd
1990-11-20,1.6345,per_usd
1990-11-21,1.6327,per_usd
1990-11-23,1.6295,per_usd
1990-11-26,1.6343,per_usd
1990-11-27,1.6359,per_usd
1990-11-28,1.6393,per_usd
1990-11-29,1.6415,per_usd
1990-11-30,1.642,per_usd
1990-12-03,1.6393,per_usd
1990-12-04,1.6412,per_usd
1990-12-05,1.642,per_usd
1990-12-06,1.6644,per_usd
1990-12-07,1.6598,per_usd
1990-12-10,1.6548,per_usd
1990-12-11,1.6653,per_usd
1990-12-12,1.6636,per_usd
1990-12-13,1.6779,per_usd
1990-12-14,1.6708,per_usd
1990-12-17,1.6912,per_usd
1990-12-18,1.703,per_usd
1990-12-19,1.6675,per_usd
1990-12-20,1.6949,per_usd
1990-12-21,1.7065,per_usd
1990-12-24,1.7079,per_usd
1990-12-26,1.7065,per_usd
1990-12-27,1.7094,per_usd
1990-12-28,1.7079,per_usd
1990-12-31,1.705,per_usd
1991-01-02,1.6898,per_usd
1991-01-03,1.6849,per_usd
1991-01-04,1.6918,per_usd
1991-01-07,1.6892,per_usd
1991-01-08,1.6883,per_usd
1991-01-09,1.6932,per_usd
1991-01-10,1.6935,per_usd
1991-01-11,1.6844,per_usd
1991-01-14,1.6863,per_usd
1991-01-15,1.6835,per_usd
1991-01-16,1.6745,per_usd
1991-01-17,1.6827,per_usd
1991-01-18,1.6815,per_usd
1991-01-22,1.6779,per_usd
1991-01-23,1.6779,per_usd
1991-01-24,1.6756,per_usd
1991-01-25,1.6762,per_usd
1991-01-28,1.6736,per_usd
1991-01-29,1.6661,per_usd
1991-01-30,1.6681,per_usd
1991-01-31,1.6703,per_usd
1991-02-01,1.6675,per_usd
1991-02-04,1.6661,per_usd
1991-02-05,1.6681,per_usd
1991-02-06,1.6658,per_usd
1991-02-07,1.6584,per_usd
1991-02-08,1.6647,per_usd
1991-02-11,1.6639,per_usd
1991-02-12,1.6578,per_usd
1991-02-13,1.6472,per_usd
1991-02-14,1.6496,per_usd
1991-02-15,1.6507,per_usd
1991-02-19,1.6543,per_usd
1991-02-20,1.6686,per_usd
1991-02-21,1.6689,per_usd
1991-02-22,1.6745,per_usd
1991-02-25,1.6739,per_usd
1991-02-26,1.6661,per_usd
1991-02-27,1.67,per_usd
1991-02-28,1.6681,per_usd
1991-03-01,1.6639,per_usd
1991-03-04,1.6731,per_usd
1991-03-05,1.6731,per_usd
1991-03-06,1.6863,per_usd
1991-03-07,1.6872,per_usd
1991-03-08,1.6759,per_usd
1991-03-11,1.6722,per_usd
1991-03-12,1.6725,per_usd
1991-03-13,1.6779,per_usd
1991-03-14,1.6756,per_usd
1991-03-15,1.6764,per_usd
1991-03-18,1.6863,per_usd
1991-03-19,1.6835,per_usd
1991-03-20,1.6798,per_usd
1991-03-21,1.6787,per_usd
1991-03-22,1.6821,per_usd
1991-03-25,1.6975,per_usd
1991-03-26,1.705,per_usd
1991-03-27,1.705,per_usd
1991-03-28,1.705,per_usd
1991-03-29,1.705,per_usd
1991-04-01,1.7027,per_usd
1991-04-02,1.6949,per_usd
1991-04-03,1.6869,per_usd
1991-04-04,1.6878,per_usd
1991-04-05,1.6827,per_usd
1991-04-08,1.69,per_usd
1991-04-09,1.6935,per_usd
1991-04-10,1.692,per_usd
1991-04-11,1.6955,per_usd
1991-04-12,1.6964,per_usd
1991-04-15,1.6961,per_usd
1991-04-16,1.6889,per_usd
1991-04-17,1.6926,per_usd
1991-04-18,1.6923,per_usd
1991-04-19,1.6992,per_usd
1991-04-22,1.712,per_usd
1991-04-23,1.6992,per_usd
1991-04-24,1.7114,per_usd
1991-04-25,1.7114,per_usd
1991-04-26,1.7094,per_usd
1991-04-29,1.7103,per_usd
1991-04-30,1.7015,per_usd
1991-05-01,1.7007,per_usd
1991-05-02,1.7085,per_usd
1991-05-03,1.71,per_usd
1991-05-06,1.7021,per_usd
1991-05-07,1.7018,per_usd
1991-05-08,1.6987,per_usd
1991-05-09,1.6952,per_usd
1991-05-10,1.6972,per_usd
1991-05-13,1.7021,per_usd
1991-05-14,1.7004,per_usd
1991-05-15,1.6961,per_usd
1991-05-16,1.6915,per_usd
1991-05-17,1.6943,per_usd
1991-05-20,1.7001,per_usd
1991-05-21,1.6984,per_usd
1991-05-22,1.7021,per_usd
1991-05-23,1.7286,per_usd
1991-05-24,1.7182,per_usd
1991-05-28,1.7167,per_usd
1991-05-29,1.7141,per_usd
1991-05-30,1.7159,per_usd
1991-05-31,1.7212,per_usd
1991-06-03,1.7209,per_usd
1991-06-04,1.7153,per_usd
1991-06-05,1.717,per_usd
1991-06-06,1.7256,per_usd
1991-06-07,1.725,per_usd
1991-06-10,1.7352,per_usd
1991-06-11,1.7422,per_usd
1991-06-12,1.7489,per_usd
1991-06-13,1.7507,per_usd
1991-06-14,1.7452,per_usd
1991-06-17,1.7361,per_usd
1991-06-18,1.7391,per_usd
1991-06-19,1.7382,per_usd
1991-06-20,1.7361,per_usd
1991-06-21,1.7385,per_usd
1991-06-24,1.7391,per_usd
1991-06-25,1.7376,per_usd
1991-06-26,1.7352,per_usd
1991-06-27,1.7322,per_usd
1991-06-28,1.7379,per_usd
1991-07-01,1.7473,per_usd
1991-07-02,1.7606,per_usd
1991-07-03,1.759,per_usd
1991-07-05,1.7652,per_usd
1991-07-08,1.7587,per_usd
1991-07-09,1.7646,per_usd
1991-07-10,1.7756,per_usd
1991-07-11,1.78,per_usd
1991-07-12,1.7781,per_usd
1991-07-15,1.7771,per_usd
1991-07-16,1.7715,per_usd
1991-07-17,1.7705,per_usd
1991-07-18,1.7762,per_usd
1991-07-19,1.7624,per_usd
1991-07-22,1.7646,per_usd
1991-07-23,1.7699,per_usd
1991-07-24,1.7655,per_usd
1991-07-25,1.7627,per_usd
1991-07-26,1.7513,per_usd
1991-07-29,1.7507,per_usd
1991-07-30,1.751,per_usd
1991-07-31,1.7519,per_usd
1991-08-01,1.7501,per_usd
1991-08-02,1.7467,per_usd
1991-08-05,1.737,per_usd
1991-08-06,1.7422,per_usd
1991-08-07,1.7419,per_usd
1991-08-08,1.7437,per_usd
1991-08-09,1.751,per_usd
1991-08-12,1.7492,per_usd
1991-08-13,1.7428,per_usd
1991-08-14,1.7452,per_usd
1991-08-15,1.7449,per_usd
1991-08-16,1.7446,per_usd
1991-08-19,1.7528,per_usd
1991-08-20,1.7391,per_usd
1991-08-21,1.7382,per_usd
1991-08-22,1.7376,per_usd
1991-08-23,1.7416,per_usd
1991-08-26,1.7437,per_usd
1991-08-27,1.7452,per_usd
1991-08-28,1.7419,per_usd
1991-08-29,1.7391,per_usd
1991-08-30,1.7409,per_usd
1991-09-03,1.7473,per_usd
1991-09-04,1.7406,per_usd
1991-09-05,1.7247,per_usd
1991-09-06,1.72,per_usd
1991-09-09,1.7167,per_usd
1991-09-10,1.7176,per_usd
1991-09-11,1.7182,per_usd
1991-09-12,1.7114,per_usd
1991-09-13,1.7056,per_usd
1991-09-16,1.7018,per_usd
1991-09-17,1.7036,per_usd
1991-09-18,1.7077,per_usd
1991-09-19,1.7126,per_usd
1991-09-20,1.7114,per_usd
1991-09-23,1.7109,per_usd
1991-09-24,1.7077,per_usd
1991-09-25,1.7431,per_usd
1991-09-26,1.7721,per_usd
1991-09-27,1.7565,per_usd
1991-09-30,1.7646,per_usd
1991-10-01,1.7612,per_usd
1991-10-02,1.7547,per_usd
1991-10-03,1.7606,per_usd
1991-10-04,1.7652,per_usd
1991-10-07,1.7634,per_usd
1991-10-08,1.7627,per_usd
1991-10-09,1.7606,per_usd
1991-10-10,1.7687,per_usd
1991-10-11,1.7746,per_usd
1991-10-15,1.7609,per_usd
1991-10-16,1.7665,per_usd
1991-10-17,1.7643,per_usd
1991-10-18,1.7674,per_usd
1991-10-21,1.7668,per_usd
1991-10-22,1.7768,per_usd
1991-10-23,1.8096,per_usd
1991-10-24,1.7969,per_usd
1991-10-25,1.7969,per_usd
1991-10-28,1.8025,per_usd
1991-10-29,1.8015,per_usd
1991-10-30,1.7976,per_usd
1991-10-31,1.7966,per_usd
1991-11-01,1.7816,per_usd
1991-11-04,1.773,per_usd
1991-11-05,1.7753,per_usd
1991-11-06,1.7857,per_usd
1991-11-07,1.7895,per_usd
1991-11-08,1.7905,per_usd
1991-11-12,1.7775,per_usd
1991-11-13,1.7832,per_usd
1991-11-14,1.78,per_usd
1991-11-15,1.7822,per_usd
1991-11-18,1.7687,per_usd
1991-11-19,1.7646,per_usd
1991-11-20,1.7668,per_usd
1991-11-21,1.7627,per_usd
1991-11-22,1.7575,per_usd
1991-11-25,1.7599,per_usd
1991-11-26,1.7637,per_usd
1991-11-27,1.773,per_usd
1991-11-29,1.7825,per_usd
1991-12-02,1.7771,per_usd
1991-12-03,1.7797,per_usd
1991-12-04,1.7784,per_usd
1991-12-05,1.78,per_usd
1991-12-06,1.7857,per_usd
1991-12-09,1.7966,per_usd
1991-12-10,1.7979,per_usd
1991-12-11,1.8012,per_usd
1991-12-12,1.7895,per_usd
1991-12-13,1.7934,per_usd
1991-12-16,1.7953,per_usd
1991-12-17,1.8051,per_usd
1991-12-18,1.8195,per_usd
1991-12-19,1.8159,per_usd
1991-12-20,1.8416,per_usd
1991-12-23,1.8399,per_usd
1991-12-24,1.8382,per_usd
1991-12-26,1.8365,per_usd
1991-12-27,1.8399,per_usd
1991-12-30,1.8501,per_usd
1991-12-31,1.8508,per_usd
1992-01-02,1.8605,per_usd
1992-01-03,1.8591,per_usd
1992-01-06,1.8198,per_usd
1992-01-07,1.8132,per_usd
1992-01-08,1.8202,per_usd
1992-01-09,1.8376,per_usd
1992-01-10,1.846,per_usd
1992-01-13,1.8372,per_usd
1992-01-14,1.8399,per_usd
1992-01-15,1.857,per_usd
1992-01-16,1.8529,per_usd
1992-01-17,1.8467,per_usd
1992-01-21,1.8443,per_usd
1992-01-22,1.8501,per_usd
1992-01-23,1.8508,per_usd
1992-01-24,1.8501,per_usd
1992-01-27,1.8639,per_usd
1992-01-28,1.8488,per_usd
1992-01-29,1.8498,per_usd
1992-01-30,1.8522,per_usd
1992-01-31,1.8512,per_usd
1992-02-03,1.8519,per_usd
1992-02-04,1.8467,per_usd
1992-02-05,1.8501,per_usd
1992-02-06,1.8464,per_usd
1992-02-07,1.844,per_usd
1992-02-10,1.8477,per_usd
1992-02-11,1.8491,per_usd
1992-02-12,1.8529,per_usd
1992-02-13,1.8495,per_usd
1992-02-14,1.8467,per_usd
1992-02-18,1.8477,per_usd
1992-02-19,1.8477,per_usd
1992-02-20,1.8386,per_usd
1992-02-21,1.8443,per_usd
1992-02-24,1.8515,per_usd
1992-02-25,1.8471,per_usd
1992-02-26,1.8484,per_usd
1992-02-27,1.8305,per_usd
1992-02-28,1.8295,per_usd
1992-03-02,1.8278,per_usd
1992-03-03,1.8242,per_usd
1992-03-04,1.8339,per_usd
1992-03-05,1.8282,per_usd
1992-03-06,1.8258,per_usd
1992-03-09,1.8272,per_usd
1992-03-10,1.8238,per_usd
1992-03-11,1.8245,per_usd
1992-03-12,1.8252,per_usd
1992-03-13,1.8275,per_usd
1992-03-16,1.8328,per_usd
1992-03-17,1.8305,per_usd
1992-03-18,1.8248,per_usd
1992-03-19,1.8192,per_usd
1992-03-20,1.8208,per_usd
1992-03-23,1.8218,per_usd
1992-03-24,1.8235,per_usd
1992-03-25,1.8198,per_usd
1992-03-26,1.8169,per_usd
1992-03-27,1.8215,per_usd
1992-03-30,1.8238,per_usd
1992-03-31,1.8305,per_usd
1992-04-01,1.8349,per_usd
1992-04-02,1.8362,per_usd
1992-04-03,1.8282,per_usd
1992-04-06,1.8386,per_usd
1992-04-07,1.844,per_usd
1992-04-08,1.8447,per_usd
1992-04-09,1.8392,per_usd
1992-04-10,1.8399,per_usd
1992-04-13,1.8359,per_usd
1992-04-14,1.8339,per_usd
1992-04-15,1.8365,per_usd
1992-04-16,1.8389,per_usd
1992-04-17,1.8416,per_usd
1992-04-20,1.8423,per_usd
1992-04-21,1.8474,per_usd
1992-04-22,1.8598,per_usd
1992-04-23,1.8762,per_usd
1992-04-24,1.8727,per_usd
1992-04-27,1.8699,per_usd
1992-04-28,1.8601,per_usd
1992-04-29,1.8567,per_usd
1992-04-30,1.8615,per_usd
1992-05-01,1.8587,per_usd
1992-05-04,1.8622,per_usd
1992-05-05,1.858,per_usd
1992-05-06,1.8608,per_usd
1992-05-07,1.8629,per_usd
1992-05-08,1.8619,per_usd
1992-05-11,1.8737,per_usd
1992-05-12,1.8797,per_usd
1992-05-13,1.8762,per_usd
1992-05-14,1.8702,per_usd
1992-05-15,1.8727,per_usd
1992-05-18,1.8727,per_usd
1992-05-19,1.8751,per_usd
1992-05-20,1.8776,per_usd
1992-05-21,1.8741,per_usd
1992-05-22,1.8699,per_usd
1992-05-26,1.8674,per_usd
1992-05-27,1.8664,per_usd
1992-05-28,1.8657,per_usd
1992-05-29,1.8685,per_usd
1992-06-01,1.8688,per_usd
1992-06-02,1.8671,per_usd
1992-06-03,1.8612,per_usd
1992-06-04,1.8625,per_usd
1992-06-05,1.857,per_usd
1992-06-08,1.8495,per_usd
1992-06-09,1.8376,per_usd
1992-06-10,1.8403,per_usd
1992-06-11,1.8406,per_usd
1992-06-12,1.8396,per_usd
1992-06-15,1.846,per_usd
1992-06-16,1.844,per_usd
1992-06-17,1.845,per_usd
1992-06-18,1.8399,per_usd
1992-06-19,1.8315,per_usd
1992-06-22,1.8365,per_usd
1992-06-23,1.8372,per_usd
1992-06-24,1.8349,per_usd
1992-06-25,1.8359,per_usd
1992-06-26,1.8399,per_usd
1992-06-29,1.8389,per_usd
1992-06-30,1.8376,per_usd
1992-07-01,1.8382,per_usd
1992-07-02,1.8382,per_usd
1992-07-03,1.8355,per_usd
1992-07-06,1.8379,per_usd
1992-07-07,1.8389,per_usd
1992-07-08,1.8355,per_usd
1992-07-09,1.8332,per_usd
1992-07-10,1.8322,per_usd
1992-07-13,1.8292,per_usd
1992-07-14,1.8268,per_usd
1992-07-15,1.8315,per_usd
1992-07-16,1.8315,per_usd
1992-07-17,1.8242,per_usd
1992-07-20,1.8238,per_usd
1992-07-21,1.8265,per_usd
1992-07-22,1.8245,per_usd
1992-07-23,1.8222,per_usd
1992-07-24,1.8242,per_usd
1992-07-27,1.8312,per_usd
1992-07-28,1.8325,per_usd
1992-07-29,1.8339,per_usd
1992-07-30,1.8325,per_usd
1992-07-31,1.8339,per_usd
1992-08-03,1.8362,per_usd
1992-08-04,1.8372,per_usd
1992-08-05,1.8382,per_usd
1992-08-06,1.8403,per_usd
1992-08-07,1.8399,per_usd
1992-08-10,1.8426,per_usd
1992-08-11,1.843,per_usd
1992-08-12,1.8716,per_usd
1992-08-13,1.8619,per_usd
1992-08-14,1.8587,per_usd
1992-08-17,1.8563,per_usd
1992-08-18,1.8584,per_usd
1992-08-19,1.8525,per_usd
1992-08-20,1.8515,per_usd
1992-08-21,1.8574,per_usd
1992-08-24,1.8577,per_usd
1992-08-25,1.8491,per_usd
1992-08-26,1.8467,per_usd
1992-08-27,1.846,per_usd
1992-08-28,1.8491,per_usd
1992-08-31,1.8546,per_usd
1992-09-01,1.8525,per_usd
1992-09-02,1.8515,per_usd
1992-09-03,1.8512,per_usd
1992-09-04,1.845,per_usd
1992-09-08,1.8577,per_usd
1992-09-09,1.8501,per_usd
1992-09-10,1.8396,per_usd
1992-09-11,1.8275,per_usd
1992-09-14,1.806,per_usd
1992-09-15,1.8349,per_usd
1992-09-16,1.8298,per_usd
1992-09-17,1.8298,per_usd
1992-09-18,1.8413,per_usd
1992-09-21,1.8685,per_usd
1992-09-22,1.8587,per_usd
1992-09-23,1.857,per_usd
1992-09-24,1.8591,per_usd
1992-09-25,1.8587,per_usd
1992-09-28,1.8639,per_usd
1992-09-29,1.8664,per_usd
1992-09-30,1.8615,per_usd
1992-10-01,1.8505,per_usd
1992-10-02,1.8406,per_usd
1992-10-05,1.8349,per_usd
1992-10-06,1.8349,per_usd
1992-10-07,1.8433,per_usd
1992-10-08,1.8409,per_usd
1992-10-09,1.8477,per_usd
1992-10-13,1.8416,per_usd
1992-10-14,1.8413,per_usd
1992-10-15,1.8433,per_usd
1992-10-16,1.845,per_usd
1992-10-19,1.8501,per_usd
1992-10-20,1.8556,per_usd
1992-10-21,1.8549,per_usd
1992-10-22,1.8519,per_usd
1992-10-23,1.8477,per_usd
1992-10-26,1.8522,per_usd
1992-10-27,1.8727,per_usd
1992-10-28,1.8832,per_usd
1992-10-29,1.8968,per_usd
1992-10-30,1.9048,per_usd
1992-11-02,1.9164,per_usd
1992-11-03,1.9048,per_usd
1992-11-04,1.9066,per_usd
1992-11-05,1.904,per_usd
1992-11-06,1.8886,per_usd
1992-11-09,1.9022,per_usd
1992-11-10,1.9095,per_usd
1992-11-12,1.912,per_usd
1992-11-13,1.9055,per_usd
1992-11-16,1.9212,per_usd
1992-11-17,1.9417,per_usd
1992-11-18,1.9342,per_usd
1992-11-19,1.9361,per_usd
1992-11-20,1.9425,per_usd
1992-11-23,1.9436,per_usd
1992-11-24,1.9399,per_usd
1992-11-25,1.9369,per_usd
1992-11-27,1.9417,per_usd
1992-11-30,1.9573,per_usd
1992-12-01,1.9531,per_usd
1992-12-02,1.9505,per_usd
1992-12-03,1.938,per_usd
1992-12-04,1.9339,per_usd
1992-12-07,1.9283,per_usd
1992-12-08,1.9324,per_usd
1992-12-09,1.9294,per_usd
1992-12-10,1.9414,per_usd
1992-12-11,1.9354,per_usd
1992-12-14,1.9399,per_usd
1992-12-15,1.944,per_usd
1992-12-16,1.9305,per_usd
1992-12-17,1.9275,per_usd
1992-12-18,1.9339,per_usd
1992-12-21,1.9324,per_usd
1992-12-22,1.9402,per_usd
1992-12-23,1.9459,per_usd
1992-12-24,1.941,per_usd
1992-12-28,1.9425,per_usd
1992-12-29,1.9463,per_usd
1992-12-30,1.9478,per_usd
1992-12-31,1.9474,per_usd
1993-01-04,1.9527,per_usd
1993-01-05,1.979,per_usd
1993-01-06,1.9782,per_usd
1993-01-07,1.9685,per_usd
1993-01-08,1.9604,per_usd
1993-01-11,1.9497,per_usd
1993-01-12,1.9505,per_usd
1993-01-13,1.9539,per_usd
1993-01-14,1.952,per_usd
1993-01-15,1.9474,per_usd
1993-01-19,1.9474,per_usd
1993-01-20,1.9512,per_usd
1993-01-21,1.9543,per_usd
1993-01-22,1.9429,per_usd
1993-01-25,1.935,per_usd
1993-01-26,1.9305,per_usd
1993-01-27,1.9395,per_usd
1993-01-28,1.9305,per_usd
1993-01-29,1.9372,per_usd
1993-02-01,1.9455,per_usd
1993-02-02,1.9436,per_usd
1993-02-03,1.9429,per_usd
1993-02-04,1.9455,per_usd
1993-02-05,1.9482,per_usd
1993-02-08,1.9643,per_usd
1993-02-09,1.9627,per_usd
1993-02-10,1.955,per_usd
1993-02-11,1.9493,per_usd
1993-02-12,1.9531,per_usd
1993-02-16,1.9387,per_usd
1993-02-17,1.9391,per_usd
1993-02-18,1.938,per_usd
1993-02-19,1.935,per_usd
1993-02-22,1.929,per_usd
1993-02-23,1.904,per_usd
1993-02-24,1.904,per_usd
1993-02-25,1.9139,per_usd
1993-02-26,1.9109,per_usd
1993-03-01,1.8979,per_usd
1993-03-02,1.8939,per_usd
1993-03-03,1.8983,per_usd
1993-03-04,1.8868,per_usd
1993-03-05,1.8957,per_usd
1993-03-08,1.8993,per_usd
1993-03-09,1.8939,per_usd
1993-03-10,1.8972,per_usd
1993-03-11,1.8972,per_usd
1993-03-12,1.8947,per_usd
1993-03-15,1.899,per_usd
1993-03-16,1.8957,per_usd
1993-03-17,1.8744,per_usd
1993-03-18,1.8702,per_usd
1993-03-19,1.8741,per_usd
1993-03-22,1.8639,per_usd
1993-03-23,1.8896,per_usd
1993-03-24,1.8793,per_usd
1993-03-25,1.8786,per_usd
1993-03-26,1.8727,per_usd
1993-03-29,1.8723,per_usd
1993-03-30,1.8709,per_usd
1993-03-31,1.8811,per_usd
1993-04-01,1.8954,per_usd
1993-04-02,1.8911,per_usd
1993-04-05,1.8779,per_usd
1993-04-06,1.8783,per_usd
1993-04-07,1.8685,per_usd
1993-04-08,1.8587,per_usd
1993-04-09,1.8587,per_usd
1993-04-12,1.8519,per_usd
1993-04-13,1.8467,per_usd
1993-04-14,1.844,per_usd
1993-04-15,1.8495,per_usd
1993-04-16,1.858,per_usd
1993-04-19,1.8474,per_usd
1993-04-20,1.8512,per_usd
1993-04-21,1.8522,per_usd
1993-04-22,1.8519,per_usd
1993-04-23,1.8406,per_usd
1993-04-26,1.8305,per_usd
1993-04-27,1.8349,per_usd
1993-04-28,1.8406,per_usd
1993-04-29,1.8406,per_usd
1993-04-30,1.8484,per_usd
1993-05-03,1.8488,per_usd
1993-05-04,1.8525,per_usd
1993-05-05,1.8484,per_usd
1993-05-06,1.8345,per_usd
1993-05-07,1.8282,per_usd
1993-05-10,1.8389,per_usd
1993-05-11,1.8467,per_usd
1993-05-12,1.8433,per_usd
1993-05-13,1.8389,per_usd
1993-05-14,1.8416,per_usd
1993-05-17,1.8409,per_usd
1993-05-18,1.8622,per_usd
1993-05-19,1.8546,per_usd
1993-05-20,1.8481,per_usd
1993-05-21,1.8376,per_usd
1993-05-24,1.8389,per_usd
1993-05-25,1.8272,per_usd
1993-05-26,1.8285,per_usd
1993-05-27,1.8352,per_usd
1993-05-28,1.845,per_usd
1993-06-01,1.8481,per_usd
1993-06-02,1.8443,per_usd
1993-06-03,1.843,per_usd
1993-06-04,1.8601,per_usd
1993-06-07,1.8646,per_usd
1993-06-08,1.873,per_usd
1993-06-09,1.8671,per_usd
1993-06-10,1.8619,per_usd
1993-06-11,1.845,per_usd
1993-06-14,1.8443,per_usd
1993-06-15,1.8389,per_usd
1993-06-16,1.8365,per_usd
1993-06-17,1.844,per_usd
1993-06-18,1.8477,per_usd
1993-06-21,1.8433,per_usd
1993-06-22,1.8519,per_usd
1993-06-23,1.8577,per_usd
1993-06-24,1.8636,per_usd
1993-06-25,1.8615,per_usd
1993-06-28,1.8612,per_usd
1993-06-29,1.8594,per_usd
1993-06-30,1.8636,per_usd
1993-07-01,1.8477,per_usd
1993-07-02,1.8423,per_usd
1993-07-06,1.8372,per_usd
1993-07-07,1.8298,per_usd
1993-07-08,1.8149,per_usd
1993-07-09,1.8182,per_usd
1993-07-12,1.8198,per_usd
1993-07-13,1.8238,per_usd
1993-07-14,1.8172,per_usd
1993-07-15,1.8208,per_usd
1993-07-16,1.8208,per_usd
1993-07-19,1.8282,per_usd
1993-07-20,1.8282,per_usd
1993-07-21,1.8198,per_usd
1993-07-22,1.8165,per_usd
1993-07-23,1.8149,per_usd
1993-07-26,1.81,per_usd
1993-07-27,1.8103,per_usd
1993-07-28,1.8142,per_usd
1993-07-29,1.8132,per_usd
1993-07-30,1.8051,per_usd
1993-08-02,1.8113,per_usd
1993-08-03,1.8113,per_usd
1993-08-04,1.8132,per_usd
1993-08-05,1.8067,per_usd
1993-08-06,1.8182,per_usd
1993-08-09,1.7947,per_usd
1993-08-10,1.8218,per_usd
1993-08-11,1.8205,per_usd
1993-08-12,1.8149,per_usd
1993-08-13,1.8132,per_usd
1993-08-16,1.8083,per_usd
1993-08-17,1.8051,per_usd
1993-08-18,1.8018,per_usd
1993-08-19,1.8018,per_usd
1993-08-20,1.8067,per_usd
1993-08-23,1.8165,per_usd
1993-08-24,1.809,per_usd
1993-08-25,1.7969,per_usd
1993-08-26,1.8018,per_usd
1993-08-27,1.8116,per_usd
1993-08-30,1.8149,per_usd
1993-08-31,1.8116,per_usd
1993-09-01,1.8067,per_usd
1993-09-02,1.8255,per_usd
1993-09-03,1.8433,per_usd
1993-09-07,1.8238,per_usd
1993-09-08,1.81,per_usd
1993-09-09,1.8109,per_usd
1993-09-10,1.8149,per_usd
1993-09-13,1.8142,per_usd
1993-09-14,1.809,per_usd
1993-09-15,1.8093,per_usd
1993-09-16,1.8132,per_usd
1993-09-17,1.8132,per_usd
1993-09-20,1.81,per_usd
1993-09-21,1.806,per_usd
1993-09-22,1.8047,per_usd
1993-09-23,1.8064,per_usd
1993-09-24,1.8028,per_usd
1993-09-27,1.8034,per_usd
1993-09-28,1.8116,per_usd
1993-09-29,1.8182,per_usd
1993-09-30,1.8169,per_usd
1993-10-01,1.8165,per_usd
1993-10-04,1.8172,per_usd
1993-10-05,1.8248,per_usd
1993-10-06,1.8262,per_usd
1993-10-07,1.8198,per_usd
1993-10-08,1.8132,per_usd
1993-10-12,1.8113,per_usd
1993-10-13,1.8123,per_usd
1993-10-14,1.8129,per_usd
1993-10-15,1.8182,per_usd
1993-10-18,1.8132,per_usd
1993-10-19,1.8018,per_usd
1993-10-20,1.7995,per_usd
1993-10-21,1.7986,per_usd
1993-10-22,1.796,per_usd
1993-10-25,1.7986,per_usd
1993-10-26,1.7999,per_usd
1993-10-27,1.8034,per_usd
1993-10-28,1.8051,per_usd
1993-10-29,1.8051,per_usd
1993-11-01,1.8034,per_usd
1993-11-02,1.8028,per_usd
1993-11-03,1.8034,per_usd
1993-11-04,1.8034,per_usd
1993-11-05,1.7947,per_usd
1993-11-08,1.808,per_usd
1993-11-09,1.8332,per_usd
1993-11-10,1.8543,per_usd
1993-11-12,1.857,per_usd
1993-11-15,1.858,per_usd
1993-11-16,1.8563,per_usd
1993-11-17,1.8182,per_usd
1993-11-18,1.8182,per_usd
1993-11-19,1.8248,per_usd
1993-11-22,1.8275,per_usd
1993-11-23,1.8265,per_usd
1993-11-24,1.8228,per_usd
1993-11-26,1.8288,per_usd
1993-11-29,1.8349,per_usd
1993-11-30,1.8332,per_usd
1993-12-01,1.8305,per_usd
1993-12-02,1.8258,per_usd
1993-12-03,1.8198,per_usd
1993-12-06,1.8175,per_usd
1993-12-07,1.8165,per_usd
1993-12-08,1.8002,per_usd
1993-12-09,1.8018,per_usd
1993-12-10,1.7995,per_usd
1993-12-13,1.8051,per_usd
1993-12-14,1.7982,per_usd
1993-12-15,1.7889,per_usd
1993-12-16,1.7825,per_usd
1993-12-17,1.7816,per_usd
1993-12-20,1.7825,per_usd
1993-12-21,1.7816,per_usd
1993-12-22,1.7825,per_usd
1993-12-23,1.7879,per_usd
1993-12-24,1.7921,per_usd
1993-12-27,1.7905,per_usd
1993-12-28,1.7873,per_usd
1993-12-29,1.7912,per_usd
1993-12-30,1.7937,per_usd
1993-12-31,1.7889,per_usd
1994-01-03,1.7794,per_usd
1994-01-04,1.7794,per_usd
1994-01-05,1.7816,per_usd
1994-01-06,1.7995,per_usd
1994-01-07,1.796,per_usd
1994-01-10,1.7908,per_usd
1994-01-11,1.7873,per_usd
1994-01-12,1.7899,per_usd
1994-01-13,1.7944,per_usd
1994-01-14,1.7921,per_usd
1994-01-18,1.7762,per_usd
1994-01-19,1.7699,per_usd
1994-01-20,1.7705,per_usd
1994-01-21,1.7677,per_usd
1994-01-24,1.7674,per_usd
1994-01-25,1.7637,per_usd
1994-01-26,1.759,per_usd
1994-01-27,1.7596,per_usd
1994-01-28,1.7621,per_usd
1994-01-31,1.7627,per_usd
1994-02-01,1.7467,per_usd
1994-02-02,1.7473,per_usd
1994-02-03,1.7498,per_usd
1994-02-04,1.7513,per_usd
1994-02-07,1.7483,per_usd
1994-02-08,1.7376,per_usd
1994-02-09,1.7376,per_usd
1994-02-10,1.7391,per_usd
1994-02-11,1.7458,per_usd
1994-02-14,1.7467,per_usd
1994-02-15,1.7483,per_usd
1994-02-16,1.7422,per_usd
1994-02-17,1.7391,per_usd
1994-02-18,1.7437,per_usd
1994-02-22,1.7301,per_usd
1994-02-23,1.7286,per_usd
1994-02-24,1.7286,per_usd
1994-02-25,1.731,per_usd
1994-02-28,1.7391,per_usd
1994-03-01,1.7346,per_usd
1994-03-02,1.7541,per_usd
1994-03-03,1.7553,per_usd
1994-03-04,1.7437,per_usd
1994-03-07,1.7331,per_usd
1994-03-08,1.7361,per_usd
1994-03-09,1.7413,per_usd
1994-03-10,1.7483,per_usd
1994-03-11,1.7467,per_usd
1994-03-14,1.7376,per_usd
1994-03-15,1.7361,per_usd
1994-03-16,1.7391,per_usd
1994-03-17,1.7437,per_usd
1994-03-18,1.7458,per_usd
1994-03-21,1.7565,per_usd
1994-03-22,1.7575,per_usd
1994-03-23,1.7538,per_usd
1994-03-24,1.7652,per_usd
1994-03-25,1.7658,per_usd
1994-03-28,1.7581,per_usd
1994-03-29,1.7658,per_usd
1994-03-30,1.7879,per_usd
1994-03-31,1.7816,per_usd
1994-04-01,1.7709,per_usd
1994-04-04,1.7753,per_usd
1994-04-05,1.774,per_usd
1994-04-06,1.7668,per_usd
1994-04-07,1.7599,per_usd
1994-04-08,1.7504,per_usd
1994-04-11,1.7535,per_usd
1994-04-12,1.7575,per_usd
1994-04-13,1.7677,per_usd
1994-04-14,1.7606,per_usd
1994-04-15,1.759,per_usd
1994-04-18,1.7652,per_usd
1994-04-19,1.769,per_usd
1994-04-20,1.763,per_usd
1994-04-21,1.7599,per_usd
1994-04-22,1.7467,per_usd
1994-04-25,1.7452,per_usd
1994-04-26,1.7413,per_usd
1994-04-27,1.7422,per_usd
1994-04-28,1.7422,per_usd
1994-04-29,1.7331,per_usd
1994-05-02,1.734,per_usd
1994-05-03,1.7376,per_usd
1994-05-04,1.7346,per_usd
1994-05-05,1.7313,per_usd
1994-05-06,1.7346,per_usd
1994-05-09,1.7271,per_usd
1994-05-10,1.7197,per_usd
1994-05-11,1.7227,per_usd
1994-05-12,1.7191,per_usd
1994-05-13,1.7138,per_usd
1994-05-16,1.7056,per_usd
1994-05-17,1.7079,per_usd
1994-05-18,1.7079,per_usd
1994-05-19,1.7079,per_usd
1994-05-20,1.7042,per_usd
1994-05-23,1.6992,per_usd
1994-05-24,1.7015,per_usd
1994-05-25,1.7001,per_usd
1994-05-26,1.7015,per_usd
1994-05-27,1.7015,per_usd
1994-05-31,1.6821,per_usd
1994-06-01,1.6829,per_usd
1994-06-02,1.6855,per_usd
1994-06-03,1.6827,per_usd
1994-06-06,1.6863,per_usd
1994-06-07,1.692,per_usd
1994-06-08,1.6935,per_usd
1994-06-09,1.6987,per_usd
1994-06-10,1.6989,per_usd
1994-06-13,1.6987,per_usd
1994-06-14,1.7053,per_usd
1994-06-15,1.7036,per_usd
1994-06-16,1.7018,per_usd
1994-06-17,1.692,per_usd
1994-06-20,1.6807,per_usd
1994-06-21,1.6798,per_usd
1994-06-22,1.6846,per_usd
1994-06-23,1.692,per_usd
1994-06-24,1.7007,per_usd
1994-06-27,1.6958,per_usd
1994-06-28,1.6898,per_usd
1994-06-29,1.6869,per_usd
1994-06-30,1.6807,per_usd
1994-07-01,1.6736,per_usd
1994-07-05,1.6861,per_usd
1994-07-06,1.6779,per_usd
1994-07-07,1.6742,per_usd
1994-07-08,1.6611,per_usd
1994-07-11,1.6584,per_usd
1994-07-12,1.6515,per_usd
1994-07-13,1.6526,per_usd
1994-07-14,1.6745,per_usd
1994-07-15,1.6714,per_usd
1994-07-18,1.675,per_usd
1994-07-19,1.6686,per_usd
1994-07-20,1.6647,per_usd
1994-07-21,1.6562,per_usd
1994-07-22,1.6529,per_usd
1994-07-25,1.6543,per_usd
1994-07-26,1.6543,per_usd
1994-07-27,1.6633,per_usd
1994-07-28,1.6667,per_usd
1994-07-29,1.6625,per_usd
1994-08-01,1.6598,per_usd
1994-08-02,1.6598,per_usd
1994-08-03,1.6658,per_usd
1994-08-04,1.6598,per_usd
1994-08-05,1.6556,per_usd
1994-08-08,1.6548,per_usd
1994-08-09,1.6661,per_usd
1994-08-10,1.6703,per_usd
1994-08-11,1.6667,per_usd
1994-08-12,1.6689,per_usd
1994-08-15,1.6578,per_usd
1994-08-16,1.6661,per_usd
1994-08-17,1.6728,per_usd
1994-08-18,1.6647,per_usd
1994-08-19,1.6694,per_usd
1994-08-22,1.6694,per_usd
1994-08-23,1.6667,per_usd
1994-08-24,1.6598,per_usd
1994-08-25,1.6584,per_usd
1994-08-26,1.657,per_usd
1994-08-29,1.6639,per_usd
1994-08-30,1.6625,per_usd
1994-08-31,1.6617,per_usd
1994-09-01,1.6556,per_usd
1994-09-02,1.6537,per_usd
1994-09-06,1.6554,per_usd
1994-09-07,1.6483,per_usd
1994-09-08,1.654,per_usd
1994-09-09,1.6556,per_usd
1994-09-12,1.6609,per_usd
1994-09-13,1.6606,per_usd
1994-09-14,1.6592,per_usd
1994-09-15,1.6565,per_usd
1994-09-16,1.6556,per_usd
1994-09-19,1.6578,per_usd
1994-09-20,1.6584,per_usd
1994-09-21,1.6661,per_usd
1994-09-22,1.6689,per_usd
1994-09-23,1.6606,per_usd
1994-09-26,1.6603,per_usd
1994-09-27,1.6606,per_usd
1994-09-28,1.662,per_usd
1994-09-29,1.6584,per_usd
1994-09-30,1.6598,per_usd
1994-10-03,1.6592,per_usd
1994-10-04,1.6584,per_usd
1994-10-05,1.6586,per_usd
1994-10-06,1.6537,per_usd
1994-10-07,1.6543,per_usd
1994-10-11,1.6529,per_usd
1994-10-12,1.6518,per_usd
1994-10-13,1.6515,per_usd
1994-10-14,1.6499,per_usd
1994-10-17,1.6375,per_usd
1994-10-18,1.6359,per_usd
1994-10-19,1.6359,per_usd
1994-10-20,1.6327,per_usd
1994-10-21,1.634,per_usd
1994-10-24,1.6327,per_usd
1994-10-25,1.6332,per_usd
1994-10-26,1.6313,per_usd
1994-10-27,1.6287,per_usd
1994-10-28,1.6255,per_usd
1994-10-31,1.626,per_usd
1994-11-01,1.6255,per_usd
1994-11-02,1.6221,per_usd
1994-11-03,1.6268,per_usd
1994-11-04,1.6168,per_usd
1994-11-07,1.6121,per_usd
1994-11-08,1.609,per_usd
1994-11-09,1.6064,per_usd
1994-11-10,1.609,per_usd
1994-11-14,1.6129,per_usd
1994-11-15,1.6129,per_usd
1994-11-16,1.6142,per_usd
1994-11-17,1.6069,per_usd
1994-11-18,1.6026,per_usd
1994-11-21,1.6077,per_usd
1994-11-22,1.6051,per_usd
1994-11-23,1.6064,per_usd
1994-11-25,1.6111,per_usd
1994-11-28,1.6059,per_usd
1994-11-29,1.6044,per_usd
1994-11-30,1.5929,per_usd
1994-12-01,1.5876,per_usd
1994-12-02,1.5873,per_usd
1994-12-05,1.5873,per_usd
1994-12-06,1.581,per_usd
1994-12-07,1.5765,per_usd
1994-12-08,1.5803,per_usd
1994-12-09,1.5758,per_usd
1994-12-12,1.5743,per_usd
1994-12-13,1.5699,per_usd
1994-12-14,1.5662,per_usd
1994-12-15,1.5601,per_usd
1994-12-16,1.5649,per_usd
1994-12-19,1.5625,per_usd
1994-12-20,1.5664,per_usd
1994-12-21,1.5669,per_usd
1994-12-22,1.5613,per_usd
1994-12-23,1.5564,per_usd
1994-12-27,1.5564,per_usd
1994-12-28,1.5557,per_usd
1994-12-29,1.5564,per_usd
1994-12-30,1.562,per_usd
1995-01-03,1.5635,per_usd
1995-01-04,1.5672,per_usd
1995-01-05,1.5699,per_usd
1995-01-06,1.5704,per_usd
1995-01-09,1.5711,per_usd
1995-01-10,1.5613,per_usd
1995-01-11,1.5593,per_usd
1995-01-12,1.5601,per_usd
1995-01-13,1.5674,per_usd
1995-01-17,1.5645,per_usd
1995-01-18,1.5637,per_usd
1995-01-19,1.5584,per_usd
1995-01-20,1.5588,per_usd
1995-01-23,1.5545,per_usd
1995-01-24,1.5497,per_usd
1995-01-25,1.5521,per_usd
1995-01-26,1.5576,per_usd
1995-01-27,1.5623,per_usd
1995-01-30,1.5649,per_usd
1995-01-31,1.5654,per_usd
1995-02-01,1.5649,per_usd
1995-02-02,1.5613,per_usd
1995-02-03,1.5699,per_usd
1995-02-06,1.5835,per_usd
1995-02-07,1.5845,per_usd
1995-02-08,1.5868,per_usd
1995-02-09,1.5805,per_usd
1995-02-10,1.5768,per_usd
1995-02-13,1.5785,per_usd
1995-02-14,1.5803,per_usd
1995-02-15,1.5765,per_usd
1995-02-16,1.5755,per_usd
1995-02-17,1.5637,per_usd
1995-02-21,1.5736,per_usd
1995-02-22,1.5748,per_usd
1995-02-23,1.5815,per_usd
1995-02-24,1.582,per_usd
1995-02-27,1.5728,per_usd
1995-02-28,1.5785,per_usd
1995-03-01,1.579,per_usd
1995-03-02,1.576,per_usd
1995-03-03,1.5667,per_usd
1995-03-06,1.5547,per_usd
1995-03-07,1.5499,per_usd
1995-03-08,1.5523,per_usd
1995-03-09,1.548,per_usd
1995-03-10,1.5468,per_usd
1995-03-13,1.5368,per_usd
1995-03-14,1.5375,per_usd
1995-03-15,1.5373,per_usd
1995-03-16,1.5588,per_usd
1995-03-17,1.5473,per_usd
1995-03-20,1.5511,per_usd
1995-03-21,1.5468,per_usd
1995-03-22,1.5456,per_usd
1995-03-23,1.5427,per_usd
1995-03-24,1.5373,per_usd
1995-03-27,1.543,per_usd
1995-03-28,1.5427,per_usd
1995-03-29,1.5406,per_usd
1995-03-30,1.5392,per_usd
1995-03-31,1.527,per_usd
1995-04-03,1.5272,per_usd
1995-04-04,1.5267,per_usd
1995-04-05,1.5221,per_usd
1995-04-06,1.5198,per_usd
1995-04-07,1.5083,per_usd
1995-04-10,1.5049,per_usd
1995-04-11,1.5088,per_usd
1995-04-12,1.4993,per_usd
1995-04-13,1.4863,per_usd
1995-04-14,1.4881,per_usd
1995-04-17,1.4813,per_usd
1995-04-18,1.4885,per_usd
1995-04-19,1.4937,per_usd
1995-04-20,1.489,per_usd
1995-04-21,1.4881,per_usd
1995-04-24,1.4879,per_usd
1995-04-25,1.4843,per_usd
1995-04-26,1.5008,per_usd
1995-04-27,1.4843,per_usd
1995-04-28,1.4885,per_usd
1995-05-01,1.4828,per_usd
1995-05-02,1.4815,per_usd
1995-05-03,1.4789,per_usd
1995-05-04,1.4738,per_usd
1995-05-05,1.4808,per_usd
1995-05-08,1.4804,per_usd
1995-05-09,1.481,per_usd
1995-05-10,1.4896,per_usd
1995-05-11,1.4937,per_usd
1995-05-12,1.5106,per_usd
1995-05-15,1.5115,per_usd
1995-05-16,1.5088,per_usd
1995-05-17,1.5002,per_usd
1995-05-18,1.5129,per_usd
1995-05-19,1.5244,per_usd
1995-05-22,1.5207,per_usd
1995-05-23,1.5142,per_usd
1995-05-24,1.5179,per_usd
1995-05-25,1.506,per_usd
1995-05-26,1.4948,per_usd
1995-05-30,1.4986,per_usd
1995-05-31,1.5044,per_usd
1995-06-01,1.5122,per_usd
1995-06-02,1.4975,per_usd
1995-06-05,1.497,per_usd
1995-06-06,1.4919,per_usd
1995-06-07,1.4881,per_usd
1995-06-08,1.4919,per_usd
1995-06-09,1.497,per_usd
1995-06-12,1.4981,per_usd
1995-06-13,1.4941,per_usd
1995-06-14,1.4899,per_usd
1995-06-15,1.4954,per_usd
1995-06-16,1.4945,per_usd
1995-06-19,1.4899,per_usd
1995-06-20,1.4877,per_usd
1995-06-21,1.487,per_usd
1995-06-22,1.4914,per_usd
1995-06-23,1.4925,per_usd
1995-06-26,1.4881,per_usd
1995-06-27,1.4896,per_usd
1995-06-28,1.4966,per_usd
1995-06-29,1.4959,per_usd
1995-06-30,1.4959,per_usd
1995-07-03,1.4914,per_usd
1995-07-05,1.4894,per_usd
1995-07-06,1.4799,per_usd
1995-07-07,1.4762,per_usd
1995-07-10,1.4865,per_usd
1995-07-11,1.4848,per_usd
1995-07-12,1.4863,per_usd
1995-07-13,1.4802,per_usd
1995-07-14,1.4786,per_usd
1995-07-17,1.4826,per_usd
1995-07-18,1.4808,per_usd
1995-07-19,1.4804,per_usd
1995-07-20,1.4786,per_usd
1995-07-21,1.4824,per_usd
1995-07-24,1.4793,per_usd
1995-07-25,1.4789,per_usd
1995-07-26,1.4826,per_usd
1995-07-27,1.4932,per_usd
1995-07-28,1.4903,per_usd
1995-07-31,1.4841,per_usd
1995-08-01,1.4854,per_usd
1995-08-02,1.4912,per_usd
1995-08-03,1.4914,per_usd
1995-08-04,1.4937,per_usd
1995-08-07,1.4954,per_usd
1995-08-08,1.5026,per_usd
1995-08-09,1.5106,per_usd
1995-08-10,1.5214,per_usd
1995-08-11,1.5122,per_usd
1995-08-14,1.5065,per_usd
1995-08-15,1.5256,per_usd
1995-08-16,1.5378,per_usd
1995-08-17,1.548,per_usd
1995-08-18,1.5432,per_usd
1995-08-21,1.5373,per_usd
1995-08-22,1.5418,per_usd
1995-08-23,1.5444,per_usd
1995-08-24,1.554,per_usd
1995-08-25,1.5373,per_usd
1995-08-28,1.5323,per_usd
1995-08-29,1.5326,per_usd
1995-08-30,1.5385,per_usd
1995-08-31,1.538,per_usd
1995-09-01,1.5312,per_usd
1995-09-05,1.5326,per_usd
1995-09-06,1.5368,per_usd
1995-09-07,1.5349,per_usd
1995-09-08,1.5373,per_usd
1995-09-11,1.5361,per_usd
1995-09-12,1.5302,per_usd
1995-09-13,1.5249,per_usd
1995-09-14,1.5202,per_usd
1995-09-15,1.5207,per_usd
1995-09-18,1.5244,per_usd
1995-09-19,1.5202,per_usd
1995-09-20,1.514,per_usd
1995-09-21,1.5074,per_usd
1995-09-22,1.5083,per_usd
1995-09-25,1.5145,per_usd
1995-09-26,1.5211,per_usd
1995-09-27,1.5246,per_usd
1995-09-28,1.5267,per_usd
1995-09-29,1.5198,per_usd
1995-10-02,1.52,per_usd
1995-10-03,1.5244,per_usd
1995-10-04,1.5191,per_usd
1995-10-05,1.5152,per_usd
1995-10-06,1.511,per_usd
1995-10-10,1.5172,per_usd
1995-10-11,1.514,per_usd
1995-10-12,1.5119,per_usd
1995-10-13,1.5133,per_usd
1995-10-16,1.514,per_usd
1995-10-17,1.5198,per_usd
1995-10-18,1.5209,per_usd
1995-10-19,1.5198,per_usd
1995-10-20,1.5145,per_usd
1995-10-23,1.5129,per_usd
1995-10-24,1.5175,per_usd
1995-10-25,1.5256,per_usd
1995-10-26,1.523,per_usd
1995-10-27,1.5232,per_usd
1995-10-30,1.5152,per_usd
1995-10-31,1.5152,per_usd
1995-11-01,1.5267,per_usd
1995-11-02,1.5244,per_usd
1995-11-03,1.5279,per_usd
1995-11-06,1.5267,per_usd
1995-11-07,1.5291,per_usd
1995-11-08,1.5314,per_usd
1995-11-09,1.5349,per_usd
1995-11-10,1.5314,per_usd
1995-11-13,1.5366,per_usd
1995-11-14,1.538,per_usd
1995-11-15,1.5458,per_usd
1995-11-16,1.5451,per_usd
1995-11-17,1.5444,per_usd
1995-11-20,1.5359,per_usd
1995-11-21,1.5309,per_usd
1995-11-22,1.5326,per_usd
1995-11-24,1.5354,per_usd
1995-11-27,1.5363,per_usd
1995-11-28,1.5256,per_usd
1995-11-29,1.526,per_usd
1995-11-30,1.5321,per_usd
1995-12-01,1.542,per_usd
1995-12-04,1.5432,per_usd
1995-12-05,1.5468,per_usd
1995-12-06,1.5461,per_usd
1995-12-07,1.5456,per_usd
1995-12-08,1.548,per_usd
1995-12-11,1.5473,per_usd
1995-12-12,1.5501,per_usd
1995-12-13,1.5468,per_usd
1995-12-14,1.5314,per_usd
1995-12-15,1.5342,per_usd
1995-12-18,1.5326,per_usd
1995-12-19,1.5326,per_usd
1995-12-20,1.533,per_usd
1995-12-21,1.533,per_usd
1995-12-22,1.5366,per_usd
1995-12-26,1.5349,per_usd
1995-12-27,1.5281,per_usd
1995-12-28,1.53,per_usd
1995-12-29,1.5298,per_usd
1996-01-02,1.5302,per_usd
1996-01-03,1.5281,per_usd
1996-01-04,1.5281,per_usd
1996-01-05,1.5209,per_usd
1996-01-08,1.5165,per_usd
1996-01-09,1.5186,per_usd
1996-01-10,1.5198,per_usd
1996-01-11,1.5186,per_usd
1996-01-12,1.5101,per_usd
1996-01-16,1.5083,per_usd
1996-01-17,1.5101,per_usd
1996-01-18,1.5101,per_usd
1996-01-19,1.5033,per_usd
1996-01-22,1.5049,per_usd
1996-01-23,1.5106,per_usd
1996-01-24,1.5029,per_usd
1996-01-25,1.4997,per_usd
1996-01-26,1.4997,per_usd
1996-01-29,1.4988,per_usd
1996-01-30,1.4993,per_usd
1996-01-31,1.4877,per_usd
1996-02-01,1.4815,per_usd
1996-02-02,1.4784,per_usd
1996-02-05,1.4786,per_usd
1996-02-06,1.4786,per_usd
1996-02-07,1.4865,per_usd
1996-02-08,1.4837,per_usd
1996-02-09,1.4826,per_usd
1996-02-12,1.4852,per_usd
1996-02-13,1.4859,per_usd
1996-02-14,1.4821,per_usd
1996-02-15,1.4793,per_usd
1996-02-16,1.4743,per_usd
1996-02-20,1.4745,per_usd
1996-02-21,1.4789,per_usd
1996-02-22,1.4826,per_usd
1996-02-23,1.4782,per_usd
1996-02-26,1.4786,per_usd
1996-02-27,1.4839,per_usd
1996-02-28,1.4932,per_usd
1996-02-29,1.4857,per_usd
1996-03-01,1.4846,per_usd
1996-03-04,1.4861,per_usd
1996-03-05,1.4815,per_usd
1996-03-06,1.4815,per_usd
1996-03-07,1.4868,per_usd
1996-03-08,1.4804,per_usd
1996-03-11,1.4723,per_usd
1996-03-12,1.4631,per_usd
1996-03-13,1.4631,per_usd
1996-03-14,1.4514,per_usd
1996-03-15,1.4641,per_usd
1996-03-18,1.4684,per_usd
1996-03-19,1.4661,per_usd
1996-03-20,1.4584,per_usd
1996-03-21,1.4558,per_usd
1996-03-22,1.4558,per_usd
1996-03-25,1.456,per_usd
1996-03-26,1.4652,per_usd
1996-03-27,1.4646,per_usd
1996-03-28,1.4743,per_usd
1996-03-29,1.4691,per_usd
1996-04-01,1.4599,per_usd
1996-04-02,1.4616,per_usd
1996-04-03,1.4678,per_usd
1996-04-04,1.4678,per_usd
1996-04-05,1.4652,per_usd
1996-04-08,1.4635,per_usd
1996-04-09,1.4663,per_usd
1996-04-10,1.4684,per_usd
1996-04-11,1.4786,per_usd
1996-04-12,1.4771,per_usd
1996-04-15,1.4743,per_usd
1996-04-16,1.4738,per_usd
1996-04-17,1.4665,per_usd
1996-04-18,1.4616,per_usd
1996-04-19,1.4588,per_usd
1996-04-22,1.4567,per_usd
1996-04-23,1.4646,per_usd
1996-04-24,1.4667,per_usd
1996-04-25,1.4652,per_usd
1996-04-26,1.462,per_usd
1996-04-29,1.4567,per_usd
1996-04-30,1.4558,per_usd
1996-05-01,1.4601,per_usd
1996-05-02,1.4514,per_usd
1996-05-03,1.4588,per_usd
1996-05-06,1.4565,per_usd
1996-05-07,1.4522,per_usd
1996-05-08,1.4535,per_usd
1996-05-09,1.4545,per_usd
1996-05-10,1.4482,per_usd
1996-05-13,1.4545,per_usd
1996-05-14,1.452,per_usd
1996-05-15,1.4552,per_usd
1996-05-16,1.4552,per_usd
1996-05-17,1.4577,per_usd
1996-05-20,1.4656,per_usd
1996-05-21,1.4652,per_usd
1996-05-22,1.4637,per_usd
1996-05-23,1.4616,per_usd
1996-05-24,1.4635,per_usd
1996-05-28,1.459,per_usd
1996-05-29,1.4603,per_usd
1996-05-30,1.4639,per_usd
1996-05-31,1.4717,per_usd
1996-06-03,1.4695,per_usd
1996-06-04,1.4749,per_usd
1996-06-05,1.4778,per_usd
1996-06-06,1.4975,per_usd
1996-06-07,1.4941,per_usd
1996-06-10,1.4863,per_usd
1996-06-11,1.4857,per_usd
1996-06-12,1.4865,per_usd
1996-06-13,1.4872,per_usd
1996-06-14,1.4832,per_usd
1996-06-17,1.4819,per_usd
1996-06-18,1.4817,per_usd
1996-06-19,1.4765,per_usd
1996-06-20,1.4736,per_usd
1996-06-21,1.4734,per_usd
1996-06-24,1.4771,per_usd
1996-06-25,1.471,per_usd
1996-06-26,1.4656,per_usd
1996-06-27,1.4641,per_usd
1996-06-28,1.4577,per_usd
1996-07-01,1.4607,per_usd
1996-07-02,1.4613,per_usd
1996-07-03,1.4656,per_usd
1996-07-05,1.4535,per_usd
1996-07-08,1.4518,per_usd
1996-07-09,1.4545,per_usd
1996-07-10,1.4535,per_usd
1996-07-11,1.4524,per_usd
1996-07-12,1.4545,per_usd
1996-07-15,1.459,per_usd
1996-07-16,1.4526,per_usd
1996-07-17,1.4524,per_usd
1996-07-18,1.4516,per_usd
1996-07-19,1.443,per_usd
1996-07-22,1.4384,per_usd
1996-07-23,1.443,per_usd
1996-07-24,1.4368,per_usd
1996-07-25,1.4347,per_usd
1996-07-26,1.4347,per_usd
1996-07-29,1.4391,per_usd
1996-07-30,1.4405,per_usd
1996-07-31,1.451,per_usd
1996-08-01,1.4637,per_usd
1996-08-02,1.4635,per_usd
1996-08-05,1.4628,per_usd
1996-08-06,1.4545,per_usd
1996-08-07,1.4552,per_usd
1996-08-08,1.455,per_usd
1996-08-09,1.4531,per_usd
1996-08-12,1.4584,per_usd
1996-08-13,1.4616,per_usd
1996-08-14,1.4588,per_usd
1996-08-15,1.4554,per_usd
1996-08-16,1.4514,per_usd
1996-08-19,1.4514,per_usd
1996-08-20,1.4495,per_usd
1996-08-21,1.4451,per_usd
1996-08-22,1.4465,per_usd
1996-08-23,1.4409,per_usd
1996-08-26,1.4403,per_usd
1996-08-27,1.4451,per_usd
1996-08-28,1.4451,per_usd
1996-08-29,1.4434,per_usd
1996-08-30,1.4493,per_usd
1996-09-03,1.4455,per_usd
1996-09-04,1.4447,per_usd
1996-09-05,1.4411,per_usd
1996-09-06,1.4407,per_usd
1996-09-09,1.4382,per_usd
1996-09-10,1.4401,per_usd
1996-09-11,1.4347,per_usd
1996-09-12,1.4395,per_usd
1996-09-13,1.4378,per_usd
1996-09-16,1.4399,per_usd
1996-09-17,1.431,per_usd
1996-09-18,1.4243,per_usd
1996-09-19,1.4296,per_usd
1996-09-20,1.4459,per_usd
1996-09-23,1.4325,per_usd
1996-09-24,1.4331,per_usd
1996-09-25,1.4314,per_usd
1996-09-26,1.4296,per_usd
1996-09-27,1.4294,per_usd
1996-09-30,1.4306,per_usd
1996-10-01,1.4296,per_usd
1996-10-02,1.4302,per_usd
1996-10-03,1.4312,per_usd
1996-10-04,1.4298,per_usd
1996-10-07,1.4447,per_usd
1996-10-08,1.4461,per_usd
1996-10-09,1.4505,per_usd
1996-10-10,1.4447,per_usd
1996-10-11,1.4426,per_usd
1996-10-15,1.4358,per_usd
1996-10-16,1.4358,per_usd
1996-10-17,1.4282,per_usd
1996-10-18,1.4154,per_usd
1996-10-21,1.4023,per_usd
1996-10-22,1.4088,per_usd
1996-10-23,1.4081,per_usd
1996-10-24,1.4269,per_usd
1996-10-25,1.4225,per_usd
1996-10-28,1.4176,per_usd
1996-10-29,1.4174,per_usd
1996-10-30,1.4168,per_usd
1996-10-31,1.4144,per_usd
1996-11-01,1.4118,per_usd
1996-11-04,1.4114,per_usd
1996-11-05,1.4075,per_usd
1996-11-06,1.4059,per_usd
1996-11-07,1.416,per_usd
1996-11-08,1.4102,per_usd
1996-11-12,1.4148,per_usd
1996-11-13,1.4085,per_usd
1996-11-14,1.4045,per_usd
1996-11-15,1.4168,per_usd
1996-11-18,1.4108,per_usd
1996-11-19,1.4059,per_usd
1996-11-20,1.4088,per_usd
1996-11-21,1.4045,per_usd
1996-11-22,1.399,per_usd
1996-11-25,1.4039,per_usd
1996-11-26,1.4108,per_usd
1996-11-27,1.412,per_usd
1996-11-29,1.4069,per_usd
1996-12-02,1.4059,per_usd
1996-12-03,1.4154,per_usd
1996-12-04,1.4045,per_usd
1996-12-05,1.4225,per_usd
1996-12-06,1.4221,per_usd
1996-12-09,1.4144,per_usd
1996-12-10,1.4316,per_usd
1996-12-11,1.4378,per_usd
1996-12-12,1.4273,per_usd
1996-12-13,1.4255,per_usd
1996-12-16,1.4327,per_usd
1996-12-17,1.413,per_usd
1996-12-18,1.4174,per_usd
1996-12-19,1.4138,per_usd
1996-12-20,1.4118,per_usd
1996-12-23,1.4134,per_usd
1996-12-24,1.414,per_usd
1996-12-26,1.4164,per_usd
1996-12-27,1.4154,per_usd
1996-12-30,1.4174,per_usd
1996-12-31,1.4154,per_usd
1997-01-02,1.414,per_usd
1997-01-03,1.4134,per_usd
1997-01-06,1.4122,per_usd
1997-01-07,1.409,per_usd
1997-01-08,1.415,per_usd
1997-01-09,1.4154,per_usd
1997-01-10,1.4184,per_usd
1997-01-13,1.4215,per_usd
1997-01-14,1.4225,per_usd
1997-01-15,1.4211,per_usd
1997-01-16,1.4156,per_usd
1997-01-17,1.4114,per_usd
1997-01-21,1.4203,per_usd
1997-01-22,1.4201,per_usd
1997-01-23,1.4353,per_usd
1997-01-24,1.442,per_usd
1997-01-27,1.4493,per_usd
1997-01-28,1.4548,per_usd
1997-01-29,1.4529,per_usd
1997-01-30,1.4493,per_usd
1997-01-31,1.4524,per_usd
1997-02-03,1.4531,per_usd
1997-02-04,1.4497,per_usd
1997-02-05,1.4474,per_usd
1997-02-06,1.4524,per_usd
1997-02-07,1.4631,per_usd
1997-02-10,1.4616,per_usd
1997-02-11,1.4543,per_usd
1997-02-12,1.4556,per_usd
1997-02-13,1.4397,per_usd
1997-02-14,1.442,per_usd
1997-02-18,1.4505,per_usd
1997-02-19,1.4493,per_usd
1997-02-20,1.4413,per_usd
1997-02-21,1.4409,per_usd
1997-02-24,1.4347,per_usd
1997-02-25,1.4358,per_usd
1997-02-26,1.4405,per_usd
1997-02-27,1.4476,per_usd
1997-02-28,1.4443,per_usd
1997-03-03,1.4271,per_usd
1997-03-04,1.4205,per_usd
1997-03-05,1.4235,per_usd
1997-03-06,1.4223,per_usd
1997-03-07,1.4205,per_usd
1997-03-10,1.4233,per_usd
1997-03-11,1.4194,per_usd
1997-03-12,1.4205,per_usd
1997-03-13,1.4296,per_usd
1997-03-14,1.4312,per_usd
1997-03-17,1.4393,per_usd
1997-03-18,1.4415,per_usd
1997-03-19,1.4486,per_usd
1997-03-20,1.4463,per_usd
1997-03-21,1.4449,per_usd
1997-03-24,1.4339,per_usd
1997-03-25,1.4378,per_usd
1997-03-26,1.4422,per_usd
1997-03-27,1.4403,per_usd
1997-03-28,1.4399,per_usd
1997-03-31,1.4395,per_usd
1997-04-01,1.4341,per_usd
1997-04-02,1.4362,per_usd
1997-04-03,1.4436,per_usd
1997-04-04,1.4482,per_usd
1997-04-07,1.451,per_usd
1997-04-08,1.4522,per_usd
1997-04-09,1.442,per_usd
1997-04-10,1.4459,per_usd
1997-04-11,1.4413,per_usd
1997-04-14,1.4451,per_usd
1997-04-15,1.455,per_usd
1997-04-16,1.4556,per_usd
1997-04-17,1.4507,per_usd
1997-04-18,1.4461,per_usd
1997-04-21,1.4413,per_usd
1997-04-22,1.4413,per_usd
1997-04-23,1.4434,per_usd
1997-04-24,1.4451,per_usd
1997-04-25,1.442,per_usd
1997-04-28,1.4391,per_usd
1997-04-29,1.4409,per_usd
1997-04-30,1.443,per_usd
1997-05-01,1.4514,per_usd
1997-05-02,1.4482,per_usd
1997-05-05,1.4524,per_usd
1997-05-06,1.4556,per_usd
1997-05-07,1.4605,per_usd
1997-05-08,1.4582,per_usd
1997-05-09,1.4541,per_usd
1997-05-12,1.4388,per_usd
1997-05-13,1.4399,per_usd
1997-05-14,1.4376,per_usd
1997-05-15,1.4364,per_usd
1997-05-16,1.443,per_usd
1997-05-19,1.4457,per_usd
1997-05-20,1.4451,per_usd
1997-05-21,1.4382,per_usd
1997-05-22,1.442,per_usd
1997-05-23,1.4489,per_usd
1997-05-27,1.4476,per_usd
1997-05-28,1.4501,per_usd
1997-05-29,1.4489,per_usd
1997-05-30,1.4503,per_usd
1997-06-02,1.4537,per_usd
1997-06-03,1.4524,per_usd
1997-06-04,1.452,per_usd
1997-06-05,1.4567,per_usd
1997-06-06,1.4524,per_usd
1997-06-09,1.4489,per_usd
1997-06-10,1.4461,per_usd
1997-06-11,1.4482,per_usd
1997-06-12,1.4478,per_usd
1997-06-13,1.4503,per_usd
1997-06-16,1.4493,per_usd
1997-06-17,1.4505,per_usd
1997-06-18,1.4503,per_usd
1997-06-19,1.4562,per_usd
1997-06-20,1.4599,per_usd
1997-06-23,1.4648,per_usd
1997-06-24,1.462,per_usd
1997-06-25,1.4603,per_usd
1997-06-26,1.4552,per_usd
1997-06-27,1.473,per_usd
1997-06-30,1.4728,per_usd
1997-07-01,1.4749,per_usd
1997-07-02,1.4749,per_usd
1997-07-03,1.476,per_usd
1997-07-07,1.4826,per_usd
1997-07-08,1.4799,per_usd
1997-07-09,1.4859,per_usd
1997-07-10,1.4872,per_usd
1997-07-11,1.4932,per_usd
1997-07-14,1.5026,per_usd
1997-07-15,1.5083,per_usd
1997-07-16,1.517,per_usd
1997-07-17,1.5251,per_usd
1997-07-18,1.533,per_usd
1997-07-21,1.5305,per_usd
1997-07-22,1.5437,per_usd
1997-07-23,1.5392,per_usd
1997-07-24,1.5314,per_usd
1997-07-25,1.5326,per_usd
1997-07-28,1.5601,per_usd
1997-07-29,1.5396,per_usd
1997-07-30,1.538,per_usd
1997-07-31,1.5389,per_usd
1997-08-01,1.5545,per_usd
1997-08-04,1.5552,per_usd
1997-08-05,1.5509,per_usd
1997-08-06,1.5642,per_usd
1997-08-07,1.5662,per_usd
1997-08-08,1.5691,per_usd
1997-08-11,1.5581,per_usd
1997-08-12,1.5674,per_usd
1997-08-13,1.5591,per_usd
1997-08-14,1.5588,per_usd
1997-08-15,1.5574,per_usd
1997-08-18,1.554,per_usd
1997-08-19,1.5521,per_usd
1997-08-20,1.5618,per_usd
1997-08-21,1.5618,per_usd
1997-08-22,1.5456,per_usd
1997-08-25,1.5468,per_usd
1997-08-26,1.548,per_usd
1997-08-27,1.554,per_usd
1997-08-28,1.5545,per_usd
1997-08-29,1.5662,per_usd
1997-09-02,1.5785,per_usd
1997-09-03,1.5768,per_usd
1997-09-04,1.5679,per_usd
1997-09-05,1.5721,per_usd
1997-09-08,1.5689,per_usd
1997-09-09,1.5723,per_usd
1997-09-10,1.5728,per_usd
1997-09-11,1.5798,per_usd
1997-09-12,1.5773,per_usd
1997-09-15,1.5723,per_usd
1997-09-16,1.578,per_usd
1997-09-17,1.5716,per_usd
1997-09-18,1.586,per_usd
1997-09-19,1.5785,per_usd
1997-09-22,1.5755,per_usd
1997-09-23,1.5723,per_usd
1997-09-24,1.5662,per_usd
1997-09-25,1.5593,per_usd
1997-09-26,1.5596,per_usd
1997-09-29,1.5686,per_usd
1997-09-30,1.563,per_usd
1997-10-01,1.5564,per_usd
1997-10-02,1.5559,per_usd
1997-10-03,1.5588,per_usd
1997-10-06,1.5699,per_usd
1997-10-07,1.5601,per_usd
1997-10-08,1.5588,per_usd
1997-10-09,1.5521,per_usd
1997-10-10,1.548,per_usd
1997-10-14,1.5482,per_usd
1997-10-15,1.5516,per_usd
1997-10-16,1.5504,per_usd
1997-10-17,1.5596,per_usd
1997-10-20,1.5601,per_usd
1997-10-21,1.5711,per_usd
1997-10-22,1.5987,per_usd
1997-10-23,1.6064,per_usd
1997-10-24,1.6103,per_usd
1997-10-27,1.6044,per_usd
1997-10-28,1.5949,per_usd
1997-10-29,1.5962,per_usd
1997-10-30,1.6038,per_usd
1997-10-31,1.6064,per_usd
1997-11-03,1.5803,per_usd
1997-11-04,1.5954,per_usd
1997-11-05,1.6,per_usd
1997-11-06,1.6013,per_usd
1997-11-07,1.6026,per_usd
1997-11-10,1.5936,per_usd
1997-11-12,1.6013,per_usd
1997-11-13,1.5987,per_usd
1997-11-14,1.6013,per_usd
1997-11-17,1.5939,per_usd
1997-11-18,1.5924,per_usd
1997-11-19,1.6077,per_usd
1997-11-20,1.6111,per_usd
1997-11-21,1.5987,per_usd
1997-11-24,1.6044,per_usd
1997-11-25,1.6155,per_usd
1997-11-26,1.6176,per_usd
1997-11-28,1.6223,per_usd
1997-12-01,1.6415,per_usd
1997-12-02,1.6483,per_usd
1997-12-03,1.6529,per_usd
1997-12-04,1.6592,per_usd
1997-12-05,1.6667,per_usd
1997-12-08,1.6706,per_usd
1997-12-09,1.675,per_usd
1997-12-10,1.6667,per_usd
1997-12-11,1.6793,per_usd
1997-12-12,1.6779,per_usd
1997-12-15,1.692,per_usd
1997-12-16,1.7271,per_usd
1997-12-17,1.7036,per_usd
1997-12-18,1.7114,per_usd
1997-12-19,1.7212,per_usd
1997-12-22,1.7277,per_usd
1997-12-23,1.7138,per_usd
1997-12-24,1.71,per_usd
1997-12-26,1.7123,per_usd
1997-12-29,1.7138,per_usd
1997-12-30,1.7173,per_usd
1997-12-31,1.7232,per_usd
1998-01-02,1.7331,per_usd
1998-01-05,1.7575,per_usd
1998-01-06,1.7683,per_usd
1998-01-07,1.7569,per_usd
1998-01-08,1.7643,per_usd
1998-01-09,1.7467,per_usd
1998-01-12,1.7528,per_usd
1998-01-13,1.7452,per_usd
1998-01-14,1.7331,per_usd
1998-01-15,1.728,per_usd
1998-01-16,1.6998,per_usd
1998-01-20,1.7094,per_usd
1998-01-21,1.7197,per_usd
1998-01-22,1.7176,per_usd
1998-01-23,1.7212,per_usd
1998-01-26,1.7065,per_usd
1998-01-27,1.6855,per_usd
1998-01-28,1.6835,per_usd
1998-01-29,1.7007,per_usd
1998-01-30,1.705,per_usd
1998-02-02,1.6906,per_usd
1998-02-03,1.7056,per_usd
1998-02-04,1.7021,per_usd
1998-02-05,1.7056,per_usd
1998-02-06,1.7173,per_usd
1998-02-09,1.7132,per_usd
1998-02-10,1.692,per_usd
1998-02-11,1.7036,per_usd
1998-02-12,1.7117,per_usd
1998-02-13,1.717,per_usd
1998-02-17,1.7256,per_usd
1998-02-18,1.7262,per_usd
1998-02-19,1.7088,per_usd
1998-02-20,1.7283,per_usd
1998-02-23,1.7361,per_usd
1998-02-24,1.7355,per_usd
1998-02-25,1.7358,per_usd
1998-02-26,1.7325,per_usd
1998-02-27,1.7123,per_usd
1998-03-02,1.7021,per_usd
1998-03-03,1.7036,per_usd
1998-03-04,1.7153,per_usd
1998-03-05,1.7271,per_usd
1998-03-06,1.7301,per_usd
1998-03-09,1.7253,per_usd
1998-03-10,1.7147,per_usd
1998-03-11,1.7286,per_usd
1998-03-12,1.7221,per_usd
1998-03-13,1.7059,per_usd
1998-03-16,1.7167,per_usd
1998-03-17,1.7173,per_usd
1998-03-18,1.7668,per_usd
1998-03-19,1.7753,per_usd
1998-03-20,1.7762,per_usd
1998-03-23,1.7825,per_usd
1998-03-24,1.7787,per_usd
1998-03-25,1.7775,per_usd
1998-03-26,1.774,per_usd
1998-03-27,1.7794,per_usd
1998-03-30,1.8064,per_usd
1998-03-31,1.8103,per_usd
1998-04-01,1.8215,per_usd
1998-04-02,1.8205,per_usd
1998-04-03,1.8142,per_usd
1998-04-06,1.8175,per_usd
1998-04-07,1.8232,per_usd
1998-04-08,1.8248,per_usd
1998-04-09,1.81,per_usd
1998-04-10,1.8064,per_usd
1998-04-13,1.8116,per_usd
1998-04-14,1.8215,per_usd
1998-04-15,1.8123,per_usd
1998-04-16,1.8073,per_usd
1998-04-17,1.7921,per_usd
1998-04-20,1.8034,per_usd
1998-04-21,1.7867,per_usd
1998-04-22,1.7879,per_usd
1998-04-23,1.7809,per_usd
1998-04-24,1.7873,per_usd
1998-04-27,1.8054,per_usd
1998-04-28,1.8139,per_usd
1998-04-29,1.8083,per_usd
1998-04-30,1.8002,per_usd
1998-05-01,1.8012,per_usd
1998-05-04,1.8067,per_usd
1998-05-05,1.8132,per_usd
1998-05-06,1.8349,per_usd
1998-05-07,1.8392,per_usd
1998-05-08,1.8355,per_usd
1998-05-11,1.8484,per_usd
1998-05-12,1.8639,per_usd
1998-05-13,1.8709,per_usd
1998-05-14,1.8762,per_usd
1998-05-15,1.8685,per_usd
1998-05-18,1.8783,per_usd
1998-05-19,1.8825,per_usd
1998-05-20,1.8786,per_usd
1998-05-21,1.8692,per_usd
1998-05-22,1.8674,per_usd
1998-05-26,1.8744,per_usd
1998-05-27,1.8762,per_usd
1998-05-28,1.8779,per_usd
1998-05-29,1.8664,per_usd
1998-06-01,1.8939,per_usd
1998-06-02,1.9102,per_usd
1998-06-03,1.9066,per_usd
1998-06-04,1.9066,per_usd
1998-06-05,1.9493,per_usd
1998-06-08,1.9646,per_usd
1998-06-09,1.9685,per_usd
1998-06-10,2.0161,per_usd
1998-06-11,2.0109,per_usd
1998-06-12,1.9948,per_usd
1998-06-15,2.0161,per_usd
1998-06-16,2.0149,per_usd
1998-06-17,1.9331,per_usd
1998-06-18,1.9324,per_usd
1998-06-19,1.8875,per_usd
1998-06-22,1.932,per_usd
1998-06-23,1.9666,per_usd
1998-06-24,1.9357,per_usd
1998-06-25,1.9459,per_usd
1998-06-26,1.9763,per_usd
1998-06-29,1.9751,per_usd
1998-06-30,1.9231,per_usd
1998-07-01,1.9324,per_usd
1998-07-02,1.9512,per_usd
1998-07-03,1.9249,per_usd
1998-07-06,1.938,per_usd
1998-07-07,1.9212,per_usd
1998-07-08,1.9357,per_usd
1998-07-09,1.9501,per_usd
1998-07-10,1.9455,per_usd
1998-07-13,1.9331,per_usd
1998-07-14,1.9029,per_usd
1998-07-15,1.9139,per_usd
1998-07-16,1.8986,per_usd
1998-07-17,1.8975,per_usd
1998-07-20,1.8975,per_usd
1998-07-21,1.9044,per_usd
1998-07-22,1.9209,per_usd
1998-07-23,1.9342,per_usd
1998-07-24,1.9249,per_usd
1998-07-27,1.9569,per_usd
1998-07-28,1.9463,per_usd
1998-07-29,1.9474,per_usd
1998-07-30,1.9331,per_usd
1998-07-31,1.955,per_usd
1998-08-03,1.9627,per_usd
1998-08-04,1.9474,per_usd
1998-08-05,1.9361,per_usd
1998-08-06,1.9474,per_usd
1998-08-07,1.9646,per_usd
1998-08-10,1.9728,per_usd
1998-08-11,1.9948,per_usd
1998-08-12,1.9893,per_usd
1998-08-13,1.9849,per_usd
1998-08-14,1.9849,per_usd
1998-08-17,1.9849,per_usd
1998-08-18,1.9893,per_usd
1998-08-19,1.9849,per_usd
1998-08-20,2.006,per_usd
1998-08-21,2.0305,per_usd
1998-08-24,2.0367,per_usd
1998-08-25,2.0358,per_usd
1998-08-26,2.0471,per_usd
1998-08-27,2.067,per_usd
1998-08-28,2.0292,per_usd
1998-08-31,2.0202,per_usd
1998-09-01,1.9712,per_usd
1998-09-02,1.9861,per_usd
1998-09-03,1.998,per_usd
1998-09-04,1.9755,per_usd
1998-09-08,1.9619,per_usd
1998-09-09,1.9704,per_usd
1998-09-10,1.9399,per_usd
1998-09-11,1.9194,per_usd
1998-09-14,1.947,per_usd
1998-09-15,1.9455,per_usd
1998-09-16,1.9704,per_usd
1998-09-17,1.9635,per_usd
1998-09-18,1.9841,per_usd
1998-09-21,1.998,per_usd
1998-09-22,2.0161,per_usd
1998-09-23,2.0387,per_usd
1998-09-24,2.0247,per_usd
1998-09-25,2.0129,per_usd
1998-09-28,2.0263,per_usd
1998-09-29,1.99,per_usd
1998-09-30,2,per_usd
1998-10-01,1.9881,per_usd
1998-10-02,2.0052,per_usd
1998-10-05,2.0129,per_usd
1998-10-06,2.0284,per_usd
1998-10-07,1.9558,per_usd
1998-10-08,1.9249,per_usd
1998-10-09,1.9212,per_usd
1998-10-13,1.8484,per_usd
1998-10-14,1.8536,per_usd
1998-10-15,1.8825,per_usd
1998-10-16,1.8667,per_usd
1998-10-19,1.8692,per_usd
1998-10-20,1.9001,per_usd
1998-10-21,1.9011,per_usd
1998-10-22,1.9029,per_usd
1998-10-23,1.9037,per_usd
1998-10-26,1.9139,per_usd
1998-10-27,1.9223,per_usd
1998-10-28,1.9157,per_usd
1998-10-29,1.9019,per_usd
1998-10-30,1.8886,per_usd
1998-11-02,1.885,per_usd
1998-11-03,1.8857,per_usd
1998-11-04,1.8758,per_usd
1998-11-05,1.8536,per_usd
1998-11-06,1.857,per_usd
1998-11-09,1.8657,per_usd
1998-11-10,1.8939,per_usd
1998-11-12,1.8886,per_usd
1998-11-13,1.8594,per_usd
1998-11-16,1.857,per_usd
1998-11-17,1.8709,per_usd
1998-11-18,1.8553,per_usd
1998-11-19,1.8477,per_usd
1998-11-20,1.8622,per_usd
1998-11-23,1.8779,per_usd
1998-11-24,1.8734,per_usd
1998-11-25,1.8815,per_usd
1998-11-27,1.8921,per_usd
1998-11-30,1.8975,per_usd
1998-12-01,1.9066,per_usd
1998-12-02,1.8957,per_usd
1998-12-03,1.9113,per_usd
1998-12-04,1.9183,per_usd
1998-12-07,1.9179,per_usd
1998-12-08,1.9286,per_usd
1998-12-09,1.9399,per_usd
1998-12-10,1.9179,per_usd
1998-12-11,1.9139,per_usd
1998-12-14,1.9194,per_usd
1998-12-15,1.915,per_usd
1998-12-16,1.9157,per_usd
1998-12-17,1.9055,per_usd
1998-12-18,1.9175,per_usd
1998-12-21,1.9231,per_usd
1998-12-22,1.9294,per_usd
1998-12-23,1.9095,per_usd
1998-12-24,1.9102,per_usd
1998-12-28,1.9231,per_usd
1998-12-29,1.9073,per_usd
1998-12-30,1.9004,per_usd
1998-12-31,1.8975,per_usd
1999-01-04,1.8727,per_usd
1999-01-05,1.8622,per_usd
1999-01-06,1.857,per_usd
1999-01-07,1.8501,per_usd
1999-01-08,1.8519,per_usd
1999-01-11,1.8288,per_usd
1999-01-12,1.8268,per_usd
1999-01-13,1.8484,per_usd
1999-01-14,1.8553,per_usd
1999-01-15,1.8501,per_usd
1999-01-19,1.8646,per_usd
1999-01-20,1.8519,per_usd
1999-01-21,1.846,per_usd
1999-01-22,1.8639,per_usd
1999-01-25,1.8723,per_usd
1999-01-26,1.8667,per_usd
1999-01-27,1.8657,per_usd
1999-01-28,1.872,per_usd
1999-01-29,1.8563,per_usd
1999-02-01,1.8416,per_usd
1999-02-02,1.8349,per_usd
1999-02-03,1.8182,per_usd
1999-02-04,1.8067,per_usd
1999-02-05,1.8155,per_usd
1999-02-08,1.7867,per_usd
1999-02-09,1.8031,per_usd
1999-02-10,1.8149,per_usd
1999-02-11,1.8146,per_usd
1999-02-12,1.8205,per_usd
1999-02-16,1.858,per_usd
1999-02-17,1.8612,per_usd
1999-02-18,1.856,per_usd
1999-02-19,1.8477,per_usd
1999-02-22,1.845,per_usd
1999-02-23,1.8612,per_usd
1999-02-24,1.8832,per_usd
1999-02-25,1.8983,per_usd
1999-02-26,1.9048,per_usd
1999-03-01,1.9095,per_usd
1999-03-02,1.8936,per_usd
1999-03-03,1.8914,per_usd
1999-03-04,1.8947,per_usd
1999-03-05,1.8815,per_usd
1999-03-08,1.8779,per_usd
1999-03-09,1.8706,per_usd
1999-03-10,1.8685,per_usd
1999-03-11,1.8727,per_usd
1999-03-12,1.8727,per_usd
1999-03-15,1.8779,per_usd
1999-03-16,1.89,per_usd
1999-03-17,1.8975,per_usd
1999-03-18,1.8797,per_usd
1999-03-19,1.8843,per_usd
1999-03-22,1.8748,per_usd
1999-03-23,1.8639,per_usd
1999-03-24,1.8505,per_usd
1999-03-25,1.8612,per_usd
1999-03-26,1.8657,per_usd
1999-03-29,1.8741,per_usd
1999-03-30,1.8839,per_usd
1999-03-31,1.8727,per_usd
1999-04-01,1.8709,per_usd
1999-04-02,1.8744,per_usd
1999-04-05,1.8779,per_usd
1999-04-06,1.8868,per_usd
1999-04-07,1.8829,per_usd
1999-04-08,1.8868,per_usd
1999-04-09,1.8681,per_usd
1999-04-12,1.8433,per_usd
1999-04-13,1.8491,per_usd
1999-04-14,1.845,per_usd
1999-04-15,1.8525,per_usd
1999-04-16,1.8332,per_usd
1999-04-19,1.8238,per_usd
1999-04-20,1.8232,per_usd
1999-04-21,1.8285,per_usd
1999-04-22,1.8265,per_usd
1999-04-23,1.8248,per_usd
1999-04-26,1.8268,per_usd
1999-04-27,1.8215,per_usd
1999-04-28,1.8142,per_usd
1999-04-29,1.8002,per_usd
1999-04-30,1.7841,per_usd
1999-05-03,1.7825,per_usd
1999-05-04,1.7899,per_usd
1999-05-05,1.7937,per_usd
1999-05-06,1.7746,per_usd
1999-05-07,1.786,per_usd
1999-05-10,1.7857,per_usd
1999-05-11,1.779,per_usd
1999-05-12,1.7857,per_usd
1999-05-13,1.7873,per_usd
1999-05-14,1.7928,per_usd
1999-05-17,1.7883,per_usd
1999-05-18,1.78,per_usd
1999-05-19,1.8119,per_usd
1999-05-20,1.8248,per_usd
1999-05-21,1.8352,per_usd
1999-05-24,1.8298,per_usd
1999-05-25,1.8399,per_usd
1999-05-26,1.8744,per_usd
1999-05-27,1.8713,per_usd
1999-05-28,1.8674,per_usd
1999-06-01,1.8896,per_usd
1999-06-02,1.9026,per_usd
1999-06-03,1.9055,per_usd
1999-06-04,1.8797,per_usd
1999-06-07,1.8804,per_usd
1999-06-08,1.885,per_usd
1999-06-09,1.8769,per_usd
1999-06-10,1.8674,per_usd
1999-06-11,1.8505,per_usd
1999-06-14,1.857,per_usd
1999-06-15,1.8744,per_usd
1999-06-16,1.8727,per_usd
1999-06-17,1.8699,per_usd
1999-06-18,1.8825,per_usd
1999-06-21,1.8857,per_usd
1999-06-22,1.8832,per_usd
1999-06-23,1.8734,per_usd
1999-06-24,1.8646,per_usd
1999-06-25,1.8695,per_usd
1999-06-28,1.8762,per_usd
1999-06-29,1.8836,per_usd
1999-06-30,1.8886,per_usd
1999-07-01,1.8779,per_usd
1999-07-02,1.8744,per_usd
1999-07-06,1.8886,per_usd
1999-07-07,1.9029,per_usd
1999-07-08,1.9073,per_usd
1999-07-09,1.8993,per_usd
1999-07-12,1.9066,per_usd
1999-07-13,1.9139,per_usd
1999-07-14,1.9139,per_usd
1999-07-15,1.9037,per_usd
1999-07-16,1.9099,per_usd
1999-07-19,1.922,per_usd
1999-07-20,1.9175,per_usd
1999-07-21,1.8954,per_usd
1999-07-22,1.8983,per_usd
1999-07-23,1.885,per_usd
1999-07-26,1.8993,per_usd
1999-07-27,1.9109,per_usd
1999-07-28,1.9102,per_usd
1999-07-29,1.8947,per_usd
1999-07-30,1.8839,per_usd
1999-08-02,1.8975,per_usd
1999-08-03,1.8758,per_usd
1999-08-04,1.8657,per_usd
1999-08-05,1.8815,per_usd
1999-08-06,1.8904,per_usd
1999-08-09,1.9231,per_usd
1999-08-10,1.8965,per_usd
1999-08-11,1.8932,per_usd
1999-08-12,1.8875,per_usd
1999-08-13,1.8861,per_usd
1999-08-16,1.9004,per_usd
1999-08-17,1.9066,per_usd
1999-08-18,1.8769,per_usd
1999-08-19,1.8804,per_usd
1999-08-20,1.873,per_usd
1999-08-23,1.8832,per_usd
1999-08-24,1.8975,per_usd
1999-08-25,1.9387,per_usd
1999-08-26,1.9531,per_usd
1999-08-27,1.9493,per_usd
1999-08-30,1.9501,per_usd
1999-08-31,1.935,per_usd
1999-09-01,1.9455,per_usd
1999-09-02,1.9286,per_usd
1999-09-03,1.9283,per_usd
1999-09-07,1.8975,per_usd
1999-09-08,1.895,per_usd
1999-09-09,1.8815,per_usd
1999-09-10,1.8762,per_usd
1999-09-13,1.8674,per_usd
1999-09-14,1.8886,per_usd
1999-09-15,1.9088,per_usd
1999-09-16,1.908,per_usd
1999-09-17,1.8968,per_usd
1999-09-20,1.9175,per_usd
1999-09-21,1.904,per_usd
1999-09-22,1.9066,per_usd
1999-09-23,1.9212,per_usd
1999-09-24,1.9305,per_usd
1999-09-27,1.9399,per_usd
1999-09-28,1.9493,per_usd
1999-09-29,1.9316,per_usd
1999-09-30,1.9342,per_usd
1999-10-01,1.9354,per_usd
1999-10-04,1.915,per_usd
1999-10-05,1.9102,per_usd
1999-10-06,1.9183,per_usd
1999-10-07,1.9279,per_usd
1999-10-08,1.9448,per_usd
1999-10-12,1.9354,per_usd
1999-10-13,1.9547,per_usd
1999-10-14,1.9577,per_usd
1999-10-15,1.9558,per_usd
1999-10-18,1.9685,per_usd
1999-10-19,1.9569,per_usd
1999-10-20,1.9482,per_usd
1999-10-21,1.9429,per_usd
1999-10-22,1.9395,per_usd
1999-10-25,1.9417,per_usd
1999-10-26,1.947,per_usd
1999-10-27,1.9704,per_usd
1999-10-28,1.9585,per_usd
1999-10-29,1.9732,per_usd
1999-11-01,1.9685,per_usd
1999-11-02,1.9627,per_usd
1999-11-03,1.9531,per_usd
1999-11-04,1.9436,per_usd
1999-11-05,1.9512,per_usd
1999-11-08,1.9608,per_usd
1999-11-09,1.9646,per_usd
1999-11-10,1.9562,per_usd
1999-11-12,1.9395,per_usd
1999-11-15,1.9186,per_usd
1999-11-16,1.9298,per_usd
1999-11-17,1.9448,per_usd
1999-11-18,1.9493,per_usd
1999-11-19,1.9639,per_usd
1999-11-22,1.9592,per_usd
1999-11-23,1.9569,per_usd
1999-11-24,1.96,per_usd
1999-11-26,1.9569,per_usd
1999-11-29,1.9531,per_usd
1999-11-30,1.9596,per_usd
1999-12-01,1.9604,per_usd
1999-12-02,1.9693,per_usd
1999-12-03,1.9814,per_usd
1999-12-06,1.9747,per_usd
1999-12-07,1.9732,per_usd
1999-12-08,1.9662,per_usd
1999-12-09,1.972,per_usd
1999-12-10,2.0263,per_usd
1999-12-13,2.0375,per_usd
1999-12-14,2.021,per_usd
1999-12-15,2.03,per_usd
1999-12-16,1.9685,per_usd
1999-12-17,1.9724,per_usd
1999-12-20,1.981,per_usd
1999-12-21,1.9467,per_usd
1999-12-22,1.9501,per_usd
1999-12-23,1.938,per_usd
1999-12-24,1.9455,per_usd
1999-12-27,1.9324,per_usd
1999-12-28,1.9339,per_usd
1999-12-29,1.9198,per_usd
1999-12-30,1.9168,per_usd
1999-12-31,1.9106,per_usd
2000-01-03,1.9033,per_usd
2000-01-04,1.9238,per_usd
2000-01-05,1.9339,per_usd
2000-01-06,1.9436,per_usd
2000-01-07,1.938,per_usd
2000-01-10,1.935,per_usd
2000-01-11,1.9365,per_usd
2000-01-12,1.9286,per_usd
2000-01-13,1.9084,per_usd
2000-01-14,1.9186,per_usd
2000-01-18,1.9342,per_usd
2000-01-19,1.9399,per_usd
2000-01-20,1.9486,per_usd
2000-01-21,1.9592,per_usd
2000-01-24,1.9759,per_usd
2000-01-25,1.9732,per_usd
2000-01-26,1.9763,per_usd
2000-01-27,1.9716,per_usd
2000-01-28,2.0534,per_usd
2000-01-31,2.019,per_usd
2000-02-01,2.0392,per_usd
2000-02-02,2.0416,per_usd
2000-02-03,2.0133,per_usd
2000-02-04,2.0284,per_usd
2000-02-07,2.0259,per_usd
2000-02-08,2.0243,per_usd
2000-02-09,2.0325,per_usd
2000-02-10,2.0263,per_usd
2000-02-11,2.0346,per_usd
2000-02-14,2.0542,per_usd
2000-02-15,2.0534,per_usd
2000-02-16,2.0412,per_usd
2000-02-17,2.0255,per_usd
2000-02-18,2.0371,per_usd
2000-02-22,2.0338,per_usd
2000-02-23,2.0597,per_usd
2000-02-24,2.0547,per_usd
2000-02-25,2.0483,per_usd
2000-02-28,2.0636,per_usd
2000-02-29,2.0555,per_usd
2000-03-01,2.0606,per_usd
2000-03-02,2.05,per_usd
2000-03-03,2.05,per_usd
2000-03-06,2.079,per_usd
2000-03-07,2.0678,per_usd
2000-03-08,2.0513,per_usd
2000-03-09,2.0338,per_usd
2000-03-10,2.0202,per_usd
2000-03-13,2.0272,per_usd
2000-03-14,2.0392,per_usd
2000-03-15,2.0471,per_usd
2000-03-16,2.05,per_usd
2000-03-17,2.064,per_usd
2000-03-20,2.0683,per_usd
2000-03-21,2.0396,per_usd
2000-03-22,2.0509,per_usd
2000-03-23,2.0513,per_usd
2000-03-24,2.0479,per_usd
2000-03-27,2.0276,per_usd
2000-03-28,1.99,per_usd
2000-03-29,1.994,per_usd
2000-03-30,2.004,per_usd
2000-03-31,2.0161,per_usd
2000-04-03,2.0008,per_usd
2000-04-04,1.9972,per_usd
2000-04-05,1.9869,per_usd
2000-04-06,1.996,per_usd
2000-04-07,1.9988,per_usd
2000-04-10,2.006,per_usd
2000-04-11,2.0064,per_usd
2000-04-12,2.0101,per_usd
2000-04-13,2.0088,per_usd
2000-04-14,2.0096,per_usd
2000-04-17,2.0222,per_usd
2000-04-18,2.019,per_usd
2000-04-19,2.006,per_usd
2000-04-20,2.0202,per_usd
2000-04-21,2.0263,per_usd
2000-04-24,2.0218,per_usd
2000-04-25,2.0182,per_usd
2000-04-26,2.0555,per_usd
2000-04-27,2.0585,per_usd
2000-04-28,2.0597,per_usd
2000-05-01,2.0683,per_usd
2000-05-02,2.058,per_usd
2000-05-03,2.045,per_usd
2000-05-04,2.0375,per_usd
2000-05-05,2.0437,per_usd
2000-05-08,2.0631,per_usd
2000-05-09,2.0877,per_usd
2000-05-10,2.0942,per_usd
2000-05-11,2.0934,per_usd
2000-05-12,2.0855,per_usd
2000-05-15,2.1093,per_usd
2000-05-16,2.1142,per_usd
2000-05-17,2.1692,per_usd
2000-05-18,2.209,per_usd
2000-05-19,2.1906,per_usd
2000-05-22,2.1772,per_usd
2000-05-23,2.1801,per_usd
2000-05-24,2.2026,per_usd
2000-05-25,2.1901,per_usd
2000-05-26,2.181,per_usd
2000-05-30,2.1734,per_usd
2000-05-31,2.1872,per_usd
2000-06-01,2.1925,per_usd
2000-06-02,2.1441,per_usd
2000-06-05,2.139,per_usd
2000-06-06,2.1106,per_usd
2000-06-07,2.1186,per_usd
2000-06-08,2.1345,per_usd
2000-06-09,2.1368,per_usd
2000-06-12,2.1245,per_usd
2000-06-13,2.1186,per_usd
2000-06-14,2.1022,per_usd
2000-06-15,2.1322,per_usd
2000-06-16,2.0899,per_usd
2000-06-19,2.1142,per_usd
2000-06-20,2.1048,per_usd
2000-06-21,2.1044,per_usd
2000-06-22,2.1151,per_usd
2000-06-23,2.1209,per_usd
2000-06-26,2.1299,per_usd
2000-06-27,2.1186,per_usd
2000-06-28,2.1505,per_usd
2000-06-29,2.1313,per_usd
2000-06-30,2.1322,per_usd
2000-07-03,2.139,per_usd
2000-07-05,2.1701,per_usd
2000-07-06,2.1716,per_usd
2000-07-07,2.1716,per_usd
2000-07-10,2.1687,per_usd
2000-07-11,2.1753,per_usd
2000-07-12,2.1763,per_usd
2000-07-13,2.1753,per_usd
2000-07-14,2.1683,per_usd
2000-07-17,2.1839,per_usd
2000-07-18,2.1853,per_usd
2000-07-19,2.2026,per_usd
2000-07-20,2.1697,per_usd
2000-07-21,2.1598,per_usd
2000-07-24,2.1753,per_usd
2000-07-25,2.1753,per_usd
2000-07-26,2.1706,per_usd
2000-07-27,2.1815,per_usd
2000-07-28,2.1867,per_usd
2000-07-31,2.2026,per_usd
2000-08-01,2.1997,per_usd
2000-08-02,2.2017,per_usd
2000-08-03,2.1988,per_usd
2000-08-04,2.2002,per_usd
2000-08-07,2.2017,per_usd
2000-08-08,2.2036,per_usd
2000-08-09,2.2168,per_usd
2000-08-10,2.2134,per_usd
2000-08-11,2.2292,per_usd
2000-08-14,2.2188,per_usd
2000-08-15,2.2306,per_usd
2000-08-16,2.2173,per_usd
2000-08-17,2.2075,per_usd
2000-08-18,2.2232,per_usd
2000-08-21,2.2222,per_usd
2000-08-22,2.2548,per_usd
2000-08-23,2.3348,per_usd
2000-08-24,2.3052,per_usd
2000-08-25,2.2952,per_usd
2000-08-28,2.3041,per_usd
2000-08-29,2.3283,per_usd
2000-08-30,2.3436,per_usd
2000-08-31,2.343,per_usd
2000-09-01,2.3348,per_usd
2000-09-05,2.3463,per_usd
2000-09-06,2.3529,per_usd
2000-09-07,2.3969,per_usd
2000-09-08,2.3889,per_usd
2000-09-11,2.331,per_usd
2000-09-12,2.3463,per_usd
2000-09-13,2.3697,per_usd
2000-09-14,2.3635,per_usd
2000-09-15,2.3923,per_usd
2000-09-18,2.4319,per_usd
2000-09-19,2.4213,per_usd
2000-09-20,2.471,per_usd
2000-09-21,2.4631,per_usd
2000-09-22,2.4301,per_usd
2000-09-25,2.4325,per_usd
2000-09-26,2.4143,per_usd
2000-09-27,2.4114,per_usd
2000-09-28,2.4155,per_usd
2000-09-29,2.454,per_usd
2000-10-02,2.4783,per_usd
2000-10-03,2.471,per_usd
2000-10-04,2.4814,per_usd
2000-10-05,2.4938,per_usd
2000-10-06,2.4876,per_usd
2000-10-10,2.4802,per_usd
2000-10-11,2.4624,per_usd
2000-10-12,2.5138,per_usd
2000-10-13,2.5113,per_usd
2000-10-16,2.5316,per_usd
2000-10-17,2.54,per_usd
2000-10-18,2.551,per_usd
2000-10-19,2.5349,per_usd
2000-10-20,2.495,per_usd
2000-10-23,2.4907,per_usd
2000-10-24,2.4832,per_usd
2000-10-25,2.5013,per_usd
2000-10-26,2.5,per_usd
2000-10-27,2.4845,per_usd
2000-10-30,2.4783,per_usd
2000-10-31,2.524,per_usd
2000-11-01,2.5284,per_usd
2000-11-02,2.5368,per_usd
2000-11-03,2.5253,per_usd
2000-11-06,2.5044,per_usd
2000-11-07,2.5094,per_usd
2000-11-08,2.5157,per_usd
2000-11-09,2.5031,per_usd
2000-11-10,2.5189,per_usd
2000-11-13,2.5265,per_usd
2000-11-14,2.5265,per_usd
2000-11-15,2.5094,per_usd
2000-11-16,2.5189,per_usd
2000-11-17,2.4969,per_usd
2000-11-20,2.5176,per_usd
2000-11-21,2.5432,per_usd
2000-11-22,2.5044,per_usd
2000-11-24,2.5044,per_usd
2000-11-27,2.4631,per_usd
2000-11-28,2.4649,per_usd
2000-11-29,2.474,per_usd
2000-11-30,2.4438,per_usd
2000-12-01,2.4096,per_usd
2000-12-04,2.3719,per_usd
2000-12-05,2.3759,per_usd
2000-12-06,2.3529,per_usd
2000-12-07,2.3408,per_usd
2000-12-08,2.3397,per_usd
2000-12-11,2.3657,per_usd
2000-12-12,2.373,per_usd
2000-12-13,2.3781,per_usd
2000-12-14,2.3747,per_usd
2000-12-15,2.337,per_usd
2000-12-18,2.3202,per_usd
2000-12-19,2.3299,per_usd
2000-12-20,2.2957,per_usd
2000-12-21,2.281,per_usd
2000-12-22,2.2701,per_usd
2000-12-26,2.2624,per_usd
2000-12-27,2.2548,per_usd
2000-12-28,2.2738,per_usd
2000-12-29,2.2609,per_usd
2001-01-02,2.2563,per_usd
2001-01-03,2.2406,per_usd
2001-01-04,2.2437,per_usd
2001-01-05,2.2134,per_usd
2001-01-08,2.2198,per_usd
2001-01-09,2.2346,per_usd
2001-01-10,2.2487,per_usd
2001-01-11,2.2247,per_usd
2001-01-12,2.2462,per_usd
2001-01-16,2.2472,per_usd
2001-01-17,2.2523,per_usd
2001-01-18,2.2361,per_usd
2001-01-19,2.2311,per_usd
2001-01-22,2.2386,per_usd
2001-01-23,2.2442,per_usd
2001-01-24,2.2769,per_usd
2001-01-25,2.3015,per_usd
2001-01-26,2.2967,per_usd
2001-01-29,2.3041,per_usd
2001-01-30,2.2676,per_usd
2001-01-31,2.2599,per_usd
2001-02-01,2.2336,per_usd
2001-02-02,2.2472,per_usd
2001-02-05,2.2614,per_usd
2001-02-06,2.2568,per_usd
2001-02-07,2.2543,per_usd
2001-02-08,2.3036,per_usd
2001-02-09,2.2805,per_usd
2001-02-12,2.2915,per_usd
2001-02-13,2.3041,per_usd
2001-02-14,2.3326,per_usd
2001-02-15,2.3529,per_usd
2001-02-16,2.324,per_usd
2001-02-20,2.3375,per_usd
2001-02-21,2.3283,per_usd
2001-02-22,2.3245,per_usd
2001-02-23,2.3229,per_usd
2001-02-26,2.3414,per_usd
2001-02-27,2.3159,per_usd
2001-02-28,2.324,per_usd
2001-03-01,2.3095,per_usd
2001-03-02,2.2857,per_usd
2001-03-05,2.3111,per_usd
2001-03-06,2.3213,per_usd
2001-03-07,2.3641,per_usd
2001-03-08,2.3753,per_usd
2001-03-09,2.3838,per_usd
2001-03-12,2.3787,per_usd
2001-03-13,2.4056,per_usd
2001-03-14,2.4027,per_usd
2001-03-15,2.4278,per_usd
2001-03-16,2.4184,per_usd
2001-03-19,2.3923,per_usd
2001-03-20,2.3912,per_usd
2001-03-21,2.4125,per_usd
2001-03-22,2.4172,per_usd
2001-03-23,2.3998,per_usd
2001-03-26,2.4125,per_usd
2001-03-27,2.4331,per_usd
2001-03-28,2.4432,per_usd
2001-03-29,2.46,per_usd
2001-03-30,2.4795,per_usd
2001-04-02,2.5044,per_usd
2001-04-03,2.4814,per_usd
2001-04-04,2.4722,per_usd
2001-04-05,2.4765,per_usd
2001-04-06,2.4716,per_usd
2001-04-09,2.4734,per_usd
2001-04-10,2.4814,per_usd
2001-04-11,2.4783,per_usd
2001-04-12,2.4552,per_usd
2001-04-13,2.451,per_usd
2001-04-16,2.445,per_usd
2001-04-17,2.4673,per_usd
2001-04-18,2.4722,per_usd
2001-04-19,2.4643,per_usd
2001-04-20,2.405,per_usd
2001-04-23,2.4361,per_usd
2001-04-24,2.451,per_usd
2001-04-25,2.442,per_usd
2001-04-26,2.4361,per_usd
2001-04-27,2.4242,per_usd
2001-04-30,2.4225,per_usd
2001-05-01,2.3821,per_usd
2001-05-02,2.3613,per_usd
2001-05-03,2.3669,per_usd
2001-05-04,2.3719,per_usd
2001-05-07,2.3753,per_usd
2001-05-08,2.3753,per_usd
2001-05-09,2.3557,per_usd
2001-05-10,2.3458,per_usd
2001-05-11,2.3714,per_usd
2001-05-14,2.3895,per_usd
2001-05-15,2.3883,per_usd
2001-05-16,2.3685,per_usd
2001-05-17,2.3474,per_usd
2001-05-18,2.3474,per_usd
2001-05-21,2.3419,per_usd
2001-05-22,2.3579,per_usd
2001-05-23,2.3781,per_usd
2001-05-24,2.3669,per_usd
2001-05-25,2.3574,per_usd
2001-05-29,2.3669,per_usd
2001-05-30,2.3981,per_usd
2001-05-31,2.4492,per_usd
2001-06-01,2.4378,per_usd
2001-06-04,2.448,per_usd
2001-06-05,2.4372,per_usd
2001-06-06,2.4319,per_usd
2001-06-07,2.3929,per_usd
2001-06-08,2.3912,per_usd
2001-06-11,2.3946,per_usd
2001-06-12,2.3895,per_usd
2001-06-13,2.3691,per_usd
2001-06-14,2.4108,per_usd
2001-06-15,2.3941,per_usd
2001-06-18,2.4091,per_usd
2001-06-19,2.4172,per_usd
2001-06-20,2.4213,per_usd
2001-06-21,2.4207,per_usd
2001-06-22,2.4231,per_usd
2001-06-25,2.4172,per_usd
2001-06-26,2.405,per_usd
2001-06-27,2.3981,per_usd
2001-06-28,2.4372,per_usd
2001-06-29,2.471,per_usd
2001-07-02,2.471,per_usd
2001-07-03,2.457,per_usd
2001-07-05,2.471,per_usd
2001-07-06,2.4777,per_usd
2001-07-09,2.4697,per_usd
2001-07-10,2.4631,per_usd
2001-07-11,2.4649,per_usd
2001-07-12,2.4704,per_usd
2001-07-13,2.46,per_usd
2001-07-16,2.457,per_usd
2001-07-17,2.4661,per_usd
2001-07-18,2.4361,per_usd
2001-07-19,2.4213,per_usd
2001-07-20,2.445,per_usd
2001-07-23,2.4444,per_usd
2001-07-24,2.4372,per_usd
2001-07-25,2.429,per_usd
2001-07-26,2.4301,per_usd
2001-07-27,2.4301,per_usd
2001-07-30,2.4272,per_usd
2001-07-31,2.4278,per_usd
2001-08-01,2.4096,per_usd
2001-08-02,2.3946,per_usd
2001-08-03,2.3866,per_usd
2001-08-06,2.3895,per_usd
2001-08-07,2.3883,per_usd
2001-08-08,2.3607,per_usd
2001-08-09,2.3652,per_usd
2001-08-10,2.3518,per_usd
2001-08-13,2.3354,per_usd
2001-08-14,2.3256,per_usd
2001-08-15,2.3052,per_usd
2001-08-16,2.2973,per_usd
2001-08-17,2.2701,per_usd
2001-08-20,2.2883,per_usd
2001-08-21,2.2989,per_usd
2001-08-22,2.2533,per_usd
2001-08-23,2.2665,per_usd
2001-08-24,2.2763,per_usd
2001-08-27,2.2831,per_usd
2001-08-28,2.2763,per_usd
2001-08-29,2.2701,per_usd
2001-08-30,2.2624,per_usd
2001-08-31,2.2857,per_usd
2001-09-04,2.3175,per_usd
2001-09-05,2.3143,per_usd
2001-09-06,2.2962,per_usd
2001-09-07,2.2994,per_usd
2001-09-10,2.3191,per_usd
2001-09-12,2.3414,per_usd
2001-09-13,2.3652,per_usd
2001-09-14,2.3563,per_usd
2001-09-17,2.4254,per_usd
2001-09-18,2.4343,per_usd
2001-09-19,2.4343,per_usd
2001-09-20,2.4319,per_usd
2001-09-21,2.4752,per_usd
2001-09-24,2.4802,per_usd
2001-09-25,2.4474,per_usd
2001-09-26,2.4722,per_usd
2001-09-27,2.5025,per_usd
2001-09-28,2.4588,per_usd
2001-10-01,2.4582,per_usd
2001-10-02,2.4661,per_usd
2001-10-03,2.4432,per_usd
2001-10-04,2.4486,per_usd
2001-10-05,2.4184,per_usd
2001-10-09,2.4237,per_usd
2001-10-10,2.4184,per_usd
2001-10-11,2.4213,per_usd
2001-10-12,2.4166,per_usd
2001-10-15,2.3793,per_usd
2001-10-16,2.3883,per_usd
2001-10-17,2.3781,per_usd
2001-10-18,2.3987,per_usd
2001-10-19,2.4038,per_usd
2001-10-22,2.4125,per_usd
2001-10-23,2.3883,per_usd
2001-10-24,2.3964,per_usd
2001-10-25,2.4155,per_usd
2001-10-26,2.4254,per_usd
2001-10-29,2.4155,per_usd
2001-10-30,2.4125,per_usd
2001-10-31,2.4242,per_usd
2001-11-01,2.4143,per_usd
2001-11-02,2.4102,per_usd
2001-11-05,2.4096,per_usd
2001-11-06,2.3804,per_usd
2001-11-07,2.381,per_usd
2001-11-08,2.3866,per_usd
2001-11-09,2.3832,per_usd
2001-11-13,2.3663,per_usd
2001-11-14,2.3787,per_usd
2001-11-15,2.3975,per_usd
2001-11-16,2.4155,per_usd
2001-11-19,2.4108,per_usd
2001-11-20,2.4114,per_usd
2001-11-21,2.4372,per_usd
2001-11-23,2.4384,per_usd
2001-11-26,2.4237,per_usd
2001-11-27,2.4184,per_usd
2001-11-28,2.4184,per_usd
2001-11-29,2.4237,per_usd
2001-11-30,2.4021,per_usd
2001-12-03,2.4073,per_usd
2001-12-04,2.4272,per_usd
2001-12-05,2.4125,per_usd
2001-12-06,2.4021,per_usd
2001-12-07,2.412,per_usd
2001-12-10,2.4108,per_usd
2001-12-11,2.3981,per_usd
2001-12-12,2.381,per_usd
2001-12-13,2.3866,per_usd
2001-12-14,2.3952,per_usd
2001-12-17,2.3969,per_usd
2001-12-18,2.3952,per_usd
2001-12-19,2.4085,per_usd
2001-12-20,2.4301,per_usd
2001-12-21,2.4108,per_usd
2001-12-24,2.4067,per_usd
2001-12-26,2.4056,per_usd
2001-12-27,2.4137,per_usd
2001-12-28,2.412,per_usd
2001-12-31,2.4033,per_usd
2002-01-02,2.3646,per_usd
2002-01-03,2.3513,per_usd
2002-01-04,2.3299,per_usd
2002-01-07,2.3386,per_usd
2002-01-08,2.3164,per_usd
2002-01-09,2.3337,per_usd
2002-01-10,2.3452,per_usd
2002-01-11,2.3596,per_usd
2002-01-14,2.3641,per_usd
2002-01-15,2.3585,per_usd
2002-01-16,2.3787,per_usd
2002-01-17,2.3753,per_usd
2002-01-18,2.3613,per_usd
2002-01-22,2.3261,per_usd
2002-01-23,2.3321,per_usd
2002-01-24,2.3392,per_usd
2002-01-25,2.3613,per_usd
2002-01-28,2.3697,per_usd
2002-01-29,2.3652,per_usd
2002-01-30,2.4062,per_usd
2002-01-31,2.3998,per_usd
2002-02-01,2.3964,per_usd
2002-02-04,2.3981,per_usd
2002-02-05,2.4015,per_usd
2002-02-06,2.3906,per_usd
2002-02-07,2.4102,per_usd
2002-02-08,2.3929,per_usd
2002-02-11,2.3804,per_usd
2002-02-12,2.3912,per_usd
2002-02-13,2.3929,per_usd
2002-02-14,2.3781,per_usd
2002-02-15,2.368,per_usd
2002-02-19,2.3759,per_usd
2002-02-20,2.3787,per_usd
2002-02-21,2.3889,per_usd
2002-02-22,2.3889,per_usd
2002-02-25,2.3935,per_usd
2002-02-26,2.3895,per_usd
2002-02-27,2.3861,per_usd
2002-02-28,2.3736,per_usd
2002-03-01,2.3669,per_usd
2002-03-04,2.3463,per_usd
2002-03-05,2.3474,per_usd
2002-03-06,2.3337,per_usd
2002-03-07,2.325,per_usd
2002-03-08,2.3229,per_usd
2002-03-11,2.3364,per_usd
2002-03-12,2.3294,per_usd
2002-03-13,2.3283,per_usd
2002-03-14,2.3256,per_usd
2002-03-15,2.2899,per_usd
2002-03-18,2.2962,per_usd
2002-03-19,2.3068,per_usd
2002-03-20,2.266,per_usd
2002-03-21,2.2686,per_usd
2002-03-22,2.2743,per_usd
2002-03-25,2.2795,per_usd
2002-03-26,2.291,per_usd
2002-03-27,2.2962,per_usd
2002-03-28,2.2696,per_usd
2002-03-29,2.2701,per_usd
2002-04-01,2.2589,per_usd
2002-04-02,2.2624,per_usd
2002-04-03,2.2758,per_usd
2002-04-04,2.2743,per_usd
2002-04-05,2.2847,per_usd
2002-04-08,2.3116,per_usd
2002-04-09,2.3015,per_usd
2002-04-10,2.2883,per_usd
2002-04-11,2.2594,per_usd
2002-04-12,2.2614,per_usd
2002-04-15,2.2712,per_usd
2002-04-16,2.2743,per_usd
2002-04-17,2.2523,per_usd
2002-04-18,2.2452,per_usd
2002-04-19,2.2386,per_usd
2002-04-22,2.2406,per_usd
2002-04-23,2.2386,per_usd
2002-04-24,2.2321,per_usd
2002-04-25,2.2193,per_usd
2002-04-26,2.2237,per_usd
2002-04-29,2.2371,per_usd
2002-04-30,2.2361,per_usd
2002-05-01,2.2331,per_usd
2002-05-02,2.2447,per_usd
2002-05-03,2.2346,per_usd
2002-05-06,2.2346,per_usd
2002-05-07,2.2272,per_usd
2002-05-08,2.2326,per_usd
2002-05-09,2.2163,per_usd
2002-05-10,2.2099,per_usd
2002-05-13,2.1973,per_usd
2002-05-14,2.1959,per_usd
2002-05-15,2.1858,per_usd
2002-05-16,2.1683,per_usd
2002-05-17,2.1575,per_usd
2002-05-20,2.1482,per_usd
2002-05-21,2.1413,per_usd
2002-05-22,2.1209,per_usd
2002-05-23,2.1004,per_usd
2002-05-24,2.1245,per_usd
2002-05-28,2.1,per_usd
2002-05-29,2.1008,per_usd
2002-05-30,2.0947,per_usd
2002-05-31,2.0877,per_usd
2002-06-03,2.0576,per_usd
2002-06-04,2.0404,per_usd
2002-06-05,2.0555,per_usd
2002-06-06,2.0421,per_usd
2002-06-07,2.0483,per_usd
2002-06-10,2.0517,per_usd
2002-06-11,2.0542,per_usd
2002-06-12,2.0296,per_usd
2002-06-13,2.0383,per_usd
2002-06-14,2.0648,per_usd
2002-06-17,2.0687,per_usd
2002-06-18,2.0568,per_usd
2002-06-19,2.0521,per_usd
2002-06-20,2.0375,per_usd
2002-06-21,2.0153,per_usd
2002-06-24,2.0202,per_usd
2002-06-25,2.0408,per_usd
2002-06-26,2.0653,per_usd
2002-06-27,2.0421,per_usd
2002-06-28,2.0576,per_usd
2002-07-01,2.0576,per_usd
2002-07-02,2.05,per_usd
2002-07-03,2.0429,per_usd
2002-07-05,2.0585,per_usd
2002-07-08,2.0387,per_usd
2002-07-09,2.0296,per_usd
2002-07-10,2.0396,per_usd
2002-07-11,2.0597,per_usd
2002-07-12,2.0653,per_usd
2002-07-15,2.0619,per_usd
2002-07-16,2.0576,per_usd
2002-07-17,2.073,per_usd
2002-07-18,2.0738,per_usd
2002-07-19,2.0534,per_usd
2002-07-22,2.067,per_usd
2002-07-23,2.0956,per_usd
2002-07-24,2.1413,per_usd
2002-07-25,2.1404,per_usd
2002-07-26,2.1598,per_usd
2002-07-29,2.1345,per_usd
2002-07-30,2.1272,per_usd
2002-07-31,2.1345,per_usd
2002-08-01,2.1542,per_usd
2002-08-02,2.1552,per_usd
2002-08-05,2.1867,per_usd
2002-08-06,2.2198,per_usd
2002-08-07,2.1997,per_usd
2002-08-08,2.1978,per_usd
2002-08-09,2.1844,per_usd
2002-08-12,2.1603,per_usd
2002-08-13,2.1683,per_usd
2002-08-14,2.1636,per_usd
2002-08-15,2.1422,per_usd
2002-08-16,2.1427,per_usd
2002-08-19,2.1445,per_usd
2002-08-20,2.1322,per_usd
2002-08-21,2.151,per_usd
2002-08-22,2.1556,per_usd
2002-08-23,2.145,per_usd
2002-08-26,2.14,per_usd
2002-08-27,2.1195,per_usd
2002-08-28,2.1322,per_usd
2002-08-29,2.1358,per_usd
2002-08-30,2.1372,per_usd
2002-09-03,2.1436,per_usd
2002-09-04,2.1482,per_usd
2002-09-05,2.1441,per_usd
2002-09-06,2.1268,per_usd
2002-09-09,2.1313,per_usd
2002-09-10,2.1277,per_usd
2002-09-11,2.1263,per_usd
2002-09-12,2.1097,per_usd
2002-09-13,2.1097,per_usd
2002-09-16,2.1231,per_usd
2002-09-17,2.1299,per_usd
2002-09-18,2.1259,per_usd
2002-09-19,2.1061,per_usd
2002-09-20,2.1245,per_usd
2002-09-23,2.129,per_usd
2002-09-24,2.124,per_usd
2002-09-25,2.1268,per_usd
2002-09-26,2.1263,per_usd
2002-09-27,2.1249,per_usd
2002-09-30,2.1286,per_usd
2002-10-01,2.1231,per_usd
2002-10-02,2.1084,per_usd
2002-10-03,2.0934,per_usd
2002-10-04,2.0903,per_usd
2002-10-07,2.0644,per_usd
2002-10-08,2.0747,per_usd
2002-10-09,2.0794,per_usd
2002-10-10,2.0855,per_usd
2002-10-11,2.0803,per_usd
2002-10-15,2.0855,per_usd
2002-10-16,2.0799,per_usd
2002-10-17,2.0781,per_usd
2002-10-18,2.0786,per_usd
2002-10-21,2.0674,per_usd
2002-10-22,2.0631,per_usd
2002-10-23,2.0657,per_usd
2002-10-24,2.0589,per_usd
2002-10-25,2.0542,per_usd
2002-10-28,2.0437,per_usd
2002-10-29,2.0606,per_usd
2002-10-30,2.0725,per_usd
2002-10-31,2.0593,per_usd
2002-11-01,2.0325,per_usd
2002-11-04,2.0137,per_usd
2002-11-05,2.0153,per_usd
2002-11-06,2.0198,per_usd
2002-11-07,2.0028,per_usd
2002-11-08,2.008,per_usd
2002-11-12,2.0222,per_usd
2002-11-13,2.0178,per_usd
2002-11-14,2.002,per_usd
2002-11-15,2.0008,per_usd
2002-11-18,2.0101,per_usd
2002-11-19,2.0153,per_usd
2002-11-20,2.0105,per_usd
2002-11-21,1.9881,per_usd
2002-11-22,1.99,per_usd
2002-11-25,2.0028,per_usd
2002-11-26,2.0202,per_usd
2002-11-27,2.0305,per_usd
2002-11-29,2.008,per_usd
2002-12-02,2.0101,per_usd
2002-12-03,2.0056,per_usd
2002-12-04,1.9972,per_usd
2002-12-05,1.9928,per_usd
2002-12-06,1.994,per_usd
2002-12-09,1.9857,per_usd
2002-12-10,1.9869,per_usd
2002-12-11,1.9912,per_usd
2002-12-12,1.9627,per_usd
2002-12-13,1.947,per_usd
2002-12-16,1.9474,per_usd
2002-12-17,1.9327,per_usd
2002-12-18,1.9444,per_usd
2002-12-19,1.9361,per_usd
2002-12-20,1.9417,per_usd
2002-12-23,1.941,per_usd
2002-12-24,1.9354,per_usd
2002-12-26,1.9327,per_usd
2002-12-27,1.9298,per_usd
2002-12-30,1.9029,per_usd
2002-12-31,1.9088,per_usd
2003-01-02,1.915,per_usd
2003-01-03,1.9062,per_usd
2003-01-06,1.8758,per_usd
2003-01-07,1.8825,per_usd
2003-01-08,1.8864,per_usd
2003-01-09,1.8847,per_usd
2003-01-10,1.866,per_usd
2003-01-13,1.858,per_usd
2003-01-14,1.858,per_usd
2003-01-15,1.8587,per_usd
2003-01-16,1.8413,per_usd
2003-01-17,1.8146,per_usd
2003-01-21,1.8392,per_usd
2003-01-22,1.8392,per_usd
2003-01-23,1.8258,per_usd
2003-01-24,1.8175,per_usd
2003-01-27,1.8208,per_usd
2003-01-28,1.8275,per_usd
2003-01-29,1.8208,per_usd
2003-01-30,1.8352,per_usd
2003-01-31,1.8382,per_usd
2003-02-03,1.8386,per_usd
2003-02-04,1.8232,per_usd
2003-02-05,1.8225,per_usd
2003-02-06,1.8235,per_usd
2003-02-07,1.8258,per_usd
2003-02-10,1.8222,per_usd
2003-02-11,1.8218,per_usd
2003-02-12,1.8208,per_usd
2003-02-13,1.806,per_usd
2003-02-14,1.8126,per_usd
2003-02-18,1.8159,per_usd
2003-02-19,1.81,per_usd
2003-02-20,1.7931,per_usd
2003-02-21,1.7915,per_usd
2003-02-24,1.7687,per_usd
2003-02-25,1.7677,per_usd
2003-02-26,1.7693,per_usd
2003-02-27,1.7794,per_usd
2003-02-28,1.7921,per_usd
2003-03-03,1.7825,per_usd
2003-03-04,1.7819,per_usd
2003-03-05,1.7705,per_usd
2003-03-06,1.7683,per_usd
2003-03-07,1.7819,per_usd
2003-03-10,1.7813,per_usd
2003-03-11,1.8073,per_usd
2003-03-12,1.8169,per_usd
2003-03-13,1.8292,per_usd
2003-03-14,1.8146,per_usd
2003-03-17,1.8228,per_usd
2003-03-18,1.8248,per_usd
2003-03-19,1.8165,per_usd
2003-03-20,1.8067,per_usd
2003-03-21,1.8242,per_usd
2003-03-24,1.8136,per_usd
2003-03-25,1.8142,per_usd
2003-03-26,1.8288,per_usd
2003-03-27,1.8198,per_usd
2003-03-28,1.8192,per_usd
2003-03-31,1.8057,per_usd
2003-04-01,1.8034,per_usd
2003-04-02,1.8192,per_usd
2003-04-03,1.8238,per_usd
2003-04-04,1.8464,per_usd
2003-04-07,1.8605,per_usd
2003-04-08,1.8355,per_usd
2003-04-09,1.8328,per_usd
2003-04-10,1.8302,per_usd
2003-04-11,1.8349,per_usd
2003-04-14,1.8292,per_usd
2003-04-15,1.8136,per_usd
2003-04-16,1.7937,per_usd
2003-04-17,1.7957,per_usd
2003-04-18,1.7969,per_usd
2003-04-21,1.8002,per_usd
2003-04-22,1.7819,per_usd
2003-04-23,1.7937,per_usd
2003-04-24,1.8008,per_usd
2003-04-25,1.8067,per_usd
2003-04-28,1.7973,per_usd
2003-04-29,1.7963,per_usd
2003-04-30,1.7857,per_usd
2003-05-01,1.7806,per_usd
2003-05-02,1.7771,per_usd
2003-05-05,1.7652,per_usd
2003-05-06,1.7528,per_usd
2003-05-07,1.7683,per_usd
2003-05-08,1.7425,per_usd
2003-05-09,1.7349,per_usd
2003-05-12,1.7235,per_usd
2003-05-13,1.7391,per_usd
2003-05-14,1.7376,per_usd
2003-05-15,1.7464,per_usd
2003-05-16,1.7316,per_usd
2003-05-19,1.7079,per_usd
2003-05-20,1.7065,per_usd
2003-05-21,1.7138,per_usd
2003-05-22,1.7156,per_usd
2003-05-23,1.7167,per_usd
2003-05-27,1.7141,per_usd
2003-05-28,1.7409,per_usd
2003-05-29,1.7367,per_usd
2003-05-30,1.7364,per_usd
2003-06-02,1.7235,per_usd
2003-06-03,1.7271,per_usd
2003-06-04,1.7232,per_usd
2003-06-05,1.7212,per_usd
2003-06-06,1.7325,per_usd
2003-06-09,1.7397,per_usd
2003-06-10,1.7425,per_usd
2003-06-11,1.7301,per_usd
2003-06-12,1.7271,per_usd
2003-06-13,1.7232,per_usd
2003-06-16,1.7182,per_usd
2003-06-17,1.7091,per_usd
2003-06-18,1.7123,per_usd
2003-06-19,1.7167,per_usd
2003-06-20,1.7109,per_usd
2003-06-23,1.7082,per_usd
2003-06-24,1.7106,per_usd
2003-06-25,1.7004,per_usd
2003-06-26,1.7167,per_usd
2003-06-27,1.7167,per_usd
2003-06-30,1.7047,per_usd
2003-07-01,1.6815,per_usd
2003-07-02,1.6784,per_usd
2003-07-03,1.6784,per_usd
2003-07-07,1.6689,per_usd
2003-07-08,1.7059,per_usd
2003-07-09,1.7077,per_usd
2003-07-10,1.6958,per_usd
2003-07-11,1.6844,per_usd
2003-07-14,1.6941,per_usd
2003-07-15,1.715,per_usd
2003-07-16,1.7079,per_usd
2003-07-17,1.7182,per_usd
2003-07-18,1.7458,per_usd
2003-07-21,1.7409,per_usd
2003-07-22,1.7391,per_usd
2003-07-23,1.7209,per_usd
2003-07-24,1.7044,per_usd
2003-07-25,1.7001,per_usd
2003-07-28,1.703,per_usd
2003-07-29,1.6918,per_usd
2003-07-30,1.7141,per_usd
2003-07-31,1.7274,per_usd
2003-08-01,1.7074,per_usd
2003-08-04,1.7194,per_usd
2003-08-05,1.7221,per_usd
2003-08-06,1.7224,per_usd
2003-08-07,1.7197,per_usd
2003-08-08,1.7161,per_usd
2003-08-11,1.701,per_usd
2003-08-12,1.7024,per_usd
2003-08-13,1.7007,per_usd
2003-08-14,1.7056,per_usd
2003-08-15,1.6955,per_usd
2003-08-18,1.7059,per_usd
2003-08-19,1.7091,per_usd
2003-08-20,1.6978,per_usd
2003-08-21,1.71,per_usd
2003-08-22,1.71,per_usd
2003-08-25,1.7153,per_usd
2003-08-26,1.7322,per_usd
2003-08-27,1.7498,per_usd
2003-08-28,1.7559,per_usd
2003-08-29,1.7286,per_usd
2003-09-02,1.763,per_usd
2003-09-03,1.7562,per_usd
2003-09-04,1.7572,per_usd
2003-09-05,1.7413,per_usd
2003-09-08,1.7295,per_usd
2003-09-09,1.7126,per_usd
2003-09-10,1.7194,per_usd
2003-09-11,1.7153,per_usd
2003-09-12,1.7144,per_usd
2003-09-15,1.7059,per_usd
2003-09-16,1.7123,per_usd
2003-09-17,1.7203,per_usd
2003-09-18,1.7141,per_usd
2003-09-19,1.6952,per_usd
2003-09-22,1.6742,per_usd
2003-09-23,1.681,per_usd
2003-09-24,1.6807,per_usd
2003-09-25,1.6835,per_usd
2003-09-26,1.701,per_usd
2003-09-29,1.692,per_usd
2003-09-30,1.6807,per_usd
2003-10-01,1.672,per_usd
2003-10-02,1.6689,per_usd
2003-10-03,1.6849,per_usd
2003-10-06,1.6832,per_usd
2003-10-07,1.6722,per_usd
2003-10-08,1.6742,per_usd
2003-10-09,1.6708,per_usd
2003-10-10,1.6686,per_usd
2003-10-14,1.6787,per_usd
2003-10-15,1.6818,per_usd
2003-10-16,1.6815,per_usd
2003-10-17,1.6787,per_usd
2003-10-20,1.6753,per_usd
2003-10-21,1.6603,per_usd
2003-10-22,1.6474,per_usd
2003-10-23,1.6412,per_usd
2003-10-24,1.6388,per_usd
2003-10-27,1.6402,per_usd
2003-10-28,1.634,per_usd
2003-10-29,1.6329,per_usd
2003-10-30,1.6308,per_usd
2003-10-31,1.6345,per_usd
2003-11-03,1.642,per_usd
2003-11-04,1.6361,per_usd
2003-11-05,1.6181,per_usd
2003-11-06,1.6297,per_usd
2003-11-07,1.6231,per_usd
2003-11-10,1.6088,per_usd
2003-11-12,1.5962,per_usd
2003-11-13,1.5881,per_usd
2003-11-14,1.5881,per_usd
2003-11-17,1.5982,per_usd
2003-11-18,1.5775,per_usd
2003-11-19,1.5662,per_usd
2003-11-20,1.5564,per_usd
2003-11-21,1.561,per_usd
2003-11-24,1.5676,per_usd
2003-11-25,1.5696,per_usd
2003-11-26,1.5581,per_usd
2003-11-28,1.5637,per_usd
2003-12-01,1.5533,per_usd
2003-12-02,1.5466,per_usd
2003-12-03,1.5418,per_usd
2003-12-04,1.5499,per_usd
2003-12-05,1.5509,per_usd
2003-12-08,1.5449,per_usd
2003-12-09,1.5473,per_usd
2003-12-10,1.542,per_usd
2003-12-11,1.5516,per_usd
2003-12-12,1.5427,per_usd
2003-12-15,1.5418,per_usd
2003-12-16,1.537,per_usd
2003-12-17,1.543,per_usd
2003-12-18,1.5504,per_usd
2003-12-19,1.5528,per_usd
2003-12-22,1.5564,per_usd
2003-12-23,1.5601,per_usd
2003-12-24,1.5444,per_usd
2003-12-26,1.543,per_usd
2003-12-29,1.5415,per_usd
2003-12-30,1.5302,per_usd
2003-12-31,1.5251,per_usd
2004-01-02,1.5179,per_usd
2004-01-05,1.4888,per_usd
2004-01-06,1.4888,per_usd
2004-01-07,1.4888,per_usd
2004-01-08,1.4791,per_usd
2004-01-09,1.4661,per_usd
2004-01-12,1.4616,per_usd
2004-01-13,1.4652,per_usd
2004-01-14,1.4641,per_usd
2004-01-15,1.4859,per_usd
2004-01-16,1.5006,per_usd
2004-01-20,1.4986,per_usd
2004-01-21,1.4908,per_usd
2004-01-22,1.4773,per_usd
2004-01-23,1.4877,per_usd
2004-01-26,1.4865,per_usd
2004-01-27,1.4717,per_usd
2004-01-28,1.4738,per_usd
2004-01-29,1.4986,per_usd
2004-01-30,1.4914,per_usd
2004-02-02,1.4874,per_usd
2004-02-03,1.4695,per_usd
2004-02-04,1.4611,per_usd
2004-02-05,1.4531,per_usd
2004-02-06,1.4486,per_usd
2004-02-09,1.4378,per_usd
2004-02-10,1.43,per_usd
2004-02-11,1.4298,per_usd
2004-02-12,1.4292,per_usd
2004-02-13,1.4284,per_usd
2004-02-17,1.413,per_usd
2004-02-18,1.4194,per_usd
2004-02-19,1.4269,per_usd
2004-02-20,1.4618,per_usd
2004-02-23,1.4639,per_usd
2004-02-24,1.448,per_usd
2004-02-25,1.4541,per_usd
2004-02-26,1.4548,per_usd
2004-02-27,1.4594,per_usd
2004-03-01,1.451,per_usd
2004-03-02,1.4686,per_usd
2004-03-03,1.5072,per_usd
2004-03-04,1.4934,per_usd
2004-03-05,1.4832,per_usd
2004-03-08,1.483,per_usd
2004-03-09,1.4643,per_usd
2004-03-10,1.5026,per_usd
2004-03-11,1.5497,per_usd
2004-03-12,1.5535,per_usd
2004-03-15,1.554,per_usd
2004-03-16,1.5392,per_usd
2004-03-17,1.5432,per_usd
2004-03-18,1.5202,per_usd
2004-03-19,1.5251,per_usd
2004-03-22,1.5063,per_usd
2004-03-23,1.5124,per_usd
2004-03-24,1.5251,per_usd
2004-03-25,1.5444,per_usd
2004-03-26,1.5427,per_usd
2004-03-29,1.5316,per_usd
2004-03-30,1.5225,per_usd
2004-03-31,1.5038,per_usd
2004-04-01,1.4975,per_usd
2004-04-02,1.5191,per_usd
2004-04-05,1.5392,per_usd
2004-04-06,1.5284,per_usd
2004-04-07,1.5135,per_usd
2004-04-08,1.5198,per_usd
2004-04-09,1.5158,per_usd
2004-04-12,1.5092,per_usd
2004-04-13,1.5298,per_usd
2004-04-14,1.5773,per_usd
2004-04-15,1.5716,per_usd
2004-04-16,1.5608,per_usd
2004-04-19,1.5542,per_usd
2004-04-20,1.5785,per_usd
2004-04-21,1.6038,per_usd
2004-04-22,1.6,per_usd
2004-04-23,1.5995,per_usd
2004-04-26,1.5883,per_usd
2004-04-27,1.5868,per_usd
2004-04-28,1.608,per_usd
2004-04-29,1.6088,per_usd
2004-04-30,1.6021,per_usd
2004-05-03,1.5977,per_usd
2004-05-04,1.5803,per_usd
2004-05-05,1.5733,per_usd
2004-05-06,1.5835,per_usd
2004-05-07,1.6213,per_usd
2004-05-10,1.6578,per_usd
2004-05-11,1.6548,per_usd
2004-05-12,1.6372,per_usd
2004-05-13,1.6611,per_usd
2004-05-14,1.6556,per_usd
2004-05-17,1.6556,per_usd
2004-05-18,1.6681,per_usd
2004-05-19,1.6447,per_usd
2004-05-20,1.6562,per_usd
2004-05-21,1.6361,per_usd
2004-05-24,1.642,per_usd
2004-05-25,1.6213,per_usd
2004-05-26,1.6163,per_usd
2004-05-27,1.5743,per_usd
2004-05-28,1.5911,per_usd
2004-06-01,1.5903,per_usd
2004-06-02,1.6051,per_usd
2004-06-03,1.6236,per_usd
2004-06-04,1.6147,per_usd
2004-06-07,1.5878,per_usd
2004-06-08,1.5946,per_usd
2004-06-09,1.6119,per_usd
2004-06-10,1.576,per_usd
2004-06-11,1.5898,per_usd
2004-06-14,1.5987,per_usd
2004-06-15,1.5785,per_usd
2004-06-16,1.5888,per_usd
2004-06-17,1.6021,per_usd
2004-06-18,1.5944,per_usd
2004-06-21,1.5936,per_usd
2004-06-22,1.5954,per_usd
2004-06-23,1.5977,per_usd
2004-06-24,1.578,per_usd
2004-06-25,1.5711,per_usd
2004-06-28,1.5596,per_usd
2004-06-29,1.581,per_usd
2004-06-30,1.5818,per_usd
2004-07-01,1.5625,per_usd
2004-07-02,1.5461,per_usd
2004-07-06,1.538,per_usd
2004-07-07,1.523,per_usd
2004-07-08,1.5221,per_usd
2004-07-09,1.5198,per_usd
2004-07-12,1.5124,per_usd
2004-07-13,1.5251,per_usd
2004-07-14,1.5333,per_usd
2004-07-15,1.537,per_usd
2004-07-16,1.5195,per_usd
2004-07-19,1.5172,per_usd
2004-07-20,1.5218,per_usd
2004-07-21,1.5681,per_usd
2004-07-22,1.5557,per_usd
2004-07-23,1.5723,per_usd
2004-07-26,1.5694,per_usd
2004-07-27,1.5936,per_usd
2004-07-28,1.5931,per_usd
2004-07-29,1.578,per_usd
2004-07-30,1.5723,per_usd
2004-08-02,1.561,per_usd
2004-08-03,1.5504,per_usd
2004-08-04,1.5501,per_usd
2004-08-05,1.5509,per_usd
2004-08-06,1.5295,per_usd
2004-08-09,1.5284,per_usd
2004-08-10,1.5267,per_usd
2004-08-11,1.5291,per_usd
2004-08-12,1.5209,per_usd
2004-08-13,1.5035,per_usd
2004-08-16,1.5056,per_usd
2004-08-17,1.5042,per_usd
2004-08-18,1.5063,per_usd
2004-08-19,1.4894,per_usd
2004-08-20,1.4859,per_usd
2004-08-23,1.4981,per_usd
2004-08-24,1.5328,per_usd
2004-08-25,1.5354,per_usd
2004-08-26,1.5411,per_usd
2004-08-27,1.5279,per_usd
2004-08-30,1.5361,per_usd
2004-08-31,1.5235,per_usd
2004-09-01,1.5225,per_usd
2004-09-02,1.5432,per_usd
2004-09-03,1.5492,per_usd
2004-09-07,1.5466,per_usd
2004-09-08,1.5389,per_usd
2004-09-09,1.5363,per_usd
2004-09-10,1.5223,per_usd
2004-09-13,1.5253,per_usd
2004-09-14,1.5088,per_usd
2004-09-15,1.5221,per_usd
2004-09-16,1.5158,per_usd
2004-09-17,1.5163,per_usd
2004-09-20,1.5133,per_usd
2004-09-21,1.5122,per_usd
2004-09-22,1.5094,per_usd
2004-09-23,1.4975,per_usd
2004-09-24,1.4972,per_usd
2004-09-27,1.5004,per_usd
2004-09-28,1.499,per_usd
2004-09-29,1.4943,per_usd
2004-09-30,1.4804,per_usd
2004-10-01,1.4852,per_usd
2004-10-04,1.4937,per_usd
2004-10-05,1.4854,per_usd
2004-10-06,1.4804,per_usd
2004-10-07,1.4804,per_usd
2004-10-08,1.4635,per_usd
2004-10-12,1.4728,per_usd
2004-10-13,1.483,per_usd
2004-10-14,1.4663,per_usd
2004-10-15,1.455,per_usd
2004-10-18,1.4571,per_usd
2004-10-19,1.4545,per_usd
2004-10-20,1.444,per_usd
2004-10-21,1.4395,per_usd
2004-10-22,1.4401,per_usd
2004-10-25,1.4251,per_usd
2004-10-26,1.4335,per_usd
2004-10-27,1.4378,per_usd
2004-10-28,1.4588,per_usd
2004-10-29,1.4633,per_usd
2004-11-01,1.4624,per_usd
2004-11-02,1.4605,per_usd
2004-11-03,1.4545,per_usd
2004-11-04,1.4447,per_usd
2004-11-05,1.4393,per_usd
2004-11-08,1.4438,per_usd
2004-11-09,1.4405,per_usd
2004-11-10,1.4609,per_usd
2004-11-12,1.4438,per_usd
2004-11-15,1.4314,per_usd
2004-11-16,1.4263,per_usd
2004-11-17,1.4112,per_usd
2004-11-18,1.4112,per_usd
2004-11-19,1.4049,per_usd
2004-11-22,1.4088,per_usd
2004-11-23,1.4025,per_usd
2004-11-24,1.4083,per_usd
2004-11-26,1.391,per_usd
2004-11-29,1.3957,per_usd
2004-11-30,1.4,per_usd
2004-12-01,1.3949,per_usd
2004-12-02,1.3928,per_usd
2004-12-03,1.3918,per_usd
2004-12-06,1.3883,per_usd
2004-12-07,1.3875,per_usd
2004-12-08,1.4176,per_usd
2004-12-09,1.4124,per_usd
2004-12-10,1.4215,per_usd
2004-12-13,1.4079,per_usd
2004-12-14,1.41,per_usd
2004-12-15,1.3906,per_usd
2004-12-16,1.4069,per_usd
2004-12-17,1.4008,per_usd
2004-12-20,1.3943,per_usd
2004-12-21,1.4063,per_usd
2004-12-22,1.4031,per_usd
2004-12-23,1.4021,per_usd
2004-12-24,1.3937,per_usd
2004-12-27,1.3854,per_usd
2004-12-28,1.3822,per_usd
2004-12-29,1.4035,per_usd
2004-12-30,1.3926,per_usd
2004-12-31,1.3883,per_usd
2005-01-03,1.399,per_usd
2005-01-04,1.4146,per_usd
2005-01-05,1.4225,per_usd
2005-01-06,1.4329,per_usd
2005-01-07,1.4378,per_usd
2005-01-10,1.4391,per_usd
2005-01-11,1.4282,per_usd
2005-01-12,1.4144,per_usd
2005-01-13,1.4154,per_usd
2005-01-14,1.4325,per_usd
2005-01-18,1.4327,per_usd
2005-01-19,1.4225,per_usd
2005-01-20,1.4172,per_usd
2005-01-21,1.3994,per_usd
2005-01-24,1.399,per_usd
2005-01-25,1.4104,per_usd
2005-01-26,1.3902,per_usd
2005-01-27,1.3974,per_usd
2005-01-28,1.4021,per_usd
2005-01-31,1.4061,per_usd
2005-02-01,1.4057,per_usd
2005-02-02,1.4055,per_usd
2005-02-03,1.4069,per_usd
2005-02-04,1.4033,per_usd
2005-02-07,1.4196,per_usd
2005-02-08,1.4271,per_usd
2005-02-09,1.4237,per_usd
2005-02-10,1.4035,per_usd
2005-02-11,1.4023,per_usd
2005-02-14,1.3972,per_usd
2005-02-15,1.3951,per_usd
2005-02-16,1.4011,per_usd
2005-02-17,1.3914,per_usd
2005-02-18,1.3799,per_usd
2005-02-22,1.3691,per_usd
2005-02-23,1.3818,per_usd
2005-02-24,1.3841,per_usd
2005-02-25,1.3885,per_usd
2005-02-28,1.3721,per_usd
2005-03-01,1.3755,per_usd
2005-03-02,1.3761,per_usd
2005-03-03,1.3731,per_usd
2005-03-04,1.3605,per_usd
2005-03-07,1.3596,per_usd
2005-03-08,1.3517,per_usd
2005-03-09,1.3591,per_usd
2005-03-10,1.3537,per_usd
2005-03-11,1.3515,per_usd
2005-03-14,1.3559,per_usd
2005-03-15,1.3503,per_usd
2005-03-16,1.3423,per_usd
2005-03-17,1.3444,per_usd
2005-03-18,1.3428,per_usd
2005-03-21,1.3569,per_usd
2005-03-22,1.3499,per_usd
2005-03-23,1.3866,per_usd
2005-03-24,1.3994,per_usd
2005-03-25,1.4019,per_usd
2005-03-28,1.4094,per_usd
2005-03-29,1.4049,per_usd
2005-03-30,1.4069,per_usd
2005-03-31,1.4033,per_usd
2005-04-01,1.4104,per_usd
2005-04-04,1.4142,per_usd
2005-04-05,1.4126,per_usd
2005-04-06,1.4043,per_usd
2005-04-07,1.3978,per_usd
2005-04-08,1.3943,per_usd
2005-04-11,1.386,per_usd
2005-04-12,1.3904,per_usd
2005-04-13,1.3797,per_usd
2005-04-14,1.3866,per_usd
2005-04-15,1.3937,per_usd
2005-04-18,1.3945,per_usd
2005-04-19,1.3862,per_usd
2005-04-20,1.3742,per_usd
2005-04-21,1.3725,per_usd
2005-04-22,1.3659,per_usd
2005-04-25,1.3712,per_usd
2005-04-26,1.3795,per_usd
2005-04-27,1.3856,per_usd
2005-04-28,1.3716,per_usd
2005-04-29,1.3615,per_usd
2005-05-02,1.3708,per_usd
2005-05-03,1.377,per_usd
2005-05-04,1.3665,per_usd
2005-05-05,1.3594,per_usd
2005-05-06,1.3652,per_usd
2005-05-09,1.368,per_usd
2005-05-10,1.3671,per_usd
2005-05-11,1.368,per_usd
2005-05-12,1.3899,per_usd
2005-05-13,1.4041,per_usd
2005-05-16,1.4124,per_usd
2005-05-17,1.4085,per_usd
2005-05-18,1.4041,per_usd
2005-05-19,1.4035,per_usd
2005-05-20,1.412,per_usd
2005-05-23,1.4098,per_usd
2005-05-24,1.4021,per_usd
2005-05-25,1.401,per_usd
2005-05-26,1.4055,per_usd
2005-05-27,1.4002,per_usd
2005-05-31,1.4154,per_usd
2005-06-01,1.4298,per_usd
2005-06-02,1.4296,per_usd
2005-06-03,1.4288,per_usd
2005-06-06,1.4094,per_usd
2005-06-07,1.3986,per_usd
2005-06-08,1.3966,per_usd
2005-06-09,1.4021,per_usd
2005-06-10,1.4144,per_usd
2005-06-13,1.4205,per_usd
2005-06-14,1.41,per_usd
2005-06-15,1.4031,per_usd
2005-06-16,1.3978,per_usd
2005-06-17,1.3937,per_usd
2005-06-20,1.3976,per_usd
2005-06-21,1.3961,per_usd
2005-06-22,1.3953,per_usd
2005-06-23,1.413,per_usd
2005-06-24,1.4168,per_usd
2005-06-27,1.414,per_usd
2005-06-28,1.4259,per_usd
2005-06-29,1.431,per_usd
2005-06-30,1.437,per_usd
2005-07-01,1.4626,per_usd
2005-07-05,1.4778,per_usd
2005-07-06,1.4804,per_usd
2005-07-07,1.4859,per_usd
2005-07-08,1.4865,per_usd
2005-07-11,1.473,per_usd
2005-07-12,1.4605,per_usd
2005-07-13,1.4894,per_usd
2005-07-14,1.4793,per_usd
2005-07-15,1.4843,per_usd
2005-07-18,1.4738,per_usd
2005-07-19,1.4837,per_usd
2005-07-20,1.483,per_usd
2005-07-21,1.4609,per_usd
2005-07-22,1.4556,per_usd
2005-07-25,1.4624,per_usd
2005-07-26,1.4643,per_usd
2005-07-27,1.4695,per_usd
2005-07-28,1.4641,per_usd
2005-07-29,1.4633,per_usd
2005-08-01,1.4607,per_usd
2005-08-02,1.4539,per_usd
2005-08-03,1.4461,per_usd
2005-08-04,1.4443,per_usd
2005-08-05,1.4503,per_usd
2005-08-08,1.4426,per_usd
2005-08-09,1.4461,per_usd
2005-08-10,1.4407,per_usd
2005-08-11,1.418,per_usd
2005-08-12,1.413,per_usd
2005-08-15,1.4184,per_usd
2005-08-16,1.4205,per_usd
2005-08-17,1.4227,per_usd
2005-08-18,1.438,per_usd
2005-08-19,1.4428,per_usd
2005-08-22,1.4349,per_usd
2005-08-23,1.4341,per_usd
2005-08-24,1.4331,per_usd
2005-08-25,1.4343,per_usd
2005-08-26,1.4343,per_usd
2005-08-29,1.4418,per_usd
2005-08-30,1.4537,per_usd
2005-08-31,1.4426,per_usd
2005-09-01,1.4239,per_usd
2005-09-02,1.4176,per_usd
2005-09-06,1.414,per_usd
2005-09-07,1.417,per_usd
2005-09-08,1.4178,per_usd
2005-09-09,1.4144,per_usd
2005-09-12,1.4174,per_usd
2005-09-13,1.4245,per_usd
2005-09-14,1.4134,per_usd
2005-09-15,1.4176,per_usd
2005-09-16,1.4209,per_usd
2005-09-19,1.4265,per_usd
2005-09-20,1.4259,per_usd
2005-09-21,1.4308,per_usd
2005-09-22,1.4405,per_usd
2005-09-23,1.4567,per_usd
2005-09-26,1.4601,per_usd
2005-09-27,1.4734,per_usd
2005-09-28,1.4599,per_usd
2005-09-29,1.4451,per_usd
2005-09-30,1.4413,per_usd
2005-10-03,1.4468,per_usd
2005-10-04,1.4393,per_usd
2005-10-05,1.4376,per_usd
2005-10-06,1.4358,per_usd
2005-10-07,1.4368,per_usd
2005-10-11,1.4422,per_usd
2005-10-12,1.4347,per_usd
2005-10-13,1.452,per_usd
2005-10-14,1.4341,per_usd
2005-10-17,1.4351,per_usd
2005-10-18,1.4384,per_usd
2005-10-19,1.4294,per_usd
2005-10-20,1.4241,per_usd
2005-10-21,1.4306,per_usd
2005-10-24,1.4219,per_usd
2005-10-25,1.4178,per_usd
2005-10-26,1.4241,per_usd
2005-10-27,1.4116,per_usd
2005-10-28,1.4213,per_usd
2005-10-31,1.428,per_usd
2005-11-01,1.4325,per_usd
2005-11-02,1.4453,per_usd
2005-11-03,1.4514,per_usd
2005-11-04,1.4654,per_usd
2005-11-07,1.4732,per_usd
2005-11-08,1.4635,per_usd
2005-11-09,1.4631,per_usd
2005-11-10,1.4545,per_usd
2005-11-14,1.4708,per_usd
2005-11-15,1.459,per_usd
2005-11-16,1.4603,per_usd
2005-11-17,1.4543,per_usd
2005-11-18,1.4562,per_usd
2005-11-21,1.451,per_usd
2005-11-22,1.4512,per_usd
2005-11-23,1.4413,per_usd
2005-11-25,1.4347,per_usd
2005-11-28,1.4267,per_usd
2005-11-29,1.4247,per_usd
2005-11-30,1.4231,per_usd
2005-12-01,1.4211,per_usd
2005-12-02,1.4035,per_usd
2005-12-05,1.3891,per_usd
2005-12-06,1.3945,per_usd
2005-12-07,1.4164,per_usd
2005-12-08,1.4257,per_usd
2005-12-09,1.4201,per_usd
2005-12-12,1.4053,per_usd
2005-12-13,1.4158,per_usd
2005-12-14,1.4142,per_usd
2005-12-15,1.4472,per_usd
2005-12-16,1.452,per_usd
2005-12-19,1.4489,per_usd
2005-12-20,1.4665,per_usd
2005-12-21,1.4749,per_usd
2005-12-22,1.4881,per_usd
2005-12-23,1.4859,per_usd
2005-12-27,1.4819,per_usd
2005-12-28,1.4656,per_usd
2005-12-29,1.4663,per_usd
2005-12-30,1.4609,per_usd
2006-01-03,1.4674,per_usd
2006-01-04,1.4529,per_usd
2006-01-05,1.4545,per_usd
2006-01-06,1.4474,per_usd
2006-01-09,1.4447,per_usd
2006-01-10,1.4422,per_usd
2006-01-11,1.4343,per_usd
2006-01-12,1.4426,per_usd
2006-01-13,1.4335,per_usd
2006-01-17,1.4486,per_usd
2006-01-18,1.4556,per_usd
2006-01-19,1.4738,per_usd
2006-01-20,1.4741,per_usd
2006-01-23,1.4622,per_usd
2006-01-24,1.4665,per_usd
2006-01-25,1.4599,per_usd
2006-01-26,1.4601,per_usd
2006-01-27,1.4624,per_usd
2006-01-30,1.4663,per_usd
2006-01-31,1.4584,per_usd
2006-02-01,1.4588,per_usd
2006-02-02,1.4507,per_usd
2006-02-03,1.4558,per_usd
2006-02-06,1.4676,per_usd
2006-02-07,1.4652,per_usd
2006-02-08,1.4751,per_usd
2006-02-09,1.476,per_usd
2006-02-10,1.4721,per_usd
2006-02-13,1.471,per_usd
2006-02-14,1.4843,per_usd
2006-02-15,1.4789,per_usd
2006-02-16,1.4948,per_usd
2006-02-17,1.4984,per_usd
2006-02-21,1.5099,per_usd
2006-02-22,1.5179,per_usd
2006-02-23,1.5097,per_usd
2006-02-24,1.5083,per_usd
2006-02-27,1.5129,per_usd
2006-02-28,1.5074,per_usd
2006-03-01,1.5078,per_usd
2006-03-02,1.5035,per_usd
2006-03-03,1.502,per_usd
2006-03-06,1.5218,per_usd
2006-03-07,1.5427,per_usd
2006-03-08,1.5408,per_usd
2006-03-09,1.5423,per_usd
2006-03-10,1.5586,per_usd
2006-03-13,1.5605,per_usd
2006-03-14,1.5659,per_usd
2006-03-15,1.5504,per_usd
2006-03-16,1.5681,per_usd
2006-03-17,1.5768,per_usd
2006-03-20,1.5985,per_usd
2006-03-21,1.6064,per_usd
2006-03-22,1.5924,per_usd
2006-03-23,1.6023,per_usd
2006-03-24,1.6345,per_usd
2006-03-27,1.6493,per_usd
2006-03-28,1.6559,per_usd
2006-03-29,1.657,per_usd
2006-03-30,1.6383,per_usd
2006-03-31,1.6223,per_usd
2006-04-03,1.6265,per_usd
2006-04-04,1.6437,per_usd
2006-04-05,1.6289,per_usd
2006-04-06,1.6271,per_usd
2006-04-07,1.6383,per_usd
2006-04-10,1.6437,per_usd
2006-04-11,1.638,per_usd
2006-04-12,1.6265,per_usd
2006-04-13,1.6108,per_usd
2006-04-14,1.6181,per_usd
2006-04-17,1.6015,per_usd
2006-04-18,1.5929,per_usd
2006-04-19,1.5788,per_usd
2006-04-20,1.5946,per_usd
2006-04-21,1.578,per_usd
2006-04-24,1.584,per_usd
2006-04-25,1.6,per_usd
2006-04-26,1.5805,per_usd
2006-04-27,1.5803,per_usd
2006-04-28,1.5704,per_usd
2006-05-01,1.5681,per_usd
2006-05-02,1.5601,per_usd
2006-05-03,1.5564,per_usd
2006-05-04,1.5559,per_usd
2006-05-05,1.5593,per_usd
2006-05-08,1.58,per_usd
2006-05-09,1.5924,per_usd
2006-05-10,1.5931,per_usd
2006-05-11,1.5833,per_usd
2006-05-12,1.5896,per_usd
2006-05-15,1.6062,per_usd
2006-05-16,1.6023,per_usd
2006-05-17,1.6163,per_usd
2006-05-18,1.6044,per_usd
2006-05-19,1.6082,per_usd
2006-05-22,1.6176,per_usd
2006-05-23,1.6026,per_usd
2006-05-24,1.5865,per_usd
2006-05-25,1.5681,per_usd
2006-05-26,1.58,per_usd
2006-05-30,1.5652,per_usd
2006-05-31,1.5708,per_usd
2006-06-01,1.5828,per_usd
2006-06-02,1.5855,per_usd
2006-06-05,1.5783,per_usd
2006-06-06,1.5911,per_usd
2006-06-07,1.5964,per_usd
2006-06-08,1.5952,per_usd
2006-06-09,1.578,per_usd
2006-06-12,1.5863,per_usd
2006-06-13,1.6046,per_usd
2006-06-14,1.6013,per_usd
2006-06-15,1.608,per_usd
2006-06-16,1.62,per_usd
2006-06-19,1.62,per_usd
2006-06-20,1.6113,per_usd
2006-06-21,1.6134,per_usd
2006-06-22,1.6359,per_usd
2006-06-23,1.6496,per_usd
2006-06-26,1.6551,per_usd
2006-06-27,1.6491,per_usd
2006-06-28,1.677,per_usd
2006-06-29,1.6784,per_usd
2006-06-30,1.638,per_usd
2006-07-03,1.6447,per_usd
2006-07-05,1.6521,per_usd
2006-07-06,1.6543,per_usd
2006-07-07,1.6407,per_usd
2006-07-10,1.6369,per_usd
2006-07-11,1.6268,per_usd
2006-07-12,1.625,per_usd
2006-07-13,1.6155,per_usd
2006-07-14,1.6111,per_usd
2006-07-17,1.6067,per_usd
2006-07-18,1.5977,per_usd
2006-07-19,1.6051,per_usd
2006-07-20,1.6044,per_usd
2006-07-21,1.5987,per_usd
2006-07-24,1.6051,per_usd
2006-07-25,1.6005,per_usd
2006-07-26,1.6,per_usd
2006-07-27,1.6113,per_usd
2006-07-28,1.6197,per_usd
2006-07-31,1.6221,per_usd
2006-08-01,1.6158,per_usd
2006-08-02,1.6119,per_usd
2006-08-03,1.616,per_usd
2006-08-04,1.6015,per_usd
2006-08-07,1.6018,per_usd
2006-08-08,1.5977,per_usd
2006-08-09,1.585,per_usd
2006-08-10,1.5785,per_usd
2006-08-11,1.5748,per_usd
2006-08-14,1.5835,per_usd
2006-08-15,1.5765,per_usd
2006-08-16,1.5555,per_usd
2006-08-17,1.5569,per_usd
2006-08-18,1.564,per_usd
2006-08-21,1.5586,per_usd
2006-08-22,1.5669,per_usd
2006-08-23,1.5613,per_usd
2006-08-24,1.5694,per_usd
2006-08-25,1.5728,per_usd
2006-08-28,1.5657,per_usd
2006-08-29,1.5588,per_usd
2006-08-30,1.538,per_usd
2006-08-31,1.5279,per_usd
2006-09-01,1.5267,per_usd
2006-09-05,1.5458,per_usd
2006-09-06,1.542,per_usd
2006-09-07,1.5425,per_usd
2006-09-08,1.5699,per_usd
2006-09-11,1.5649,per_usd
2006-09-12,1.554,per_usd
2006-09-13,1.5485,per_usd
2006-09-14,1.5131,per_usd
2006-09-15,1.5085,per_usd
2006-09-18,1.5026,per_usd
2006-09-19,1.5078,per_usd
2006-09-20,1.5106,per_usd
2006-09-21,1.511,per_usd
2006-09-22,1.5161,per_usd
2006-09-25,1.4957,per_usd
2006-09-26,1.5002,per_usd
2006-09-27,1.5209,per_usd
2006-09-28,1.5244,per_usd
2006-09-29,1.5314,per_usd
2006-10-02,1.5211,per_usd
2006-10-03,1.5161,per_usd
2006-10-04,1.5106,per_usd
2006-10-05,1.5069,per_usd
2006-10-06,1.5158,per_usd
2006-10-10,1.5152,per_usd
2006-10-11,1.5124,per_usd
2006-10-12,1.5147,per_usd
2006-10-13,1.5214,per_usd
2006-10-16,1.5191,per_usd
2006-10-17,1.502,per_usd
2006-10-18,1.5067,per_usd
2006-10-19,1.4977,per_usd
2006-10-20,1.4979,per_usd
2006-10-23,1.5085,per_usd
2006-10-24,1.5088,per_usd
2006-10-25,1.5131,per_usd
2006-10-26,1.5267,per_usd
2006-10-27,1.5106,per_usd
2006-10-30,1.5026,per_usd
2006-10-31,1.491,per_usd
2006-11-01,1.4852,per_usd
2006-11-02,1.4837,per_usd
2006-11-03,1.4925,per_usd
2006-11-06,1.4963,per_usd
2006-11-07,1.4883,per_usd
2006-11-08,1.4968,per_usd
2006-11-09,1.5035,per_usd
2006-11-10,1.5011,per_usd
2006-11-13,1.5161,per_usd
2006-11-14,1.5152,per_usd
2006-11-15,1.5168,per_usd
2006-11-16,1.5031,per_usd
2006-11-17,1.5065,per_usd
2006-11-20,1.4968,per_usd
2006-11-21,1.4948,per_usd
2006-11-22,1.4883,per_usd
2006-11-24,1.4899,per_usd
2006-11-27,1.493,per_usd
2006-11-28,1.4786,per_usd
2006-11-29,1.4719,per_usd
2006-11-30,1.4599,per_usd
2006-12-01,1.4613,per_usd
2006-12-04,1.448,per_usd
2006-12-05,1.4569,per_usd
2006-12-06,1.4601,per_usd
2006-12-07,1.4478,per_usd
2006-12-08,1.4495,per_usd
2006-12-11,1.4529,per_usd
2006-12-12,1.4484,per_usd
2006-12-13,1.4482,per_usd
2006-12-14,1.4484,per_usd
2006-12-15,1.4478,per_usd
2006-12-18,1.4495,per_usd
2006-12-19,1.4393,per_usd
2006-12-20,1.4378,per_usd
2006-12-21,1.4358,per_usd
2006-12-22,1.4296,per_usd
2006-12-26,1.4278,per_usd
2006-12-27,1.4235,per_usd
2006-12-28,1.417,per_usd
2006-12-29,1.4192,per_usd
2007-01-02,1.4116,per_usd
2007-01-03,1.418,per_usd
2007-01-04,1.4325,per_usd
2007-01-05,1.4548,per_usd
2007-01-08,1.4535,per_usd
2007-01-09,1.4501,per_usd
2007-01-10,1.4548,per_usd
2007-01-11,1.4434,per_usd
2007-01-12,1.4461,per_usd
2007-01-16,1.4399,per_usd
2007-01-17,1.4472,per_usd
2007-01-18,1.4399,per_usd
2007-01-19,1.4378,per_usd
2007-01-22,1.4298,per_usd
2007-01-23,1.4241,per_usd
2007-01-24,1.4355,per_usd
2007-01-25,1.4292,per_usd
2007-01-26,1.4386,per_usd
2007-01-29,1.4337,per_usd
2007-01-30,1.4514,per_usd
2007-01-31,1.4586,per_usd
2007-02-01,1.4674,per_usd
2007-02-02,1.471,per_usd
2007-02-05,1.4628,per_usd
2007-02-06,1.4708,per_usd
2007-02-07,1.4594,per_usd
2007-02-08,1.4571,per_usd
2007-02-09,1.4626,per_usd
2007-02-12,1.459,per_usd
2007-02-13,1.4516,per_usd
2007-02-14,1.4399,per_usd
2007-02-15,1.4409,per_usd
2007-02-16,1.4337,per_usd
2007-02-20,1.4276,per_usd
2007-02-21,1.416,per_usd
2007-02-22,1.4174,per_usd
2007-02-23,1.415,per_usd
2007-02-26,1.4086,per_usd
2007-02-27,1.4196,per_usd
2007-02-28,1.4261,per_usd
2007-03-01,1.4403,per_usd
2007-03-02,1.4524,per_usd
2007-03-05,1.4745,per_usd
2007-03-06,1.4691,per_usd
2007-03-07,1.4622,per_usd
2007-03-08,1.4599,per_usd
2007-03-09,1.4461,per_usd
2007-03-12,1.4426,per_usd
2007-03-13,1.4337,per_usd
2007-03-14,1.4489,per_usd
2007-03-15,1.4393,per_usd
2007-03-16,1.4333,per_usd
2007-03-19,1.4243,per_usd
2007-03-20,1.4198,per_usd
2007-03-21,1.4194,per_usd
2007-03-22,1.3994,per_usd
2007-03-23,1.4037,per_usd
2007-03-26,1.3963,per_usd
2007-03-27,1.392,per_usd
2007-03-28,1.4071,per_usd
2007-03-29,1.3996,per_usd
2007-03-30,1.397,per_usd
2007-04-02,1.3862,per_usd
2007-04-03,1.3872,per_usd
2007-04-04,1.3879,per_usd
2007-04-05,1.3831,per_usd
2007-04-06,1.3848,per_usd
2007-04-09,1.3879,per_usd
2007-04-10,1.3716,per_usd
2007-04-11,1.3731,per_usd
2007-04-12,1.3725,per_usd
2007-04-13,1.3559,per_usd
2007-04-16,1.3497,per_usd
2007-04-17,1.3434,per_usd
2007-04-18,1.3455,per_usd
2007-04-19,1.3443,per_usd
2007-04-20,1.3401,per_usd
2007-04-23,1.3401,per_usd
2007-04-24,1.3466,per_usd
2007-04-25,1.3419,per_usd
2007-04-26,1.3563,per_usd
2007-04-27,1.3495,per_usd
2007-04-30,1.3468,per_usd
2007-05-01,1.3483,per_usd
2007-05-02,1.3537,per_usd
2007-05-03,1.3581,per_usd
2007-05-04,1.36,per_usd
2007-05-07,1.3556,per_usd
2007-05-08,1.3565,per_usd
2007-05-09,1.3615,per_usd
2007-05-10,1.365,per_usd
2007-05-11,1.362,per_usd
2007-05-14,1.3543,per_usd
2007-05-15,1.3537,per_usd
2007-05-16,1.3637,per_usd
2007-05-17,1.3689,per_usd
2007-05-18,1.368,per_usd
2007-05-21,1.371,per_usd
2007-05-22,1.3746,per_usd
2007-05-23,1.3676,per_usd
2007-05-24,1.3791,per_usd
2007-05-25,1.3761,per_usd
2007-05-29,1.3719,per_usd
2007-05-30,1.3691,per_usd
2007-05-31,1.3578,per_usd
2007-06-01,1.3452,per_usd
2007-06-04,1.3382,per_usd
2007-06-05,1.3305,per_usd
2007-06-06,1.3323,per_usd
2007-06-07,1.3238,per_usd
2007-06-08,1.3219,per_usd
2007-06-11,1.3346,per_usd
2007-06-12,1.3298,per_usd
2007-06-13,1.3326,per_usd
2007-06-14,1.333,per_usd
2007-06-15,1.3275,per_usd
2007-06-18,1.3263,per_usd
2007-06-19,1.3194,per_usd
2007-06-20,1.3111,per_usd
2007-06-21,1.3122,per_usd
2007-06-22,1.3038,per_usd
2007-06-25,1.305,per_usd
2007-06-26,1.3041,per_usd
2007-06-27,1.3177,per_usd
2007-06-28,1.2999,per_usd
2007-06-29,1.2937,per_usd
2007-07-02,1.2771,per_usd
2007-07-03,1.2798,per_usd
2007-07-05,1.2773,per_usd
2007-07-06,1.2783,per_usd
2007-07-09,1.2806,per_usd
2007-07-10,1.283,per_usd
2007-07-11,1.2832,per_usd
2007-07-12,1.2789,per_usd
2007-07-13,1.2724,per_usd
2007-07-16,1.2623,per_usd
2007-07-17,1.2642,per_usd
2007-07-18,1.2594,per_usd
2007-07-19,1.2621,per_usd
2007-07-20,1.2555,per_usd
2007-07-23,1.2441,per_usd
2007-07-24,1.2362,per_usd
2007-07-25,1.245,per_usd
2007-07-26,1.2642,per_usd
2007-07-27,1.3067,per_usd
2007-07-30,1.3115,per_usd
2007-07-31,1.2962,per_usd
2007-08-01,1.3116,per_usd
2007-08-02,1.2992,per_usd
2007-08-03,1.3084,per_usd
2007-08-06,1.3116,per_usd
2007-08-07,1.3139,per_usd
2007-08-08,1.3016,per_usd
2007-08-09,1.3196,per_usd
2007-08-10,1.3401,per_usd
2007-08-13,1.351,per_usd
2007-08-14,1.3689,per_usd
2007-08-15,1.3968,per_usd
2007-08-16,1.4756,per_usd
2007-08-17,1.4514,per_usd
2007-08-20,1.4372,per_usd
2007-08-21,1.4364,per_usd
2007-08-22,1.4273,per_usd
2007-08-23,1.411,per_usd
2007-08-24,1.3922,per_usd
2007-08-27,1.3924,per_usd
2007-08-28,1.4221,per_usd
2007-08-29,1.4231,per_usd
2007-08-30,1.4196,per_usd
2007-08-31,1.4235,per_usd
2007-09-03,1.4235,per_usd
2007-09-04,1.4312,per_usd
2007-09-05,1.4493,per_usd
2007-09-06,1.4457,per_usd
2007-09-07,1.4516,per_usd
2007-09-10,1.4413,per_usd
2007-09-11,1.4253,per_usd
2007-09-12,1.4006,per_usd
2007-09-13,1.3945,per_usd
2007-09-14,1.4035,per_usd
2007-09-17,1.4196,per_usd
2007-09-18,1.4086,per_usd
2007-09-19,1.3646,per_usd
2007-09-20,1.3464,per_usd
2007-09-21,1.3486,per_usd
2007-09-24,1.3423,per_usd
2007-09-25,1.3528,per_usd
2007-09-26,1.3432,per_usd
2007-09-27,1.3371,per_usd
2007-09-28,1.3214,per_usd
2007-10-01,1.3051,per_usd
2007-10-02,1.3144,per_usd
2007-10-03,1.3154,per_usd
2007-10-04,1.324,per_usd
2007-10-05,1.3111,per_usd
2007-10-08,1.3111,per_usd
2007-10-09,1.312,per_usd
2007-10-10,1.3092,per_usd
2007-10-11,1.2923,per_usd
2007-10-12,1.2895,per_usd
2007-10-15,1.3067,per_usd
2007-10-16,1.3416,per_usd
2007-10-17,1.3266,per_usd
2007-10-18,1.3284,per_usd
2007-10-19,1.33,per_usd
2007-10-22,1.3493,per_usd
2007-10-23,1.3287,per_usd
2007-10-24,1.331,per_usd
2007-10-25,1.3144,per_usd
2007-10-26,1.3074,per_usd
2007-10-29,1.3016,per_usd
2007-10-30,1.3051,per_usd
2007-10-31,1.2999,per_usd
2007-11-01,1.3113,per_usd
2007-11-02,1.3137,per_usd
2007-11-05,1.304,per_usd
2007-11-06,1.2885,per_usd
2007-11-07,1.2757,per_usd
2007-11-08,1.2882,per_usd
2007-11-09,1.3038,per_usd
2007-11-13,1.3256,per_usd
2007-11-14,1.3079,per_usd
2007-11-15,1.3187,per_usd
2007-11-16,1.3229,per_usd
2007-11-19,1.325,per_usd
2007-11-20,1.3118,per_usd
2007-11-21,1.3321,per_usd
2007-11-22,1.3321,per_usd
2007-11-23,1.3231,per_usd
2007-11-26,1.3231,per_usd
2007-11-27,1.3196,per_usd
2007-11-28,1.2984,per_usd
2007-11-29,1.295,per_usd
2007-11-30,1.3036,per_usd
2007-12-03,1.3043,per_usd
2007-12-04,1.3111,per_usd
2007-12-05,1.3012,per_usd
2007-12-06,1.2933,per_usd
2007-12-07,1.2829,per_usd
2007-12-10,1.2834,per_usd
2007-12-11,1.2775,per_usd
2007-12-12,1.2663,per_usd
2007-12-13,1.2789,per_usd
2007-12-14,1.3029,per_usd
2007-12-17,1.327,per_usd
2007-12-18,1.331,per_usd
2007-12-19,1.3233,per_usd
2007-12-20,1.3228,per_usd
2007-12-21,1.3079,per_usd
2007-12-24,1.3033,per_usd
2007-12-26,1.3017,per_usd
2007-12-27,1.299,per_usd
2007-12-28,1.2937,per_usd
2007-12-31,1.3024,per_usd
2008-01-02,1.2933,per_usd
2008-01-03,1.29,per_usd
2008-01-04,1.2967,per_usd
2008-01-07,1.3046,per_usd
2008-01-08,1.2957,per_usd
2008-01-09,1.2965,per_usd
2008-01-10,1.2791,per_usd
2008-01-11,1.2742,per_usd
2008-01-14,1.2658,per_usd
2008-01-15,1.2802,per_usd
2008-01-16,1.2989,per_usd
2008-01-17,1.2997,per_usd
2008-01-18,1.32,per_usd
2008-01-22,1.3089,per_usd
2008-01-23,1.3186,per_usd
2008-01-24,1.2928,per_usd
2008-01-25,1.2975,per_usd
2008-01-28,1.2907,per_usd
2008-01-29,1.2849,per_usd
2008-01-30,1.2798,per_usd
2008-01-31,1.2684,per_usd
2008-02-01,1.2582,per_usd
2008-02-04,1.258,per_usd
2008-02-05,1.2736,per_usd
2008-02-06,1.2734,per_usd
2008-02-07,1.2658,per_usd
2008-02-08,1.2689,per_usd
2008-02-11,1.2687,per_usd
2008-02-12,1.2588,per_usd
2008-02-13,1.2776,per_usd
2008-02-14,1.2666,per_usd
2008-02-15,1.2676,per_usd
2008-02-19,1.2509,per_usd
2008-02-20,1.2587,per_usd
2008-02-21,1.2488,per_usd
2008-02-22,1.2407,per_usd
2008-02-25,1.2373,per_usd
2008-02-26,1.2303,per_usd
2008-02-27,1.2232,per_usd
2008-02-28,1.2276,per_usd
2008-02-29,1.2458,per_usd
2008-03-03,1.2392,per_usd
2008-03-04,1.2542,per_usd
2008-03-05,1.2495,per_usd
2008-03-06,1.2494,per_usd
2008-03-07,1.259,per_usd
2008-03-10,1.2644,per_usd
2008-03-11,1.2508,per_usd
2008-03-12,1.2402,per_usd
2008-03-13,1.2294,per_usd
2008-03-14,1.2271,per_usd
2008-03-17,1.2516,per_usd
2008-03-18,1.2355,per_usd
2008-03-19,1.2447,per_usd
2008-03-20,1.2689,per_usd
2008-03-21,1.2626,per_usd
2008-03-24,1.255,per_usd
2008-03-25,1.2444,per_usd
2008-03-26,1.2455,per_usd
2008-03-27,1.2436,per_usd
2008-03-28,1.2528,per_usd
2008-03-31,1.2723,per_usd
2008-04-01,1.2798,per_usd
2008-04-02,1.265,per_usd
2008-04-03,1.2718,per_usd
2008-04-04,1.2684,per_usd
2008-04-07,1.255,per_usd
2008-04-08,1.2552,per_usd
2008-04-09,1.256,per_usd
2008-04-10,1.2523,per_usd
2008-04-11,1.2591,per_usd
2008-04-14,1.2697,per_usd
2008-04-15,1.2752,per_usd
2008-04-16,1.2641,per_usd
2008-04-17,1.2687,per_usd
2008-04-18,1.2706,per_usd
2008-04-21,1.2601,per_usd
2008-04-22,1.2533,per_usd
2008-04-23,1.2517,per_usd
2008-04-24,1.2674,per_usd
2008-04-25,1.2778,per_usd
2008-04-28,1.2708,per_usd
2008-04-29,1.2885,per_usd
2008-04-30,1.2804,per_usd
2008-05-01,1.2868,per_usd
2008-05-02,1.278,per_usd
2008-05-05,1.2728,per_usd
2008-05-06,1.2634,per_usd
2008-05-07,1.278,per_usd
2008-05-08,1.2933,per_usd
2008-05-09,1.3041,per_usd
2008-05-12,1.2972,per_usd
2008-05-13,1.3023,per_usd
2008-05-14,1.3115,per_usd
2008-05-15,1.3163,per_usd
2008-05-16,1.2923,per_usd
2008-05-19,1.2937,per_usd
2008-05-20,1.2888,per_usd
2008-05-21,1.2812,per_usd
2008-05-22,1.2744,per_usd
2008-05-23,1.2697,per_usd
2008-05-27,1.2661,per_usd
2008-05-28,1.2755,per_usd
2008-05-29,1.2847,per_usd
2008-05-30,1.2758,per_usd
2008-06-02,1.2739,per_usd
2008-06-03,1.276,per_usd
2008-06-04,1.2781,per_usd
2008-06-05,1.3067,per_usd
2008-06-06,1.3043,per_usd
2008-06-09,1.312,per_usd
2008-06-10,1.3319,per_usd
2008-06-11,1.3221,per_usd
2008-06-12,1.333,per_usd
2008-06-13,1.3326,per_usd
2008-06-16,1.3284,per_usd
2008-06-17,1.3261,per_usd
2008-06-18,1.3224,per_usd
2008-06-19,1.3125,per_usd
2008-06-20,1.311,per_usd
2008-06-23,1.3221,per_usd
2008-06-24,1.3168,per_usd
2008-06-25,1.3222,per_usd
2008-06-26,1.3212,per_usd
2008-06-27,1.312,per_usd
2008-06-30,1.3142,per_usd
2008-07-01,1.3215,per_usd
2008-07-02,1.3129,per_usd
2008-07-03,1.3221,per_usd
2008-07-07,1.3298,per_usd
2008-07-08,1.3307,per_usd
2008-07-09,1.3137,per_usd
2008-07-10,1.3196,per_usd
2008-07-11,1.3139,per_usd
2008-07-14,1.3094,per_usd
2008-07-15,1.2952,per_usd
2008-07-16,1.2955,per_usd
2008-07-17,1.3055,per_usd
2008-07-18,1.3113,per_usd
2008-07-21,1.3161,per_usd
2008-07-22,1.3149,per_usd
2008-07-23,1.3303,per_usd
2008-07-24,1.3483,per_usd
2008-07-25,1.3479,per_usd
2008-07-28,1.3421,per_usd
2008-07-29,1.358,per_usd
2008-07-30,1.3613,per_usd
2008-07-31,1.3624,per_usd
2008-08-01,1.3759,per_usd
2008-08-04,1.3708,per_usd
2008-08-05,1.378,per_usd
2008-08-06,1.393,per_usd
2008-08-07,1.3986,per_usd
2008-08-08,1.4184,per_usd
2008-08-11,1.4261,per_usd
2008-08-12,1.4308,per_usd
2008-08-13,1.4353,per_usd
2008-08-14,1.4296,per_usd
2008-08-15,1.4174,per_usd
2008-08-18,1.4037,per_usd
2008-08-19,1.4039,per_usd
2008-08-20,1.4061,per_usd
2008-08-21,1.3922,per_usd
2008-08-22,1.4073,per_usd
2008-08-25,1.4102,per_usd
2008-08-26,1.4351,per_usd
2008-08-27,1.4323,per_usd
2008-08-28,1.4247,per_usd
2008-08-29,1.4304,per_usd
2008-09-02,1.4573,per_usd
2008-09-03,1.4607,per_usd
2008-09-04,1.4719,per_usd
2008-09-05,1.5008,per_usd
2008-09-08,1.4928,per_usd
2008-09-09,1.4883,per_usd
2008-09-10,1.5011,per_usd
2008-09-11,1.5368,per_usd
2008-09-12,1.5072,per_usd
2008-09-15,1.5152,per_usd
2008-09-16,1.5188,per_usd
2008-09-17,1.5291,per_usd
2008-09-18,1.4885,per_usd
2008-09-19,1.4558,per_usd
2008-09-22,1.4411,per_usd
2008-09-23,1.4599,per_usd
2008-09-24,1.4573,per_usd
2008-09-25,1.4631,per_usd
2008-09-26,1.4582,per_usd
2008-09-29,1.4745,per_usd
2008-09-30,1.4948,per_usd
2008-10-01,1.4738,per_usd
2008-10-02,1.5051,per_usd
2008-10-03,1.5092,per_usd
2008-10-06,1.5964,per_usd
2008-10-07,1.5718,per_usd
2008-10-08,1.662,per_usd
2008-10-09,1.6205,per_usd
2008-10-10,1.6779,per_usd
2008-10-14,1.6008,per_usd
2008-10-15,1.6171,per_usd
2008-10-16,1.6388,per_usd
2008-10-17,1.6252,per_usd
2008-10-20,1.6142,per_usd
2008-10-21,1.6335,per_usd
2008-10-22,1.6844,per_usd
2008-10-23,1.6972,per_usd
2008-10-24,1.8054,per_usd
2008-10-27,1.8484,per_usd
2008-10-28,1.809,per_usd
2008-10-29,1.7079,per_usd
2008-10-30,1.7015,per_usd
2008-10-31,1.7197,per_usd
2008-11-03,1.6736,per_usd
2008-11-04,1.6327,per_usd
2008-11-05,1.6461,per_usd
2008-11-06,1.6767,per_usd
2008-11-07,1.6955,per_usd
2008-11-10,1.7033,per_usd
2008-11-12,1.773,per_usd
2008-11-13,1.7979,per_usd
2008-11-14,1.7781,per_usd
2008-11-17,1.7854,per_usd
2008-11-18,1.8018,per_usd
2008-11-19,1.8162,per_usd
2008-11-20,1.8825,per_usd
2008-11-21,1.8822,per_usd
2008-11-24,1.8278,per_usd
2008-11-25,1.8285,per_usd
2008-11-26,1.8208,per_usd
2008-11-28,1.8182,per_usd
2008-12-01,1.8674,per_usd
2008-12-02,1.8801,per_usd
2008-12-03,1.8741,per_usd
2008-12-04,1.858,per_usd
2008-12-05,1.9055,per_usd
2008-12-08,1.8352,per_usd
2008-12-09,1.8403,per_usd
2008-12-10,1.8258,per_usd
2008-12-11,1.7995,per_usd
2008-12-12,1.8355,per_usd
2008-12-15,1.7999,per_usd
2008-12-16,1.7693,per_usd
2008-12-17,1.6972,per_usd
2008-12-18,1.6846,per_usd
2008-12-19,1.7367,per_usd
2008-12-22,1.7416,per_usd
2008-12-23,1.764,per_usd
2008-12-24,1.7406,per_usd
2008-12-26,1.7361,per_usd
2008-12-29,1.7167,per_usd
2008-12-30,1.7331,per_usd
2008-12-31,1.7197,per_usd
2009-01-02,1.7094,per_usd
2009-01-05,1.7007,per_usd
2009-01-06,1.6821,per_usd
2009-01-07,1.665,per_usd
2009-01-08,1.6866,per_usd
2009-01-09,1.6855,per_usd
2009-01-12,1.728,per_usd
2009-01-13,1.8106,per_usd
2009-01-14,1.842,per_usd
2009-01-15,1.885,per_usd
2009-01-16,1.8467,per_usd
2009-01-20,1.8965,per_usd
2009-01-21,1.9175,per_usd
2009-01-22,1.8993,per_usd
2009-01-23,1.8975,per_usd
2009-01-26,1.8847,per_usd
2009-01-27,1.8925,per_usd
2009-01-28,1.8709,per_usd
2009-01-29,1.9376,per_usd
2009-01-30,1.967,per_usd
2009-02-02,1.9897,per_usd
2009-02-03,1.9558,per_usd
2009-02-04,1.9543,per_usd
2009-02-05,1.9399,per_usd
2009-02-06,1.8868,per_usd
2009-02-09,1.8376,per_usd
2009-02-10,1.8918,per_usd
2009-02-11,1.9011,per_usd
2009-02-12,1.922,per_usd
2009-02-13,1.899,per_usd
2009-02-17,1.9569,per_usd
2009-02-18,1.9581,per_usd
2009-02-19,1.952,per_usd
2009-02-20,1.9708,per_usd
2009-02-23,1.96,per_usd
2009-02-24,1.9612,per_usd
2009-02-25,1.9543,per_usd
2009-02-26,1.9558,per_usd
2009-02-27,1.9881,per_usd
2009-03-02,2.03,per_usd
2009-03-03,2.0194,per_usd
2009-03-04,1.9763,per_usd
2009-03-05,1.994,per_usd
2009-03-06,1.9837,per_usd
2009-03-09,2.0296,per_usd
2009-03-10,1.9877,per_usd
2009-03-11,1.9747,per_usd
2009-03-12,1.9455,per_usd
2009-03-13,1.9069,per_usd
2009-03-16,1.8797,per_usd
2009-03-17,1.8925,per_usd
2009-03-18,1.8921,per_usd
2009-03-19,1.7832,per_usd
2009-03-20,1.7841,per_usd
2009-03-23,1.7562,per_usd
2009-03-24,1.7596,per_usd
2009-03-25,1.7581,per_usd
2009-03-26,1.7256,per_usd
2009-03-27,1.7504,per_usd
2009-03-30,1.7797,per_usd
2009-03-31,1.7569,per_usd
2009-04-01,1.7746,per_usd
2009-04-02,1.7188,per_usd
2009-04-03,1.7241,per_usd
2009-04-06,1.7033,per_usd
2009-04-07,1.7247,per_usd
2009-04-08,1.728,per_usd
2009-04-09,1.7218,per_usd
2009-04-10,1.7156,per_usd
2009-04-13,1.6989,per_usd
2009-04-14,1.7074,per_usd
2009-04-15,1.7364,per_usd
2009-04-16,1.7516,per_usd
2009-04-17,1.7624,per_usd
2009-04-20,1.7989,per_usd
2009-04-21,1.7768,per_usd
2009-04-22,1.7889,per_usd
2009-04-23,1.7924,per_usd
2009-04-24,1.7476,per_usd
2009-04-27,1.7562,per_usd
2009-04-28,1.7889,per_usd
2009-04-29,1.7364,per_usd
2009-04-30,1.7559,per_usd
2009-05-01,1.7584,per_usd
2009-05-04,1.7422,per_usd
2009-05-05,1.7179,per_usd
2009-05-06,1.7167,per_usd
2009-05-07,1.6773,per_usd
2009-05-08,1.6711,per_usd
2009-05-11,1.6496,per_usd
2009-05-12,1.6556,per_usd
2009-05-13,1.6815,per_usd
2009-05-14,1.6824,per_usd
2009-05-15,1.701,per_usd
2009-05-18,1.692,per_usd
2009-05-19,1.66,per_usd
2009-05-20,1.6407,per_usd
2009-05-21,1.6504,per_usd
2009-05-22,1.609,per_usd
2009-05-26,1.6075,per_usd
2009-05-27,1.6051,per_usd
2009-05-28,1.5977,per_usd
2009-05-29,1.5699,per_usd
2009-06-01,1.5363,per_usd
2009-06-02,1.5265,per_usd
2009-06-03,1.5632,per_usd
2009-06-04,1.5835,per_usd
2009-06-05,1.5803,per_usd
2009-06-08,1.6186,per_usd
2009-06-09,1.601,per_usd
2009-06-10,1.5886,per_usd
2009-06-11,1.5492,per_usd
2009-06-12,1.5557,per_usd
2009-06-15,1.5898,per_usd
2009-06-16,1.576,per_usd
2009-06-17,1.5911,per_usd
2009-06-18,1.5535,per_usd
2009-06-19,1.5442,per_usd
2009-06-22,1.5833,per_usd
2009-06-23,1.5711,per_usd
2009-06-24,1.5482,per_usd
2009-06-25,1.5552,per_usd
2009-06-26,1.5516,per_usd
2009-06-29,1.5375,per_usd
2009-06-30,1.5511,per_usd
2009-07-01,1.5499,per_usd
2009-07-02,1.5886,per_usd
2009-07-03,1.5858,per_usd
2009-07-06,1.587,per_usd
2009-07-07,1.5741,per_usd
2009-07-08,1.6021,per_usd
2009-07-09,1.5865,per_usd
2009-07-10,1.5977,per_usd
2009-07-13,1.5848,per_usd
2009-07-14,1.5741,per_usd
2009-07-15,1.5399,per_usd
2009-07-16,1.5516,per_usd
2009-07-17,1.5547,per_usd
2009-07-20,1.5265,per_usd
2009-07-21,1.5279,per_usd
2009-07-22,1.5211,per_usd
2009-07-23,1.5119,per_usd
2009-07-24,1.5221,per_usd
2009-07-27,1.5265,per_usd
2009-07-28,1.517,per_usd
2009-07-29,1.5288,per_usd
2009-07-30,1.5312,per_usd
2009-07-31,1.514,per_usd
2009-08-03,1.4963,per_usd
2009-08-04,1.499,per_usd
2009-08-05,1.4877,per_usd
2009-08-06,1.4903,per_usd
2009-08-07,1.4872,per_usd
2009-08-10,1.4802,per_usd
2009-08-11,1.4957,per_usd
2009-08-12,1.487,per_usd
2009-08-13,1.4756,per_usd
2009-08-14,1.4758,per_usd
2009-08-17,1.4959,per_usd
2009-08-18,1.4896,per_usd
2009-08-19,1.4819,per_usd
2009-08-20,1.4802,per_usd
2009-08-21,1.4643,per_usd
2009-08-24,1.4526,per_usd
2009-08-25,1.4514,per_usd
2009-08-26,1.471,per_usd
2009-08-27,1.4652,per_usd
2009-08-28,1.4558,per_usd
2009-08-31,1.4586,per_usd
2009-09-01,1.4719,per_usd
2009-09-02,1.4879,per_usd
2009-09-03,1.4734,per_usd
2009-09-04,1.4573,per_usd
2009-09-08,1.4353,per_usd
2009-09-09,1.4345,per_usd
2009-09-10,1.432,per_usd
2009-09-11,1.4126,per_usd
2009-09-14,1.4286,per_usd
2009-09-15,1.4247,per_usd
2009-09-16,1.4023,per_usd
2009-09-17,1.4059,per_usd
2009-09-18,1.4102,per_usd
2009-09-21,1.4136,per_usd
2009-09-22,1.3852,per_usd
2009-09-23,1.3835,per_usd
2009-09-24,1.3883,per_usd
2009-09-25,1.3951,per_usd
2009-09-28,1.3912,per_usd
2009-09-29,1.3998,per_usd
2009-09-30,1.3826,per_usd
2009-10-01,1.3951,per_usd
2009-10-02,1.3957,per_usd
2009-10-05,1.3774,per_usd
2009-10-06,1.3578,per_usd
2009-10-07,1.3644,per_usd
2009-10-08,1.3444,per_usd
2009-10-09,1.3656,per_usd
2009-10-13,1.3598,per_usd
2009-10-14,1.3557,per_usd
2009-10-15,1.3417,per_usd
2009-10-16,1.3521,per_usd
2009-10-19,1.328,per_usd
2009-10-20,1.3407,per_usd
2009-10-21,1.3221,per_usd
2009-10-22,1.3261,per_usd
2009-10-23,1.3215,per_usd
2009-10-26,1.3342,per_usd
2009-10-27,1.3412,per_usd
2009-10-28,1.3665,per_usd
2009-10-29,1.3659,per_usd
2009-10-30,1.3831,per_usd
2009-11-02,1.3841,per_usd
2009-11-03,1.3931,per_usd
2009-11-04,1.3793,per_usd
2009-11-05,1.391,per_usd
2009-11-06,1.3806,per_usd
2009-11-09,1.3488,per_usd
2009-11-10,1.3497,per_usd
2009-11-12,1.3631,per_usd
2009-11-13,1.3481,per_usd
2009-11-16,1.3387,per_usd
2009-11-17,1.3459,per_usd
2009-11-18,1.3396,per_usd
2009-11-19,1.368,per_usd
2009-11-20,1.3789,per_usd
2009-11-23,1.362,per_usd
2009-11-24,1.3816,per_usd
2009-11-25,1.371,per_usd
2009-11-27,1.4059,per_usd
2009-11-30,1.3984,per_usd
2009-12-01,1.3727,per_usd
2009-12-02,1.3818,per_usd
2009-12-03,1.3826,per_usd
2009-12-04,1.3949,per_usd
2009-12-07,1.4025,per_usd
2009-12-08,1.4077,per_usd
2009-12-09,1.4035,per_usd
2009-12-10,1.3708,per_usd
2009-12-11,1.3814,per_usd
2009-12-14,1.3719,per_usd
2009-12-15,1.3854,per_usd
2009-12-16,1.3845,per_usd
2009-12-17,1.4086,per_usd
2009-12-18,1.4104,per_usd
2009-12-21,1.4108,per_usd
2009-12-22,1.4239,per_usd
2009-12-23,1.417,per_usd
2009-12-24,1.4184,per_usd
2009-12-28,1.4106,per_usd
2009-12-29,1.3893,per_usd
2009-12-30,1.3864,per_usd
2009-12-31,1.3784,per_usd
2010-01-04,1.3648,per_usd
2010-01-05,1.3592,per_usd
2010-01-06,1.3596,per_usd
2010-01-07,1.3652,per_usd
2010-01-08,1.3628,per_usd
2010-01-11,1.3472,per_usd
2010-01-12,1.3484,per_usd
2010-01-13,1.3524,per_usd
2010-01-14,1.3468,per_usd
2010-01-15,1.355,per_usd
2010-01-19,1.3548,per_usd
2010-01-20,1.3899,per_usd
2010-01-21,1.4002,per_usd
2010-01-22,1.4025,per_usd
2010-01-25,1.4,per_usd
2010-01-26,1.4205,per_usd
2010-01-27,1.4144,per_usd
2010-01-28,1.4047,per_usd
2010-01-29,1.4192,per_usd
2010-02-01,1.4152,per_usd
2010-02-02,1.4053,per_usd
2010-02-03,1.4126,per_usd
2010-02-04,1.455,per_usd
2010-02-05,1.462,per_usd
2010-02-08,1.4539,per_usd
2010-02-09,1.4409,per_usd
2010-02-10,1.4447,per_usd
2010-02-11,1.4286,per_usd
2010-02-12,1.4388,per_usd
2010-02-16,1.4186,per_usd
2010-02-17,1.4201,per_usd
2010-02-18,1.4253,per_usd
2010-02-19,1.437,per_usd
2010-02-22,1.4265,per_usd
2010-02-23,1.4388,per_usd
2010-02-24,1.442,per_usd
2010-02-25,1.4575,per_usd
2010-02-26,1.4286,per_usd
2010-03-01,1.4304,per_usd
2010-03-02,1.4364,per_usd
2010-03-03,1.4391,per_usd
2010-03-04,1.4545,per_usd
2010-03-05,1.4384,per_usd
2010-03-08,1.431,per_usd
2010-03-09,1.4231,per_usd
2010-03-10,1.4126,per_usd
2010-03-11,1.4294,per_usd
2010-03-12,1.4273,per_usd
2010-03-15,1.4288,per_usd
2010-03-16,1.4138,per_usd
2010-03-17,1.3966,per_usd
2010-03-18,1.4015,per_usd
2010-03-19,1.4102,per_usd
2010-03-22,1.4176,per_usd
2010-03-23,1.415,per_usd
2010-03-24,1.4239,per_usd
2010-03-25,1.4114,per_usd
2010-03-26,1.4213,per_usd
2010-03-29,1.4108,per_usd
2010-03-30,1.4096,per_usd
2010-03-31,1.4088,per_usd
2010-04-01,1.4126,per_usd
2010-04-02,1.4164,per_usd
2010-04-05,1.4188,per_usd
2010-04-06,1.4265,per_usd
2010-04-07,1.4126,per_usd
2010-04-08,1.4148,per_usd
2010-04-09,1.3966,per_usd
2010-04-12,1.4017,per_usd
2010-04-13,1.4021,per_usd
2010-04-14,1.399,per_usd
2010-04-15,1.4071,per_usd
2010-04-16,1.4126,per_usd
2010-04-19,1.4144,per_usd
2010-04-20,1.4053,per_usd
2010-04-21,1.4102,per_usd
2010-04-22,1.4096,per_usd
2010-04-23,1.3994,per_usd
2010-04-26,1.3816,per_usd
2010-04-27,1.4065,per_usd
2010-04-28,1.3953,per_usd
2010-04-29,1.3831,per_usd
2010-04-30,1.3661,per_usd
2010-05-03,1.3686,per_usd
2010-05-04,1.3827,per_usd
2010-05-05,1.3926,per_usd
2010-05-06,1.4,per_usd
2010-05-07,1.3986,per_usd
2010-05-10,1.3848,per_usd
2010-05-11,1.3873,per_usd
2010-05-12,1.4017,per_usd
2010-05-13,1.3935,per_usd
2010-05-14,1.4059,per_usd
2010-05-17,1.4409,per_usd
2010-05-18,1.4329,per_usd
2010-05-19,1.491,per_usd
2010-05-20,1.4928,per_usd
2010-05-21,1.4699,per_usd
2010-05-24,1.481,per_usd
2010-05-25,1.5022,per_usd
2010-05-26,1.5006,per_usd
2010-05-27,1.4665,per_usd
2010-05-28,1.471,per_usd
2010-06-01,1.4678,per_usd
2010-06-02,1.4734,per_usd
2010-06-03,1.4654,per_usd
2010-06-04,1.4863,per_usd
2010-06-07,1.506,per_usd
2010-06-08,1.5033,per_usd
2010-06-09,1.487,per_usd
2010-06-10,1.4599,per_usd
2010-06-11,1.4514,per_usd
2010-06-14,1.4284,per_usd
2010-06-15,1.4358,per_usd
2010-06-16,1.4304,per_usd
2010-06-17,1.4239,per_usd
2010-06-18,1.418,per_usd
2010-06-21,1.4031,per_usd
2010-06-22,1.411,per_usd
2010-06-23,1.4013,per_usd
2010-06-24,1.417,per_usd
2010-06-25,1.4086,per_usd
2010-06-28,1.4106,per_usd
2010-06-29,1.4405,per_usd
2010-06-30,1.4491,per_usd
2010-07-01,1.4562,per_usd
2010-07-02,1.4495,per_usd
2010-07-06,1.4343,per_usd
2010-07-07,1.4335,per_usd
2010-07-08,1.4114,per_usd
2010-07-09,1.4108,per_usd
2010-07-12,1.4094,per_usd
2010-07-13,1.3899,per_usd
2010-07-14,1.3805,per_usd
2010-07-15,1.3839,per_usd
2010-07-16,1.4061,per_usd
2010-07-19,1.4154,per_usd
2010-07-20,1.4039,per_usd
2010-07-21,1.3933,per_usd
2010-07-22,1.3814,per_usd
2010-07-23,1.3725,per_usd
2010-07-26,1.3659,per_usd
2010-07-27,1.3644,per_usd
2010-07-28,1.3749,per_usd
2010-07-29,1.385,per_usd
2010-07-30,1.3772,per_usd
2010-08-02,1.3626,per_usd
2010-08-03,1.3605,per_usd
2010-08-04,1.3609,per_usd
2010-08-05,1.3757,per_usd
2010-08-06,1.3708,per_usd
2010-08-09,1.3702,per_usd
2010-08-10,1.3881,per_usd
2010-08-11,1.3937,per_usd
2010-08-12,1.4088,per_usd
2010-08-13,1.4124,per_usd
2010-08-16,1.4112,per_usd
2010-08-17,1.3998,per_usd
2010-08-18,1.3968,per_usd
2010-08-19,1.4142,per_usd
2010-08-20,1.4235,per_usd
2010-08-23,1.4124,per_usd
2010-08-24,1.4146,per_usd
2010-08-25,1.4327,per_usd
2010-08-26,1.4198,per_usd
2010-08-27,1.4073,per_usd
2010-08-30,1.4106,per_usd
2010-08-31,1.4296,per_usd
2010-09-01,1.4029,per_usd
2010-09-02,1.3982,per_usd
2010-09-03,1.387,per_usd
2010-09-07,1.3856,per_usd
2010-09-08,1.3826,per_usd
2010-09-09,1.3763,per_usd
2010-09-10,1.374,per_usd
2010-09-13,1.363,per_usd
2010-09-14,1.3559,per_usd
2010-09-15,1.3643,per_usd
2010-09-16,1.3837,per_usd
2010-09-17,1.3768,per_usd
2010-09-20,1.3702,per_usd
2010-09-21,1.3732,per_usd
2010-09-22,1.3598,per_usd
2010-09-23,1.3661,per_usd
2010-09-24,1.3624,per_usd
2010-09-27,1.3605,per_usd
2010-09-28,1.3537,per_usd
2010-09-29,1.3546,per_usd
2010-09-30,1.3644,per_usd
2010-10-01,1.3472,per_usd
2010-10-04,1.349,per_usd
2010-10-05,1.3358,per_usd
2010-10-06,1.3252,per_usd
2010-10-07,1.334,per_usd
2010-10-08,1.3254,per_usd
2010-10-12,1.327,per_usd
2010-10-13,1.3115,per_usd
2010-10-14,1.3186,per_usd
2010-10-15,1.3231,per_usd
2010-10-18,1.3208,per_usd
2010-10-19,1.3346,per_usd
2010-10-20,1.327,per_usd
2010-10-21,1.3332,per_usd
2010-10-22,1.3421,per_usd
2010-10-25,1.3266,per_usd
2010-10-26,1.3337,per_usd
2010-10-27,1.3448,per_usd
2010-10-28,1.3249,per_usd
2010-10-29,1.3115,per_usd
2010-11-01,1.3028,per_usd
2010-11-02,1.2958,per_usd
2010-11-03,1.2898,per_usd
2010-11-04,1.2585,per_usd
2010-11-05,1.2588,per_usd
2010-11-08,1.2655,per_usd
2010-11-09,1.2711,per_usd
2010-11-10,1.2802,per_usd
2010-11-12,1.2877,per_usd
2010-11-15,1.287,per_usd
2010-11-16,1.3031,per_usd
2010-11-17,1.2953,per_usd
2010-11-18,1.2865,per_usd
2010-11-19,1.2868,per_usd
2010-11-22,1.2952,per_usd
2010-11-23,1.3127,per_usd
2010-11-24,1.3115,per_usd
2010-11-26,1.3324,per_usd
2010-11-29,1.3428,per_usd
2010-11-30,1.3432,per_usd
2010-12-01,1.3339,per_usd
2010-12-02,1.3226,per_usd
2010-12-03,1.3115,per_usd
2010-12-06,1.3156,per_usd
2010-12-07,1.3132,per_usd
2010-12-08,1.3365,per_usd
2010-12-09,1.3392,per_usd
2010-12-10,1.3358,per_usd
2010-12-13,1.3242,per_usd
2010-12-14,1.3273,per_usd
2010-12-15,1.3439,per_usd
2010-12-16,1.3572,per_usd
2010-12-17,1.3587,per_usd
2010-12-20,1.3472,per_usd
2010-12-21,1.3444,per_usd
2010-12-22,1.347,per_usd
2010-12-23,1.3353,per_usd
2010-12-27,1.3371,per_usd
2010-12-28,1.3238,per_usd
2010-12-29,1.3065,per_usd
2010-12-30,1.3009,per_usd
2011-01-03,1.288,per_usd
2011-01-04,1.3034,per_usd
2011-01-05,1.3127,per_usd
2011-01-06,1.3177,per_usd
2011-01-07,1.3189,per_usd
2011-01-10,1.3104,per_usd
2011-01-11,1.3156,per_usd
2011-01-12,1.3161,per_usd
2011-01-13,1.2987,per_usd
2011-01-14,1.3021,per_usd
2011-01-18,1.2979,per_usd
2011-01-19,1.2953,per_usd
2011-01-20,1.3224,per_usd
2011-01-21,1.3193,per_usd
2011-01-24,1.3084,per_usd
2011-01-25,1.3089,per_usd
2011-01-26,1.305,per_usd
2011-01-27,1.2957,per_usd
2011-01-28,1.2947,per_usd
2011-01-31,1.2928,per_usd
2011-02-01,1.2821,per_usd
2011-02-02,1.283,per_usd
2011-02-03,1.2925,per_usd
2011-02-04,1.3007,per_usd
2011-02-07,1.2977,per_usd
2011-02-08,1.2862,per_usd
2011-02-09,1.2967,per_usd
2011-02-10,1.3024,per_usd
2011-02-11,1.3172,per_usd
2011-02-14,1.3214,per_usd
2011-02-15,1.3303,per_usd
2011-02-16,1.3287,per_usd
2011-02-17,1.3165,per_usd
2011-02-18,1.3099,per_usd
2011-02-22,1.3351,per_usd
2011-02-23,1.3417,per_usd
2011-02-24,1.3376,per_usd
2011-02-25,1.3308,per_usd
2011-02-28,1.3294,per_usd
2011-03-01,1.3319,per_usd
2011-03-02,1.3473,per_usd
2011-03-03,1.3508,per_usd
2011-03-04,1.3574,per_usd
2011-03-07,1.3581,per_usd
2011-03-08,1.3497,per_usd
2011-03-09,1.3517,per_usd
2011-03-10,1.3589,per_usd
2011-03-11,1.3425,per_usd
2011-03-14,1.3559,per_usd
2011-03-15,1.3693,per_usd
2011-03-16,1.371,per_usd
2011-03-17,1.3873,per_usd
2011-03-18,1.3704,per_usd
2011-03-21,1.3646,per_usd
2011-03-22,1.3488,per_usd
2011-03-23,1.3519,per_usd
2011-03-24,1.3307,per_usd
2011-03-25,1.3238,per_usd
2011-03-28,1.3256,per_usd
2011-03-29,1.3233,per_usd
2011-03-30,1.3122,per_usd
2011-03-31,1.3091,per_usd
2011-04-01,1.3041,per_usd
2011-04-04,1.3036,per_usd
2011-04-05,1.2984,per_usd
2011-04-06,1.2847,per_usd
2011-04-07,1.2865,per_usd
2011-04-08,1.2788,per_usd
2011-04-11,1.2794,per_usd
2011-04-12,1.2739,per_usd
2011-04-13,1.266,per_usd
2011-04-14,1.2626,per_usd
2011-04-15,1.2545,per_usd
2011-04-18,1.2708,per_usd
2011-04-19,1.27,per_usd
2011-04-20,1.2541,per_usd
2011-04-21,1.2467,per_usd
2011-04-22,1.2477,per_usd
2011-04-25,1.2506,per_usd
2011-04-26,1.2422,per_usd
2011-04-27,1.2477,per_usd
2011-04-28,1.2488,per_usd
2011-04-29,1.2395,per_usd
2011-05-02,1.2364,per_usd
2011-05-03,1.2421,per_usd
2011-05-04,1.2663,per_usd
2011-05-05,1.2711,per_usd
2011-05-06,1.2572,per_usd
2011-05-09,1.2621,per_usd
2011-05-10,1.261,per_usd
2011-05-11,1.2637,per_usd
2011-05-12,1.2552,per_usd
2011-05-13,1.2732,per_usd
2011-05-16,1.2739,per_usd
2011-05-17,1.285,per_usd
2011-05-18,1.2669,per_usd
2011-05-19,1.2692,per_usd
2011-05-20,1.2604,per_usd
2011-05-23,1.2689,per_usd
2011-05-24,1.2538,per_usd
2011-05-25,1.25,per_usd
2011-05-26,1.2372,per_usd
2011-05-27,1.2214,per_usd
2011-05-31,1.2149,per_usd
2011-06-01,1.216,per_usd
2011-06-02,1.2294,per_usd
2011-06-03,1.2264,per_usd
2011-06-06,1.2249,per_usd
2011-06-07,1.2183,per_usd
2011-06-08,1.2246,per_usd
2011-06-09,1.2055,per_usd
2011-06-10,1.214,per_usd
2011-06-13,1.2291,per_usd
2011-06-14,1.2219,per_usd
2011-06-15,1.2356,per_usd
2011-06-16,1.2449,per_usd
2011-06-17,1.2335,per_usd
2011-06-20,1.2318,per_usd
2011-06-21,1.2315,per_usd
2011-06-22,1.2226,per_usd
2011-06-23,1.2335,per_usd
2011-06-24,1.2318,per_usd
2011-06-27,1.2408,per_usd
2011-06-28,1.2344,per_usd
2011-06-29,1.2158,per_usd
2011-06-30,1.2071,per_usd
2011-07-01,1.2088,per_usd
2011-07-05,1.2074,per_usd
2011-07-06,1.2074,per_usd
2011-07-07,1.2042,per_usd
2011-07-08,1.1998,per_usd
2011-07-11,1.2054,per_usd
2011-07-12,1.2182,per_usd
2011-07-13,1.1962,per_usd
2011-07-14,1.1844,per_usd
2011-07-15,1.185,per_usd
2011-07-18,1.1867,per_usd
2011-07-19,1.1688,per_usd
2011-07-20,1.1697,per_usd
2011-07-21,1.1586,per_usd
2011-07-22,1.1567,per_usd
2011-07-25,1.1545,per_usd
2011-07-26,1.1485,per_usd
2011-07-27,1.1501,per_usd
2011-07-28,1.146,per_usd
2011-07-29,1.1395,per_usd
2011-08-01,1.1438,per_usd
2011-08-02,1.1465,per_usd
2011-08-03,1.1587,per_usd
2011-08-04,1.1836,per_usd
2011-08-05,1.2022,per_usd
2011-08-08,1.2024,per_usd
2011-08-09,1.2192,per_usd
2011-08-10,1.2315,per_usd
2011-08-11,1.214,per_usd
2011-08-12,1.2021,per_usd
2011-08-15,1.2058,per_usd
2011-08-16,1.195,per_usd
2011-08-17,1.1923,per_usd
2011-08-18,1.2102,per_usd
2011-08-19,1.2132,per_usd
2011-08-22,1.2137,per_usd
2011-08-23,1.1977,per_usd
2011-08-24,1.2076,per_usd
2011-08-25,1.2064,per_usd
2011-08-26,1.1901,per_usd
2011-08-29,1.1836,per_usd
2011-08-30,1.1716,per_usd
2011-08-31,1.1695,per_usd
2011-09-01,1.1741,per_usd
2011-09-02,1.1776,per_usd
2011-09-06,1.2151,per_usd
2011-09-07,1.2063,per_usd
2011-09-08,1.1957,per_usd
2011-09-09,1.2174,per_usd
2011-09-12,1.2179,per_usd
2011-09-13,1.2136,per_usd
2011-09-14,1.2171,per_usd
2011-09-15,1.212,per_usd
2011-09-16,1.2032,per_usd
2011-09-19,1.2158,per_usd
2011-09-20,1.2101,per_usd
2011-09-21,1.2274,per_usd
2011-09-22,1.2837,per_usd
2011-09-23,1.2837,per_usd
2011-09-26,1.296,per_usd
2011-09-27,1.2604,per_usd
2011-09-28,1.2729,per_usd
2011-09-29,1.2875,per_usd
2011-09-30,1.3029,per_usd
2011-10-03,1.3116,per_usd
2011-10-04,1.3266,per_usd
2011-10-05,1.311,per_usd
2011-10-06,1.3023,per_usd
2011-10-07,1.2878,per_usd
2011-10-11,1.2778,per_usd
2011-10-12,1.2547,per_usd
2011-10-13,1.2623,per_usd
2011-10-14,1.2467,per_usd
2011-10-17,1.2538,per_usd
2011-10-18,1.2614,per_usd
2011-10-19,1.2579,per_usd
2011-10-20,1.2674,per_usd
2011-10-21,1.247,per_usd
2011-10-24,1.2372,per_usd
2011-10-25,1.2552,per_usd
2011-10-26,1.2617,per_usd
2011-10-27,1.2209,per_usd
2011-10-28,1.2165,per_usd
2011-10-31,1.2315,per_usd
2011-11-01,1.259,per_usd
2011-11-02,1.262,per_usd
2011-11-03,1.2679,per_usd
2011-11-04,1.2615,per_usd
2011-11-07,1.2572,per_usd
2011-11-08,1.2579,per_usd
2011-11-09,1.2731,per_usd
2011-11-10,1.2882,per_usd
2011-11-14,1.2835,per_usd
2011-11-15,1.2999,per_usd
2011-11-16,1.3012,per_usd
2011-11-17,1.3118,per_usd
2011-11-18,1.32,per_usd
2011-11-21,1.3378,per_usd
2011-11-22,1.3412,per_usd
2011-11-23,1.3504,per_usd
2011-11-25,1.3483,per_usd
2011-11-28,1.3245,per_usd
2011-11-29,1.3111,per_usd
2011-11-30,1.2872,per_usd
2011-12-01,1.2855,per_usd
2011-12-02,1.286,per_usd
2011-12-05,1.2798,per_usd
2011-12-06,1.2858,per_usd
2011-12-07,1.2857,per_usd
2011-12-08,1.2937,per_usd
2011-12-09,1.2932,per_usd
2011-12-12,1.3129,per_usd
2011-12-13,1.3087,per_usd
2011-12-14,1.3321,per_usd
2011-12-15,1.3259,per_usd
2011-12-16,1.312,per_usd
2011-12-19,1.3212,per_usd
2011-12-20,1.299,per_usd
2011-12-21,1.3031,per_usd
2011-12-22,1.2903,per_usd
2011-12-23,1.292,per_usd
2011-12-27,1.2953,per_usd
2011-12-28,1.3004,per_usd
2011-12-29,1.2963,per_usd
2011-12-30,1.2812,per_usd
2012-01-03,1.2653,per_usd
2012-01-04,1.2697,per_usd
2012-01-05,1.2814,per_usd
2012-01-06,1.2791,per_usd
2012-01-09,1.2739,per_usd
2012-01-10,1.2583,per_usd
2012-01-11,1.2579,per_usd
2012-01-12,1.2615,per_usd
2012-01-13,1.2621,per_usd
2012-01-17,1.2492,per_usd
2012-01-18,1.2408,per_usd
2012-01-19,1.2467,per_usd
2012-01-20,1.2408,per_usd
2012-01-23,1.2333,per_usd
2012-01-24,1.2356,per_usd
2012-01-25,1.2413,per_usd
2012-01-26,1.2173,per_usd
2012-01-27,1.2137,per_usd
2012-01-30,1.2197,per_usd
2012-01-31,1.2127,per_usd
2012-02-01,1.2018,per_usd
2012-02-02,1.1975,per_usd
2012-02-03,1.1962,per_usd
2012-02-06,1.1983,per_usd
2012-02-07,1.1956,per_usd
2012-02-08,1.1995,per_usd
2012-02-09,1.1953,per_usd
2012-02-10,1.2073,per_usd
2012-02-13,1.1977,per_usd
2012-02-14,1.2018,per_usd
2012-02-15,1.193,per_usd
2012-02-16,1.1998,per_usd
2012-02-17,1.2009,per_usd
2012-02-21,1.1959,per_usd
2012-02-22,1.2054,per_usd
2012-02-23,1.1998,per_usd
2012-02-24,1.1955,per_usd
2012-02-27,1.1899,per_usd
2012-02-28,1.1937,per_usd
2012-02-29,1.1909,per_usd
2012-03-01,1.1906,per_usd
2012-03-02,1.2026,per_usd
2012-03-05,1.2171,per_usd
2012-03-06,1.2306,per_usd
2012-03-07,1.2203,per_usd
2012-03-08,1.2133,per_usd
2012-03-09,1.2168,per_usd
2012-03-12,1.2232,per_usd
2012-03-13,1.2152,per_usd
2012-03-14,1.2356,per_usd
2012-03-15,1.2203,per_usd
2012-03-16,1.2136,per_usd
2012-03-19,1.2112,per_usd
2012-03-20,1.2231,per_usd
2012-03-21,1.229,per_usd
2012-03-22,1.2375,per_usd
2012-03-23,1.2238,per_usd
2012-03-26,1.2182,per_usd
2012-03-27,1.2186,per_usd
2012-03-28,1.2229,per_usd
2012-03-29,1.2235,per_usd
2012-03-30,1.2195,per_usd
2012-04-02,1.2136,per_usd
2012-04-03,1.2204,per_usd
2012-04-04,1.2276,per_usd
2012-04-05,1.2261,per_usd
2012-04-06,1.22,per_usd
2012-04-09,1.2154,per_usd
2012-04-10,1.2297,per_usd
2012-04-11,1.2228,per_usd
2012-04-12,1.2092,per_usd
2012-04-13,1.2132,per_usd
2012-04-16,1.2212,per_usd
2012-04-17,1.2161,per_usd
2012-04-18,1.2235,per_usd
2012-04-19,1.227,per_usd
2012-04-20,1.2235,per_usd
2012-04-23,1.2326,per_usd
2012-04-24,1.2318,per_usd
2012-04-25,1.2296,per_usd
2012-04-26,1.2277,per_usd
2012-04-27,1.2197,per_usd
2012-04-30,1.2234,per_usd
2012-05-01,1.2261,per_usd
2012-05-02,1.2355,per_usd
2012-05-03,1.2497,per_usd
2012-05-04,1.2577,per_usd
2012-05-07,1.2569,per_usd
2012-05-08,1.2702,per_usd
2012-05-09,1.274,per_usd
2012-05-10,1.2705,per_usd
2012-05-11,1.271,per_usd
2012-05-14,1.2824,per_usd
2012-05-15,1.2945,per_usd
2012-05-16,1.3055,per_usd
2012-05-17,1.306,per_usd
2012-05-18,1.3259,per_usd
2012-05-21,1.3156,per_usd
2012-05-22,1.3142,per_usd
2012-05-23,1.3387,per_usd
2012-05-24,1.3273,per_usd
2012-05-25,1.3231,per_usd
2012-05-29,1.3146,per_usd
2012-05-30,1.3245,per_usd
2012-05-31,1.3286,per_usd
2012-06-01,1.3268,per_usd
2012-06-04,1.3214,per_usd
2012-06-05,1.3252,per_usd
2012-06-06,1.3019,per_usd
2012-06-07,1.2967,per_usd
2012-06-08,1.3033,per_usd
2012-06-11,1.2933,per_usd
2012-06-12,1.2893,per_usd
2012-06-13,1.2852,per_usd
2012-06-14,1.2793,per_usd
2012-06-15,1.2697,per_usd
2012-06-18,1.265,per_usd
2012-06-19,1.2516,per_usd
2012-06-20,1.2553,per_usd
2012-06-21,1.2617,per_usd
2012-06-22,1.265,per_usd
2012-06-25,1.2724,per_usd
2012-06-26,1.2642,per_usd
2012-06-27,1.2649,per_usd
2012-06-28,1.2719,per_usd
2012-06-29,1.2458,per_usd
2012-07-02,1.2458,per_usd
2012-07-03,1.2408,per_usd
2012-07-05,1.2425,per_usd
2012-07-06,1.2555,per_usd
2012-07-09,1.2571,per_usd
2012-07-10,1.2549,per_usd
2012-07-11,1.2527,per_usd
2012-07-12,1.2661,per_usd
2012-07-13,1.2583,per_usd
2012-07-16,1.2545,per_usd
2012-07-17,1.2568,per_usd
2012-07-18,1.2514,per_usd
2012-07-19,1.245,per_usd
2012-07-20,1.2513,per_usd
2012-07-23,1.2673,per_usd
2012-07-24,1.2697,per_usd
2012-07-25,1.2724,per_usd
2012-07-26,1.2477,per_usd
2012-07-27,1.2382,per_usd
2012-07-30,1.2369,per_usd
2012-07-31,1.2323,per_usd
2012-08-01,1.2309,per_usd
2012-08-02,1.2361,per_usd
2012-08-03,1.2198,per_usd
2012-08-06,1.2168,per_usd
2012-08-07,1.2234,per_usd
2012-08-08,1.2261,per_usd
2012-08-09,1.233,per_usd
2012-08-10,1.2306,per_usd
2012-08-13,1.2373,per_usd
2012-08-14,1.2387,per_usd
2012-08-15,1.2387,per_usd
2012-08-16,1.2349,per_usd
2012-08-17,1.2376,per_usd
2012-08-20,1.2344,per_usd
2012-08-21,1.2315,per_usd
2012-08-22,1.2349,per_usd
2012-08-23,1.2252,per_usd
2012-08-24,1.2321,per_usd
2012-08-27,1.2349,per_usd
2012-08-28,1.2412,per_usd
2012-08-29,1.2463,per_usd
2012-08-30,1.252,per_usd
2012-08-31,1.2442,per_usd
2012-09-04,1.2594,per_usd
2012-09-05,1.2575,per_usd
2012-09-06,1.2475,per_usd
2012-09-07,1.2326,per_usd
2012-09-10,1.2329,per_usd
2012-09-11,1.2222,per_usd
2012-09-12,1.2203,per_usd
2012-09-13,1.2143,per_usd
2012-09-14,1.2061,per_usd
2012-09-17,1.2086,per_usd
2012-09-18,1.2077,per_usd
2012-09-19,1.207,per_usd
2012-09-20,1.2099,per_usd
2012-09-21,1.2041,per_usd
2012-09-24,1.2168,per_usd
2012-09-25,1.2086,per_usd
2012-09-26,1.2149,per_usd
2012-09-27,1.2019,per_usd
2012-09-28,1.2058,per_usd
2012-10-01,1.2064,per_usd
2012-10-02,1.2035,per_usd
2012-10-03,1.2191,per_usd
2012-10-04,1.2209,per_usd
2012-10-05,1.2149,per_usd
2012-10-09,1.2243,per_usd
2012-10-10,1.2229,per_usd
2012-10-11,1.2232,per_usd
2012-10-12,1.2231,per_usd
2012-10-15,1.2212,per_usd
2012-10-16,1.229,per_usd
2012-10-17,1.2168,per_usd
2012-10-18,1.216,per_usd
2012-10-19,1.2253,per_usd
2012-10-22,1.2231,per_usd
2012-10-23,1.2323,per_usd
2012-10-24,1.2265,per_usd
2012-10-25,1.2182,per_usd
2012-10-26,1.2157,per_usd
2012-10-29,1.2212,per_usd
2012-10-30,1.2189,per_usd
2012-10-31,1.2165,per_usd
2012-11-01,1.2101,per_usd
2012-11-02,1.2105,per_usd
2012-11-05,1.2117,per_usd
2012-11-06,1.2082,per_usd
2012-11-07,1.2114,per_usd
2012-11-08,1.2234,per_usd
2012-11-09,1.2273,per_usd
2012-11-13,1.2201,per_usd
2012-11-14,1.232,per_usd
2012-11-15,1.2353,per_usd
2012-11-16,1.2358,per_usd
2012-11-19,1.2222,per_usd
2012-11-20,1.2264,per_usd
2012-11-21,1.232,per_usd
2012-11-23,1.2136,per_usd
2012-11-26,1.2165,per_usd
2012-11-27,1.2179,per_usd
2012-11-28,1.2152,per_usd
2012-11-29,1.2171,per_usd
2012-11-30,1.2194,per_usd
2012-12-03,1.2167,per_usd
2012-12-04,1.2132,per_usd
2012-12-05,1.2114,per_usd
2012-12-06,1.2012,per_usd
2012-12-07,1.2008,per_usd
2012-12-10,1.1986,per_usd
2012-12-11,1.1932,per_usd
2012-12-12,1.1889,per_usd
2012-12-13,1.1848,per_usd
2012-12-14,1.1839,per_usd
2012-12-17,1.1843,per_usd
2012-12-18,1.1875,per_usd
2012-12-19,1.195,per_usd
2012-12-20,1.2,per_usd
2012-12-21,1.2129,per_usd
2012-12-24,1.2157,per_usd
2012-12-26,1.2256,per_usd
2012-12-27,1.2235,per_usd
2012-12-28,1.2182,per_usd
2012-12-31,1.2096,per_usd
2013-01-02,1.2002,per_usd
2013-01-03,1.2011,per_usd
2013-01-04,1.207,per_usd
2013-01-07,1.1975,per_usd
2013-01-08,1.1982,per_usd
2013-01-09,1.1908,per_usd
2013-01-10,1.1868,per_usd
2013-01-11,1.1946,per_usd
2013-01-14,1.1906,per_usd
2013-01-15,1.1922,per_usd
2013-01-16,1.1892,per_usd
2013-01-17,1.1891,per_usd
2013-01-18,1.1975,per_usd
2013-01-22,1.1903,per_usd
2013-01-23,1.1857,per_usd
2013-01-24,1.1919,per_usd
2013-01-25,1.1942,per_usd
2013-01-28,1.2039,per_usd
2013-01-29,1.1939,per_usd
2013-01-30,1.2034,per_usd
2013-01-31,1.1909,per_usd
2013-02-01,1.1815,per_usd
2013-02-04,1.1823,per_usd
2013-02-05,1.1844,per_usd
2013-02-06,1.1864,per_usd
2013-02-07,1.2044,per_usd
2013-02-08,1.1972,per_usd
2013-02-11,1.1946,per_usd
2013-02-12,1.1875,per_usd
2013-02-13,1.1895,per_usd
2013-02-14,1.1804,per_usd
2013-02-15,1.1825,per_usd
2013-02-19,1.1788,per_usd
2013-02-20,1.195,per_usd
2013-02-21,1.1976,per_usd
2013-02-22,1.193,per_usd
2013-02-25,1.1933,per_usd
2013-02-26,1.2124,per_usd
2013-02-27,1.2145,per_usd
2013-02-28,1.2069,per_usd
2013-03-01,1.2124,per_usd
2013-03-04,1.2149,per_usd
2013-03-05,1.2054,per_usd
2013-03-06,1.206,per_usd
2013-03-07,1.2092,per_usd
2013-03-08,1.2194,per_usd
2013-03-11,1.212,per_usd
2013-03-12,1.2112,per_usd
2013-03-13,1.2134,per_usd
2013-03-14,1.2191,per_usd
2013-03-15,1.2096,per_usd
2013-03-18,1.2129,per_usd
2013-03-19,1.2137,per_usd
2013-03-20,1.2164,per_usd
2013-03-21,1.2008,per_usd
2013-03-22,1.1973,per_usd
2013-03-25,1.198,per_usd
2013-03-26,1.1933,per_usd
2013-03-27,1.1963,per_usd
2013-03-28,1.193,per_usd
2013-03-29,1.1962,per_usd
2013-04-01,1.1937,per_usd
2013-04-02,1.1868,per_usd
2013-04-03,1.1846,per_usd
2013-04-04,1.1932,per_usd
2013-04-05,1.1875,per_usd
2013-04-08,1.1829,per_usd
2013-04-09,1.1748,per_usd
2013-04-10,1.1673,per_usd
2013-04-11,1.1561,per_usd
2013-04-12,1.1666,per_usd
2013-04-15,1.1783,per_usd
2013-04-16,1.1781,per_usd
2013-04-17,1.1825,per_usd
2013-04-18,1.1874,per_usd
2013-04-19,1.1854,per_usd
2013-04-22,1.1896,per_usd
2013-04-23,1.1892,per_usd
2013-04-24,1.1827,per_usd
2013-04-25,1.1741,per_usd
2013-04-26,1.1752,per_usd
2013-04-29,1.1675,per_usd
2013-04-30,1.1655,per_usd
2013-05-01,1.1773,per_usd
2013-05-02,1.1769,per_usd
2013-05-03,1.1712,per_usd
2013-05-06,1.1752,per_usd
2013-05-07,1.1844,per_usd
2013-05-08,1.1913,per_usd
2013-05-09,1.184,per_usd
2013-05-10,1.2086,per_usd
2013-05-13,1.2129,per_usd
2013-05-14,1.2174,per_usd
2013-05-15,1.216,per_usd
2013-05-16,1.221,per_usd
2013-05-17,1.2373,per_usd
2013-05-20,1.2265,per_usd
2013-05-21,1.2253,per_usd
2013-05-22,1.237,per_usd
2013-05-23,1.2246,per_usd
2013-05-24,1.2349,per_usd
2013-05-28,1.2355,per_usd
2013-05-29,1.2299,per_usd
2013-05-30,1.2382,per_usd
2013-05-31,1.2542,per_usd
2013-06-03,1.2347,per_usd
2013-06-04,1.2513,per_usd
2013-06-05,1.2587,per_usd
2013-06-06,1.2481,per_usd
2013-06-07,1.2686,per_usd
2013-06-10,1.2641,per_usd
2013-06-11,1.2708,per_usd
2013-06-12,1.2538,per_usd
2013-06-13,1.2453,per_usd
2013-06-14,1.2399,per_usd
2013-06-17,1.2508,per_usd
2013-06-18,1.2498,per_usd
2013-06-19,1.2435,per_usd
2013-06-20,1.2942,per_usd
2013-06-21,1.2965,per_usd
2013-06-24,1.2938,per_usd
2013-06-25,1.2937,per_usd
2013-06-26,1.2801,per_usd
2013-06-27,1.2845,per_usd
2013-06-28,1.2895,per_usd
2013-07-01,1.2771,per_usd
2013-07-02,1.2887,per_usd
2013-07-03,1.2855,per_usd
2013-07-05,1.2968,per_usd
2013-07-08,1.2816,per_usd
2013-07-09,1.2728,per_usd
2013-07-10,1.283,per_usd
2013-07-11,1.2817,per_usd
2013-07-12,1.2852,per_usd
2013-07-15,1.2814,per_usd
2013-07-16,1.2692,per_usd
2013-07-17,1.2668,per_usd
2013-07-18,1.2684,per_usd
2013-07-19,1.2585,per_usd
2013-07-22,1.2557,per_usd
2013-07-23,1.2549,per_usd
2013-07-24,1.2588,per_usd
2013-07-25,1.2415,per_usd
2013-07-26,1.2389,per_usd
2013-07-29,1.2461,per_usd
2013-07-30,1.2539,per_usd
2013-07-31,1.2577,per_usd
2013-08-01,1.271,per_usd
2013-08-02,1.2783,per_usd
2013-08-05,1.2822,per_usd
2013-08-06,1.2679,per_usd
2013-08-07,1.2536,per_usd
2013-08-08,1.2444,per_usd
2013-08-09,1.2441,per_usd
2013-08-12,1.2444,per_usd
2013-08-13,1.2588,per_usd
2013-08-14,1.2449,per_usd
2013-08-15,1.2429,per_usd
2013-08-16,1.2318,per_usd
2013-08-19,1.2369,per_usd
2013-08-20,1.2519,per_usd
2013-08-21,1.2692,per_usd
2013-08-22,1.2762,per_usd
2013-08-23,1.2791,per_usd
2013-08-26,1.2731,per_usd
2013-08-27,1.2829,per_usd
2013-08-28,1.2817,per_usd
2013-08-29,1.2885,per_usd
2013-08-30,1.2938,per_usd
2013-09-03,1.2844,per_usd
2013-09-04,1.2618,per_usd
2013-09-05,1.2658,per_usd
2013-09-06,1.2489,per_usd
2013-09-09,1.2469,per_usd
2013-09-10,1.2419,per_usd
2013-09-11,1.2401,per_usd
2013-09-12,1.227,per_usd
2013-09-13,1.2279,per_usd
2013-09-16,1.2217,per_usd
2013-09-17,1.2124,per_usd
2013-09-18,1.2168,per_usd
2013-09-19,1.1962,per_usd
2013-09-20,1.1945,per_usd
2013-09-23,1.1925,per_usd
2013-09-24,1.2058,per_usd
2013-09-25,1.2092,per_usd
2013-09-26,1.2083,per_usd
2013-09-27,1.2088,per_usd
2013-09-30,1.2015,per_usd
2013-10-01,1.2089,per_usd
2013-10-02,1.2092,per_usd
2013-10-03,1.2061,per_usd
2013-10-04,1.2009,per_usd
2013-10-07,1.2005,per_usd
2013-10-08,1.2042,per_usd
2013-10-09,1.2055,per_usd
2013-10-10,1.2048,per_usd
2013-10-11,1.1999,per_usd
2013-10-15,1.1949,per_usd
2013-10-16,1.1896,per_usd
2013-10-17,1.1748,per_usd
2013-10-18,1.1769,per_usd
2013-10-21,1.1811,per_usd
2013-10-22,1.1741,per_usd
2013-10-23,1.1915,per_usd
2013-10-24,1.1982,per_usd
2013-10-25,1.2074,per_usd
2013-10-28,1.2071,per_usd
2013-10-29,1.2099,per_usd
2013-10-30,1.2126,per_usd
2013-10-31,1.2082,per_usd
2013-11-01,1.2149,per_usd
2013-11-04,1.2069,per_usd
2013-11-05,1.2053,per_usd
2013-11-06,1.1929,per_usd
2013-11-07,1.1983,per_usd
2013-11-08,1.2115,per_usd
2013-11-12,1.2174,per_usd
2013-11-13,1.2105,per_usd
2013-11-14,1.2076,per_usd
2013-11-15,1.2003,per_usd
2013-11-18,1.1947,per_usd
2013-11-19,1.1989,per_usd
2013-11-20,1.2061,per_usd
2013-11-21,1.2182,per_usd
2013-11-22,1.2241,per_usd
2013-11-25,1.2213,per_usd
2013-11-26,1.2206,per_usd
2013-11-27,1.2306,per_usd
2013-11-29,1.2259,per_usd
2013-12-02,1.2228,per_usd
2013-12-03,1.2129,per_usd
2013-12-04,1.2235,per_usd
2013-12-05,1.2179,per_usd
2013-12-06,1.209,per_usd
2013-12-09,1.2092,per_usd
2013-12-10,1.2024,per_usd
2013-12-11,1.2157,per_usd
2013-12-12,1.2139,per_usd
2013-12-13,1.2099,per_usd
2013-12-16,1.2096,per_usd
2013-12-17,1.2127,per_usd
2013-12-18,1.2157,per_usd
2013-12-19,1.2238,per_usd
2013-12-20,1.2174,per_usd
2013-12-23,1.2177,per_usd
2013-12-24,1.2216,per_usd
2013-12-26,1.2258,per_usd
2013-12-27,1.2225,per_usd
2013-12-30,1.2167,per_usd
2013-12-31,1.2152,per_usd
2014-01-02,1.2189,per_usd
2014-01-03,1.2054,per_usd
2014-01-06,1.206,per_usd
2014-01-07,1.2063,per_usd
2014-01-08,1.2079,per_usd
2014-01-09,1.2124,per_usd
2014-01-10,1.2057,per_usd
2014-01-13,1.1957,per_usd
2014-01-14,1.1906,per_usd
2014-01-15,1.1979,per_usd
2014-01-16,1.2016,per_usd
2014-01-17,1.2108,per_usd
2014-01-21,1.2026,per_usd
2014-01-22,1.2039,per_usd
2014-01-23,1.2016,per_usd
2014-01-24,1.2117,per_usd
2014-01-27,1.2152,per_usd
2014-01-28,1.2111,per_usd
2014-01-29,1.2079,per_usd
2014-01-30,1.2291,per_usd
2014-01-31,1.2361,per_usd
2014-02-03,1.2335,per_usd
2014-02-04,1.2194,per_usd
2014-02-05,1.2188,per_usd
2014-02-06,1.2089,per_usd
2014-02-07,1.2073,per_usd
2014-02-10,1.2086,per_usd
2014-02-11,1.199,per_usd
2014-02-12,1.2019,per_usd
2014-02-13,1.1992,per_usd
2014-02-14,1.1952,per_usd
2014-02-18,1.2031,per_usd
2014-02-19,1.2037,per_usd
2014-02-20,1.2073,per_usd
2014-02-21,1.2073,per_usd
2014-02-24,1.1995,per_usd
2014-02-25,1.1996,per_usd
2014-02-26,1.2057,per_usd
2014-02-27,1.1929,per_usd
2014-02-28,1.1919,per_usd
2014-03-03,1.1946,per_usd
2014-03-04,1.1935,per_usd
2014-03-05,1.1874,per_usd
2014-03-06,1.1779,per_usd
2014-03-07,1.1827,per_usd
2014-03-10,1.1813,per_usd
2014-03-11,1.1781,per_usd
2014-03-12,1.1781,per_usd
2014-03-13,1.1671,per_usd
2014-03-14,1.1695,per_usd
2014-03-17,1.1662,per_usd
2014-03-18,1.1586,per_usd
2014-03-19,1.16,per_usd
2014-03-20,1.1712,per_usd
2014-03-21,1.1699,per_usd
2014-03-24,1.1701,per_usd
2014-03-25,1.1686,per_usd
2014-03-26,1.162,per_usd
2014-03-27,1.1522,per_usd
2014-03-28,1.1554,per_usd
2014-03-31,1.1515,per_usd
2014-04-01,1.1534,per_usd
2014-04-02,1.1686,per_usd
2014-04-03,1.1714,per_usd
2014-04-04,1.1648,per_usd
2014-04-07,1.1629,per_usd
2014-04-08,1.1531,per_usd
2014-04-09,1.1546,per_usd
2014-04-10,1.1484,per_usd
2014-04-11,1.1513,per_usd
2014-04-14,1.1537,per_usd
2014-04-15,1.1587,per_usd
2014-04-16,1.1616,per_usd
2014-04-17,1.1651,per_usd
2014-04-18,1.1637,per_usd
2014-04-21,1.168,per_usd
2014-04-22,1.1617,per_usd
2014-04-23,1.1654,per_usd
2014-04-24,1.1682,per_usd
2014-04-25,1.1652,per_usd
2014-04-28,1.1722,per_usd
2014-04-29,1.1704,per_usd
2014-04-30,1.1621,per_usd
2014-05-01,1.159,per_usd
2014-05-02,1.1567,per_usd
2014-05-05,1.1518,per_usd
2014-05-06,1.1408,per_usd
2014-05-07,1.1531,per_usd
2014-05-08,1.1551,per_usd
2014-05-09,1.1613,per_usd
2014-05-12,1.1601,per_usd
2014-05-13,1.1561,per_usd
2014-05-14,1.1534,per_usd
2014-05-15,1.1578,per_usd
2014-05-16,1.1581,per_usd
2014-05-19,1.1579,per_usd
2014-05-20,1.1663,per_usd
2014-05-21,1.1703,per_usd
2014-05-22,1.168,per_usd
2014-05-23,1.1699,per_usd
2014-05-27,1.1715,per_usd
2014-05-28,1.1776,per_usd
2014-05-29,1.1815,per_usd
2014-05-30,1.1786,per_usd
2014-06-02,1.1805,per_usd
2014-06-03,1.186,per_usd
2014-06-04,1.1872,per_usd
2014-06-05,1.1791,per_usd
2014-06-06,1.1765,per_usd
2014-06-09,1.1774,per_usd
2014-06-10,1.1751,per_usd
2014-06-11,1.1681,per_usd
2014-06-12,1.1515,per_usd
2014-06-13,1.1557,per_usd
2014-06-16,1.1518,per_usd
2014-06-17,1.1549,per_usd
2014-06-18,1.1522,per_usd
2014-06-19,1.1473,per_usd
2014-06-20,1.1506,per_usd
2014-06-23,1.1482,per_usd
2014-06-24,1.1513,per_usd
2014-06-25,1.1446,per_usd
2014-06-26,1.141,per_usd
2014-06-27,1.1409,per_usd
2014-06-30,1.1422,per_usd
2014-07-01,1.14,per_usd
2014-07-02,1.1401,per_usd
2014-07-03,1.1412,per_usd
2014-07-07,1.1405,per_usd
2014-07-08,1.1379,per_usd
2014-07-09,1.1357,per_usd
2014-07-10,1.1346,per_usd
2014-07-11,1.1358,per_usd
2014-07-14,1.136,per_usd
2014-07-15,1.1406,per_usd
2014-07-16,1.148,per_usd
2014-07-17,1.1506,per_usd
2014-07-18,1.1523,per_usd
2014-07-21,1.1504,per_usd
2014-07-22,1.1551,per_usd
2014-07-23,1.1509,per_usd
2014-07-24,1.1646,per_usd
2014-07-25,1.1699,per_usd
2014-07-28,1.1696,per_usd
2014-07-29,1.1769,per_usd
2014-07-30,1.1808,per_usd
2014-07-31,1.1779,per_usd
2014-08-01,1.1751,per_usd
2014-08-04,1.173,per_usd
2014-08-05,1.182,per_usd
2014-08-06,1.1825,per_usd
2014-08-07,1.1776,per_usd
2014-08-08,1.1804,per_usd
2014-08-11,1.1815,per_usd
2014-08-12,1.1855,per_usd
2014-08-13,1.1822,per_usd
2014-08-14,1.1774,per_usd
2014-08-15,1.1781,per_usd
2014-08-18,1.1797,per_usd
2014-08-19,1.1844,per_usd
2014-08-20,1.1902,per_usd
2014-08-21,1.1902,per_usd
2014-08-22,1.1915,per_usd
2014-08-25,1.1975,per_usd
2014-08-26,1.1995,per_usd
2014-08-27,1.1949,per_usd
2014-08-28,1.1939,per_usd
2014-08-29,1.1952,per_usd
2014-09-02,1.2035,per_usd
2014-09-03,1.2026,per_usd
2014-09-04,1.2034,per_usd
2014-09-05,1.2009,per_usd
2014-09-08,1.207,per_usd
2014-09-09,1.2129,per_usd
2014-09-10,1.2129,per_usd
2014-09-11,1.2214,per_usd
2014-09-12,1.2261,per_usd
2014-09-15,1.2246,per_usd
2014-09-16,1.2185,per_usd
2014-09-17,1.2268,per_usd
2014-09-18,1.2279,per_usd
2014-09-19,1.2317,per_usd
2014-09-22,1.2308,per_usd
2014-09-23,1.2398,per_usd
2014-09-24,1.2396,per_usd
2014-09-25,1.2607,per_usd
2014-09-26,1.2697,per_usd
2014-09-29,1.284,per_usd
2014-09-30,1.284,per_usd
2014-10-01,1.2802,per_usd
2014-10-02,1.2689,per_usd
2014-10-03,1.2867,per_usd
2014-10-06,1.2811,per_usd
2014-10-07,1.2765,per_usd
2014-10-08,1.2821,per_usd
2014-10-09,1.2716,per_usd
2014-10-10,1.2765,per_usd
2014-10-14,1.2731,per_usd
2014-10-15,1.2599,per_usd
2014-10-16,1.2558,per_usd
2014-10-17,1.2602,per_usd
2014-10-20,1.2552,per_usd
2014-10-21,1.255,per_usd
2014-10-22,1.2588,per_usd
2014-10-23,1.2753,per_usd
2014-10-24,1.2718,per_usd
2014-10-27,1.2679,per_usd
2014-10-28,1.2612,per_usd
2014-10-29,1.2555,per_usd
2014-10-30,1.2755,per_usd
2014-10-31,1.2853,per_usd
2014-11-03,1.2933,per_usd
2014-11-04,1.2858,per_usd
2014-11-05,1.294,per_usd
2014-11-06,1.2962,per_usd
2014-11-07,1.2927,per_usd
2014-11-10,1.2882,per_usd
2014-11-12,1.2661,per_usd
2014-11-13,1.2657,per_usd
2014-11-14,1.2642,per_usd
2014-11-17,1.2602,per_usd
2014-11-18,1.2593,per_usd
2014-11-19,1.2724,per_usd
2014-11-20,1.2736,per_usd
2014-11-21,1.2681,per_usd
2014-11-24,1.2729,per_usd
2014-11-25,1.2811,per_usd
2014-11-26,1.2689,per_usd
2014-11-28,1.2755,per_usd
2014-12-01,1.266,per_usd
2014-12-02,1.2821,per_usd
2014-12-03,1.2857,per_usd
2014-12-04,1.2802,per_usd
2014-12-05,1.2957,per_usd
2014-12-08,1.3051,per_usd
2014-12-09,1.2943,per_usd
2014-12-10,1.2962,per_usd
2014-12-11,1.2819,per_usd
2014-12-12,1.2839,per_usd
2014-12-15,1.2897,per_usd
2014-12-16,1.2837,per_usd
2014-12-17,1.2937,per_usd
2014-12-18,1.2892,per_usd
2014-12-19,1.2912,per_usd
2014-12-22,1.292,per_usd
2014-12-23,1.2967,per_usd
2014-12-24,1.2952,per_usd
2014-12-29,1.284,per_usd
2014-12-30,1.2744,per_usd
2014-12-31,1.2827,per_usd
2015-01-02,1.2968,per_usd
2015-01-05,1.2984,per_usd
2015-01-06,1.2812,per_usd
2015-01-07,1.2942,per_usd
2015-01-08,1.2778,per_usd
2015-01-09,1.2768,per_usd
2015-01-12,1.286,per_usd
2015-01-13,1.2933,per_usd
2015-01-14,1.291,per_usd
2015-01-15,1.2835,per_usd
2015-01-16,1.2857,per_usd
2015-01-20,1.2999,per_usd
2015-01-21,1.3196,per_usd
2015-01-22,1.3243,per_usd
2015-01-23,1.3374,per_usd
2015-01-26,1.3468,per_usd
2015-01-27,1.3403,per_usd
2015-01-28,1.3421,per_usd
2015-01-29,1.3776,per_usd
2015-01-30,1.3797,per_usd
2015-02-02,1.3691,per_usd
2015-02-03,1.371,per_usd
2015-02-04,1.3567,per_usd
2015-02-05,1.353,per_usd
2015-02-06,1.3585,per_usd
2015-02-09,1.3486,per_usd
2015-02-10,1.349,per_usd
2015-02-11,1.3546,per_usd
2015-02-12,1.3401,per_usd
2015-02-13,1.339,per_usd
2015-02-17,1.3293,per_usd
2015-02-18,1.33,per_usd
2015-02-19,1.3257,per_usd
2015-02-20,1.3273,per_usd
2015-02-23,1.327,per_usd
2015-02-24,1.3412,per_usd
2015-02-25,1.3249,per_usd
2015-02-26,1.3236,per_usd
2015-02-27,1.3233,per_usd
2015-03-02,1.3293,per_usd
2015-03-03,1.321,per_usd
2015-03-04,1.3186,per_usd
2015-03-05,1.3394,per_usd
2015-03-06,1.3578,per_usd
2015-03-09,1.3587,per_usd
2015-03-10,1.3751,per_usd
2015-03-11,1.3854,per_usd
2015-03-12,1.3508,per_usd
2015-03-13,1.3643,per_usd
2015-03-16,1.3532,per_usd
2015-03-17,1.3676,per_usd
2015-03-18,1.3581,per_usd
2015-03-19,1.3557,per_usd
2015-03-20,1.3236,per_usd
2015-03-23,1.3118,per_usd
2015-03-24,1.3103,per_usd
2015-03-25,1.3101,per_usd
2015-03-26,1.3186,per_usd
2015-03-27,1.3228,per_usd
2015-03-30,1.3308,per_usd
2015-03-31,1.336,per_usd
2015-04-01,1.3403,per_usd
2015-04-02,1.3364,per_usd
2015-04-03,1.3167,per_usd
2015-04-06,1.3149,per_usd
2015-04-07,1.3321,per_usd
2015-04-08,1.3193,per_usd
2015-04-09,1.3236,per_usd
2015-04-10,1.3277,per_usd
2015-04-13,1.3426,per_usd
2015-04-14,1.327,per_usd
2015-04-15,1.3268,per_usd
2015-04-16,1.3051,per_usd
2015-04-17,1.3014,per_usd
2015-04-20,1.3043,per_usd
2015-04-21,1.3004,per_usd
2015-04-22,1.3026,per_usd
2015-04-23,1.3184,per_usd
2015-04-24,1.3156,per_usd
2015-04-27,1.3075,per_usd
2015-04-28,1.2932,per_usd
2015-04-29,1.2925,per_usd
2015-04-30,1.3173,per_usd
2015-05-01,1.3298,per_usd
2015-05-04,1.328,per_usd
2015-05-05,1.3222,per_usd
2015-05-06,1.331,per_usd
2015-05-07,1.343,per_usd
2015-05-08,1.3351,per_usd
2015-05-11,1.3605,per_usd
2015-05-12,1.3556,per_usd
2015-05-13,1.3355,per_usd
2015-05-14,1.3333,per_usd
2015-05-15,1.3353,per_usd
2015-05-18,1.3517,per_usd
2015-05-19,1.3598,per_usd
2015-05-20,1.3708,per_usd
2015-05-21,1.3661,per_usd
2015-05-22,1.3686,per_usd
2015-05-26,1.3835,per_usd
2015-05-27,1.3835,per_usd
2015-05-28,1.3986,per_usd
2015-05-29,1.4063,per_usd
2015-06-01,1.4088,per_usd
2015-06-02,1.3978,per_usd
2015-06-03,1.3982,per_usd
2015-06-04,1.4053,per_usd
2015-06-05,1.4192,per_usd
2015-06-08,1.409,per_usd
2015-06-09,1.4011,per_usd
2015-06-10,1.39,per_usd
2015-06-11,1.4306,per_usd
2015-06-12,1.4316,per_usd
2015-06-15,1.4276,per_usd
2015-06-16,1.4314,per_usd
2015-06-17,1.4465,per_usd
2015-06-18,1.4405,per_usd
2015-06-19,1.4503,per_usd
2015-06-22,1.4543,per_usd
2015-06-23,1.4596,per_usd
2015-06-24,1.456,per_usd
2015-06-25,1.447,per_usd
2015-06-26,1.4639,per_usd
2015-06-29,1.459,per_usd
2015-06-30,1.4754,per_usd
2015-07-01,1.4806,per_usd
2015-07-02,1.4868,per_usd
2015-07-06,1.4919,per_usd
2015-07-07,1.5011,per_usd
2015-07-08,1.4835,per_usd
2015-07-09,1.4865,per_usd
2015-07-10,1.4928,per_usd
2015-07-13,1.4939,per_usd
2015-07-14,1.491,per_usd
2015-07-15,1.514,per_usd
2015-07-16,1.5295,per_usd
2015-07-17,1.5321,per_usd
2015-07-20,1.5218,per_usd
2015-07-21,1.5085,per_usd
2015-07-22,1.5216,per_usd
2015-07-23,1.5049,per_usd
2015-07-24,1.5184,per_usd
2015-07-27,1.5069,per_usd
2015-07-28,1.4952,per_usd
2015-07-29,1.4966,per_usd
2015-07-30,1.5177,per_usd
2015-07-31,1.5094,per_usd
2015-08-03,1.5145,per_usd
2015-08-04,1.5179,per_usd
2015-08-05,1.534,per_usd
2015-08-06,1.5279,per_usd
2015-08-07,1.5161,per_usd
2015-08-10,1.5147,per_usd
2015-08-11,1.5298,per_usd
2015-08-12,1.5072,per_usd
2015-08-13,1.5218,per_usd
2015-08-14,1.5277,per_usd
2015-08-17,1.5198,per_usd
2015-08-18,1.5195,per_usd
2015-08-19,1.5235,per_usd
2015-08-20,1.5074,per_usd
2015-08-21,1.4912,per_usd
2015-08-24,1.5368,per_usd
2015-08-25,1.5333,per_usd
2015-08-26,1.5567,per_usd
2015-08-27,1.5437,per_usd
2015-08-28,1.5513,per_usd
2015-08-31,1.5751,per_usd
2015-09-01,1.5758,per_usd
2015-09-02,1.5765,per_usd
2015-09-03,1.5625,per_usd
2015-09-04,1.5924,per_usd
2015-09-08,1.5755,per_usd
2015-09-09,1.562,per_usd
2015-09-10,1.5858,per_usd
2015-09-11,1.5838,per_usd
2015-09-14,1.5798,per_usd
2015-09-15,1.584,per_usd
2015-09-16,1.5751,per_usd
2015-09-17,1.5818,per_usd
2015-09-18,1.5586,per_usd
2015-09-21,1.5848,per_usd
2015-09-22,1.5893,per_usd
2015-09-23,1.6015,per_usd
2015-09-24,1.5778,per_usd
2015-09-25,1.5701,per_usd
2015-09-28,1.5758,per_usd
2015-09-29,1.5704,per_usd
2015-09-30,1.5649,per_usd
2015-10-01,1.5598,per_usd
2015-10-02,1.5547,per_usd
2015-10-05,1.5373,per_usd
2015-10-06,1.53,per_usd
2015-10-07,1.5099,per_usd
2015-10-08,1.5056,per_usd
2015-10-09,1.4925,per_usd
2015-10-13,1.495,per_usd
2015-10-14,1.4778,per_usd
2015-10-15,1.459,per_usd
2015-10-16,1.4708,per_usd
2015-10-19,1.4697,per_usd
2015-10-20,1.4804,per_usd
2015-10-21,1.485,per_usd
2015-10-22,1.4725,per_usd
2015-10-23,1.4813,per_usd
2015-10-26,1.4719,per_usd
2015-10-27,1.4702,per_usd
2015-10-28,1.4879,per_usd
2015-10-29,1.497,per_usd
2015-10-30,1.478,per_usd
2015-11-02,1.4826,per_usd
2015-11-03,1.4979,per_usd
2015-11-04,1.5181,per_usd
2015-11-05,1.509,per_usd
2015-11-06,1.5363,per_usd
2015-11-09,1.5298,per_usd
2015-11-10,1.5305,per_usd
2015-11-12,1.5316,per_usd
2015-11-13,1.5319,per_usd
2015-11-16,1.5413,per_usd
2015-11-17,1.5482,per_usd
2015-11-18,1.5528,per_usd
2015-11-19,1.5198,per_usd
2015-11-20,1.5249,per_usd
2015-11-23,1.5359,per_usd
2015-11-24,1.5291,per_usd
2015-11-25,1.5214,per_usd
2015-11-27,1.53,per_usd
2015-11-30,1.5211,per_usd
2015-12-01,1.4972,per_usd
2015-12-02,1.5085,per_usd
2015-12-03,1.5076,per_usd
2015-12-04,1.4804,per_usd
2015-12-07,1.5042,per_usd
2015-12-08,1.5069,per_usd
2015-12-09,1.5085,per_usd
2015-12-10,1.4786,per_usd
2015-12-11,1.4865,per_usd
2015-12-14,1.4754,per_usd
2015-12-15,1.4819,per_usd
2015-12-16,1.4767,per_usd
2015-12-17,1.4943,per_usd
2015-12-18,1.481,per_usd
2015-12-21,1.4773,per_usd
2015-12-22,1.468,per_usd
2015-12-23,1.473,per_usd
2015-12-24,1.4624,per_usd
2015-12-28,1.4592,per_usd
2015-12-29,1.4552,per_usd
2015-12-30,1.4626,per_usd
2015-12-31,1.4616,per_usd
2016-01-04,1.4837,per_usd
2016-01-05,1.4925,per_usd
2016-01-06,1.5056,per_usd
2016-01-07,1.5031,per_usd
2016-01-08,1.5246,per_usd
2016-01-11,1.5258,per_usd
2016-01-12,1.533,per_usd
2016-01-13,1.5246,per_usd
2016-01-14,1.5456,per_usd
2016-01-15,1.555,per_usd
2016-01-19,1.5411,per_usd
2016-01-20,1.5652,per_usd
2016-01-21,1.5333,per_usd
2016-01-22,1.5425,per_usd
2016-01-25,1.5449,per_usd
2016-01-26,1.5404,per_usd
2016-01-27,1.5321,per_usd
2016-01-28,1.5439,per_usd
2016-01-29,1.5458,per_usd
2016-02-01,1.5356,per_usd
2016-02-02,1.5392,per_usd
2016-02-03,1.5017,per_usd
2016-02-04,1.4861,per_usd
2016-02-05,1.5108,per_usd
2016-02-08,1.5067,per_usd
2016-02-09,1.5042,per_usd
2016-02-10,1.5026,per_usd
2016-02-11,1.4966,per_usd
2016-02-12,1.5088,per_usd
2016-02-16,1.5232,per_usd
2016-02-17,1.5088,per_usd
2016-02-18,1.5092,per_usd
2016-02-19,1.5117,per_usd
2016-02-22,1.4881,per_usd
2016-02-23,1.5015,per_usd
2016-02-24,1.5078,per_usd
2016-02-25,1.4928,per_usd
2016-02-26,1.5042,per_usd
2016-02-29,1.5149,per_usd
2016-03-01,1.5108,per_usd
2016-03-02,1.5056,per_usd
2016-03-03,1.4824,per_usd
2016-03-04,1.4708,per_usd
2016-03-07,1.4704,per_usd
2016-03-08,1.4771,per_usd
2016-03-09,1.4686,per_usd
2016-03-10,1.4999,per_usd
2016-03-11,1.4786,per_usd
2016-03-14,1.4948,per_usd
2016-03-15,1.5119,per_usd
2016-03-16,1.5149,per_usd
2016-03-17,1.4631,per_usd
2016-03-18,1.468,per_usd
2016-03-21,1.4784,per_usd
2016-03-22,1.4793,per_usd
2016-03-23,1.4921,per_usd
2016-03-24,1.4937,per_usd
2016-03-25,1.4959,per_usd
2016-03-28,1.4861,per_usd
2016-03-29,1.4699,per_usd
2016-03-30,1.4463,per_usd
2016-03-31,1.4438,per_usd
2016-04-01,1.4495,per_usd
2016-04-04,1.4594,per_usd
2016-04-05,1.4734,per_usd
2016-04-06,1.462,per_usd
2016-04-07,1.4762,per_usd
2016-04-08,1.4674,per_usd
2016-04-11,1.4577,per_usd
2016-04-12,1.4489,per_usd
2016-04-13,1.4459,per_usd
2016-04-14,1.4565,per_usd
2016-04-15,1.4465,per_usd
2016-04-18,1.4397,per_usd
2016-04-19,1.4217,per_usd
2016-04-20,1.4292,per_usd
2016-04-21,1.4443,per_usd
2016-04-22,1.459,per_usd
2016-04-25,1.4586,per_usd
2016-04-26,1.4503,per_usd
2016-04-27,1.4596,per_usd
2016-04-28,1.4349,per_usd
2016-04-29,1.4318,per_usd
2016-05-02,1.4267,per_usd
2016-05-03,1.444,per_usd
2016-05-04,1.4548,per_usd
2016-05-05,1.4505,per_usd
2016-05-06,1.4613,per_usd
2016-05-09,1.4754,per_usd
2016-05-10,1.4824,per_usd
2016-05-11,1.4609,per_usd
2016-05-12,1.4671,per_usd
2016-05-13,1.4747,per_usd
2016-05-16,1.4695,per_usd
2016-05-17,1.462,per_usd
2016-05-18,1.4745,per_usd
2016-05-19,1.4819,per_usd
2016-05-20,1.4793,per_usd
2016-05-23,1.4806,per_usd
2016-05-24,1.4841,per_usd
2016-05-25,1.481,per_usd
2016-05-26,1.481,per_usd
2016-05-27,1.4861,per_usd
2016-05-31,1.4773,per_usd
2016-06-01,1.4691,per_usd
2016-06-02,1.4674,per_usd
2016-06-03,1.4405,per_usd
2016-06-06,1.4428,per_usd
2016-06-07,1.4325,per_usd
2016-06-08,1.4237,per_usd
2016-06-09,1.4019,per_usd
2016-06-10,1.4146,per_usd
2016-06-13,1.4156,per_usd
2016-06-14,1.428,per_usd
2016-06-15,1.4229,per_usd
2016-06-16,1.4294,per_usd
2016-06-17,1.4172,per_usd
2016-06-20,1.4067,per_usd
2016-06-21,1.401,per_usd
2016-06-22,1.3957,per_usd
2016-06-23,1.3808,per_usd
2016-06-24,1.4067,per_usd
2016-06-27,1.4245,per_usd
2016-06-28,1.4223,per_usd
2016-06-29,1.4043,per_usd
2016-06-30,1.4045,per_usd
2016-07-01,1.3953,per_usd
2016-07-05,1.3992,per_usd
2016-07-06,1.4025,per_usd
2016-07-07,1.3864,per_usd
2016-07-08,1.3712,per_usd
2016-07-11,1.3847,per_usd
2016-07-12,1.3691,per_usd
2016-07-13,1.3693,per_usd
2016-07-14,1.3891,per_usd
2016-07-15,1.4019,per_usd
2016-07-18,1.4051,per_usd
2016-07-19,1.4186,per_usd
2016-07-20,1.4219,per_usd
2016-07-21,1.4308,per_usd
2016-07-22,1.4306,per_usd
2016-07-25,1.4325,per_usd
2016-07-26,1.4209,per_usd
2016-07-27,1.4201,per_usd
2016-07-28,1.4134,per_usd
2016-07-29,1.3858,per_usd
2016-08-01,1.3897,per_usd
2016-08-02,1.3822,per_usd
2016-08-03,1.3961,per_usd
2016-08-04,1.3899,per_usd
2016-08-05,1.401,per_usd
2016-08-08,1.4008,per_usd
2016-08-09,1.3931,per_usd
2016-08-10,1.385,per_usd
2016-08-11,1.3808,per_usd
2016-08-12,1.386,per_usd
2016-08-15,1.3852,per_usd
2016-08-16,1.3763,per_usd
2016-08-17,1.3852,per_usd
2016-08-18,1.3714,per_usd
2016-08-19,1.3759,per_usd
2016-08-22,1.374,per_usd
2016-08-23,1.3686,per_usd
2016-08-24,1.3686,per_usd
2016-08-25,1.3704,per_usd
2016-08-26,1.3695,per_usd
2016-08-29,1.3785,per_usd
2016-08-30,1.3847,per_usd
2016-08-31,1.378,per_usd
2016-09-01,1.3732,per_usd
2016-09-02,1.3725,per_usd
2016-09-06,1.3501,per_usd
2016-09-07,1.3421,per_usd
2016-09-08,1.3503,per_usd
2016-09-09,1.3631,per_usd
2016-09-12,1.3659,per_usd
2016-09-13,1.377,per_usd
2016-09-14,1.3691,per_usd
2016-09-15,1.3684,per_usd
2016-09-16,1.3753,per_usd
2016-09-19,1.3667,per_usd
2016-09-20,1.3656,per_usd
2016-09-21,1.3646,per_usd
2016-09-22,1.3671,per_usd
2016-09-23,1.3822,per_usd
2016-09-26,1.3736,per_usd
2016-09-27,1.371,per_usd
2016-09-28,1.3785,per_usd
2016-09-29,1.3727,per_usd
2016-09-30,1.3717,per_usd
2016-10-03,1.3768,per_usd
2016-10-04,1.3801,per_usd
2016-10-05,1.3941,per_usd
2016-10-06,1.3965,per_usd
2016-10-07,1.4047,per_usd
2016-10-11,1.415,per_usd
2016-10-12,1.4188,per_usd
2016-10-13,1.4122,per_usd
2016-10-14,1.411,per_usd
2016-10-17,1.4017,per_usd
2016-10-18,1.3854,per_usd
2016-10-19,1.3845,per_usd
2016-10-20,1.3883,per_usd
2016-10-21,1.3978,per_usd
2016-10-24,1.4019,per_usd
2016-10-25,1.3951,per_usd
2016-10-26,1.3974,per_usd
2016-10-27,1.4039,per_usd
2016-10-28,1.3998,per_usd
2016-10-31,1.3974,per_usd
2016-11-01,1.3935,per_usd
2016-11-02,1.3706,per_usd
2016-11-03,1.3657,per_usd
2016-11-04,1.3678,per_usd
2016-11-07,1.3654,per_usd
2016-11-08,1.3596,per_usd
2016-11-09,1.3695,per_usd
2016-11-10,1.3885,per_usd
2016-11-14,1.4114,per_usd
2016-11-15,1.4094,per_usd
2016-11-16,1.4126,per_usd
2016-11-17,1.4168,per_usd
2016-11-18,1.4229,per_usd
2016-11-21,1.417,per_usd
2016-11-22,1.4188,per_usd
2016-11-23,1.4265,per_usd
2016-11-25,1.4194,per_usd
2016-11-28,1.4158,per_usd
2016-11-29,1.4047,per_usd
2016-11-30,1.4122,per_usd
2016-12-01,1.414,per_usd
2016-12-02,1.4008,per_usd
2016-12-05,1.4017,per_usd
2016-12-06,1.4059,per_usd
2016-12-07,1.3966,per_usd
2016-12-08,1.3951,per_usd
2016-12-09,1.4008,per_usd
2016-12-12,1.391,per_usd
2016-12-13,1.3881,per_usd
2016-12-14,1.3835,per_usd
2016-12-15,1.4255,per_usd
2016-12-16,1.4325,per_usd
2016-12-19,1.4391,per_usd
2016-12-20,1.4449,per_usd
2016-12-21,1.4489,per_usd
2016-12-22,1.4474,per_usd
2016-12-23,1.4556,per_usd
2016-12-27,1.4514,per_usd
2016-12-28,1.4472,per_usd
2016-12-29,1.4372,per_usd
2016-12-30,1.4372,per_usd
2017-01-03,1.4436,per_usd
2017-01-04,1.4391,per_usd
2017-01-05,1.4241,per_usd
2017-01-06,1.4341,per_usd
2017-01-09,1.4231,per_usd
2017-01-10,1.4314,per_usd
2017-01-11,1.4269,per_usd
2017-01-12,1.401,per_usd
2017-01-13,1.4075,per_usd
2017-01-17,1.3922,per_usd
2017-01-18,1.3931,per_usd
2017-01-19,1.3945,per_usd
2017-01-23,1.386,per_usd
2017-01-24,1.3772,per_usd
2017-01-25,1.3759,per_usd
2017-01-26,1.3827,per_usd
2017-01-27,1.378,per_usd
2017-01-30,1.3734,per_usd
2017-01-31,1.3644,per_usd
2017-02-01,1.3791,per_usd
2017-02-02,1.3687,per_usd
2017-02-03,1.3657,per_usd
2017-02-06,1.3691,per_usd
2017-02-07,1.3669,per_usd
2017-02-08,1.3657,per_usd
2017-02-09,1.3924,per_usd
2017-02-10,1.3875,per_usd
2017-02-13,1.3937,per_usd
2017-02-14,1.3978,per_usd
2017-02-15,1.3885,per_usd
2017-02-16,1.3837,per_usd
2017-02-17,1.3924,per_usd
2017-02-21,1.3974,per_usd
2017-02-22,1.3965,per_usd
2017-02-23,1.3822,per_usd
2017-02-24,1.3887,per_usd
2017-02-27,1.3843,per_usd
2017-02-28,1.3833,per_usd
2017-03-01,1.4023,per_usd
2017-03-02,1.4142,per_usd
2017-03-03,1.4261,per_usd
2017-03-06,1.4288,per_usd
2017-03-07,1.432,per_usd
2017-03-08,1.4438,per_usd
2017-03-09,1.4478,per_usd
2017-03-10,1.4453,per_usd
2017-03-13,1.4436,per_usd
2017-03-14,1.4424,per_usd
2017-03-15,1.4376,per_usd
2017-03-16,1.4329,per_usd
2017-03-17,1.4269,per_usd
2017-03-20,1.4184,per_usd
2017-03-21,1.4158,per_usd
2017-03-22,1.4172,per_usd
2017-03-23,1.4198,per_usd
2017-03-24,1.4225,per_usd
2017-03-27,1.4174,per_usd
2017-03-28,1.4211,per_usd
2017-03-29,1.4235,per_usd
2017-03-30,1.4239,per_usd
2017-03-31,1.4284,per_usd
2017-04-03,1.4292,per_usd
2017-04-04,1.4333,per_usd
2017-04-05,1.4378,per_usd
2017-04-06,1.4341,per_usd
2017-04-07,1.4374,per_usd
2017-04-10,1.4358,per_usd
2017-04-11,1.4376,per_usd
2017-04-12,1.444,per_usd
2017-04-13,1.4263,per_usd
2017-04-14,1.4267,per_usd
2017-04-17,1.4229,per_usd
2017-04-18,1.4217,per_usd
2017-04-19,1.4282,per_usd
2017-04-20,1.4251,per_usd
2017-04-21,1.4245,per_usd
2017-04-24,1.4247,per_usd
2017-04-25,1.4391,per_usd
2017-04-26,1.4535,per_usd
2017-04-27,1.459,per_usd
2017-04-28,1.4577,per_usd
2017-05-01,1.4463,per_usd
2017-05-02,1.4445,per_usd
2017-05-03,1.4468,per_usd
2017-05-04,1.459,per_usd
2017-05-05,1.4461,per_usd
2017-05-08,1.4472,per_usd
2017-05-09,1.4495,per_usd
2017-05-10,1.4397,per_usd
2017-05-11,1.4601,per_usd
2017-05-12,1.4577,per_usd
2017-05-15,1.4522,per_usd
2017-05-16,1.4533,per_usd
2017-05-17,1.4438,per_usd
2017-05-18,1.4459,per_usd
2017-05-19,1.4465,per_usd
2017-05-22,1.4306,per_usd
2017-05-23,1.4257,per_usd
2017-05-24,1.4261,per_usd
2017-05-25,1.4198,per_usd
2017-05-26,1.4174,per_usd
2017-05-30,1.4094,per_usd
2017-05-31,1.4085,per_usd
2017-06-01,1.4156,per_usd
2017-06-02,1.4004,per_usd
2017-06-05,1.4004,per_usd
2017-06-06,1.3887,per_usd
2017-06-07,1.3897,per_usd
2017-06-08,1.3852,per_usd
2017-06-09,1.3875,per_usd
2017-06-12,1.3877,per_usd
2017-06-13,1.3848,per_usd
2017-06-14,1.3693,per_usd
2017-06-15,1.3872,per_usd
2017-06-16,1.3789,per_usd
2017-06-19,1.3805,per_usd
2017-06-20,1.3814,per_usd
2017-06-21,1.3862,per_usd
2017-06-22,1.3765,per_usd
2017-06-23,1.371,per_usd
2017-06-26,1.3693,per_usd
2017-06-27,1.374,per_usd
2017-06-28,1.3684,per_usd
2017-06-29,1.3717,per_usd
2017-06-30,1.3657,per_usd
2017-07-03,1.3701,per_usd
2017-07-05,1.3749,per_usd
2017-07-06,1.3763,per_usd
2017-07-07,1.3749,per_usd
2017-07-10,1.3757,per_usd
2017-07-11,1.3872,per_usd
2017-07-12,1.3772,per_usd
2017-07-13,1.3671,per_usd
2017-07-14,1.3641,per_usd
2017-07-17,1.3657,per_usd
2017-07-18,1.3572,per_usd
2017-07-19,1.3592,per_usd
2017-07-20,1.3524,per_usd
2017-07-21,1.3446,per_usd
2017-07-24,1.3459,per_usd
2017-07-25,1.347,per_usd
2017-07-26,1.3457,per_usd
2017-07-27,1.3349,per_usd
2017-07-28,1.3323,per_usd
2017-07-31,1.3328,per_usd
2017-08-01,1.338,per_usd
2017-08-02,1.3432,per_usd
2017-08-03,1.3444,per_usd
2017-08-04,1.3488,per_usd
2017-08-07,1.36,per_usd
2017-08-08,1.3646,per_usd
2017-08-09,1.3667,per_usd
2017-08-10,1.3744,per_usd
2017-08-11,1.3689,per_usd
2017-08-14,1.3704,per_usd
2017-08-15,1.381,per_usd
2017-08-16,1.3768,per_usd
2017-08-17,1.3684,per_usd
2017-08-18,1.3644,per_usd
2017-08-21,1.365,per_usd
2017-08-22,1.3714,per_usd
2017-08-23,1.3873,per_usd
2017-08-24,1.386,per_usd
2017-08-25,1.3827,per_usd
2017-08-28,1.3795,per_usd
2017-08-29,1.3753,per_usd
2017-08-30,1.387,per_usd
2017-08-31,1.3947,per_usd
2017-09-01,1.3953,per_usd
2017-09-05,1.3789,per_usd
2017-09-06,1.3847,per_usd
2017-09-07,1.382,per_usd
2017-09-08,1.3738,per_usd
2017-09-11,1.3793,per_usd
2017-09-12,1.3704,per_usd
2017-09-13,1.3824,per_usd
2017-09-14,1.3872,per_usd
2017-09-15,1.3719,per_usd
2017-09-18,1.3772,per_usd
2017-09-19,1.3656,per_usd
2017-09-20,1.3535,per_usd
2017-09-21,1.3665,per_usd
2017-09-22,1.3618,per_usd
2017-09-25,1.3761,per_usd
2017-09-26,1.3908,per_usd
2017-09-27,1.3854,per_usd
2017-09-28,1.3864,per_usd
2017-09-29,1.3841,per_usd
2017-10-02,1.3887,per_usd
2017-10-03,1.3976,per_usd
2017-10-04,1.3968,per_usd
2017-10-05,1.4049,per_usd
2017-10-06,1.41,per_usd
2017-10-10,1.413,per_usd
2017-10-11,1.413,per_usd
2017-10-12,1.4033,per_usd
2017-10-13,1.3916,per_usd
2017-10-16,1.3926,per_usd
2017-10-17,1.3953,per_usd
2017-10-18,1.401,per_usd
2017-10-19,1.4237,per_usd
2017-10-20,1.437,per_usd
2017-10-23,1.4337,per_usd
2017-10-24,1.4501,per_usd
2017-10-25,1.4554,per_usd
2017-10-26,1.4577,per_usd
2017-10-27,1.4554,per_usd
2017-10-30,1.4558,per_usd
2017-10-31,1.4599,per_usd
2017-11-01,1.4501,per_usd
2017-11-02,1.4447,per_usd
2017-11-03,1.4474,per_usd
2017-11-06,1.4463,per_usd
2017-11-07,1.4493,per_usd
2017-11-08,1.4449,per_usd
2017-11-09,1.4384,per_usd
2017-11-13,1.4497,per_usd
2017-11-14,1.4529,per_usd
2017-11-15,1.455,per_usd
2017-11-16,1.4575,per_usd
2017-11-17,1.468,per_usd
2017-11-20,1.468,per_usd
2017-11-21,1.4628,per_usd
2017-11-22,1.4575,per_usd
2017-11-24,1.4524,per_usd
2017-11-27,1.4474,per_usd
2017-11-28,1.4426,per_usd
2017-11-29,1.4497,per_usd
2017-11-30,1.4599,per_usd
2017-12-01,1.451,per_usd
2017-12-04,1.4607,per_usd
2017-12-05,1.4537,per_usd
2017-12-06,1.4535,per_usd
2017-12-07,1.4607,per_usd
2017-12-08,1.4609,per_usd
2017-12-11,1.4453,per_usd
2017-12-12,1.4434,per_usd
2017-12-13,1.431,per_usd
2017-12-14,1.4306,per_usd
2017-12-15,1.4282,per_usd
2017-12-18,1.4263,per_usd
2017-12-19,1.4314,per_usd
2017-12-20,1.4318,per_usd
2017-12-21,1.4245,per_usd
2017-12-22,1.4255,per_usd
2017-12-26,1.4217,per_usd
2017-12-27,1.4146,per_usd
2017-12-28,1.4106,per_usd
2017-12-29,1.4085,per_usd
2018-01-02,1.4073,per_usd
2018-01-03,1.4077,per_usd
2018-01-04,1.3996,per_usd
2018-01-05,1.3947,per_usd
2018-01-08,1.3924,per_usd
2018-01-09,1.3928,per_usd
2018-01-10,1.3912,per_usd
2018-01-11,1.3805,per_usd
2018-01-12,1.3814,per_usd
2018-01-16,1.3746,per_usd
2018-01-17,1.3714,per_usd
2018-01-18,1.3678,per_usd
2018-01-19,1.3727,per_usd
2018-01-22,1.3678,per_usd
2018-01-23,1.3615,per_usd
2018-01-24,1.3501,per_usd
2018-01-25,1.3567,per_usd
2018-01-26,1.3609,per_usd
2018-01-29,1.3684,per_usd
2018-01-30,1.3635,per_usd
2018-01-31,1.3565,per_usd
2018-02-01,1.3517,per_usd
2018-02-02,1.3691,per_usd
2018-02-05,1.3714,per_usd
2018-02-06,1.3687,per_usd
2018-02-07,1.3734,per_usd
2018-02-08,1.3877,per_usd
2018-02-09,1.3789,per_usd
2018-02-12,1.3814,per_usd
2018-02-13,1.3727,per_usd
2018-02-14,1.3635,per_usd
2018-02-15,1.3546,per_usd
2018-02-16,1.3517,per_usd
2018-02-20,1.3594,per_usd
2018-02-21,1.3626,per_usd
2018-02-22,1.3607,per_usd
2018-02-23,1.3716,per_usd
2018-02-26,1.3682,per_usd
2018-02-27,1.3806,per_usd
2018-02-28,1.3837,per_usd
2018-03-01,1.3793,per_usd
2018-03-02,1.3824,per_usd
2018-03-05,1.3827,per_usd
2018-03-06,1.3691,per_usd
2018-03-07,1.3765,per_usd
2018-03-08,1.3774,per_usd
2018-03-09,1.3708,per_usd
2018-03-12,1.3712,per_usd
2018-03-13,1.3617,per_usd
2018-03-14,1.3644,per_usd
2018-03-15,1.3719,per_usd
2018-03-16,1.3856,per_usd
2018-03-19,1.3835,per_usd
2018-03-20,1.3899,per_usd
2018-03-21,1.3928,per_usd
2018-03-22,1.385,per_usd
2018-03-23,1.3785,per_usd
2018-03-26,1.3708,per_usd
2018-03-27,1.3721,per_usd
2018-03-28,1.3806,per_usd
2018-03-29,1.385,per_usd
2018-03-30,1.3814,per_usd
2018-04-02,1.3854,per_usd
2018-04-03,1.3774,per_usd
2018-04-04,1.3704,per_usd
2018-04-05,1.3751,per_usd
2018-04-06,1.3749,per_usd
2018-04-09,1.3661,per_usd
2018-04-10,1.358,per_usd
2018-04-11,1.357,per_usd
2018-04-12,1.3559,per_usd
2018-04-13,1.3604,per_usd
2018-04-16,1.3585,per_usd
2018-04-17,1.3626,per_usd
2018-04-18,1.3646,per_usd
2018-04-19,1.3736,per_usd
2018-04-20,1.3868,per_usd
2018-04-23,1.3976,per_usd
2018-04-24,1.4061,per_usd
2018-04-25,1.4158,per_usd
2018-04-26,1.4152,per_usd
2018-04-27,1.4144,per_usd
2018-04-30,1.4198,per_usd
2018-05-01,1.4271,per_usd
2018-05-02,1.4278,per_usd
2018-05-03,1.4229,per_usd
2018-05-04,1.4251,per_usd
2018-05-07,1.4231,per_usd
2018-05-08,1.436,per_usd
2018-05-09,1.4314,per_usd
2018-05-10,1.4397,per_usd
2018-05-11,1.4347,per_usd
2018-05-14,1.4418,per_usd
2018-05-15,1.4541,per_usd
2018-05-16,1.4503,per_usd
2018-05-17,1.4541,per_usd
2018-05-18,1.4468,per_usd
2018-05-21,1.443,per_usd
2018-05-22,1.4407,per_usd
2018-05-23,1.4503,per_usd
2018-05-24,1.4455,per_usd
2018-05-25,1.4447,per_usd
2018-05-29,1.4461,per_usd
2018-05-30,1.4298,per_usd
2018-05-31,1.4278,per_usd
2018-06-01,1.4312,per_usd
2018-06-04,1.4221,per_usd
2018-06-05,1.4255,per_usd
2018-06-06,1.4192,per_usd
2018-06-07,1.4219,per_usd
2018-06-08,1.4213,per_usd
2018-06-11,1.4205,per_usd
2018-06-12,1.4221,per_usd
2018-06-13,1.419,per_usd
2018-06-14,1.4292,per_usd
2018-06-15,1.4403,per_usd
2018-06-18,1.4428,per_usd
2018-06-19,1.4478,per_usd
2018-06-20,1.4535,per_usd
2018-06-21,1.455,per_usd
2018-06-22,1.4503,per_usd
2018-06-25,1.4505,per_usd
2018-06-26,1.4567,per_usd
2018-06-27,1.4702,per_usd
2018-06-28,1.4795,per_usd
2018-06-29,1.4765,per_usd
2018-07-02,1.4921,per_usd
2018-07-03,1.4813,per_usd
2018-07-05,1.4728,per_usd
2018-07-06,1.4643,per_usd
2018-07-09,1.4624,per_usd
2018-07-10,1.4628,per_usd
2018-07-11,1.4736,per_usd
2018-07-12,1.4743,per_usd
2018-07-13,1.4793,per_usd
2018-07-16,1.4769,per_usd
2018-07-17,1.4728,per_usd
2018-07-18,1.4728,per_usd
2018-07-19,1.4885,per_usd
2018-07-20,1.4702,per_usd
2018-07-23,1.4736,per_usd
2018-07-24,1.4704,per_usd
2018-07-25,1.4693,per_usd
2018-07-26,1.4725,per_usd
2018-07-27,1.4708,per_usd
2018-07-30,1.4643,per_usd
2018-07-31,1.468,per_usd
2018-08-01,1.4717,per_usd
2018-08-02,1.4802,per_usd
2018-08-03,1.4799,per_usd
2018-08-06,1.4846,per_usd
2018-08-07,1.4835,per_usd
2018-08-08,1.4832,per_usd
2018-08-09,1.5097,per_usd
2018-08-10,1.5147,per_usd
2018-08-13,1.5188,per_usd
2018-08-14,1.5181,per_usd
2018-08-15,1.5249,per_usd
2018-08-16,1.5158,per_usd
2018-08-17,1.5133,per_usd
2018-08-20,1.5108,per_usd
2018-08-21,1.4981,per_usd
2018-08-22,1.4928,per_usd
2018-08-23,1.5033,per_usd
2018-08-24,1.4943,per_usd
2018-08-27,1.4939,per_usd
2018-08-28,1.4883,per_usd
2018-08-29,1.4923,per_usd
2018-08-30,1.506,per_usd
2018-08-31,1.5119,per_usd
2018-09-04,1.5272,per_usd
2018-09-05,1.5195,per_usd
2018-09-06,1.5161,per_usd
2018-09-07,1.527,per_usd
2018-09-10,1.5298,per_usd
2018-09-11,1.5356,per_usd
2018-09-12,1.5258,per_usd
2018-09-13,1.5237,per_usd
2018-09-14,1.5237,per_usd
2018-09-17,1.5186,per_usd
2018-09-18,1.5175,per_usd
2018-09-19,1.5106,per_usd
2018-09-20,1.4984,per_usd
2018-09-21,1.4972,per_usd
2018-09-24,1.5033,per_usd
2018-09-25,1.5035,per_usd
2018-09-26,1.5022,per_usd
2018-09-27,1.5097,per_usd
2018-09-28,1.5072,per_usd
2018-10-01,1.5122,per_usd
2018-10-02,1.5138,per_usd
2018-10-03,1.5288,per_usd
2018-10-04,1.5411,per_usd
2018-10-05,1.553,per_usd
2018-10-09,1.548,per_usd
2018-10-10,1.5439,per_usd
2018-10-11,1.5344,per_usd
2018-10-12,1.5359,per_usd
2018-10-15,1.5263,per_usd
2018-10-16,1.5168,per_usd
2018-10-17,1.5205,per_usd
2018-10-18,1.5249,per_usd
2018-10-19,1.5163,per_usd
2018-10-22,1.5267,per_usd
2018-10-23,1.526,per_usd
2018-10-24,1.5326,per_usd
2018-10-25,1.533,per_usd
2018-10-26,1.5337,per_usd
2018-10-29,1.5312,per_usd
2018-10-30,1.5239,per_usd
2018-10-31,1.5314,per_usd
2018-11-01,1.5056,per_usd
2018-11-02,1.5026,per_usd
2018-11-05,1.5015,per_usd
2018-11-06,1.4988,per_usd
2018-11-07,1.4728,per_usd
2018-11-08,1.4749,per_usd
2018-11-09,1.4848,per_usd
2018-11-13,1.478,per_usd
2018-11-14,1.4719,per_usd
2018-11-15,1.4656,per_usd
2018-11-16,1.4575,per_usd
2018-11-19,1.4631,per_usd
2018-11-20,1.4661,per_usd
2018-11-21,1.4622,per_usd
2018-11-23,1.4762,per_usd
2018-11-26,1.4738,per_usd
2018-11-27,1.4756,per_usd
2018-11-28,1.4712,per_usd
2018-11-29,1.4584,per_usd
2018-11-30,1.4535,per_usd
2018-12-03,1.4424,per_usd
2018-12-04,1.4413,per_usd
2018-12-06,1.4545,per_usd
2018-12-07,1.4579,per_usd
2018-12-10,1.4539,per_usd
2018-12-11,1.4533,per_usd
2018-12-12,1.4586,per_usd
2018-12-13,1.4577,per_usd
2018-12-14,1.4693,per_usd
2018-12-17,1.4699,per_usd
2018-12-18,1.4596,per_usd
2018-12-19,1.4594,per_usd
2018-12-20,1.4778,per_usd
2018-12-21,1.4868,per_usd
2018-12-26,1.4826,per_usd
2018-12-27,1.493,per_usd
2018-12-28,1.4916,per_usd
2018-12-31,1.4901,per_usd
2019-01-02,1.4997,per_usd
2019-01-03,1.4954,per_usd
2019-01-04,1.483,per_usd
2019-01-07,1.4789,per_usd
2019-01-08,1.4874,per_usd
2019-01-09,1.4719,per_usd
2019-01-10,1.4728,per_usd
2019-01-11,1.465,per_usd
2019-01-15,1.468,per_usd
2019-01-16,1.4734,per_usd
2019-01-17,1.4821,per_usd
2019-01-18,1.4813,per_usd
2019-01-22,1.4861,per_usd
2019-01-23,1.473,per_usd
2019-01-24,1.4775,per_usd
2019-01-25,1.4622,per_usd
2019-01-28,1.4633,per_usd
2019-01-29,1.4641,per_usd
2019-01-30,1.4626,per_usd
2019-01-31,1.4445,per_usd
2019-02-01,1.4478,per_usd
2019-02-04,1.4531,per_usd
2019-02-05,1.4512,per_usd
2019-02-06,1.4613,per_usd
2019-02-07,1.4799,per_usd
2019-02-08,1.4804,per_usd
2019-02-11,1.4854,per_usd
2019-02-12,1.4837,per_usd
2019-02-13,1.4669,per_usd
2019-02-14,1.4643,per_usd
2019-02-15,1.4586,per_usd
2019-02-19,1.459,per_usd
2019-02-21,1.4695,per_usd
2019-02-22,1.4618,per_usd
2019-02-25,1.4524,per_usd
2019-02-26,1.4512,per_usd
2019-02-27,1.4618,per_usd
2019-02-28,1.4689,per_usd
2019-03-01,1.4693,per_usd
2019-03-04,1.4693,per_usd
2019-03-05,1.4734,per_usd
2019-03-06,1.476,per_usd
2019-03-07,1.4769,per_usd
2019-03-08,1.4691,per_usd
2019-03-11,1.4646,per_usd
2019-03-12,1.4567,per_usd
2019-03-13,1.4582,per_usd
2019-03-14,1.4658,per_usd
2019-03-15,1.4599,per_usd
2019-03-18,1.4586,per_usd
2019-03-19,1.4565,per_usd
2019-03-20,1.4603,per_usd
2019-03-21,1.4545,per_usd
2019-03-22,1.4518,per_usd
2019-03-25,1.4459,per_usd
2019-03-26,1.4468,per_usd
2019-03-27,1.4725,per_usd
2019-03-28,1.4719,per_usd
2019-03-29,1.4663,per_usd
2019-04-01,1.4678,per_usd
2019-04-02,1.483,per_usd
2019-04-03,1.4721,per_usd
2019-04-04,1.4802,per_usd
2019-04-05,1.487,per_usd
2019-04-08,1.4832,per_usd
2019-04-09,1.4826,per_usd
2019-04-10,1.4802,per_usd
2019-04-11,1.4861,per_usd
2019-04-12,1.4773,per_usd
2019-04-15,1.4784,per_usd
2019-04-16,1.4791,per_usd
2019-04-17,1.4901,per_usd
2019-04-18,1.4972,per_usd
2019-04-19,1.4945,per_usd
2019-04-22,1.4977,per_usd
2019-04-23,1.5042,per_usd
2019-04-24,1.5138,per_usd
2019-04-25,1.5115,per_usd
2019-04-26,1.4993,per_usd
2019-04-29,1.5004,per_usd
2019-04-30,1.4993,per_usd
2019-05-01,1.5033,per_usd
2019-05-02,1.511,per_usd
2019-05-03,1.5056,per_usd
2019-05-06,1.5138,per_usd
2019-05-07,1.5168,per_usd
2019-05-08,1.5181,per_usd
2019-05-09,1.5188,per_usd
2019-05-10,1.5152,per_usd
2019-05-13,1.5216,per_usd
2019-05-14,1.5205,per_usd
2019-05-15,1.5239,per_usd
2019-05-16,1.5267,per_usd
2019-05-17,1.5333,per_usd
2019-05-20,1.5298,per_usd
2019-05-21,1.537,per_usd
2019-05-22,1.5392,per_usd
2019-05-23,1.5335,per_usd
2019-05-24,1.5272,per_usd
2019-05-28,1.527,per_usd
2019-05-29,1.5359,per_usd
2019-05-30,1.5368,per_usd
2019-05-31,1.5326,per_usd
2019-06-03,1.5209,per_usd
2019-06-04,1.5158,per_usd
2019-06-05,1.5097,per_usd
2019-06-06,1.5063,per_usd
2019-06-07,1.5006,per_usd
2019-06-10,1.5117,per_usd
2019-06-11,1.5195,per_usd
2019-06-12,1.5198,per_usd
2019-06-13,1.5232,per_usd
2019-06-14,1.538,per_usd
2019-06-17,1.5375,per_usd
2019-06-18,1.5319,per_usd
2019-06-19,1.5326,per_usd
2019-06-20,1.5188,per_usd
2019-06-21,1.5216,per_usd
2019-06-24,1.5106,per_usd
2019-06-25,1.5026,per_usd
2019-06-26,1.4943,per_usd
2019-06-27,1.4928,per_usd
2019-06-28,1.4901,per_usd
2019-07-01,1.4981,per_usd
2019-07-02,1.4984,per_usd
2019-07-03,1.4905,per_usd
2019-07-05,1.5113,per_usd
2019-07-08,1.5097,per_usd
2019-07-09,1.5133,per_usd
2019-07-10,1.5033,per_usd
2019-07-11,1.4988,per_usd
2019-07-12,1.4968,per_usd
2019-07-15,1.4883,per_usd
2019-07-16,1.4916,per_usd
2019-07-17,1.4828,per_usd
2019-07-18,1.4802,per_usd
2019-07-19,1.4769,per_usd
2019-07-22,1.476,per_usd
2019-07-23,1.4908,per_usd
2019-07-24,1.4899,per_usd
2019-07-25,1.4997,per_usd
2019-07-26,1.5078,per_usd
2019-07-29,1.5078,per_usd
2019-07-30,1.5131,per_usd
2019-07-31,1.5156,per_usd
2019-08-01,1.5235,per_usd
2019-08-02,1.5274,per_usd
2019-08-05,1.5293,per_usd
2019-08-06,1.5316,per_usd
2019-08-07,1.5477,per_usd
2019-08-08,1.5427,per_usd
2019-08-09,1.5434,per_usd
2019-08-12,1.5487,per_usd
2019-08-13,1.5487,per_usd
2019-08-14,1.5564,per_usd
2019-08-15,1.5513,per_usd
2019-08-16,1.5552,per_usd
2019-08-19,1.5576,per_usd
2019-08-20,1.5586,per_usd
2019-08-21,1.5601,per_usd
2019-08-22,1.5676,per_usd
2019-08-23,1.5637,per_usd
2019-08-26,1.5635,per_usd
2019-08-27,1.5708,per_usd
2019-08-28,1.578,per_usd
2019-08-29,1.5828,per_usd
2019-08-30,1.5876,per_usd
2019-09-03,1.5808,per_usd
2019-09-04,1.5738,per_usd
2019-09-05,1.5684,per_usd
2019-09-06,1.553,per_usd
2019-09-09,1.5542,per_usd
2019-09-10,1.5564,per_usd
2019-09-11,1.5588,per_usd
2019-09-12,1.5584,per_usd
2019-09-13,1.5664,per_usd
2019-09-16,1.5743,per_usd
2019-09-17,1.5748,per_usd
2019-09-18,1.579,per_usd
2019-09-19,1.587,per_usd
2019-09-20,1.598,per_usd
2019-09-23,1.5911,per_usd
2019-09-24,1.5835,per_usd
2019-09-25,1.5936,per_usd
2019-09-26,1.5865,per_usd
2019-09-27,1.5883,per_usd
2019-09-30,1.5969,per_usd
2019-10-01,1.601,per_usd
2019-10-02,1.5985,per_usd
2019-10-03,1.5838,per_usd
2019-10-04,1.5838,per_usd
2019-10-07,1.5893,per_usd
2019-10-08,1.5888,per_usd
2019-10-09,1.5876,per_usd
2019-10-10,1.5813,per_usd
2019-10-11,1.576,per_usd
2019-10-15,1.5913,per_usd
2019-10-16,1.5934,per_usd
2019-10-17,1.5743,per_usd
2019-10-18,1.5691,per_usd
2019-10-21,1.5645,per_usd
2019-10-22,1.5603,per_usd
2019-10-23,1.5581,per_usd
2019-10-24,1.5679,per_usd
2019-10-25,1.5716,per_usd
2019-10-28,1.576,per_usd
2019-10-29,1.5728,per_usd
2019-10-30,1.5704,per_usd
2019-10-31,1.5591,per_usd
2019-11-01,1.5516,per_usd
2019-11-04,1.5586,per_usd
2019-11-05,1.5681,per_usd
2019-11-06,1.5699,per_usd
2019-11-07,1.5746,per_usd
2019-11-08,1.579,per_usd
2019-11-12,1.5783,per_usd
2019-11-13,1.5623,per_usd
2019-11-14,1.5689,per_usd
2019-11-15,1.5618,per_usd
2019-11-18,1.5605,per_usd
2019-11-19,1.5562,per_usd
2019-11-20,1.5593,per_usd
2019-11-21,1.5593,per_usd
2019-11-22,1.561,per_usd
2019-11-25,1.562,per_usd
2019-11-26,1.5576,per_usd
2019-11-27,1.5555,per_usd
2019-11-29,1.5579,per_usd
2019-12-02,1.537,per_usd
2019-12-03,1.5347,per_usd
2019-12-04,1.5316,per_usd
2019-12-05,1.5279,per_usd
2019-12-06,1.5232,per_usd
2019-12-09,1.5256,per_usd
2019-12-10,1.5288,per_usd
2019-12-11,1.5221,per_usd
2019-12-12,1.5188,per_usd
2019-12-13,1.5172,per_usd
2019-12-16,1.5158,per_usd
2019-12-17,1.5225,per_usd
2019-12-18,1.5202,per_usd
2019-12-19,1.5135,per_usd
2019-12-20,1.5135,per_usd
2019-12-23,1.5088,per_usd
2019-12-24,1.5058,per_usd
2019-12-26,1.5002,per_usd
2019-12-27,1.4919,per_usd
2019-12-30,1.4846,per_usd
2019-12-31,1.4826,per_usd
2020-01-02,1.4943,per_usd
2020-01-03,1.4986,per_usd
2020-01-06,1.4999,per_usd
2020-01-07,1.5088,per_usd
2020-01-08,1.5056,per_usd
2020-01-09,1.5131,per_usd
2020-01-10,1.5063,per_usd
2020-01-13,1.5072,per_usd
2020-01-14,1.5122,per_usd
2020-01-15,1.511,per_usd
2020-01-16,1.5063,per_usd
2020-01-17,1.5129,per_usd
2020-01-21,1.5131,per_usd
2020-01-22,1.5179,per_usd
2020-01-23,1.5181,per_usd
2020-01-24,1.5147,per_usd
2020-01-27,1.5265,per_usd
2020-01-28,1.5305,per_usd
2020-01-29,1.533,per_usd
2020-01-30,1.5408,per_usd
2020-01-31,1.5466,per_usd
2020-02-03,1.5473,per_usd
2020-02-04,1.5432,per_usd
2020-02-05,1.5439,per_usd
2020-02-06,1.5475,per_usd
2020-02-07,1.561,per_usd
2020-02-10,1.5662,per_usd
2020-02-11,1.562,per_usd
2020-02-12,1.5451,per_usd
2020-02-13,1.5518,per_usd
2020-02-14,1.5535,per_usd
2020-02-18,1.564,per_usd
2020-02-19,1.5674,per_usd
2020-02-20,1.5775,per_usd
2020-02-21,1.5746,per_usd
2020-02-24,1.5755,per_usd
2020-02-25,1.5808,per_usd
2020-02-26,1.5876,per_usd
2020-02-27,1.5825,per_usd
2020-02-28,1.6046,per_usd
2020-03-02,1.5992,per_usd
2020-03-03,1.5858,per_usd
2020-03-04,1.5929,per_usd
2020-03-05,1.5865,per_usd
2020-03-06,1.5733,per_usd
2020-03-09,1.5603,per_usd
2020-03-10,1.5972,per_usd
2020-03-11,1.585,per_usd
2020-03-12,1.6407,per_usd
2020-03-13,1.6523,per_usd
2020-03-16,1.6343,per_usd
2020-03-17,1.6835,per_usd
2020-03-18,1.7307,per_usd
2020-03-19,1.717,per_usd
2020-03-20,1.7425,per_usd
2020-03-23,1.764,per_usd
2020-03-24,1.7259,per_usd
2020-03-25,1.7212,per_usd
2020-03-26,1.6773,per_usd
2020-03-27,1.6606,per_usd
2020-03-30,1.6692,per_usd
2020-03-31,1.6781,per_usd
2020-04-01,1.6824,per_usd
2020-04-02,1.6923,per_usd
2020-04-03,1.7077,per_usd
2020-04-06,1.6807,per_usd
2020-04-07,1.6711,per_usd
2020-04-08,1.662,per_usd
2020-04-09,1.6485,per_usd
2020-04-10,1.6442,per_usd
2020-04-13,1.6434,per_usd
2020-04-14,1.6447,per_usd
2020-04-15,1.6675,per_usd
2020-04-16,1.6815,per_usd
2020-04-17,1.6573,per_usd
2020-04-20,1.6461,per_usd
2020-04-21,1.6795,per_usd
2020-04-22,1.681,per_usd
2020-04-23,1.6595,per_usd
2020-04-24,1.6658,per_usd
2020-04-27,1.6518,per_usd
2020-04-28,1.6493,per_usd
2020-04-29,1.6383,per_usd
2020-04-30,1.626,per_usd
2020-05-01,1.6521,per_usd
2020-05-04,1.6589,per_usd
2020-05-05,1.6488,per_usd
2020-05-06,1.6614,per_usd
2020-05-07,1.6431,per_usd
2020-05-08,1.6268,per_usd
2020-05-11,1.6488,per_usd
2020-05-12,1.6388,per_usd
2020-05-13,1.6642,per_usd
2020-05-14,1.6745,per_usd
2020-05-15,1.6866,per_usd
2020-05-18,1.6562,per_usd
2020-05-19,1.6383,per_usd
2020-05-20,1.6271,per_usd
2020-05-21,1.6359,per_usd
2020-05-22,1.6415,per_usd
2020-05-26,1.6124,per_usd
2020-05-27,1.6218,per_usd
2020-05-28,1.6069,per_usd
2020-05-29,1.6163,per_usd
2020-06-01,1.5908,per_usd
2020-06-02,1.576,per_usd
2020-06-03,1.5538,per_usd
2020-06-04,1.5499,per_usd
2020-06-05,1.5354,per_usd
2020-06-08,1.5288,per_usd
2020-06-09,1.5323,per_usd
2020-06-10,1.5284,per_usd
2020-06-11,1.548,per_usd
2020-06-12,1.555,per_usd
2020-06-15,1.5538,per_usd
2020-06-16,1.5501,per_usd
2020-06-17,1.5475,per_usd
2020-06-18,1.5557,per_usd
2020-06-19,1.5571,per_usd
2020-06-22,1.542,per_usd
2020-06-23,1.5349,per_usd
2020-06-24,1.5586,per_usd
2020-06-25,1.5564,per_usd
2020-06-26,1.5581,per_usd
2020-06-29,1.5605,per_usd
2020-06-30,1.5513,per_usd
2020-07-01,1.5446,per_usd
2020-07-02,1.5354,per_usd
2020-07-06,1.5284,per_usd
2020-07-07,1.5228,per_usd
2020-07-08,1.5235,per_usd
2020-07-09,1.5237,per_usd
2020-07-10,1.5195,per_usd
2020-07-13,1.5198,per_usd
2020-07-14,1.5309,per_usd
2020-07-15,1.5228,per_usd
2020-07-16,1.5228,per_usd
2020-07-17,1.5265,per_usd
2020-07-20,1.5221,per_usd
2020-07-21,1.5085,per_usd
2020-07-22,1.4997,per_usd
2020-07-23,1.5017,per_usd
2020-07-24,1.5076,per_usd
2020-07-27,1.4963,per_usd
2020-07-28,1.5008,per_usd
2020-07-29,1.5026,per_usd
2020-07-30,1.5058,per_usd
2020-07-31,1.5051,per_usd
2020-08-03,1.5152,per_usd
2020-08-04,1.5126,per_usd
2020-08-05,1.5011,per_usd
2020-08-06,1.5013,per_usd
2020-08-07,1.5135,per_usd
2020-08-10,1.517,per_usd
2020-08-11,1.5207,per_usd
2020-08-12,1.5181,per_usd
2020-08-13,1.5251,per_usd
2020-08-14,1.5258,per_usd
2020-08-17,1.5274,per_usd
2020-08-18,1.5179,per_usd
2020-08-19,1.5135,per_usd
2020-08-20,1.534,per_usd
2020-08-21,1.5307,per_usd
2020-08-24,1.53,per_usd
2020-08-25,1.5314,per_usd
2020-08-26,1.5152,per_usd
2020-08-27,1.5058,per_usd
2020-08-28,1.4835,per_usd
2020-08-31,1.4808,per_usd
2020-09-01,1.478,per_usd
2020-09-02,1.4799,per_usd
2020-09-03,1.491,per_usd
2020-09-04,1.4921,per_usd
2020-09-08,1.5078,per_usd
2020-09-09,1.4975,per_usd
2020-09-10,1.4999,per_usd
2020-09-11,1.4999,per_usd
2020-09-14,1.4899,per_usd
2020-09-15,1.4894,per_usd
2020-09-16,1.4804,per_usd
2020-09-17,1.4863,per_usd
2020-09-18,1.4754,per_usd
2020-09-21,1.5008,per_usd
2020-09-22,1.5069,per_usd
2020-09-23,1.5228,per_usd
2020-09-24,1.5286,per_usd
2020-09-25,1.5288,per_usd
2020-09-28,1.526,per_usd
2020-09-29,1.5193,per_usd
2020-09-30,1.5133,per_usd
2020-10-01,1.504,per_usd
2020-10-02,1.5101,per_usd
2020-10-05,1.5058,per_usd
2020-10-06,1.5076,per_usd
2020-10-07,1.5168,per_usd
2020-10-08,1.5207,per_usd
2020-10-09,1.5002,per_usd
2020-10-13,1.5042,per_usd
2020-10-14,1.4997,per_usd
2020-10-15,1.5181,per_usd
2020-10-16,1.5133,per_usd
2020-10-19,1.5081,per_usd
2020-10-20,1.5184,per_usd
2020-10-21,1.5004,per_usd
2020-10-22,1.4981,per_usd
2020-10-23,1.4977,per_usd
2020-10-26,1.4966,per_usd
2020-10-27,1.4885,per_usd
2020-10-28,1.5015,per_usd
2020-10-29,1.5149,per_usd
2020-10-30,1.5129,per_usd
2020-11-02,1.509,per_usd
2020-11-03,1.4914,per_usd
2020-11-04,1.4923,per_usd
2020-11-05,1.4791,per_usd
2020-11-06,1.4743,per_usd
2020-11-09,1.4691,per_usd
2020-11-10,1.4667,per_usd
2020-11-12,1.4545,per_usd
2020-11-13,1.4622,per_usd
2020-11-16,1.4495,per_usd
2020-11-17,1.4516,per_usd
2020-11-18,1.4413,per_usd
2020-11-19,1.4493,per_usd
2020-11-20,1.4391,per_usd
2020-11-23,1.4468,per_usd
2020-11-24,1.4341,per_usd
2020-11-25,1.4271,per_usd
2020-11-30,1.4251,per_usd
2020-12-01,1.417,per_usd
2020-12-02,1.4168,per_usd
2020-12-03,1.4118,per_usd
2020-12-04,1.4192,per_usd
2020-12-07,1.4166,per_usd
2020-12-08,1.4192,per_usd
2020-12-09,1.4203,per_usd
2020-12-10,1.4132,per_usd
2020-12-11,1.4114,per_usd
2020-12-14,1.4124,per_usd
2020-12-15,1.4108,per_usd
2020-12-16,1.4126,per_usd
2020-12-17,1.3988,per_usd
2020-12-18,1.4037,per_usd
2020-12-21,1.4108,per_usd
2020-12-22,1.4203,per_usd
2020-12-23,1.4085,per_usd
2020-12-28,1.4098,per_usd
2020-12-29,1.3963,per_usd
2020-12-30,1.3875,per_usd
2020-12-31,1.39,per_usd
2021-01-04,1.3959,per_usd
2021-01-05,1.3808,per_usd
2021-01-06,1.3734,per_usd
2021-01-07,1.3795,per_usd
2021-01-08,1.3789,per_usd
2021-01-11,1.3914,per_usd
2021-01-12,1.3914,per_usd
2021-01-13,1.3912,per_usd
2021-01-14,1.3839,per_usd
2021-01-15,1.3968,per_usd
2021-01-19,1.4053,per_usd
2021-01-21,1.3908,per_usd
2021-01-22,1.3912,per_usd
2021-01-25,1.3904,per_usd
2021-01-26,1.3831,per_usd
2021-01-27,1.393,per_usd
2021-01-28,1.3941,per_usd
2021-01-29,1.3889,per_usd
2021-02-01,1.3959,per_usd
2021-02-02,1.398,per_usd
2021-02-03,1.3891,per_usd
2021-02-04,1.3966,per_usd
2021-02-05,1.3902,per_usd
2021-02-08,1.3845,per_usd
2021-02-09,1.3829,per_usd
2021-02-10,1.385,per_usd
2021-02-11,1.3827,per_usd
2021-02-12,1.3837,per_usd
2021-02-16,1.387,per_usd
2021-02-17,1.3931,per_usd
2021-02-18,1.3885,per_usd
2021-02-19,1.3676,per_usd
2021-02-22,1.3637,per_usd
2021-02-23,1.3644,per_usd
2021-02-24,1.3506,per_usd
2021-02-25,1.3461,per_usd
2021-02-26,1.3795,per_usd
2021-03-01,1.3749,per_usd
2021-03-02,1.3716,per_usd
2021-03-03,1.377,per_usd
2021-03-04,1.3763,per_usd
2021-03-05,1.399,per_usd
2021-03-08,1.4035,per_usd
2021-03-09,1.3976,per_usd
2021-03-10,1.3931,per_usd
2021-03-11,1.386,per_usd
2021-03-12,1.3916,per_usd
2021-03-15,1.3924,per_usd
2021-03-16,1.3906,per_usd
2021-03-17,1.3965,per_usd
2021-03-18,1.39,per_usd
2021-03-19,1.3955,per_usd
2021-03-22,1.393,per_usd
2021-03-23,1.4219,per_usd
2021-03-24,1.4318,per_usd
2021-03-25,1.4388,per_usd
2021-03-26,1.4292,per_usd
2021-03-29,1.4255,per_usd
2021-03-30,1.431,per_usd
2021-03-31,1.4308,per_usd
2021-04-01,1.4259,per_usd
2021-04-02,1.4239,per_usd
2021-04-05,1.4148,per_usd
2021-04-06,1.4192,per_usd
2021-04-07,1.4237,per_usd
2021-04-08,1.4192,per_usd
2021-04-09,1.419,per_usd
2021-04-12,1.4227,per_usd
2021-04-13,1.4207,per_usd
2021-04-14,1.399,per_usd
2021-04-15,1.3955,per_usd
2021-04-16,1.4011,per_usd
2021-04-19,1.3937,per_usd
2021-04-20,1.3916,per_usd
2021-04-21,1.3862,per_usd
2021-04-22,1.3953,per_usd
2021-04-23,1.393,per_usd
2021-04-26,1.3827,per_usd
2021-04-27,1.3864,per_usd
2021-04-28,1.3808,per_usd
2021-04-29,1.3829,per_usd
2021-04-30,1.3949,per_usd
2021-05-03,1.3895,per_usd
2021-05-04,1.4029,per_usd
2021-05-05,1.3868,per_usd
2021-05-06,1.3848,per_usd
2021-05-07,1.3706,per_usd
2021-05-10,1.3689,per_usd
2021-05-11,1.3746,per_usd
2021-05-12,1.3955,per_usd
2021-05-13,1.3928,per_usd
2021-05-14,1.3805,per_usd
2021-05-17,1.3866,per_usd
2021-05-18,1.3814,per_usd
2021-05-19,1.3914,per_usd
2021-05-20,1.3866,per_usd
2021-05-21,1.3957,per_usd
2021-05-24,1.3879,per_usd
2021-05-25,1.3858,per_usd
2021-05-26,1.3714,per_usd
2021-05-27,1.3716,per_usd
2021-05-28,1.3789,per_usd
2021-06-01,1.378,per_usd
2021-06-02,1.3803,per_usd
2021-06-03,1.3998,per_usd
2021-06-04,1.3881,per_usd
2021-06-07,1.3808,per_usd
2021-06-08,1.3897,per_usd
2021-06-09,1.3937,per_usd
2021-06-10,1.3891,per_usd
2021-06-11,1.4035,per_usd
2021-06-14,1.3994,per_usd
2021-06-15,1.4065,per_usd
2021-06-16,1.3996,per_usd
2021-06-17,1.4278,per_usd
2021-06-18,1.4411,per_usd
2021-06-21,1.431,per_usd
2021-06-22,1.4282,per_usd
2021-06-23,1.4166,per_usd
2021-06-24,1.4184,per_usd
2021-06-25,1.4134,per_usd
2021-06-28,1.4176,per_usd
2021-06-29,1.4296,per_usd
2021-06-30,1.4331,per_usd
2021-07-01,1.4327,per_usd
2021-07-02,1.4271,per_usd
2021-07-06,1.4267,per_usd
2021-07-07,1.4259,per_usd
2021-07-08,1.4384,per_usd
2021-07-09,1.4318,per_usd
2021-07-12,1.4314,per_usd
2021-07-13,1.4343,per_usd
2021-07-14,1.4233,per_usd
2021-07-15,1.4298,per_usd
2021-07-16,1.4263,per_usd
2021-07-19,1.4401,per_usd
2021-07-20,1.4463,per_usd
2021-07-21,1.4347,per_usd
2021-07-22,1.4374,per_usd
2021-07-23,1.4337,per_usd
2021-07-26,1.4278,per_usd
2021-07-27,1.436,per_usd
2021-07-28,1.4424,per_usd
2021-07-29,1.4255,per_usd
2021-07-30,1.4323,per_usd
2021-08-02,1.4341,per_usd
2021-08-03,1.4273,per_usd
2021-08-04,1.419,per_usd
2021-08-05,1.4158,per_usd
2021-08-06,1.4259,per_usd
2021-08-09,1.4284,per_usd
2021-08-10,1.4276,per_usd
2021-08-11,1.419,per_usd
2021-08-12,1.4269,per_usd
2021-08-13,1.4194,per_usd
2021-08-16,1.4235,per_usd
2021-08-17,1.4468,per_usd
2021-08-18,1.4514,per_usd
2021-08-19,1.4592,per_usd
2021-08-20,1.4641,per_usd
2021-08-23,1.4505,per_usd
2021-08-24,1.4397,per_usd
2021-08-25,1.436,per_usd
2021-08-26,1.4374,per_usd
2021-08-27,1.4261,per_usd
2021-08-30,1.4282,per_usd
2021-08-31,1.4201,per_usd
2021-09-01,1.4148,per_usd
2021-09-02,1.4065,per_usd
2021-09-03,1.3992,per_usd
2021-09-07,1.4071,per_usd
2021-09-08,1.4094,per_usd
2021-09-09,1.4033,per_usd
2021-09-10,1.4033,per_usd
2021-09-13,1.4051,per_usd
2021-09-14,1.4063,per_usd
2021-09-15,1.4075,per_usd
2021-09-16,1.414,per_usd
2021-09-17,1.4198,per_usd
2021-09-20,1.4235,per_usd
2021-09-21,1.4259,per_usd
2021-09-22,1.4223,per_usd
2021-09-23,1.4136,per_usd
2021-09-24,1.4259,per_usd
2021-09-27,1.4265,per_usd
2021-09-28,1.4376,per_usd
2021-09-29,1.4554,per_usd
2021-09-30,1.4495,per_usd
2021-10-01,1.4403,per_usd
2021-10-04,1.436,per_usd
2021-10-05,1.4349,per_usd
2021-10-06,1.4465,per_usd
2021-10-07,1.4411,per_usd
2021-10-08,1.4426,per_usd
2021-10-12,1.4397,per_usd
2021-10-13,1.4376,per_usd
2021-10-14,1.4229,per_usd
2021-10-15,1.4142,per_usd
2021-10-18,1.4122,per_usd
2021-10-19,1.3961,per_usd
2021-10-20,1.3887,per_usd
2021-10-21,1.3943,per_usd
2021-10-22,1.4006,per_usd
2021-10-25,1.3955,per_usd
2021-10-26,1.3976,per_usd
2021-10-27,1.3935,per_usd
2021-10-28,1.3873,per_usd
2021-10-29,1.397,per_usd
2021-11-01,1.3899,per_usd
2021-11-02,1.4077,per_usd
2021-11-03,1.4011,per_usd
2021-11-04,1.4065,per_usd
2021-11-05,1.4039,per_usd
2021-11-08,1.3941,per_usd
2021-11-09,1.4039,per_usd
2021-11-10,1.411,per_usd
2021-11-12,1.4205,per_usd
2021-11-15,1.4166,per_usd
2021-11-16,1.43,per_usd
2021-11-17,1.4284,per_usd
2021-11-18,1.4223,per_usd
2021-11-19,1.4251,per_usd
2021-11-22,1.4355,per_usd
2021-11-23,1.4397,per_usd
2021-11-24,1.456,per_usd
2021-11-26,1.4652,per_usd
2021-11-29,1.4728,per_usd
2021-11-30,1.4717,per_usd
2021-12-01,1.4622,per_usd
2021-12-02,1.4674,per_usd
2021-12-03,1.4808,per_usd
2021-12-06,1.4819,per_usd
2021-12-07,1.4756,per_usd
2021-12-08,1.4691,per_usd
2021-12-09,1.4743,per_usd
2021-12-10,1.471,per_usd
2021-12-13,1.4804,per_usd
2021-12-14,1.4824,per_usd
2021-12-15,1.4848,per_usd
2021-12-16,1.4684,per_usd
2021-12-17,1.4804,per_usd
2021-12-20,1.4883,per_usd
2021-12-21,1.4802,per_usd
2021-12-22,1.4669,per_usd
2021-12-23,1.465,per_usd
2021-12-27,1.4682,per_usd
2021-12-28,1.4706,per_usd
2021-12-29,1.465,per_usd
2021-12-30,1.4622,per_usd
2022-01-03,1.4734,per_usd
2022-01-04,1.4689,per_usd
2022-01-05,1.465,per_usd
2022-01-06,1.4819,per_usd
2022-01-07,1.4751,per_usd
2022-01-10,1.4806,per_usd
2022-01-11,1.4762,per_usd
2022-01-12,1.4607,per_usd
2022-01-13,1.4535,per_usd
2022-01-14,1.4684,per_usd
2022-01-18,1.4771,per_usd
2022-01-19,1.4719,per_usd
2022-01-20,1.4721,per_usd
2022-01-21,1.4865,per_usd
2022-01-24,1.4995,per_usd
2022-01-25,1.4993,per_usd
2022-01-26,1.4952,per_usd
2022-01-27,1.5177,per_usd
2022-01-28,1.5256,per_usd
2022-01-31,1.52,per_usd
2022-02-01,1.5106,per_usd
2022-02-02,1.509,per_usd
2022-02-03,1.5008,per_usd
2022-02-04,1.5147,per_usd
2022-02-07,1.5106,per_usd
2022-02-08,1.5058,per_usd
2022-02-09,1.4952,per_usd
2022-02-10,1.4861,per_usd
2022-02-11,1.4966,per_usd
2022-02-14,1.5122,per_usd
2022-02-15,1.5056,per_usd
2022-02-16,1.4993,per_usd
2022-02-17,1.4928,per_usd
2022-02-18,1.4939,per_usd
2022-02-22,1.4815,per_usd
2022-02-23,1.4745,per_usd
2022-02-24,1.5031,per_usd
2022-02-25,1.4839,per_usd
2022-02-28,1.4762,per_usd
2022-03-01,1.4799,per_usd
2022-03-02,1.4751,per_usd
2022-03-03,1.4738,per_usd
2022-03-04,1.4601,per_usd
2022-03-07,1.4652,per_usd
2022-03-08,1.4678,per_usd
2022-03-09,1.4603,per_usd
2022-03-10,1.4565,per_usd
2022-03-11,1.4667,per_usd
2022-03-14,1.4743,per_usd
2022-03-15,1.4778,per_usd
2022-03-16,1.4691,per_usd
2022-03-17,1.4507,per_usd
2022-03-18,1.4495,per_usd
2022-03-21,1.4486,per_usd
2022-03-22,1.4399,per_usd
2022-03-23,1.4343,per_usd
2022-03-24,1.4368,per_usd
2022-03-25,1.4388,per_usd
2022-03-28,1.4501,per_usd
2022-03-29,1.4443,per_usd
2022-03-30,1.4333,per_usd
2022-03-31,1.4397,per_usd
2022-04-01,1.4468,per_usd
2022-04-04,1.436,per_usd
2022-04-05,1.4351,per_usd
2022-04-06,1.4424,per_usd
2022-04-07,1.4518,per_usd
2022-04-08,1.4594,per_usd
2022-04-11,1.465,per_usd
2022-04-12,1.4533,per_usd
2022-04-13,1.4738,per_usd
2022-04-14,1.4762,per_usd
2022-04-15,1.4758,per_usd
2022-04-18,1.4872,per_usd
2022-04-19,1.4868,per_usd
2022-04-20,1.4684,per_usd
2022-04-21,1.4841,per_usd
2022-04-22,1.5067,per_usd
2022-04-25,1.5158,per_usd
2022-04-26,1.5191,per_usd
2022-04-27,1.5295,per_usd
2022-04-28,1.5444,per_usd
2022-04-29,1.5442,per_usd
2022-05-02,1.5545,per_usd
2022-05-03,1.5528,per_usd
2022-05-04,1.5511,per_usd
2022-05-05,1.5613,per_usd
2022-05-06,1.5559,per_usd
2022-05-09,1.5755,per_usd
2022-05-10,1.5908,per_usd
2022-05-11,1.5775,per_usd
2022-05-12,1.6033,per_usd
2022-05-13,1.5972,per_usd
2022-05-16,1.5913,per_usd
2022-05-17,1.5743,per_usd
2022-05-18,1.579,per_usd
2022-05-19,1.5625,per_usd
2022-05-20,1.5654,per_usd
2022-05-23,1.5475,per_usd
2022-05-24,1.5521,per_usd
2022-05-25,1.5482,per_usd
2022-05-26,1.5475,per_usd
2022-05-27,1.5302,per_usd
2022-05-31,1.5337,per_usd
2022-06-01,1.5454,per_usd
2022-06-02,1.5267,per_usd
2022-06-03,1.5373,per_usd
2022-06-06,1.5387,per_usd
2022-06-07,1.5444,per_usd
2022-06-08,1.5456,per_usd
2022-06-09,1.5613,per_usd
2022-06-10,1.5716,per_usd
2022-06-13,1.5934,per_usd
2022-06-14,1.6075,per_usd
2022-06-15,1.6023,per_usd
2022-06-16,1.5778,per_usd
2022-06-17,1.5896,per_usd
2022-06-21,1.576,per_usd
2022-06-22,1.5891,per_usd
2022-06-23,1.5921,per_usd
2022-06-24,1.5825,per_usd
2022-06-27,1.5828,per_usd
2022-06-28,1.599,per_usd
2022-06-29,1.6067,per_usd
2022-06-30,1.6013,per_usd
2022-07-01,1.6163,per_usd
2022-07-05,1.6281,per_usd
2022-07-06,1.6287,per_usd
2022-07-07,1.6207,per_usd
2022-07-08,1.6139,per_usd
2022-07-11,1.6297,per_usd
2022-07-12,1.6287,per_usd
2022-07-13,1.6244,per_usd
2022-07-14,1.6329,per_usd
2022-07-15,1.6239,per_usd
2022-07-18,1.6202,per_usd
2022-07-19,1.6057,per_usd
2022-07-20,1.6031,per_usd
2022-07-21,1.6088,per_usd
2022-07-22,1.5941,per_usd
2022-07-25,1.5977,per_usd
2022-07-26,1.6038,per_usd
2022-07-27,1.6132,per_usd
2022-07-28,1.5931,per_usd
2022-07-29,1.5926,per_usd
2022-08-01,1.5758,per_usd
2022-08-02,1.5921,per_usd
2022-08-03,1.6,per_usd
2022-08-04,1.5881,per_usd
2022-08-05,1.6028,per_usd
2022-08-08,1.5901,per_usd
2022-08-09,1.5906,per_usd
2022-08-10,1.5559,per_usd
2022-08-11,1.5518,per_usd
2022-08-12,1.5535,per_usd
2022-08-15,1.5669,per_usd
2022-08-16,1.578,per_usd
2022-08-17,1.5969,per_usd
2022-08-18,1.5954,per_usd
2022-08-19,1.6189,per_usd
2022-08-22,1.6223,per_usd
2022-08-23,1.6059,per_usd
2022-08-24,1.6155,per_usd
2022-08-25,1.609,per_usd
2022-08-26,1.6231,per_usd
2022-08-29,1.6231,per_usd
2022-08-30,1.6289,per_usd
2022-08-31,1.6297,per_usd
2022-09-01,1.6477,per_usd
2022-09-02,1.63,per_usd
2022-09-06,1.6523,per_usd
2022-09-07,1.657,per_usd
2022-09-08,1.6537,per_usd
2022-09-09,1.6356,per_usd
2022-09-12,1.6258,per_usd
2022-09-13,1.6631,per_usd
2022-09-14,1.6631,per_usd
2022-09-15,1.6736,per_usd
2022-09-16,1.6728,per_usd
2022-09-19,1.6846,per_usd
2022-09-20,1.6923,per_usd
2022-09-21,1.6995,per_usd
2022-09-22,1.7112,per_usd
2022-09-23,1.7352,per_usd
2022-09-26,1.7649,per_usd
2022-09-27,1.7702,per_usd
2022-09-28,1.7535,per_usd
2022-09-29,1.7522,per_usd
2022-09-30,1.7724,per_usd
2022-10-03,1.7516,per_usd
2022-10-04,1.7422,per_usd
2022-10-05,1.7532,per_usd
2022-10-06,1.7671,per_usd
2022-10-07,1.7768,per_usd
2022-10-11,1.7724,per_usd
2022-10-12,1.7835,per_usd
2022-10-13,1.779,per_usd
2022-10-14,1.796,per_usd
2022-10-17,1.7712,per_usd
2022-10-18,1.7658,per_usd
2022-10-19,1.7643,per_usd
2022-10-20,1.7476,per_usd
2022-10-21,1.7379,per_usd
2022-10-24,1.7572,per_usd
2022-10-25,1.7355,per_usd
2022-10-26,1.7141,per_usd
2022-10-27,1.7109,per_usd
2022-10-28,1.7265,per_usd
2022-10-31,1.7212,per_usd
2022-11-01,1.7117,per_usd
2022-11-02,1.7056,per_usd
2022-11-03,1.7304,per_usd
2022-11-04,1.6978,per_usd
2022-11-07,1.6892,per_usd
2022-11-08,1.6678,per_usd
2022-11-09,1.6952,per_usd
2022-11-10,1.6639,per_usd
2022-11-14,1.6402,per_usd
2022-11-15,1.6197,per_usd
2022-11-16,1.6273,per_usd
2022-11-17,1.6393,per_usd
2022-11-18,1.6234,per_usd
2022-11-21,1.6412,per_usd
2022-11-22,1.6287,per_usd
2022-11-23,1.6075,per_usd
2022-11-25,1.6015,per_usd
2022-11-28,1.6119,per_usd
2022-11-29,1.6129,per_usd
2022-11-30,1.6041,per_usd
2022-12-01,1.5694,per_usd
2022-12-02,1.563,per_usd
2022-12-05,1.5855,per_usd
2022-12-06,1.5805,per_usd
2022-12-07,1.5708,per_usd
2022-12-08,1.5684,per_usd
2022-12-09,1.5567,per_usd
2022-12-12,1.5681,per_usd
2022-12-13,1.5434,per_usd
2022-12-14,1.5504,per_usd
2022-12-15,1.5768,per_usd
2022-12-16,1.5699,per_usd
2022-12-19,1.5694,per_usd
2022-12-20,1.5793,per_usd
2022-12-21,1.5908,per_usd
2022-12-22,1.5992,per_usd
2022-12-23,1.5891,per_usd
2022-12-27,1.5913,per_usd
2022-12-28,1.5853,per_usd
2022-12-29,1.5746,per_usd
2022-12-30,1.5768,per_usd
2023-01-03,1.6008,per_usd
2023-01-04,1.5838,per_usd
2023-01-05,1.6067,per_usd
2023-01-06,1.5788,per_usd
2023-01-09,1.5623,per_usd
2023-01-10,1.5718,per_usd
2023-01-11,1.5755,per_usd
2023-01-12,1.5681,per_usd
2023-01-13,1.5721,per_usd
2023-01-17,1.5564,per_usd
2023-01-18,1.548,per_usd
2023-01-19,1.5686,per_usd
2023-01-20,1.5487,per_usd
2023-01-23,1.5439,per_usd
2023-01-24,1.5382,per_usd
2023-01-25,1.5473,per_usd
2023-01-26,1.5454,per_usd
2023-01-27,1.5425,per_usd
2023-01-30,1.5418,per_usd
2023-01-31,1.5466,per_usd
2023-02-01,1.554,per_usd
2023-02-02,1.5401,per_usd
2023-02-03,1.5763,per_usd
2023-02-06,1.5913,per_usd
2023-02-07,1.586,per_usd
2023-02-08,1.5843,per_usd
2023-02-09,1.5743,per_usd
2023-02-10,1.5853,per_usd
2023-02-13,1.5726,per_usd
2023-02-14,1.5813,per_usd
2023-02-15,1.5934,per_usd
2023-02-16,1.5957,per_usd
2023-02-17,1.6038,per_usd
2023-02-21,1.6093,per_usd
2023-02-22,1.6041,per_usd
2023-02-23,1.6108,per_usd
2023-02-24,1.6218,per_usd
2023-02-27,1.6223,per_usd
2023-02-28,1.6145,per_usd
2023-03-01,1.5969,per_usd
2023-03-02,1.6103,per_usd
2023-03-03,1.6103,per_usd
2023-03-06,1.6147,per_usd
2023-03-07,1.6321,per_usd
2023-03-08,1.6364,per_usd
2023-03-09,1.6313,per_usd
2023-03-10,1.6268,per_usd
2023-03-13,1.6026,per_usd
2023-03-14,1.6067,per_usd
2023-03-15,1.6176,per_usd
2023-03-16,1.6202,per_usd
2023-03-17,1.6003,per_usd
2023-03-20,1.601,per_usd
2023-03-21,1.6205,per_usd
2023-03-22,1.6075,per_usd
2023-03-23,1.5913,per_usd
2023-03-24,1.6111,per_usd
2023-03-27,1.6158,per_usd
2023-03-28,1.6,per_usd
2023-03-29,1.6072,per_usd
2023-03-30,1.5995,per_usd
2023-03-31,1.5946,per_usd
2023-04-03,1.5901,per_usd
2023-04-04,1.5863,per_usd
2023-04-05,1.5798,per_usd
2023-04-06,1.5995,per_usd
2023-04-07,1.601,per_usd
2023-04-10,1.6124,per_usd
2023-04-11,1.6145,per_usd
2023-04-12,1.6095,per_usd
2023-04-13,1.5855,per_usd
2023-04-14,1.6108,per_usd
2023-04-17,1.6197,per_usd
2023-04-18,1.6119,per_usd
2023-04-19,1.6113,per_usd
2023-04-20,1.6152,per_usd
2023-04-21,1.6292,per_usd
2023-04-24,1.6281,per_usd
2023-04-25,1.6276,per_usd
2023-04-26,1.63,per_usd
2023-04-27,1.6305,per_usd
2023-04-28,1.6163,per_usd
2023-05-01,1.6205,per_usd
2023-05-02,1.6108,per_usd
2023-05-03,1.6031,per_usd
2023-05-04,1.5918,per_usd
2023-05-05,1.5876,per_usd
2023-05-08,1.5748,per_usd
2023-05-09,1.582,per_usd
2023-05-10,1.5738,per_usd
2023-05-11,1.5883,per_usd
2023-05-12,1.6147,per_usd
2023-05-15,1.6062,per_usd
2023-05-16,1.6033,per_usd
2023-05-17,1.6,per_usd
2023-05-18,1.608,per_usd
2023-05-19,1.5903,per_usd
2023-05-22,1.5936,per_usd
2023-05-23,1.5974,per_usd
2023-05-24,1.6372,per_usd
2023-05-25,1.6526,per_usd
2023-05-26,1.654,per_usd
2023-05-30,1.6543,per_usd
2023-05-31,1.6681,per_usd
2023-06-01,1.6458,per_usd
2023-06-02,1.6469,per_usd
2023-06-05,1.6437,per_usd
2023-06-06,1.6447,per_usd
2023-06-07,1.6532,per_usd
2023-06-08,1.641,per_usd
2023-06-09,1.6321,per_usd
2023-06-12,1.6348,per_usd
2023-06-13,1.6265,per_usd
2023-06-14,1.6038,per_usd
2023-06-15,1.6057,per_usd
2023-06-16,1.6072,per_usd
2023-06-20,1.6258,per_usd
2023-06-21,1.6158,per_usd
2023-06-22,1.616,per_usd
2023-06-23,1.6263,per_usd
2023-06-26,1.6207,per_usd
2023-06-27,1.6213,per_usd
2023-06-28,1.6423,per_usd
2023-06-29,1.6461,per_usd
2023-06-30,1.6305,per_usd
2023-07-03,1.6247,per_usd
2023-07-05,1.6168,per_usd
2023-07-06,1.6255,per_usd
2023-07-07,1.6103,per_usd
2023-07-10,1.6108,per_usd
2023-07-11,1.6179,per_usd
2023-07-12,1.5888,per_usd
2023-07-13,1.5691,per_usd
2023-07-14,1.5684,per_usd
2023-07-17,1.5785,per_usd
2023-07-18,1.5893,per_usd
2023-07-19,1.6015,per_usd
2023-07-20,1.6067,per_usd
2023-07-21,1.6186,per_usd
2023-07-24,1.61,per_usd
2023-07-25,1.6067,per_usd
2023-07-26,1.6103,per_usd
2023-07-27,1.6106,per_usd
2023-07-28,1.6215,per_usd
2023-07-31,1.6077,per_usd
2023-08-01,1.6281,per_usd
2023-08-02,1.6437,per_usd
2023-08-03,1.6428,per_usd
2023-08-04,1.6321,per_usd
2023-08-07,1.6402,per_usd
2023-08-08,1.6537,per_usd
2023-08-09,1.6534,per_usd
2023-08-10,1.6496,per_usd
2023-08-11,1.6714,per_usd
2023-08-14,1.6708,per_usd
2023-08-15,1.6731,per_usd
2023-08-16,1.6807,per_usd
2023-08-17,1.6852,per_usd
2023-08-18,1.6829,per_usd
2023-08-21,1.6935,per_usd
2023-08-22,1.6812,per_usd
2023-08-23,1.6739,per_usd
2023-08-24,1.6878,per_usd
2023-08-25,1.6949,per_usd
2023-08-28,1.6915,per_usd
2023-08-29,1.681,per_usd
2023-08-30,1.6711,per_usd
2023-08-31,1.6812,per_usd
2023-09-01,1.6835,per_usd
2023-09-05,1.6998,per_usd
2023-09-06,1.7021,per_usd
2023-09-07,1.6995,per_usd
2023-09-08,1.6955,per_usd
2023-09-11,1.6889,per_usd
2023-09-12,1.6935,per_usd
2023-09-13,1.6898,per_usd
2023-09-14,1.69,per_usd
2023-09-15,1.6923,per_usd
2023-09-18,1.6892,per_usd
2023-09-19,1.6858,per_usd
2023-09-20,1.6731,per_usd
2023-09-21,1.6852,per_usd
2023-09-22,1.6736,per_usd
2023-09-25,1.6762,per_usd
2023-09-26,1.6795,per_usd
2023-09-27,1.6872,per_usd
2023-09-28,1.6742,per_usd
2023-09-29,1.6631,per_usd
2023-10-02,1.6787,per_usd
2023-10-03,1.6964,per_usd
2023-10-04,1.6886,per_usd
2023-10-05,1.6812,per_usd
2023-10-06,1.6678,per_usd
2023-10-10,1.6545,per_usd
2023-10-11,1.6603,per_usd
2023-10-12,1.6824,per_usd
2023-10-13,1.6969,per_usd
2023-10-16,1.688,per_usd
2023-10-17,1.6929,per_usd
2023-10-18,1.7068,per_usd
2023-10-19,1.7126,per_usd
2023-10-20,1.7153,per_usd
2023-10-23,1.7114,per_usd
2023-10-24,1.7138,per_usd
2023-10-25,1.7167,per_usd
2023-10-26,1.7194,per_usd
2023-10-27,1.717,per_usd
2023-10-30,1.7132,per_usd
2023-10-31,1.7194,per_usd
2023-11-01,1.7153,per_usd
2023-11-02,1.6992,per_usd
2023-11-03,1.6694,per_usd
2023-11-06,1.6722,per_usd
2023-11-07,1.6858,per_usd
2023-11-08,1.6866,per_usd
2023-11-09,1.6815,per_usd
2023-11-13,1.6972,per_usd
2023-11-14,1.6703,per_usd
2023-11-15,1.6581,per_usd
2023-11-16,1.6728,per_usd
2023-11-17,1.6748,per_usd
2023-11-20,1.6586,per_usd
2023-11-21,1.6493,per_usd
2023-11-22,1.6628,per_usd
2023-11-24,1.6439,per_usd
2023-11-27,1.642,per_usd
2023-11-28,1.6265,per_usd
2023-11-29,1.6263,per_usd
2023-11-30,1.6218,per_usd
2023-12-01,1.6134,per_usd
2023-12-04,1.6207,per_usd
2023-12-05,1.6305,per_usd
2023-12-06,1.6242,per_usd
2023-12-07,1.62,per_usd
2023-12-08,1.6345,per_usd
2023-12-11,1.634,per_usd
2023-12-12,1.6311,per_usd
2023-12-13,1.6329,per_usd
2023-12-14,1.6072,per_usd
2023-12-15,1.6075,per_usd
2023-12-18,1.6111,per_usd
2023-12-19,1.5952,per_usd
2023-12-20,1.5916,per_usd
2023-12-21,1.5913,per_usd
2023-12-22,1.5881,per_usd
2023-12-26,1.5818,per_usd
2023-12-27,1.5765,per_usd
2023-12-28,1.5758,per_usd
2023-12-29,1.5773,per_usd
2024-01-02,1.5967,per_usd
2024-01-03,1.6038,per_usd
2024-01-04,1.6044,per_usd
2024-01-05,1.5987,per_usd
2024-01-08,1.6,per_usd
2024-01-09,1.6021,per_usd
2024-01-10,1.6067,per_usd
2024-01-11,1.61,per_usd
2024-01-12,1.6008,per_usd
2024-01-16,1.6268,per_usd
2024-01-17,1.6383,per_usd
2024-01-18,1.6375,per_usd
2024-01-19,1.6391,per_usd
2024-01-22,1.6385,per_usd
2024-01-23,1.6472,per_usd
2024-01-24,1.6319,per_usd
2024-01-25,1.6351,per_usd
2024-01-26,1.6385,per_usd
2024-01-29,1.6367,per_usd
2024-01-30,1.6316,per_usd
2024-01-31,1.6268,per_usd
2024-02-01,1.63,per_usd
2024-02-02,1.6485,per_usd
2024-02-05,1.6534,per_usd
2024-02-06,1.6466,per_usd
2024-02-07,1.6364,per_usd
2024-02-08,1.6415,per_usd
2024-02-09,1.6284,per_usd
2024-02-12,1.6292,per_usd
2024-02-13,1.6496,per_usd
2024-02-14,1.642,per_usd
2024-02-15,1.6383,per_usd
2024-02-16,1.6343,per_usd
2024-02-20,1.6189,per_usd
2024-02-21,1.6194,per_usd
2024-02-22,1.616,per_usd
2024-02-23,1.6134,per_usd
2024-02-26,1.6192,per_usd
2024-02-27,1.62,per_usd
2024-02-28,1.6412,per_usd
2024-02-29,1.6415,per_usd
2024-03-01,1.6377,per_usd
2024-03-04,1.6393,per_usd
2024-03-05,1.6418,per_usd
2024-03-06,1.6281,per_usd
2024-03-07,1.62,per_usd
2024-03-08,1.6181,per_usd
2024-03-11,1.6205,per_usd
2024-03-12,1.6258,per_usd
2024-03-13,1.6236,per_usd
2024-03-14,1.6305,per_usd
2024-03-15,1.6418,per_usd
2024-03-18,1.6434,per_usd
2024-03-19,1.6529,per_usd
2024-03-20,1.6565,per_usd
2024-03-21,1.654,per_usd
2024-03-22,1.6672,per_usd
2024-03-25,1.6656,per_usd
2024-03-26,1.6639,per_usd
2024-03-27,1.6661,per_usd
2024-03-28,1.6711,per_usd
2024-03-29,1.6703,per_usd
2024-04-01,1.6824,per_usd
2024-04-02,1.6756,per_usd
2024-04-03,1.6667,per_usd
2024-04-04,1.6551,per_usd
2024-04-05,1.6611,per_usd
2024-04-08,1.6578,per_usd
2024-04-09,1.651,per_usd
2024-04-10,1.6725,per_usd
2024-04-11,1.6714,per_usd
2024-04-12,1.6807,per_usd
2024-04-15,1.6869,per_usd
2024-04-16,1.6984,per_usd
2024-04-17,1.6943,per_usd
2024-04-18,1.6895,per_usd
2024-04-19,1.6964,per_usd
2024-04-22,1.6923,per_usd
2024-04-23,1.6849,per_usd
2024-04-24,1.688,per_usd
2024-04-25,1.6829,per_usd
2024-04-26,1.6835,per_usd
2024-04-29,1.6739,per_usd
2024-04-30,1.6915,per_usd
2024-05-01,1.6941,per_usd
2024-05-02,1.6827,per_usd
2024-05-03,1.6609,per_usd
2024-05-06,1.6631,per_usd
2024-05-07,1.6633,per_usd
2024-05-08,1.6656,per_usd
2024-05-09,1.6611,per_usd
2024-05-10,1.6611,per_usd
2024-05-13,1.6614,per_usd
2024-05-14,1.6573,per_usd
2024-05-15,1.6383,per_usd
2024-05-16,1.6329,per_usd
2024-05-17,1.6308,per_usd
2024-05-20,1.6356,per_usd
2024-05-21,1.6402,per_usd
2024-05-22,1.638,per_usd
2024-05-23,1.6353,per_usd
2024-05-24,1.6337,per_usd
2024-05-28,1.6242,per_usd
2024-05-29,1.6345,per_usd
2024-05-30,1.6319,per_usd
2024-05-31,1.6295,per_usd
2024-06-03,1.6173,per_usd
2024-06-04,1.6194,per_usd
2024-06-05,1.6166,per_usd
2024-06-06,1.6137,per_usd
2024-06-07,1.6359,per_usd
2024-06-10,1.6324,per_usd
2024-06-11,1.6308,per_usd
2024-06-12,1.608,per_usd
2024-06-13,1.6197,per_usd
2024-06-14,1.6281,per_usd
2024-06-17,1.6345,per_usd
2024-06-18,1.6289,per_usd
2024-06-20,1.634,per_usd
2024-06-21,1.634,per_usd
2024-06-24,1.6324,per_usd
2024-06-25,1.6353,per_usd
2024-06-26,1.6453,per_usd
2024-06-27,1.6423,per_usd
2024-06-28,1.6404,per_usd
2024-07-01,1.6469,per_usd
2024-07-02,1.6469,per_usd
2024-07-03,1.6356,per_usd
2024-07-05,1.6292,per_usd
2024-07-08,1.6303,per_usd
2024-07-09,1.6332,per_usd
2024-07-10,1.6439,per_usd
2024-07-11,1.6359,per_usd
2024-07-12,1.6335,per_usd
2024-07-15,1.641,per_usd
2024-07-16,1.6545,per_usd
2024-07-17,1.6466,per_usd
2024-07-18,1.6483,per_usd
2024-07-19,1.6614,per_usd
2024-07-22,1.6731,per_usd
2024-07-23,1.6776,per_usd
2024-07-24,1.6812,per_usd
2024-07-25,1.6941,per_usd
2024-07-26,1.6964,per_usd
2024-07-29,1.703,per_usd
2024-07-30,1.6958,per_usd
2024-07-31,1.6815,per_usd
2024-08-01,1.6773,per_usd
2024-08-02,1.6745,per_usd
2024-08-05,1.6863,per_usd
2024-08-06,1.6804,per_usd
2024-08-07,1.6625,per_usd
2024-08-08,1.6661,per_usd
2024-08-09,1.6633,per_usd
2024-08-12,1.6609,per_usd
2024-08-13,1.6504,per_usd
2024-08-14,1.6609,per_usd
2024-08-15,1.665,per_usd
2024-08-16,1.657,per_usd
2024-08-19,1.6412,per_usd
2024-08-20,1.6276,per_usd
2024-08-21,1.6231,per_usd
2024-08-22,1.6287,per_usd
2024-08-23,1.6098,per_usd
2024-08-26,1.6119,per_usd
2024-08-27,1.6033,per_usd
2024-08-28,1.6021,per_usd
2024-08-29,1.5954,per_usd
2024-08-30,1.6021,per_usd
2024-09-03,1.6158,per_usd
2024-09-04,1.6132,per_usd
2024-09-05,1.6095,per_usd
2024-09-06,1.6186,per_usd
2024-09-09,1.626,per_usd
2024-09-10,1.6247,per_usd
2024-09-11,1.6337,per_usd
2024-09-12,1.6255,per_usd
2024-09-13,1.6218,per_usd
2024-09-16,1.6168,per_usd
2024-09-17,1.6173,per_usd
2024-09-18,1.6121,per_usd
2024-09-19,1.6023,per_usd
2024-09-20,1.6041,per_usd
2024-09-23,1.5946,per_usd
2024-09-24,1.582,per_usd
2024-09-25,1.5926,per_usd
2024-09-26,1.5805,per_usd
2024-09-27,1.5768,per_usd
2024-09-30,1.5716,per_usd
2024-10-01,1.5913,per_usd
2024-10-02,1.5931,per_usd
2024-10-03,1.6088,per_usd
2024-10-04,1.6244,per_usd
2024-10-07,1.6332,per_usd
2024-10-08,1.6329,per_usd
2024-10-09,1.6488,per_usd
2024-10-10,1.6431,per_usd
2024-10-11,1.6364,per_usd
2024-10-15,1.6431,per_usd
2024-10-16,1.6507,per_usd
2024-10-17,1.6493,per_usd
2024-10-18,1.6488,per_usd
2024-10-21,1.6576,per_usd
2024-10-22,1.6545,per_usd
2024-10-23,1.6647,per_usd
2024-10-24,1.6644,per_usd
2024-10-25,1.6683,per_usd
2024-10-28,1.6722,per_usd
2024-10-29,1.6776,per_usd
2024-10-30,1.6706,per_usd
2024-10-31,1.6804,per_usd
2024-11-01,1.6722,per_usd
2024-11-04,1.6728,per_usd
2024-11-05,1.6669,per_usd
2024-11-06,1.6818,per_usd
2024-11-07,1.6611,per_usd
2024-11-08,1.6776,per_usd
2024-11-12,1.69,per_usd
2024-11-13,1.6989,per_usd
2024-11-14,1.703,per_usd
2024-11-15,1.7059,per_usd
2024-11-18,1.6998,per_usd
2024-11-19,1.6929,per_usd
2024-11-20,1.703,per_usd
2024-11-21,1.7085,per_usd
2024-11-22,1.7161,per_usd
2024-11-25,1.712,per_usd
2024-11-26,1.7164,per_usd
2024-11-27,1.6943,per_usd
2024-11-29,1.6912,per_usd
2024-12-02,1.7015,per_usd
2024-12-03,1.6998,per_usd
2024-12-04,1.7053,per_usd
2024-12-05,1.7036,per_usd
2024-12-06,1.7147,per_usd
2024-12-09,1.7004,per_usd
2024-12-10,1.7235,per_usd
2024-12-11,1.725,per_usd
2024-12-12,1.7271,per_usd
2024-12-13,1.7358,per_usd
2024-12-16,1.7298,per_usd
2024-12-17,1.7364,per_usd
2024-12-18,1.7486,per_usd
2024-12-19,1.7718,per_usd
2024-12-20,1.7655,per_usd
2024-12-23,1.7702,per_usd
2024-12-24,1.7734,per_usd
2024-12-26,1.7756,per_usd
2024-12-27,1.7759,per_usd
2024-12-30,1.773,per_usd
2024-12-31,1.787,per_usd
2025-01-02,1.7854,per_usd
2025-01-03,1.7844,per_usd
2025-01-06,1.7712,per_usd
2025-01-07,1.7721,per_usd
2025-01-08,1.7816,per_usd
2025-01-09,1.7864,per_usd
2025-01-10,1.7999,per_usd
2025-01-13,1.7999,per_usd
2025-01-14,1.787,per_usd
2025-01-15,1.7816,per_usd
2025-01-16,1.78,per_usd
2025-01-17,1.787,per_usd
2025-01-21,1.7646,per_usd
2025-01-22,1.764,per_usd
2025-01-23,1.7615,per_usd
2025-01-24,1.7483,per_usd
2025-01-27,1.7599,per_usd
2025-01-28,1.7658,per_usd
2025-01-29,1.7687,per_usd
2025-01-30,1.7687,per_usd
2025-01-31,1.7643,per_usd
2025-02-03,1.7892,per_usd
2025-02-04,1.7699,per_usd
2025-02-05,1.7553,per_usd
2025-02-06,1.7637,per_usd
2025-02-07,1.7693,per_usd
2025-02-10,1.7696,per_usd
2025-02-11,1.7677,per_usd
2025-02-12,1.7727,per_usd
2025-02-13,1.7693,per_usd
2025-02-14,1.744,per_usd
2025-02-18,1.7528,per_usd
2025-02-19,1.7541,per_usd
2025-02-20,1.7373,per_usd
2025-02-21,1.7388,per_usd
2025-02-24,1.7403,per_usd
2025-02-25,1.7495,per_usd
2025-02-26,1.751,per_usd
2025-02-27,1.7709,per_usd
2025-02-28,1.7851,per_usd
2025-03-03,1.7746,per_usd
2025-03-04,1.779,per_usd
2025-03-05,1.7522,per_usd
2025-03-06,1.7394,per_usd
2025-03-07,1.7513,per_usd
2025-03-10,1.7467,per_usd
2025-03-11,1.7513,per_usd
2025-03-12,1.7473,per_usd
2025-03-13,1.7516,per_usd
2025-03-14,1.7419,per_usd
2025-03-17,1.7209,per_usd
2025-03-18,1.7212,per_usd
2025-03-19,1.7292,per_usd
2025-03-20,1.7388,per_usd
2025-03-21,1.7449,per_usd
2025-03-24,1.7486,per_usd
2025-03-25,1.7428,per_usd
2025-03-26,1.7413,per_usd
2025-03-27,1.7397,per_usd
2025-03-28,1.7452,per_usd
2025-03-31,1.7649,per_usd
2025-04-01,1.7532,per_usd
2025-04-02,1.7419,per_usd
2025-04-03,1.7197,per_usd
2025-04-04,1.7879,per_usd
2025-04-07,1.8064,per_usd
2025-04-08,1.7931,per_usd
2025-04-09,1.7982,per_usd
2025-04-10,1.7476,per_usd
2025-04-11,1.7253,per_usd
2025-04-14,1.7044,per_usd
2025-04-15,1.6903,per_usd
2025-04-16,1.6866,per_usd
2025-04-17,1.6748,per_usd
2025-04-18,1.6855,per_usd
2025-04-21,1.6664,per_usd
2025-04-22,1.6683,per_usd
2025-04-23,1.6764,per_usd
2025-04-24,1.6703,per_usd
2025-04-25,1.6753,per_usd
2025-04-28,1.6764,per_usd
2025-04-29,1.6835,per_usd
2025-04-30,1.6855,per_usd
2025-05-01,1.6946,per_usd
2025-05-02,1.6793,per_usd
2025-05-05,1.6739,per_usd
2025-05-06,1.6656,per_usd
2025-05-07,1.6731,per_usd
2025-05-08,1.6886,per_usd
2025-05-09,1.6892,per_usd
2025-05-12,1.7053,per_usd
2025-05-13,1.6841,per_usd
2025-05-14,1.6898,per_usd
2025-05-15,1.7027,per_usd
2025-05-16,1.703,per_usd
2025-05-19,1.6875,per_usd
2025-05-20,1.6923,per_usd
2025-05-21,1.6764,per_usd
2025-05-22,1.6929,per_usd
2025-05-23,1.6731,per_usd
2025-05-27,1.6824,per_usd
2025-05-28,1.6801,per_usd
2025-05-29,1.6722,per_usd
2025-05-30,1.6745,per_usd
2025-06-02,1.657,per_usd
2025-06-03,1.6669,per_usd
2025-06-04,1.6578,per_usd
2025-06-05,1.6543,per_usd
2025-06-06,1.6611,per_usd
2025-06-09,1.6513,per_usd
2025-06-10,1.6543,per_usd
2025-06-11,1.6537,per_usd
2025-06-12,1.6493,per_usd
2025-06-13,1.657,per_usd
2025-06-16,1.6469,per_usd
2025-06-17,1.6513,per_usd
2025-06-18,1.654,per_usd
2025-06-20,1.6753,per_usd
2025-06-23,1.6835,per_usd
2025-06-24,1.6622,per_usd
2025-06-25,1.6611,per_usd
2025-06-26,1.6477,per_usd
2025-06-27,1.6496,per_usd
2025-06-30,1.6415,per_usd
2025-07-01,1.6428,per_usd
2025-07-02,1.6455,per_usd
2025-07-03,1.648,per_usd
2025-07-07,1.6628,per_usd
2025-07-08,1.6683,per_usd
2025-07-09,1.6689,per_usd
2025-07-10,1.6614,per_usd
2025-07-11,1.6636,per_usd
2025-07-14,1.6739,per_usd
2025-07-15,1.6804,per_usd
2025-07-16,1.6838,per_usd
2025-07-17,1.6863,per_usd
2025-07-18,1.6731,per_usd
2025-07-21,1.6725,per_usd
2025-07-22,1.6664,per_usd
2025-07-23,1.6559,per_usd
2025-07-24,1.6554,per_usd
2025-07-25,1.665,per_usd
2025-07-28,1.6742,per_usd
2025-07-29,1.6793,per_usd
2025-07-30,1.6915,per_usd
2025-07-31,1.6966,per_usd
2025-08-01,1.6915,per_usd
2025-08-04,1.6929,per_usd
2025-08-05,1.6946,per_usd
2025-08-06,1.6838,per_usd
2025-08-07,1.6824,per_usd
2025-08-08,1.679,per_usd
2025-08-11,1.6846,per_usd
2025-08-12,1.6787,per_usd
2025-08-13,1.6728,per_usd
2025-08-14,1.6903,per_usd
2025-08-15,1.6863,per_usd
2025-08-18,1.6878,per_usd
2025-08-19,1.6946,per_usd
2025-08-20,1.7176,per_usd
2025-08-21,1.7188,per_usd
2025-08-22,1.7059,per_usd
2025-08-25,1.7044,per_usd
2025-08-26,1.705,per_usd
2025-08-27,1.71,per_usd
2025-08-28,1.6992,per_usd
2025-08-29,1.6946,per_usd
2025-09-02,1.7053,per_usd
2025-09-03,1.7004,per_usd
2025-09-04,1.7129,per_usd
2025-09-05,1.692,per_usd
2025-09-08,1.6832,per_usd
2025-09-09,1.6861,per_usd
2025-09-10,1.6795,per_usd
2025-09-11,1.6742,per_usd
2025-09-12,1.6812,per_usd
2025-09-15,1.6745,per_usd
2025-09-16,1.6722,per_usd
2025-09-17,1.6745,per_usd
2025-09-18,1.7013,per_usd
2025-09-19,1.7068,per_usd
2025-09-22,1.7056,per_usd
2025-09-23,1.7071,per_usd
2025-09-24,1.7197,per_usd
2025-09-25,1.731,per_usd
2025-09-26,1.7334,per_usd
2025-09-29,1.7283,per_usd
2025-09-30,1.7244,per_usd
2025-10-01,1.7209,per_usd
2025-10-02,1.7203,per_usd
2025-10-03,1.7123,per_usd
2025-10-06,1.7129,per_usd
2025-10-07,1.7224,per_usd
2025-10-08,1.7304,per_usd
2025-10-09,1.7406,per_usd
2025-10-10,1.7443,per_usd
2025-10-14,1.7486,per_usd
2025-10-15,1.747,per_usd
2025-10-16,1.7446,per_usd
2025-10-17,1.7476,per_usd
2025-10-20,1.7388,per_usd
2025-10-21,1.74,per_usd
2025-10-22,1.7382,per_usd
2025-10-23,1.7388,per_usd
2025-10-24,1.7397,per_usd
2025-10-27,1.7352,per_usd
2025-10-28,1.7301,per_usd
2025-10-29,1.7247,per_usd
2025-10-30,1.74,per_usd
2025-10-31,1.7458,per_usd
2025-11-03,1.7516,per_usd
2025-11-04,1.7649,per_usd
2025-11-05,1.7655,per_usd
2025-11-06,1.7759,per_usd
2025-11-07,1.7803,per_usd
2025-11-10,1.7753,per_usd
2025-11-12,1.7658,per_usd
2025-11-13,1.7612,per_usd
2025-11-14,1.759,per_usd
2025-11-17,1.7624,per_usd
2025-11-18,1.7665,per_usd
2025-11-19,1.7848,per_usd
2025-11-20,1.7867,per_usd
2025-11-21,1.7828,per_usd
2025-11-24,1.7835,per_usd
2025-11-25,1.7828,per_usd
2025-11-26,1.7562,per_usd
2025-11-28,1.7431,per_usd
2025-12-01,1.7431,per_usd
2025-12-02,1.7461,per_usd
2025-12-03,1.7334,per_usd
2025-12-04,1.7316,per_usd
2025-12-05,1.7328,per_usd
2025-12-08,1.7328,per_usd
2025-12-09,1.7262,per_usd
2025-12-10,1.7277,per_usd
2025-12-11,1.7185,per_usd
2025-12-12,1.7262,per_usd
2025-12-15,1.7256,per_usd
2025-12-16,1.7259,per_usd
2025-12-17,1.7313,per_usd
2025-12-18,1.7298,per_usd
2025-12-19,1.7361,per_usd
2025-12-22,1.7247,per_usd
2025-12-23,1.7147,per_usd
2025-12-24,1.7132,per_usd
2025-12-26,1.7153,per_usd
2025-12-29,1.7221,per_usd
2025-12-30,1.7229,per_usd
2025-12-31,1.7376,per_usd
2026-01-02,1.734,per_usd
2026-01-05,1.7274,per_usd
2026-01-06,1.7304,per_usd
2026-01-07,1.7301,per_usd
2026-01-08,1.7391,per_usd
2026-01-09,1.7449,per_usd
2026-01-12,1.7349,per_usd
2026-01-13,1.7403,per_usd
2026-01-14,1.7391,per_usd
2026-01-15,1.7413,per_usd
2026-01-16,1.7388,per_usd
2026-01-20,1.71,per_usd
2026-01-21,1.7097,per_usd
2026-01-22,1.6943,per_usd
2026-01-23,1.6866,per_usd
2026-01-26,1.6697,per_usd
2026-01-27,1.6617,per_usd
2026-01-28,1.6578,per_usd
2026-01-29,1.6521,per_usd
2026-01-30,1.6534,per_usd
2026-02-02,1.6639,per_usd
2026-02-03,1.6529,per_usd
2026-02-04,1.6653,per_usd
2026-02-05,1.6694,per_usd
2026-02-06,1.6611,per_usd
2026-02-09,1.6534,per_usd
2026-02-10,1.654,per_usd
2026-02-11,1.651,per_usd
2026-02-12,1.6537,per_usd
2026-02-13,1.6567,per_usd
2026-02-17,1.6586,per_usd
2026-02-18,1.6706,per_usd
2026-02-19,1.6756,per_usd
2026-02-20,1.6739,per_usd
2026-02-23,1.6762,per_usd
2026-02-24,1.6742,per_usd
2026-02-25,1.6689,per_usd
2026-02-26,1.6739,per_usd
2026-02-27,1.6667,per_usd
2026-03-02,1.6863,per_usd
2026-03-03,1.6992,per_usd
2026-03-04,1.6852,per_usd
2026-03-05,1.6972,per_usd
2026-03-06,1.6943,per_usd
2026-03-09,1.6898,per_usd
2026-03-10,1.679,per_usd
2026-03-11,1.6923,per_usd
2026-03-12,1.7039,per_usd
2026-03-13,1.7229,per_usd
2026-03-16,1.7103,per_usd
2026-03-17,1.7071,per_usd
2026-03-18,1.7123,per_usd
2026-03-19,1.7147,per_usd
2026-03-20,1.7123,per_usd
2026-03-23,1.7114,per_usd
2026-03-24,1.7188,per_usd
2026-03-25,1.7197,per_usd
2026-03-26,1.7304,per_usd
2026-03-27,1.7364,per_usd
2026-03-30,1.7498,per_usd
2026-03-31,1.7513,per_usd
2026-04-01,1.7331,per_usd
2026-04-02,1.7461,per_usd
2026-04-03,1.7559,per_usd
2026-04-06,1.7486,per_usd
2026-04-07,1.7532,per_usd
2026-04-08,1.7135,per_usd
2026-04-09,1.7036,per_usd
2026-04-10,1.7117,per_usd
2026-04-13,1.7114,per_usd
2026-04-14,1.6929,per_usd
2026-04-15,1.6926,per_usd
2026-04-16,1.6961,per_usd
2026-04-17,1.692,per_usd
2026-04-20,1.6972,per_usd
2026-04-21,1.6935,per_usd
2026-04-22,1.692,per_usd
2026-04-23,1.701,per_usd
2026-04-24,1.7004,per_usd
2026-04-27,1.6898,per_usd
2026-04-28,1.6978,per_usd
2026-04-29,1.7132,per_usd
2026-04-30,1.6972,per_usd
2026-05-01,1.6898,per_usd
2026-05-04,1.7027,per_usd
2026-05-05,1.6941,per_usd
2026-05-06,1.679,per_usd
2026-05-07,1.6773,per_usd
2026-05-08,1.6779,per_usd
2026-05-11,1.6753,per_usd
2026-05-12,1.6824,per_usd
2026-05-13,1.6844,per_usd
2026-05-14,1.6883,per_usd
2026-05-15,1.712,per_usd
2026-05-18,1.7042,per_usd
2026-05-19,1.7147,per_usd
2026-05-20,1.7036,per_usd
2026-05-21,1.7074,per_usd
2026-05-22,1.7079,per_usd
2026-05-26,1.7138,per_usd
2026-05-27,1.6966,per_usd
2026-05-28,1.6872,per_usd
2026-05-29,1.6689,per_usd
2026-06-01,1.6861,per_usd
2026-06-02,1.6855,per_usd
2026-06-03,1.7033,per_usd
2026-06-04,1.701,per_usd
2026-06-05,1.7215,per_usd
2026-06-08,1.7191,per_usd
2026-06-09,1.717,per_usd
2026-06-10,1.7173,per_usd
2026-06-11,1.7304,per_usd
2026-06-12,1.7156,per_usd
2026-06-15,1.7138,per_usd
2026-06-16,1.712,per_usd
2026-06-17,1.7188,per_usd
2026-06-18,1.7367,per_usd
2026-06-22,1.7479,per_usd
2026-06-23,1.763,per_usd
2026-06-24,1.7712,per_usd
2026-06-25,1.7671,per_usd
2026-06-26,1.7696,per_usd
2026-06-29,1.7699,per_usd
2026-06-30,1.7618,per_usd
2026-07-01,1.7612,per_usd
2026-07-02,1.7522,per_usd
2026-07-06,1.7572,per_usd
2026-07-07,1.7587,per_usd
2026-07-08,1.7593,per_usd
2026-07-09,1.7358,per_usd
2026-07-10,1.7319,per_usd
2026-07-13,1.7328,per_usd
2026-07-14,1.7218,per_usd
2026-07-15,1.7126,per_usd
2026-07-16,1.7109,per_usd
2026-07-17,1.71,per_usd
2026-07-20,1.7103,per_usd
2026-07-21,1.7147,per_usd
2026-07-22,1.7173,per_usd
2026-07-23,1.7313,per_usd
2026-07-24,1.7235,per_usd
2026-07-27,1.7301,per_usd
2026-07-28,1.7247,per_usd
2026-07-29,1.7334,per_usd
2026-07-30,1.7018,per_usd
2026-07-31,1.701,per_usd
2026-08-03,1.7042,per_usd
2026-08-04,1.6981,per_usd
2026-08-05,1.7007,per_usd
2026-08-06,1.7044,per_usd
2026-08-07,1.6972,per_usd
2026-08-10,1.6975,per_usd
2026-08-11,1.7001,per_usd
2026-08-12,1.7044,per_usd
2026-08-13,1.71,per_usd
2026-08-14,1.6958,per_usd
2026-08-17,1.692,per_usd
2026-08-18,1.7007,per_usd
2026-08-19,1.6863,per_usd
2026-08-20,1.681,per_usd
2026-08-21,1.6714,per_usd
2026-08-24,1.6787,per_usd
2026-08-25,1.6745,per_usd
2026-08-26,1.6841,per_usd
2026-08-27,1.6798,per_usd
2026-08-28,1.6906,per_usd
