date,value,quote
1971-01-04,5.1643,per_usd
1971-01-05,5.1628,per_usd
1971-01-06,5.1614,per_usd
1971-01-07,5.1649,per_usd
1971-01-08,5.1631,per_usd
1971-01-11,5.1642,per_usd
1971-01-12,5.1643,per_usd
1971-01-13,5.1615,per_usd
1971-01-14,5.1625,per_usd
1971-01-15,5.164,per_usd
1971-01-18,5.1651,per_usd
1971-01-19,5.1657,per_usd
1971-01-20,5.1636,per_usd
1971-01-21,5.1648,per_usd
1971-01-22,5.1626,per_usd
1971-01-25,5.1626,per_usd
1971-01-26,5.164,per_usd
1971-01-27,5.1635,per_usd
1971-01-28,5.1653,per_usd
1971-01-29,5.1675,per_usd
1971-02-01,5.1778,per_usd
1971-02-02,5.1778,per_usd
1971-02-03,5.1742,per_usd
1971-02-04,5.1733,per_usd
1971-02-05,5.1784,per_usd
1971-02-08,5.1813,per_usd
1971-02-09,5.1811,per_usd
1971-02-10,5.1799,per_usd
1971-02-11,5.1778,per_usd
1971-02-16,5.1752,per_usd
1971-02-17,5.1706,per_usd
1971-02-18,5.17,per_usd
1971-02-19,5.1692,per_usd
1971-02-22,5.1664,per_usd
1971-02-23,5.161,per_usd
1971-02-24,5.1631,per_usd
1971-02-25,5.1652,per_usd
1971-02-26,5.1652,per_usd
1971-03-01,5.1631,per_usd
1971-03-02,5.1638,per_usd
1971-03-03,5.1622,per_usd
1971-03-04,5.1631,per_usd
1971-03-05,5.1631,per_usd
1971-03-08,5.1635,per_usd
1971-03-09,5.1644,per_usd
1971-03-10,5.1625,per_usd
1971-03-11,5.1636,per_usd
1971-03-12,5.1626,per_usd
1971-03-15,5.1626,per_usd
1971-03-16,5.1623,per_usd
1971-03-17,5.1613,per_usd
1971-03-18,5.1625,per_usd
1971-03-19,5.1621,per_usd
1971-03-22,5.1617,per_usd
1971-03-23,5.162,per_usd
1971-03-24,5.1613,per_usd
1971-03-25,5.1626,per_usd
1971-03-26,5.1637,per_usd
1971-03-29,5.1648,per_usd
1971-03-30,5.1631,per_usd
1971-03-31,5.1624,per_usd
1971-04-01,5.1645,per_usd
1971-04-02,5.1644,per_usd
1971-04-05,5.1646,per_usd
1971-04-06,5.1628,per_usd
1971-04-07,5.1637,per_usd
1971-04-08,5.1653,per_usd
1971-04-09,5.165,per_usd
1971-04-12,5.1646,per_usd
1971-04-13,5.1653,per_usd
1971-04-14,5.1644,per_usd
1971-04-15,5.1633,per_usd
1971-04-16,5.1615,per_usd
1971-04-19,5.1619,per_usd
1971-04-20,5.1623,per_usd
1971-04-21,5.1611,per_usd
1971-04-22,5.162,per_usd
1971-04-23,5.1612,per_usd
1971-04-26,5.1624,per_usd
1971-04-27,5.1615,per_usd
1971-04-28,5.1615,per_usd
1971-04-29,5.1616,per_usd
1971-04-30,5.1614,per_usd
1971-05-03,5.162,per_usd
1971-05-04,5.1613,per_usd
1971-05-05,5.1673,per_usd
1971-05-06,5.1724,per_usd
1971-05-07,5.1726,per_usd
1971-05-10,5.1683,per_usd
1971-05-11,5.1731,per_usd
1971-05-12,5.1714,per_usd
1971-05-13,5.1655,per_usd
1971-05-14,5.1664,per_usd
1971-05-17,5.1634,per_usd
1971-05-18,5.1622,per_usd
1971-05-19,5.1645,per_usd
1971-05-20,5.1649,per_usd
1971-05-21,5.1645,per_usd
1971-05-24,5.163,per_usd
1971-05-25,5.1644,per_usd
1971-05-26,5.1632,per_usd
1971-05-27,5.1653,per_usd
1971-05-28,5.1648,per_usd
1971-06-01,5.1661,per_usd
1971-06-02,5.1675,per_usd
1971-06-03,5.165,per_usd
1971-06-04,5.1645,per_usd
1971-06-07,5.1639,per_usd
1971-06-08,5.164,per_usd
1971-06-09,5.1626,per_usd
1971-06-10,5.1632,per_usd
1971-06-11,5.162,per_usd
1971-06-14,5.1628,per_usd
1971-06-15,5.1651,per_usd
1971-06-16,5.1643,per_usd
1971-06-17,5.1626,per_usd
1971-06-18,5.1625,per_usd
1971-06-21,5.1621,per_usd
1971-06-22,5.1614,per_usd
1971-06-23,5.1586,per_usd
1971-06-24,5.1593,per_usd
1971-06-25,5.1585,per_usd
1971-06-28,5.1613,per_usd
1971-06-29,5.1591,per_usd
1971-06-30,5.1588,per_usd
1971-07-01,5.16,per_usd
1971-07-02,5.1616,per_usd
1971-07-06,5.1638,per_usd
1971-07-07,5.1634,per_usd
1971-07-08,5.1652,per_usd
1971-07-09,5.1661,per_usd
1971-07-12,5.168,per_usd
1971-07-13,5.1682,per_usd
1971-07-14,5.1643,per_usd
1971-07-15,5.1605,per_usd
1971-07-16,5.1621,per_usd
1971-07-19,5.1634,per_usd
1971-07-20,5.1614,per_usd
1971-07-21,5.1594,per_usd
1971-07-22,5.16,per_usd
1971-07-23,5.1597,per_usd
1971-07-26,5.1609,per_usd
1971-07-27,5.1607,per_usd
1971-07-28,5.1596,per_usd
1971-07-29,5.1599,per_usd
1971-07-30,5.1591,per_usd
1971-08-02,5.16,per_usd
1971-08-03,5.1615,per_usd
1971-08-04,5.1593,per_usd
1971-08-05,5.1596,per_usd
1971-08-06,5.1597,per_usd
1971-08-09,5.1598,per_usd
1971-08-10,5.1624,per_usd
1971-08-11,5.1614,per_usd
1971-08-12,5.163,per_usd
1971-08-13,5.1593,per_usd
1971-08-23,5.1053,per_usd
1971-08-24,5.0889,per_usd
1971-08-25,5.0855,per_usd
1971-08-26,5.0787,per_usd
1971-08-27,5.0671,per_usd
1971-08-30,5.0633,per_usd
1971-08-31,5.0793,per_usd
1971-09-01,5.0933,per_usd
1971-09-02,5.0879,per_usd
1971-09-03,5.0807,per_usd
1971-09-07,5.0839,per_usd
1971-09-08,5.0913,per_usd
1971-09-09,5.0913,per_usd
1971-09-10,5.0897,per_usd
1971-09-13,5.0845,per_usd
1971-09-14,5.0798,per_usd
1971-09-15,5.0747,per_usd
1971-09-16,5.0736,per_usd
1971-09-17,5.0715,per_usd
1971-09-20,5.0656,per_usd
1971-09-21,5.0581,per_usd
1971-09-22,5.0599,per_usd
1971-09-23,5.058,per_usd
1971-09-24,5.0314,per_usd
1971-09-27,5.047,per_usd
1971-09-28,5.0452,per_usd
1971-09-29,5.0355,per_usd
1971-09-30,5.0273,per_usd
1971-10-01,5.0176,per_usd
1971-10-04,5.0163,per_usd
1971-10-05,5.0201,per_usd
1971-10-06,5.013,per_usd
1971-10-07,5.0177,per_usd
1971-10-08,5.0176,per_usd
1971-10-12,5.0221,per_usd
1971-10-13,5.0272,per_usd
1971-10-14,5.0314,per_usd
1971-10-15,5.0302,per_usd
1971-10-18,5.0286,per_usd
1971-10-19,5.0256,per_usd
1971-10-20,5.0263,per_usd
1971-10-21,5.0262,per_usd
1971-10-22,5.0217,per_usd
1971-10-26,5.0164,per_usd
1971-10-27,5.0173,per_usd
1971-10-28,5.0176,per_usd
1971-10-29,5.0196,per_usd
1971-11-01,5.0247,per_usd
1971-11-03,5.0226,per_usd
1971-11-04,5.0245,per_usd
1971-11-05,5.0196,per_usd
1971-11-08,5.022,per_usd
1971-11-09,5.0207,per_usd
1971-11-10,5.0207,per_usd
1971-11-11,5.0203,per_usd
1971-11-12,5.0136,per_usd
1971-11-15,5.0136,per_usd
1971-11-16,5.0094,per_usd
1971-11-17,5.0074,per_usd
1971-11-18,5.0088,per_usd
1971-11-19,5.0044,per_usd
1971-11-22,5.001,per_usd
1971-11-23,4.9897,per_usd
1971-11-24,4.9775,per_usd
1971-11-26,4.9565,per_usd
1971-11-29,4.9427,per_usd
1971-11-30,4.957,per_usd
1971-12-01,4.9346,per_usd
1971-12-02,4.926,per_usd
1971-12-03,4.9257,per_usd
1971-12-06,4.9128,per_usd
1971-12-07,4.8888,per_usd
1971-12-08,4.89,per_usd
1971-12-09,4.8959,per_usd
1971-12-10,4.8972,per_usd
1971-12-13,4.8969,per_usd
1971-12-14,4.8968,per_usd
1971-12-15,4.8924,per_usd
1971-12-16,4.8909,per_usd
1971-12-17,4.8924,per_usd
1971-12-21,4.8715,per_usd
1971-12-22,4.8729,per_usd
1971-12-23,4.8796,per_usd
1971-12-24,4.8742,per_usd
1971-12-27,4.889,per_usd
1971-12-28,4.8896,per_usd
1971-12-29,4.9019,per_usd
1971-12-30,4.8838,per_usd
1971-12-31,4.8631,per_usd
1972-01-03,4.8544,per_usd
1972-01-04,4.855,per_usd
1972-01-05,4.852,per_usd
1972-01-06,4.8514,per_usd
1972-01-07,4.8479,per_usd
1972-01-10,4.8298,per_usd
1972-01-11,4.8353,per_usd
1972-01-12,4.8309,per_usd
1972-01-13,4.8286,per_usd
1972-01-14,4.8216,per_usd
1972-01-17,4.8135,per_usd
1972-01-18,4.8144,per_usd
1972-01-19,4.8077,per_usd
1972-01-20,4.8077,per_usd
1972-01-21,4.8077,per_usd
1972-01-24,4.806,per_usd
1972-01-25,4.8065,per_usd
1972-01-26,4.8077,per_usd
1972-01-27,4.8088,per_usd
1972-01-28,4.8077,per_usd
1972-01-31,4.8054,per_usd
1972-02-01,4.8077,per_usd
1972-02-02,4.7985,per_usd
1972-02-03,4.7973,per_usd
1972-02-04,4.8054,per_usd
1972-02-07,4.8019,per_usd
1972-02-08,4.7973,per_usd
1972-02-09,4.7962,per_usd
1972-02-10,4.7939,per_usd
1972-02-11,4.7962,per_usd
1972-02-14,4.8031,per_usd
1972-02-15,4.8031,per_usd
1972-02-16,4.7985,per_usd
1972-02-17,4.7778,per_usd
1972-02-18,4.7755,per_usd
1972-02-22,4.7847,per_usd
1972-02-23,4.7847,per_usd
1972-02-24,4.7881,per_usd
1972-02-25,4.7927,per_usd
1972-02-28,4.7927,per_usd
1972-02-29,4.7927,per_usd
1972-03-01,4.787,per_usd
1972-03-02,4.7847,per_usd
1972-03-03,4.7801,per_usd
1972-03-06,4.7755,per_usd
1972-03-07,4.7653,per_usd
1972-03-08,4.7596,per_usd
1972-03-09,4.7326,per_usd
1972-03-10,4.7506,per_usd
1972-03-13,4.7438,per_usd
1972-03-14,4.7574,per_usd
1972-03-15,4.7687,per_usd
1972-03-16,4.7664,per_usd
1972-03-17,4.779,per_usd
1972-03-20,4.7893,per_usd
1972-03-21,4.7733,per_usd
1972-03-22,4.7687,per_usd
1972-03-23,4.787,per_usd
1972-03-24,4.7927,per_usd
1972-03-27,4.7881,per_usd
1972-03-28,4.7778,per_usd
1972-03-29,4.7687,per_usd
1972-03-30,4.779,per_usd
1972-03-31,4.7801,per_usd
1972-04-03,4.7801,per_usd
1972-04-04,4.7778,per_usd
1972-04-05,4.7824,per_usd
1972-04-06,4.7824,per_usd
1972-04-07,4.7847,per_usd
1972-04-10,4.7841,per_usd
1972-04-11,4.7801,per_usd
1972-04-12,4.7793,per_usd
1972-04-13,4.7824,per_usd
1972-04-14,4.7835,per_usd
1972-04-17,4.7847,per_usd
1972-04-18,4.791,per_usd
1972-04-19,4.7939,per_usd
1972-04-20,4.7847,per_usd
1972-04-21,4.787,per_usd
1972-04-24,4.787,per_usd
1972-04-25,4.7813,per_usd
1972-04-26,4.7824,per_usd
1972-04-27,4.7778,per_usd
1972-04-28,4.7755,per_usd
1972-05-01,4.7744,per_usd
1972-05-02,4.7733,per_usd
1972-05-03,4.7721,per_usd
1972-05-04,4.7676,per_usd
1972-05-05,4.7676,per_usd
1972-05-08,4.7664,per_usd
1972-05-09,4.7596,per_usd
1972-05-10,4.7506,per_usd
1972-05-11,4.7529,per_usd
1972-05-12,4.754,per_usd
1972-05-15,4.754,per_usd
1972-05-16,4.7574,per_usd
1972-05-17,4.7529,per_usd
1972-05-18,4.7506,per_usd
1972-05-19,4.7506,per_usd
1972-05-22,4.7483,per_usd
1972-05-23,4.7483,per_usd
1972-05-24,4.7377,per_usd
1972-05-25,4.7472,per_usd
1972-05-26,4.7461,per_usd
1972-05-30,4.736,per_usd
1972-05-31,4.7337,per_usd
1972-06-01,4.736,per_usd
1972-06-02,4.736,per_usd
1972-06-05,4.7427,per_usd
1972-06-06,4.7461,per_usd
1972-06-07,4.7427,per_usd
1972-06-08,4.7393,per_usd
1972-06-09,4.7388,per_usd
1972-06-12,4.7393,per_usd
1972-06-13,4.7405,per_usd
1972-06-14,4.7393,per_usd
1972-06-15,4.7293,per_usd
1972-06-16,4.7326,per_usd
1972-06-19,4.7304,per_usd
1972-06-20,4.7371,per_usd
1972-06-21,4.7438,per_usd
1972-06-22,4.7664,per_usd
1972-06-23,4.7619,per_usd
1972-06-26,4.7619,per_usd
1972-06-27,4.7483,per_usd
1972-06-28,4.7281,per_usd
1972-06-29,4.7148,per_usd
1972-06-30,4.7059,per_usd
1972-07-03,4.7103,per_usd
1972-07-05,4.7483,per_usd
1972-07-06,4.7393,per_usd
1972-07-07,4.7427,per_usd
1972-07-10,4.7371,per_usd
1972-07-11,4.7382,per_usd
1972-07-12,4.7371,per_usd
1972-07-13,4.7309,per_usd
1972-07-14,4.7226,per_usd
1972-07-17,4.7259,per_usd
1972-07-18,4.7281,per_usd
1972-07-19,4.7259,per_usd
1972-07-20,4.7237,per_usd
1972-07-21,4.7248,per_usd
1972-07-24,4.7326,per_usd
1972-07-25,4.7382,per_usd
1972-07-26,4.7382,per_usd
1972-07-27,4.7304,per_usd
1972-07-28,4.7304,per_usd
1972-07-31,4.7281,per_usd
1972-08-01,4.7248,per_usd
1972-08-02,4.7259,per_usd
1972-08-03,4.727,per_usd
1972-08-04,4.7259,per_usd
1972-08-07,4.7259,per_usd
1972-08-08,4.7237,per_usd
1972-08-09,4.7248,per_usd
1972-08-10,4.7259,per_usd
1972-08-11,4.7248,per_usd
1972-08-14,4.7237,per_usd
1972-08-15,4.7237,per_usd
1972-08-16,4.727,per_usd
1972-08-17,4.7293,per_usd
1972-08-18,4.7276,per_usd
1972-08-21,4.7298,per_usd
1972-08-22,4.7253,per_usd
1972-08-23,4.7242,per_usd
1972-08-24,4.7259,per_usd
1972-08-25,4.727,per_usd
1972-08-28,4.727,per_usd
1972-08-29,4.727,per_usd
1972-08-30,4.7231,per_usd
1972-08-31,4.7248,per_usd
1972-09-01,4.727,per_usd
1972-09-05,4.7293,per_usd
1972-09-06,4.727,per_usd
1972-09-07,4.7293,per_usd
1972-09-08,4.7281,per_usd
1972-09-11,4.7304,per_usd
1972-09-12,4.7293,per_usd
1972-09-13,4.7287,per_usd
1972-09-14,4.7259,per_usd
1972-09-15,4.7253,per_usd
1972-09-18,4.7248,per_usd
1972-09-19,4.7259,per_usd
1972-09-20,4.7259,per_usd
1972-09-21,4.7265,per_usd
1972-09-22,4.727,per_usd
1972-09-25,4.727,per_usd
1972-09-26,4.7281,per_usd
1972-09-27,4.7298,per_usd
1972-09-28,4.7427,per_usd
1972-09-29,4.745,per_usd
1972-10-02,4.7405,per_usd
1972-10-03,4.7393,per_usd
1972-10-04,4.7354,per_usd
1972-10-05,4.7326,per_usd
1972-10-06,4.7371,per_usd
1972-10-10,4.7405,per_usd
1972-10-11,4.7405,per_usd
1972-10-12,4.7427,per_usd
1972-10-13,4.7438,per_usd
1972-10-16,4.7551,per_usd
1972-10-17,4.7529,per_usd
1972-10-18,4.7483,per_usd
1972-10-19,4.7416,per_usd
1972-10-20,4.7438,per_usd
1972-10-24,4.7506,per_usd
1972-10-25,4.7483,per_usd
1972-10-26,4.7472,per_usd
1972-10-27,4.7483,per_usd
1972-10-30,4.7472,per_usd
1972-10-31,4.7483,per_usd
1972-11-01,4.7495,per_usd
1972-11-02,4.7495,per_usd
1972-11-03,4.7483,per_usd
1972-11-06,4.7483,per_usd
1972-11-08,4.7478,per_usd
1972-11-09,4.7483,per_usd
1972-11-10,4.7461,per_usd
1972-11-13,4.7444,per_usd
1972-11-14,4.7438,per_usd
1972-11-15,4.7427,per_usd
1972-11-16,4.7438,per_usd
1972-11-17,4.7427,per_usd
1972-11-20,4.7433,per_usd
1972-11-21,4.7427,per_usd
1972-11-22,4.7438,per_usd
1972-11-24,4.7427,per_usd
1972-11-27,4.7438,per_usd
1972-11-28,4.7438,per_usd
1972-11-29,4.7416,per_usd
1972-11-30,4.7393,per_usd
1972-12-01,4.7438,per_usd
1972-12-04,4.7461,per_usd
1972-12-05,4.7461,per_usd
1972-12-06,4.7438,per_usd
1972-12-07,4.7461,per_usd
1972-12-08,4.7455,per_usd
1972-12-11,4.7419,per_usd
1972-12-12,4.745,per_usd
1972-12-13,4.745,per_usd
1972-12-14,4.745,per_usd
1972-12-15,4.745,per_usd
1972-12-18,4.7438,per_usd
1972-12-19,4.7438,per_usd
1972-12-20,4.7427,per_usd
1972-12-21,4.7416,per_usd
1972-12-22,4.7416,per_usd
1972-12-26,4.7416,per_usd
1972-12-27,4.741,per_usd
1972-12-28,4.7427,per_usd
1972-12-29,4.7438,per_usd
1973-01-02,4.7438,per_usd
1973-01-03,4.7438,per_usd
1973-01-04,4.7438,per_usd
1973-01-05,4.7433,per_usd
1973-01-08,4.7478,per_usd
1973-01-09,4.7486,per_usd
1973-01-10,4.7461,per_usd
1973-01-11,4.7466,per_usd
1973-01-12,4.7461,per_usd
1973-01-15,4.7478,per_usd
1973-01-16,4.7495,per_usd
1973-01-17,4.7472,per_usd
1973-01-18,4.7472,per_usd
1973-01-19,4.7483,per_usd
1973-01-22,4.7461,per_usd
1973-01-23,4.7438,per_usd
1973-01-24,4.7438,per_usd
1973-01-25,4.7388,per_usd
1973-01-26,4.7393,per_usd
1973-01-29,4.7281,per_usd
1973-01-30,4.7081,per_usd
1973-01-31,4.707,per_usd
1973-02-01,4.6992,per_usd
1973-02-02,4.7059,per_usd
1973-02-05,4.7081,per_usd
1973-02-06,4.7059,per_usd
1973-02-07,4.7037,per_usd
1973-02-08,4.7053,per_usd
1973-02-09,4.7037,per_usd
1973-02-13,4.5455,per_usd
1973-02-14,4.5045,per_usd
1973-02-15,4.5147,per_usd
1973-02-16,4.2772,per_usd
1973-02-20,4.5106,per_usd
1973-02-21,4.5045,per_usd
1973-02-22,4.5055,per_usd
1973-02-23,4.4583,per_usd
1973-02-26,4.4583,per_usd
1973-02-27,4.4583,per_usd
1973-02-28,4.4543,per_usd
1973-03-01,4.4385,per_usd
1973-03-02,4.2735,per_usd
1973-03-05,4.3668,per_usd
1973-03-06,4.386,per_usd
1973-03-07,4.3573,per_usd
1973-03-08,4.3103,per_usd
1973-03-09,4.3384,per_usd
1973-03-12,4.3898,per_usd
1973-03-13,4.4248,per_usd
1973-03-14,4.4563,per_usd
1973-03-15,4.4209,per_usd
1973-03-16,4.4346,per_usd
1973-03-19,4.4743,per_usd
1973-03-20,4.4783,per_usd
1973-03-21,4.4843,per_usd
1973-03-22,4.4803,per_usd
1973-03-23,4.4863,per_usd
1973-03-26,4.4823,per_usd
1973-03-27,4.4823,per_usd
1973-03-28,4.4924,per_usd
1973-03-29,4.4939,per_usd
1973-03-30,4.4944,per_usd
1973-04-02,4.5203,per_usd
1973-04-03,4.5285,per_usd
1973-04-04,4.4863,per_usd
1973-04-05,4.4863,per_usd
1973-04-06,4.4984,per_usd
1973-04-09,4.5045,per_usd
1973-04-10,4.5188,per_usd
1973-04-11,4.5086,per_usd
1973-04-12,4.5045,per_usd
1973-04-13,4.5045,per_usd
1973-04-16,4.5167,per_usd
1973-04-17,4.5106,per_usd
1973-04-18,4.5055,per_usd
1973-04-19,4.5167,per_usd
1973-04-20,4.5147,per_usd
1973-04-23,4.5147,per_usd
1973-04-24,4.5239,per_usd
1973-04-25,4.5249,per_usd
1973-04-26,4.5208,per_usd
1973-04-27,4.5269,per_usd
1973-04-30,4.5249,per_usd
1973-05-01,4.5208,per_usd
1973-05-02,4.5208,per_usd
1973-05-03,4.5249,per_usd
1973-05-04,4.5249,per_usd
1973-05-07,4.5249,per_usd
1973-05-08,4.5249,per_usd
1973-05-09,4.5126,per_usd
1973-05-10,4.5137,per_usd
1973-05-11,4.5137,per_usd
1973-05-14,4.4623,per_usd
1973-05-15,4.3898,per_usd
1973-05-16,4.417,per_usd
1973-05-17,4.4189,per_usd
1973-05-18,4.4033,per_usd
1973-05-21,4.3535,per_usd
1973-05-22,4.3516,per_usd
1973-05-23,4.3649,per_usd
1973-05-24,4.3668,per_usd
1973-05-25,4.3821,per_usd
1973-05-29,4.344,per_usd
1973-05-30,4.3085,per_usd
1973-05-31,4.2772,per_usd
1973-06-01,4.2753,per_usd
1973-06-04,4.1929,per_usd
1973-06-05,4.1964,per_usd
1973-06-06,4.2808,per_usd
1973-06-07,4.2827,per_usd
1973-06-08,4.2589,per_usd
1973-06-11,4.2535,per_usd
1973-06-12,4.2499,per_usd
1973-06-13,4.2735,per_usd
1973-06-14,4.2517,per_usd
1973-06-15,4.2283,per_usd
1973-06-18,4.2017,per_usd
1973-06-19,4.2283,per_usd
1973-06-20,4.2159,per_usd
1973-06-21,4.2141,per_usd
1973-06-22,4.1946,per_usd
1973-06-25,4.1964,per_usd
1973-06-26,4.1858,per_usd
1973-06-27,4.1408,per_usd
1973-06-28,4.075,per_usd
1973-06-29,4.0568,per_usd
1973-07-02,4.0209,per_usd
1973-07-03,4.0241,per_usd
1973-07-05,4.0161,per_usd
1973-07-06,3.9683,per_usd
1973-07-09,3.9761,per_usd
1973-07-10,4.0816,per_usd
1973-07-11,4.1408,per_usd
1973-07-12,4.1152,per_usd
1973-07-13,4.1254,per_usd
1973-07-16,4.0816,per_usd
1973-07-17,4.0486,per_usd
1973-07-18,4.0161,per_usd
1973-07-19,4.0683,per_usd
1973-07-20,4.0453,per_usd
1973-07-23,4.0306,per_usd
1973-07-24,4.0323,per_usd
1973-07-25,4.0225,per_usd
1973-07-26,4,per_usd
1973-07-27,4.0128,per_usd
1973-07-30,4.0453,per_usd
1973-07-31,4.0486,per_usd
1973-08-01,4.029,per_usd
1973-08-02,4.0519,per_usd
1973-08-03,4.0486,per_usd
1973-08-06,4.0634,per_usd
1973-08-07,4.0733,per_usd
1973-08-08,4.07,per_usd
1973-08-09,4.122,per_usd
1973-08-10,4.1459,per_usd
1973-08-13,4.1288,per_usd
1973-08-14,4.1946,per_usd
1973-08-15,4.2052,per_usd
1973-08-16,4.2301,per_usd
1973-08-17,4.2017,per_usd
1973-08-20,4.1408,per_usd
1973-08-21,4.1824,per_usd
1973-08-22,4.1982,per_usd
1973-08-23,4.2194,per_usd
1973-08-24,4.1982,per_usd
1973-08-27,4.2194,per_usd
1973-08-28,4.223,per_usd
1973-08-29,4.1999,per_usd
1973-08-30,4.2176,per_usd
1973-08-31,4.2176,per_usd
1973-09-04,4.2248,per_usd
1973-09-05,4.2017,per_usd
1973-09-06,4.207,per_usd
1973-09-07,4.2159,per_usd
1973-09-10,4.2105,per_usd
1973-09-11,4.2212,per_usd
1973-09-12,4.2194,per_usd
1973-09-13,4.2355,per_usd
1973-09-14,4.2301,per_usd
1973-09-17,4.1982,per_usd
1973-09-18,4.1911,per_usd
1973-09-19,4.207,per_usd
1973-09-20,4.1754,per_usd
1973-09-21,4.2034,per_usd
1973-09-24,4.1999,per_usd
1973-09-25,4.1929,per_usd
1973-09-26,4.1964,per_usd
1973-09-27,4.2017,per_usd
1973-09-28,4.2052,per_usd
1973-10-01,4.2052,per_usd
1973-10-02,4.207,per_usd
1973-10-03,4.2105,per_usd
1973-10-04,4.2123,per_usd
1973-10-05,4.2176,per_usd
1973-10-09,4.1999,per_usd
1973-10-10,4.1911,per_usd
1973-10-11,4.1667,per_usd
1973-10-12,4.1667,per_usd
1973-10-15,4.1841,per_usd
1973-10-16,4.1701,per_usd
1973-10-17,4.1511,per_usd
1973-10-18,4.1528,per_usd
1973-10-19,4.158,per_usd
1973-10-23,4.1102,per_usd
1973-10-24,4.1254,per_usd
1973-10-25,4.1356,per_usd
1973-10-26,4.1789,per_usd
1973-10-29,4.1964,per_usd
1973-10-30,4.1964,per_usd
1973-10-31,4.1789,per_usd
1973-11-01,4.1911,per_usd
1973-11-02,4.1824,per_usd
1973-11-05,4.2123,per_usd
1973-11-07,4.2717,per_usd
1973-11-08,4.2992,per_usd
1973-11-09,4.329,per_usd
1973-11-12,4.3975,per_usd
1973-11-13,4.3783,per_usd
1973-11-14,4.3011,per_usd
1973-11-15,4.3365,per_usd
1973-11-16,4.329,per_usd
1973-11-19,4.3478,per_usd
1973-11-20,4.3554,per_usd
1973-11-21,4.386,per_usd
1973-11-23,4.4683,per_usd
1973-11-26,4.4444,per_usd
1973-11-27,4.4111,per_usd
1973-11-28,4.4267,per_usd
1973-11-29,4.4248,per_usd
1973-11-30,4.4248,per_usd
1973-12-03,4.4623,per_usd
1973-12-04,4.5167,per_usd
1973-12-05,4.4924,per_usd
1973-12-06,4.4863,per_usd
1973-12-07,4.5045,per_usd
1973-12-10,4.5249,per_usd
1973-12-11,4.5208,per_usd
1973-12-12,4.5228,per_usd
1973-12-13,4.5228,per_usd
1973-12-14,4.5393,per_usd
1973-12-17,4.5704,per_usd
1973-12-18,4.5725,per_usd
1973-12-19,4.5851,per_usd
1973-12-20,4.5725,per_usd
1973-12-21,4.5537,per_usd
1973-12-24,4.5496,per_usd
1973-12-26,4.5767,per_usd
1973-12-27,4.5746,per_usd
1973-12-28,4.5767,per_usd
1973-12-31,4.5809,per_usd
1974-01-02,4.6816,per_usd
1974-01-03,4.7059,per_usd
1974-01-04,4.7037,per_usd
1974-01-07,4.8403,per_usd
1974-01-08,4.845,per_usd
1974-01-09,4.7962,per_usd
1974-01-10,4.7801,per_usd
1974-01-11,4.9769,per_usd
1974-01-14,4.8309,per_usd
1974-01-15,4.8614,per_usd
1974-01-16,4.8031,per_usd
1974-01-17,4.8193,per_usd
1974-01-18,4.8216,per_usd
1974-01-21,4.8733,per_usd
1974-01-22,4.8497,per_usd
1974-01-23,4.8709,per_usd
1974-01-24,4.8309,per_usd
1974-01-25,4.8473,per_usd
1974-01-28,4.8008,per_usd
1974-01-29,4.8123,per_usd
1974-01-30,4.7962,per_usd
1974-01-31,4.7393,per_usd
1974-02-01,4.7506,per_usd
1974-02-04,4.7037,per_usd
1974-02-05,4.7281,per_usd
1974-02-06,4.7461,per_usd
1974-02-07,4.7506,per_usd
1974-02-08,4.7281,per_usd
1974-02-11,4.7281,per_usd
1974-02-13,4.6729,per_usd
1974-02-14,4.6555,per_usd
1974-02-15,4.662,per_usd
1974-02-19,4.6555,per_usd
1974-02-20,4.6425,per_usd
1974-02-21,4.6339,per_usd
1974-02-22,4.5998,per_usd
1974-02-25,4.6577,per_usd
1974-02-26,4.6275,per_usd
1974-02-27,4.6512,per_usd
1974-02-28,4.6339,per_usd
1974-03-01,4.6577,per_usd
1974-03-04,4.6533,per_usd
1974-03-05,4.6232,per_usd
1974-03-06,4.6296,per_usd
1974-03-07,4.6425,per_usd
1974-03-08,4.6382,per_usd
1974-03-11,4.6232,per_usd
1974-03-12,4.6211,per_usd
1974-03-13,4.6147,per_usd
1974-03-14,4.6382,per_usd
1974-03-15,4.6253,per_usd
1974-03-18,4.6168,per_usd
1974-03-19,4.6019,per_usd
1974-03-20,4.5517,per_usd
1974-03-21,4.4743,per_usd
1974-03-22,4.4944,per_usd
1974-03-25,4.4287,per_usd
1974-03-26,4.4385,per_usd
1974-03-27,4.4683,per_usd
1974-03-28,4.3937,per_usd
1974-03-29,4.4248,per_usd
1974-04-01,4.4346,per_usd
1974-04-02,4.4053,per_usd
1974-04-03,4.4326,per_usd
1974-04-04,4.4484,per_usd
1974-04-05,4.4464,per_usd
1974-04-08,4.4346,per_usd
1974-04-09,4.4743,per_usd
1974-04-10,4.4603,per_usd
1974-04-11,4.4444,per_usd
1974-04-12,4.4444,per_usd
1974-04-15,4.4405,per_usd
1974-04-16,4.4425,per_usd
1974-04-17,4.4209,per_usd
1974-04-18,4.4072,per_usd
1974-04-19,4.4072,per_usd
1974-04-22,4.3956,per_usd
1974-04-23,4.3346,per_usd
1974-04-24,4.3328,per_usd
1974-04-25,4.344,per_usd
1974-04-26,4.3141,per_usd
1974-04-29,4.2662,per_usd
1974-04-30,4.2772,per_usd
1974-05-01,4.279,per_usd
1974-05-02,4.2992,per_usd
1974-05-03,4.2974,per_usd
1974-05-06,4.2553,per_usd
1974-05-07,4.279,per_usd
1974-05-08,4.2337,per_usd
1974-05-09,4.2301,per_usd
1974-05-10,4.2409,per_usd
1974-05-13,4.1858,per_usd
1974-05-14,4.1858,per_usd
1974-05-15,4.2882,per_usd
1974-05-16,4.2735,per_usd
1974-05-17,4.2699,per_usd
1974-05-20,4.2937,per_usd
1974-05-21,4.2735,per_usd
1974-05-22,4.268,per_usd
1974-05-23,4.2553,per_usd
1974-05-24,4.268,per_usd
1974-05-28,4.3253,per_usd
1974-05-29,4.386,per_usd
1974-05-30,4.3611,per_usd
1974-05-31,4.329,per_usd
1974-06-03,4.3066,per_usd
1974-06-04,4.3459,per_usd
1974-06-05,4.3478,per_usd
1974-06-06,4.3309,per_usd
1974-06-07,4.3422,per_usd
1974-06-10,4.3649,per_usd
1974-06-11,4.3592,per_usd
1974-06-12,4.3725,per_usd
1974-06-13,4.3611,per_usd
1974-06-14,4.3668,per_usd
1974-06-17,4.3783,per_usd
1974-06-18,4.386,per_usd
1974-06-19,4.3649,per_usd
1974-06-20,4.3649,per_usd
1974-06-21,4.3879,per_usd
1974-06-24,4.417,per_usd
1974-06-25,4.386,per_usd
1974-06-26,4.415,per_usd
1974-06-27,4.3956,per_usd
1974-06-28,4.4053,per_usd
1974-07-01,4.4053,per_usd
1974-07-02,4.386,per_usd
1974-07-03,4.3725,per_usd
1974-07-05,4.3995,per_usd
1974-07-08,4.3975,per_usd
1974-07-09,4.4033,per_usd
1974-07-10,4.4014,per_usd
1974-07-11,4.4033,per_usd
1974-07-12,4.3898,per_usd
1974-07-15,4.3725,per_usd
1974-07-16,4.3725,per_usd
1974-07-17,4.3687,per_usd
1974-07-18,4.3668,per_usd
1974-07-19,4.3745,per_usd
1974-07-22,4.3687,per_usd
1974-07-23,4.3535,per_usd
1974-07-24,4.2955,per_usd
1974-07-25,4.344,per_usd
1974-07-26,4.3611,per_usd
1974-07-29,4.3668,per_usd
1974-07-30,4.3668,per_usd
1974-07-31,4.3687,per_usd
1974-08-01,4.3764,per_usd
1974-08-02,4.3764,per_usd
1974-08-05,4.3725,per_usd
1974-08-06,4.363,per_usd
1974-08-07,4.3764,per_usd
1974-08-08,4.3956,per_usd
1974-08-09,4.386,per_usd
1974-08-12,4.3917,per_usd
1974-08-13,4.4092,per_usd
1974-08-14,4.4131,per_usd
1974-08-15,4.4189,per_usd
1974-08-16,4.4287,per_usd
1974-08-19,4.4524,per_usd
1974-08-20,4.4524,per_usd
1974-08-21,4.4543,per_usd
1974-08-22,4.4643,per_usd
1974-08-23,4.4623,per_usd
1974-08-26,4.4464,per_usd
1974-08-27,4.4803,per_usd
1974-08-28,4.4803,per_usd
1974-08-29,4.4843,per_usd
1974-08-30,4.4803,per_usd
1974-09-03,4.4863,per_usd
1974-09-04,4.4863,per_usd
1974-09-05,4.5005,per_usd
1974-09-06,4.4863,per_usd
1974-09-09,4.4984,per_usd
1974-09-10,4.4883,per_usd
1974-09-11,4.4903,per_usd
1974-09-12,4.4924,per_usd
1974-09-13,4.4823,per_usd
1974-09-16,4.4763,per_usd
1974-09-17,4.4643,per_usd
1974-09-18,4.4583,per_usd
1974-09-19,4.4663,per_usd
1974-09-20,4.4723,per_usd
1974-09-23,4.4643,per_usd
1974-09-24,4.4643,per_usd
1974-09-25,4.4723,per_usd
1974-09-26,4.4723,per_usd
1974-09-27,4.4703,per_usd
1974-09-30,4.4643,per_usd
1974-10-01,4.4464,per_usd
1974-10-02,4.4484,per_usd
1974-10-03,4.4267,per_usd
1974-10-04,4.3975,per_usd
1974-10-07,4.4014,per_usd
1974-10-08,4.4014,per_usd
1974-10-09,4.3783,per_usd
1974-10-10,4.4092,per_usd
1974-10-11,4.4111,per_usd
1974-10-15,4.3937,per_usd
1974-10-16,4.3764,per_usd
1974-10-17,4.3745,per_usd
1974-10-18,4.3783,per_usd
1974-10-21,4.3937,per_usd
1974-10-22,4.3956,per_usd
1974-10-23,4.3725,per_usd
1974-10-24,4.3745,per_usd
1974-10-25,4.3764,per_usd
1974-10-28,4.3821,per_usd
1974-10-29,4.3725,per_usd
1974-10-30,4.3821,per_usd
1974-10-31,4.3821,per_usd
1974-11-01,4.3706,per_usd
1974-11-04,4.3573,per_usd
1974-11-06,4.3478,per_usd
1974-11-07,4.3422,per_usd
1974-11-08,4.3535,per_usd
1974-11-12,4.3478,per_usd
1974-11-13,4.3554,per_usd
1974-11-14,4.3234,per_usd
1974-11-15,4.3103,per_usd
1974-11-18,4.2248,per_usd
1974-11-19,4.2808,per_usd
1974-11-20,4.3197,per_usd
1974-11-21,4.3478,per_usd
1974-11-22,4.3011,per_usd
1974-11-25,4.279,per_usd
1974-11-26,4.2662,per_usd
1974-11-27,4.2845,per_usd
1974-11-29,4.2644,per_usd
1974-12-02,4.2882,per_usd
1974-12-03,4.268,per_usd
1974-12-04,4.2499,per_usd
1974-12-05,4.2499,per_usd
1974-12-06,4.2608,per_usd
1974-12-09,4.2355,per_usd
1974-12-10,4.2159,per_usd
1974-12-11,4.2176,per_usd
1974-12-12,4.2105,per_usd
1974-12-13,4.2088,per_usd
1974-12-16,4.2052,per_usd
1974-12-17,4.1494,per_usd
1974-12-18,4.1597,per_usd
1974-12-19,4.1719,per_usd
1974-12-20,4.1563,per_usd
1974-12-23,4.1442,per_usd
1974-12-24,4.1356,per_usd
1974-12-26,4.1322,per_usd
1974-12-27,4.0984,per_usd
1974-12-30,4.0617,per_usd
1974-12-31,4.0766,per_usd
1975-01-02,4.1,per_usd
1975-01-03,4.065,per_usd
1975-01-06,4.0128,per_usd
1975-01-07,4.0355,per_usd
1975-01-08,4.0667,per_usd
1975-01-09,4.0601,per_usd
1975-01-10,4.0617,per_usd
1975-01-13,4.065,per_usd
1975-01-14,4.1017,per_usd
1975-01-15,4.0883,per_usd
1975-01-16,4.07,per_usd
1975-01-17,4.0684,per_usd
1975-01-20,4.0469,per_usd
1975-01-21,4.0388,per_usd
1975-01-22,4.0486,per_usd
1975-01-23,4.0145,per_usd
1975-01-24,4,per_usd
1975-01-27,3.9386,per_usd
1975-01-28,3.9698,per_usd
1975-01-29,4.0161,per_usd
1975-01-30,4.0161,per_usd
1975-01-31,4.0145,per_usd
1975-02-03,3.9936,per_usd
1975-02-04,4.0601,per_usd
1975-02-05,4.065,per_usd
1975-02-06,4.0502,per_usd
1975-02-07,4.0323,per_usd
1975-02-10,4.0096,per_usd
1975-02-11,4.008,per_usd
1975-02-13,3.992,per_usd
1975-02-14,3.9793,per_usd
1975-02-18,3.9698,per_usd
1975-02-19,3.9714,per_usd
1975-02-20,3.9479,per_usd
1975-02-21,3.9463,per_usd
1975-02-24,3.9185,per_usd
1975-02-25,3.9185,per_usd
1975-02-26,3.9185,per_usd
1975-02-27,3.9047,per_usd
1975-02-28,3.8986,per_usd
1975-03-03,3.867,per_usd
1975-03-04,3.8895,per_usd
1975-03-05,3.9032,per_usd
1975-03-06,3.8971,per_usd
1975-03-07,3.9324,per_usd
1975-03-10,3.9526,per_usd
1975-03-11,3.92,per_usd
1975-03-12,3.937,per_usd
1975-03-13,3.9448,per_usd
1975-03-14,3.9526,per_usd
1975-03-17,3.9324,per_usd
1975-03-18,3.9139,per_usd
1975-03-19,3.9002,per_usd
1975-03-20,3.9246,per_usd
1975-03-21,3.9246,per_usd
1975-03-24,3.9308,per_usd
1975-03-25,3.9277,per_usd
1975-03-26,3.9339,per_usd
1975-03-27,3.951,per_usd
1975-03-28,3.9494,per_usd
1975-03-31,3.9308,per_usd
1975-04-01,3.9448,per_usd
1975-04-02,3.9231,per_usd
1975-04-03,3.9463,per_usd
1975-04-04,3.9463,per_usd
1975-04-07,3.9667,per_usd
1975-04-08,3.9651,per_usd
1975-04-09,3.9604,per_usd
1975-04-10,4,per_usd
1975-04-11,3.9841,per_usd
1975-04-14,4.0112,per_usd
1975-04-15,3.9984,per_usd
1975-04-16,3.9857,per_usd
1975-04-17,3.9857,per_usd
1975-04-18,3.9777,per_usd
1975-04-21,3.9841,per_usd
1975-04-22,3.9841,per_usd
1975-04-23,3.9573,per_usd
1975-04-24,3.962,per_usd
1975-04-25,3.9841,per_usd
1975-04-28,3.9952,per_usd
1975-04-29,3.9746,per_usd
1975-04-30,3.9698,per_usd
1975-05-01,3.9698,per_usd
1975-05-02,3.9841,per_usd
1975-05-05,3.962,per_usd
1975-05-06,3.9604,per_usd
1975-05-07,3.951,per_usd
1975-05-08,3.9216,per_usd
1975-05-09,3.937,per_usd
1975-05-12,3.9339,per_usd
1975-05-13,3.917,per_usd
1975-05-14,3.917,per_usd
1975-05-15,3.9401,per_usd
1975-05-16,3.9401,per_usd
1975-05-19,3.9246,per_usd
1975-05-20,3.937,per_usd
1975-05-21,3.9185,per_usd
1975-05-22,3.9063,per_usd
1975-05-23,3.917,per_usd
1975-05-27,3.9124,per_usd
1975-05-28,3.9093,per_usd
1975-05-29,3.9154,per_usd
1975-05-30,3.9324,per_usd
1975-06-02,3.9277,per_usd
1975-06-03,3.9093,per_usd
1975-06-04,3.9154,per_usd
1975-06-05,3.9185,per_usd
1975-06-06,3.9154,per_usd
1975-06-09,3.9355,per_usd
1975-06-10,3.9216,per_usd
1975-06-11,3.9093,per_usd
1975-06-12,3.9017,per_usd
1975-06-13,3.9063,per_usd
1975-06-16,3.9032,per_usd
1975-06-17,3.8941,per_usd
1975-06-18,3.9108,per_usd
1975-06-19,3.9216,per_usd
1975-06-20,3.9093,per_usd
1975-06-23,3.9231,per_usd
1975-06-24,3.9231,per_usd
1975-06-25,3.917,per_usd
1975-06-26,3.9216,per_usd
1975-06-27,3.9293,per_usd
1975-06-30,3.9355,per_usd
1975-07-01,3.9479,per_usd
1975-07-02,3.9841,per_usd
1975-07-03,3.9984,per_usd
1975-07-07,4.0145,per_usd
1975-07-08,4.0112,per_usd
1975-07-09,4.0016,per_usd
1975-07-10,4.042,per_usd
1975-07-11,4.0684,per_usd
1975-07-14,4.09,per_usd
1975-07-15,4.0984,per_usd
1975-07-16,4.1339,per_usd
1975-07-17,4.1632,per_usd
1975-07-18,4.1719,per_usd
1975-07-21,4.1929,per_usd
1975-07-22,4.2017,per_usd
1975-07-23,4.2301,per_usd
1975-07-24,4.2373,per_usd
1975-07-25,4.2248,per_usd
1975-07-28,4.2553,per_usd
1975-07-29,4.2717,per_usd
1975-07-30,4.2937,per_usd
1975-07-31,4.2918,per_usd
1975-08-01,4.2937,per_usd
1975-08-04,4.29,per_usd
1975-08-05,4.268,per_usd
1975-08-06,4.3029,per_usd
1975-08-07,4.3197,per_usd
1975-08-08,4.3103,per_usd
1975-08-11,4.3215,per_usd
1975-08-12,4.3271,per_usd
1975-08-13,4.3178,per_usd
1975-08-14,4.3103,per_usd
1975-08-15,4.3029,per_usd
1975-08-18,4.3011,per_usd
1975-08-19,4.2882,per_usd
1975-08-20,4.2882,per_usd
1975-08-21,4.3029,per_usd
1975-08-22,4.3029,per_usd
1975-08-25,4.3497,per_usd
1975-08-26,4.3441,per_usd
1975-08-27,4.3497,per_usd
1975-08-28,4.3611,per_usd
1975-08-29,4.3687,per_usd
1975-09-02,4.3783,per_usd
1975-09-03,4.3573,per_usd
1975-09-04,4.3745,per_usd
1975-09-05,4.3764,per_usd
1975-09-08,4.3745,per_usd
1975-09-09,4.3668,per_usd
1975-09-10,4.3802,per_usd
1975-09-11,4.386,per_usd
1975-09-12,4.4014,per_usd
1975-09-15,4.4131,per_usd
1975-09-16,4.4543,per_usd
1975-09-17,4.4843,per_usd
1975-09-18,4.4944,per_usd
1975-09-19,4.4944,per_usd
1975-09-22,4.5167,per_usd
1975-09-23,4.5475,per_usd
1975-09-24,4.5269,per_usd
1975-09-25,4.4843,per_usd
1975-09-26,4.5167,per_usd
1975-09-29,4.5249,per_usd
1975-09-30,4.4984,per_usd
1975-10-01,4.4444,per_usd
1975-10-02,4.4524,per_usd
1975-10-03,4.4823,per_usd
1975-10-06,4.4504,per_usd
1975-10-07,4.4326,per_usd
1975-10-08,4.4405,per_usd
1975-10-09,4.4189,per_usd
1975-10-10,4.3764,per_usd
1975-10-14,4.4189,per_usd
1975-10-15,4.3764,per_usd
1975-10-16,4.363,per_usd
1975-10-17,4.3802,per_usd
1975-10-20,4.3649,per_usd
1975-10-21,4.3611,per_usd
1975-10-22,4.3535,per_usd
1975-10-23,4.3592,per_usd
1975-10-24,4.3611,per_usd
1975-10-27,4.363,per_usd
1975-10-28,4.3687,per_usd
1975-10-29,4.3668,per_usd
1975-10-30,4.3516,per_usd
1975-10-31,4.3459,per_usd
1975-11-03,4.3403,per_usd
1975-11-05,4.3745,per_usd
1975-11-06,4.3611,per_usd
1975-11-07,4.3611,per_usd
1975-11-10,4.363,per_usd
1975-11-12,4.3668,per_usd
1975-11-13,4.3668,per_usd
1975-11-14,4.4092,per_usd
1975-11-17,4.4346,per_usd
1975-11-18,4.415,per_usd
1975-11-19,4.415,per_usd
1975-11-20,4.3898,per_usd
1975-11-21,4.3995,per_usd
1975-11-24,4.3975,per_usd
1975-11-25,4.3898,per_usd
1975-11-26,4.3956,per_usd
1975-11-28,4.4228,per_usd
1975-12-01,4.4072,per_usd
1975-12-02,4.4033,per_usd
1975-12-03,4.4072,per_usd
1975-12-04,4.4072,per_usd
1975-12-05,4.4131,per_usd
1975-12-08,4.4111,per_usd
1975-12-09,4.417,per_usd
1975-12-10,4.4131,per_usd
1975-12-11,4.417,per_usd
1975-12-12,4.417,per_usd
1975-12-15,4.4248,per_usd
1975-12-16,4.4209,per_usd
1975-12-17,4.4111,per_usd
1975-12-18,4.4092,per_usd
1975-12-19,4.4092,per_usd
1975-12-22,4.4072,per_usd
1975-12-23,4.3975,per_usd
1975-12-24,4.3975,per_usd
1975-12-26,4.3995,per_usd
1975-12-29,4.3937,per_usd
1975-12-30,4.3995,per_usd
1975-12-31,4.3956,per_usd
1976-01-02,4.4014,per_usd
1976-01-05,4.3687,per_usd
1976-01-06,4.3821,per_usd
1976-01-07,4.3592,per_usd
1976-01-08,4.363,per_usd
1976-01-09,4.3802,per_usd
1976-01-12,4.3821,per_usd
1976-01-13,4.3956,per_usd
1976-01-14,4.384,per_usd
1976-01-15,4.3821,per_usd
1976-01-16,4.3783,per_usd
1976-01-19,4.3783,per_usd
1976-01-20,4.3802,per_usd
1976-01-21,4.3879,per_usd
1976-01-22,4.3764,per_usd
1976-01-23,4.3783,per_usd
1976-01-26,4.3745,per_usd
1976-01-27,4.3802,per_usd
1976-01-28,4.3821,per_usd
1976-01-29,4.386,per_usd
1976-01-30,4.3783,per_usd
1976-02-02,4.3573,per_usd
1976-02-03,4.363,per_usd
1976-02-04,4.3611,per_usd
1976-02-05,4.3706,per_usd
1976-02-06,4.3725,per_usd
1976-02-09,4.3706,per_usd
1976-02-10,4.3725,per_usd
1976-02-11,4.363,per_usd
1976-02-13,4.386,per_usd
1976-02-17,4.3802,per_usd
1976-02-18,4.3783,per_usd
1976-02-19,4.3783,per_usd
1976-02-20,4.384,per_usd
1976-02-23,4.3783,per_usd
1976-02-24,4.3764,per_usd
1976-02-25,4.3783,per_usd
1976-02-26,4.3821,per_usd
1976-02-27,4.386,per_usd
1976-03-01,4.3995,per_usd
1976-03-02,4.3995,per_usd
1976-03-03,4.3956,per_usd
1976-03-04,4.4053,per_usd
1976-03-05,4.4033,per_usd
1976-03-08,4.3956,per_usd
1976-03-09,4.4014,per_usd
1976-03-10,4.3975,per_usd
1976-03-11,4.4092,per_usd
1976-03-12,4.4131,per_usd
1976-03-15,4.4111,per_usd
1976-03-16,4.4111,per_usd
1976-03-17,4.4033,per_usd
1976-03-18,4.3975,per_usd
1976-03-19,4.3995,per_usd
1976-03-22,4.4014,per_usd
1976-03-23,4.4131,per_usd
1976-03-24,4.4111,per_usd
1976-03-25,4.4092,per_usd
1976-03-26,4.4072,per_usd
1976-03-29,4.4111,per_usd
1976-03-30,4.4092,per_usd
1976-03-31,4.4072,per_usd
1976-04-01,4.3975,per_usd
1976-04-02,4.415,per_usd
1976-04-05,4.4131,per_usd
1976-04-06,4.4092,per_usd
1976-04-07,4.415,per_usd
1976-04-08,4.4072,per_usd
1976-04-09,4.4131,per_usd
1976-04-12,4.4111,per_usd
1976-04-13,4.4111,per_usd
1976-04-14,4.4072,per_usd
1976-04-15,4.4053,per_usd
1976-04-16,4.4053,per_usd
1976-04-19,4.4033,per_usd
1976-04-20,4.4014,per_usd
1976-04-21,4.3995,per_usd
1976-04-22,4.3995,per_usd
1976-04-23,4.3995,per_usd
1976-04-26,4.3956,per_usd
1976-04-27,4.3975,per_usd
1976-04-28,4.3937,per_usd
1976-04-29,4.3898,per_usd
1976-04-30,4.3879,per_usd
1976-05-03,4.3802,per_usd
1976-05-04,4.3783,per_usd
1976-05-05,4.3725,per_usd
1976-05-06,4.3745,per_usd
1976-05-07,4.3783,per_usd
1976-05-10,4.3821,per_usd
1976-05-11,4.386,per_usd
1976-05-12,4.4053,per_usd
1976-05-13,4.4053,per_usd
1976-05-14,4.4209,per_usd
1976-05-17,4.4464,per_usd
1976-05-18,4.4464,per_usd
1976-05-19,4.4267,per_usd
1976-05-20,4.4307,per_usd
1976-05-21,4.4425,per_usd
1976-05-24,4.4346,per_usd
1976-05-25,4.4484,per_usd
1976-05-26,4.4484,per_usd
1976-05-27,4.4405,per_usd
1976-05-28,4.4444,per_usd
1976-06-01,4.4603,per_usd
1976-06-02,4.4504,per_usd
1976-06-03,4.4543,per_usd
1976-06-04,4.4504,per_usd
1976-06-07,4.4444,per_usd
1976-06-08,4.4425,per_usd
1976-06-09,4.4385,per_usd
1976-06-10,4.4464,per_usd
1976-06-11,4.4405,per_usd
1976-06-14,4.4405,per_usd
1976-06-15,4.4425,per_usd
1976-06-16,4.4405,per_usd
1976-06-17,4.4444,per_usd
1976-06-18,4.4504,per_usd
1976-06-21,4.4603,per_usd
1976-06-22,4.4623,per_usd
1976-06-23,4.4603,per_usd
1976-06-24,4.4524,per_usd
1976-06-25,4.4524,per_usd
1976-06-28,4.4524,per_usd
1976-06-29,4.4543,per_usd
1976-06-30,4.4484,per_usd
1976-07-01,4.4464,per_usd
1976-07-02,4.4504,per_usd
1976-07-06,4.4643,per_usd
1976-07-07,4.4683,per_usd
1976-07-08,4.4683,per_usd
1976-07-09,4.4643,per_usd
1976-07-12,4.4723,per_usd
1976-07-13,4.4723,per_usd
1976-07-14,4.4643,per_usd
1976-07-15,4.4703,per_usd
1976-07-16,4.4703,per_usd
1976-07-19,4.4683,per_usd
1976-07-20,4.4723,per_usd
1976-07-21,4.4763,per_usd
1976-07-22,4.4743,per_usd
1976-07-23,4.4843,per_usd
1976-07-26,4.4863,per_usd
1976-07-27,4.4823,per_usd
1976-07-28,4.4743,per_usd
1976-07-29,4.4603,per_usd
1976-07-30,4.4464,per_usd
1976-08-02,4.4287,per_usd
1976-08-03,4.4405,per_usd
1976-08-04,4.4287,per_usd
1976-08-05,4.4307,per_usd
1976-08-06,4.4326,per_usd
1976-08-09,4.4287,per_usd
1976-08-10,4.4326,per_usd
1976-08-11,4.4287,per_usd
1976-08-12,4.4307,per_usd
1976-08-13,4.4248,per_usd
1976-08-16,4.4189,per_usd
1976-08-17,4.3802,per_usd
1976-08-18,4.386,per_usd
1976-08-19,4.3898,per_usd
1976-08-20,4.4072,per_usd
1976-08-23,4.3898,per_usd
1976-08-24,4.3917,per_usd
1976-08-25,4.4072,per_usd
1976-08-26,4.4033,per_usd
1976-08-27,4.4014,per_usd
1976-08-30,4.3995,per_usd
1976-08-31,4.4092,per_usd
1976-09-01,4.3937,per_usd
1976-09-02,4.3995,per_usd
1976-09-03,4.4053,per_usd
1976-09-07,4.3995,per_usd
1976-09-08,4.3956,per_usd
1976-09-09,4.384,per_usd
1976-09-10,4.3802,per_usd
1976-09-13,4.3821,per_usd
1976-09-14,4.3745,per_usd
1976-09-15,4.3497,per_usd
1976-09-16,4.3403,per_usd
1976-09-17,4.3346,per_usd
1976-09-20,4.3253,per_usd
1976-09-21,4.3271,per_usd
1976-09-22,4.3103,per_usd
1976-09-23,4.3309,per_usd
1976-09-24,4.3271,per_usd
1976-09-27,4.3141,per_usd
1976-09-28,4.3011,per_usd
1976-09-29,4.2882,per_usd
1976-09-30,4.2571,per_usd
1976-10-01,4.2753,per_usd
1976-10-04,4.2735,per_usd
1976-10-05,4.2571,per_usd
1976-10-06,4.2409,per_usd
1976-10-07,4.2553,per_usd
1976-10-08,4.2644,per_usd
1976-10-12,4.2589,per_usd
1976-10-13,4.2463,per_usd
1976-10-14,4.2481,per_usd
1976-10-15,4.2644,per_usd
1976-10-18,4.2918,per_usd
1976-10-19,4.2863,per_usd
1976-10-20,4.2644,per_usd
1976-10-21,4.268,per_usd
1976-10-22,4.2662,per_usd
1976-10-25,4.2319,per_usd
1976-10-26,4.2391,per_usd
1976-10-27,4.2194,per_usd
1976-10-28,4.2034,per_usd
1976-10-29,4.2123,per_usd
1976-11-01,4.2176,per_usd
1976-11-03,4.2141,per_usd
1976-11-04,4.2553,per_usd
1976-11-05,4.2535,per_usd
1976-11-08,4.2391,per_usd
1976-11-09,4.2409,per_usd
1976-11-10,4.2355,per_usd
1976-11-12,4.2283,per_usd
1976-11-15,4.2373,per_usd
1976-11-16,4.2301,per_usd
1976-11-17,4.2283,per_usd
1976-11-18,4.2283,per_usd
1976-11-19,4.2159,per_usd
1976-11-22,4.1929,per_usd
1976-11-23,4.1876,per_usd
1976-11-24,4.1964,per_usd
1976-11-26,4.1911,per_usd
1976-11-29,4.1876,per_usd
1976-11-30,4.1929,per_usd
1976-12-01,4.1946,per_usd
1976-12-02,4.1964,per_usd
1976-12-03,4.1911,per_usd
1976-12-06,4.1736,per_usd
1976-12-07,4.1771,per_usd
1976-12-08,4.1806,per_usd
1976-12-09,4.1806,per_usd
1976-12-10,4.1771,per_usd
1976-12-13,4.1736,per_usd
1976-12-14,4.1736,per_usd
1976-12-15,4.1719,per_usd
1976-12-16,4.1632,per_usd
1976-12-17,4.1632,per_usd
1976-12-20,4.1408,per_usd
1976-12-21,4.1339,per_usd
1976-12-22,4.1442,per_usd
1976-12-23,4.1391,per_usd
1976-12-24,4.1374,per_usd
1976-12-27,4.1305,per_usd
1976-12-28,4.1203,per_usd
1976-12-29,4.1254,per_usd
1976-12-30,4.1203,per_usd
1976-12-31,4.1237,per_usd
1977-01-03,4.1017,per_usd
1977-01-04,4.1068,per_usd
1977-01-05,4.1305,per_usd
1977-01-06,4.1305,per_usd
1977-01-07,4.1442,per_usd
1977-01-10,4.1964,per_usd
1977-01-11,4.1859,per_usd
1977-01-12,4.1894,per_usd
1977-01-13,4.223,per_usd
1977-01-14,4.2283,per_usd
1977-01-17,4.2319,per_usd
1977-01-18,4.2463,per_usd
1977-01-19,4.2517,per_usd
1977-01-20,4.2481,per_usd
1977-01-21,4.2445,per_usd
1977-01-24,4.2626,per_usd
1977-01-25,4.2808,per_usd
1977-01-26,4.2827,per_usd
1977-01-27,4.2772,per_usd
1977-01-28,4.2827,per_usd
1977-01-31,4.2517,per_usd
1977-02-01,4.2608,per_usd
1977-02-02,4.2626,per_usd
1977-02-03,4.268,per_usd
1977-02-04,4.2662,per_usd
1977-02-07,4.268,per_usd
1977-02-08,4.2699,per_usd
1977-02-09,4.2644,per_usd
1977-02-10,4.2589,per_usd
1977-02-11,4.2626,per_usd
1977-02-14,4.2337,per_usd
1977-02-15,4.2391,per_usd
1977-02-16,4.2391,per_usd
1977-02-17,4.2391,per_usd
1977-02-18,4.2337,per_usd
1977-02-22,4.2248,per_usd
1977-02-23,4.2283,per_usd
1977-02-24,4.2463,per_usd
1977-02-25,4.223,per_usd
1977-02-28,4.2159,per_usd
1977-03-01,4.2159,per_usd
1977-03-02,4.2176,per_usd
1977-03-03,4.2176,per_usd
1977-03-04,4.2141,per_usd
1977-03-07,4.2176,per_usd
1977-03-08,4.2194,per_usd
1977-03-09,4.2283,per_usd
1977-03-10,4.2283,per_usd
1977-03-11,4.2265,per_usd
1977-03-14,4.2176,per_usd
1977-03-15,4.2248,per_usd
1977-03-16,4.2176,per_usd
1977-03-17,4.2159,per_usd
1977-03-18,4.2159,per_usd
1977-03-21,4.2123,per_usd
1977-03-22,4.2123,per_usd
1977-03-23,4.2088,per_usd
1977-03-24,4.2088,per_usd
1977-03-25,4.2088,per_usd
1977-03-28,4.2052,per_usd
1977-03-29,4.2034,per_usd
1977-03-30,4.2017,per_usd
1977-03-31,4.2017,per_usd
1977-04-01,4.207,per_usd
1977-04-04,4.3821,per_usd
1977-04-05,4.3783,per_usd
1977-04-06,4.3783,per_usd
1977-04-07,4.3745,per_usd
1977-04-08,4.3745,per_usd
1977-04-11,4.3725,per_usd
1977-04-12,4.3554,per_usd
1977-04-13,4.3384,per_usd
1977-04-14,4.3422,per_usd
1977-04-15,4.3403,per_usd
1977-04-18,4.3346,per_usd
1977-04-19,4.3441,per_usd
1977-04-20,4.3535,per_usd
1977-04-21,4.3459,per_usd
1977-04-22,4.3516,per_usd
1977-04-25,4.3478,per_usd
1977-04-26,4.3516,per_usd
1977-04-27,4.3459,per_usd
1977-04-28,4.3384,per_usd
1977-04-29,4.3365,per_usd
1977-05-02,4.329,per_usd
1977-05-03,4.329,per_usd
1977-05-04,4.3271,per_usd
1977-05-05,4.3365,per_usd
1977-05-06,4.3441,per_usd
1977-05-09,4.3478,per_usd
1977-05-10,4.3478,per_usd
1977-05-11,4.3611,per_usd
1977-05-12,4.3611,per_usd
1977-05-13,4.363,per_usd
1977-05-16,4.3668,per_usd
1977-05-17,4.363,per_usd
1977-05-18,4.3602,per_usd
1977-05-19,4.3564,per_usd
1977-05-20,4.3611,per_usd
1977-05-23,4.363,per_usd
1977-05-24,4.3649,per_usd
1977-05-25,4.363,per_usd
1977-05-26,4.3535,per_usd
1977-05-27,4.3682,per_usd
1977-05-31,4.3898,per_usd
1977-06-01,4.3869,per_usd
1977-06-02,4.384,per_usd
1977-06-03,4.3966,per_usd
1977-06-06,4.4121,per_usd
1977-06-07,4.415,per_usd
1977-06-08,4.4209,per_usd
1977-06-09,4.4287,per_usd
1977-06-10,4.4248,per_usd
1977-06-13,4.4189,per_usd
1977-06-14,4.4189,per_usd
1977-06-15,4.4228,per_usd
1977-06-16,4.4287,per_usd
1977-06-17,4.4277,per_usd
1977-06-20,4.4307,per_usd
1977-06-21,4.4405,per_usd
1977-06-22,4.4366,per_usd
1977-06-23,4.4385,per_usd
1977-06-24,4.4464,per_usd
1977-06-27,4.4346,per_usd
1977-06-28,4.4238,per_usd
1977-06-29,4.3975,per_usd
1977-06-30,4.4033,per_usd
1977-07-01,4.4033,per_usd
1977-07-05,4.3917,per_usd
1977-07-06,4.3937,per_usd
1977-07-07,4.3889,per_usd
1977-07-08,4.3975,per_usd
1977-07-11,4.3687,per_usd
1977-07-12,4.3725,per_usd
1977-07-13,4.3535,per_usd
1977-07-15,4.3592,per_usd
1977-07-18,4.3309,per_usd
1977-07-19,4.3215,per_usd
1977-07-20,4.3159,per_usd
1977-07-21,4.3253,per_usd
1977-07-22,4.315,per_usd
1977-07-25,4.2882,per_usd
1977-07-26,4.2918,per_usd
1977-07-27,4.3103,per_usd
1977-07-28,4.3403,per_usd
1977-07-29,4.3783,per_usd
1977-08-01,4.3764,per_usd
1977-08-02,4.3716,per_usd
1977-08-03,4.3687,per_usd
1977-08-04,4.3821,per_usd
1977-08-05,4.3754,per_usd
1977-08-08,4.386,per_usd
1977-08-09,4.3802,per_usd
1977-08-10,4.4014,per_usd
1977-08-11,4.3937,per_usd
1977-08-12,4.417,per_usd
1977-08-15,4.3956,per_usd
1977-08-16,4.417,per_usd
1977-08-17,4.4053,per_usd
1977-08-18,4.4111,per_usd
1977-08-19,4.4223,per_usd
1977-08-22,4.4111,per_usd
1977-08-23,4.4092,per_usd
1977-08-24,4.3802,per_usd
1977-08-25,4.3951,per_usd
1977-08-26,4.4033,per_usd
1977-08-29,4.8567,per_usd
1977-08-30,4.8544,per_usd
1977-08-31,4.8508,per_usd
1977-09-01,4.8544,per_usd
1977-09-02,4.8567,per_usd
1977-09-06,4.8662,per_usd
1977-09-07,4.8567,per_usd
1977-09-08,4.8615,per_usd
1977-09-09,4.8638,per_usd
1977-09-12,4.8662,per_usd
1977-09-13,4.865,per_usd
1977-09-14,4.8674,per_usd
1977-09-15,4.8591,per_usd
1977-09-16,4.8567,per_usd
1977-09-19,4.8526,per_usd
1977-09-20,4.852,per_usd
1977-09-21,4.8508,per_usd
1977-09-22,4.8497,per_usd
1977-09-23,4.8567,per_usd
1977-09-26,4.845,per_usd
1977-09-27,4.8485,per_usd
1977-09-28,4.8414,per_usd
1977-09-29,4.8356,per_usd
1977-09-30,4.8263,per_usd
1977-10-03,4.8054,per_usd
1977-10-04,4.8193,per_usd
1977-10-05,4.8158,per_usd
1977-10-06,4.795,per_usd
1977-10-07,4.8054,per_usd
1977-10-11,4.8216,per_usd
1977-10-12,4.8123,per_usd
1977-10-13,4.8077,per_usd
1977-10-14,4.7893,per_usd
1977-10-17,4.7756,per_usd
1977-10-18,4.7824,per_usd
1977-10-19,4.7847,per_usd
1977-10-20,4.8031,per_usd
1977-10-21,4.7985,per_usd
1977-10-24,4.7847,per_usd
1977-10-25,4.787,per_usd
1977-10-26,4.7893,per_usd
1977-10-27,4.7916,per_usd
1977-10-28,4.787,per_usd
1977-10-31,4.7847,per_usd
1977-11-01,4.7642,per_usd
1977-11-02,4.7733,per_usd
1977-11-03,4.7847,per_usd
1977-11-04,4.8031,per_usd
1977-11-07,4.8042,per_usd
1977-11-09,4.8031,per_usd
1977-11-10,4.7962,per_usd
1977-11-14,4.8008,per_usd
1977-11-15,4.7973,per_usd
1977-11-16,4.7985,per_usd
1977-11-17,4.8077,per_usd
1977-11-18,4.8054,per_usd
1977-11-21,4.7985,per_usd
1977-11-22,4.7939,per_usd
1977-11-23,4.7985,per_usd
1977-11-25,4.7962,per_usd
1977-11-28,4.8008,per_usd
1977-11-29,4.8008,per_usd
1977-11-30,4.8077,per_usd
1977-12-01,4.7996,per_usd
1977-12-02,4.7985,per_usd
1977-12-05,4.7813,per_usd
1977-12-06,4.7687,per_usd
1977-12-07,4.7687,per_usd
1977-12-08,4.7893,per_usd
1977-12-09,4.7939,per_usd
1977-12-12,4.7881,per_usd
1977-12-13,4.7642,per_usd
1977-12-14,4.7619,per_usd
1977-12-15,4.7687,per_usd
1977-12-16,4.7687,per_usd
1977-12-19,4.7281,per_usd
1977-12-20,4.7015,per_usd
1977-12-21,4.7148,per_usd
1977-12-22,4.7596,per_usd
1977-12-23,4.7551,per_usd
1977-12-27,4.7438,per_usd
1977-12-28,4.6992,per_usd
1977-12-29,4.6729,per_usd
1977-12-30,4.6729,per_usd
1978-01-03,4.6318,per_usd
1978-01-04,4.6083,per_usd
1978-01-05,4.717,per_usd
1978-01-06,4.7059,per_usd
1978-01-09,4.7209,per_usd
1978-01-10,4.697,per_usd
1978-01-11,4.6664,per_usd
1978-01-12,4.697,per_usd
1978-01-13,4.6729,per_usd
1978-01-16,4.6707,per_usd
1978-01-17,4.6926,per_usd
1978-01-18,4.6937,per_usd
1978-01-19,4.6795,per_usd
1978-01-20,4.662,per_usd
1978-01-23,4.6533,per_usd
1978-01-24,4.6533,per_usd
1978-01-25,4.6447,per_usd
1978-01-26,4.6512,per_usd
1978-01-27,4.6512,per_usd
1978-01-30,4.6582,per_usd
1978-01-31,4.6468,per_usd
1978-02-01,4.662,per_usd
1978-02-02,4.6598,per_usd
1978-02-03,4.6533,per_usd
1978-02-06,4.6468,per_usd
1978-02-07,4.649,per_usd
1978-02-08,4.6512,per_usd
1978-02-09,4.6577,per_usd
1978-02-10,4.6577,per_usd
1978-02-14,4.6664,per_usd
1978-02-15,4.6729,per_usd
1978-02-16,4.6447,per_usd
1978-02-17,4.6404,per_usd
1978-02-21,4.6253,per_usd
1978-02-22,4.6232,per_usd
1978-02-23,4.5893,per_usd
1978-02-24,4.6041,per_usd
1978-02-27,4.6211,per_usd
1978-02-28,4.5872,per_usd
1978-03-01,4.5935,per_usd
1978-03-02,4.5893,per_usd
1978-03-03,4.6147,per_usd
1978-03-06,4.6104,per_usd
1978-03-07,4.5809,per_usd
1978-03-08,4.6125,per_usd
1978-03-09,4.6168,per_usd
1978-03-10,4.6447,per_usd
1978-03-13,4.6447,per_usd
1978-03-14,4.6253,per_usd
1978-03-15,4.6253,per_usd
1978-03-16,4.6104,per_usd
1978-03-17,4.6253,per_usd
1978-03-20,4.6062,per_usd
1978-03-21,4.6157,per_usd
1978-03-22,4.6083,per_usd
1978-03-23,4.6179,per_usd
1978-03-24,4.6168,per_usd
1978-03-27,4.6083,per_usd
1978-03-28,4.5998,per_usd
1978-03-29,4.6009,per_usd
1978-03-30,4.5914,per_usd
1978-03-31,4.5683,per_usd
1978-04-03,4.5579,per_usd
1978-04-04,4.583,per_usd
1978-04-05,4.5809,per_usd
1978-04-06,4.5756,per_usd
1978-04-07,4.5851,per_usd
1978-04-10,4.583,per_usd
1978-04-11,4.5631,per_usd
1978-04-12,4.5662,per_usd
1978-04-13,4.5788,per_usd
1978-04-14,4.584,per_usd
1978-04-17,4.5924,per_usd
1978-04-18,4.5956,per_usd
1978-04-19,4.6041,per_usd
1978-04-20,4.6533,per_usd
1978-04-21,4.6436,per_usd
1978-04-24,4.6555,per_usd
1978-04-25,4.6479,per_usd
1978-04-26,4.6544,per_usd
1978-04-27,4.6115,per_usd
1978-04-28,4.6211,per_usd
1978-05-01,4.6253,per_usd
1978-05-02,4.6296,per_usd
1978-05-03,4.6318,per_usd
1978-05-04,4.6125,per_usd
1978-05-05,4.6232,per_usd
1978-05-08,4.6382,per_usd
1978-05-09,4.649,per_usd
1978-05-10,4.6339,per_usd
1978-05-11,4.6404,per_usd
1978-05-12,4.6522,per_usd
1978-05-15,4.6642,per_usd
1978-05-16,4.6795,per_usd
1978-05-17,4.6795,per_usd
1978-05-18,4.6512,per_usd
1978-05-19,4.6598,per_usd
1978-05-22,4.674,per_usd
1978-05-23,4.674,per_usd
1978-05-24,4.6838,per_usd
1978-05-25,4.6795,per_usd
1978-05-26,4.6838,per_usd
1978-05-29,4.6751,per_usd
1978-05-31,4.6296,per_usd
1978-06-01,4.6211,per_usd
1978-06-02,4.6211,per_usd
1978-06-05,4.6339,per_usd
1978-06-06,4.649,per_usd
1978-06-07,4.6361,per_usd
1978-06-08,4.6211,per_usd
1978-06-09,4.6253,per_usd
1978-06-12,4.6221,per_usd
1978-06-13,4.6232,per_usd
1978-06-14,4.6253,per_usd
1978-06-15,4.6253,per_usd
1978-06-16,4.62,per_usd
1978-06-19,4.6147,per_usd
1978-06-20,4.6009,per_usd
1978-06-21,4.5872,per_usd
1978-06-22,4.6041,per_usd
1978-06-23,4.5956,per_usd
1978-06-26,4.5851,per_usd
1978-06-27,4.5935,per_usd
1978-06-28,4.5788,per_usd
1978-06-29,4.5767,per_usd
1978-06-30,4.5735,per_usd
1978-07-03,4.562,per_usd
1978-07-05,4.5424,per_usd
1978-07-06,4.5579,per_usd
1978-07-07,4.5558,per_usd
1978-07-10,4.5269,per_usd
1978-07-11,4.5434,per_usd
1978-07-12,4.5537,per_usd
1978-07-13,4.5558,per_usd
1978-07-14,4.5579,per_usd
1978-07-17,4.5683,per_usd
1978-07-18,4.5605,per_usd
1978-07-19,4.5517,per_usd
1978-07-20,4.5486,per_usd
1978-07-21,4.5434,per_usd
1978-07-24,4.5188,per_usd
1978-07-25,4.5249,per_usd
1978-07-26,4.5269,per_usd
1978-07-27,4.5341,per_usd
1978-07-28,4.5188,per_usd
1978-07-31,4.5086,per_usd
1978-08-01,4.5096,per_usd
1978-08-02,4.5065,per_usd
1978-08-03,4.4964,per_usd
1978-08-04,4.4843,per_usd
1978-08-07,4.4583,per_usd
1978-08-08,4.44,per_usd
1978-08-09,4.4189,per_usd
1978-08-10,4.4199,per_usd
1978-08-11,4.4053,per_usd
1978-08-14,4.3802,per_usd
1978-08-15,4.3687,per_usd
1978-08-16,4.3497,per_usd
1978-08-17,4.4444,per_usd
1978-08-18,4.415,per_usd
1978-08-21,4.4603,per_usd
1978-08-22,4.4326,per_usd
1978-08-23,4.4524,per_usd
1978-08-24,4.4385,per_usd
1978-08-25,4.4613,per_usd
1978-08-28,4.4753,per_usd
1978-08-29,4.4366,per_usd
1978-08-30,4.4366,per_usd
1978-08-31,4.4366,per_usd
1978-09-01,4.4366,per_usd
1978-09-05,4.4275,per_usd
1978-09-06,4.427,per_usd
1978-09-07,4.455,per_usd
1978-09-08,4.462,per_usd
1978-09-11,4.4635,per_usd
1978-09-12,4.446,per_usd
1978-09-13,4.427,per_usd
1978-09-14,4.43,per_usd
1978-09-15,4.421,per_usd
1978-09-18,4.425,per_usd
1978-09-19,4.425,per_usd
1978-09-20,4.4105,per_usd
1978-09-21,4.4065,per_usd
1978-09-22,4.413,per_usd
1978-09-25,4.405,per_usd
1978-09-26,4.411,per_usd
1978-09-27,4.419,per_usd
1978-09-28,4.4063,per_usd
1978-09-29,4.4115,per_usd
1978-10-02,4.412,per_usd
1978-10-03,4.376,per_usd
1978-10-04,4.357,per_usd
1978-10-05,4.365,per_usd
1978-10-06,4.373,per_usd
1978-10-10,4.369,per_usd
1978-10-11,4.33,per_usd
1978-10-12,4.337,per_usd
1978-10-13,4.318,per_usd
1978-10-16,4.3245,per_usd
1978-10-17,4.2955,per_usd
1978-10-18,4.2855,per_usd
1978-10-19,4.298,per_usd
1978-10-20,4.258,per_usd
1978-10-23,4.25,per_usd
1978-10-24,4.2495,per_usd
1978-10-25,4.202,per_usd
1978-10-26,4.173,per_usd
1978-10-27,4.167,per_usd
1978-10-30,4.086,per_usd
1978-10-31,4.15,per_usd
1978-11-01,4.283,per_usd
1978-11-02,4.32,per_usd
1978-11-03,4.331,per_usd
1978-11-06,4.3525,per_usd
1978-11-08,4.332,per_usd
1978-11-09,4.3375,per_usd
1978-11-10,4.335,per_usd
1978-11-13,4.342,per_usd
1978-11-14,4.342,per_usd
1978-11-15,4.3485,per_usd
1978-11-16,4.3805,per_usd
1978-11-17,4.405,per_usd
1978-11-20,4.4145,per_usd
1978-11-21,4.4095,per_usd
1978-11-22,4.4135,per_usd
1978-11-24,4.429,per_usd
1978-11-27,4.429,per_usd
1978-11-28,4.427,per_usd
1978-11-29,4.4395,per_usd
1978-11-30,4.4445,per_usd
1978-12-01,4.4575,per_usd
1978-12-04,4.457,per_usd
1978-12-05,4.441,per_usd
1978-12-06,4.4285,per_usd
1978-12-07,4.433,per_usd
1978-12-08,4.4305,per_usd
1978-12-11,4.46,per_usd
1978-12-12,4.4255,per_usd
1978-12-13,4.4275,per_usd
1978-12-14,4.4115,per_usd
1978-12-15,4.403,per_usd
1978-12-18,4.352,per_usd
1978-12-19,4.336,per_usd
1978-12-20,4.314,per_usd
1978-12-21,4.345,per_usd
1978-12-22,4.3525,per_usd
1978-12-26,4.3525,per_usd
1978-12-27,4.29,per_usd
1978-12-28,4.3,per_usd
1978-12-29,4.286,per_usd
1979-01-02,4.2775,per_usd
1979-01-03,4.335,per_usd
1979-01-04,4.33,per_usd
1979-01-05,4.339,per_usd
1979-01-08,4.3305,per_usd
1979-01-09,4.345,per_usd
1979-01-10,4.336,per_usd
1979-01-11,4.3705,per_usd
1979-01-12,4.3575,per_usd
1979-01-15,4.3665,per_usd
1979-01-16,4.3475,per_usd
1979-01-17,4.3405,per_usd
1979-01-18,4.3375,per_usd
1979-01-19,4.345,per_usd
1979-01-22,4.354,per_usd
1979-01-23,4.361,per_usd
1979-01-24,4.347,per_usd
1979-01-25,4.372,per_usd
1979-01-26,4.3665,per_usd
1979-01-29,4.373,per_usd
1979-01-30,4.3795,per_usd
1979-01-31,4.4,per_usd
1979-02-01,4.4075,per_usd
1979-02-02,4.4075,per_usd
1979-02-05,4.375,per_usd
1979-02-06,4.37,per_usd
1979-02-07,4.33,per_usd
1979-02-08,4.36,per_usd
1979-02-09,4.3525,per_usd
1979-02-13,4.371,per_usd
1979-02-14,4.3665,per_usd
1979-02-15,4.3615,per_usd
1979-02-16,4.3675,per_usd
1979-02-20,4.3675,per_usd
1979-02-21,4.372,per_usd
1979-02-22,4.362,per_usd
1979-02-23,4.361,per_usd
1979-02-26,4.356,per_usd
1979-02-27,4.365,per_usd
1979-02-28,4.359,per_usd
1979-03-01,4.3635,per_usd
1979-03-02,4.3645,per_usd
1979-03-05,4.374,per_usd
1979-03-06,4.37,per_usd
1979-03-07,4.357,per_usd
1979-03-08,4.357,per_usd
1979-03-09,4.3625,per_usd
1979-03-12,4.3635,per_usd
1979-03-13,4.38,per_usd
1979-03-14,4.359,per_usd
1979-03-15,4.361,per_usd
1979-03-16,4.367,per_usd
1979-03-19,4.369,per_usd
1979-03-20,4.3698,per_usd
1979-03-21,4.374,per_usd
1979-03-22,4.371,per_usd
1979-03-23,4.3719,per_usd
1979-03-26,4.359,per_usd
1979-03-27,4.37,per_usd
1979-03-28,4.3655,per_usd
1979-03-29,4.37,per_usd
1979-03-30,4.368,per_usd
1979-04-02,4.3825,per_usd
1979-04-03,4.367,per_usd
1979-04-04,4.376,per_usd
1979-04-05,4.38,per_usd
1979-04-06,4.392,per_usd
1979-04-09,4.4035,per_usd
1979-04-10,4.391,per_usd
1979-04-11,4.381,per_usd
1979-04-12,4.394,per_usd
1979-04-13,4.394,per_usd
1979-04-16,4.396,per_usd
1979-04-17,4.395,per_usd
1979-04-18,4.3905,per_usd
1979-04-19,4.383,per_usd
1979-04-20,4.406,per_usd
1979-04-23,4.398,per_usd
1979-04-24,4.396,per_usd
1979-04-25,4.399,per_usd
1979-04-26,4.397,per_usd
1979-04-27,4.4,per_usd
1979-04-30,4.399,per_usd
1979-05-01,4.393,per_usd
1979-05-02,4.397,per_usd
1979-05-03,4.398,per_usd
1979-05-04,4.4,per_usd
1979-05-07,4.3965,per_usd
1979-05-08,4.3975,per_usd
1979-05-09,4.3995,per_usd
1979-05-10,4.3983,per_usd
1979-05-11,4.392,per_usd
1979-05-14,4.392,per_usd
1979-05-15,4.394,per_usd
1979-05-16,4.39,per_usd
1979-05-17,4.396,per_usd
1979-05-18,4.3975,per_usd
1979-05-21,4.4015,per_usd
1979-05-22,4.395,per_usd
1979-05-23,4.39,per_usd
1979-05-24,4.3795,per_usd
1979-05-25,4.3915,per_usd
1979-05-28,4.3945,per_usd
1979-05-29,4.4,per_usd
1979-05-31,4.388,per_usd
1979-06-01,4.3905,per_usd
1979-06-04,4.3765,per_usd
1979-06-05,4.386,per_usd
1979-06-06,4.3845,per_usd
1979-06-07,4.382,per_usd
1979-06-08,4.387,per_usd
1979-06-11,4.391,per_usd
1979-06-12,4.397,per_usd
1979-06-13,4.386,per_usd
1979-06-14,4.385,per_usd
1979-06-15,4.3635,per_usd
1979-06-18,4.3545,per_usd
1979-06-19,4.3365,per_usd
1979-06-20,4.3175,per_usd
1979-06-21,4.305,per_usd
1979-06-22,4.2845,per_usd
1979-06-25,4.2605,per_usd
1979-06-26,4.2835,per_usd
1979-06-27,4.2835,per_usd
1979-06-28,4.279,per_usd
1979-06-29,4.27,per_usd
1979-07-02,4.264,per_usd
1979-07-03,4.262,per_usd
1979-07-05,4.244,per_usd
1979-07-06,4.244,per_usd
1979-07-09,4.2655,per_usd
1979-07-10,4.257,per_usd
1979-07-11,4.2475,per_usd
1979-07-12,4.237,per_usd
1979-07-13,4.235,per_usd
1979-07-16,4.23,per_usd
1979-07-17,4.212,per_usd
1979-07-18,4.196,per_usd
1979-07-19,4.192,per_usd
1979-07-20,4.206,per_usd
1979-07-23,4.199,per_usd
1979-07-24,4.187,per_usd
1979-07-25,4.193,per_usd
1979-07-26,4.19,per_usd
1979-07-27,4.1855,per_usd
1979-07-30,4.199,per_usd
1979-07-31,4.216,per_usd
1979-08-01,4.208,per_usd
1979-08-02,4.2055,per_usd
1979-08-03,4.214,per_usd
1979-08-06,4.212,per_usd
1979-08-07,4.218,per_usd
1979-08-08,4.222,per_usd
1979-08-09,4.214,per_usd
1979-08-10,4.2105,per_usd
1979-08-13,4.2155,per_usd
1979-08-14,4.2255,per_usd
1979-08-15,4.2252,per_usd
1979-08-16,4.2245,per_usd
1979-08-17,4.235,per_usd
1979-08-20,4.233,per_usd
1979-08-21,4.2295,per_usd
1979-08-22,4.23,per_usd
1979-08-23,4.226,per_usd
1979-08-24,4.2235,per_usd
1979-08-27,4.224,per_usd
1979-08-28,4.223,per_usd
1979-08-29,4.222,per_usd
1979-08-30,4.217,per_usd
1979-08-31,4.217,per_usd
1979-09-04,4.2205,per_usd
1979-09-05,4.2195,per_usd
1979-09-06,4.205,per_usd
1979-09-07,4.193,per_usd
1979-09-10,4.196,per_usd
1979-09-11,4.2045,per_usd
1979-09-12,4.2045,per_usd
1979-09-13,4.209,per_usd
1979-09-14,4.221,per_usd
1979-09-17,4.2195,per_usd
1979-09-18,4.2185,per_usd
1979-09-19,4.215,per_usd
1979-09-20,4.169,per_usd
1979-09-21,4.17,per_usd
1979-09-24,4.1675,per_usd
1979-09-25,4.17,per_usd
1979-09-26,4.167,per_usd
1979-09-27,4.137,per_usd
1979-09-28,4.128,per_usd
1979-10-01,4.125,per_usd
1979-10-02,4.1465,per_usd
1979-10-03,4.1375,per_usd
1979-10-04,4.167,per_usd
1979-10-05,4.159,per_usd
1979-10-09,4.21,per_usd
1979-10-10,4.177,per_usd
1979-10-11,4.2,per_usd
1979-10-12,4.204,per_usd
1979-10-15,4.2145,per_usd
1979-10-16,4.2265,per_usd
1979-10-17,4.235,per_usd
1979-10-18,4.227,per_usd
1979-10-19,4.2315,per_usd
1979-10-22,4.236,per_usd
1979-10-23,4.26,per_usd
1979-10-24,4.25,per_usd
1979-10-25,4.238,per_usd
1979-10-26,4.242,per_usd
1979-10-29,4.2545,per_usd
1979-10-30,4.258,per_usd
1979-10-31,4.2545,per_usd
1979-11-01,4.252,per_usd
1979-11-02,4.25,per_usd
1979-11-05,4.24,per_usd
1979-11-07,4.2385,per_usd
1979-11-08,4.25,per_usd
1979-11-09,4.258,per_usd
1979-11-13,4.263,per_usd
1979-11-14,4.245,per_usd
1979-11-15,4.241,per_usd
1979-11-16,4.2375,per_usd
1979-11-19,4.199,per_usd
1979-11-20,4.205,per_usd
1979-11-21,4.194,per_usd
1979-11-23,4.212,per_usd
1979-11-26,4.2035,per_usd
1979-11-27,4.1945,per_usd
1979-11-28,4.196,per_usd
1979-11-29,4.1895,per_usd
1979-11-30,4.18,per_usd
1979-12-03,4.133,per_usd
1979-12-04,4.174,per_usd
1979-12-05,4.201,per_usd
1979-12-06,4.197,per_usd
1979-12-07,4.211,per_usd
1979-12-10,4.205,per_usd
1979-12-11,4.184,per_usd
1979-12-12,4.185,per_usd
1979-12-13,4.176,per_usd
1979-12-14,4.179,per_usd
1979-12-17,4.184,per_usd
1979-12-18,4.186,per_usd
1979-12-19,4.175,per_usd
1979-12-20,4.183,per_usd
1979-12-21,4.19,per_usd
1979-12-24,4.175,per_usd
1979-12-26,4.175,per_usd
1979-12-27,4.144,per_usd
1979-12-28,4.1505,per_usd
1979-12-31,4.153,per_usd
1980-01-02,4.138,per_usd
1980-01-03,4.128,per_usd
1980-01-04,4.1405,per_usd
1980-01-07,4.127,per_usd
1980-01-08,4.1385,per_usd
1980-01-09,4.1315,per_usd
1980-01-10,4.1375,per_usd
1980-01-11,4.14,per_usd
1980-01-14,4.1415,per_usd
1980-01-15,4.147,per_usd
1980-01-16,4.146,per_usd
1980-01-17,4.145,per_usd
1980-01-18,4.148,per_usd
1980-01-21,4.15,per_usd
1980-01-22,4.158,per_usd
1980-01-23,4.153,per_usd
1980-01-24,4.156,per_usd
1980-01-25,4.1565,per_usd
1980-01-28,4.1625,per_usd
1980-01-29,4.1665,per_usd
1980-01-30,4.164,per_usd
1980-01-31,4.167,per_usd
1980-02-01,4.162,per_usd
1980-02-04,4.164,per_usd
1980-02-05,4.1585,per_usd
1980-02-06,4.1435,per_usd
1980-02-07,4.148,per_usd
1980-02-08,4.158,per_usd
1980-02-11,4.1495,per_usd
1980-02-13,4.144,per_usd
1980-02-14,4.149,per_usd
1980-02-15,4.161,per_usd
1980-02-19,4.1785,per_usd
1980-02-20,4.1715,per_usd
1980-02-21,4.171,per_usd
1980-02-22,4.192,per_usd
1980-02-25,4.1965,per_usd
1980-02-26,4.2,per_usd
1980-02-27,4.1995,per_usd
1980-02-28,4.195,per_usd
1980-02-29,4.213,per_usd
1980-03-03,4.2365,per_usd
1980-03-04,4.258,per_usd
1980-03-05,4.251,per_usd
1980-03-06,4.266,per_usd
1980-03-07,4.279,per_usd
1980-03-10,4.29,per_usd
1980-03-11,4.284,per_usd
1980-03-12,4.285,per_usd
1980-03-13,4.299,per_usd
1980-03-14,4.319,per_usd
1980-03-17,4.3985,per_usd
1980-03-18,4.394,per_usd
1980-03-19,4.382,per_usd
1980-03-20,4.375,per_usd
1980-03-21,4.391,per_usd
1980-03-24,4.406,per_usd
1980-03-25,4.4015,per_usd
1980-03-26,4.3985,per_usd
1980-03-27,4.453,per_usd
1980-03-28,4.452,per_usd
1980-03-31,4.48,per_usd
1980-04-01,4.498,per_usd
1980-04-02,4.499,per_usd
1980-04-03,4.512,per_usd
1980-04-04,4.525,per_usd
1980-04-07,4.545,per_usd
1980-04-08,4.466,per_usd
1980-04-09,4.383,per_usd
1980-04-10,4.377,per_usd
1980-04-11,4.39,per_usd
1980-04-14,4.371,per_usd
1980-04-15,4.41,per_usd
1980-04-16,4.3555,per_usd
1980-04-17,4.355,per_usd
1980-04-18,4.345,per_usd
1980-04-21,4.342,per_usd
1980-04-22,4.356,per_usd
1980-04-23,4.293,per_usd
1980-04-24,4.275,per_usd
1980-04-25,4.27,per_usd
1980-04-28,4.2485,per_usd
1980-04-29,4.21,per_usd
1980-04-30,4.208,per_usd
1980-05-01,4.215,per_usd
1980-05-02,4.27,per_usd
1980-05-05,4.225,per_usd
1980-05-06,4.21,per_usd
1980-05-07,4.216,per_usd
1980-05-08,4.225,per_usd
1980-05-09,4.2425,per_usd
1980-05-12,4.232,per_usd
1980-05-13,4.224,per_usd
1980-05-14,4.218,per_usd
1980-05-15,4.2175,per_usd
1980-05-16,4.226,per_usd
1980-05-19,4.234,per_usd
1980-05-20,4.241,per_usd
1980-05-21,4.208,per_usd
1980-05-22,4.204,per_usd
1980-05-23,4.18,per_usd
1980-05-27,4.16,per_usd
1980-05-28,4.175,per_usd
1980-05-29,4.183,per_usd
1980-05-30,4.19,per_usd
1980-06-02,4.199,per_usd
1980-06-03,4.1895,per_usd
1980-06-04,4.1875,per_usd
1980-06-05,4.176,per_usd
1980-06-06,4.173,per_usd
1980-06-09,4.162,per_usd
1980-06-10,4.16,per_usd
1980-06-11,4.166,per_usd
1980-06-12,4.163,per_usd
1980-06-13,4.14,per_usd
1980-06-16,4.1535,per_usd
1980-06-17,4.1695,per_usd
1980-06-18,4.16,per_usd
1980-06-19,4.167,per_usd
1980-06-20,4.164,per_usd
1980-06-23,4.1665,per_usd
1980-06-24,4.174,per_usd
1980-06-25,4.174,per_usd
1980-06-26,4.163,per_usd
1980-06-27,4.1525,per_usd
1980-06-30,4.16,per_usd
1980-07-01,4.155,per_usd
1980-07-02,4.144,per_usd
1980-07-03,4.148,per_usd
1980-07-07,4.122,per_usd
1980-07-08,4.119,per_usd
1980-07-09,4.121,per_usd
1980-07-10,4.112,per_usd
1980-07-11,4.1125,per_usd
1980-07-14,4.124,per_usd
1980-07-15,4.124,per_usd
1980-07-16,4.123,per_usd
1980-07-17,4.106,per_usd
1980-07-18,4.12,per_usd
1980-07-21,4.1155,per_usd
1980-07-22,4.109,per_usd
1980-07-23,4.1185,per_usd
1980-07-24,4.107,per_usd
1980-07-25,4.1095,per_usd
1980-07-28,4.1205,per_usd
1980-07-29,4.133,per_usd
1980-07-30,4.155,per_usd
1980-07-31,4.169,per_usd
1980-08-01,4.177,per_usd
1980-08-04,4.182,per_usd
1980-08-05,4.1575,per_usd
1980-08-06,4.1535,per_usd
1980-08-07,4.168,per_usd
1980-08-08,4.1725,per_usd
1980-08-11,4.17,per_usd
1980-08-12,4.16,per_usd
1980-08-13,4.1595,per_usd
1980-08-14,4.168,per_usd
1980-08-15,4.1745,per_usd
1980-08-18,4.183,per_usd
1980-08-19,4.19,per_usd
1980-08-20,4.1805,per_usd
1980-08-21,4.1735,per_usd
1980-08-22,4.2035,per_usd
1980-08-25,4.192,per_usd
1980-08-26,4.189,per_usd
1980-08-27,4.179,per_usd
1980-08-28,4.166,per_usd
1980-08-29,4.173,per_usd
1980-09-02,4.1485,per_usd
1980-09-03,4.1475,per_usd
1980-09-04,4.146,per_usd
1980-09-05,4.1545,per_usd
1980-09-08,4.143,per_usd
1980-09-09,4.141,per_usd
1980-09-10,4.1495,per_usd
1980-09-11,4.148,per_usd
1980-09-12,4.1535,per_usd
1980-09-15,4.156,per_usd
1980-09-16,4.15,per_usd
1980-09-17,4.147,per_usd
1980-09-18,4.1605,per_usd
1980-09-19,4.165,per_usd
1980-09-22,4.175,per_usd
1980-09-23,4.17,per_usd
1980-09-24,4.153,per_usd
1980-09-25,4.156,per_usd
1980-09-26,4.148,per_usd
1980-09-29,4.1645,per_usd
1980-09-30,4.161,per_usd
1980-10-01,4.1585,per_usd
1980-10-02,4.1665,per_usd
1980-10-03,4.1625,per_usd
1980-10-06,4.153,per_usd
1980-10-07,4.1575,per_usd
1980-10-08,4.155,per_usd
1980-10-09,4.163,per_usd
1980-10-10,4.156,per_usd
1980-10-14,4.17,per_usd
1980-10-15,4.172,per_usd
1980-10-16,4.1785,per_usd
1980-10-17,4.193,per_usd
1980-10-20,4.212,per_usd
1980-10-21,4.206,per_usd
1980-10-22,4.219,per_usd
1980-10-23,4.2075,per_usd
1980-10-24,4.2135,per_usd
1980-10-27,4.237,per_usd
1980-10-28,4.252,per_usd
1980-10-29,4.237,per_usd
1980-10-30,4.2475,per_usd
1980-10-31,4.252,per_usd
1980-11-03,4.2795,per_usd
1980-11-05,4.2975,per_usd
1980-11-06,4.31,per_usd
1980-11-07,4.333,per_usd
1980-11-10,4.278,per_usd
1980-11-12,4.283,per_usd
1980-11-13,4.275,per_usd
1980-11-14,4.283,per_usd
1980-11-17,4.3125,per_usd
1980-11-18,4.31,per_usd
1980-11-19,4.3025,per_usd
1980-11-20,4.3065,per_usd
1980-11-21,4.314,per_usd
1980-11-24,4.31,per_usd
1980-11-25,4.3115,per_usd
1980-11-26,4.317,per_usd
1980-11-28,4.3285,per_usd
1980-12-01,4.366,per_usd
1980-12-02,4.366,per_usd
1980-12-03,4.361,per_usd
1980-12-04,4.369,per_usd
1980-12-05,4.3975,per_usd
1980-12-08,4.3875,per_usd
1980-12-09,4.417,per_usd
1980-12-10,4.452,per_usd
1980-12-11,4.485,per_usd
1980-12-12,4.472,per_usd
1980-12-15,4.4225,per_usd
1980-12-16,4.484,per_usd
1980-12-17,4.416,per_usd
1980-12-18,4.431,per_usd
1980-12-19,4.412,per_usd
1980-12-22,4.403,per_usd
1980-12-23,4.385,per_usd
1980-12-24,4.33,per_usd
1980-12-26,4.335,per_usd
1980-12-29,4.371,per_usd
1980-12-30,4.385,per_usd
1980-12-31,4.3825,per_usd
1981-01-02,4.4,per_usd
1981-01-05,4.354,per_usd
1981-01-06,4.3,per_usd
1981-01-07,4.355,per_usd
1981-01-08,4.378,per_usd
1981-01-09,4.392,per_usd
1981-01-12,4.411,per_usd
1981-01-13,4.442,per_usd
1981-01-14,4.4265,per_usd
1981-01-15,4.438,per_usd
1981-01-16,4.45,per_usd
1981-01-19,4.4525,per_usd
1981-01-20,4.441,per_usd
1981-01-21,4.428,per_usd
1981-01-22,4.462,per_usd
1981-01-23,4.488,per_usd
1981-01-26,4.5065,per_usd
1981-01-27,4.56,per_usd
1981-01-28,4.55,per_usd
1981-01-29,4.567,per_usd
1981-01-30,4.6,per_usd
1981-02-02,4.565,per_usd
1981-02-03,4.5875,per_usd
1981-02-04,4.546,per_usd
1981-02-05,4.595,per_usd
1981-02-06,4.602,per_usd
1981-02-09,4.5775,per_usd
1981-02-10,4.598,per_usd
1981-02-11,4.6,per_usd
1981-02-13,4.6725,per_usd
1981-02-17,4.6675,per_usd
1981-02-18,4.6575,per_usd
1981-02-19,4.577,per_usd
1981-02-20,4.54,per_usd
1981-02-23,4.5575,per_usd
1981-02-24,4.605,per_usd
1981-02-25,4.61,per_usd
1981-02-26,4.626,per_usd
1981-02-27,4.64,per_usd
1981-03-02,4.673,per_usd
1981-03-03,4.68,per_usd
1981-03-04,4.635,per_usd
1981-03-05,4.649,per_usd
1981-03-06,4.66,per_usd
1981-03-09,4.6475,per_usd
1981-03-10,4.616,per_usd
1981-03-11,4.66,per_usd
1981-03-12,4.615,per_usd
1981-03-13,4.62,per_usd
1981-03-16,4.595,per_usd
1981-03-17,4.5725,per_usd
1981-03-18,4.5275,per_usd
1981-03-19,4.52,per_usd
1981-03-20,4.5425,per_usd
1981-03-23,4.5745,per_usd
1981-03-24,4.571,per_usd
1981-03-25,4.575,per_usd
1981-03-26,4.6,per_usd
1981-03-27,4.6275,per_usd
1981-03-30,4.6,per_usd
1981-03-31,4.61,per_usd
1981-04-01,4.5915,per_usd
1981-04-02,4.6,per_usd
1981-04-03,4.6325,per_usd
1981-04-06,4.682,per_usd
1981-04-07,4.616,per_usd
1981-04-08,4.65,per_usd
1981-04-09,4.66,per_usd
1981-04-10,4.664,per_usd
1981-04-13,4.702,per_usd
1981-04-14,4.697,per_usd
1981-04-15,4.714,per_usd
1981-04-16,4.73,per_usd
1981-04-17,4.735,per_usd
1981-04-20,4.74,per_usd
1981-04-21,4.7238,per_usd
1981-04-22,4.701,per_usd
1981-04-23,4.7075,per_usd
1981-04-24,4.72,per_usd
1981-04-27,4.733,per_usd
1981-04-28,4.75,per_usd
1981-04-29,4.755,per_usd
1981-04-30,4.75,per_usd
1981-05-01,4.75,per_usd
1981-05-04,4.833,per_usd
1981-05-05,4.86,per_usd
1981-05-06,4.8375,per_usd
1981-05-07,4.865,per_usd
1981-05-08,4.848,per_usd
1981-05-11,4.87,per_usd
1981-05-12,4.892,per_usd
1981-05-13,4.895,per_usd
1981-05-14,4.918,per_usd
1981-05-15,4.926,per_usd
1981-05-18,4.8925,per_usd
1981-05-19,4.904,per_usd
1981-05-20,4.893,per_usd
1981-05-21,4.922,per_usd
1981-05-22,4.924,per_usd
1981-05-26,4.9495,per_usd
1981-05-27,4.9735,per_usd
1981-05-28,4.907,per_usd
1981-05-29,4.95,per_usd
1981-06-01,4.953,per_usd
1981-06-02,4.9925,per_usd
1981-06-03,5.016,per_usd
1981-06-04,5.089,per_usd
1981-06-05,5.113,per_usd
1981-06-08,5.085,per_usd
1981-06-09,5.09,per_usd
1981-06-10,5.045,per_usd
1981-06-11,5.105,per_usd
1981-06-12,5.093,per_usd
1981-06-15,5,per_usd
1981-06-16,5.0275,per_usd
1981-06-17,5.015,per_usd
1981-06-18,5.036,per_usd
1981-06-19,5.045,per_usd
1981-06-22,5.0275,per_usd
1981-06-23,5.015,per_usd
1981-06-24,5.0325,per_usd
1981-06-25,5.073,per_usd
1981-06-26,5.08,per_usd
1981-06-29,5.085,per_usd
1981-06-30,5.088,per_usd
1981-07-01,5.116,per_usd
1981-07-02,5.1175,per_usd
1981-07-03,5.125,per_usd
1981-07-06,5.18,per_usd
1981-07-07,5.168,per_usd
1981-07-08,5.215,per_usd
1981-07-09,5.19,per_usd
1981-07-10,5.17,per_usd
1981-07-13,5.14,per_usd
1981-07-14,5.1885,per_usd
1981-07-15,5.145,per_usd
1981-07-16,5.15,per_usd
1981-07-17,5.1725,per_usd
1981-07-20,5.2,per_usd
1981-07-21,5.24,per_usd
1981-07-22,5.213,per_usd
1981-07-23,5.21,per_usd
1981-07-24,5.197,per_usd
1981-07-27,5.189,per_usd
1981-07-28,5.203,per_usd
1981-07-29,5.2225,per_usd
1981-07-30,5.24,per_usd
1981-07-31,5.228,per_usd
1981-08-03,5.33,per_usd
1981-08-04,5.3345,per_usd
1981-08-05,5.314,per_usd
1981-08-06,5.343,per_usd
1981-08-07,5.363,per_usd
1981-08-10,5.4035,per_usd
1981-08-11,5.382,per_usd
1981-08-12,5.295,per_usd
1981-08-13,5.342,per_usd
1981-08-14,5.3475,per_usd
1981-08-17,5.295,per_usd
1981-08-18,5.28,per_usd
1981-08-19,5.298,per_usd
1981-08-20,5.25,per_usd
1981-08-21,5.195,per_usd
1981-08-24,5.227,per_usd
1981-08-25,5.3075,per_usd
1981-08-26,5.26,per_usd
1981-08-27,5.269,per_usd
1981-08-28,5.2475,per_usd
1981-08-31,5.217,per_usd
1981-09-01,5.235,per_usd
1981-09-02,5.21,per_usd
1981-09-03,5.204,per_usd
1981-09-04,5.2,per_usd
1981-09-08,5.24,per_usd
1981-09-09,5.2325,per_usd
1981-09-10,5.18,per_usd
1981-09-11,5.195,per_usd
1981-09-14,5.685,per_usd
1981-09-15,5.624,per_usd
1981-09-16,5.54,per_usd
1981-09-17,5.495,per_usd
1981-09-18,5.5075,per_usd
1981-09-21,5.435,per_usd
1981-09-22,5.503,per_usd
1981-09-23,5.545,per_usd
1981-09-24,5.585,per_usd
1981-09-25,5.585,per_usd
1981-09-28,5.636,per_usd
1981-09-29,5.595,per_usd
1981-09-30,5.605,per_usd
1981-10-01,5.599,per_usd
1981-10-02,5.547,per_usd
1981-10-05,5.495,per_usd
1981-10-06,5.54,per_usd
1981-10-07,5.4775,per_usd
1981-10-08,5.47,per_usd
1981-10-09,5.4275,per_usd
1981-10-13,5.475,per_usd
1981-10-14,5.49,per_usd
1981-10-15,5.51,per_usd
1981-10-16,5.536,per_usd
1981-10-19,5.526,per_usd
1981-10-20,5.534,per_usd
1981-10-21,5.597,per_usd
1981-10-22,5.603,per_usd
1981-10-23,5.605,per_usd
1981-10-26,5.657,per_usd
1981-10-27,5.654,per_usd
1981-10-28,5.623,per_usd
1981-10-29,5.604,per_usd
1981-10-30,5.564,per_usd
1981-11-02,5.507,per_usd
1981-11-04,5.4825,per_usd
1981-11-05,5.509,per_usd
1981-11-06,5.504,per_usd
1981-11-09,5.4675,per_usd
1981-11-10,5.5225,per_usd
1981-11-12,5.465,per_usd
1981-11-13,5.485,per_usd
1981-11-16,5.5,per_usd
1981-11-17,5.5175,per_usd
1981-11-18,5.483,per_usd
1981-11-19,5.5,per_usd
1981-11-20,5.535,per_usd
1981-11-23,5.5,per_usd
1981-11-24,5.475,per_usd
1981-11-25,5.469,per_usd
1981-11-27,5.45,per_usd
1981-11-30,5.4375,per_usd
1981-12-01,5.447,per_usd
1981-12-02,5.45,per_usd
1981-12-03,5.48,per_usd
1981-12-04,5.465,per_usd
1981-12-07,5.477,per_usd
1981-12-08,5.514,per_usd
1981-12-09,5.51,per_usd
1981-12-10,5.538,per_usd
1981-12-11,5.56,per_usd
1981-12-14,5.6025,per_usd
1981-12-15,5.5625,per_usd
1981-12-16,5.57,per_usd
1981-12-17,5.567,per_usd
1981-12-18,5.588,per_usd
1981-12-21,5.595,per_usd
1981-12-22,5.59,per_usd
1981-12-23,5.59,per_usd
1981-12-24,5.585,per_usd
1981-12-28,5.58,per_usd
1981-12-29,5.59,per_usd
1981-12-30,5.5525,per_usd
1981-12-31,5.49,per_usd
1982-01-04,5.516,per_usd
1982-01-05,5.558,per_usd
1982-01-06,5.525,per_usd
1982-01-07,5.563,per_usd
1982-01-08,5.555,per_usd
1982-01-11,5.595,per_usd
1982-01-12,5.62,per_usd
1982-01-13,5.6205,per_usd
1982-01-14,5.645,per_usd
1982-01-15,5.645,per_usd
1982-01-18,5.622,per_usd
1982-01-19,5.625,per_usd
1982-01-20,5.6425,per_usd
1982-01-21,5.636,per_usd
1982-01-22,5.65,per_usd
1982-01-25,5.6875,per_usd
1982-01-26,5.6475,per_usd
1982-01-27,5.6875,per_usd
1982-01-28,5.6875,per_usd
1982-01-29,5.685,per_usd
1982-02-01,5.723,per_usd
1982-02-02,5.707,per_usd
1982-02-03,5.7425,per_usd
1982-02-04,5.7075,per_usd
1982-02-05,5.72,per_usd
1982-02-08,5.7515,per_usd
1982-02-09,5.765,per_usd
1982-02-10,5.762,per_usd
1982-02-11,5.755,per_usd
1982-02-16,5.812,per_usd
1982-02-17,5.8275,per_usd
1982-02-18,5.775,per_usd
1982-02-19,5.745,per_usd
1982-02-22,5.74,per_usd
1982-02-23,5.7675,per_usd
1982-02-24,5.773,per_usd
1982-02-25,5.772,per_usd
1982-02-26,5.7975,per_usd
1982-03-01,5.81,per_usd
1982-03-02,5.789,per_usd
1982-03-03,5.782,per_usd
1982-03-04,5.7775,per_usd
1982-03-05,5.7525,per_usd
1982-03-08,5.7525,per_usd
1982-03-09,5.7975,per_usd
1982-03-10,5.7875,per_usd
1982-03-11,5.813,per_usd
1982-03-12,5.814,per_usd
1982-03-15,5.826,per_usd
1982-03-16,5.8375,per_usd
1982-03-17,5.8275,per_usd
1982-03-18,5.845,per_usd
1982-03-19,5.8275,per_usd
1982-03-22,5.8625,per_usd
1982-03-23,5.856,per_usd
1982-03-24,5.865,per_usd
1982-03-25,5.888,per_usd
1982-03-26,5.905,per_usd
1982-03-29,5.938,per_usd
1982-03-30,5.939,per_usd
1982-03-31,5.937,per_usd
1982-04-01,5.921,per_usd
1982-04-02,5.9075,per_usd
1982-04-05,5.93,per_usd
1982-04-06,5.9525,per_usd
1982-04-07,5.9425,per_usd
1982-04-08,5.96,per_usd
1982-04-09,5.955,per_usd
1982-04-12,5.935,per_usd
1982-04-13,5.94,per_usd
1982-04-14,5.96,per_usd
1982-04-15,5.985,per_usd
1982-04-16,5.975,per_usd
1982-04-19,5.9525,per_usd
1982-04-20,5.93,per_usd
1982-04-21,5.9,per_usd
1982-04-22,5.91,per_usd
1982-04-23,5.8875,per_usd
1982-04-26,5.875,per_usd
1982-04-27,5.855,per_usd
1982-04-28,5.838,per_usd
1982-04-29,5.81,per_usd
1982-04-30,5.795,per_usd
1982-05-03,5.8,per_usd
1982-05-04,5.828,per_usd
1982-05-05,5.795,per_usd
1982-05-06,5.76,per_usd
1982-05-07,5.735,per_usd
1982-05-10,5.735,per_usd
1982-05-11,5.735,per_usd
1982-05-12,5.73,per_usd
1982-05-13,5.755,per_usd
1982-05-14,5.775,per_usd
1982-05-17,5.77,per_usd
1982-05-18,5.78,per_usd
1982-05-19,5.83,per_usd
1982-05-20,5.805,per_usd
1982-05-21,5.7975,per_usd
1982-05-24,5.79,per_usd
1982-05-25,5.815,per_usd
1982-05-26,5.835,per_usd
1982-05-27,5.855,per_usd
1982-05-28,5.85,per_usd
1982-06-01,5.8975,per_usd
1982-06-02,5.88,per_usd
1982-06-03,5.875,per_usd
1982-06-04,5.885,per_usd
1982-06-07,5.913,per_usd
1982-06-08,5.95,per_usd
1982-06-09,5.975,per_usd
1982-06-10,5.97,per_usd
1982-06-11,5.94,per_usd
1982-06-14,6.015,per_usd
1982-06-15,6.005,per_usd
1982-06-16,6.04,per_usd
1982-06-17,6.0575,per_usd
1982-06-18,6.095,per_usd
1982-06-21,6.1375,per_usd
1982-06-22,6.095,per_usd
1982-06-23,6.1225,per_usd
1982-06-24,6.125,per_usd
1982-06-25,6.17,per_usd
1982-06-28,6.17,per_usd
1982-06-29,6.1,per_usd
1982-06-30,6.12,per_usd
1982-07-01,6.145,per_usd
1982-07-02,6.1425,per_usd
1982-07-06,6.16,per_usd
1982-07-07,6.1925,per_usd
1982-07-08,6.215,per_usd
1982-07-09,6.165,per_usd
1982-07-12,6.1275,per_usd
1982-07-13,6.18,per_usd
1982-07-14,6.1675,per_usd
1982-07-15,6.14,per_usd
1982-07-16,6.135,per_usd
1982-07-19,6.106,per_usd
1982-07-20,6.09,per_usd
1982-07-21,6.05,per_usd
1982-07-22,6.06,per_usd
1982-07-23,5.985,per_usd
1982-07-26,6.0225,per_usd
1982-07-27,6.05,per_usd
1982-07-28,6.1,per_usd
1982-07-29,6.09,per_usd
1982-07-30,6.11,per_usd
1982-08-02,6.055,per_usd
1982-08-03,6.09,per_usd
1982-08-04,6.15,per_usd
1982-08-05,6.1575,per_usd
1982-08-06,6.17,per_usd
1982-08-09,6.198,per_usd
1982-08-10,6.1975,per_usd
1982-08-11,6.23,per_usd
1982-08-12,6.21,per_usd
1982-08-13,6.2175,per_usd
1982-08-16,6.2025,per_usd
1982-08-17,6.175,per_usd
1982-08-18,6.155,per_usd
1982-08-19,6.17,per_usd
1982-08-20,6.11,per_usd
1982-08-23,6.096,per_usd
1982-08-24,6.05,per_usd
1982-08-25,6.0525,per_usd
1982-08-26,6.0625,per_usd
1982-08-27,6.1025,per_usd
1982-08-30,6.171,per_usd
1982-08-31,6.1475,per_usd
1982-09-01,6.15,per_usd
1982-09-02,6.148,per_usd
1982-09-03,6.155,per_usd
1982-09-07,6.15,per_usd
1982-09-08,6.19,per_usd
1982-09-09,6.1775,per_usd
1982-09-10,6.26,per_usd
1982-09-13,6.255,per_usd
1982-09-14,6.245,per_usd
1982-09-15,6.2625,per_usd
1982-09-16,6.2575,per_usd
1982-09-17,6.23,per_usd
1982-09-20,6.23,per_usd
1982-09-21,6.248,per_usd
1982-09-22,6.2225,per_usd
1982-09-23,6.25,per_usd
1982-09-24,6.2575,per_usd
1982-09-27,6.295,per_usd
1982-09-28,6.3075,per_usd
1982-09-29,6.2875,per_usd
1982-09-30,6.28,per_usd
1982-10-01,6.2775,per_usd
1982-10-04,6.305,per_usd
1982-10-05,6.307,per_usd
1982-10-06,6.3215,per_usd
1982-10-08,7.35,per_usd
1982-10-12,7.305,per_usd
1982-10-13,7.33,per_usd
1982-10-14,7.335,per_usd
1982-10-15,7.36,per_usd
1982-10-18,7.3525,per_usd
1982-10-19,7.341,per_usd
1982-10-20,7.373,per_usd
1982-10-21,7.402,per_usd
1982-10-22,7.395,per_usd
1982-10-25,7.4375,per_usd
1982-10-26,7.431,per_usd
1982-10-27,7.4025,per_usd
1982-10-28,7.45,per_usd
1982-10-29,7.456,per_usd
1982-11-01,7.4325,per_usd
1982-11-03,7.455,per_usd
1982-11-04,7.495,per_usd
1982-11-05,7.5025,per_usd
1982-11-08,7.5475,per_usd
1982-11-09,7.5325,per_usd
1982-11-10,7.5275,per_usd
1982-11-12,7.5475,per_usd
1982-11-15,7.555,per_usd
1982-11-16,7.545,per_usd
1982-11-17,7.575,per_usd
1982-11-18,7.575,per_usd
1982-11-19,7.512,per_usd
1982-11-22,7.5425,per_usd
1982-11-23,7.5475,per_usd
1982-11-24,7.515,per_usd
1982-11-26,7.455,per_usd
1982-11-29,7.44,per_usd
1982-11-30,7.378,per_usd
1982-12-01,7.395,per_usd
1982-12-02,7.33,per_usd
1982-12-03,7.315,per_usd
1982-12-06,7.35,per_usd
1982-12-07,7.3775,per_usd
1982-12-08,7.3425,per_usd
1982-12-09,7.405,per_usd
1982-12-10,7.39,per_usd
1982-12-13,7.473,per_usd
1982-12-14,7.38,per_usd
1982-12-15,7.425,per_usd
1982-12-16,7.355,per_usd
1982-12-17,7.3725,per_usd
1982-12-20,7.3725,per_usd
1982-12-21,7.35,per_usd
1982-12-22,7.35,per_usd
1982-12-23,7.337,per_usd
1982-12-24,7.33,per_usd
1982-12-27,7.315,per_usd
1982-12-28,7.295,per_usd
1982-12-29,7.2875,per_usd
1982-12-30,7.32,per_usd
1982-12-31,7.31,per_usd
1983-01-03,7.2845,per_usd
1983-01-04,7.26,per_usd
1983-01-05,7.2275,per_usd
1983-01-06,7.2425,per_usd
1983-01-07,7.225,per_usd
1983-01-10,7.21,per_usd
1983-01-11,7.225,per_usd
1983-01-12,7.2825,per_usd
1983-01-13,7.2525,per_usd
1983-01-14,7.27,per_usd
1983-01-17,7.2575,per_usd
1983-01-18,7.31,per_usd
1983-01-19,7.3475,per_usd
1983-01-20,7.352,per_usd
1983-01-21,7.4275,per_usd
1983-01-24,7.465,per_usd
1983-01-25,7.375,per_usd
1983-01-26,7.424,per_usd
1983-01-27,7.418,per_usd
1983-01-28,7.415,per_usd
1983-01-31,7.505,per_usd
1983-02-01,7.4925,per_usd
1983-02-02,7.56,per_usd
1983-02-03,7.5025,per_usd
1983-02-04,7.51,per_usd
1983-02-07,7.475,per_usd
1983-02-08,7.454,per_usd
1983-02-09,7.4225,per_usd
1983-02-10,7.397,per_usd
1983-02-11,7.39,per_usd
1983-02-14,7.4175,per_usd
1983-02-15,7.3935,per_usd
1983-02-16,7.35,per_usd
1983-02-17,7.3695,per_usd
1983-02-18,7.385,per_usd
1983-02-22,7.4275,per_usd
1983-02-23,7.45,per_usd
1983-02-24,7.413,per_usd
1983-02-25,7.44,per_usd
1983-02-28,7.4825,per_usd
1983-03-01,7.4975,per_usd
1983-03-02,7.475,per_usd
1983-03-03,7.455,per_usd
1983-03-04,7.435,per_usd
1983-03-07,7.425,per_usd
1983-03-08,7.48,per_usd
1983-03-09,7.465,per_usd
1983-03-10,7.4625,per_usd
1983-03-11,7.5,per_usd
1983-03-14,7.45,per_usd
1983-03-15,7.43,per_usd
1983-03-16,7.402,per_usd
1983-03-17,7.451,per_usd
1983-03-18,7.47,per_usd
1983-03-21,7.54,per_usd
1983-03-22,7.515,per_usd
1983-03-23,7.55,per_usd
1983-03-24,7.55,per_usd
1983-03-25,7.505,per_usd
1983-03-28,7.555,per_usd
1983-03-29,7.54,per_usd
1983-03-30,7.525,per_usd
1983-03-31,7.55,per_usd
1983-04-01,7.545,per_usd
1983-04-04,7.495,per_usd
1983-04-05,7.485,per_usd
1983-04-06,7.475,per_usd
1983-04-07,7.475,per_usd
1983-04-08,7.495,per_usd
1983-04-11,7.4825,per_usd
1983-04-12,7.49,per_usd
1983-04-13,7.505,per_usd
1983-04-14,7.5125,per_usd
1983-04-15,7.485,per_usd
1983-04-18,7.5,per_usd
1983-04-19,7.4875,per_usd
1983-04-20,7.515,per_usd
1983-04-21,7.492,per_usd
1983-04-22,7.484,per_usd
1983-04-25,7.5,per_usd
1983-04-26,7.4825,per_usd
1983-04-27,7.47,per_usd
1983-04-28,7.496,per_usd
1983-04-29,7.505,per_usd
1983-05-02,7.4925,per_usd
1983-05-03,7.495,per_usd
1983-05-04,7.485,per_usd
1983-05-05,7.484,per_usd
1983-05-06,7.485,per_usd
1983-05-09,7.47,per_usd
1983-05-10,7.485,per_usd
1983-05-11,7.46,per_usd
1983-05-12,7.475,per_usd
1983-05-13,7.4675,per_usd
1983-05-16,7.5,per_usd
1983-05-17,7.4925,per_usd
1983-05-18,7.497,per_usd
1983-05-19,7.52,per_usd
1983-05-20,7.498,per_usd
1983-05-23,7.525,per_usd
1983-05-24,7.525,per_usd
1983-05-25,7.506,per_usd
1983-05-26,7.5225,per_usd
1983-05-27,7.5275,per_usd
1983-05-31,7.5425,per_usd
1983-06-01,7.569,per_usd
1983-06-02,7.5675,per_usd
1983-06-03,7.5925,per_usd
1983-06-06,7.635,per_usd
1983-06-07,7.638,per_usd
1983-06-08,7.6525,per_usd
1983-06-09,7.645,per_usd
1983-06-10,7.6375,per_usd
1983-06-13,7.665,per_usd
1983-06-14,7.675,per_usd
1983-06-15,7.68,per_usd
1983-06-16,7.67,per_usd
1983-06-17,7.677,per_usd
1983-06-20,7.675,per_usd
1983-06-21,7.66,per_usd
1983-06-22,7.614,per_usd
1983-06-23,7.6075,per_usd
1983-06-24,7.6125,per_usd
1983-06-27,7.6,per_usd
1983-06-28,7.6225,per_usd
1983-06-29,7.646,per_usd
1983-06-30,7.63,per_usd
1983-07-01,7.635,per_usd
1983-07-05,7.6725,per_usd
1983-07-06,7.664,per_usd
1983-07-07,7.666,per_usd
1983-07-08,7.6675,per_usd
1983-07-11,7.68,per_usd
1983-07-12,7.68,per_usd
1983-07-13,7.6675,per_usd
1983-07-14,7.675,per_usd
1983-07-15,7.71,per_usd
1983-07-18,7.715,per_usd
1983-07-19,7.698,per_usd
1983-07-20,7.6725,per_usd
1983-07-21,7.695,per_usd
1983-07-22,7.705,per_usd
1983-07-25,7.7,per_usd
1983-07-26,7.74,per_usd
1983-07-27,7.7395,per_usd
1983-07-28,7.7375,per_usd
1983-07-29,7.753,per_usd
1983-08-01,7.835,per_usd
1983-08-02,7.783,per_usd
1983-08-03,7.806,per_usd
1983-08-04,7.826,per_usd
1983-08-05,7.86,per_usd
1983-08-08,7.899,per_usd
1983-08-09,7.89,per_usd
1983-08-10,7.955,per_usd
1983-08-11,7.963,per_usd
1983-08-12,7.95,per_usd
1983-08-15,7.9325,per_usd
1983-08-16,7.8275,per_usd
1983-08-17,7.812,per_usd
1983-08-18,7.803,per_usd
1983-08-19,7.8425,per_usd
1983-08-22,7.795,per_usd
1983-08-23,7.7775,per_usd
1983-08-24,7.785,per_usd
1983-08-25,7.814,per_usd
1983-08-26,7.8625,per_usd
1983-08-29,7.898,per_usd
1983-08-30,7.905,per_usd
1983-08-31,7.925,per_usd
1983-09-01,7.9325,per_usd
1983-09-02,7.916,per_usd
1983-09-06,7.908,per_usd
1983-09-07,7.92,per_usd
1983-09-08,7.9,per_usd
1983-09-09,7.895,per_usd
1983-09-12,7.865,per_usd
1983-09-13,7.915,per_usd
1983-09-14,7.907,per_usd
1983-09-15,7.898,per_usd
1983-09-16,7.8565,per_usd
1983-09-19,7.85,per_usd
1983-09-20,7.87,per_usd
1983-09-21,7.8775,per_usd
1983-09-22,7.898,per_usd
1983-09-23,7.8465,per_usd
1983-09-26,7.8375,per_usd
1983-09-27,7.855,per_usd
1983-09-28,7.836,per_usd
1983-09-29,7.83,per_usd
1983-09-30,7.81,per_usd
1983-10-03,7.813,per_usd
1983-10-04,7.815,per_usd
1983-10-05,7.777,per_usd
1983-10-06,7.76,per_usd
1983-10-07,7.715,per_usd
1983-10-11,7.745,per_usd
1983-10-12,7.805,per_usd
1983-10-13,7.7875,per_usd
1983-10-14,7.83,per_usd
1983-10-17,7.795,per_usd
1983-10-18,7.765,per_usd
1983-10-19,7.761,per_usd
1983-10-20,7.768,per_usd
1983-10-21,7.756,per_usd
1983-10-24,7.795,per_usd
1983-10-25,7.773,per_usd
1983-10-26,7.796,per_usd
1983-10-27,7.801,per_usd
1983-10-28,7.805,per_usd
1983-10-31,7.8255,per_usd
1983-11-01,7.8725,per_usd
1983-11-02,7.84,per_usd
1983-11-03,7.86,per_usd
1983-11-04,7.895,per_usd
1983-11-07,7.893,per_usd
1983-11-09,7.8925,per_usd
1983-11-10,7.875,per_usd
1983-11-14,7.888,per_usd
1983-11-15,7.897,per_usd
1983-11-16,7.9325,per_usd
1983-11-17,7.9525,per_usd
1983-11-18,7.955,per_usd
1983-11-21,7.945,per_usd
1983-11-22,7.94,per_usd
1983-11-23,7.9425,per_usd
1983-11-25,7.985,per_usd
1983-11-28,7.975,per_usd
1983-11-29,7.9825,per_usd
1983-11-30,7.96,per_usd
1983-12-01,7.958,per_usd
1983-12-02,7.9925,per_usd
1983-12-05,8.027,per_usd
1983-12-06,8.0075,per_usd
1983-12-07,8.0175,per_usd
1983-12-08,8.004,per_usd
1983-12-09,8.0475,per_usd
1983-12-12,8.067,per_usd
1983-12-13,8.1175,per_usd
1983-12-14,8.114,per_usd
1983-12-15,8.122,per_usd
1983-12-16,8.1475,per_usd
1983-12-19,8.133,per_usd
1983-12-20,8.108,per_usd
1983-12-21,8.103,per_usd
1983-12-22,8.091,per_usd
1983-12-23,8.075,per_usd
1983-12-27,8.07,per_usd
1983-12-28,8.052,per_usd
1983-12-29,8.013,per_usd
1983-12-30,8.01,per_usd
1984-01-03,8.082,per_usd
1984-01-04,8.16,per_usd
1984-01-05,8.161,per_usd
1984-01-06,8.175,per_usd
1984-01-09,8.22,per_usd
1984-01-10,8.19,per_usd
1984-01-11,8.2575,per_usd
1984-01-12,8.253,per_usd
1984-01-13,8.155,per_usd
1984-01-16,8.1745,per_usd
1984-01-17,8.18,per_usd
1984-01-18,8.173,per_usd
1984-01-19,8.158,per_usd
1984-01-20,8.195,per_usd
1984-01-23,8.15,per_usd
1984-01-24,8.19,per_usd
1984-01-25,8.175,per_usd
1984-01-26,8.15,per_usd
1984-01-27,8.175,per_usd
1984-01-30,8.181,per_usd
1984-01-31,8.188,per_usd
1984-02-01,8.1525,per_usd
1984-02-02,8.11,per_usd
1984-02-03,8.064,per_usd
1984-02-06,8.0975,per_usd
1984-02-07,8.1345,per_usd
1984-02-08,8.117,per_usd
1984-02-09,8.095,per_usd
1984-02-10,8.105,per_usd
1984-02-14,8.0725,per_usd
1984-02-15,7.99,per_usd
1984-02-16,7.95,per_usd
1984-02-17,7.97,per_usd
1984-02-21,8.005,per_usd
1984-02-22,7.93,per_usd
1984-02-23,7.91,per_usd
1984-02-24,7.825,per_usd
1984-02-27,7.86,per_usd
1984-02-28,7.7975,per_usd
1984-02-29,7.77,per_usd
1984-03-01,7.799,per_usd
1984-03-02,7.76,per_usd
1984-03-05,7.719,per_usd
1984-03-06,7.64,per_usd
1984-03-07,7.6425,per_usd
1984-03-08,7.6975,per_usd
1984-03-09,7.6975,per_usd
1984-03-12,7.7575,per_usd
1984-03-13,7.688,per_usd
1984-03-14,7.655,per_usd
1984-03-15,7.7075,per_usd
1984-03-16,7.775,per_usd
1984-03-19,7.78,per_usd
1984-03-20,7.806,per_usd
1984-03-21,7.83,per_usd
1984-03-22,7.795,per_usd
1984-03-23,7.775,per_usd
1984-03-26,7.735,per_usd
1984-03-27,7.705,per_usd
1984-03-28,7.725,per_usd
1984-03-29,7.7015,per_usd
1984-03-30,7.72,per_usd
1984-04-02,7.735,per_usd
1984-04-03,7.78,per_usd
1984-04-04,7.78,per_usd
1984-04-05,7.7925,per_usd
1984-04-06,7.786,per_usd
1984-04-09,7.802,per_usd
1984-04-10,7.785,per_usd
1984-04-11,7.7675,per_usd
1984-04-12,7.7875,per_usd
1984-04-13,7.8,per_usd
1984-04-16,7.83,per_usd
1984-04-17,7.845,per_usd
1984-04-18,7.845,per_usd
1984-04-19,7.8925,per_usd
1984-04-20,7.89,per_usd
1984-04-23,7.885,per_usd
1984-04-24,7.92,per_usd
1984-04-25,7.92,per_usd
1984-04-26,7.94,per_usd
1984-04-27,7.965,per_usd
1984-04-30,7.985,per_usd
1984-05-01,8.01,per_usd
1984-05-02,8.001,per_usd
1984-05-03,7.9885,per_usd
1984-05-04,8.025,per_usd
1984-05-07,8.105,per_usd
1984-05-08,8.123,per_usd
1984-05-09,8.126,per_usd
1984-05-10,8.15,per_usd
1984-05-11,8.125,per_usd
1984-05-14,8.12,per_usd
1984-05-15,8.08,per_usd
1984-05-16,8.0495,per_usd
1984-05-17,8.092,per_usd
1984-05-18,8.124,per_usd
1984-05-21,8.09,per_usd
1984-05-22,8.0675,per_usd
1984-05-23,8.115,per_usd
1984-05-24,8.045,per_usd
1984-05-25,8.045,per_usd
1984-05-29,8.071,per_usd
1984-05-30,8.085,per_usd
1984-05-31,8.082,per_usd
1984-06-01,8.0065,per_usd
1984-06-04,7.949,per_usd
1984-06-05,8.013,per_usd
1984-06-06,7.978,per_usd
1984-06-07,8.022,per_usd
1984-06-08,8.023,per_usd
1984-06-11,8.0475,per_usd
1984-06-12,8.089,per_usd
1984-06-13,8.061,per_usd
1984-06-14,8.08,per_usd
1984-06-15,8.113,per_usd
1984-06-18,8.124,per_usd
1984-06-19,8.1175,per_usd
1984-06-20,8.172,per_usd
1984-06-21,8.175,per_usd
1984-06-22,8.1675,per_usd
1984-06-25,8.194,per_usd
1984-06-26,8.178,per_usd
1984-06-27,8.208,per_usd
1984-06-28,8.1875,per_usd
1984-06-29,8.1795,per_usd
1984-07-02,8.195,per_usd
1984-07-03,8.2375,per_usd
1984-07-05,8.2615,per_usd
1984-07-06,8.293,per_usd
1984-07-09,8.291,per_usd
1984-07-10,8.266,per_usd
1984-07-11,8.31,per_usd
1984-07-12,8.3075,per_usd
1984-07-13,8.285,per_usd
1984-07-16,8.2625,per_usd
1984-07-17,8.305,per_usd
1984-07-18,8.333,per_usd
1984-07-19,8.282,per_usd
1984-07-20,8.313,per_usd
1984-07-23,8.346,per_usd
1984-07-24,8.3345,per_usd
1984-07-25,8.31,per_usd
1984-07-26,8.3035,per_usd
1984-07-27,8.371,per_usd
1984-07-30,8.3945,per_usd
1984-07-31,8.43,per_usd
1984-08-01,8.439,per_usd
1984-08-02,8.404,per_usd
1984-08-03,8.325,per_usd
1984-08-06,8.363,per_usd
1984-08-07,8.4275,per_usd
1984-08-08,8.39,per_usd
1984-08-09,8.3995,per_usd
1984-08-10,8.384,per_usd
1984-08-13,8.4185,per_usd
1984-08-14,8.3475,per_usd
1984-08-15,8.346,per_usd
1984-08-16,8.3125,per_usd
1984-08-17,8.314,per_usd
1984-08-20,8.335,per_usd
1984-08-21,8.356,per_usd
1984-08-22,8.318,per_usd
1984-08-23,8.288,per_usd
1984-08-24,8.3125,per_usd
1984-08-27,8.331,per_usd
1984-08-28,8.3035,per_usd
1984-08-29,8.3,per_usd
1984-08-30,8.29,per_usd
1984-08-31,8.32,per_usd
1984-09-04,8.4125,per_usd
1984-09-05,8.4425,per_usd
1984-09-06,8.45,per_usd
1984-09-07,8.5125,per_usd
1984-09-10,8.522,per_usd
1984-09-11,8.512,per_usd
1984-09-12,8.53,per_usd
1984-09-13,8.6,per_usd
1984-09-14,8.5825,per_usd
1984-09-17,8.646,per_usd
1984-09-18,8.687,per_usd
1984-09-19,8.6975,per_usd
1984-09-20,8.75,per_usd
1984-09-21,8.665,per_usd
1984-09-24,8.62,per_usd
1984-09-25,8.683,per_usd
1984-09-26,8.61,per_usd
1984-09-27,8.586,per_usd
1984-09-28,8.687,per_usd
1984-10-01,8.645,per_usd
1984-10-02,8.6215,per_usd
1984-10-03,8.585,per_usd
1984-10-04,8.61,per_usd
1984-10-05,8.646,per_usd
1984-10-09,8.706,per_usd
1984-10-10,8.691,per_usd
1984-10-11,8.7125,per_usd
1984-10-12,8.7375,per_usd
1984-10-15,8.796,per_usd
1984-10-16,8.8025,per_usd
1984-10-17,8.79,per_usd
1984-10-18,8.8,per_usd
1984-10-19,8.713,per_usd
1984-10-22,8.72,per_usd
1984-10-23,8.65,per_usd
1984-10-24,8.615,per_usd
1984-10-25,8.59,per_usd
1984-10-26,8.6425,per_usd
1984-10-29,8.721,per_usd
1984-10-30,8.695,per_usd
1984-10-31,8.661,per_usd
1984-11-01,8.595,per_usd
1984-11-02,8.4925,per_usd
1984-11-05,8.462,per_usd
1984-11-07,8.444,per_usd
1984-11-08,8.4825,per_usd
1984-11-09,8.475,per_usd
1984-11-13,8.464,per_usd
1984-11-14,8.524,per_usd
1984-11-15,8.517,per_usd
1984-11-16,8.545,per_usd
1984-11-19,8.5885,per_usd
1984-11-20,8.618,per_usd
1984-11-21,8.6415,per_usd
1984-11-23,8.68,per_usd
1984-11-26,8.7415,per_usd
1984-11-27,8.723,per_usd
1984-11-28,8.74,per_usd
1984-11-29,8.744,per_usd
1984-11-30,8.84,per_usd
1984-12-03,8.84,per_usd
1984-12-04,8.715,per_usd
1984-12-05,8.8,per_usd
1984-12-06,8.762,per_usd
1984-12-07,8.8,per_usd
1984-12-10,8.815,per_usd
1984-12-11,8.815,per_usd
1984-12-12,8.82,per_usd
1984-12-13,8.8475,per_usd
1984-12-14,8.82,per_usd
1984-12-17,8.825,per_usd
1984-12-18,8.845,per_usd
1984-12-19,8.875,per_usd
1984-12-20,8.945,per_usd
1984-12-21,8.925,per_usd
1984-12-24,8.925,per_usd
1984-12-26,8.935,per_usd
1984-12-27,8.98,per_usd
1984-12-28,8.953,per_usd
1984-12-31,8.985,per_usd
1985-01-02,9.045,per_usd
1985-01-03,9.0325,per_usd
1985-01-04,9.0325,per_usd
1985-01-07,9.046,per_usd
1985-01-08,9.035,per_usd
1985-01-09,9.035,per_usd
1985-01-10,9.0375,per_usd
1985-01-11,9.065,per_usd
1985-01-14,9.1445,per_usd
1985-01-15,9.1525,per_usd
1985-01-16,9.14,per_usd
1985-01-17,9.145,per_usd
1985-01-18,9.1475,per_usd
1985-01-22,9.07,per_usd
1985-01-23,9.086,per_usd
1985-01-24,9.035,per_usd
1985-01-25,9.0475,per_usd
1985-01-28,9.0525,per_usd
1985-01-29,9.063,per_usd
1985-01-30,9.0525,per_usd
1985-01-31,9.04,per_usd
1985-02-01,9.06,per_usd
1985-02-04,9.146,per_usd
1985-02-05,9.185,per_usd
1985-02-06,9.1625,per_usd
1985-02-07,9.1975,per_usd
1985-02-08,9.22,per_usd
1985-02-11,9.275,per_usd
1985-02-13,9.342,per_usd
1985-02-14,9.3075,per_usd
1985-02-15,9.255,per_usd
1985-02-19,9.355,per_usd
1985-02-20,9.37,per_usd
1985-02-21,9.43,per_usd
1985-02-22,9.4975,per_usd
1985-02-25,9.68,per_usd
1985-02-26,9.6725,per_usd
1985-02-27,9.42,per_usd
1985-02-28,9.48,per_usd
1985-03-01,9.53,per_usd
1985-03-04,9.5375,per_usd
1985-03-05,9.715,per_usd
1985-03-06,9.6,per_usd
1985-03-07,9.65,per_usd
1985-03-08,9.65,per_usd
1985-03-11,9.546,per_usd
1985-03-12,9.55,per_usd
1985-03-13,9.5575,per_usd
1985-03-14,9.605,per_usd
1985-03-15,9.5775,per_usd
1985-03-18,9.5125,per_usd
1985-03-19,9.355,per_usd
1985-03-20,9.3625,per_usd
1985-03-21,9.22,per_usd
1985-03-22,9.25,per_usd
1985-03-25,9.2775,per_usd
1985-03-26,9.2175,per_usd
1985-03-27,9.001,per_usd
1985-03-28,9.05,per_usd
1985-03-29,8.92,per_usd
1985-04-01,9.0275,per_usd
1985-04-02,9.1075,per_usd
1985-04-03,9.05,per_usd
1985-04-04,9.1775,per_usd
1985-04-05,9.1325,per_usd
1985-04-08,9.1075,per_usd
1985-04-09,9.0875,per_usd
1985-04-10,9.0805,per_usd
1985-04-11,8.935,per_usd
1985-04-12,8.9225,per_usd
1985-04-15,8.8575,per_usd
1985-04-16,8.8575,per_usd
1985-04-17,8.8775,per_usd
1985-04-18,8.77,per_usd
1985-04-19,8.775,per_usd
1985-04-22,8.846,per_usd
1985-04-23,8.9775,per_usd
1985-04-24,9.05,per_usd
1985-04-25,9.13,per_usd
1985-04-26,9.07,per_usd
1985-04-29,9.03,per_usd
1985-04-30,9.0125,per_usd
1985-05-01,9.1125,per_usd
1985-05-02,9.14,per_usd
1985-05-03,9.25,per_usd
1985-05-06,9.241,per_usd
1985-05-07,9.13,per_usd
1985-05-08,9.165,per_usd
1985-05-09,9.045,per_usd
1985-05-10,9.06,per_usd
1985-05-13,8.91,per_usd
1985-05-14,8.85,per_usd
1985-05-15,8.9,per_usd
1985-05-16,8.955,per_usd
1985-05-17,8.88,per_usd
1985-05-20,8.825,per_usd
1985-05-21,8.86,per_usd
1985-05-22,8.92,per_usd
1985-05-23,8.935,per_usd
1985-05-24,8.935,per_usd
1985-05-28,8.96,per_usd
1985-05-29,8.9,per_usd
1985-05-30,8.925,per_usd
1985-05-31,8.87,per_usd
1985-06-03,8.84,per_usd
1985-06-04,8.855,per_usd
1985-06-05,8.903,per_usd
1985-06-06,8.87,per_usd
1985-06-07,8.9,per_usd
1985-06-10,8.95,per_usd
1985-06-11,8.93,per_usd
1985-06-12,8.934,per_usd
1985-06-13,8.939,per_usd
1985-06-14,8.86,per_usd
1985-06-17,8.855,per_usd
1985-06-18,8.77,per_usd
1985-06-19,8.771,per_usd
1985-06-20,8.8525,per_usd
1985-06-21,8.84,per_usd
1985-06-24,8.849,per_usd
1985-06-25,8.8575,per_usd
1985-06-26,8.795,per_usd
1985-06-27,8.8175,per_usd
1985-06-28,8.7425,per_usd
1985-07-01,8.752,per_usd
1985-07-02,8.76,per_usd
1985-07-03,8.745,per_usd
1985-07-05,8.67,per_usd
1985-07-08,8.615,per_usd
1985-07-09,8.565,per_usd
1985-07-10,8.51,per_usd
1985-07-11,8.477,per_usd
1985-07-12,8.4275,per_usd
1985-07-15,8.42,per_usd
1985-07-16,8.406,per_usd
1985-07-17,8.3185,per_usd
1985-07-18,8.374,per_usd
1985-07-19,8.43,per_usd
1985-07-22,8.4565,per_usd
1985-07-23,8.355,per_usd
1985-07-24,8.42,per_usd
1985-07-25,8.3905,per_usd
1985-07-26,8.39,per_usd
1985-07-29,8.29,per_usd
1985-07-30,8.29,per_usd
1985-07-31,8.285,per_usd
1985-08-01,8.3575,per_usd
1985-08-02,8.36,per_usd
1985-08-05,8.37,per_usd
1985-08-06,8.42,per_usd
1985-08-07,8.4125,per_usd
1985-08-08,8.33,per_usd
1985-08-09,8.405,per_usd
1985-08-12,8.33,per_usd
1985-08-13,8.305,per_usd
1985-08-14,8.32,per_usd
1985-08-15,8.25,per_usd
1985-08-16,8.2425,per_usd
1985-08-19,8.25,per_usd
1985-08-20,8.2825,per_usd
1985-08-21,8.2825,per_usd
1985-08-22,8.218,per_usd
1985-08-23,8.23,per_usd
1985-08-26,8.2775,per_usd
1985-08-27,8.31,per_usd
1985-08-28,8.266,per_usd
1985-08-29,8.289,per_usd
1985-08-30,8.325,per_usd
1985-09-03,8.435,per_usd
1985-09-04,8.425,per_usd
1985-09-05,8.434,per_usd
1985-09-06,8.596,per_usd
1985-09-09,8.625,per_usd
1985-09-10,8.616,per_usd
1985-09-11,8.66,per_usd
1985-09-12,8.62,per_usd
1985-09-13,8.53,per_usd
1985-09-16,8.49,per_usd
1985-09-17,8.51,per_usd
1985-09-18,8.525,per_usd
1985-09-19,8.5,per_usd
1985-09-20,8.378,per_usd
1985-09-23,8.179,per_usd
1985-09-24,8.1275,per_usd
1985-09-25,8.0395,per_usd
1985-09-26,8.005,per_usd
1985-09-27,8.07,per_usd
1985-09-30,8.05,per_usd
1985-10-01,7.98,per_usd
1985-10-02,7.98,per_usd
1985-10-03,7.945,per_usd
1985-10-04,7.915,per_usd
1985-10-07,7.995,per_usd
1985-10-08,7.98,per_usd
1985-10-09,7.98,per_usd
1985-10-10,7.994,per_usd
1985-10-11,7.995,per_usd
1985-10-15,7.983,per_usd
1985-10-16,8.035,per_usd
1985-10-17,7.966,per_usd
1985-10-18,7.964,per_usd
1985-10-21,7.93,per_usd
1985-10-22,7.9425,per_usd
1985-10-23,7.951,per_usd
1985-10-24,7.96,per_usd
1985-10-25,7.965,per_usd
1985-10-28,7.935,per_usd
1985-10-29,7.88,per_usd
1985-10-30,7.875,per_usd
1985-10-31,7.876,per_usd
1985-11-01,7.86,per_usd
1985-11-04,7.829,per_usd
1985-11-05,7.8375,per_usd
1985-11-06,7.815,per_usd
1985-11-07,7.8675,per_usd
1985-11-08,7.895,per_usd
1985-11-12,7.885,per_usd
1985-11-13,7.87,per_usd
1985-11-14,7.865,per_usd
1985-11-15,7.875,per_usd
1985-11-18,7.85,per_usd
1985-11-19,7.8125,per_usd
1985-11-20,7.85,per_usd
1985-11-21,7.887,per_usd
1985-11-22,7.7515,per_usd
1985-11-25,7.7175,per_usd
1985-11-26,7.679,per_usd
1985-11-27,7.659,per_usd
1985-11-29,7.6355,per_usd
1985-12-02,7.655,per_usd
1985-12-03,7.694,per_usd
1985-12-04,7.651,per_usd
1985-12-05,7.6525,per_usd
1985-12-06,7.68,per_usd
1985-12-09,7.699,per_usd
1985-12-10,7.723,per_usd
1985-12-11,7.755,per_usd
1985-12-12,7.693,per_usd
1985-12-13,7.707,per_usd
1985-12-16,7.716,per_usd
1985-12-17,7.682,per_usd
1985-12-18,7.717,per_usd
1985-12-19,7.7185,per_usd
1985-12-20,7.7025,per_usd
1985-12-23,7.685,per_usd
1985-12-24,7.68,per_usd
1985-12-26,7.69,per_usd
1985-12-27,7.64,per_usd
1985-12-30,7.6,per_usd
1985-12-31,7.575,per_usd
1986-01-02,7.571,per_usd
1986-01-03,7.595,per_usd
1986-01-06,7.559,per_usd
1986-01-07,7.574,per_usd
1986-01-08,7.6225,per_usd
1986-01-09,7.58,per_usd
1986-01-10,7.6075,per_usd
1986-01-13,7.645,per_usd
1986-01-14,7.636,per_usd
1986-01-15,7.624,per_usd
1986-01-16,7.638,per_usd
1986-01-17,7.642,per_usd
1986-01-21,7.635,per_usd
1986-01-22,7.6275,per_usd
1986-01-23,7.65,per_usd
1986-01-24,7.5885,per_usd
1986-01-27,7.5695,per_usd
1986-01-28,7.535,per_usd
1986-01-29,7.53,per_usd
1986-01-30,7.509,per_usd
1986-01-31,7.5325,per_usd
1986-02-03,7.562,per_usd
1986-02-04,7.592,per_usd
1986-02-05,7.521,per_usd
1986-02-06,7.517,per_usd
1986-02-07,7.56,per_usd
1986-02-10,7.514,per_usd
1986-02-11,7.485,per_usd
1986-02-12,7.475,per_usd
1986-02-13,7.45,per_usd
1986-02-14,7.4375,per_usd
1986-02-18,7.431,per_usd
1986-02-19,7.34,per_usd
1986-02-20,7.3375,per_usd
1986-02-21,7.349,per_usd
1986-02-24,7.292,per_usd
1986-02-25,7.204,per_usd
1986-02-26,7.1725,per_usd
1986-02-27,7.155,per_usd
1986-02-28,7.2005,per_usd
1986-03-03,7.19,per_usd
1986-03-04,7.145,per_usd
1986-03-05,7.245,per_usd
1986-03-06,7.235,per_usd
1986-03-07,7.22,per_usd
1986-03-10,7.294,per_usd
1986-03-11,7.255,per_usd
1986-03-12,7.281,per_usd
1986-03-13,7.2975,per_usd
1986-03-14,7.225,per_usd
1986-03-17,7.205,per_usd
1986-03-18,7.205,per_usd
1986-03-19,7.22,per_usd
1986-03-20,7.2075,per_usd
1986-03-21,7.175,per_usd
1986-03-24,7.265,per_usd
1986-03-25,7.385,per_usd
1986-03-26,7.35,per_usd
1986-03-27,7.35,per_usd
1986-03-28,7.3615,per_usd
1986-03-31,7.37,per_usd
1986-04-01,7.367,per_usd
1986-04-02,7.415,per_usd
1986-04-03,7.4575,per_usd
1986-04-04,7.495,per_usd
1986-04-07,7.52,per_usd
1986-04-08,7.3825,per_usd
1986-04-09,7.3975,per_usd
1986-04-10,7.38,per_usd
1986-04-11,7.3225,per_usd
1986-04-14,7.3225,per_usd
1986-04-15,7.321,per_usd
1986-04-16,7.19,per_usd
1986-04-17,7.125,per_usd
1986-04-18,7.1575,per_usd
1986-04-21,7.136,per_usd
1986-04-22,7.105,per_usd
1986-04-23,7.095,per_usd
1986-04-24,7.08,per_usd
1986-04-25,7.045,per_usd
1986-04-28,7.0025,per_usd
1986-04-29,7.03,per_usd
1986-04-30,7.007,per_usd
1986-05-01,7.098,per_usd
1986-05-02,7.085,per_usd
1986-05-05,7.025,per_usd
1986-05-06,7.1,per_usd
1986-05-07,7.065,per_usd
1986-05-08,7.015,per_usd
1986-05-09,7.021,per_usd
1986-05-12,7.04,per_usd
1986-05-13,7.1,per_usd
1986-05-14,7.0725,per_usd
1986-05-15,7.078,per_usd
1986-05-16,7.11,per_usd
1986-05-19,7.125,per_usd
1986-05-20,7.1675,per_usd
1986-05-21,7.191,per_usd
1986-05-22,7.26,per_usd
1986-05-23,7.268,per_usd
1986-05-27,7.263,per_usd
1986-05-28,7.269,per_usd
1986-05-29,7.3175,per_usd
1986-05-30,7.3905,per_usd
1986-06-02,7.387,per_usd
1986-06-03,7.285,per_usd
1986-06-04,7.301,per_usd
1986-06-05,7.24,per_usd
1986-06-06,7.192,per_usd
1986-06-09,7.211,per_usd
1986-06-10,7.179,per_usd
1986-06-11,7.168,per_usd
1986-06-12,7.16,per_usd
1986-06-13,7.168,per_usd
1986-06-16,7.151,per_usd
1986-06-17,7.242,per_usd
1986-06-18,7.24,per_usd
1986-06-19,7.2275,per_usd
1986-06-20,7.261,per_usd
1986-06-23,7.245,per_usd
1986-06-24,7.185,per_usd
1986-06-25,7.17,per_usd
1986-06-26,7.18,per_usd
1986-06-27,7.141,per_usd
1986-06-30,7.128,per_usd
1986-07-01,7.0825,per_usd
1986-07-02,7.115,per_usd
1986-07-03,7.085,per_usd
1986-07-07,7.095,per_usd
1986-07-08,7.105,per_usd
1986-07-09,7.116,per_usd
1986-07-10,7.1125,per_usd
1986-07-11,7.1465,per_usd
1986-07-14,7.153,per_usd
1986-07-15,7.108,per_usd
1986-07-16,7.056,per_usd
1986-07-17,7.05,per_usd
1986-07-18,7.022,per_usd
1986-07-21,7.02,per_usd
1986-07-22,7.07,per_usd
1986-07-23,7.0575,per_usd
1986-07-24,7.063,per_usd
1986-07-25,7.08,per_usd
1986-07-28,7.033,per_usd
1986-07-29,7.018,per_usd
1986-07-30,7.01,per_usd
1986-07-31,6.976,per_usd
1986-08-01,6.975,per_usd
1986-08-04,6.987,per_usd
1986-08-05,6.99,per_usd
1986-08-06,6.97,per_usd
1986-08-07,6.953,per_usd
1986-08-08,6.953,per_usd
1986-08-11,6.939,per_usd
1986-08-12,6.9605,per_usd
1986-08-13,6.9485,per_usd
1986-08-14,6.932,per_usd
1986-08-15,6.935,per_usd
1986-08-18,6.95,per_usd
1986-08-19,6.914,per_usd
1986-08-20,6.895,per_usd
1986-08-21,6.892,per_usd
1986-08-22,6.899,per_usd
1986-08-25,6.9055,per_usd
1986-08-26,6.92,per_usd
1986-08-27,6.927,per_usd
1986-08-28,6.931,per_usd
1986-08-29,6.89,per_usd
1986-09-02,6.885,per_usd
1986-09-03,6.876,per_usd
1986-09-04,6.877,per_usd
1986-09-05,6.911,per_usd
1986-09-08,6.9625,per_usd
1986-09-09,6.9405,per_usd
1986-09-10,6.946,per_usd
1986-09-11,7.011,per_usd
1986-09-12,6.95,per_usd
1986-09-15,6.93,per_usd
1986-09-16,6.931,per_usd
1986-09-17,6.881,per_usd
1986-09-18,6.825,per_usd
1986-09-19,6.829,per_usd
1986-09-22,6.914,per_usd
1986-09-23,6.956,per_usd
1986-09-24,6.946,per_usd
1986-09-25,6.95,per_usd
1986-09-26,6.95,per_usd
1986-09-29,6.921,per_usd
1986-09-30,6.91,per_usd
1986-10-01,6.907,per_usd
1986-10-02,6.879,per_usd
1986-10-03,6.855,per_usd
1986-10-06,6.84,per_usd
1986-10-07,6.86,per_usd
1986-10-08,6.865,per_usd
1986-10-09,6.883,per_usd
1986-10-10,6.8325,per_usd
1986-10-14,6.8155,per_usd
1986-10-15,6.816,per_usd
1986-10-16,6.82,per_usd
1986-10-17,6.827,per_usd
1986-10-20,6.8525,per_usd
1986-10-21,6.852,per_usd
1986-10-22,6.852,per_usd
1986-10-23,6.88,per_usd
1986-10-24,6.957,per_usd
1986-10-27,6.998,per_usd
1986-10-28,6.957,per_usd
1986-10-29,6.965,per_usd
1986-10-30,7.031,per_usd
1986-10-31,7.038,per_usd
1986-11-03,7.043,per_usd
1986-11-04,7.027,per_usd
1986-11-05,7.038,per_usd
1986-11-06,7.033,per_usd
1986-11-07,7.03,per_usd
1986-11-10,6.99,per_usd
1986-11-12,6.9525,per_usd
1986-11-13,6.9375,per_usd
1986-11-14,6.925,per_usd
1986-11-17,6.945,per_usd
1986-11-18,6.949,per_usd
1986-11-19,6.947,per_usd
1986-11-20,6.953,per_usd
1986-11-21,6.971,per_usd
1986-11-24,6.979,per_usd
1986-11-25,6.91,per_usd
1986-11-26,6.9225,per_usd
1986-11-28,6.8775,per_usd
1986-12-01,6.866,per_usd
1986-12-02,6.89,per_usd
1986-12-03,6.88,per_usd
1986-12-04,6.923,per_usd
1986-12-05,6.933,per_usd
1986-12-08,6.953,per_usd
1986-12-09,6.9705,per_usd
1986-12-10,6.957,per_usd
1986-12-11,6.9745,per_usd
1986-12-12,6.9715,per_usd
1986-12-15,6.967,per_usd
1986-12-16,6.97,per_usd
1986-12-17,6.964,per_usd
1986-12-18,6.952,per_usd
1986-12-19,6.946,per_usd
1986-12-22,6.886,per_usd
1986-12-23,6.8725,per_usd
1986-12-24,6.8795,per_usd
1986-12-26,6.857,per_usd
1986-12-29,6.806,per_usd
1986-12-30,6.819,per_usd
1986-12-31,6.741,per_usd
1987-01-02,6.7375,per_usd
1987-01-05,6.775,per_usd
1987-01-06,6.755,per_usd
1987-01-07,6.785,per_usd
1987-01-08,6.78,per_usd
1987-01-09,6.758,per_usd
1987-01-12,6.698,per_usd
1987-01-13,6.665,per_usd
1987-01-14,6.5715,per_usd
1987-01-15,6.5895,per_usd
1987-01-16,6.589,per_usd
1987-01-20,6.571,per_usd
1987-01-21,6.592,per_usd
1987-01-22,6.505,per_usd
1987-01-23,6.538,per_usd
1987-01-26,6.532,per_usd
1987-01-27,6.495,per_usd
1987-01-28,6.44,per_usd
1987-01-29,6.457,per_usd
1987-01-30,6.5425,per_usd
1987-02-02,6.4825,per_usd
1987-02-03,6.465,per_usd
1987-02-04,6.49,per_usd
1987-02-05,6.55,per_usd
1987-02-06,6.58,per_usd
1987-02-09,6.505,per_usd
1987-02-10,6.4625,per_usd
1987-02-11,6.502,per_usd
1987-02-12,6.535,per_usd
1987-02-13,6.5235,per_usd
1987-02-17,6.492,per_usd
1987-02-18,6.51,per_usd
1987-02-19,6.525,per_usd
1987-02-20,6.496,per_usd
1987-02-23,6.493,per_usd
1987-02-24,6.4935,per_usd
1987-02-25,6.485,per_usd
1987-02-26,6.465,per_usd
1987-02-27,6.475,per_usd
1987-03-02,6.47,per_usd
1987-03-03,6.46,per_usd
1987-03-04,6.458,per_usd
1987-03-05,6.4375,per_usd
1987-03-06,6.451,per_usd
1987-03-09,6.4775,per_usd
1987-03-10,6.478,per_usd
1987-03-11,6.4955,per_usd
1987-03-12,6.4795,per_usd
1987-03-13,6.471,per_usd
1987-03-16,6.432,per_usd
1987-03-17,6.4225,per_usd
1987-03-18,6.416,per_usd
1987-03-19,6.415,per_usd
1987-03-20,6.4085,per_usd
1987-03-23,6.369,per_usd
1987-03-24,6.317,per_usd
1987-03-25,6.387,per_usd
1987-03-26,6.388,per_usd
1987-03-27,6.365,per_usd
1987-03-30,6.321,per_usd
1987-03-31,6.325,per_usd
1987-04-01,6.36,per_usd
1987-04-02,6.34,per_usd
1987-04-03,6.36,per_usd
1987-04-06,6.36,per_usd
1987-04-07,6.361,per_usd
1987-04-08,6.393,per_usd
1987-04-09,6.357,per_usd
1987-04-10,6.321,per_usd
1987-04-13,6.321,per_usd
1987-04-14,6.2945,per_usd
1987-04-15,6.303,per_usd
1987-04-16,6.315,per_usd
1987-04-17,6.324,per_usd
1987-04-20,6.3151,per_usd
1987-04-21,6.32,per_usd
1987-04-22,6.34,per_usd
1987-04-23,6.313,per_usd
1987-04-24,6.253,per_usd
1987-04-27,6.239,per_usd
1987-04-28,6.273,per_usd
1987-04-29,6.2795,per_usd
1987-04-30,6.284,per_usd
1987-05-01,6.235,per_usd
1987-05-04,6.2255,per_usd
1987-05-05,6.203,per_usd
1987-05-06,6.214,per_usd
1987-05-07,6.2345,per_usd
1987-05-08,6.2475,per_usd
1987-05-11,6.285,per_usd
1987-05-12,6.263,per_usd
1987-05-13,6.265,per_usd
1987-05-14,6.256,per_usd
1987-05-15,6.239,per_usd
1987-05-18,6.23,per_usd
1987-05-19,6.242,per_usd
1987-05-20,6.23,per_usd
1987-05-21,6.2375,per_usd
1987-05-22,6.2375,per_usd
1987-05-26,6.315,per_usd
1987-05-27,6.346,per_usd
1987-05-28,6.345,per_usd
1987-05-29,6.362,per_usd
1987-06-01,6.378,per_usd
1987-06-02,6.2975,per_usd
1987-06-03,6.309,per_usd
1987-06-04,6.341,per_usd
1987-06-05,6.33,per_usd
1987-06-08,6.31,per_usd
1987-06-09,6.284,per_usd
1987-06-10,6.286,per_usd
1987-06-11,6.275,per_usd
1987-06-12,6.309,per_usd
1987-06-15,6.356,per_usd
1987-06-16,6.355,per_usd
1987-06-17,6.36,per_usd
1987-06-18,6.362,per_usd
1987-06-19,6.381,per_usd
1987-06-22,6.413,per_usd
1987-06-23,6.402,per_usd
1987-06-24,6.362,per_usd
1987-06-25,6.385,per_usd
1987-06-26,6.381,per_usd
1987-06-29,6.398,per_usd
1987-06-30,6.386,per_usd
1987-07-01,6.392,per_usd
1987-07-02,6.4,per_usd
1987-07-03,6.42,per_usd
1987-07-06,6.4205,per_usd
1987-07-07,6.4135,per_usd
1987-07-08,6.424,per_usd
1987-07-09,6.417,per_usd
1987-07-10,6.433,per_usd
1987-07-13,6.433,per_usd
1987-07-14,6.445,per_usd
1987-07-15,6.39,per_usd
1987-07-16,6.414,per_usd
1987-07-17,6.472,per_usd
1987-07-20,6.485,per_usd
1987-07-21,6.49,per_usd
1987-07-22,6.495,per_usd
1987-07-23,6.465,per_usd
1987-07-24,6.465,per_usd
1987-07-27,6.47,per_usd
1987-07-28,6.48,per_usd
1987-07-29,6.4825,per_usd
1987-07-30,6.476,per_usd
1987-07-31,6.489,per_usd
1987-08-03,6.514,per_usd
1987-08-04,6.586,per_usd
1987-08-05,6.555,per_usd
1987-08-06,6.573,per_usd
1987-08-07,6.592,per_usd
1987-08-10,6.598,per_usd
1987-08-11,6.599,per_usd
1987-08-12,6.586,per_usd
1987-08-13,6.57,per_usd
1987-08-14,6.536,per_usd
1987-08-17,6.543,per_usd
1987-08-18,6.452,per_usd
1987-08-19,6.443,per_usd
1987-08-20,6.417,per_usd
1987-08-21,6.3855,per_usd
1987-08-24,6.377,per_usd
1987-08-25,6.407,per_usd
1987-08-26,6.412,per_usd
1987-08-27,6.384,per_usd
1987-08-28,6.38,per_usd
1987-08-31,6.376,per_usd
1987-09-01,6.3785,per_usd
1987-09-02,6.356,per_usd
1987-09-03,6.334,per_usd
1987-09-04,6.345,per_usd
1987-09-08,6.3305,per_usd
1987-09-09,6.351,per_usd
1987-09-10,6.375,per_usd
1987-09-11,6.356,per_usd
1987-09-14,6.411,per_usd
1987-09-15,6.394,per_usd
1987-09-16,6.385,per_usd
1987-09-17,6.383,per_usd
1987-09-18,6.362,per_usd
1987-09-21,6.385,per_usd
1987-09-22,6.403,per_usd
1987-09-23,6.405,per_usd
1987-09-24,6.402,per_usd
1987-09-25,6.399,per_usd
1987-09-28,6.4075,per_usd
1987-09-29,6.451,per_usd
1987-09-30,6.458,per_usd
1987-10-01,6.478,per_usd
1987-10-02,6.46,per_usd
1987-10-05,6.46,per_usd
1987-10-06,6.437,per_usd
1987-10-07,6.4125,per_usd
1987-10-08,6.402,per_usd
1987-10-09,6.378,per_usd
1987-10-13,6.3975,per_usd
1987-10-14,6.369,per_usd
1987-10-15,6.345,per_usd
1987-10-16,6.356,per_usd
1987-10-19,6.308,per_usd
1987-10-20,6.379,per_usd
1987-10-21,6.375,per_usd
1987-10-22,6.398,per_usd
1987-10-23,6.32,per_usd
1987-10-26,6.29,per_usd
1987-10-27,6.27,per_usd
1987-10-28,6.242,per_usd
1987-10-29,6.2,per_usd
1987-10-30,6.2,per_usd
1987-11-02,6.16,per_usd
1987-11-03,6.16,per_usd
1987-11-04,6.15,per_usd
1987-11-05,6,per_usd
1987-11-06,6.06,per_usd
1987-11-09,6.014,per_usd
1987-11-10,6.025,per_usd
1987-11-12,6.11,per_usd
1987-11-13,6.098,per_usd
1987-11-16,6.135,per_usd
1987-11-17,6.101,per_usd
1987-11-18,6.097,per_usd
1987-11-19,6.0825,per_usd
1987-11-20,6.08,per_usd
1987-11-23,6.044,per_usd
1987-11-24,6.085,per_usd
1987-11-25,6.036,per_usd
1987-11-27,6.015,per_usd
1987-11-30,5.961,per_usd
1987-12-01,5.987,per_usd
1987-12-02,6.003,per_usd
1987-12-03,6.028,per_usd
1987-12-04,6.045,per_usd
1987-12-07,6.05,per_usd
1987-12-08,6.04,per_usd
1987-12-09,6.022,per_usd
1987-12-10,5.957,per_usd
1987-12-11,5.94,per_usd
1987-12-14,5.938,per_usd
1987-12-15,5.94,per_usd
1987-12-16,5.947,per_usd
1987-12-17,5.92,per_usd
1987-12-18,5.94,per_usd
1987-12-21,5.948,per_usd
1987-12-22,5.936,per_usd
1987-12-23,5.944,per_usd
1987-12-24,5.936,per_usd
1987-12-28,5.84,per_usd
1987-12-29,5.845,per_usd
1987-12-30,5.839,per_usd
1987-12-31,5.795,per_usd
1988-01-04,5.807,per_usd
1988-01-05,5.905,per_usd
1988-01-06,5.977,per_usd
1988-01-07,5.94,per_usd
1988-01-08,5.9685,per_usd
1988-01-11,5.941,per_usd
1988-01-12,5.935,per_usd
1988-01-13,5.929,per_usd
1988-01-14,5.929,per_usd
1988-01-15,6.05,per_usd
1988-01-19,6.0305,per_usd
1988-01-20,5.988,per_usd
1988-01-21,5.991,per_usd
1988-01-22,6.02,per_usd
1988-01-25,6.029,per_usd
1988-01-26,6.032,per_usd
1988-01-27,6.015,per_usd
1988-01-28,6.005,per_usd
1988-01-29,6.032,per_usd
1988-02-01,6.068,per_usd
1988-02-02,6.06,per_usd
1988-02-03,6.045,per_usd
1988-02-04,6.057,per_usd
1988-02-05,6.07,per_usd
1988-02-08,6.07,per_usd
1988-02-09,6.0735,per_usd
1988-02-10,6.05,per_usd
1988-02-11,6.0475,per_usd
1988-02-12,6.1,per_usd
1988-02-16,6.098,per_usd
1988-02-17,6.07,per_usd
1988-02-18,6.0825,per_usd
1988-02-19,6.075,per_usd
1988-02-22,6.0395,per_usd
1988-02-23,6.025,per_usd
1988-02-24,6.023,per_usd
1988-02-25,6.0125,per_usd
1988-02-26,5.99,per_usd
1988-02-29,5.992,per_usd
1988-03-01,5.9925,per_usd
1988-03-02,6.0075,per_usd
1988-03-03,6.0235,per_usd
1988-03-04,6.006,per_usd
1988-03-07,5.9575,per_usd
1988-03-08,5.931,per_usd
1988-03-09,5.92,per_usd
1988-03-10,5.9345,per_usd
1988-03-11,5.92,per_usd
1988-03-14,5.9225,per_usd
1988-03-15,5.93,per_usd
1988-03-16,5.945,per_usd
1988-03-17,5.9845,per_usd
1988-03-18,5.995,per_usd
1988-03-21,5.985,per_usd
1988-03-22,5.9875,per_usd
1988-03-23,5.9725,per_usd
1988-03-24,5.9455,per_usd
1988-03-25,5.93,per_usd
1988-03-28,5.891,per_usd
1988-03-29,5.894,per_usd
1988-03-30,5.898,per_usd
1988-03-31,5.871,per_usd
1988-04-01,5.87,per_usd
1988-04-04,5.878,per_usd
1988-04-05,5.901,per_usd
1988-04-06,5.9175,per_usd
1988-04-07,5.93,per_usd
1988-04-08,5.91,per_usd
1988-04-11,5.94,per_usd
1988-04-12,5.94,per_usd
1988-04-13,5.95,per_usd
1988-04-14,5.88,per_usd
1988-04-15,5.865,per_usd
1988-04-18,5.845,per_usd
1988-04-19,5.8575,per_usd
1988-04-20,5.8575,per_usd
1988-04-21,5.8525,per_usd
1988-04-22,5.88,per_usd
1988-04-25,5.89,per_usd
1988-04-26,5.885,per_usd
1988-04-27,5.8855,per_usd
1988-04-28,5.863,per_usd
1988-04-29,5.875,per_usd
1988-05-02,5.89,per_usd
1988-05-03,5.88,per_usd
1988-05-04,5.89,per_usd
1988-05-05,5.885,per_usd
1988-05-06,5.8955,per_usd
1988-05-09,5.8875,per_usd
1988-05-10,5.8775,per_usd
1988-05-11,5.8625,per_usd
1988-05-12,5.877,per_usd
1988-05-13,5.88,per_usd
1988-05-16,5.891,per_usd
1988-05-17,5.935,per_usd
1988-05-18,5.937,per_usd
1988-05-19,5.9225,per_usd
1988-05-20,5.9285,per_usd
1988-05-23,5.9225,per_usd
1988-05-24,5.92,per_usd
1988-05-25,5.925,per_usd
1988-05-26,5.9375,per_usd
1988-05-27,5.955,per_usd
1988-05-31,5.9925,per_usd
1988-06-01,6.01,per_usd
1988-06-02,6.038,per_usd
1988-06-03,6.0385,per_usd
1988-06-06,6.016,per_usd
1988-06-07,5.9925,per_usd
1988-06-08,5.9925,per_usd
1988-06-09,6.004,per_usd
1988-06-10,6.0075,per_usd
1988-06-13,6.0295,per_usd
1988-06-14,6.08,per_usd
1988-06-15,6.085,per_usd
1988-06-16,6.088,per_usd
1988-06-17,6.095,per_usd
1988-06-20,6.105,per_usd
1988-06-21,6.105,per_usd
1988-06-22,6.156,per_usd
1988-06-23,6.184,per_usd
1988-06-24,6.2685,per_usd
1988-06-27,6.2675,per_usd
1988-06-28,6.231,per_usd
1988-06-29,6.2835,per_usd
1988-06-30,6.285,per_usd
1988-07-01,6.3,per_usd
1988-07-05,6.299,per_usd
1988-07-06,6.285,per_usd
1988-07-07,6.267,per_usd
1988-07-08,6.313,per_usd
1988-07-11,6.358,per_usd
1988-07-12,6.33,per_usd
1988-07-13,6.352,per_usd
1988-07-14,6.361,per_usd
1988-07-15,6.4475,per_usd
1988-07-18,6.46,per_usd
1988-07-19,6.408,per_usd
1988-07-20,6.368,per_usd
1988-07-21,6.3335,per_usd
1988-07-22,6.3,per_usd
1988-07-25,6.355,per_usd
1988-07-26,6.3885,per_usd
1988-07-27,6.355,per_usd
1988-07-28,6.385,per_usd
1988-07-29,6.419,per_usd
1988-08-01,6.438,per_usd
1988-08-02,6.4465,per_usd
1988-08-03,6.444,per_usd
1988-08-04,6.448,per_usd
1988-08-05,6.471,per_usd
1988-08-08,6.5075,per_usd
1988-08-09,6.5425,per_usd
1988-08-10,6.55,per_usd
1988-08-11,6.515,per_usd
1988-08-12,6.474,per_usd
1988-08-15,6.479,per_usd
1988-08-16,6.442,per_usd
1988-08-17,6.54,per_usd
1988-08-18,6.505,per_usd
1988-08-19,6.491,per_usd
1988-08-22,6.5695,per_usd
1988-08-23,6.5345,per_usd
1988-08-24,6.5115,per_usd
1988-08-25,6.454,per_usd
1988-08-26,6.436,per_usd
1988-08-29,6.465,per_usd
1988-08-30,6.462,per_usd
1988-08-31,6.493,per_usd
1988-09-01,6.491,per_usd
1988-09-02,6.456,per_usd
1988-09-06,6.405,per_usd
1988-09-07,6.405,per_usd
1988-09-08,6.4175,per_usd
1988-09-09,6.42,per_usd
1988-09-12,6.4115,per_usd
1988-09-13,6.4125,per_usd
1988-09-14,6.4825,per_usd
1988-09-15,6.475,per_usd
1988-09-16,6.485,per_usd
1988-09-19,6.435,per_usd
1988-09-20,6.4175,per_usd
1988-09-21,6.445,per_usd
1988-09-22,6.4625,per_usd
1988-09-23,6.4525,per_usd
1988-09-26,6.475,per_usd
1988-09-27,6.46,per_usd
1988-09-28,6.4525,per_usd
1988-09-29,6.455,per_usd
1988-09-30,6.425,per_usd
1988-10-03,6.398,per_usd
1988-10-04,6.394,per_usd
1988-10-05,6.392,per_usd
1988-10-06,6.395,per_usd
1988-10-07,6.384,per_usd
1988-10-11,6.3475,per_usd
1988-10-12,6.298,per_usd
1988-10-13,6.258,per_usd
1988-10-14,6.249,per_usd
1988-10-17,6.244,per_usd
1988-10-18,6.227,per_usd
1988-10-19,6.245,per_usd
1988-10-20,6.225,per_usd
1988-10-21,6.18,per_usd
1988-10-24,6.175,per_usd
1988-10-25,6.215,per_usd
1988-10-26,6.195,per_usd
1988-10-27,6.192,per_usd
1988-10-28,6.18,per_usd
1988-10-31,6.195,per_usd
1988-11-01,6.2,per_usd
1988-11-02,6.18,per_usd
1988-11-03,6.164,per_usd
1988-11-04,6.2175,per_usd
1988-11-07,6.19,per_usd
1988-11-08,6.196,per_usd
1988-11-09,6.133,per_usd
1988-11-10,6.128,per_usd
1988-11-14,6.088,per_usd
1988-11-15,6.085,per_usd
1988-11-16,6.04,per_usd
1988-11-17,6.064,per_usd
1988-11-18,6.072,per_usd
1988-11-21,6.044,per_usd
1988-11-22,6.023,per_usd
1988-11-23,6.006,per_usd
1988-11-25,6.004,per_usd
1988-11-28,6.04,per_usd
1988-11-29,6.02,per_usd
1988-11-30,6.0415,per_usd
1988-12-01,6.024,per_usd
1988-12-02,6.02,per_usd
1988-12-05,6.001,per_usd
1988-12-06,6.015,per_usd
1988-12-07,6.09,per_usd
1988-12-08,6.048,per_usd
1988-12-09,6.025,per_usd
1988-12-12,6.0495,per_usd
1988-12-13,6.067,per_usd
1988-12-14,6.045,per_usd
1988-12-15,6.068,per_usd
1988-12-16,6.119,per_usd
1988-12-19,6.121,per_usd
1988-12-20,6.1625,per_usd
1988-12-21,6.13,per_usd
1988-12-22,6.137,per_usd
1988-12-23,6.139,per_usd
1988-12-27,6.138,per_usd
1988-12-28,6.1725,per_usd
1988-12-29,6.1625,per_usd
1988-12-30,6.131,per_usd
1989-01-03,6.096,per_usd
1989-01-04,6.16,per_usd
1989-01-05,6.18,per_usd
1989-01-06,6.23,per_usd
1989-01-09,6.264,per_usd
1989-01-10,6.275,per_usd
1989-01-11,6.25,per_usd
1989-01-12,6.25,per_usd
1989-01-13,6.2695,per_usd
1989-01-17,6.312,per_usd
1989-01-18,6.3525,per_usd
1989-01-19,6.347,per_usd
1989-01-20,6.294,per_usd
1989-01-23,6.2775,per_usd
1989-01-24,6.285,per_usd
1989-01-25,6.2915,per_usd
1989-01-26,6.291,per_usd
1989-01-27,6.334,per_usd
1989-01-30,6.331,per_usd
1989-01-31,6.36,per_usd
1989-02-01,6.34,per_usd
1989-02-02,6.353,per_usd
1989-02-03,6.383,per_usd
1989-02-06,6.382,per_usd
1989-02-07,6.347,per_usd
1989-02-08,6.37,per_usd
1989-02-09,6.33,per_usd
1989-02-10,6.3325,per_usd
1989-02-13,6.353,per_usd
1989-02-14,6.305,per_usd
1989-02-15,6.293,per_usd
1989-02-16,6.307,per_usd
1989-02-17,6.295,per_usd
1989-02-21,6.321,per_usd
1989-02-22,6.3005,per_usd
1989-02-23,6.28,per_usd
1989-02-24,6.285,per_usd
1989-02-27,6.288,per_usd
1989-02-28,6.287,per_usd
1989-03-01,6.325,per_usd
1989-03-02,6.336,per_usd
1989-03-03,6.331,per_usd
1989-03-06,6.359,per_usd
1989-03-07,6.351,per_usd
1989-03-08,6.361,per_usd
1989-03-09,6.375,per_usd
1989-03-10,6.383,per_usd
1989-03-13,6.398,per_usd
1989-03-14,6.382,per_usd
1989-03-15,6.406,per_usd
1989-03-16,6.414,per_usd
1989-03-17,6.4035,per_usd
1989-03-20,6.414,per_usd
1989-03-21,6.392,per_usd
1989-03-22,6.384,per_usd
1989-03-23,6.387,per_usd
1989-03-24,6.395,per_usd
1989-03-27,6.428,per_usd
1989-03-28,6.47,per_usd
1989-03-29,6.4455,per_usd
1989-03-30,6.462,per_usd
1989-03-31,6.443,per_usd
1989-04-03,6.4,per_usd
1989-04-04,6.375,per_usd
1989-04-05,6.365,per_usd
1989-04-06,6.369,per_usd
1989-04-07,6.405,per_usd
1989-04-10,6.406,per_usd
1989-04-11,6.42,per_usd
1989-04-12,6.4165,per_usd
1989-04-13,6.385,per_usd
1989-04-14,6.378,per_usd
1989-04-17,6.332,per_usd
1989-04-18,6.326,per_usd
1989-04-19,6.345,per_usd
1989-04-20,6.3105,per_usd
1989-04-21,6.31,per_usd
1989-04-24,6.3365,per_usd
1989-04-25,6.356,per_usd
1989-04-26,6.383,per_usd
1989-04-27,6.372,per_usd
1989-04-28,6.388,per_usd
1989-05-01,6.42,per_usd
1989-05-02,6.411,per_usd
1989-05-03,6.42,per_usd
1989-05-04,6.423,per_usd
1989-05-05,6.446,per_usd
1989-05-08,6.455,per_usd
1989-05-09,6.4895,per_usd
1989-05-10,6.451,per_usd
1989-05-11,6.48,per_usd
1989-05-12,6.49,per_usd
1989-05-15,6.55,per_usd
1989-05-16,6.57,per_usd
1989-05-17,6.654,per_usd
1989-05-18,6.653,per_usd
1989-05-19,6.6475,per_usd
1989-05-22,6.762,per_usd
1989-05-23,6.751,per_usd
1989-05-24,6.7595,per_usd
1989-05-25,6.712,per_usd
1989-05-26,6.697,per_usd
1989-05-30,6.7585,per_usd
1989-05-31,6.664,per_usd
1989-06-01,6.685,per_usd
1989-06-02,6.624,per_usd
1989-06-05,6.6405,per_usd
1989-06-06,6.671,per_usd
1989-06-07,6.639,per_usd
1989-06-08,6.6735,per_usd
1989-06-09,6.752,per_usd
1989-06-12,6.8125,per_usd
1989-06-13,6.8145,per_usd
1989-06-14,6.815,per_usd
1989-06-15,6.8165,per_usd
1989-06-16,6.722,per_usd
1989-06-19,6.68,per_usd
1989-06-20,6.6905,per_usd
1989-06-21,6.652,per_usd
1989-06-22,6.638,per_usd
1989-06-23,6.575,per_usd
1989-06-26,6.6405,per_usd
1989-06-27,6.622,per_usd
1989-06-28,6.652,per_usd
1989-06-29,6.645,per_usd
1989-06-30,6.657,per_usd
1989-07-03,6.575,per_usd
1989-07-05,6.472,per_usd
1989-07-06,6.46,per_usd
1989-07-07,6.454,per_usd
1989-07-10,6.398,per_usd
1989-07-11,6.459,per_usd
1989-07-12,6.445,per_usd
1989-07-13,6.448,per_usd
1989-07-14,6.502,per_usd
1989-07-17,6.5065,per_usd
1989-07-18,6.471,per_usd
1989-07-19,6.4925,per_usd
1989-07-20,6.4865,per_usd
1989-07-21,6.5,per_usd
1989-07-24,6.51,per_usd
1989-07-25,6.481,per_usd
1989-07-26,6.424,per_usd
1989-07-27,6.399,per_usd
1989-07-28,6.438,per_usd
1989-07-31,6.384,per_usd
1989-08-01,6.384,per_usd
1989-08-02,6.359,per_usd
1989-08-03,6.39,per_usd
1989-08-04,6.477,per_usd
1989-08-07,6.4975,per_usd
1989-08-08,6.4605,per_usd
1989-08-09,6.472,per_usd
1989-08-10,6.455,per_usd
1989-08-11,6.584,per_usd
1989-08-14,6.595,per_usd
1989-08-15,6.604,per_usd
1989-08-16,6.6,per_usd
1989-08-17,6.6625,per_usd
1989-08-18,6.61,per_usd
1989-08-21,6.615,per_usd
1989-08-22,6.5925,per_usd
1989-08-23,6.62,per_usd
1989-08-24,6.628,per_usd
1989-08-25,6.615,per_usd
1989-08-28,6.623,per_usd
1989-08-29,6.5725,per_usd
1989-08-30,6.568,per_usd
1989-08-31,6.621,per_usd
1989-09-01,6.686,per_usd
1989-09-05,6.714,per_usd
1989-09-06,6.672,per_usd
1989-09-07,6.69,per_usd
1989-09-08,6.679,per_usd
1989-09-11,6.6975,per_usd
1989-09-12,6.695,per_usd
1989-09-13,6.675,per_usd
1989-09-14,6.65,per_usd
1989-09-15,6.744,per_usd
1989-09-18,6.61,per_usd
1989-09-19,6.61,per_usd
1989-09-20,6.585,per_usd
1989-09-21,6.595,per_usd
1989-09-22,6.599,per_usd
1989-09-25,6.5,per_usd
1989-09-26,6.472,per_usd
1989-09-27,6.446,per_usd
1989-09-28,6.4555,per_usd
1989-09-29,6.431,per_usd
1989-10-02,6.434,per_usd
1989-10-03,6.47,per_usd
1989-10-04,6.445,per_usd
1989-10-05,6.485,per_usd
1989-10-06,6.48,per_usd
1989-10-10,6.515,per_usd
1989-10-11,6.57,per_usd
1989-10-12,6.564,per_usd
1989-10-13,6.52,per_usd
1989-10-16,6.4725,per_usd
1989-10-17,6.446,per_usd
1989-10-18,6.452,per_usd
1989-10-19,6.438,per_usd
1989-10-20,6.455,per_usd
1989-10-23,6.4505,per_usd
1989-10-24,6.3995,per_usd
1989-10-25,6.4005,per_usd
1989-10-26,6.402,per_usd
1989-10-27,6.393,per_usd
1989-10-30,6.406,per_usd
1989-10-31,6.42,per_usd
1989-11-01,6.413,per_usd
1989-11-02,6.44,per_usd
1989-11-03,6.432,per_usd
1989-11-06,6.439,per_usd
1989-11-07,6.425,per_usd
1989-11-08,6.42,per_usd
1989-11-09,6.427,per_usd
1989-11-10,6.46,per_usd
1989-11-13,6.485,per_usd
1989-11-14,6.45,per_usd
1989-11-15,6.448,per_usd
1989-11-16,6.45,per_usd
1989-11-17,6.4475,per_usd
1989-11-20,6.452,per_usd
1989-11-21,6.44,per_usd
1989-11-22,6.435,per_usd
1989-11-24,6.421,per_usd
1989-11-27,6.404,per_usd
1989-11-28,6.395,per_usd
1989-11-29,6.38,per_usd
1989-11-30,6.38,per_usd
1989-12-01,6.385,per_usd
1989-12-04,6.381,per_usd
1989-12-05,6.374,per_usd
1989-12-06,6.347,per_usd
1989-12-07,6.356,per_usd
1989-12-08,6.365,per_usd
1989-12-11,6.35,per_usd
1989-12-12,6.27,per_usd
1989-12-13,6.28,per_usd
1989-12-14,6.286,per_usd
1989-12-15,6.26,per_usd
1989-12-18,6.2775,per_usd
1989-12-19,6.282,per_usd
1989-12-20,6.298,per_usd
1989-12-21,6.269,per_usd
1989-12-22,6.24,per_usd
1989-12-26,6.21,per_usd
1989-12-27,6.192,per_usd
1989-12-28,6.21,per_usd
1989-12-29,6.2065,per_usd
1990-01-02,6.23,per_usd
1990-01-03,6.27,per_usd
1990-01-04,6.176,per_usd
1990-01-05,6.172,per_usd
1990-01-08,6.14,per_usd
1990-01-09,6.151,per_usd
1990-01-10,6.142,per_usd
1990-01-11,6.148,per_usd
1990-01-12,6.126,per_usd
1990-01-16,6.168,per_usd
1990-01-17,6.164,per_usd
1990-01-18,6.2025,per_usd
1990-01-19,6.2175,per_usd
1990-01-22,6.258,per_usd
1990-01-23,6.2055,per_usd
1990-01-24,6.165,per_usd
1990-01-25,6.17,per_usd
1990-01-26,6.18,per_usd
1990-01-29,6.14,per_usd
1990-01-30,6.145,per_usd
1990-01-31,6.16,per_usd
1990-02-01,6.11,per_usd
1990-02-02,6.15,per_usd
1990-02-05,6.116,per_usd
1990-02-06,6.08,per_usd
1990-02-07,6.06,per_usd
1990-02-08,6.125,per_usd
1990-02-09,6.1385,per_usd
1990-02-12,6.123,per_usd
1990-02-13,6.14,per_usd
1990-02-14,6.13,per_usd
1990-02-15,6.14,per_usd
1990-02-16,6.142,per_usd
1990-02-20,6.285,per_usd
1990-02-21,6.102,per_usd
1990-02-22,6.0935,per_usd
1990-02-23,6.089,per_usd
1990-02-26,6.1125,per_usd
1990-02-27,6.1115,per_usd
1990-02-28,6.1265,per_usd
1990-03-01,6.175,per_usd
1990-03-02,6.185,per_usd
1990-03-05,6.1575,per_usd
1990-03-06,6.155,per_usd
1990-03-07,6.188,per_usd
1990-03-08,6.17,per_usd
1990-03-09,6.175,per_usd
1990-03-12,6.195,per_usd
1990-03-13,6.21,per_usd
1990-03-14,6.196,per_usd
1990-03-15,6.1725,per_usd
1990-03-16,6.145,per_usd
1990-03-19,6.13,per_usd
1990-03-20,6.15,per_usd
1990-03-21,6.1775,per_usd
1990-03-22,6.174,per_usd
1990-03-23,6.17,per_usd
1990-03-26,6.1785,per_usd
1990-03-27,6.17,per_usd
1990-03-28,6.172,per_usd
1990-03-29,6.1425,per_usd
1990-03-30,6.114,per_usd
1990-04-02,6.157,per_usd
1990-04-03,6.14,per_usd
1990-04-04,6.146,per_usd
1990-04-05,6.145,per_usd
1990-04-06,6.1345,per_usd
1990-04-09,6.128,per_usd
1990-04-10,6.118,per_usd
1990-04-11,6.0915,per_usd
1990-04-12,6.105,per_usd
1990-04-13,6.1,per_usd
1990-04-16,6.108,per_usd
1990-04-17,6.103,per_usd
1990-04-18,6.085,per_usd
1990-04-19,6.083,per_usd
1990-04-20,6.1225,per_usd
1990-04-23,6.136,per_usd
1990-04-24,6.133,per_usd
1990-04-25,6.108,per_usd
1990-04-26,6.1065,per_usd
1990-04-27,6.0885,per_usd
1990-04-30,6.098,per_usd
1990-05-01,6.105,per_usd
1990-05-02,6.0975,per_usd
1990-05-03,6.097,per_usd
1990-05-04,6.08,per_usd
1990-05-07,6.048,per_usd
1990-05-08,6.045,per_usd
1990-05-09,6.004,per_usd
1990-05-10,6.019,per_usd
1990-05-11,5.9915,per_usd
1990-05-14,6.0135,per_usd
1990-05-15,6.0185,per_usd
1990-05-16,6.014,per_usd
1990-05-17,6.0215,per_usd
1990-05-18,6.02,per_usd
1990-05-21,6.059,per_usd
1990-05-22,6.0735,per_usd
1990-05-23,6.0725,per_usd
1990-05-24,6.08,per_usd
1990-05-25,6.0955,per_usd
1990-05-29,6.065,per_usd
1990-05-30,6.0785,per_usd
1990-05-31,6.133,per_usd
1990-06-01,6.113,per_usd
1990-06-04,6.123,per_usd
1990-06-05,6.109,per_usd
1990-06-06,6.1015,per_usd
1990-06-07,6.1135,per_usd
1990-06-08,6.137,per_usd
1990-06-11,6.13,per_usd
1990-06-12,6.118,per_usd
1990-06-13,6.1085,per_usd
1990-06-14,6.109,per_usd
1990-06-15,6.128,per_usd
1990-06-18,6.0825,per_usd
1990-06-19,6.057,per_usd
1990-06-20,6.077,per_usd
1990-06-21,6.079,per_usd
1990-06-22,6.061,per_usd
1990-06-25,6.073,per_usd
1990-06-26,6.0475,per_usd
1990-06-27,6.0335,per_usd
1990-06-28,6.044,per_usd
1990-06-29,6.0375,per_usd
1990-07-02,6.01,per_usd
1990-07-03,5.997,per_usd
1990-07-05,5.9905,per_usd
1990-07-06,5.998,per_usd
1990-07-09,5.9675,per_usd
1990-07-10,5.962,per_usd
1990-07-11,5.981,per_usd
1990-07-12,6.002,per_usd
1990-07-13,5.969,per_usd
1990-07-16,5.979,per_usd
1990-07-17,5.966,per_usd
1990-07-18,5.952,per_usd
1990-07-19,5.959,per_usd
1990-07-20,5.953,per_usd
1990-07-23,5.9165,per_usd
1990-07-24,5.8975,per_usd
1990-07-25,5.9025,per_usd
1990-07-26,5.9125,per_usd
1990-07-27,5.89,per_usd
1990-07-30,5.87,per_usd
1990-07-31,5.813,per_usd
1990-08-01,5.8285,per_usd
1990-08-02,5.839,per_usd
1990-08-03,5.8355,per_usd
1990-08-06,5.797,per_usd
1990-08-07,5.806,per_usd
1990-08-08,5.845,per_usd
1990-08-09,5.838,per_usd
1990-08-10,5.825,per_usd
1990-08-13,5.788,per_usd
1990-08-14,5.769,per_usd
1990-08-15,5.759,per_usd
1990-08-16,5.7555,per_usd
1990-08-17,5.725,per_usd
1990-08-20,5.749,per_usd
1990-08-21,5.745,per_usd
1990-08-22,5.745,per_usd
1990-08-23,5.721,per_usd
1990-08-24,5.75,per_usd
1990-08-27,5.7115,per_usd
1990-08-28,5.7205,per_usd
1990-08-29,5.733,per_usd
1990-08-30,5.7605,per_usd
1990-08-31,5.789,per_usd
1990-09-04,5.8125,per_usd
1990-09-05,5.7545,per_usd
1990-09-06,5.735,per_usd
1990-09-07,5.754,per_usd
1990-09-10,5.7925,per_usd
1990-09-11,5.825,per_usd
1990-09-12,5.8,per_usd
1990-09-13,5.76,per_usd
1990-09-14,5.737,per_usd
1990-09-17,5.72,per_usd
1990-09-18,5.698,per_usd
1990-09-19,5.7595,per_usd
1990-09-20,5.788,per_usd
1990-09-21,5.785,per_usd
1990-09-24,5.748,per_usd
1990-09-25,5.76,per_usd
1990-09-26,5.78,per_usd
1990-09-27,5.788,per_usd
1990-09-28,5.763,per_usd
1990-10-01,5.7265,per_usd
1990-10-02,5.738,per_usd
1990-10-03,5.708,per_usd
1990-10-04,5.6755,per_usd
1990-10-05,5.6775,per_usd
1990-10-09,5.627,per_usd
1990-10-10,5.642,per_usd
1990-10-11,5.653,per_usd
1990-10-12,5.632,per_usd
1990-10-15,5.6425,per_usd
1990-10-16,5.6215,per_usd
1990-10-17,5.6165,per_usd
1990-10-18,5.6115,per_usd
1990-10-19,5.5755,per_usd
1990-10-22,5.608,per_usd
1990-10-23,5.6195,per_usd
1990-10-24,5.597,per_usd
1990-10-25,5.605,per_usd
1990-10-26,5.62,per_usd
1990-10-29,5.63,per_usd
1990-10-30,5.637,per_usd
1990-10-31,5.641,per_usd
1990-11-01,5.62,per_usd
1990-11-02,5.6,per_usd
1990-11-05,5.5525,per_usd
1990-11-06,5.544,per_usd
1990-11-07,5.5345,per_usd
1990-11-08,5.5635,per_usd
1990-11-09,5.567,per_usd
1990-11-13,5.548,per_usd
1990-11-14,5.543,per_usd
1990-11-15,5.55,per_usd
1990-11-16,5.538,per_usd
1990-11-19,5.5385,per_usd
1990-11-20,5.5465,per_usd
1990-11-21,5.555,per_usd
1990-11-23,5.5625,per_usd
1990-11-26,5.5785,per_usd
1990-11-27,5.545,per_usd
1990-11-28,5.5635,per_usd
1990-11-29,5.597,per_usd
1990-11-30,5.6185,per_usd
1990-12-03,5.662,per_usd
1990-12-04,5.6385,per_usd
1990-12-05,5.6475,per_usd
1990-12-06,5.6035,per_usd
1990-12-07,5.5675,per_usd
1990-12-10,5.5575,per_usd
1990-12-11,5.582,per_usd
1990-12-12,5.577,per_usd
1990-12-13,5.578,per_usd
1990-12-14,5.588,per_usd
1990-12-17,5.6075,per_usd
1990-12-18,5.603,per_usd
1990-12-19,5.5885,per_usd
1990-12-20,5.6495,per_usd
1990-12-21,5.724,per_usd
1990-12-24,5.777,per_usd
1990-12-26,5.7265,per_usd
1990-12-27,5.733,per_usd
1990-12-28,5.632,per_usd
1990-12-31,5.6335,per_usd
1991-01-02,5.6025,per_usd
1991-01-03,5.604,per_usd
1991-01-04,5.6395,per_usd
1991-01-07,5.72,per_usd
1991-01-08,5.7115,per_usd
1991-01-09,5.6525,per_usd
1991-01-10,5.7085,per_usd
1991-01-11,5.7,per_usd
1991-01-14,5.7325,per_usd
1991-01-15,5.7395,per_usd
1991-01-16,5.738,per_usd
1991-01-17,5.6515,per_usd
1991-01-18,5.6175,per_usd
1991-01-22,5.586,per_usd
1991-01-23,5.568,per_usd
1991-01-24,5.561,per_usd
1991-01-25,5.577,per_usd
1991-01-28,5.562,per_usd
1991-01-29,5.556,per_usd
1991-01-30,5.5645,per_usd
1991-01-31,5.533,per_usd
1991-02-01,5.504,per_usd
1991-02-04,5.486,per_usd
1991-02-05,5.4855,per_usd
1991-02-06,5.4565,per_usd
1991-02-07,5.45,per_usd
1991-02-08,5.469,per_usd
1991-02-11,5.442,per_usd
1991-02-12,5.4665,per_usd
1991-02-13,5.7555,per_usd
1991-02-14,5.497,per_usd
1991-02-15,5.5225,per_usd
1991-02-19,5.5745,per_usd
1991-02-20,5.5785,per_usd
1991-02-21,5.5625,per_usd
1991-02-22,5.5995,per_usd
1991-02-25,5.6525,per_usd
1991-02-26,5.6515,per_usd
1991-02-27,5.6565,per_usd
1991-02-28,5.67,per_usd
1991-03-01,5.7015,per_usd
1991-03-04,5.704,per_usd
1991-03-05,5.6955,per_usd
1991-03-06,5.712,per_usd
1991-03-07,5.737,per_usd
1991-03-08,5.774,per_usd
1991-03-11,5.8265,per_usd
1991-03-12,5.806,per_usd
1991-03-13,5.8155,per_usd
1991-03-14,5.821,per_usd
1991-03-15,5.8765,per_usd
1991-03-18,5.971,per_usd
1991-03-19,6.033,per_usd
1991-03-20,6.002,per_usd
1991-03-21,5.975,per_usd
1991-03-22,5.995,per_usd
1991-03-25,6.069,per_usd
1991-03-26,6.113,per_usd
1991-03-27,6.15,per_usd
1991-03-28,6.1625,per_usd
1991-03-29,6.13,per_usd
1991-04-01,6.096,per_usd
1991-04-02,6.0715,per_usd
1991-04-03,6.051,per_usd
1991-04-04,6.0235,per_usd
1991-04-05,6.06,per_usd
1991-04-08,6.0825,per_usd
1991-04-09,6.036,per_usd
1991-04-10,6.05,per_usd
1991-04-11,6.032,per_usd
1991-04-12,6.068,per_usd
1991-04-15,6.0325,per_usd
1991-04-16,6.017,per_usd
1991-04-17,6.027,per_usd
1991-04-18,6.071,per_usd
1991-04-19,6.19,per_usd
1991-04-22,6.2765,per_usd
1991-04-23,6.212,per_usd
1991-04-24,6.241,per_usd
1991-04-25,6.2165,per_usd
1991-04-26,6.245,per_usd
1991-04-29,6.272,per_usd
1991-04-30,6.148,per_usd
1991-05-01,6.128,per_usd
1991-05-02,6.158,per_usd
1991-05-03,6.229,per_usd
1991-05-06,6.1995,per_usd
1991-05-07,6.15,per_usd
1991-05-08,6.183,per_usd
1991-05-09,6.2,per_usd
1991-05-10,6.17,per_usd
1991-05-13,6.1375,per_usd
1991-05-14,6.1055,per_usd
1991-05-15,6.086,per_usd
1991-05-16,6.1,per_usd
1991-05-17,6.2025,per_usd
1991-05-20,6.2055,per_usd
1991-05-21,6.14,per_usd
1991-05-22,6.178,per_usd
1991-05-23,6.1455,per_usd
1991-05-24,6.128,per_usd
1991-05-28,6.096,per_usd
1991-05-29,6.1275,per_usd
1991-05-30,6.165,per_usd
1991-05-31,6.2375,per_usd
1991-06-03,6.261,per_usd
1991-06-04,6.247,per_usd
1991-06-05,6.2865,per_usd
1991-06-06,6.2985,per_usd
1991-06-07,6.3595,per_usd
1991-06-10,6.364,per_usd
1991-06-11,6.365,per_usd
1991-06-12,6.442,per_usd
1991-06-13,6.472,per_usd
1991-06-14,6.44,per_usd
1991-06-17,6.4995,per_usd
1991-06-18,6.551,per_usd
1991-06-19,6.472,per_usd
1991-06-20,6.503,per_usd
1991-06-21,6.502,per_usd
1991-06-24,6.46,per_usd
1991-06-25,6.501,per_usd
1991-06-26,6.457,per_usd
1991-06-27,6.498,per_usd
1991-06-28,6.4915,per_usd
1991-07-01,6.574,per_usd
1991-07-02,6.625,per_usd
1991-07-03,6.62,per_usd
1991-07-05,6.6065,per_usd
1991-07-08,6.5535,per_usd
1991-07-09,6.575,per_usd
1991-07-10,6.559,per_usd
1991-07-11,6.628,per_usd
1991-07-12,6.4775,per_usd
1991-07-15,6.478,per_usd
1991-07-16,6.501,per_usd
1991-07-17,6.483,per_usd
1991-07-18,6.4095,per_usd
1991-07-19,6.328,per_usd
1991-07-22,6.366,per_usd
1991-07-23,6.3605,per_usd
1991-07-24,6.289,per_usd
1991-07-25,6.3495,per_usd
1991-07-26,6.3065,per_usd
1991-07-29,6.359,per_usd
1991-07-30,6.3555,per_usd
1991-07-31,6.336,per_usd
1991-08-01,6.377,per_usd
1991-08-02,6.29,per_usd
1991-08-05,6.2485,per_usd
1991-08-06,6.222,per_usd
1991-08-07,6.2165,per_usd
1991-08-08,6.269,per_usd
1991-08-09,6.2795,per_usd
1991-08-12,6.273,per_usd
1991-08-13,6.2945,per_usd
1991-08-14,6.306,per_usd
1991-08-15,6.3025,per_usd
1991-08-16,6.403,per_usd
1991-08-19,6.58,per_usd
1991-08-20,6.54,per_usd
1991-08-21,6.358,per_usd
1991-08-22,6.267,per_usd
1991-08-23,6.3625,per_usd
1991-08-26,6.3525,per_usd
1991-08-27,6.3405,per_usd
1991-08-28,6.318,per_usd
1991-08-29,6.3395,per_usd
1991-08-30,6.344,per_usd
1991-09-03,6.313,per_usd
1991-09-04,6.3035,per_usd
1991-09-05,6.3135,per_usd
1991-09-06,6.29,per_usd
1991-09-09,6.162,per_usd
1991-09-10,6.1575,per_usd
1991-09-11,6.1765,per_usd
1991-09-12,6.141,per_usd
1991-09-13,6.132,per_usd
1991-09-16,6.101,per_usd
1991-09-17,6.0925,per_usd
1991-09-18,6.128,per_usd
1991-09-19,6.159,per_usd
1991-09-20,6.15,per_usd
1991-09-23,6.099,per_usd
1991-09-24,6.11,per_usd
1991-09-25,6.144,per_usd
1991-09-26,6.141,per_usd
1991-09-27,6.121,per_usd
1991-09-30,6.0685,per_usd
1991-10-01,6.0775,per_usd
1991-10-02,6.0615,per_usd
1991-10-03,6.0675,per_usd
1991-10-04,6.109,per_usd
1991-10-07,6.124,per_usd
1991-10-08,6.1775,per_usd
1991-10-09,6.175,per_usd
1991-10-10,6.1775,per_usd
1991-10-11,6.173,per_usd
1991-10-15,6.2335,per_usd
1991-10-16,6.2005,per_usd
1991-10-17,6.205,per_usd
1991-10-18,6.1605,per_usd
1991-10-21,6.157,per_usd
1991-10-22,6.1745,per_usd
1991-10-23,6.2085,per_usd
1991-10-24,6.191,per_usd
1991-10-25,6.196,per_usd
1991-10-28,6.2245,per_usd
1991-10-29,6.159,per_usd
1991-10-30,6.0835,per_usd
1991-10-31,6.0775,per_usd
1991-11-01,6.057,per_usd
1991-11-04,5.952,per_usd
1991-11-05,5.994,per_usd
1991-11-06,5.985,per_usd
1991-11-07,5.9555,per_usd
1991-11-08,5.9975,per_usd
1991-11-12,5.981,per_usd
1991-11-13,5.986,per_usd
1991-11-14,5.965,per_usd
1991-11-15,5.993,per_usd
1991-11-18,5.8765,per_usd
1991-11-19,5.8445,per_usd
1991-11-20,5.858,per_usd
1991-11-21,5.837,per_usd
1991-11-22,5.8065,per_usd
1991-11-25,5.8015,per_usd
1991-11-26,5.8,per_usd
1991-11-27,5.9205,per_usd
1991-11-29,5.9565,per_usd
1991-12-02,5.898,per_usd
1991-12-03,5.9085,per_usd
1991-12-04,5.92,per_usd
1991-12-05,5.824,per_usd
1991-12-06,5.761,per_usd
1991-12-09,5.764,per_usd
1991-12-10,5.784,per_usd
1991-12-11,5.769,per_usd
1991-12-12,5.7715,per_usd
1991-12-13,5.778,per_usd
1991-12-16,5.7655,per_usd
1991-12-17,5.743,per_usd
1991-12-18,5.7335,per_usd
1991-12-19,5.704,per_usd
1991-12-20,5.61,per_usd
1991-12-23,5.538,per_usd
1991-12-24,5.572,per_usd
1991-12-26,5.525,per_usd
1991-12-27,5.553,per_usd
1991-12-30,5.554,per_usd
1991-12-31,5.555,per_usd
1992-01-02,5.578,per_usd
1992-01-03,5.639,per_usd
1992-01-06,5.54,per_usd
1992-01-07,5.55,per_usd
1992-01-08,5.531,per_usd
1992-01-09,5.629,per_usd
1992-01-10,5.765,per_usd
1992-01-13,5.74,per_usd
1992-01-14,5.7685,per_usd
1992-01-15,5.9,per_usd
1992-01-16,5.8955,per_usd
1992-01-17,5.85,per_usd
1992-01-21,5.759,per_usd
1992-01-22,5.774,per_usd
1992-01-23,5.8,per_usd
1992-01-24,5.7715,per_usd
1992-01-27,5.868,per_usd
1992-01-28,5.808,per_usd
1992-01-29,5.781,per_usd
1992-01-30,5.882,per_usd
1992-01-31,5.838,per_usd
1992-02-03,5.812,per_usd
1992-02-04,5.7885,per_usd
1992-02-05,5.781,per_usd
1992-02-06,5.741,per_usd
1992-02-07,5.6775,per_usd
1992-02-10,5.7105,per_usd
1992-02-11,5.787,per_usd
1992-02-12,5.839,per_usd
1992-02-13,5.8865,per_usd
1992-02-14,5.906,per_usd
1992-02-18,5.9785,per_usd
1992-02-19,5.9785,per_usd
1992-02-20,5.978,per_usd
1992-02-21,5.9855,per_usd
1992-02-24,5.975,per_usd
1992-02-25,5.945,per_usd
1992-02-26,5.983,per_usd
1992-02-27,5.961,per_usd
1992-02-28,5.9375,per_usd
1992-03-02,5.955,per_usd
1992-03-03,6.0015,per_usd
1992-03-04,6.052,per_usd
1992-03-05,6.055,per_usd
1992-03-06,6.0485,per_usd
1992-03-09,6.0345,per_usd
1992-03-10,6.061,per_usd
1992-03-11,6.032,per_usd
1992-03-12,6.067,per_usd
1992-03-13,6.043,per_usd
1992-03-16,6.0385,per_usd
1992-03-17,5.999,per_usd
1992-03-18,5.985,per_usd
1992-03-19,6.067,per_usd
1992-03-20,6.084,per_usd
1992-03-23,6.057,per_usd
1992-03-24,6.041,per_usd
1992-03-25,5.993,per_usd
1992-03-26,6.03,per_usd
1992-03-27,5.974,per_usd
1992-03-30,5.985,per_usd
1992-03-31,5.976,per_usd
1992-04-01,5.993,per_usd
1992-04-02,5.976,per_usd
1992-04-03,5.9,per_usd
1992-04-06,5.886,per_usd
1992-04-07,5.9,per_usd
1992-04-08,5.905,per_usd
1992-04-09,5.875,per_usd
1992-04-10,5.932,per_usd
1992-04-13,5.974,per_usd
1992-04-14,5.945,per_usd
1992-04-15,5.993,per_usd
1992-04-16,6.023,per_usd
1992-04-17,6.032,per_usd
1992-04-20,6.051,per_usd
1992-04-21,6.03,per_usd
1992-04-22,6.004,per_usd
1992-04-23,6.004,per_usd
1992-04-24,5.966,per_usd
1992-04-27,5.961,per_usd
1992-04-28,5.972,per_usd
1992-04-29,5.98,per_usd
1992-04-30,5.966,per_usd
1992-05-01,5.9225,per_usd
1992-05-04,5.927,per_usd
1992-05-05,5.918,per_usd
1992-05-06,5.873,per_usd
1992-05-07,5.897,per_usd
1992-05-08,5.939,per_usd
1992-05-11,5.912,per_usd
1992-05-12,5.846,per_usd
1992-05-13,5.838,per_usd
1992-05-14,5.812,per_usd
1992-05-15,5.818,per_usd
1992-05-18,5.7475,per_usd
1992-05-19,5.732,per_usd
1992-05-20,5.7695,per_usd
1992-05-21,5.8155,per_usd
1992-05-22,5.8315,per_usd
1992-05-26,5.796,per_usd
1992-05-27,5.881,per_usd
1992-05-28,5.86,per_usd
1992-05-29,5.7875,per_usd
1992-06-01,5.801,per_usd
1992-06-02,5.7935,per_usd
1992-06-03,5.7955,per_usd
1992-06-04,5.775,per_usd
1992-06-05,5.734,per_usd
1992-06-08,5.7425,per_usd
1992-06-09,5.747,per_usd
1992-06-10,5.753,per_usd
1992-06-11,5.704,per_usd
1992-06-12,5.6995,per_usd
1992-06-15,5.675,per_usd
1992-06-16,5.666,per_usd
1992-06-17,5.6945,per_usd
1992-06-18,5.6565,per_usd
1992-06-19,5.6745,per_usd
1992-06-22,5.657,per_usd
1992-06-23,5.655,per_usd
1992-06-24,5.6065,per_usd
1992-06-25,5.5715,per_usd
1992-06-26,5.556,per_usd
1992-06-29,5.48,per_usd
1992-06-30,5.5045,per_usd
1992-07-01,5.484,per_usd
1992-07-02,5.471,per_usd
1992-07-03,5.482,per_usd
1992-07-06,5.465,per_usd
1992-07-07,5.4255,per_usd
1992-07-08,5.415,per_usd
1992-07-09,5.492,per_usd
1992-07-10,5.432,per_usd
1992-07-13,5.365,per_usd
1992-07-14,5.425,per_usd
1992-07-15,5.3675,per_usd
1992-07-16,5.3585,per_usd
1992-07-17,5.2945,per_usd
1992-07-20,5.388,per_usd
1992-07-21,5.4125,per_usd
1992-07-22,5.415,per_usd
1992-07-23,5.387,per_usd
1992-07-24,5.444,per_usd
1992-07-27,5.3845,per_usd
1992-07-28,5.3495,per_usd
1992-07-29,5.3835,per_usd
1992-07-30,5.3765,per_usd
1992-07-31,5.3755,per_usd
1992-08-03,5.364,per_usd
1992-08-04,5.357,per_usd
1992-08-05,5.3665,per_usd
1992-08-06,5.382,per_usd
1992-08-07,5.325,per_usd
1992-08-10,5.3335,per_usd
1992-08-11,5.3455,per_usd
1992-08-12,5.326,per_usd
1992-08-13,5.31,per_usd
1992-08-14,5.346,per_usd
1992-08-17,5.3255,per_usd
1992-08-18,5.317,per_usd
1992-08-19,5.3,per_usd
1992-08-20,5.283,per_usd
1992-08-21,5.2465,per_usd
1992-08-24,5.1335,per_usd
1992-08-25,5.1315,per_usd
1992-08-26,5.141,per_usd
1992-08-27,5.1525,per_usd
1992-08-28,5.153,per_usd
1992-08-31,5.126,per_usd
1992-09-01,5.1035,per_usd
1992-09-02,5.0885,per_usd
1992-09-03,5.1605,per_usd
1992-09-04,5.1385,per_usd
1992-09-08,5.094,per_usd
1992-09-09,5.149,per_usd
1992-09-10,5.1615,per_usd
1992-09-11,5.304,per_usd
1992-09-14,5.4415,per_usd
1992-09-15,5.47,per_usd
1992-09-16,5.556,per_usd
1992-09-17,5.459,per_usd
1992-09-18,5.6535,per_usd
1992-09-21,5.55,per_usd
1992-09-22,5.602,per_usd
1992-09-23,5.606,per_usd
1992-09-24,5.565,per_usd
1992-09-25,5.55,per_usd
1992-09-28,5.442,per_usd
1992-09-29,5.34,per_usd
1992-09-30,5.304,per_usd
1992-10-01,5.3515,per_usd
1992-10-02,5.3218,per_usd
1992-10-05,5.36,per_usd
1992-10-06,5.426,per_usd
1992-10-07,5.448,per_usd
1992-10-08,5.542,per_usd
1992-10-09,5.583,per_usd
1992-10-13,5.563,per_usd
1992-10-14,5.503,per_usd
1992-10-15,5.479,per_usd
1992-10-16,5.576,per_usd
1992-10-19,5.596,per_usd
1992-10-20,5.72,per_usd
1992-10-21,5.6925,per_usd
1992-10-22,5.695,per_usd
1992-10-23,5.77,per_usd
1992-10-26,5.7925,per_usd
1992-10-27,5.791,per_usd
1992-10-28,5.7975,per_usd
1992-10-29,5.7975,per_usd
1992-10-30,5.807,per_usd
1992-11-02,5.905,per_usd
1992-11-03,5.8835,per_usd
1992-11-04,5.902,per_usd
1992-11-05,5.936,per_usd
1992-11-06,5.984,per_usd
1992-11-09,5.9705,per_usd
1992-11-10,6.016,per_usd
1992-11-12,5.99,per_usd
1992-11-13,5.898,per_usd
1992-11-16,5.988,per_usd
1992-11-17,6.0275,per_usd
1992-11-18,6.15,per_usd
1992-11-19,6.56,per_usd
1992-11-20,6.73,per_usd
1992-11-23,6.73,per_usd
1992-11-24,6.75,per_usd
1992-11-25,6.73,per_usd
1992-11-27,6.81,per_usd
1992-11-30,6.843,per_usd
1992-12-01,6.8,per_usd
1992-12-02,6.7795,per_usd
1992-12-03,6.802,per_usd
1992-12-04,6.826,per_usd
1992-12-07,6.718,per_usd
1992-12-08,6.675,per_usd
1992-12-09,6.7725,per_usd
1992-12-10,6.795,per_usd
1992-12-11,6.769,per_usd
1992-12-14,6.76,per_usd
1992-12-15,6.768,per_usd
1992-12-16,6.81,per_usd
1992-12-17,6.9475,per_usd
1992-12-18,6.94,per_usd
1992-12-21,6.933,per_usd
1992-12-22,7.009,per_usd
1992-12-23,7.063,per_usd
1992-12-24,7.085,per_usd
1992-12-28,7.115,per_usd
1992-12-29,7.0835,per_usd
1992-12-30,7.0565,per_usd
1992-12-31,7.079,per_usd
1993-01-04,7.184,per_usd
1993-01-05,7.23,per_usd
1993-01-06,7.258,per_usd
1993-01-07,7.3675,per_usd
1993-01-08,7.4175,per_usd
1993-01-11,7.3825,per_usd
1993-01-12,7.46,per_usd
1993-01-13,7.45,per_usd
1993-01-14,7.23,per_usd
1993-01-15,7.29,per_usd
1993-01-19,7.21,per_usd
1993-01-20,7.17,per_usd
1993-01-21,7.24,per_usd
1993-01-22,7.168,per_usd
1993-01-25,7.064,per_usd
1993-01-26,7.0855,per_usd
1993-01-27,7.109,per_usd
1993-01-28,7.203,per_usd
1993-01-29,7.3,per_usd
1993-02-01,7.47,per_usd
1993-02-02,7.447,per_usd
1993-02-03,7.54,per_usd
1993-02-04,7.48,per_usd
1993-02-05,7.45,per_usd
1993-02-08,7.46,per_usd
1993-02-09,7.424,per_usd
1993-02-10,7.478,per_usd
1993-02-11,7.465,per_usd
1993-02-12,7.52,per_usd
1993-02-16,7.4435,per_usd
1993-02-17,7.454,per_usd
1993-02-18,7.566,per_usd
1993-02-19,7.59,per_usd
1993-02-22,7.59,per_usd
1993-02-23,7.6975,per_usd
1993-02-24,7.84,per_usd
1993-02-25,7.847,per_usd
1993-02-26,7.8125,per_usd
1993-03-01,7.765,per_usd
1993-03-02,7.721,per_usd
1993-03-03,7.71,per_usd
1993-03-04,7.665,per_usd
1993-03-05,7.745,per_usd
1993-03-08,7.6125,per_usd
1993-03-09,7.631,per_usd
1993-03-10,7.609,per_usd
1993-03-11,7.781,per_usd
1993-03-12,7.8005,per_usd
1993-03-15,7.843,per_usd
1993-03-16,7.8,per_usd
1993-03-17,7.819,per_usd
1993-03-18,7.784,per_usd
1993-03-19,7.706,per_usd
1993-03-22,7.7325,per_usd
1993-03-23,7.7385,per_usd
1993-03-24,7.7565,per_usd
1993-03-25,7.824,per_usd
1993-03-26,7.714,per_usd
1993-03-29,7.7495,per_usd
1993-03-30,7.697,per_usd
1993-03-31,7.7275,per_usd
1993-04-01,7.606,per_usd
1993-04-02,7.6215,per_usd
1993-04-05,7.567,per_usd
1993-04-06,7.637,per_usd
1993-04-07,7.665,per_usd
1993-04-08,7.61,per_usd
1993-04-09,7.6,per_usd
1993-04-12,7.5375,per_usd
1993-04-13,7.4415,per_usd
1993-04-14,7.4055,per_usd
1993-04-15,7.466,per_usd
1993-04-16,7.5275,per_usd
1993-04-19,7.404,per_usd
1993-04-20,7.39,per_usd
1993-04-21,7.4275,per_usd
1993-04-22,7.41,per_usd
1993-04-23,7.2725,per_usd
1993-04-26,7.183,per_usd
1993-04-27,7.2475,per_usd
1993-04-28,7.2575,per_usd
1993-04-29,7.2975,per_usd
1993-04-30,7.325,per_usd
1993-05-03,7.335,per_usd
1993-05-04,7.3075,per_usd
1993-05-05,7.3,per_usd
1993-05-06,7.275,per_usd
1993-05-07,7.305,per_usd
1993-05-10,7.4,per_usd
1993-05-11,7.4275,per_usd
1993-05-12,7.425,per_usd
1993-05-13,7.395,per_usd
1993-05-14,7.34,per_usd
1993-05-17,7.345,per_usd
1993-05-18,7.375,per_usd
1993-05-19,7.36,per_usd
1993-05-20,7.305,per_usd
1993-05-21,7.295,per_usd
1993-05-24,7.3015,per_usd
1993-05-25,7.28,per_usd
1993-05-26,7.337,per_usd
1993-05-27,7.26,per_usd
1993-05-28,7.174,per_usd
1993-06-01,7.2,per_usd
1993-06-02,7.19,per_usd
1993-06-03,7.2,per_usd
1993-06-04,7.311,per_usd
1993-06-07,7.2635,per_usd
1993-06-08,7.245,per_usd
1993-06-09,7.307,per_usd
1993-06-10,7.256,per_usd
1993-06-11,7.187,per_usd
1993-06-14,7.23,per_usd
1993-06-15,7.303,per_usd
1993-06-16,7.425,per_usd
1993-06-17,7.46,per_usd
1993-06-18,7.53,per_usd
1993-06-21,7.56,per_usd
1993-06-22,7.6025,per_usd
1993-06-23,7.71,per_usd
1993-06-24,7.815,per_usd
1993-06-25,7.818,per_usd
1993-06-28,7.8735,per_usd
1993-06-29,7.768,per_usd
1993-06-30,7.735,per_usd
1993-07-01,7.725,per_usd
1993-07-02,7.7045,per_usd
1993-07-06,7.7975,per_usd
1993-07-07,7.859,per_usd
1993-07-08,7.915,per_usd
1993-07-09,7.9775,per_usd
1993-07-12,8.0125,per_usd
1993-07-13,7.917,per_usd
1993-07-14,7.93,per_usd
1993-07-15,8.0205,per_usd
1993-07-16,8.026,per_usd
1993-07-19,7.9125,per_usd
1993-07-20,7.991,per_usd
1993-07-21,7.975,per_usd
1993-07-22,8.0755,per_usd
1993-07-23,8.075,per_usd
1993-07-26,8.0375,per_usd
1993-07-27,8.083,per_usd
1993-07-28,8.0725,per_usd
1993-07-29,8.2385,per_usd
1993-07-30,8.24,per_usd
1993-08-02,8.098,per_usd
1993-08-03,8.025,per_usd
1993-08-04,7.999,per_usd
1993-08-05,8.04,per_usd
1993-08-06,7.9575,per_usd
1993-08-09,7.915,per_usd
1993-08-10,7.998,per_usd
1993-08-11,8.0605,per_usd
1993-08-12,8.16,per_usd
1993-08-13,8.18,per_usd
1993-08-16,8.045,per_usd
1993-08-17,8.049,per_usd
1993-08-18,7.9025,per_usd
1993-08-19,7.97,per_usd
1993-08-20,7.98,per_usd
1993-08-23,8.09,per_usd
1993-08-24,8.0475,per_usd
1993-08-25,8.0625,per_usd
1993-08-26,8.07,per_usd
1993-08-27,8.085,per_usd
1993-08-30,8.115,per_usd
1993-08-31,8.175,per_usd
1993-09-01,8.18,per_usd
1993-09-02,8.195,per_usd
1993-09-03,8.01,per_usd
1993-09-07,7.917,per_usd
1993-09-08,7.985,per_usd
1993-09-09,7.887,per_usd
1993-09-10,7.86,per_usd
1993-09-13,7.8525,per_usd
1993-09-14,7.9025,per_usd
1993-09-15,7.878,per_usd
1993-09-16,7.9425,per_usd
1993-09-17,7.9826,per_usd
1993-09-20,8.0675,per_usd
1993-09-21,8.2295,per_usd
1993-09-22,8.14,per_usd
1993-09-23,8.0625,per_usd
1993-09-24,8.0775,per_usd
1993-09-27,8.025,per_usd
1993-09-28,8.0375,per_usd
1993-09-29,8.045,per_usd
1993-09-30,8.08,per_usd
1993-10-01,8.104,per_usd
1993-10-04,8.0825,per_usd
1993-10-05,8.085,per_usd
1993-10-06,8.05,per_usd
1993-10-07,8.05,per_usd
1993-10-08,7.9825,per_usd
1993-10-12,7.905,per_usd
1993-10-13,7.92,per_usd
1993-10-14,7.934,per_usd
1993-10-15,7.872,per_usd
1993-10-18,7.8825,per_usd
1993-10-19,7.904,per_usd
1993-10-20,7.9355,per_usd
1993-10-21,7.999,per_usd
1993-10-22,8.052,per_usd
1993-10-25,8.081,per_usd
1993-10-26,8.1035,per_usd
1993-10-27,8.1345,per_usd
1993-10-28,8.169,per_usd
1993-10-29,8.144,per_usd
1993-11-01,8.1965,per_usd
1993-11-02,8.1775,per_usd
1993-11-03,8.17,per_usd
1993-11-04,8.189,per_usd
1993-11-05,8.104,per_usd
1993-11-08,8.133,per_usd
1993-11-09,8.186,per_usd
1993-11-10,8.2265,per_usd
1993-11-12,8.2185,per_usd
1993-11-15,8.2025,per_usd
1993-11-16,8.243,per_usd
1993-11-17,8.2475,per_usd
1993-11-18,8.2855,per_usd
1993-11-19,8.34,per_usd
1993-11-22,8.3225,per_usd
1993-11-23,8.37,per_usd
1993-11-24,8.3765,per_usd
1993-11-26,8.408,per_usd
1993-11-29,8.4435,per_usd
1993-11-30,8.481,per_usd
1993-12-01,8.4835,per_usd
1993-12-02,8.4685,per_usd
1993-12-03,8.422,per_usd
1993-12-06,8.3215,per_usd
1993-12-07,8.34,per_usd
1993-12-08,8.313,per_usd
1993-12-09,8.315,per_usd
1993-12-10,8.35,per_usd
1993-12-13,8.415,per_usd
1993-12-14,8.455,per_usd
1993-12-15,8.4475,per_usd
1993-12-16,8.396,per_usd
1993-12-17,8.392,per_usd
1993-12-20,8.422,per_usd
1993-12-21,8.368,per_usd
1993-12-22,8.26,per_usd
1993-12-23,8.2025,per_usd
1993-12-24,8.2126,per_usd
1993-12-27,8.282,per_usd
1993-12-28,8.239,per_usd
1993-12-29,8.2795,per_usd
1993-12-30,8.328,per_usd
1993-12-31,8.34,per_usd
1994-01-03,8.384,per_usd
1994-01-04,8.246,per_usd
1994-01-05,8.212,per_usd
1994-01-06,8.2115,per_usd
1994-01-07,8.152,per_usd
1994-01-10,8.163,per_usd
1994-01-11,8.19,per_usd
1994-01-12,8.158,per_usd
1994-01-13,8.171,per_usd
1994-01-14,8.1935,per_usd
1994-01-18,8.0965,per_usd
1994-01-19,8.1325,per_usd
1994-01-20,8.097,per_usd
1994-01-21,8.07,per_usd
1994-01-24,8.08,per_usd
1994-01-25,8.026,per_usd
1994-01-26,7.973,per_usd
1994-01-27,7.975,per_usd
1994-01-28,7.936,per_usd
1994-01-31,7.902,per_usd
1994-02-01,7.8775,per_usd
1994-02-02,7.9255,per_usd
1994-02-03,7.892,per_usd
1994-02-04,7.9105,per_usd
1994-02-07,7.983,per_usd
1994-02-08,8.035,per_usd
1994-02-09,8.0295,per_usd
1994-02-10,8.089,per_usd
1994-02-11,8.081,per_usd
1994-02-14,8.0625,per_usd
1994-02-15,8.037,per_usd
1994-02-16,8.048,per_usd
1994-02-17,7.996,per_usd
1994-02-18,7.923,per_usd
1994-02-22,7.9295,per_usd
1994-02-23,7.951,per_usd
1994-02-24,7.9785,per_usd
1994-02-25,8.0265,per_usd
1994-02-28,7.9755,per_usd
1994-03-01,8.0405,per_usd
1994-03-02,8.026,per_usd
1994-03-03,7.986,per_usd
1994-03-04,8.022,per_usd
1994-03-07,8.001,per_usd
1994-03-08,8.0145,per_usd
1994-03-09,8.011,per_usd
1994-03-10,7.915,per_usd
1994-03-11,7.835,per_usd
1994-03-14,7.879,per_usd
1994-03-15,7.8735,per_usd
1994-03-16,7.854,per_usd
1994-03-17,7.834,per_usd
1994-03-18,7.851,per_usd
1994-03-21,7.898,per_usd
1994-03-22,7.874,per_usd
1994-03-23,7.877,per_usd
1994-03-24,7.864,per_usd
1994-03-25,7.901,per_usd
1994-03-28,7.8935,per_usd
1994-03-29,7.913,per_usd
1994-03-30,7.872,per_usd
1994-03-31,7.823,per_usd
1994-04-01,7.915,per_usd
1994-04-04,7.925,per_usd
1994-04-05,7.9965,per_usd
1994-04-06,7.9525,per_usd
1994-04-07,7.9145,per_usd
1994-04-08,7.892,per_usd
1994-04-11,7.889,per_usd
1994-04-12,7.91,per_usd
1994-04-13,7.9235,per_usd
1994-04-14,7.922,per_usd
1994-04-15,7.913,per_usd
1994-04-18,7.9205,per_usd
1994-04-19,7.9315,per_usd
1994-04-20,7.915,per_usd
1994-04-21,7.8865,per_usd
1994-04-22,7.891,per_usd
1994-04-25,7.858,per_usd
1994-04-26,7.842,per_usd
1994-04-27,7.7865,per_usd
1994-04-28,7.7445,per_usd
1994-04-29,7.6575,per_usd
1994-05-02,7.602,per_usd
1994-05-03,7.5965,per_usd
1994-05-04,7.694,per_usd
1994-05-05,7.719,per_usd
1994-05-06,7.6915,per_usd
1994-05-09,7.682,per_usd
1994-05-10,7.7535,per_usd
1994-05-11,7.757,per_usd
1994-05-12,7.7415,per_usd
1994-05-13,7.758,per_usd
1994-05-16,7.7905,per_usd
1994-05-17,7.744,per_usd
1994-05-18,7.6995,per_usd
1994-05-19,7.6935,per_usd
1994-05-20,7.676,per_usd
1994-05-23,7.68,per_usd
1994-05-24,7.7445,per_usd
1994-05-25,7.7835,per_usd
1994-05-26,7.746,per_usd
1994-05-27,7.718,per_usd
1994-05-31,7.8105,per_usd
1994-06-01,7.8798,per_usd
1994-06-02,7.8619,per_usd
1994-06-03,7.8976,per_usd
1994-06-06,7.8966,per_usd
1994-06-07,7.9318,per_usd
1994-06-08,7.945,per_usd
1994-06-09,7.958,per_usd
1994-06-10,7.9255,per_usd
1994-06-13,7.9075,per_usd
1994-06-14,7.8965,per_usd
1994-06-15,7.867,per_usd
1994-06-16,7.874,per_usd
1994-06-17,7.7615,per_usd
1994-06-20,7.722,per_usd
1994-06-21,7.674,per_usd
1994-06-22,7.707,per_usd
1994-06-23,7.69,per_usd
1994-06-24,7.6315,per_usd
1994-06-27,7.5915,per_usd
1994-06-28,7.6075,per_usd
1994-06-29,7.644,per_usd
1994-06-30,7.659,per_usd
1994-07-01,7.82,per_usd
1994-07-05,7.8365,per_usd
1994-07-06,7.844,per_usd
1994-07-07,7.8355,per_usd
1994-07-08,7.7535,per_usd
1994-07-11,7.622,per_usd
1994-07-12,7.516,per_usd
1994-07-13,7.5835,per_usd
1994-07-14,7.695,per_usd
1994-07-15,7.765,per_usd
1994-07-18,7.6975,per_usd
1994-07-19,7.736,per_usd
1994-07-20,7.7315,per_usd
1994-07-21,7.778,per_usd
1994-07-22,7.8495,per_usd
1994-07-25,7.8025,per_usd
1994-07-26,7.7775,per_usd
1994-07-27,7.7435,per_usd
1994-07-28,7.77,per_usd
1994-07-29,7.784,per_usd
1994-08-01,7.7736,per_usd
1994-08-02,7.738,per_usd
1994-08-03,7.71,per_usd
1994-08-04,7.738,per_usd
1994-08-05,7.74,per_usd
1994-08-08,7.737,per_usd
1994-08-09,7.786,per_usd
1994-08-10,7.7895,per_usd
1994-08-11,7.8745,per_usd
1994-08-12,7.8185,per_usd
1994-08-15,7.778,per_usd
1994-08-16,7.835,per_usd
1994-08-17,7.882,per_usd
1994-08-18,7.8105,per_usd
1994-08-19,7.723,per_usd
1994-08-22,7.5515,per_usd
1994-08-23,7.6175,per_usd
1994-08-24,7.6435,per_usd
1994-08-25,7.617,per_usd
1994-08-26,7.722,per_usd
1994-08-29,7.7345,per_usd
1994-08-30,7.723,per_usd
1994-08-31,7.723,per_usd
1994-09-01,7.693,per_usd
1994-09-02,7.6535,per_usd
1994-09-06,7.6385,per_usd
1994-09-07,7.607,per_usd
1994-09-08,7.6595,per_usd
1994-09-09,7.5525,per_usd
1994-09-12,7.4835,per_usd
1994-09-13,7.522,per_usd
1994-09-14,7.5355,per_usd
1994-09-15,7.4985,per_usd
1994-09-16,7.4127,per_usd
1994-09-19,7.4655,per_usd
1994-09-20,7.4775,per_usd
1994-09-21,7.4565,per_usd
1994-09-22,7.4534,per_usd
1994-09-23,7.467,per_usd
1994-09-26,7.485,per_usd
1994-09-27,7.465,per_usd
1994-09-28,7.473,per_usd
1994-09-29,7.486,per_usd
1994-09-30,7.4915,per_usd
1994-10-03,7.478,per_usd
1994-10-04,7.394,per_usd
1994-10-05,7.3945,per_usd
1994-10-06,7.362,per_usd
1994-10-07,7.3465,per_usd
1994-10-11,7.4165,per_usd
1994-10-12,7.427,per_usd
1994-10-13,7.391,per_usd
1994-10-14,7.3315,per_usd
1994-10-17,7.222,per_usd
1994-10-18,7.215,per_usd
1994-10-19,7.2175,per_usd
1994-10-20,7.1685,per_usd
1994-10-21,7.139,per_usd
1994-10-24,7.1115,per_usd
1994-10-25,7.064,per_usd
1994-10-26,7.0775,per_usd
1994-10-27,7.103,per_usd
1994-10-28,7.2095,per_usd
1994-10-31,7.1935,per_usd
1994-11-01,7.206,per_usd
1994-11-02,7.2185,per_usd
1994-11-03,7.3905,per_usd
1994-11-04,7.351,per_usd
1994-11-07,7.339,per_usd
1994-11-08,7.279,per_usd
1994-11-09,7.359,per_usd
1994-11-10,7.3115,per_usd
1994-11-14,7.258,per_usd
1994-11-15,7.3475,per_usd
1994-11-16,7.3445,per_usd
1994-11-17,7.3245,per_usd
1994-11-18,7.3395,per_usd
1994-11-21,7.362,per_usd
1994-11-22,7.3725,per_usd
1994-11-23,7.3773,per_usd
1994-11-25,7.478,per_usd
1994-11-28,7.5325,per_usd
1994-11-29,7.547,per_usd
1994-11-30,7.536,per_usd
1994-12-01,7.5485,per_usd
1994-12-02,7.5195,per_usd
1994-12-05,7.492,per_usd
1994-12-06,7.54,per_usd
1994-12-07,7.508,per_usd
1994-12-08,7.527,per_usd
1994-12-09,7.5205,per_usd
1994-12-12,7.5415,per_usd
1994-12-13,7.545,per_usd
1994-12-14,7.572,per_usd
1994-12-15,7.5395,per_usd
1994-12-16,7.5475,per_usd
1994-12-19,7.5505,per_usd
1994-12-20,7.5215,per_usd
1994-12-21,7.492,per_usd
1994-12-22,7.495,per_usd
1994-12-23,7.5045,per_usd
1994-12-27,7.492,per_usd
1994-12-28,7.4955,per_usd
1994-12-29,7.456,per_usd
1994-12-30,7.4295,per_usd
1995-01-03,7.4545,per_usd
1995-01-04,7.467,per_usd
1995-01-05,7.466,per_usd
1995-01-06,7.544,per_usd
1995-01-09,7.488,per_usd
1995-01-10,7.551,per_usd
1995-01-11,7.493,per_usd
1995-01-12,7.478,per_usd
1995-01-13,7.52,per_usd
1995-01-17,7.4715,per_usd
1995-01-18,7.456,per_usd
1995-01-19,7.484,per_usd
1995-01-20,7.433,per_usd
1995-01-23,7.454,per_usd
1995-01-24,7.449,per_usd
1995-01-25,7.494,per_usd
1995-01-26,7.463,per_usd
1995-01-27,7.464,per_usd
1995-01-30,7.4175,per_usd
1995-01-31,7.5015,per_usd
1995-02-01,7.4695,per_usd
1995-02-02,7.448,per_usd
1995-02-03,7.478,per_usd
1995-02-06,7.446,per_usd
1995-02-07,7.478,per_usd
1995-02-08,7.471,per_usd
1995-02-09,7.463,per_usd
1995-02-10,7.41,per_usd
1995-02-13,7.427,per_usd
1995-02-14,7.3915,per_usd
1995-02-15,7.3815,per_usd
1995-02-16,7.3605,per_usd
1995-02-17,7.356,per_usd
1995-02-21,7.316,per_usd
1995-02-22,7.3095,per_usd
1995-02-23,7.27,per_usd
1995-02-24,7.265,per_usd
1995-02-27,7.3615,per_usd
1995-02-28,7.3345,per_usd
1995-03-01,7.315,per_usd
1995-03-02,7.34,per_usd
1995-03-03,7.296,per_usd
1995-03-06,7.2435,per_usd
1995-03-07,7.177,per_usd
1995-03-08,7.1615,per_usd
1995-03-09,7.1385,per_usd
1995-03-10,7.235,per_usd
1995-03-13,7.277,per_usd
1995-03-14,7.2075,per_usd
1995-03-15,7.198,per_usd
1995-03-16,7.217,per_usd
1995-03-17,7.237,per_usd
1995-03-20,7.2805,per_usd
1995-03-21,7.284,per_usd
1995-03-22,7.2965,per_usd
1995-03-23,7.3295,per_usd
1995-03-24,7.355,per_usd
1995-03-27,7.293,per_usd
1995-03-28,7.3515,per_usd
1995-03-29,7.344,per_usd
1995-03-30,7.439,per_usd
1995-03-31,7.395,per_usd
1995-04-03,7.3635,per_usd
1995-04-04,7.3865,per_usd
1995-04-05,7.39,per_usd
1995-04-06,7.38,per_usd
1995-04-07,7.362,per_usd
1995-04-10,7.351,per_usd
1995-04-11,7.337,per_usd
1995-04-12,7.3755,per_usd
1995-04-13,7.319,per_usd
1995-04-14,7.321,per_usd
1995-04-17,7.2505,per_usd
1995-04-18,7.2925,per_usd
1995-04-19,7.3055,per_usd
1995-04-20,7.4095,per_usd
1995-04-21,7.406,per_usd
1995-04-24,7.468,per_usd
1995-04-25,7.3495,per_usd
1995-04-26,7.3295,per_usd
1995-04-27,7.2435,per_usd
1995-04-28,7.2695,per_usd
1995-05-01,7.2715,per_usd
1995-05-02,7.3035,per_usd
1995-05-03,7.2665,per_usd
1995-05-04,7.255,per_usd
1995-05-05,7.259,per_usd
1995-05-08,7.186,per_usd
1995-05-09,7.1745,per_usd
1995-05-10,7.1805,per_usd
1995-05-11,7.3108,per_usd
1995-05-12,7.376,per_usd
1995-05-15,7.3525,per_usd
1995-05-16,7.313,per_usd
1995-05-17,7.369,per_usd
1995-05-18,7.44,per_usd
1995-05-19,7.3905,per_usd
1995-05-22,7.3565,per_usd
1995-05-23,7.4295,per_usd
1995-05-24,7.3765,per_usd
1995-05-25,7.252,per_usd
1995-05-26,7.283,per_usd
1995-05-30,7.2655,per_usd
1995-05-31,7.346,per_usd
1995-06-01,7.325,per_usd
1995-06-02,7.345,per_usd
1995-06-05,7.222,per_usd
1995-06-06,7.2385,per_usd
1995-06-07,7.2135,per_usd
1995-06-08,7.239,per_usd
1995-06-09,7.2215,per_usd
1995-06-12,7.243,per_usd
1995-06-13,7.2595,per_usd
1995-06-14,7.2245,per_usd
1995-06-15,7.2865,per_usd
1995-06-16,7.2545,per_usd
1995-06-19,7.2885,per_usd
1995-06-20,7.273,per_usd
1995-06-21,7.274,per_usd
1995-06-22,7.277,per_usd
1995-06-23,7.2425,per_usd
1995-06-26,7.266,per_usd
1995-06-27,7.247,per_usd
1995-06-28,7.309,per_usd
1995-06-29,7.2485,per_usd
1995-06-30,7.29,per_usd
1995-07-03,7.2455,per_usd
1995-07-05,7.2445,per_usd
1995-07-06,7.251,per_usd
1995-07-07,7.261,per_usd
1995-07-10,7.2435,per_usd
1995-07-11,7.27,per_usd
1995-07-12,7.208,per_usd
1995-07-13,7.1785,per_usd
1995-07-14,7.193,per_usd
1995-07-17,7.187,per_usd
1995-07-18,7.1795,per_usd
1995-07-19,7.1675,per_usd
1995-07-20,7.155,per_usd
1995-07-21,7.1305,per_usd
1995-07-24,7.1525,per_usd
1995-07-25,7.1415,per_usd
1995-07-26,7.0965,per_usd
1995-07-27,7.072,per_usd
1995-07-28,7.048,per_usd
1995-07-31,7.072,per_usd
1995-08-01,7.0905,per_usd
1995-08-02,7.1235,per_usd
1995-08-03,7.0575,per_usd
1995-08-04,7.0525,per_usd
1995-08-07,7.1145,per_usd
1995-08-08,7.152,per_usd
1995-08-09,7.149,per_usd
1995-08-10,7.1355,per_usd
1995-08-11,7.1655,per_usd
1995-08-14,7.2015,per_usd
1995-08-15,7.3275,per_usd
1995-08-16,7.2885,per_usd
1995-08-17,7.3455,per_usd
1995-08-18,7.36,per_usd
1995-08-21,7.35,per_usd
1995-08-22,7.3455,per_usd
1995-08-23,7.3185,per_usd
1995-08-24,7.2985,per_usd
1995-08-25,7.334,per_usd
1995-08-28,7.311,per_usd
1995-08-29,7.325,per_usd
1995-08-30,7.3275,per_usd
1995-08-31,7.3065,per_usd
1995-09-01,7.313,per_usd
1995-09-05,7.3045,per_usd
1995-09-06,7.2955,per_usd
1995-09-07,7.2765,per_usd
1995-09-08,7.1905,per_usd
1995-09-11,7.115,per_usd
1995-09-12,7.104,per_usd
1995-09-13,7.1495,per_usd
1995-09-14,7.1495,per_usd
1995-09-15,7.1535,per_usd
1995-09-18,7.174,per_usd
1995-09-19,7.133,per_usd
1995-09-20,7.109,per_usd
1995-09-21,7.046,per_usd
1995-09-22,7.057,per_usd
1995-09-25,6.995,per_usd
1995-09-26,6.9615,per_usd
1995-09-27,7.014,per_usd
1995-09-28,6.977,per_usd
1995-09-29,6.9365,per_usd
1995-10-02,6.9715,per_usd
1995-10-03,6.9945,per_usd
1995-10-04,6.9595,per_usd
1995-10-05,6.957,per_usd
1995-10-06,7.0205,per_usd
1995-10-10,6.964,per_usd
1995-10-11,6.9585,per_usd
1995-10-12,6.953,per_usd
1995-10-13,6.9625,per_usd
1995-10-16,6.958,per_usd
1995-10-17,6.9105,per_usd
1995-10-18,6.8595,per_usd
1995-10-19,6.776,per_usd
1995-10-20,6.7035,per_usd
1995-10-23,6.7015,per_usd
1995-10-24,6.6465,per_usd
1995-10-25,6.6045,per_usd
1995-10-26,6.652,per_usd
1995-10-27,6.606,per_usd
1995-10-30,6.6255,per_usd
1995-10-31,6.647,per_usd
1995-11-01,6.624,per_usd
1995-11-02,6.654,per_usd
1995-11-03,6.64,per_usd
1995-11-06,6.6915,per_usd
1995-11-07,6.6855,per_usd
1995-11-08,6.6755,per_usd
1995-11-09,6.6675,per_usd
1995-11-10,6.6525,per_usd
1995-11-13,6.767,per_usd
1995-11-14,6.671,per_usd
1995-11-15,6.619,per_usd
1995-11-16,6.618,per_usd
1995-11-17,6.555,per_usd
1995-11-20,6.571,per_usd
1995-11-21,6.535,per_usd
1995-11-22,6.5045,per_usd
1995-11-24,6.525,per_usd
1995-11-27,6.552,per_usd
1995-11-28,6.5105,per_usd
1995-11-29,6.506,per_usd
1995-11-30,6.56,per_usd
1995-12-01,6.5375,per_usd
1995-12-04,6.585,per_usd
1995-12-05,6.548,per_usd
1995-12-06,6.57,per_usd
1995-12-07,6.648,per_usd
1995-12-08,6.659,per_usd
1995-12-11,6.7488,per_usd
1995-12-12,6.725,per_usd
1995-12-13,6.7125,per_usd
1995-12-14,6.645,per_usd
1995-12-15,6.613,per_usd
1995-12-18,6.605,per_usd
1995-12-19,6.624,per_usd
1995-12-20,6.649,per_usd
1995-12-21,6.658,per_usd
1995-12-22,6.658,per_usd
1995-12-26,6.64,per_usd
1995-12-27,6.639,per_usd
1995-12-28,6.692,per_usd
1995-12-29,6.629,per_usd
1996-01-02,6.635,per_usd
1996-01-03,6.5995,per_usd
1996-01-04,6.65,per_usd
1996-01-05,6.62,per_usd
1996-01-08,6.6225,per_usd
1996-01-09,6.602,per_usd
1996-01-10,6.588,per_usd
1996-01-11,6.577,per_usd
1996-01-12,6.579,per_usd
1996-01-16,6.634,per_usd
1996-01-17,6.675,per_usd
1996-01-18,6.697,per_usd
1996-01-19,6.716,per_usd
1996-01-22,6.835,per_usd
1996-01-23,6.885,per_usd
1996-01-24,6.862,per_usd
1996-01-25,6.906,per_usd
1996-01-26,6.976,per_usd
1996-01-29,6.983,per_usd
1996-01-30,6.962,per_usd
1996-01-31,6.947,per_usd
1996-02-01,6.954,per_usd
1996-02-02,6.965,per_usd
1996-02-05,6.94,per_usd
1996-02-06,7.025,per_usd
1996-02-07,7.03,per_usd
1996-02-08,6.994,per_usd
1996-02-09,6.959,per_usd
1996-02-12,6.949,per_usd
1996-02-13,6.96,per_usd
1996-02-14,6.9615,per_usd
1996-02-15,6.9575,per_usd
1996-02-16,6.9165,per_usd
1996-02-20,6.8475,per_usd
1996-02-21,6.765,per_usd
1996-02-22,6.752,per_usd
1996-02-23,6.7125,per_usd
1996-02-26,6.7285,per_usd
1996-02-27,6.67,per_usd
1996-02-28,6.708,per_usd
1996-02-29,6.754,per_usd
1996-03-01,6.77,per_usd
1996-03-04,6.824,per_usd
1996-03-05,6.839,per_usd
1996-03-06,6.826,per_usd
1996-03-07,6.7795,per_usd
1996-03-08,6.828,per_usd
1996-03-11,6.824,per_usd
1996-03-12,6.805,per_usd
1996-03-13,6.79,per_usd
1996-03-14,6.786,per_usd
1996-03-15,6.777,per_usd
1996-03-18,6.71,per_usd
1996-03-19,6.6775,per_usd
1996-03-20,6.6145,per_usd
1996-03-21,6.659,per_usd
1996-03-22,6.625,per_usd
1996-03-25,6.628,per_usd
1996-03-26,6.6205,per_usd
1996-03-27,6.65,per_usd
1996-03-28,6.652,per_usd
1996-03-29,6.6824,per_usd
1996-04-01,6.66,per_usd
1996-04-02,6.6425,per_usd
1996-04-03,6.635,per_usd
1996-04-04,6.647,per_usd
1996-04-05,6.657,per_usd
1996-04-08,6.6495,per_usd
1996-04-09,6.708,per_usd
1996-04-10,6.7098,per_usd
1996-04-11,6.711,per_usd
1996-04-12,6.723,per_usd
1996-04-15,6.75,per_usd
1996-04-16,6.761,per_usd
1996-04-17,6.7475,per_usd
1996-04-18,6.725,per_usd
1996-04-19,6.697,per_usd
1996-04-22,6.707,per_usd
1996-04-23,6.719,per_usd
1996-04-24,6.746,per_usd
1996-04-25,6.805,per_usd
1996-04-26,6.768,per_usd
1996-04-29,6.754,per_usd
1996-04-30,6.7875,per_usd
1996-05-01,6.833,per_usd
1996-05-02,6.8675,per_usd
1996-05-03,6.824,per_usd
1996-05-06,6.844,per_usd
1996-05-07,6.824,per_usd
1996-05-08,6.809,per_usd
1996-05-09,6.785,per_usd
1996-05-10,6.7875,per_usd
1996-05-13,6.765,per_usd
1996-05-14,6.7725,per_usd
1996-05-15,6.76,per_usd
1996-05-16,6.745,per_usd
1996-05-17,6.731,per_usd
1996-05-20,6.757,per_usd
1996-05-21,6.811,per_usd
1996-05-22,6.827,per_usd
1996-05-23,6.849,per_usd
1996-05-24,6.8395,per_usd
1996-05-28,6.822,per_usd
1996-05-29,6.819,per_usd
1996-05-30,6.7625,per_usd
1996-05-31,6.731,per_usd
1996-06-03,6.712,per_usd
1996-06-04,6.703,per_usd
1996-06-05,6.733,per_usd
1996-06-06,6.748,per_usd
1996-06-07,6.75,per_usd
1996-06-10,6.7585,per_usd
1996-06-11,6.7175,per_usd
1996-06-12,6.715,per_usd
1996-06-13,6.717,per_usd
1996-06-14,6.705,per_usd
1996-06-17,6.661,per_usd
1996-06-18,6.643,per_usd
1996-06-19,6.621,per_usd
1996-06-20,6.63,per_usd
1996-06-21,6.652,per_usd
1996-06-24,6.651,per_usd
1996-06-25,6.63,per_usd
1996-06-26,6.6075,per_usd
1996-06-27,6.6325,per_usd
1996-06-28,6.6275,per_usd
1996-07-01,6.6525,per_usd
1996-07-02,6.694,per_usd
1996-07-03,6.663,per_usd
1996-07-05,6.69,per_usd
1996-07-08,6.707,per_usd
1996-07-09,6.688,per_usd
1996-07-10,6.671,per_usd
1996-07-11,6.673,per_usd
1996-07-12,6.707,per_usd
1996-07-15,6.752,per_usd
1996-07-16,6.645,per_usd
1996-07-17,6.622,per_usd
1996-07-18,6.631,per_usd
1996-07-19,6.606,per_usd
1996-07-22,6.596,per_usd
1996-07-23,6.573,per_usd
1996-07-24,6.5675,per_usd
1996-07-25,6.5455,per_usd
1996-07-26,6.587,per_usd
1996-07-29,6.5789,per_usd
1996-07-30,6.605,per_usd
1996-07-31,6.613,per_usd
1996-08-01,6.565,per_usd
1996-08-02,6.585,per_usd
1996-08-05,6.608,per_usd
1996-08-06,6.602,per_usd
1996-08-07,6.642,per_usd
1996-08-08,6.642,per_usd
1996-08-09,6.657,per_usd
1996-08-12,6.669,per_usd
1996-08-13,6.652,per_usd
1996-08-14,6.641,per_usd
1996-08-15,6.636,per_usd
1996-08-16,6.64,per_usd
1996-08-19,6.633,per_usd
1996-08-20,6.6037,per_usd
1996-08-21,6.609,per_usd
1996-08-22,6.618,per_usd
1996-08-23,6.598,per_usd
1996-08-26,6.592,per_usd
1996-08-27,6.6105,per_usd
1996-08-28,6.608,per_usd
1996-08-29,6.626,per_usd
1996-08-30,6.626,per_usd
1996-09-03,6.6385,per_usd
1996-09-04,6.64,per_usd
1996-09-05,6.642,per_usd
1996-09-06,6.65,per_usd
1996-09-09,6.659,per_usd
1996-09-10,6.721,per_usd
1996-09-11,6.6985,per_usd
1996-09-12,6.702,per_usd
1996-09-13,6.6675,per_usd
1996-09-16,6.6315,per_usd
1996-09-17,6.6265,per_usd
1996-09-18,6.626,per_usd
1996-09-19,6.6255,per_usd
1996-09-20,6.6175,per_usd
1996-09-23,6.5975,per_usd
1996-09-24,6.5925,per_usd
1996-09-25,6.603,per_usd
1996-09-26,6.651,per_usd
1996-09-27,6.633,per_usd
1996-09-30,6.632,per_usd
1996-10-01,6.6285,per_usd
1996-10-02,6.6,per_usd
1996-10-03,6.617,per_usd
1996-10-04,6.618,per_usd
1996-10-07,6.62,per_usd
1996-10-08,6.583,per_usd
1996-10-09,6.583,per_usd
1996-10-10,6.6015,per_usd
1996-10-11,6.6045,per_usd
1996-10-15,6.628,per_usd
1996-10-16,6.63,per_usd
1996-10-17,6.661,per_usd
1996-10-18,6.643,per_usd
1996-10-21,6.615,per_usd
1996-10-22,6.6115,per_usd
1996-10-23,6.567,per_usd
1996-10-24,6.579,per_usd
1996-10-25,6.571,per_usd
1996-10-28,6.576,per_usd
1996-10-29,6.549,per_usd
1996-10-30,6.553,per_usd
1996-10-31,6.575,per_usd
1996-11-01,6.582,per_usd
1996-11-04,6.607,per_usd
1996-11-05,6.626,per_usd
1996-11-06,6.61,per_usd
1996-11-07,6.602,per_usd
1996-11-08,6.589,per_usd
1996-11-12,6.63,per_usd
1996-11-13,6.641,per_usd
1996-11-14,6.631,per_usd
1996-11-15,6.622,per_usd
1996-11-18,6.603,per_usd
1996-11-19,6.635,per_usd
1996-11-20,6.605,per_usd
1996-11-21,6.6155,per_usd
1996-11-22,6.611,per_usd
1996-11-25,6.641,per_usd
1996-11-26,6.671,per_usd
1996-11-27,6.672,per_usd
1996-11-29,6.718,per_usd
1996-12-02,6.731,per_usd
1996-12-03,6.799,per_usd
1996-12-04,6.8005,per_usd
1996-12-05,6.805,per_usd
1996-12-06,6.809,per_usd
1996-12-09,6.855,per_usd
1996-12-10,6.839,per_usd
1996-12-11,6.7875,per_usd
1996-12-12,6.8075,per_usd
1996-12-13,6.791,per_usd
1996-12-16,6.837,per_usd
1996-12-17,6.827,per_usd
1996-12-18,6.848,per_usd
1996-12-19,6.834,per_usd
1996-12-20,6.824,per_usd
1996-12-23,6.871,per_usd
1996-12-24,6.8717,per_usd
1996-12-26,6.878,per_usd
1996-12-27,6.867,per_usd
1996-12-30,6.887,per_usd
1996-12-31,6.825,per_usd
1997-01-02,6.8749,per_usd
1997-01-03,6.9281,per_usd
1997-01-06,6.965,per_usd
1997-01-07,6.966,per_usd
1997-01-08,6.979,per_usd
1997-01-09,6.924,per_usd
1997-01-10,6.909,per_usd
1997-01-13,6.951,per_usd
1997-01-14,6.9645,per_usd
1997-01-15,6.954,per_usd
1997-01-16,6.9542,per_usd
1997-01-17,7.036,per_usd
1997-01-21,7.094,per_usd
1997-01-22,7.146,per_usd
1997-01-23,7.27,per_usd
1997-01-24,7.2213,per_usd
1997-01-27,7.2605,per_usd
1997-01-28,7.304,per_usd
1997-01-29,7.2823,per_usd
1997-01-30,7.226,per_usd
1997-01-31,7.243,per_usd
1997-02-03,7.299,per_usd
1997-02-04,7.323,per_usd
1997-02-05,7.378,per_usd
1997-02-06,7.388,per_usd
1997-02-07,7.423,per_usd
1997-02-10,7.349,per_usd
1997-02-11,7.408,per_usd
1997-02-12,7.399,per_usd
1997-02-13,7.407,per_usd
1997-02-14,7.369,per_usd
1997-02-18,7.421,per_usd
1997-02-19,7.477,per_usd
1997-02-20,7.413,per_usd
1997-02-21,7.4206,per_usd
1997-02-24,7.3864,per_usd
1997-02-25,7.433,per_usd
1997-02-26,7.4699,per_usd
1997-02-27,7.477,per_usd
1997-02-28,7.4909,per_usd
1997-03-03,7.5849,per_usd
1997-03-04,7.675,per_usd
1997-03-05,7.648,per_usd
1997-03-06,7.663,per_usd
1997-03-07,7.693,per_usd
1997-03-10,7.609,per_usd
1997-03-11,7.6276,per_usd
1997-03-12,7.69,per_usd
1997-03-13,7.6925,per_usd
1997-03-14,7.7699,per_usd
1997-03-17,7.735,per_usd
1997-03-18,7.69,per_usd
1997-03-19,7.677,per_usd
1997-03-20,7.66,per_usd
1997-03-21,7.6355,per_usd
1997-03-24,7.627,per_usd
1997-03-25,7.668,per_usd
1997-03-26,7.644,per_usd
1997-03-27,7.549,per_usd
1997-03-28,7.575,per_usd
1997-03-31,7.54,per_usd
1997-04-01,7.6056,per_usd
1997-04-02,7.648,per_usd
1997-04-03,7.593,per_usd
1997-04-04,7.613,per_usd
1997-04-07,7.71,per_usd
1997-04-08,7.655,per_usd
1997-04-09,7.7005,per_usd
1997-04-10,7.699,per_usd
1997-04-11,7.6959,per_usd
1997-04-14,7.636,per_usd
1997-04-15,7.707,per_usd
1997-04-16,7.723,per_usd
1997-04-17,7.731,per_usd
1997-04-18,7.678,per_usd
1997-04-21,7.643,per_usd
1997-04-22,7.676,per_usd
1997-04-23,7.645,per_usd
1997-04-24,7.67,per_usd
1997-04-25,7.778,per_usd
1997-04-28,7.793,per_usd
1997-04-29,7.822,per_usd
1997-04-30,7.85,per_usd
1997-05-01,7.777,per_usd
1997-05-02,7.837,per_usd
1997-05-05,7.915,per_usd
1997-05-06,7.8135,per_usd
1997-05-07,7.7505,per_usd
1997-05-08,7.695,per_usd
1997-05-09,7.658,per_usd
1997-05-12,7.694,per_usd
1997-05-13,7.6585,per_usd
1997-05-14,7.606,per_usd
1997-05-15,7.605,per_usd
1997-05-16,7.622,per_usd
1997-05-19,7.678,per_usd
1997-05-20,7.563,per_usd
1997-05-21,7.5365,per_usd
1997-05-22,7.605,per_usd
1997-05-23,7.596,per_usd
1997-05-27,7.65,per_usd
1997-05-28,7.676,per_usd
1997-05-29,7.7175,per_usd
1997-05-30,7.745,per_usd
1997-06-02,7.785,per_usd
1997-06-03,7.749,per_usd
1997-06-04,7.759,per_usd
1997-06-05,7.76,per_usd
1997-06-06,7.7943,per_usd
1997-06-09,7.771,per_usd
1997-06-10,7.8,per_usd
1997-06-11,7.775,per_usd
1997-06-12,7.772,per_usd
1997-06-13,7.7505,per_usd
1997-06-16,7.787,per_usd
1997-06-17,7.768,per_usd
1997-06-18,7.7625,per_usd
1997-06-19,7.725,per_usd
1997-06-20,7.715,per_usd
1997-06-23,7.701,per_usd
1997-06-24,7.7305,per_usd
1997-06-25,7.6925,per_usd
1997-06-26,7.705,per_usd
1997-06-27,7.726,per_usd
1997-06-30,7.7345,per_usd
1997-07-01,7.737,per_usd
1997-07-02,7.771,per_usd
1997-07-03,7.714,per_usd
1997-07-07,7.7275,per_usd
1997-07-08,7.778,per_usd
1997-07-09,7.7245,per_usd
1997-07-10,7.725,per_usd
1997-07-11,7.752,per_usd
1997-07-14,7.7995,per_usd
1997-07-15,7.864,per_usd
1997-07-16,7.83,per_usd
1997-07-17,7.781,per_usd
1997-07-18,7.7687,per_usd
1997-07-21,7.7814,per_usd
1997-07-22,7.82,per_usd
1997-07-23,7.812,per_usd
1997-07-24,7.898,per_usd
1997-07-25,7.8685,per_usd
1997-07-28,7.9508,per_usd
1997-07-29,7.937,per_usd
1997-07-30,7.9925,per_usd
1997-07-31,7.982,per_usd
1997-08-01,8.0295,per_usd
1997-08-04,8.046,per_usd
1997-08-05,8.0825,per_usd
1997-08-06,8.055,per_usd
1997-08-07,8.048,per_usd
1997-08-08,7.904,per_usd
1997-08-11,7.984,per_usd
1997-08-12,8.0205,per_usd
1997-08-13,8.011,per_usd
1997-08-14,8.041,per_usd
1997-08-15,7.966,per_usd
1997-08-18,8.021,per_usd
1997-08-19,8.08,per_usd
1997-08-20,8.065,per_usd
1997-08-21,8.0205,per_usd
1997-08-22,7.943,per_usd
1997-08-25,7.97,per_usd
1997-08-26,7.885,per_usd
1997-08-27,7.879,per_usd
1997-08-28,7.832,per_usd
1997-08-29,7.877,per_usd
1997-09-02,7.93,per_usd
1997-09-03,7.8536,per_usd
1997-09-04,7.868,per_usd
1997-09-05,7.791,per_usd
1997-09-08,7.7685,per_usd
1997-09-09,7.799,per_usd
1997-09-10,7.7985,per_usd
1997-09-11,7.7485,per_usd
1997-09-12,7.663,per_usd
1997-09-15,7.62,per_usd
1997-09-16,7.629,per_usd
1997-09-17,7.621,per_usd
1997-09-18,7.615,per_usd
1997-09-19,7.605,per_usd
1997-09-22,7.695,per_usd
1997-09-23,7.6345,per_usd
1997-09-24,7.553,per_usd
1997-09-25,7.5392,per_usd
1997-09-26,7.5734,per_usd
1997-09-29,7.56,per_usd
1997-09-30,7.5975,per_usd
1997-10-01,7.602,per_usd
1997-10-02,7.599,per_usd
1997-10-03,7.505,per_usd
1997-10-06,7.533,per_usd
1997-10-07,7.5295,per_usd
1997-10-08,7.553,per_usd
1997-10-09,7.553,per_usd
1997-10-10,7.577,per_usd
1997-10-14,7.5824,per_usd
1997-10-15,7.5695,per_usd
1997-10-16,7.568,per_usd
1997-10-17,7.655,per_usd
1997-10-20,7.612,per_usd
1997-10-21,7.6978,per_usd
1997-10-22,7.7078,per_usd
1997-10-23,7.615,per_usd
1997-10-24,7.589,per_usd
1997-10-27,7.576,per_usd
1997-10-28,7.533,per_usd
1997-10-29,7.5311,per_usd
1997-10-30,7.505,per_usd
1997-10-31,7.489,per_usd
1997-11-03,7.555,per_usd
1997-11-04,7.529,per_usd
1997-11-05,7.52,per_usd
1997-11-06,7.487,per_usd
1997-11-07,7.458,per_usd
1997-11-10,7.481,per_usd
1997-11-12,7.524,per_usd
1997-11-13,7.498,per_usd
1997-11-14,7.538,per_usd
1997-11-17,7.541,per_usd
1997-11-18,7.56,per_usd
1997-11-19,7.5679,per_usd
1997-11-20,7.56,per_usd
1997-11-21,7.5919,per_usd
1997-11-24,7.578,per_usd
1997-11-25,7.6268,per_usd
1997-11-26,7.732,per_usd
1997-11-28,7.7225,per_usd
1997-12-01,7.8093,per_usd
1997-12-02,7.7828,per_usd
1997-12-03,7.764,per_usd
1997-12-04,7.7722,per_usd
1997-12-05,7.83,per_usd
1997-12-08,7.8019,per_usd
1997-12-09,7.8326,per_usd
1997-12-10,7.8128,per_usd
1997-12-11,7.7666,per_usd
1997-12-12,7.7685,per_usd
1997-12-15,7.7572,per_usd
1997-12-16,7.7875,per_usd
1997-12-17,7.7405,per_usd
1997-12-18,7.7757,per_usd
1997-12-19,7.76,per_usd
1997-12-22,7.7785,per_usd
1997-12-23,7.7753,per_usd
1997-12-24,7.769,per_usd
1997-12-26,7.7708,per_usd
1997-12-29,7.8455,per_usd
1997-12-30,7.9093,per_usd
1997-12-31,7.94,per_usd
1998-01-02,7.975,per_usd
1998-01-05,8.0217,per_usd
1998-01-06,8.055,per_usd
1998-01-07,8.0559,per_usd
1998-01-08,8.0374,per_usd
1998-01-09,7.9885,per_usd
1998-01-12,8.0425,per_usd
1998-01-13,8.03,per_usd
1998-01-14,8.0256,per_usd
1998-01-15,8.0285,per_usd
1998-01-16,8.0233,per_usd
1998-01-20,8.0933,per_usd
1998-01-21,8.0493,per_usd
1998-01-22,7.962,per_usd
1998-01-23,7.881,per_usd
1998-01-26,7.933,per_usd
1998-01-27,7.955,per_usd
1998-01-28,8.0276,per_usd
1998-01-29,8.0875,per_usd
1998-01-30,8.1136,per_usd
1998-02-02,8.072,per_usd
1998-02-03,8.0825,per_usd
1998-02-04,8.0255,per_usd
1998-02-05,8.0125,per_usd
1998-02-06,8.038,per_usd
1998-02-09,8.1285,per_usd
1998-02-10,8.1209,per_usd
1998-02-11,8.1335,per_usd
1998-02-12,8.077,per_usd
1998-02-13,8.1125,per_usd
1998-02-17,8.144,per_usd
1998-02-18,8.104,per_usd
1998-02-19,8.0969,per_usd
1998-02-20,8.089,per_usd
1998-02-23,8.01,per_usd
1998-02-24,8.025,per_usd
1998-02-25,8.059,per_usd
1998-02-26,8.039,per_usd
1998-02-27,8.004,per_usd
1998-03-02,7.988,per_usd
1998-03-03,7.975,per_usd
1998-03-04,7.99,per_usd
1998-03-05,8.045,per_usd
1998-03-06,8.06,per_usd
1998-03-09,8.007,per_usd
1998-03-10,8.0177,per_usd
1998-03-11,8.005,per_usd
1998-03-12,7.9938,per_usd
1998-03-13,7.91,per_usd
1998-03-16,7.952,per_usd
1998-03-17,7.9395,per_usd
1998-03-18,7.975,per_usd
1998-03-19,7.986,per_usd
1998-03-20,7.977,per_usd
1998-03-23,7.9328,per_usd
1998-03-24,7.925,per_usd
1998-03-25,7.926,per_usd
1998-03-26,7.88,per_usd
1998-03-27,7.875,per_usd
1998-03-30,7.931,per_usd
1998-03-31,7.998,per_usd
1998-04-01,8.033,per_usd
1998-04-02,8.023,per_usd
1998-04-03,8.0085,per_usd
1998-04-06,8.013,per_usd
1998-04-07,8.0075,per_usd
1998-04-08,7.913,per_usd
1998-04-09,7.8786,per_usd
1998-04-10,7.876,per_usd
1998-04-13,7.862,per_usd
1998-04-14,7.772,per_usd
1998-04-15,7.765,per_usd
1998-04-16,7.75,per_usd
1998-04-17,7.77,per_usd
1998-04-20,7.719,per_usd
1998-04-21,7.67,per_usd
1998-04-22,7.685,per_usd
1998-04-23,7.7278,per_usd
1998-04-24,7.683,per_usd
1998-04-27,7.72,per_usd
1998-04-28,7.755,per_usd
1998-04-29,7.755,per_usd
1998-04-30,7.737,per_usd
1998-05-01,7.685,per_usd
1998-05-04,7.68,per_usd
1998-05-05,7.63,per_usd
1998-05-06,7.58,per_usd
1998-05-07,7.585,per_usd
1998-05-08,7.6136,per_usd
1998-05-11,7.6347,per_usd
1998-05-12,7.614,per_usd
1998-05-13,7.704,per_usd
1998-05-14,7.723,per_usd
1998-05-15,7.745,per_usd
1998-05-18,7.794,per_usd
1998-05-19,7.768,per_usd
1998-05-20,7.714,per_usd
1998-05-21,7.67,per_usd
1998-05-22,7.697,per_usd
1998-05-26,7.748,per_usd
1998-05-27,7.82,per_usd
1998-05-28,7.812,per_usd
1998-05-29,7.835,per_usd
1998-06-01,7.825,per_usd
1998-06-02,7.797,per_usd
1998-06-03,7.77,per_usd
1998-06-04,7.7525,per_usd
1998-06-05,7.8055,per_usd
1998-06-08,7.825,per_usd
1998-06-09,7.885,per_usd
1998-06-10,7.975,per_usd
1998-06-11,8,per_usd
1998-06-12,8.001,per_usd
1998-06-15,8.1,per_usd
1998-06-16,8.05,per_usd
1998-06-17,7.9455,per_usd
1998-06-18,7.934,per_usd
1998-06-19,7.9215,per_usd
1998-06-22,7.932,per_usd
1998-06-23,7.948,per_usd
1998-06-24,7.8945,per_usd
1998-06-25,7.873,per_usd
1998-06-26,7.998,per_usd
1998-06-29,7.975,per_usd
1998-06-30,7.9755,per_usd
1998-07-01,8.039,per_usd
1998-07-02,8.101,per_usd
1998-07-03,8.096,per_usd
1998-07-06,8.082,per_usd
1998-07-07,8.089,per_usd
1998-07-08,8.068,per_usd
1998-07-09,8.1075,per_usd
1998-07-10,8.071,per_usd
1998-07-13,8.0375,per_usd
1998-07-14,8.057,per_usd
1998-07-15,8.025,per_usd
1998-07-16,7.95,per_usd
1998-07-17,7.914,per_usd
1998-07-20,7.903,per_usd
1998-07-21,7.9685,per_usd
1998-07-22,7.958,per_usd
1998-07-23,7.956,per_usd
1998-07-24,7.885,per_usd
1998-07-27,7.886,per_usd
1998-07-28,7.878,per_usd
1998-07-29,7.911,per_usd
1998-07-30,7.925,per_usd
1998-07-31,7.9595,per_usd
1998-08-03,7.993,per_usd
1998-08-04,7.988,per_usd
1998-08-05,7.941,per_usd
1998-08-06,7.976,per_usd
1998-08-07,8.03,per_usd
1998-08-10,8.085,per_usd
1998-08-11,8.1295,per_usd
1998-08-12,8.087,per_usd
1998-08-13,8.1162,per_usd
1998-08-14,8.1725,per_usd
1998-08-17,8.1695,per_usd
1998-08-18,8.183,per_usd
1998-08-19,8.165,per_usd
1998-08-20,8.153,per_usd
1998-08-21,8.1837,per_usd
1998-08-24,8.225,per_usd
1998-08-25,8.2635,per_usd
1998-08-26,8.3325,per_usd
1998-08-27,8.335,per_usd
1998-08-28,8.0976,per_usd
1998-08-31,8.0665,per_usd
1998-09-01,7.9675,per_usd
1998-09-02,7.955,per_usd
1998-09-03,7.895,per_usd
1998-09-04,7.945,per_usd
1998-09-08,7.95,per_usd
1998-09-09,7.961,per_usd
1998-09-10,7.928,per_usd
1998-09-11,7.827,per_usd
1998-09-14,7.875,per_usd
1998-09-15,7.7585,per_usd
1998-09-16,7.7985,per_usd
1998-09-17,7.834,per_usd
1998-09-18,7.83,per_usd
1998-09-21,7.9125,per_usd
1998-09-22,7.8825,per_usd
1998-09-23,7.9005,per_usd
1998-09-24,7.888,per_usd
1998-09-25,7.875,per_usd
1998-09-28,7.855,per_usd
1998-09-29,7.831,per_usd
1998-09-30,7.845,per_usd
1998-10-01,7.856,per_usd
1998-10-02,7.968,per_usd
1998-10-05,8.0635,per_usd
1998-10-06,8.02,per_usd
1998-10-07,7.745,per_usd
1998-10-08,7.856,per_usd
1998-10-09,7.9335,per_usd
1998-10-13,7.893,per_usd
1998-10-14,7.9425,per_usd
1998-10-15,7.9725,per_usd
1998-10-16,7.781,per_usd
1998-10-19,7.778,per_usd
1998-10-20,7.8075,per_usd
1998-10-21,7.7575,per_usd
1998-10-22,7.745,per_usd
1998-10-23,7.6365,per_usd
1998-10-26,7.67,per_usd
1998-10-27,7.791,per_usd
1998-10-28,7.808,per_usd
1998-10-29,7.787,per_usd
1998-10-30,7.818,per_usd
1998-11-02,7.786,per_usd
1998-11-03,7.814,per_usd
1998-11-04,7.8475,per_usd
1998-11-05,7.7655,per_usd
1998-11-06,7.818,per_usd
1998-11-09,7.91,per_usd
1998-11-10,7.9837,per_usd
1998-11-12,8.145,per_usd
1998-11-13,8.128,per_usd
1998-11-16,8.075,per_usd
1998-11-17,8.053,per_usd
1998-11-18,8.043,per_usd
1998-11-19,8.0978,per_usd
1998-11-20,8.073,per_usd
1998-11-23,8.1172,per_usd
1998-11-24,8.092,per_usd
1998-11-25,8.207,per_usd
1998-11-27,8.175,per_usd
1998-11-30,8.135,per_usd
1998-12-01,8.1225,per_usd
1998-12-02,8.065,per_usd
1998-12-03,8.042,per_usd
1998-12-04,8.09,per_usd
1998-12-07,8.1504,per_usd
1998-12-08,8.104,per_usd
1998-12-09,8.035,per_usd
1998-12-10,8.0465,per_usd
1998-12-11,8.022,per_usd
1998-12-14,8.037,per_usd
1998-12-15,8.052,per_usd
1998-12-16,8.041,per_usd
1998-12-17,8.11,per_usd
1998-12-18,8.034,per_usd
1998-12-21,8.045,per_usd
1998-12-22,8.03,per_usd
1998-12-23,8.035,per_usd
1998-12-24,8.072,per_usd
1998-12-28,8.135,per_usd
1998-12-29,8.086,per_usd
1998-12-30,8.117,per_usd
1998-12-31,8.103,per_usd
1999-01-04,8.02,per_usd
1999-01-05,7.972,per_usd
1999-01-06,7.936,per_usd
1999-01-07,7.915,per_usd
1999-01-08,7.9285,per_usd
1999-01-11,7.851,per_usd
1999-01-12,7.8,per_usd
1999-01-13,7.807,per_usd
1999-01-14,7.805,per_usd
1999-01-15,7.874,per_usd
1999-01-19,7.757,per_usd
1999-01-20,7.722,per_usd
1999-01-21,7.7355,per_usd
1999-01-22,7.73,per_usd
1999-01-25,7.7225,per_usd
1999-01-26,7.706,per_usd
1999-01-27,7.7155,per_usd
1999-01-28,7.7725,per_usd
1999-01-29,7.787,per_usd
1999-02-01,7.833,per_usd
1999-02-02,7.837,per_usd
1999-02-03,7.865,per_usd
1999-02-04,7.843,per_usd
1999-02-05,7.855,per_usd
1999-02-08,7.862,per_usd
1999-02-09,7.8845,per_usd
1999-02-10,7.885,per_usd
1999-02-11,7.89,per_usd
1999-02-12,7.883,per_usd
1999-02-16,7.933,per_usd
1999-02-17,7.93,per_usd
1999-02-18,7.966,per_usd
1999-02-19,8.02,per_usd
1999-02-22,8.073,per_usd
1999-02-23,8.1,per_usd
1999-02-24,8.145,per_usd
1999-02-25,8.115,per_usd
1999-02-26,8.1915,per_usd
1999-03-01,8.255,per_usd
1999-03-02,8.237,per_usd
1999-03-03,8.262,per_usd
1999-03-04,8.2779,per_usd
1999-03-05,8.2385,per_usd
1999-03-08,8.205,per_usd
1999-03-09,8.189,per_usd
1999-03-10,8.112,per_usd
1999-03-11,8.094,per_usd
1999-03-12,8.115,per_usd
1999-03-15,8.1675,per_usd
1999-03-16,8.21,per_usd
1999-03-17,8.15,per_usd
1999-03-18,8.11,per_usd
1999-03-19,8.1747,per_usd
1999-03-22,8.198,per_usd
1999-03-23,8.198,per_usd
1999-03-24,8.25,per_usd
1999-03-25,8.258,per_usd
1999-03-26,8.335,per_usd
1999-03-29,8.345,per_usd
1999-03-30,8.337,per_usd
1999-03-31,8.213,per_usd
1999-04-01,8.2465,per_usd
1999-04-02,8.238,per_usd
1999-04-05,8.29,per_usd
1999-04-06,8.214,per_usd
1999-04-07,8.298,per_usd
1999-04-08,8.2685,per_usd
1999-04-09,8.275,per_usd
1999-04-12,8.273,per_usd
1999-04-13,8.3,per_usd
1999-04-14,8.271,per_usd
1999-04-15,8.283,per_usd
1999-04-16,8.335,per_usd
1999-04-19,8.38,per_usd
1999-04-20,8.388,per_usd
1999-04-21,8.402,per_usd
1999-04-22,8.4,per_usd
1999-04-23,8.383,per_usd
1999-04-26,8.405,per_usd
1999-04-27,8.3575,per_usd
1999-04-28,8.3895,per_usd
1999-04-29,8.4022,per_usd
1999-04-30,8.445,per_usd
1999-05-03,8.463,per_usd
1999-05-04,8.472,per_usd
1999-05-05,8.4,per_usd
1999-05-06,8.33,per_usd
1999-05-07,8.313,per_usd
1999-05-10,8.2885,per_usd
1999-05-11,8.358,per_usd
1999-05-12,8.395,per_usd
1999-05-13,8.425,per_usd
1999-05-14,8.4175,per_usd
1999-05-17,8.425,per_usd
1999-05-18,8.4375,per_usd
1999-05-19,8.461,per_usd
1999-05-20,8.445,per_usd
1999-05-21,8.489,per_usd
1999-05-24,8.471,per_usd
1999-05-25,8.4875,per_usd
1999-05-26,8.573,per_usd
1999-05-27,8.614,per_usd
1999-05-28,8.598,per_usd
1999-06-01,8.598,per_usd
1999-06-02,8.6405,per_usd
1999-06-03,8.646,per_usd
1999-06-04,8.65,per_usd
1999-06-07,8.634,per_usd
1999-06-08,8.525,per_usd
1999-06-09,8.557,per_usd
1999-06-10,8.493,per_usd
1999-06-11,8.4555,per_usd
1999-06-14,8.5025,per_usd
1999-06-15,8.4875,per_usd
1999-06-16,8.532,per_usd
1999-06-17,8.4765,per_usd
1999-06-18,8.434,per_usd
1999-06-21,8.412,per_usd
1999-06-22,8.435,per_usd
1999-06-23,8.429,per_usd
1999-06-24,8.443,per_usd
1999-06-25,8.392,per_usd
1999-06-28,8.4535,per_usd
1999-06-29,8.465,per_usd
1999-06-30,8.481,per_usd
1999-07-01,8.543,per_usd
1999-07-02,8.495,per_usd
1999-07-06,8.497,per_usd
1999-07-07,8.5025,per_usd
1999-07-08,8.558,per_usd
1999-07-09,8.57,per_usd
1999-07-12,8.612,per_usd
1999-07-13,8.5925,per_usd
1999-07-14,8.586,per_usd
1999-07-15,8.569,per_usd
1999-07-16,8.5525,per_usd
1999-07-19,8.525,per_usd
1999-07-20,8.395,per_usd
1999-07-21,8.339,per_usd
1999-07-22,8.3595,per_usd
1999-07-23,8.365,per_usd
1999-07-26,8.272,per_usd
1999-07-27,8.278,per_usd
1999-07-28,8.264,per_usd
1999-07-29,8.209,per_usd
1999-07-30,8.222,per_usd
1999-08-02,8.212,per_usd
1999-08-03,8.178,per_usd
1999-08-04,8.142,per_usd
1999-08-05,8.142,per_usd
1999-08-06,8.168,per_usd
1999-08-09,8.224,per_usd
1999-08-10,8.21,per_usd
1999-08-11,8.255,per_usd
1999-08-12,8.268,per_usd
1999-08-13,8.31,per_usd
1999-08-16,8.302,per_usd
1999-08-17,8.31,per_usd
1999-08-18,8.335,per_usd
1999-08-19,8.247,per_usd
1999-08-20,8.229,per_usd
1999-08-23,8.29,per_usd
1999-08-24,8.285,per_usd
1999-08-25,8.336,per_usd
1999-08-26,8.355,per_usd
1999-08-27,8.325,per_usd
1999-08-30,8.344,per_usd
1999-08-31,8.229,per_usd
1999-09-01,8.212,per_usd
1999-09-02,8.162,per_usd
1999-09-03,8.196,per_usd
1999-09-07,8.17,per_usd
1999-09-08,8.15,per_usd
1999-09-09,8.16,per_usd
1999-09-10,8.262,per_usd
1999-09-13,8.2175,per_usd
1999-09-14,8.285,per_usd
1999-09-15,8.298,per_usd
1999-09-16,8.298,per_usd
1999-09-17,8.282,per_usd
1999-09-20,8.242,per_usd
1999-09-21,8.232,per_usd
1999-09-22,8.223,per_usd
1999-09-23,8.25,per_usd
1999-09-24,8.239,per_usd
1999-09-27,8.265,per_usd
1999-09-28,8.215,per_usd
1999-09-29,8.195,per_usd
1999-09-30,8.201,per_usd
1999-10-01,8.1495,per_usd
1999-10-04,8.147,per_usd
1999-10-05,8.118,per_usd
1999-10-06,8.1375,per_usd
1999-10-07,8.13,per_usd
1999-10-08,8.18,per_usd
1999-10-12,8.094,per_usd
1999-10-13,8.1075,per_usd
1999-10-14,8.1095,per_usd
1999-10-15,8.105,per_usd
1999-10-18,8.165,per_usd
1999-10-19,8.136,per_usd
1999-10-20,8.17,per_usd
1999-10-21,8.121,per_usd
1999-10-22,8.14,per_usd
1999-10-25,8.135,per_usd
1999-10-26,8.16,per_usd
1999-10-27,8.205,per_usd
1999-10-28,8.251,per_usd
1999-10-29,8.2225,per_usd
1999-11-01,8.2545,per_usd
1999-11-02,8.244,per_usd
1999-11-03,8.273,per_usd
1999-11-04,8.342,per_usd
1999-11-05,8.331,per_usd
1999-11-08,8.345,per_usd
1999-11-09,8.322,per_usd
1999-11-10,8.2975,per_usd
1999-11-12,8.376,per_usd
1999-11-15,8.36,per_usd
1999-11-16,8.392,per_usd
1999-11-17,8.301,per_usd
1999-11-18,8.371,per_usd
1999-11-19,8.345,per_usd
1999-11-22,8.3425,per_usd
1999-11-23,8.38,per_usd
1999-11-24,8.436,per_usd
1999-11-26,8.464,per_usd
1999-11-29,8.482,per_usd
1999-11-30,8.513,per_usd
1999-12-01,8.56,per_usd
1999-12-02,8.6,per_usd
1999-12-03,8.5665,per_usd
1999-12-06,8.417,per_usd
1999-12-07,8.415,per_usd
1999-12-08,8.35,per_usd
1999-12-09,8.406,per_usd
1999-12-10,8.4675,per_usd
1999-12-13,8.497,per_usd
1999-12-14,8.539,per_usd
1999-12-15,8.527,per_usd
1999-12-16,8.469,per_usd
1999-12-17,8.501,per_usd
1999-12-20,8.54,per_usd
1999-12-21,8.506,per_usd
1999-12-22,8.495,per_usd
1999-12-23,8.435,per_usd
1999-12-24,8.45,per_usd
1999-12-27,8.464,per_usd
1999-12-28,8.513,per_usd
1999-12-29,8.53,per_usd
1999-12-30,8.54,per_usd
1999-12-31,8.505,per_usd
2000-01-03,8.443,per_usd
2000-01-04,8.36,per_usd
2000-01-05,8.353,per_usd
2000-01-06,8.3675,per_usd
2000-01-07,8.415,per_usd
2000-01-10,8.449,per_usd
2000-01-11,8.397,per_usd
2000-01-12,8.418,per_usd
2000-01-13,8.417,per_usd
2000-01-14,8.474,per_usd
2000-01-18,8.468,per_usd
2000-01-19,8.487,per_usd
2000-01-20,8.468,per_usd
2000-01-21,8.493,per_usd
2000-01-24,8.526,per_usd
2000-01-25,8.521,per_usd
2000-01-26,8.5285,per_usd
2000-01-27,8.615,per_usd
2000-01-28,8.82,per_usd
2000-01-31,8.815,per_usd
2000-02-01,8.768,per_usd
2000-02-02,8.708,per_usd
2000-02-03,8.577,per_usd
2000-02-04,8.663,per_usd
2000-02-07,8.66,per_usd
2000-02-08,8.595,per_usd
2000-02-09,8.544,per_usd
2000-02-10,8.585,per_usd
2000-02-11,8.608,per_usd
2000-02-14,8.679,per_usd
2000-02-15,8.68,per_usd
2000-02-16,8.6695,per_usd
2000-02-17,8.68,per_usd
2000-02-18,8.6725,per_usd
2000-02-22,8.5395,per_usd
2000-02-23,8.577,per_usd
2000-02-24,8.619,per_usd
2000-02-25,8.695,per_usd
2000-02-28,8.6895,per_usd
2000-02-29,8.75,per_usd
2000-03-01,8.6865,per_usd
2000-03-02,8.805,per_usd
2000-03-03,8.815,per_usd
2000-03-06,8.7865,per_usd
2000-03-07,8.804,per_usd
2000-03-08,8.851,per_usd
2000-03-09,8.7235,per_usd
2000-03-10,8.72,per_usd
2000-03-13,8.718,per_usd
2000-03-14,8.697,per_usd
2000-03-15,8.6915,per_usd
2000-03-16,8.694,per_usd
2000-03-17,8.666,per_usd
2000-03-20,8.6425,per_usd
2000-03-21,8.65,per_usd
2000-03-22,8.711,per_usd
2000-03-23,8.645,per_usd
2000-03-24,8.5775,per_usd
2000-03-27,8.6465,per_usd
2000-03-28,8.5675,per_usd
2000-03-29,8.6675,per_usd
2000-03-30,8.633,per_usd
2000-03-31,8.635,per_usd
2000-04-03,8.678,per_usd
2000-04-04,8.691,per_usd
2000-04-05,8.6225,per_usd
2000-04-06,8.661,per_usd
2000-04-07,8.642,per_usd
2000-04-10,8.61,per_usd
2000-04-11,8.634,per_usd
2000-04-12,8.702,per_usd
2000-04-13,8.723,per_usd
2000-04-14,8.7,per_usd
2000-04-17,8.72,per_usd
2000-04-18,8.744,per_usd
2000-04-19,8.798,per_usd
2000-04-20,8.8,per_usd
2000-04-21,8.786,per_usd
2000-04-24,8.78,per_usd
2000-04-25,8.848,per_usd
2000-04-26,8.885,per_usd
2000-04-27,8.9808,per_usd
2000-04-28,8.967,per_usd
2000-05-01,8.9183,per_usd
2000-05-02,8.941,per_usd
2000-05-03,9.077,per_usd
2000-05-04,9.104,per_usd
2000-05-05,9.103,per_usd
2000-05-08,9.095,per_usd
2000-05-09,9.0592,per_usd
2000-05-10,9.0575,per_usd
2000-05-11,9.16,per_usd
2000-05-12,9.092,per_usd
2000-05-15,9.063,per_usd
2000-05-16,9.103,per_usd
2000-05-17,9.201,per_usd
2000-05-18,9.1323,per_usd
2000-05-19,9.1575,per_usd
2000-05-22,9.222,per_usd
2000-05-23,9.21,per_usd
2000-05-24,9.175,per_usd
2000-05-25,9.165,per_usd
2000-05-26,9.01,per_usd
2000-05-30,9.002,per_usd
2000-05-31,8.987,per_usd
2000-06-01,8.968,per_usd
2000-06-02,8.8245,per_usd
2000-06-05,8.805,per_usd
2000-06-06,8.711,per_usd
2000-06-07,8.656,per_usd
2000-06-08,8.758,per_usd
2000-06-09,8.745,per_usd
2000-06-12,8.691,per_usd
2000-06-13,8.612,per_usd
2000-06-14,8.533,per_usd
2000-06-15,8.625,per_usd
2000-06-16,8.6015,per_usd
2000-06-19,8.62,per_usd
2000-06-20,8.6425,per_usd
2000-06-21,8.719,per_usd
2000-06-22,8.805,per_usd
2000-06-23,8.85,per_usd
2000-06-26,8.891,per_usd
2000-06-27,8.8725,per_usd
2000-06-28,8.864,per_usd
2000-06-29,8.822,per_usd
2000-06-30,8.821,per_usd
2000-07-03,8.7925,per_usd
2000-07-05,8.83,per_usd
2000-07-06,8.866,per_usd
2000-07-07,8.915,per_usd
2000-07-10,8.8855,per_usd
2000-07-11,8.8906,per_usd
2000-07-12,8.8925,per_usd
2000-07-13,8.941,per_usd
2000-07-14,8.898,per_usd
2000-07-17,8.968,per_usd
2000-07-18,9,per_usd
2000-07-19,9.081,per_usd
2000-07-20,9.02,per_usd
2000-07-21,8.9965,per_usd
2000-07-24,8.9825,per_usd
2000-07-25,8.944,per_usd
2000-07-26,8.946,per_usd
2000-07-27,9.0985,per_usd
2000-07-28,9.16,per_usd
2000-07-31,9.172,per_usd
2000-08-01,9.217,per_usd
2000-08-02,9.259,per_usd
2000-08-03,9.335,per_usd
2000-08-04,9.246,per_usd
2000-08-07,9.1825,per_usd
2000-08-08,9.2445,per_usd
2000-08-09,9.25,per_usd
2000-08-10,9.201,per_usd
2000-08-11,9.218,per_usd
2000-08-14,9.205,per_usd
2000-08-15,9.153,per_usd
2000-08-16,9.204,per_usd
2000-08-17,9.205,per_usd
2000-08-18,9.263,per_usd
2000-08-21,9.292,per_usd
2000-08-22,9.335,per_usd
2000-08-23,9.332,per_usd
2000-08-24,9.279,per_usd
2000-08-25,9.311,per_usd
2000-08-28,9.345,per_usd
2000-08-29,9.411,per_usd
2000-08-30,9.44,per_usd
2000-08-31,9.445,per_usd
2000-09-01,9.338,per_usd
2000-09-05,9.4725,per_usd
2000-09-06,9.6575,per_usd
2000-09-07,9.56,per_usd
2000-09-08,9.6515,per_usd
2000-09-11,9.731,per_usd
2000-09-12,9.766,per_usd
2000-09-13,9.722,per_usd
2000-09-14,9.755,per_usd
2000-09-15,9.796,per_usd
2000-09-18,9.829,per_usd
2000-09-19,9.8475,per_usd
2000-09-20,9.875,per_usd
2000-09-21,9.815,per_usd
2000-09-22,9.625,per_usd
2000-09-25,9.666,per_usd
2000-09-26,9.623,per_usd
2000-09-27,9.659,per_usd
2000-09-28,9.6885,per_usd
2000-09-29,9.628,per_usd
2000-10-02,9.6933,per_usd
2000-10-03,9.78,per_usd
2000-10-04,9.8,per_usd
2000-10-05,9.8292,per_usd
2000-10-06,9.84,per_usd
2000-10-10,9.919,per_usd
2000-10-11,9.865,per_usd
2000-10-12,9.905,per_usd
2000-10-13,9.935,per_usd
2000-10-16,10.013,per_usd
2000-10-17,10.007,per_usd
2000-10-18,10.115,per_usd
2000-10-19,10.065,per_usd
2000-10-20,10.12,per_usd
2000-10-23,10.113,per_usd
2000-10-24,10.128,per_usd
2000-10-25,10.245,per_usd
2000-10-26,10.3,per_usd
2000-10-27,10.1238,per_usd
2000-10-30,10.06,per_usd
2000-10-31,9.997,per_usd
2000-11-01,9.892,per_usd
2000-11-02,9.912,per_usd
2000-11-03,9.915,per_usd
2000-11-06,9.998,per_usd
2000-11-07,10.001,per_usd
2000-11-08,10,per_usd
2000-11-09,10.022,per_usd
2000-11-10,9.9685,per_usd
2000-11-13,10.048,per_usd
2000-11-14,10.1048,per_usd
2000-11-15,10.094,per_usd
2000-11-16,10.14,per_usd
2000-11-17,10.17,per_usd
2000-11-20,10.2136,per_usd
2000-11-21,10.301,per_usd
2000-11-22,10.302,per_usd
2000-11-24,10.36,per_usd
2000-11-27,10.2425,per_usd
2000-11-28,10.1694,per_usd
2000-11-29,10.133,per_usd
2000-11-30,10.04,per_usd
2000-12-01,9.9,per_usd
2000-12-04,9.725,per_usd
2000-12-05,9.742,per_usd
2000-12-06,9.63,per_usd
2000-12-07,9.713,per_usd
2000-12-08,9.735,per_usd
2000-12-11,9.7205,per_usd
2000-12-12,9.7195,per_usd
2000-12-13,9.792,per_usd
2000-12-14,9.68,per_usd
2000-12-15,9.6,per_usd
2000-12-18,9.68,per_usd
2000-12-19,9.781,per_usd
2000-12-20,9.59,per_usd
2000-12-21,9.587,per_usd
2000-12-22,9.539,per_usd
2000-12-26,9.502,per_usd
2000-12-27,9.5725,per_usd
2000-12-28,9.555,per_usd
2000-12-29,9.444,per_usd
2001-01-02,9.415,per_usd
2001-01-03,9.445,per_usd
2001-01-04,9.422,per_usd
2001-01-05,9.338,per_usd
2001-01-08,9.418,per_usd
2001-01-09,9.498,per_usd
2001-01-10,9.4325,per_usd
2001-01-11,9.325,per_usd
2001-01-12,9.344,per_usd
2001-01-16,9.505,per_usd
2001-01-17,9.565,per_usd
2001-01-18,9.43,per_usd
2001-01-19,9.463,per_usd
2001-01-22,9.518,per_usd
2001-01-23,9.532,per_usd
2001-01-24,9.622,per_usd
2001-01-25,9.69,per_usd
2001-01-26,9.631,per_usd
2001-01-29,9.6442,per_usd
2001-01-30,9.551,per_usd
2001-01-31,9.5227,per_usd
2001-02-01,9.489,per_usd
2001-02-02,9.5125,per_usd
2001-02-05,9.51,per_usd
2001-02-06,9.567,per_usd
2001-02-07,9.5375,per_usd
2001-02-08,9.672,per_usd
2001-02-09,9.6325,per_usd
2001-02-12,9.662,per_usd
2001-02-13,9.7975,per_usd
2001-02-14,9.833,per_usd
2001-02-15,9.882,per_usd
2001-02-16,9.802,per_usd
2001-02-20,9.8765,per_usd
2001-02-21,9.94,per_usd
2001-02-22,9.973,per_usd
2001-02-23,9.953,per_usd
2001-02-26,9.922,per_usd
2001-02-27,9.908,per_usd
2001-02-28,9.815,per_usd
2001-03-01,9.7325,per_usd
2001-03-02,9.682,per_usd
2001-03-05,9.745,per_usd
2001-03-06,9.673,per_usd
2001-03-07,9.752,per_usd
2001-03-08,9.746,per_usd
2001-03-09,9.7575,per_usd
2001-03-12,9.83,per_usd
2001-03-13,10.0135,per_usd
2001-03-14,10.0101,per_usd
2001-03-15,10.098,per_usd
2001-03-16,10.249,per_usd
2001-03-19,10.195,per_usd
2001-03-20,10.126,per_usd
2001-03-21,10.254,per_usd
2001-03-22,10.43,per_usd
2001-03-23,10.253,per_usd
2001-03-26,10.222,per_usd
2001-03-27,10.237,per_usd
2001-03-28,10.341,per_usd
2001-03-29,10.4075,per_usd
2001-03-30,10.38,per_usd
2001-04-02,10.385,per_usd
2001-04-03,10.272,per_usd
2001-04-04,10.234,per_usd
2001-04-05,10.191,per_usd
2001-04-06,10.115,per_usd
2001-04-09,10.131,per_usd
2001-04-10,10.175,per_usd
2001-04-11,10.21,per_usd
2001-04-12,10.128,per_usd
2001-04-13,10.175,per_usd
2001-04-16,10.193,per_usd
2001-04-17,10.2902,per_usd
2001-04-18,10.28,per_usd
2001-04-19,10.137,per_usd
2001-04-20,10.082,per_usd
2001-04-23,10.212,per_usd
2001-04-24,10.253,per_usd
2001-04-25,10.223,per_usd
2001-04-26,10.1345,per_usd
2001-04-27,10.1925,per_usd
2001-04-30,10.26,per_usd
2001-05-01,10.208,per_usd
2001-05-02,10.236,per_usd
2001-05-03,10.27,per_usd
2001-05-04,10.2,per_usd
2001-05-07,10.236,per_usd
2001-05-08,10.293,per_usd
2001-05-09,10.284,per_usd
2001-05-10,10.29,per_usd
2001-05-11,10.258,per_usd
2001-05-14,10.325,per_usd
2001-05-15,10.253,per_usd
2001-05-16,10.268,per_usd
2001-05-17,10.223,per_usd
2001-05-18,10.25,per_usd
2001-05-21,10.2425,per_usd
2001-05-22,10.37,per_usd
2001-05-23,10.507,per_usd
2001-05-24,10.525,per_usd
2001-05-25,10.535,per_usd
2001-05-29,10.573,per_usd
2001-05-30,10.592,per_usd
2001-05-31,10.79,per_usd
2001-06-01,10.851,per_usd
2001-06-04,10.9225,per_usd
2001-06-05,10.83,per_usd
2001-06-06,10.924,per_usd
2001-06-07,10.95,per_usd
2001-06-08,10.935,per_usd
2001-06-11,11.027,per_usd
2001-06-12,11.002,per_usd
2001-06-13,10.79,per_usd
2001-06-14,10.707,per_usd
2001-06-15,10.57,per_usd
2001-06-18,10.512,per_usd
2001-06-19,10.626,per_usd
2001-06-20,10.72,per_usd
2001-06-21,10.7435,per_usd
2001-06-22,10.7045,per_usd
2001-06-25,10.642,per_usd
2001-06-26,10.7315,per_usd
2001-06-27,10.735,per_usd
2001-06-28,10.85,per_usd
2001-06-29,10.881,per_usd
2001-07-02,10.955,per_usd
2001-07-03,10.87,per_usd
2001-07-05,11,per_usd
2001-07-06,10.955,per_usd
2001-07-09,10.972,per_usd
2001-07-10,10.84,per_usd
2001-07-11,10.808,per_usd
2001-07-12,10.86,per_usd
2001-07-13,10.813,per_usd
2001-07-16,10.764,per_usd
2001-07-17,10.776,per_usd
2001-07-18,10.605,per_usd
2001-07-19,10.658,per_usd
2001-07-20,10.648,per_usd
2001-07-23,10.718,per_usd
2001-07-24,10.658,per_usd
2001-07-25,10.628,per_usd
2001-07-26,10.618,per_usd
2001-07-27,10.59,per_usd
2001-07-30,10.605,per_usd
2001-07-31,10.625,per_usd
2001-08-01,10.572,per_usd
2001-08-02,10.4755,per_usd
2001-08-03,10.373,per_usd
2001-08-06,10.422,per_usd
2001-08-07,10.4355,per_usd
2001-08-08,10.422,per_usd
2001-08-09,10.301,per_usd
2001-08-10,10.2875,per_usd
2001-08-13,10.274,per_usd
2001-08-14,10.23,per_usd
2001-08-15,10.156,per_usd
2001-08-16,10.168,per_usd
2001-08-17,10.1725,per_usd
2001-08-20,10.374,per_usd
2001-08-21,10.355,per_usd
2001-08-22,10.2575,per_usd
2001-08-23,10.304,per_usd
2001-08-24,10.279,per_usd
2001-08-27,10.29,per_usd
2001-08-28,10.325,per_usd
2001-08-29,10.382,per_usd
2001-08-30,10.37,per_usd
2001-08-31,10.431,per_usd
2001-09-04,10.715,per_usd
2001-09-05,10.64,per_usd
2001-09-06,10.585,per_usd
2001-09-07,10.543,per_usd
2001-09-10,10.63,per_usd
2001-09-12,10.57,per_usd
2001-09-13,10.5585,per_usd
2001-09-14,10.5103,per_usd
2001-09-17,10.4975,per_usd
2001-09-18,10.5522,per_usd
2001-09-19,10.4653,per_usd
2001-09-20,10.5899,per_usd
2001-09-21,10.9016,per_usd
2001-09-24,10.8193,per_usd
2001-09-25,10.7032,per_usd
2001-09-26,10.7472,per_usd
2001-09-27,10.7207,per_usd
2001-09-28,10.6871,per_usd
2001-10-01,10.6207,per_usd
2001-10-02,10.6661,per_usd
2001-10-03,10.6166,per_usd
2001-10-04,10.6219,per_usd
2001-10-05,10.5845,per_usd
2001-10-09,10.526,per_usd
2001-10-10,10.585,per_usd
2001-10-11,10.5575,per_usd
2001-10-12,10.458,per_usd
2001-10-15,10.4485,per_usd
2001-10-16,10.433,per_usd
2001-10-17,10.408,per_usd
2001-10-18,10.4625,per_usd
2001-10-19,10.554,per_usd
2001-10-22,10.692,per_usd
2001-10-23,10.652,per_usd
2001-10-24,10.606,per_usd
2001-10-25,10.568,per_usd
2001-10-26,10.5825,per_usd
2001-10-29,10.5175,per_usd
2001-10-30,10.622,per_usd
2001-10-31,10.671,per_usd
2001-11-01,10.58,per_usd
2001-11-02,10.5758,per_usd
2001-11-05,10.599,per_usd
2001-11-06,10.558,per_usd
2001-11-07,10.4685,per_usd
2001-11-08,10.536,per_usd
2001-11-09,10.5603,per_usd
2001-11-13,10.624,per_usd
2001-11-14,10.591,per_usd
2001-11-15,10.585,per_usd
2001-11-16,10.602,per_usd
2001-11-19,10.676,per_usd
2001-11-20,10.658,per_usd
2001-11-21,10.6975,per_usd
2001-11-23,10.668,per_usd
2001-11-26,10.62,per_usd
2001-11-27,10.63,per_usd
2001-11-28,10.656,per_usd
2001-11-29,10.675,per_usd
2001-11-30,10.674,per_usd
2001-12-03,10.7285,per_usd
2001-12-04,10.66,per_usd
2001-12-05,10.61,per_usd
2001-12-06,10.498,per_usd
2001-12-07,10.461,per_usd
2001-12-10,10.504,per_usd
2001-12-11,10.516,per_usd
2001-12-12,10.491,per_usd
2001-12-13,10.438,per_usd
2001-12-14,10.493,per_usd
2001-12-17,10.455,per_usd
2001-12-18,10.493,per_usd
2001-12-19,10.499,per_usd
2001-12-20,10.593,per_usd
2001-12-21,10.678,per_usd
2001-12-24,10.823,per_usd
2001-12-26,10.843,per_usd
2001-12-27,10.705,per_usd
2001-12-28,10.56,per_usd
2001-12-31,10.4571,per_usd
2002-01-02,10.269,per_usd
2002-01-03,10.2925,per_usd
2002-01-04,10.312,per_usd
2002-01-07,10.3325,per_usd
2002-01-08,10.395,per_usd
2002-01-09,10.395,per_usd
2002-01-10,10.294,per_usd
2002-01-11,10.296,per_usd
2002-01-14,10.342,per_usd
2002-01-15,10.3485,per_usd
2002-01-16,10.475,per_usd
2002-01-17,10.529,per_usd
2002-01-18,10.435,per_usd
2002-01-22,10.48,per_usd
2002-01-23,10.477,per_usd
2002-01-24,10.517,per_usd
2002-01-25,10.675,per_usd
2002-01-28,10.729,per_usd
2002-01-29,10.6625,per_usd
2002-01-30,10.6506,per_usd
2002-01-31,10.672,per_usd
2002-02-01,10.68,per_usd
2002-02-04,10.639,per_usd
2002-02-05,10.6575,per_usd
2002-02-06,10.61,per_usd
2002-02-07,10.6345,per_usd
2002-02-08,10.601,per_usd
2002-02-11,10.555,per_usd
2002-02-12,10.567,per_usd
2002-02-13,10.585,per_usd
2002-02-14,10.5475,per_usd
2002-02-15,10.5,per_usd
2002-02-19,10.495,per_usd
2002-02-20,10.565,per_usd
2002-02-21,10.4995,per_usd
2002-02-22,10.445,per_usd
2002-02-25,10.436,per_usd
2002-02-26,10.469,per_usd
2002-02-27,10.495,per_usd
2002-02-28,10.47,per_usd
2002-03-01,10.5,per_usd
2002-03-04,10.3925,per_usd
2002-03-05,10.389,per_usd
2002-03-06,10.316,per_usd
2002-03-07,10.309,per_usd
2002-03-08,10.372,per_usd
2002-03-11,10.353,per_usd
2002-03-12,10.394,per_usd
2002-03-13,10.4075,per_usd
2002-03-14,10.36,per_usd
2002-03-15,10.337,per_usd
2002-03-18,10.285,per_usd
2002-03-19,10.265,per_usd
2002-03-20,10.209,per_usd
2002-03-21,10.1975,per_usd
2002-03-22,10.255,per_usd
2002-03-25,10.2765,per_usd
2002-03-26,10.276,per_usd
2002-03-27,10.351,per_usd
2002-03-28,10.372,per_usd
2002-03-29,10.363,per_usd
2002-04-01,10.237,per_usd
2002-04-02,10.281,per_usd
2002-04-03,10.302,per_usd
2002-04-04,10.325,per_usd
2002-04-05,10.25,per_usd
2002-04-08,10.3675,per_usd
2002-04-09,10.3275,per_usd
2002-04-10,10.355,per_usd
2002-04-11,10.284,per_usd
2002-04-12,10.3155,per_usd
2002-04-15,10.3635,per_usd
2002-04-16,10.382,per_usd
2002-04-17,10.29,per_usd
2002-04-18,10.329,per_usd
2002-04-19,10.29,per_usd
2002-04-22,10.3685,per_usd
2002-04-23,10.321,per_usd
2002-04-24,10.313,per_usd
2002-04-25,10.2785,per_usd
2002-04-26,10.273,per_usd
2002-04-29,10.222,per_usd
2002-04-30,10.28,per_usd
2002-05-01,10.219,per_usd
2002-05-02,10.262,per_usd
2002-05-03,10.158,per_usd
2002-05-06,10.116,per_usd
2002-05-07,10.259,per_usd
2002-05-08,10.295,per_usd
2002-05-09,10.228,per_usd
2002-05-10,10.241,per_usd
2002-05-13,10.269,per_usd
2002-05-14,10.252,per_usd
2002-05-15,10.16,per_usd
2002-05-16,10.15,per_usd
2002-05-17,10.017,per_usd
2002-05-20,9.9955,per_usd
2002-05-21,9.983,per_usd
2002-05-22,9.869,per_usd
2002-05-23,9.886,per_usd
2002-05-24,9.908,per_usd
2002-05-28,9.864,per_usd
2002-05-29,9.815,per_usd
2002-05-30,9.721,per_usd
2002-05-31,9.7445,per_usd
2002-06-03,9.69,per_usd
2002-06-04,9.7,per_usd
2002-06-05,9.732,per_usd
2002-06-06,9.694,per_usd
2002-06-07,9.756,per_usd
2002-06-10,9.7325,per_usd
2002-06-11,9.686,per_usd
2002-06-12,9.685,per_usd
2002-06-13,9.7,per_usd
2002-06-14,9.684,per_usd
2002-06-17,9.592,per_usd
2002-06-18,9.564,per_usd
2002-06-19,9.53,per_usd
2002-06-20,9.386,per_usd
2002-06-21,9.3277,per_usd
2002-06-24,9.2625,per_usd
2002-06-25,9.34,per_usd
2002-06-26,9.271,per_usd
2002-06-27,9.2125,per_usd
2002-06-28,9.207,per_usd
2002-07-01,9.199,per_usd
2002-07-02,9.214,per_usd
2002-07-03,9.286,per_usd
2002-07-05,9.375,per_usd
2002-07-08,9.295,per_usd
2002-07-09,9.2875,per_usd
2002-07-10,9.395,per_usd
2002-07-11,9.353,per_usd
2002-07-12,9.322,per_usd
2002-07-15,9.199,per_usd
2002-07-16,9.244,per_usd
2002-07-17,9.233,per_usd
2002-07-18,9.245,per_usd
2002-07-19,9.23,per_usd
2002-07-22,9.4055,per_usd
2002-07-23,9.553,per_usd
2002-07-24,9.5685,per_usd
2002-07-25,9.42,per_usd
2002-07-26,9.448,per_usd
2002-07-29,9.478,per_usd
2002-07-30,9.377,per_usd
2002-07-31,9.515,per_usd
2002-08-01,9.552,per_usd
2002-08-02,9.572,per_usd
2002-08-05,9.556,per_usd
2002-08-06,9.6855,per_usd
2002-08-07,9.587,per_usd
2002-08-08,9.65,per_usd
2002-08-09,9.56,per_usd
2002-08-12,9.508,per_usd
2002-08-13,9.449,per_usd
2002-08-14,9.372,per_usd
2002-08-15,9.408,per_usd
2002-08-16,9.384,per_usd
2002-08-19,9.444,per_usd
2002-08-20,9.405,per_usd
2002-08-21,9.347,per_usd
2002-08-22,9.498,per_usd
2002-08-23,9.457,per_usd
2002-08-26,9.385,per_usd
2002-08-27,9.2875,per_usd
2002-08-28,9.307,per_usd
2002-08-29,9.328,per_usd
2002-08-30,9.4,per_usd
2002-09-03,9.369,per_usd
2002-09-04,9.35,per_usd
2002-09-05,9.346,per_usd
2002-09-06,9.3696,per_usd
2002-09-09,9.3725,per_usd
2002-09-10,9.4255,per_usd
2002-09-11,9.416,per_usd
2002-09-12,9.419,per_usd
2002-09-13,9.452,per_usd
2002-09-16,9.364,per_usd
2002-09-17,9.413,per_usd
2002-09-18,9.303,per_usd
2002-09-19,9.243,per_usd
2002-09-20,9.193,per_usd
2002-09-23,9.243,per_usd
2002-09-24,9.268,per_usd
2002-09-25,9.3053,per_usd
2002-09-26,9.371,per_usd
2002-09-27,9.304,per_usd
2002-09-30,9.274,per_usd
2002-10-01,9.219,per_usd
2002-10-02,9.221,per_usd
2002-10-03,9.198,per_usd
2002-10-04,9.258,per_usd
2002-10-07,9.275,per_usd
2002-10-08,9.353,per_usd
2002-10-09,9.29,per_usd
2002-10-10,9.2775,per_usd
2002-10-11,9.246,per_usd
2002-10-15,9.241,per_usd
2002-10-16,9.242,per_usd
2002-10-17,9.3825,per_usd
2002-10-18,9.384,per_usd
2002-10-21,9.335,per_usd
2002-10-22,9.3445,per_usd
2002-10-23,9.385,per_usd
2002-10-24,9.37,per_usd
2002-10-25,9.3405,per_usd
2002-10-28,9.242,per_usd
2002-10-29,9.2505,per_usd
2002-10-30,9.218,per_usd
2002-10-31,9.1885,per_usd
2002-11-01,9.13,per_usd
2002-11-04,9.165,per_usd
2002-11-05,9.146,per_usd
2002-11-06,9.137,per_usd
2002-11-07,9.0515,per_usd
2002-11-08,8.9708,per_usd
2002-11-12,8.988,per_usd
2002-11-13,9.015,per_usd
2002-11-14,9.053,per_usd
2002-11-15,9.01,per_usd
2002-11-18,8.989,per_usd
2002-11-19,8.997,per_usd
2002-11-20,9.05,per_usd
2002-11-21,9.018,per_usd
2002-11-22,9.0395,per_usd
2002-11-25,9.097,per_usd
2002-11-26,9.1365,per_usd
2002-11-27,9.169,per_usd
2002-11-29,9.076,per_usd
2002-12-02,9.0745,per_usd
2002-12-03,9.064,per_usd
2002-12-04,9.075,per_usd
2002-12-05,9.07,per_usd
2002-12-06,9.009,per_usd
2002-12-09,9.012,per_usd
2002-12-10,9.03,per_usd
2002-12-11,9.021,per_usd
2002-12-12,8.9445,per_usd
2002-12-13,8.943,per_usd
2002-12-16,8.902,per_usd
2002-12-17,8.8695,per_usd
2002-12-18,8.868,per_usd
2002-12-19,8.916,per_usd
2002-12-20,8.865,per_usd
2002-12-23,8.93,per_usd
2002-12-24,8.864,per_usd
2002-12-26,8.811,per_usd
2002-12-27,8.813,per_usd
2002-12-30,8.76,per_usd
2002-12-31,8.695,per_usd
2003-01-02,8.792,per_usd
2003-01-03,8.717,per_usd
2003-01-06,8.677,per_usd
2003-01-07,8.695,per_usd
2003-01-08,8.694,per_usd
2003-01-09,8.713,per_usd
2003-01-10,8.678,per_usd
2003-01-13,8.6985,per_usd
2003-01-14,8.672,per_usd
2003-01-15,8.67,per_usd
2003-01-16,8.676,per_usd
2003-01-17,8.6245,per_usd
2003-01-21,8.656,per_usd
2003-01-22,8.623,per_usd
2003-01-23,8.6,per_usd
2003-01-24,8.525,per_usd
2003-01-27,8.525,per_usd
2003-01-28,8.533,per_usd
2003-01-29,8.475,per_usd
2003-01-30,8.515,per_usd
2003-01-31,8.614,per_usd
2003-02-03,8.565,per_usd
2003-02-04,8.493,per_usd
2003-02-05,8.535,per_usd
2003-02-06,8.475,per_usd
2003-02-07,8.49,per_usd
2003-02-10,8.545,per_usd
2003-02-11,8.512,per_usd
2003-02-12,8.5245,per_usd
2003-02-13,8.41,per_usd
2003-02-14,8.443,per_usd
2003-02-18,8.524,per_usd
2003-02-19,8.477,per_usd
2003-02-20,8.411,per_usd
2003-02-21,8.46,per_usd
2003-02-24,8.465,per_usd
2003-02-25,8.453,per_usd
2003-02-26,8.421,per_usd
2003-02-27,8.482,per_usd
2003-02-28,8.505,per_usd
2003-03-03,8.497,per_usd
2003-03-04,8.425,per_usd
2003-03-05,8.378,per_usd
2003-03-06,8.365,per_usd
2003-03-07,8.373,per_usd
2003-03-10,8.367,per_usd
2003-03-11,8.449,per_usd
2003-03-12,8.431,per_usd
2003-03-13,8.5,per_usd
2003-03-14,8.577,per_usd
2003-03-17,8.668,per_usd
2003-03-18,8.699,per_usd
2003-03-19,8.675,per_usd
2003-03-20,8.639,per_usd
2003-03-21,8.703,per_usd
2003-03-24,8.675,per_usd
2003-03-25,8.673,per_usd
2003-03-26,8.653,per_usd
2003-03-27,8.6425,per_usd
2003-03-28,8.561,per_usd
2003-03-31,8.4735,per_usd
2003-04-01,8.483,per_usd
2003-04-02,8.585,per_usd
2003-04-03,8.565,per_usd
2003-04-04,8.5927,per_usd
2003-04-07,8.6425,per_usd
2003-04-08,8.568,per_usd
2003-04-09,8.527,per_usd
2003-04-10,8.475,per_usd
2003-04-11,8.49,per_usd
2003-04-14,8.473,per_usd
2003-04-15,8.484,per_usd
2003-04-16,8.424,per_usd
2003-04-17,8.402,per_usd
2003-04-18,8.4125,per_usd
2003-04-21,8.42,per_usd
2003-04-22,8.335,per_usd
2003-04-23,8.319,per_usd
2003-04-24,8.25,per_usd
2003-04-25,8.264,per_usd
2003-04-28,8.323,per_usd
2003-04-29,8.285,per_usd
2003-04-30,8.17,per_usd
2003-05-01,8.118,per_usd
2003-05-02,8.147,per_usd
2003-05-05,8.067,per_usd
2003-05-06,8.0055,per_usd
2003-05-07,8.025,per_usd
2003-05-08,7.965,per_usd
2003-05-09,7.972,per_usd
2003-05-12,7.944,per_usd
2003-05-13,7.981,per_usd
2003-05-14,7.982,per_usd
2003-05-15,7.9958,per_usd
2003-05-16,7.925,per_usd
2003-05-19,7.857,per_usd
2003-05-20,7.865,per_usd
2003-05-21,7.826,per_usd
2003-05-22,7.8285,per_usd
2003-05-23,7.792,per_usd
2003-05-27,7.753,per_usd
2003-05-28,7.786,per_usd
2003-05-29,7.7479,per_usd
2003-05-30,7.7654,per_usd
2003-06-02,7.773,per_usd
2003-06-03,7.7945,per_usd
2003-06-04,7.8008,per_usd
2003-06-05,7.6745,per_usd
2003-06-06,7.799,per_usd
2003-06-09,7.7745,per_usd
2003-06-10,7.799,per_usd
2003-06-11,7.7275,per_usd
2003-06-12,7.725,per_usd
2003-06-13,7.6835,per_usd
2003-06-16,7.671,per_usd
2003-06-17,7.678,per_usd
2003-06-18,7.746,per_usd
2003-06-19,7.7668,per_usd
2003-06-20,7.812,per_usd
2003-06-23,7.892,per_usd
2003-06-24,7.962,per_usd
2003-06-25,7.91,per_usd
2003-06-26,8.026,per_usd
2003-06-27,8.031,per_usd
2003-06-30,7.9985,per_usd
2003-07-01,7.966,per_usd
2003-07-02,7.9795,per_usd
2003-07-03,7.9752,per_usd
2003-07-07,8.1336,per_usd
2003-07-08,8.126,per_usd
2003-07-09,8.089,per_usd
2003-07-10,8.0286,per_usd
2003-07-11,8.096,per_usd
2003-07-14,8.085,per_usd
2003-07-15,8.15,per_usd
2003-07-16,8.182,per_usd
2003-07-17,8.2675,per_usd
2003-07-18,8.2328,per_usd
2003-07-21,8.175,per_usd
2003-07-22,8.195,per_usd
2003-07-23,8.024,per_usd
2003-07-24,8.0516,per_usd
2003-07-25,7.993,per_usd
2003-07-28,7.9865,per_usd
2003-07-29,8.0108,per_usd
2003-07-30,8.077,per_usd
2003-07-31,8.22,per_usd
2003-08-01,8.2235,per_usd
2003-08-04,8.146,per_usd
2003-08-05,8.135,per_usd
2003-08-06,8.1075,per_usd
2003-08-07,8.085,per_usd
2003-08-08,8.133,per_usd
2003-08-11,8.16,per_usd
2003-08-12,8.166,per_usd
2003-08-13,8.1565,per_usd
2003-08-14,8.188,per_usd
2003-08-15,8.206,per_usd
2003-08-18,8.3134,per_usd
2003-08-19,8.3505,per_usd
2003-08-20,8.3229,per_usd
2003-08-21,8.3893,per_usd
2003-08-22,8.5095,per_usd
2003-08-25,8.495,per_usd
2003-08-26,8.52,per_usd
2003-08-27,8.483,per_usd
2003-08-28,8.4693,per_usd
2003-08-29,8.3644,per_usd
2003-09-02,8.4345,per_usd
2003-09-03,8.4065,per_usd
2003-09-04,8.3667,per_usd
2003-09-05,8.2312,per_usd
2003-09-08,8.204,per_usd
2003-09-09,8.1685,per_usd
2003-09-10,8.165,per_usd
2003-09-11,8.1245,per_usd
2003-09-12,8.04,per_usd
2003-09-15,8.097,per_usd
2003-09-16,8.145,per_usd
2003-09-17,8.062,per_usd
2003-09-18,8.0445,per_usd
2003-09-19,7.9875,per_usd
2003-09-22,7.8875,per_usd
2003-09-23,7.78,per_usd
2003-09-24,7.7445,per_usd
2003-09-25,7.7495,per_usd
2003-09-26,7.8017,per_usd
2003-09-29,7.704,per_usd
2003-09-30,7.7502,per_usd
2003-10-01,7.7285,per_usd
2003-10-02,7.67,per_usd
2003-10-03,7.7685,per_usd
2003-10-06,7.65,per_usd
2003-10-07,7.6175,per_usd
2003-10-08,7.597,per_usd
2003-10-09,7.686,per_usd
2003-10-10,7.635,per_usd
2003-10-14,7.6475,per_usd
2003-10-15,7.689,per_usd
2003-10-16,7.698,per_usd
2003-10-17,7.723,per_usd
2003-10-20,7.7676,per_usd
2003-10-21,7.7315,per_usd
2003-10-22,7.625,per_usd
2003-10-23,7.674,per_usd
2003-10-24,7.6753,per_usd
2003-10-27,7.725,per_usd
2003-10-28,7.7478,per_usd
2003-10-29,7.7181,per_usd
2003-10-30,7.718,per_usd
2003-10-31,7.814,per_usd
2003-11-03,7.915,per_usd
2003-11-04,7.855,per_usd
2003-11-05,7.8675,per_usd
2003-11-06,7.8865,per_usd
2003-11-07,7.7987,per_usd
2003-11-10,7.7875,per_usd
2003-11-12,7.7,per_usd
2003-11-13,7.6475,per_usd
2003-11-14,7.6279,per_usd
2003-11-17,7.6407,per_usd
2003-11-18,7.54,per_usd
2003-11-19,7.5385,per_usd
2003-11-20,7.549,per_usd
2003-11-21,7.52,per_usd
2003-11-24,7.622,per_usd
2003-11-25,7.6125,per_usd
2003-11-26,7.578,per_usd
2003-11-28,7.551,per_usd
2003-12-01,7.542,per_usd
2003-12-02,7.46,per_usd
2003-12-03,7.419,per_usd
2003-12-04,7.43,per_usd
2003-12-05,7.3635,per_usd
2003-12-08,7.314,per_usd
2003-12-09,7.305,per_usd
2003-12-10,7.3446,per_usd
2003-12-11,7.3848,per_usd
2003-12-12,7.302,per_usd
2003-12-15,7.342,per_usd
2003-12-16,7.3275,per_usd
2003-12-17,7.285,per_usd
2003-12-18,7.338,per_usd
2003-12-19,7.326,per_usd
2003-12-22,7.325,per_usd
2003-12-23,7.315,per_usd
2003-12-24,7.298,per_usd
2003-12-26,7.32,per_usd
2003-12-29,7.27,per_usd
2003-12-30,7.262,per_usd
2003-12-31,7.195,per_usd
2004-01-02,7.1903,per_usd
2004-01-05,7.1671,per_usd
2004-01-06,7.1347,per_usd
2004-01-07,7.18,per_usd
2004-01-08,7.138,per_usd
2004-01-09,7.085,per_usd
2004-01-12,7.126,per_usd
2004-01-13,7.1761,per_usd
2004-01-14,7.2175,per_usd
2004-01-15,7.291,per_usd
2004-01-16,7.4085,per_usd
2004-01-20,7.288,per_usd
2004-01-21,7.216,per_usd
2004-01-22,7.169,per_usd
2004-01-23,7.257,per_usd
2004-01-26,7.308,per_usd
2004-01-27,7.245,per_usd
2004-01-28,7.249,per_usd
2004-01-29,7.41,per_usd
2004-01-30,7.412,per_usd
2004-02-02,7.3927,per_usd
2004-02-03,7.319,per_usd
2004-02-04,7.322,per_usd
2004-02-05,7.2985,per_usd
2004-02-06,7.183,per_usd
2004-02-09,7.205,per_usd
2004-02-10,7.174,per_usd
2004-02-11,7.1295,per_usd
2004-02-12,7.138,per_usd
2004-02-13,7.161,per_usd
2004-02-17,7.158,per_usd
2004-02-18,7.18,per_usd
2004-02-19,7.2265,per_usd
2004-02-20,7.311,per_usd
2004-02-23,7.314,per_usd
2004-02-24,7.2565,per_usd
2004-02-25,7.3845,per_usd
2004-02-26,7.411,per_usd
2004-02-27,7.433,per_usd
2004-03-01,7.439,per_usd
2004-03-02,7.5925,per_usd
2004-03-03,7.6435,per_usd
2004-03-04,7.533,per_usd
2004-03-05,7.3975,per_usd
2004-03-08,7.408,per_usd
2004-03-09,7.366,per_usd
2004-03-10,7.497,per_usd
2004-03-11,7.5034,per_usd
2004-03-12,7.595,per_usd
2004-03-15,7.552,per_usd
2004-03-16,7.536,per_usd
2004-03-17,7.573,per_usd
2004-03-18,7.476,per_usd
2004-03-19,7.5244,per_usd
2004-03-22,7.4475,per_usd
2004-03-23,7.4975,per_usd
2004-03-24,7.601,per_usd
2004-03-25,7.624,per_usd
2004-03-26,7.662,per_usd
2004-03-29,7.6305,per_usd
2004-03-30,7.592,per_usd
2004-03-31,7.55,per_usd
2004-04-01,7.465,per_usd
2004-04-02,7.616,per_usd
2004-04-05,7.654,per_usd
2004-04-06,7.62,per_usd
2004-04-07,7.53,per_usd
2004-04-08,7.5825,per_usd
2004-04-09,7.578,per_usd
2004-04-12,7.605,per_usd
2004-04-13,7.6825,per_usd
2004-04-14,7.699,per_usd
2004-04-15,7.7185,per_usd
2004-04-16,7.65,per_usd
2004-04-19,7.661,per_usd
2004-04-20,7.702,per_usd
2004-04-21,7.733,per_usd
2004-04-22,7.71,per_usd
2004-04-23,7.751,per_usd
2004-04-26,7.696,per_usd
2004-04-27,7.6375,per_usd
2004-04-28,7.71,per_usd
2004-04-29,7.648,per_usd
2004-04-30,7.6425,per_usd
2004-05-03,7.66,per_usd
2004-05-04,7.57,per_usd
2004-05-05,7.5085,per_usd
2004-05-06,7.526,per_usd
2004-05-07,7.654,per_usd
2004-05-10,7.7526,per_usd
2004-05-11,7.7725,per_usd
2004-05-12,7.69,per_usd
2004-05-13,7.75,per_usd
2004-05-14,7.7435,per_usd
2004-05-17,7.65,per_usd
2004-05-18,7.635,per_usd
2004-05-19,7.576,per_usd
2004-05-20,7.607,per_usd
2004-05-21,7.555,per_usd
2004-05-24,7.597,per_usd
2004-05-25,7.55,per_usd
2004-05-26,7.5215,per_usd
2004-05-27,7.417,per_usd
2004-05-28,7.4579,per_usd
2004-06-01,7.4514,per_usd
2004-06-02,7.4525,per_usd
2004-06-03,7.497,per_usd
2004-06-04,7.4575,per_usd
2004-06-07,7.4123,per_usd
2004-06-08,7.4225,per_usd
2004-06-09,7.542,per_usd
2004-06-10,7.555,per_usd
2004-06-11,7.628,per_usd
2004-06-14,7.605,per_usd
2004-06-15,7.5448,per_usd
2004-06-16,7.621,per_usd
2004-06-17,7.6055,per_usd
2004-06-18,7.556,per_usd
2004-06-21,7.551,per_usd
2004-06-22,7.5825,per_usd
2004-06-23,7.591,per_usd
2004-06-24,7.532,per_usd
2004-06-25,7.546,per_usd
2004-06-28,7.499,per_usd
2004-06-29,7.5325,per_usd
2004-06-30,7.525,per_usd
2004-07-01,7.546,per_usd
2004-07-02,7.466,per_usd
2004-07-06,7.4761,per_usd
2004-07-07,7.415,per_usd
2004-07-08,7.413,per_usd
2004-07-09,7.4276,per_usd
2004-07-12,7.421,per_usd
2004-07-13,7.485,per_usd
2004-07-14,7.44,per_usd
2004-07-15,7.4281,per_usd
2004-07-16,7.391,per_usd
2004-07-19,7.399,per_usd
2004-07-20,7.439,per_usd
2004-07-21,7.5175,per_usd
2004-07-22,7.494,per_usd
2004-07-23,7.587,per_usd
2004-07-26,7.5825,per_usd
2004-07-27,7.637,per_usd
2004-07-28,7.656,per_usd
2004-07-29,7.6545,per_usd
2004-07-30,7.6805,per_usd
2004-08-02,7.659,per_usd
2004-08-03,7.6375,per_usd
2004-08-04,7.634,per_usd
2004-08-05,7.6275,per_usd
2004-08-06,7.486,per_usd
2004-08-09,7.491,per_usd
2004-08-10,7.472,per_usd
2004-08-11,7.5285,per_usd
2004-08-12,7.531,per_usd
2004-08-13,7.465,per_usd
2004-08-16,7.481,per_usd
2004-08-17,7.486,per_usd
2004-08-18,7.502,per_usd
2004-08-19,7.449,per_usd
2004-08-20,7.464,per_usd
2004-08-23,7.525,per_usd
2004-08-24,7.574,per_usd
2004-08-25,7.58,per_usd
2004-08-26,7.558,per_usd
2004-08-27,7.584,per_usd
2004-08-30,7.5694,per_usd
2004-08-31,7.492,per_usd
2004-09-01,7.4925,per_usd
2004-09-02,7.5045,per_usd
2004-09-03,7.574,per_usd
2004-09-07,7.549,per_usd
2004-09-08,7.491,per_usd
2004-09-09,7.468,per_usd
2004-09-10,7.406,per_usd
2004-09-13,7.424,per_usd
2004-09-14,7.422,per_usd
2004-09-15,7.5235,per_usd
2004-09-16,7.5026,per_usd
2004-09-17,7.47,per_usd
2004-09-20,7.449,per_usd
2004-09-21,7.3827,per_usd
2004-09-22,7.386,per_usd
2004-09-23,7.344,per_usd
2004-09-24,7.3849,per_usd
2004-09-27,7.3595,per_usd
2004-09-28,7.365,per_usd
2004-09-29,7.36,per_usd
2004-09-30,7.289,per_usd
2004-10-01,7.275,per_usd
2004-10-04,7.381,per_usd
2004-10-05,7.3412,per_usd
2004-10-06,7.3475,per_usd
2004-10-07,7.36,per_usd
2004-10-08,7.303,per_usd
2004-10-12,7.368,per_usd
2004-10-13,7.3825,per_usd
2004-10-14,7.34,per_usd
2004-10-15,7.29,per_usd
2004-10-18,7.25,per_usd
2004-10-19,7.2572,per_usd
2004-10-20,7.1776,per_usd
2004-10-21,7.2,per_usd
2004-10-22,7.1968,per_usd
2004-10-25,7.0953,per_usd
2004-10-26,7.0723,per_usd
2004-10-27,7.088,per_usd
2004-10-28,7.0839,per_usd
2004-10-29,7.0974,per_usd
2004-11-01,7.0997,per_usd
2004-11-02,7.1406,per_usd
2004-11-03,7.088,per_usd
2004-11-04,7.0536,per_usd
2004-11-05,7.0236,per_usd
2004-11-08,7.0252,per_usd
2004-11-09,7.0393,per_usd
2004-11-10,7.0139,per_usd
2004-11-12,6.914,per_usd
2004-11-15,6.9166,per_usd
2004-11-16,6.8948,per_usd
2004-11-17,6.8858,per_usd
2004-11-18,6.9108,per_usd
2004-11-19,6.8557,per_usd
2004-11-22,6.8708,per_usd
2004-11-23,6.8497,per_usd
2004-11-24,6.783,per_usd
2004-11-26,6.7119,per_usd
2004-11-29,6.7007,per_usd
2004-11-30,6.7363,per_usd
2004-12-01,6.7168,per_usd
2004-12-02,6.7638,per_usd
2004-12-03,6.6522,per_usd
2004-12-06,6.6343,per_usd
2004-12-07,6.6315,per_usd
2004-12-08,6.7733,per_usd
2004-12-09,6.7723,per_usd
2004-12-10,6.8043,per_usd
2004-12-13,6.7221,per_usd
2004-12-14,6.7593,per_usd
2004-12-15,6.6827,per_usd
2004-12-16,6.758,per_usd
2004-12-17,6.746,per_usd
2004-12-20,6.6773,per_usd
2004-12-21,6.717,per_usd
2004-12-22,6.738,per_usd
2004-12-23,6.6972,per_usd
2004-12-24,6.6685,per_usd
2004-12-27,6.608,per_usd
2004-12-28,6.5939,per_usd
2004-12-29,6.6216,per_usd
2004-12-30,6.6215,per_usd
2004-12-31,6.6687,per_usd
2005-01-03,6.6855,per_usd
2005-01-04,6.8144,per_usd
2005-01-05,6.7911,per_usd
2005-01-06,6.8655,per_usd
2005-01-07,6.92,per_usd
2005-01-10,6.8856,per_usd
2005-01-11,6.8616,per_usd
2005-01-12,6.8179,per_usd
2005-01-13,6.8465,per_usd
2005-01-14,6.905,per_usd
2005-01-18,6.9254,per_usd
2005-01-19,6.922,per_usd
2005-01-20,6.9711,per_usd
2005-01-21,6.9414,per_usd
2005-01-24,6.9516,per_usd
2005-01-25,7.0069,per_usd
2005-01-26,6.938,per_usd
2005-01-27,6.9725,per_usd
2005-01-28,6.9816,per_usd
2005-01-31,6.9779,per_usd
2005-02-01,6.9838,per_usd
2005-02-02,6.9673,per_usd
2005-02-03,7.008,per_usd
2005-02-04,7.0223,per_usd
2005-02-07,7.1114,per_usd
2005-02-08,7.1048,per_usd
2005-02-09,7.087,per_usd
2005-02-10,7.0565,per_usd
2005-02-11,7.0702,per_usd
2005-02-14,6.9948,per_usd
2005-02-15,6.9858,per_usd
2005-02-16,6.988,per_usd
2005-02-17,6.9557,per_usd
2005-02-18,6.967,per_usd
2005-02-22,6.8697,per_usd
2005-02-23,6.8783,per_usd
2005-02-24,6.8724,per_usd
2005-02-25,6.8701,per_usd
2005-02-28,6.8275,per_usd
2005-03-01,6.8621,per_usd
2005-03-02,6.9105,per_usd
2005-03-03,6.8863,per_usd
2005-03-04,6.822,per_usd
2005-03-07,6.8333,per_usd
2005-03-08,6.7716,per_usd
2005-03-09,6.7648,per_usd
2005-03-10,6.7627,per_usd
2005-03-11,6.7312,per_usd
2005-03-14,6.814,per_usd
2005-03-15,6.8264,per_usd
2005-03-16,6.7722,per_usd
2005-03-17,6.8021,per_usd
2005-03-18,6.8504,per_usd
2005-03-21,6.9274,per_usd
2005-03-22,6.9055,per_usd
2005-03-23,7.0185,per_usd
2005-03-24,7.0308,per_usd
2005-03-25,7.0451,per_usd
2005-03-28,7.0716,per_usd
2005-03-29,7.0682,per_usd
2005-03-30,7.0528,per_usd
2005-03-31,7.064,per_usd
2005-04-01,7.1093,per_usd
2005-04-04,7.1477,per_usd
2005-04-05,7.1438,per_usd
2005-04-06,7.1145,per_usd
2005-04-07,7.0919,per_usd
2005-04-08,7.0986,per_usd
2005-04-11,7.0564,per_usd
2005-04-12,7.1018,per_usd
2005-04-13,7.0796,per_usd
2005-04-14,7.1627,per_usd
2005-04-15,7.096,per_usd
2005-04-18,7.0513,per_usd
2005-04-19,7.0525,per_usd
2005-04-20,7.0194,per_usd
2005-04-21,7.014,per_usd
2005-04-22,7.0118,per_usd
2005-04-25,7.0368,per_usd
2005-04-26,7.0567,per_usd
2005-04-27,7.0646,per_usd
2005-04-28,7.0886,per_usd
2005-04-29,7.1123,per_usd
2005-05-02,7.158,per_usd
2005-05-03,7.1289,per_usd
2005-05-04,7.09,per_usd
2005-05-05,7.085,per_usd
2005-05-06,7.1411,per_usd
2005-05-09,7.1405,per_usd
2005-05-10,7.1499,per_usd
2005-05-11,7.2029,per_usd
2005-05-12,7.2549,per_usd
2005-05-13,7.2789,per_usd
2005-05-16,7.3081,per_usd
2005-05-17,7.2754,per_usd
2005-05-18,7.2561,per_usd
2005-05-19,7.2884,per_usd
2005-05-20,7.3069,per_usd
2005-05-23,7.2914,per_usd
2005-05-24,7.2841,per_usd
2005-05-25,7.2887,per_usd
2005-05-26,7.348,per_usd
2005-05-27,7.3144,per_usd
2005-05-31,7.4108,per_usd
2005-06-01,7.4735,per_usd
2005-06-02,7.446,per_usd
2005-06-03,7.469,per_usd
2005-06-06,7.4463,per_usd
2005-06-07,7.4373,per_usd
2005-06-08,7.4542,per_usd
2005-06-09,7.5313,per_usd
2005-06-10,7.6037,per_usd
2005-06-13,7.7112,per_usd
2005-06-14,7.701,per_usd
2005-06-15,7.6619,per_usd
2005-06-16,7.6663,per_usd
2005-06-17,7.527,per_usd
2005-06-20,7.6047,per_usd
2005-06-21,7.621,per_usd
2005-06-22,7.6708,per_usd
2005-06-23,7.7893,per_usd
2005-06-24,7.7652,per_usd
2005-06-27,7.7291,per_usd
2005-06-28,7.781,per_usd
2005-06-29,7.8114,per_usd
2005-06-30,7.8024,per_usd
2005-07-01,7.9218,per_usd
2005-07-05,7.9021,per_usd
2005-07-06,7.8774,per_usd
2005-07-07,7.8837,per_usd
2005-07-08,7.9145,per_usd
2005-07-11,7.8465,per_usd
2005-07-12,7.7225,per_usd
2005-07-13,7.7584,per_usd
2005-07-14,7.7762,per_usd
2005-07-15,7.8077,per_usd
2005-07-18,7.7829,per_usd
2005-07-19,7.8437,per_usd
2005-07-20,7.8461,per_usd
2005-07-21,7.807,per_usd
2005-07-22,7.8187,per_usd
2005-07-25,7.803,per_usd
2005-07-26,7.8618,per_usd
2005-07-27,7.8371,per_usd
2005-07-28,7.7526,per_usd
2005-07-29,7.7614,per_usd
2005-08-01,7.7058,per_usd
2005-08-02,7.6748,per_usd
2005-08-03,7.6073,per_usd
2005-08-04,7.5354,per_usd
2005-08-05,7.5716,per_usd
2005-08-08,7.557,per_usd
2005-08-09,7.567,per_usd
2005-08-10,7.5637,per_usd
2005-08-11,7.4762,per_usd
2005-08-12,7.4879,per_usd
2005-08-15,7.5165,per_usd
2005-08-16,7.5485,per_usd
2005-08-17,7.5935,per_usd
2005-08-18,7.6548,per_usd
2005-08-19,7.7121,per_usd
2005-08-22,7.6502,per_usd
2005-08-23,7.6475,per_usd
2005-08-24,7.6251,per_usd
2005-08-25,7.5806,per_usd
2005-08-26,7.5757,per_usd
2005-08-29,7.6241,per_usd
2005-08-30,7.6512,per_usd
2005-08-31,7.5599,per_usd
2005-09-01,7.4869,per_usd
2005-09-02,7.3936,per_usd
2005-09-06,7.448,per_usd
2005-09-07,7.4859,per_usd
2005-09-08,7.5163,per_usd
2005-09-09,7.4954,per_usd
2005-09-12,7.5615,per_usd
2005-09-13,7.6085,per_usd
2005-09-14,7.5869,per_usd
2005-09-15,7.6399,per_usd
2005-09-16,7.6509,per_usd
2005-09-19,7.683,per_usd
2005-09-20,7.6667,per_usd
2005-09-21,7.6468,per_usd
2005-09-22,7.6949,per_usd
2005-09-23,7.7628,per_usd
2005-09-26,7.7876,per_usd
2005-09-27,7.8136,per_usd
2005-09-28,7.8074,per_usd
2005-09-29,7.7639,per_usd
2005-09-30,7.729,per_usd
2005-10-03,7.8087,per_usd
2005-10-04,7.8054,per_usd
2005-10-05,7.7641,per_usd
2005-10-06,7.687,per_usd
2005-10-07,7.7048,per_usd
2005-10-11,7.7675,per_usd
2005-10-12,7.759,per_usd
2005-10-13,7.8836,per_usd
2005-10-14,7.8148,per_usd
2005-10-17,7.8574,per_usd
2005-10-18,7.9127,per_usd
2005-10-19,7.8818,per_usd
2005-10-20,7.9157,per_usd
2005-10-21,7.9695,per_usd
2005-10-24,7.9511,per_usd
2005-10-25,7.8476,per_usd
2005-10-26,7.865,per_usd
2005-10-27,7.8422,per_usd
2005-10-28,7.8794,per_usd
2005-10-31,7.9489,per_usd
2005-11-01,7.9958,per_usd
2005-11-02,7.9749,per_usd
2005-11-03,8.0252,per_usd
2005-11-04,8.1153,per_usd
2005-11-07,8.1391,per_usd
2005-11-08,8.1027,per_usd
2005-11-09,8.1609,per_usd
2005-11-10,8.1959,per_usd
2005-11-14,8.2037,per_usd
2005-11-15,8.2296,per_usd
2005-11-16,8.2434,per_usd
2005-11-17,8.2101,per_usd
2005-11-18,8.1667,per_usd
2005-11-21,8.1421,per_usd
2005-11-22,8.1248,per_usd
2005-11-23,8.054,per_usd
2005-11-25,8.0683,per_usd
2005-11-28,8.0139,per_usd
2005-11-29,8.0736,per_usd
2005-11-30,8.0733,per_usd
2005-12-01,8.1162,per_usd
2005-12-02,8.05,per_usd
2005-12-05,8.0071,per_usd
2005-12-06,7.9569,per_usd
2005-12-07,8.02,per_usd
2005-12-08,7.9729,per_usd
2005-12-09,7.9674,per_usd
2005-12-12,7.8748,per_usd
2005-12-13,7.9164,per_usd
2005-12-14,7.8323,per_usd
2005-12-15,7.9072,per_usd
2005-12-16,7.8679,per_usd
2005-12-19,7.8424,per_usd
2005-12-20,7.9606,per_usd
2005-12-21,7.9716,per_usd
2005-12-22,7.9618,per_usd
2005-12-23,7.9807,per_usd
2005-12-27,7.971,per_usd
2005-12-28,7.9226,per_usd
2005-12-29,7.9501,per_usd
2005-12-30,7.937,per_usd
2006-01-03,7.8097,per_usd
2006-01-04,7.7249,per_usd
2006-01-05,7.7092,per_usd
2006-01-06,7.6629,per_usd
2006-01-09,7.7165,per_usd
2006-01-10,7.7525,per_usd
2006-01-11,7.6956,per_usd
2006-01-12,7.7304,per_usd
2006-01-13,7.6967,per_usd
2006-01-17,7.7103,per_usd
2006-01-18,7.7155,per_usd
2006-01-19,7.7157,per_usd
2006-01-20,7.6893,per_usd
2006-01-23,7.5385,per_usd
2006-01-24,7.5429,per_usd
2006-01-25,7.5668,per_usd
2006-01-26,7.5645,per_usd
2006-01-27,7.6098,per_usd
2006-01-30,7.64,per_usd
2006-01-31,7.6029,per_usd
2006-02-01,7.6487,per_usd
2006-02-02,7.6718,per_usd
2006-02-03,7.7128,per_usd
2006-02-06,7.77,per_usd
2006-02-07,7.7684,per_usd
2006-02-08,7.768,per_usd
2006-02-09,7.7445,per_usd
2006-02-10,7.7873,per_usd
2006-02-13,7.8533,per_usd
2006-02-14,7.8439,per_usd
2006-02-15,7.8432,per_usd
2006-02-16,7.903,per_usd
2006-02-17,7.8654,per_usd
2006-02-21,7.8816,per_usd
2006-02-22,7.875,per_usd
2006-02-23,7.89,per_usd
2006-02-24,7.9213,per_usd
2006-02-27,7.9656,per_usd
2006-02-28,7.9154,per_usd
2006-03-01,7.9455,per_usd
2006-03-02,7.889,per_usd
2006-03-03,7.8605,per_usd
2006-03-06,7.8709,per_usd
2006-03-07,7.9604,per_usd
2006-03-08,7.9299,per_usd
2006-03-09,7.8913,per_usd
2006-03-10,7.8836,per_usd
2006-03-13,7.8531,per_usd
2006-03-14,7.796,per_usd
2006-03-15,7.7855,per_usd
2006-03-16,7.697,per_usd
2006-03-17,7.6491,per_usd
2006-03-20,7.6703,per_usd
2006-03-21,7.7559,per_usd
2006-03-22,7.7406,per_usd
2006-03-23,7.8028,per_usd
2006-03-24,7.773,per_usd
2006-03-27,7.7819,per_usd
2006-03-28,7.7599,per_usd
2006-03-29,7.8385,per_usd
2006-03-30,7.7509,per_usd
2006-03-31,7.7653,per_usd
2006-04-03,7.758,per_usd
2006-04-04,7.6444,per_usd
2006-04-05,7.6213,per_usd
2006-04-06,7.6323,per_usd
2006-04-07,7.7111,per_usd
2006-04-10,7.7476,per_usd
2006-04-11,7.6819,per_usd
2006-04-12,7.7091,per_usd
2006-04-13,7.6969,per_usd
2006-04-14,7.6934,per_usd
2006-04-17,7.579,per_usd
2006-04-18,7.5842,per_usd
2006-04-19,7.5257,per_usd
2006-04-20,7.5335,per_usd
2006-04-21,7.5575,per_usd
2006-04-24,7.55,per_usd
2006-04-25,7.5177,per_usd
2006-04-26,7.4795,per_usd
2006-04-27,7.4291,per_usd
2006-04-28,7.3579,per_usd
2006-05-01,7.361,per_usd
2006-05-02,7.3929,per_usd
2006-05-03,7.3632,per_usd
2006-05-04,7.3434,per_usd
2006-05-05,7.3156,per_usd
2006-05-08,7.321,per_usd
2006-05-09,7.3002,per_usd
2006-05-10,7.2867,per_usd
2006-05-11,7.2857,per_usd
2006-05-12,7.2632,per_usd
2006-05-15,7.3148,per_usd
2006-05-16,7.3308,per_usd
2006-05-17,7.3748,per_usd
2006-05-18,7.3134,per_usd
2006-05-19,7.3264,per_usd
2006-05-22,7.2656,per_usd
2006-05-23,7.256,per_usd
2006-05-24,7.3028,per_usd
2006-05-25,7.2847,per_usd
2006-05-26,7.2949,per_usd
2006-05-30,7.1975,per_usd
2006-05-31,7.2143,per_usd
2006-06-01,7.2139,per_usd
2006-06-02,7.1416,per_usd
2006-06-05,7.0917,per_usd
2006-06-06,7.1848,per_usd
2006-06-07,7.1917,per_usd
2006-06-08,7.306,per_usd
2006-06-09,7.2937,per_usd
2006-06-12,7.3298,per_usd
2006-06-13,7.3645,per_usd
2006-06-14,7.3351,per_usd
2006-06-15,7.3545,per_usd
2006-06-16,7.3446,per_usd
2006-06-19,7.3864,per_usd
2006-06-20,7.3371,per_usd
2006-06-21,7.2666,per_usd
2006-06-22,7.3363,per_usd
2006-06-23,7.3688,per_usd
2006-06-26,7.3378,per_usd
2006-06-27,7.3477,per_usd
2006-06-28,7.3679,per_usd
2006-06-29,7.3731,per_usd
2006-06-30,7.2135,per_usd
2006-07-03,7.1949,per_usd
2006-07-05,7.2146,per_usd
2006-07-06,7.1883,per_usd
2006-07-07,7.1401,per_usd
2006-07-10,7.1922,per_usd
2006-07-11,7.1824,per_usd
2006-07-12,7.2207,per_usd
2006-07-13,7.2498,per_usd
2006-07-14,7.2698,per_usd
2006-07-17,7.3709,per_usd
2006-07-18,7.4136,per_usd
2006-07-19,7.357,per_usd
2006-07-20,7.301,per_usd
2006-07-21,7.2883,per_usd
2006-07-24,7.3338,per_usd
2006-07-25,7.3529,per_usd
2006-07-26,7.328,per_usd
2006-07-27,7.2489,per_usd
2006-07-28,7.2453,per_usd
2006-07-31,7.2147,per_usd
2006-08-01,7.2085,per_usd
2006-08-02,7.1795,per_usd
2006-08-03,7.2061,per_usd
2006-08-04,7.1386,per_usd
2006-08-07,7.1388,per_usd
2006-08-08,7.1534,per_usd
2006-08-09,7.1194,per_usd
2006-08-10,7.2051,per_usd
2006-08-11,7.2161,per_usd
2006-08-14,7.2419,per_usd
2006-08-15,7.2095,per_usd
2006-08-16,7.1434,per_usd
2006-08-17,7.1414,per_usd
2006-08-18,7.1915,per_usd
2006-08-21,7.1226,per_usd
2006-08-22,7.1816,per_usd
2006-08-23,7.1833,per_usd
2006-08-24,7.2015,per_usd
2006-08-25,7.2448,per_usd
2006-08-28,7.2387,per_usd
2006-08-29,7.2302,per_usd
2006-08-30,7.2076,per_usd
2006-08-31,7.2428,per_usd
2006-09-01,7.2666,per_usd
2006-09-05,7.2601,per_usd
2006-09-06,7.2894,per_usd
2006-09-07,7.3242,per_usd
2006-09-08,7.345,per_usd
2006-09-11,7.3009,per_usd
2006-09-12,7.2867,per_usd
2006-09-13,7.2738,per_usd
2006-09-14,7.241,per_usd
2006-09-15,7.282,per_usd
2006-09-18,7.2541,per_usd
2006-09-19,7.2501,per_usd
2006-09-20,7.2632,per_usd
2006-09-21,7.2746,per_usd
2006-09-22,7.2411,per_usd
2006-09-25,7.3,per_usd
2006-09-26,7.3286,per_usd
2006-09-27,7.3028,per_usd
2006-09-28,7.2905,per_usd
2006-09-29,7.3127,per_usd
2006-10-02,7.3226,per_usd
2006-10-03,7.3251,per_usd
2006-10-04,7.3502,per_usd
2006-10-05,7.3072,per_usd
2006-10-06,7.3537,per_usd
2006-10-10,7.394,per_usd
2006-10-11,7.375,per_usd
2006-10-12,7.3918,per_usd
2006-10-13,7.42,per_usd
2006-10-16,7.3957,per_usd
2006-10-17,7.3662,per_usd
2006-10-18,7.3988,per_usd
2006-10-19,7.3429,per_usd
2006-10-20,7.3079,per_usd
2006-10-23,7.3382,per_usd
2006-10-24,7.322,per_usd
2006-10-25,7.3238,per_usd
2006-10-26,7.281,per_usd
2006-10-27,7.2421,per_usd
2006-10-30,7.24,per_usd
2006-10-31,7.2111,per_usd
2006-11-01,7.205,per_usd
2006-11-02,7.1945,per_usd
2006-11-03,7.2096,per_usd
2006-11-06,7.1954,per_usd
2006-11-07,7.1381,per_usd
2006-11-08,7.1451,per_usd
2006-11-09,7.0765,per_usd
2006-11-10,7.0647,per_usd
2006-11-13,7.0922,per_usd
2006-11-14,7.0704,per_usd
2006-11-15,7.0867,per_usd
2006-11-16,7.0709,per_usd
2006-11-17,7.0764,per_usd
2006-11-20,7.0928,per_usd
2006-11-21,7.1004,per_usd
2006-11-22,7.0201,per_usd
2006-11-24,6.9128,per_usd
2006-11-27,6.8906,per_usd
2006-11-28,6.8977,per_usd
2006-11-29,6.9131,per_usd
2006-11-30,6.8331,per_usd
2006-12-01,6.7674,per_usd
2006-12-04,6.7719,per_usd
2006-12-05,6.7883,per_usd
2006-12-06,6.8134,per_usd
2006-12-07,6.7951,per_usd
2006-12-08,6.8525,per_usd
2006-12-11,6.8617,per_usd
2006-12-12,6.8172,per_usd
2006-12-13,6.8475,per_usd
2006-12-14,6.8722,per_usd
2006-12-15,6.9058,per_usd
2006-12-18,6.9204,per_usd
2006-12-19,6.8297,per_usd
2006-12-20,6.8318,per_usd
2006-12-21,6.8066,per_usd
2006-12-22,6.8423,per_usd
2006-12-26,6.8725,per_usd
2006-12-27,6.8892,per_usd
2006-12-28,6.8755,per_usd
2006-12-29,6.8342,per_usd
2007-01-02,6.7818,per_usd
2007-01-03,6.8539,per_usd
2007-01-04,6.9335,per_usd
2007-01-05,6.9744,per_usd
2007-01-08,6.9972,per_usd
2007-01-09,7.0232,per_usd
2007-01-10,7.0542,per_usd
2007-01-11,7.0829,per_usd
2007-01-12,7.033,per_usd
2007-01-16,7.0117,per_usd
2007-01-17,7.0183,per_usd
2007-01-18,7.0442,per_usd
2007-01-19,7.0231,per_usd
2007-01-22,7.0368,per_usd
2007-01-23,6.9686,per_usd
2007-01-24,6.989,per_usd
2007-01-25,6.9935,per_usd
2007-01-26,7.0418,per_usd
2007-01-29,6.9933,per_usd
2007-01-30,6.972,per_usd
2007-01-31,6.9653,per_usd
2007-02-01,6.9436,per_usd
2007-02-02,6.9889,per_usd
2007-02-05,7.0564,per_usd
2007-02-06,7.0393,per_usd
2007-02-07,6.9993,per_usd
2007-02-08,6.9653,per_usd
2007-02-09,6.995,per_usd
2007-02-12,7.0409,per_usd
2007-02-13,7.0316,per_usd
2007-02-14,6.9595,per_usd
2007-02-15,7.031,per_usd
2007-02-16,7.0379,per_usd
2007-02-20,7.051,per_usd
2007-02-21,7.0839,per_usd
2007-02-22,7.0823,per_usd
2007-02-23,7.0572,per_usd
2007-02-26,7.0481,per_usd
2007-02-27,6.9711,per_usd
2007-02-28,6.998,per_usd
2007-03-01,7.0502,per_usd
2007-03-02,7.0407,per_usd
2007-03-05,7.106,per_usd
2007-03-06,7.0618,per_usd
2007-03-07,7.0432,per_usd
2007-03-08,7.0768,per_usd
2007-03-09,7.0928,per_usd
2007-03-12,7.0471,per_usd
2007-03-13,7.0311,per_usd
2007-03-14,7.0294,per_usd
2007-03-15,6.9889,per_usd
2007-03-16,6.9674,per_usd
2007-03-19,6.986,per_usd
2007-03-20,6.9862,per_usd
2007-03-21,6.985,per_usd
2007-03-22,6.9622,per_usd
2007-03-23,6.9821,per_usd
2007-03-26,6.9786,per_usd
2007-03-27,6.9776,per_usd
2007-03-28,7.0101,per_usd
2007-03-29,6.9898,per_usd
2007-03-30,6.9837,per_usd
2007-04-02,7.0057,per_usd
2007-04-03,7.0035,per_usd
2007-04-04,6.96,per_usd
2007-04-05,6.9073,per_usd
2007-04-06,6.9355,per_usd
2007-04-09,6.9452,per_usd
2007-04-10,6.9003,per_usd
2007-04-11,6.9027,per_usd
2007-04-12,6.8731,per_usd
2007-04-13,6.8735,per_usd
2007-04-16,6.7987,per_usd
2007-04-17,6.7873,per_usd
2007-04-18,6.7845,per_usd
2007-04-19,6.766,per_usd
2007-04-20,6.759,per_usd
2007-04-23,6.7681,per_usd
2007-04-24,6.7512,per_usd
2007-04-25,6.7149,per_usd
2007-04-26,6.7339,per_usd
2007-04-27,6.7119,per_usd
2007-04-30,6.6975,per_usd
2007-05-01,6.7123,per_usd
2007-05-02,6.7093,per_usd
2007-05-03,6.7323,per_usd
2007-05-04,6.7496,per_usd
2007-05-07,6.7306,per_usd
2007-05-08,6.7878,per_usd
2007-05-09,6.7976,per_usd
2007-05-10,6.8199,per_usd
2007-05-11,6.8309,per_usd
2007-05-14,6.8094,per_usd
2007-05-15,6.7539,per_usd
2007-05-16,6.8095,per_usd
2007-05-17,6.8377,per_usd
2007-05-18,6.8194,per_usd
2007-05-21,6.8519,per_usd
2007-05-22,6.8199,per_usd
2007-05-23,6.8231,per_usd
2007-05-24,6.8416,per_usd
2007-05-25,6.8346,per_usd
2007-05-29,6.8779,per_usd
2007-05-30,6.9376,per_usd
2007-05-31,6.9191,per_usd
2007-06-01,6.9293,per_usd
2007-06-04,6.9161,per_usd
2007-06-05,6.8872,per_usd
2007-06-06,6.9225,per_usd
2007-06-07,6.928,per_usd
2007-06-08,6.9992,per_usd
2007-06-11,6.9962,per_usd
2007-06-12,7.0644,per_usd
2007-06-13,7.0708,per_usd
2007-06-14,7.0794,per_usd
2007-06-15,7.0405,per_usd
2007-06-18,7.038,per_usd
2007-06-19,7.0116,per_usd
2007-06-20,6.8968,per_usd
2007-06-21,6.9052,per_usd
2007-06-22,6.8791,per_usd
2007-06-25,6.8768,per_usd
2007-06-26,6.8845,per_usd
2007-06-27,6.891,per_usd
2007-06-28,6.8555,per_usd
2007-06-29,6.8455,per_usd
2007-07-02,6.7934,per_usd
2007-07-03,6.7678,per_usd
2007-07-05,6.7394,per_usd
2007-07-06,6.7316,per_usd
2007-07-09,6.7468,per_usd
2007-07-10,6.6919,per_usd
2007-07-11,6.6634,per_usd
2007-07-12,6.6416,per_usd
2007-07-13,6.6331,per_usd
2007-07-16,6.637,per_usd
2007-07-17,6.6519,per_usd
2007-07-18,6.6468,per_usd
2007-07-19,6.6413,per_usd
2007-07-20,6.6263,per_usd
2007-07-23,6.6526,per_usd
2007-07-24,6.657,per_usd
2007-07-25,6.7223,per_usd
2007-07-26,6.7333,per_usd
2007-07-27,6.7417,per_usd
2007-07-30,6.7249,per_usd
2007-07-31,6.7147,per_usd
2007-08-01,6.7607,per_usd
2007-08-02,6.7344,per_usd
2007-08-03,6.6979,per_usd
2007-08-06,6.695,per_usd
2007-08-07,6.727,per_usd
2007-08-08,6.6954,per_usd
2007-08-09,6.7548,per_usd
2007-08-10,6.7744,per_usd
2007-08-13,6.8409,per_usd
2007-08-14,6.8653,per_usd
2007-08-15,6.9495,per_usd
2007-08-16,6.998,per_usd
2007-08-17,6.9111,per_usd
2007-08-20,6.9417,per_usd
2007-08-21,6.9626,per_usd
2007-08-22,6.9261,per_usd
2007-08-23,6.9147,per_usd
2007-08-24,6.8671,per_usd
2007-08-27,6.8675,per_usd
2007-08-28,6.8894,per_usd
2007-08-29,6.8584,per_usd
2007-08-30,6.8724,per_usd
2007-08-31,6.8822,per_usd
2007-09-03,6.8822,per_usd
2007-09-04,6.8946,per_usd
2007-09-05,6.8662,per_usd
2007-09-06,6.8188,per_usd
2007-09-07,6.7865,per_usd
2007-09-10,6.7768,per_usd
2007-09-11,6.7414,per_usd
2007-09-12,6.6684,per_usd
2007-09-13,6.666,per_usd
2007-09-14,6.696,per_usd
2007-09-17,6.6935,per_usd
2007-09-18,6.6884,per_usd
2007-09-19,6.6251,per_usd
2007-09-20,6.5347,per_usd
2007-09-21,6.5284,per_usd
2007-09-24,6.5133,per_usd
2007-09-25,6.5151,per_usd
2007-09-26,6.535,per_usd
2007-09-27,6.5211,per_usd
2007-09-28,6.4745,per_usd
2007-10-01,6.447,per_usd
2007-10-02,6.5023,per_usd
2007-10-03,6.4982,per_usd
2007-10-04,6.5118,per_usd
2007-10-05,6.4713,per_usd
2007-10-08,6.4713,per_usd
2007-10-09,6.4976,per_usd
2007-10-10,6.4517,per_usd
2007-10-11,6.4025,per_usd
2007-10-12,6.4243,per_usd
2007-10-15,6.4107,per_usd
2007-10-16,6.4607,per_usd
2007-10-17,6.446,per_usd
2007-10-18,6.4132,per_usd
2007-10-19,6.428,per_usd
2007-10-22,6.5156,per_usd
2007-10-23,6.4515,per_usd
2007-10-24,6.4792,per_usd
2007-10-25,6.4345,per_usd
2007-10-26,6.3817,per_usd
2007-10-29,6.3836,per_usd
2007-10-30,6.3654,per_usd
2007-10-31,6.3608,per_usd
2007-11-01,6.4111,per_usd
2007-11-02,6.4015,per_usd
2007-11-05,6.407,per_usd
2007-11-06,6.3523,per_usd
2007-11-07,6.2989,per_usd
2007-11-08,6.2978,per_usd
2007-11-09,6.326,per_usd
2007-11-13,6.3451,per_usd
2007-11-14,6.2813,per_usd
2007-11-15,6.31,per_usd
2007-11-16,6.3244,per_usd
2007-11-19,6.3258,per_usd
2007-11-20,6.2809,per_usd
2007-11-21,6.2921,per_usd
2007-11-22,6.2921,per_usd
2007-11-23,6.2701,per_usd
2007-11-26,6.2356,per_usd
2007-11-27,6.2915,per_usd
2007-11-28,6.334,per_usd
2007-11-29,6.3503,per_usd
2007-11-30,6.3806,per_usd
2007-12-03,6.4022,per_usd
2007-12-04,6.3636,per_usd
2007-12-05,6.405,per_usd
2007-12-06,6.4169,per_usd
2007-12-07,6.3984,per_usd
2007-12-10,6.3889,per_usd
2007-12-11,6.3991,per_usd
2007-12-12,6.4069,per_usd
2007-12-13,6.4681,per_usd
2007-12-14,6.5069,per_usd
2007-12-17,6.5705,per_usd
2007-12-18,6.5681,per_usd
2007-12-19,6.6089,per_usd
2007-12-20,6.584,per_usd
2007-12-21,6.5911,per_usd
2007-12-24,6.5808,per_usd
2007-12-26,6.5187,per_usd
2007-12-27,6.4854,per_usd
2007-12-28,6.4086,per_usd
2007-12-31,6.4568,per_usd
2008-01-02,6.3966,per_usd
2008-01-03,6.3547,per_usd
2008-01-04,6.3352,per_usd
2008-01-07,6.3821,per_usd
2008-01-08,6.3752,per_usd
2008-01-09,6.421,per_usd
2008-01-10,6.3521,per_usd
2008-01-11,6.3435,per_usd
2008-01-14,6.308,per_usd
2008-01-15,6.3341,per_usd
2008-01-16,6.4398,per_usd
2008-01-17,6.4161,per_usd
2008-01-18,6.4475,per_usd
2008-01-22,6.5015,per_usd
2008-01-23,6.5289,per_usd
2008-01-24,6.4207,per_usd
2008-01-25,6.4562,per_usd
2008-01-28,6.3968,per_usd
2008-01-29,6.396,per_usd
2008-01-30,6.3714,per_usd
2008-01-31,6.3758,per_usd
2008-02-01,6.3512,per_usd
2008-02-04,6.3268,per_usd
2008-02-05,6.4433,per_usd
2008-02-06,6.4218,per_usd
2008-02-07,6.5116,per_usd
2008-02-08,6.4903,per_usd
2008-02-11,6.5012,per_usd
2008-02-12,6.4343,per_usd
2008-02-13,6.4116,per_usd
2008-02-14,6.3771,per_usd
2008-02-15,6.3418,per_usd
2008-02-19,6.3093,per_usd
2008-02-20,6.3517,per_usd
2008-02-21,6.285,per_usd
2008-02-22,6.2909,per_usd
2008-02-25,6.2909,per_usd
2008-02-26,6.2503,per_usd
2008-02-27,6.1643,per_usd
2008-02-28,6.1741,per_usd
2008-02-29,6.1716,per_usd
2008-03-03,6.1562,per_usd
2008-03-04,6.1598,per_usd
2008-03-05,6.1232,per_usd
2008-03-06,6.102,per_usd
2008-03-07,6.1337,per_usd
2008-03-10,6.1191,per_usd
2008-03-11,6.1279,per_usd
2008-03-12,6.0762,per_usd
2008-03-13,6.0559,per_usd
2008-03-14,6.0541,per_usd
2008-03-17,6.0058,per_usd
2008-03-18,5.9863,per_usd
2008-03-19,6.0065,per_usd
2008-03-20,6.1176,per_usd
2008-03-21,6.098,per_usd
2008-03-24,6.1328,per_usd
2008-03-25,6.0231,per_usd
2008-03-26,5.9696,per_usd
2008-03-27,5.9498,per_usd
2008-03-28,5.954,per_usd
2008-03-31,5.936,per_usd
2008-04-01,6.0079,per_usd
2008-04-02,5.992,per_usd
2008-04-03,5.9678,per_usd
2008-04-04,5.9543,per_usd
2008-04-07,5.957,per_usd
2008-04-08,5.961,per_usd
2008-04-09,5.9338,per_usd
2008-04-10,5.962,per_usd
2008-04-11,5.9586,per_usd
2008-04-14,5.94,per_usd
2008-04-15,5.9512,per_usd
2008-04-16,5.8751,per_usd
2008-04-17,5.9066,per_usd
2008-04-18,5.9732,per_usd
2008-04-21,5.8976,per_usd
2008-04-22,5.8346,per_usd
2008-04-23,5.873,per_usd
2008-04-24,5.946,per_usd
2008-04-25,5.9758,per_usd
2008-04-28,5.9758,per_usd
2008-04-29,5.9991,per_usd
2008-04-30,5.991,per_usd
2008-05-01,6.0513,per_usd
2008-05-02,6.0685,per_usd
2008-05-05,6.0386,per_usd
2008-05-06,6.0022,per_usd
2008-05-07,6.0595,per_usd
2008-05-08,6.0295,per_usd
2008-05-09,6.0035,per_usd
2008-05-12,5.9753,per_usd
2008-05-13,5.9924,per_usd
2008-05-14,6.0158,per_usd
2008-05-15,6.0302,per_usd
2008-05-16,5.9696,per_usd
2008-05-19,5.9827,per_usd
2008-05-20,5.9288,per_usd
2008-05-21,5.9094,per_usd
2008-05-22,5.9313,per_usd
2008-05-23,5.8934,per_usd
2008-05-27,5.9096,per_usd
2008-05-28,5.9784,per_usd
2008-05-29,5.9965,per_usd
2008-05-30,5.9959,per_usd
2008-06-02,6.026,per_usd
2008-06-03,6.0382,per_usd
2008-06-04,6.0405,per_usd
2008-06-05,5.9867,per_usd
2008-06-06,5.9242,per_usd
2008-06-09,5.947,per_usd
2008-06-10,6.0457,per_usd
2008-06-11,6.0168,per_usd
2008-06-12,6.088,per_usd
2008-06-13,6.0954,per_usd
2008-06-16,6.0387,per_usd
2008-06-17,6.03,per_usd
2008-06-18,6.0506,per_usd
2008-06-19,6.0588,per_usd
2008-06-20,6.0162,per_usd
2008-06-23,6.0654,per_usd
2008-06-24,6.0363,per_usd
2008-06-25,6.0393,per_usd
2008-06-26,5.9777,per_usd
2008-06-27,5.9813,per_usd
2008-06-30,6.0208,per_usd
2008-07-01,5.9874,per_usd
2008-07-02,5.969,per_usd
2008-07-03,5.9876,per_usd
2008-07-07,6.0087,per_usd
2008-07-08,6.028,per_usd
2008-07-09,6.0026,per_usd
2008-07-10,5.9991,per_usd
2008-07-11,5.956,per_usd
2008-07-14,5.96,per_usd
2008-07-15,5.9611,per_usd
2008-07-16,6.0066,per_usd
2008-07-17,5.9636,per_usd
2008-07-18,5.9584,per_usd
2008-07-21,5.9532,per_usd
2008-07-22,5.9905,per_usd
2008-07-23,6.0233,per_usd
2008-07-24,6.04,per_usd
2008-07-25,6.0375,per_usd
2008-07-28,6.0056,per_usd
2008-07-29,6.0793,per_usd
2008-07-30,6.0615,per_usd
2008-07-31,6.0532,per_usd
2008-08-01,6.078,per_usd
2008-08-04,6.0757,per_usd
2008-08-05,6.1048,per_usd
2008-08-06,6.109,per_usd
2008-08-07,6.1147,per_usd
2008-08-08,6.2419,per_usd
2008-08-11,6.279,per_usd
2008-08-12,6.2987,per_usd
2008-08-13,6.2883,per_usd
2008-08-14,6.303,per_usd
2008-08-15,6.3661,per_usd
2008-08-18,6.3458,per_usd
2008-08-19,6.3784,per_usd
2008-08-20,6.387,per_usd
2008-08-21,6.2983,per_usd
2008-08-22,6.32,per_usd
2008-08-25,6.3244,per_usd
2008-08-26,6.3914,per_usd
2008-08-27,6.408,per_usd
2008-08-28,6.4212,per_usd
2008-08-29,6.4399,per_usd
2008-09-02,6.5066,per_usd
2008-09-03,6.54,per_usd
2008-09-04,6.5897,per_usd
2008-09-05,6.6271,per_usd
2008-09-08,6.7067,per_usd
2008-09-09,6.7109,per_usd
2008-09-10,6.7817,per_usd
2008-09-11,6.8395,per_usd
2008-09-12,6.7162,per_usd
2008-09-15,6.7555,per_usd
2008-09-16,6.7932,per_usd
2008-09-17,6.818,per_usd
2008-09-18,6.6796,per_usd
2008-09-19,6.6435,per_usd
2008-09-22,6.5123,per_usd
2008-09-23,6.5391,per_usd
2008-09-24,6.6,per_usd
2008-09-25,6.5897,per_usd
2008-09-26,6.635,per_usd
2008-09-29,6.7837,per_usd
2008-09-30,6.9459,per_usd
2008-10-01,6.9107,per_usd
2008-10-02,7.0058,per_usd
2008-10-03,7.0341,per_usd
2008-10-06,7.2172,per_usd
2008-10-07,7.0776,per_usd
2008-10-08,7.0807,per_usd
2008-10-09,7.0828,per_usd
2008-10-10,7.1693,per_usd
2008-10-14,7.1399,per_usd
2008-10-15,7.341,per_usd
2008-10-16,7.4486,per_usd
2008-10-17,7.398,per_usd
2008-10-20,7.4801,per_usd
2008-10-21,7.6665,per_usd
2008-10-22,7.8291,per_usd
2008-10-23,7.7268,per_usd
2008-10-24,7.8615,per_usd
2008-10-27,8.0805,per_usd
2008-10-28,8.0404,per_usd
2008-10-29,7.6814,per_usd
2008-10-30,7.7044,per_usd
2008-10-31,7.7816,per_usd
2008-11-03,7.74,per_usd
2008-11-04,7.5957,per_usd
2008-11-05,7.6839,per_usd
2008-11-06,7.8598,per_usd
2008-11-07,7.8538,per_usd
2008-11-10,7.8183,per_usd
2008-11-12,8.0426,per_usd
2008-11-13,8.0239,per_usd
2008-11-14,7.8552,per_usd
2008-11-17,7.9335,per_usd
2008-11-18,7.9931,per_usd
2008-11-19,8.1123,per_usd
2008-11-20,8.2498,per_usd
2008-11-21,8.438,per_usd
2008-11-24,8.045,per_usd
2008-11-25,7.861,per_usd
2008-11-26,8.075,per_usd
2008-11-28,8.1199,per_usd
2008-12-01,8.2834,per_usd
2008-12-02,8.1561,per_usd
2008-12-03,8.1945,per_usd
2008-12-04,8.1949,per_usd
2008-12-05,8.4858,per_usd
2008-12-08,8.0502,per_usd
2008-12-09,8.1599,per_usd
2008-12-10,8.1049,per_usd
2008-12-11,7.9622,per_usd
2008-12-12,8.0778,per_usd
2008-12-15,8.0302,per_usd
2008-12-16,8.0933,per_usd
2008-12-17,7.6754,per_usd
2008-12-18,7.68,per_usd
2008-12-19,7.8465,per_usd
2008-12-22,7.8612,per_usd
2008-12-23,7.9736,per_usd
2008-12-24,8.0357,per_usd
2008-12-26,8.0072,per_usd
2008-12-29,7.7354,per_usd
2008-12-30,7.7875,per_usd
2008-12-31,7.877,per_usd
2009-01-02,7.7836,per_usd
2009-01-05,7.9217,per_usd
2009-01-06,7.8715,per_usd
2009-01-07,7.7658,per_usd
2009-01-08,7.8404,per_usd
2009-01-09,7.9293,per_usd
2009-01-12,8.0622,per_usd
2009-01-13,8.2419,per_usd
2009-01-14,8.3951,per_usd
2009-01-15,8.3587,per_usd
2009-01-16,8.201,per_usd
2009-01-20,8.3929,per_usd
2009-01-21,8.3394,per_usd
2009-01-22,8.2329,per_usd
2009-01-23,8.2494,per_usd
2009-01-26,7.9832,per_usd
2009-01-27,8.0804,per_usd
2009-01-28,7.954,per_usd
2009-01-29,8.1204,per_usd
2009-01-30,8.3647,per_usd
2009-02-02,8.3831,per_usd
2009-02-03,8.2575,per_usd
2009-02-04,8.2768,per_usd
2009-02-05,8.2685,per_usd
2009-02-06,8.1745,per_usd
2009-02-09,7.9905,per_usd
2009-02-10,8.1988,per_usd
2009-02-11,8.3834,per_usd
2009-02-12,8.43,per_usd
2009-02-13,8.35,per_usd
2009-02-17,8.8196,per_usd
2009-02-18,8.7568,per_usd
2009-02-19,8.727,per_usd
2009-02-20,8.8018,per_usd
2009-02-23,8.7602,per_usd
2009-02-24,8.922,per_usd
2009-02-25,8.9177,per_usd
2009-02-26,8.923,per_usd
2009-02-27,9.024,per_usd
2009-03-02,9.1955,per_usd
2009-03-03,9.273,per_usd
2009-03-04,9.0759,per_usd
2009-03-05,9.2863,per_usd
2009-03-06,9.2012,per_usd
2009-03-09,9.11,per_usd
2009-03-10,8.8852,per_usd
2009-03-11,8.7906,per_usd
2009-03-12,8.7407,per_usd
2009-03-13,8.6372,per_usd
2009-03-16,8.4445,per_usd
2009-03-17,8.5039,per_usd
2009-03-18,8.3778,per_usd
2009-03-19,7.9558,per_usd
2009-03-20,8.1644,per_usd
2009-03-23,8.047,per_usd
2009-03-24,8.0927,per_usd
2009-03-25,8.07,per_usd
2009-03-26,8.0113,per_usd
2009-03-27,8.1513,per_usd
2009-03-30,8.3327,per_usd
2009-03-31,8.2522,per_usd
2009-04-01,8.2182,per_usd
2009-04-02,8.0222,per_usd
2009-04-03,7.9945,per_usd
2009-04-06,8.0541,per_usd
2009-04-07,8.169,per_usd
2009-04-08,8.2267,per_usd
2009-04-09,8.3114,per_usd
2009-04-10,8.271,per_usd
2009-04-13,8.1683,per_usd
2009-04-14,8.1536,per_usd
2009-04-15,8.309,per_usd
2009-04-16,8.308,per_usd
2009-04-17,8.4525,per_usd
2009-04-20,8.6763,per_usd
2009-04-21,8.5214,per_usd
2009-04-22,8.4171,per_usd
2009-04-23,8.3676,per_usd
2009-04-24,8.083,per_usd
2009-04-27,8.1212,per_usd
2009-04-28,8.2068,per_usd
2009-04-29,8.0143,per_usd
2009-04-30,7.9882,per_usd
2009-05-01,8.0405,per_usd
2009-05-04,7.9155,per_usd
2009-05-05,7.9285,per_usd
2009-05-06,7.9318,per_usd
2009-05-07,7.8438,per_usd
2009-05-08,7.7426,per_usd
2009-05-11,7.7638,per_usd
2009-05-12,7.8138,per_usd
2009-05-13,7.8751,per_usd
2009-05-14,7.8492,per_usd
2009-05-15,7.8593,per_usd
2009-05-18,7.7879,per_usd
2009-05-19,7.6954,per_usd
2009-05-20,7.5764,per_usd
2009-05-21,7.58,per_usd
2009-05-22,7.4613,per_usd
2009-05-26,7.56,per_usd
2009-05-27,7.651,per_usd
2009-05-28,7.7053,per_usd
2009-05-29,7.6222,per_usd
2009-06-01,7.3909,per_usd
2009-06-02,7.5082,per_usd
2009-06-03,7.6554,per_usd
2009-06-04,7.645,per_usd
2009-06-05,7.7682,per_usd
2009-06-08,7.8522,per_usd
2009-06-09,7.7081,per_usd
2009-06-10,7.6875,per_usd
2009-06-11,7.653,per_usd
2009-06-12,7.6455,per_usd
2009-06-15,7.8927,per_usd
2009-06-16,7.8283,per_usd
2009-06-17,7.9365,per_usd
2009-06-18,7.8621,per_usd
2009-06-19,7.852,per_usd
2009-06-22,8.0137,per_usd
2009-06-23,7.9354,per_usd
2009-06-24,7.847,per_usd
2009-06-25,7.9478,per_usd
2009-06-26,7.7879,per_usd
2009-06-29,7.7293,per_usd
2009-06-30,7.7282,per_usd
2009-07-01,7.5568,per_usd
2009-07-02,7.7574,per_usd
2009-07-03,7.7717,per_usd
2009-07-06,7.8508,per_usd
2009-07-07,7.8957,per_usd
2009-07-08,8.001,per_usd
2009-07-09,7.846,per_usd
2009-07-10,7.9575,per_usd
2009-07-13,7.898,per_usd
2009-07-14,7.8795,per_usd
2009-07-15,7.7686,per_usd
2009-07-16,7.8092,per_usd
2009-07-17,7.8307,per_usd
2009-07-20,7.7651,per_usd
2009-07-21,7.6527,per_usd
2009-07-22,7.602,per_usd
2009-07-23,7.4414,per_usd
2009-07-24,7.4597,per_usd
2009-07-27,7.4307,per_usd
2009-07-28,7.4328,per_usd
2009-07-29,7.5021,per_usd
2009-07-30,7.4131,per_usd
2009-07-31,7.2171,per_usd
2009-08-03,7.0895,per_usd
2009-08-04,7.1522,per_usd
2009-08-05,7.1521,per_usd
2009-08-06,7.1478,per_usd
2009-08-07,7.1771,per_usd
2009-08-10,7.258,per_usd
2009-08-11,7.3336,per_usd
2009-08-12,7.1957,per_usd
2009-08-13,7.1441,per_usd
2009-08-14,7.1899,per_usd
2009-08-17,7.2829,per_usd
2009-08-18,7.2798,per_usd
2009-08-19,7.1776,per_usd
2009-08-20,7.1599,per_usd
2009-08-21,7.0257,per_usd
2009-08-24,7.0353,per_usd
2009-08-25,7.0303,per_usd
2009-08-26,7.1331,per_usd
2009-08-27,7.1411,per_usd
2009-08-28,7.0634,per_usd
2009-08-31,7.1105,per_usd
2009-09-01,7.247,per_usd
2009-09-02,7.2175,per_usd
2009-09-03,7.2209,per_usd
2009-09-04,7.1847,per_usd
2009-09-08,7.0361,per_usd
2009-09-09,7.0019,per_usd
2009-09-10,7.0359,per_usd
2009-09-11,6.999,per_usd
2009-09-14,7.0006,per_usd
2009-09-15,6.98,per_usd
2009-09-16,6.8865,per_usd
2009-09-17,6.8629,per_usd
2009-09-18,6.8657,per_usd
2009-09-21,6.9102,per_usd
2009-09-22,6.8049,per_usd
2009-09-23,6.844,per_usd
2009-09-24,6.8983,per_usd
2009-09-25,6.9364,per_usd
2009-09-28,6.9445,per_usd
2009-09-29,7.0238,per_usd
2009-09-30,6.9751,per_usd
2009-10-01,7.0413,per_usd
2009-10-02,7.0376,per_usd
2009-10-05,7.0424,per_usd
2009-10-06,6.9284,per_usd
2009-10-07,7.0324,per_usd
2009-10-08,6.9569,per_usd
2009-10-09,7.0129,per_usd
2009-10-13,6.9718,per_usd
2009-10-14,6.9198,per_usd
2009-10-15,6.9211,per_usd
2009-10-16,6.9708,per_usd
2009-10-19,6.9316,per_usd
2009-10-20,6.9653,per_usd
2009-10-21,6.8283,per_usd
2009-10-22,6.85,per_usd
2009-10-23,6.7908,per_usd
2009-10-26,6.8213,per_usd
2009-10-27,6.9552,per_usd
2009-10-28,7.0426,per_usd
2009-10-29,6.9834,per_usd
2009-10-30,7.0508,per_usd
2009-11-02,6.9971,per_usd
2009-11-03,7.136,per_usd
2009-11-04,7.0337,per_usd
2009-11-05,7.0082,per_usd
2009-11-06,7.0057,per_usd
2009-11-09,6.8494,per_usd
2009-11-10,6.8445,per_usd
2009-11-12,6.8911,per_usd
2009-11-13,6.8414,per_usd
2009-11-16,6.795,per_usd
2009-11-17,6.8955,per_usd
2009-11-18,6.8181,per_usd
2009-11-19,6.8934,per_usd
2009-11-20,6.9339,per_usd
2009-11-23,6.8805,per_usd
2009-11-24,6.9468,per_usd
2009-11-25,6.8755,per_usd
2009-11-27,6.9699,per_usd
2009-11-30,6.9919,per_usd
2009-12-01,6.9053,per_usd
2009-12-02,6.8723,per_usd
2009-12-03,6.8419,per_usd
2009-12-04,6.9687,per_usd
2009-12-07,7.0461,per_usd
2009-12-08,7.1127,per_usd
2009-12-09,7.1179,per_usd
2009-12-10,7.0942,per_usd
2009-12-11,7.1362,per_usd
2009-12-14,7.1005,per_usd
2009-12-15,7.1829,per_usd
2009-12-16,7.1623,per_usd
2009-12-17,7.3008,per_usd
2009-12-18,7.2923,per_usd
2009-12-21,7.2702,per_usd
2009-12-22,7.3322,per_usd
2009-12-23,7.2793,per_usd
2009-12-24,7.2892,per_usd
2009-12-28,7.2141,per_usd
2009-12-29,7.201,per_usd
2009-12-30,7.171,per_usd
2009-12-31,7.1532,per_usd
2010-01-04,7.0633,per_usd
2010-01-05,7.0919,per_usd
2010-01-06,7.0744,per_usd
2010-01-07,7.1251,per_usd
2010-01-08,7.1185,per_usd
2010-01-11,7.0242,per_usd
2010-01-12,7.0409,per_usd
2010-01-13,7.0453,per_usd
2010-01-14,7.0217,per_usd
2010-01-15,7.0611,per_usd
2010-01-19,7.0926,per_usd
2010-01-20,7.1896,per_usd
2010-01-21,7.2175,per_usd
2010-01-22,7.2227,per_usd
2010-01-25,7.2387,per_usd
2010-01-26,7.3075,per_usd
2010-01-27,7.2952,per_usd
2010-01-28,7.2992,per_usd
2010-01-29,7.3852,per_usd
2010-02-01,7.2766,per_usd
2010-02-02,7.2426,per_usd
2010-02-03,7.267,per_usd
2010-02-04,7.3958,per_usd
2010-02-05,7.4777,per_usd
2010-02-08,7.402,per_usd
2010-02-09,7.328,per_usd
2010-02-10,7.3148,per_usd
2010-02-11,7.2718,per_usd
2010-02-12,7.2563,per_usd
2010-02-16,7.1868,per_usd
2010-02-17,7.2038,per_usd
2010-02-18,7.2189,per_usd
2010-02-19,7.2483,per_usd
2010-02-22,7.2035,per_usd
2010-02-23,7.2477,per_usd
2010-02-24,7.2038,per_usd
2010-02-25,7.2505,per_usd
2010-02-26,7.101,per_usd
2010-03-01,7.2029,per_usd
2010-03-02,7.183,per_usd
2010-03-03,7.1208,per_usd
2010-03-04,7.1651,per_usd
2010-03-05,7.1213,per_usd
2010-03-08,7.1164,per_usd
2010-03-09,7.1461,per_usd
2010-03-10,7.1204,per_usd
2010-03-11,7.1125,per_usd
2010-03-12,7.0597,per_usd
2010-03-15,7.131,per_usd
2010-03-16,7.0615,per_usd
2010-03-17,7.072,per_usd
2010-03-18,7.1427,per_usd
2010-03-19,7.1579,per_usd
2010-03-22,7.2042,per_usd
2010-03-23,7.1703,per_usd
2010-03-24,7.2628,per_usd
2010-03-25,7.2201,per_usd
2010-03-26,7.2525,per_usd
2010-03-29,7.2511,per_usd
2010-03-30,7.2712,per_usd
2010-03-31,7.2028,per_usd
2010-04-01,7.1672,per_usd
2010-04-02,7.191,per_usd
2010-04-05,7.1714,per_usd
2010-04-06,7.2249,per_usd
2010-04-07,7.232,per_usd
2010-04-08,7.237,per_usd
2010-04-09,7.211,per_usd
2010-04-12,7.1872,per_usd
2010-04-13,7.1656,per_usd
2010-04-14,7.1175,per_usd
2010-04-15,7.1539,per_usd
2010-04-16,7.1909,per_usd
2010-04-19,7.1902,per_usd
2010-04-20,7.1465,per_usd
2010-04-21,7.1848,per_usd
2010-04-22,7.2422,per_usd
2010-04-23,7.1778,per_usd
2010-04-26,7.168,per_usd
2010-04-27,7.2664,per_usd
2010-04-28,7.342,per_usd
2010-04-29,7.2528,per_usd
2010-04-30,7.2359,per_usd
2010-05-03,7.2807,per_usd
2010-05-04,7.385,per_usd
2010-05-05,7.4891,per_usd
2010-05-06,7.6822,per_usd
2010-05-07,7.6913,per_usd
2010-05-10,7.4981,per_usd
2010-05-11,7.5814,per_usd
2010-05-12,7.5594,per_usd
2010-05-13,7.602,per_usd
2010-05-14,7.7468,per_usd
2010-05-17,7.8035,per_usd
2010-05-18,7.745,per_usd
2010-05-19,7.8712,per_usd
2010-05-20,7.9583,per_usd
2010-05-21,7.7984,per_usd
2010-05-24,7.8262,per_usd
2010-05-25,7.9904,per_usd
2010-05-26,7.9419,per_usd
2010-05-27,7.8392,per_usd
2010-05-28,7.7942,per_usd
2010-06-01,7.8104,per_usd
2010-06-02,7.826,per_usd
2010-06-03,7.8258,per_usd
2010-06-04,7.9977,per_usd
2010-06-07,8.0593,per_usd
2010-06-08,8.0499,per_usd
2010-06-09,7.9652,per_usd
2010-06-10,7.8925,per_usd
2010-06-11,7.9337,per_usd
2010-06-14,7.8139,per_usd
2010-06-15,7.7515,per_usd
2010-06-16,7.787,per_usd
2010-06-17,7.7483,per_usd
2010-06-18,7.7205,per_usd
2010-06-21,7.6742,per_usd
2010-06-22,7.7452,per_usd
2010-06-23,7.7626,per_usd
2010-06-24,7.7872,per_usd
2010-06-25,7.74,per_usd
2010-06-28,7.7315,per_usd
2010-06-29,7.7994,per_usd
2010-06-30,7.7521,per_usd
2010-07-01,7.7202,per_usd
2010-07-02,7.6214,per_usd
2010-07-06,7.5776,per_usd
2010-07-07,7.6153,per_usd
2010-07-08,7.5235,per_usd
2010-07-09,7.478,per_usd
2010-07-12,7.5093,per_usd
2010-07-13,7.406,per_usd
2010-07-14,7.3612,per_usd
2010-07-15,7.3102,per_usd
2010-07-16,7.3499,per_usd
2010-07-19,7.345,per_usd
2010-07-20,7.3704,per_usd
2010-07-21,7.3669,per_usd
2010-07-22,7.3131,per_usd
2010-07-23,7.3471,per_usd
2010-07-26,7.2821,per_usd
2010-07-27,7.2998,per_usd
2010-07-28,7.2946,per_usd
2010-07-29,7.249,per_usd
2010-07-30,7.1972,per_usd
2010-08-02,7.0986,per_usd
2010-08-03,7.086,per_usd
2010-08-04,7.1408,per_usd
2010-08-05,7.1369,per_usd
2010-08-06,7.0805,per_usd
2010-08-09,7.0959,per_usd
2010-08-10,7.1944,per_usd
2010-08-11,7.3475,per_usd
2010-08-12,7.3736,per_usd
2010-08-13,7.4364,per_usd
2010-08-16,7.3583,per_usd
2010-08-17,7.312,per_usd
2010-08-18,7.338,per_usd
2010-08-19,7.3777,per_usd
2010-08-20,7.4316,per_usd
2010-08-23,7.4046,per_usd
2010-08-24,7.449,per_usd
2010-08-25,7.465,per_usd
2010-08-26,7.4013,per_usd
2010-08-27,7.3454,per_usd
2010-08-30,7.3908,per_usd
2010-08-31,7.369,per_usd
2010-09-01,7.2696,per_usd
2010-09-02,7.2552,per_usd
2010-09-03,7.2318,per_usd
2010-09-07,7.3134,per_usd
2010-09-08,7.2749,per_usd
2010-09-09,7.272,per_usd
2010-09-10,7.2326,per_usd
2010-09-13,7.1346,per_usd
2010-09-14,7.0469,per_usd
2010-09-15,7.0826,per_usd
2010-09-16,7.0527,per_usd
2010-09-17,7.0629,per_usd
2010-09-20,6.9909,per_usd
2010-09-21,6.9669,per_usd
2010-09-22,6.8608,per_usd
2010-09-23,6.8868,per_usd
2010-09-24,6.82,per_usd
2010-09-27,6.838,per_usd
2010-09-28,6.7649,per_usd
2010-09-29,6.7144,per_usd
2010-09-30,6.7626,per_usd
2010-10-01,6.7117,per_usd
2010-10-04,6.7725,per_usd
2010-10-05,6.7018,per_usd
2010-10-06,6.6991,per_usd
2010-10-07,6.6572,per_usd
2010-10-08,6.673,per_usd
2010-10-12,6.696,per_usd
2010-10-13,6.6343,per_usd
2010-10-14,6.558,per_usd
2010-10-15,6.6209,per_usd
2010-10-18,6.6383,per_usd
2010-10-19,6.749,per_usd
2010-10-20,6.6679,per_usd
2010-10-21,6.6498,per_usd
2010-10-22,6.6408,per_usd
2010-10-25,6.5734,per_usd
2010-10-26,6.7083,per_usd
2010-10-27,6.7647,per_usd
2010-10-28,6.7193,per_usd
2010-10-29,6.7048,per_usd
2010-11-01,6.6923,per_usd
2010-11-02,6.6421,per_usd
2010-11-03,6.6479,per_usd
2010-11-04,6.5145,per_usd
2010-11-05,6.5991,per_usd
2010-11-08,6.6954,per_usd
2010-11-09,6.6931,per_usd
2010-11-10,6.754,per_usd
2010-11-12,6.8407,per_usd
2010-11-15,6.8656,per_usd
2010-11-16,6.9486,per_usd
2010-11-17,6.9169,per_usd
2010-11-18,6.8791,per_usd
2010-11-19,6.8709,per_usd
2010-11-22,6.8924,per_usd
2010-11-23,6.9856,per_usd
2010-11-24,6.942,per_usd
2010-11-26,6.9969,per_usd
2010-11-29,7.013,per_usd
2010-11-30,7.0125,per_usd
2010-12-01,6.9666,per_usd
2010-12-02,6.9024,per_usd
2010-12-03,6.8257,per_usd
2010-12-06,6.86,per_usd
2010-12-07,6.8604,per_usd
2010-12-08,6.8921,per_usd
2010-12-09,6.9052,per_usd
2010-12-10,6.8905,per_usd
2010-12-13,6.8393,per_usd
2010-12-14,6.801,per_usd
2010-12-15,6.8143,per_usd
2010-12-16,6.8305,per_usd
2010-12-17,6.844,per_usd
2010-12-20,6.8473,per_usd
2010-12-21,6.8278,per_usd
2010-12-22,6.8648,per_usd
2010-12-23,6.8529,per_usd
2010-12-27,6.8315,per_usd
2010-12-28,6.863,per_usd
2010-12-29,6.8247,per_usd
2010-12-30,6.7571,per_usd
2011-01-03,6.6916,per_usd
2011-01-04,6.7284,per_usd
2011-01-05,6.7653,per_usd
2011-01-06,6.858,per_usd
2011-01-07,6.8977,per_usd
2011-01-10,6.8793,per_usd
2011-01-11,6.8374,per_usd
2011-01-12,6.7707,per_usd
2011-01-13,6.6903,per_usd
2011-01-14,6.6924,per_usd
2011-01-18,6.6582,per_usd
2011-01-19,6.603,per_usd
2011-01-20,6.6683,per_usd
2011-01-21,6.6026,per_usd
2011-01-24,6.5745,per_usd
2011-01-25,6.5468,per_usd
2011-01-26,6.4711,per_usd
2011-01-27,6.4493,per_usd
2011-01-28,6.5284,per_usd
2011-01-31,6.4318,per_usd
2011-02-01,6.3879,per_usd
2011-02-02,6.4451,per_usd
2011-02-03,6.4713,per_usd
2011-02-04,6.4873,per_usd
2011-02-07,6.4737,per_usd
2011-02-08,6.4011,per_usd
2011-02-09,6.4362,per_usd
2011-02-10,6.4583,per_usd
2011-02-11,6.4907,per_usd
2011-02-14,6.5005,per_usd
2011-02-15,6.4828,per_usd
2011-02-16,6.4234,per_usd
2011-02-17,6.41,per_usd
2011-02-18,6.3946,per_usd
2011-02-22,6.4301,per_usd
2011-02-23,6.3941,per_usd
2011-02-24,6.3889,per_usd
2011-02-25,6.4289,per_usd
2011-02-28,6.3442,per_usd
2011-03-01,6.3122,per_usd
2011-03-02,6.3185,per_usd
2011-03-03,6.3249,per_usd
2011-03-04,6.3447,per_usd
2011-03-07,6.3557,per_usd
2011-03-08,6.3658,per_usd
2011-03-09,6.337,per_usd
2011-03-10,6.3893,per_usd
2011-03-11,6.3695,per_usd
2011-03-14,6.3496,per_usd
2011-03-15,6.4153,per_usd
2011-03-16,6.4762,per_usd
2011-03-17,6.4105,per_usd
2011-03-18,6.308,per_usd
2011-03-21,6.2844,per_usd
2011-03-22,6.3009,per_usd
2011-03-23,6.3372,per_usd
2011-03-24,6.3073,per_usd
2011-03-25,6.3552,per_usd
2011-03-28,6.3674,per_usd
2011-03-29,6.3544,per_usd
2011-03-30,6.336,per_usd
2011-03-31,6.3134,per_usd
2011-04-01,6.2937,per_usd
2011-04-04,6.3126,per_usd
2011-04-05,6.3186,per_usd
2011-04-06,6.2971,per_usd
2011-04-07,6.3223,per_usd
2011-04-08,6.2176,per_usd
2011-04-11,6.2449,per_usd
2011-04-12,6.2989,per_usd
2011-04-13,6.2494,per_usd
2011-04-14,6.2235,per_usd
2011-04-15,6.1947,per_usd
2011-04-18,6.313,per_usd
2011-04-19,6.2315,per_usd
2011-04-20,6.1234,per_usd
2011-04-21,6.0854,per_usd
2011-04-22,6.116,per_usd
2011-04-25,6.0838,per_usd
2011-04-26,6.1023,per_usd
2011-04-27,6.0907,per_usd
2011-04-28,6.034,per_usd
2011-04-29,6.0258,per_usd
2011-05-02,5.9968,per_usd
2011-05-03,6.0239,per_usd
2011-05-04,6.0808,per_usd
2011-05-05,6.1901,per_usd
2011-05-06,6.2262,per_usd
2011-05-09,6.2712,per_usd
2011-05-10,6.2357,per_usd
2011-05-11,6.2852,per_usd
2011-05-12,6.3036,per_usd
2011-05-13,6.3745,per_usd
2011-05-16,6.3202,per_usd
2011-05-17,6.3593,per_usd
2011-05-18,6.2968,per_usd
2011-05-19,6.2788,per_usd
2011-05-20,6.3104,per_usd
2011-05-23,6.3796,per_usd
2011-05-24,6.3332,per_usd
2011-05-25,6.3157,per_usd
2011-05-26,6.3194,per_usd
2011-05-27,6.2244,per_usd
2011-05-31,6.1779,per_usd
2011-06-01,6.1812,per_usd
2011-06-02,6.23,per_usd
2011-06-03,6.1414,per_usd
2011-06-06,6.1651,per_usd
2011-06-07,6.1431,per_usd
2011-06-08,6.1754,per_usd
2011-06-09,6.2142,per_usd
2011-06-10,6.3241,per_usd
2011-06-13,6.3495,per_usd
2011-06-14,6.313,per_usd
2011-06-15,6.4535,per_usd
2011-06-16,6.4909,per_usd
2011-06-17,6.399,per_usd
2011-06-20,6.3952,per_usd
2011-06-21,6.3567,per_usd
2011-06-22,6.3538,per_usd
2011-06-23,6.503,per_usd
2011-06-24,6.4782,per_usd
2011-06-27,6.4393,per_usd
2011-06-28,6.4384,per_usd
2011-06-29,6.3526,per_usd
2011-06-30,6.3027,per_usd
2011-07-01,6.2746,per_usd
2011-07-05,6.2613,per_usd
2011-07-06,6.3427,per_usd
2011-07-07,6.323,per_usd
2011-07-08,6.3898,per_usd
2011-07-11,6.5488,per_usd
2011-07-12,6.5498,per_usd
2011-07-13,6.4668,per_usd
2011-07-14,6.4937,per_usd
2011-07-15,6.4911,per_usd
2011-07-18,6.5991,per_usd
2011-07-19,6.517,per_usd
2011-07-20,6.462,per_usd
2011-07-21,6.3195,per_usd
2011-07-22,6.3402,per_usd
2011-07-25,6.334,per_usd
2011-07-26,6.2573,per_usd
2011-07-27,6.3244,per_usd
2011-07-28,6.3337,per_usd
2011-07-29,6.286,per_usd
2011-08-01,6.3514,per_usd
2011-08-02,6.3427,per_usd
2011-08-03,6.3466,per_usd
2011-08-04,6.503,per_usd
2011-08-05,6.5227,per_usd
2011-08-08,6.4612,per_usd
2011-08-09,6.5263,per_usd
2011-08-10,6.562,per_usd
2011-08-11,6.488,per_usd
2011-08-12,6.4989,per_usd
2011-08-15,6.3999,per_usd
2011-08-16,6.3917,per_usd
2011-08-17,6.3392,per_usd
2011-08-18,6.4427,per_usd
2011-08-19,6.3681,per_usd
2011-08-22,6.3523,per_usd
2011-08-23,6.3294,per_usd
2011-08-24,6.3176,per_usd
2011-08-25,6.3272,per_usd
2011-08-26,6.2952,per_usd
2011-08-29,6.2921,per_usd
2011-08-30,6.3516,per_usd
2011-08-31,6.3223,per_usd
2011-09-01,6.3742,per_usd
2011-09-02,6.4031,per_usd
2011-09-06,6.452,per_usd
2011-09-07,6.386,per_usd
2011-09-08,6.3994,per_usd
2011-09-09,6.4931,per_usd
2011-09-12,6.6634,per_usd
2011-09-13,6.6765,per_usd
2011-09-14,6.722,per_usd
2011-09-15,6.615,per_usd
2011-09-16,6.6457,per_usd
2011-09-19,6.7191,per_usd
2011-09-20,6.6295,per_usd
2011-09-21,6.6761,per_usd
2011-09-22,6.9087,per_usd
2011-09-23,6.8765,per_usd
2011-09-26,6.853,per_usd
2011-09-27,6.7328,per_usd
2011-09-28,6.7521,per_usd
2011-09-29,6.7686,per_usd
2011-09-30,6.819,per_usd
2011-10-03,6.8541,per_usd
2011-10-04,6.905,per_usd
2011-10-05,6.8783,per_usd
2011-10-06,6.8398,per_usd
2011-10-07,6.7451,per_usd
2011-10-11,6.6716,per_usd
2011-10-12,6.6111,per_usd
2011-10-13,6.6767,per_usd
2011-10-14,6.6053,per_usd
2011-10-17,6.6392,per_usd
2011-10-18,6.6571,per_usd
2011-10-19,6.6112,per_usd
2011-10-20,6.6738,per_usd
2011-10-21,6.5712,per_usd
2011-10-24,6.546,per_usd
2011-10-25,6.5537,per_usd
2011-10-26,6.5635,per_usd
2011-10-27,6.3575,per_usd
2011-10-28,6.3676,per_usd
2011-10-31,6.4635,per_usd
2011-11-01,6.6242,per_usd
2011-11-02,6.5799,per_usd
2011-11-03,6.5786,per_usd
2011-11-04,6.602,per_usd
2011-11-07,6.5744,per_usd
2011-11-08,6.5507,per_usd
2011-11-09,6.6606,per_usd
2011-11-10,6.6812,per_usd
2011-11-14,6.7029,per_usd
2011-11-15,6.7385,per_usd
2011-11-16,6.7797,per_usd
2011-11-17,6.7705,per_usd
2011-11-18,6.7773,per_usd
2011-11-21,6.8092,per_usd
2011-11-22,6.8221,per_usd
2011-11-23,6.9138,per_usd
2011-11-25,7.0013,per_usd
2011-11-28,6.9458,per_usd
2011-11-29,6.8848,per_usd
2011-11-30,6.7555,per_usd
2011-12-01,6.7618,per_usd
2011-12-02,6.765,per_usd
2011-12-05,6.7128,per_usd
2011-12-06,6.7474,per_usd
2011-12-07,6.7405,per_usd
2011-12-08,6.798,per_usd
2011-12-09,6.7379,per_usd
2011-12-12,6.8695,per_usd
2011-12-13,6.9435,per_usd
2011-12-14,7.0054,per_usd
2011-12-15,6.9736,per_usd
2011-12-16,6.9292,per_usd
2011-12-19,6.9065,per_usd
2011-12-20,6.8582,per_usd
2011-12-21,6.9037,per_usd
2011-12-22,6.8708,per_usd
2011-12-23,6.8897,per_usd
2011-12-27,6.853,per_usd
2011-12-28,6.9177,per_usd
2011-12-29,6.9029,per_usd
2011-12-30,6.8737,per_usd
2012-01-03,6.8109,per_usd
2012-01-04,6.8518,per_usd
2012-01-05,6.932,per_usd
2012-01-06,6.9318,per_usd
2012-01-09,6.9184,per_usd
2012-01-10,6.877,per_usd
2012-01-11,6.9412,per_usd
2012-01-12,6.9221,per_usd
2012-01-13,7.0137,per_usd
2012-01-17,6.9227,per_usd
2012-01-18,6.8644,per_usd
2012-01-19,6.7623,per_usd
2012-01-20,6.7785,per_usd
2012-01-23,6.735,per_usd
2012-01-24,6.769,per_usd
2012-01-25,6.8169,per_usd
2012-01-26,6.7539,per_usd
2012-01-27,6.7527,per_usd
2012-01-30,6.7557,per_usd
2012-01-31,6.8161,per_usd
2012-02-01,6.7389,per_usd
2012-02-02,6.7305,per_usd
2012-02-03,6.7206,per_usd
2012-02-06,6.7084,per_usd
2012-02-07,6.6658,per_usd
2012-02-08,6.6479,per_usd
2012-02-09,6.6233,per_usd
2012-02-10,6.6743,per_usd
2012-02-13,6.648,per_usd
2012-02-14,6.6843,per_usd
2012-02-15,6.7058,per_usd
2012-02-16,6.7327,per_usd
2012-02-17,6.7182,per_usd
2012-02-21,6.6447,per_usd
2012-02-22,6.6613,per_usd
2012-02-23,6.647,per_usd
2012-02-24,6.5561,per_usd
2012-02-27,6.5868,per_usd
2012-02-28,6.5591,per_usd
2012-02-29,6.5843,per_usd
2012-03-01,6.6206,per_usd
2012-03-02,6.679,per_usd
2012-03-05,6.6943,per_usd
2012-03-06,6.7903,per_usd
2012-03-07,6.7939,per_usd
2012-03-08,6.7059,per_usd
2012-03-09,6.796,per_usd
2012-03-12,6.8108,per_usd
2012-03-13,6.7629,per_usd
2012-03-14,6.8522,per_usd
2012-03-15,6.8099,per_usd
2012-03-16,6.7489,per_usd
2012-03-19,6.7104,per_usd
2012-03-20,6.7485,per_usd
2012-03-21,6.7307,per_usd
2012-03-22,6.7711,per_usd
2012-03-23,6.7422,per_usd
2012-03-26,6.681,per_usd
2012-03-27,6.6801,per_usd
2012-03-28,6.6748,per_usd
2012-03-29,6.6799,per_usd
2012-03-30,6.6191,per_usd
2012-04-02,6.6042,per_usd
2012-04-03,6.595,per_usd
2012-04-04,6.7087,per_usd
2012-04-05,6.7524,per_usd
2012-04-06,6.7518,per_usd
2012-04-09,6.7716,per_usd
2012-04-10,6.8118,per_usd
2012-04-11,6.7954,per_usd
2012-04-12,6.749,per_usd
2012-04-13,6.788,per_usd
2012-04-16,6.7911,per_usd
2012-04-17,6.7693,per_usd
2012-04-18,6.7418,per_usd
2012-04-19,6.7285,per_usd
2012-04-20,6.6936,per_usd
2012-04-23,6.7723,per_usd
2012-04-24,6.736,per_usd
2012-04-25,6.7312,per_usd
2012-04-26,6.7171,per_usd
2012-04-27,6.717,per_usd
2012-04-30,6.7274,per_usd
2012-05-01,6.7206,per_usd
2012-05-02,6.7468,per_usd
2012-05-03,6.7585,per_usd
2012-05-04,6.8163,per_usd
2012-05-07,6.819,per_usd
2012-05-08,6.8502,per_usd
2012-05-09,6.871,per_usd
2012-05-10,6.9286,per_usd
2012-05-11,6.9432,per_usd
2012-05-14,7.0303,per_usd
2012-05-15,7.1303,per_usd
2012-05-16,7.1545,per_usd
2012-05-17,7.1988,per_usd
2012-05-18,7.1841,per_usd
2012-05-21,7.1274,per_usd
2012-05-22,7.1153,per_usd
2012-05-23,7.1903,per_usd
2012-05-24,7.1558,per_usd
2012-05-25,7.1681,per_usd
2012-05-29,7.2084,per_usd
2012-05-30,7.2323,per_usd
2012-05-31,7.2655,per_usd
2012-06-01,7.2494,per_usd
2012-06-04,7.1865,per_usd
2012-06-05,7.2235,per_usd
2012-06-06,7.1922,per_usd
2012-06-07,7.1461,per_usd
2012-06-08,7.1526,per_usd
2012-06-11,7.0997,per_usd
2012-06-12,7.095,per_usd
2012-06-13,7.0241,per_usd
2012-06-14,7.0235,per_usd
2012-06-15,6.9962,per_usd
2012-06-18,7.0374,per_usd
2012-06-19,6.9574,per_usd
2012-06-20,6.9518,per_usd
2012-06-21,6.9974,per_usd
2012-06-22,7.0167,per_usd
2012-06-25,7.0877,per_usd
2012-06-26,7.0828,per_usd
2012-06-27,7.0687,per_usd
2012-06-28,7.0666,per_usd
2012-06-29,6.9123,per_usd
2012-07-02,6.9189,per_usd
2012-07-03,6.9263,per_usd
2012-07-05,6.9619,per_usd
2012-07-06,7.0284,per_usd
2012-07-09,7.0114,per_usd
2012-07-10,6.9778,per_usd
2012-07-11,6.9965,per_usd
2012-07-12,7.0341,per_usd
2012-07-13,7.032,per_usd
2012-07-16,7.0411,per_usd
2012-07-17,6.9956,per_usd
2012-07-18,6.9406,per_usd
2012-07-19,6.9326,per_usd
2012-07-20,6.928,per_usd
2012-07-23,6.967,per_usd
2012-07-24,6.9793,per_usd
2012-07-25,6.98,per_usd
2012-07-26,6.8726,per_usd
2012-07-27,6.8516,per_usd
2012-07-30,6.7956,per_usd
2012-07-31,6.787,per_usd
2012-08-01,6.7602,per_usd
2012-08-02,6.8218,per_usd
2012-08-03,6.7119,per_usd
2012-08-06,6.7051,per_usd
2012-08-07,6.7024,per_usd
2012-08-08,6.6843,per_usd
2012-08-09,6.7026,per_usd
2012-08-10,6.656,per_usd
2012-08-13,6.6952,per_usd
2012-08-14,6.6906,per_usd
2012-08-15,6.6895,per_usd
2012-08-16,6.6941,per_usd
2012-08-17,6.6915,per_usd
2012-08-20,6.668,per_usd
2012-08-21,6.6537,per_usd
2012-08-22,6.6662,per_usd
2012-08-23,6.6023,per_usd
2012-08-24,6.5906,per_usd
2012-08-27,6.5873,per_usd
2012-08-28,6.6032,per_usd
2012-08-29,6.658,per_usd
2012-08-30,6.6916,per_usd
2012-08-31,6.6176,per_usd
2012-09-04,6.7102,per_usd
2012-09-05,6.7253,per_usd
2012-09-06,6.745,per_usd
2012-09-07,6.6144,per_usd
2012-09-10,6.6103,per_usd
2012-09-11,6.606,per_usd
2012-09-12,6.5769,per_usd
2012-09-13,6.6182,per_usd
2012-09-14,6.5459,per_usd
2012-09-17,6.5825,per_usd
2012-09-18,6.5643,per_usd
2012-09-19,6.5018,per_usd
2012-09-20,6.5357,per_usd
2012-09-21,6.562,per_usd
2012-09-24,6.5741,per_usd
2012-09-25,6.541,per_usd
2012-09-26,6.6032,per_usd
2012-09-27,6.5421,per_usd
2012-09-28,6.5649,per_usd
2012-10-01,6.5751,per_usd
2012-10-02,6.5902,per_usd
2012-10-03,6.683,per_usd
2012-10-04,6.6165,per_usd
2012-10-05,6.5826,per_usd
2012-10-09,6.6951,per_usd
2012-10-10,6.6934,per_usd
2012-10-11,6.6952,per_usd
2012-10-12,6.6991,per_usd
2012-10-15,6.6614,per_usd
2012-10-16,6.615,per_usd
2012-10-17,6.5892,per_usd
2012-10-18,6.5484,per_usd
2012-10-19,6.5684,per_usd
2012-10-22,6.589,per_usd
2012-10-23,6.649,per_usd
2012-10-24,6.6993,per_usd
2012-10-25,6.7023,per_usd
2012-10-26,6.7014,per_usd
2012-10-29,6.6713,per_usd
2012-10-30,6.6208,per_usd
2012-10-31,6.6348,per_usd
2012-11-01,6.658,per_usd
2012-11-02,6.6892,per_usd
2012-11-05,6.6884,per_usd
2012-11-06,6.6875,per_usd
2012-11-07,6.6901,per_usd
2012-11-08,6.6959,per_usd
2012-11-09,6.7349,per_usd
2012-11-13,6.778,per_usd
2012-11-14,6.7802,per_usd
2012-11-15,6.7557,per_usd
2012-11-16,6.8019,per_usd
2012-11-19,6.7388,per_usd
2012-11-20,6.7696,per_usd
2012-11-21,6.7357,per_usd
2012-11-23,6.6287,per_usd
2012-11-26,6.6092,per_usd
2012-11-27,6.6787,per_usd
2012-11-28,6.6604,per_usd
2012-11-29,6.678,per_usd
2012-11-30,6.6594,per_usd
2012-12-03,6.6249,per_usd
2012-12-04,6.6008,per_usd
2012-12-05,6.5898,per_usd
2012-12-06,6.6381,per_usd
2012-12-07,6.6652,per_usd
2012-12-10,6.692,per_usd
2012-12-11,6.6408,per_usd
2012-12-12,6.661,per_usd
2012-12-13,6.667,per_usd
2012-12-14,6.6716,per_usd
2012-12-17,6.6412,per_usd
2012-12-18,6.5954,per_usd
2012-12-19,6.5457,per_usd
2012-12-20,6.5131,per_usd
2012-12-21,6.5337,per_usd
2012-12-24,6.5557,per_usd
2012-12-26,6.5092,per_usd
2012-12-27,6.5091,per_usd
2012-12-28,6.5099,per_usd
2012-12-31,6.5074,per_usd
2013-01-02,6.4851,per_usd
2013-01-03,6.506,per_usd
2013-01-04,6.5518,per_usd
2013-01-07,6.5081,per_usd
2013-01-08,6.549,per_usd
2013-01-09,6.5568,per_usd
2013-01-10,6.5066,per_usd
2013-01-11,6.466,per_usd
2013-01-14,6.4453,per_usd
2013-01-15,6.4911,per_usd
2013-01-16,6.501,per_usd
2013-01-17,6.4916,per_usd
2013-01-18,6.5329,per_usd
2013-01-22,6.5131,per_usd
2013-01-23,6.5316,per_usd
2013-01-24,6.4895,per_usd
2013-01-25,6.4602,per_usd
2013-01-28,6.4167,per_usd
2013-01-29,6.3789,per_usd
2013-01-30,6.3476,per_usd
2013-01-31,6.3533,per_usd
2013-02-01,6.2904,per_usd
2013-02-04,6.3201,per_usd
2013-02-05,6.3336,per_usd
2013-02-06,6.3561,per_usd
2013-02-07,6.4304,per_usd
2013-02-08,6.4443,per_usd
2013-02-11,6.3891,per_usd
2013-02-12,6.3554,per_usd
2013-02-13,6.288,per_usd
2013-02-14,6.329,per_usd
2013-02-15,6.3183,per_usd
2013-02-19,6.3096,per_usd
2013-02-20,6.3136,per_usd
2013-02-21,6.4082,per_usd
2013-02-22,6.4384,per_usd
2013-02-25,6.4319,per_usd
2013-02-26,6.4764,per_usd
2013-02-27,6.4514,per_usd
2013-02-28,6.4518,per_usd
2013-03-01,6.4531,per_usd
2013-03-04,6.4349,per_usd
2013-03-05,6.3917,per_usd
2013-03-06,6.4095,per_usd
2013-03-07,6.3412,per_usd
2013-03-08,6.4007,per_usd
2013-03-11,6.4013,per_usd
2013-03-12,6.3674,per_usd
2013-03-13,6.423,per_usd
2013-03-14,6.4522,per_usd
2013-03-15,6.3968,per_usd
2013-03-18,6.4349,per_usd
2013-03-19,6.4604,per_usd
2013-03-20,6.4635,per_usd
2013-03-21,6.4769,per_usd
2013-03-22,6.484,per_usd
2013-03-25,6.5229,per_usd
2013-03-26,6.4969,per_usd
2013-03-27,6.5152,per_usd
2013-03-28,6.5015,per_usd
2013-03-29,6.528,per_usd
2013-04-01,6.5094,per_usd
2013-04-02,6.4765,per_usd
2013-04-03,6.4989,per_usd
2013-04-04,6.5565,per_usd
2013-04-05,6.4423,per_usd
2013-04-08,6.419,per_usd
2013-04-09,6.3896,per_usd
2013-04-10,6.3894,per_usd
2013-04-11,6.3406,per_usd
2013-04-12,6.3627,per_usd
2013-04-15,6.3783,per_usd
2013-04-16,6.3789,per_usd
2013-04-17,6.4979,per_usd
2013-04-18,6.5285,per_usd
2013-04-19,6.5288,per_usd
2013-04-22,6.5296,per_usd
2013-04-23,6.6267,per_usd
2013-04-24,6.6347,per_usd
2013-04-25,6.6155,per_usd
2013-04-26,6.5722,per_usd
2013-04-29,6.5487,per_usd
2013-04-30,6.4817,per_usd
2013-05-01,6.4734,per_usd
2013-05-02,6.53,per_usd
2013-05-03,6.4944,per_usd
2013-05-06,6.5375,per_usd
2013-05-07,6.5218,per_usd
2013-05-08,6.4925,per_usd
2013-05-09,6.5058,per_usd
2013-05-10,6.6185,per_usd
2013-05-13,6.6067,per_usd
2013-05-14,6.644,per_usd
2013-05-15,6.6792,per_usd
2013-05-16,6.6465,per_usd
2013-05-17,6.7003,per_usd
2013-05-20,6.6588,per_usd
2013-05-21,6.624,per_usd
2013-05-22,6.6328,per_usd
2013-05-23,6.64,per_usd
2013-05-24,6.6503,per_usd
2013-05-28,6.6913,per_usd
2013-05-29,6.6492,per_usd
2013-05-30,6.5622,per_usd
2013-05-31,6.6221,per_usd
2013-06-03,6.5304,per_usd
2013-06-04,6.5691,per_usd
2013-06-05,6.5957,per_usd
2013-06-06,6.5386,per_usd
2013-06-07,6.5607,per_usd
2013-06-10,6.5897,per_usd
2013-06-11,6.5834,per_usd
2013-06-12,6.4865,per_usd
2013-06-13,6.5075,per_usd
2013-06-14,6.439,per_usd
2013-06-17,6.4713,per_usd
2013-06-18,6.4444,per_usd
2013-06-19,6.3855,per_usd
2013-06-20,6.583,per_usd
2013-06-21,6.7003,per_usd
2013-06-24,6.7776,per_usd
2013-06-25,6.735,per_usd
2013-06-26,6.7185,per_usd
2013-06-27,6.747,per_usd
2013-06-28,6.7318,per_usd
2013-07-01,6.6636,per_usd
2013-07-02,6.6876,per_usd
2013-07-03,6.6928,per_usd
2013-07-05,6.8171,per_usd
2013-07-08,6.7798,per_usd
2013-07-09,6.7985,per_usd
2013-07-10,6.7726,per_usd
2013-07-11,6.6912,per_usd
2013-07-12,6.676,per_usd
2013-07-15,6.6853,per_usd
2013-07-16,6.5934,per_usd
2013-07-17,6.5836,per_usd
2013-07-18,6.5995,per_usd
2013-07-19,6.5397,per_usd
2013-07-22,6.4872,per_usd
2013-07-23,6.4521,per_usd
2013-07-24,6.4964,per_usd
2013-07-25,6.5185,per_usd
2013-07-26,6.473,per_usd
2013-07-29,6.4742,per_usd
2013-07-30,6.5426,per_usd
2013-07-31,6.5284,per_usd
2013-08-01,6.6039,per_usd
2013-08-02,6.6078,per_usd
2013-08-05,6.5902,per_usd
2013-08-06,6.5633,per_usd
2013-08-07,6.5238,per_usd
2013-08-08,6.4771,per_usd
2013-08-09,6.5064,per_usd
2013-08-12,6.5251,per_usd
2013-08-13,6.5481,per_usd
2013-08-14,6.506,per_usd
2013-08-15,6.5367,per_usd
2013-08-16,6.5154,per_usd
2013-08-19,6.4974,per_usd
2013-08-20,6.4791,per_usd
2013-08-21,6.5538,per_usd
2013-08-22,6.5164,per_usd
2013-08-23,6.4871,per_usd
2013-08-26,6.5166,per_usd
2013-08-27,6.4992,per_usd
2013-08-28,6.5212,per_usd
2013-08-29,6.5945,per_usd
2013-08-30,6.6338,per_usd
2013-09-03,6.6205,per_usd
2013-09-04,6.5962,per_usd
2013-09-05,6.67,per_usd
2013-09-06,6.6371,per_usd
2013-09-09,6.5656,per_usd
2013-09-10,6.5457,per_usd
2013-09-11,6.5265,per_usd
2013-09-12,6.5141,per_usd
2013-09-13,6.5641,per_usd
2013-09-16,6.4926,per_usd
2013-09-17,6.4606,per_usd
2013-09-18,6.4595,per_usd
2013-09-19,6.3416,per_usd
2013-09-20,6.3615,per_usd
2013-09-23,6.3815,per_usd
2013-09-24,6.3947,per_usd
2013-09-25,6.408,per_usd
2013-09-26,6.4256,per_usd
2013-09-27,6.417,per_usd
2013-09-30,6.4095,per_usd
2013-10-01,6.3584,per_usd
2013-10-02,6.3751,per_usd
2013-10-03,6.3345,per_usd
2013-10-04,6.4141,per_usd
2013-10-07,6.421,per_usd
2013-10-08,6.4218,per_usd
2013-10-09,6.4741,per_usd
2013-10-10,6.4923,per_usd
2013-10-11,6.4713,per_usd
2013-10-15,6.513,per_usd
2013-10-16,6.5075,per_usd
2013-10-17,6.4091,per_usd
2013-10-18,6.4116,per_usd
2013-10-21,6.4033,per_usd
2013-10-22,6.3719,per_usd
2013-10-23,6.3734,per_usd
2013-10-24,6.356,per_usd
2013-10-25,6.3237,per_usd
2013-10-28,6.3346,per_usd
2013-10-29,6.372,per_usd
2013-10-30,6.3684,per_usd
2013-10-31,6.4692,per_usd
2013-11-01,6.5354,per_usd
2013-11-04,6.5005,per_usd
2013-11-05,6.5267,per_usd
2013-11-06,6.4922,per_usd
2013-11-07,6.5298,per_usd
2013-11-08,6.5947,per_usd
2013-11-12,6.6472,per_usd
2013-11-13,6.66,per_usd
2013-11-14,6.6453,per_usd
2013-11-15,6.6473,per_usd
2013-11-18,6.5974,per_usd
2013-11-19,6.6193,per_usd
2013-11-20,6.6267,per_usd
2013-11-21,6.6522,per_usd
2013-11-22,6.5897,per_usd
2013-11-25,6.5701,per_usd
2013-11-26,6.5775,per_usd
2013-11-27,6.5794,per_usd
2013-11-29,6.5475,per_usd
2013-12-02,6.5484,per_usd
2013-12-03,6.5047,per_usd
2013-12-04,6.5142,per_usd
2013-12-05,6.4911,per_usd
2013-12-06,6.5081,per_usd
2013-12-09,6.5346,per_usd
2013-12-10,6.5314,per_usd
2013-12-11,6.538,per_usd
2013-12-12,6.5964,per_usd
2013-12-13,6.5772,per_usd
2013-12-16,6.5723,per_usd
2013-12-17,6.5664,per_usd
2013-12-18,6.5379,per_usd
2013-12-19,6.5783,per_usd
2013-12-20,6.5755,per_usd
2013-12-23,6.5563,per_usd
2013-12-24,6.5646,per_usd
2013-12-26,6.5441,per_usd
2013-12-27,6.5114,per_usd
2013-12-30,6.4127,per_usd
2013-12-31,6.4254,per_usd
2014-01-02,6.4909,per_usd
2014-01-03,6.5177,per_usd
2014-01-06,6.5134,per_usd
2014-01-07,6.5172,per_usd
2014-01-08,6.5631,per_usd
2014-01-09,6.5597,per_usd
2014-01-10,6.4956,per_usd
2014-01-13,6.5054,per_usd
2014-01-14,6.4358,per_usd
2014-01-15,6.466,per_usd
2014-01-16,6.4699,per_usd
2014-01-17,6.4565,per_usd
2014-01-21,6.4867,per_usd
2014-01-22,6.4773,per_usd
2014-01-23,6.4295,per_usd
2014-01-24,6.4453,per_usd
2014-01-27,6.4297,per_usd
2014-01-28,6.4285,per_usd
2014-01-29,6.4566,per_usd
2014-01-30,6.525,per_usd
2014-01-31,6.5412,per_usd
2014-02-03,6.5421,per_usd
2014-02-04,6.526,per_usd
2014-02-05,6.5321,per_usd
2014-02-06,6.4997,per_usd
2014-02-07,6.4952,per_usd
2014-02-10,6.4831,per_usd
2014-02-11,6.4335,per_usd
2014-02-12,6.4471,per_usd
2014-02-13,6.4615,per_usd
2014-02-14,6.4515,per_usd
2014-02-18,6.4839,per_usd
2014-02-19,6.493,per_usd
2014-02-20,6.5515,per_usd
2014-02-21,6.5421,per_usd
2014-02-24,6.4917,per_usd
2014-02-25,6.4925,per_usd
2014-02-26,6.5181,per_usd
2014-02-27,6.5124,per_usd
2014-02-28,6.4109,per_usd
2014-03-03,6.4595,per_usd
2014-03-04,6.449,per_usd
2014-03-05,6.4282,per_usd
2014-03-06,6.3998,per_usd
2014-03-07,6.3883,per_usd
2014-03-10,6.3862,per_usd
2014-03-11,6.37,per_usd
2014-03-12,6.3619,per_usd
2014-03-13,6.3543,per_usd
2014-03-14,6.3769,per_usd
2014-03-17,6.351,per_usd
2014-03-18,6.3394,per_usd
2014-03-19,6.3557,per_usd
2014-03-20,6.4098,per_usd
2014-03-21,6.4379,per_usd
2014-03-24,6.4282,per_usd
2014-03-25,6.4272,per_usd
2014-03-26,6.4574,per_usd
2014-03-27,6.4805,per_usd
2014-03-28,6.5024,per_usd
2014-03-31,6.475,per_usd
2014-04-01,6.4524,per_usd
2014-04-02,6.4842,per_usd
2014-04-03,6.5461,per_usd
2014-04-04,6.5509,per_usd
2014-04-07,6.528,per_usd
2014-04-08,6.4936,per_usd
2014-04-09,6.5066,per_usd
2014-04-10,6.5229,per_usd
2014-04-11,6.5227,per_usd
2014-04-14,6.5524,per_usd
2014-04-15,6.577,per_usd
2014-04-16,6.5919,per_usd
2014-04-17,6.5922,per_usd
2014-04-18,6.594,per_usd
2014-04-21,6.6229,per_usd
2014-04-22,6.5824,per_usd
2014-04-23,6.5749,per_usd
2014-04-24,6.5726,per_usd
2014-04-25,6.587,per_usd
2014-04-28,6.5458,per_usd
2014-04-29,6.5685,per_usd
2014-04-30,6.5049,per_usd
2014-05-01,6.5013,per_usd
2014-05-02,6.5131,per_usd
2014-05-05,6.5452,per_usd
2014-05-06,6.5068,per_usd
2014-05-07,6.4864,per_usd
2014-05-08,6.5073,per_usd
2014-05-09,6.5587,per_usd
2014-05-12,6.5679,per_usd
2014-05-13,6.5502,per_usd
2014-05-14,6.5489,per_usd
2014-05-15,6.5776,per_usd
2014-05-16,6.5605,per_usd
2014-05-19,6.5848,per_usd
2014-05-20,6.5811,per_usd
2014-05-21,6.5803,per_usd
2014-05-22,6.5923,per_usd
2014-05-23,6.6488,per_usd
2014-05-27,6.6253,per_usd
2014-05-28,6.6463,per_usd
2014-05-29,6.6414,per_usd
2014-05-30,6.6855,per_usd
2014-06-02,6.6841,per_usd
2014-06-03,6.6851,per_usd
2014-06-04,6.648,per_usd
2014-06-05,6.6779,per_usd
2014-06-06,6.6276,per_usd
2014-06-09,6.6805,per_usd
2014-06-10,6.6995,per_usd
2014-06-11,6.6928,per_usd
2014-06-12,6.6903,per_usd
2014-06-13,6.6558,per_usd
2014-06-16,6.6238,per_usd
2014-06-17,6.6305,per_usd
2014-06-18,6.66,per_usd
2014-06-19,6.6915,per_usd
2014-06-20,6.7315,per_usd
2014-06-23,6.7032,per_usd
2014-06-24,6.7315,per_usd
2014-06-25,6.7278,per_usd
2014-06-26,6.7398,per_usd
2014-06-27,6.7358,per_usd
2014-06-30,6.6874,per_usd
2014-07-01,6.6937,per_usd
2014-07-02,6.7078,per_usd
2014-07-03,6.8162,per_usd
2014-07-07,6.8339,per_usd
2014-07-08,6.8292,per_usd
2014-07-09,6.7986,per_usd
2014-07-10,6.7809,per_usd
2014-07-11,6.7955,per_usd
2014-07-14,6.7944,per_usd
2014-07-15,6.8155,per_usd
2014-07-16,6.8239,per_usd
2014-07-17,6.824,per_usd
2014-07-18,6.8431,per_usd
2014-07-21,6.8519,per_usd
2014-07-22,6.8479,per_usd
2014-07-23,6.8384,per_usd
2014-07-24,6.8329,per_usd
2014-07-25,6.8218,per_usd
2014-07-28,6.8301,per_usd
2014-07-29,6.8514,per_usd
2014-07-30,6.8896,per_usd
2014-07-31,6.8958,per_usd
2014-08-01,6.8672,per_usd
2014-08-04,6.8923,per_usd
2014-08-05,6.898,per_usd
2014-08-06,6.9115,per_usd
2014-08-07,6.9017,per_usd
2014-08-08,6.8893,per_usd
2014-08-11,6.8685,per_usd
2014-08-12,6.8793,per_usd
2014-08-13,6.8785,per_usd
2014-08-14,6.8533,per_usd
2014-08-15,6.8341,per_usd
2014-08-18,6.8559,per_usd
2014-08-19,6.8702,per_usd
2014-08-20,6.9013,per_usd
2014-08-21,6.8898,per_usd
2014-08-22,6.9178,per_usd
2014-08-25,6.9233,per_usd
2014-08-26,6.9416,per_usd
2014-08-27,6.9462,per_usd
2014-08-28,6.9688,per_usd
2014-08-29,6.9753,per_usd
2014-09-02,7.0127,per_usd
2014-09-03,7.0185,per_usd
2014-09-04,7.0707,per_usd
2014-09-05,7.0869,per_usd
2014-09-08,7.0877,per_usd
2014-09-09,7.1136,per_usd
2014-09-10,7.0987,per_usd
2014-09-11,7.1179,per_usd
2014-09-12,7.1326,per_usd
2014-09-15,7.1106,per_usd
2014-09-16,7.1087,per_usd
2014-09-17,7.1238,per_usd
2014-09-18,7.1,per_usd
2014-09-19,7.146,per_usd
2014-09-22,7.1575,per_usd
2014-09-23,7.1433,per_usd
2014-09-24,7.1759,per_usd
2014-09-25,7.2146,per_usd
2014-09-26,7.26,per_usd
2014-09-29,7.2391,per_usd
2014-09-30,7.2151,per_usd
2014-10-01,7.2224,per_usd
2014-10-02,7.1889,per_usd
2014-10-03,7.271,per_usd
2014-10-06,7.2206,per_usd
2014-10-07,7.2049,per_usd
2014-10-08,7.2206,per_usd
2014-10-09,7.2147,per_usd
2014-10-10,7.2213,per_usd
2014-10-14,7.2428,per_usd
2014-10-15,7.1984,per_usd
2014-10-16,7.1632,per_usd
2014-10-17,7.1883,per_usd
2014-10-20,7.1869,per_usd
2014-10-21,7.2319,per_usd
2014-10-22,7.2655,per_usd
2014-10-23,7.2552,per_usd
2014-10-24,7.2565,per_usd
2014-10-27,7.2906,per_usd
2014-10-28,7.328,per_usd
2014-10-29,7.299,per_usd
2014-10-30,7.3358,per_usd
2014-10-31,7.3971,per_usd
2014-11-03,7.407,per_usd
2014-11-04,7.3907,per_usd
2014-11-05,7.373,per_usd
2014-11-06,7.4163,per_usd
2014-11-07,7.4289,per_usd
2014-11-10,7.4303,per_usd
2014-11-12,7.4148,per_usd
2014-11-13,7.4209,per_usd
2014-11-14,7.41,per_usd
2014-11-17,7.4302,per_usd
2014-11-18,7.3605,per_usd
2014-11-19,7.3855,per_usd
2014-11-20,7.4098,per_usd
2014-11-21,7.4754,per_usd
2014-11-24,7.4437,per_usd
2014-11-25,7.4349,per_usd
2014-11-26,7.3927,per_usd
2014-11-28,7.4544,per_usd
2014-12-01,7.4119,per_usd
2014-12-02,7.5123,per_usd
2014-12-03,7.5289,per_usd
2014-12-04,7.4688,per_usd
2014-12-05,7.5455,per_usd
2014-12-08,7.5591,per_usd
2014-12-09,7.518,per_usd
2014-12-10,7.522,per_usd
2014-12-11,7.5541,per_usd
2014-12-12,7.5325,per_usd
2014-12-15,7.6343,per_usd
2014-12-16,7.6031,per_usd
2014-12-17,7.6484,per_usd
2014-12-18,7.678,per_usd
2014-12-19,7.7302,per_usd
2014-12-22,7.7779,per_usd
2014-12-23,7.7889,per_usd
2014-12-24,7.8081,per_usd
2014-12-29,7.8217,per_usd
2014-12-30,7.7395,per_usd
2014-12-31,7.8245,per_usd
2015-01-02,7.8986,per_usd
2015-01-05,7.9253,per_usd
2015-01-06,7.8847,per_usd
2015-01-07,7.9743,per_usd
2015-01-08,8.0142,per_usd
2015-01-09,8.0521,per_usd
2015-01-12,8.0684,per_usd
2015-01-13,8.0718,per_usd
2015-01-14,8.0543,per_usd
2015-01-15,8.1431,per_usd
2015-01-16,8.14,per_usd
2015-01-20,8.1809,per_usd
2015-01-21,8.1819,per_usd
2015-01-22,8.1948,per_usd
2015-01-23,8.2702,per_usd
2015-01-26,8.2669,per_usd
2015-01-27,8.1703,per_usd
2015-01-28,8.2331,per_usd
2015-01-29,8.2647,per_usd
2015-01-30,8.2732,per_usd
2015-02-02,8.2932,per_usd
2015-02-03,8.2265,per_usd
2015-02-04,8.2527,per_usd
2015-02-05,8.2521,per_usd
2015-02-06,8.3891,per_usd
2015-02-09,8.3604,per_usd
2015-02-10,8.3312,per_usd
2015-02-11,8.3891,per_usd
2015-02-12,8.4169,per_usd
2015-02-13,8.4039,per_usd
2015-02-17,8.333,per_usd
2015-02-18,8.415,per_usd
2015-02-19,8.3967,per_usd
2015-02-20,8.3783,per_usd
2015-02-23,8.4142,per_usd
2015-02-24,8.4193,per_usd
2015-02-25,8.304,per_usd
2015-02-26,8.3893,per_usd
2015-02-27,8.3555,per_usd
2015-03-02,8.3427,per_usd
2015-03-03,8.2612,per_usd
2015-03-04,8.354,per_usd
2015-03-05,8.3583,per_usd
2015-03-06,8.4994,per_usd
2015-03-09,8.4875,per_usd
2015-03-10,8.5531,per_usd
2015-03-11,8.6257,per_usd
2015-03-12,8.61,per_usd
2015-03-13,8.6706,per_usd
2015-03-16,8.6341,per_usd
2015-03-17,8.6723,per_usd
2015-03-18,8.7505,per_usd
2015-03-19,8.6892,per_usd
2015-03-20,8.6443,per_usd
2015-03-23,8.4981,per_usd
2015-03-24,8.5137,per_usd
2015-03-25,8.4698,per_usd
2015-03-26,8.5548,per_usd
2015-03-27,8.5764,per_usd
2015-03-30,8.5928,per_usd
2015-03-31,8.6268,per_usd
2015-04-01,8.6475,per_usd
2015-04-02,8.6348,per_usd
2015-04-03,8.5341,per_usd
2015-04-06,8.503,per_usd
2015-04-07,8.6507,per_usd
2015-04-08,8.6489,per_usd
2015-04-09,8.7518,per_usd
2015-04-10,8.818,per_usd
2015-04-13,8.8156,per_usd
2015-04-14,8.7452,per_usd
2015-04-15,8.793,per_usd
2015-04-16,8.596,per_usd
2015-04-17,8.6482,per_usd
2015-04-20,8.6701,per_usd
2015-04-21,8.6279,per_usd
2015-04-22,8.7232,per_usd
2015-04-23,8.65,per_usd
2015-04-24,8.631,per_usd
2015-04-27,8.6008,per_usd
2015-04-28,8.5333,per_usd
2015-04-29,8.3052,per_usd
2015-04-30,8.3778,per_usd
2015-05-01,8.3931,per_usd
2015-05-04,8.3677,per_usd
2015-05-05,8.3671,per_usd
2015-05-06,8.2188,per_usd
2015-05-07,8.268,per_usd
2015-05-08,8.2106,per_usd
2015-05-11,8.295,per_usd
2015-05-12,8.3022,per_usd
2015-05-13,8.2085,per_usd
2015-05-14,8.2531,per_usd
2015-05-15,8.2174,per_usd
2015-05-18,8.22,per_usd
2015-05-19,8.3356,per_usd
2015-05-20,8.36,per_usd
2015-05-21,8.3159,per_usd
2015-05-22,8.374,per_usd
2015-05-26,8.4722,per_usd
2015-05-27,8.502,per_usd
2015-05-28,8.4941,per_usd
2015-05-29,8.5245,per_usd
2015-06-01,8.5884,per_usd
2015-06-02,8.4618,per_usd
2015-06-03,8.2778,per_usd
2015-06-04,8.2612,per_usd
2015-06-05,8.4144,per_usd
2015-06-08,8.347,per_usd
2015-06-09,8.2885,per_usd
2015-06-10,8.2592,per_usd
2015-06-11,8.2353,per_usd
2015-06-12,8.1623,per_usd
2015-06-15,8.1845,per_usd
2015-06-16,8.1973,per_usd
2015-06-17,8.1951,per_usd
2015-06-18,8.1076,per_usd
2015-06-19,8.1354,per_usd
2015-06-22,8.1149,per_usd
2015-06-23,8.2456,per_usd
2015-06-24,8.2613,per_usd
2015-06-25,8.2444,per_usd
2015-06-26,8.3113,per_usd
2015-06-29,8.2494,per_usd
2015-06-30,8.2937,per_usd
2015-07-01,8.3493,per_usd
2015-07-02,8.4545,per_usd
2015-07-06,8.4468,per_usd
2015-07-07,8.5483,per_usd
2015-07-08,8.4671,per_usd
2015-07-09,8.4956,per_usd
2015-07-10,8.4375,per_usd
2015-07-13,8.4703,per_usd
2015-07-14,8.5027,per_usd
2015-07-15,8.5025,per_usd
2015-07-16,8.5398,per_usd
2015-07-17,8.6402,per_usd
2015-07-20,8.6088,per_usd
2015-07-21,8.5604,per_usd
2015-07-22,8.6267,per_usd
2015-07-23,8.5875,per_usd
2015-07-24,8.5876,per_usd
2015-07-27,8.4916,per_usd
2015-07-28,8.5722,per_usd
2015-07-29,8.5991,per_usd
2015-07-30,8.6344,per_usd
2015-07-31,8.5925,per_usd
2015-08-03,8.6428,per_usd
2015-08-04,8.6453,per_usd
2015-08-05,8.733,per_usd
2015-08-06,8.7477,per_usd
2015-08-07,8.7679,per_usd
2015-08-10,8.6986,per_usd
2015-08-11,8.6691,per_usd
2015-08-12,8.5672,per_usd
2015-08-13,8.4833,per_usd
2015-08-14,8.5174,per_usd
2015-08-17,8.5198,per_usd
2015-08-18,8.5456,per_usd
2015-08-19,8.5783,per_usd
2015-08-20,8.506,per_usd
2015-08-21,8.3665,per_usd
2015-08-24,8.2769,per_usd
2015-08-25,8.4405,per_usd
2015-08-26,8.4619,per_usd
2015-08-27,8.4752,per_usd
2015-08-28,8.4649,per_usd
2015-08-31,8.4745,per_usd
2015-09-01,8.4609,per_usd
2015-09-02,8.4193,per_usd
2015-09-03,8.4266,per_usd
2015-09-04,8.4688,per_usd
2015-09-08,8.4108,per_usd
2015-09-09,8.4106,per_usd
2015-09-10,8.3663,per_usd
2015-09-11,8.2375,per_usd
2015-09-14,8.2576,per_usd
2015-09-15,8.3035,per_usd
2015-09-16,8.2439,per_usd
2015-09-17,8.259,per_usd
2015-09-18,8.2099,per_usd
2015-09-21,8.3362,per_usd
2015-09-22,8.395,per_usd
2015-09-23,8.4357,per_usd
2015-09-24,8.389,per_usd
2015-09-25,8.4078,per_usd
2015-09-28,8.4688,per_usd
2015-09-29,8.3846,per_usd
2015-09-30,8.3912,per_usd
2015-10-01,8.3633,per_usd
2015-10-02,8.319,per_usd
2015-10-05,8.3391,per_usd
2015-10-06,8.2362,per_usd
2015-10-07,8.2421,per_usd
2015-10-08,8.2338,per_usd
2015-10-09,8.183,per_usd
2015-10-13,8.1333,per_usd
2015-10-14,8.1341,per_usd
2015-10-15,8.2285,per_usd
2015-10-16,8.2217,per_usd
2015-10-19,8.3185,per_usd
2015-10-20,8.2819,per_usd
2015-10-21,8.3194,per_usd
2015-10-22,8.4394,per_usd
2015-10-23,8.5092,per_usd
2015-10-26,8.4997,per_usd
2015-10-27,8.4935,per_usd
2015-10-28,8.4173,per_usd
2015-10-29,8.5536,per_usd
2015-10-30,8.4922,per_usd
2015-11-02,8.5079,per_usd
2015-11-03,8.5526,per_usd
2015-11-04,8.6296,per_usd
2015-11-05,8.6473,per_usd
2015-11-06,8.7203,per_usd
2015-11-09,8.6731,per_usd
2015-11-10,8.7134,per_usd
2015-11-12,8.6459,per_usd
2015-11-13,8.7153,per_usd
2015-11-16,8.6957,per_usd
2015-11-17,8.7633,per_usd
2015-11-18,8.7423,per_usd
2015-11-19,8.6537,per_usd
2015-11-20,8.6929,per_usd
2015-11-23,8.7369,per_usd
2015-11-24,8.7009,per_usd
2015-11-25,8.7349,per_usd
2015-11-27,8.7292,per_usd
2015-11-30,8.7206,per_usd
2015-12-01,8.6974,per_usd
2015-12-02,8.7069,per_usd
2015-12-03,8.4958,per_usd
2015-12-04,8.4837,per_usd
2015-12-07,8.5384,per_usd
2015-12-08,8.5168,per_usd
2015-12-09,8.4267,per_usd
2015-12-10,8.4927,per_usd
2015-12-11,8.4816,per_usd
2015-12-14,8.4753,per_usd
2015-12-15,8.5023,per_usd
2015-12-16,8.5222,per_usd
2015-12-17,8.564,per_usd
2015-12-18,8.5602,per_usd
2015-12-21,8.5092,per_usd
2015-12-22,8.4113,per_usd
2015-12-23,8.4626,per_usd
2015-12-24,8.4008,per_usd
2015-12-28,8.3622,per_usd
2015-12-29,8.3774,per_usd
2015-12-30,8.4275,per_usd
2015-12-31,8.4485,per_usd
2016-01-04,8.5057,per_usd
2016-01-05,8.5987,per_usd
2016-01-06,8.6024,per_usd
2016-01-07,8.5106,per_usd
2016-01-08,8.5287,per_usd
2016-01-11,8.5253,per_usd
2016-01-12,8.5535,per_usd
2016-01-13,8.5165,per_usd
2016-01-14,8.5348,per_usd
2016-01-15,8.5512,per_usd
2016-01-19,8.5477,per_usd
2016-01-20,8.5825,per_usd
2016-01-21,8.5655,per_usd
2016-01-22,8.5754,per_usd
2016-01-25,8.5694,per_usd
2016-01-26,8.5614,per_usd
2016-01-27,8.5124,per_usd
2016-01-28,8.5048,per_usd
2016-01-29,8.5709,per_usd
2016-02-01,8.5385,per_usd
2016-02-02,8.5749,per_usd
2016-02-03,8.4745,per_usd
2016-02-04,8.3983,per_usd
2016-02-05,8.4802,per_usd
2016-02-08,8.4593,per_usd
2016-02-09,8.4061,per_usd
2016-02-10,8.4612,per_usd
2016-02-11,8.344,per_usd
2016-02-12,8.4337,per_usd
2016-02-16,8.4959,per_usd
2016-02-17,8.5104,per_usd
2016-02-18,8.4758,per_usd
2016-02-19,8.4426,per_usd
2016-02-22,8.5023,per_usd
2016-02-23,8.4829,per_usd
2016-02-24,8.4859,per_usd
2016-02-25,8.5157,per_usd
2016-02-26,8.5557,per_usd
2016-02-29,8.5709,per_usd
2016-03-01,8.6312,per_usd
2016-03-02,8.6321,per_usd
2016-03-03,8.5418,per_usd
2016-03-04,8.4779,per_usd
2016-03-07,8.4752,per_usd
2016-03-08,8.4776,per_usd
2016-03-09,8.4238,per_usd
2016-03-10,8.3712,per_usd
2016-03-11,8.3339,per_usd
2016-03-14,8.3326,per_usd
2016-03-15,8.3031,per_usd
2016-03-16,8.3168,per_usd
2016-03-17,8.1867,per_usd
2016-03-18,8.209,per_usd
2016-03-21,8.2166,per_usd
2016-03-22,8.2188,per_usd
2016-03-23,8.2672,per_usd
2016-03-24,8.3021,per_usd
2016-03-25,8.3066,per_usd
2016-03-28,8.2808,per_usd
2016-03-29,8.2546,per_usd
2016-03-30,8.15,per_usd
2016-03-31,8.0962,per_usd
2016-04-01,8.1164,per_usd
2016-04-04,8.1239,per_usd
2016-04-05,8.1408,per_usd
2016-04-06,8.1378,per_usd
2016-04-07,8.152,per_usd
2016-04-08,8.1453,per_usd
2016-04-11,8.1112,per_usd
2016-04-12,8.0701,per_usd
2016-04-13,8.1415,per_usd
2016-04-14,8.1264,per_usd
2016-04-15,8.1234,per_usd
2016-04-18,8.1214,per_usd
2016-04-19,8.074,per_usd
2016-04-20,8.089,per_usd
2016-04-21,8.1199,per_usd
2016-04-22,8.1244,per_usd
2016-04-25,8.1269,per_usd
2016-04-26,8.0938,per_usd
2016-04-27,8.0814,per_usd
2016-04-28,8.0851,per_usd
2016-04-29,8.0267,per_usd
2016-05-02,7.9761,per_usd
2016-05-03,8.0272,per_usd
2016-05-04,8.0679,per_usd
2016-05-05,8.1073,per_usd
2016-05-06,8.1254,per_usd
2016-05-09,8.1546,per_usd
2016-05-10,8.1466,per_usd
2016-05-11,8.1207,per_usd
2016-05-12,8.188,per_usd
2016-05-13,8.2562,per_usd
2016-05-16,8.2416,per_usd
2016-05-17,8.2281,per_usd
2016-05-18,8.2868,per_usd
2016-05-19,8.3375,per_usd
2016-05-20,8.3308,per_usd
2016-05-23,8.3599,per_usd
2016-05-24,8.3219,per_usd
2016-05-25,8.3028,per_usd
2016-05-26,8.2847,per_usd
2016-05-27,8.3224,per_usd
2016-05-31,8.336,per_usd
2016-06-01,8.303,per_usd
2016-06-02,8.3278,per_usd
2016-06-03,8.1742,per_usd
2016-06-06,8.1258,per_usd
2016-06-07,8.1404,per_usd
2016-06-08,8.1102,per_usd
2016-06-09,8.1685,per_usd
2016-06-10,8.2743,per_usd
2016-06-13,8.2548,per_usd
2016-06-14,8.3033,per_usd
2016-06-15,8.323,per_usd
2016-06-16,8.4216,per_usd
2016-06-17,8.3406,per_usd
2016-06-20,8.2374,per_usd
2016-06-21,8.2575,per_usd
2016-06-22,8.2727,per_usd
2016-06-23,8.1654,per_usd
2016-06-24,8.4345,per_usd
2016-06-27,8.5598,per_usd
2016-06-28,8.5372,per_usd
2016-06-29,8.4602,per_usd
2016-06-30,8.5028,per_usd
2016-07-01,8.4301,per_usd
2016-07-05,8.528,per_usd
2016-07-06,8.5276,per_usd
2016-07-07,8.5724,per_usd
2016-07-08,8.5984,per_usd
2016-07-11,8.584,per_usd
2016-07-12,8.5203,per_usd
2016-07-13,8.4751,per_usd
2016-07-14,8.4823,per_usd
2016-07-15,8.5455,per_usd
2016-07-18,8.5505,per_usd
2016-07-19,8.6114,per_usd
2016-07-20,8.6003,per_usd
2016-07-21,8.5947,per_usd
2016-07-22,8.6603,per_usd
2016-07-25,8.6513,per_usd
2016-07-26,8.6568,per_usd
2016-07-27,8.6797,per_usd
2016-07-28,8.6243,per_usd
2016-07-29,8.5503,per_usd
2016-08-01,8.5701,per_usd
2016-08-02,8.5105,per_usd
2016-08-03,8.5207,per_usd
2016-08-04,8.5214,per_usd
2016-08-05,8.5634,per_usd
2016-08-08,8.5867,per_usd
2016-08-09,8.5314,per_usd
2016-08-10,8.4686,per_usd
2016-08-11,8.4306,per_usd
2016-08-12,8.44,per_usd
2016-08-15,8.4542,per_usd
2016-08-16,8.4091,per_usd
2016-08-17,8.4384,per_usd
2016-08-18,8.358,per_usd
2016-08-19,8.3781,per_usd
2016-08-22,8.3826,per_usd
2016-08-23,8.3781,per_usd
2016-08-24,8.4068,per_usd
2016-08-25,8.4132,per_usd
2016-08-26,8.4464,per_usd
2016-08-29,8.4767,per_usd
2016-08-30,8.5389,per_usd
2016-08-31,8.5689,per_usd
2016-09-01,8.5504,per_usd
2016-09-02,8.5886,per_usd
2016-09-06,8.4765,per_usd
2016-09-07,8.4443,per_usd
2016-09-08,8.4483,per_usd
2016-09-09,8.4995,per_usd
2016-09-12,8.4992,per_usd
2016-09-13,8.5072,per_usd
2016-09-14,8.4628,per_usd
2016-09-15,8.4753,per_usd
2016-09-16,8.5761,per_usd
2016-09-19,8.5483,per_usd
2016-09-20,8.5801,per_usd
2016-09-21,8.5831,per_usd
2016-09-22,8.5322,per_usd
2016-09-23,8.5457,per_usd
2016-09-26,8.5175,per_usd
2016-09-27,8.612,per_usd
2016-09-28,8.5889,per_usd
2016-09-29,8.5435,per_usd
2016-09-30,8.5726,per_usd
2016-10-03,8.5641,per_usd
2016-10-04,8.5838,per_usd
2016-10-05,8.5989,per_usd
2016-10-06,8.6246,per_usd
2016-10-07,8.6616,per_usd
2016-10-11,8.8172,per_usd
2016-10-12,8.8306,per_usd
2016-10-13,8.805,per_usd
2016-10-14,8.8353,per_usd
2016-10-17,8.8135,per_usd
2016-10-18,8.8087,per_usd
2016-10-19,8.8431,per_usd
2016-10-20,8.8577,per_usd
2016-10-21,8.9297,per_usd
2016-10-24,8.9039,per_usd
2016-10-25,8.9224,per_usd
2016-10-26,8.8994,per_usd
2016-10-27,9.0646,per_usd
2016-10-28,9.0353,per_usd
2016-10-31,9.0207,per_usd
2016-11-01,8.9479,per_usd
2016-11-02,8.8938,per_usd
2016-11-03,8.9318,per_usd
2016-11-04,8.9543,per_usd
2016-11-07,9.0272,per_usd
2016-11-08,9.0102,per_usd
2016-11-09,9.0293,per_usd
2016-11-10,9.0874,per_usd
2016-11-14,9.1669,per_usd
2016-11-15,9.1814,per_usd
2016-11-16,9.1849,per_usd
2016-11-17,9.2191,per_usd
2016-11-18,9.2515,per_usd
2016-11-21,9.2494,per_usd
2016-11-22,9.2267,per_usd
2016-11-23,9.2686,per_usd
2016-11-25,9.2289,per_usd
2016-11-28,9.2275,per_usd
2016-11-29,9.1902,per_usd
2016-11-30,9.2548,per_usd
2016-12-01,9.2479,per_usd
2016-12-02,9.1936,per_usd
2016-12-05,9.1554,per_usd
2016-12-06,9.1214,per_usd
2016-12-07,9.0784,per_usd
2016-12-08,9.1273,per_usd
2016-12-09,9.1968,per_usd
2016-12-12,9.1874,per_usd
2016-12-13,9.1553,per_usd
2016-12-14,9.1535,per_usd
2016-12-15,9.4207,per_usd
2016-12-16,9.3581,per_usd
2016-12-19,9.3427,per_usd
2016-12-20,9.3557,per_usd
2016-12-21,9.228,per_usd
2016-12-22,9.1911,per_usd
2016-12-23,9.198,per_usd
2016-12-27,9.2277,per_usd
2016-12-28,9.206,per_usd
2016-12-29,9.1213,per_usd
2016-12-30,9.0803,per_usd
2017-01-03,9.1583,per_usd
2017-01-04,9.1108,per_usd
2017-01-05,8.9981,per_usd
2017-01-06,9.0421,per_usd
2017-01-09,9.0441,per_usd
2017-01-10,9.0643,per_usd
2017-01-11,9.1003,per_usd
2017-01-12,8.9121,per_usd
2017-01-13,8.9143,per_usd
2017-01-17,8.9119,per_usd
2017-01-18,8.9134,per_usd
2017-01-19,8.977,per_usd
2017-01-23,8.8427,per_usd
2017-01-24,8.8411,per_usd
2017-01-25,8.8254,per_usd
2017-01-26,8.8582,per_usd
2017-01-27,8.8499,per_usd
2017-01-30,8.8396,per_usd
2017-01-31,8.7525,per_usd
2017-02-01,8.7643,per_usd
2017-02-02,8.7176,per_usd
2017-02-03,8.7681,per_usd
2017-02-06,8.8343,per_usd
2017-02-07,8.8625,per_usd
2017-02-08,8.8331,per_usd
2017-02-09,8.9006,per_usd
2017-02-10,8.9,per_usd
2017-02-13,8.9362,per_usd
2017-02-14,8.94,per_usd
2017-02-15,8.9191,per_usd
2017-02-16,8.8612,per_usd
2017-02-17,8.9175,per_usd
2017-02-21,8.9677,per_usd
2017-02-22,8.982,per_usd
2017-02-23,8.986,per_usd
2017-02-24,8.9994,per_usd
2017-02-27,9.0134,per_usd
2017-02-28,9.0098,per_usd
2017-03-01,9.0293,per_usd
2017-03-02,9.0664,per_usd
2017-03-03,9.0372,per_usd
2017-03-06,9.0115,per_usd
2017-03-07,8.9966,per_usd
2017-03-08,9.0444,per_usd
2017-03-09,9.0305,per_usd
2017-03-10,9.0139,per_usd
2017-03-13,8.9466,per_usd
2017-03-14,8.9471,per_usd
2017-03-15,8.9571,per_usd
2017-03-16,8.8241,per_usd
2017-03-17,8.8167,per_usd
2017-03-20,8.8247,per_usd
2017-03-21,8.789,per_usd
2017-03-22,8.7984,per_usd
2017-03-23,8.8139,per_usd
2017-03-24,8.8111,per_usd
2017-03-27,8.7701,per_usd
2017-03-28,8.7864,per_usd
2017-03-29,8.8801,per_usd
2017-03-30,8.9092,per_usd
2017-03-31,8.9349,per_usd
2017-04-03,8.9639,per_usd
2017-04-04,9.0014,per_usd
2017-04-05,8.978,per_usd
2017-04-06,9.0076,per_usd
2017-04-07,9.0503,per_usd
2017-04-10,9.0635,per_usd
2017-04-11,9.045,per_usd
2017-04-12,9.0165,per_usd
2017-04-13,9.0255,per_usd
2017-04-14,9.0289,per_usd
2017-04-17,8.9864,per_usd
2017-04-18,8.9737,per_usd
2017-04-19,8.982,per_usd
2017-04-20,8.9546,per_usd
2017-04-21,9.0155,per_usd
2017-04-24,8.8732,per_usd
2017-04-25,8.7675,per_usd
2017-04-26,8.7855,per_usd
2017-04-27,8.8499,per_usd
2017-04-28,8.8635,per_usd
2017-05-01,8.8281,per_usd
2017-05-02,8.8291,per_usd
2017-05-03,8.8148,per_usd
2017-05-04,8.816,per_usd
2017-05-05,8.7941,per_usd
2017-05-08,8.8372,per_usd
2017-05-09,8.8876,per_usd
2017-05-10,8.913,per_usd
2017-05-11,8.8799,per_usd
2017-05-12,8.8439,per_usd
2017-05-15,8.819,per_usd
2017-05-16,8.7982,per_usd
2017-05-17,8.7533,per_usd
2017-05-18,8.7755,per_usd
2017-05-19,8.7398,per_usd
2017-05-22,8.6994,per_usd
2017-05-23,8.7069,per_usd
2017-05-24,8.7107,per_usd
2017-05-25,8.6731,per_usd
2017-05-26,8.6926,per_usd
2017-05-30,8.7256,per_usd
2017-05-31,8.6788,per_usd
2017-06-01,8.6915,per_usd
2017-06-02,8.6323,per_usd
2017-06-05,8.6621,per_usd
2017-06-06,8.6733,per_usd
2017-06-07,8.6945,per_usd
2017-06-08,8.7159,per_usd
2017-06-09,8.7178,per_usd
2017-06-12,8.7412,per_usd
2017-06-13,8.7035,per_usd
2017-06-14,8.6421,per_usd
2017-06-15,8.7503,per_usd
2017-06-16,8.7035,per_usd
2017-06-19,8.7339,per_usd
2017-06-20,8.7941,per_usd
2017-06-21,8.7619,per_usd
2017-06-22,8.753,per_usd
2017-06-23,8.7139,per_usd
2017-06-26,8.713,per_usd
2017-06-27,8.6147,per_usd
2017-06-28,8.5665,per_usd
2017-06-29,8.495,per_usd
2017-06-30,8.44,per_usd
2017-07-03,8.4742,per_usd
2017-07-05,8.5031,per_usd
2017-07-06,8.4454,per_usd
2017-07-07,8.4373,per_usd
2017-07-10,8.4368,per_usd
2017-07-11,8.4259,per_usd
2017-07-12,8.4176,per_usd
2017-07-13,8.3662,per_usd
2017-07-14,8.3298,per_usd
2017-07-17,8.3016,per_usd
2017-07-18,8.2742,per_usd
2017-07-19,8.2893,per_usd
2017-07-20,8.2314,per_usd
2017-07-21,8.2491,per_usd
2017-07-24,8.2205,per_usd
2017-07-25,8.2025,per_usd
2017-07-26,8.2301,per_usd
2017-07-27,8.2297,per_usd
2017-07-28,8.1177,per_usd
2017-07-31,8.0752,per_usd
2017-08-01,8.1124,per_usd
2017-08-02,8.0958,per_usd
2017-08-03,8.0922,per_usd
2017-08-04,8.1615,per_usd
2017-08-07,8.1597,per_usd
2017-08-08,8.1928,per_usd
2017-08-09,8.1879,per_usd
2017-08-10,8.1475,per_usd
2017-08-11,8.1405,per_usd
2017-08-14,8.1107,per_usd
2017-08-15,8.0847,per_usd
2017-08-16,8.1177,per_usd
2017-08-17,8.1152,per_usd
2017-08-18,8.1082,per_usd
2017-08-21,8.0693,per_usd
2017-08-22,8.1034,per_usd
2017-08-23,8.0753,per_usd
2017-08-24,8.0584,per_usd
2017-08-25,7.9963,per_usd
2017-08-28,7.9591,per_usd
2017-08-29,7.9132,per_usd
2017-08-30,7.9635,per_usd
2017-08-31,7.955,per_usd
2017-09-01,7.9911,per_usd
2017-09-05,7.964,per_usd
2017-09-06,7.9506,per_usd
2017-09-07,7.9435,per_usd
2017-09-08,7.9361,per_usd
2017-09-11,8.0063,per_usd
2017-09-12,7.9619,per_usd
2017-09-13,8.0295,per_usd
2017-09-14,8.0116,per_usd
2017-09-15,7.9589,per_usd
2017-09-18,7.9673,per_usd
2017-09-19,7.9585,per_usd
2017-09-20,7.9472,per_usd
2017-09-21,7.9705,per_usd
2017-09-22,7.9536,per_usd
2017-09-25,8.0486,per_usd
2017-09-26,8.1471,per_usd
2017-09-27,8.1508,per_usd
2017-09-28,8.1411,per_usd
2017-09-29,8.1538,per_usd
2017-10-02,8.1595,per_usd
2017-10-03,8.1252,per_usd
2017-10-04,8.0959,per_usd
2017-10-05,8.1354,per_usd
2017-10-06,8.1198,per_usd
2017-10-10,8.0743,per_usd
2017-10-11,8.0534,per_usd
2017-10-12,8.1051,per_usd
2017-10-13,8.099,per_usd
2017-10-16,8.1015,per_usd
2017-10-17,8.1608,per_usd
2017-10-18,8.1522,per_usd
2017-10-19,8.1393,per_usd
2017-10-20,8.1729,per_usd
2017-10-23,8.1885,per_usd
2017-10-24,8.2044,per_usd
2017-10-25,8.2228,per_usd
2017-10-26,8.3177,per_usd
2017-10-27,8.3803,per_usd
2017-10-30,8.3602,per_usd
2017-10-31,8.3612,per_usd
2017-11-01,8.4017,per_usd
2017-11-02,8.3849,per_usd
2017-11-03,8.434,per_usd
2017-11-06,8.4036,per_usd
2017-11-07,8.4021,per_usd
2017-11-08,8.3826,per_usd
2017-11-09,8.3683,per_usd
2017-11-13,8.3942,per_usd
2017-11-14,8.4188,per_usd
2017-11-15,8.4436,per_usd
2017-11-16,8.4038,per_usd
2017-11-17,8.4375,per_usd
2017-11-20,8.4803,per_usd
2017-11-21,8.4297,per_usd
2017-11-22,8.3785,per_usd
2017-11-24,8.2769,per_usd
2017-11-27,8.2971,per_usd
2017-11-28,8.3377,per_usd
2017-11-29,8.351,per_usd
2017-11-30,8.3599,per_usd
2017-12-01,8.3623,per_usd
2017-12-04,8.4238,per_usd
2017-12-05,8.3763,per_usd
2017-12-06,8.4298,per_usd
2017-12-07,8.4676,per_usd
2017-12-08,8.4696,per_usd
2017-12-11,8.4962,per_usd
2017-12-12,8.4465,per_usd
2017-12-13,8.4464,per_usd
2017-12-14,8.4288,per_usd
2017-12-15,8.5053,per_usd
2017-12-18,8.4169,per_usd
2017-12-19,8.4195,per_usd
2017-12-20,8.3783,per_usd
2017-12-21,8.3935,per_usd
2017-12-22,8.358,per_usd
2017-12-26,8.3451,per_usd
2017-12-27,8.2684,per_usd
2017-12-28,8.2438,per_usd
2017-12-29,8.1732,per_usd
2018-01-02,8.1724,per_usd
2018-01-03,8.1708,per_usd
2018-01-04,8.137,per_usd
2018-01-05,8.1331,per_usd
2018-01-08,8.1986,per_usd
2018-01-09,8.2413,per_usd
2018-01-10,8.1973,per_usd
2018-01-11,8.1325,per_usd
2018-01-12,8.0933,per_usd
2018-01-16,8.0402,per_usd
2018-01-17,8.0309,per_usd
2018-01-18,8.0151,per_usd
2018-01-19,8.0348,per_usd
2018-01-22,8.0412,per_usd
2018-01-23,8.0289,per_usd
2018-01-24,7.9408,per_usd
2018-01-25,7.8549,per_usd
2018-01-26,7.8723,per_usd
2018-01-29,7.9063,per_usd
2018-01-30,7.8925,per_usd
2018-01-31,7.8736,per_usd
2018-02-01,7.8588,per_usd
2018-02-02,7.9092,per_usd
2018-02-05,7.9258,per_usd
2018-02-06,7.954,per_usd
2018-02-07,8.0396,per_usd
2018-02-08,8.1225,per_usd
2018-02-09,8.1069,per_usd
2018-02-12,8.0868,per_usd
2018-02-13,8.0257,per_usd
2018-02-14,8.0051,per_usd
2018-02-15,7.9596,per_usd
2018-02-16,7.944,per_usd
2018-02-20,8.0775,per_usd
2018-02-21,8.0766,per_usd
2018-02-22,8.1228,per_usd
2018-02-23,8.1611,per_usd
2018-02-26,8.1609,per_usd
2018-02-27,8.2235,per_usd
2018-02-28,8.2694,per_usd
2018-03-01,8.2603,per_usd
2018-03-02,8.259,per_usd
2018-03-05,8.2558,per_usd
2018-03-06,8.209,per_usd
2018-03-07,8.2539,per_usd
2018-03-08,8.2705,per_usd
2018-03-09,8.2307,per_usd
2018-03-12,8.2461,per_usd
2018-03-13,8.2013,per_usd
2018-03-14,8.1973,per_usd
2018-03-15,8.1808,per_usd
2018-03-16,8.196,per_usd
2018-03-19,8.1707,per_usd
2018-03-20,8.2043,per_usd
2018-03-21,8.223,per_usd
2018-03-22,8.2448,per_usd
2018-03-23,8.2472,per_usd
2018-03-26,8.1941,per_usd
2018-03-27,8.2118,per_usd
2018-03-28,8.3133,per_usd
2018-03-29,8.3619,per_usd
2018-03-30,8.3619,per_usd
2018-04-02,8.39,per_usd
2018-04-03,8.3973,per_usd
2018-04-04,8.4029,per_usd
2018-04-05,8.4306,per_usd
2018-04-06,8.3906,per_usd
2018-04-09,8.3617,per_usd
2018-04-10,8.3157,per_usd
2018-04-11,8.3274,per_usd
2018-04-12,8.4237,per_usd
2018-04-13,8.446,per_usd
2018-04-16,8.4279,per_usd
2018-04-17,8.4183,per_usd
2018-04-18,8.3922,per_usd
2018-04-19,8.407,per_usd
2018-04-20,8.4453,per_usd
2018-04-23,8.501,per_usd
2018-04-24,8.5138,per_usd
2018-04-25,8.5597,per_usd
2018-04-26,8.6604,per_usd
2018-04-27,8.6769,per_usd
2018-04-30,8.763,per_usd
2018-05-01,8.8386,per_usd
2018-05-02,8.8974,per_usd
2018-05-03,8.8417,per_usd
2018-05-04,8.8033,per_usd
2018-05-07,8.8184,per_usd
2018-05-08,8.8136,per_usd
2018-05-09,8.7044,per_usd
2018-05-10,8.6631,per_usd
2018-05-11,8.5912,per_usd
2018-05-14,8.6003,per_usd
2018-05-15,8.6668,per_usd
2018-05-16,8.6664,per_usd
2018-05-17,8.7446,per_usd
2018-05-18,8.7504,per_usd
2018-05-21,8.7015,per_usd
2018-05-22,8.6708,per_usd
2018-05-23,8.7691,per_usd
2018-05-24,8.7539,per_usd
2018-05-25,8.7432,per_usd
2018-05-29,8.9564,per_usd
2018-05-30,8.8025,per_usd
2018-05-31,8.8233,per_usd
2018-06-01,8.8205,per_usd
2018-06-04,8.753,per_usd
2018-06-05,8.7774,per_usd
2018-06-06,8.7279,per_usd
2018-06-07,8.6793,per_usd
2018-06-08,8.716,per_usd
2018-06-11,8.6511,per_usd
2018-06-12,8.6059,per_usd
2018-06-13,8.6179,per_usd
2018-06-14,8.6839,per_usd
2018-06-15,8.7822,per_usd
2018-06-18,8.8301,per_usd
2018-06-19,8.9066,per_usd
2018-06-20,8.8703,per_usd
2018-06-21,8.9077,per_usd
2018-06-22,8.8698,per_usd
2018-06-25,8.8699,per_usd
2018-06-26,8.8558,per_usd
2018-06-27,8.9352,per_usd
2018-06-28,9.0091,per_usd
2018-06-29,8.9511,per_usd
2018-07-02,8.9988,per_usd
2018-07-03,8.8262,per_usd
2018-07-05,8.767,per_usd
2018-07-06,8.7275,per_usd
2018-07-09,8.7241,per_usd
2018-07-10,8.7474,per_usd
2018-07-11,8.7769,per_usd
2018-07-12,8.8454,per_usd
2018-07-13,8.904,per_usd
2018-07-16,8.8205,per_usd
2018-07-17,8.825,per_usd
2018-07-18,8.8646,per_usd
2018-07-19,8.9426,per_usd
2018-07-20,8.8671,per_usd
2018-07-23,8.8522,per_usd
2018-07-24,8.828,per_usd
2018-07-25,8.8035,per_usd
2018-07-26,8.8052,per_usd
2018-07-27,8.8373,per_usd
2018-07-30,8.7522,per_usd
2018-07-31,8.7856,per_usd
2018-08-01,8.8033,per_usd
2018-08-02,8.8729,per_usd
2018-08-03,8.9009,per_usd
2018-08-06,8.9208,per_usd
2018-08-07,8.9106,per_usd
2018-08-08,8.9601,per_usd
2018-08-09,8.9786,per_usd
2018-08-10,9.1367,per_usd
2018-08-13,9.1325,per_usd
2018-08-14,9.1308,per_usd
2018-08-15,9.2228,per_usd
2018-08-16,9.1874,per_usd
2018-08-17,9.1726,per_usd
2018-08-20,9.1778,per_usd
2018-08-21,9.1198,per_usd
2018-08-22,9.0668,per_usd
2018-08-23,9.1208,per_usd
2018-08-24,9.1138,per_usd
2018-08-27,9.0953,per_usd
2018-08-28,9.1154,per_usd
2018-08-29,9.1518,per_usd
2018-08-30,9.1388,per_usd
2018-08-31,9.1566,per_usd
2018-09-04,9.1118,per_usd
2018-09-05,9.0702,per_usd
2018-09-06,9.0697,per_usd
2018-09-07,9.0813,per_usd
2018-09-10,9.0357,per_usd
2018-09-11,9.0354,per_usd
2018-09-12,9.0653,per_usd
2018-09-13,8.988,per_usd
2018-09-14,9.0299,per_usd
2018-09-17,8.9141,per_usd
2018-09-18,8.8993,per_usd
2018-09-19,8.868,per_usd
2018-09-20,8.7931,per_usd
2018-09-21,8.7938,per_usd
2018-09-24,8.7953,per_usd
2018-09-25,8.7939,per_usd
2018-09-26,8.8082,per_usd
2018-09-27,8.8202,per_usd
2018-09-28,8.878,per_usd
2018-10-01,8.9488,per_usd
2018-10-02,8.9855,per_usd
2018-10-03,9.029,per_usd
2018-10-04,9.0479,per_usd
2018-10-05,9.0857,per_usd
2018-10-09,9.115,per_usd
2018-10-10,9.0955,per_usd
2018-10-11,9.0146,per_usd
2018-10-12,8.9654,per_usd
2018-10-15,8.9405,per_usd
2018-10-16,8.886,per_usd
2018-10-17,8.949,per_usd
2018-10-18,9.0182,per_usd
2018-10-19,8.9864,per_usd
2018-10-22,8.9967,per_usd
2018-10-23,9.035,per_usd
2018-10-24,9.0959,per_usd
2018-10-25,9.1089,per_usd
2018-10-26,9.1256,per_usd
2018-10-29,9.1278,per_usd
2018-10-30,9.1567,per_usd
2018-10-31,9.1462,per_usd
2018-11-01,9.1462,per_usd
2018-11-02,9.0777,per_usd
2018-11-05,9.0722,per_usd
2018-11-06,9.0716,per_usd
2018-11-07,9.0028,per_usd
2018-11-08,8.9832,per_usd
2018-11-09,9.0716,per_usd
2018-11-13,9.1207,per_usd
2018-11-14,9.0863,per_usd
2018-11-15,9.0535,per_usd
2018-11-16,9.0151,per_usd
2018-11-19,9.0025,per_usd
2018-11-20,9.0638,per_usd
2018-11-21,9.0278,per_usd
2018-11-23,9.0909,per_usd
2018-11-26,9.0929,per_usd
2018-11-27,9.1149,per_usd
2018-11-28,9.1007,per_usd
2018-11-29,9.0599,per_usd
2018-11-30,9.0982,per_usd
2018-12-03,9.0234,per_usd
2018-12-04,9.0086,per_usd
2018-12-06,9.0037,per_usd
2018-12-07,9.0318,per_usd
2018-12-10,9.0804,per_usd
2018-12-11,9.0819,per_usd
2018-12-12,9.0916,per_usd
2018-12-13,9.054,per_usd
2018-12-14,9.0758,per_usd
2018-12-17,9.0447,per_usd
2018-12-18,9.0711,per_usd
2018-12-19,9.0572,per_usd
2018-12-20,8.9922,per_usd
2018-12-21,9.0227,per_usd
2018-12-26,9.0704,per_usd
2018-12-27,9.0101,per_usd
2018-12-28,8.9595,per_usd
2018-12-31,8.8654,per_usd
2019-01-02,8.9931,per_usd
2019-01-03,9.0004,per_usd
2019-01-04,8.9488,per_usd
2019-01-07,8.9013,per_usd
2019-01-08,8.9281,per_usd
2019-01-09,8.8836,per_usd
2019-01-10,8.8829,per_usd
2019-01-11,8.9305,per_usd
2019-01-15,8.9763,per_usd
2019-01-16,8.9846,per_usd
2019-01-17,9.027,per_usd
2019-01-18,9.0187,per_usd
2019-01-22,9.0263,per_usd
2019-01-23,9.0118,per_usd
2019-01-24,9.0729,per_usd
2019-01-25,9.0518,per_usd
2019-01-28,9.0527,per_usd
2019-01-29,9.0726,per_usd
2019-01-30,9.0908,per_usd
2019-01-31,9.0465,per_usd
2019-02-01,9.0384,per_usd
2019-02-04,9.0968,per_usd
2019-02-05,9.1098,per_usd
2019-02-06,9.1721,per_usd
2019-02-07,9.238,per_usd
2019-02-08,9.265,per_usd
2019-02-11,9.3008,per_usd
2019-02-12,9.2598,per_usd
2019-02-13,9.2425,per_usd
2019-02-14,9.3032,per_usd
2019-02-15,9.2867,per_usd
2019-02-19,9.3256,per_usd
2019-02-21,9.3519,per_usd
2019-02-22,9.351,per_usd
2019-02-25,9.3218,per_usd
2019-02-26,9.3018,per_usd
2019-02-27,9.2671,per_usd
2019-02-28,9.2341,per_usd
2019-03-01,9.2607,per_usd
2019-03-04,9.3444,per_usd
2019-03-05,9.3244,per_usd
2019-03-06,9.288,per_usd
2019-03-07,9.4392,per_usd
2019-03-08,9.4369,per_usd
2019-03-11,9.4168,per_usd
2019-03-12,9.3647,per_usd
2019-03-13,9.3031,per_usd
2019-03-14,9.3143,per_usd
2019-03-15,9.2399,per_usd
2019-03-18,9.2351,per_usd
2019-03-19,9.202,per_usd
2019-03-20,9.1839,per_usd
2019-03-21,9.1783,per_usd
2019-03-22,9.2947,per_usd
2019-03-25,9.2282,per_usd
2019-03-26,9.232,per_usd
2019-03-27,9.2772,per_usd
2019-03-28,9.2962,per_usd
2019-03-29,9.2949,per_usd
2019-04-01,9.2821,per_usd
2019-04-02,9.3349,per_usd
2019-04-03,9.2636,per_usd
2019-04-04,9.2768,per_usd
2019-04-05,9.2875,per_usd
2019-04-08,9.2523,per_usd
2019-04-09,9.2437,per_usd
2019-04-10,9.2637,per_usd
2019-04-11,9.2745,per_usd
2019-04-12,9.2636,per_usd
2019-04-15,9.2573,per_usd
2019-04-16,9.2445,per_usd
2019-04-17,9.245,per_usd
2019-04-18,9.3007,per_usd
2019-04-19,9.3027,per_usd
2019-04-22,9.3024,per_usd
2019-04-23,9.3665,per_usd
2019-04-24,9.3982,per_usd
2019-04-25,9.5287,per_usd
2019-04-26,9.4979,per_usd
2019-04-29,9.5242,per_usd
2019-04-30,9.5041,per_usd
2019-05-01,9.4968,per_usd
2019-05-02,9.5663,per_usd
2019-05-03,9.5483,per_usd
2019-05-06,9.5618,per_usd
2019-05-07,9.5996,per_usd
2019-05-08,9.5894,per_usd
2019-05-09,9.6466,per_usd
2019-05-10,9.6173,per_usd
2019-05-13,9.6251,per_usd
2019-05-14,9.626,per_usd
2019-05-15,9.6003,per_usd
2019-05-16,9.6018,per_usd
2019-05-17,9.6408,per_usd
2019-05-20,9.6552,per_usd
2019-05-21,9.66,per_usd
2019-05-22,9.6331,per_usd
2019-05-23,9.624,per_usd
2019-05-24,9.5539,per_usd
2019-05-28,9.5673,per_usd
2019-05-29,9.5692,per_usd
2019-05-30,9.5312,per_usd
2019-05-31,9.513,per_usd
2019-06-03,9.4729,per_usd
2019-06-04,9.4561,per_usd
2019-06-05,9.4394,per_usd
2019-06-06,9.4418,per_usd
2019-06-07,9.4001,per_usd
2019-06-10,9.4173,per_usd
2019-06-11,9.4424,per_usd
2019-06-12,9.4516,per_usd
2019-06-13,9.4878,per_usd
2019-06-14,9.4858,per_usd
2019-06-17,9.4705,per_usd
2019-06-18,9.5197,per_usd
2019-06-19,9.5197,per_usd
2019-06-20,9.4176,per_usd
2019-06-21,9.3861,per_usd
2019-06-24,9.2946,per_usd
2019-06-25,9.2585,per_usd
2019-06-26,9.2506,per_usd
2019-06-27,9.2713,per_usd
2019-06-28,9.2869,per_usd
2019-07-01,9.3364,per_usd
2019-07-02,9.3219,per_usd
2019-07-03,9.3155,per_usd
2019-07-05,9.4413,per_usd
2019-07-08,9.4618,per_usd
2019-07-09,9.4701,per_usd
2019-07-10,9.4105,per_usd
2019-07-11,9.3845,per_usd
2019-07-12,9.3763,per_usd
2019-07-15,9.3568,per_usd
2019-07-16,9.3801,per_usd
2019-07-17,9.3537,per_usd
2019-07-18,9.351,per_usd
2019-07-19,9.3764,per_usd
2019-07-22,9.4079,per_usd
2019-07-23,9.4649,per_usd
2019-07-24,9.4284,per_usd
2019-07-25,9.439,per_usd
2019-07-26,9.4974,per_usd
2019-07-29,9.4853,per_usd
2019-07-30,9.5678,per_usd
2019-07-31,9.5929,per_usd
2019-08-01,9.6492,per_usd
2019-08-02,9.6397,per_usd
2019-08-05,9.6109,per_usd
2019-08-06,9.588,per_usd
2019-08-07,9.6311,per_usd
2019-08-08,9.5777,per_usd
2019-08-09,9.5384,per_usd
2019-08-12,9.5709,per_usd
2019-08-13,9.5513,per_usd
2019-08-14,9.6326,per_usd
2019-08-15,9.6393,per_usd
2019-08-16,9.6643,per_usd
2019-08-19,9.6668,per_usd
2019-08-20,9.7057,per_usd
2019-08-21,9.6202,per_usd
2019-08-22,9.6641,per_usd
2019-08-23,9.6278,per_usd
2019-08-26,9.6712,per_usd
2019-08-27,9.6623,per_usd
2019-08-28,9.719,per_usd
2019-08-29,9.7695,per_usd
2019-08-30,9.8277,per_usd
2019-09-03,9.8378,per_usd
2019-09-04,9.7519,per_usd
2019-09-05,9.6796,per_usd
2019-09-06,9.6179,per_usd
2019-09-09,9.6489,per_usd
2019-09-10,9.6885,per_usd
2019-09-11,9.6871,per_usd
2019-09-12,9.6312,per_usd
2019-09-13,9.6095,per_usd
2019-09-16,9.6649,per_usd
2019-09-17,9.6711,per_usd
2019-09-18,9.6955,per_usd
2019-09-19,9.7018,per_usd
2019-09-20,9.7313,per_usd
2019-09-23,9.7217,per_usd
2019-09-24,9.6905,per_usd
2019-09-25,9.7538,per_usd
2019-09-26,9.757,per_usd
2019-09-27,9.8006,per_usd
2019-09-30,9.8307,per_usd
2019-10-01,9.8791,per_usd
2019-10-02,9.8791,per_usd
2019-10-03,9.8375,per_usd
2019-10-04,9.8512,per_usd
2019-10-07,9.8999,per_usd
2019-10-08,9.9471,per_usd
2019-10-09,9.9576,per_usd
2019-10-10,9.8406,per_usd
2019-10-11,9.8406,per_usd
2019-10-15,9.7916,per_usd
2019-10-16,9.7807,per_usd
2019-10-17,9.7088,per_usd
2019-10-18,9.6665,per_usd
2019-10-21,9.629,per_usd
2019-10-22,9.6328,per_usd
2019-10-23,9.6592,per_usd
2019-10-24,9.6481,per_usd
2019-10-25,9.6901,per_usd
2019-10-28,9.7045,per_usd
2019-10-29,9.7176,per_usd
2019-10-30,9.6903,per_usd
2019-10-31,9.6334,per_usd
2019-11-01,9.5639,per_usd
2019-11-04,9.603,per_usd
2019-11-05,9.6698,per_usd
2019-11-06,9.6179,per_usd
2019-11-07,9.6369,per_usd
2019-11-08,9.7095,per_usd
2019-11-12,9.71,per_usd
2019-11-13,9.7303,per_usd
2019-11-14,9.6964,per_usd
2019-11-15,9.6467,per_usd
2019-11-18,9.6139,per_usd
2019-11-19,9.6399,per_usd
2019-11-20,9.6334,per_usd
2019-11-21,9.6344,per_usd
2019-11-22,9.6235,per_usd
2019-11-25,9.6468,per_usd
2019-11-26,9.5976,per_usd
2019-11-27,9.5794,per_usd
2019-11-29,9.57,per_usd
2019-12-02,9.5384,per_usd
2019-12-03,9.5254,per_usd
2019-12-04,9.5217,per_usd
2019-12-05,9.4811,per_usd
2019-12-06,9.4929,per_usd
2019-12-09,9.5292,per_usd
2019-12-10,9.4971,per_usd
2019-12-11,9.4401,per_usd
2019-12-12,9.406,per_usd
2019-12-13,9.4002,per_usd
2019-12-16,9.3699,per_usd
2019-12-17,9.3754,per_usd
2019-12-18,9.4203,per_usd
2019-12-19,9.4211,per_usd
2019-12-20,9.4111,per_usd
2019-12-23,9.4295,per_usd
2019-12-24,9.4133,per_usd
2019-12-26,9.4108,per_usd
2019-12-27,9.3405,per_usd
2019-12-30,9.3145,per_usd
2019-12-31,9.3425,per_usd
2020-01-02,9.3689,per_usd
2020-01-03,9.3844,per_usd
2020-01-06,9.4132,per_usd
2020-01-07,9.4504,per_usd
2020-01-08,9.4514,per_usd
2020-01-09,9.4877,per_usd
2020-01-10,9.5037,per_usd
2020-01-13,9.4679,per_usd
2020-01-14,9.4548,per_usd
2020-01-15,9.4441,per_usd
2020-01-16,9.4876,per_usd
2020-01-17,9.5141,per_usd
2020-01-21,9.5099,per_usd
2020-01-22,9.5151,per_usd
2020-01-23,9.5506,per_usd
2020-01-24,9.565,per_usd
2020-01-27,9.6207,per_usd
2020-01-28,9.6213,per_usd
2020-01-29,9.6224,per_usd
2020-01-30,9.6387,per_usd
2020-01-31,9.6353,per_usd
2020-02-03,9.6541,per_usd
2020-02-04,9.5939,per_usd
2020-02-05,9.5951,per_usd
2020-02-06,9.6282,per_usd
2020-02-07,9.6493,per_usd
2020-02-10,9.6648,per_usd
2020-02-11,9.6335,per_usd
2020-02-12,9.6235,per_usd
2020-02-13,9.6758,per_usd
2020-02-14,9.7176,per_usd
2020-02-18,9.7715,per_usd
2020-02-19,9.8041,per_usd
2020-02-20,9.8168,per_usd
2020-02-21,9.7269,per_usd
2020-02-24,9.7277,per_usd
2020-02-25,9.7283,per_usd
2020-02-26,9.7263,per_usd
2020-02-27,9.6568,per_usd
2020-02-28,9.6802,per_usd
2020-03-02,9.4936,per_usd
2020-03-03,9.4301,per_usd
2020-03-04,9.5,per_usd
2020-03-05,9.4508,per_usd
2020-03-06,9.3651,per_usd
2020-03-09,9.4147,per_usd
2020-03-10,9.5002,per_usd
2020-03-11,9.4951,per_usd
2020-03-12,9.8319,per_usd
2020-03-13,9.8113,per_usd
2020-03-16,9.8405,per_usd
2020-03-17,9.9453,per_usd
2020-03-18,10.2426,per_usd
2020-03-19,10.3827,per_usd
2020-03-20,10.3349,per_usd
2020-03-23,10.3085,per_usd
2020-03-24,10.1627,per_usd
2020-03-25,10.1783,per_usd
2020-03-26,9.9501,per_usd
2020-03-27,9.9481,per_usd
2020-03-30,10.0596,per_usd
2020-03-31,9.9145,per_usd
2020-04-01,10.0468,per_usd
2020-04-02,10.1075,per_usd
2020-04-03,10.1865,per_usd
2020-04-06,10.1237,per_usd
2020-04-07,10.0318,per_usd
2020-04-08,10.057,per_usd
2020-04-09,9.9551,per_usd
2020-04-10,9.9204,per_usd
2020-04-13,9.9931,per_usd
2020-04-14,9.9606,per_usd
2020-04-15,10.0391,per_usd
2020-04-16,10.0384,per_usd
2020-04-17,9.9801,per_usd
2020-04-20,10.0102,per_usd
2020-04-21,10.105,per_usd
2020-04-22,10.0949,per_usd
2020-04-23,10.0467,per_usd
2020-04-24,10.0732,per_usd
2020-04-27,10.0473,per_usd
2020-04-28,9.8868,per_usd
2020-04-29,9.8824,per_usd
2020-04-30,9.7751,per_usd
2020-05-01,9.8316,per_usd
2020-05-04,9.8856,per_usd
2020-05-05,9.8296,per_usd
2020-05-06,9.8486,per_usd
2020-05-07,9.8128,per_usd
2020-05-08,9.759,per_usd
2020-05-11,9.8649,per_usd
2020-05-12,9.7394,per_usd
2020-05-13,9.7939,per_usd
2020-05-14,9.8438,per_usd
2020-05-15,9.866,per_usd
2020-05-18,9.7192,per_usd
2020-05-19,9.6594,per_usd
2020-05-20,9.5831,per_usd
2020-05-21,9.6318,per_usd
2020-05-22,9.6838,per_usd
2020-05-26,9.6426,per_usd
2020-05-27,9.6477,per_usd
2020-05-28,9.504,per_usd
2020-05-29,9.4248,per_usd
2020-06-01,9.386,per_usd
2020-06-02,9.3538,per_usd
2020-06-03,9.26,per_usd
2020-06-04,9.196,per_usd
2020-06-05,9.1806,per_usd
2020-06-08,9.2138,per_usd
2020-06-09,9.1774,per_usd
2020-06-10,9.2273,per_usd
2020-06-11,9.2524,per_usd
2020-06-12,9.3322,per_usd
2020-06-15,9.3404,per_usd
2020-06-16,9.3804,per_usd
2020-06-17,9.3589,per_usd
2020-06-18,9.4211,per_usd
2020-06-19,9.4542,per_usd
2020-06-22,9.3703,per_usd
2020-06-23,9.2806,per_usd
2020-06-24,9.3315,per_usd
2020-06-25,9.3234,per_usd
2020-06-26,9.3582,per_usd
2020-06-29,9.3254,per_usd
2020-06-30,9.3071,per_usd
2020-07-01,9.29,per_usd
2020-07-02,9.3226,per_usd
2020-07-06,9.2691,per_usd
2020-07-07,9.2255,per_usd
2020-07-08,9.1916,per_usd
2020-07-09,9.2164,per_usd
2020-07-10,9.1764,per_usd
2020-07-13,9.1381,per_usd
2020-07-14,9.0986,per_usd
2020-07-15,9.0732,per_usd
2020-07-16,9.0348,per_usd
2020-07-17,9.0241,per_usd
2020-07-20,8.9752,per_usd
2020-07-21,8.9005,per_usd
2020-07-22,8.8498,per_usd
2020-07-23,8.8326,per_usd
2020-07-24,8.8533,per_usd
2020-07-27,8.7379,per_usd
2020-07-28,8.7536,per_usd
2020-07-29,8.7534,per_usd
2020-07-30,8.7473,per_usd
2020-07-31,8.7487,per_usd
2020-08-03,8.7591,per_usd
2020-08-04,8.7452,per_usd
2020-08-05,8.6532,per_usd
2020-08-06,8.6973,per_usd
2020-08-07,8.7518,per_usd
2020-08-10,8.7419,per_usd
2020-08-11,8.7392,per_usd
2020-08-12,8.6888,per_usd
2020-08-13,8.6839,per_usd
2020-08-14,8.6984,per_usd
2020-08-17,8.6918,per_usd
2020-08-18,8.6481,per_usd
2020-08-19,8.6574,per_usd
2020-08-20,8.706,per_usd
2020-08-21,8.7988,per_usd
2020-08-24,8.7819,per_usd
2020-08-25,8.7721,per_usd
2020-08-26,8.7389,per_usd
2020-08-27,8.7099,per_usd
2020-08-28,8.627,per_usd
2020-08-31,8.6249,per_usd
2020-09-01,8.6717,per_usd
2020-09-02,8.731,per_usd
2020-09-03,8.7494,per_usd
2020-09-04,8.7642,per_usd
2020-09-08,8.8122,per_usd
2020-09-09,8.7628,per_usd
2020-09-10,8.7364,per_usd
2020-09-11,8.7848,per_usd
2020-09-14,8.7657,per_usd
2020-09-15,8.7882,per_usd
2020-09-16,8.7894,per_usd
2020-09-17,8.807,per_usd
2020-09-18,8.7539,per_usd
2020-09-21,8.8829,per_usd
2020-09-22,8.9081,per_usd
2020-09-23,8.981,per_usd
2020-09-24,9.1146,per_usd
2020-09-25,9.1347,per_usd
2020-09-28,9.0615,per_usd
2020-09-29,9.0009,per_usd
2020-09-30,8.9627,per_usd
2020-10-01,8.9197,per_usd
2020-10-02,8.9317,per_usd
2020-10-05,8.8936,per_usd
2020-10-06,8.9171,per_usd
2020-10-07,8.8934,per_usd
2020-10-08,8.872,per_usd
2020-10-09,8.7918,per_usd
2020-10-13,8.8146,per_usd
2020-10-14,8.823,per_usd
2020-10-15,8.8685,per_usd
2020-10-16,8.837,per_usd
2020-10-19,8.8054,per_usd
2020-10-20,8.747,per_usd
2020-10-21,8.7195,per_usd
2020-10-22,8.7794,per_usd
2020-10-23,8.7688,per_usd
2020-10-26,8.7517,per_usd
2020-10-27,8.7022,per_usd
2020-10-28,8.8458,per_usd
2020-10-29,8.9427,per_usd
2020-10-30,8.9009,per_usd
2020-11-02,8.9179,per_usd
2020-11-03,8.8377,per_usd
2020-11-04,8.7718,per_usd
2020-11-05,8.7167,per_usd
2020-11-06,8.6339,per_usd
2020-11-09,8.6335,per_usd
2020-11-10,8.6152,per_usd
2020-11-12,8.6229,per_usd
2020-11-13,8.6947,per_usd
2020-11-16,8.6326,per_usd
2020-11-17,8.6281,per_usd
2020-11-18,8.5813,per_usd
2020-11-19,8.6288,per_usd
2020-11-20,8.6171,per_usd
2020-11-23,8.6496,per_usd
2020-11-24,8.5678,per_usd
2020-11-25,8.5169,per_usd
2020-11-30,8.5576,per_usd
2020-12-01,8.5082,per_usd
2020-12-02,8.4986,per_usd
2020-12-03,8.4415,per_usd
2020-12-04,8.4494,per_usd
2020-12-07,8.3864,per_usd
2020-12-08,8.472,per_usd
2020-12-09,8.4914,per_usd
2020-12-10,8.4499,per_usd
2020-12-11,8.4717,per_usd
2020-12-14,8.4133,per_usd
2020-12-15,8.3759,per_usd
2020-12-16,8.3645,per_usd
2020-12-17,8.2689,per_usd
2020-12-18,8.2786,per_usd
2020-12-21,8.2576,per_usd
2020-12-22,8.3303,per_usd
2020-12-23,8.2841,per_usd
2020-12-28,8.2854,per_usd
2020-12-29,8.1906,per_usd
2020-12-30,8.1972,per_usd
2020-12-31,8.2095,per_usd
2021-01-04,8.2486,per_usd
2021-01-05,8.1856,per_usd
2021-01-06,8.1855,per_usd
2021-01-07,8.1992,per_usd
2021-01-08,8.2085,per_usd
2021-01-11,8.281,per_usd
2021-01-12,8.2864,per_usd
2021-01-13,8.3373,per_usd
2021-01-14,8.309,per_usd
2021-01-15,8.3715,per_usd
2021-01-19,8.348,per_usd
2021-01-21,8.2948,per_usd
2021-01-22,8.282,per_usd
2021-01-25,8.3046,per_usd
2021-01-26,8.3025,per_usd
2021-01-27,8.3511,per_usd
2021-01-28,8.3301,per_usd
2021-01-29,8.3357,per_usd
2021-02-01,8.4259,per_usd
2021-02-02,8.4232,per_usd
2021-02-03,8.408,per_usd
2021-02-04,8.4602,per_usd
2021-02-05,8.3861,per_usd
2021-02-08,8.3896,per_usd
2021-02-09,8.3405,per_usd
2021-02-10,8.309,per_usd
2021-02-11,8.3262,per_usd
2021-02-12,8.3019,per_usd
2021-02-16,8.295,per_usd
2021-02-17,8.3348,per_usd
2021-02-18,8.3274,per_usd
2021-02-19,8.2666,per_usd
2021-02-22,8.2673,per_usd
2021-02-23,8.2972,per_usd
2021-02-24,8.3028,per_usd
2021-02-25,8.2474,per_usd
2021-02-26,8.4211,per_usd
2021-03-01,8.4358,per_usd
2021-03-02,8.3871,per_usd
2021-03-03,8.4011,per_usd
2021-03-04,8.4245,per_usd
2021-03-05,8.5366,per_usd
2021-03-08,8.5807,per_usd
2021-03-09,8.5173,per_usd
2021-03-10,8.5066,per_usd
2021-03-11,8.4631,per_usd
2021-03-12,8.4881,per_usd
2021-03-15,8.5302,per_usd
2021-03-16,8.5204,per_usd
2021-03-17,8.5154,per_usd
2021-03-18,8.5132,per_usd
2021-03-19,8.5439,per_usd
2021-03-22,8.5103,per_usd
2021-03-23,8.5658,per_usd
2021-03-24,8.5932,per_usd
2021-03-25,8.6668,per_usd
2021-03-26,8.6451,per_usd
2021-03-29,8.6905,per_usd
2021-03-30,8.7375,per_usd
2021-03-31,8.7185,per_usd
2021-04-01,8.7117,per_usd
2021-04-02,8.7282,per_usd
2021-04-05,8.7018,per_usd
2021-04-06,8.6374,per_usd
2021-04-07,8.6088,per_usd
2021-04-08,8.5581,per_usd
2021-04-09,8.5399,per_usd
2021-04-12,8.5795,per_usd
2021-04-13,8.5271,per_usd
2021-04-14,8.4549,per_usd
2021-04-15,8.4573,per_usd
2021-04-16,8.4425,per_usd
2021-04-19,8.4088,per_usd
2021-04-20,8.4245,per_usd
2021-04-21,8.4138,per_usd
2021-04-22,8.4347,per_usd
2021-04-23,8.403,per_usd
2021-04-26,8.3818,per_usd
2021-04-27,8.3775,per_usd
2021-04-28,8.3651,per_usd
2021-04-29,8.3793,per_usd
2021-04-30,8.4503,per_usd
2021-05-03,8.4229,per_usd
2021-05-04,8.4835,per_usd
2021-05-05,8.4894,per_usd
2021-05-06,8.4392,per_usd
2021-05-07,8.3142,per_usd
2021-05-10,8.3094,per_usd
2021-05-11,8.3055,per_usd
2021-05-12,8.4164,per_usd
2021-05-13,8.4165,per_usd
2021-05-14,8.3399,per_usd
2021-05-17,8.3312,per_usd
2021-05-18,8.2972,per_usd
2021-05-19,8.325,per_usd
2021-05-20,8.2983,per_usd
2021-05-21,8.3251,per_usd
2021-05-24,8.3226,per_usd
2021-05-25,8.2798,per_usd
2021-05-26,8.3117,per_usd
2021-05-27,8.2918,per_usd
2021-05-28,8.3019,per_usd
2021-06-01,8.2624,per_usd
2021-06-02,8.2665,per_usd
2021-06-03,8.3381,per_usd
2021-06-04,8.2659,per_usd
2021-06-07,8.2576,per_usd
2021-06-08,8.2632,per_usd
2021-06-09,8.2594,per_usd
2021-06-10,8.2494,per_usd
2021-06-11,8.3263,per_usd
2021-06-14,8.3174,per_usd
2021-06-15,8.3387,per_usd
2021-06-16,8.3577,per_usd
2021-06-17,8.5405,per_usd
2021-06-18,8.6193,per_usd
2021-06-21,8.5387,per_usd
2021-06-22,8.504,per_usd
2021-06-23,8.4787,per_usd
2021-06-24,8.4698,per_usd
2021-06-25,8.4826,per_usd
2021-06-28,8.5067,per_usd
2021-06-29,8.5217,per_usd
2021-06-30,8.5609,per_usd
2021-07-01,8.5749,per_usd
2021-07-02,8.5561,per_usd
2021-07-06,8.5862,per_usd
2021-07-07,8.6261,per_usd
2021-07-08,8.5879,per_usd
2021-07-09,8.5788,per_usd
2021-07-12,8.575,per_usd
2021-07-13,8.628,per_usd
2021-07-14,8.6245,per_usd
2021-07-15,8.6704,per_usd
2021-07-16,8.6762,per_usd
2021-07-19,8.6806,per_usd
2021-07-20,8.7038,per_usd
2021-07-21,8.6899,per_usd
2021-07-22,8.6832,per_usd
2021-07-23,8.6904,per_usd
2021-07-26,8.6285,per_usd
2021-07-27,8.6095,per_usd
2021-07-28,8.6235,per_usd
2021-07-29,8.5532,per_usd
2021-07-30,8.5912,per_usd
2021-08-02,8.5835,per_usd
2021-08-03,8.6042,per_usd
2021-08-04,8.604,per_usd
2021-08-05,8.6113,per_usd
2021-08-06,8.6646,per_usd
2021-08-09,8.699,per_usd
2021-08-10,8.7112,per_usd
2021-08-11,8.6909,per_usd
2021-08-12,8.6851,per_usd
2021-08-13,8.6348,per_usd
2021-08-16,8.6475,per_usd
2021-08-17,8.7448,per_usd
2021-08-18,8.7234,per_usd
2021-08-19,8.7888,per_usd
2021-08-20,8.8169,per_usd
2021-08-23,8.719,per_usd
2021-08-24,8.6957,per_usd
2021-08-25,8.6982,per_usd
2021-08-26,8.7128,per_usd
2021-08-27,8.6404,per_usd
2021-08-30,8.6223,per_usd
2021-08-31,8.6325,per_usd
2021-09-01,8.6006,per_usd
2021-09-02,8.5802,per_usd
2021-09-03,8.5468,per_usd
2021-09-07,8.5774,per_usd
2021-09-08,8.6273,per_usd
2021-09-09,8.6008,per_usd
2021-09-10,8.6162,per_usd
2021-09-13,8.6137,per_usd
2021-09-14,8.584,per_usd
2021-09-15,8.583,per_usd
2021-09-16,8.6311,per_usd
2021-09-17,8.6717,per_usd
2021-09-20,8.6964,per_usd
2021-09-21,8.6734,per_usd
2021-09-22,8.648,per_usd
2021-09-23,8.6327,per_usd
2021-09-24,8.6579,per_usd
2021-09-27,8.7049,per_usd
2021-09-28,8.7313,per_usd
2021-09-29,8.787,per_usd
2021-09-30,8.7601,per_usd
2021-10-01,8.7524,per_usd
2021-10-04,8.7254,per_usd
2021-10-05,8.7286,per_usd
2021-10-06,8.8093,per_usd
2021-10-07,8.7798,per_usd
2021-10-08,8.7415,per_usd
2021-10-12,8.7716,per_usd
2021-10-13,8.7127,per_usd
2021-10-14,8.635,per_usd
2021-10-15,8.6173,per_usd
2021-10-18,8.6592,per_usd
2021-10-19,8.6234,per_usd
2021-10-20,8.5928,per_usd
2021-10-21,8.5922,per_usd
2021-10-22,8.5815,per_usd
2021-10-25,8.5953,per_usd
2021-10-26,8.6214,per_usd
2021-10-27,8.5832,per_usd
2021-10-28,8.5318,per_usd
2021-10-29,8.593,per_usd
2021-11-01,8.5119,per_usd
2021-11-02,8.5707,per_usd
2021-11-03,8.5583,per_usd
2021-11-04,8.5814,per_usd
2021-11-05,8.5831,per_usd
2021-11-08,8.5724,per_usd
2021-11-09,8.5724,per_usd
2021-11-10,8.6679,per_usd
2021-11-12,8.7501,per_usd
2021-11-15,8.7707,per_usd
2021-11-16,8.8675,per_usd
2021-11-17,8.8595,per_usd
2021-11-18,8.8889,per_usd
2021-11-19,8.9138,per_usd
2021-11-22,8.967,per_usd
2021-11-23,9.0307,per_usd
2021-11-24,9.1158,per_usd
2021-11-26,9.1099,per_usd
2021-11-29,9.1032,per_usd
2021-11-30,9.0762,per_usd
2021-12-01,9.0778,per_usd
2021-12-02,9.0464,per_usd
2021-12-03,9.1426,per_usd
2021-12-06,9.0929,per_usd
2021-12-07,9.1201,per_usd
2021-12-08,9.0472,per_usd
2021-12-09,9.0788,per_usd
2021-12-10,9.0522,per_usd
2021-12-13,9.0921,per_usd
2021-12-14,9.1447,per_usd
2021-12-15,9.1237,per_usd
2021-12-16,9.0505,per_usd
2021-12-17,9.0966,per_usd
2021-12-20,9.139,per_usd
2021-12-21,9.1477,per_usd
2021-12-22,9.0893,per_usd
2021-12-23,9.0923,per_usd
2021-12-27,9.1011,per_usd
2021-12-28,9.0503,per_usd
2021-12-29,9.0459,per_usd
2021-12-30,9.0498,per_usd
2022-01-03,9.1206,per_usd
2022-01-04,9.0867,per_usd
2022-01-05,9.0637,per_usd
2022-01-06,9.1321,per_usd
2022-01-07,9.0604,per_usd
2022-01-10,9.104,per_usd
2022-01-11,9.0515,per_usd
2022-01-12,8.9525,per_usd
2022-01-13,8.9203,per_usd
2022-01-14,9.0108,per_usd
2022-01-18,9.1213,per_usd
2022-01-19,9.1043,per_usd
2022-01-20,9.121,per_usd
2022-01-21,9.1893,per_usd
2022-01-24,9.3324,per_usd
2022-01-25,9.2868,per_usd
2022-01-26,9.2624,per_usd
2022-01-27,9.3789,per_usd
2022-01-28,9.4335,per_usd
2022-01-31,9.3341,per_usd
2022-02-01,9.281,per_usd
2022-02-02,9.2823,per_usd
2022-02-03,9.1233,per_usd
2022-02-04,9.1382,per_usd
2022-02-07,9.1433,per_usd
2022-02-08,9.1522,per_usd
2022-02-09,9.0914,per_usd
2022-02-10,9.1924,per_usd
2022-02-11,9.2583,per_usd
2022-02-14,9.3785,per_usd
2022-02-15,9.2674,per_usd
2022-02-16,9.274,per_usd
2022-02-17,9.33,per_usd
2022-02-18,9.3911,per_usd
2022-02-22,9.3181,per_usd
2022-02-23,9.3662,per_usd
2022-02-24,9.5721,per_usd
2022-02-25,9.4213,per_usd
2022-02-28,9.4481,per_usd
2022-03-01,9.6436,per_usd
2022-03-02,9.6836,per_usd
2022-03-03,9.7703,per_usd
2022-03-04,9.8679,per_usd
2022-03-07,10.0055,per_usd
2022-03-08,9.9601,per_usd
2022-03-09,9.6751,per_usd
2022-03-10,9.6597,per_usd
2022-03-11,9.7179,per_usd
2022-03-14,9.5766,per_usd
2022-03-15,9.616,per_usd
2022-03-16,9.4655,per_usd
2022-03-17,9.3951,per_usd
2022-03-18,9.4179,per_usd
2022-03-21,9.4387,per_usd
2022-03-22,9.4184,per_usd
2022-03-23,9.4539,per_usd
2022-03-24,9.3974,per_usd
2022-03-25,9.4281,per_usd
2022-03-28,9.5146,per_usd
2022-03-29,9.2926,per_usd
2022-03-30,9.2552,per_usd
2022-03-31,9.3469,per_usd
2022-04-01,9.3575,per_usd
2022-04-04,9.4092,per_usd
2022-04-05,9.4169,per_usd
2022-04-06,9.4151,per_usd
2022-04-07,9.4576,per_usd
2022-04-08,9.4339,per_usd
2022-04-11,9.4839,per_usd
2022-04-12,9.4866,per_usd
2022-04-13,9.4955,per_usd
2022-04-14,9.5322,per_usd
2022-04-15,9.5685,per_usd
2022-04-18,9.5967,per_usd
2022-04-19,9.5659,per_usd
2022-04-20,9.438,per_usd
2022-04-21,9.4918,per_usd
2022-04-22,9.5434,per_usd
2022-04-25,9.7392,per_usd
2022-04-26,9.7993,per_usd
2022-04-27,9.849,per_usd
2022-04-28,9.8478,per_usd
2022-04-29,9.8011,per_usd
2022-05-02,9.8905,per_usd
2022-05-03,9.8541,per_usd
2022-05-04,9.8618,per_usd
2022-05-05,9.9672,per_usd
2022-05-06,9.9201,per_usd
2022-05-09,10.084,per_usd
2022-05-10,10.0699,per_usd
2022-05-11,10.0144,per_usd
2022-05-12,10.145,per_usd
2022-05-13,10.0575,per_usd
2022-05-16,10.0705,per_usd
2022-05-17,9.9248,per_usd
2022-05-18,10.003,per_usd
2022-05-19,9.9099,per_usd
2022-05-20,9.9506,per_usd
2022-05-23,9.8306,per_usd
2022-05-24,9.7688,per_usd
2022-05-25,9.8867,per_usd
2022-05-26,9.8743,per_usd
2022-05-27,9.836,per_usd
2022-05-31,9.7641,per_usd
2022-06-01,9.8602,per_usd
2022-06-02,9.7259,per_usd
2022-06-03,9.7769,per_usd
2022-06-06,9.7797,per_usd
2022-06-07,9.7933,per_usd
2022-06-08,9.7809,per_usd
2022-06-09,9.8777,per_usd
2022-06-10,10.017,per_usd
2022-06-13,10.1753,per_usd
2022-06-14,10.1997,per_usd
2022-06-15,10.2548,per_usd
2022-06-16,10.1781,per_usd
2022-06-17,10.2012,per_usd
2022-06-21,10.0844,per_usd
2022-06-22,10.0774,per_usd
2022-06-23,10.194,per_usd
2022-06-24,10.1325,per_usd
2022-06-27,10.0603,per_usd
2022-06-28,10.1233,per_usd
2022-06-29,10.1998,per_usd
2022-06-30,10.24,per_usd
2022-07-01,10.3358,per_usd
2022-07-05,10.5264,per_usd
2022-07-06,10.5621,per_usd
2022-07-07,10.5523,per_usd
2022-07-08,10.5523,per_usd
2022-07-11,10.5889,per_usd
2022-07-12,10.545,per_usd
2022-07-13,10.5139,per_usd
2022-07-14,10.5677,per_usd
2022-07-15,10.4818,per_usd
2022-07-18,10.3474,per_usd
2022-07-19,10.2143,per_usd
2022-07-20,10.2195,per_usd
2022-07-21,10.233,per_usd
2022-07-22,10.2069,per_usd
2022-07-25,10.1975,per_usd
2022-07-26,10.3258,per_usd
2022-07-27,10.3441,per_usd
2022-07-28,10.247,per_usd
2022-07-29,10.1871,per_usd
2022-08-01,10.0995,per_usd
2022-08-02,10.2032,per_usd
2022-08-03,10.2234,per_usd
2022-08-04,10.1344,per_usd
2022-08-05,10.1988,per_usd
2022-08-08,10.1527,per_usd
2022-08-09,10.1606,per_usd
2022-08-10,10.0282,per_usd
2022-08-11,10.0363,per_usd
2022-08-12,10.1982,per_usd
2022-08-15,10.3055,per_usd
2022-08-16,10.3475,per_usd
2022-08-17,10.408,per_usd
2022-08-18,10.4803,per_usd
2022-08-19,10.5913,per_usd
2022-08-22,10.7208,per_usd
2022-08-23,10.6062,per_usd
2022-08-24,10.605,per_usd
2022-08-25,10.5966,per_usd
2022-08-26,10.6126,per_usd
2022-08-29,10.6644,per_usd
2022-08-30,10.6714,per_usd
2022-08-31,10.6283,per_usd
2022-09-01,10.7993,per_usd
2022-09-02,10.6995,per_usd
2022-09-06,10.7938,per_usd
2022-09-07,10.7604,per_usd
2022-09-08,10.7413,per_usd
2022-09-09,10.6114,per_usd
2022-09-12,10.6147,per_usd
2022-09-13,10.6477,per_usd
2022-09-14,10.6881,per_usd
2022-09-15,10.7288,per_usd
2022-09-16,10.767,per_usd
2022-09-19,10.8157,per_usd
2022-09-20,10.867,per_usd
2022-09-21,11.0232,per_usd
2022-09-22,11.0671,per_usd
2022-09-23,11.2589,per_usd
2022-09-26,11.3341,per_usd
2022-09-27,11.342,per_usd
2022-09-28,11.2409,per_usd
2022-09-29,11.1862,per_usd
2022-09-30,11.125,per_usd
2022-10-03,11.0297,per_usd
2022-10-04,10.8576,per_usd
2022-10-05,10.989,per_usd
2022-10-06,11.1095,per_usd
2022-10-07,11.1736,per_usd
2022-10-11,11.2669,per_usd
2022-10-12,11.345,per_usd
2022-10-13,11.2468,per_usd
2022-10-14,11.3133,per_usd
2022-10-17,11.1437,per_usd
2022-10-18,11.1197,per_usd
2022-10-19,11.2058,per_usd
2022-10-20,11.2037,per_usd
2022-10-21,11.2125,per_usd
2022-10-24,11.1832,per_usd
2022-10-25,10.9841,per_usd
2022-10-26,10.8661,per_usd
2022-10-27,10.935,per_usd
2022-10-28,10.9896,per_usd
2022-10-31,11.0462,per_usd
2022-11-01,11.0258,per_usd
2022-11-02,11.0299,per_usd
2022-11-03,11.1845,per_usd
2022-11-04,11.1854,per_usd
2022-11-07,10.8605,per_usd
2022-11-08,10.7162,per_usd
2022-11-09,10.8391,per_usd
2022-11-10,10.6242,per_usd
2022-11-14,10.4862,per_usd
2022-11-15,10.4312,per_usd
2022-11-16,10.4763,per_usd
2022-11-17,10.6457,per_usd
2022-11-18,10.6108,per_usd
2022-11-21,10.7235,per_usd
2022-11-22,10.6718,per_usd
2022-11-23,10.4909,per_usd
2022-11-25,10.4153,per_usd
2022-11-28,10.4898,per_usd
2022-11-29,10.5554,per_usd
2022-11-30,10.6181,per_usd
2022-12-01,10.3419,per_usd
2022-12-02,10.3455,per_usd
2022-12-05,10.4059,per_usd
2022-12-06,10.3983,per_usd
2022-12-07,10.3778,per_usd
2022-12-08,10.3435,per_usd
2022-12-09,10.2983,per_usd
2022-12-12,10.3183,per_usd
2022-12-13,10.2125,per_usd
2022-12-14,10.1923,per_usd
2022-12-15,10.3208,per_usd
2022-12-16,10.3885,per_usd
2022-12-19,10.3728,per_usd
2022-12-20,10.4182,per_usd
2022-12-21,10.4287,per_usd
2022-12-22,10.4728,per_usd
2022-12-23,10.5236,per_usd
2022-12-27,10.4486,per_usd
2022-12-28,10.4638,per_usd
2022-12-29,10.4492,per_usd
2022-12-30,10.4167,per_usd
2023-01-03,10.5603,per_usd
2023-01-04,10.489,per_usd
2023-01-05,10.6977,per_usd
2023-01-06,10.5487,per_usd
2023-01-09,10.3592,per_usd
2023-01-10,10.435,per_usd
2023-01-11,10.4843,per_usd
2023-01-12,10.4508,per_usd
2023-01-13,10.4099,per_usd
2023-01-17,10.4035,per_usd
2023-01-18,10.2991,per_usd
2023-01-19,10.3498,per_usd
2023-01-20,10.3071,per_usd
2023-01-23,10.2387,per_usd
2023-01-24,10.2091,per_usd
2023-01-25,10.2404,per_usd
2023-01-26,10.3014,per_usd
2023-01-27,10.3183,per_usd
2023-01-30,10.3816,per_usd
2023-01-31,10.4656,per_usd
2023-02-01,10.4293,per_usd
2023-02-02,10.356,per_usd
2023-02-03,10.5166,per_usd
2023-02-06,10.651,per_usd
2023-02-07,10.6079,per_usd
2023-02-08,10.582,per_usd
2023-02-09,10.3218,per_usd
2023-02-10,10.4607,per_usd
2023-02-13,10.3819,per_usd
2023-02-14,10.3782,per_usd
2023-02-15,10.4304,per_usd
2023-02-16,10.4306,per_usd
2023-02-17,10.4656,per_usd
2023-02-21,10.3432,per_usd
2023-02-22,10.4026,per_usd
2023-02-23,10.4476,per_usd
2023-02-24,10.4833,per_usd
2023-02-27,10.4118,per_usd
2023-02-28,10.4346,per_usd
2023-03-01,10.4252,per_usd
2023-03-02,10.5063,per_usd
2023-03-03,10.4853,per_usd
2023-03-06,10.4395,per_usd
2023-03-07,10.6996,per_usd
2023-03-08,10.7088,per_usd
2023-03-09,10.7029,per_usd
2023-03-10,10.6653,per_usd
2023-03-13,10.5824,per_usd
2023-03-14,10.4788,per_usd
2023-03-15,10.6355,per_usd
2023-03-16,10.5073,per_usd
2023-03-17,10.4966,per_usd
2023-03-20,10.3763,per_usd
2023-03-21,10.3469,per_usd
2023-03-22,10.3496,per_usd
2023-03-23,10.2578,per_usd
2023-03-24,10.431,per_usd
2023-03-27,10.392,per_usd
2023-03-28,10.3416,per_usd
2023-03-29,10.4126,per_usd
2023-03-30,10.3678,per_usd
2023-03-31,10.3463,per_usd
2023-04-03,10.3808,per_usd
2023-04-04,10.2847,per_usd
2023-04-05,10.3858,per_usd
2023-04-06,10.4192,per_usd
2023-04-07,10.4205,per_usd
2023-04-10,10.5569,per_usd
2023-04-11,10.4657,per_usd
2023-04-12,10.3359,per_usd
2023-04-13,10.2609,per_usd
2023-04-14,10.3348,per_usd
2023-04-17,10.3748,per_usd
2023-04-18,10.3199,per_usd
2023-04-19,10.3426,per_usd
2023-04-20,10.3105,per_usd
2023-04-21,10.311,per_usd
2023-04-24,10.2751,per_usd
2023-04-25,10.3186,per_usd
2023-04-26,10.3153,per_usd
2023-04-27,10.3082,per_usd
2023-04-28,10.246,per_usd
2023-05-01,10.3295,per_usd
2023-05-02,10.3093,per_usd
2023-05-03,10.2467,per_usd
2023-05-04,10.2605,per_usd
2023-05-05,10.1593,per_usd
2023-05-08,10.141,per_usd
2023-05-09,10.1975,per_usd
2023-05-10,10.2321,per_usd
2023-05-11,10.3364,per_usd
2023-05-12,10.3826,per_usd
2023-05-15,10.3516,per_usd
2023-05-16,10.4113,per_usd
2023-05-17,10.4576,per_usd
2023-05-18,10.5732,per_usd
2023-05-19,10.5107,per_usd
2023-05-22,10.5608,per_usd
2023-05-23,10.631,per_usd
2023-05-24,10.7186,per_usd
2023-05-25,10.8258,per_usd
2023-05-26,10.8107,per_usd
2023-05-30,10.8767,per_usd
2023-05-31,10.8921,per_usd
2023-06-01,10.8182,per_usd
2023-06-02,10.7896,per_usd
2023-06-05,10.8502,per_usd
2023-06-06,10.903,per_usd
2023-06-07,10.889,per_usd
2023-06-08,10.8084,per_usd
2023-06-09,10.8247,per_usd
2023-06-12,10.8244,per_usd
2023-06-13,10.7179,per_usd
2023-06-14,10.6586,per_usd
2023-06-15,10.6026,per_usd
2023-06-16,10.6508,per_usd
2023-06-20,10.8246,per_usd
2023-06-21,10.6927,per_usd
2023-06-22,10.6975,per_usd
2023-06-23,10.7429,per_usd
2023-06-26,10.7107,per_usd
2023-06-27,10.7064,per_usd
2023-06-28,10.8036,per_usd
2023-06-29,10.8524,per_usd
2023-06-30,10.7822,per_usd
2023-07-03,10.825,per_usd
2023-07-05,10.892,per_usd
2023-07-06,10.9585,per_usd
2023-07-07,10.8287,per_usd
2023-07-10,10.7937,per_usd
2023-07-11,10.6731,per_usd
2023-07-12,10.4025,per_usd
2023-07-13,10.215,per_usd
2023-07-14,10.2318,per_usd
2023-07-17,10.2514,per_usd
2023-07-18,10.2177,per_usd
2023-07-19,10.2759,per_usd
2023-07-20,10.3482,per_usd
2023-07-21,10.3944,per_usd
2023-07-24,10.408,per_usd
2023-07-25,10.3819,per_usd
2023-07-26,10.4327,per_usd
2023-07-27,10.46,per_usd
2023-07-28,10.5148,per_usd
2023-07-31,10.4989,per_usd
2023-08-01,10.6153,per_usd
2023-08-02,10.7352,per_usd
2023-08-03,10.7068,per_usd
2023-08-04,10.5536,per_usd
2023-08-07,10.5972,per_usd
2023-08-08,10.726,per_usd
2023-08-09,10.6964,per_usd
2023-08-10,10.6357,per_usd
2023-08-11,10.8329,per_usd
2023-08-14,10.8015,per_usd
2023-08-15,10.8374,per_usd
2023-08-16,10.88,per_usd
2023-08-17,10.9085,per_usd
2023-08-18,10.9613,per_usd
2023-08-21,10.9704,per_usd
2023-08-22,10.9436,per_usd
2023-08-23,10.9212,per_usd
2023-08-24,10.9934,per_usd
2023-08-25,11.0669,per_usd
2023-08-28,10.9983,per_usd
2023-08-29,10.9186,per_usd
2023-08-30,10.8163,per_usd
2023-08-31,10.9523,per_usd
2023-09-01,11.0474,per_usd
2023-09-05,11.0926,per_usd
2023-09-06,11.1252,per_usd
2023-09-07,11.13,per_usd
2023-09-08,11.1088,per_usd
2023-09-11,11.0717,per_usd
2023-09-12,11.1053,per_usd
2023-09-13,11.1188,per_usd
2023-09-14,11.1695,per_usd
2023-09-15,11.1561,per_usd
2023-09-18,11.1553,per_usd
2023-09-19,11.1497,per_usd
2023-09-20,11.0621,per_usd
2023-09-21,11.1692,per_usd
2023-09-22,11.1132,per_usd
2023-09-25,11.0506,per_usd
2023-09-26,11.0262,per_usd
2023-09-27,11.0391,per_usd
2023-09-28,10.9116,per_usd
2023-09-29,10.8936,per_usd
2023-10-02,11.0225,per_usd
2023-10-03,11.1291,per_usd
2023-10-04,11.0579,per_usd
2023-10-05,11.0267,per_usd
2023-10-06,10.9401,per_usd
2023-10-10,10.8589,per_usd
2023-10-11,10.8987,per_usd
2023-10-12,10.9661,per_usd
2023-10-13,11.0284,per_usd
2023-10-16,10.9307,per_usd
2023-10-17,10.8881,per_usd
2023-10-18,11.0308,per_usd
2023-10-19,10.9694,per_usd
2023-10-20,10.9656,per_usd
2023-10-23,10.9841,per_usd
2023-10-24,11.1072,per_usd
2023-10-25,11.1065,per_usd
2023-10-26,11.1884,per_usd
2023-10-27,11.1296,per_usd
2023-10-30,11.1386,per_usd
2023-10-31,11.1759,per_usd
2023-11-01,11.224,per_usd
2023-11-02,11.1318,per_usd
2023-11-03,10.9064,per_usd
2023-11-06,10.8827,per_usd
2023-11-07,10.9362,per_usd
2023-11-08,10.8782,per_usd
2023-11-09,10.8488,per_usd
2023-11-13,10.8347,per_usd
2023-11-14,10.6129,per_usd
2023-11-15,10.5247,per_usd
2023-11-16,10.6114,per_usd
2023-11-17,10.5562,per_usd
2023-11-20,10.4518,per_usd
2023-11-21,10.4492,per_usd
2023-11-22,10.5111,per_usd
2023-11-24,10.4512,per_usd
2023-11-27,10.447,per_usd
2023-11-28,10.3235,per_usd
2023-11-29,10.367,per_usd
2023-11-30,10.4386,per_usd
2023-12-01,10.3749,per_usd
2023-12-04,10.4506,per_usd
2023-12-05,10.4975,per_usd
2023-12-06,10.4472,per_usd
2023-12-07,10.3998,per_usd
2023-12-08,10.4897,per_usd
2023-12-11,10.5039,per_usd
2023-12-12,10.4544,per_usd
2023-12-13,10.4443,per_usd
2023-12-14,10.2029,per_usd
2023-12-15,10.2539,per_usd
2023-12-18,10.2216,per_usd
2023-12-19,10.1649,per_usd
2023-12-20,10.1464,per_usd
2023-12-21,10.1015,per_usd
2023-12-22,10.0149,per_usd
2023-12-26,10.0285,per_usd
2023-12-27,9.9291,per_usd
2023-12-28,9.9748,per_usd
2023-12-29,10.0506,per_usd
2024-01-02,10.1963,per_usd
2024-01-03,10.3025,per_usd
2024-01-04,10.2089,per_usd
2024-01-05,10.237,per_usd
2024-01-08,10.2199,per_usd
2024-01-09,10.2473,per_usd
2024-01-10,10.2338,per_usd
2024-01-11,10.3012,per_usd
2024-01-12,10.2769,per_usd
2024-01-16,10.4211,per_usd
2024-01-17,10.4769,per_usd
2024-01-18,10.4924,per_usd
2024-01-19,10.4721,per_usd
2024-01-22,10.4395,per_usd
2024-01-23,10.502,per_usd
2024-01-24,10.4145,per_usd
2024-01-25,10.4485,per_usd
2024-01-26,10.4253,per_usd
2024-01-29,10.4746,per_usd
2024-01-30,10.4075,per_usd
2024-01-31,10.3475,per_usd
2024-02-01,10.3899,per_usd
2024-02-02,10.495,per_usd
2024-02-05,10.6173,per_usd
2024-02-06,10.5323,per_usd
2024-02-07,10.4699,per_usd
2024-02-08,10.4771,per_usd
2024-02-09,10.4703,per_usd
2024-02-12,10.4173,per_usd
2024-02-13,10.5712,per_usd
2024-02-14,10.5249,per_usd
2024-02-15,10.4647,per_usd
2024-02-16,10.4505,per_usd
2024-02-20,10.3512,per_usd
2024-02-21,10.3701,per_usd
2024-02-22,10.3371,per_usd
2024-02-23,10.3143,per_usd
2024-02-26,10.2837,per_usd
2024-02-27,10.2961,per_usd
2024-02-28,10.3329,per_usd
2024-02-29,10.3652,per_usd
2024-03-01,10.3226,per_usd
2024-03-04,10.3494,per_usd
2024-03-05,10.3709,per_usd
2024-03-06,10.271,per_usd
2024-03-07,10.2287,per_usd
2024-03-08,10.212,per_usd
2024-03-11,10.2405,per_usd
2024-03-12,10.2388,per_usd
2024-03-13,10.2318,per_usd
2024-03-14,10.3287,per_usd
2024-03-15,10.3648,per_usd
2024-03-18,10.425,per_usd
2024-03-19,10.4367,per_usd
2024-03-20,10.4746,per_usd
2024-03-21,10.4639,per_usd
2024-03-22,10.5507,per_usd
2024-03-25,10.5689,per_usd
2024-03-26,10.5779,per_usd
2024-03-27,10.6099,per_usd
2024-03-28,10.6881,per_usd
2024-03-29,10.6834,per_usd
2024-04-01,10.8241,per_usd
2024-04-02,10.7143,per_usd
2024-04-03,10.6401,per_usd
2024-04-04,10.5732,per_usd
2024-04-05,10.6267,per_usd
2024-04-08,10.5628,per_usd
2024-04-09,10.5682,per_usd
2024-04-10,10.7254,per_usd
2024-04-11,10.7582,per_usd
2024-04-12,10.8792,per_usd
2024-04-15,10.8778,per_usd
2024-04-16,10.9406,per_usd
2024-04-17,10.9925,per_usd
2024-04-18,10.9315,per_usd
2024-04-19,10.9212,per_usd
2024-04-22,10.9248,per_usd
2024-04-23,10.828,per_usd
2024-04-24,10.8853,per_usd
2024-04-25,10.9055,per_usd
2024-04-26,10.9472,per_usd
2024-04-29,10.932,per_usd
2024-04-30,10.988,per_usd
2024-05-01,10.9733,per_usd
2024-05-02,10.8953,per_usd
2024-05-03,10.8001,per_usd
2024-05-06,10.7976,per_usd
2024-05-07,10.829,per_usd
2024-05-08,10.8938,per_usd
2024-05-09,10.8739,per_usd
2024-05-10,10.8322,per_usd
2024-05-13,10.8328,per_usd
2024-05-14,10.8257,per_usd
2024-05-15,10.6967,per_usd
2024-05-16,10.6933,per_usd
2024-05-17,10.7141,per_usd
2024-05-20,10.6967,per_usd
2024-05-21,10.7009,per_usd
2024-05-22,10.7284,per_usd
2024-05-23,10.7266,per_usd
2024-05-24,10.6566,per_usd
2024-05-28,10.5358,per_usd
2024-05-29,10.6663,per_usd
2024-05-30,10.5925,per_usd
2024-05-31,10.5396,per_usd
2024-06-03,10.4075,per_usd
2024-06-04,10.4556,per_usd
2024-06-05,10.4209,per_usd
2024-06-06,10.4094,per_usd
2024-06-07,10.5347,per_usd
2024-06-10,10.496,per_usd
2024-06-11,10.5102,per_usd
2024-06-12,10.3076,per_usd
2024-06-13,10.4739,per_usd
2024-06-14,10.5315,per_usd
2024-06-17,10.5146,per_usd
2024-06-18,10.4425,per_usd
2024-06-20,10.4703,per_usd
2024-06-21,10.5173,per_usd
2024-06-24,10.468,per_usd
2024-06-25,10.5071,per_usd
2024-06-26,10.5696,per_usd
2024-06-27,10.616,per_usd
2024-06-28,10.5996,per_usd
2024-07-01,10.6292,per_usd
2024-07-02,10.6157,per_usd
2024-07-03,10.4807,per_usd
2024-07-05,10.4839,per_usd
2024-07-08,10.5494,per_usd
2024-07-09,10.5532,per_usd
2024-07-10,10.5459,per_usd
2024-07-11,10.4836,per_usd
2024-07-12,10.5289,per_usd
2024-07-15,10.5752,per_usd
2024-07-16,10.6196,per_usd
2024-07-17,10.5445,per_usd
2024-07-18,10.568,per_usd
2024-07-19,10.6776,per_usd
2024-07-22,10.732,per_usd
2024-07-23,10.7632,per_usd
2024-07-24,10.7577,per_usd
2024-07-25,10.801,per_usd
2024-07-26,10.811,per_usd
2024-07-29,10.8291,per_usd
2024-07-30,10.7899,per_usd
2024-07-31,10.7099,per_usd
2024-08-01,10.7027,per_usd
2024-08-02,10.5672,per_usd
2024-08-05,10.5628,per_usd
2024-08-06,10.527,per_usd
2024-08-07,10.4514,per_usd
2024-08-08,10.5292,per_usd
2024-08-09,10.5073,per_usd
2024-08-12,10.5245,per_usd
2024-08-13,10.5035,per_usd
2024-08-14,10.4438,per_usd
2024-08-15,10.5105,per_usd
2024-08-16,10.4926,per_usd
2024-08-19,10.3304,per_usd
2024-08-20,10.24,per_usd
2024-08-21,10.1957,per_usd
2024-08-22,10.2414,per_usd
2024-08-23,10.1837,per_usd
2024-08-26,10.2112,per_usd
2024-08-27,10.1818,per_usd
2024-08-28,10.1862,per_usd
2024-08-29,10.222,per_usd
2024-08-30,10.269,per_usd
2024-09-03,10.3064,per_usd
2024-09-04,10.2727,per_usd
2024-09-05,10.2567,per_usd
2024-09-06,10.2869,per_usd
2024-09-09,10.3666,per_usd
2024-09-10,10.3869,per_usd
2024-09-11,10.3863,per_usd
2024-09-12,10.3213,per_usd
2024-09-13,10.2093,per_usd
2024-09-16,10.198,per_usd
2024-09-17,10.1891,per_usd
2024-09-18,10.2063,per_usd
2024-09-19,10.171,per_usd
2024-09-20,10.1894,per_usd
2024-09-23,10.1864,per_usd
2024-09-24,10.1284,per_usd
2024-09-25,10.1756,per_usd
2024-09-26,10.0975,per_usd
2024-09-27,10.1018,per_usd
2024-09-30,10.1427,per_usd
2024-10-01,10.2766,per_usd
2024-10-02,10.2558,per_usd
2024-10-03,10.3156,per_usd
2024-10-04,10.3856,per_usd
2024-10-07,10.3598,per_usd
2024-10-08,10.3588,per_usd
2024-10-09,10.3847,per_usd
2024-10-10,10.4004,per_usd
2024-10-11,10.3658,per_usd
2024-10-15,10.3876,per_usd
2024-10-16,10.4995,per_usd
2024-10-17,10.5231,per_usd
2024-10-18,10.5323,per_usd
2024-10-21,10.5623,per_usd
2024-10-22,10.5418,per_usd
2024-10-23,10.5951,per_usd
2024-10-24,10.5804,per_usd
2024-10-25,10.5936,per_usd
2024-10-28,10.6353,per_usd
2024-10-29,10.6581,per_usd
2024-10-30,10.6671,per_usd
2024-10-31,10.7003,per_usd
2024-11-01,10.728,per_usd
2024-11-04,10.7068,per_usd
2024-11-05,10.7044,per_usd
2024-11-06,10.85,per_usd
2024-11-07,10.7078,per_usd
2024-11-08,10.8435,per_usd
2024-11-12,10.9327,per_usd
2024-11-13,10.9869,per_usd
2024-11-14,10.9627,per_usd
2024-11-15,10.9726,per_usd
2024-11-18,10.9393,per_usd
2024-11-19,10.9347,per_usd
2024-11-20,11.0367,per_usd
2024-11-21,11.0785,per_usd
2024-11-22,11.0672,per_usd
2024-11-25,10.9947,per_usd
2024-11-26,10.9988,per_usd
2024-11-27,10.9031,per_usd
2024-11-29,10.9241,per_usd
2024-12-02,11.0098,per_usd
2024-12-03,11.0017,per_usd
2024-12-04,10.9245,per_usd
2024-12-05,10.8769,per_usd
2024-12-06,10.9343,per_usd
2024-12-09,10.9071,per_usd
2024-12-10,10.9867,per_usd
2024-12-11,10.966,per_usd
2024-12-12,10.967,per_usd
2024-12-13,10.9782,per_usd
2024-12-16,10.8905,per_usd
2024-12-17,10.9293,per_usd
2024-12-18,10.9711,per_usd
2024-12-19,11.0432,per_usd
2024-12-20,11.0018,per_usd
2024-12-23,11.0407,per_usd
2024-12-24,11.1178,per_usd
2024-12-26,11.0394,per_usd
2024-12-27,10.9947,per_usd
2024-12-30,11.0363,per_usd
2024-12-31,11.0676,per_usd
2025-01-02,11.1443,per_usd
2025-01-03,11.1216,per_usd
2025-01-06,11.0392,per_usd
2025-01-07,11.0883,per_usd
2025-01-08,11.1543,per_usd
2025-01-09,11.1514,per_usd
2025-01-10,11.2225,per_usd
2025-01-13,11.2786,per_usd
2025-01-14,11.191,per_usd
2025-01-15,11.1612,per_usd
2025-01-16,11.1388,per_usd
2025-01-17,11.1712,per_usd
2025-01-21,10.9948,per_usd
2025-01-22,10.9979,per_usd
2025-01-23,10.9966,per_usd
2025-01-24,10.9069,per_usd
2025-01-27,10.9416,per_usd
2025-01-28,11.0081,per_usd
2025-01-29,11.0019,per_usd
2025-01-30,11.0132,per_usd
2025-01-31,11.0513,per_usd
2025-02-03,11.1561,per_usd
2025-02-04,10.9666,per_usd
2025-02-05,10.8861,per_usd
2025-02-06,10.9099,per_usd
2025-02-07,10.9414,per_usd
2025-02-10,10.9179,per_usd
2025-02-11,10.8677,per_usd
2025-02-12,10.8774,per_usd
2025-02-13,10.7798,per_usd
2025-02-14,10.696,per_usd
2025-02-18,10.7087,per_usd
2025-02-19,10.7539,per_usd
2025-02-20,10.6603,per_usd
2025-02-21,10.64,per_usd
2025-02-24,10.6501,per_usd
2025-02-25,10.602,per_usd
2025-02-26,10.6134,per_usd
2025-02-27,10.7329,per_usd
2025-02-28,10.7191,per_usd
2025-03-03,10.5249,per_usd
2025-03-04,10.5341,per_usd
2025-03-05,10.2391,per_usd
2025-03-06,10.1498,per_usd
2025-03-07,10.0602,per_usd
2025-03-10,10.1221,per_usd
2025-03-11,10.0193,per_usd
2025-03-12,10.0466,per_usd
2025-03-13,10.1867,per_usd
2025-03-14,10.1343,per_usd
2025-03-17,10.0745,per_usd
2025-03-18,10.0445,per_usd
2025-03-19,10.1329,per_usd
2025-03-20,10.1427,per_usd
2025-03-21,10.14,per_usd
2025-03-24,10.1138,per_usd
2025-03-25,10.0296,per_usd
2025-03-26,10.0318,per_usd
2025-03-27,10.015,per_usd
2025-03-28,9.9926,per_usd
2025-03-31,10.0548,per_usd
2025-04-01,9.9933,per_usd
2025-04-02,9.8981,per_usd
2025-04-03,9.7478,per_usd
2025-04-04,9.9729,per_usd
2025-04-07,10.0781,per_usd
2025-04-08,10.0126,per_usd
2025-04-09,10.032,per_usd
2025-04-10,9.8359,per_usd
2025-04-11,9.8196,per_usd
2025-04-14,9.7743,per_usd
2025-04-15,9.8589,per_usd
2025-04-16,9.7494,per_usd
2025-04-17,9.633,per_usd
2025-04-18,9.6353,per_usd
2025-04-21,9.5423,per_usd
2025-04-22,9.4871,per_usd
2025-04-23,9.6529,per_usd
2025-04-24,9.6129,per_usd
2025-04-25,9.6739,per_usd
2025-04-28,9.6203,per_usd
2025-04-29,9.6166,per_usd
2025-04-30,9.6581,per_usd
2025-05-01,9.7704,per_usd
2025-05-02,9.6242,per_usd
2025-05-05,9.6644,per_usd
2025-05-06,9.5789,per_usd
2025-05-07,9.601,per_usd
2025-05-08,9.7039,per_usd
2025-05-09,9.7016,per_usd
2025-05-12,9.8121,per_usd
2025-05-13,9.7296,per_usd
2025-05-14,9.7256,per_usd
2025-05-15,9.7344,per_usd
2025-05-16,9.7944,per_usd
2025-05-19,9.6846,per_usd
2025-05-20,9.6677,per_usd
2025-05-21,9.5515,per_usd
2025-05-22,9.6262,per_usd
2025-05-23,9.5304,per_usd
2025-05-27,9.6267,per_usd
2025-05-28,9.6523,per_usd
2025-05-29,9.553,per_usd
2025-05-30,9.5915,per_usd
2025-06-02,9.5361,per_usd
2025-06-03,9.6156,per_usd
2025-06-04,9.5678,per_usd
2025-06-05,9.5723,per_usd
2025-06-06,9.64,per_usd
2025-06-09,9.5876,per_usd
2025-06-10,9.5979,per_usd
2025-06-11,9.5482,per_usd
2025-06-12,9.4358,per_usd
2025-06-13,9.4896,per_usd
2025-06-16,9.4633,per_usd
2025-06-17,9.495,per_usd
2025-06-18,9.5946,per_usd
2025-06-20,9.6761,per_usd
2025-06-23,9.6482,per_usd
2025-06-24,9.5353,per_usd
2025-06-25,9.5127,per_usd
2025-06-26,9.4832,per_usd
2025-06-27,9.4765,per_usd
2025-06-30,9.4881,per_usd
2025-07-01,9.5012,per_usd
2025-07-02,9.5462,per_usd
2025-07-03,9.5732,per_usd
2025-07-07,9.4982,per_usd
2025-07-08,9.5439,per_usd
2025-07-09,9.5257,per_usd
2025-07-10,9.526,per_usd
2025-07-11,9.5465,per_usd
2025-07-14,9.6191,per_usd
2025-07-15,9.7114,per_usd
2025-07-16,9.7241,per_usd
2025-07-17,9.7498,per_usd
2025-07-18,9.6591,per_usd
2025-07-21,9.5671,per_usd
2025-07-22,9.5233,per_usd
2025-07-23,9.5114,per_usd
2025-07-24,9.5178,per_usd
2025-07-25,9.532,per_usd
2025-07-28,9.5963,per_usd
2025-07-29,9.6562,per_usd
2025-07-30,9.7446,per_usd
2025-07-31,9.7718,per_usd
2025-08-01,9.6735,per_usd
2025-08-04,9.6699,per_usd
2025-08-05,9.66,per_usd
2025-08-06,9.6169,per_usd
2025-08-07,9.5865,per_usd
2025-08-08,9.5728,per_usd
2025-08-11,9.6382,per_usd
2025-08-12,9.5516,per_usd
2025-08-13,9.5431,per_usd
2025-08-14,9.5968,per_usd
2025-08-15,9.5457,per_usd
2025-08-18,9.5543,per_usd
2025-08-19,9.5877,per_usd
2025-08-20,9.5922,per_usd
2025-08-21,9.6279,per_usd
2025-08-22,9.5038,per_usd
2025-08-25,9.5456,per_usd
2025-08-26,9.5529,per_usd
2025-08-27,9.5539,per_usd
2025-08-28,9.4834,per_usd
2025-08-29,9.4692,per_usd
2025-09-02,9.4509,per_usd
2025-09-03,9.4197,per_usd
2025-09-04,9.4814,per_usd
2025-09-05,9.3501,per_usd
2025-09-08,9.3568,per_usd
2025-09-09,9.38,per_usd
2025-09-10,9.3334,per_usd
2025-09-11,9.3152,per_usd
2025-09-12,9.346,per_usd
2025-09-15,9.2642,per_usd
2025-09-16,9.2412,per_usd
2025-09-17,9.2756,per_usd
2025-09-18,9.3601,per_usd
2025-09-19,9.4077,per_usd
2025-09-22,9.3774,per_usd
2025-09-23,9.3515,per_usd
2025-09-24,9.4051,per_usd
2025-09-25,9.4611,per_usd
2025-09-26,9.4189,per_usd
2025-09-29,9.4142,per_usd
2025-09-30,9.4159,per_usd
2025-10-01,9.3824,per_usd
2025-10-02,9.4311,per_usd
2025-10-03,9.351,per_usd
2025-10-06,9.3804,per_usd
2025-10-07,9.3925,per_usd
2025-10-08,9.4461,per_usd
2025-10-09,9.5458,per_usd
2025-10-10,9.5113,per_usd
2025-10-14,9.5333,per_usd
2025-10-15,9.4789,per_usd
2025-10-16,9.4312,per_usd
2025-10-17,9.4287,per_usd
2025-10-20,9.4108,per_usd
2025-10-21,9.4172,per_usd
2025-10-22,9.3972,per_usd
2025-10-23,9.393,per_usd
2025-10-24,9.392,per_usd
2025-10-27,9.3936,per_usd
2025-10-28,9.3557,per_usd
2025-10-29,9.3566,per_usd
2025-10-30,9.433,per_usd
2025-10-31,9.4958,per_usd
2025-11-03,9.4765,per_usd
2025-11-04,9.5651,per_usd
2025-11-05,9.5623,per_usd
2025-11-06,9.5805,per_usd
2025-11-07,9.5313,per_usd
2025-11-10,9.5251,per_usd
2025-11-12,9.4486,per_usd
2025-11-13,9.3814,per_usd
2025-11-14,9.4485,per_usd
2025-11-17,9.4542,per_usd
2025-11-18,9.4789,per_usd
2025-11-19,9.5474,per_usd
2025-11-20,9.5428,per_usd
2025-11-21,9.5622,per_usd
2025-11-24,9.5573,per_usd
2025-11-25,9.5523,per_usd
2025-11-26,9.4992,per_usd
2025-11-28,9.4402,per_usd
2025-12-01,9.4415,per_usd
2025-12-02,9.4572,per_usd
2025-12-03,9.3747,per_usd
2025-12-04,9.4074,per_usd
2025-12-05,9.4113,per_usd
2025-12-08,9.4065,per_usd
2025-12-09,9.3471,per_usd
2025-12-10,9.3072,per_usd
2025-12-11,9.2363,per_usd
2025-12-12,9.2935,per_usd
2025-12-15,9.2841,per_usd
2025-12-16,9.2857,per_usd
2025-12-17,9.3024,per_usd
2025-12-18,9.2826,per_usd
2025-12-19,9.2631,per_usd
2025-12-22,9.2353,per_usd
2025-12-23,9.1816,per_usd
2025-12-24,9.169,per_usd
2025-12-26,9.1673,per_usd
2025-12-29,9.1943,per_usd
2025-12-30,9.1867,per_usd
2025-12-31,9.2227,per_usd
2026-01-02,9.2082,per_usd
2026-01-05,9.1837,per_usd
2026-01-06,9.2074,per_usd
2026-01-07,9.1773,per_usd
2026-01-08,9.2254,per_usd
2026-01-09,9.2071,per_usd
2026-01-12,9.1805,per_usd
2026-01-13,9.2094,per_usd
2026-01-14,9.1899,per_usd
2026-01-15,9.2288,per_usd
2026-01-16,9.2334,per_usd
2026-01-20,9.1115,per_usd
2026-01-21,9.1049,per_usd
2026-01-22,9.0211,per_usd
2026-01-23,8.9953,per_usd
2026-01-26,8.921,per_usd
2026-01-27,8.8199,per_usd
2026-01-28,8.8637,per_usd
2026-01-29,8.8408,per_usd
2026-01-30,8.8656,per_usd
2026-02-02,8.9585,per_usd
2026-02-03,8.8986,per_usd
2026-02-04,8.9939,per_usd
2026-02-05,9.0109,per_usd
2026-02-06,9.0178,per_usd
2026-02-09,8.9358,per_usd
2026-02-10,8.8944,per_usd
2026-02-11,8.8881,per_usd
2026-02-12,8.9263,per_usd
2026-02-13,8.9397,per_usd
2026-02-17,9.0014,per_usd
2026-02-18,9.0026,per_usd
2026-02-19,9.0712,per_usd
2026-02-20,9.0571,per_usd
2026-02-23,9.0527,per_usd
2026-02-24,9.0369,per_usd
2026-02-25,9.0267,per_usd
2026-02-26,9.0545,per_usd
2026-02-27,9.0199,per_usd
2026-03-02,9.1557,per_usd
2026-03-03,9.275,per_usd
2026-03-04,9.1602,per_usd
2026-03-05,9.2383,per_usd
2026-03-06,9.1835,per_usd
2026-03-09,9.2013,per_usd
2026-03-10,9.1294,per_usd
2026-03-11,9.2228,per_usd
2026-03-12,9.3291,per_usd
2026-03-13,9.4189,per_usd
2026-03-16,9.3536,per_usd
2026-03-17,9.2832,per_usd
2026-03-18,9.3461,per_usd
2026-03-19,9.3544,per_usd
2026-03-20,9.3611,per_usd
2026-03-23,9.3432,per_usd
2026-03-24,9.3298,per_usd
2026-03-25,9.3432,per_usd
2026-03-26,9.409,per_usd
2026-03-27,9.4548,per_usd
2026-03-30,9.5528,per_usd
2026-03-31,9.533,per_usd
2026-04-01,9.3817,per_usd
2026-04-02,9.413,per_usd
2026-04-03,9.4747,per_usd
2026-04-06,9.4257,per_usd
2026-04-07,9.5237,per_usd
2026-04-08,9.3034,per_usd
2026-04-09,9.2789,per_usd
2026-04-10,9.2651,per_usd
2026-04-13,9.229,per_usd
2026-04-14,9.1906,per_usd
2026-04-15,9.1638,per_usd
2026-04-16,9.1857,per_usd
2026-04-17,9.1354,per_usd
2026-04-20,9.1239,per_usd
2026-04-21,9.1614,per_usd
2026-04-22,9.1995,per_usd
2026-04-23,9.2153,per_usd
2026-04-24,9.2226,per_usd
2026-04-27,9.2115,per_usd
2026-04-28,9.2645,per_usd
2026-04-29,9.2977,per_usd
2026-04-30,9.2496,per_usd
2026-05-01,9.1913,per_usd
2026-05-04,9.2806,per_usd
2026-05-05,9.246,per_usd
2026-05-06,9.2331,per_usd
2026-05-07,9.2251,per_usd
2026-05-08,9.2302,per_usd
2026-05-11,9.2166,per_usd
2026-05-12,9.3037,per_usd
2026-05-13,9.3156,per_usd
2026-05-14,9.3428,per_usd
2026-05-15,9.4415,per_usd
2026-05-18,9.3982,per_usd
2026-05-19,9.402,per_usd
2026-05-20,9.3345,per_usd
2026-05-21,9.3798,per_usd
2026-05-22,9.3547,per_usd
2026-05-26,9.3295,per_usd
2026-05-27,9.2942,per_usd
2026-05-28,9.2629,per_usd
2026-05-29,9.2191,per_usd
2026-06-01,9.3149,per_usd
2026-06-02,9.3008,per_usd
2026-06-03,9.3966,per_usd
2026-06-04,9.3598,per_usd
2026-06-05,9.4601,per_usd
2026-06-08,9.4244,per_usd
2026-06-09,9.4532,per_usd
2026-06-10,9.4859,per_usd
2026-06-11,9.5503,per_usd
2026-06-12,9.4141,per_usd
2026-06-15,9.3821,per_usd
2026-06-16,9.3599,per_usd
2026-06-17,9.3979,per_usd
2026-06-18,9.5709,per_usd
2026-06-22,9.6149,per_usd
2026-06-23,9.73,per_usd
2026-06-24,9.7678,per_usd
2026-06-25,9.7102,per_usd
2026-06-26,9.7112,per_usd
2026-06-29,9.7198,per_usd
2026-06-30,9.7013,per_usd
2026-07-01,9.7215,per_usd
2026-07-02,9.6567,per_usd
2026-07-06,9.645,per_usd
2026-07-07,9.672,per_usd
2026-07-08,9.7392,per_usd
2026-07-09,9.6521,per_usd
2026-07-10,9.6382,per_usd
2026-07-13,9.679,per_usd
2026-07-14,9.6555,per_usd
2026-07-15,9.634,per_usd
2026-07-16,9.6387,per_usd
2026-07-17,9.6417,per_usd
2026-07-20,9.6874,per_usd
2026-07-21,9.6926,per_usd
2026-07-22,9.6862,per_usd
2026-07-23,9.767,per_usd
2026-07-24,9.6998,per_usd
2026-07-27,9.7225,per_usd
2026-07-28,9.6789,per_usd
2026-07-29,9.7234,per_usd
2026-07-30,9.5351,per_usd
2026-07-31,9.5268,per_usd
2026-08-03,9.5527,per_usd
2026-08-04,9.5303,per_usd
2026-08-05,9.4969,per_usd
2026-08-06,9.5155,per_usd
2026-08-07,9.4751,per_usd
2026-08-10,9.4846,per_usd
2026-08-11,9.5163,per_usd
2026-08-12,9.5536,per_usd
2026-08-13,9.5683,per_usd
2026-08-14,9.5121,per_usd
2026-08-17,9.4919,per_usd
2026-08-18,9.5309,per_usd
2026-08-19,9.4469,per_usd
2026-08-20,9.488,per_usd
2026-08-21,9.4632,per_usd
