date,value,quote
1983-10-03,39.42,per_usd
1983-10-04,39.42,per_usd
1983-10-05,39.42,per_usd
1983-10-06,39.42,per_usd
1983-10-07,39.42,per_usd
1983-10-11,39.42,per_usd
1983-10-12,39.42,per_usd
1983-10-13,39.42,per_usd
1983-10-14,39.42,per_usd
1983-10-17,39.42,per_usd
1983-10-18,39.42,per_usd
1983-10-19,39.42,per_usd
1983-10-20,39.42,per_usd
1983-10-21,39.42,per_usd
1983-10-24,39.42,per_usd
1983-10-25,39.42,per_usd
1983-10-26,39.42,per_usd
1983-10-27,39.42,per_usd
1983-10-28,39.42,per_usd
1983-10-31,39.42,per_usd
1983-11-01,39.42,per_usd
1983-11-02,39.42,per_usd
1983-11-03,39.42,per_usd
1983-11-04,38.66,per_usd
1983-11-07,38.66,per_usd
1983-11-09,38.66,per_usd
1983-11-10,38.66,per_usd
1983-11-14,38.66,per_usd
1983-11-15,38.66,per_usd
1983-11-16,38.66,per_usd
1983-11-17,38.66,per_usd
1983-11-18,38.66,per_usd
1983-11-21,38.66,per_usd
1983-11-22,38.66,per_usd
1983-11-23,38.66,per_usd
1983-11-25,38.66,per_usd
1983-11-28,38.66,per_usd
1983-11-29,38.66,per_usd
1983-11-30,38.66,per_usd
1983-12-01,38.66,per_usd
1983-12-02,38.66,per_usd
1983-12-05,38.66,per_usd
1983-12-06,38.66,per_usd
1983-12-07,38.66,per_usd
1983-12-08,38.66,per_usd
1983-12-09,38.66,per_usd
1983-12-12,38.66,per_usd
1983-12-13,40.2,per_usd
1983-12-14,40.2,per_usd
1983-12-15,40.2,per_usd
1983-12-16,40.2,per_usd
1983-12-19,40.2,per_usd
1983-12-20,40.2,per_usd
1983-12-21,40.2,per_usd
1983-12-22,40.2,per_usd
1983-12-23,40.2,per_usd
1983-12-27,40.2,per_usd
1983-12-28,40.2,per_usd
1983-12-29,40.2,per_usd
1983-12-30,40.2,per_usd
1984-01-03,40.2,per_usd
1984-01-04,40.2,per_usd
1984-01-05,40.2,per_usd
1984-01-06,40.2,per_usd
1984-01-09,40.2,per_usd
1984-01-10,40.2,per_usd
1984-01-11,40.2,per_usd
1984-01-12,40.2,per_usd
1984-01-13,40.2,per_usd
1984-01-16,40.2,per_usd
1984-01-17,40.2,per_usd
1984-01-18,40.2,per_usd
1984-01-19,40.2,per_usd
1984-01-20,40.2,per_usd
1984-01-27,40.23,per_usd
1984-01-30,40.23,per_usd
1984-01-31,40.23,per_usd
1984-02-06,40.23,per_usd
1984-02-07,40.23,per_usd
1984-02-08,40.23,per_usd
1984-02-09,40.23,per_usd
1984-02-10,40.23,per_usd
1984-02-14,40.23,per_usd
1984-02-15,40.23,per_usd
1984-02-16,40.23,per_usd
1984-02-17,40.23,per_usd
1984-02-21,40.23,per_usd
1984-02-22,40.24,per_usd
1984-02-23,40.25,per_usd
1984-02-24,40.26,per_usd
1984-02-27,40.25,per_usd
1984-02-28,40.26,per_usd
1984-02-29,40.22,per_usd
1984-03-01,40.2,per_usd
1984-03-02,40.19,per_usd
1984-03-05,40.18,per_usd
1984-03-06,40.18,per_usd
1984-03-07,40.17,per_usd
1984-03-08,40.15,per_usd
1984-03-09,40.14,per_usd
1984-03-12,40.11,per_usd
1984-03-13,40.1,per_usd
1984-03-15,40.07,per_usd
1984-03-16,40.05,per_usd
1984-03-19,40.04,per_usd
1984-03-20,40.04,per_usd
1984-03-21,40.02,per_usd
1984-03-22,40,per_usd
1984-03-23,39.98,per_usd
1984-03-26,39.96,per_usd
1984-03-27,40,per_usd
1984-03-28,40,per_usd
1984-03-30,39.99,per_usd
1984-04-02,39.95,per_usd
1984-04-03,39.93,per_usd
1984-04-05,39.92,per_usd
1984-04-06,39.9,per_usd
1984-04-10,39.84,per_usd
1984-04-13,39.81,per_usd
1984-04-16,39.78,per_usd
1984-04-17,39.76,per_usd
1984-04-18,39.75,per_usd
1984-04-19,39.74,per_usd
1984-04-20,39.73,per_usd
1984-04-24,39.7,per_usd
1984-04-25,39.69,per_usd
1984-04-26,39.68,per_usd
1984-04-27,39.68,per_usd
1984-04-30,39.68,per_usd
1984-05-02,39.67,per_usd
1984-05-03,39.66,per_usd
1984-05-04,39.65,per_usd
1984-05-07,39.64,per_usd
1984-05-08,39.63,per_usd
1984-05-09,39.63,per_usd
1984-05-10,39.63,per_usd
1984-05-11,39.63,per_usd
1984-05-14,39.64,per_usd
1984-05-15,39.64,per_usd
1984-05-16,39.64,per_usd
1984-05-17,39.65,per_usd
1984-05-18,39.68,per_usd
1984-05-21,39.75,per_usd
1984-05-22,39.76,per_usd
1984-05-23,39.77,per_usd
1984-05-24,39.79,per_usd
1984-05-25,39.82,per_usd
1984-05-29,39.89,per_usd
1984-05-30,39.92,per_usd
1984-05-31,39.94,per_usd
1984-06-01,39.96,per_usd
1984-06-04,39.997,per_usd
1984-06-05,39.97,per_usd
1984-06-06,39.97,per_usd
1984-06-07,39.95,per_usd
1984-06-08,39.91,per_usd
1984-06-11,39.86,per_usd
1984-06-12,39.83,per_usd
1984-06-13,39.79,per_usd
1984-06-14,39.74,per_usd
1984-06-15,39.76,per_usd
1984-06-18,39.81,per_usd
1984-06-19,39.85,per_usd
1984-06-20,39.85,per_usd
1984-06-21,39.84,per_usd
1984-06-22,39.83,per_usd
1984-06-25,39.8,per_usd
1984-06-26,39.78,per_usd
1984-06-27,39.76,per_usd
1984-06-28,39.74,per_usd
1984-06-29,39.71,per_usd
1984-07-02,39.68,per_usd
1984-07-03,39.66,per_usd
1984-07-05,39.62,per_usd
1984-07-06,39.6,per_usd
1984-07-09,39.56,per_usd
1984-07-10,39.54,per_usd
1984-07-11,39.43,per_usd
1984-07-12,39.51,per_usd
1984-07-16,39.51,per_usd
1984-07-17,39.52,per_usd
1984-07-18,39.52,per_usd
1984-07-19,39.49,per_usd
1984-07-20,39.47,per_usd
1984-07-24,39.41,per_usd
1984-07-25,39.38,per_usd
1984-07-26,39.35,per_usd
1984-07-27,39.32,per_usd
1984-07-30,39.26,per_usd
1984-07-31,39.23,per_usd
1984-08-01,39.2,per_usd
1984-08-02,39.17,per_usd
1984-08-06,39.11,per_usd
1984-08-07,39.08,per_usd
1984-08-08,39.08,per_usd
1984-08-09,39.09,per_usd
1984-08-10,39.08,per_usd
1984-08-14,39.08,per_usd
1984-08-15,39.08,per_usd
1984-08-16,39.08,per_usd
1984-08-17,39.08,per_usd
1984-08-20,39.08,per_usd
1984-08-21,39.08,per_usd
1984-08-22,39.08,per_usd
1984-08-23,39.08,per_usd
1984-08-24,39.08,per_usd
1984-08-27,39.08,per_usd
1984-08-28,39.08,per_usd
1984-08-29,39.08,per_usd
1984-08-30,39.08,per_usd
1984-08-31,39.08,per_usd
1984-09-04,39.08,per_usd
1984-09-05,39.08,per_usd
1984-09-06,39.08,per_usd
1984-09-11,39.08,per_usd
1984-09-12,39.09,per_usd
1984-09-13,39.11,per_usd
1984-09-14,39.12,per_usd
1984-09-17,39.14,per_usd
1984-09-18,39.15,per_usd
1984-09-19,39.17,per_usd
1984-09-20,39.19,per_usd
1984-09-21,39.21,per_usd
1984-09-24,39.25,per_usd
1984-09-25,39.27,per_usd
1984-09-26,39.27,per_usd
1984-09-27,39.25,per_usd
1984-10-01,39.21,per_usd
1984-10-02,39.18,per_usd
1984-10-03,39.16,per_usd
1984-10-04,39.14,per_usd
1984-10-05,39.12,per_usd
1984-10-09,39.11,per_usd
1984-10-11,39.12,per_usd
1984-10-12,39.14,per_usd
1984-10-15,39.18,per_usd
1984-10-16,39.2,per_usd
1984-10-17,39.22,per_usd
1984-10-18,39.24,per_usd
1984-10-19,39.26,per_usd
1984-10-22,39.3,per_usd
1984-10-23,39.32,per_usd
1984-10-24,39.35,per_usd
1984-10-26,39.37,per_usd
1984-10-29,39.35,per_usd
1984-10-30,39.33,per_usd
1984-11-01,39.3,per_usd
1984-11-02,39.28,per_usd
1984-11-05,39.24,per_usd
1984-11-07,39.28,per_usd
1984-11-08,39.3,per_usd
1984-11-09,39.32,per_usd
1984-11-13,39.38,per_usd
1984-11-14,39.4,per_usd
1984-11-15,39.42,per_usd
1984-11-16,39.44,per_usd
1984-11-19,39.49,per_usd
1984-11-20,39.51,per_usd
1984-11-21,39.53,per_usd
1984-11-23,39.55,per_usd
1984-11-26,39.5,per_usd
1984-11-27,39.48,per_usd
1984-11-28,39.5,per_usd
1984-11-29,39.52,per_usd
1984-11-30,39.53,per_usd
1984-12-03,39.52,per_usd
1984-12-04,39.48,per_usd
1984-12-05,39.46,per_usd
1984-12-06,39.46,per_usd
1984-12-07,39.48,per_usd
1984-12-10,39.52,per_usd
1984-12-11,39.49,per_usd
1984-12-12,39.48,per_usd
1984-12-13,39.5,per_usd
1984-12-14,39.53,per_usd
1984-12-17,39.54,per_usd
1984-12-18,39.53,per_usd
1984-12-19,39.53,per_usd
1984-12-20,39.53,per_usd
1984-12-21,39.53,per_usd
1984-12-24,39.51,per_usd
1984-12-26,39.51,per_usd
1984-12-27,39.52,per_usd
1984-12-28,39.54,per_usd
1984-12-31,39.52,per_usd
1985-01-04,39.5,per_usd
1985-01-07,39.48,per_usd
1985-01-08,39.47,per_usd
1985-01-09,39.45,per_usd
1985-01-10,39.43,per_usd
1985-01-11,39.41,per_usd
1985-01-14,39.38,per_usd
1985-01-15,39.37,per_usd
1985-01-16,39.36,per_usd
1985-01-17,39.34,per_usd
1985-01-18,39.32,per_usd
1985-01-22,39.26,per_usd
1985-01-24,39.22,per_usd
1985-01-25,39.2,per_usd
1985-01-28,39.17,per_usd
1985-01-29,39.15,per_usd
1985-01-30,39.13,per_usd
1985-01-31,39.13,per_usd
1985-02-04,39.19,per_usd
1985-02-05,39.22,per_usd
1985-02-06,39.25,per_usd
1985-02-07,39.23,per_usd
1985-02-08,39.21,per_usd
1985-02-11,39.18,per_usd
1985-02-13,39.2,per_usd
1985-02-14,39.23,per_usd
1985-02-15,39.26,per_usd
1985-02-19,39.27,per_usd
1985-02-25,39.27,per_usd
1985-03-01,39.39,per_usd
1985-03-04,39.4,per_usd
1985-03-05,39.42,per_usd
1985-03-06,39.44,per_usd
1985-03-07,39.44,per_usd
1985-03-11,39.44,per_usd
1985-03-12,39.47,per_usd
1985-03-13,39.47,per_usd
1985-03-14,39.45,per_usd
1985-03-15,39.48,per_usd
1985-03-18,39.57,per_usd
1985-03-19,39.62,per_usd
1985-03-20,39.65,per_usd
1985-03-21,39.67,per_usd
1985-03-22,39.7,per_usd
1985-03-25,39.71,per_usd
1985-03-26,39.69,per_usd
1985-03-27,39.66,per_usd
1985-03-28,39.62,per_usd
1985-03-29,39.59,per_usd
1985-04-01,39.59,per_usd
1985-04-02,39.59,per_usd
1985-04-03,39.59,per_usd
1985-04-08,39.63,per_usd
1985-04-09,39.63,per_usd
1985-04-10,39.6,per_usd
1985-04-11,39.61,per_usd
1985-04-12,39.62,per_usd
1985-04-15,39.63,per_usd
1985-04-16,39.65,per_usd
1985-04-17,39.67,per_usd
1985-04-18,39.71,per_usd
1985-04-19,39.76,per_usd
1985-04-22,39.81,per_usd
1985-04-23,39.85,per_usd
1985-04-24,39.88,per_usd
1985-04-25,39.9,per_usd
1985-04-26,39.92,per_usd
1985-04-29,39.96,per_usd
1985-04-30,39.97,per_usd
1985-05-01,39.94,per_usd
1985-05-02,39.92,per_usd
1985-05-03,39.92,per_usd
1985-05-06,39.96,per_usd
1985-05-07,39.97,per_usd
1985-05-08,39.97,per_usd
1985-05-09,39.96,per_usd
1985-05-13,39.97,per_usd
1985-05-14,39.9,per_usd
1985-05-15,39.96,per_usd
1985-05-16,39.95,per_usd
1985-05-17,39.93,per_usd
1985-05-20,39.91,per_usd
1985-05-21,39.88,per_usd
1985-05-22,39.88,per_usd
1985-05-23,39.84,per_usd
1985-05-24,39.82,per_usd
1985-05-28,39.8,per_usd
1985-05-29,39.81,per_usd
1985-05-30,39.83,per_usd
1985-06-03,39.82,per_usd
1985-06-04,39.82,per_usd
1985-06-05,39.82,per_usd
1985-06-06,39.82,per_usd
1985-06-10,39.82,per_usd
1985-06-11,39.82,per_usd
1985-06-13,39.82,per_usd
1985-06-14,39.82,per_usd
1985-06-17,39.82,per_usd
1985-06-18,39.82,per_usd
1985-06-19,39.84,per_usd
1985-06-20,39.86,per_usd
1985-06-21,39.87,per_usd
1985-06-24,39.91,per_usd
1985-06-25,39.97,per_usd
1985-06-27,40.06,per_usd
1985-07-01,39.95,per_usd
1985-07-02,40.05,per_usd
1985-07-03,40.05,per_usd
1985-07-05,40.05,per_usd
1985-07-08,40.05,per_usd
1985-07-09,40.05,per_usd
1985-07-10,40.08,per_usd
1985-07-11,40.11,per_usd
1985-07-12,40.07,per_usd
1985-07-15,40.05,per_usd
1985-07-17,40.05,per_usd
1985-07-18,40.05,per_usd
1985-07-19,40.06,per_usd
1985-07-22,40.11,per_usd
1985-07-23,40.24,per_usd
1985-07-26,40.43,per_usd
1985-07-29,40.4,per_usd
1985-07-30,40.38,per_usd
1985-07-31,40.36,per_usd
1985-08-01,40.34,per_usd
1985-08-05,40.44,per_usd
1985-08-06,40.42,per_usd
1985-08-09,40.46,per_usd
1985-08-12,40.56,per_usd
1985-08-13,40.53,per_usd
1985-08-14,40.54,per_usd
1985-08-15,40.58,per_usd
1985-08-16,40.6,per_usd
1985-08-19,40.57,per_usd
1985-08-20,40.55,per_usd
1985-08-21,40.52,per_usd
1985-08-26,40.46,per_usd
1985-08-28,40.46,per_usd
1985-08-29,40.49,per_usd
1985-08-30,40.49,per_usd
1985-09-03,40.48,per_usd
1985-09-04,40.45,per_usd
1985-09-05,40.44,per_usd
1985-09-06,40.44,per_usd
1985-09-09,40.39,per_usd
1985-09-10,40.45,per_usd
1985-09-11,40.45,per_usd
1985-09-12,40.44,per_usd
1985-09-16,40.43,per_usd
1985-09-17,40.4,per_usd
1985-09-19,40.46,per_usd
1985-09-20,40.52,per_usd
1985-09-23,40.57,per_usd
1985-09-24,40.54,per_usd
1985-09-25,40.51,per_usd
1985-10-02,40.39,per_usd
1985-10-03,40.36,per_usd
1985-10-04,40.33,per_usd
1985-10-07,40.23,per_usd
1985-10-08,40.24,per_usd
1985-10-09,40.22,per_usd
1985-10-11,40.21,per_usd
1985-10-15,40.16,per_usd
1985-10-16,40.15,per_usd
1985-10-17,40.15,per_usd
1985-10-21,40.13,per_usd
1985-10-22,40.11,per_usd
1985-10-23,40.1,per_usd
1985-10-24,40.1,per_usd
1985-10-28,40.13,per_usd
1985-10-29,40.17,per_usd
1985-10-30,40.14,per_usd
1985-11-01,40.12,per_usd
1985-11-04,40.1,per_usd
1985-11-05,40.06,per_usd
1985-11-06,40.06,per_usd
1985-11-07,40.02,per_usd
1985-11-13,40.01,per_usd
1985-11-14,40,per_usd
1985-11-15,39.99,per_usd
1985-11-18,39.97,per_usd
1985-11-19,39.96,per_usd
1985-11-22,39.93,per_usd
1985-11-25,39.9,per_usd
1985-11-26,39.89,per_usd
1985-11-27,39.87,per_usd
1985-11-29,39.84,per_usd
1985-12-02,39.82,per_usd
1985-12-03,39.84,per_usd
1985-12-04,39.88,per_usd
1985-12-05,39.92,per_usd
1985-12-06,39.92,per_usd
1985-12-09,39.9,per_usd
1985-12-10,39.87,per_usd
1985-12-11,39.88,per_usd
1985-12-12,39.9,per_usd
1985-12-13,39.89,per_usd
1985-12-16,39.93,per_usd
1985-12-17,39.94,per_usd
1985-12-19,39.95,per_usd
1985-12-20,39.95,per_usd
1985-12-23,39.93,per_usd
1985-12-24,39.95,per_usd
1985-12-26,39.93,per_usd
1985-12-27,39.92,per_usd
1985-12-30,39.9,per_usd
1985-12-31,39.9,per_usd
1986-01-06,39.87,per_usd
1986-01-07,39.85,per_usd
1986-01-09,39.81,per_usd
1986-01-13,39.64,per_usd
1986-01-14,39.71,per_usd
1986-01-16,39.67,per_usd
1986-01-17,39.65,per_usd
1986-01-21,39.61,per_usd
1986-01-22,39.58,per_usd
1986-01-23,39.56,per_usd
1986-01-24,39.54,per_usd
1986-01-27,39.46,per_usd
1986-01-28,39.41,per_usd
1986-01-29,39.39,per_usd
1986-01-30,39.37,per_usd
1986-01-31,39.36,per_usd
1986-02-03,39.35,per_usd
1986-02-04,39.38,per_usd
1986-02-05,39.38,per_usd
1986-02-06,39.36,per_usd
1986-02-07,39.35,per_usd
1986-02-10,39.33,per_usd
1986-02-13,39.31,per_usd
1986-02-14,39.29,per_usd
1986-02-18,39.23,per_usd
1986-02-19,39.21,per_usd
1986-02-20,39.18,per_usd
1986-02-21,39.15,per_usd
1986-02-24,39,per_usd
1986-02-26,39.06,per_usd
1986-02-27,39.1,per_usd
1986-02-28,39.14,per_usd
1986-03-03,39.06,per_usd
1986-03-04,39.26,per_usd
1986-03-05,39.22,per_usd
1986-03-06,39.18,per_usd
1986-03-07,39.15,per_usd
1986-03-10,39.13,per_usd
1986-03-12,39.15,per_usd
1986-03-13,39.15,per_usd
1986-03-14,39.13,per_usd
1986-03-17,39.1,per_usd
1986-03-18,39.04,per_usd
1986-03-19,38.99,per_usd
1986-03-20,38.94,per_usd
1986-03-21,38.89,per_usd
1986-03-24,38.85,per_usd
1986-03-25,38.82,per_usd
1986-03-26,38.82,per_usd
1986-03-27,38.82,per_usd
1986-03-28,38.82,per_usd
1986-04-01,38.82,per_usd
1986-04-02,38.81,per_usd
1986-04-03,38.8,per_usd
1986-04-04,38.79,per_usd
1986-04-07,38.78,per_usd
1986-04-08,38.77,per_usd
1986-04-09,38.76,per_usd
1986-04-10,38.74,per_usd
1986-04-11,38.72,per_usd
1986-04-14,38.68,per_usd
1986-04-15,38.67,per_usd
1986-04-16,38.66,per_usd
1986-04-17,38.64,per_usd
1986-04-18,38.63,per_usd
1986-04-21,38.62,per_usd
1986-04-22,38.62,per_usd
1986-04-23,38.62,per_usd
1986-04-24,38.62,per_usd
1986-04-25,38.62,per_usd
1986-04-28,38.61,per_usd
1986-04-29,38.6,per_usd
1986-04-30,38.59,per_usd
1986-05-01,38.58,per_usd
1986-05-02,38.57,per_usd
1986-05-05,38.56,per_usd
1986-05-06,38.56,per_usd
1986-05-07,38.55,per_usd
1986-05-08,38.54,per_usd
1986-05-09,38.52,per_usd
1986-05-12,38.49,per_usd
1986-05-13,38.47,per_usd
1986-05-14,38.46,per_usd
1986-05-15,38.66,per_usd
1986-05-16,38.42,per_usd
1986-05-19,38.41,per_usd
1986-05-21,38.38,per_usd
1986-05-22,38.37,per_usd
1986-05-23,38.36,per_usd
1986-05-27,38.33,per_usd
1986-05-29,38.28,per_usd
1986-05-30,38.24,per_usd
1986-06-02,38.21,per_usd
1986-06-03,38.2,per_usd
1986-06-04,38.19,per_usd
1986-06-05,38.18,per_usd
1986-06-06,38.17,per_usd
1986-06-09,38.16,per_usd
1986-06-10,38.16,per_usd
1986-06-12,38.16,per_usd
1986-06-13,38.16,per_usd
1986-06-16,38.15,per_usd
1986-06-17,38.15,per_usd
1986-06-18,38.15,per_usd
1986-06-19,38.15,per_usd
1986-06-23,38.15,per_usd
1986-06-24,38.15,per_usd
1986-06-25,38.15,per_usd
1986-06-26,38.15,per_usd
1986-06-27,38.15,per_usd
1986-06-30,38.15,per_usd
1986-07-02,38.13,per_usd
1986-07-03,38.12,per_usd
1986-07-07,38.12,per_usd
1986-07-08,38.12,per_usd
1986-07-09,38.12,per_usd
1986-07-10,38.12,per_usd
1986-07-11,38.12,per_usd
1986-07-14,38.12,per_usd
1986-07-15,38.12,per_usd
1986-07-16,38.12,per_usd
1986-07-17,38.12,per_usd
1986-07-18,38.12,per_usd
1986-07-21,38.12,per_usd
1986-07-22,38.12,per_usd
1986-07-23,38.12,per_usd
1986-07-24,38.12,per_usd
1986-07-25,38.12,per_usd
1986-07-28,38.12,per_usd
1986-07-29,38.12,per_usd
1986-07-30,38.11,per_usd
1986-07-31,38.1,per_usd
1986-08-01,38.06,per_usd
1986-08-04,37.98,per_usd
1986-08-05,37.86,per_usd
1986-08-06,37.8,per_usd
1986-08-07,37.75,per_usd
1986-08-08,37.75,per_usd
1986-08-11,37.54,per_usd
1986-08-12,37.49,per_usd
1986-08-13,37.44,per_usd
1986-08-14,37.39,per_usd
1986-08-15,37.34,per_usd
1986-08-18,37.24,per_usd
1986-08-19,37.21,per_usd
1986-08-20,37.18,per_usd
1986-08-21,37.21,per_usd
1986-08-25,37.07,per_usd
1986-08-26,37.05,per_usd
1986-08-27,37.04,per_usd
1986-08-28,37.03,per_usd
1986-08-29,37.02,per_usd
1986-09-02,36.99,per_usd
1986-09-03,36.98,per_usd
1986-09-04,36.97,per_usd
1986-09-05,36.96,per_usd
1986-09-08,36.94,per_usd
1986-09-09,36.93,per_usd
1986-09-10,36.92,per_usd
1986-09-11,36.91,per_usd
1986-09-12,36.9,per_usd
1986-09-15,36.88,per_usd
1986-09-16,36.87,per_usd
1986-09-17,36.86,per_usd
1986-09-19,36.85,per_usd
1986-09-22,36.84,per_usd
1986-09-23,36.82,per_usd
1986-09-24,36.81,per_usd
1986-09-25,36.8,per_usd
1986-09-26,36.79,per_usd
1986-09-30,36.79,per_usd
1986-10-01,36.78,per_usd
1986-10-02,36.75,per_usd
1986-10-03,36.74,per_usd
1986-10-06,36.72,per_usd
1986-10-07,36.71,per_usd
1986-10-08,36.7,per_usd
1986-10-09,36.7,per_usd
1986-10-14,36.67,per_usd
1986-10-15,36.66,per_usd
1986-10-16,36.65,per_usd
1986-10-17,36.64,per_usd
1986-10-20,36.63,per_usd
1986-10-21,36.61,per_usd
1986-10-22,36.6,per_usd
1986-10-23,36.59,per_usd
1986-10-24,36.58,per_usd
1986-10-27,36.57,per_usd
1986-10-28,36.56,per_usd
1986-10-29,36.55,per_usd
1986-10-30,36.54,per_usd
1986-11-03,36.53,per_usd
1986-11-04,36.52,per_usd
1986-11-05,36.51,per_usd
1986-11-06,36.5,per_usd
1986-11-07,36.49,per_usd
1986-11-10,36.5,per_usd
1986-11-12,36.46,per_usd
1986-11-13,36.45,per_usd
1986-11-14,36.44,per_usd
1986-11-17,36.42,per_usd
1986-11-18,36.41,per_usd
1986-11-19,36.4,per_usd
1986-11-20,36.39,per_usd
1986-11-21,36.38,per_usd
1986-11-24,36.36,per_usd
1986-11-25,36.35,per_usd
1986-11-26,36.34,per_usd
1986-12-01,36.2,per_usd
1986-12-02,36.29,per_usd
1986-12-03,36.28,per_usd
1986-12-04,36.27,per_usd
1986-12-08,36.25,per_usd
1986-12-09,36.22,per_usd
1986-12-10,36.18,per_usd
1986-12-11,36.16,per_usd
1986-12-12,36.15,per_usd
1986-12-15,36.1,per_usd
1986-12-16,36.06,per_usd
1986-12-17,36.02,per_usd
1986-12-18,35.97,per_usd
1986-12-19,35.94,per_usd
1986-12-22,35.89,per_usd
1986-12-23,35.78,per_usd
1986-12-24,35.74,per_usd
1986-12-26,35.71,per_usd
1986-12-29,35.66,per_usd
1986-12-30,35.61,per_usd
1986-12-31,35.55,per_usd
1987-01-06,35.51,per_usd
1987-01-07,35.48,per_usd
1987-01-08,35.46,per_usd
1987-01-09,35.44,per_usd
1987-01-12,35.41,per_usd
1987-01-13,35.38,per_usd
1987-01-14,35.35,per_usd
1987-01-15,35.34,per_usd
1987-01-16,35.3,per_usd
1987-01-21,35.19,per_usd
1987-01-22,35.17,per_usd
1987-01-23,35.16,per_usd
1987-01-26,35.13,per_usd
1987-01-27,35.12,per_usd
1987-01-28,35.12,per_usd
1987-02-03,35.11,per_usd
1987-02-04,35.1,per_usd
1987-02-05,35.08,per_usd
1987-02-06,35.07,per_usd
1987-02-09,35.06,per_usd
1987-02-11,35.04,per_usd
1987-02-12,35.03,per_usd
1987-02-13,35.03,per_usd
1987-02-17,35.02,per_usd
1987-02-19,35.04,per_usd
1987-02-20,35.06,per_usd
1987-02-23,35.02,per_usd
1987-02-24,35.03,per_usd
1987-02-25,35.06,per_usd
1987-02-26,35.08,per_usd
1987-02-27,35.06,per_usd
1987-03-02,35.04,per_usd
1987-03-03,35.07,per_usd
1987-03-04,35.06,per_usd
1987-03-06,34.99,per_usd
1987-03-09,34.95,per_usd
1987-03-10,34.86,per_usd
1987-03-11,34.79,per_usd
1987-03-12,34.75,per_usd
1987-03-13,34.71,per_usd
1987-03-16,34.64,per_usd
1987-03-17,34.61,per_usd
1987-03-18,34.59,per_usd
1987-03-19,34.55,per_usd
1987-03-23,34.45,per_usd
1987-03-24,34.43,per_usd
1987-03-25,34.41,per_usd
1987-03-26,34.38,per_usd
1987-03-27,34.35,per_usd
1987-03-31,34.31,per_usd
1987-04-01,34.3,per_usd
1987-04-02,34.29,per_usd
1987-04-03,34.26,per_usd
1987-04-07,34.19,per_usd
1987-04-08,34.17,per_usd
1987-04-09,34.15,per_usd
1987-04-10,34.14,per_usd
1987-04-13,34.12,per_usd
1987-04-14,34.07,per_usd
1987-04-15,34.02,per_usd
1987-04-16,33.96,per_usd
1987-04-17,33.89,per_usd
1987-04-20,33.72,per_usd
1987-04-21,33.65,per_usd
1987-04-22,33.58,per_usd
1987-04-23,33.53,per_usd
1987-04-24,33.47,per_usd
1987-04-27,33.39,per_usd
1987-04-28,33.22,per_usd
1987-04-29,33.15,per_usd
1987-04-30,33.07,per_usd
1987-05-01,33,per_usd
1987-05-04,32.9,per_usd
1987-05-05,32.83,per_usd
1987-05-06,32.77,per_usd
1987-05-07,32.7,per_usd
1987-05-08,32.65,per_usd
1987-05-11,32.55,per_usd
1987-05-12,32.51,per_usd
1987-05-13,32.49,per_usd
1987-05-14,32.49,per_usd
1987-05-15,32.44,per_usd
1987-05-18,32.31,per_usd
1987-05-19,32.24,per_usd
1987-05-20,32.18,per_usd
1987-05-21,32.11,per_usd
1987-05-22,32.03,per_usd
1987-05-26,31.82,per_usd
1987-05-27,31.76,per_usd
1987-05-28,31.69,per_usd
1987-05-29,31.61,per_usd
1987-06-01,31.54,per_usd
1987-06-02,31.49,per_usd
1987-06-03,31.44,per_usd
1987-06-04,31.39,per_usd
1987-06-05,31.35,per_usd
1987-06-08,31.29,per_usd
1987-06-09,31.26,per_usd
1987-06-10,31.26,per_usd
1987-06-11,31.2,per_usd
1987-06-12,31.18,per_usd
1987-06-15,31.14,per_usd
1987-06-16,31.14,per_usd
1987-06-17,31.13,per_usd
1987-06-18,31.14,per_usd
1987-06-19,31.14,per_usd
1987-06-22,31.13,per_usd
1987-06-23,31.13,per_usd
1987-06-24,31.12,per_usd
1987-06-25,31.13,per_usd
1987-06-26,31.13,per_usd
1987-06-29,31.12,per_usd
1987-06-30,31.13,per_usd
1987-07-02,31.13,per_usd
1987-07-03,31.13,per_usd
1987-07-06,31.14,per_usd
1987-07-07,31.12,per_usd
1987-07-08,31.13,per_usd
1987-07-09,31.13,per_usd
1987-07-10,31.13,per_usd
1987-07-13,31.13,per_usd
1987-07-14,31.13,per_usd
1987-07-15,31.13,per_usd
1987-07-16,31.14,per_usd
1987-07-17,31.14,per_usd
1987-07-20,31.13,per_usd
1987-07-21,31.13,per_usd
1987-07-22,31.12,per_usd
1987-07-23,31.13,per_usd
1987-07-24,31.13,per_usd
1987-07-27,31.14,per_usd
1987-07-28,31.13,per_usd
1987-07-29,31.08,per_usd
1987-07-30,31.01,per_usd
1987-07-31,30.93,per_usd
1987-08-03,30.78,per_usd
1987-08-04,30.7,per_usd
1987-08-05,30.63,per_usd
1987-08-06,30.55,per_usd
1987-08-07,30.47,per_usd
1987-08-10,30.35,per_usd
1987-08-11,30.3,per_usd
1987-08-12,30.26,per_usd
1987-08-13,30.22,per_usd
1987-08-14,30.2,per_usd
1987-08-17,30.16,per_usd
1987-08-18,30.15,per_usd
1987-08-19,30.15,per_usd
1987-08-20,30.15,per_usd
1987-08-21,30.14,per_usd
1987-08-24,30.15,per_usd
1987-08-25,30.15,per_usd
1987-08-26,30.14,per_usd
1987-08-27,30.14,per_usd
1987-08-28,30.15,per_usd
1987-08-31,30.16,per_usd
1987-09-01,30.15,per_usd
1987-09-02,30.15,per_usd
1987-09-03,30.16,per_usd
1987-09-04,30.14,per_usd
1987-09-08,30.15,per_usd
1987-09-09,30.16,per_usd
1987-09-10,30.14,per_usd
1987-09-11,30.15,per_usd
1987-09-14,30.14,per_usd
1987-09-15,30.14,per_usd
1987-09-16,30.15,per_usd
1987-09-17,30.15,per_usd
1987-09-18,30.16,per_usd
1987-09-21,30.14,per_usd
1987-09-22,30.15,per_usd
1987-09-23,30.16,per_usd
1987-09-24,30.16,per_usd
1987-09-25,30.16,per_usd
1987-09-28,30.16,per_usd
1987-09-29,30.16,per_usd
1987-09-30,30.14,per_usd
1987-10-01,30.13,per_usd
1987-10-02,30.07,per_usd
1987-10-05,30.02,per_usd
1987-10-06,30.03,per_usd
1987-10-08,30.03,per_usd
1987-10-09,30.03,per_usd
1987-10-13,30.03,per_usd
1987-10-14,30.03,per_usd
1987-10-15,30.03,per_usd
1987-10-16,30.03,per_usd
1987-10-19,30.03,per_usd
1987-10-20,30.03,per_usd
1987-10-21,30.03,per_usd
1987-10-22,30.03,per_usd
1987-10-23,30.03,per_usd
1987-10-28,30.03,per_usd
1987-10-29,30.03,per_usd
1987-10-30,30.01,per_usd
1987-11-02,30.01,per_usd
1987-11-03,30.01,per_usd
1987-11-04,30.01,per_usd
1987-11-05,30,per_usd
1987-11-06,29.94,per_usd
1987-11-09,29.91,per_usd
1987-11-10,29.89,per_usd
1987-11-13,29.84,per_usd
1987-11-16,29.82,per_usd
1987-11-17,29.81,per_usd
1987-11-18,29.8,per_usd
1987-11-19,29.78,per_usd
1987-11-20,29.75,per_usd
1987-11-23,29.7,per_usd
1987-11-24,29.67,per_usd
1987-11-25,29.64,per_usd
1987-11-27,29.55,per_usd
1987-11-30,29.51,per_usd
1987-12-01,29.48,per_usd
1987-12-02,29.46,per_usd
1987-12-03,29.43,per_usd
1987-12-04,29.4,per_usd
1987-12-07,29.37,per_usd
1987-12-08,29.32,per_usd
1987-12-09,29.28,per_usd
1987-12-10,29.25,per_usd
1987-12-11,29.16,per_usd
1987-12-14,29.07,per_usd
1987-12-15,28.89,per_usd
1987-12-16,28.8,per_usd
1987-12-17,28.71,per_usd
1987-12-18,28.65,per_usd
1987-12-21,28.61,per_usd
1987-12-22,28.61,per_usd
1987-12-23,28.6,per_usd
1987-12-24,28.6,per_usd
1987-12-28,28.6,per_usd
1987-12-29,28.6,per_usd
1987-12-30,28.6,per_usd
1987-12-31,28.6,per_usd
1988-01-05,28.6,per_usd
1988-01-06,28.59,per_usd
1988-01-07,28.58,per_usd
1988-01-08,28.58,per_usd
1988-01-11,28.58,per_usd
1988-01-12,28.6,per_usd
1988-01-13,28.62,per_usd
1988-01-14,28.64,per_usd
1988-01-15,28.64,per_usd
1988-01-19,28.64,per_usd
1988-01-20,28.65,per_usd
1988-01-21,28.65,per_usd
1988-01-22,28.65,per_usd
1988-01-25,28.65,per_usd
1988-01-26,28.65,per_usd
1988-01-27,28.66,per_usd
1988-01-28,28.66,per_usd
1988-01-29,28.66,per_usd
1988-02-01,28.66,per_usd
1988-02-02,28.67,per_usd
1988-02-03,28.67,per_usd
1988-02-04,28.67,per_usd
1988-02-05,28.67,per_usd
1988-02-08,28.67,per_usd
1988-02-09,28.67,per_usd
1988-02-10,28.67,per_usd
1988-02-11,28.66,per_usd
1988-02-12,28.66,per_usd
1988-02-16,28.66,per_usd
1988-02-17,28.66,per_usd
1988-02-18,28.66,per_usd
1988-02-19,28.66,per_usd
1988-02-22,28.66,per_usd
1988-02-23,28.66,per_usd
1988-02-24,28.66,per_usd
1988-02-25,28.67,per_usd
1988-02-26,28.67,per_usd
1988-02-29,28.67,per_usd
1988-03-01,28.68,per_usd
1988-03-02,28.68,per_usd
1988-03-03,28.68,per_usd
1988-03-04,28.68,per_usd
1988-03-07,28.68,per_usd
1988-03-08,28.68,per_usd
1988-03-09,28.69,per_usd
1988-03-10,28.69,per_usd
1988-03-11,28.69,per_usd
1988-03-14,28.69,per_usd
1988-03-15,28.69,per_usd
1988-03-16,28.69,per_usd
1988-03-17,28.69,per_usd
1988-03-18,28.69,per_usd
1988-03-21,28.69,per_usd
1988-03-22,28.69,per_usd
1988-03-23,28.69,per_usd
1988-03-24,28.69,per_usd
1988-03-25,28.69,per_usd
1988-03-28,28.69,per_usd
1988-03-30,28.69,per_usd
1988-04-01,28.69,per_usd
1988-04-05,28.69,per_usd
1988-04-06,28.64,per_usd
1988-04-07,28.69,per_usd
1988-04-08,28.7,per_usd
1988-04-11,28.7,per_usd
1988-04-12,28.7,per_usd
1988-04-13,28.7,per_usd
1988-04-14,28.7,per_usd
1988-04-15,28.7,per_usd
1988-04-18,28.7,per_usd
1988-04-19,28.7,per_usd
1988-04-20,28.7,per_usd
1988-04-21,28.7,per_usd
1988-04-22,28.7,per_usd
1988-04-25,28.7,per_usd
1988-04-26,28.7,per_usd
1988-04-27,28.7,per_usd
1988-04-28,28.7,per_usd
1988-04-29,28.7,per_usd
1988-05-02,28.69,per_usd
1988-05-03,28.68,per_usd
1988-05-04,28.66,per_usd
1988-05-05,28.66,per_usd
1988-05-06,28.66,per_usd
1988-05-09,28.66,per_usd
1988-05-10,28.66,per_usd
1988-05-11,28.66,per_usd
1988-05-12,28.66,per_usd
1988-05-13,28.66,per_usd
1988-05-16,28.66,per_usd
1988-05-17,28.66,per_usd
1988-05-18,28.66,per_usd
1988-05-19,28.67,per_usd
1988-05-20,28.67,per_usd
1988-05-23,28.67,per_usd
1988-05-24,28.67,per_usd
1988-05-25,28.67,per_usd
1988-05-26,28.67,per_usd
1988-05-27,28.67,per_usd
1988-05-31,28.67,per_usd
1988-06-01,28.67,per_usd
1988-06-02,28.67,per_usd
1988-06-03,28.67,per_usd
1988-06-06,28.67,per_usd
1988-06-07,28.67,per_usd
1988-06-08,28.67,per_usd
1988-06-09,28.67,per_usd
1988-06-10,28.67,per_usd
1988-06-13,28.67,per_usd
1988-06-14,28.67,per_usd
1988-06-15,28.67,per_usd
1988-06-16,28.68,per_usd
1988-06-17,28.69,per_usd
1988-06-20,28.69,per_usd
1988-06-21,28.7,per_usd
1988-06-22,28.71,per_usd
1988-06-23,28.73,per_usd
1988-06-24,28.79,per_usd
1988-06-27,28.79,per_usd
1988-06-28,28.9,per_usd
1988-06-29,28.92,per_usd
1988-06-30,28.94,per_usd
1988-07-05,28.87,per_usd
1988-07-06,28.85,per_usd
1988-07-07,28.83,per_usd
1988-07-08,28.81,per_usd
1988-07-11,28.75,per_usd
1988-07-12,28.73,per_usd
1988-07-13,28.73,per_usd
1988-07-14,28.73,per_usd
1988-07-15,28.71,per_usd
1988-07-18,28.68,per_usd
1988-07-19,28.68,per_usd
1988-07-20,28.68,per_usd
1988-07-21,28.68,per_usd
1988-07-22,28.68,per_usd
1988-07-25,28.67,per_usd
1988-07-26,28.67,per_usd
1988-07-27,28.68,per_usd
1988-07-28,28.68,per_usd
1988-07-29,28.68,per_usd
1988-08-01,28.68,per_usd
1988-08-02,28.68,per_usd
1988-08-03,28.68,per_usd
1988-08-04,28.68,per_usd
1988-08-05,28.68,per_usd
1988-08-08,28.67,per_usd
1988-08-09,28.67,per_usd
1988-08-10,28.67,per_usd
1988-08-11,28.68,per_usd
1988-08-12,28.67,per_usd
1988-08-15,28.67,per_usd
1988-08-16,28.67,per_usd
1988-08-17,28.67,per_usd
1988-08-18,28.67,per_usd
1988-08-19,28.67,per_usd
1988-08-22,28.67,per_usd
1988-08-23,28.67,per_usd
1988-08-24,28.68,per_usd
1988-08-25,28.7,per_usd
1988-08-26,28.67,per_usd
1988-08-29,28.8,per_usd
1988-08-30,28.82,per_usd
1988-08-31,28.83,per_usd
1988-09-01,28.82,per_usd
1988-09-02,28.83,per_usd
1988-09-06,28.86,per_usd
1988-09-07,28.86,per_usd
1988-09-08,28.84,per_usd
1988-09-09,28.85,per_usd
1988-09-12,28.86,per_usd
1988-09-13,28.89,per_usd
1988-09-14,28.91,per_usd
1988-09-15,28.93,per_usd
1988-09-16,28.95,per_usd
1988-09-19,28.97,per_usd
1988-09-20,28.98,per_usd
1988-09-21,28.98,per_usd
1988-09-22,28.98,per_usd
1988-09-23,28.98,per_usd
1988-09-29,28.98,per_usd
1988-09-30,28.98,per_usd
1988-10-03,28.98,per_usd
1988-10-04,28.98,per_usd
1988-10-05,28.98,per_usd
1988-10-06,28.98,per_usd
1988-10-07,28.98,per_usd
1988-10-11,28.99,per_usd
1988-10-12,28.99,per_usd
1988-10-13,28.98,per_usd
1988-10-14,28.95,per_usd
1988-10-17,28.87,per_usd
1988-10-18,28.83,per_usd
1988-10-19,28.8,per_usd
1988-10-20,28.79,per_usd
1988-10-21,28.79,per_usd
1988-10-24,28.79,per_usd
1988-10-26,28.8,per_usd
1988-10-27,28.72,per_usd
1988-10-28,28.64,per_usd
1988-11-01,28.38,per_usd
1988-11-03,28.19,per_usd
1988-11-04,28.16,per_usd
1988-11-07,28.14,per_usd
1988-11-08,28.14,per_usd
1988-11-09,28.14,per_usd
1988-11-10,28.15,per_usd
1988-11-14,28.14,per_usd
1988-11-15,28.14,per_usd
1988-11-16,28.15,per_usd
1988-11-17,28.16,per_usd
1988-11-18,28.15,per_usd
1988-11-21,28.17,per_usd
1988-11-22,28.18,per_usd
1988-11-23,28.18,per_usd
1988-11-28,28.15,per_usd
1988-11-29,28.16,per_usd
1988-11-30,28.18,per_usd
1988-12-01,28.19,per_usd
1988-12-02,28.19,per_usd
1988-12-05,28.18,per_usd
1988-12-06,28.19,per_usd
1988-12-07,28.2,per_usd
1988-12-08,28.2,per_usd
1988-12-09,28.21,per_usd
1988-12-12,28.21,per_usd
1988-12-13,28.19,per_usd
1988-12-14,28.19,per_usd
1988-12-15,28.18,per_usd
1988-12-16,28.17,per_usd
1988-12-19,28.18,per_usd
1988-12-20,28.19,per_usd
1988-12-21,28.2,per_usd
1988-12-22,28.22,per_usd
1988-12-23,28.24,per_usd
1988-12-27,28.24,per_usd
1988-12-28,28.24,per_usd
1988-12-29,28.23,per_usd
1988-12-30,28.13,per_usd
1989-01-05,28.21,per_usd
1989-01-06,28.2,per_usd
1989-01-09,28.2,per_usd
1989-01-11,27.81,per_usd
1989-01-12,27.75,per_usd
1989-01-13,27.74,per_usd
1989-01-17,27.78,per_usd
1989-01-18,27.8,per_usd
1989-01-19,27.79,per_usd
1989-01-20,27.77,per_usd
1989-01-23,27.73,per_usd
1989-01-24,27.69,per_usd
1989-01-25,27.69,per_usd
1989-01-26,27.7,per_usd
1989-01-27,27.69,per_usd
1989-01-30,27.7,per_usd
1989-01-31,27.7,per_usd
1989-02-01,27.7,per_usd
1989-02-02,27.69,per_usd
1989-02-03,27.68,per_usd
1989-02-09,27.67,per_usd
1989-02-10,27.67,per_usd
1989-02-13,27.66,per_usd
1989-02-14,27.66,per_usd
1989-02-15,27.66,per_usd
1989-02-16,27.67,per_usd
1989-02-17,27.77,per_usd
1989-02-21,27.72,per_usd
1989-02-22,27.76,per_usd
1989-02-23,27.76,per_usd
1989-02-24,27.78,per_usd
1989-02-27,27.8,per_usd
1989-02-28,27.81,per_usd
1989-03-01,27.83,per_usd
1989-03-02,27.84,per_usd
1989-03-03,27.85,per_usd
1989-03-06,27.88,per_usd
1989-03-07,27.86,per_usd
1989-03-08,27.85,per_usd
1989-03-09,27.86,per_usd
1989-03-10,27.88,per_usd
1989-03-14,27.67,per_usd
1989-03-15,27.49,per_usd
1989-03-16,27.34,per_usd
1989-03-17,27.38,per_usd
1989-03-20,27.43,per_usd
1989-03-21,27.48,per_usd
1989-03-22,27.56,per_usd
1989-03-23,27.38,per_usd
1989-03-24,27.22,per_usd
1989-03-27,27.22,per_usd
1989-03-28,27.35,per_usd
1989-03-31,27.46,per_usd
1989-04-03,27.33,per_usd
1989-04-06,27.145,per_usd
1989-04-07,27.13,per_usd
1989-04-10,27.1415,per_usd
1989-04-11,27.1245,per_usd
1989-04-12,27.1125,per_usd
1989-04-13,27.107,per_usd
1989-04-14,27.0875,per_usd
1989-04-17,27.11,per_usd
1989-04-18,27.15,per_usd
1989-04-19,27.1125,per_usd
1989-04-20,27.1025,per_usd
1989-04-21,27.08,per_usd
1989-04-25,26.94,per_usd
1989-04-26,26.79,per_usd
1989-04-27,26.55,per_usd
1989-04-28,25.95,per_usd
1989-05-02,25.82,per_usd
1989-05-03,25.8,per_usd
1989-05-04,25.4,per_usd
1989-05-05,25.405,per_usd
1989-05-08,25.88,per_usd
1989-05-09,25.875,per_usd
1989-05-10,25.75,per_usd
1989-05-11,25.65,per_usd
1989-05-12,25.67,per_usd
1989-05-15,25.825,per_usd
1989-05-16,25.75,per_usd
1989-05-17,25.73,per_usd
1989-05-18,25.765,per_usd
1989-05-22,25.9,per_usd
1989-05-23,25.985,per_usd
1989-05-24,25.925,per_usd
1989-05-25,25.92,per_usd
1989-05-26,25.9315,per_usd
1989-05-31,26,per_usd
1989-06-01,25.99,per_usd
1989-06-02,25.98,per_usd
1989-06-05,25.97,per_usd
1989-06-06,26.051,per_usd
1989-06-07,26.08,per_usd
1989-06-13,26.1575,per_usd
1989-06-14,26.18,per_usd
1989-06-15,26.2075,per_usd
1989-06-16,26.09,per_usd
1989-06-19,26.015,per_usd
1989-06-20,26,per_usd
1989-06-21,26.05,per_usd
1989-06-22,25.9325,per_usd
1989-06-23,25.95,per_usd
1989-06-26,26.05,per_usd
1989-06-27,25.95,per_usd
1989-06-28,25.95,per_usd
1989-06-29,25.93,per_usd
1989-06-30,25.9,per_usd
1989-07-03,25.93,per_usd
1989-07-05,25.95,per_usd
1989-07-06,25.84,per_usd
1989-07-07,25.7,per_usd
1989-07-10,25.78,per_usd
1989-07-11,25.88,per_usd
1989-07-12,25.8775,per_usd
1989-07-13,25.84,per_usd
1989-07-14,25.84,per_usd
1989-07-18,25.84,per_usd
1989-07-19,25.8075,per_usd
1989-07-20,25.81,per_usd
1989-07-24,25.855,per_usd
1989-07-25,25.785,per_usd
1989-07-26,25.75,per_usd
1989-07-27,25.785,per_usd
1989-07-28,25.77,per_usd
1989-07-31,25.655,per_usd
1989-08-01,25.7,per_usd
1989-08-02,25.7325,per_usd
1989-08-03,25.74,per_usd
1989-08-04,25.68,per_usd
1989-08-08,25.7,per_usd
1989-08-09,25.645,per_usd
1989-08-10,25.65,per_usd
1989-08-11,25.68,per_usd
1989-08-14,25.67,per_usd
1989-08-15,25.7,per_usd
1989-08-16,25.68,per_usd
1989-08-17,25.695,per_usd
1989-08-18,25.79,per_usd
1989-08-22,25.67,per_usd
1989-08-24,25.67,per_usd
1989-08-25,25.66,per_usd
1989-08-28,25.655,per_usd
1989-08-29,25.6525,per_usd
1989-08-30,25.6575,per_usd
1989-08-31,25.6675,per_usd
1989-09-01,25.676,per_usd
1989-09-05,25.71,per_usd
1989-09-06,25.7,per_usd
1989-09-07,25.7,per_usd
1989-09-08,25.7025,per_usd
1989-09-12,25.75,per_usd
1989-09-13,25.9,per_usd
1989-09-15,25.855,per_usd
1989-09-18,25.79,per_usd
1989-09-19,25.785,per_usd
1989-09-20,25.72,per_usd
1989-09-21,25.69,per_usd
1989-09-22,25.675,per_usd
1989-09-25,25.57,per_usd
1989-09-26,25.77,per_usd
1989-09-27,25.69,per_usd
1989-09-28,25.84,per_usd
1989-10-02,25.7,per_usd
1989-10-03,25.7,per_usd
1989-10-04,25.665,per_usd
1989-10-05,25.665,per_usd
1989-10-06,25.66,per_usd
1989-10-11,25.705,per_usd
1989-10-12,25.7025,per_usd
1989-10-13,25.72,per_usd
1989-10-17,25.705,per_usd
1989-10-18,25.7225,per_usd
1989-10-19,25.745,per_usd
1989-10-20,25.7375,per_usd
1989-10-23,25.77,per_usd
1989-10-24,25.791,per_usd
1989-10-26,25.805,per_usd
1989-10-27,25.8175,per_usd
1989-10-30,25.9575,per_usd
1989-11-02,25.8525,per_usd
1989-11-03,25.81,per_usd
1989-11-07,25.9175,per_usd
1989-11-08,25.95,per_usd
1989-11-09,25.9825,per_usd
1989-11-10,26,per_usd
1989-11-14,26.06,per_usd
1989-11-15,26,per_usd
1989-11-16,25.993,per_usd
1989-11-17,25.99,per_usd
1989-11-20,26.02,per_usd
1989-11-21,26.05,per_usd
1989-11-22,26.115,per_usd
1989-11-24,26.165,per_usd
1989-11-27,26.15,per_usd
1989-11-28,26.169,per_usd
1989-11-29,26.158,per_usd
1989-11-30,26.138,per_usd
1989-12-01,26.135,per_usd
1989-12-04,26.15,per_usd
1989-12-05,26.1975,per_usd
1989-12-06,26.05,per_usd
1989-12-07,26.04,per_usd
1989-12-08,26.105,per_usd
1989-12-11,26.1,per_usd
1989-12-12,26.155,per_usd
1989-12-13,26.14,per_usd
1989-12-14,26.149,per_usd
1989-12-15,26.15,per_usd
1989-12-18,26.16,per_usd
1989-12-19,26.1575,per_usd
1989-12-20,26.156,per_usd
1989-12-21,26.1575,per_usd
1989-12-26,26.136,per_usd
1989-12-27,26.1576,per_usd
1989-12-28,26.17,per_usd
1989-12-29,26.165,per_usd
1990-01-04,26.11,per_usd
1990-01-05,26.025,per_usd
1990-01-08,25.915,per_usd
1990-01-09,25.99,per_usd
1990-01-11,26.0775,per_usd
1990-01-12,26.05,per_usd
1990-01-17,26.0825,per_usd
1990-01-18,26.125,per_usd
1990-01-19,26.09,per_usd
1990-01-22,26.15,per_usd
1990-01-24,26.16,per_usd
1990-01-25,26.151,per_usd
1990-01-31,26.132,per_usd
1990-02-01,26.0575,per_usd
1990-02-02,26.08,per_usd
1990-02-05,26.105,per_usd
1990-02-06,26.0825,per_usd
1990-02-07,26.0875,per_usd
1990-02-08,26.119,per_usd
1990-02-09,26.1301,per_usd
1990-02-12,26.12,per_usd
1990-02-13,26.121,per_usd
1990-02-14,26.121,per_usd
1990-02-15,26.111,per_usd
1990-02-16,26.1175,per_usd
1990-02-20,26.1275,per_usd
1990-02-21,26.1425,per_usd
1990-02-23,26.135,per_usd
1990-02-26,26.153,per_usd
1990-02-27,26.153,per_usd
1990-02-28,26.1515,per_usd
1990-03-01,26.1545,per_usd
1990-03-05,26.155,per_usd
1990-03-06,26.1605,per_usd
1990-03-07,26.17,per_usd
1990-03-08,26.25,per_usd
1990-03-09,26.45,per_usd
1990-03-12,26.361,per_usd
1990-03-13,26.3985,per_usd
1990-03-14,26.395,per_usd
1990-03-15,26.43,per_usd
1990-03-16,26.5,per_usd
1990-03-19,26.48,per_usd
1990-03-20,26.455,per_usd
1990-03-21,26.42,per_usd
1990-03-22,26.4125,per_usd
1990-03-23,26.405,per_usd
1990-03-26,26.405,per_usd
1990-03-27,26.4,per_usd
1990-03-28,26.4075,per_usd
1990-03-30,26.414,per_usd
1990-04-02,26.411,per_usd
1990-04-04,26.41,per_usd
1990-04-06,26.39,per_usd
1990-04-10,26.28,per_usd
1990-04-11,26.33,per_usd
1990-04-12,26.37,per_usd
1990-04-13,26.3275,per_usd
1990-04-16,26.366,per_usd
1990-04-17,26.375,per_usd
1990-04-18,26.3715,per_usd
1990-04-19,26.361,per_usd
1990-04-20,26.3601,per_usd
1990-04-23,26.379,per_usd
1990-04-24,26.3775,per_usd
1990-04-25,26.37,per_usd
1990-04-27,26.3825,per_usd
1990-04-30,26.407,per_usd
1990-05-01,26.404,per_usd
1990-05-02,26.404,per_usd
1990-05-03,26.3935,per_usd
1990-05-04,26.394,per_usd
1990-05-07,26.3985,per_usd
1990-05-08,26.4145,per_usd
1990-05-09,26.407,per_usd
1990-05-10,26.4035,per_usd
1990-05-11,26.44,per_usd
1990-05-15,27.5,per_usd
1990-05-16,27.35,per_usd
1990-05-18,27.39,per_usd
1990-05-21,27.44,per_usd
1990-05-23,27.5,per_usd
1990-05-24,27.4975,per_usd
1990-05-25,27.5,per_usd
1990-05-29,27.4996,per_usd
1990-05-30,27.47,per_usd
1990-05-31,27.45,per_usd
1990-06-01,27.445,per_usd
1990-06-04,27.44,per_usd
1990-06-05,27.442,per_usd
1990-06-06,27.43,per_usd
1990-06-07,27.405,per_usd
1990-06-08,27.4051,per_usd
1990-06-11,27.415,per_usd
1990-06-12,27.4125,per_usd
1990-06-13,27.43,per_usd
1990-06-14,27.426,per_usd
1990-06-15,27.44,per_usd
1990-06-18,27.44,per_usd
1990-06-19,27.4375,per_usd
1990-06-20,27.42,per_usd
1990-06-21,27.415,per_usd
1990-06-22,27.4,per_usd
1990-06-25,27.33,per_usd
1990-06-26,27.3361,per_usd
1990-06-27,27.3201,per_usd
1990-06-28,27.22,per_usd
1990-06-29,27.195,per_usd
1990-07-03,27.17,per_usd
1990-07-05,27.1475,per_usd
1990-07-06,27.1385,per_usd
1990-07-09,27.1325,per_usd
1990-07-10,27.1425,per_usd
1990-07-11,27.1325,per_usd
1990-07-12,27.1275,per_usd
1990-07-13,27.13,per_usd
1990-07-16,27.1125,per_usd
1990-07-17,27.1135,per_usd
1990-07-18,27.125,per_usd
1990-07-19,27.1775,per_usd
1990-07-20,27.27,per_usd
1990-07-24,27.2195,per_usd
1990-07-25,27.22,per_usd
1990-07-26,27.1995,per_usd
1990-07-27,27.1665,per_usd
1990-07-30,27.18,per_usd
1990-07-31,27.187,per_usd
1990-08-01,27.185,per_usd
1990-08-02,27.193,per_usd
1990-08-03,27.285,per_usd
1990-08-06,27.3075,per_usd
1990-08-07,27.329,per_usd
1990-08-09,27.38,per_usd
1990-08-10,27.372,per_usd
1990-08-13,27.353,per_usd
1990-08-14,27.3145,per_usd
1990-08-20,27.255,per_usd
1990-08-21,27.2575,per_usd
1990-08-22,27.2855,per_usd
1990-08-23,27.3,per_usd
1990-08-24,27.2749,per_usd
1990-08-28,27.28,per_usd
1990-08-29,27.287,per_usd
1990-08-31,27.2925,per_usd
1990-09-04,27.2945,per_usd
1990-09-05,27.3,per_usd
1990-09-06,27.301,per_usd
1990-09-07,27.301,per_usd
1990-09-10,27.311,per_usd
1990-09-11,27.3098,per_usd
1990-09-12,27.3103,per_usd
1990-09-13,27.3235,per_usd
1990-09-14,27.2975,per_usd
1990-09-17,27.2975,per_usd
1990-09-18,27.299,per_usd
1990-09-19,27.292,per_usd
1990-09-20,27.297,per_usd
1990-09-21,27.293,per_usd
1990-09-24,27.295,per_usd
1990-09-25,27.31,per_usd
1990-09-26,27.299,per_usd
1990-09-27,27.301,per_usd
1990-10-01,27.2915,per_usd
1990-10-02,27.29,per_usd
1990-10-04,27.2815,per_usd
1990-10-05,27.2725,per_usd
1990-10-09,27.282,per_usd
1990-10-11,27.2945,per_usd
1990-10-12,27.3,per_usd
1990-10-15,27.291,per_usd
1990-10-16,27.295,per_usd
1990-10-17,27.296,per_usd
1990-10-18,27.3039,per_usd
1990-10-19,27.299,per_usd
1990-10-22,27.28,per_usd
1990-10-23,27.29,per_usd
1990-10-24,27.295,per_usd
1990-10-26,27.2851,per_usd
1990-10-29,27.2675,per_usd
1990-10-30,27.27,per_usd
1990-11-01,27.265,per_usd
1990-11-02,27.2645,per_usd
1990-11-05,27.2625,per_usd
1990-11-06,27.2595,per_usd
1990-11-07,27.267,per_usd
1990-11-08,27.265,per_usd
1990-11-09,27.265,per_usd
1990-11-13,27.2645,per_usd
1990-11-14,27.24,per_usd
1990-11-15,27.24,per_usd
1990-11-16,27.2475,per_usd
1990-11-19,27.2475,per_usd
1990-11-20,27.23,per_usd
1990-11-21,27.214,per_usd
1990-11-23,27.182,per_usd
1990-11-26,27.2275,per_usd
1990-11-27,27.23,per_usd
1990-11-28,27.22,per_usd
1990-11-29,27.229,per_usd
1990-11-30,27.277,per_usd
1990-12-03,27.2495,per_usd
1990-12-04,27.2745,per_usd
1990-12-05,27.2575,per_usd
1990-12-06,27.223,per_usd
1990-12-07,27.19,per_usd
1990-12-10,27.15,per_usd
1990-12-11,27.15,per_usd
1990-12-12,27.155,per_usd
1990-12-13,27.12,per_usd
1990-12-14,27.112,per_usd
1990-12-18,27.114,per_usd
1990-12-19,27.112,per_usd
1990-12-20,27.1025,per_usd
1990-12-26,27.1395,per_usd
1990-12-27,27.1125,per_usd
1990-12-28,27.129,per_usd
1991-01-03,27.1,per_usd
1991-01-04,27.12,per_usd
1991-01-07,27.12,per_usd
1991-01-08,27.14,per_usd
1991-01-09,27.1645,per_usd
1991-01-10,27.18,per_usd
1991-01-11,27.1765,per_usd
1991-01-14,27.255,per_usd
1991-01-15,27.381,per_usd
1991-01-16,27.3585,per_usd
1991-01-17,27.26,per_usd
1991-01-30,27.106,per_usd
1991-02-07,27.1,per_usd
1991-02-12,27.1175,per_usd
1991-03-15,27.2215,per_usd
1991-03-19,27.275,per_usd
1991-03-20,27.29,per_usd
1991-03-21,27.275,per_usd
1991-03-22,27.27,per_usd
1991-03-27,27.3675,per_usd
1991-03-28,27.48,per_usd
1991-04-01,27.4575,per_usd
1991-04-02,27.425,per_usd
1991-04-03,27.42,per_usd
1991-04-08,27.355,per_usd
1991-04-09,27.21,per_usd
1991-04-10,27.1775,per_usd
1991-04-11,27.28,per_usd
1991-04-12,27.2765,per_usd
1991-04-15,27.25,per_usd
1991-04-16,27.271,per_usd
1991-04-17,27.27,per_usd
1991-04-18,27.3125,per_usd
1991-04-19,27.376,per_usd
1991-04-22,27.41,per_usd
1991-04-23,27.3675,per_usd
1991-04-24,27.34,per_usd
1991-04-25,27.36,per_usd
1991-04-26,27.36,per_usd
1991-04-29,27.3805,per_usd
1991-04-30,27.36,per_usd
1991-05-01,27.285,per_usd
1991-05-02,27.31,per_usd
1991-05-03,27.3,per_usd
1991-05-06,27.3,per_usd
1991-05-07,27.31,per_usd
1991-05-08,27.36,per_usd
1991-05-09,27.33,per_usd
1991-05-10,27.32,per_usd
1991-05-13,27.3225,per_usd
1991-05-14,27.301,per_usd
1991-05-15,27.306,per_usd
1991-05-16,27.2875,per_usd
1991-05-17,27.266,per_usd
1991-05-20,27.28,per_usd
1991-05-21,27.255,per_usd
1991-05-22,27.265,per_usd
1991-05-23,27.28,per_usd
1991-05-24,27.25,per_usd
1991-05-28,27.2475,per_usd
1991-05-29,27.225,per_usd
1991-05-30,27.207,per_usd
1991-05-31,27.1875,per_usd
1991-06-03,27.217,per_usd
1991-06-04,27.195,per_usd
1991-06-05,27.171,per_usd
1991-06-06,27.16,per_usd
1991-06-07,27.1625,per_usd
1991-06-10,27.1855,per_usd
1991-06-11,27.1845,per_usd
1991-06-12,27.1805,per_usd
1991-06-13,27.1905,per_usd
1991-06-14,27.191,per_usd
1991-06-18,27.155,per_usd
1991-06-19,27.17,per_usd
1991-06-20,27.18,per_usd
1991-06-21,27.177,per_usd
1991-06-24,27.155,per_usd
1991-06-25,27.134,per_usd
1991-06-26,27.116,per_usd
1991-06-27,27.12,per_usd
1991-06-28,27.1095,per_usd
1991-07-02,26.91,per_usd
1991-07-03,27.03,per_usd
1991-07-05,27.025,per_usd
1991-07-08,27.059,per_usd
1991-07-09,27.04,per_usd
1991-07-10,27.06,per_usd
1991-07-11,27.0175,per_usd
1991-07-12,27.0645,per_usd
1991-07-15,27.041,per_usd
1991-07-16,27.025,per_usd
1991-07-17,27.0125,per_usd
1991-07-18,26.968,per_usd
1991-07-19,26.96,per_usd
1991-07-22,26.935,per_usd
1991-07-23,26.962,per_usd
1991-07-24,26.945,per_usd
1991-07-25,26.9257,per_usd
1991-07-26,26.9135,per_usd
1991-07-29,26.9175,per_usd
1991-07-30,26.9,per_usd
1991-07-31,26.9045,per_usd
1991-08-01,26.84,per_usd
1991-08-02,26.8,per_usd
1991-08-05,26.746,per_usd
1991-08-06,26.75,per_usd
1991-08-07,26.778,per_usd
1991-08-08,26.7805,per_usd
1991-08-09,26.7215,per_usd
1991-08-12,26.73,per_usd
1991-08-13,26.705,per_usd
1991-08-14,26.71,per_usd
1991-08-15,26.7135,per_usd
1991-08-16,26.707,per_usd
1991-08-19,26.7125,per_usd
1991-08-20,26.74,per_usd
1991-08-21,26.706,per_usd
1991-08-22,26.7,per_usd
1991-08-23,26.7025,per_usd
1991-08-26,26.7035,per_usd
1991-08-27,26.705,per_usd
1991-08-28,26.7,per_usd
1991-08-29,26.7,per_usd
1991-08-30,26.7,per_usd
1991-09-03,26.68,per_usd
1991-09-04,26.6025,per_usd
1991-09-05,26.5105,per_usd
1991-09-06,26.52,per_usd
1991-09-09,26.565,per_usd
1991-09-10,26.58,per_usd
1991-09-11,26.57,per_usd
1991-09-12,26.545,per_usd
1991-09-13,26.545,per_usd
1991-09-16,26.483,per_usd
1991-09-17,26.485,per_usd
1991-09-18,26.501,per_usd
1991-09-19,26.61,per_usd
1991-09-20,26.65,per_usd
1991-09-24,26.58,per_usd
1991-09-25,26.6,per_usd
1991-09-26,26.5825,per_usd
1991-09-27,26.53,per_usd
1991-09-30,26.475,per_usd
1991-10-01,26.49,per_usd
1991-10-02,26.4805,per_usd
1991-10-03,26.46,per_usd
1991-10-04,26.42,per_usd
1991-10-07,26.38,per_usd
1991-10-08,26.48,per_usd
1991-10-09,26.425,per_usd
1991-10-15,26.38,per_usd
1991-10-16,26.376,per_usd
1991-10-17,26.415,per_usd
1991-10-18,26.41,per_usd
1991-10-21,26.396,per_usd
1991-10-22,26.414,per_usd
1991-10-23,26.375,per_usd
1991-10-24,26.3715,per_usd
1991-10-28,26.386,per_usd
1991-10-29,26.365,per_usd
1991-10-30,26.28,per_usd
1991-11-01,26.2525,per_usd
1991-11-04,26.16,per_usd
1991-11-05,26.179,per_usd
1991-11-07,26.1325,per_usd
1991-11-08,26.1165,per_usd
1991-11-13,26.024,per_usd
1991-11-14,25.9,per_usd
1991-11-15,25.92,per_usd
1991-11-18,25.9445,per_usd
1991-11-19,25.955,per_usd
1991-11-20,25.965,per_usd
1991-11-21,25.934,per_usd
1991-11-22,25.92,per_usd
1991-11-25,25.85,per_usd
1991-11-26,25.785,per_usd
1991-11-27,25.77,per_usd
1991-11-29,25.7725,per_usd
1991-12-02,25.775,per_usd
1991-12-03,25.825,per_usd
1991-12-04,25.7775,per_usd
1991-12-05,25.77,per_usd
1991-12-06,25.7725,per_usd
1991-12-09,25.7525,per_usd
1991-12-10,25.751,per_usd
1991-12-11,25.7525,per_usd
1991-12-12,25.75,per_usd
1991-12-13,25.75,per_usd
1991-12-16,25.7525,per_usd
1991-12-17,25.75,per_usd
1991-12-18,25.75,per_usd
1991-12-19,25.75,per_usd
1991-12-20,25.75,per_usd
1991-12-23,25.75,per_usd
1991-12-24,25.7525,per_usd
1991-12-26,25.75,per_usd
1991-12-27,25.7525,per_usd
1991-12-30,25.7505,per_usd
1991-12-31,25.7475,per_usd
1992-01-06,25.51,per_usd
1992-01-07,25.15,per_usd
1992-01-08,25.254,per_usd
1992-01-09,25.135,per_usd
1992-01-10,25.2595,per_usd
1992-01-13,25.2275,per_usd
1992-01-14,25.21,per_usd
1992-01-15,25.195,per_usd
1992-01-16,25.177,per_usd
1992-01-17,25.1875,per_usd
1992-01-21,25.135,per_usd
1992-01-22,25.1295,per_usd
1992-01-23,25.135,per_usd
1992-01-24,25.08,per_usd
1992-01-27,25.015,per_usd
1992-01-28,25,per_usd
1992-01-29,25.005,per_usd
1992-01-30,25.01,per_usd
1992-01-31,25.035,per_usd
1992-02-07,25,per_usd
1992-02-10,25.0145,per_usd
1992-02-11,25.02,per_usd
1992-02-12,25.009,per_usd
1992-02-13,24.9705,per_usd
1992-02-14,24.99,per_usd
1992-02-18,25.0275,per_usd
1992-02-19,25.065,per_usd
1992-02-20,25.075,per_usd
1992-02-21,25.0605,per_usd
1992-02-24,25.0705,per_usd
1992-02-25,25.079,per_usd
1992-02-26,25.0825,per_usd
1992-02-27,25.11,per_usd
1992-02-28,25.1545,per_usd
1992-03-02,25.191,per_usd
1992-03-03,25.277,per_usd
1992-03-04,25.296,per_usd
1992-03-05,25.266,per_usd
1992-03-09,25.275,per_usd
1992-03-10,25.2725,per_usd
1992-03-11,25.3295,per_usd
1992-03-12,25.347,per_usd
1992-03-13,25.3695,per_usd
1992-03-16,25.439,per_usd
1992-03-17,25.4525,per_usd
1992-03-18,25.48,per_usd
1992-03-19,25.47,per_usd
1992-03-20,25.49,per_usd
1992-03-23,25.562,per_usd
1992-03-24,25.555,per_usd
1992-03-25,25.5,per_usd
1992-03-26,25.51,per_usd
1992-03-27,25.54,per_usd
1992-03-31,25.508,per_usd
1992-04-01,25.45,per_usd
1992-04-02,25.5,per_usd
1992-04-06,25.46,per_usd
1992-04-07,25.405,per_usd
1992-04-08,25.235,per_usd
1992-04-09,25.265,per_usd
1992-04-10,25.299,per_usd
1992-04-13,25.3,per_usd
1992-04-14,25.308,per_usd
1992-04-15,25.255,per_usd
1992-04-16,25.29,per_usd
1992-04-17,25.2945,per_usd
1992-04-21,25.3075,per_usd
1992-04-22,25.26,per_usd
1992-04-23,25.263,per_usd
1992-04-24,25.2695,per_usd
1992-04-27,25.27,per_usd
1992-04-28,25.2695,per_usd
1992-04-29,25.236,per_usd
1992-04-30,25.2215,per_usd
1992-05-01,25.181,per_usd
1992-05-04,25.15,per_usd
1992-05-05,25.122,per_usd
1992-05-06,25.07,per_usd
1992-05-07,25.03,per_usd
1992-05-08,25.115,per_usd
1992-05-11,25.0675,per_usd
1992-05-12,25.0625,per_usd
1992-05-13,24.91,per_usd
1992-05-14,24.962,per_usd
1992-05-15,24.975,per_usd
1992-05-18,25,per_usd
1992-05-19,25.002,per_usd
1992-05-20,24.9945,per_usd
1992-05-21,24.9775,per_usd
1992-05-22,24.9965,per_usd
1992-05-26,24.944,per_usd
1992-05-27,24.918,per_usd
1992-05-28,24.9275,per_usd
1992-05-29,24.91,per_usd
1992-06-01,24.905,per_usd
1992-06-02,24.93,per_usd
1992-06-03,24.935,per_usd
1992-06-04,24.9165,per_usd
1992-06-08,24.905,per_usd
1992-06-10,24.729,per_usd
1992-06-11,24.755,per_usd
1992-06-12,24.7425,per_usd
1992-06-15,24.737,per_usd
1992-06-16,24.74,per_usd
1992-06-17,24.759,per_usd
1992-06-18,24.735,per_usd
1992-06-19,24.729,per_usd
1992-06-22,24.7425,per_usd
1992-06-23,24.733,per_usd
1992-06-24,24.7225,per_usd
1992-06-25,24.699,per_usd
1992-06-26,24.645,per_usd
1992-06-29,24.68,per_usd
1992-06-30,24.65,per_usd
1992-07-02,24.62,per_usd
1992-07-03,24.52,per_usd
1992-07-06,24.6,per_usd
1992-07-07,24.5495,per_usd
1992-07-08,24.53,per_usd
1992-07-09,24.507,per_usd
1992-07-10,24.598,per_usd
1992-07-13,24.78,per_usd
1992-07-14,24.85,per_usd
1992-07-15,24.91,per_usd
1992-07-16,24.81,per_usd
1992-07-17,24.77,per_usd
1992-07-20,24.799,per_usd
1992-07-21,24.829,per_usd
1992-07-22,24.8415,per_usd
1992-07-23,24.9125,per_usd
1992-07-24,24.942,per_usd
1992-07-27,24.988,per_usd
1992-07-28,24.985,per_usd
1992-07-29,24.972,per_usd
1992-07-30,24.947,per_usd
1992-07-31,24.96,per_usd
1992-08-03,24.96,per_usd
1992-08-04,24.97,per_usd
1992-08-05,25.02,per_usd
1992-08-06,25.0755,per_usd
1992-08-07,25.119,per_usd
1992-08-10,25.12,per_usd
1992-08-11,25.11,per_usd
1992-08-12,25.142,per_usd
1992-08-13,25.15,per_usd
1992-08-14,25.1295,per_usd
1992-08-17,25.13,per_usd
1992-08-18,25.195,per_usd
1992-08-19,25.205,per_usd
1992-08-20,25.185,per_usd
1992-08-21,25.1725,per_usd
1992-08-24,25.135,per_usd
1992-08-25,25.1585,per_usd
1992-08-26,25.16,per_usd
1992-08-27,25.154,per_usd
1992-08-28,25.135,per_usd
1992-08-31,25.1,per_usd
1992-09-01,25.111,per_usd
1992-09-02,25.087,per_usd
1992-09-03,25.1,per_usd
1992-09-04,25.146,per_usd
1992-09-08,25.15,per_usd
1992-09-09,25.18,per_usd
1992-09-10,25.2475,per_usd
1992-09-14,25.34,per_usd
1992-09-15,25.258,per_usd
1992-09-16,25.274,per_usd
1992-09-17,25.294,per_usd
1992-09-18,25.281,per_usd
1992-09-21,25.278,per_usd
1992-09-22,25.284,per_usd
1992-09-23,25.2855,per_usd
1992-09-24,25.283,per_usd
1992-09-25,25.276,per_usd
1992-09-29,25.2475,per_usd
1992-09-30,25.189,per_usd
1992-10-01,25.1605,per_usd
1992-10-02,25.1855,per_usd
1992-10-05,25.2065,per_usd
1992-10-06,25.23,per_usd
1992-10-07,25.2395,per_usd
1992-10-08,25.254,per_usd
1992-10-09,25.267,per_usd
1992-10-13,25.246,per_usd
1992-10-14,25.25,per_usd
1992-10-15,25.245,per_usd
1992-10-16,25.27,per_usd
1992-10-19,25.2865,per_usd
1992-10-20,25.3055,per_usd
1992-10-21,25.32,per_usd
1992-10-22,25.3145,per_usd
1992-10-23,25.325,per_usd
1992-10-27,25.3725,per_usd
1992-10-28,25.3505,per_usd
1992-10-29,25.37,per_usd
1992-10-30,25.361,per_usd
1992-11-02,25.3725,per_usd
1992-11-03,25.392,per_usd
1992-11-04,25.3875,per_usd
1992-11-05,25.3875,per_usd
1992-11-06,25.44,per_usd
1992-11-09,25.415,per_usd
1992-11-10,25.4525,per_usd
1992-11-13,25,per_usd
1992-11-16,25.44,per_usd
1992-11-17,25.4565,per_usd
1992-11-18,25.4415,per_usd
1992-11-19,25.42,per_usd
1992-11-20,25.4175,per_usd
1992-11-23,25.456,per_usd
1992-11-24,25.455,per_usd
1992-11-25,25.45,per_usd
1992-11-27,25.445,per_usd
1992-11-30,25.452,per_usd
1992-12-01,25.449,per_usd
1992-12-02,25.441,per_usd
1992-12-04,25.4475,per_usd
1992-12-07,25.46,per_usd
1992-12-08,25.456,per_usd
1992-12-09,25.46,per_usd
1992-12-10,25.46,per_usd
1992-12-11,25.465,per_usd
1992-12-14,25.465,per_usd
1992-12-15,25.4685,per_usd
1992-12-16,25.467,per_usd
1992-12-17,25.465,per_usd
1992-12-18,25.467,per_usd
1992-12-21,25.4665,per_usd
1992-12-22,25.445,per_usd
1992-12-23,25.44,per_usd
1992-12-28,25.4375,per_usd
1992-12-29,25.4375,per_usd
1992-12-30,25.43,per_usd
1992-12-31,25.4025,per_usd
1993-01-05,25.405,per_usd
1993-01-06,25.4265,per_usd
1993-01-07,25.4105,per_usd
1993-01-08,25.4225,per_usd
1993-01-11,25.45,per_usd
1993-01-12,25.445,per_usd
1993-01-13,25.441,per_usd
1993-01-14,25.45,per_usd
1993-01-15,25.436,per_usd
1993-01-19,25.499,per_usd
1993-01-27,25.51,per_usd
1993-01-28,25.49,per_usd
1993-01-29,25.4895,per_usd
1993-02-01,25.487,per_usd
1993-02-02,25.547,per_usd
1993-02-03,25.56,per_usd
1993-02-04,25.615,per_usd
1993-02-05,25.735,per_usd
1993-02-08,26.01,per_usd
1993-02-09,25.963,per_usd
1993-02-10,25.948,per_usd
1993-02-11,25.935,per_usd
1993-02-12,25.935,per_usd
1993-02-16,25.9775,per_usd
1993-02-17,25.96,per_usd
1993-02-18,25.9545,per_usd
1993-02-19,25.943,per_usd
1993-02-22,25.946,per_usd
1993-02-23,25.9455,per_usd
1993-02-24,25.895,per_usd
1993-02-25,25.7955,per_usd
1993-02-26,25.7525,per_usd
1993-03-01,25.8505,per_usd
1993-03-02,25.89,per_usd
1993-03-03,25.8915,per_usd
1993-03-04,25.84,per_usd
1993-03-05,25.857,per_usd
1993-03-08,25.9,per_usd
1993-03-09,25.939,per_usd
1993-03-10,25.98,per_usd
1993-03-12,25.9815,per_usd
1993-03-15,26.075,per_usd
1993-03-16,26.1,per_usd
1993-03-17,26.115,per_usd
1993-03-18,26.1075,per_usd
1993-03-19,26.115,per_usd
1993-03-22,26.125,per_usd
1993-03-23,26.12,per_usd
1993-03-24,26.135,per_usd
1993-03-25,26.13,per_usd
1993-03-26,26.13,per_usd
1993-03-30,26.16,per_usd
1993-03-31,26.11,per_usd
1993-04-01,26.069,per_usd
1993-04-02,26.0535,per_usd
1993-04-08,26.1025,per_usd
1993-04-09,26.1,per_usd
1993-04-12,26.03,per_usd
1993-04-13,26.065,per_usd
1993-04-14,26.1,per_usd
1993-04-15,26.06,per_usd
1993-04-16,26.04,per_usd
1993-04-19,25.9505,per_usd
1993-04-20,25.935,per_usd
1993-04-21,25.88,per_usd
1993-04-22,25.9,per_usd
1993-04-23,25.93,per_usd
1993-04-26,25.9415,per_usd
1993-04-27,25.918,per_usd
1993-04-28,25.9,per_usd
1993-04-29,25.871,per_usd
1993-04-30,25.905,per_usd
1993-05-03,25.9225,per_usd
1993-05-04,25.899,per_usd
1993-05-05,25.91,per_usd
1993-05-06,25.9,per_usd
1993-05-07,25.904,per_usd
1993-05-10,25.9475,per_usd
1993-05-11,25.963,per_usd
1993-05-12,25.97,per_usd
1993-05-13,25.95,per_usd
1993-05-14,25.96,per_usd
1993-05-17,25.94,per_usd
1993-05-18,25.975,per_usd
1993-05-19,25.955,per_usd
1993-05-20,25.96,per_usd
1993-05-21,25.9735,per_usd
1993-05-24,26.0445,per_usd
1993-05-26,26.1575,per_usd
1993-05-27,26.149,per_usd
1993-05-28,26.1005,per_usd
1993-06-01,26.136,per_usd
1993-06-02,26.1105,per_usd
1993-06-04,26.1425,per_usd
1993-06-07,26.154,per_usd
1993-06-09,26.169,per_usd
1993-06-10,26.166,per_usd
1993-06-14,26.1795,per_usd
1993-06-15,26.179,per_usd
1993-06-16,26.1895,per_usd
1993-06-17,26.2305,per_usd
1993-06-18,26.29,per_usd
1993-06-21,26.388,per_usd
1993-06-22,26.3975,per_usd
1993-06-23,26.4315,per_usd
1993-06-25,26.405,per_usd
1993-06-28,26.42,per_usd
1993-06-29,26.42,per_usd
1993-06-30,26.39,per_usd
1993-07-02,26.414,per_usd
1993-07-07,26.53,per_usd
1993-07-08,26.52,per_usd
1993-07-09,26.529,per_usd
1993-07-12,26.581,per_usd
1993-07-13,26.5675,per_usd
1993-07-14,26.555,per_usd
1993-07-15,26.5325,per_usd
1993-07-21,26.565,per_usd
1993-07-26,26.9585,per_usd
1993-07-27,26.9555,per_usd
1993-07-28,26.955,per_usd
1993-07-29,26.946,per_usd
1993-07-30,26.9405,per_usd
1993-08-02,26.9395,per_usd
1993-08-03,26.9385,per_usd
1993-08-04,26.9485,per_usd
1993-08-05,26.9475,per_usd
1993-08-06,26.939,per_usd
1993-08-09,26.949,per_usd
1993-08-10,26.955,per_usd
1993-08-11,26.95,per_usd
1993-08-12,26.951,per_usd
1993-08-13,26.95,per_usd
1993-08-16,26.959,per_usd
1993-08-17,26.9535,per_usd
1993-08-18,26.955,per_usd
1993-08-19,26.954,per_usd
1993-08-20,26.955,per_usd
1993-08-23,26.957,per_usd
1993-08-24,26.9585,per_usd
1993-08-25,26.96,per_usd
1993-08-26,26.956,per_usd
1993-08-27,26.956,per_usd
1993-08-30,26.9325,per_usd
1993-08-31,26.936,per_usd
1993-09-01,26.959,per_usd
1993-09-02,26.956,per_usd
1993-09-03,26.9575,per_usd
1993-09-07,26.9425,per_usd
1993-09-08,26.946,per_usd
1993-09-09,26.9465,per_usd
1993-09-10,26.944,per_usd
1993-09-13,26.939,per_usd
1993-09-14,26.9395,per_usd
1993-09-15,26.941,per_usd
1993-09-16,26.9375,per_usd
1993-09-17,26.943,per_usd
1993-09-20,26.837,per_usd
1993-09-21,26.865,per_usd
1993-09-22,26.905,per_usd
1993-09-23,26.946,per_usd
1993-09-24,26.93,per_usd
1993-09-27,26.9375,per_usd
1993-09-29,26.918,per_usd
1993-10-01,26.8405,per_usd
1993-10-04,26.847,per_usd
1993-10-05,26.85,per_usd
1993-10-06,26.8375,per_usd
1993-10-07,26.8375,per_usd
1993-10-08,26.85,per_usd
1993-10-12,26.8505,per_usd
1993-10-13,26.845,per_usd
1993-10-14,26.845,per_usd
1993-10-15,26.87,per_usd
1993-10-18,26.8765,per_usd
1993-10-19,26.8765,per_usd
1993-10-20,26.876,per_usd
1993-10-21,26.882,per_usd
1993-10-22,26.9115,per_usd
1993-10-26,26.89,per_usd
1993-10-27,26.8945,per_usd
1993-10-28,26.892,per_usd
1993-10-29,26.8545,per_usd
1993-11-02,26.8415,per_usd
1993-11-03,26.8525,per_usd
1993-11-04,26.856,per_usd
1993-11-05,26.875,per_usd
1993-11-08,26.871,per_usd
1993-11-09,26.865,per_usd
1993-11-10,26.873,per_usd
1993-11-12,26.8725,per_usd
1993-11-15,26.853,per_usd
1993-11-16,26.861,per_usd
1993-11-17,26.903,per_usd
1993-11-18,26.88,per_usd
1993-11-19,26.8805,per_usd
1993-11-22,26.9,per_usd
1993-11-23,26.8985,per_usd
1993-11-24,26.9215,per_usd
1993-11-26,26.915,per_usd
1993-11-29,26.94,per_usd
1993-11-30,26.934,per_usd
1993-12-01,26.9265,per_usd
1993-12-02,26.916,per_usd
1993-12-03,26.908,per_usd
1993-12-06,26.883,per_usd
1993-12-07,26.89,per_usd
1993-12-08,26.879,per_usd
1993-12-09,26.862,per_usd
1993-12-10,26.8455,per_usd
1993-12-13,26.835,per_usd
1993-12-14,26.8275,per_usd
1993-12-15,26.7705,per_usd
1993-12-16,26.7055,per_usd
1993-12-17,26.62,per_usd
1993-12-20,26.69,per_usd
1993-12-21,26.75,per_usd
1993-12-22,26.75,per_usd
1993-12-23,26.698,per_usd
1993-12-24,26.659,per_usd
1993-12-27,26.66,per_usd
1993-12-28,26.65,per_usd
1993-12-29,26.644,per_usd
1993-12-30,26.6765,per_usd
1993-12-31,26.626,per_usd
1994-01-03,26.626,per_usd
1994-01-05,26.57,per_usd
1994-01-06,26.569,per_usd
1994-01-07,26.599,per_usd
1994-01-10,26.471,per_usd
1994-01-11,26.529,per_usd
1994-01-12,26.559,per_usd
1994-01-13,26.51,per_usd
1994-01-14,26.495,per_usd
1994-01-18,26.425,per_usd
1994-01-19,26.449,per_usd
1994-01-20,26.4555,per_usd
1994-01-21,26.434,per_usd
1994-01-24,26.47,per_usd
1994-01-25,26.465,per_usd
1994-01-26,26.4675,per_usd
1994-01-27,26.4355,per_usd
1994-01-28,26.455,per_usd
1994-01-31,26.42,per_usd
1994-02-01,26.4345,per_usd
1994-02-02,26.435,per_usd
1994-02-07,26.3975,per_usd
1994-02-14,26.4075,per_usd
1994-02-15,26.359,per_usd
1994-02-16,26.3925,per_usd
1994-02-17,26.3975,per_usd
1994-02-18,26.4095,per_usd
1994-02-22,26.47,per_usd
1994-02-23,26.5425,per_usd
1994-02-24,26.495,per_usd
1994-02-25,26.5,per_usd
1994-02-28,26.4825,per_usd
1994-03-01,26.496,per_usd
1994-03-02,26.478,per_usd
1994-03-03,26.4515,per_usd
1994-03-04,26.428,per_usd
1994-03-07,26.395,per_usd
1994-03-08,26.44,per_usd
1994-03-09,26.39,per_usd
1994-03-10,26.4185,per_usd
1994-03-11,26.375,per_usd
1994-03-14,26.39,per_usd
1994-03-15,26.402,per_usd
1994-03-16,26.4235,per_usd
1994-03-17,26.4185,per_usd
1994-03-18,26.385,per_usd
1994-03-21,26.405,per_usd
1994-03-22,26.4225,per_usd
1994-03-23,26.41,per_usd
1994-03-24,26.45,per_usd
1994-03-25,26.425,per_usd
1994-03-28,26.41,per_usd
1994-03-29,26.41,per_usd
1994-03-30,26.37,per_usd
1994-03-31,26.33,per_usd
1994-04-01,26.36,per_usd
1994-04-04,26.39,per_usd
1994-04-05,26.39,per_usd
1994-04-06,26.34,per_usd
1994-04-07,26.37,per_usd
1994-04-08,26.38,per_usd
1994-04-11,26.38,per_usd
1994-04-12,26.39,per_usd
1994-04-13,26.38,per_usd
1994-04-14,26.37,per_usd
1994-04-15,26.38,per_usd
1994-04-18,26.39,per_usd
1994-04-19,26.4,per_usd
1994-04-20,26.39,per_usd
1994-04-21,26.39,per_usd
1994-04-22,26.38,per_usd
1994-04-25,26.41,per_usd
1994-04-26,26.4,per_usd
1994-04-27,26.4,per_usd
1994-04-28,26.45,per_usd
1994-04-29,26.42,per_usd
1994-05-02,26.42,per_usd
1994-05-03,26.46,per_usd
1994-05-04,26.46,per_usd
1994-05-05,26.53,per_usd
1994-05-06,26.55,per_usd
1994-05-09,26.64,per_usd
1994-05-10,26.77,per_usd
1994-05-11,26.78,per_usd
1994-05-12,26.88,per_usd
1994-05-13,26.82,per_usd
1994-05-16,26.81,per_usd
1994-05-17,26.86,per_usd
1994-05-18,26.86,per_usd
1994-05-19,26.8,per_usd
1994-05-20,26.88,per_usd
1994-05-23,26.86,per_usd
1994-05-24,26.98,per_usd
1994-05-25,27.04,per_usd
1994-05-26,27.09,per_usd
1994-05-27,27.08,per_usd
1994-05-31,27.06,per_usd
1994-06-01,27.08,per_usd
1994-06-02,27.03,per_usd
1994-06-03,27.075,per_usd
1994-06-06,27.0845,per_usd
1994-06-07,27.09,per_usd
1994-06-08,27.0777,per_usd
1994-06-09,27.09,per_usd
1994-06-10,27.0582,per_usd
1994-06-13,27.0547,per_usd
1994-06-14,27.0452,per_usd
1994-06-15,27.0477,per_usd
1994-06-16,27.0502,per_usd
1994-06-17,27.0527,per_usd
1994-06-20,27.0487,per_usd
1994-06-21,27.04,per_usd
1994-06-22,26.9528,per_usd
1994-06-23,26.98,per_usd
1994-06-24,27.02,per_usd
1994-06-27,26.9122,per_usd
1994-06-28,26.9182,per_usd
1994-06-29,26.8657,per_usd
1994-06-30,26.8137,per_usd
1994-07-01,26.8245,per_usd
1994-07-05,26.76,per_usd
1994-07-06,26.73,per_usd
1994-07-07,26.77,per_usd
1994-07-08,26.74,per_usd
1994-07-11,26.74,per_usd
1994-07-12,26.6972,per_usd
1994-07-13,26.6312,per_usd
1994-07-14,26.63,per_usd
1994-07-15,26.5762,per_usd
1994-07-18,26.59,per_usd
1994-07-19,26.59,per_usd
1994-07-20,26.68,per_usd
1994-07-21,26.65,per_usd
1994-07-22,26.67,per_usd
1994-07-25,26.5502,per_usd
1994-07-26,26.6092,per_usd
1994-07-27,26.5967,per_usd
1994-07-28,26.5402,per_usd
1994-07-29,26.5812,per_usd
1994-08-01,26.5402,per_usd
1994-08-02,26.6,per_usd
1994-08-03,26.57,per_usd
1994-08-04,26.57,per_usd
1994-08-05,26.51,per_usd
1994-08-08,26.4807,per_usd
1994-08-09,26.4557,per_usd
1994-08-10,26.4652,per_usd
1994-08-11,26.4642,per_usd
1994-08-12,26.4522,per_usd
1994-08-15,26.48,per_usd
1994-08-16,26.48,per_usd
1994-08-17,26.49,per_usd
1994-08-18,26.47,per_usd
1994-08-19,26.44,per_usd
1994-08-22,26.38,per_usd
1994-08-23,26.345,per_usd
1994-08-24,26.325,per_usd
1994-08-25,26.22,per_usd
1994-08-26,26.27,per_usd
1994-08-29,26.25,per_usd
1994-08-30,26.18,per_usd
1994-08-31,26.2,per_usd
1994-09-01,26.243,per_usd
1994-09-02,26.24,per_usd
1994-09-06,26.21,per_usd
1994-09-07,26.21,per_usd
1994-09-08,26.2,per_usd
1994-09-09,26.2,per_usd
1994-09-12,26.21,per_usd
1994-09-13,26.21,per_usd
1994-09-14,26.2,per_usd
1994-09-15,26.21,per_usd
1994-09-16,26.22,per_usd
1994-09-19,26.23,per_usd
1994-09-20,26.23,per_usd
1994-09-21,26.24,per_usd
1994-09-22,26.19,per_usd
1994-09-23,26.19,per_usd
1994-09-26,26.16,per_usd
1994-09-27,26.22,per_usd
1994-09-28,26.22,per_usd
1994-09-29,26.17,per_usd
1994-09-30,26.2,per_usd
1994-10-03,26.22,per_usd
1994-10-04,26.19,per_usd
1994-10-05,26.19,per_usd
1994-10-06,26.18,per_usd
1994-10-07,26.16,per_usd
1994-10-11,26.21,per_usd
1994-10-12,26.22,per_usd
1994-10-13,26.19,per_usd
1994-10-14,26.17,per_usd
1994-10-17,26.12,per_usd
1994-10-18,26.13,per_usd
1994-10-19,26.11,per_usd
1994-10-20,26.1,per_usd
1994-10-21,26.03,per_usd
1994-10-24,26.06,per_usd
1994-10-25,26.07,per_usd
1994-10-26,26.09,per_usd
1994-10-27,26.08,per_usd
1994-10-28,26.06,per_usd
1994-10-31,26.05,per_usd
1994-11-01,26.02,per_usd
1994-11-02,26.03,per_usd
1994-11-03,26.04,per_usd
1994-11-04,26.05,per_usd
1994-11-07,26.06,per_usd
1994-11-08,26.07,per_usd
1994-11-09,26.07,per_usd
1994-11-10,26.11,per_usd
1994-11-14,26.2,per_usd
1994-11-15,26.21,per_usd
1994-11-16,26.29,per_usd
1994-11-17,26.23,per_usd
1994-11-18,26.31,per_usd
1994-11-21,26.39,per_usd
1994-11-22,26.37,per_usd
1994-11-23,26.28,per_usd
1994-11-25,26.22,per_usd
1994-11-28,26.29,per_usd
1994-11-29,26.25,per_usd
1994-11-30,26.27,per_usd
1994-12-01,26.3,per_usd
1994-12-02,26.35,per_usd
1994-12-05,26.32,per_usd
1994-12-06,26.32,per_usd
1994-12-07,26.3,per_usd
1994-12-08,26.33,per_usd
1994-12-09,26.37,per_usd
1994-12-12,26.42,per_usd
1994-12-13,26.4,per_usd
1994-12-14,26.42,per_usd
1994-12-15,26.36,per_usd
1994-12-16,26.41,per_usd
1994-12-19,26.45,per_usd
1994-12-20,26.43,per_usd
1994-12-21,26.4,per_usd
1994-12-22,26.42,per_usd
1994-12-23,26.42,per_usd
1994-12-27,26.45,per_usd
1994-12-28,26.45,per_usd
1994-12-29,26.39,per_usd
1994-12-30,26.29,per_usd
1995-01-03,26.23,per_usd
1995-01-04,26.24,per_usd
1995-01-05,26.35,per_usd
1995-01-06,26.28,per_usd
1995-01-09,26.37,per_usd
1995-01-10,26.32,per_usd
1995-01-11,26.33,per_usd
1995-01-12,26.3,per_usd
1995-01-13,26.32,per_usd
1995-01-17,26.32,per_usd
1995-01-18,26.3,per_usd
1995-01-19,26.3,per_usd
1995-01-20,26.29,per_usd
1995-01-23,26.31,per_usd
1995-01-24,26.28,per_usd
1995-01-25,26.27,per_usd
1995-01-26,26.27,per_usd
1995-01-27,26.29,per_usd
1995-01-30,26.31,per_usd
1995-01-31,26.31,per_usd
1995-02-01,26.31,per_usd
1995-02-02,26.29,per_usd
1995-02-03,26.3,per_usd
1995-02-06,26.29,per_usd
1995-02-07,26.29,per_usd
1995-02-08,26.31,per_usd
1995-02-09,26.29,per_usd
1995-02-10,26.33,per_usd
1995-02-13,26.37,per_usd
1995-02-14,26.38,per_usd
1995-02-15,26.38,per_usd
1995-02-16,26.37,per_usd
1995-02-17,26.38,per_usd
1995-02-21,26.36,per_usd
1995-02-22,26.36,per_usd
1995-02-23,26.36,per_usd
1995-02-24,26.37,per_usd
1995-02-27,26.34,per_usd
1995-02-28,26.36,per_usd
1995-03-01,26.38,per_usd
1995-03-02,26.37,per_usd
1995-03-03,26.34,per_usd
1995-03-06,26.25,per_usd
1995-03-07,26.23,per_usd
1995-03-08,26,per_usd
1995-03-09,26.09,per_usd
1995-03-10,26.11,per_usd
1995-03-13,26.12,per_usd
1995-03-14,26.11,per_usd
1995-03-15,26.1,per_usd
1995-03-16,26.06,per_usd
1995-03-17,26.02,per_usd
1995-03-20,25.97,per_usd
1995-03-21,26.01,per_usd
1995-03-22,26.03,per_usd
1995-03-23,26.01,per_usd
1995-03-24,26.01,per_usd
1995-03-27,26.06,per_usd
1995-03-28,26.04,per_usd
1995-03-29,26.05,per_usd
1995-03-30,25.99,per_usd
1995-03-31,26,per_usd
1995-04-03,25.94,per_usd
1995-04-04,25.94,per_usd
1995-04-05,25.94,per_usd
1995-04-06,25.9,per_usd
1995-04-07,25.68,per_usd
1995-04-10,25.17,per_usd
1995-04-11,25.3,per_usd
1995-04-12,25.4,per_usd
1995-04-13,25.35,per_usd
1995-04-14,25.36,per_usd
1995-04-17,25.35,per_usd
1995-04-18,25.35,per_usd
1995-04-19,25.31,per_usd
1995-04-20,25.37,per_usd
1995-04-21,25.41,per_usd
1995-04-24,25.4,per_usd
1995-04-25,25.41,per_usd
1995-04-26,25.41,per_usd
1995-04-27,25.42,per_usd
1995-04-28,25.41,per_usd
1995-05-01,25.4,per_usd
1995-05-02,25.4,per_usd
1995-05-03,25.4,per_usd
1995-05-04,25.41,per_usd
1995-05-05,25.41,per_usd
1995-05-08,25.41,per_usd
1995-05-09,25.41,per_usd
1995-05-10,25.41,per_usd
1995-05-11,25.41,per_usd
1995-05-12,25.41,per_usd
1995-05-15,25.5,per_usd
1995-05-16,25.58,per_usd
1995-05-17,25.59,per_usd
1995-05-18,25.65,per_usd
1995-05-19,25.65,per_usd
1995-05-22,25.78,per_usd
1995-05-23,25.83,per_usd
1995-05-24,25.84,per_usd
1995-05-25,25.77,per_usd
1995-05-26,25.4,per_usd
1995-05-30,25.58,per_usd
1995-05-31,25.58,per_usd
1995-06-01,25.7,per_usd
1995-06-02,25.71,per_usd
1995-06-05,25.67,per_usd
1995-06-06,25.74,per_usd
1995-06-07,25.69,per_usd
1995-06-08,25.69,per_usd
1995-06-09,25.69,per_usd
1995-06-12,25.73,per_usd
1995-06-13,25.75,per_usd
1995-06-14,25.8,per_usd
1995-06-15,25.78,per_usd
1995-06-16,25.79,per_usd
1995-06-19,25.88,per_usd
1995-06-20,25.91,per_usd
1995-06-21,25.88,per_usd
1995-06-22,25.84,per_usd
1995-06-23,25.79,per_usd
1995-06-26,25.84,per_usd
1995-06-27,25.87,per_usd
1995-06-28,25.85,per_usd
1995-06-29,25.82,per_usd
1995-06-30,25.83,per_usd
1995-07-03,25.9,per_usd
1995-07-05,25.88,per_usd
1995-07-06,25.88,per_usd
1995-07-07,25.93,per_usd
1995-07-10,26.21,per_usd
1995-07-11,26.17,per_usd
1995-07-12,26.18,per_usd
1995-07-13,26.21,per_usd
1995-07-14,26.18,per_usd
1995-07-17,26.3,per_usd
1995-07-18,26.4,per_usd
1995-07-19,26.39,per_usd
1995-07-20,26.38,per_usd
1995-07-21,26.42,per_usd
1995-07-24,26.5,per_usd
1995-07-25,26.59,per_usd
1995-07-26,26.7,per_usd
1995-07-27,26.44,per_usd
1995-07-28,26.42,per_usd
1995-07-31,26.48,per_usd
1995-08-01,26.64,per_usd
1995-08-02,26.68,per_usd
1995-08-03,26.8,per_usd
1995-08-04,26.6,per_usd
1995-08-07,26.94,per_usd
1995-08-08,26.92,per_usd
1995-08-09,26.95,per_usd
1995-08-10,26.97,per_usd
1995-08-11,27.4,per_usd
1995-08-14,27.32,per_usd
1995-08-15,27.29,per_usd
1995-08-16,27.5,per_usd
1995-08-17,27.47,per_usd
1995-08-18,27.45,per_usd
1995-08-21,27.46,per_usd
1995-08-22,27.5,per_usd
1995-08-23,27.49,per_usd
1995-08-24,27.47,per_usd
1995-08-25,27.48,per_usd
1995-08-28,27.5,per_usd
1995-08-29,27.55,per_usd
1995-08-30,27.5,per_usd
1995-08-31,27.5,per_usd
1995-09-01,27.5,per_usd
1995-09-05,27.49,per_usd
1995-09-06,27.5,per_usd
1995-09-07,27.5,per_usd
1995-09-08,27.5,per_usd
1995-09-11,27.49,per_usd
1995-09-12,27.5,per_usd
1995-09-13,27.5,per_usd
1995-09-14,27.5,per_usd
1995-09-15,27.5,per_usd
1995-09-18,27.5,per_usd
1995-09-19,27.5,per_usd
1995-09-20,27.48,per_usd
1995-09-21,27.46,per_usd
1995-09-22,27.46,per_usd
1995-09-25,27.37,per_usd
1995-09-26,27.34,per_usd
1995-09-27,27.24,per_usd
1995-09-28,27.24,per_usd
1995-09-29,27.07,per_usd
1995-10-02,26.9,per_usd
1995-10-03,26.76,per_usd
1995-10-04,26.86,per_usd
1995-10-05,26.81,per_usd
1995-10-06,26.91,per_usd
1995-10-10,26.9,per_usd
1995-10-11,26.91,per_usd
1995-10-12,26.91,per_usd
1995-10-13,26.9,per_usd
1995-10-16,26.93,per_usd
1995-10-17,26.97,per_usd
1995-10-18,26.96,per_usd
1995-10-19,27,per_usd
1995-10-20,26.99,per_usd
1995-10-23,26.95,per_usd
1995-10-24,26.93,per_usd
1995-10-25,26.93,per_usd
1995-10-26,26.96,per_usd
1995-10-27,26.96,per_usd
1995-10-30,27,per_usd
1995-10-31,26.99,per_usd
1995-11-01,27.09,per_usd
1995-11-02,27.19,per_usd
1995-11-03,27.24,per_usd
1995-11-06,27.21,per_usd
1995-11-07,27.22,per_usd
1995-11-08,27.22,per_usd
1995-11-09,27.22,per_usd
1995-11-10,27.19,per_usd
1995-11-13,27.2,per_usd
1995-11-14,27.26,per_usd
1995-11-15,27.24,per_usd
1995-11-16,27.26,per_usd
1995-11-17,27.27,per_usd
1995-11-20,27.34,per_usd
1995-11-21,27.32,per_usd
1995-11-22,27.34,per_usd
1995-11-24,27.31,per_usd
1995-11-27,27.31,per_usd
1995-11-28,27.32,per_usd
1995-11-29,27.32,per_usd
1995-11-30,27.32,per_usd
1995-12-01,27.36,per_usd
1995-12-04,27.31,per_usd
1995-12-05,27.29,per_usd
1995-12-06,27.3,per_usd
1995-12-07,27.3,per_usd
1995-12-08,27.3,per_usd
1995-12-11,27.31,per_usd
1995-12-12,27.31,per_usd
1995-12-13,27.32,per_usd
1995-12-14,27.32,per_usd
1995-12-15,27.33,per_usd
1995-12-18,27.35,per_usd
1995-12-19,27.34,per_usd
1995-12-20,27.34,per_usd
1995-12-21,27.34,per_usd
1995-12-22,27.29,per_usd
1995-12-26,27.3,per_usd
1995-12-27,27.3,per_usd
1995-12-28,27.29,per_usd
1995-12-29,27.29,per_usd
1996-01-02,27.27,per_usd
1996-01-03,27.27,per_usd
1996-01-04,27.33,per_usd
1996-01-05,27.32,per_usd
1996-01-08,27.38,per_usd
1996-01-09,27.39,per_usd
1996-01-10,27.39,per_usd
1996-01-11,27.41,per_usd
1996-01-12,27.38,per_usd
1996-01-16,27.4,per_usd
1996-01-17,27.43,per_usd
1996-01-18,27.42,per_usd
1996-01-19,27.43,per_usd
1996-01-22,27.44,per_usd
1996-01-23,27.44,per_usd
1996-01-24,27.46,per_usd
1996-01-25,27.46,per_usd
1996-01-26,27.46,per_usd
1996-01-29,27.49,per_usd
1996-01-30,27.48,per_usd
1996-01-31,27.47,per_usd
1996-02-01,27.49,per_usd
1996-02-02,27.48,per_usd
1996-02-05,27.47,per_usd
1996-02-06,27.48,per_usd
1996-02-07,27.48,per_usd
1996-02-08,27.48,per_usd
1996-02-09,27.48,per_usd
1996-02-12,27.47,per_usd
1996-02-13,27.48,per_usd
1996-02-14,27.46,per_usd
1996-02-15,27.47,per_usd
1996-02-16,27.49,per_usd
1996-02-20,27.49,per_usd
1996-02-21,27.49,per_usd
1996-02-22,27.49,per_usd
1996-02-23,27.49,per_usd
1996-02-26,27.5,per_usd
1996-02-27,27.5,per_usd
1996-02-28,27.5,per_usd
1996-02-29,27.5,per_usd
1996-03-01,27.5,per_usd
1996-03-04,27.5,per_usd
1996-03-05,27.5,per_usd
1996-03-06,27.5,per_usd
1996-03-07,27.5,per_usd
1996-03-08,27.5,per_usd
1996-03-11,27.5,per_usd
1996-03-12,27.5,per_usd
1996-03-13,27.5,per_usd
1996-03-14,27.5,per_usd
1996-03-15,27.47,per_usd
1996-03-18,27.45,per_usd
1996-03-19,27.32,per_usd
1996-03-20,27.2,per_usd
1996-03-21,27.27,per_usd
1996-03-22,27.3,per_usd
1996-03-25,27.31,per_usd
1996-03-26,27.25,per_usd
1996-03-27,27.28,per_usd
1996-03-28,27.25,per_usd
1996-03-29,27.3,per_usd
1996-04-01,27.24,per_usd
1996-04-02,27.24,per_usd
1996-04-03,27.24,per_usd
1996-04-04,27.24,per_usd
1996-04-05,27.19,per_usd
1996-04-08,27.17,per_usd
1996-04-09,27.19,per_usd
1996-04-10,27.18,per_usd
1996-04-11,27.18,per_usd
1996-04-12,27.18,per_usd
1996-04-15,27.16,per_usd
1996-04-16,27.16,per_usd
1996-04-17,27.16,per_usd
1996-04-18,27.15,per_usd
1996-04-19,27.15,per_usd
1996-04-22,27.16,per_usd
1996-04-23,27.18,per_usd
1996-04-24,27.22,per_usd
1996-04-25,27.2,per_usd
1996-04-26,27.2,per_usd
1996-04-29,27.17,per_usd
1996-04-30,27.17,per_usd
1996-05-01,27.17,per_usd
1996-05-02,27.17,per_usd
1996-05-03,27.17,per_usd
1996-05-06,27.18,per_usd
1996-05-07,27.17,per_usd
1996-05-08,27.17,per_usd
1996-05-09,27.18,per_usd
1996-05-10,27.18,per_usd
1996-05-13,27.18,per_usd
1996-05-14,27.2,per_usd
1996-05-15,27.21,per_usd
1996-05-16,27.22,per_usd
1996-05-17,27.24,per_usd
1996-05-20,27.32,per_usd
1996-05-21,27.33,per_usd
1996-05-22,27.34,per_usd
1996-05-23,27.3,per_usd
1996-05-24,27.95,per_usd
1996-05-28,27.91,per_usd
1996-05-29,27.79,per_usd
1996-05-30,27.68,per_usd
1996-05-31,27.68,per_usd
1996-06-03,27.69,per_usd
1996-06-04,27.76,per_usd
1996-06-05,27.77,per_usd
1996-06-06,27.68,per_usd
1996-06-07,27.73,per_usd
1996-06-10,27.74,per_usd
1996-06-11,27.75,per_usd
1996-06-12,27.74,per_usd
1996-06-13,27.66,per_usd
1996-06-14,27.61,per_usd
1996-06-17,27.67,per_usd
1996-06-18,27.65,per_usd
1996-06-19,27.65,per_usd
1996-06-20,27.65,per_usd
1996-06-21,27.62,per_usd
1996-06-24,27.63,per_usd
1996-06-25,27.69,per_usd
1996-06-26,27.64,per_usd
1996-06-27,27.6,per_usd
1996-06-28,27.55,per_usd
1996-07-01,27.54,per_usd
1996-07-02,27.51,per_usd
1996-07-03,27.58,per_usd
1996-07-05,27.57,per_usd
1996-07-08,27.68,per_usd
1996-07-09,27.55,per_usd
1996-07-10,27.6,per_usd
1996-07-11,27.61,per_usd
1996-07-12,27.56,per_usd
1996-07-15,27.65,per_usd
1996-07-16,27.57,per_usd
1996-07-17,27.58,per_usd
1996-07-18,27.59,per_usd
1996-07-19,27.56,per_usd
1996-07-22,27.56,per_usd
1996-07-23,27.57,per_usd
1996-07-24,27.56,per_usd
1996-07-25,27.51,per_usd
1996-07-26,27.65,per_usd
1996-07-29,27.55,per_usd
1996-07-30,27.52,per_usd
1996-07-31,27.53,per_usd
1996-08-01,27.52,per_usd
1996-08-02,27.51,per_usd
1996-08-05,27.5,per_usd
1996-08-06,27.48,per_usd
1996-08-07,27.49,per_usd
1996-08-08,27.51,per_usd
1996-08-09,27.47,per_usd
1996-08-12,27.5,per_usd
1996-08-13,27.51,per_usd
1996-08-14,27.49,per_usd
1996-08-15,27.49,per_usd
1996-08-16,27.49,per_usd
1996-08-19,27.49,per_usd
1996-08-20,27.53,per_usd
1996-08-21,27.51,per_usd
1996-08-22,27.51,per_usd
1996-08-23,27.5,per_usd
1996-08-26,27.48,per_usd
1996-08-27,27.48,per_usd
1996-08-28,27.5,per_usd
1996-08-29,27.49,per_usd
1996-08-30,27.47,per_usd
1996-09-03,27.52,per_usd
1996-09-04,27.5,per_usd
1996-09-05,27.5,per_usd
1996-09-06,27.5,per_usd
1996-09-09,27.49,per_usd
1996-09-10,27.5,per_usd
1996-09-11,27.5,per_usd
1996-09-12,27.5,per_usd
1996-09-13,27.5,per_usd
1996-09-16,27.5,per_usd
1996-09-17,27.51,per_usd
1996-09-18,27.5,per_usd
1996-09-19,27.51,per_usd
1996-09-20,27.51,per_usd
1996-09-23,27.51,per_usd
1996-09-24,27.5,per_usd
1996-09-25,27.48,per_usd
1996-09-26,27.49,per_usd
1996-09-27,27.49,per_usd
1996-09-30,27.49,per_usd
1996-10-01,27.49,per_usd
1996-10-02,27.5,per_usd
1996-10-03,27.5,per_usd
1996-10-04,27.5,per_usd
1996-10-07,27.5,per_usd
1996-10-08,27.51,per_usd
1996-10-09,27.51,per_usd
1996-10-10,27.51,per_usd
1996-10-11,27.49,per_usd
1996-10-15,27.5,per_usd
1996-10-16,27.51,per_usd
1996-10-17,27.5,per_usd
1996-10-18,27.51,per_usd
1996-10-21,27.51,per_usd
1996-10-22,27.57,per_usd
1996-10-23,27.63,per_usd
1996-10-24,27.58,per_usd
1996-10-25,27.6,per_usd
1996-10-28,27.6,per_usd
1996-10-29,27.57,per_usd
1996-10-30,27.56,per_usd
1996-10-31,27.56,per_usd
1996-11-01,27.53,per_usd
1996-11-04,27.52,per_usd
1996-11-05,27.52,per_usd
1996-11-06,27.55,per_usd
1996-11-07,27.52,per_usd
1996-11-08,27.54,per_usd
1996-11-12,27.52,per_usd
1996-11-13,27.52,per_usd
1996-11-14,27.52,per_usd
1996-11-15,27.52,per_usd
1996-11-18,27.52,per_usd
1996-11-19,27.52,per_usd
1996-11-20,27.52,per_usd
1996-11-21,27.52,per_usd
1996-11-22,27.52,per_usd
1996-11-25,27.52,per_usd
1996-11-26,27.52,per_usd
1996-11-27,27.52,per_usd
1996-11-29,27.49,per_usd
1996-12-02,27.5,per_usd
1996-12-03,27.51,per_usd
1996-12-04,27.52,per_usd
1996-12-05,27.52,per_usd
1996-12-06,27.52,per_usd
1996-12-09,27.52,per_usd
1996-12-10,27.52,per_usd
1996-12-11,27.52,per_usd
1996-12-12,27.52,per_usd
1996-12-13,27.52,per_usd
1996-12-16,27.52,per_usd
1996-12-17,27.52,per_usd
1996-12-18,27.51,per_usd
1996-12-19,27.51,per_usd
1996-12-20,27.51,per_usd
1996-12-23,27.5,per_usd
1996-12-24,27.52,per_usd
1996-12-26,27.52,per_usd
1996-12-27,27.52,per_usd
1996-12-30,27.52,per_usd
1996-12-31,27.52,per_usd
1997-01-02,27.52,per_usd
1997-01-03,27.52,per_usd
1997-01-06,27.52,per_usd
1997-01-07,27.52,per_usd
1997-01-08,27.52,per_usd
1997-01-09,27.52,per_usd
1997-01-10,27.52,per_usd
1997-01-13,27.5,per_usd
1997-01-14,27.46,per_usd
1997-01-15,27.39,per_usd
1997-01-16,27.34,per_usd
1997-01-17,27.41,per_usd
1997-01-21,27.49,per_usd
1997-01-22,27.52,per_usd
1997-01-23,27.46,per_usd
1997-01-24,27.48,per_usd
1997-01-27,27.47,per_usd
1997-01-28,27.47,per_usd
1997-01-29,27.47,per_usd
1997-01-30,27.46,per_usd
1997-01-31,27.45,per_usd
1997-02-03,27.46,per_usd
1997-02-04,27.46,per_usd
1997-02-05,27.52,per_usd
1997-02-06,27.52,per_usd
1997-02-07,27.54,per_usd
1997-02-10,27.53,per_usd
1997-02-11,27.56,per_usd
1997-02-12,27.56,per_usd
1997-02-13,27.56,per_usd
1997-02-14,27.56,per_usd
1997-02-18,27.67,per_usd
1997-02-19,27.6,per_usd
1997-02-20,27.64,per_usd
1997-02-21,27.61,per_usd
1997-02-24,27.57,per_usd
1997-02-25,27.57,per_usd
1997-02-26,27.52,per_usd
1997-02-27,27.54,per_usd
1997-02-28,27.54,per_usd
1997-03-03,27.55,per_usd
1997-03-04,27.54,per_usd
1997-03-05,27.54,per_usd
1997-03-06,27.53,per_usd
1997-03-07,27.52,per_usd
1997-03-10,27.54,per_usd
1997-03-11,27.54,per_usd
1997-03-12,27.56,per_usd
1997-03-13,27.55,per_usd
1997-03-14,27.55,per_usd
1997-03-17,27.54,per_usd
1997-03-18,27.54,per_usd
1997-03-19,27.54,per_usd
1997-03-20,27.54,per_usd
1997-03-21,27.56,per_usd
1997-03-24,27.56,per_usd
1997-03-25,27.59,per_usd
1997-03-26,27.6,per_usd
1997-03-27,27.56,per_usd
1997-03-28,27.56,per_usd
1997-03-31,27.56,per_usd
1997-04-01,27.56,per_usd
1997-04-02,27.56,per_usd
1997-04-03,27.57,per_usd
1997-04-04,27.57,per_usd
1997-04-07,27.57,per_usd
1997-04-08,27.6,per_usd
1997-04-09,27.62,per_usd
1997-04-10,27.59,per_usd
1997-04-11,27.66,per_usd
1997-04-14,27.64,per_usd
1997-04-15,27.62,per_usd
1997-04-16,27.62,per_usd
1997-04-17,27.66,per_usd
1997-04-18,27.65,per_usd
1997-04-21,27.65,per_usd
1997-04-22,27.66,per_usd
1997-04-23,27.65,per_usd
1997-04-24,27.67,per_usd
1997-04-25,27.65,per_usd
1997-04-28,27.69,per_usd
1997-04-29,27.69,per_usd
1997-04-30,27.68,per_usd
1997-05-01,27.68,per_usd
1997-05-02,27.69,per_usd
1997-05-05,27.75,per_usd
1997-05-06,27.76,per_usd
1997-05-07,27.76,per_usd
1997-05-08,27.71,per_usd
1997-05-09,27.71,per_usd
1997-05-12,27.78,per_usd
1997-05-13,27.8,per_usd
1997-05-14,27.79,per_usd
1997-05-15,27.81,per_usd
1997-05-16,27.76,per_usd
1997-05-19,27.78,per_usd
1997-05-20,27.78,per_usd
1997-05-21,27.83,per_usd
1997-05-22,27.83,per_usd
1997-05-23,27.85,per_usd
1997-05-27,27.86,per_usd
1997-05-28,27.9,per_usd
1997-05-29,27.89,per_usd
1997-05-30,27.89,per_usd
1997-06-02,27.89,per_usd
1997-06-03,27.9,per_usd
1997-06-04,27.92,per_usd
1997-06-05,27.92,per_usd
1997-06-06,27.92,per_usd
1997-06-09,27.9,per_usd
1997-06-10,27.89,per_usd
1997-06-11,27.9,per_usd
1997-06-12,27.9,per_usd
1997-06-13,27.91,per_usd
1997-06-16,27.92,per_usd
1997-06-17,27.94,per_usd
1997-06-18,27.93,per_usd
1997-06-19,27.95,per_usd
1997-06-20,27.95,per_usd
1997-06-23,27.92,per_usd
1997-06-24,27.9,per_usd
1997-06-25,27.88,per_usd
1997-06-26,27.86,per_usd
1997-06-27,27.84,per_usd
1997-06-30,27.82,per_usd
1997-07-01,27.82,per_usd
1997-07-02,27.87,per_usd
1997-07-03,27.89,per_usd
1997-07-07,27.92,per_usd
1997-07-08,27.94,per_usd
1997-07-09,27.95,per_usd
1997-07-10,27.87,per_usd
1997-07-11,27.87,per_usd
1997-07-14,27.94,per_usd
1997-07-15,27.96,per_usd
1997-07-16,27.97,per_usd
1997-07-17,27.97,per_usd
1997-07-18,27.96,per_usd
1997-07-21,27.94,per_usd
1997-07-22,27.96,per_usd
1997-07-23,27.98,per_usd
1997-07-24,27.97,per_usd
1997-07-25,27.98,per_usd
1997-07-28,28,per_usd
1997-07-29,28.25,per_usd
1997-07-30,28.8,per_usd
1997-07-31,28.9,per_usd
1997-08-01,28.9,per_usd
1997-08-04,28.75,per_usd
1997-08-05,28.75,per_usd
1997-08-06,28.75,per_usd
1997-08-07,28.8,per_usd
1997-08-08,28.85,per_usd
1997-08-11,28.85,per_usd
1997-08-12,28.95,per_usd
1997-08-13,28.85,per_usd
1997-08-14,28.85,per_usd
1997-08-15,28.9,per_usd
1997-08-18,28.8,per_usd
1997-08-19,28.8,per_usd
1997-08-20,28.85,per_usd
1997-08-21,28.85,per_usd
1997-08-22,28.8,per_usd
1997-08-25,28.8,per_usd
1997-08-26,28.8,per_usd
1997-08-27,28.78,per_usd
1997-08-28,28.8,per_usd
1997-08-29,28.82,per_usd
1997-09-02,28.9,per_usd
1997-09-03,28.9,per_usd
1997-09-04,28.75,per_usd
1997-09-05,28.7,per_usd
1997-09-08,28.9,per_usd
1997-09-09,28.9,per_usd
1997-09-10,28.7,per_usd
1997-09-11,28.7,per_usd
1997-09-12,28.7,per_usd
1997-09-15,28.7,per_usd
1997-09-16,28.7,per_usd
1997-09-17,28.65,per_usd
1997-09-18,28.7,per_usd
1997-09-19,28.7,per_usd
1997-09-22,28.7,per_usd
1997-09-23,28.66,per_usd
1997-09-24,28.66,per_usd
1997-09-25,28.66,per_usd
1997-09-26,28.76,per_usd
1997-09-29,28.66,per_usd
1997-09-30,28.66,per_usd
1997-10-01,28.66,per_usd
1997-10-02,28.7,per_usd
1997-10-03,28.68,per_usd
1997-10-06,28.65,per_usd
1997-10-07,28.55,per_usd
1997-10-08,28.58,per_usd
1997-10-09,28.5,per_usd
1997-10-10,28.57,per_usd
1997-10-14,28.53,per_usd
1997-10-15,28.54,per_usd
1997-10-16,28.56,per_usd
1997-10-17,29.75,per_usd
1997-10-20,30.75,per_usd
1997-10-21,30.8,per_usd
1997-10-22,30.8,per_usd
1997-10-23,30.5,per_usd
1997-10-24,30.7,per_usd
1997-10-27,30.8,per_usd
1997-10-28,31,per_usd
1997-10-29,31.3,per_usd
1997-10-30,31.2,per_usd
1997-10-31,31.2,per_usd
1997-11-03,31.4,per_usd
1997-11-04,30.85,per_usd
1997-11-05,30.6,per_usd
1997-11-06,30.8,per_usd
1997-11-07,31,per_usd
1997-11-10,31.05,per_usd
1997-11-12,31.2,per_usd
1997-11-13,31.3,per_usd
1997-11-14,31.5,per_usd
1997-11-17,31.8,per_usd
1997-11-18,32,per_usd
1997-11-19,33.25,per_usd
1997-11-20,33,per_usd
1997-11-21,32.4,per_usd
1997-11-24,32.5,per_usd
1997-11-25,32.75,per_usd
1997-11-26,32.55,per_usd
1997-11-28,32.35,per_usd
1997-12-01,32.45,per_usd
1997-12-02,32.45,per_usd
1997-12-03,32.5,per_usd
1997-12-04,32.2,per_usd
1997-12-05,32.45,per_usd
1997-12-08,32.15,per_usd
1997-12-09,32.15,per_usd
1997-12-10,32.55,per_usd
1997-12-11,32.9,per_usd
1997-12-12,32.75,per_usd
1997-12-15,32.15,per_usd
1997-12-16,32.15,per_usd
1997-12-17,32.6,per_usd
1997-12-18,32.35,per_usd
1997-12-19,32.35,per_usd
1997-12-22,32.35,per_usd
1997-12-23,32.7,per_usd
1997-12-24,32.7,per_usd
1997-12-26,32.8,per_usd
1997-12-29,32.8,per_usd
1997-12-30,32.75,per_usd
1997-12-31,32.8,per_usd
1998-01-02,33.1,per_usd
1998-01-05,33.6,per_usd
1998-01-06,33.95,per_usd
1998-01-07,34.5,per_usd
1998-01-08,34.8,per_usd
1998-01-09,34.4,per_usd
1998-01-12,34.7,per_usd
1998-01-13,34.7,per_usd
1998-01-14,34.3,per_usd
1998-01-15,34.15,per_usd
1998-01-16,33.9,per_usd
1998-01-20,33.8,per_usd
1998-01-21,33.49,per_usd
1998-01-22,33.85,per_usd
1998-01-23,34.15,per_usd
1998-01-26,34.1,per_usd
1998-01-27,34.2,per_usd
1998-01-28,34.2,per_usd
1998-01-29,34.2,per_usd
1998-01-30,34.25,per_usd
1998-02-02,33.5,per_usd
1998-02-03,33.25,per_usd
1998-02-04,34.05,per_usd
1998-02-05,32.95,per_usd
1998-02-06,32.95,per_usd
1998-02-09,33.15,per_usd
1998-02-10,32.95,per_usd
1998-02-11,32.8,per_usd
1998-02-12,32.9,per_usd
1998-02-13,32.85,per_usd
1998-02-17,33.05,per_usd
1998-02-18,32.97,per_usd
1998-02-19,32.85,per_usd
1998-02-20,32.9,per_usd
1998-02-23,32.95,per_usd
1998-02-24,32.8,per_usd
1998-02-25,32.6,per_usd
1998-02-26,32.35,per_usd
1998-02-27,32.2,per_usd
1998-03-02,32.1,per_usd
1998-03-03,32.1,per_usd
1998-03-04,32.05,per_usd
1998-03-05,32.2,per_usd
1998-03-06,32.25,per_usd
1998-03-09,32.25,per_usd
1998-03-10,32.4,per_usd
1998-03-11,32.35,per_usd
1998-03-12,32.45,per_usd
1998-03-13,32.5,per_usd
1998-03-16,32.5,per_usd
1998-03-17,32.6,per_usd
1998-03-18,32.9,per_usd
1998-03-19,32.85,per_usd
1998-03-20,32.85,per_usd
1998-03-23,32.8,per_usd
1998-03-24,32.75,per_usd
1998-03-25,32.7,per_usd
1998-03-26,32.59,per_usd
1998-03-27,32.63,per_usd
1998-03-30,32.75,per_usd
1998-03-31,32.95,per_usd
1998-04-01,32.9,per_usd
1998-04-02,32.95,per_usd
1998-04-03,32.9,per_usd
1998-04-06,32.9,per_usd
1998-04-07,33.1,per_usd
1998-04-08,33.1,per_usd
1998-04-09,33.1,per_usd
1998-04-10,32.9,per_usd
1998-04-13,33.05,per_usd
1998-04-14,33,per_usd
1998-04-15,32.91,per_usd
1998-04-16,33,per_usd
1998-04-17,33.03,per_usd
1998-04-20,33.1,per_usd
1998-04-21,33.05,per_usd
1998-04-22,33.05,per_usd
1998-04-23,33.05,per_usd
1998-04-24,33.05,per_usd
1998-04-27,33.1,per_usd
1998-04-28,33.02,per_usd
1998-04-29,33.1,per_usd
1998-04-30,32.98,per_usd
1998-05-01,33.05,per_usd
1998-05-04,33.01,per_usd
1998-05-05,33.01,per_usd
1998-05-06,33.04,per_usd
1998-05-07,33.17,per_usd
1998-05-08,33.25,per_usd
1998-05-11,33.21,per_usd
1998-05-12,33.42,per_usd
1998-05-13,33.45,per_usd
1998-05-14,33.25,per_usd
1998-05-15,33.25,per_usd
1998-05-18,33.79,per_usd
1998-05-19,33.83,per_usd
1998-05-20,33.69,per_usd
1998-05-21,33.6,per_usd
1998-05-22,33.62,per_usd
1998-05-26,33.89,per_usd
1998-05-27,33.9,per_usd
1998-05-28,33.88,per_usd
1998-05-29,34,per_usd
1998-06-01,34.3,per_usd
1998-06-02,34.34,per_usd
1998-06-03,34.21,per_usd
1998-06-04,34.3,per_usd
1998-06-05,34.35,per_usd
1998-06-08,34.74,per_usd
1998-06-09,34.76,per_usd
1998-06-10,35,per_usd
1998-06-11,34.9,per_usd
1998-06-12,34.95,per_usd
1998-06-15,34.91,per_usd
1998-06-16,34.85,per_usd
1998-06-17,34.85,per_usd
1998-06-18,34.12,per_usd
1998-06-19,34.11,per_usd
1998-06-22,34.4,per_usd
1998-06-23,34.45,per_usd
1998-06-24,34.4,per_usd
1998-06-25,34.55,per_usd
1998-06-26,34.7,per_usd
1998-06-29,34.6,per_usd
1998-06-30,34.37,per_usd
1998-07-01,34.38,per_usd
1998-07-02,34.38,per_usd
1998-07-03,34.41,per_usd
1998-07-06,34.51,per_usd
1998-07-07,34.38,per_usd
1998-07-08,34.4,per_usd
1998-07-09,34.4,per_usd
1998-07-10,34.41,per_usd
1998-07-13,34.5,per_usd
1998-07-14,34.4,per_usd
1998-07-15,34.4,per_usd
1998-07-16,34.37,per_usd
1998-07-17,34.28,per_usd
1998-07-20,34.32,per_usd
1998-07-21,34.32,per_usd
1998-07-22,34.37,per_usd
1998-07-23,34.4,per_usd
1998-07-24,34.4,per_usd
1998-07-27,34.43,per_usd
1998-07-28,34.38,per_usd
1998-07-29,34.34,per_usd
1998-07-30,34.34,per_usd
1998-07-31,34.39,per_usd
1998-08-03,34.45,per_usd
1998-08-04,34.45,per_usd
1998-08-05,34.5,per_usd
1998-08-06,34.51,per_usd
1998-08-07,34.65,per_usd
1998-08-10,34.8,per_usd
1998-08-11,34.9,per_usd
1998-08-12,34.85,per_usd
1998-08-13,34.79,per_usd
1998-08-14,34.71,per_usd
1998-08-17,34.77,per_usd
1998-08-18,34.74,per_usd
1998-08-19,34.85,per_usd
1998-08-20,34.6,per_usd
1998-08-21,34.7,per_usd
1998-08-24,34.85,per_usd
1998-08-25,34.85,per_usd
1998-08-26,34.84,per_usd
1998-08-27,34.8,per_usd
1998-08-28,34.85,per_usd
1998-08-31,34.88,per_usd
1998-09-01,34.81,per_usd
1998-09-02,34.78,per_usd
1998-09-03,34.82,per_usd
1998-09-04,34.75,per_usd
1998-09-08,34.57,per_usd
1998-09-09,34.69,per_usd
1998-09-10,34.61,per_usd
1998-09-11,34.52,per_usd
1998-09-14,34.61,per_usd
1998-09-15,34.61,per_usd
1998-09-16,34.61,per_usd
1998-09-17,34.55,per_usd
1998-09-18,34.53,per_usd
1998-09-21,34.69,per_usd
1998-09-22,34.63,per_usd
1998-09-23,34.71,per_usd
1998-09-24,34.61,per_usd
1998-09-25,34.62,per_usd
1998-09-28,34.61,per_usd
1998-09-29,34.54,per_usd
1998-09-30,34.7,per_usd
1998-10-01,34.37,per_usd
1998-10-02,34.05,per_usd
1998-10-05,33.75,per_usd
1998-10-06,33.54,per_usd
1998-10-07,33.4,per_usd
1998-10-08,33,per_usd
1998-10-09,32.95,per_usd
1998-10-13,33.16,per_usd
1998-10-14,33.3,per_usd
1998-10-15,33.05,per_usd
1998-10-16,32.8,per_usd
1998-10-19,32.99,per_usd
1998-10-20,33,per_usd
1998-10-21,33,per_usd
1998-10-22,32.92,per_usd
1998-10-23,32.96,per_usd
1998-10-26,33,per_usd
1998-10-27,32.7,per_usd
1998-10-28,32.55,per_usd
1998-10-29,32.58,per_usd
1998-10-30,32.48,per_usd
1998-11-02,32.45,per_usd
1998-11-03,32.51,per_usd
1998-11-04,32.53,per_usd
1998-11-05,32.6,per_usd
1998-11-06,32.65,per_usd
1998-11-09,32.68,per_usd
1998-11-10,32.85,per_usd
1998-11-12,32.75,per_usd
1998-11-13,32.73,per_usd
1998-11-16,32.6,per_usd
1998-11-17,32.55,per_usd
1998-11-18,32.65,per_usd
1998-11-19,32.6,per_usd
1998-11-20,32.65,per_usd
1998-11-23,32.5,per_usd
1998-11-24,32.55,per_usd
1998-11-25,32.55,per_usd
1998-11-27,32.55,per_usd
1998-11-30,32.5,per_usd
1998-12-01,32.5,per_usd
1998-12-02,32.47,per_usd
1998-12-03,32.55,per_usd
1998-12-04,32.4,per_usd
1998-12-07,32.4,per_usd
1998-12-08,32.4,per_usd
1998-12-09,32.35,per_usd
1998-12-10,32.3,per_usd
1998-12-11,32.31,per_usd
1998-12-14,32.2,per_usd
1998-12-15,32.2,per_usd
1998-12-16,32.3,per_usd
1998-12-17,32.32,per_usd
1998-12-18,32.3,per_usd
1998-12-21,32.3,per_usd
1998-12-22,32.3,per_usd
1998-12-23,32.35,per_usd
1998-12-24,32.3,per_usd
1998-12-28,32.31,per_usd
1998-12-29,32.31,per_usd
1998-12-30,32.28,per_usd
1998-12-31,32.27,per_usd
1999-01-04,32.13,per_usd
1999-01-05,32.25,per_usd
1999-01-06,32.25,per_usd
1999-01-07,32.13,per_usd
1999-01-08,32.22,per_usd
1999-01-11,32.2,per_usd
1999-01-12,32.26,per_usd
1999-01-13,32.23,per_usd
1999-01-14,32.33,per_usd
1999-01-15,32.26,per_usd
1999-01-19,32.4,per_usd
1999-01-20,32.3,per_usd
1999-01-21,32.31,per_usd
1999-01-22,32.35,per_usd
1999-01-25,32.5,per_usd
1999-01-26,32.5,per_usd
1999-01-27,32.36,per_usd
1999-01-28,32.38,per_usd
1999-01-29,32.34,per_usd
1999-02-01,32.3,per_usd
1999-02-02,32.34,per_usd
1999-02-03,32.3,per_usd
1999-02-04,32.4,per_usd
1999-02-05,32.3,per_usd
1999-02-08,32.29,per_usd
1999-02-09,32.32,per_usd
1999-02-10,32.31,per_usd
1999-02-11,32.36,per_usd
1999-02-12,32.35,per_usd
1999-02-16,32.38,per_usd
1999-02-17,32.4,per_usd
1999-02-18,32.4,per_usd
1999-02-19,32.5,per_usd
1999-02-22,33.2,per_usd
1999-02-23,33.1,per_usd
1999-02-24,33.2,per_usd
1999-02-25,33.14,per_usd
1999-02-26,33.13,per_usd
1999-03-01,33.05,per_usd
1999-03-02,33.1,per_usd
1999-03-03,33.15,per_usd
1999-03-04,33.2,per_usd
1999-03-05,33.4,per_usd
1999-03-08,33.2,per_usd
1999-03-09,33.22,per_usd
1999-03-10,33.15,per_usd
1999-03-11,33.15,per_usd
1999-03-12,33.16,per_usd
1999-03-15,33.12,per_usd
1999-03-16,33.14,per_usd
1999-03-17,33.2,per_usd
1999-03-18,33.1,per_usd
1999-03-19,33.11,per_usd
1999-03-22,33.13,per_usd
1999-03-23,33.15,per_usd
1999-03-24,33.15,per_usd
1999-03-25,33.175,per_usd
1999-03-26,33.18,per_usd
1999-03-29,33.2,per_usd
1999-03-30,33.2,per_usd
1999-03-31,33.17,per_usd
1999-04-01,33.2,per_usd
1999-04-02,33.18,per_usd
1999-04-05,33.3,per_usd
1999-04-06,33.32,per_usd
1999-04-07,33.3,per_usd
1999-04-08,33.3,per_usd
1999-04-09,33.18,per_usd
1999-04-12,33.1,per_usd
1999-04-13,33.1,per_usd
1999-04-14,33,per_usd
1999-04-15,32.85,per_usd
1999-04-16,32.9,per_usd
1999-04-19,32.8,per_usd
1999-04-20,32.75,per_usd
1999-04-21,32.75,per_usd
1999-04-22,32.8,per_usd
1999-04-23,32.75,per_usd
1999-04-26,32.75,per_usd
1999-04-27,32.75,per_usd
1999-04-28,32.7,per_usd
1999-04-29,32.7,per_usd
1999-04-30,32.75,per_usd
1999-05-03,32.75,per_usd
1999-05-04,32.75,per_usd
1999-05-05,32.77,per_usd
1999-05-06,32.795,per_usd
1999-05-07,32.78,per_usd
1999-05-10,32.83,per_usd
1999-05-11,32.74,per_usd
1999-05-12,32.74,per_usd
1999-05-13,32.75,per_usd
1999-05-14,32.79,per_usd
1999-05-17,32.79,per_usd
1999-05-18,32.8,per_usd
1999-05-19,32.81,per_usd
1999-05-20,32.85,per_usd
1999-05-21,32.855,per_usd
1999-05-24,32.8,per_usd
1999-05-25,32.77,per_usd
1999-05-26,32.79,per_usd
1999-05-27,32.85,per_usd
1999-05-28,32.8,per_usd
1999-06-01,32.8,per_usd
1999-06-02,32.8,per_usd
1999-06-03,32.8,per_usd
1999-06-04,32.8,per_usd
1999-06-07,32.65,per_usd
1999-06-08,32.6,per_usd
1999-06-09,32.55,per_usd
1999-06-10,32.55,per_usd
1999-06-11,32.5,per_usd
1999-06-14,32.43,per_usd
1999-06-15,32.39,per_usd
1999-06-16,32.42,per_usd
1999-06-17,32.36,per_usd
1999-06-18,32.37,per_usd
1999-06-21,33,per_usd
1999-06-22,32.36,per_usd
1999-06-23,32.4,per_usd
1999-06-24,32.38,per_usd
1999-06-25,32.41,per_usd
1999-06-28,32.36,per_usd
1999-06-29,32.31,per_usd
1999-06-30,32.31,per_usd
1999-07-01,32.32,per_usd
1999-07-02,32.28,per_usd
1999-07-06,32.29,per_usd
1999-07-07,32.3,per_usd
1999-07-08,32.345,per_usd
1999-07-09,32.355,per_usd
1999-07-12,32.26,per_usd
1999-07-13,32.29,per_usd
1999-07-14,32.29,per_usd
1999-07-15,32.34,per_usd
1999-07-16,32.39,per_usd
1999-07-19,32.36,per_usd
1999-07-20,32.26,per_usd
1999-07-21,32.41,per_usd
1999-07-22,32.5,per_usd
1999-07-23,32.4,per_usd
1999-07-26,32.33,per_usd
1999-07-27,32.4,per_usd
1999-07-28,32.38,per_usd
1999-07-29,32.35,per_usd
1999-07-30,32.24,per_usd
1999-08-02,32.32,per_usd
1999-08-03,32.19,per_usd
1999-08-04,32.25,per_usd
1999-08-05,32.1,per_usd
1999-08-06,32.2,per_usd
1999-08-09,32,per_usd
1999-08-10,32.2,per_usd
1999-08-11,32.2,per_usd
1999-08-12,32.23,per_usd
1999-08-13,32.2,per_usd
1999-08-16,32.1,per_usd
1999-08-17,32.05,per_usd
1999-08-18,32.03,per_usd
1999-08-19,32.02,per_usd
1999-08-20,32.03,per_usd
1999-08-23,31.98,per_usd
1999-08-24,31.98,per_usd
1999-08-25,31.95,per_usd
1999-08-26,31.95,per_usd
1999-08-27,31.9,per_usd
1999-08-30,31.9,per_usd
1999-08-31,31.9,per_usd
1999-09-01,31.88,per_usd
1999-09-02,31.85,per_usd
1999-09-03,31.85,per_usd
1999-09-07,31.88,per_usd
1999-09-08,31.8,per_usd
1999-09-09,31.88,per_usd
1999-09-10,31.85,per_usd
1999-09-13,31.85,per_usd
1999-09-14,31.85,per_usd
1999-09-15,31.83,per_usd
1999-09-16,31.8,per_usd
1999-09-17,31.83,per_usd
1999-09-20,31.75,per_usd
1999-09-21,31.9,per_usd
1999-09-22,31.88,per_usd
1999-09-23,31.88,per_usd
1999-09-24,31.85,per_usd
1999-09-27,31.85,per_usd
1999-09-28,31.85,per_usd
1999-09-29,31.85,per_usd
1999-09-30,31.85,per_usd
1999-10-01,31.83,per_usd
1999-10-04,31.8,per_usd
1999-10-05,31.83,per_usd
1999-10-06,31.85,per_usd
1999-10-07,31.85,per_usd
1999-10-08,31.83,per_usd
1999-10-12,31.83,per_usd
1999-10-13,31.83,per_usd
1999-10-14,31.83,per_usd
1999-10-15,31.84,per_usd
1999-10-18,31.82,per_usd
1999-10-19,31.83,per_usd
1999-10-20,31.83,per_usd
1999-10-21,31.83,per_usd
1999-10-22,31.82,per_usd
1999-10-25,31.82,per_usd
1999-10-26,31.83,per_usd
1999-10-27,31.82,per_usd
1999-10-28,31.81,per_usd
1999-10-29,31.82,per_usd
1999-11-01,31.8,per_usd
1999-11-02,31.81,per_usd
1999-11-03,31.8,per_usd
1999-11-04,31.8,per_usd
1999-11-05,31.81,per_usd
1999-11-08,31.83,per_usd
1999-11-09,31.82,per_usd
1999-11-10,31.83,per_usd
1999-11-12,31.81,per_usd
1999-11-15,31.8,per_usd
1999-11-16,31.82,per_usd
1999-11-17,31.83,per_usd
1999-11-18,31.8,per_usd
1999-11-19,31.81,per_usd
1999-11-22,31.8,per_usd
1999-11-23,31.78,per_usd
1999-11-24,31.78,per_usd
1999-11-26,31.745,per_usd
1999-11-29,31.74,per_usd
1999-11-30,31.67,per_usd
1999-12-01,31.73,per_usd
1999-12-02,31.7,per_usd
1999-12-03,31.69,per_usd
1999-12-06,31.65,per_usd
1999-12-07,31.6,per_usd
1999-12-08,31.6,per_usd
1999-12-09,31.63,per_usd
1999-12-10,31.65,per_usd
1999-12-13,31.65,per_usd
1999-12-14,31.65,per_usd
1999-12-15,31.7,per_usd
1999-12-16,31.68,per_usd
1999-12-17,31.68,per_usd
1999-12-20,31.68,per_usd
1999-12-21,31.68,per_usd
1999-12-22,31.68,per_usd
1999-12-23,31.65,per_usd
1999-12-24,31.63,per_usd
1999-12-27,31.6,per_usd
1999-12-28,31.55,per_usd
1999-12-29,31.5,per_usd
1999-12-30,31.4,per_usd
1999-12-31,31.39,per_usd
2000-01-03,31.38,per_usd
2000-01-04,30.6,per_usd
2000-01-05,30.8,per_usd
2000-01-06,31.75,per_usd
2000-01-07,30.85,per_usd
2000-01-10,30.83,per_usd
2000-01-11,30.83,per_usd
2000-01-12,30.8,per_usd
2000-01-13,30.8,per_usd
2000-01-14,30.83,per_usd
2000-01-18,30.89,per_usd
2000-01-19,30.85,per_usd
2000-01-20,30.85,per_usd
2000-01-21,30.85,per_usd
2000-01-24,30.85,per_usd
2000-01-25,30.85,per_usd
2000-01-26,30.85,per_usd
2000-01-27,30.83,per_usd
2000-01-28,30.75,per_usd
2000-01-31,30.75,per_usd
2000-02-01,31.75,per_usd
2000-02-02,30.8,per_usd
2000-02-03,30.8,per_usd
2000-02-04,30.8,per_usd
2000-02-07,30.8,per_usd
2000-02-08,30.75,per_usd
2000-02-09,30.65,per_usd
2000-02-10,30.65,per_usd
2000-02-11,30.63,per_usd
2000-02-14,30.72,per_usd
2000-02-15,30.75,per_usd
2000-02-16,30.72,per_usd
2000-02-17,30.72,per_usd
2000-02-18,30.765,per_usd
2000-02-22,30.8,per_usd
2000-02-23,30.8,per_usd
2000-02-24,30.85,per_usd
2000-02-25,30.8,per_usd
2000-02-28,30.8,per_usd
2000-02-29,30.76,per_usd
2000-03-01,30.75,per_usd
2000-03-02,30.75,per_usd
2000-03-03,30.75,per_usd
2000-03-06,30.8,per_usd
2000-03-07,30.75,per_usd
2000-03-08,30.76,per_usd
2000-03-09,30.75,per_usd
2000-03-10,30.75,per_usd
2000-03-13,30.75,per_usd
2000-03-14,30.74,per_usd
2000-03-15,30.75,per_usd
2000-03-16,30.815,per_usd
2000-03-17,30.74,per_usd
2000-03-20,30.75,per_usd
2000-03-21,30.78,per_usd
2000-03-22,30.75,per_usd
2000-03-23,30.75,per_usd
2000-03-24,30.7,per_usd
2000-03-27,30.65,per_usd
2000-03-28,30.64,per_usd
2000-03-29,30.6,per_usd
2000-03-30,30.6,per_usd
2000-03-31,30.48,per_usd
2000-04-03,30.5,per_usd
2000-04-04,30.45,per_usd
2000-04-05,30.5,per_usd
2000-04-06,30.48,per_usd
2000-04-07,30.5,per_usd
2000-04-10,30.35,per_usd
2000-04-11,30.35,per_usd
2000-04-12,30.35,per_usd
2000-04-13,30.35,per_usd
2000-04-14,30.45,per_usd
2000-04-17,30.55,per_usd
2000-04-18,30.6,per_usd
2000-04-19,30.62,per_usd
2000-04-20,30.55,per_usd
2000-04-21,30.585,per_usd
2000-04-24,30.6,per_usd
2000-04-25,30.65,per_usd
2000-04-26,30.65,per_usd
2000-04-27,30.65,per_usd
2000-04-28,30.67,per_usd
2000-05-01,30.65,per_usd
2000-05-02,30.68,per_usd
2000-05-03,30.75,per_usd
2000-05-04,30.72,per_usd
2000-05-05,30.68,per_usd
2000-05-08,30.7,per_usd
2000-05-09,30.65,per_usd
2000-05-10,30.73,per_usd
2000-05-11,30.76,per_usd
2000-05-12,30.75,per_usd
2000-05-15,30.83,per_usd
2000-05-16,30.84,per_usd
2000-05-17,30.75,per_usd
2000-05-18,30.82,per_usd
2000-05-19,30.79,per_usd
2000-05-22,30.75,per_usd
2000-05-23,30.8,per_usd
2000-05-24,30.82,per_usd
2000-05-25,30.85,per_usd
2000-05-26,30.85,per_usd
2000-05-30,30.96,per_usd
2000-05-31,30.85,per_usd
2000-06-01,30.9,per_usd
2000-06-02,30.85,per_usd
2000-06-05,30.83,per_usd
2000-06-06,30.83,per_usd
2000-06-07,30.8,per_usd
2000-06-08,30.8,per_usd
2000-06-09,30.8,per_usd
2000-06-12,30.8,per_usd
2000-06-13,30.8,per_usd
2000-06-14,30.8,per_usd
2000-06-15,30.85,per_usd
2000-06-16,30.9,per_usd
2000-06-19,30.9,per_usd
2000-06-20,30.9,per_usd
2000-06-21,30.83,per_usd
2000-06-22,30.8,per_usd
2000-06-23,30.8,per_usd
2000-06-26,30.81,per_usd
2000-06-27,30.82,per_usd
2000-06-28,30.82,per_usd
2000-06-29,30.83,per_usd
2000-06-30,30.8,per_usd
2000-07-03,30.83,per_usd
2000-07-05,30.85,per_usd
2000-07-06,30.88,per_usd
2000-07-07,30.88,per_usd
2000-07-10,30.9,per_usd
2000-07-11,30.9,per_usd
2000-07-12,30.9,per_usd
2000-07-13,30.9,per_usd
2000-07-14,30.9,per_usd
2000-07-17,30.96,per_usd
2000-07-18,31,per_usd
2000-07-19,31.08,per_usd
2000-07-20,31.13,per_usd
2000-07-21,31.08,per_usd
2000-07-24,31.095,per_usd
2000-07-25,31.1,per_usd
2000-07-26,31.08,per_usd
2000-07-27,31.08,per_usd
2000-07-28,31.07,per_usd
2000-07-31,31.06,per_usd
2000-08-01,31.15,per_usd
2000-08-02,31.1,per_usd
2000-08-03,31.15,per_usd
2000-08-04,31.12,per_usd
2000-08-07,31.15,per_usd
2000-08-08,31.1,per_usd
2000-08-09,31.1,per_usd
2000-08-10,31.1,per_usd
2000-08-11,31.11,per_usd
2000-08-14,31.1,per_usd
2000-08-15,31.13,per_usd
2000-08-16,31.13,per_usd
2000-08-17,31.1,per_usd
2000-08-18,31.11,per_usd
2000-08-21,31.1,per_usd
2000-08-22,31.08,per_usd
2000-08-23,31.08,per_usd
2000-08-24,31.07,per_usd
2000-08-25,31.1,per_usd
2000-08-28,31.08,per_usd
2000-08-29,31.09,per_usd
2000-08-30,31.09,per_usd
2000-08-31,31.1,per_usd
2000-09-01,31.1,per_usd
2000-09-05,31.08,per_usd
2000-09-06,31.1,per_usd
2000-09-07,31.1,per_usd
2000-09-08,31.1,per_usd
2000-09-11,31.12,per_usd
2000-09-12,31.11,per_usd
2000-09-13,31.12,per_usd
2000-09-14,31.13,per_usd
2000-09-15,31.17,per_usd
2000-09-18,31.29,per_usd
2000-09-19,31.28,per_usd
2000-09-20,31.29,per_usd
2000-09-21,31.28,per_usd
2000-09-22,31.21,per_usd
2000-09-25,31.29,per_usd
2000-09-26,31.28,per_usd
2000-09-27,31.29,per_usd
2000-09-28,31.29,per_usd
2000-09-29,31.324,per_usd
2000-10-02,31.29,per_usd
2000-10-03,31.32,per_usd
2000-10-04,31.3,per_usd
2000-10-05,31.3,per_usd
2000-10-06,31.31,per_usd
2000-10-10,31.31,per_usd
2000-10-11,31.33,per_usd
2000-10-12,31.3,per_usd
2000-10-13,31.6,per_usd
2000-10-16,32.05,per_usd
2000-10-17,32.3,per_usd
2000-10-18,32.5,per_usd
2000-10-19,32.35,per_usd
2000-10-20,32.15,per_usd
2000-10-23,32.1,per_usd
2000-10-24,32.05,per_usd
2000-10-25,32.05,per_usd
2000-10-26,32.19,per_usd
2000-10-27,32.26,per_usd
2000-10-30,32.35,per_usd
2000-10-31,32.35,per_usd
2000-11-01,32.36,per_usd
2000-11-02,32.25,per_usd
2000-11-03,32.15,per_usd
2000-11-06,32.15,per_usd
2000-11-07,32.15,per_usd
2000-11-08,32.13,per_usd
2000-11-09,32.1,per_usd
2000-11-10,32.07,per_usd
2000-11-13,32.17,per_usd
2000-11-14,32.18,per_usd
2000-11-15,32.15,per_usd
2000-11-16,32.24,per_usd
2000-11-17,32.31,per_usd
2000-11-20,32.48,per_usd
2000-11-21,32.5,per_usd
2000-11-22,32.9,per_usd
2000-11-24,32.9,per_usd
2000-11-27,32.9,per_usd
2000-11-28,32.85,per_usd
2000-11-29,33.08,per_usd
2000-11-30,33.08,per_usd
2000-12-01,33.05,per_usd
2000-12-04,33.05,per_usd
2000-12-05,33.05,per_usd
2000-12-06,33.05,per_usd
2000-12-07,33.08,per_usd
2000-12-08,33.06,per_usd
2000-12-11,33.1,per_usd
2000-12-12,33.06,per_usd
2000-12-13,33.16,per_usd
2000-12-14,33.1,per_usd
2000-12-15,33.1,per_usd
2000-12-18,33.1,per_usd
2000-12-19,33.1,per_usd
2000-12-20,33.18,per_usd
2000-12-21,33.2,per_usd
2000-12-22,33.2,per_usd
2000-12-26,33.2,per_usd
2000-12-27,33.25,per_usd
2000-12-28,33.2,per_usd
2000-12-29,33.17,per_usd
2001-01-02,33,per_usd
2001-01-03,33.078,per_usd
2001-01-04,33,per_usd
2001-01-05,32.927,per_usd
2001-01-08,32.85,per_usd
2001-01-09,32.63,per_usd
2001-01-10,32.65,per_usd
2001-01-11,32.67,per_usd
2001-01-12,32.67,per_usd
2001-01-16,32.645,per_usd
2001-01-17,32.67,per_usd
2001-01-18,32.67,per_usd
2001-01-19,32.61,per_usd
2001-01-22,32.59,per_usd
2001-01-23,32.6,per_usd
2001-01-24,32.6,per_usd
2001-01-25,32.575,per_usd
2001-01-26,32.575,per_usd
2001-01-29,32.545,per_usd
2001-01-30,32.23,per_usd
2001-01-31,32.35,per_usd
2001-02-01,32.39,per_usd
2001-02-02,32.3,per_usd
2001-02-05,32.33,per_usd
2001-02-06,32.27,per_usd
2001-02-07,32.27,per_usd
2001-02-08,32.27,per_usd
2001-02-09,32.27,per_usd
2001-02-12,32.29,per_usd
2001-02-13,32.35,per_usd
2001-02-14,32.32,per_usd
2001-02-15,32.31,per_usd
2001-02-16,32.32,per_usd
2001-02-20,32.3,per_usd
2001-02-21,32.3,per_usd
2001-02-22,32.38,per_usd
2001-02-23,32.4,per_usd
2001-02-26,32.4,per_usd
2001-02-27,32.4,per_usd
2001-02-28,32.4,per_usd
2001-03-01,32.38,per_usd
2001-03-02,32.4,per_usd
2001-03-05,32.4,per_usd
2001-03-06,32.4,per_usd
2001-03-07,32.42,per_usd
2001-03-08,32.42,per_usd
2001-03-09,32.45,per_usd
2001-03-12,32.48,per_usd
2001-03-13,32.57,per_usd
2001-03-14,32.53,per_usd
2001-03-15,32.61,per_usd
2001-03-16,32.73,per_usd
2001-03-19,32.8,per_usd
2001-03-20,32.785,per_usd
2001-03-21,32.82,per_usd
2001-03-22,32.92,per_usd
2001-03-23,32.85,per_usd
2001-03-26,32.72,per_usd
2001-03-27,32.67,per_usd
2001-03-28,32.67,per_usd
2001-03-29,32.8,per_usd
2001-03-30,32.85,per_usd
2001-04-02,32.97,per_usd
2001-04-03,32.89,per_usd
2001-04-04,33,per_usd
2001-04-05,32.9,per_usd
2001-04-06,32.9,per_usd
2001-04-09,33,per_usd
2001-04-10,32.99,per_usd
2001-04-11,32.97,per_usd
2001-04-12,32.92,per_usd
2001-04-13,32.97,per_usd
2001-04-16,32.95,per_usd
2001-04-17,32.97,per_usd
2001-04-18,32.97,per_usd
2001-04-19,32.85,per_usd
2001-04-20,32.91,per_usd
2001-04-23,32.94,per_usd
2001-04-24,32.92,per_usd
2001-04-25,32.93,per_usd
2001-04-26,32.89,per_usd
2001-04-27,32.97,per_usd
2001-04-30,32.94,per_usd
2001-05-01,32.95,per_usd
2001-05-02,32.9,per_usd
2001-05-03,32.89,per_usd
2001-05-04,32.91,per_usd
2001-05-07,32.9,per_usd
2001-05-08,32.91,per_usd
2001-05-09,32.91,per_usd
2001-05-10,32.92,per_usd
2001-05-11,32.92,per_usd
2001-05-14,32.89,per_usd
2001-05-15,32.95,per_usd
2001-05-16,33,per_usd
2001-05-17,33,per_usd
2001-05-18,32.98,per_usd
2001-05-21,33.45,per_usd
2001-05-22,33.47,per_usd
2001-05-23,33.45,per_usd
2001-05-24,33.5,per_usd
2001-05-25,33.55,per_usd
2001-05-29,34.05,per_usd
2001-05-30,34.02,per_usd
2001-05-31,33.95,per_usd
2001-06-01,34.1,per_usd
2001-06-04,34.1,per_usd
2001-06-05,34.08,per_usd
2001-06-06,34.1,per_usd
2001-06-07,34.1,per_usd
2001-06-08,34.1,per_usd
2001-06-11,34.1,per_usd
2001-06-12,34.1,per_usd
2001-06-13,34.43,per_usd
2001-06-14,34.418,per_usd
2001-06-15,34.48,per_usd
2001-06-18,34.48,per_usd
2001-06-19,34.48,per_usd
2001-06-20,34.48,per_usd
2001-06-21,34.45,per_usd
2001-06-22,34.5,per_usd
2001-06-25,34.45,per_usd
2001-06-26,34.44,per_usd
2001-06-27,34.5,per_usd
2001-06-28,34.52,per_usd
2001-06-29,34.48,per_usd
2001-07-02,34.47,per_usd
2001-07-03,34.45,per_usd
2001-07-05,34.51,per_usd
2001-07-06,34.52,per_usd
2001-07-09,34.6,per_usd
2001-07-10,34.7,per_usd
2001-07-11,35.03,per_usd
2001-07-12,35,per_usd
2001-07-13,35.02,per_usd
2001-07-16,35,per_usd
2001-07-17,35.05,per_usd
2001-07-18,35,per_usd
2001-07-19,35.02,per_usd
2001-07-20,35,per_usd
2001-07-23,34.95,per_usd
2001-07-24,34.95,per_usd
2001-07-25,34.87,per_usd
2001-07-26,34.77,per_usd
2001-07-27,34.77,per_usd
2001-07-30,34.77,per_usd
2001-07-31,34.8,per_usd
2001-08-01,34.77,per_usd
2001-08-02,34.56,per_usd
2001-08-03,34.65,per_usd
2001-08-06,34.67,per_usd
2001-08-07,34.7,per_usd
2001-08-08,34.65,per_usd
2001-08-09,34.7,per_usd
2001-08-10,34.67,per_usd
2001-08-13,34.65,per_usd
2001-08-14,34.6,per_usd
2001-08-15,34.6,per_usd
2001-08-16,34.6,per_usd
2001-08-17,34.6,per_usd
2001-08-20,34.65,per_usd
2001-08-21,34.62,per_usd
2001-08-22,34.65,per_usd
2001-08-23,34.67,per_usd
2001-08-24,34.67,per_usd
2001-08-27,34.64,per_usd
2001-08-28,34.64,per_usd
2001-08-29,34.56,per_usd
2001-08-30,34.6,per_usd
2001-08-31,34.58,per_usd
2001-09-04,34.58,per_usd
2001-09-05,34.62,per_usd
2001-09-06,34.65,per_usd
2001-09-07,34.7,per_usd
2001-09-10,34.7,per_usd
2001-09-12,34.58,per_usd
2001-09-13,34.544,per_usd
2001-09-14,34.57,per_usd
2001-09-17,34.562,per_usd
2001-09-18,34.52,per_usd
2001-09-19,34.49,per_usd
2001-09-20,34.61,per_usd
2001-09-21,34.61,per_usd
2001-09-24,34.56,per_usd
2001-09-25,34.62,per_usd
2001-09-26,34.5,per_usd
2001-09-27,34.55,per_usd
2001-09-28,34.56,per_usd
2001-10-01,34.6,per_usd
2001-10-02,34.62,per_usd
2001-10-03,34.61,per_usd
2001-10-04,34.61,per_usd
2001-10-05,34.6,per_usd
2001-10-09,34.6,per_usd
2001-10-10,34.6,per_usd
2001-10-11,34.6,per_usd
2001-10-12,34.53,per_usd
2001-10-15,34.58,per_usd
2001-10-16,34.58,per_usd
2001-10-17,34.58,per_usd
2001-10-18,34.58,per_usd
2001-10-19,34.58,per_usd
2001-10-22,34.58,per_usd
2001-10-23,34.58,per_usd
2001-10-24,34.58,per_usd
2001-10-25,34.59,per_usd
2001-10-26,34.57,per_usd
2001-10-29,34.55,per_usd
2001-10-30,34.55,per_usd
2001-10-31,34.55,per_usd
2001-11-01,34.55,per_usd
2001-11-02,34.55,per_usd
2001-11-05,34.55,per_usd
2001-11-06,34.55,per_usd
2001-11-07,34.55,per_usd
2001-11-08,34.5,per_usd
2001-11-09,34.5,per_usd
2001-11-13,34.5,per_usd
2001-11-14,34.48,per_usd
2001-11-15,34.5,per_usd
2001-11-16,34.5,per_usd
2001-11-19,34.5,per_usd
2001-11-20,34.5,per_usd
2001-11-21,34.47,per_usd
2001-11-23,34.47,per_usd
2001-11-26,34.47,per_usd
2001-11-27,34.46,per_usd
2001-11-28,34.44,per_usd
2001-11-29,34.44,per_usd
2001-11-30,34.47,per_usd
2001-12-03,34.46,per_usd
2001-12-04,34.46,per_usd
2001-12-05,34.46,per_usd
2001-12-06,34.46,per_usd
2001-12-07,34.46,per_usd
2001-12-10,34.48,per_usd
2001-12-11,34.46,per_usd
2001-12-12,34.46,per_usd
2001-12-13,34.46,per_usd
2001-12-14,34.5,per_usd
2001-12-17,34.58,per_usd
2001-12-18,34.71,per_usd
2001-12-19,34.73,per_usd
2001-12-20,34.76,per_usd
2001-12-21,34.92,per_usd
2001-12-24,34.97,per_usd
2001-12-26,35.1,per_usd
2001-12-27,35.13,per_usd
2001-12-28,35.08,per_usd
2001-12-31,35,per_usd
2002-01-02,35.04,per_usd
2002-01-03,35.03,per_usd
2002-01-04,35,per_usd
2002-01-07,34.94,per_usd
2002-01-08,35.04,per_usd
2002-01-09,35.05,per_usd
2002-01-10,35.03,per_usd
2002-01-11,35.05,per_usd
2002-01-14,35.03,per_usd
2002-01-15,35,per_usd
2002-01-16,35,per_usd
2002-01-17,35.03,per_usd
2002-01-18,35.03,per_usd
2002-01-22,35.08,per_usd
2002-01-23,35.08,per_usd
2002-01-24,35.08,per_usd
2002-01-25,35.06,per_usd
2002-01-28,35.02,per_usd
2002-01-29,35,per_usd
2002-01-30,34.99,per_usd
2002-01-31,34.99,per_usd
2002-02-01,35,per_usd
2002-02-04,35.05,per_usd
2002-02-05,34.99,per_usd
2002-02-06,35.02,per_usd
2002-02-07,35.03,per_usd
2002-02-08,35.08,per_usd
2002-02-11,35.08,per_usd
2002-02-12,35.08,per_usd
2002-02-13,35.08,per_usd
2002-02-14,35.08,per_usd
2002-02-15,35.1,per_usd
2002-02-19,35.1,per_usd
2002-02-20,35.1,per_usd
2002-02-21,35.1,per_usd
2002-02-22,35.1,per_usd
2002-02-25,35.09,per_usd
2002-02-26,35.09,per_usd
2002-02-27,35.11,per_usd
2002-02-28,35.11,per_usd
2002-03-01,35.1,per_usd
2002-03-04,35.09,per_usd
2002-03-05,35.07,per_usd
2002-03-06,35.03,per_usd
2002-03-07,34.99,per_usd
2002-03-08,34.95,per_usd
2002-03-11,34.95,per_usd
2002-03-12,34.95,per_usd
2002-03-13,34.98,per_usd
2002-03-14,34.98,per_usd
2002-03-15,34.99,per_usd
2002-03-18,35.03,per_usd
2002-03-19,35.05,per_usd
2002-03-20,35.05,per_usd
2002-03-21,35.04,per_usd
2002-03-22,35.04,per_usd
2002-03-25,35.05,per_usd
2002-03-26,35.04,per_usd
2002-03-27,35.02,per_usd
2002-03-28,35.01,per_usd
2002-03-29,35,per_usd
2002-04-01,35,per_usd
2002-04-02,35.01,per_usd
2002-04-03,35,per_usd
2002-04-04,35,per_usd
2002-04-05,35,per_usd
2002-04-08,34.98,per_usd
2002-04-09,34.98,per_usd
2002-04-10,34.98,per_usd
2002-04-11,34.99,per_usd
2002-04-12,35,per_usd
2002-04-15,34.99,per_usd
2002-04-16,34.98,per_usd
2002-04-17,34.96,per_usd
2002-04-18,34.94,per_usd
2002-04-19,34.9,per_usd
2002-04-22,34.85,per_usd
2002-04-23,34.81,per_usd
2002-04-24,34.81,per_usd
2002-04-25,34.78,per_usd
2002-04-26,34.77,per_usd
2002-04-29,34.73,per_usd
2002-04-30,34.72,per_usd
2002-05-01,34.72,per_usd
2002-05-02,34.65,per_usd
2002-05-03,34.59,per_usd
2002-05-06,34.57,per_usd
2002-05-07,34.57,per_usd
2002-05-08,34.59,per_usd
2002-05-09,34.61,per_usd
2002-05-10,34.57,per_usd
2002-05-13,34.55,per_usd
2002-05-14,34.58,per_usd
2002-05-15,34.57,per_usd
2002-05-16,34.54,per_usd
2002-05-17,34.46,per_usd
2002-05-20,34.41,per_usd
2002-05-21,34.37,per_usd
2002-05-22,34.34,per_usd
2002-05-23,34.33,per_usd
2002-05-24,34.36,per_usd
2002-05-28,34.28,per_usd
2002-05-29,34.21,per_usd
2002-05-30,34.06,per_usd
2002-05-31,34.05,per_usd
2002-06-03,34.04,per_usd
2002-06-04,33.99,per_usd
2002-06-05,34,per_usd
2002-06-06,34.07,per_usd
2002-06-07,34.06,per_usd
2002-06-10,34.06,per_usd
2002-06-11,34.02,per_usd
2002-06-12,34.02,per_usd
2002-06-13,34.02,per_usd
2002-06-14,34.01,per_usd
2002-06-17,34,per_usd
2002-06-18,34.02,per_usd
2002-06-19,34,per_usd
2002-06-20,33.92,per_usd
2002-06-21,33.76,per_usd
2002-06-24,33.67,per_usd
2002-06-25,33.64,per_usd
2002-06-26,33.52,per_usd
2002-06-27,33.5,per_usd
2002-06-28,33.46,per_usd
2002-07-01,33.47,per_usd
2002-07-02,33.49,per_usd
2002-07-03,33.5,per_usd
2002-07-05,33.48,per_usd
2002-07-08,33.41,per_usd
2002-07-09,33.28,per_usd
2002-07-10,33.18,per_usd
2002-07-11,33.18,per_usd
2002-07-12,33.18,per_usd
2002-07-15,33.11,per_usd
2002-07-16,33,per_usd
2002-07-17,32.85,per_usd
2002-07-18,32.89,per_usd
2002-07-19,32.87,per_usd
2002-07-22,32.88,per_usd
2002-07-23,33.14,per_usd
2002-07-24,33.25,per_usd
2002-07-25,33.26,per_usd
2002-07-26,33.54,per_usd
2002-07-29,33.76,per_usd
2002-07-30,33.66,per_usd
2002-07-31,33.61,per_usd
2002-08-01,33.52,per_usd
2002-08-02,33.57,per_usd
2002-08-05,33.68,per_usd
2002-08-06,33.88,per_usd
2002-08-07,33.75,per_usd
2002-08-08,33.85,per_usd
2002-08-09,33.77,per_usd
2002-08-12,33.72,per_usd
2002-08-13,33.7,per_usd
2002-08-14,33.59,per_usd
2002-08-15,33.68,per_usd
2002-08-16,33.74,per_usd
2002-08-19,33.84,per_usd
2002-08-20,33.9,per_usd
2002-08-21,34,per_usd
2002-08-22,34.02,per_usd
2002-08-23,34.12,per_usd
2002-08-26,34.24,per_usd
2002-08-27,34.24,per_usd
2002-08-28,34.22,per_usd
2002-08-29,34.18,per_usd
2002-08-30,34.24,per_usd
2002-09-03,34.33,per_usd
2002-09-04,34.24,per_usd
2002-09-05,34.12,per_usd
2002-09-06,34.12,per_usd
2002-09-09,34.24,per_usd
2002-09-10,34.3,per_usd
2002-09-11,34.38,per_usd
2002-09-12,34.41,per_usd
2002-09-13,34.41,per_usd
2002-09-16,34.75,per_usd
2002-09-17,34.78,per_usd
2002-09-18,34.69,per_usd
2002-09-19,34.61,per_usd
2002-09-20,34.77,per_usd
2002-09-23,34.78,per_usd
2002-09-24,34.81,per_usd
2002-09-25,34.9,per_usd
2002-09-26,34.98,per_usd
2002-09-27,34.92,per_usd
2002-09-30,34.92,per_usd
2002-10-01,34.91,per_usd
2002-10-02,34.97,per_usd
2002-10-03,34.99,per_usd
2002-10-04,34.99,per_usd
2002-10-07,35.06,per_usd
2002-10-08,35.12,per_usd
2002-10-09,35.11,per_usd
2002-10-10,35.11,per_usd
2002-10-11,35.16,per_usd
2002-10-15,35.15,per_usd
2002-10-16,34.96,per_usd
2002-10-17,34.85,per_usd
2002-10-18,34.91,per_usd
2002-10-21,34.9,per_usd
2002-10-22,34.92,per_usd
2002-10-23,34.86,per_usd
2002-10-24,34.8,per_usd
2002-10-25,34.8,per_usd
2002-10-28,34.89,per_usd
2002-10-29,34.82,per_usd
2002-10-30,34.8,per_usd
2002-10-31,34.75,per_usd
2002-11-01,34.75,per_usd
2002-11-04,34.65,per_usd
2002-11-05,34.58,per_usd
2002-11-06,34.64,per_usd
2002-11-07,34.55,per_usd
2002-11-08,34.46,per_usd
2002-11-12,34.52,per_usd
2002-11-13,34.57,per_usd
2002-11-14,34.69,per_usd
2002-11-15,34.66,per_usd
2002-11-18,34.71,per_usd
2002-11-19,34.73,per_usd
2002-11-20,34.82,per_usd
2002-11-21,34.75,per_usd
2002-11-22,34.71,per_usd
2002-11-25,34.75,per_usd
2002-11-26,34.72,per_usd
2002-11-27,34.77,per_usd
2002-11-29,34.76,per_usd
2002-12-02,34.79,per_usd
2002-12-03,34.84,per_usd
2002-12-04,34.83,per_usd
2002-12-05,34.89,per_usd
2002-12-06,34.85,per_usd
2002-12-09,34.76,per_usd
2002-12-10,34.8,per_usd
2002-12-11,34.8,per_usd
2002-12-12,34.79,per_usd
2002-12-13,34.79,per_usd
2002-12-16,34.75,per_usd
2002-12-17,34.74,per_usd
2002-12-18,34.8,per_usd
2002-12-19,34.84,per_usd
2002-12-20,34.8,per_usd
2002-12-23,34.77,per_usd
2002-12-24,34.8,per_usd
2002-12-26,34.82,per_usd
2002-12-27,34.83,per_usd
2002-12-30,34.79,per_usd
2002-12-31,34.7,per_usd
2003-01-02,34.74,per_usd
2003-01-03,34.76,per_usd
2003-01-06,34.6,per_usd
2003-01-07,34.55,per_usd
2003-01-08,34.59,per_usd
2003-01-09,34.51,per_usd
2003-01-10,34.54,per_usd
2003-01-13,34.51,per_usd
2003-01-14,34.48,per_usd
2003-01-15,34.44,per_usd
2003-01-16,34.4,per_usd
2003-01-17,34.42,per_usd
2003-01-21,34.63,per_usd
2003-01-22,34.59,per_usd
2003-01-23,34.61,per_usd
2003-01-24,34.55,per_usd
2003-01-27,34.51,per_usd
2003-01-28,34.7,per_usd
2003-01-29,34.61,per_usd
2003-01-30,34.65,per_usd
2003-01-31,34.61,per_usd
2003-02-03,34.61,per_usd
2003-02-04,34.74,per_usd
2003-02-05,34.74,per_usd
2003-02-06,34.68,per_usd
2003-02-07,34.71,per_usd
2003-02-10,34.78,per_usd
2003-02-11,34.71,per_usd
2003-02-12,34.71,per_usd
2003-02-13,34.71,per_usd
2003-02-14,34.819,per_usd
2003-02-18,34.71,per_usd
2003-02-19,34.71,per_usd
2003-02-20,34.78,per_usd
2003-02-21,34.75,per_usd
2003-02-24,34.76,per_usd
2003-02-25,34.72,per_usd
2003-02-26,34.78,per_usd
2003-02-27,34.75,per_usd
2003-02-28,34.78,per_usd
2003-03-03,34.78,per_usd
2003-03-04,34.66,per_usd
2003-03-05,34.62,per_usd
2003-03-06,34.67,per_usd
2003-03-07,34.6,per_usd
2003-03-10,34.58,per_usd
2003-03-11,34.62,per_usd
2003-03-12,34.72,per_usd
2003-03-13,34.74,per_usd
2003-03-14,34.71,per_usd
2003-03-17,34.704,per_usd
2003-03-18,34.71,per_usd
2003-03-19,34.8,per_usd
2003-03-20,34.76,per_usd
2003-03-21,34.79,per_usd
2003-03-24,34.78,per_usd
2003-03-25,34.78,per_usd
2003-03-26,34.78,per_usd
2003-03-27,34.8,per_usd
2003-03-28,34.8,per_usd
2003-03-31,34.75,per_usd
2003-04-01,34.8,per_usd
2003-04-02,34.8,per_usd
2003-04-03,34.81,per_usd
2003-04-04,34.825,per_usd
2003-04-07,34.84,per_usd
2003-04-08,34.82,per_usd
2003-04-09,34.81,per_usd
2003-04-10,34.8,per_usd
2003-04-11,34.8,per_usd
2003-04-14,34.81,per_usd
2003-04-15,34.81,per_usd
2003-04-16,34.8,per_usd
2003-04-17,34.79,per_usd
2003-04-18,34.79,per_usd
2003-04-21,34.81,per_usd
2003-04-22,34.81,per_usd
2003-04-23,34.81,per_usd
2003-04-24,34.86,per_usd
2003-04-25,34.81,per_usd
2003-04-28,34.98,per_usd
2003-04-29,34.89,per_usd
2003-04-30,34.85,per_usd
2003-05-01,34.85,per_usd
2003-05-02,34.8,per_usd
2003-05-05,34.8,per_usd
2003-05-06,34.7,per_usd
2003-05-07,34.7,per_usd
2003-05-08,34.65,per_usd
2003-05-09,34.65,per_usd
2003-05-12,34.65,per_usd
2003-05-13,34.7,per_usd
2003-05-14,34.7,per_usd
2003-05-15,34.65,per_usd
2003-05-16,34.65,per_usd
2003-05-19,34.6,per_usd
2003-05-20,34.6,per_usd
2003-05-21,34.66,per_usd
2003-05-22,34.69,per_usd
2003-05-23,34.7,per_usd
2003-05-27,34.7,per_usd
2003-05-28,34.726,per_usd
2003-05-29,34.75,per_usd
2003-05-30,34.71,per_usd
2003-06-02,34.7,per_usd
2003-06-03,34.7,per_usd
2003-06-04,34.68,per_usd
2003-06-05,34.68,per_usd
2003-06-06,34.68,per_usd
2003-06-09,34.68,per_usd
2003-06-10,34.68,per_usd
2003-06-11,34.7,per_usd
2003-06-12,34.7,per_usd
2003-06-13,34.65,per_usd
2003-06-16,34.6,per_usd
2003-06-17,34.52,per_usd
2003-06-18,34.55,per_usd
2003-06-19,34.6,per_usd
2003-06-20,34.59,per_usd
2003-06-23,34.6,per_usd
2003-06-24,34.6,per_usd
2003-06-25,34.56,per_usd
2003-06-26,34.6,per_usd
2003-06-27,34.61,per_usd
2003-06-30,34.61,per_usd
2003-07-01,34.58,per_usd
2003-07-02,34.54,per_usd
2003-07-03,34.45,per_usd
2003-07-07,34.39,per_usd
2003-07-08,34.35,per_usd
2003-07-09,34.35,per_usd
2003-07-10,34.25,per_usd
2003-07-11,34.35,per_usd
2003-07-14,34.35,per_usd
2003-07-15,34.35,per_usd
2003-07-16,34.41,per_usd
2003-07-17,34.41,per_usd
2003-07-18,34.41,per_usd
2003-07-21,34.41,per_usd
2003-07-22,34.41,per_usd
2003-07-23,34.4,per_usd
2003-07-24,34.37,per_usd
2003-07-25,34.37,per_usd
2003-07-28,34.4,per_usd
2003-07-29,34.37,per_usd
2003-07-30,34.4,per_usd
2003-07-31,34.41,per_usd
2003-08-01,34.44,per_usd
2003-08-04,34.47,per_usd
2003-08-05,34.46,per_usd
2003-08-06,34.43,per_usd
2003-08-07,34.45,per_usd
2003-08-08,34.45,per_usd
2003-08-11,34.34,per_usd
2003-08-12,34.35,per_usd
2003-08-13,34.33,per_usd
2003-08-14,34.37,per_usd
2003-08-15,34.37,per_usd
2003-08-18,34.32,per_usd
2003-08-19,34.34,per_usd
2003-08-20,34.3,per_usd
2003-08-21,34.23,per_usd
2003-08-22,34.21,per_usd
2003-08-25,34.18,per_usd
2003-08-26,34.2,per_usd
2003-08-27,34.13,per_usd
2003-08-28,34.19,per_usd
2003-08-29,34.12,per_usd
2003-09-02,34.12,per_usd
2003-09-03,34.15,per_usd
2003-09-04,34.12,per_usd
2003-09-05,34.12,per_usd
2003-09-08,34.1,per_usd
2003-09-09,34.1,per_usd
2003-09-10,34.1,per_usd
2003-09-11,34.1,per_usd
2003-09-12,34.1,per_usd
2003-09-15,34.13,per_usd
2003-09-16,34.1,per_usd
2003-09-17,34.1,per_usd
2003-09-18,34.11,per_usd
2003-09-19,34.05,per_usd
2003-09-22,33.8,per_usd
2003-09-23,33.75,per_usd
2003-09-24,33.78,per_usd
2003-09-25,33.72,per_usd
2003-09-26,33.78,per_usd
2003-09-29,33.78,per_usd
2003-09-30,33.78,per_usd
2003-10-01,33.83,per_usd
2003-10-02,33.78,per_usd
2003-10-03,33.75,per_usd
2003-10-06,33.78,per_usd
2003-10-07,33.78,per_usd
2003-10-08,33.79,per_usd
2003-10-09,33.73,per_usd
2003-10-10,33.72,per_usd
2003-10-14,33.9,per_usd
2003-10-15,33.85,per_usd
2003-10-16,33.82,per_usd
2003-10-17,33.92,per_usd
2003-10-20,33.9,per_usd
2003-10-21,34.05,per_usd
2003-10-22,33.95,per_usd
2003-10-23,33.95,per_usd
2003-10-24,33.95,per_usd
2003-10-27,33.95,per_usd
2003-10-28,33.95,per_usd
2003-10-29,33.95,per_usd
2003-10-30,33.96,per_usd
2003-10-31,33.98,per_usd
2003-11-03,34.02,per_usd
2003-11-04,34,per_usd
2003-11-05,34.06,per_usd
2003-11-06,34,per_usd
2003-11-07,34,per_usd
2003-11-10,33.95,per_usd
2003-11-12,34,per_usd
2003-11-13,34,per_usd
2003-11-14,34,per_usd
2003-11-17,34.01,per_usd
2003-11-18,34,per_usd
2003-11-19,34,per_usd
2003-11-20,34.03,per_usd
2003-11-21,34.05,per_usd
2003-11-24,34.06,per_usd
2003-11-25,34.1,per_usd
2003-11-26,34.17,per_usd
2003-11-28,34.2,per_usd
2003-12-01,34.15,per_usd
2003-12-02,34.15,per_usd
2003-12-03,34.1,per_usd
2003-12-04,34.1,per_usd
2003-12-05,34.11,per_usd
2003-12-08,34.05,per_usd
2003-12-09,34.03,per_usd
2003-12-10,34.04,per_usd
2003-12-11,34.03,per_usd
2003-12-12,34.03,per_usd
2003-12-15,34.03,per_usd
2003-12-16,34.02,per_usd
2003-12-17,34.02,per_usd
2003-12-18,34.05,per_usd
2003-12-19,34.05,per_usd
2003-12-22,34.05,per_usd
2003-12-23,34.05,per_usd
2003-12-24,34.05,per_usd
2003-12-26,34.05,per_usd
2003-12-29,34.06,per_usd
2003-12-30,34.03,per_usd
2003-12-31,33.99,per_usd
2004-01-02,33.98,per_usd
2004-01-05,33.9,per_usd
2004-01-06,33.8,per_usd
2004-01-07,33.82,per_usd
2004-01-08,33.8,per_usd
2004-01-09,33.75,per_usd
2004-01-12,33.68,per_usd
2004-01-13,33.66,per_usd
2004-01-14,33.68,per_usd
2004-01-15,33.67,per_usd
2004-01-16,33.68,per_usd
2004-01-20,33.68,per_usd
2004-01-21,33.68,per_usd
2004-01-22,33.64,per_usd
2004-01-23,33.63,per_usd
2004-01-26,33.73,per_usd
2004-01-27,33.51,per_usd
2004-01-28,33.33,per_usd
2004-01-29,33.36,per_usd
2004-01-30,33.39,per_usd
2004-02-02,33.36,per_usd
2004-02-03,33.25,per_usd
2004-02-04,33.25,per_usd
2004-02-05,33.25,per_usd
2004-02-06,33.3,per_usd
2004-02-09,33.2,per_usd
2004-02-10,33.21,per_usd
2004-02-11,33.15,per_usd
2004-02-12,33.13,per_usd
2004-02-13,33.15,per_usd
2004-02-17,33.13,per_usd
2004-02-18,33.1,per_usd
2004-02-19,33.11,per_usd
2004-02-20,33.13,per_usd
2004-02-23,33.28,per_usd
2004-02-24,33.32,per_usd
2004-02-25,33.25,per_usd
2004-02-26,33.21,per_usd
2004-02-27,33.28,per_usd
2004-03-01,33.29,per_usd
2004-03-02,33.3,per_usd
2004-03-03,33.32,per_usd
2004-03-04,33.33,per_usd
2004-03-05,33.28,per_usd
2004-03-08,33.35,per_usd
2004-03-09,33.28,per_usd
2004-03-10,33.35,per_usd
2004-03-11,33.28,per_usd
2004-03-12,33.42,per_usd
2004-03-15,33.4,per_usd
2004-03-16,33.31,per_usd
2004-03-17,33.25,per_usd
2004-03-18,33.13,per_usd
2004-03-19,33.22,per_usd
2004-03-22,33.21,per_usd
2004-03-23,33.25,per_usd
2004-03-24,33.16,per_usd
2004-03-25,33.19,per_usd
2004-03-26,33.24,per_usd
2004-03-29,33.15,per_usd
2004-03-30,33.09,per_usd
2004-03-31,33,per_usd
2004-04-01,32.89,per_usd
2004-04-02,33,per_usd
2004-04-05,32.89,per_usd
2004-04-06,32.93,per_usd
2004-04-07,32.94,per_usd
2004-04-08,32.85,per_usd
2004-04-09,32.87,per_usd
2004-04-12,32.82,per_usd
2004-04-13,32.73,per_usd
2004-04-14,32.84,per_usd
2004-04-15,33.03,per_usd
2004-04-16,33.17,per_usd
2004-04-19,32.87,per_usd
2004-04-20,32.95,per_usd
2004-04-21,32.95,per_usd
2004-04-22,33.05,per_usd
2004-04-23,33.03,per_usd
2004-04-26,33.05,per_usd
2004-04-27,32.99,per_usd
2004-04-28,32.99,per_usd
2004-04-29,33.24,per_usd
2004-04-30,33.27,per_usd
2004-05-03,33.26,per_usd
2004-05-04,33.18,per_usd
2004-05-05,33.16,per_usd
2004-05-06,33.14,per_usd
2004-05-07,33.39,per_usd
2004-05-10,33.7,per_usd
2004-05-11,33.6,per_usd
2004-05-12,33.4,per_usd
2004-05-13,33.51,per_usd
2004-05-14,33.663,per_usd
2004-05-17,33.62,per_usd
2004-05-18,33.63,per_usd
2004-05-19,33.37,per_usd
2004-05-20,33.59,per_usd
2004-05-21,33.49,per_usd
2004-05-24,33.49,per_usd
2004-05-25,33.48,per_usd
2004-05-26,33.47,per_usd
2004-05-27,33.38,per_usd
2004-05-28,33.36,per_usd
2004-06-01,33.53,per_usd
2004-06-02,33.45,per_usd
2004-06-03,33.45,per_usd
2004-06-04,33.47,per_usd
2004-06-07,33.46,per_usd
2004-06-08,33.4,per_usd
2004-06-09,33.35,per_usd
2004-06-10,33.4,per_usd
2004-06-11,33.51,per_usd
2004-06-14,33.52,per_usd
2004-06-15,33.7,per_usd
2004-06-16,33.58,per_usd
2004-06-17,33.61,per_usd
2004-06-18,33.64,per_usd
2004-06-21,33.67,per_usd
2004-06-22,33.8,per_usd
2004-06-23,33.79,per_usd
2004-06-24,33.59,per_usd
2004-06-25,33.57,per_usd
2004-06-28,33.65,per_usd
2004-06-29,33.69,per_usd
2004-06-30,33.66,per_usd
2004-07-01,33.6,per_usd
2004-07-02,33.62,per_usd
2004-07-06,33.61,per_usd
2004-07-07,33.58,per_usd
2004-07-08,33.6,per_usd
2004-07-09,33.62,per_usd
2004-07-12,33.64,per_usd
2004-07-13,33.62,per_usd
2004-07-14,33.685,per_usd
2004-07-15,33.85,per_usd
2004-07-16,33.815,per_usd
2004-07-19,33.84,per_usd
2004-07-20,33.87,per_usd
2004-07-21,33.835,per_usd
2004-07-22,33.85,per_usd
2004-07-23,33.965,per_usd
2004-07-26,34.15,per_usd
2004-07-27,34.05,per_usd
2004-07-28,34,per_usd
2004-07-29,34.09,per_usd
2004-07-30,34.04,per_usd
2004-08-02,33.98,per_usd
2004-08-03,34.11,per_usd
2004-08-04,34.08,per_usd
2004-08-05,34.05,per_usd
2004-08-06,34.16,per_usd
2004-08-09,34.05,per_usd
2004-08-10,33.99,per_usd
2004-08-11,34.04,per_usd
2004-08-12,34.14,per_usd
2004-08-13,34.07,per_usd
2004-08-16,34.03,per_usd
2004-08-17,34.04,per_usd
2004-08-18,34.05,per_usd
2004-08-19,33.93,per_usd
2004-08-20,33.93,per_usd
2004-08-23,33.95,per_usd
2004-08-24,34.06,per_usd
2004-08-25,34.07,per_usd
2004-08-26,33.95,per_usd
2004-08-27,33.97,per_usd
2004-08-30,33.92,per_usd
2004-08-31,33.94,per_usd
2004-09-01,33.87,per_usd
2004-09-02,33.84,per_usd
2004-09-03,33.81,per_usd
2004-09-07,33.95,per_usd
2004-09-08,33.9,per_usd
2004-09-09,33.82,per_usd
2004-09-10,33.93,per_usd
2004-09-13,33.92,per_usd
2004-09-14,33.875,per_usd
2004-09-15,33.76,per_usd
2004-09-16,33.69,per_usd
2004-09-17,33.875,per_usd
2004-09-20,33.91,per_usd
2004-09-21,33.93,per_usd
2004-09-22,33.8,per_usd
2004-09-23,33.85,per_usd
2004-09-24,33.88,per_usd
2004-09-27,34,per_usd
2004-09-28,34.1,per_usd
2004-09-29,34.05,per_usd
2004-09-30,33.99,per_usd
2004-10-01,33.84,per_usd
2004-10-04,33.89,per_usd
2004-10-05,33.93,per_usd
2004-10-06,33.925,per_usd
2004-10-07,33.925,per_usd
2004-10-08,33.74,per_usd
2004-10-12,33.895,per_usd
2004-10-13,33.92,per_usd
2004-10-14,33.89,per_usd
2004-10-15,33.88,per_usd
2004-10-18,33.76,per_usd
2004-10-19,33.87,per_usd
2004-10-20,33.81,per_usd
2004-10-21,33.78,per_usd
2004-10-22,33.62,per_usd
2004-10-25,33.7,per_usd
2004-10-26,33.68,per_usd
2004-10-27,33.58,per_usd
2004-10-28,33.465,per_usd
2004-10-29,33.395,per_usd
2004-11-01,33.44,per_usd
2004-11-02,33.48,per_usd
2004-11-03,33.385,per_usd
2004-11-04,33.15,per_usd
2004-11-05,33.095,per_usd
2004-11-08,32.915,per_usd
2004-11-09,32.915,per_usd
2004-11-10,33.23,per_usd
2004-11-12,32.97,per_usd
2004-11-15,32.815,per_usd
2004-11-16,32.81,per_usd
2004-11-17,32.57,per_usd
2004-11-18,32.635,per_usd
2004-11-19,32.44,per_usd
2004-11-22,32.46,per_usd
2004-11-23,32.45,per_usd
2004-11-24,32.21,per_usd
2004-11-26,32.2,per_usd
2004-11-29,32.17,per_usd
2004-11-30,32.2,per_usd
2004-12-01,32.18,per_usd
2004-12-02,31.85,per_usd
2004-12-03,32.18,per_usd
2004-12-06,32.02,per_usd
2004-12-07,32.08,per_usd
2004-12-08,32.12,per_usd
2004-12-09,32.16,per_usd
2004-12-10,32.455,per_usd
2004-12-13,32.275,per_usd
2004-12-14,32.49,per_usd
2004-12-15,32.41,per_usd
2004-12-16,32.32,per_usd
2004-12-17,32.35,per_usd
2004-12-20,32.3,per_usd
2004-12-21,32.34,per_usd
2004-12-22,32.26,per_usd
2004-12-23,32.18,per_usd
2004-12-24,32.171,per_usd
2004-12-27,32.04,per_usd
2004-12-28,32.035,per_usd
2004-12-29,32.02,per_usd
2004-12-30,31.94,per_usd
2004-12-31,31.74,per_usd
2005-01-03,31.71,per_usd
2005-01-04,31.79,per_usd
2005-01-05,31.92,per_usd
2005-01-06,32.04,per_usd
2005-01-07,32,per_usd
2005-01-10,32.215,per_usd
2005-01-11,31.98,per_usd
2005-01-12,31.85,per_usd
2005-01-13,31.69,per_usd
2005-01-14,31.885,per_usd
2005-01-18,31.88,per_usd
2005-01-19,31.79,per_usd
2005-01-20,31.79,per_usd
2005-01-21,31.84,per_usd
2005-01-24,31.65,per_usd
2005-01-25,31.84,per_usd
2005-01-26,31.7,per_usd
2005-01-27,31.92,per_usd
2005-01-28,31.73,per_usd
2005-01-31,31.71,per_usd
2005-02-01,31.79,per_usd
2005-02-02,31.69,per_usd
2005-02-03,31.655,per_usd
2005-02-04,31.54,per_usd
2005-02-07,31.605,per_usd
2005-02-08,31.77,per_usd
2005-02-09,31.79,per_usd
2005-02-10,31.725,per_usd
2005-02-11,31.64,per_usd
2005-02-14,31.535,per_usd
2005-02-15,31.445,per_usd
2005-02-16,31.59,per_usd
2005-02-17,31.47,per_usd
2005-02-18,31.46,per_usd
2005-02-22,31.115,per_usd
2005-02-23,31.195,per_usd
2005-02-24,31.215,per_usd
2005-02-25,31.165,per_usd
2005-02-28,31.06,per_usd
2005-03-01,30.945,per_usd
2005-03-02,30.74,per_usd
2005-03-03,30.847,per_usd
2005-03-04,30.81,per_usd
2005-03-07,30.873,per_usd
2005-03-08,30.865,per_usd
2005-03-09,30.806,per_usd
2005-03-10,30.65,per_usd
2005-03-11,30.68,per_usd
2005-03-14,30.821,per_usd
2005-03-15,30.99,per_usd
2005-03-16,30.98,per_usd
2005-03-17,31.04,per_usd
2005-03-18,31.01,per_usd
2005-03-21,31.28,per_usd
2005-03-22,31.29,per_usd
2005-03-23,31.38,per_usd
2005-03-24,31.42,per_usd
2005-03-25,31.45,per_usd
2005-03-28,31.63,per_usd
2005-03-29,31.73,per_usd
2005-03-30,31.73,per_usd
2005-03-31,31.46,per_usd
2005-04-01,31.34,per_usd
2005-04-04,31.54,per_usd
2005-04-05,31.54,per_usd
2005-04-06,31.53,per_usd
2005-04-07,31.51,per_usd
2005-04-08,31.57,per_usd
2005-04-11,31.57,per_usd
2005-04-12,31.62,per_usd
2005-04-13,31.42,per_usd
2005-04-14,31.7,per_usd
2005-04-15,31.56,per_usd
2005-04-18,31.62,per_usd
2005-04-19,31.5,per_usd
2005-04-20,31.46,per_usd
2005-04-21,31.51,per_usd
2005-04-22,31.49,per_usd
2005-04-25,31.32,per_usd
2005-04-26,31.34,per_usd
2005-04-27,31.39,per_usd
2005-04-28,31.32,per_usd
2005-04-29,31.23,per_usd
2005-05-02,31.33,per_usd
2005-05-03,31.26,per_usd
2005-05-04,31,per_usd
2005-05-05,31.05,per_usd
2005-05-06,31.15,per_usd
2005-05-09,31.24,per_usd
2005-05-10,31.2,per_usd
2005-05-11,30.98,per_usd
2005-05-12,31.3,per_usd
2005-05-13,31.27,per_usd
2005-05-16,31.37,per_usd
2005-05-17,31.39,per_usd
2005-05-18,31.34,per_usd
2005-05-19,31.34,per_usd
2005-05-20,31.47,per_usd
2005-05-23,31.38,per_usd
2005-05-24,31.3,per_usd
2005-05-25,31.37,per_usd
2005-05-26,31.41,per_usd
2005-05-27,31.29,per_usd
2005-05-31,31.13,per_usd
2005-06-01,31.3,per_usd
2005-06-02,31.3,per_usd
2005-06-03,31.27,per_usd
2005-06-06,31.15,per_usd
2005-06-07,31.22,per_usd
2005-06-08,31.27,per_usd
2005-06-09,31.29,per_usd
2005-06-10,31.33,per_usd
2005-06-13,31.48,per_usd
2005-06-14,31.43,per_usd
2005-06-15,31.37,per_usd
2005-06-16,31.4,per_usd
2005-06-17,31.22,per_usd
2005-06-20,31.37,per_usd
2005-06-21,31.3,per_usd
2005-06-22,31.36,per_usd
2005-06-23,31.35,per_usd
2005-06-24,31.31,per_usd
2005-06-27,31.32,per_usd
2005-06-28,31.33,per_usd
2005-06-29,31.63,per_usd
2005-06-30,31.64,per_usd
2005-07-01,31.64,per_usd
2005-07-05,31.95,per_usd
2005-07-06,31.88,per_usd
2005-07-07,32.01,per_usd
2005-07-08,32.07,per_usd
2005-07-11,31.93,per_usd
2005-07-12,31.82,per_usd
2005-07-13,31.88,per_usd
2005-07-14,31.93,per_usd
2005-07-15,31.95,per_usd
2005-07-18,31.87,per_usd
2005-07-19,32,per_usd
2005-07-20,31.89,per_usd
2005-07-21,31.94,per_usd
2005-07-22,31.61,per_usd
2005-07-25,31.72,per_usd
2005-07-26,31.94,per_usd
2005-07-27,31.91,per_usd
2005-07-28,31.85,per_usd
2005-07-29,31.92,per_usd
2005-08-01,31.9,per_usd
2005-08-02,31.82,per_usd
2005-08-03,31.84,per_usd
2005-08-04,31.85,per_usd
2005-08-05,31.77,per_usd
2005-08-08,31.81,per_usd
2005-08-09,31.96,per_usd
2005-08-10,31.88,per_usd
2005-08-11,31.9,per_usd
2005-08-12,31.88,per_usd
2005-08-15,31.95,per_usd
2005-08-16,31.98,per_usd
2005-08-17,32.05,per_usd
2005-08-18,32.19,per_usd
2005-08-19,32.15,per_usd
2005-08-22,32.1,per_usd
2005-08-23,32.16,per_usd
2005-08-24,32.23,per_usd
2005-08-25,32.25,per_usd
2005-08-26,32.2,per_usd
2005-08-29,32.44,per_usd
2005-08-30,32.72,per_usd
2005-08-31,32.71,per_usd
2005-09-01,32.71,per_usd
2005-09-02,32.52,per_usd
2005-09-06,32.54,per_usd
2005-09-07,32.6,per_usd
2005-09-08,32.74,per_usd
2005-09-09,32.7,per_usd
2005-09-12,32.68,per_usd
2005-09-13,32.74,per_usd
2005-09-14,32.77,per_usd
2005-09-15,32.83,per_usd
2005-09-16,32.93,per_usd
2005-09-19,33.1,per_usd
2005-09-20,33.04,per_usd
2005-09-21,33.07,per_usd
2005-09-22,33.14,per_usd
2005-09-23,33.17,per_usd
2005-09-26,33.27,per_usd
2005-09-27,33.24,per_usd
2005-09-28,33.24,per_usd
2005-09-29,33.21,per_usd
2005-09-30,33.18,per_usd
2005-10-03,33.19,per_usd
2005-10-04,33.29,per_usd
2005-10-05,33.19,per_usd
2005-10-06,33.21,per_usd
2005-10-07,33.19,per_usd
2005-10-11,33.22,per_usd
2005-10-12,33.33,per_usd
2005-10-13,33.43,per_usd
2005-10-14,33.41,per_usd
2005-10-17,33.45,per_usd
2005-10-18,33.54,per_usd
2005-10-19,33.64,per_usd
2005-10-20,33.68,per_usd
2005-10-21,33.63,per_usd
2005-10-24,33.77,per_usd
2005-10-25,33.74,per_usd
2005-10-26,33.66,per_usd
2005-10-27,33.63,per_usd
2005-10-28,33.6,per_usd
2005-10-31,33.55,per_usd
2005-11-01,33.58,per_usd
2005-11-02,33.58,per_usd
2005-11-03,33.58,per_usd
2005-11-04,33.61,per_usd
2005-11-07,33.68,per_usd
2005-11-08,33.71,per_usd
2005-11-09,33.64,per_usd
2005-11-10,33.56,per_usd
2005-11-14,33.39,per_usd
2005-11-15,33.51,per_usd
2005-11-16,33.62,per_usd
2005-11-17,33.63,per_usd
2005-11-18,33.63,per_usd
2005-11-21,33.61,per_usd
2005-11-22,33.62,per_usd
2005-11-23,33.48,per_usd
2005-11-25,33.55,per_usd
2005-11-28,33.6,per_usd
2005-11-29,33.51,per_usd
2005-11-30,33.51,per_usd
2005-12-01,33.56,per_usd
2005-12-02,33.53,per_usd
2005-12-05,33.49,per_usd
2005-12-06,33.46,per_usd
2005-12-07,33.48,per_usd
2005-12-08,33.5,per_usd
2005-12-09,33.5,per_usd
2005-12-12,33.55,per_usd
2005-12-13,33.45,per_usd
2005-12-14,33.318,per_usd
2005-12-15,33.18,per_usd
2005-12-16,33.12,per_usd
2005-12-19,33.18,per_usd
2005-12-20,33.25,per_usd
2005-12-21,33.25,per_usd
2005-12-22,33.21,per_usd
2005-12-23,33.13,per_usd
2005-12-27,33.09,per_usd
2005-12-28,33.06,per_usd
2005-12-29,32.9,per_usd
2005-12-30,32.8,per_usd
2006-01-03,32.59,per_usd
2006-01-04,32.29,per_usd
2006-01-05,31.96,per_usd
2006-01-06,32.15,per_usd
2006-01-09,31.9,per_usd
2006-01-10,31.98,per_usd
2006-01-11,32.07,per_usd
2006-01-12,31.83,per_usd
2006-01-13,31.94,per_usd
2006-01-17,31.95,per_usd
2006-01-18,32.12,per_usd
2006-01-19,32.13,per_usd
2006-01-20,32.1,per_usd
2006-01-23,31.94,per_usd
2006-01-24,31.94,per_usd
2006-01-25,31.97,per_usd
2006-01-26,31.96,per_usd
2006-01-27,31.94,per_usd
2006-01-30,31.97,per_usd
2006-01-31,31.97,per_usd
2006-02-01,31.97,per_usd
2006-02-02,31.98,per_usd
2006-02-03,32.08,per_usd
2006-02-06,32.08,per_usd
2006-02-07,32.22,per_usd
2006-02-08,32.34,per_usd
2006-02-09,32.41,per_usd
2006-02-10,32.26,per_usd
2006-02-13,32.37,per_usd
2006-02-14,32.29,per_usd
2006-02-15,32.35,per_usd
2006-02-16,32.4,per_usd
2006-02-17,32.38,per_usd
2006-02-21,32.44,per_usd
2006-02-22,32.65,per_usd
2006-02-23,32.51,per_usd
2006-02-24,32.48,per_usd
2006-02-27,32.45,per_usd
2006-02-28,32.4,per_usd
2006-03-01,32.28,per_usd
2006-03-02,32.3,per_usd
2006-03-03,32.35,per_usd
2006-03-06,32.43,per_usd
2006-03-07,32.51,per_usd
2006-03-08,32.52,per_usd
2006-03-09,32.48,per_usd
2006-03-10,32.47,per_usd
2006-03-13,32.5,per_usd
2006-03-14,32.38,per_usd
2006-03-15,32.35,per_usd
2006-03-16,32.44,per_usd
2006-03-17,32.38,per_usd
2006-03-20,32.38,per_usd
2006-03-21,32.46,per_usd
2006-03-22,32.51,per_usd
2006-03-23,32.57,per_usd
2006-03-24,32.62,per_usd
2006-03-27,32.56,per_usd
2006-03-28,32.6,per_usd
2006-03-29,32.55,per_usd
2006-03-30,32.49,per_usd
2006-03-31,32.42,per_usd
2006-04-03,32.54,per_usd
2006-04-04,32.42,per_usd
2006-04-05,32.43,per_usd
2006-04-06,32.28,per_usd
2006-04-07,32.28,per_usd
2006-04-10,32.36,per_usd
2006-04-11,32.4,per_usd
2006-04-12,32.52,per_usd
2006-04-13,32.45,per_usd
2006-04-14,32.48,per_usd
2006-04-17,32.42,per_usd
2006-04-18,32.44,per_usd
2006-04-19,32.36,per_usd
2006-04-20,32.3,per_usd
2006-04-21,32.3,per_usd
2006-04-24,31.98,per_usd
2006-04-25,31.94,per_usd
2006-04-26,32.05,per_usd
2006-04-27,31.91,per_usd
2006-04-28,31.9,per_usd
2006-05-01,31.9,per_usd
2006-05-02,31.72,per_usd
2006-05-03,31.57,per_usd
2006-05-04,31.63,per_usd
2006-05-05,31.6,per_usd
2006-05-08,31.32,per_usd
2006-05-09,31.49,per_usd
2006-05-10,31.28,per_usd
2006-05-11,31.45,per_usd
2006-05-12,31.35,per_usd
2006-05-15,31.59,per_usd
2006-05-16,31.75,per_usd
2006-05-17,31.53,per_usd
2006-05-18,31.84,per_usd
2006-05-19,31.89,per_usd
2006-05-22,32.13,per_usd
2006-05-23,31.98,per_usd
2006-05-24,32,per_usd
2006-05-25,32.09,per_usd
2006-05-26,32.02,per_usd
2006-05-30,32.09,per_usd
2006-05-31,31.99,per_usd
2006-06-01,32.05,per_usd
2006-06-02,32.04,per_usd
2006-06-05,32.03,per_usd
2006-06-06,32.02,per_usd
2006-06-07,32.21,per_usd
2006-06-08,32.46,per_usd
2006-06-09,32.4,per_usd
2006-06-12,32.54,per_usd
2006-06-13,32.62,per_usd
2006-06-14,32.53,per_usd
2006-06-15,32.53,per_usd
2006-06-16,32.42,per_usd
2006-06-19,32.54,per_usd
2006-06-20,32.56,per_usd
2006-06-21,32.59,per_usd
2006-06-22,32.6,per_usd
2006-06-23,32.7,per_usd
2006-06-26,32.67,per_usd
2006-06-27,32.65,per_usd
2006-06-28,32.62,per_usd
2006-06-29,32.56,per_usd
2006-06-30,32.33,per_usd
2006-07-03,32.24,per_usd
2006-07-05,32.32,per_usd
2006-07-06,32.39,per_usd
2006-07-07,32.34,per_usd
2006-07-10,32.31,per_usd
2006-07-11,32.45,per_usd
2006-07-12,32.46,per_usd
2006-07-13,32.54,per_usd
2006-07-14,32.63,per_usd
2006-07-17,32.85,per_usd
2006-07-18,32.85,per_usd
2006-07-19,32.87,per_usd
2006-07-20,32.71,per_usd
2006-07-21,32.69,per_usd
2006-07-24,32.85,per_usd
2006-07-25,32.78,per_usd
2006-07-26,32.84,per_usd
2006-07-27,32.74,per_usd
2006-07-28,32.74,per_usd
2006-07-31,32.74,per_usd
2006-08-01,32.82,per_usd
2006-08-02,32.86,per_usd
2006-08-03,32.86,per_usd
2006-08-04,32.87,per_usd
2006-08-07,32.81,per_usd
2006-08-08,32.81,per_usd
2006-08-09,32.77,per_usd
2006-08-10,32.54,per_usd
2006-08-11,32.61,per_usd
2006-08-14,32.71,per_usd
2006-08-15,32.7,per_usd
2006-08-16,32.7,per_usd
2006-08-17,32.59,per_usd
2006-08-18,32.62,per_usd
2006-08-21,32.65,per_usd
2006-08-22,32.72,per_usd
2006-08-23,32.74,per_usd
2006-08-24,32.81,per_usd
2006-08-25,32.85,per_usd
2006-08-28,32.91,per_usd
2006-08-29,32.82,per_usd
2006-08-30,32.87,per_usd
2006-08-31,32.86,per_usd
2006-09-01,32.85,per_usd
2006-09-05,32.71,per_usd
2006-09-06,32.8,per_usd
2006-09-07,32.79,per_usd
2006-09-08,32.89,per_usd
2006-09-11,32.92,per_usd
2006-09-12,32.91,per_usd
2006-09-13,32.88,per_usd
2006-09-14,32.91,per_usd
2006-09-15,32.93,per_usd
2006-09-18,32.91,per_usd
2006-09-19,32.89,per_usd
2006-09-20,32.9,per_usd
2006-09-21,32.92,per_usd
2006-09-22,32.93,per_usd
2006-09-25,32.94,per_usd
2006-09-26,32.94,per_usd
2006-09-27,32.96,per_usd
2006-09-28,32.99,per_usd
2006-09-29,33.1,per_usd
2006-10-02,33.13,per_usd
2006-10-03,33.05,per_usd
2006-10-04,33.12,per_usd
2006-10-05,33.09,per_usd
2006-10-06,33.09,per_usd
2006-10-10,33.09,per_usd
2006-10-11,33.29,per_usd
2006-10-12,33.23,per_usd
2006-10-13,33.12,per_usd
2006-10-16,33.23,per_usd
2006-10-17,33.15,per_usd
2006-10-18,33.18,per_usd
2006-10-19,33.19,per_usd
2006-10-20,33.2,per_usd
2006-10-23,33.27,per_usd
2006-10-24,33.31,per_usd
2006-10-25,33.31,per_usd
2006-10-26,33.26,per_usd
2006-10-27,33.28,per_usd
2006-10-30,33.22,per_usd
2006-10-31,33.26,per_usd
2006-11-01,33.16,per_usd
2006-11-02,33.02,per_usd
2006-11-03,32.91,per_usd
2006-11-06,32.95,per_usd
2006-11-07,32.78,per_usd
2006-11-08,32.85,per_usd
2006-11-09,32.89,per_usd
2006-11-10,32.77,per_usd
2006-11-13,32.77,per_usd
2006-11-14,32.77,per_usd
2006-11-15,32.81,per_usd
2006-11-16,32.82,per_usd
2006-11-17,32.92,per_usd
2006-11-20,32.92,per_usd
2006-11-21,32.84,per_usd
2006-11-22,32.81,per_usd
2006-11-24,32.77,per_usd
2006-11-27,32.7,per_usd
2006-11-28,32.67,per_usd
2006-11-29,32.49,per_usd
2006-11-30,32.35,per_usd
2006-12-01,32.34,per_usd
2006-12-04,32.39,per_usd
2006-12-05,32.29,per_usd
2006-12-06,32.29,per_usd
2006-12-07,32.27,per_usd
2006-12-08,32.39,per_usd
2006-12-11,32.49,per_usd
2006-12-12,32.48,per_usd
2006-12-13,32.56,per_usd
2006-12-14,32.53,per_usd
2006-12-15,32.58,per_usd
2006-12-18,32.6,per_usd
2006-12-19,32.74,per_usd
2006-12-20,32.61,per_usd
2006-12-21,32.55,per_usd
2006-12-22,32.55,per_usd
2006-12-26,32.65,per_usd
2006-12-27,32.68,per_usd
2006-12-28,32.65,per_usd
2006-12-29,32.59,per_usd
2007-01-02,32.38,per_usd
2007-01-03,32.4,per_usd
2007-01-04,32.53,per_usd
2007-01-05,32.61,per_usd
2007-01-08,32.67,per_usd
2007-01-09,32.69,per_usd
2007-01-10,32.75,per_usd
2007-01-11,32.83,per_usd
2007-01-12,32.74,per_usd
2007-01-16,32.77,per_usd
2007-01-17,32.78,per_usd
2007-01-18,32.79,per_usd
2007-01-19,32.81,per_usd
2007-01-22,32.95,per_usd
2007-01-23,32.95,per_usd
2007-01-24,32.82,per_usd
2007-01-25,32.85,per_usd
2007-01-26,32.93,per_usd
2007-01-29,32.99,per_usd
2007-01-30,32.97,per_usd
2007-01-31,32.95,per_usd
2007-02-01,32.86,per_usd
2007-02-02,32.91,per_usd
2007-02-05,32.92,per_usd
2007-02-06,32.92,per_usd
2007-02-07,33.01,per_usd
2007-02-08,33.03,per_usd
2007-02-09,32.96,per_usd
2007-02-12,33.02,per_usd
2007-02-13,33.08,per_usd
2007-02-14,32.98,per_usd
2007-02-15,32.9,per_usd
2007-02-16,32.94,per_usd
2007-02-20,32.98,per_usd
2007-02-21,32.98,per_usd
2007-02-22,32.98,per_usd
2007-02-23,33.07,per_usd
2007-02-26,32.96,per_usd
2007-02-27,32.92,per_usd
2007-02-28,32.98,per_usd
2007-03-01,32.88,per_usd
2007-03-02,32.84,per_usd
2007-03-05,32.92,per_usd
2007-03-06,32.96,per_usd
2007-03-07,32.92,per_usd
2007-03-08,32.97,per_usd
2007-03-09,32.96,per_usd
2007-03-12,32.98,per_usd
2007-03-13,32.96,per_usd
2007-03-14,33.03,per_usd
2007-03-15,33.04,per_usd
2007-03-16,33.1,per_usd
2007-03-19,33.11,per_usd
2007-03-20,33.13,per_usd
2007-03-21,33.11,per_usd
2007-03-22,32.99,per_usd
2007-03-23,33.04,per_usd
2007-03-26,33.06,per_usd
2007-03-27,33.06,per_usd
2007-03-28,33.06,per_usd
2007-03-29,33.08,per_usd
2007-03-30,33.01,per_usd
2007-04-02,33.06,per_usd
2007-04-03,33.12,per_usd
2007-04-04,33.05,per_usd
2007-04-05,33.06,per_usd
2007-04-06,33.14,per_usd
2007-04-09,33.06,per_usd
2007-04-10,33.11,per_usd
2007-04-11,33.12,per_usd
2007-04-12,33.1,per_usd
2007-04-13,33.13,per_usd
2007-04-16,33.15,per_usd
2007-04-17,33.13,per_usd
2007-04-18,33.16,per_usd
2007-04-19,33.11,per_usd
2007-04-20,33.15,per_usd
2007-04-23,33.17,per_usd
2007-04-24,33.17,per_usd
2007-04-25,33.18,per_usd
2007-04-26,33.28,per_usd
2007-04-27,33.27,per_usd
2007-04-30,33.33,per_usd
2007-05-01,33.35,per_usd
2007-05-02,33.34,per_usd
2007-05-03,33.3,per_usd
2007-05-04,33.27,per_usd
2007-05-07,33.21,per_usd
2007-05-08,33.26,per_usd
2007-05-09,33.28,per_usd
2007-05-10,33.33,per_usd
2007-05-11,33.28,per_usd
2007-05-14,33.32,per_usd
2007-05-15,33.33,per_usd
2007-05-16,33.34,per_usd
2007-05-17,33.37,per_usd
2007-05-18,33.35,per_usd
2007-05-21,33.38,per_usd
2007-05-22,33.39,per_usd
2007-05-23,33.41,per_usd
2007-05-24,33.29,per_usd
2007-05-25,33.23,per_usd
2007-05-29,33.02,per_usd
2007-05-30,32.97,per_usd
2007-05-31,33.09,per_usd
2007-06-01,33,per_usd
2007-06-04,33,per_usd
2007-06-05,32.99,per_usd
2007-06-06,33.01,per_usd
2007-06-07,33.03,per_usd
2007-06-08,32.98,per_usd
2007-06-11,33.02,per_usd
2007-06-12,33.02,per_usd
2007-06-13,33.05,per_usd
2007-06-14,33.17,per_usd
2007-06-15,33.18,per_usd
2007-06-18,33.17,per_usd
2007-06-19,33.15,per_usd
2007-06-20,33.05,per_usd
2007-06-21,32.93,per_usd
2007-06-22,32.75,per_usd
2007-06-25,32.74,per_usd
2007-06-26,32.77,per_usd
2007-06-27,32.8,per_usd
2007-06-28,32.82,per_usd
2007-06-29,32.83,per_usd
2007-07-02,32.77,per_usd
2007-07-03,32.79,per_usd
2007-07-05,32.79,per_usd
2007-07-06,32.84,per_usd
2007-07-09,32.79,per_usd
2007-07-10,32.78,per_usd
2007-07-11,32.78,per_usd
2007-07-12,32.79,per_usd
2007-07-13,32.8,per_usd
2007-07-16,32.84,per_usd
2007-07-17,32.83,per_usd
2007-07-18,32.83,per_usd
2007-07-19,32.82,per_usd
2007-07-20,32.79,per_usd
2007-07-23,32.78,per_usd
2007-07-24,32.79,per_usd
2007-07-25,32.8,per_usd
2007-07-26,32.83,per_usd
2007-07-27,32.88,per_usd
2007-07-30,32.8,per_usd
2007-07-31,32.88,per_usd
2007-08-01,32.9,per_usd
2007-08-02,32.86,per_usd
2007-08-03,32.91,per_usd
2007-08-06,32.9,per_usd
2007-08-07,32.91,per_usd
2007-08-08,32.94,per_usd
2007-08-09,32.92,per_usd
2007-08-10,32.94,per_usd
2007-08-13,32.95,per_usd
2007-08-14,32.99,per_usd
2007-08-15,33.01,per_usd
2007-08-16,33.08,per_usd
2007-08-17,32.84,per_usd
2007-08-20,32.89,per_usd
2007-08-21,33.04,per_usd
2007-08-22,32.99,per_usd
2007-08-23,32.97,per_usd
2007-08-24,32.98,per_usd
2007-08-27,32.99,per_usd
2007-08-28,33.02,per_usd
2007-08-29,33.01,per_usd
2007-08-30,33.06,per_usd
2007-08-31,33.02,per_usd
2007-09-04,33.03,per_usd
2007-09-05,33.05,per_usd
2007-09-06,33.05,per_usd
2007-09-07,33.04,per_usd
2007-09-10,33.06,per_usd
2007-09-11,33.08,per_usd
2007-09-12,33.06,per_usd
2007-09-13,33.08,per_usd
2007-09-14,33.08,per_usd
2007-09-17,33.08,per_usd
2007-09-18,33.1,per_usd
2007-09-19,33.08,per_usd
2007-09-20,33.06,per_usd
2007-09-21,32.95,per_usd
2007-09-24,32.92,per_usd
2007-09-25,32.95,per_usd
2007-09-26,32.93,per_usd
2007-09-27,32.92,per_usd
2007-09-28,32.67,per_usd
2007-10-01,32.56,per_usd
2007-10-02,32.58,per_usd
2007-10-03,32.57,per_usd
2007-10-04,32.58,per_usd
2007-10-05,32.6,per_usd
2007-10-09,32.59,per_usd
2007-10-10,32.59,per_usd
2007-10-11,32.57,per_usd
2007-10-12,32.58,per_usd
2007-10-15,32.6,per_usd
2007-10-16,32.6,per_usd
2007-10-17,32.61,per_usd
2007-10-18,32.6,per_usd
2007-10-19,32.57,per_usd
2007-10-22,32.57,per_usd
2007-10-23,32.58,per_usd
2007-10-24,32.57,per_usd
2007-10-25,32.48,per_usd
2007-10-26,32.46,per_usd
2007-10-29,32.39,per_usd
2007-10-30,32.4,per_usd
2007-10-31,32.39,per_usd
2007-11-01,32.38,per_usd
2007-11-02,32.39,per_usd
2007-11-05,32.4,per_usd
2007-11-06,32.38,per_usd
2007-11-07,32.34,per_usd
2007-11-08,32.3,per_usd
2007-11-09,32.27,per_usd
2007-11-13,32.29,per_usd
2007-11-14,32.28,per_usd
2007-11-15,32.29,per_usd
2007-11-16,32.34,per_usd
2007-11-19,32.35,per_usd
2007-11-20,32.35,per_usd
2007-11-21,32.34,per_usd
2007-11-23,32.32,per_usd
2007-11-26,32.32,per_usd
2007-11-27,32.32,per_usd
2007-11-28,32.33,per_usd
2007-11-29,32.3,per_usd
2007-11-30,32.26,per_usd
2007-12-03,32.3,per_usd
2007-12-04,32.31,per_usd
2007-12-05,32.3,per_usd
2007-12-06,32.31,per_usd
2007-12-07,32.3,per_usd
2007-12-10,32.32,per_usd
2007-12-11,32.34,per_usd
2007-12-12,32.35,per_usd
2007-12-13,32.36,per_usd
2007-12-14,32.36,per_usd
2007-12-17,32.48,per_usd
2007-12-18,32.52,per_usd
2007-12-19,32.51,per_usd
2007-12-20,32.5,per_usd
2007-12-21,32.49,per_usd
2007-12-24,32.49,per_usd
2007-12-26,32.53,per_usd
2007-12-27,32.53,per_usd
2007-12-28,32.5,per_usd
2007-12-31,32.43,per_usd
2008-01-02,32.44,per_usd
2008-01-03,32.43,per_usd
2008-01-04,32.42,per_usd
2008-01-07,32.49,per_usd
2008-01-08,32.46,per_usd
2008-01-09,32.47,per_usd
2008-01-10,32.49,per_usd
2008-01-11,32.47,per_usd
2008-01-14,32.33,per_usd
2008-01-15,32.23,per_usd
2008-01-16,32.27,per_usd
2008-01-17,32.28,per_usd
2008-01-18,32.31,per_usd
2008-01-22,32.44,per_usd
2008-01-23,32.41,per_usd
2008-01-24,32.34,per_usd
2008-01-25,32.29,per_usd
2008-01-28,32.32,per_usd
2008-01-29,32.29,per_usd
2008-01-30,32.2,per_usd
2008-01-31,32.15,per_usd
2008-02-01,32.03,per_usd
2008-02-04,32.03,per_usd
2008-02-05,32,per_usd
2008-02-06,32,per_usd
2008-02-07,32,per_usd
2008-02-08,32,per_usd
2008-02-11,32,per_usd
2008-02-12,31.87,per_usd
2008-02-13,31.63,per_usd
2008-02-14,31.69,per_usd
2008-02-15,31.73,per_usd
2008-02-19,31.66,per_usd
2008-02-20,31.63,per_usd
2008-02-21,31.52,per_usd
2008-02-22,31.31,per_usd
2008-02-25,31.25,per_usd
2008-02-26,31.18,per_usd
2008-02-27,30.9,per_usd
2008-02-28,30.9,per_usd
2008-02-29,30.92,per_usd
2008-03-03,31.09,per_usd
2008-03-04,30.91,per_usd
2008-03-05,30.83,per_usd
2008-03-06,30.7,per_usd
2008-03-07,30.71,per_usd
2008-03-10,30.63,per_usd
2008-03-11,30.58,per_usd
2008-03-12,30.68,per_usd
2008-03-13,30.66,per_usd
2008-03-14,30.74,per_usd
2008-03-17,30.85,per_usd
2008-03-18,30.72,per_usd
2008-03-19,30.71,per_usd
2008-03-20,30.66,per_usd
2008-03-21,30.5,per_usd
2008-03-24,30.19,per_usd
2008-03-25,30.08,per_usd
2008-03-26,29.99,per_usd
2008-03-27,30.14,per_usd
2008-03-28,30.38,per_usd
2008-03-31,30.37,per_usd
2008-04-01,30.3,per_usd
2008-04-02,30.37,per_usd
2008-04-03,30.41,per_usd
2008-04-04,30.41,per_usd
2008-04-07,30.41,per_usd
2008-04-08,30.52,per_usd
2008-04-09,30.45,per_usd
2008-04-10,30.3,per_usd
2008-04-11,30.29,per_usd
2008-04-14,30.31,per_usd
2008-04-15,30.25,per_usd
2008-04-16,30.24,per_usd
2008-04-17,30.29,per_usd
2008-04-18,30.41,per_usd
2008-04-21,30.27,per_usd
2008-04-22,30.26,per_usd
2008-04-23,30.29,per_usd
2008-04-24,30.35,per_usd
2008-04-25,30.34,per_usd
2008-04-28,30.42,per_usd
2008-04-29,30.46,per_usd
2008-04-30,30.47,per_usd
2008-05-01,30.51,per_usd
2008-05-02,30.49,per_usd
2008-05-05,30.46,per_usd
2008-05-06,30.44,per_usd
2008-05-07,30.64,per_usd
2008-05-08,30.85,per_usd
2008-05-09,30.74,per_usd
2008-05-12,30.79,per_usd
2008-05-13,30.86,per_usd
2008-05-14,30.99,per_usd
2008-05-15,30.91,per_usd
2008-05-16,30.6,per_usd
2008-05-19,30.47,per_usd
2008-05-20,30.54,per_usd
2008-05-21,30.4,per_usd
2008-05-22,30.36,per_usd
2008-05-23,30.49,per_usd
2008-05-27,30.53,per_usd
2008-05-28,30.49,per_usd
2008-05-29,30.44,per_usd
2008-05-30,30.37,per_usd
2008-06-02,30.15,per_usd
2008-06-03,30.37,per_usd
2008-06-04,30.35,per_usd
2008-06-05,30.38,per_usd
2008-06-06,30.41,per_usd
2008-06-09,30.32,per_usd
2008-06-10,30.44,per_usd
2008-06-11,30.34,per_usd
2008-06-12,30.39,per_usd
2008-06-13,30.44,per_usd
2008-06-16,30.38,per_usd
2008-06-17,30.33,per_usd
2008-06-18,30.38,per_usd
2008-06-19,30.39,per_usd
2008-06-20,30.42,per_usd
2008-06-23,30.44,per_usd
2008-06-24,30.4,per_usd
2008-06-25,30.33,per_usd
2008-06-26,30.39,per_usd
2008-06-27,30.37,per_usd
2008-06-30,30.36,per_usd
2008-07-01,30.37,per_usd
2008-07-02,30.38,per_usd
2008-07-03,30.43,per_usd
2008-07-07,30.38,per_usd
2008-07-08,30.38,per_usd
2008-07-09,30.4,per_usd
2008-07-10,30.43,per_usd
2008-07-11,30.38,per_usd
2008-07-14,30.4,per_usd
2008-07-15,30.38,per_usd
2008-07-16,30.35,per_usd
2008-07-17,30.35,per_usd
2008-07-18,30.32,per_usd
2008-07-21,30.34,per_usd
2008-07-22,30.34,per_usd
2008-07-23,30.39,per_usd
2008-07-24,30.43,per_usd
2008-07-25,30.45,per_usd
2008-07-28,30.4,per_usd
2008-07-29,30.48,per_usd
2008-07-30,30.61,per_usd
2008-07-31,30.72,per_usd
2008-08-01,30.75,per_usd
2008-08-04,30.7,per_usd
2008-08-05,30.74,per_usd
2008-08-06,30.74,per_usd
2008-08-07,31.04,per_usd
2008-08-08,31.25,per_usd
2008-08-11,31.12,per_usd
2008-08-12,31.13,per_usd
2008-08-13,31.22,per_usd
2008-08-14,31.25,per_usd
2008-08-15,31.36,per_usd
2008-08-18,31.31,per_usd
2008-08-19,31.43,per_usd
2008-08-20,31.4,per_usd
2008-08-21,31.26,per_usd
2008-08-22,31.36,per_usd
2008-08-25,31.42,per_usd
2008-08-26,31.54,per_usd
2008-08-27,31.52,per_usd
2008-08-28,31.54,per_usd
2008-08-29,31.55,per_usd
2008-09-02,31.83,per_usd
2008-09-03,31.79,per_usd
2008-09-04,31.84,per_usd
2008-09-05,31.86,per_usd
2008-09-08,31.77,per_usd
2008-09-09,31.86,per_usd
2008-09-10,31.94,per_usd
2008-09-11,32.12,per_usd
2008-09-12,31.93,per_usd
2008-09-15,32.07,per_usd
2008-09-16,32.08,per_usd
2008-09-17,32.09,per_usd
2008-09-18,32.22,per_usd
2008-09-19,32.16,per_usd
2008-09-22,32.02,per_usd
2008-09-23,31.91,per_usd
2008-09-24,31.91,per_usd
2008-09-25,32.04,per_usd
2008-09-26,32.12,per_usd
2008-09-29,32.05,per_usd
2008-09-30,32.23,per_usd
2008-10-01,32.14,per_usd
2008-10-02,32.14,per_usd
2008-10-03,32.15,per_usd
2008-10-06,32.34,per_usd
2008-10-07,32.37,per_usd
2008-10-08,32.45,per_usd
2008-10-09,32.44,per_usd
2008-10-10,32.44,per_usd
2008-10-14,32.4,per_usd
2008-10-15,32.38,per_usd
2008-10-16,32.55,per_usd
2008-10-17,32.57,per_usd
2008-10-20,32.58,per_usd
2008-10-21,32.8,per_usd
2008-10-22,32.98,per_usd
2008-10-23,33.43,per_usd
2008-10-24,33.425,per_usd
2008-10-27,33.5,per_usd
2008-10-28,33.45,per_usd
2008-10-29,33.2,per_usd
2008-10-30,32.75,per_usd
2008-10-31,32.97,per_usd
2008-11-03,32.86,per_usd
2008-11-04,32.86,per_usd
2008-11-05,32.82,per_usd
2008-11-06,32.8,per_usd
2008-11-07,32.81,per_usd
2008-11-10,32.77,per_usd
2008-11-12,32.95,per_usd
2008-11-13,33.18,per_usd
2008-11-14,33.05,per_usd
2008-11-17,33.16,per_usd
2008-11-18,33.23,per_usd
2008-11-19,33.26,per_usd
2008-11-20,33.42,per_usd
2008-11-21,33.4,per_usd
2008-11-24,33.4,per_usd
2008-11-25,33.34,per_usd
2008-11-26,33.25,per_usd
2008-11-28,33.29,per_usd
2008-12-01,33.33,per_usd
2008-12-02,33.41,per_usd
2008-12-03,33.52,per_usd
2008-12-04,33.52,per_usd
2008-12-05,33.55,per_usd
2008-12-08,33.47,per_usd
2008-12-09,33.48,per_usd
2008-12-10,33.45,per_usd
2008-12-11,33.26,per_usd
2008-12-12,33.26,per_usd
2008-12-15,33.19,per_usd
2008-12-16,33.02,per_usd
2008-12-17,33.58,per_usd
2008-12-18,32.45,per_usd
2008-12-19,32.45,per_usd
2008-12-22,32.94,per_usd
2008-12-23,33.01,per_usd
2008-12-24,33.03,per_usd
2008-12-26,32.99,per_usd
2008-12-29,32.99,per_usd
2008-12-30,32.76,per_usd
2008-12-31,32.76,per_usd
2009-01-02,32.82,per_usd
2009-01-05,33,per_usd
2009-01-06,33.1,per_usd
2009-01-07,33.03,per_usd
2009-01-08,33.1,per_usd
2009-01-09,33.14,per_usd
2009-01-12,33.25,per_usd
2009-01-13,33.23,per_usd
2009-01-14,33.2,per_usd
2009-01-15,33.36,per_usd
2009-01-16,33.34,per_usd
2009-01-20,33.63,per_usd
2009-01-21,33.58,per_usd
2009-01-22,33.53,per_usd
2009-01-23,33.68,per_usd
2009-01-26,33.68,per_usd
2009-01-27,33.68,per_usd
2009-01-28,33.68,per_usd
2009-01-29,33.66,per_usd
2009-01-30,33.7,per_usd
2009-02-02,33.7,per_usd
2009-02-03,33.72,per_usd
2009-02-04,33.66,per_usd
2009-02-05,33.66,per_usd
2009-02-06,33.61,per_usd
2009-02-09,33.71,per_usd
2009-02-10,33.95,per_usd
2009-02-11,33.97,per_usd
2009-02-12,34.02,per_usd
2009-02-13,34.03,per_usd
2009-02-17,34.58,per_usd
2009-02-18,34.63,per_usd
2009-02-19,34.58,per_usd
2009-02-20,34.8,per_usd
2009-02-23,34.61,per_usd
2009-02-24,34.73,per_usd
2009-02-25,34.74,per_usd
2009-02-26,34.84,per_usd
2009-02-27,35,per_usd
2009-03-02,35.21,per_usd
2009-03-03,35.08,per_usd
2009-03-04,35.05,per_usd
2009-03-05,34.93,per_usd
2009-03-06,34.66,per_usd
2009-03-09,34.81,per_usd
2009-03-10,34.58,per_usd
2009-03-11,34.46,per_usd
2009-03-12,34.48,per_usd
2009-03-13,34.49,per_usd
2009-03-16,34.4,per_usd
2009-03-17,34.21,per_usd
2009-03-18,34.18,per_usd
2009-03-19,33.9,per_usd
2009-03-20,33.75,per_usd
2009-03-23,33.77,per_usd
2009-03-24,33.77,per_usd
2009-03-25,33.82,per_usd
2009-03-26,33.75,per_usd
2009-03-27,33.76,per_usd
2009-03-30,33.76,per_usd
2009-03-31,33.87,per_usd
2009-04-01,33.82,per_usd
2009-04-02,33.05,per_usd
2009-04-03,33.16,per_usd
2009-04-06,33.1,per_usd
2009-04-07,33.6,per_usd
2009-04-08,33.88,per_usd
2009-04-09,33.74,per_usd
2009-04-10,33.78,per_usd
2009-04-13,33.68,per_usd
2009-04-14,33.61,per_usd
2009-04-15,33.78,per_usd
2009-04-16,33.8,per_usd
2009-04-17,32.99,per_usd
2009-04-20,33.82,per_usd
2009-04-21,33.85,per_usd
2009-04-22,33.85,per_usd
2009-04-23,33.81,per_usd
2009-04-24,33.69,per_usd
2009-04-27,33.72,per_usd
2009-04-28,33.79,per_usd
2009-04-29,33.64,per_usd
2009-04-30,33.06,per_usd
2009-05-01,33.14,per_usd
2009-05-04,32.99,per_usd
2009-05-05,33.02,per_usd
2009-05-06,33.14,per_usd
2009-05-07,33.11,per_usd
2009-05-08,33.01,per_usd
2009-05-11,32.93,per_usd
2009-05-12,32.83,per_usd
2009-05-13,32.91,per_usd
2009-05-14,32.95,per_usd
2009-05-15,32.92,per_usd
2009-05-18,32.98,per_usd
2009-05-19,32.85,per_usd
2009-05-20,32.8,per_usd
2009-05-21,32.71,per_usd
2009-05-22,32.55,per_usd
2009-05-26,32.63,per_usd
2009-05-27,32.72,per_usd
2009-05-28,32.63,per_usd
2009-05-29,32.57,per_usd
2009-06-01,32.36,per_usd
2009-06-02,32.37,per_usd
2009-06-03,32.49,per_usd
2009-06-04,32.58,per_usd
2009-06-05,32.64,per_usd
2009-06-08,32.87,per_usd
2009-06-09,32.74,per_usd
2009-06-10,32.68,per_usd
2009-06-11,32.72,per_usd
2009-06-12,32.79,per_usd
2009-06-15,32.94,per_usd
2009-06-16,32.87,per_usd
2009-06-17,32.96,per_usd
2009-06-18,32.88,per_usd
2009-06-19,32.86,per_usd
2009-06-22,32.89,per_usd
2009-06-23,32.88,per_usd
2009-06-24,32.85,per_usd
2009-06-25,32.95,per_usd
2009-06-26,32.95,per_usd
2009-06-29,32.9,per_usd
2009-06-30,32.77,per_usd
2009-07-01,32.69,per_usd
2009-07-02,32.9,per_usd
2009-07-03,32.87,per_usd
2009-07-06,32.98,per_usd
2009-07-07,32.96,per_usd
2009-07-08,33.01,per_usd
2009-07-09,32.95,per_usd
2009-07-10,33.04,per_usd
2009-07-13,33.13,per_usd
2009-07-14,33.078,per_usd
2009-07-15,32.87,per_usd
2009-07-16,32.87,per_usd
2009-07-17,32.86,per_usd
2009-07-20,32.75,per_usd
2009-07-21,32.75,per_usd
2009-07-22,32.82,per_usd
2009-07-23,32.74,per_usd
2009-07-24,32.81,per_usd
2009-07-27,32.85,per_usd
2009-07-28,32.725,per_usd
2009-07-29,32.86,per_usd
2009-07-30,32.8,per_usd
2009-07-31,32.8,per_usd
2009-08-03,32.8,per_usd
2009-08-04,32.65,per_usd
2009-08-05,32.71,per_usd
2009-08-06,32.73,per_usd
2009-08-07,32.75,per_usd
2009-08-10,32.78,per_usd
2009-08-11,32.91,per_usd
2009-08-12,32.83,per_usd
2009-08-13,32.876,per_usd
2009-08-14,32.9,per_usd
2009-08-17,32.98,per_usd
2009-08-18,32.953,per_usd
2009-08-19,33.02,per_usd
2009-08-20,32.89,per_usd
2009-08-21,32.84,per_usd
2009-08-24,32.79,per_usd
2009-08-25,32.916,per_usd
2009-08-26,32.97,per_usd
2009-08-27,32.9,per_usd
2009-08-28,32.88,per_usd
2009-08-31,32.91,per_usd
2009-09-01,32.9,per_usd
2009-09-02,32.86,per_usd
2009-09-03,32.85,per_usd
2009-09-04,32.89,per_usd
2009-09-08,32.65,per_usd
2009-09-09,32.66,per_usd
2009-09-10,32.68,per_usd
2009-09-11,32.54,per_usd
2009-09-14,32.61,per_usd
2009-09-15,32.57,per_usd
2009-09-16,32.43,per_usd
2009-09-17,32.4,per_usd
2009-09-18,32.4,per_usd
2009-09-21,32.39,per_usd
2009-09-22,32.32,per_usd
2009-09-23,32.36,per_usd
2009-09-24,32.39,per_usd
2009-09-25,32.41,per_usd
2009-09-28,32.4,per_usd
2009-09-29,32.46,per_usd
2009-09-30,32.03,per_usd
2009-10-01,32.14,per_usd
2009-10-02,32.28,per_usd
2009-10-05,32.15,per_usd
2009-10-06,32.1,per_usd
2009-10-07,32.04,per_usd
2009-10-08,32.08,per_usd
2009-10-09,32.26,per_usd
2009-10-13,32.26,per_usd
2009-10-14,32.22,per_usd
2009-10-15,32.23,per_usd
2009-10-16,32.25,per_usd
2009-10-19,32.31,per_usd
2009-10-20,32.27,per_usd
2009-10-21,32.35,per_usd
2009-10-22,32.4,per_usd
2009-10-23,32.39,per_usd
2009-10-26,32.39,per_usd
2009-10-27,32.46,per_usd
2009-10-28,32.44,per_usd
2009-10-29,32.48,per_usd
2009-10-30,32.61,per_usd
2009-11-02,32.5,per_usd
2009-11-03,32.58,per_usd
2009-11-04,32.51,per_usd
2009-11-05,32.47,per_usd
2009-11-06,32.51,per_usd
2009-11-09,32.3,per_usd
2009-11-10,32.36,per_usd
2009-11-12,32.34,per_usd
2009-11-13,32.18,per_usd
2009-11-16,32.17,per_usd
2009-11-17,32.13,per_usd
2009-11-18,32.12,per_usd
2009-11-19,32.37,per_usd
2009-11-20,32.38,per_usd
2009-11-23,32.22,per_usd
2009-11-24,32.24,per_usd
2009-11-25,32.25,per_usd
2009-11-27,32.23,per_usd
2009-11-30,32.2,per_usd
2009-12-01,32.13,per_usd
2009-12-02,32.12,per_usd
2009-12-03,32.1,per_usd
2009-12-04,32.16,per_usd
2009-12-07,32.3,per_usd
2009-12-08,32.22,per_usd
2009-12-09,32.25,per_usd
2009-12-10,32.29,per_usd
2009-12-11,32.17,per_usd
2009-12-14,32.28,per_usd
2009-12-15,32.31,per_usd
2009-12-16,32.31,per_usd
2009-12-17,32.32,per_usd
2009-12-18,32.38,per_usd
2009-12-21,32.35,per_usd
2009-12-22,32.35,per_usd
2009-12-23,32.36,per_usd
2009-12-24,32.29,per_usd
2009-12-28,32.28,per_usd
2009-12-29,32.32,per_usd
2009-12-30,32.17,per_usd
2009-12-31,31.95,per_usd
2010-01-04,31.65,per_usd
2010-01-05,31.89,per_usd
2010-01-06,31.83,per_usd
2010-01-07,31.85,per_usd
2010-01-08,31.82,per_usd
2010-01-11,31.75,per_usd
2010-01-12,31.8,per_usd
2010-01-13,31.75,per_usd
2010-01-14,31.75,per_usd
2010-01-15,31.79,per_usd
2010-01-19,31.83,per_usd
2010-01-20,31.97,per_usd
2010-01-21,31.92,per_usd
2010-01-22,31.98,per_usd
2010-01-25,31.91,per_usd
2010-01-26,32.04,per_usd
2010-01-27,32.01,per_usd
2010-01-28,31.97,per_usd
2010-01-29,31.94,per_usd
2010-02-01,32.04,per_usd
2010-02-02,32.04,per_usd
2010-02-03,31.98,per_usd
2010-02-04,32.07,per_usd
2010-02-05,32.1,per_usd
2010-02-08,32.14,per_usd
2010-02-09,32.05,per_usd
2010-02-10,32.08,per_usd
2010-02-11,32.05,per_usd
2010-02-12,32.08,per_usd
2010-02-16,32.07,per_usd
2010-02-17,31.99,per_usd
2010-02-18,32.04,per_usd
2010-02-19,32.08,per_usd
2010-02-22,32.02,per_usd
2010-02-23,32.08,per_usd
2010-02-24,32.06,per_usd
2010-02-25,32.09,per_usd
2010-02-26,32.12,per_usd
2010-03-01,32.04,per_usd
2010-03-02,32.01,per_usd
2010-03-03,31.95,per_usd
2010-03-04,31.94,per_usd
2010-03-05,31.91,per_usd
2010-03-08,31.85,per_usd
2010-03-09,31.8,per_usd
2010-03-10,31.83,per_usd
2010-03-11,31.75,per_usd
2010-03-12,31.73,per_usd
2010-03-15,31.83,per_usd
2010-03-16,31.81,per_usd
2010-03-17,31.7,per_usd
2010-03-18,31.74,per_usd
2010-03-19,31.73,per_usd
2010-03-22,31.79,per_usd
2010-03-23,31.82,per_usd
2010-03-24,31.81,per_usd
2010-03-25,31.83,per_usd
2010-03-26,31.87,per_usd
2010-03-29,31.82,per_usd
2010-03-30,31.78,per_usd
2010-03-31,31.73,per_usd
2010-04-01,31.74,per_usd
2010-04-02,31.74,per_usd
2010-04-05,31.7,per_usd
2010-04-06,31.67,per_usd
2010-04-07,31.58,per_usd
2010-04-08,31.6,per_usd
2010-04-09,31.53,per_usd
2010-04-12,31.52,per_usd
2010-04-13,31.557,per_usd
2010-04-14,31.38,per_usd
2010-04-15,31.35,per_usd
2010-04-16,31.35,per_usd
2010-04-19,31.48,per_usd
2010-04-20,31.39,per_usd
2010-04-21,31.38,per_usd
2010-04-22,31.42,per_usd
2010-04-23,31.38,per_usd
2010-04-26,31.31,per_usd
2010-04-27,31.34,per_usd
2010-04-28,31.46,per_usd
2010-04-29,31.3,per_usd
2010-04-30,31.31,per_usd
2010-05-03,31.4,per_usd
2010-05-04,31.42,per_usd
2010-05-05,31.54,per_usd
2010-05-06,31.67,per_usd
2010-05-07,31.77,per_usd
2010-05-10,31.56,per_usd
2010-05-11,31.64,per_usd
2010-05-12,31.66,per_usd
2010-05-13,31.64,per_usd
2010-05-14,31.78,per_usd
2010-05-17,31.85,per_usd
2010-05-18,31.83,per_usd
2010-05-19,32.04,per_usd
2010-05-20,32.1,per_usd
2010-05-21,32.15,per_usd
2010-05-24,32.1,per_usd
2010-05-25,32.33,per_usd
2010-05-26,32.18,per_usd
2010-05-27,32.03,per_usd
2010-05-28,32,per_usd
2010-06-01,32.33,per_usd
2010-06-02,32.18,per_usd
2010-06-03,32.16,per_usd
2010-06-04,32.25,per_usd
2010-06-07,32.42,per_usd
2010-06-08,32.43,per_usd
2010-06-09,32.4,per_usd
2010-06-10,32.38,per_usd
2010-06-11,32.4,per_usd
2010-06-14,32.2,per_usd
2010-06-15,32.28,per_usd
2010-06-16,32.22,per_usd
2010-06-17,32.22,per_usd
2010-06-18,32.12,per_usd
2010-06-21,31.74,per_usd
2010-06-22,32.08,per_usd
2010-06-23,31.988,per_usd
2010-06-24,32.026,per_usd
2010-06-25,32.07,per_usd
2010-06-28,32.04,per_usd
2010-06-29,32.17,per_usd
2010-06-30,32.27,per_usd
2010-07-01,32.19,per_usd
2010-07-02,32.21,per_usd
2010-07-06,32.18,per_usd
2010-07-07,32.16,per_usd
2010-07-08,32.103,per_usd
2010-07-09,32.05,per_usd
2010-07-12,32.08,per_usd
2010-07-13,32.13,per_usd
2010-07-14,32.11,per_usd
2010-07-15,32.11,per_usd
2010-07-16,32.08,per_usd
2010-07-19,32.14,per_usd
2010-07-20,32.16,per_usd
2010-07-21,32.14,per_usd
2010-07-22,32.1,per_usd
2010-07-23,32.09,per_usd
2010-07-26,32.06,per_usd
2010-07-27,31.98,per_usd
2010-07-28,32,per_usd
2010-07-29,31.94,per_usd
2010-07-30,31.95,per_usd
2010-08-02,31.76,per_usd
2010-08-03,31.75,per_usd
2010-08-04,31.79,per_usd
2010-08-05,31.76,per_usd
2010-08-06,31.7,per_usd
2010-08-09,31.65,per_usd
2010-08-10,31.75,per_usd
2010-08-11,31.8,per_usd
2010-08-12,31.92,per_usd
2010-08-13,31.9,per_usd
2010-08-16,31.92,per_usd
2010-08-17,31.86,per_usd
2010-08-18,31.85,per_usd
2010-08-19,31.89,per_usd
2010-08-20,31.92,per_usd
2010-08-23,31.9,per_usd
2010-08-24,31.98,per_usd
2010-08-25,32.02,per_usd
2010-08-26,32,per_usd
2010-08-27,31.98,per_usd
2010-08-30,32.02,per_usd
2010-08-31,32.01,per_usd
2010-09-01,31.99,per_usd
2010-09-02,31.96,per_usd
2010-09-03,31.87,per_usd
2010-09-07,31.94,per_usd
2010-09-08,31.9,per_usd
2010-09-09,31.84,per_usd
2010-09-10,31.82,per_usd
2010-09-13,31.68,per_usd
2010-09-14,31.72,per_usd
2010-09-15,31.72,per_usd
2010-09-16,31.66,per_usd
2010-09-17,31.65,per_usd
2010-09-20,31.63,per_usd
2010-09-21,31.58,per_usd
2010-09-22,31.52,per_usd
2010-09-23,31.54,per_usd
2010-09-24,31.34,per_usd
2010-09-27,31.35,per_usd
2010-09-28,31.41,per_usd
2010-09-29,31.15,per_usd
2010-09-30,31.19,per_usd
2010-10-01,31.3,per_usd
2010-10-04,31.24,per_usd
2010-10-05,31.06,per_usd
2010-10-06,30.86,per_usd
2010-10-07,30.74,per_usd
2010-10-08,30.84,per_usd
2010-10-12,30.98,per_usd
2010-10-13,30.84,per_usd
2010-10-14,30.66,per_usd
2010-10-15,30.66,per_usd
2010-10-18,30.75,per_usd
2010-10-19,30.89,per_usd
2010-10-20,30.83,per_usd
2010-10-21,30.74,per_usd
2010-10-22,30.83,per_usd
2010-10-25,30.42,per_usd
2010-10-26,30.65,per_usd
2010-10-27,30.74,per_usd
2010-10-28,30.63,per_usd
2010-10-29,30.6,per_usd
2010-11-01,30.5,per_usd
2010-11-02,30.45,per_usd
2010-11-03,30.42,per_usd
2010-11-04,30.17,per_usd
2010-11-05,30.19,per_usd
2010-11-08,30.18,per_usd
2010-11-09,30.14,per_usd
2010-11-10,30.12,per_usd
2010-11-12,30.22,per_usd
2010-11-15,30.19,per_usd
2010-11-16,30.25,per_usd
2010-11-17,30.44,per_usd
2010-11-18,30.27,per_usd
2010-11-19,30.27,per_usd
2010-11-22,30.15,per_usd
2010-11-23,30.51,per_usd
2010-11-24,30.44,per_usd
2010-11-26,30.46,per_usd
2010-11-29,30.52,per_usd
2010-11-30,30.47,per_usd
2010-12-01,30.37,per_usd
2010-12-02,30.34,per_usd
2010-12-03,30.22,per_usd
2010-12-06,30.14,per_usd
2010-12-07,30.08,per_usd
2010-12-08,30.16,per_usd
2010-12-09,30.16,per_usd
2010-12-10,30.17,per_usd
2010-12-13,30.01,per_usd
2010-12-14,29.89,per_usd
2010-12-15,29.87,per_usd
2010-12-16,29.85,per_usd
2010-12-17,29.9,per_usd
2010-12-20,29.92,per_usd
2010-12-21,29.85,per_usd
2010-12-22,29.82,per_usd
2010-12-23,29.82,per_usd
2010-12-27,29.48,per_usd
2010-12-28,29.46,per_usd
2010-12-29,29.28,per_usd
2010-12-30,29.14,per_usd
2011-01-03,29.08,per_usd
2011-01-04,29.17,per_usd
2011-01-05,29.17,per_usd
2011-01-06,29.26,per_usd
2011-01-07,29.36,per_usd
2011-01-10,29.26,per_usd
2011-01-11,29.13,per_usd
2011-01-12,29.18,per_usd
2011-01-13,28.98,per_usd
2011-01-14,29.02,per_usd
2011-01-18,29.02,per_usd
2011-01-19,29.02,per_usd
2011-01-20,29.24,per_usd
2011-01-21,29.08,per_usd
2011-01-24,29.05,per_usd
2011-01-25,29.02,per_usd
2011-01-26,29.06,per_usd
2011-01-27,29.03,per_usd
2011-01-28,29.05,per_usd
2011-01-31,29.03,per_usd
2011-02-01,29.02,per_usd
2011-02-02,29.02,per_usd
2011-02-03,29.03,per_usd
2011-02-04,29.03,per_usd
2011-02-07,29.03,per_usd
2011-02-08,28.9,per_usd
2011-02-09,28.78,per_usd
2011-02-10,28.93,per_usd
2011-02-11,29.17,per_usd
2011-02-14,29.35,per_usd
2011-02-15,29.43,per_usd
2011-02-16,29.43,per_usd
2011-02-17,29.42,per_usd
2011-02-18,29.4,per_usd
2011-02-22,29.53,per_usd
2011-02-23,29.57,per_usd
2011-02-24,29.76,per_usd
2011-02-25,29.74,per_usd
2011-02-28,29.74,per_usd
2011-03-01,29.54,per_usd
2011-03-02,29.63,per_usd
2011-03-03,29.47,per_usd
2011-03-04,29.36,per_usd
2011-03-07,29.35,per_usd
2011-03-08,29.42,per_usd
2011-03-09,29.35,per_usd
2011-03-10,29.46,per_usd
2011-03-11,29.56,per_usd
2011-03-14,29.48,per_usd
2011-03-15,29.54,per_usd
2011-03-16,29.53,per_usd
2011-03-17,29.55,per_usd
2011-03-18,29.59,per_usd
2011-03-21,29.56,per_usd
2011-03-22,29.56,per_usd
2011-03-23,29.57,per_usd
2011-03-24,29.57,per_usd
2011-03-25,29.43,per_usd
2011-03-28,29.48,per_usd
2011-03-29,29.47,per_usd
2011-03-30,29.47,per_usd
2011-03-31,29.4,per_usd
2011-04-01,29.25,per_usd
2011-04-04,29.24,per_usd
2011-04-05,29.31,per_usd
2011-04-06,28.99,per_usd
2011-04-07,28.94,per_usd
2011-04-08,28.92,per_usd
2011-04-11,28.98,per_usd
2011-04-12,29.08,per_usd
2011-04-13,29,per_usd
2011-04-14,29,per_usd
2011-04-15,29.04,per_usd
2011-04-18,29.08,per_usd
2011-04-19,29.07,per_usd
2011-04-20,29,per_usd
2011-04-21,28.85,per_usd
2011-04-22,28.88,per_usd
2011-04-25,28.89,per_usd
2011-04-26,28.9,per_usd
2011-04-27,28.86,per_usd
2011-04-28,28.68,per_usd
2011-04-29,28.67,per_usd
2011-05-02,28.67,per_usd
2011-05-03,28.56,per_usd
2011-05-04,28.56,per_usd
2011-05-05,28.62,per_usd
2011-05-06,28.6,per_usd
2011-05-09,28.61,per_usd
2011-05-10,28.59,per_usd
2011-05-11,28.5,per_usd
2011-05-12,28.58,per_usd
2011-05-13,28.64,per_usd
2011-05-16,28.8,per_usd
2011-05-17,28.84,per_usd
2011-05-18,28.84,per_usd
2011-05-19,28.82,per_usd
2011-05-20,28.81,per_usd
2011-05-23,28.9,per_usd
2011-05-24,28.92,per_usd
2011-05-25,28.99,per_usd
2011-05-26,28.89,per_usd
2011-05-27,28.87,per_usd
2011-05-31,28.64,per_usd
2011-06-01,28.58,per_usd
2011-06-02,28.77,per_usd
2011-06-03,28.66,per_usd
2011-06-06,28.62,per_usd
2011-06-07,28.72,per_usd
2011-06-08,28.71,per_usd
2011-06-09,28.71,per_usd
2011-06-10,28.78,per_usd
2011-06-13,28.82,per_usd
2011-06-14,28.84,per_usd
2011-06-15,28.82,per_usd
2011-06-16,28.92,per_usd
2011-06-17,28.99,per_usd
2011-06-20,28.95,per_usd
2011-06-21,28.86,per_usd
2011-06-22,28.84,per_usd
2011-06-23,28.86,per_usd
2011-06-24,28.88,per_usd
2011-06-27,28.94,per_usd
2011-06-28,28.9,per_usd
2011-06-29,28.9,per_usd
2011-06-30,28.79,per_usd
2011-07-01,28.75,per_usd
2011-07-05,28.77,per_usd
2011-07-06,28.83,per_usd
2011-07-07,28.81,per_usd
2011-07-08,28.75,per_usd
2011-07-11,28.82,per_usd
2011-07-12,28.91,per_usd
2011-07-13,28.87,per_usd
2011-07-14,28.81,per_usd
2011-07-15,28.87,per_usd
2011-07-18,28.93,per_usd
2011-07-19,28.88,per_usd
2011-07-20,28.86,per_usd
2011-07-21,28.88,per_usd
2011-07-22,28.81,per_usd
2011-07-25,28.85,per_usd
2011-07-26,28.82,per_usd
2011-07-27,28.77,per_usd
2011-07-28,28.83,per_usd
2011-07-29,28.88,per_usd
2011-08-01,28.8,per_usd
2011-08-02,28.86,per_usd
2011-08-03,28.92,per_usd
2011-08-04,28.94,per_usd
2011-08-05,29.01,per_usd
2011-08-08,28.98,per_usd
2011-08-09,29.02,per_usd
2011-08-10,28.95,per_usd
2011-08-11,28.98,per_usd
2011-08-12,28.97,per_usd
2011-08-15,28.94,per_usd
2011-08-16,28.92,per_usd
2011-08-17,28.95,per_usd
2011-08-18,28.97,per_usd
2011-08-19,29,per_usd
2011-08-22,29.01,per_usd
2011-08-23,28.96,per_usd
2011-08-24,29.01,per_usd
2011-08-25,29,per_usd
2011-08-26,29.03,per_usd
2011-08-29,29.02,per_usd
2011-08-30,29.02,per_usd
2011-08-31,28.99,per_usd
2011-09-01,28.93,per_usd
2011-09-02,29,per_usd
2011-09-06,29.1,per_usd
2011-09-07,29.1,per_usd
2011-09-08,29.14,per_usd
2011-09-09,29.2,per_usd
2011-09-12,29.28,per_usd
2011-09-13,29.47,per_usd
2011-09-14,29.57,per_usd
2011-09-15,29.62,per_usd
2011-09-16,29.54,per_usd
2011-09-19,29.73,per_usd
2011-09-20,29.88,per_usd
2011-09-21,29.94,per_usd
2011-09-22,30.4,per_usd
2011-09-23,30.38,per_usd
2011-09-26,30.48,per_usd
2011-09-27,30.46,per_usd
2011-09-28,30.41,per_usd
2011-09-29,30.45,per_usd
2011-09-30,30.45,per_usd
2011-10-03,30.62,per_usd
2011-10-04,30.67,per_usd
2011-10-05,30.62,per_usd
2011-10-06,30.6,per_usd
2011-10-07,30.47,per_usd
2011-10-11,30.32,per_usd
2011-10-12,30.35,per_usd
2011-10-13,30.26,per_usd
2011-10-14,30.28,per_usd
2011-10-17,30.11,per_usd
2011-10-18,30.16,per_usd
2011-10-19,30.12,per_usd
2011-10-20,30.25,per_usd
2011-10-21,30.27,per_usd
2011-10-24,30.06,per_usd
2011-10-25,30.11,per_usd
2011-10-26,30.1,per_usd
2011-10-27,30.04,per_usd
2011-10-28,29.86,per_usd
2011-10-31,29.91,per_usd
2011-11-01,30.07,per_usd
2011-11-02,30.08,per_usd
2011-11-03,30.2,per_usd
2011-11-04,30.02,per_usd
2011-11-07,30.12,per_usd
2011-11-08,30.1,per_usd
2011-11-09,30.05,per_usd
2011-11-10,30.23,per_usd
2011-11-14,30.17,per_usd
2011-11-15,30.24,per_usd
2011-11-16,30.21,per_usd
2011-11-17,30.19,per_usd
2011-11-18,30.24,per_usd
2011-11-21,30.33,per_usd
2011-11-22,30.3,per_usd
2011-11-23,30.39,per_usd
2011-11-25,30.43,per_usd
2011-11-28,30.37,per_usd
2011-11-29,30.38,per_usd
2011-11-30,30.31,per_usd
2011-12-01,30.1,per_usd
2011-12-02,30.14,per_usd
2011-12-05,30.13,per_usd
2011-12-06,30.22,per_usd
2011-12-07,30.15,per_usd
2011-12-08,30.16,per_usd
2011-12-09,30.21,per_usd
2011-12-12,30.2,per_usd
2011-12-13,30.24,per_usd
2011-12-14,30.32,per_usd
2011-12-15,30.36,per_usd
2011-12-16,30.35,per_usd
2011-12-19,30.38,per_usd
2011-12-20,30.33,per_usd
2011-12-21,30.28,per_usd
2011-12-22,30.25,per_usd
2011-12-23,30.27,per_usd
2011-12-27,30.3,per_usd
2011-12-28,30.35,per_usd
2011-12-29,30.25,per_usd
2011-12-30,30.27,per_usd
2012-01-03,30.28,per_usd
2012-01-04,30.27,per_usd
2012-01-05,30.24,per_usd
2012-01-06,30.23,per_usd
2012-01-09,30.17,per_usd
2012-01-10,30.03,per_usd
2012-01-11,29.96,per_usd
2012-01-12,29.96,per_usd
2012-01-13,29.98,per_usd
2012-01-17,29.95,per_usd
2012-01-18,29.96,per_usd
2012-01-19,29.95,per_usd
2012-01-20,29.95,per_usd
2012-01-23,29.95,per_usd
2012-01-24,29.87,per_usd
2012-01-25,29.95,per_usd
2012-01-26,29.96,per_usd
2012-01-27,29.75,per_usd
2012-01-30,29.78,per_usd
2012-01-31,29.61,per_usd
2012-02-01,29.649,per_usd
2012-02-02,29.47,per_usd
2012-02-03,29.47,per_usd
2012-02-06,29.6,per_usd
2012-02-07,29.53,per_usd
2012-02-08,29.51,per_usd
2012-02-09,29.46,per_usd
2012-02-10,29.56,per_usd
2012-02-13,29.47,per_usd
2012-02-14,29.56,per_usd
2012-02-15,29.51,per_usd
2012-02-16,29.55,per_usd
2012-02-17,29.56,per_usd
2012-02-21,29.58,per_usd
2012-02-22,29.59,per_usd
2012-02-23,29.58,per_usd
2012-02-24,29.53,per_usd
2012-02-27,29.57,per_usd
2012-02-28,29.56,per_usd
2012-02-29,29.37,per_usd
2012-03-01,29.37,per_usd
2012-03-02,29.43,per_usd
2012-03-05,29.48,per_usd
2012-03-06,29.518,per_usd
2012-03-07,29.52,per_usd
2012-03-08,29.47,per_usd
2012-03-09,29.41,per_usd
2012-03-12,29.55,per_usd
2012-03-13,29.51,per_usd
2012-03-14,29.54,per_usd
2012-03-15,29.53,per_usd
2012-03-16,29.54,per_usd
2012-03-19,29.49,per_usd
2012-03-20,29.56,per_usd
2012-03-21,29.55,per_usd
2012-03-22,29.54,per_usd
2012-03-23,29.56,per_usd
2012-03-26,29.61,per_usd
2012-03-27,29.55,per_usd
2012-03-28,29.54,per_usd
2012-03-29,29.58,per_usd
2012-03-30,29.5,per_usd
2012-04-02,29.49,per_usd
2012-04-03,29.46,per_usd
2012-04-04,29.52,per_usd
2012-04-05,29.5,per_usd
2012-04-06,29.5,per_usd
2012-04-09,29.55,per_usd
2012-04-10,29.54,per_usd
2012-04-11,29.5,per_usd
2012-04-12,29.45,per_usd
2012-04-13,29.48,per_usd
2012-04-16,29.49,per_usd
2012-04-17,29.48,per_usd
2012-04-18,29.49,per_usd
2012-04-19,29.49,per_usd
2012-04-20,29.45,per_usd
2012-04-23,29.48,per_usd
2012-04-24,29.45,per_usd
2012-04-25,29.41,per_usd
2012-04-26,29.23,per_usd
2012-04-27,29.2,per_usd
2012-04-30,29.15,per_usd
2012-05-01,29.11,per_usd
2012-05-02,29.18,per_usd
2012-05-03,29.23,per_usd
2012-05-04,29.24,per_usd
2012-05-07,29.35,per_usd
2012-05-08,29.32,per_usd
2012-05-09,29.35,per_usd
2012-05-10,29.32,per_usd
2012-05-11,29.36,per_usd
2012-05-14,29.55,per_usd
2012-05-15,29.55,per_usd
2012-05-16,29.63,per_usd
2012-05-17,29.56,per_usd
2012-05-18,29.56,per_usd
2012-05-21,29.47,per_usd
2012-05-22,29.49,per_usd
2012-05-23,29.59,per_usd
2012-05-24,29.55,per_usd
2012-05-25,29.6,per_usd
2012-05-29,29.62,per_usd
2012-05-30,29.77,per_usd
2012-05-31,29.87,per_usd
2012-06-01,29.93,per_usd
2012-06-04,30.02,per_usd
2012-06-05,29.93,per_usd
2012-06-06,29.86,per_usd
2012-06-07,29.78,per_usd
2012-06-08,29.94,per_usd
2012-06-11,29.91,per_usd
2012-06-12,29.94,per_usd
2012-06-13,29.92,per_usd
2012-06-14,29.93,per_usd
2012-06-15,29.89,per_usd
2012-06-18,29.93,per_usd
2012-06-19,29.85,per_usd
2012-06-20,29.84,per_usd
2012-06-21,29.83,per_usd
2012-06-22,29.91,per_usd
2012-06-25,29.97,per_usd
2012-06-26,29.97,per_usd
2012-06-27,29.92,per_usd
2012-06-28,29.94,per_usd
2012-06-29,29.8,per_usd
2012-07-02,29.9,per_usd
2012-07-03,29.81,per_usd
2012-07-05,29.85,per_usd
2012-07-06,29.93,per_usd
2012-07-09,29.95,per_usd
2012-07-10,29.93,per_usd
2012-07-11,29.92,per_usd
2012-07-12,30.04,per_usd
2012-07-13,29.93,per_usd
2012-07-16,29.96,per_usd
2012-07-17,29.95,per_usd
2012-07-18,29.98,per_usd
2012-07-19,29.94,per_usd
2012-07-20,29.97,per_usd
2012-07-23,30.11,per_usd
2012-07-24,30.12,per_usd
2012-07-25,30.13,per_usd
2012-07-26,30.08,per_usd
2012-07-27,30.02,per_usd
2012-07-30,30,per_usd
2012-07-31,29.91,per_usd
2012-08-01,29.95,per_usd
2012-08-02,30.03,per_usd
2012-08-03,29.92,per_usd
2012-08-06,29.9,per_usd
2012-08-07,29.9,per_usd
2012-08-08,29.97,per_usd
2012-08-09,29.92,per_usd
2012-08-10,29.93,per_usd
2012-08-13,29.97,per_usd
2012-08-14,29.95,per_usd
2012-08-15,29.98,per_usd
2012-08-16,29.97,per_usd
2012-08-17,29.99,per_usd
2012-08-20,29.98,per_usd
2012-08-21,29.91,per_usd
2012-08-22,29.94,per_usd
2012-08-23,29.96,per_usd
2012-08-24,29.94,per_usd
2012-08-27,29.94,per_usd
2012-08-28,29.91,per_usd
2012-08-29,29.92,per_usd
2012-08-30,29.93,per_usd
2012-08-31,29.87,per_usd
2012-09-04,29.82,per_usd
2012-09-05,29.83,per_usd
2012-09-06,29.76,per_usd
2012-09-07,29.68,per_usd
2012-09-10,29.63,per_usd
2012-09-11,29.59,per_usd
2012-09-12,29.58,per_usd
2012-09-13,29.58,per_usd
2012-09-14,29.31,per_usd
2012-09-17,29.27,per_usd
2012-09-18,29.35,per_usd
2012-09-19,29.34,per_usd
2012-09-20,29.32,per_usd
2012-09-21,29.27,per_usd
2012-09-24,29.34,per_usd
2012-09-25,29.32,per_usd
2012-09-26,29.41,per_usd
2012-09-27,29.36,per_usd
2012-09-28,29.29,per_usd
2012-10-01,29.27,per_usd
2012-10-02,29.27,per_usd
2012-10-03,29.29,per_usd
2012-10-04,29.28,per_usd
2012-10-05,29.18,per_usd
2012-10-09,29.31,per_usd
2012-10-10,29.3,per_usd
2012-10-11,29.23,per_usd
2012-10-12,29.19,per_usd
2012-10-15,29.21,per_usd
2012-10-16,29.17,per_usd
2012-10-17,29.15,per_usd
2012-10-18,29.22,per_usd
2012-10-19,29.26,per_usd
2012-10-22,29.22,per_usd
2012-10-23,29.31,per_usd
2012-10-24,29.28,per_usd
2012-10-25,29.22,per_usd
2012-10-26,29.26,per_usd
2012-10-29,29.28,per_usd
2012-10-30,29.22,per_usd
2012-10-31,29.2,per_usd
2012-11-01,29.2,per_usd
2012-11-02,29.23,per_usd
2012-11-05,29.26,per_usd
2012-11-06,29.24,per_usd
2012-11-07,29.14,per_usd
2012-11-08,29.1,per_usd
2012-11-09,29.02,per_usd
2012-11-13,28.99,per_usd
2012-11-14,28.96,per_usd
2012-11-15,29.03,per_usd
2012-11-16,29.16,per_usd
2012-11-19,29.11,per_usd
2012-11-20,29.1,per_usd
2012-11-21,29.12,per_usd
2012-11-23,29.12,per_usd
2012-11-26,29.09,per_usd
2012-11-27,29.12,per_usd
2012-11-28,29.15,per_usd
2012-11-29,29.08,per_usd
2012-11-30,29.07,per_usd
2012-12-03,29.07,per_usd
2012-12-04,29.1,per_usd
2012-12-05,29.07,per_usd
2012-12-06,29.06,per_usd
2012-12-07,29.05,per_usd
2012-12-10,29.07,per_usd
2012-12-11,29.04,per_usd
2012-12-12,29.04,per_usd
2012-12-13,29.06,per_usd
2012-12-14,29.04,per_usd
2012-12-17,29.03,per_usd
2012-12-18,29.02,per_usd
2012-12-19,29,per_usd
2012-12-20,29.03,per_usd
2012-12-21,29.05,per_usd
2012-12-24,29.05,per_usd
2012-12-26,29,per_usd
2012-12-27,29.03,per_usd
2012-12-28,29.03,per_usd
2012-12-31,29.05,per_usd
2013-01-02,29,per_usd
2013-01-03,28.99,per_usd
2013-01-04,29.02,per_usd
2013-01-07,28.99,per_usd
2013-01-08,29.03,per_usd
2013-01-09,29,per_usd
2013-01-10,28.93,per_usd
2013-01-11,28.93,per_usd
2013-01-14,28.95,per_usd
2013-01-15,28.95,per_usd
2013-01-16,28.98,per_usd
2013-01-17,28.96,per_usd
2013-01-18,28.97,per_usd
2013-01-22,28.98,per_usd
2013-01-23,29,per_usd
2013-01-24,29.07,per_usd
2013-01-25,29.32,per_usd
2013-01-28,29.51,per_usd
2013-01-29,29.45,per_usd
2013-01-30,29.53,per_usd
2013-01-31,29.54,per_usd
2013-02-01,29.59,per_usd
2013-02-04,29.6,per_usd
2013-02-05,29.52,per_usd
2013-02-06,29.59,per_usd
2013-02-07,29.61,per_usd
2013-02-08,29.7,per_usd
2013-02-11,29.73,per_usd
2013-02-12,29.71,per_usd
2013-02-13,29.7,per_usd
2013-02-14,29.62,per_usd
2013-02-15,29.61,per_usd
2013-02-19,29.52,per_usd
2013-02-20,29.55,per_usd
2013-02-21,29.66,per_usd
2013-02-22,29.64,per_usd
2013-02-25,29.65,per_usd
2013-02-26,29.68,per_usd
2013-02-27,29.66,per_usd
2013-02-28,29.67,per_usd
2013-03-01,29.66,per_usd
2013-03-04,29.7,per_usd
2013-03-05,29.63,per_usd
2013-03-06,29.64,per_usd
2013-03-07,29.63,per_usd
2013-03-08,29.68,per_usd
2013-03-11,29.69,per_usd
2013-03-12,29.67,per_usd
2013-03-13,29.7,per_usd
2013-03-14,29.72,per_usd
2013-03-15,29.72,per_usd
2013-03-18,29.75,per_usd
2013-03-19,29.76,per_usd
2013-03-20,29.77,per_usd
2013-03-21,29.8,per_usd
2013-03-22,29.87,per_usd
2013-03-25,29.86,per_usd
2013-03-26,29.83,per_usd
2013-03-27,29.88,per_usd
2013-03-28,29.87,per_usd
2013-03-29,29.81,per_usd
2013-04-01,29.86,per_usd
2013-04-02,29.87,per_usd
2013-04-03,29.86,per_usd
2013-04-04,29.93,per_usd
2013-04-05,29.95,per_usd
2013-04-08,30.06,per_usd
2013-04-09,30.01,per_usd
2013-04-10,29.96,per_usd
2013-04-11,29.91,per_usd
2013-04-12,29.95,per_usd
2013-04-15,29.9,per_usd
2013-04-16,29.85,per_usd
2013-04-17,29.88,per_usd
2013-04-18,29.86,per_usd
2013-04-19,29.77,per_usd
2013-04-22,29.81,per_usd
2013-04-23,29.79,per_usd
2013-04-24,29.76,per_usd
2013-04-25,29.64,per_usd
2013-04-26,29.59,per_usd
2013-04-29,29.46,per_usd
2013-04-30,29.52,per_usd
2013-05-01,29.5,per_usd
2013-05-02,29.55,per_usd
2013-05-03,29.53,per_usd
2013-05-06,29.56,per_usd
2013-05-07,29.52,per_usd
2013-05-08,29.31,per_usd
2013-05-09,29.42,per_usd
2013-05-10,29.7,per_usd
2013-05-13,29.87,per_usd
2013-05-14,29.88,per_usd
2013-05-15,29.96,per_usd
2013-05-16,29.96,per_usd
2013-05-17,30.01,per_usd
2013-05-20,29.9,per_usd
2013-05-21,29.82,per_usd
2013-05-22,29.92,per_usd
2013-05-23,29.9,per_usd
2013-05-24,29.92,per_usd
2013-05-28,29.98,per_usd
2013-05-29,29.96,per_usd
2013-05-30,29.96,per_usd
2013-05-31,29.93,per_usd
2013-06-03,29.91,per_usd
2013-06-04,29.89,per_usd
2013-06-05,29.81,per_usd
2013-06-06,29.76,per_usd
2013-06-07,29.74,per_usd
2013-06-10,29.91,per_usd
2013-06-11,29.85,per_usd
2013-06-12,29.87,per_usd
2013-06-13,29.87,per_usd
2013-06-14,29.84,per_usd
2013-06-17,29.85,per_usd
2013-06-18,29.88,per_usd
2013-06-19,29.78,per_usd
2013-06-20,30.16,per_usd
2013-06-21,30.15,per_usd
2013-06-24,30.2,per_usd
2013-06-25,30.05,per_usd
2013-06-26,30.09,per_usd
2013-06-27,30,per_usd
2013-06-28,29.96,per_usd
2013-07-01,29.96,per_usd
2013-07-02,30,per_usd
2013-07-03,30.06,per_usd
2013-07-05,30.12,per_usd
2013-07-08,30.08,per_usd
2013-07-09,30.09,per_usd
2013-07-10,29.96,per_usd
2013-07-11,29.87,per_usd
2013-07-12,29.87,per_usd
2013-07-15,29.82,per_usd
2013-07-16,29.76,per_usd
2013-07-17,29.79,per_usd
2013-07-18,29.93,per_usd
2013-07-19,29.88,per_usd
2013-07-22,29.87,per_usd
2013-07-23,29.91,per_usd
2013-07-24,29.91,per_usd
2013-07-25,29.94,per_usd
2013-07-26,29.9,per_usd
2013-07-29,29.92,per_usd
2013-07-30,29.95,per_usd
2013-07-31,30.03,per_usd
2013-08-01,30.04,per_usd
2013-08-02,29.97,per_usd
2013-08-05,29.92,per_usd
2013-08-06,29.91,per_usd
2013-08-07,29.95,per_usd
2013-08-08,29.87,per_usd
2013-08-09,29.91,per_usd
2013-08-12,29.95,per_usd
2013-08-13,29.98,per_usd
2013-08-14,29.97,per_usd
2013-08-15,29.98,per_usd
2013-08-16,29.88,per_usd
2013-08-19,29.96,per_usd
2013-08-20,29.9,per_usd
2013-08-21,29.94,per_usd
2013-08-22,29.95,per_usd
2013-08-23,29.89,per_usd
2013-08-26,29.95,per_usd
2013-08-27,29.99,per_usd
2013-08-28,29.94,per_usd
2013-08-29,29.93,per_usd
2013-08-30,29.93,per_usd
2013-09-03,29.78,per_usd
2013-09-04,29.69,per_usd
2013-09-05,29.81,per_usd
2013-09-06,29.72,per_usd
2013-09-09,29.63,per_usd
2013-09-10,29.62,per_usd
2013-09-11,29.64,per_usd
2013-09-12,29.66,per_usd
2013-09-13,29.68,per_usd
2013-09-16,29.58,per_usd
2013-09-17,29.62,per_usd
2013-09-18,29.62,per_usd
2013-09-19,29.51,per_usd
2013-09-20,29.56,per_usd
2013-09-23,29.55,per_usd
2013-09-24,29.57,per_usd
2013-09-25,29.55,per_usd
2013-09-26,29.56,per_usd
2013-09-27,29.54,per_usd
2013-09-30,29.56,per_usd
2013-10-01,29.49,per_usd
2013-10-02,29.44,per_usd
2013-10-03,29.32,per_usd
2013-10-04,29.32,per_usd
2013-10-07,29.34,per_usd
2013-10-08,29.35,per_usd
2013-10-09,29.38,per_usd
2013-10-10,29.37,per_usd
2013-10-11,29.33,per_usd
2013-10-15,29.34,per_usd
2013-10-16,29.4,per_usd
2013-10-17,29.35,per_usd
2013-10-18,29.36,per_usd
2013-10-21,29.43,per_usd
2013-10-22,29.33,per_usd
2013-10-23,29.41,per_usd
2013-10-24,29.37,per_usd
2013-10-25,29.38,per_usd
2013-10-28,29.39,per_usd
2013-10-29,29.39,per_usd
2013-10-30,29.38,per_usd
2013-10-31,29.42,per_usd
2013-11-01,29.41,per_usd
2013-11-04,29.37,per_usd
2013-11-05,29.42,per_usd
2013-11-06,29.4,per_usd
2013-11-07,29.45,per_usd
2013-11-08,29.51,per_usd
2013-11-12,29.58,per_usd
2013-11-13,29.6,per_usd
2013-11-14,29.56,per_usd
2013-11-15,29.55,per_usd
2013-11-18,29.47,per_usd
2013-11-19,29.43,per_usd
2013-11-20,29.5,per_usd
2013-11-21,29.57,per_usd
2013-11-22,29.58,per_usd
2013-11-25,29.6,per_usd
2013-11-26,29.6,per_usd
2013-11-27,29.65,per_usd
2013-11-29,29.59,per_usd
2013-12-02,29.59,per_usd
2013-12-03,29.55,per_usd
2013-12-04,29.57,per_usd
2013-12-05,29.61,per_usd
2013-12-06,29.57,per_usd
2013-12-09,29.53,per_usd
2013-12-10,29.54,per_usd
2013-12-11,29.59,per_usd
2013-12-12,29.62,per_usd
2013-12-13,29.62,per_usd
2013-12-16,29.63,per_usd
2013-12-17,29.62,per_usd
2013-12-18,29.68,per_usd
2013-12-19,29.93,per_usd
2013-12-20,29.88,per_usd
2013-12-23,29.96,per_usd
2013-12-24,30.03,per_usd
2013-12-26,29.99,per_usd
2013-12-27,29.98,per_usd
2013-12-30,29.87,per_usd
2013-12-31,29.83,per_usd
2014-01-02,29.9,per_usd
2014-01-03,29.94,per_usd
2014-01-06,30.04,per_usd
2014-01-07,30.11,per_usd
2014-01-08,30.1,per_usd
2014-01-09,30.04,per_usd
2014-01-10,29.99,per_usd
2014-01-13,29.98,per_usd
2014-01-14,30.03,per_usd
2014-01-15,30.12,per_usd
2014-01-16,30.07,per_usd
2014-01-17,30.11,per_usd
2014-01-21,30.22,per_usd
2014-01-22,30.23,per_usd
2014-01-23,30.2,per_usd
2014-01-24,30.23,per_usd
2014-01-27,30.31,per_usd
2014-01-28,30.31,per_usd
2014-01-29,30.31,per_usd
2014-01-30,30.3,per_usd
2014-01-31,30.31,per_usd
2014-02-03,30.33,per_usd
2014-02-04,30.29,per_usd
2014-02-05,30.34,per_usd
2014-02-06,30.28,per_usd
2014-02-07,30.29,per_usd
2014-02-10,30.32,per_usd
2014-02-11,30.29,per_usd
2014-02-12,30.27,per_usd
2014-02-13,30.32,per_usd
2014-02-14,30.25,per_usd
2014-02-18,30.28,per_usd
2014-02-19,30.29,per_usd
2014-02-20,30.37,per_usd
2014-02-21,30.35,per_usd
2014-02-24,30.35,per_usd
2014-02-25,30.33,per_usd
2014-02-26,30.29,per_usd
2014-02-27,30.29,per_usd
2014-02-28,30.29,per_usd
2014-03-03,30.31,per_usd
2014-03-04,30.28,per_usd
2014-03-05,30.26,per_usd
2014-03-06,30.25,per_usd
2014-03-07,30.24,per_usd
2014-03-10,30.31,per_usd
2014-03-11,30.31,per_usd
2014-03-12,30.32,per_usd
2014-03-13,30.32,per_usd
2014-03-14,30.34,per_usd
2014-03-17,30.31,per_usd
2014-03-18,30.44,per_usd
2014-03-19,30.45,per_usd
2014-03-20,30.65,per_usd
2014-03-21,30.56,per_usd
2014-03-24,30.57,per_usd
2014-03-25,30.52,per_usd
2014-03-26,30.52,per_usd
2014-03-27,30.52,per_usd
2014-03-28,30.46,per_usd
2014-03-31,30.45,per_usd
2014-04-01,30.28,per_usd
2014-04-02,30.29,per_usd
2014-04-03,30.28,per_usd
2014-04-04,30.2,per_usd
2014-04-07,30.23,per_usd
2014-04-08,30.11,per_usd
2014-04-09,30.04,per_usd
2014-04-10,29.99,per_usd
2014-04-11,30.08,per_usd
2014-04-14,30.18,per_usd
2014-04-15,30.2,per_usd
2014-04-16,30.13,per_usd
2014-04-17,30.14,per_usd
2014-04-18,30.17,per_usd
2014-04-21,30.23,per_usd
2014-04-22,30.3,per_usd
2014-04-23,30.31,per_usd
2014-04-24,30.28,per_usd
2014-04-25,30.29,per_usd
2014-04-28,30.22,per_usd
2014-04-29,30.13,per_usd
2014-04-30,30.16,per_usd
2014-05-01,30.17,per_usd
2014-05-02,30.17,per_usd
2014-05-05,30.09,per_usd
2014-05-06,30.07,per_usd
2014-05-07,30.09,per_usd
2014-05-08,30.08,per_usd
2014-05-09,30.12,per_usd
2014-05-12,30.15,per_usd
2014-05-13,30.2,per_usd
2014-05-14,30.15,per_usd
2014-05-15,30.17,per_usd
2014-05-16,30.13,per_usd
2014-05-19,30.14,per_usd
2014-05-20,30.16,per_usd
2014-05-21,30.17,per_usd
2014-05-22,30.12,per_usd
2014-05-23,30.09,per_usd
2014-05-27,30.11,per_usd
2014-05-28,30.09,per_usd
2014-05-29,29.97,per_usd
2014-05-30,30.01,per_usd
2014-06-02,30.07,per_usd
2014-06-03,30.08,per_usd
2014-06-04,30.05,per_usd
2014-06-05,30.03,per_usd
2014-06-06,29.99,per_usd
2014-06-09,30,per_usd
2014-06-10,29.99,per_usd
2014-06-11,29.99,per_usd
2014-06-12,29.97,per_usd
2014-06-13,30,per_usd
2014-06-16,30.01,per_usd
2014-06-17,30.07,per_usd
2014-06-18,30,per_usd
2014-06-19,29.99,per_usd
2014-06-20,30.01,per_usd
2014-06-23,29.99,per_usd
2014-06-24,29.94,per_usd
2014-06-25,29.96,per_usd
2014-06-26,29.91,per_usd
2014-06-27,29.87,per_usd
2014-06-30,29.87,per_usd
2014-07-01,29.88,per_usd
2014-07-02,29.87,per_usd
2014-07-03,29.85,per_usd
2014-07-07,29.91,per_usd
2014-07-08,29.91,per_usd
2014-07-09,29.88,per_usd
2014-07-10,29.93,per_usd
2014-07-11,29.94,per_usd
2014-07-14,29.94,per_usd
2014-07-15,30.02,per_usd
2014-07-16,29.99,per_usd
2014-07-17,30,per_usd
2014-07-18,30,per_usd
2014-07-21,29.97,per_usd
2014-07-22,29.98,per_usd
2014-07-23,29.94,per_usd
2014-07-24,29.95,per_usd
2014-07-25,29.96,per_usd
2014-07-28,29.96,per_usd
2014-07-29,29.95,per_usd
2014-07-30,29.99,per_usd
2014-07-31,30.06,per_usd
2014-08-01,30,per_usd
2014-08-04,29.99,per_usd
2014-08-05,30,per_usd
2014-08-06,30.01,per_usd
2014-08-07,30.02,per_usd
2014-08-08,29.99,per_usd
2014-08-11,30.02,per_usd
2014-08-12,30.02,per_usd
2014-08-13,30,per_usd
2014-08-14,29.96,per_usd
2014-08-15,29.95,per_usd
2014-08-18,29.98,per_usd
2014-08-19,29.99,per_usd
2014-08-20,29.98,per_usd
2014-08-21,29.99,per_usd
2014-08-22,29.97,per_usd
2014-08-25,29.96,per_usd
2014-08-26,29.96,per_usd
2014-08-27,29.87,per_usd
2014-08-28,29.89,per_usd
2014-08-29,29.88,per_usd
2014-09-02,29.94,per_usd
2014-09-03,29.89,per_usd
2014-09-04,29.91,per_usd
2014-09-05,29.9,per_usd
2014-09-08,29.93,per_usd
2014-09-09,29.97,per_usd
2014-09-10,30,per_usd
2014-09-11,30.02,per_usd
2014-09-12,30.04,per_usd
2014-09-15,30.14,per_usd
2014-09-16,30.13,per_usd
2014-09-17,30.16,per_usd
2014-09-18,30.23,per_usd
2014-09-19,30.21,per_usd
2014-09-22,30.27,per_usd
2014-09-23,30.22,per_usd
2014-09-24,30.22,per_usd
2014-09-25,30.32,per_usd
2014-09-26,30.34,per_usd
2014-09-29,30.47,per_usd
2014-09-30,30.44,per_usd
2014-10-01,30.43,per_usd
2014-10-02,30.43,per_usd
2014-10-03,30.49,per_usd
2014-10-06,30.42,per_usd
2014-10-07,30.38,per_usd
2014-10-08,30.43,per_usd
2014-10-09,30.37,per_usd
2014-10-10,30.38,per_usd
2014-10-14,30.45,per_usd
2014-10-15,30.35,per_usd
2014-10-16,30.38,per_usd
2014-10-17,30.38,per_usd
2014-10-20,30.36,per_usd
2014-10-21,30.38,per_usd
2014-10-22,30.39,per_usd
2014-10-23,30.42,per_usd
2014-10-24,30.39,per_usd
2014-10-27,30.38,per_usd
2014-10-28,30.36,per_usd
2014-10-29,30.31,per_usd
2014-10-30,30.39,per_usd
2014-10-31,30.45,per_usd
2014-11-03,30.48,per_usd
2014-11-04,30.51,per_usd
2014-11-05,30.59,per_usd
2014-11-06,30.56,per_usd
2014-11-07,30.58,per_usd
2014-11-10,30.55,per_usd
2014-11-12,30.58,per_usd
2014-11-13,30.61,per_usd
2014-11-14,30.76,per_usd
2014-11-17,30.7,per_usd
2014-11-18,30.73,per_usd
2014-11-19,30.9,per_usd
2014-11-20,30.89,per_usd
2014-11-21,30.89,per_usd
2014-11-24,30.97,per_usd
2014-11-25,30.93,per_usd
2014-11-26,30.88,per_usd
2014-11-28,30.99,per_usd
2014-12-01,31.03,per_usd
2014-12-02,31.1,per_usd
2014-12-03,31.11,per_usd
2014-12-04,31.09,per_usd
2014-12-05,31.22,per_usd
2014-12-08,31.12,per_usd
2014-12-09,31.12,per_usd
2014-12-10,31.2,per_usd
2014-12-11,31.21,per_usd
2014-12-12,31.32,per_usd
2014-12-15,31.27,per_usd
2014-12-16,31.25,per_usd
2014-12-17,31.32,per_usd
2014-12-18,31.43,per_usd
2014-12-19,31.5,per_usd
2014-12-22,31.56,per_usd
2014-12-23,31.75,per_usd
2014-12-24,31.8,per_usd
2014-12-29,31.75,per_usd
2014-12-30,31.64,per_usd
2014-12-31,31.6,per_usd
2015-01-02,31.74,per_usd
2015-01-05,32,per_usd
2015-01-06,31.98,per_usd
2015-01-07,31.99,per_usd
2015-01-08,31.99,per_usd
2015-01-09,31.89,per_usd
2015-01-12,31.88,per_usd
2015-01-13,31.84,per_usd
2015-01-14,31.78,per_usd
2015-01-15,31.65,per_usd
2015-01-16,31.46,per_usd
2015-01-20,31.66,per_usd
2015-01-21,31.47,per_usd
2015-01-22,31.35,per_usd
2015-01-23,31.23,per_usd
2015-01-26,31.31,per_usd
2015-01-27,31.06,per_usd
2015-01-28,31.18,per_usd
2015-01-29,31.56,per_usd
2015-01-30,31.75,per_usd
2015-02-02,31.62,per_usd
2015-02-03,31.5,per_usd
2015-02-04,31.46,per_usd
2015-02-05,31.49,per_usd
2015-02-06,31.58,per_usd
2015-02-09,31.59,per_usd
2015-02-10,31.56,per_usd
2015-02-11,31.62,per_usd
2015-02-12,31.31,per_usd
2015-02-13,31.34,per_usd
2015-02-17,31.6,per_usd
2015-02-18,31.67,per_usd
2015-02-19,31.74,per_usd
2015-02-20,31.76,per_usd
2015-02-23,31.75,per_usd
2015-02-24,31.65,per_usd
2015-02-25,31.43,per_usd
2015-02-26,31.41,per_usd
2015-02-27,31.44,per_usd
2015-03-02,31.4,per_usd
2015-03-03,31.35,per_usd
2015-03-04,31.42,per_usd
2015-03-05,31.44,per_usd
2015-03-06,31.59,per_usd
2015-03-09,31.52,per_usd
2015-03-10,31.66,per_usd
2015-03-11,31.71,per_usd
2015-03-12,31.58,per_usd
2015-03-13,31.71,per_usd
2015-03-16,31.63,per_usd
2015-03-17,31.58,per_usd
2015-03-18,31.48,per_usd
2015-03-19,31.48,per_usd
2015-03-20,31.41,per_usd
2015-03-23,31.28,per_usd
2015-03-24,31.24,per_usd
2015-03-25,31.24,per_usd
2015-03-26,31.21,per_usd
2015-03-27,31.19,per_usd
2015-03-30,31.28,per_usd
2015-03-31,31.24,per_usd
2015-04-01,31.24,per_usd
2015-04-02,31.05,per_usd
2015-04-03,30.87,per_usd
2015-04-06,30.88,per_usd
2015-04-07,31.06,per_usd
2015-04-08,31.08,per_usd
2015-04-09,31.24,per_usd
2015-04-10,31.23,per_usd
2015-04-13,31.33,per_usd
2015-04-14,31.21,per_usd
2015-04-15,31.23,per_usd
2015-04-16,31.1,per_usd
2015-04-17,31.05,per_usd
2015-04-20,31.07,per_usd
2015-04-21,31.08,per_usd
2015-04-22,31.06,per_usd
2015-04-23,31.03,per_usd
2015-04-24,30.68,per_usd
2015-04-27,30.44,per_usd
2015-04-28,30.42,per_usd
2015-04-29,30.37,per_usd
2015-04-30,30.64,per_usd
2015-05-01,30.7,per_usd
2015-05-04,30.71,per_usd
2015-05-05,30.63,per_usd
2015-05-06,30.6,per_usd
2015-05-07,30.78,per_usd
2015-05-08,30.68,per_usd
2015-05-11,30.79,per_usd
2015-05-12,30.73,per_usd
2015-05-13,30.64,per_usd
2015-05-14,30.55,per_usd
2015-05-15,30.42,per_usd
2015-05-18,30.47,per_usd
2015-05-19,30.5,per_usd
2015-05-20,30.54,per_usd
2015-05-21,30.43,per_usd
2015-05-22,30.43,per_usd
2015-05-26,30.65,per_usd
2015-05-27,30.66,per_usd
2015-05-28,30.65,per_usd
2015-05-29,30.81,per_usd
2015-06-01,30.87,per_usd
2015-06-02,30.82,per_usd
2015-06-03,30.76,per_usd
2015-06-04,30.9,per_usd
2015-06-05,31.05,per_usd
2015-06-08,31.13,per_usd
2015-06-09,31.09,per_usd
2015-06-10,30.86,per_usd
2015-06-11,30.94,per_usd
2015-06-12,30.93,per_usd
2015-06-15,30.91,per_usd
2015-06-16,30.88,per_usd
2015-06-17,30.97,per_usd
2015-06-18,30.68,per_usd
2015-06-19,30.7,per_usd
2015-06-22,30.72,per_usd
2015-06-23,30.87,per_usd
2015-06-24,30.98,per_usd
2015-06-25,30.93,per_usd
2015-06-26,31.01,per_usd
2015-06-29,30.88,per_usd
2015-06-30,30.88,per_usd
2015-07-01,30.93,per_usd
2015-07-02,30.84,per_usd
2015-07-06,30.91,per_usd
2015-07-07,31.08,per_usd
2015-07-08,31.01,per_usd
2015-07-09,31.04,per_usd
2015-07-10,31.03,per_usd
2015-07-13,31.06,per_usd
2015-07-14,31.03,per_usd
2015-07-15,31.08,per_usd
2015-07-16,31.07,per_usd
2015-07-17,31.11,per_usd
2015-07-20,31.24,per_usd
2015-07-21,31.17,per_usd
2015-07-22,31.23,per_usd
2015-07-23,31.26,per_usd
2015-07-24,31.5,per_usd
2015-07-27,31.59,per_usd
2015-07-28,31.42,per_usd
2015-07-29,31.42,per_usd
2015-07-30,31.59,per_usd
2015-07-31,31.59,per_usd
2015-08-03,31.7,per_usd
2015-08-04,31.63,per_usd
2015-08-05,31.7,per_usd
2015-08-06,31.64,per_usd
2015-08-07,31.65,per_usd
2015-08-10,31.63,per_usd
2015-08-11,32.16,per_usd
2015-08-12,32.12,per_usd
2015-08-13,32.17,per_usd
2015-08-14,32.15,per_usd
2015-08-17,32.42,per_usd
2015-08-18,32.46,per_usd
2015-08-19,32.49,per_usd
2015-08-20,32.57,per_usd
2015-08-21,32.63,per_usd
2015-08-24,33,per_usd
2015-08-25,32.53,per_usd
2015-08-26,32.48,per_usd
2015-08-27,32.16,per_usd
2015-08-28,32.24,per_usd
2015-08-31,32.49,per_usd
2015-09-01,32.42,per_usd
2015-09-02,32.47,per_usd
2015-09-03,32.49,per_usd
2015-09-04,32.65,per_usd
2015-09-08,32.64,per_usd
2015-09-09,32.46,per_usd
2015-09-10,32.37,per_usd
2015-09-11,32.53,per_usd
2015-09-14,32.5,per_usd
2015-09-15,32.48,per_usd
2015-09-16,32.43,per_usd
2015-09-17,32.4,per_usd
2015-09-18,32.31,per_usd
2015-09-21,32.63,per_usd
2015-09-22,32.92,per_usd
2015-09-23,32.96,per_usd
2015-09-24,33.16,per_usd
2015-09-25,33.07,per_usd
2015-09-28,33.17,per_usd
2015-09-29,33.02,per_usd
2015-09-30,32.98,per_usd
2015-10-01,32.81,per_usd
2015-10-02,32.79,per_usd
2015-10-05,32.47,per_usd
2015-10-06,32.55,per_usd
2015-10-07,32.4,per_usd
2015-10-08,32.48,per_usd
2015-10-09,32.3,per_usd
2015-10-13,32.51,per_usd
2015-10-14,32.42,per_usd
2015-10-15,31.92,per_usd
2015-10-16,32.21,per_usd
2015-10-19,32.38,per_usd
2015-10-20,32.32,per_usd
2015-10-21,32.5,per_usd
2015-10-22,32.43,per_usd
2015-10-23,32.49,per_usd
2015-10-26,32.34,per_usd
2015-10-27,32.42,per_usd
2015-10-28,32.45,per_usd
2015-10-29,32.52,per_usd
2015-10-30,32.46,per_usd
2015-11-02,32.46,per_usd
2015-11-03,32.46,per_usd
2015-11-04,32.43,per_usd
2015-11-05,32.46,per_usd
2015-11-06,32.46,per_usd
2015-11-09,32.79,per_usd
2015-11-10,32.77,per_usd
2015-11-12,32.72,per_usd
2015-11-13,32.87,per_usd
2015-11-16,32.83,per_usd
2015-11-17,32.77,per_usd
2015-11-18,32.73,per_usd
2015-11-19,32.48,per_usd
2015-11-20,32.49,per_usd
2015-11-23,32.62,per_usd
2015-11-24,32.53,per_usd
2015-11-25,32.47,per_usd
2015-11-27,32.69,per_usd
2015-11-30,32.53,per_usd
2015-12-01,32.53,per_usd
2015-12-02,32.53,per_usd
2015-12-03,32.53,per_usd
2015-12-04,32.53,per_usd
2015-12-07,32.89,per_usd
2015-12-08,32.94,per_usd
2015-12-09,32.9,per_usd
2015-12-10,32.74,per_usd
2015-12-11,33.01,per_usd
2015-12-14,32.9,per_usd
2015-12-15,32.75,per_usd
2015-12-16,32.7,per_usd
2015-12-17,33,per_usd
2015-12-18,32.85,per_usd
2015-12-21,32.87,per_usd
2015-12-22,32.79,per_usd
2015-12-23,32.82,per_usd
2015-12-24,32.77,per_usd
2015-12-28,32.79,per_usd
2015-12-29,32.79,per_usd
2015-12-30,32.97,per_usd
2015-12-31,32.79,per_usd
2016-01-04,33.15,per_usd
2016-01-05,33.14,per_usd
2016-01-06,33.27,per_usd
2016-01-07,33.2,per_usd
2016-01-08,33.34,per_usd
2016-01-11,33.38,per_usd
2016-01-12,33.41,per_usd
2016-01-13,33.41,per_usd
2016-01-14,33.49,per_usd
2016-01-15,33.61,per_usd
2016-01-19,33.57,per_usd
2016-01-20,33.74,per_usd
2016-01-21,33.56,per_usd
2016-01-22,33.49,per_usd
2016-01-25,33.5,per_usd
2016-01-26,33.46,per_usd
2016-01-27,33.55,per_usd
2016-01-28,33.53,per_usd
2016-01-29,33.43,per_usd
2016-02-01,33.41,per_usd
2016-02-02,33.51,per_usd
2016-02-03,33.42,per_usd
2016-02-04,33,per_usd
2016-02-05,33.37,per_usd
2016-02-08,33.41,per_usd
2016-02-09,33.23,per_usd
2016-02-10,33,per_usd
2016-02-11,32.95,per_usd
2016-02-12,33.04,per_usd
2016-02-16,33.21,per_usd
2016-02-17,33.25,per_usd
2016-02-18,33.26,per_usd
2016-02-19,33.3,per_usd
2016-02-22,33.15,per_usd
2016-02-23,33.26,per_usd
2016-02-24,33.3,per_usd
2016-02-25,33.19,per_usd
2016-02-26,33.29,per_usd
2016-02-29,33.22,per_usd
2016-03-01,33.04,per_usd
2016-03-02,33.09,per_usd
2016-03-03,32.92,per_usd
2016-03-04,32.49,per_usd
2016-03-07,32.54,per_usd
2016-03-08,32.76,per_usd
2016-03-09,32.75,per_usd
2016-03-10,32.87,per_usd
2016-03-11,32.58,per_usd
2016-03-14,32.68,per_usd
2016-03-15,32.86,per_usd
2016-03-16,32.77,per_usd
2016-03-17,32.24,per_usd
2016-03-18,32.3,per_usd
2016-03-21,32.33,per_usd
2016-03-22,32.34,per_usd
2016-03-23,32.49,per_usd
2016-03-24,32.5,per_usd
2016-03-25,32.49,per_usd
2016-03-28,32.56,per_usd
2016-03-29,32.57,per_usd
2016-03-30,32.16,per_usd
2016-03-31,32.18,per_usd
2016-04-01,32.26,per_usd
2016-04-04,32.38,per_usd
2016-04-05,32.44,per_usd
2016-04-06,32.38,per_usd
2016-04-07,32.4,per_usd
2016-04-08,32.4,per_usd
2016-04-11,32.33,per_usd
2016-04-12,32.33,per_usd
2016-04-13,32.35,per_usd
2016-04-14,32.41,per_usd
2016-04-15,32.32,per_usd
2016-04-18,32.32,per_usd
2016-04-19,32.11,per_usd
2016-04-20,32.18,per_usd
2016-04-21,32.27,per_usd
2016-04-22,32.36,per_usd
2016-04-25,32.34,per_usd
2016-04-26,32.27,per_usd
2016-04-27,32.36,per_usd
2016-04-28,32.23,per_usd
2016-04-29,32.28,per_usd
2016-05-02,32.22,per_usd
2016-05-03,32.32,per_usd
2016-05-04,32.39,per_usd
2016-05-05,32.4,per_usd
2016-05-06,32.38,per_usd
2016-05-09,32.54,per_usd
2016-05-10,32.54,per_usd
2016-05-11,32.49,per_usd
2016-05-12,32.59,per_usd
2016-05-13,32.66,per_usd
2016-05-16,32.65,per_usd
2016-05-17,32.56,per_usd
2016-05-18,32.76,per_usd
2016-05-19,32.75,per_usd
2016-05-20,32.69,per_usd
2016-05-23,32.58,per_usd
2016-05-24,32.64,per_usd
2016-05-25,32.55,per_usd
2016-05-26,32.49,per_usd
2016-05-27,32.54,per_usd
2016-05-31,32.58,per_usd
2016-06-01,32.62,per_usd
2016-06-02,32.6,per_usd
2016-06-03,32.28,per_usd
2016-06-06,32.25,per_usd
2016-06-07,32.16,per_usd
2016-06-08,32.13,per_usd
2016-06-09,32.27,per_usd
2016-06-10,32.29,per_usd
2016-06-13,32.37,per_usd
2016-06-14,32.39,per_usd
2016-06-15,32.31,per_usd
2016-06-16,32.37,per_usd
2016-06-17,32.34,per_usd
2016-06-20,32.22,per_usd
2016-06-21,32.15,per_usd
2016-06-22,32.07,per_usd
2016-06-23,31.99,per_usd
2016-06-24,32.36,per_usd
2016-06-27,32.53,per_usd
2016-06-28,32.41,per_usd
2016-06-29,32.27,per_usd
2016-06-30,32.22,per_usd
2016-07-01,32.2,per_usd
2016-07-05,32.33,per_usd
2016-07-06,32.36,per_usd
2016-07-07,32.32,per_usd
2016-07-08,32.23,per_usd
2016-07-11,32.21,per_usd
2016-07-12,32.13,per_usd
2016-07-13,32.16,per_usd
2016-07-14,31.94,per_usd
2016-07-15,31.92,per_usd
2016-07-18,31.93,per_usd
2016-07-19,32.06,per_usd
2016-07-20,32.07,per_usd
2016-07-21,31.98,per_usd
2016-07-22,32.03,per_usd
2016-07-25,32.2,per_usd
2016-07-26,32.11,per_usd
2016-07-27,32.06,per_usd
2016-07-28,31.96,per_usd
2016-07-29,31.82,per_usd
2016-08-01,31.55,per_usd
2016-08-02,31.57,per_usd
2016-08-03,31.66,per_usd
2016-08-04,31.62,per_usd
2016-08-05,31.54,per_usd
2016-08-08,31.45,per_usd
2016-08-09,31.28,per_usd
2016-08-10,31.05,per_usd
2016-08-11,31.25,per_usd
2016-08-12,31.38,per_usd
2016-08-15,31.31,per_usd
2016-08-16,31.26,per_usd
2016-08-17,31.53,per_usd
2016-08-18,31.4,per_usd
2016-08-19,31.64,per_usd
2016-08-22,31.8,per_usd
2016-08-23,31.78,per_usd
2016-08-24,31.79,per_usd
2016-08-25,31.68,per_usd
2016-08-26,31.64,per_usd
2016-08-29,31.7,per_usd
2016-08-30,31.74,per_usd
2016-08-31,31.74,per_usd
2016-09-01,31.72,per_usd
2016-09-02,31.66,per_usd
2016-09-06,31.18,per_usd
2016-09-07,31.24,per_usd
2016-09-08,31.32,per_usd
2016-09-09,31.58,per_usd
2016-09-12,31.7,per_usd
2016-09-13,31.77,per_usd
2016-09-14,31.68,per_usd
2016-09-15,31.68,per_usd
2016-09-16,31.7,per_usd
2016-09-19,31.37,per_usd
2016-09-20,31.31,per_usd
2016-09-21,31.28,per_usd
2016-09-22,31.3,per_usd
2016-09-23,31.34,per_usd
2016-09-26,31.41,per_usd
2016-09-27,31.37,per_usd
2016-09-28,31.35,per_usd
2016-09-29,31.35,per_usd
2016-09-30,31.27,per_usd
2016-10-03,31.36,per_usd
2016-10-04,31.43,per_usd
2016-10-05,31.45,per_usd
2016-10-06,31.5,per_usd
2016-10-07,31.47,per_usd
2016-10-11,31.64,per_usd
2016-10-12,31.63,per_usd
2016-10-13,31.74,per_usd
2016-10-14,31.76,per_usd
2016-10-17,31.79,per_usd
2016-10-18,31.53,per_usd
2016-10-19,31.44,per_usd
2016-10-20,31.58,per_usd
2016-10-21,31.75,per_usd
2016-10-24,31.68,per_usd
2016-10-25,31.53,per_usd
2016-10-26,31.59,per_usd
2016-10-27,31.7,per_usd
2016-10-28,31.61,per_usd
2016-10-31,31.54,per_usd
2016-11-01,31.54,per_usd
2016-11-02,31.52,per_usd
2016-11-03,31.54,per_usd
2016-11-04,31.54,per_usd
2016-11-07,31.45,per_usd
2016-11-08,31.41,per_usd
2016-11-09,31.53,per_usd
2016-11-10,31.77,per_usd
2016-11-14,31.99,per_usd
2016-11-15,31.83,per_usd
2016-11-16,31.85,per_usd
2016-11-17,31.93,per_usd
2016-11-18,32.01,per_usd
2016-11-21,31.89,per_usd
2016-11-22,31.85,per_usd
2016-11-23,31.99,per_usd
2016-11-25,31.85,per_usd
2016-11-28,31.76,per_usd
2016-11-29,31.82,per_usd
2016-11-30,31.92,per_usd
2016-12-01,31.93,per_usd
2016-12-02,31.88,per_usd
2016-12-05,32.01,per_usd
2016-12-06,31.92,per_usd
2016-12-07,31.72,per_usd
2016-12-08,31.73,per_usd
2016-12-09,31.8,per_usd
2016-12-12,31.77,per_usd
2016-12-13,31.77,per_usd
2016-12-14,31.73,per_usd
2016-12-15,32,per_usd
2016-12-16,31.94,per_usd
2016-12-19,31.98,per_usd
2016-12-20,32.06,per_usd
2016-12-21,32.05,per_usd
2016-12-22,32.19,per_usd
2016-12-23,32.18,per_usd
2016-12-27,32.27,per_usd
2016-12-28,32.42,per_usd
2016-12-29,32.26,per_usd
2016-12-30,32.4,per_usd
2017-01-03,32.37,per_usd
2017-01-04,32.16,per_usd
2017-01-05,31.78,per_usd
2017-01-06,32,per_usd
2017-01-09,32.02,per_usd
2017-01-10,31.92,per_usd
2017-01-11,31.9,per_usd
2017-01-12,31.49,per_usd
2017-01-13,31.6,per_usd
2017-01-17,31.38,per_usd
2017-01-18,31.53,per_usd
2017-01-19,31.6,per_usd
2017-01-23,31.41,per_usd
2017-01-24,31.31,per_usd
2017-01-25,31.31,per_usd
2017-01-26,31.42,per_usd
2017-01-27,31.5,per_usd
2017-01-30,31.38,per_usd
2017-01-31,31.19,per_usd
2017-02-01,31.17,per_usd
2017-02-02,31,per_usd
2017-02-03,30.79,per_usd
2017-02-06,30.89,per_usd
2017-02-07,31.06,per_usd
2017-02-08,31.03,per_usd
2017-02-09,31.06,per_usd
2017-02-10,30.94,per_usd
2017-02-13,30.96,per_usd
2017-02-14,30.78,per_usd
2017-02-15,30.73,per_usd
2017-02-16,30.75,per_usd
2017-02-17,30.9,per_usd
2017-02-21,30.8,per_usd
2017-02-22,30.77,per_usd
2017-02-23,30.61,per_usd
2017-02-24,30.64,per_usd
2017-02-27,30.72,per_usd
2017-02-28,30.64,per_usd
2017-03-01,30.76,per_usd
2017-03-02,30.88,per_usd
2017-03-03,31.03,per_usd
2017-03-06,30.95,per_usd
2017-03-07,30.92,per_usd
2017-03-08,30.93,per_usd
2017-03-09,31.01,per_usd
2017-03-10,30.99,per_usd
2017-03-13,30.99,per_usd
2017-03-14,30.94,per_usd
2017-03-15,30.83,per_usd
2017-03-16,30.94,per_usd
2017-03-17,30.52,per_usd
2017-03-20,30.38,per_usd
2017-03-21,30.43,per_usd
2017-03-22,30.45,per_usd
2017-03-23,30.46,per_usd
2017-03-24,30.32,per_usd
2017-03-27,30.14,per_usd
2017-03-28,30.17,per_usd
2017-03-29,30.21,per_usd
2017-03-30,30.29,per_usd
2017-03-31,30.38,per_usd
2017-04-03,30.33,per_usd
2017-04-04,30.47,per_usd
2017-04-05,30.4,per_usd
2017-04-06,30.51,per_usd
2017-04-07,30.56,per_usd
2017-04-10,30.57,per_usd
2017-04-11,30.63,per_usd
2017-04-12,30.55,per_usd
2017-04-13,30.32,per_usd
2017-04-14,30.31,per_usd
2017-04-17,30.32,per_usd
2017-04-18,30.39,per_usd
2017-04-19,30.4,per_usd
2017-04-20,30.37,per_usd
2017-04-21,30.34,per_usd
2017-04-24,30.23,per_usd
2017-04-25,30.06,per_usd
2017-04-26,30.1,per_usd
2017-04-27,30.12,per_usd
2017-04-28,30.19,per_usd
2017-05-01,30.16,per_usd
2017-05-02,30.02,per_usd
2017-05-03,30.05,per_usd
2017-05-04,30.12,per_usd
2017-05-05,30.18,per_usd
2017-05-08,30.13,per_usd
2017-05-09,30.24,per_usd
2017-05-10,30.2,per_usd
2017-05-11,30.18,per_usd
2017-05-12,30.15,per_usd
2017-05-15,30.04,per_usd
2017-05-16,30.09,per_usd
2017-05-17,30.1,per_usd
2017-05-18,30.3,per_usd
2017-05-19,30.02,per_usd
2017-05-22,30.01,per_usd
2017-05-23,30.16,per_usd
2017-05-24,30.15,per_usd
2017-05-25,30.08,per_usd
2017-05-26,30.18,per_usd
2017-05-30,30.15,per_usd
2017-05-31,30.11,per_usd
2017-06-01,30.09,per_usd
2017-06-02,30.09,per_usd
2017-06-05,30.07,per_usd
2017-06-06,30.09,per_usd
2017-06-07,30.09,per_usd
2017-06-08,30.11,per_usd
2017-06-09,30.12,per_usd
2017-06-12,30.22,per_usd
2017-06-13,30.23,per_usd
2017-06-14,30.08,per_usd
2017-06-15,30.35,per_usd
2017-06-16,30.31,per_usd
2017-06-19,30.37,per_usd
2017-06-20,30.45,per_usd
2017-06-21,30.44,per_usd
2017-06-22,30.44,per_usd
2017-06-23,30.29,per_usd
2017-06-26,30.3,per_usd
2017-06-27,30.32,per_usd
2017-06-28,30.41,per_usd
2017-06-29,30.46,per_usd
2017-06-30,30.38,per_usd
2017-07-03,30.49,per_usd
2017-07-05,30.56,per_usd
2017-07-06,30.61,per_usd
2017-07-07,30.56,per_usd
2017-07-10,30.56,per_usd
2017-07-11,30.53,per_usd
2017-07-12,30.38,per_usd
2017-07-13,30.36,per_usd
2017-07-14,30.26,per_usd
2017-07-17,30.37,per_usd
2017-07-18,30.34,per_usd
2017-07-19,30.37,per_usd
2017-07-20,30.38,per_usd
2017-07-21,30.41,per_usd
2017-07-24,30.34,per_usd
2017-07-25,30.32,per_usd
2017-07-26,30.36,per_usd
2017-07-27,30.18,per_usd
2017-07-28,30.26,per_usd
2017-07-31,30.2,per_usd
2017-08-01,30.24,per_usd
2017-08-02,30.22,per_usd
2017-08-03,30.19,per_usd
2017-08-04,30.18,per_usd
2017-08-07,30.21,per_usd
2017-08-08,30.18,per_usd
2017-08-09,30.24,per_usd
2017-08-10,30.34,per_usd
2017-08-11,30.35,per_usd
2017-08-14,30.28,per_usd
2017-08-15,30.32,per_usd
2017-08-16,30.32,per_usd
2017-08-17,30.32,per_usd
2017-08-18,30.33,per_usd
2017-08-21,30.31,per_usd
2017-08-22,30.28,per_usd
2017-08-23,30.26,per_usd
2017-08-24,30.24,per_usd
2017-08-25,30.09,per_usd
2017-08-28,30.13,per_usd
2017-08-29,30.07,per_usd
2017-08-30,30.13,per_usd
2017-08-31,30.13,per_usd
2017-09-01,30.06,per_usd
2017-09-05,30.05,per_usd
2017-09-06,30.08,per_usd
2017-09-07,29.93,per_usd
2017-09-08,30.05,per_usd
2017-09-11,30.01,per_usd
2017-09-12,30.04,per_usd
2017-09-13,30.05,per_usd
2017-09-14,30.1,per_usd
2017-09-15,30.06,per_usd
2017-09-18,30.14,per_usd
2017-09-19,30.12,per_usd
2017-09-20,30.08,per_usd
2017-09-21,30.19,per_usd
2017-09-22,30.16,per_usd
2017-09-25,30.25,per_usd
2017-09-26,30.23,per_usd
2017-09-27,30.31,per_usd
2017-09-28,30.37,per_usd
2017-09-29,30.33,per_usd
2017-10-02,30.38,per_usd
2017-10-03,30.44,per_usd
2017-10-04,30.43,per_usd
2017-10-05,30.33,per_usd
2017-10-06,30.36,per_usd
2017-10-10,30.28,per_usd
2017-10-11,30.23,per_usd
2017-10-12,30.17,per_usd
2017-10-13,30.13,per_usd
2017-10-16,30.14,per_usd
2017-10-17,30.18,per_usd
2017-10-18,30.2,per_usd
2017-10-19,30.23,per_usd
2017-10-20,30.22,per_usd
2017-10-23,30.25,per_usd
2017-10-24,30.28,per_usd
2017-10-25,30.24,per_usd
2017-10-26,30.22,per_usd
2017-10-27,30.23,per_usd
2017-10-30,30.23,per_usd
2017-10-31,30.12,per_usd
2017-11-01,30.13,per_usd
2017-11-02,30.19,per_usd
2017-11-03,30.21,per_usd
2017-11-06,30.16,per_usd
2017-11-07,30.19,per_usd
2017-11-08,30.15,per_usd
2017-11-09,30.2,per_usd
2017-11-13,30.18,per_usd
2017-11-14,30.13,per_usd
2017-11-15,30.06,per_usd
2017-11-16,30.05,per_usd
2017-11-17,30.05,per_usd
2017-11-20,30.05,per_usd
2017-11-21,29.97,per_usd
2017-11-22,29.97,per_usd
2017-11-24,29.98,per_usd
2017-11-27,30.02,per_usd
2017-11-28,29.98,per_usd
2017-11-29,30.02,per_usd
2017-11-30,29.98,per_usd
2017-12-01,30.02,per_usd
2017-12-04,29.98,per_usd
2017-12-05,30.03,per_usd
2017-12-06,30.04,per_usd
2017-12-07,30.03,per_usd
2017-12-08,30.02,per_usd
2017-12-11,30.02,per_usd
2017-12-12,30.05,per_usd
2017-12-13,30.01,per_usd
2017-12-14,30,per_usd
2017-12-15,29.95,per_usd
2017-12-18,29.95,per_usd
2017-12-19,29.95,per_usd
2017-12-20,29.96,per_usd
2017-12-21,29.93,per_usd
2017-12-22,29.89,per_usd
2017-12-26,29.89,per_usd
2017-12-27,29.95,per_usd
2017-12-28,29.78,per_usd
2017-12-29,29.64,per_usd
2018-01-02,29.58,per_usd
2018-01-03,29.57,per_usd
2018-01-04,29.6,per_usd
2018-01-05,29.47,per_usd
2018-01-08,29.52,per_usd
2018-01-09,29.61,per_usd
2018-01-10,29.58,per_usd
2018-01-11,29.58,per_usd
2018-01-12,29.6,per_usd
2018-01-16,29.57,per_usd
2018-01-17,29.57,per_usd
2018-01-18,29.48,per_usd
2018-01-19,29.31,per_usd
2018-01-22,29.25,per_usd
2018-01-23,29.23,per_usd
2018-01-24,29.11,per_usd
2018-01-25,29.05,per_usd
2018-01-26,29.12,per_usd
2018-01-29,29.19,per_usd
2018-01-30,29.26,per_usd
2018-01-31,29.16,per_usd
2018-02-01,29.21,per_usd
2018-02-02,29.32,per_usd
2018-02-05,29.32,per_usd
2018-02-06,29.27,per_usd
2018-02-07,29.24,per_usd
2018-02-08,29.42,per_usd
2018-02-09,29.35,per_usd
2018-02-12,29.34,per_usd
2018-02-13,29.29,per_usd
2018-02-14,29.13,per_usd
2018-02-15,29.03,per_usd
2018-02-16,29.08,per_usd
2018-02-20,29.13,per_usd
2018-02-21,29.19,per_usd
2018-02-22,29.25,per_usd
2018-02-23,29.27,per_usd
2018-02-26,29.22,per_usd
2018-02-27,29.29,per_usd
2018-02-28,29.32,per_usd
2018-03-01,29.31,per_usd
2018-03-02,29.29,per_usd
2018-03-05,29.27,per_usd
2018-03-06,29.21,per_usd
2018-03-07,29.29,per_usd
2018-03-08,29.35,per_usd
2018-03-09,29.24,per_usd
2018-03-12,29.25,per_usd
2018-03-13,29.22,per_usd
2018-03-14,29.23,per_usd
2018-03-15,29.15,per_usd
2018-03-16,29.13,per_usd
2018-03-19,29.17,per_usd
2018-03-20,29.16,per_usd
2018-03-21,29.16,per_usd
2018-03-22,29.19,per_usd
2018-03-23,29.18,per_usd
2018-03-26,29.1,per_usd
2018-03-27,29.13,per_usd
2018-03-28,29.12,per_usd
2018-03-29,29.13,per_usd
2018-03-30,29.1,per_usd
2018-04-02,29.14,per_usd
2018-04-03,29.16,per_usd
2018-04-04,29.23,per_usd
2018-04-05,29.24,per_usd
2018-04-06,29.29,per_usd
2018-04-09,29.24,per_usd
2018-04-10,29.2,per_usd
2018-04-11,29.2,per_usd
2018-04-12,29.31,per_usd
2018-04-13,29.32,per_usd
2018-04-16,29.35,per_usd
2018-04-17,29.36,per_usd
2018-04-18,29.31,per_usd
2018-04-19,29.39,per_usd
2018-04-20,29.48,per_usd
2018-04-23,29.58,per_usd
2018-04-24,29.57,per_usd
2018-04-25,29.72,per_usd
2018-04-26,29.68,per_usd
2018-04-27,29.54,per_usd
2018-04-30,29.6,per_usd
2018-05-01,29.68,per_usd
2018-05-02,29.76,per_usd
2018-05-03,29.71,per_usd
2018-05-04,29.7,per_usd
2018-05-07,29.82,per_usd
2018-05-08,29.8,per_usd
2018-05-09,29.92,per_usd
2018-05-10,29.75,per_usd
2018-05-11,29.77,per_usd
2018-05-14,29.77,per_usd
2018-05-15,29.89,per_usd
2018-05-16,29.87,per_usd
2018-05-17,29.93,per_usd
2018-05-18,29.95,per_usd
2018-05-21,29.98,per_usd
2018-05-22,29.84,per_usd
2018-05-23,29.98,per_usd
2018-05-24,29.97,per_usd
2018-05-25,29.94,per_usd
2018-05-29,30.09,per_usd
2018-05-30,29.97,per_usd
2018-05-31,29.99,per_usd
2018-06-01,29.82,per_usd
2018-06-04,29.77,per_usd
2018-06-05,29.84,per_usd
2018-06-06,29.7,per_usd
2018-06-07,29.75,per_usd
2018-06-08,29.87,per_usd
2018-06-11,29.82,per_usd
2018-06-12,29.83,per_usd
2018-06-13,29.82,per_usd
2018-06-14,29.91,per_usd
2018-06-15,30.13,per_usd
2018-06-18,30.18,per_usd
2018-06-19,30.16,per_usd
2018-06-20,30.18,per_usd
2018-06-21,30.33,per_usd
2018-06-22,30.35,per_usd
2018-06-25,30.39,per_usd
2018-06-26,30.41,per_usd
2018-06-27,30.51,per_usd
2018-06-28,30.58,per_usd
2018-06-29,30.43,per_usd
2018-07-02,30.56,per_usd
2018-07-03,30.52,per_usd
2018-07-05,30.53,per_usd
2018-07-06,30.46,per_usd
2018-07-09,30.36,per_usd
2018-07-10,30.38,per_usd
2018-07-11,30.56,per_usd
2018-07-12,30.46,per_usd
2018-07-13,30.58,per_usd
2018-07-16,30.54,per_usd
2018-07-17,30.53,per_usd
2018-07-18,30.61,per_usd
2018-07-19,30.69,per_usd
2018-07-20,30.59,per_usd
2018-07-23,30.64,per_usd
2018-07-24,30.63,per_usd
2018-07-25,30.51,per_usd
2018-07-26,30.58,per_usd
2018-07-27,30.56,per_usd
2018-07-30,30.57,per_usd
2018-07-31,30.54,per_usd
2018-08-01,30.63,per_usd
2018-08-02,30.71,per_usd
2018-08-03,30.57,per_usd
2018-08-06,30.63,per_usd
2018-08-07,30.56,per_usd
2018-08-08,30.6,per_usd
2018-08-09,30.64,per_usd
2018-08-10,30.77,per_usd
2018-08-13,30.83,per_usd
2018-08-14,30.83,per_usd
2018-08-15,30.85,per_usd
2018-08-16,30.76,per_usd
2018-08-17,30.76,per_usd
2018-08-20,30.76,per_usd
2018-08-21,30.7,per_usd
2018-08-22,30.66,per_usd
2018-08-23,30.81,per_usd
2018-08-24,30.66,per_usd
2018-08-27,30.68,per_usd
2018-08-28,30.64,per_usd
2018-08-29,30.71,per_usd
2018-08-30,30.73,per_usd
2018-08-31,30.7,per_usd
2018-09-04,30.79,per_usd
2018-09-05,30.79,per_usd
2018-09-06,30.78,per_usd
2018-09-07,30.77,per_usd
2018-09-10,30.84,per_usd
2018-09-11,30.81,per_usd
2018-09-12,30.74,per_usd
2018-09-13,30.79,per_usd
2018-09-14,30.77,per_usd
2018-09-17,30.77,per_usd
2018-09-18,30.79,per_usd
2018-09-19,30.75,per_usd
2018-09-20,30.76,per_usd
2018-09-21,30.65,per_usd
2018-09-24,30.69,per_usd
2018-09-25,30.66,per_usd
2018-09-26,30.65,per_usd
2018-09-27,30.52,per_usd
2018-09-28,30.46,per_usd
2018-10-01,30.54,per_usd
2018-10-02,30.55,per_usd
2018-10-03,30.72,per_usd
2018-10-04,30.84,per_usd
2018-10-05,30.91,per_usd
2018-10-09,30.97,per_usd
2018-10-10,30.99,per_usd
2018-10-11,31,per_usd
2018-10-12,30.89,per_usd
2018-10-15,30.85,per_usd
2018-10-16,30.82,per_usd
2018-10-17,30.83,per_usd
2018-10-18,30.98,per_usd
2018-10-19,30.88,per_usd
2018-10-22,30.92,per_usd
2018-10-23,30.97,per_usd
2018-10-24,30.99,per_usd
2018-10-25,30.93,per_usd
2018-10-26,31,per_usd
2018-10-29,30.96,per_usd
2018-10-30,30.93,per_usd
2018-10-31,30.94,per_usd
2018-11-01,30.75,per_usd
2018-11-02,30.57,per_usd
2018-11-05,30.7,per_usd
2018-11-06,30.79,per_usd
2018-11-07,30.64,per_usd
2018-11-08,30.68,per_usd
2018-11-09,30.79,per_usd
2018-11-13,30.88,per_usd
2018-11-14,30.88,per_usd
2018-11-15,30.81,per_usd
2018-11-16,30.8,per_usd
2018-11-19,30.89,per_usd
2018-11-20,30.94,per_usd
2018-11-21,30.84,per_usd
2018-11-23,30.93,per_usd
2018-11-26,30.85,per_usd
2018-11-27,30.9,per_usd
2018-11-28,30.86,per_usd
2018-11-29,30.79,per_usd
2018-11-30,30.83,per_usd
2018-12-03,30.67,per_usd
2018-12-04,30.71,per_usd
2018-12-06,30.91,per_usd
2018-12-07,30.92,per_usd
2018-12-10,30.9,per_usd
2018-12-11,30.86,per_usd
2018-12-12,30.79,per_usd
2018-12-13,30.84,per_usd
2018-12-14,30.86,per_usd
2018-12-17,30.8,per_usd
2018-12-18,30.81,per_usd
2018-12-19,30.72,per_usd
2018-12-20,30.78,per_usd
2018-12-21,30.74,per_usd
2018-12-26,30.81,per_usd
2018-12-27,30.8,per_usd
2018-12-28,30.55,per_usd
2018-12-31,30.61,per_usd
2019-01-02,30.78,per_usd
2019-01-03,30.86,per_usd
2019-01-04,30.8,per_usd
2019-01-07,30.8,per_usd
2019-01-08,30.84,per_usd
2019-01-09,30.77,per_usd
2019-01-10,30.79,per_usd
2019-01-11,30.79,per_usd
2019-01-15,30.82,per_usd
2019-01-16,30.82,per_usd
2019-01-17,30.86,per_usd
2019-01-18,30.86,per_usd
2019-01-22,30.89,per_usd
2019-01-23,30.86,per_usd
2019-01-24,30.87,per_usd
2019-01-25,30.71,per_usd
2019-01-28,30.78,per_usd
2019-01-29,30.8,per_usd
2019-01-30,30.77,per_usd
2019-01-31,30.69,per_usd
2019-02-01,30.78,per_usd
2019-02-04,30.77,per_usd
2019-02-05,30.77,per_usd
2019-02-06,30.78,per_usd
2019-02-07,30.81,per_usd
2019-02-08,30.82,per_usd
2019-02-11,30.88,per_usd
2019-02-12,30.82,per_usd
2019-02-13,30.84,per_usd
2019-02-14,30.86,per_usd
2019-02-15,30.82,per_usd
2019-02-19,30.81,per_usd
2019-02-21,30.8,per_usd
2019-02-22,30.71,per_usd
2019-02-25,30.74,per_usd
2019-02-26,30.76,per_usd
2019-02-27,30.78,per_usd
2019-02-28,30.83,per_usd
2019-03-01,30.84,per_usd
2019-03-04,30.83,per_usd
2019-03-05,30.84,per_usd
2019-03-06,30.84,per_usd
2019-03-07,30.91,per_usd
2019-03-08,30.88,per_usd
2019-03-11,30.91,per_usd
2019-03-12,30.91,per_usd
2019-03-13,30.9,per_usd
2019-03-14,30.92,per_usd
2019-03-15,30.85,per_usd
2019-03-18,30.78,per_usd
2019-03-19,30.8,per_usd
2019-03-20,30.8,per_usd
2019-03-21,30.82,per_usd
2019-03-22,30.87,per_usd
2019-03-25,30.82,per_usd
2019-03-26,30.84,per_usd
2019-03-27,30.89,per_usd
2019-03-28,30.88,per_usd
2019-03-29,30.86,per_usd
2019-04-01,30.8,per_usd
2019-04-02,30.84,per_usd
2019-04-03,30.8,per_usd
2019-04-04,30.81,per_usd
2019-04-05,30.82,per_usd
2019-04-08,30.82,per_usd
2019-04-09,30.83,per_usd
2019-04-10,30.83,per_usd
2019-04-11,30.85,per_usd
2019-04-12,30.84,per_usd
2019-04-15,30.85,per_usd
2019-04-16,30.85,per_usd
2019-04-17,30.79,per_usd
2019-04-18,30.83,per_usd
2019-04-19,30.82,per_usd
2019-04-22,30.84,per_usd
2019-04-23,30.86,per_usd
2019-04-24,30.89,per_usd
2019-04-25,30.94,per_usd
2019-04-26,30.9,per_usd
2019-04-29,30.91,per_usd
2019-04-30,30.91,per_usd
2019-05-01,30.89,per_usd
2019-05-02,30.92,per_usd
2019-05-03,30.87,per_usd
2019-05-06,30.92,per_usd
2019-05-07,30.95,per_usd
2019-05-08,30.93,per_usd
2019-05-09,31.01,per_usd
2019-05-10,30.95,per_usd
2019-05-13,31.16,per_usd
2019-05-14,31.07,per_usd
2019-05-15,31.11,per_usd
2019-05-16,31.11,per_usd
2019-05-17,31.31,per_usd
2019-05-20,31.4,per_usd
2019-05-21,31.48,per_usd
2019-05-22,31.52,per_usd
2019-05-23,31.52,per_usd
2019-05-24,31.52,per_usd
2019-05-28,31.47,per_usd
2019-05-29,31.58,per_usd
2019-05-30,31.6,per_usd
2019-05-31,31.59,per_usd
2019-06-03,31.41,per_usd
2019-06-04,31.46,per_usd
2019-06-05,31.35,per_usd
2019-06-06,31.32,per_usd
2019-06-07,31.42,per_usd
2019-06-10,31.43,per_usd
2019-06-11,31.39,per_usd
2019-06-12,31.41,per_usd
2019-06-13,31.48,per_usd
2019-06-14,31.51,per_usd
2019-06-17,31.51,per_usd
2019-06-18,31.35,per_usd
2019-06-19,31.51,per_usd
2019-06-20,30.99,per_usd
2019-06-21,31.02,per_usd
2019-06-24,31.03,per_usd
2019-06-25,31.09,per_usd
2019-06-26,31.05,per_usd
2019-06-27,31.05,per_usd
2019-06-28,31.01,per_usd
2019-07-01,30.97,per_usd
2019-07-02,31.04,per_usd
2019-07-03,31.08,per_usd
2019-07-05,31.18,per_usd
2019-07-08,31.17,per_usd
2019-07-09,31.17,per_usd
2019-07-10,31.13,per_usd
2019-07-11,31.02,per_usd
2019-07-12,31.07,per_usd
2019-07-15,31.04,per_usd
2019-07-16,31.04,per_usd
2019-07-17,31.07,per_usd
2019-07-18,31.04,per_usd
2019-07-19,31.04,per_usd
2019-07-22,31.07,per_usd
2019-07-23,31.07,per_usd
2019-07-24,31.08,per_usd
2019-07-25,31.08,per_usd
2019-07-26,31.08,per_usd
2019-07-29,31.1,per_usd
2019-07-30,31.06,per_usd
2019-07-31,31.09,per_usd
2019-08-01,31.15,per_usd
2019-08-02,31.38,per_usd
2019-08-05,31.63,per_usd
2019-08-06,31.48,per_usd
2019-08-07,31.51,per_usd
2019-08-08,31.34,per_usd
2019-08-09,31.41,per_usd
2019-08-12,31.4,per_usd
2019-08-13,31.5,per_usd
2019-08-14,31.36,per_usd
2019-08-15,31.33,per_usd
2019-08-16,31.3,per_usd
2019-08-19,31.36,per_usd
2019-08-20,31.39,per_usd
2019-08-21,31.33,per_usd
2019-08-22,31.36,per_usd
2019-08-23,31.43,per_usd
2019-08-26,31.41,per_usd
2019-08-27,31.39,per_usd
2019-08-28,31.43,per_usd
2019-08-29,31.34,per_usd
2019-08-30,31.32,per_usd
2019-09-03,31.38,per_usd
2019-09-04,31.3,per_usd
2019-09-05,31.26,per_usd
2019-09-06,31.22,per_usd
2019-09-09,31.21,per_usd
2019-09-10,31.22,per_usd
2019-09-11,31.13,per_usd
2019-09-12,31.03,per_usd
2019-09-13,30.88,per_usd
2019-09-16,30.9,per_usd
2019-09-17,30.95,per_usd
2019-09-18,30.95,per_usd
2019-09-19,30.98,per_usd
2019-09-20,30.93,per_usd
2019-09-23,30.98,per_usd
2019-09-24,31.01,per_usd
2019-09-25,31.04,per_usd
2019-09-26,31.02,per_usd
2019-09-27,31.05,per_usd
2019-09-30,31.05,per_usd
2019-10-01,31.07,per_usd
2019-10-02,31.06,per_usd
2019-10-03,30.97,per_usd
2019-10-04,30.92,per_usd
2019-10-07,30.89,per_usd
2019-10-08,30.81,per_usd
2019-10-09,30.83,per_usd
2019-10-10,30.75,per_usd
2019-10-11,30.75,per_usd
2019-10-15,30.62,per_usd
2019-10-16,30.69,per_usd
2019-10-17,30.63,per_usd
2019-10-18,30.59,per_usd
2019-10-21,30.56,per_usd
2019-10-22,30.58,per_usd
2019-10-23,30.6,per_usd
2019-10-24,30.57,per_usd
2019-10-25,30.59,per_usd
2019-10-28,30.56,per_usd
2019-10-29,30.52,per_usd
2019-10-30,30.43,per_usd
2019-10-31,30.44,per_usd
2019-11-01,30.45,per_usd
2019-11-04,30.42,per_usd
2019-11-05,30.39,per_usd
2019-11-06,30.39,per_usd
2019-11-07,30.35,per_usd
2019-11-08,30.37,per_usd
2019-11-12,30.41,per_usd
2019-11-13,30.5,per_usd
2019-11-14,30.55,per_usd
2019-11-15,30.5,per_usd
2019-11-18,30.5,per_usd
2019-11-19,30.5,per_usd
2019-11-20,30.5,per_usd
2019-11-21,30.52,per_usd
2019-11-22,30.51,per_usd
2019-11-25,30.51,per_usd
2019-11-26,30.51,per_usd
2019-11-27,30.5,per_usd
2019-11-29,30.5,per_usd
2019-12-02,30.51,per_usd
2019-12-03,30.5,per_usd
2019-12-04,30.5,per_usd
2019-12-05,30.48,per_usd
2019-12-06,30.48,per_usd
2019-12-09,30.47,per_usd
2019-12-10,30.47,per_usd
2019-12-11,30.45,per_usd
2019-12-12,30.22,per_usd
2019-12-13,30.24,per_usd
2019-12-16,30.11,per_usd
2019-12-17,30.13,per_usd
2019-12-18,30.15,per_usd
2019-12-19,30.16,per_usd
2019-12-20,30.14,per_usd
2019-12-23,30.14,per_usd
2019-12-24,30.14,per_usd
2019-12-26,30.11,per_usd
2019-12-27,30.09,per_usd
2019-12-30,30.04,per_usd
2019-12-31,29.91,per_usd
2020-01-02,29.99,per_usd
2020-01-03,30.03,per_usd
2020-01-06,30.06,per_usd
2020-01-07,30.05,per_usd
2020-01-08,30.02,per_usd
2020-01-09,29.95,per_usd
2020-01-10,29.97,per_usd
2020-01-13,29.88,per_usd
2020-01-14,29.89,per_usd
2020-01-15,29.91,per_usd
2020-01-16,29.93,per_usd
2020-01-17,29.93,per_usd
2020-01-21,29.98,per_usd
2020-01-22,29.97,per_usd
2020-01-23,30.04,per_usd
2020-01-24,30.03,per_usd
2020-01-27,30.1,per_usd
2020-01-28,30.1,per_usd
2020-01-29,30.1,per_usd
2020-01-30,30.26,per_usd
2020-01-31,30.23,per_usd
2020-02-03,30.29,per_usd
2020-02-04,30.12,per_usd
2020-02-05,30,per_usd
2020-02-06,30.04,per_usd
2020-02-07,30.1,per_usd
2020-02-10,30.08,per_usd
2020-02-11,30.02,per_usd
2020-02-12,29.98,per_usd
2020-02-13,29.98,per_usd
2020-02-14,30.02,per_usd
2020-02-18,30.11,per_usd
2020-02-19,30.11,per_usd
2020-02-20,30.26,per_usd
2020-02-21,30.4,per_usd
2020-02-24,30.45,per_usd
2020-02-25,30.34,per_usd
2020-02-26,30.28,per_usd
2020-02-27,30.23,per_usd
2020-02-28,30.18,per_usd
2020-03-02,29.88,per_usd
2020-03-03,29.82,per_usd
2020-03-04,29.92,per_usd
2020-03-05,29.91,per_usd
2020-03-06,29.94,per_usd
2020-03-09,29.97,per_usd
2020-03-10,29.91,per_usd
2020-03-11,30.07,per_usd
2020-03-12,30.18,per_usd
2020-03-13,30.13,per_usd
2020-03-16,30.19,per_usd
2020-03-17,30.21,per_usd
2020-03-18,30.37,per_usd
2020-03-19,30.4,per_usd
2020-03-20,30.3,per_usd
2020-03-23,30.33,per_usd
2020-03-24,30.16,per_usd
2020-03-25,30.29,per_usd
2020-03-26,30.19,per_usd
2020-03-27,30.21,per_usd
2020-03-30,30.24,per_usd
2020-03-31,30.25,per_usd
2020-04-01,30.29,per_usd
2020-04-02,30.2,per_usd
2020-04-03,30.26,per_usd
2020-04-06,30.21,per_usd
2020-04-07,30.08,per_usd
2020-04-08,30.11,per_usd
2020-04-09,30.01,per_usd
2020-04-10,30.06,per_usd
2020-04-13,30.06,per_usd
2020-04-14,30.07,per_usd
2020-04-15,30.04,per_usd
2020-04-16,30.11,per_usd
2020-04-17,30.07,per_usd
2020-04-20,30.04,per_usd
2020-04-21,30.1,per_usd
2020-04-22,30.1,per_usd
2020-04-23,30.08,per_usd
2020-04-24,30.1,per_usd
2020-04-27,30.02,per_usd
2020-04-28,29.99,per_usd
2020-04-29,29.89,per_usd
2020-04-30,29.72,per_usd
2020-05-01,29.72,per_usd
2020-05-04,29.82,per_usd
2020-05-05,29.84,per_usd
2020-05-06,29.9,per_usd
2020-05-07,29.9,per_usd
2020-05-08,29.87,per_usd
2020-05-11,29.87,per_usd
2020-05-12,29.88,per_usd
2020-05-13,29.91,per_usd
2020-05-14,29.91,per_usd
2020-05-15,29.94,per_usd
2020-05-18,29.96,per_usd
2020-05-19,29.94,per_usd
2020-05-20,29.97,per_usd
2020-05-21,29.91,per_usd
2020-05-22,30.08,per_usd
2020-05-26,29.97,per_usd
2020-05-27,30.04,per_usd
2020-05-28,29.97,per_usd
2020-05-29,30.01,per_usd
2020-06-01,29.91,per_usd
2020-06-02,29.91,per_usd
2020-06-03,29.88,per_usd
2020-06-04,29.9,per_usd
2020-06-05,29.78,per_usd
2020-06-08,29.75,per_usd
2020-06-09,29.68,per_usd
2020-06-10,29.54,per_usd
2020-06-11,29.65,per_usd
2020-06-12,29.63,per_usd
2020-06-15,29.67,per_usd
2020-06-16,29.65,per_usd
2020-06-17,29.64,per_usd
2020-06-18,29.59,per_usd
2020-06-19,29.59,per_usd
2020-06-22,29.6,per_usd
2020-06-23,29.54,per_usd
2020-06-24,29.52,per_usd
2020-06-25,29.52,per_usd
2020-06-26,29.51,per_usd
2020-06-29,29.45,per_usd
2020-06-30,29.44,per_usd
2020-07-01,29.43,per_usd
2020-07-02,29.45,per_usd
2020-07-06,29.4,per_usd
2020-07-07,29.45,per_usd
2020-07-08,29.43,per_usd
2020-07-09,29.42,per_usd
2020-07-10,29.45,per_usd
2020-07-13,29.42,per_usd
2020-07-14,29.45,per_usd
2020-07-15,29.5,per_usd
2020-07-16,29.44,per_usd
2020-07-17,29.46,per_usd
2020-07-20,29.45,per_usd
2020-07-21,29.4,per_usd
2020-07-22,29.41,per_usd
2020-07-23,29.41,per_usd
2020-07-24,29.45,per_usd
2020-07-27,29.31,per_usd
2020-07-28,29.3,per_usd
2020-07-29,29.26,per_usd
2020-07-30,29.32,per_usd
2020-07-31,29.34,per_usd
2020-08-03,29.35,per_usd
2020-08-04,29.38,per_usd
2020-08-05,29.34,per_usd
2020-08-06,29.37,per_usd
2020-08-07,29.39,per_usd
2020-08-10,29.39,per_usd
2020-08-11,29.39,per_usd
2020-08-12,29.37,per_usd
2020-08-13,29.43,per_usd
2020-08-14,29.38,per_usd
2020-08-17,29.38,per_usd
2020-08-18,29.39,per_usd
2020-08-19,29.37,per_usd
2020-08-20,29.42,per_usd
2020-08-21,29.4,per_usd
2020-08-24,29.38,per_usd
2020-08-25,29.38,per_usd
2020-08-26,29.34,per_usd
2020-08-27,29.36,per_usd
2020-08-28,29.34,per_usd
2020-08-31,29.37,per_usd
2020-09-01,29.36,per_usd
2020-09-02,29.36,per_usd
2020-09-03,29.35,per_usd
2020-09-04,29.32,per_usd
2020-09-08,29.25,per_usd
2020-09-09,29.29,per_usd
2020-09-10,29.27,per_usd
2020-09-11,29.3,per_usd
2020-09-14,29.23,per_usd
2020-09-15,29.23,per_usd
2020-09-16,29.21,per_usd
2020-09-17,29.14,per_usd
2020-09-18,29.02,per_usd
2020-09-21,28.99,per_usd
2020-09-22,29.05,per_usd
2020-09-23,29.15,per_usd
2020-09-24,29.31,per_usd
2020-09-25,29.25,per_usd
2020-09-28,29.08,per_usd
2020-09-29,29.03,per_usd
2020-09-30,28.95,per_usd
2020-10-01,28.86,per_usd
2020-10-02,28.91,per_usd
2020-10-05,28.75,per_usd
2020-10-06,28.79,per_usd
2020-10-07,28.66,per_usd
2020-10-08,28.65,per_usd
2020-10-09,28.62,per_usd
2020-10-13,28.74,per_usd
2020-10-14,28.76,per_usd
2020-10-15,28.77,per_usd
2020-10-16,28.75,per_usd
2020-10-19,28.73,per_usd
2020-10-20,28.7,per_usd
2020-10-21,28.67,per_usd
2020-10-22,28.68,per_usd
2020-10-23,28.65,per_usd
2020-10-26,28.62,per_usd
2020-10-27,28.56,per_usd
2020-10-28,28.57,per_usd
2020-10-29,28.59,per_usd
2020-10-30,28.57,per_usd
2020-11-02,28.55,per_usd
2020-11-03,28.61,per_usd
2020-11-04,28.6,per_usd
2020-11-05,28.54,per_usd
2020-11-06,28.59,per_usd
2020-11-09,28.58,per_usd
2020-11-10,28.55,per_usd
2020-11-12,28.5,per_usd
2020-11-13,28.51,per_usd
2020-11-16,28.52,per_usd
2020-11-17,28.53,per_usd
2020-11-18,28.5,per_usd
2020-11-19,28.52,per_usd
2020-11-20,28.52,per_usd
2020-11-23,28.52,per_usd
2020-11-24,28.5,per_usd
2020-11-25,28.48,per_usd
2020-11-30,28.55,per_usd
2020-12-01,28.54,per_usd
2020-12-02,28.49,per_usd
2020-12-03,28.39,per_usd
2020-12-04,28.21,per_usd
2020-12-07,28.25,per_usd
2020-12-08,28.24,per_usd
2020-12-09,28.19,per_usd
2020-12-10,28.23,per_usd
2020-12-11,28.17,per_usd
2020-12-14,28.14,per_usd
2020-12-15,28.12,per_usd
2020-12-16,28.15,per_usd
2020-12-17,28.13,per_usd
2020-12-18,28.14,per_usd
2020-12-21,28.16,per_usd
2020-12-22,28.18,per_usd
2020-12-23,28.14,per_usd
2020-12-28,28.11,per_usd
2020-12-29,28.1,per_usd
2020-12-30,28.1,per_usd
2020-12-31,28.08,per_usd
2021-01-04,28.08,per_usd
2021-01-05,27.99,per_usd
2021-01-06,28,per_usd
2021-01-07,28.02,per_usd
2021-01-08,27.98,per_usd
2021-01-11,28,per_usd
2021-01-12,28,per_usd
2021-01-13,28.01,per_usd
2021-01-14,28.01,per_usd
2021-01-15,28.02,per_usd
2021-01-19,28.02,per_usd
2021-01-21,27.97,per_usd
2021-01-22,27.96,per_usd
2021-01-25,27.99,per_usd
2021-01-26,28.02,per_usd
2021-01-27,28,per_usd
2021-01-28,28.03,per_usd
2021-01-29,28.01,per_usd
2021-02-01,27.99,per_usd
2021-02-02,27.96,per_usd
2021-02-03,27.94,per_usd
2021-02-04,27.98,per_usd
2021-02-05,27.95,per_usd
2021-02-08,27.99,per_usd
2021-02-09,27.97,per_usd
2021-02-10,28,per_usd
2021-02-11,27.99,per_usd
2021-02-12,27.99,per_usd
2021-02-16,27.99,per_usd
2021-02-17,28,per_usd
2021-02-18,27.94,per_usd
2021-02-19,27.9,per_usd
2021-02-22,27.92,per_usd
2021-02-23,27.85,per_usd
2021-02-24,27.84,per_usd
2021-02-25,27.81,per_usd
2021-02-26,27.87,per_usd
2021-03-01,27.87,per_usd
2021-03-02,27.87,per_usd
2021-03-03,27.76,per_usd
2021-03-04,27.83,per_usd
2021-03-05,27.89,per_usd
2021-03-08,28.23,per_usd
2021-03-09,28.29,per_usd
2021-03-10,28.34,per_usd
2021-03-11,28.21,per_usd
2021-03-12,28.21,per_usd
2021-03-15,28.24,per_usd
2021-03-16,28.27,per_usd
2021-03-17,28.33,per_usd
2021-03-18,28.38,per_usd
2021-03-19,28.42,per_usd
2021-03-22,28.4,per_usd
2021-03-23,28.44,per_usd
2021-03-24,28.48,per_usd
2021-03-25,28.59,per_usd
2021-03-26,28.59,per_usd
2021-03-29,28.54,per_usd
2021-03-30,28.51,per_usd
2021-03-31,28.48,per_usd
2021-04-01,28.53,per_usd
2021-04-02,28.51,per_usd
2021-04-05,28.45,per_usd
2021-04-06,28.44,per_usd
2021-04-07,28.42,per_usd
2021-04-08,28.45,per_usd
2021-04-09,28.43,per_usd
2021-04-12,28.44,per_usd
2021-04-13,28.48,per_usd
2021-04-14,28.45,per_usd
2021-04-15,28.33,per_usd
2021-04-16,28.34,per_usd
2021-04-19,28.15,per_usd
2021-04-20,28.12,per_usd
2021-04-21,28.09,per_usd
2021-04-22,28.09,per_usd
2021-04-23,28.09,per_usd
2021-04-26,27.89,per_usd
2021-04-27,27.89,per_usd
2021-04-28,27.9,per_usd
2021-04-29,27.85,per_usd
2021-04-30,27.9,per_usd
2021-05-03,27.93,per_usd
2021-05-04,27.98,per_usd
2021-05-05,27.96,per_usd
2021-05-06,27.95,per_usd
2021-05-07,27.89,per_usd
2021-05-10,27.77,per_usd
2021-05-11,27.92,per_usd
2021-05-12,27.95,per_usd
2021-05-13,27.95,per_usd
2021-05-14,27.96,per_usd
2021-05-17,28.09,per_usd
2021-05-18,27.96,per_usd
2021-05-19,27.98,per_usd
2021-05-20,27.96,per_usd
2021-05-21,27.97,per_usd
2021-05-24,27.93,per_usd
2021-05-25,27.9,per_usd
2021-05-26,27.78,per_usd
2021-05-27,27.8,per_usd
2021-05-28,27.7,per_usd
2021-06-01,27.56,per_usd
2021-06-02,27.63,per_usd
2021-06-03,27.68,per_usd
2021-06-04,27.66,per_usd
2021-06-07,27.73,per_usd
2021-06-08,27.71,per_usd
2021-06-09,27.73,per_usd
2021-06-10,27.66,per_usd
2021-06-11,27.69,per_usd
2021-06-14,27.69,per_usd
2021-06-15,27.67,per_usd
2021-06-16,27.64,per_usd
2021-06-17,27.78,per_usd
2021-06-18,27.81,per_usd
2021-06-21,27.93,per_usd
2021-06-22,28.01,per_usd
2021-06-23,27.96,per_usd
2021-06-24,27.98,per_usd
2021-06-25,27.91,per_usd
2021-06-28,27.89,per_usd
2021-06-29,27.93,per_usd
2021-06-30,27.91,per_usd
2021-07-01,27.91,per_usd
2021-07-02,27.94,per_usd
2021-07-06,28,per_usd
2021-07-07,28.01,per_usd
2021-07-08,28.01,per_usd
2021-07-09,27.98,per_usd
2021-07-12,28,per_usd
2021-07-13,28,per_usd
2021-07-14,27.99,per_usd
2021-07-15,27.89,per_usd
2021-07-16,27.98,per_usd
2021-07-19,28.05,per_usd
2021-07-20,28.06,per_usd
2021-07-21,28.06,per_usd
2021-07-22,28.02,per_usd
2021-07-23,28.03,per_usd
2021-07-26,28.06,per_usd
2021-07-27,28.08,per_usd
2021-07-28,28,per_usd
2021-07-29,27.91,per_usd
2021-07-30,27.96,per_usd
2021-08-02,27.92,per_usd
2021-08-03,27.9,per_usd
2021-08-04,27.77,per_usd
2021-08-05,27.76,per_usd
2021-08-06,27.86,per_usd
2021-08-09,27.81,per_usd
2021-08-10,27.84,per_usd
2021-08-11,27.84,per_usd
2021-08-12,27.79,per_usd
2021-08-13,27.84,per_usd
2021-08-16,27.84,per_usd
2021-08-17,27.85,per_usd
2021-08-18,27.84,per_usd
2021-08-19,27.98,per_usd
2021-08-20,28.03,per_usd
2021-08-23,27.97,per_usd
2021-08-24,27.92,per_usd
2021-08-25,27.91,per_usd
2021-08-26,27.92,per_usd
2021-08-27,27.87,per_usd
2021-08-30,27.78,per_usd
2021-08-31,27.66,per_usd
2021-09-01,27.7,per_usd
2021-09-02,27.66,per_usd
2021-09-03,27.61,per_usd
2021-09-07,27.64,per_usd
2021-09-08,27.72,per_usd
2021-09-09,27.67,per_usd
2021-09-10,27.65,per_usd
2021-09-13,27.67,per_usd
2021-09-14,27.69,per_usd
2021-09-15,27.67,per_usd
2021-09-16,27.75,per_usd
2021-09-17,27.77,per_usd
2021-09-20,27.85,per_usd
2021-09-21,27.76,per_usd
2021-09-22,27.75,per_usd
2021-09-23,27.75,per_usd
2021-09-24,27.73,per_usd
2021-09-27,27.7,per_usd
2021-09-28,27.73,per_usd
2021-09-29,27.83,per_usd
2021-09-30,27.84,per_usd
2021-10-01,27.81,per_usd
2021-10-04,27.94,per_usd
2021-10-05,27.91,per_usd
2021-10-06,27.97,per_usd
2021-10-07,27.99,per_usd
2021-10-08,28.08,per_usd
2021-10-12,28.13,per_usd
2021-10-13,28.07,per_usd
2021-10-14,28.05,per_usd
2021-10-15,27.99,per_usd
2021-10-18,27.98,per_usd
2021-10-19,27.83,per_usd
2021-10-20,27.87,per_usd
2021-10-21,27.86,per_usd
2021-10-22,27.89,per_usd
2021-10-25,27.87,per_usd
2021-10-26,27.78,per_usd
2021-10-27,27.82,per_usd
2021-10-28,27.78,per_usd
2021-10-29,27.83,per_usd
2021-11-01,27.85,per_usd
2021-11-02,27.86,per_usd
2021-11-03,27.85,per_usd
2021-11-04,27.88,per_usd
2021-11-05,27.87,per_usd
2021-11-08,27.85,per_usd
2021-11-09,27.78,per_usd
2021-11-10,27.75,per_usd
2021-11-12,27.82,per_usd
2021-11-15,27.8,per_usd
2021-11-16,27.78,per_usd
2021-11-17,27.81,per_usd
2021-11-18,27.83,per_usd
2021-11-19,27.78,per_usd
2021-11-22,27.8,per_usd
2021-11-23,27.78,per_usd
2021-11-24,27.78,per_usd
2021-11-26,27.84,per_usd
2021-11-29,27.78,per_usd
2021-11-30,27.69,per_usd
2021-12-01,27.69,per_usd
2021-12-02,27.74,per_usd
2021-12-03,27.71,per_usd
2021-12-06,27.73,per_usd
2021-12-07,27.75,per_usd
2021-12-08,27.72,per_usd
2021-12-09,27.71,per_usd
2021-12-10,27.73,per_usd
2021-12-13,27.78,per_usd
2021-12-14,27.8,per_usd
2021-12-15,27.82,per_usd
2021-12-16,27.8,per_usd
2021-12-17,27.82,per_usd
2021-12-20,27.87,per_usd
2021-12-21,27.81,per_usd
2021-12-22,27.81,per_usd
2021-12-23,27.74,per_usd
2021-12-27,27.66,per_usd
2021-12-28,27.64,per_usd
2021-12-29,27.64,per_usd
2021-12-30,27.74,per_usd
2022-01-03,27.62,per_usd
2022-01-04,27.52,per_usd
2022-01-05,27.6,per_usd
2022-01-06,27.64,per_usd
2022-01-07,27.66,per_usd
2022-01-10,27.67,per_usd
2022-01-11,27.69,per_usd
2022-01-12,27.67,per_usd
2022-01-13,27.61,per_usd
2022-01-14,27.58,per_usd
2022-01-18,27.58,per_usd
2022-01-19,27.62,per_usd
2022-01-20,27.62,per_usd
2022-01-21,27.7,per_usd
2022-01-24,27.74,per_usd
2022-01-25,27.71,per_usd
2022-01-26,27.73,per_usd
2022-01-27,27.83,per_usd
2022-01-28,27.83,per_usd
2022-01-31,27.82,per_usd
2022-02-01,27.83,per_usd
2022-02-02,27.81,per_usd
2022-02-03,27.83,per_usd
2022-02-04,27.83,per_usd
2022-02-07,27.86,per_usd
2022-02-08,27.79,per_usd
2022-02-09,27.8,per_usd
2022-02-10,27.82,per_usd
2022-02-11,27.83,per_usd
2022-02-14,27.89,per_usd
2022-02-15,27.87,per_usd
2022-02-16,27.84,per_usd
2022-02-17,27.86,per_usd
2022-02-18,27.85,per_usd
2022-02-22,27.84,per_usd
2022-02-23,27.86,per_usd
2022-02-24,28.13,per_usd
2022-02-25,27.98,per_usd
2022-02-28,28.04,per_usd
2022-03-01,28.02,per_usd
2022-03-02,28.04,per_usd
2022-03-03,28.06,per_usd
2022-03-04,28.16,per_usd
2022-03-07,28.25,per_usd
2022-03-08,28.36,per_usd
2022-03-09,28.41,per_usd
2022-03-10,28.28,per_usd
2022-03-11,28.41,per_usd
2022-03-14,28.47,per_usd
2022-03-15,28.58,per_usd
2022-03-16,28.57,per_usd
2022-03-17,28.36,per_usd
2022-03-18,28.35,per_usd
2022-03-21,28.46,per_usd
2022-03-22,28.54,per_usd
2022-03-23,28.59,per_usd
2022-03-24,28.61,per_usd
2022-03-25,28.67,per_usd
2022-03-28,28.78,per_usd
2022-03-29,28.78,per_usd
2022-03-30,28.55,per_usd
2022-03-31,28.62,per_usd
2022-04-01,28.68,per_usd
2022-04-04,28.63,per_usd
2022-04-05,28.67,per_usd
2022-04-06,28.67,per_usd
2022-04-07,28.82,per_usd
2022-04-08,28.94,per_usd
2022-04-11,29.07,per_usd
2022-04-12,29.12,per_usd
2022-04-13,29.01,per_usd
2022-04-14,28.99,per_usd
2022-04-15,29.12,per_usd
2022-04-18,29.22,per_usd
2022-04-19,29.22,per_usd
2022-04-20,29.23,per_usd
2022-04-21,29.29,per_usd
2022-04-22,29.32,per_usd
2022-04-25,29.33,per_usd
2022-04-26,29.29,per_usd
2022-04-27,29.39,per_usd
2022-04-28,29.52,per_usd
2022-04-29,29.43,per_usd
2022-05-02,29.43,per_usd
2022-05-03,29.48,per_usd
2022-05-04,29.53,per_usd
2022-05-05,29.69,per_usd
2022-05-06,29.68,per_usd
2022-05-09,29.78,per_usd
2022-05-10,29.71,per_usd
2022-05-11,29.69,per_usd
2022-05-12,29.84,per_usd
2022-05-13,29.79,per_usd
2022-05-16,29.77,per_usd
2022-05-17,29.67,per_usd
2022-05-18,29.74,per_usd
2022-05-19,29.76,per_usd
2022-05-20,29.61,per_usd
2022-05-23,29.6,per_usd
2022-05-24,29.59,per_usd
2022-05-25,29.5,per_usd
2022-05-26,29.44,per_usd
2022-05-27,29.3,per_usd
2022-05-31,28.99,per_usd
2022-06-01,29.19,per_usd
2022-06-02,29.34,per_usd
2022-06-03,29.34,per_usd
2022-06-06,29.37,per_usd
2022-06-07,29.49,per_usd
2022-06-08,29.5,per_usd
2022-06-09,29.57,per_usd
2022-06-10,29.56,per_usd
2022-06-13,29.74,per_usd
2022-06-14,29.66,per_usd
2022-06-15,29.72,per_usd
2022-06-16,29.77,per_usd
2022-06-17,29.73,per_usd
2022-06-21,29.71,per_usd
2022-06-22,29.81,per_usd
2022-06-23,29.75,per_usd
2022-06-24,29.72,per_usd
2022-06-27,29.61,per_usd
2022-06-28,29.67,per_usd
2022-06-29,29.67,per_usd
2022-06-30,29.74,per_usd
2022-07-01,29.78,per_usd
2022-07-05,29.83,per_usd
2022-07-06,29.8,per_usd
2022-07-07,29.78,per_usd
2022-07-08,29.75,per_usd
2022-07-11,29.83,per_usd
2022-07-12,29.9,per_usd
2022-07-13,29.82,per_usd
2022-07-14,29.89,per_usd
2022-07-15,29.93,per_usd
2022-07-18,29.89,per_usd
2022-07-19,29.88,per_usd
2022-07-20,29.92,per_usd
2022-07-21,29.91,per_usd
2022-07-22,29.9,per_usd
2022-07-25,29.91,per_usd
2022-07-26,29.96,per_usd
2022-07-27,29.95,per_usd
2022-07-28,29.95,per_usd
2022-07-29,29.91,per_usd
2022-08-01,29.98,per_usd
2022-08-02,29.97,per_usd
2022-08-03,29.98,per_usd
2022-08-04,30,per_usd
2022-08-05,29.94,per_usd
2022-08-08,30.03,per_usd
2022-08-09,30.03,per_usd
2022-08-10,30.03,per_usd
2022-08-11,29.95,per_usd
2022-08-12,29.98,per_usd
2022-08-15,30,per_usd
2022-08-16,29.98,per_usd
2022-08-17,29.98,per_usd
2022-08-18,30,per_usd
2022-08-19,30.02,per_usd
2022-08-22,30.16,per_usd
2022-08-23,30.11,per_usd
2022-08-24,30.27,per_usd
2022-08-25,30.24,per_usd
2022-08-26,30.2,per_usd
2022-08-29,30.4,per_usd
2022-08-30,30.44,per_usd
2022-08-31,30.38,per_usd
2022-09-01,30.52,per_usd
2022-09-02,30.59,per_usd
2022-09-06,30.82,per_usd
2022-09-07,30.9,per_usd
2022-09-08,30.91,per_usd
2022-09-09,30.92,per_usd
2022-09-12,30.93,per_usd
2022-09-13,31.11,per_usd
2022-09-14,31.11,per_usd
2022-09-15,31.14,per_usd
2022-09-16,31.35,per_usd
2022-09-19,31.42,per_usd
2022-09-20,31.37,per_usd
2022-09-21,31.47,per_usd
2022-09-22,31.6,per_usd
2022-09-23,31.82,per_usd
2022-09-26,31.83,per_usd
2022-09-27,31.7,per_usd
2022-09-28,31.75,per_usd
2022-09-29,31.81,per_usd
2022-09-30,31.78,per_usd
2022-10-03,31.83,per_usd
2022-10-04,31.73,per_usd
2022-10-05,31.52,per_usd
2022-10-06,31.53,per_usd
2022-10-07,31.65,per_usd
2022-10-11,31.85,per_usd
2022-10-12,31.84,per_usd
2022-10-13,31.88,per_usd
2022-10-14,31.95,per_usd
2022-10-17,31.95,per_usd
2022-10-18,32.03,per_usd
2022-10-19,32,per_usd
2022-10-20,32.06,per_usd
2022-10-21,32.17,per_usd
2022-10-24,32.37,per_usd
2022-10-25,32.34,per_usd
2022-10-26,32.1,per_usd
2022-10-27,31.99,per_usd
2022-10-28,32.13,per_usd
2022-10-31,32.26,per_usd
2022-11-01,32.18,per_usd
2022-11-02,32.14,per_usd
2022-11-03,32.27,per_usd
2022-11-04,32.26,per_usd
2022-11-07,32.01,per_usd
2022-11-08,31.94,per_usd
2022-11-09,31.78,per_usd
2022-11-10,31.51,per_usd
2022-11-14,30.98,per_usd
2022-11-15,31.05,per_usd
2022-11-16,31.03,per_usd
2022-11-17,31.09,per_usd
2022-11-18,31.12,per_usd
2022-11-21,31.19,per_usd
2022-11-22,31.16,per_usd
2022-11-23,31.15,per_usd
2022-11-25,30.94,per_usd
2022-11-28,30.99,per_usd
2022-11-29,30.98,per_usd
2022-11-30,30.89,per_usd
2022-12-01,30.6,per_usd
2022-12-02,30.58,per_usd
2022-12-05,30.48,per_usd
2022-12-06,30.64,per_usd
2022-12-07,30.62,per_usd
2022-12-08,30.66,per_usd
2022-12-09,30.61,per_usd
2022-12-12,30.67,per_usd
2022-12-13,30.63,per_usd
2022-12-14,30.5,per_usd
2022-12-15,30.62,per_usd
2022-12-16,30.72,per_usd
2022-12-19,30.73,per_usd
2022-12-20,30.68,per_usd
2022-12-21,30.65,per_usd
2022-12-22,30.67,per_usd
2022-12-23,30.73,per_usd
2022-12-27,30.71,per_usd
2022-12-28,30.76,per_usd
2022-12-29,30.71,per_usd
2022-12-30,30.73,per_usd
2023-01-03,30.71,per_usd
2023-01-04,30.66,per_usd
2023-01-05,30.7,per_usd
2023-01-06,30.72,per_usd
2023-01-09,30.52,per_usd
2023-01-10,30.46,per_usd
2023-01-11,30.44,per_usd
2023-01-12,30.44,per_usd
2023-01-13,30.28,per_usd
2023-01-17,30.29,per_usd
2023-01-18,30.29,per_usd
2023-01-19,30.35,per_usd
2023-01-20,30.34,per_usd
2023-01-23,30.3,per_usd
2023-01-24,30.34,per_usd
2023-01-25,30.25,per_usd
2023-01-26,30.34,per_usd
2023-01-27,30.22,per_usd
2023-01-30,30.05,per_usd
2023-01-31,30.03,per_usd
2023-02-01,29.81,per_usd
2023-02-02,29.7,per_usd
2023-02-03,29.92,per_usd
2023-02-06,29.98,per_usd
2023-02-07,30.05,per_usd
2023-02-08,30.05,per_usd
2023-02-09,30.07,per_usd
2023-02-10,30.18,per_usd
2023-02-13,30.21,per_usd
2023-02-14,30.28,per_usd
2023-02-15,30.31,per_usd
2023-02-16,30.28,per_usd
2023-02-17,30.39,per_usd
2023-02-21,30.42,per_usd
2023-02-22,30.52,per_usd
2023-02-23,30.42,per_usd
2023-02-24,30.54,per_usd
2023-02-27,30.54,per_usd
2023-02-28,30.68,per_usd
2023-03-01,30.52,per_usd
2023-03-02,30.63,per_usd
2023-03-03,30.59,per_usd
2023-03-06,30.64,per_usd
2023-03-07,30.74,per_usd
2023-03-08,30.71,per_usd
2023-03-09,30.77,per_usd
2023-03-10,30.75,per_usd
2023-03-13,30.47,per_usd
2023-03-14,30.53,per_usd
2023-03-15,30.71,per_usd
2023-03-16,30.53,per_usd
2023-03-17,30.54,per_usd
2023-03-20,30.53,per_usd
2023-03-21,30.52,per_usd
2023-03-22,30.4,per_usd
2023-03-23,30.29,per_usd
2023-03-24,30.3,per_usd
2023-03-27,30.36,per_usd
2023-03-28,30.35,per_usd
2023-03-29,30.47,per_usd
2023-03-30,30.48,per_usd
2023-03-31,30.48,per_usd
2023-04-03,30.48,per_usd
2023-04-04,30.48,per_usd
2023-04-05,30.53,per_usd
2023-04-06,30.54,per_usd
2023-04-07,30.49,per_usd
2023-04-10,30.44,per_usd
2023-04-11,30.48,per_usd
2023-04-12,30.48,per_usd
2023-04-13,30.46,per_usd
2023-04-14,30.52,per_usd
2023-04-17,30.54,per_usd
2023-04-18,30.51,per_usd
2023-04-19,30.57,per_usd
2023-04-20,30.58,per_usd
2023-04-21,30.64,per_usd
2023-04-24,30.64,per_usd
2023-04-25,30.72,per_usd
2023-04-26,30.67,per_usd
2023-04-27,30.7,per_usd
2023-04-28,30.72,per_usd
2023-05-01,30.79,per_usd
2023-05-02,30.8,per_usd
2023-05-03,30.68,per_usd
2023-05-04,30.7,per_usd
2023-05-05,30.64,per_usd
2023-05-08,30.69,per_usd
2023-05-09,30.73,per_usd
2023-05-10,30.68,per_usd
2023-05-11,30.78,per_usd
2023-05-12,30.75,per_usd
2023-05-15,30.81,per_usd
2023-05-16,30.79,per_usd
2023-05-17,30.78,per_usd
2023-05-18,30.75,per_usd
2023-05-19,30.62,per_usd
2023-05-22,30.67,per_usd
2023-05-23,30.73,per_usd
2023-05-24,30.84,per_usd
2023-05-25,30.8,per_usd
2023-05-26,30.72,per_usd
2023-05-30,30.55,per_usd
2023-05-31,30.74,per_usd
2023-06-01,30.75,per_usd
2023-06-02,30.66,per_usd
2023-06-05,30.71,per_usd
2023-06-06,30.71,per_usd
2023-06-07,30.74,per_usd
2023-06-08,30.74,per_usd
2023-06-09,30.74,per_usd
2023-06-12,30.76,per_usd
2023-06-13,30.67,per_usd
2023-06-14,30.73,per_usd
2023-06-15,30.68,per_usd
2023-06-16,30.7,per_usd
2023-06-20,30.91,per_usd
2023-06-21,30.94,per_usd
2023-06-22,30.94,per_usd
2023-06-23,30.94,per_usd
2023-06-26,31.03,per_usd
2023-06-27,31.02,per_usd
2023-06-28,31.08,per_usd
2023-06-29,31.06,per_usd
2023-06-30,31.14,per_usd
2023-07-03,31.1,per_usd
2023-07-05,31.14,per_usd
2023-07-06,31.32,per_usd
2023-07-07,31.24,per_usd
2023-07-10,31.37,per_usd
2023-07-11,31.3,per_usd
2023-07-12,31.24,per_usd
2023-07-13,30.94,per_usd
2023-07-14,30.9,per_usd
2023-07-17,31.02,per_usd
2023-07-18,30.96,per_usd
2023-07-19,31.13,per_usd
2023-07-20,31.09,per_usd
2023-07-21,31.25,per_usd
2023-07-24,31.36,per_usd
2023-07-25,31.29,per_usd
2023-07-26,31.19,per_usd
2023-07-27,31.32,per_usd
2023-07-28,31.4,per_usd
2023-07-31,31.45,per_usd
2023-08-01,31.56,per_usd
2023-08-02,31.64,per_usd
2023-08-03,31.65,per_usd
2023-08-04,31.63,per_usd
2023-08-07,31.71,per_usd
2023-08-08,31.85,per_usd
2023-08-09,31.77,per_usd
2023-08-10,31.78,per_usd
2023-08-11,31.87,per_usd
2023-08-14,31.94,per_usd
2023-08-15,31.91,per_usd
2023-08-16,31.96,per_usd
2023-08-17,31.95,per_usd
2023-08-18,31.91,per_usd
2023-08-21,31.93,per_usd
2023-08-22,31.98,per_usd
2023-08-23,31.87,per_usd
2023-08-24,31.82,per_usd
2023-08-25,31.8,per_usd
2023-08-28,31.88,per_usd
2023-08-29,31.85,per_usd
2023-08-30,31.82,per_usd
2023-08-31,31.87,per_usd
2023-09-01,31.87,per_usd
2023-09-05,31.92,per_usd
2023-09-06,31.95,per_usd
2023-09-07,32.04,per_usd
2023-09-08,32.06,per_usd
2023-09-11,31.97,per_usd
2023-09-12,32.04,per_usd
2023-09-13,31.95,per_usd
2023-09-14,31.91,per_usd
2023-09-15,31.89,per_usd
2023-09-18,31.94,per_usd
2023-09-19,32.03,per_usd
2023-09-20,32.02,per_usd
2023-09-21,32.12,per_usd
2023-09-22,32.12,per_usd
2023-09-25,32.13,per_usd
2023-09-26,32.2,per_usd
2023-09-27,32.23,per_usd
2023-09-28,32.24,per_usd
2023-09-29,32.24,per_usd
2023-10-02,32.21,per_usd
2023-10-03,32.34,per_usd
2023-10-04,32.35,per_usd
2023-10-05,32.28,per_usd
2023-10-06,32.13,per_usd
2023-10-10,32.13,per_usd
2023-10-11,32.09,per_usd
2023-10-12,32.19,per_usd
2023-10-13,32.21,per_usd
2023-10-16,32.28,per_usd
2023-10-17,32.34,per_usd
2023-10-18,32.3,per_usd
2023-10-19,32.38,per_usd
2023-10-20,32.36,per_usd
2023-10-23,32.31,per_usd
2023-10-24,32.3,per_usd
2023-10-25,32.38,per_usd
2023-10-26,32.47,per_usd
2023-10-27,32.43,per_usd
2023-10-30,32.4,per_usd
2023-10-31,32.47,per_usd
2023-11-01,32.47,per_usd
2023-11-02,32.36,per_usd
2023-11-03,32.27,per_usd
2023-11-06,32.1,per_usd
2023-11-07,32.22,per_usd
2023-11-08,32.21,per_usd
2023-11-09,32.3,per_usd
2023-11-13,32.32,per_usd
2023-11-14,32.14,per_usd
2023-11-15,31.95,per_usd
2023-11-16,31.84,per_usd
2023-11-17,31.8,per_usd
2023-11-20,31.51,per_usd
2023-11-21,31.3,per_usd
2023-11-22,31.63,per_usd
2023-11-24,31.63,per_usd
2023-11-27,31.55,per_usd
2023-11-28,31.45,per_usd
2023-11-29,31.19,per_usd
2023-11-30,31.26,per_usd
2023-12-01,31.34,per_usd
2023-12-04,31.45,per_usd
2023-12-05,31.49,per_usd
2023-12-06,31.48,per_usd
2023-12-07,31.4,per_usd
2023-12-08,31.5,per_usd
2023-12-11,31.5,per_usd
2023-12-12,31.47,per_usd
2023-12-13,31.52,per_usd
2023-12-14,31.22,per_usd
2023-12-15,31.22,per_usd
2023-12-18,31.38,per_usd
2023-12-19,31.29,per_usd
2023-12-20,31.28,per_usd
2023-12-21,31.21,per_usd
2023-12-22,31.11,per_usd
2023-12-26,30.97,per_usd
2023-12-27,30.89,per_usd
2023-12-28,30.69,per_usd
2023-12-29,30.62,per_usd
2024-01-02,30.81,per_usd
2024-01-03,31.07,per_usd
2024-01-04,31.08,per_usd
2024-01-05,30.96,per_usd
2024-01-08,30.94,per_usd
2024-01-09,31.03,per_usd
2024-01-10,31.11,per_usd
2024-01-11,31.09,per_usd
2024-01-12,31.12,per_usd
2024-01-16,31.42,per_usd
2024-01-17,31.6,per_usd
2024-01-18,31.57,per_usd
2024-01-19,31.4,per_usd
2024-01-22,31.33,per_usd
2024-01-23,31.34,per_usd
2024-01-24,31.34,per_usd
2024-01-25,31.3,per_usd
2024-01-26,31.29,per_usd
2024-01-29,31.22,per_usd
2024-01-30,31.13,per_usd
2024-01-31,31.29,per_usd
2024-02-01,31.33,per_usd
2024-02-02,31.22,per_usd
2024-02-05,31.36,per_usd
2024-02-06,31.33,per_usd
2024-02-07,31.36,per_usd
2024-02-08,31.36,per_usd
2024-02-09,31.36,per_usd
2024-02-12,31.36,per_usd
2024-02-13,31.36,per_usd
2024-02-14,31.36,per_usd
2024-02-15,31.42,per_usd
2024-02-16,31.35,per_usd
2024-02-20,31.5,per_usd
2024-02-21,31.53,per_usd
2024-02-22,31.51,per_usd
2024-02-23,31.51,per_usd
2024-02-26,31.57,per_usd
2024-02-27,31.6,per_usd
2024-02-28,31.65,per_usd
2024-02-29,31.62,per_usd
2024-03-01,31.61,per_usd
2024-03-04,31.52,per_usd
2024-03-05,31.58,per_usd
2024-03-06,31.57,per_usd
2024-03-07,31.53,per_usd
2024-03-08,31.41,per_usd
2024-03-11,31.41,per_usd
2024-03-12,31.43,per_usd
2024-03-13,31.47,per_usd
2024-03-14,31.5,per_usd
2024-03-15,31.66,per_usd
2024-03-18,31.66,per_usd
2024-03-19,31.78,per_usd
2024-03-20,31.86,per_usd
2024-03-21,31.93,per_usd
2024-03-22,31.96,per_usd
2024-03-25,31.83,per_usd
2024-03-26,31.9,per_usd
2024-03-27,32.01,per_usd
2024-03-28,31.99,per_usd
2024-03-29,31.93,per_usd
2024-04-01,32.07,per_usd
2024-04-02,32.05,per_usd
2024-04-03,32.02,per_usd
2024-04-04,32.03,per_usd
2024-04-05,32.09,per_usd
2024-04-08,32.1,per_usd
2024-04-09,32.02,per_usd
2024-04-10,32.2,per_usd
2024-04-11,32.21,per_usd
2024-04-12,32.26,per_usd
2024-04-15,32.37,per_usd
2024-04-16,32.49,per_usd
2024-04-17,32.46,per_usd
2024-04-18,32.47,per_usd
2024-04-19,32.52,per_usd
2024-04-22,32.53,per_usd
2024-04-23,32.56,per_usd
2024-04-24,32.64,per_usd
2024-04-25,32.58,per_usd
2024-04-26,32.58,per_usd
2024-04-29,32.54,per_usd
2024-04-30,32.58,per_usd
2024-05-01,32.56,per_usd
2024-05-02,32.5,per_usd
2024-05-03,32.35,per_usd
2024-05-06,32.35,per_usd
2024-05-07,32.37,per_usd
2024-05-08,32.37,per_usd
2024-05-09,32.43,per_usd
2024-05-10,32.42,per_usd
2024-05-13,32.41,per_usd
2024-05-14,32.33,per_usd
2024-05-15,32.17,per_usd
2024-05-16,32.12,per_usd
2024-05-17,32.2,per_usd
2024-05-20,32.24,per_usd
2024-05-21,32.29,per_usd
2024-05-22,32.27,per_usd
2024-05-23,32.22,per_usd
2024-05-24,32.21,per_usd
2024-05-28,32.18,per_usd
2024-05-29,32.38,per_usd
2024-05-30,32.38,per_usd
2024-05-31,32.48,per_usd
2024-06-03,32.4,per_usd
2024-06-04,32.35,per_usd
2024-06-05,32.34,per_usd
2024-06-06,32.26,per_usd
2024-06-07,32.41,per_usd
2024-06-10,32.23,per_usd
2024-06-11,32.23,per_usd
2024-06-12,32.37,per_usd
2024-06-13,32.36,per_usd
2024-06-14,32.34,per_usd
2024-06-17,32.37,per_usd
2024-06-18,32.36,per_usd
2024-06-20,32.37,per_usd
2024-06-21,32.37,per_usd
2024-06-24,32.36,per_usd
2024-06-25,32.5,per_usd
2024-06-26,32.55,per_usd
2024-06-27,32.54,per_usd
2024-06-28,32.45,per_usd
2024-07-01,32.52,per_usd
2024-07-02,32.62,per_usd
2024-07-03,32.64,per_usd
2024-07-05,32.42,per_usd
2024-07-08,32.45,per_usd
2024-07-09,32.55,per_usd
2024-07-10,32.59,per_usd
2024-07-11,32.51,per_usd
2024-07-12,32.52,per_usd
2024-07-15,32.57,per_usd
2024-07-16,32.57,per_usd
2024-07-17,32.58,per_usd
2024-07-18,32.61,per_usd
2024-07-19,32.74,per_usd
2024-07-22,32.86,per_usd
2024-07-23,32.78,per_usd
2024-07-24,32.72,per_usd
2024-07-25,32.72,per_usd
2024-07-26,32.8,per_usd
2024-07-29,32.88,per_usd
2024-07-30,32.85,per_usd
2024-07-31,32.69,per_usd
2024-08-01,32.79,per_usd
2024-08-02,32.64,per_usd
2024-08-05,32.67,per_usd
2024-08-06,32.78,per_usd
2024-08-07,32.65,per_usd
2024-08-08,32.43,per_usd
2024-08-09,32.41,per_usd
2024-08-12,32.43,per_usd
2024-08-13,32.39,per_usd
2024-08-14,32.28,per_usd
2024-08-15,32.27,per_usd
2024-08-16,32.28,per_usd
2024-08-19,32.01,per_usd
2024-08-20,31.94,per_usd
2024-08-21,31.9,per_usd
2024-08-22,31.95,per_usd
2024-08-23,31.82,per_usd
2024-08-26,31.85,per_usd
2024-08-27,31.93,per_usd
2024-08-28,31.96,per_usd
2024-08-29,31.86,per_usd
2024-08-30,31.95,per_usd
2024-09-03,32.06,per_usd
2024-09-04,32.12,per_usd
2024-09-05,32.07,per_usd
2024-09-06,31.99,per_usd
2024-09-09,32.09,per_usd
2024-09-10,32.17,per_usd
2024-09-11,32.15,per_usd
2024-09-12,32.15,per_usd
2024-09-13,31.98,per_usd
2024-09-16,31.88,per_usd
2024-09-17,31.88,per_usd
2024-09-18,31.97,per_usd
2024-09-19,31.93,per_usd
2024-09-20,31.98,per_usd
2024-09-23,32.04,per_usd
2024-09-24,31.86,per_usd
2024-09-25,31.94,per_usd
2024-09-26,31.66,per_usd
2024-09-27,31.55,per_usd
2024-09-30,31.65,per_usd
2024-10-01,31.89,per_usd
2024-10-02,31.85,per_usd
2024-10-03,31.85,per_usd
2024-10-04,32.31,per_usd
2024-10-07,32.16,per_usd
2024-10-08,32.22,per_usd
2024-10-09,32.24,per_usd
2024-10-10,32.27,per_usd
2024-10-11,32.16,per_usd
2024-10-15,32.21,per_usd
2024-10-16,32.17,per_usd
2024-10-17,32.16,per_usd
2024-10-18,32.04,per_usd
2024-10-21,31.96,per_usd
2024-10-22,32.05,per_usd
2024-10-23,32.08,per_usd
2024-10-24,32.1,per_usd
2024-10-25,32.06,per_usd
2024-10-28,32.09,per_usd
2024-10-29,32.1,per_usd
2024-10-30,32.01,per_usd
2024-10-31,32.01,per_usd
2024-11-01,31.86,per_usd
2024-11-04,31.9,per_usd
2024-11-05,31.94,per_usd
2024-11-06,32.33,per_usd
2024-11-07,32.24,per_usd
2024-11-08,32.11,per_usd
2024-11-12,32.43,per_usd
2024-11-13,32.46,per_usd
2024-11-14,32.54,per_usd
2024-11-15,32.47,per_usd
2024-11-18,32.53,per_usd
2024-11-19,32.38,per_usd
2024-11-20,32.49,per_usd
2024-11-21,32.55,per_usd
2024-11-22,32.55,per_usd
2024-11-25,32.46,per_usd
2024-11-26,32.47,per_usd
2024-11-27,32.54,per_usd
2024-11-29,32.5,per_usd
2024-12-02,32.63,per_usd
2024-12-03,32.55,per_usd
2024-12-04,32.39,per_usd
2024-12-05,32.4,per_usd
2024-12-06,32.37,per_usd
2024-12-09,32.43,per_usd
2024-12-10,32.46,per_usd
2024-12-11,32.55,per_usd
2024-12-12,32.5,per_usd
2024-12-13,32.5,per_usd
2024-12-16,32.48,per_usd
2024-12-17,32.49,per_usd
2024-12-18,32.47,per_usd
2024-12-19,32.67,per_usd
2024-12-20,32.69,per_usd
2024-12-23,32.71,per_usd
2024-12-24,32.69,per_usd
2024-12-26,32.73,per_usd
2024-12-27,32.78,per_usd
2024-12-30,32.78,per_usd
2024-12-31,32.79,per_usd
2025-01-02,32.88,per_usd
2025-01-03,32.96,per_usd
2025-01-06,32.86,per_usd
2025-01-07,32.71,per_usd
2025-01-08,32.89,per_usd
2025-01-09,32.95,per_usd
2025-01-10,33.08,per_usd
2025-01-13,33.11,per_usd
2025-01-14,32.97,per_usd
2025-01-15,32.96,per_usd
2025-01-16,32.92,per_usd
2025-01-17,32.92,per_usd
2025-01-21,32.74,per_usd
2025-01-22,32.77,per_usd
2025-01-23,32.77,per_usd
2025-01-24,32.67,per_usd
2025-01-27,32.87,per_usd
2025-01-28,32.88,per_usd
2025-01-29,32.85,per_usd
2025-01-30,32.81,per_usd
2025-01-31,32.85,per_usd
2025-02-03,33.06,per_usd
2025-02-04,32.85,per_usd
2025-02-05,32.97,per_usd
2025-02-06,32.84,per_usd
2025-02-07,32.76,per_usd
2025-02-10,32.83,per_usd
2025-02-11,32.82,per_usd
2025-02-12,32.84,per_usd
2025-02-13,32.8,per_usd
2025-02-14,32.73,per_usd
2025-02-18,32.73,per_usd
2025-02-19,32.74,per_usd
2025-02-20,32.71,per_usd
2025-02-21,32.75,per_usd
2025-02-24,32.7,per_usd
2025-02-25,32.79,per_usd
2025-02-26,32.79,per_usd
2025-02-27,32.81,per_usd
2025-02-28,32.89,per_usd
2025-03-03,32.9,per_usd
2025-03-04,32.91,per_usd
2025-03-05,32.79,per_usd
2025-03-06,32.86,per_usd
2025-03-07,32.81,per_usd
2025-03-10,32.88,per_usd
2025-03-11,32.87,per_usd
2025-03-12,32.94,per_usd
2025-03-13,32.98,per_usd
2025-03-14,32.97,per_usd
2025-03-17,33.01,per_usd
2025-03-18,33,per_usd
2025-03-19,33.03,per_usd
2025-03-20,33,per_usd
2025-03-21,33,per_usd
2025-03-24,33.02,per_usd
2025-03-25,33.07,per_usd
2025-03-26,33.1,per_usd
2025-03-27,33.11,per_usd
2025-03-28,33.12,per_usd
2025-03-31,33.19,per_usd
2025-04-01,33.21,per_usd
2025-04-02,33.13,per_usd
2025-04-03,33.21,per_usd
2025-04-04,32.96,per_usd
2025-04-07,33.02,per_usd
2025-04-08,33.01,per_usd
2025-04-09,32.85,per_usd
2025-04-10,32.86,per_usd
2025-04-11,32.5,per_usd
2025-04-14,32.36,per_usd
2025-04-15,32.48,per_usd
2025-04-16,32.48,per_usd
2025-04-17,32.49,per_usd
2025-04-18,32.58,per_usd
2025-04-21,32.38,per_usd
2025-04-22,32.48,per_usd
2025-04-23,32.5,per_usd
2025-04-24,32.52,per_usd
2025-04-25,32.52,per_usd
2025-04-28,32.45,per_usd
2025-04-29,32.22,per_usd
2025-04-30,31.96,per_usd
2025-05-01,32.07,per_usd
2025-05-02,30.79,per_usd
2025-05-05,29.93,per_usd
2025-05-06,29.92,per_usd
2025-05-07,30.27,per_usd
2025-05-08,30.27,per_usd
2025-05-09,30.19,per_usd
2025-05-12,30.37,per_usd
2025-05-13,30.43,per_usd
2025-05-14,30.29,per_usd
2025-05-15,30.15,per_usd
2025-05-16,30.12,per_usd
2025-05-19,30.15,per_usd
2025-05-20,30.16,per_usd
2025-05-21,30.14,per_usd
2025-05-22,30.05,per_usd
2025-05-23,29.92,per_usd
2025-05-27,29.96,per_usd
2025-05-28,29.88,per_usd
2025-05-29,29.72,per_usd
2025-05-30,29.87,per_usd
2025-06-02,29.95,per_usd
2025-06-03,30,per_usd
2025-06-04,29.97,per_usd
2025-06-05,29.93,per_usd
2025-06-06,29.92,per_usd
2025-06-09,29.91,per_usd
2025-06-10,29.94,per_usd
2025-06-11,29.83,per_usd
2025-06-12,29.5,per_usd
2025-06-13,29.56,per_usd
2025-06-16,29.4,per_usd
2025-06-17,29.48,per_usd
2025-06-18,29.54,per_usd
2025-06-20,29.57,per_usd
2025-06-23,29.73,per_usd
2025-06-24,29.46,per_usd
2025-06-25,29.38,per_usd
2025-06-26,29.18,per_usd
2025-06-27,29.03,per_usd
2025-06-30,29.18,per_usd
2025-07-01,29.24,per_usd
2025-07-02,28.98,per_usd
2025-07-03,28.88,per_usd
2025-07-07,29.03,per_usd
2025-07-08,29.03,per_usd
2025-07-09,29.19,per_usd
2025-07-10,29.23,per_usd
2025-07-11,29.19,per_usd
2025-07-14,29.28,per_usd
2025-07-15,29.39,per_usd
2025-07-16,29.4,per_usd
2025-07-17,29.38,per_usd
2025-07-18,29.39,per_usd
2025-07-21,29.43,per_usd
2025-07-22,29.37,per_usd
2025-07-23,29.34,per_usd
2025-07-24,29.34,per_usd
2025-07-25,29.48,per_usd
2025-07-28,29.58,per_usd
2025-07-29,29.7,per_usd
2025-07-30,29.71,per_usd
2025-07-31,29.91,per_usd
2025-08-01,29.83,per_usd
2025-08-04,29.89,per_usd
2025-08-05,29.87,per_usd
2025-08-06,29.96,per_usd
2025-08-07,29.76,per_usd
2025-08-08,29.83,per_usd
2025-08-11,29.92,per_usd
2025-08-12,29.99,per_usd
2025-08-13,29.94,per_usd
2025-08-14,30.05,per_usd
2025-08-15,29.99,per_usd
2025-08-18,30.03,per_usd
2025-08-19,30.11,per_usd
2025-08-20,30.28,per_usd
2025-08-21,30.5,per_usd
2025-08-22,30.57,per_usd
2025-08-25,30.44,per_usd
2025-08-26,30.55,per_usd
2025-08-27,30.58,per_usd
2025-08-28,30.55,per_usd
2025-08-29,30.59,per_usd
2025-09-02,30.76,per_usd
2025-09-03,30.7,per_usd
2025-09-04,30.69,per_usd
2025-09-05,30.55,per_usd
2025-09-08,30.44,per_usd
2025-09-09,30.32,per_usd
2025-09-10,30.28,per_usd
2025-09-11,30.27,per_usd
2025-09-12,30.33,per_usd
2025-09-15,30.24,per_usd
2025-09-16,30.1,per_usd
2025-09-17,30.04,per_usd
2025-09-18,30.13,per_usd
2025-09-19,30.2,per_usd
2025-09-22,30.23,per_usd
2025-09-23,30.28,per_usd
2025-09-24,30.34,per_usd
2025-09-25,30.43,per_usd
2025-09-26,30.51,per_usd
2025-09-29,30.46,per_usd
2025-09-30,30.46,per_usd
2025-10-01,30.44,per_usd
2025-10-02,30.4,per_usd
2025-10-03,30.38,per_usd
2025-10-06,30.49,per_usd
2025-10-07,30.49,per_usd
2025-10-08,30.56,per_usd
2025-10-09,30.52,per_usd
2025-10-10,30.57,per_usd
2025-10-14,30.76,per_usd
2025-10-15,30.55,per_usd
2025-10-16,30.63,per_usd
2025-10-17,30.64,per_usd
2025-10-20,30.55,per_usd
2025-10-21,30.65,per_usd
2025-10-22,30.72,per_usd
2025-10-23,30.78,per_usd
2025-10-24,30.79,per_usd
2025-10-27,30.66,per_usd
2025-10-28,30.61,per_usd
2025-10-29,30.59,per_usd
2025-10-30,30.74,per_usd
2025-10-31,30.75,per_usd
2025-11-03,30.82,per_usd
2025-11-04,30.87,per_usd
2025-11-05,30.92,per_usd
2025-11-06,30.93,per_usd
2025-11-07,30.98,per_usd
2025-11-10,30.96,per_usd
2025-11-12,31.05,per_usd
2025-11-13,31.05,per_usd
2025-11-14,31.14,per_usd
2025-11-17,31.15,per_usd
2025-11-18,31.19,per_usd
2025-11-19,31.22,per_usd
2025-11-20,31.23,per_usd
2025-11-21,31.41,per_usd
2025-11-24,31.43,per_usd
2025-11-25,31.44,per_usd
2025-11-26,31.26,per_usd
2025-11-28,31.37,per_usd
2025-12-01,31.42,per_usd
2025-12-02,31.39,per_usd
2025-12-03,31.31,per_usd
2025-12-04,31.3,per_usd
2025-12-05,31.26,per_usd
2025-12-08,31.17,per_usd
2025-12-09,31.18,per_usd
2025-12-10,31.18,per_usd
2025-12-11,31.26,per_usd
2025-12-12,31.18,per_usd
2025-12-15,31.35,per_usd
2025-12-16,31.49,per_usd
2025-12-17,31.48,per_usd
2025-12-18,31.5,per_usd
2025-12-19,31.51,per_usd
2025-12-22,31.53,per_usd
2025-12-23,31.44,per_usd
2025-12-24,31.42,per_usd
2025-12-26,31.42,per_usd
2025-12-29,31.33,per_usd
2025-12-30,31.26,per_usd
2025-12-31,31.37,per_usd
2026-01-02,31.4,per_usd
2026-01-05,31.46,per_usd
2026-01-06,31.48,per_usd
2026-01-07,31.45,per_usd
2026-01-08,31.57,per_usd
2026-01-09,31.61,per_usd
2026-01-12,31.63,per_usd
2026-01-13,31.63,per_usd
2026-01-14,31.6,per_usd
2026-01-15,31.57,per_usd
2026-01-16,31.54,per_usd
2026-01-20,31.6,per_usd
2026-01-21,31.59,per_usd
2026-01-22,31.61,per_usd
2026-01-23,31.56,per_usd
2026-01-26,31.49,per_usd
2026-01-27,31.37,per_usd
2026-01-28,31.27,per_usd
2026-01-29,31.42,per_usd
2026-01-30,31.51,per_usd
2026-02-02,31.58,per_usd
2026-02-03,31.51,per_usd
2026-02-04,31.55,per_usd
2026-02-05,31.66,per_usd
2026-02-06,31.67,per_usd
2026-02-09,31.57,per_usd
2026-02-10,31.55,per_usd
2026-02-11,31.43,per_usd
2026-02-12,31.4,per_usd
2026-02-13,31.44,per_usd
2026-02-17,31.44,per_usd
2026-02-18,31.44,per_usd
2026-02-19,31.44,per_usd
2026-02-20,31.44,per_usd
2026-02-23,31.43,per_usd
2026-02-24,31.45,per_usd
2026-02-25,31.31,per_usd
2026-02-26,31.28,per_usd
2026-02-27,31.35,per_usd
2026-03-02,31.51,per_usd
2026-03-03,31.7,per_usd
2026-03-04,31.69,per_usd
2026-03-05,31.78,per_usd
2026-03-06,31.8,per_usd
2026-03-09,31.87,per_usd
2026-03-10,31.75,per_usd
2026-03-11,31.76,per_usd
2026-03-12,31.8,per_usd
2026-03-13,32.1,per_usd
2026-03-16,32.04,per_usd
2026-03-17,31.92,per_usd
2026-03-18,31.84,per_usd
2026-03-19,31.9,per_usd
2026-03-20,31.91,per_usd
2026-03-23,31.88,per_usd
2026-03-24,31.98,per_usd
2026-03-25,31.97,per_usd
2026-03-26,31.92,per_usd
2026-03-27,31.94,per_usd
2026-03-30,32.03,per_usd
2026-03-31,32.05,per_usd
2026-04-01,31.96,per_usd
2026-04-02,31.92,per_usd
2026-04-03,31.95,per_usd
2026-04-06,31.93,per_usd
2026-04-07,31.96,per_usd
2026-04-08,31.76,per_usd
2026-04-09,31.81,per_usd
2026-04-10,31.79,per_usd
2026-04-13,31.79,per_usd
2026-04-14,31.63,per_usd
2026-04-15,31.64,per_usd
2026-04-16,31.55,per_usd
2026-04-17,31.59,per_usd
2026-04-20,31.53,per_usd
2026-04-21,31.44,per_usd
2026-04-22,31.48,per_usd
2026-04-23,31.57,per_usd
2026-04-24,31.51,per_usd
2026-04-27,31.42,per_usd
2026-04-28,31.52,per_usd
2026-04-29,31.56,per_usd
2026-04-30,31.61,per_usd
2026-05-01,31.58,per_usd
2026-05-04,31.63,per_usd
2026-05-05,31.61,per_usd
2026-05-06,31.47,per_usd
2026-05-07,31.39,per_usd
2026-05-08,31.41,per_usd
2026-05-11,31.4,per_usd
2026-05-12,31.55,per_usd
2026-05-13,31.51,per_usd
2026-05-14,31.5,per_usd
2026-05-15,31.53,per_usd
2026-05-18,31.55,per_usd
2026-05-19,31.67,per_usd
2026-05-20,31.66,per_usd
2026-05-21,31.6,per_usd
2026-05-22,31.45,per_usd
2026-05-26,31.43,per_usd
2026-05-27,31.39,per_usd
2026-05-28,31.36,per_usd
2026-05-29,31.37,per_usd
2026-06-01,31.37,per_usd
2026-06-02,31.45,per_usd
2026-06-03,31.42,per_usd
2026-06-04,31.46,per_usd
2026-06-05,31.5,per_usd
2026-06-08,31.58,per_usd
2026-06-09,31.62,per_usd
2026-06-10,31.68,per_usd
2026-06-11,31.62,per_usd
2026-06-12,31.63,per_usd
2026-06-15,31.55,per_usd
2026-06-16,31.57,per_usd
2026-06-17,31.57,per_usd
2026-06-18,31.58,per_usd
2026-06-22,31.63,per_usd
2026-06-23,31.63,per_usd
2026-06-24,31.76,per_usd
2026-06-25,31.84,per_usd
2026-06-26,31.85,per_usd
2026-06-29,31.85,per_usd
2026-06-30,31.85,per_usd
2026-07-01,31.88,per_usd
2026-07-02,31.86,per_usd
2026-07-06,32.04,per_usd
2026-07-07,32.17,per_usd
2026-07-08,32.09,per_usd
2026-07-09,32.16,per_usd
2026-07-10,32.09,per_usd
2026-07-13,32.16,per_usd
2026-07-14,32.15,per_usd
2026-07-15,32.2,per_usd
2026-07-16,32.25,per_usd
2026-07-17,32.37,per_usd
2026-07-20,32.26,per_usd
2026-07-21,32.36,per_usd
2026-07-22,32.42,per_usd
2026-07-23,32.28,per_usd
2026-07-24,32.39,per_usd
2026-07-27,32.28,per_usd
2026-07-28,32.34,per_usd
2026-07-29,32.37,per_usd
2026-07-30,32.38,per_usd
2026-07-31,32.27,per_usd
2026-08-03,32.44,per_usd
2026-08-04,32.4,per_usd
2026-08-05,32.29,per_usd
2026-08-06,32.24,per_usd
2026-08-07,32.25,per_usd
2026-08-10,32.2,per_usd
2026-08-11,32.29,per_usd
2026-08-12,32.25,per_usd
2026-08-13,32.15,per_usd
2026-08-14,32.02,per_usd
2026-08-17,31.82,per_usd
2026-08-18,31.95,per_usd
2026-08-19,31.85,per_usd
2026-08-20,31.94,per_usd
2026-08-21,31.85,per_usd
2026-08-24,31.88,per_usd
2026-08-25,31.87,per_usd
2026-08-26,31.82,per_usd
2026-08-27,31.69,per_usd
2026-08-28,31.61,per_usd
