date,value,quote
1980-01-02,0.8271,per_usd
1980-01-03,0.8271,per_usd
1980-01-04,0.8268,per_usd
1980-01-07,0.8268,per_usd
1980-01-08,0.8268,per_usd
1980-01-09,0.8268,per_usd
1980-01-10,0.8234,per_usd
1980-01-11,0.8222,per_usd
1980-01-14,0.8313,per_usd
1980-01-15,0.8206,per_usd
1980-01-16,0.8244,per_usd
1980-01-17,0.8244,per_usd
1980-01-18,0.8187,per_usd
1980-01-21,0.8184,per_usd
1980-01-22,0.8183,per_usd
1980-01-23,0.8183,per_usd
1980-01-24,0.8177,per_usd
1980-01-25,0.8176,per_usd
1980-01-28,0.8173,per_usd
1980-01-29,0.8177,per_usd
1980-01-30,0.8177,per_usd
1980-01-31,0.8172,per_usd
1980-02-01,0.8183,per_usd
1980-02-04,0.8185,per_usd
1980-02-05,0.8185,per_usd
1980-02-06,0.8192,per_usd
1980-02-07,0.8179,per_usd
1980-02-08,0.8174,per_usd
1980-02-11,0.8175,per_usd
1980-02-13,0.8149,per_usd
1980-02-14,0.8145,per_usd
1980-02-15,0.8143,per_usd
1980-02-19,0.812,per_usd
1980-02-20,0.8123,per_usd
1980-02-21,0.8108,per_usd
1980-02-22,0.8104,per_usd
1980-02-25,0.8097,per_usd
1980-02-26,0.8091,per_usd
1980-02-27,0.8091,per_usd
1980-02-28,0.8078,per_usd
1980-02-29,0.8079,per_usd
1980-03-03,0.807,per_usd
1980-03-04,0.8074,per_usd
1980-03-05,0.8074,per_usd
1980-03-06,0.8075,per_usd
1980-03-07,0.8087,per_usd
1980-03-10,0.8091,per_usd
1980-03-11,0.8087,per_usd
1980-03-12,0.8081,per_usd
1980-03-13,0.808,per_usd
1980-03-14,0.8104,per_usd
1980-03-17,0.8106,per_usd
1980-03-18,0.8106,per_usd
1980-03-19,0.81,per_usd
1980-03-20,0.8091,per_usd
1980-03-21,0.8097,per_usd
1980-03-24,0.8097,per_usd
1980-03-25,0.8099,per_usd
1980-03-26,0.8092,per_usd
1980-03-27,0.81,per_usd
1980-03-28,0.81,per_usd
1980-03-31,0.8102,per_usd
1980-04-01,0.8102,per_usd
1980-04-02,0.81,per_usd
1980-04-03,0.81,per_usd
1980-04-04,0.8097,per_usd
1980-04-07,0.8097,per_usd
1980-04-08,0.8102,per_usd
1980-04-09,0.8091,per_usd
1980-04-10,0.8085,per_usd
1980-04-11,0.8091,per_usd
1980-04-14,0.8074,per_usd
1980-04-15,0.8074,per_usd
1980-04-16,0.8076,per_usd
1980-04-17,0.8069,per_usd
1980-04-18,0.8074,per_usd
1980-04-21,0.807,per_usd
1980-04-22,0.8065,per_usd
1980-04-23,0.8058,per_usd
1980-04-24,0.8042,per_usd
1980-04-25,0.8039,per_usd
1980-04-28,0.8074,per_usd
1980-04-29,0.8006,per_usd
1980-04-30,0.7999,per_usd
1980-05-01,0.8001,per_usd
1980-05-02,0.7997,per_usd
1980-05-05,0.7997,per_usd
1980-05-06,0.7968,per_usd
1980-05-07,0.7937,per_usd
1980-05-08,0.7928,per_usd
1980-05-09,0.7932,per_usd
1980-05-12,0.7932,per_usd
1980-05-13,0.7916,per_usd
1980-05-14,0.7911,per_usd
1980-05-15,0.7906,per_usd
1980-05-16,0.7904,per_usd
1980-05-19,0.791,per_usd
1980-05-20,0.7904,per_usd
1980-05-21,0.7877,per_usd
1980-05-22,0.7868,per_usd
1980-05-23,0.7844,per_usd
1980-05-27,0.7837,per_usd
1980-05-28,0.7874,per_usd
1980-05-29,0.7828,per_usd
1980-05-30,0.7835,per_usd
1980-06-02,0.7806,per_usd
1980-06-03,0.7803,per_usd
1980-06-04,0.7797,per_usd
1980-06-05,0.7797,per_usd
1980-06-06,0.7791,per_usd
1980-06-09,0.7764,per_usd
1980-06-10,0.7758,per_usd
1980-06-11,0.776,per_usd
1980-06-12,0.7758,per_usd
1980-06-13,0.7746,per_usd
1980-06-16,0.7737,per_usd
1980-06-17,0.7737,per_usd
1980-06-18,0.7737,per_usd
1980-06-19,0.7737,per_usd
1980-06-20,0.7738,per_usd
1980-06-23,0.7732,per_usd
1980-06-24,0.7728,per_usd
1980-06-25,0.7727,per_usd
1980-06-26,0.7726,per_usd
1980-06-27,0.7709,per_usd
1980-06-30,0.7698,per_usd
1980-07-01,0.7694,per_usd
1980-07-02,0.7691,per_usd
1980-07-03,0.7691,per_usd
1980-07-07,0.7683,per_usd
1980-07-08,0.7661,per_usd
1980-07-09,0.7655,per_usd
1980-07-10,0.7648,per_usd
1980-07-11,0.7648,per_usd
1980-07-14,0.7648,per_usd
1980-07-15,0.7656,per_usd
1980-07-16,0.7654,per_usd
1980-07-17,0.7637,per_usd
1980-07-18,0.7641,per_usd
1980-07-21,0.7634,per_usd
1980-07-22,0.7631,per_usd
1980-07-23,0.7628,per_usd
1980-07-24,0.7622,per_usd
1980-07-25,0.761,per_usd
1980-07-28,0.7608,per_usd
1980-07-29,0.7619,per_usd
1980-07-30,0.7616,per_usd
1980-07-31,0.7634,per_usd
1980-08-01,0.7646,per_usd
1980-08-04,0.763,per_usd
1980-08-05,0.7613,per_usd
1980-08-06,0.7608,per_usd
1980-08-07,0.7606,per_usd
1980-08-08,0.7609,per_usd
1980-08-11,0.761,per_usd
1980-08-12,0.7609,per_usd
1980-08-13,0.7582,per_usd
1980-08-14,0.7592,per_usd
1980-08-15,0.759,per_usd
1980-08-18,0.7605,per_usd
1980-08-19,0.7603,per_usd
1980-08-20,0.76,per_usd
1980-08-21,0.7606,per_usd
1980-08-22,0.7599,per_usd
1980-08-25,0.7599,per_usd
1980-08-26,0.7599,per_usd
1980-08-27,0.7582,per_usd
1980-08-28,0.7575,per_usd
1980-08-29,0.7576,per_usd
1980-09-02,0.7542,per_usd
1980-09-03,0.7544,per_usd
1980-09-04,0.7536,per_usd
1980-09-05,0.7534,per_usd
1980-09-08,0.7539,per_usd
1980-09-09,0.7536,per_usd
1980-09-10,0.7546,per_usd
1980-09-11,0.7534,per_usd
1980-09-12,0.7519,per_usd
1980-09-15,0.753,per_usd
1980-09-16,0.7531,per_usd
1980-09-17,0.7525,per_usd
1980-09-18,0.7527,per_usd
1980-09-19,0.7536,per_usd
1980-09-22,0.753,per_usd
1980-09-23,0.7531,per_usd
1980-09-24,0.7535,per_usd
1980-09-25,0.7533,per_usd
1980-09-26,0.7529,per_usd
1980-09-29,0.7536,per_usd
1980-09-30,0.7538,per_usd
1980-10-01,0.7592,per_usd
1980-10-02,0.7528,per_usd
1980-10-03,0.7536,per_usd
1980-10-06,0.7513,per_usd
1980-10-07,0.7512,per_usd
1980-10-08,0.7512,per_usd
1980-10-09,0.7512,per_usd
1980-10-10,0.7505,per_usd
1980-10-14,0.7561,per_usd
1980-10-15,0.751,per_usd
1980-10-16,0.7508,per_usd
1980-10-17,0.7509,per_usd
1980-10-20,0.7506,per_usd
1980-10-21,0.7492,per_usd
1980-10-22,0.7491,per_usd
1980-10-23,0.7491,per_usd
1980-10-24,0.7488,per_usd
1980-10-27,0.749,per_usd
1980-10-28,0.7502,per_usd
1980-10-29,0.7499,per_usd
1980-10-30,0.7499,per_usd
1980-10-31,0.7499,per_usd
1980-11-03,0.7508,per_usd
1980-11-05,0.7505,per_usd
1980-11-06,0.7503,per_usd
1980-11-07,0.7527,per_usd
1980-11-10,0.7525,per_usd
1980-11-12,0.7501,per_usd
1980-11-13,0.749,per_usd
1980-11-14,0.749,per_usd
1980-11-17,0.7519,per_usd
1980-11-18,0.7516,per_usd
1980-11-19,0.7499,per_usd
1980-11-20,0.7493,per_usd
1980-11-21,0.7504,per_usd
1980-11-24,0.7525,per_usd
1980-11-25,0.751,per_usd
1980-11-26,0.7506,per_usd
1980-11-28,0.751,per_usd
1980-12-01,0.7533,per_usd
1980-12-02,0.753,per_usd
1980-12-03,0.7525,per_usd
1980-12-04,0.7523,per_usd
1980-12-05,0.7542,per_usd
1980-12-08,0.7542,per_usd
1980-12-09,0.7543,per_usd
1980-12-10,0.7547,per_usd
1980-12-11,0.7584,per_usd
1980-12-12,0.7582,per_usd
1980-12-15,0.7556,per_usd
1980-12-16,0.7567,per_usd
1980-12-17,0.7577,per_usd
1980-12-18,0.7553,per_usd
1980-12-19,0.756,per_usd
1980-12-22,0.7513,per_usd
1980-12-23,0.7488,per_usd
1980-12-24,0.7479,per_usd
1980-12-26,0.7479,per_usd
1980-12-29,0.7485,per_usd
1980-12-30,0.7468,per_usd
1980-12-31,0.7457,per_usd
1981-01-02,0.7457,per_usd
1981-01-05,0.7437,per_usd
1981-01-06,0.741,per_usd
1981-01-07,0.7371,per_usd
1981-01-08,0.7386,per_usd
1981-01-09,0.7398,per_usd
1981-01-12,0.7471,per_usd
1981-01-13,0.7502,per_usd
1981-01-14,0.7477,per_usd
1981-01-15,0.7485,per_usd
1981-01-16,0.7502,per_usd
1981-01-19,0.749,per_usd
1981-01-20,0.7484,per_usd
1981-01-21,0.7472,per_usd
1981-01-22,0.7496,per_usd
1981-01-23,0.7502,per_usd
1981-01-26,0.7509,per_usd
1981-01-27,0.7527,per_usd
1981-01-28,0.7553,per_usd
1981-01-29,0.7565,per_usd
1981-01-30,0.7602,per_usd
1981-02-02,0.7637,per_usd
1981-02-03,0.7688,per_usd
1981-02-04,0.7625,per_usd
1981-02-05,0.7648,per_usd
1981-02-06,0.7692,per_usd
1981-02-09,0.7668,per_usd
1981-02-10,0.7666,per_usd
1981-02-11,0.7672,per_usd
1981-02-13,0.777,per_usd
1981-02-17,0.7828,per_usd
1981-02-18,0.7819,per_usd
1981-02-19,0.7785,per_usd
1981-02-20,0.7734,per_usd
1981-02-23,0.7758,per_usd
1981-02-24,0.7825,per_usd
1981-02-25,0.78,per_usd
1981-02-26,0.781,per_usd
1981-02-27,0.7837,per_usd
1981-03-02,0.7902,per_usd
1981-03-03,0.7856,per_usd
1981-03-04,0.7852,per_usd
1981-03-05,0.7865,per_usd
1981-03-06,0.7915,per_usd
1981-03-09,0.7849,per_usd
1981-03-10,0.7849,per_usd
1981-03-11,0.7893,per_usd
1981-03-12,0.7896,per_usd
1981-03-13,0.7911,per_usd
1981-03-16,0.7893,per_usd
1981-03-17,0.7874,per_usd
1981-03-18,0.7862,per_usd
1981-03-19,0.7849,per_usd
1981-03-20,0.7883,per_usd
1981-03-23,0.7933,per_usd
1981-03-24,0.7921,per_usd
1981-03-25,0.794,per_usd
1981-03-26,0.7962,per_usd
1981-03-27,0.8013,per_usd
1981-03-30,0.8015,per_usd
1981-03-31,0.7994,per_usd
1981-04-01,0.7996,per_usd
1981-04-02,0.8026,per_usd
1981-04-03,0.794,per_usd
1981-04-06,0.814,per_usd
1981-04-07,0.8078,per_usd
1981-04-08,0.8058,per_usd
1981-04-09,0.8074,per_usd
1981-04-10,0.8084,per_usd
1981-04-13,0.8117,per_usd
1981-04-14,0.81,per_usd
1981-04-15,0.8124,per_usd
1981-04-16,0.8163,per_usd
1981-04-17,0.8163,per_usd
1981-04-20,0.8163,per_usd
1981-04-21,0.8157,per_usd
1981-04-22,0.8127,per_usd
1981-04-23,0.813,per_usd
1981-04-24,0.813,per_usd
1981-04-27,0.8132,per_usd
1981-04-28,0.8137,per_usd
1981-04-29,0.817,per_usd
1981-04-30,0.8197,per_usd
1981-05-01,0.8203,per_usd
1981-05-04,0.825,per_usd
1981-05-05,0.8297,per_usd
1981-05-06,0.8273,per_usd
1981-05-07,0.8304,per_usd
1981-05-08,0.8313,per_usd
1981-05-11,0.834,per_usd
1981-05-12,0.8366,per_usd
1981-05-13,0.8363,per_usd
1981-05-14,0.8408,per_usd
1981-05-15,0.8396,per_usd
1981-05-18,0.8384,per_usd
1981-05-19,0.8403,per_usd
1981-05-20,0.8428,per_usd
1981-05-21,0.8442,per_usd
1981-05-22,0.8462,per_usd
1981-05-26,0.8484,per_usd
1981-05-27,0.8514,per_usd
1981-05-28,0.8489,per_usd
1981-05-29,0.8473,per_usd
1981-06-01,0.8478,per_usd
1981-06-02,0.8529,per_usd
1981-06-03,0.858,per_usd
1981-06-04,0.8645,per_usd
1981-06-05,0.8741,per_usd
1981-06-08,0.8726,per_usd
1981-06-09,0.8712,per_usd
1981-06-10,0.8675,per_usd
1981-06-11,0.8701,per_usd
1981-06-12,0.8718,per_usd
1981-06-15,0.8617,per_usd
1981-06-16,0.8608,per_usd
1981-06-17,0.8636,per_usd
1981-06-18,0.8669,per_usd
1981-06-19,0.8688,per_usd
1981-06-22,0.8698,per_usd
1981-06-23,0.8668,per_usd
1981-06-24,0.8696,per_usd
1981-06-25,0.8758,per_usd
1981-06-26,0.8795,per_usd
1981-06-29,0.8818,per_usd
1981-06-30,0.8868,per_usd
1981-07-01,0.8929,per_usd
1981-07-02,0.8965,per_usd
1981-07-03,0.8973,per_usd
1981-07-06,0.9009,per_usd
1981-07-07,0.902,per_usd
1981-07-08,0.9095,per_usd
1981-07-09,0.9131,per_usd
1981-07-10,0.907,per_usd
1981-07-13,0.9083,per_usd
1981-07-14,0.9185,per_usd
1981-07-15,0.9161,per_usd
1981-07-16,0.9179,per_usd
1981-07-17,0.919,per_usd
1981-07-20,0.9238,per_usd
1981-07-21,0.9363,per_usd
1981-07-22,0.9324,per_usd
1981-07-23,0.9381,per_usd
1981-07-24,0.9419,per_usd
1981-07-27,0.9394,per_usd
1981-07-28,0.9492,per_usd
1981-07-29,0.9479,per_usd
1981-07-30,0.9526,per_usd
1981-07-31,0.9537,per_usd
1981-08-03,0.959,per_usd
1981-08-04,0.9611,per_usd
1981-08-05,0.9524,per_usd
1981-08-06,0.9597,per_usd
1981-08-07,0.9583,per_usd
1981-08-10,0.9604,per_usd
1981-08-11,0.9598,per_usd
1981-08-12,0.9452,per_usd
1981-08-13,0.95,per_usd
1981-08-14,0.9535,per_usd
1981-08-17,0.9465,per_usd
1981-08-18,0.9459,per_usd
1981-08-19,0.947,per_usd
1981-08-20,0.943,per_usd
1981-08-21,0.9407,per_usd
1981-08-24,0.9407,per_usd
1981-08-25,0.9485,per_usd
1981-08-26,0.9452,per_usd
1981-08-27,0.9443,per_usd
1981-08-28,0.9452,per_usd
1981-08-31,0.9434,per_usd
1981-09-01,0.9463,per_usd
1981-09-02,0.9456,per_usd
1981-09-03,0.9455,per_usd
1981-09-04,0.9468,per_usd
1981-09-08,0.9548,per_usd
1981-09-09,0.9595,per_usd
1981-09-10,0.9544,per_usd
1981-09-11,0.9524,per_usd
1981-09-14,0.9556,per_usd
1981-09-15,0.9416,per_usd
1981-09-16,0.9425,per_usd
1981-09-17,0.9368,per_usd
1981-09-18,0.939,per_usd
1981-09-21,0.9346,per_usd
1981-09-22,0.9378,per_usd
1981-09-23,0.9394,per_usd
1981-09-24,0.9497,per_usd
1981-09-25,0.9483,per_usd
1981-09-28,0.9549,per_usd
1981-09-29,0.9549,per_usd
1981-09-30,0.9551,per_usd
1981-10-01,0.9524,per_usd
1981-10-02,0.9528,per_usd
1981-10-05,0.9461,per_usd
1981-10-06,0.9445,per_usd
1981-10-07,0.9461,per_usd
1981-10-08,0.9449,per_usd
1981-10-09,0.9377,per_usd
1981-10-13,0.9423,per_usd
1981-10-14,0.9518,per_usd
1981-10-15,0.9486,per_usd
1981-10-16,0.9565,per_usd
1981-10-19,0.956,per_usd
1981-10-20,0.9611,per_usd
1981-10-21,0.962,per_usd
1981-10-22,0.9657,per_usd
1981-10-23,0.9671,per_usd
1981-10-26,0.969,per_usd
1981-10-27,0.9699,per_usd
1981-10-28,0.9709,per_usd
1981-10-29,0.9667,per_usd
1981-10-30,0.9641,per_usd
1981-11-02,0.9602,per_usd
1981-11-04,0.9579,per_usd
1981-11-05,0.9574,per_usd
1981-11-06,0.9617,per_usd
1981-11-09,0.9591,per_usd
1981-11-10,0.9625,per_usd
1981-11-12,0.9588,per_usd
1981-11-13,0.9602,per_usd
1981-11-16,0.9657,per_usd
1981-11-17,0.9662,per_usd
1981-11-18,0.9671,per_usd
1981-11-19,0.9653,per_usd
1981-11-20,0.9683,per_usd
1981-11-23,0.9695,per_usd
1981-11-24,0.9669,per_usd
1981-11-25,0.9648,per_usd
1981-11-27,0.9662,per_usd
1981-11-30,0.9611,per_usd
1981-12-01,0.9685,per_usd
1981-12-02,0.9681,per_usd
1981-12-03,0.9696,per_usd
1981-12-04,0.9685,per_usd
1981-12-07,0.9685,per_usd
1981-12-08,0.9769,per_usd
1981-12-09,0.9754,per_usd
1981-12-10,0.9804,per_usd
1981-12-11,0.9829,per_usd
1981-12-14,0.9945,per_usd
1981-12-15,0.9753,per_usd
1981-12-16,0.969,per_usd
1981-12-17,0.9692,per_usd
1981-12-18,0.9699,per_usd
1981-12-21,0.9671,per_usd
1981-12-22,0.9654,per_usd
1981-12-23,0.9629,per_usd
1981-12-24,0.9625,per_usd
1981-12-28,0.9639,per_usd
1981-12-29,0.964,per_usd
1981-12-30,0.9599,per_usd
1981-12-31,0.9583,per_usd
1982-01-01,0.9517,per_usd
1982-01-04,0.9575,per_usd
1982-01-05,0.9547,per_usd
1982-01-06,0.9603,per_usd
1982-01-07,0.9583,per_usd
1982-01-11,0.964,per_usd
1982-01-12,0.9665,per_usd
1982-01-13,0.9665,per_usd
1982-01-14,0.9695,per_usd
1982-01-15,0.9685,per_usd
1982-01-18,0.9685,per_usd
1982-01-19,0.9667,per_usd
1982-01-20,0.9667,per_usd
1982-01-21,0.9679,per_usd
1982-01-22,0.9718,per_usd
1982-01-25,0.9751,per_usd
1982-01-26,0.9785,per_usd
1982-01-27,0.9731,per_usd
1982-01-28,0.9737,per_usd
1982-01-29,0.9723,per_usd
1982-02-01,0.978,per_usd
1982-02-02,0.9809,per_usd
1982-02-03,0.9794,per_usd
1982-02-04,0.9799,per_usd
1982-02-05,0.9799,per_usd
1982-02-08,0.9799,per_usd
1982-02-09,0.9881,per_usd
1982-02-10,0.9862,per_usd
1982-02-11,0.9843,per_usd
1982-02-16,0.9877,per_usd
1982-02-17,0.9891,per_usd
1982-02-18,0.9804,per_usd
1982-02-19,0.9773,per_usd
1982-02-22,0.9756,per_usd
1982-02-23,0.9789,per_usd
1982-02-24,0.9756,per_usd
1982-02-25,0.9751,per_usd
1982-02-26,0.9804,per_usd
1982-03-01,0.9857,per_usd
1982-03-02,0.9862,per_usd
1982-03-03,0.9862,per_usd
1982-03-04,0.9785,per_usd
1982-03-05,0.9838,per_usd
1982-03-08,0.9906,per_usd
1982-03-09,1.008,per_usd
1982-03-10,1.0152,per_usd
1982-03-11,1.0204,per_usd
1982-03-12,1.0225,per_usd
1982-03-15,1.0343,per_usd
1982-03-16,1.0347,per_usd
1982-03-17,1.0309,per_usd
1982-03-18,1.032,per_usd
1982-03-19,1.0384,per_usd
1982-03-22,1.0403,per_usd
1982-03-23,1.0397,per_usd
1982-03-24,1.0386,per_usd
1982-03-25,1.0417,per_usd
1982-03-26,1.0447,per_usd
1982-03-29,1.0488,per_usd
1982-03-30,1.0508,per_usd
1982-03-31,1.0482,per_usd
1982-04-01,1.0532,per_usd
1982-04-02,1.0504,per_usd
1982-04-05,1.0593,per_usd
1982-04-06,1.069,per_usd
1982-04-07,1.0585,per_usd
1982-04-08,1.0571,per_usd
1982-04-09,1.0571,per_usd
1982-04-12,1.0605,per_usd
1982-04-13,1.0582,per_usd
1982-04-14,1.0552,per_usd
1982-04-15,1.0588,per_usd
1982-04-16,1.0582,per_usd
1982-04-19,1.0556,per_usd
1982-04-20,1.0508,per_usd
1982-04-21,1.0483,per_usd
1982-04-22,1.0492,per_usd
1982-04-23,1.0526,per_usd
1982-04-26,1.0466,per_usd
1982-04-27,1.0477,per_usd
1982-04-28,1.0458,per_usd
1982-04-29,1.0488,per_usd
1982-04-30,1.046,per_usd
1982-05-03,1.0444,per_usd
1982-05-04,1.0524,per_usd
1982-05-05,1.0532,per_usd
1982-05-06,1.0503,per_usd
1982-05-07,1.0504,per_usd
1982-05-10,1.0515,per_usd
1982-05-11,1.0521,per_usd
1982-05-12,1.0529,per_usd
1982-05-13,1.061,per_usd
1982-05-14,1.0629,per_usd
1982-05-17,1.0627,per_usd
1982-05-18,1.0753,per_usd
1982-05-19,1.0753,per_usd
1982-05-20,1.0846,per_usd
1982-05-21,1.0712,per_usd
1982-05-24,1.0695,per_usd
1982-05-25,1.0724,per_usd
1982-05-26,1.0753,per_usd
1982-05-27,1.0785,per_usd
1982-05-28,1.0809,per_usd
1982-06-01,1.0834,per_usd
1982-06-02,1.0886,per_usd
1982-06-03,1.0881,per_usd
1982-06-04,1.0852,per_usd
1982-06-07,1.0899,per_usd
1982-06-08,1.0876,per_usd
1982-06-09,1.0995,per_usd
1982-06-10,1.1007,per_usd
1982-06-11,1.101,per_usd
1982-06-14,1.1074,per_usd
1982-06-15,1.1171,per_usd
1982-06-16,1.1186,per_usd
1982-06-17,1.1242,per_usd
1982-06-18,1.1261,per_usd
1982-06-21,1.1418,per_usd
1982-06-22,1.1406,per_usd
1982-06-23,1.1461,per_usd
1982-06-24,1.1403,per_usd
1982-06-25,1.1461,per_usd
1982-06-28,1.1514,per_usd
1982-06-29,1.1475,per_usd
1982-06-30,1.141,per_usd
1982-07-01,1.1452,per_usd
1982-07-02,1.1465,per_usd
1982-07-06,1.1523,per_usd
1982-07-07,1.1574,per_usd
1982-07-08,1.1596,per_usd
1982-07-09,1.1561,per_usd
1982-07-12,1.1475,per_usd
1982-07-13,1.1508,per_usd
1982-07-14,1.1494,per_usd
1982-07-15,1.1558,per_usd
1982-07-16,1.1501,per_usd
1982-07-19,1.1461,per_usd
1982-07-20,1.145,per_usd
1982-07-21,1.1387,per_usd
1982-07-22,1.1399,per_usd
1982-07-23,1.134,per_usd
1982-07-26,1.1347,per_usd
1982-07-27,1.1364,per_usd
1982-07-28,1.1429,per_usd
1982-07-29,1.1475,per_usd
1982-07-30,1.1475,per_usd
1982-08-02,1.1435,per_usd
1982-08-03,1.1418,per_usd
1982-08-04,1.1527,per_usd
1982-08-05,1.1554,per_usd
1982-08-06,1.1585,per_usd
1982-08-09,1.164,per_usd
1982-08-10,1.1585,per_usd
1982-08-11,1.1641,per_usd
1982-08-12,1.1625,per_usd
1982-08-13,1.1569,per_usd
1982-08-16,1.1601,per_usd
1982-08-17,1.1598,per_usd
1982-08-18,1.151,per_usd
1982-08-19,1.1529,per_usd
1982-08-20,1.1426,per_usd
1982-08-23,1.1435,per_usd
1982-08-24,1.1338,per_usd
1982-08-25,1.1325,per_usd
1982-08-26,1.1352,per_usd
1982-08-27,1.1853,per_usd
1982-08-30,1.1501,per_usd
1982-08-31,1.1509,per_usd
1982-09-01,1.151,per_usd
1982-09-02,1.1442,per_usd
1982-09-03,1.1435,per_usd
1982-09-07,1.1419,per_usd
1982-09-08,1.1527,per_usd
1982-09-09,1.1468,per_usd
1982-09-10,1.1541,per_usd
1982-09-13,1.1563,per_usd
1982-09-14,1.1538,per_usd
1982-09-15,1.1521,per_usd
1982-09-16,1.157,per_usd
1982-09-17,1.1527,per_usd
1982-09-20,1.1494,per_usd
1982-09-21,1.1514,per_usd
1982-09-22,1.1481,per_usd
1982-09-23,1.1508,per_usd
1982-09-24,1.1594,per_usd
1982-09-27,1.1514,per_usd
1982-09-28,1.1561,per_usd
1982-09-29,1.1574,per_usd
1982-09-30,1.1561,per_usd
1982-10-01,1.1554,per_usd
1982-10-04,1.1643,per_usd
1982-10-05,1.1632,per_usd
1982-10-06,1.1639,per_usd
1982-10-07,1.1598,per_usd
1982-10-08,1.1543,per_usd
1982-10-12,1.1468,per_usd
1982-10-13,1.1577,per_usd
1982-10-14,1.1547,per_usd
1982-10-15,1.1588,per_usd
1982-10-18,1.1558,per_usd
1982-10-19,1.1561,per_usd
1982-10-20,1.1565,per_usd
1982-10-21,1.1594,per_usd
1982-10-22,1.1541,per_usd
1982-10-25,1.171,per_usd
1982-10-26,1.1669,per_usd
1982-10-27,1.1652,per_usd
1982-10-28,1.1675,per_usd
1982-10-29,1.1723,per_usd
1982-11-01,1.1669,per_usd
1982-11-03,1.1641,per_usd
1982-11-04,1.1581,per_usd
1982-11-05,1.1547,per_usd
1982-11-08,1.1581,per_usd
1982-11-09,1.1514,per_usd
1982-11-10,1.1461,per_usd
1982-11-12,1.1442,per_usd
1982-11-15,1.1461,per_usd
1982-11-16,1.1416,per_usd
1982-11-17,1.1429,per_usd
1982-11-18,1.137,per_usd
1982-11-19,1.128,per_usd
1982-11-22,1.128,per_usd
1982-11-23,1.1246,per_usd
1982-11-24,1.1205,per_usd
1982-11-26,1.1192,per_usd
1982-11-29,1.1115,per_usd
1982-11-30,1.1093,per_usd
1982-12-01,1.0998,per_usd
1982-12-02,1.0995,per_usd
1982-12-03,1.0911,per_usd
1982-12-06,1.0947,per_usd
1982-12-07,1.0881,per_usd
1982-12-08,1.0852,per_usd
1982-12-09,1.0899,per_usd
1982-12-10,1.0899,per_usd
1982-12-13,1.0941,per_usd
1982-12-14,1.0911,per_usd
1982-12-15,1.0911,per_usd
1982-12-16,1.0881,per_usd
1982-12-17,1.0866,per_usd
1982-12-20,1.0858,per_usd
1982-12-21,1.0858,per_usd
1982-12-22,1.0828,per_usd
1982-12-23,1.0828,per_usd
1982-12-24,1.0826,per_usd
1982-12-27,1.0828,per_usd
1982-12-28,1.0764,per_usd
1982-12-29,1.0753,per_usd
1982-12-30,1.0753,per_usd
1982-12-31,1.0741,per_usd
1983-01-03,1.0695,per_usd
1983-01-04,1.0667,per_usd
1983-01-05,1.0684,per_usd
1983-01-06,1.0712,per_usd
1983-01-10,1.0644,per_usd
1983-01-11,1.0661,per_usd
1983-01-12,1.0644,per_usd
1983-01-13,1.0633,per_usd
1983-01-14,1.0633,per_usd
1983-01-17,1.061,per_usd
1983-01-18,1.0616,per_usd
1983-01-19,1.0627,per_usd
1983-01-20,1.0616,per_usd
1983-01-21,1.0616,per_usd
1983-01-24,1.0724,per_usd
1983-01-25,1.0718,per_usd
1983-01-26,1.0616,per_usd
1983-01-27,1.0616,per_usd
1983-01-28,1.0678,per_usd
1983-01-31,1.0678,per_usd
1983-02-01,1.0735,per_usd
1983-02-02,1.0764,per_usd
1983-02-03,1.0735,per_usd
1983-02-04,1.0776,per_usd
1983-02-07,1.1351,per_usd
1983-02-08,1.1319,per_usd
1983-02-09,1.1299,per_usd
1983-02-10,1.1242,per_usd
1983-02-11,1.1179,per_usd
1983-02-14,1.1179,per_usd
1983-02-15,1.1087,per_usd
1983-02-16,1.1031,per_usd
1983-02-17,1.0963,per_usd
1983-02-18,1.0923,per_usd
1983-02-22,1.0823,per_usd
1983-02-23,1.0846,per_usd
1983-02-24,1.0817,per_usd
1983-02-25,1.0793,per_usd
1983-02-28,1.0905,per_usd
1983-03-01,1.0953,per_usd
1983-03-02,1.0941,per_usd
1983-03-03,1.0905,per_usd
1983-03-04,1.0917,per_usd
1983-03-07,1.0899,per_usd
1983-03-08,1.0893,per_usd
1983-03-09,1.0917,per_usd
1983-03-10,1.0892,per_usd
1983-03-11,1.0911,per_usd
1983-03-14,1.0899,per_usd
1983-03-15,1.087,per_usd
1983-03-16,1.0885,per_usd
1983-03-17,1.0887,per_usd
1983-03-18,1.0873,per_usd
1983-03-21,1.0876,per_usd
1983-03-22,1.0878,per_usd
1983-03-23,1.0947,per_usd
1983-03-24,1.0911,per_usd
1983-03-25,1.0911,per_usd
1983-03-28,1.0941,per_usd
1983-03-29,1.097,per_usd
1983-03-30,1.0953,per_usd
1983-03-31,1.0961,per_usd
1983-04-01,1.0965,per_usd
1983-04-04,1.0959,per_usd
1983-04-05,1.0995,per_usd
1983-04-06,1.0989,per_usd
1983-04-07,1.0965,per_usd
1983-04-08,1.0983,per_usd
1983-04-11,1.0977,per_usd
1983-04-12,1.0947,per_usd
1983-04-13,1.0941,per_usd
1983-04-14,1.0947,per_usd
1983-04-15,1.0941,per_usd
1983-04-18,1.0923,per_usd
1983-04-19,1.0911,per_usd
1983-04-20,1.0941,per_usd
1983-04-21,1.0941,per_usd
1983-04-22,1.0911,per_usd
1983-04-25,1.0887,per_usd
1983-04-26,1.0885,per_usd
1983-04-27,1.0886,per_usd
1983-04-28,1.091,per_usd
1983-04-29,1.0909,per_usd
1983-05-02,1.0899,per_usd
1983-05-03,1.0881,per_usd
1983-05-04,1.084,per_usd
1983-05-05,1.0864,per_usd
1983-05-06,1.0858,per_usd
1983-05-09,1.0858,per_usd
1983-05-10,1.0881,per_usd
1983-05-11,1.0823,per_usd
1983-05-12,1.0848,per_usd
1983-05-13,1.0864,per_usd
1983-05-16,1.0864,per_usd
1983-05-17,1.0864,per_usd
1983-05-18,1.0852,per_usd
1983-05-19,1.0841,per_usd
1983-05-20,1.082,per_usd
1983-05-23,1.0781,per_usd
1983-05-24,1.0793,per_usd
1983-05-25,1.0811,per_usd
1983-05-26,1.0741,per_usd
1983-05-27,1.0764,per_usd
1983-05-31,1.0741,per_usd
1983-06-01,1.0817,per_usd
1983-06-02,1.084,per_usd
1983-06-03,1.084,per_usd
1983-06-06,1.0858,per_usd
1983-06-07,1.087,per_usd
1983-06-08,1.0905,per_usd
1983-06-09,1.0893,per_usd
1983-06-10,1.0876,per_usd
1983-06-13,1.0893,per_usd
1983-06-14,1.0959,per_usd
1983-06-15,1.0977,per_usd
1983-06-16,1.0983,per_usd
1983-06-17,1.0935,per_usd
1983-06-20,1.0935,per_usd
1983-06-21,1.0963,per_usd
1983-06-22,1.0929,per_usd
1983-06-23,1.0937,per_usd
1983-06-24,1.0911,per_usd
1983-06-27,1.0917,per_usd
1983-06-28,1.0923,per_usd
1983-06-29,1.0951,per_usd
1983-06-30,1.0941,per_usd
1983-07-01,1.0929,per_usd
1983-07-05,1.0929,per_usd
1983-07-06,1.0941,per_usd
1983-07-07,1.0971,per_usd
1983-07-08,1.0953,per_usd
1983-07-11,1.0965,per_usd
1983-07-12,1.0977,per_usd
1983-07-13,1.0989,per_usd
1983-07-14,1.0977,per_usd
1983-07-15,1.0977,per_usd
1983-07-18,1.0977,per_usd
1983-07-19,1.0989,per_usd
1983-07-20,1.0959,per_usd
1983-07-21,1.0953,per_usd
1983-07-22,1.0953,per_usd
1983-07-25,1.0977,per_usd
1983-07-26,1.0953,per_usd
1983-07-27,1.0989,per_usd
1983-07-28,1.0977,per_usd
1983-07-29,1.0989,per_usd
1983-08-01,1.0998,per_usd
1983-08-02,1.1044,per_usd
1983-08-03,1.1072,per_usd
1983-08-04,1.1072,per_usd
1983-08-05,1.1087,per_usd
1983-08-08,1.1114,per_usd
1983-08-09,1.113,per_usd
1983-08-10,1.1217,per_usd
1983-08-11,1.1242,per_usd
1983-08-12,1.1242,per_usd
1983-08-15,1.1242,per_usd
1983-08-16,1.1192,per_usd
1983-08-17,1.1173,per_usd
1983-08-18,1.1173,per_usd
1983-08-19,1.1173,per_usd
1983-08-22,1.1173,per_usd
1983-08-23,1.1148,per_usd
1983-08-24,1.1192,per_usd
1983-08-25,1.1192,per_usd
1983-08-26,1.1249,per_usd
1983-08-29,1.1236,per_usd
1983-08-30,1.1239,per_usd
1983-08-31,1.1261,per_usd
1983-09-01,1.1274,per_usd
1983-09-02,1.1319,per_usd
1983-09-06,1.1274,per_usd
1983-09-07,1.1268,per_usd
1983-09-08,1.1242,per_usd
1983-09-09,1.1211,per_usd
1983-09-12,1.113,per_usd
1983-09-13,1.1111,per_usd
1983-09-14,1.1132,per_usd
1983-09-15,1.1136,per_usd
1983-09-16,1.1124,per_usd
1983-09-19,1.1068,per_usd
1983-09-20,1.1068,per_usd
1983-09-21,1.1056,per_usd
1983-09-22,1.1071,per_usd
1983-09-23,1.108,per_usd
1983-09-26,1.1031,per_usd
1983-09-27,1.1031,per_usd
1983-09-28,1.1013,per_usd
1983-09-29,1.1031,per_usd
1983-09-30,1.1038,per_usd
1983-10-03,1.1084,per_usd
1983-10-04,1.1217,per_usd
1983-10-05,1.1173,per_usd
1983-10-06,1.1148,per_usd
1983-10-07,1.1167,per_usd
1983-10-11,1.1124,per_usd
1983-10-12,1.1179,per_usd
1983-10-13,1.1192,per_usd
1983-10-14,1.1211,per_usd
1983-10-17,1.1167,per_usd
1983-10-18,1.1192,per_usd
1983-10-19,1.1221,per_usd
1983-10-20,1.1293,per_usd
1983-10-21,1.1293,per_usd
1983-10-24,1.1319,per_usd
1983-10-25,1.1297,per_usd
1983-10-26,1.1293,per_usd
1983-10-27,1.1448,per_usd
1983-10-28,1.1447,per_usd
1983-10-31,1.1744,per_usd
1983-11-01,1.173,per_usd
1983-11-02,1.1765,per_usd
1983-11-03,1.1588,per_usd
1983-11-04,1.1765,per_usd
1983-11-07,1.173,per_usd
1983-11-09,1.1737,per_usd
1983-11-10,1.1703,per_usd
1983-11-14,1.171,per_usd
1983-11-15,1.1806,per_usd
1983-11-16,1.1806,per_usd
1983-11-17,1.1955,per_usd
1983-11-18,1.1933,per_usd
1983-11-21,1.2095,per_usd
1983-11-22,1.2048,per_usd
1983-11-23,1.2077,per_usd
1983-11-25,1.2173,per_usd
1983-11-28,1.2019,per_usd
1983-11-29,1.2048,per_usd
1983-11-30,1.1919,per_usd
1983-12-01,1.199,per_usd
1983-12-02,1.2005,per_usd
1983-12-05,1.2136,per_usd
1983-12-06,1.2129,per_usd
1983-12-07,1.211,per_usd
1983-12-08,1.2154,per_usd
1983-12-09,1.2203,per_usd
1983-12-12,1.2136,per_usd
1983-12-13,1.2136,per_usd
1983-12-14,1.2136,per_usd
1983-12-15,1.221,per_usd
1983-12-16,1.2262,per_usd
1983-12-19,1.2271,per_usd
1983-12-20,1.224,per_usd
1983-12-21,1.2255,per_usd
1983-12-22,1.224,per_usd
1983-12-23,1.2203,per_usd
1983-12-27,1.2218,per_usd
1983-12-28,1.2195,per_usd
1983-12-29,1.2195,per_usd
1983-12-30,1.2225,per_usd
1984-01-03,1.23,per_usd
1984-01-04,1.2415,per_usd
1984-01-05,1.2415,per_usd
1984-01-06,1.2579,per_usd
1984-01-09,1.2723,per_usd
1984-01-10,1.2658,per_usd
1984-01-11,1.2634,per_usd
1984-01-12,1.2666,per_usd
1984-01-13,1.2539,per_usd
1984-01-16,1.2477,per_usd
1984-01-17,1.2508,per_usd
1984-01-18,1.2508,per_usd
1984-01-19,1.2477,per_usd
1984-01-20,1.2618,per_usd
1984-01-23,1.25,per_usd
1984-01-24,1.2634,per_usd
1984-01-25,1.2618,per_usd
1984-01-26,1.2658,per_usd
1984-01-27,1.2674,per_usd
1984-01-30,1.2715,per_usd
1984-01-31,1.2715,per_usd
1984-02-01,1.2634,per_usd
1984-02-02,1.2492,per_usd
1984-02-03,1.2438,per_usd
1984-02-06,1.2446,per_usd
1984-02-07,1.2602,per_usd
1984-02-08,1.2484,per_usd
1984-02-09,1.2484,per_usd
1984-02-10,1.25,per_usd
1984-02-14,1.2438,per_usd
1984-02-15,1.2315,per_usd
1984-02-16,1.2262,per_usd
1984-02-17,1.2262,per_usd
1984-02-21,1.2232,per_usd
1984-02-22,1.2107,per_usd
1984-02-23,1.2034,per_usd
1984-02-24,1.2012,per_usd
1984-02-27,1.2129,per_usd
1984-02-28,1.2005,per_usd
1984-02-29,1.1976,per_usd
1984-03-01,1.2044,per_usd
1984-03-02,1.199,per_usd
1984-03-05,1.1926,per_usd
1984-03-06,1.1905,per_usd
1984-03-07,1.1912,per_usd
1984-03-08,1.199,per_usd
1984-03-09,1.1947,per_usd
1984-03-12,1.2107,per_usd
1984-03-13,1.1983,per_usd
1984-03-14,1.1976,per_usd
1984-03-15,1.2092,per_usd
1984-03-16,1.224,per_usd
1984-03-19,1.2392,per_usd
1984-03-20,1.2399,per_usd
1984-03-21,1.2438,per_usd
1984-03-22,1.243,per_usd
1984-03-23,1.2422,per_usd
1984-03-26,1.2346,per_usd
1984-03-27,1.2255,per_usd
1984-03-28,1.2438,per_usd
1984-03-29,1.2422,per_usd
1984-03-30,1.2376,per_usd
1984-04-02,1.2422,per_usd
1984-04-03,1.2422,per_usd
1984-04-04,1.2516,per_usd
1984-04-05,1.2461,per_usd
1984-04-06,1.2461,per_usd
1984-04-09,1.25,per_usd
1984-04-10,1.2453,per_usd
1984-04-11,1.2346,per_usd
1984-04-12,1.2415,per_usd
1984-04-13,1.243,per_usd
1984-04-16,1.2461,per_usd
1984-04-17,1.2461,per_usd
1984-04-18,1.25,per_usd
1984-04-19,1.2516,per_usd
1984-04-20,1.2484,per_usd
1984-04-23,1.2469,per_usd
1984-04-24,1.2531,per_usd
1984-04-25,1.2488,per_usd
1984-04-26,1.2492,per_usd
1984-04-27,1.2508,per_usd
1984-04-30,1.256,per_usd
1984-05-01,1.2587,per_usd
1984-05-02,1.2571,per_usd
1984-05-03,1.2571,per_usd
1984-05-04,1.2579,per_usd
1984-05-07,1.2626,per_usd
1984-05-08,1.2715,per_usd
1984-05-09,1.3193,per_usd
1984-05-10,1.2854,per_usd
1984-05-11,1.2945,per_usd
1984-05-14,1.2953,per_usd
1984-05-15,1.2887,per_usd
1984-05-16,1.2837,per_usd
1984-05-17,1.2829,per_usd
1984-05-18,1.2895,per_usd
1984-05-21,1.2804,per_usd
1984-05-22,1.2771,per_usd
1984-05-23,1.2804,per_usd
1984-05-24,1.2837,per_usd
1984-05-25,1.2788,per_usd
1984-05-29,1.2854,per_usd
1984-05-30,1.2829,per_usd
1984-05-31,1.2821,per_usd
1984-06-01,1.2666,per_usd
1984-06-04,1.2666,per_usd
1984-06-05,1.2666,per_usd
1984-06-06,1.2739,per_usd
1984-06-07,1.2763,per_usd
1984-06-08,1.2845,per_usd
1984-06-11,1.2912,per_usd
1984-06-12,1.3038,per_usd
1984-06-13,1.2979,per_usd
1984-06-14,1.3004,per_usd
1984-06-15,1.3021,per_usd
1984-06-18,1.3106,per_usd
1984-06-19,1.3029,per_usd
1984-06-20,1.3115,per_usd
1984-06-21,1.321,per_usd
1984-06-22,1.321,per_usd
1984-06-25,1.3468,per_usd
1984-06-26,1.3486,per_usd
1984-06-27,1.3578,per_usd
1984-06-28,1.3596,per_usd
1984-06-29,1.3587,per_usd
1984-07-02,1.368,per_usd
1984-07-03,1.4071,per_usd
1984-07-05,1.4347,per_usd
1984-07-06,1.4925,per_usd
1984-07-09,1.4826,per_usd
1984-07-10,1.4815,per_usd
1984-07-11,1.4881,per_usd
1984-07-12,1.4859,per_usd
1984-07-13,1.4782,per_usd
1984-07-16,1.4684,per_usd
1984-07-17,1.4859,per_usd
1984-07-18,1.4954,per_usd
1984-07-19,1.4837,per_usd
1984-07-20,1.4925,per_usd
1984-07-23,1.5397,per_usd
1984-07-24,1.5679,per_usd
1984-07-25,1.5625,per_usd
1984-07-26,1.5516,per_usd
1984-07-27,1.5924,per_usd
1984-07-30,1.6287,per_usd
1984-07-31,1.6447,per_usd
1984-08-01,1.6681,per_usd
1984-08-02,1.6412,per_usd
1984-08-03,1.5504,per_usd
1984-08-06,1.565,per_usd
1984-08-07,1.6173,per_usd
1984-08-08,1.6,per_usd
1984-08-09,1.5736,per_usd
1984-08-10,1.5835,per_usd
1984-08-13,1.6031,per_usd
1984-08-14,1.5564,per_usd
1984-08-15,1.5361,per_usd
1984-08-16,1.4968,per_usd
1984-08-17,1.5385,per_usd
1984-08-20,1.5432,per_usd
1984-08-21,1.5528,per_usd
1984-08-22,1.5528,per_usd
1984-08-23,1.5533,per_usd
1984-08-24,1.5564,per_usd
1984-08-27,1.5584,per_usd
1984-08-28,1.5545,per_usd
1984-08-29,1.5528,per_usd
1984-08-30,1.565,per_usd
1984-08-31,1.5723,per_usd
1984-09-04,1.6095,per_usd
1984-09-05,1.6461,per_usd
1984-09-06,1.6434,per_usd
1984-09-07,1.6592,per_usd
1984-09-10,1.657,per_usd
1984-09-11,1.6611,per_usd
1984-09-12,1.6461,per_usd
1984-09-13,1.6765,per_usd
1984-09-14,1.6639,per_usd
1984-09-17,1.6827,per_usd
1984-09-18,1.6984,per_usd
1984-09-19,1.675,per_usd
1984-09-20,1.7036,per_usd
1984-09-21,1.6529,per_usd
1984-09-24,1.6625,per_usd
1984-09-25,1.6779,per_usd
1984-09-26,1.6807,per_usd
1984-09-27,1.6625,per_usd
1984-09-28,1.6708,per_usd
1984-10-01,1.6807,per_usd
1984-10-02,1.6807,per_usd
1984-10-03,1.6611,per_usd
1984-10-04,1.6827,per_usd
1984-10-05,1.6892,per_usd
1984-10-09,1.7286,per_usd
1984-10-10,1.7301,per_usd
1984-10-11,1.7271,per_usd
1984-10-12,1.7437,per_usd
1984-10-15,1.7809,per_usd
1984-10-16,1.7889,per_usd
1984-10-17,1.7889,per_usd
1984-10-18,1.7841,per_usd
1984-10-19,1.7825,per_usd
1984-10-22,1.797,per_usd
1984-10-23,1.7809,per_usd
1984-10-24,1.7699,per_usd
1984-10-25,1.7986,per_usd
1984-10-26,1.8116,per_usd
1984-10-29,1.9418,per_usd
1984-10-30,1.9286,per_usd
1984-10-31,1.9048,per_usd
1984-11-01,1.8886,per_usd
1984-11-02,1.8692,per_usd
1984-11-05,1.8051,per_usd
1984-11-07,1.7544,per_usd
1984-11-08,1.7544,per_usd
1984-11-09,1.7668,per_usd
1984-11-13,1.7301,per_usd
1984-11-14,1.7606,per_usd
1984-11-15,1.7621,per_usd
1984-11-16,1.7621,per_usd
1984-11-19,1.8002,per_usd
1984-11-20,1.7889,per_usd
1984-11-21,1.8018,per_usd
1984-11-23,1.8051,per_usd
1984-11-26,1.8232,per_usd
1984-11-27,1.8298,per_usd
1984-11-28,1.8605,per_usd
1984-11-29,1.8519,per_usd
1984-11-30,1.8587,per_usd
1984-12-03,1.8587,per_usd
1984-12-04,1.8332,per_usd
1984-12-05,1.8416,per_usd
1984-12-06,1.8366,per_usd
1984-12-07,1.8416,per_usd
1984-12-10,1.8258,per_usd
1984-12-11,1.8433,per_usd
1984-12-12,1.8587,per_usd
1984-12-13,1.8553,per_usd
1984-12-14,1.8779,per_usd
1984-12-17,1.9084,per_usd
1984-12-18,1.9286,per_usd
1984-12-19,1.9305,per_usd
1984-12-20,1.9512,per_usd
1984-12-21,1.9493,per_usd
1984-12-24,1.9589,per_usd
1984-12-26,1.9608,per_usd
1984-12-27,1.9802,per_usd
1984-12-28,1.9802,per_usd
1984-12-31,1.9901,per_usd
1985-01-02,2.0161,per_usd
1985-01-03,2.0325,per_usd
1985-01-04,2.0408,per_usd
1985-01-07,2.0986,per_usd
1985-01-08,2.0921,per_usd
1985-01-09,2.1186,per_usd
1985-01-10,2.1097,per_usd
1985-01-11,2.1739,per_usd
1985-01-14,2.2548,per_usd
1985-01-15,2.2989,per_usd
1985-01-16,2.2857,per_usd
1985-01-17,2.331,per_usd
1985-01-18,2.3256,per_usd
1985-01-22,2.2805,per_usd
1985-01-23,2.3202,per_usd
1985-01-24,2.2989,per_usd
1985-01-25,2.2396,per_usd
1985-01-28,2.1345,per_usd
1985-01-29,2.0513,per_usd
1985-01-30,1.9802,per_usd
1985-01-31,1.9802,per_usd
1985-02-01,1.9841,per_usd
1985-02-04,2.0284,per_usd
1985-02-05,2.0243,per_usd
1985-02-06,1.955,per_usd
1985-02-07,1.8709,per_usd
1985-02-08,1.8692,per_usd
1985-02-11,1.8868,per_usd
1985-02-13,1.8519,per_usd
1985-02-14,1.8762,per_usd
1985-02-15,1.9139,per_usd
1985-02-19,1.9531,per_usd
1985-02-20,1.996,per_usd
1985-02-21,2.0243,per_usd
1985-02-22,2.0683,per_usd
1985-02-25,2.1645,per_usd
1985-02-26,2.1575,per_usd
1985-02-27,2,per_usd
1985-02-28,2.045,per_usd
1985-03-01,2.0619,per_usd
1985-03-04,2.0725,per_usd
1985-03-05,2.0597,per_usd
1985-03-06,2.0367,per_usd
1985-03-07,2.0325,per_usd
1985-03-08,2.0597,per_usd
1985-03-11,2.006,per_usd
1985-03-12,1.9901,per_usd
1985-03-13,2.006,per_usd
1985-03-14,2.0408,per_usd
1985-03-15,2.0408,per_usd
1985-03-18,2,per_usd
1985-03-19,1.9231,per_usd
1985-03-20,1.9139,per_usd
1985-03-21,1.9048,per_usd
1985-03-22,1.957,per_usd
1985-03-25,1.9901,per_usd
1985-03-26,1.9763,per_usd
1985-03-27,1.8886,per_usd
1985-03-28,1.9102,per_usd
1985-03-29,1.8904,per_usd
1985-04-01,1.9418,per_usd
1985-04-02,1.9646,per_usd
1985-04-03,1.9646,per_usd
1985-04-04,2.008,per_usd
1985-04-05,2.0202,per_usd
1985-04-08,2.006,per_usd
1985-04-09,1.9802,per_usd
1985-04-10,1.9802,per_usd
1985-04-11,1.9194,per_usd
1985-04-12,1.9066,per_usd
1985-04-15,1.8886,per_usd
1985-04-16,1.8868,per_usd
1985-04-17,1.9194,per_usd
1985-04-18,1.8797,per_usd
1985-04-19,1.8922,per_usd
1985-04-22,1.9084,per_usd
1985-04-23,1.9286,per_usd
1985-04-24,1.9418,per_usd
1985-04-25,1.9531,per_usd
1985-04-26,1.9493,per_usd
1985-04-29,1.9531,per_usd
1985-04-30,1.9455,per_usd
1985-05-01,1.9794,per_usd
1985-05-02,1.992,per_usd
1985-05-03,2.006,per_usd
1985-05-06,2.0408,per_usd
1985-05-07,2.0223,per_usd
1985-05-08,2.002,per_usd
1985-05-09,1.992,per_usd
1985-05-10,1.9822,per_usd
1985-05-13,1.9666,per_usd
1985-05-14,1.9685,per_usd
1985-05-15,1.9685,per_usd
1985-05-16,1.9782,per_usd
1985-05-17,1.9901,per_usd
1985-05-20,1.9822,per_usd
1985-05-21,1.9841,per_usd
1985-05-22,1.998,per_usd
1985-05-23,2.002,per_usd
1985-05-24,1.996,per_usd
1985-05-28,2.0141,per_usd
1985-05-29,1.998,per_usd
1985-05-30,1.9968,per_usd
1985-05-31,1.9881,per_usd
1985-06-03,1.994,per_usd
1985-06-04,1.9881,per_usd
1985-06-05,2,per_usd
1985-06-06,1.996,per_usd
1985-06-07,1.998,per_usd
1985-06-10,2.004,per_usd
1985-06-11,2,per_usd
1985-06-12,1.992,per_usd
1985-06-13,1.9881,per_usd
1985-06-14,1.9861,per_usd
1985-06-17,1.9802,per_usd
1985-06-18,1.9455,per_usd
1985-06-19,1.9455,per_usd
1985-06-20,1.9666,per_usd
1985-06-21,1.9608,per_usd
1985-06-24,1.9743,per_usd
1985-06-25,1.9608,per_usd
1985-06-26,1.9608,per_usd
1985-06-27,1.9724,per_usd
1985-06-28,1.9596,per_usd
1985-07-01,1.9763,per_usd
1985-07-02,1.9822,per_usd
1985-07-03,1.9802,per_usd
1985-07-05,1.9901,per_usd
1985-07-08,1.9589,per_usd
1985-07-09,1.9418,per_usd
1985-07-10,1.9279,per_usd
1985-07-11,1.9249,per_usd
1985-07-12,1.9102,per_usd
1985-07-15,1.9157,per_usd
1985-07-16,1.9048,per_usd
1985-07-17,1.8692,per_usd
1985-07-18,1.885,per_usd
1985-07-19,1.8975,per_usd
1985-07-22,1.9157,per_usd
1985-07-23,1.8904,per_usd
1985-07-24,1.9001,per_usd
1985-07-25,1.996,per_usd
1985-07-26,2.0725,per_usd
1985-07-29,2.0429,per_usd
1985-07-30,2.0555,per_usd
1985-07-31,2.1978,per_usd
1985-08-01,2.2321,per_usd
1985-08-02,2.2148,per_usd
1985-08-05,2.2198,per_usd
1985-08-06,2.2805,per_usd
1985-08-07,2.2272,per_usd
1985-08-08,2.1368,per_usd
1985-08-09,2.1739,per_usd
1985-08-12,2.0877,per_usd
1985-08-13,2.1954,per_usd
1985-08-14,2.2472,per_usd
1985-08-15,2.2422,per_usd
1985-08-16,2.4096,per_usd
1985-08-19,2.4213,per_usd
1985-08-20,2.4272,per_usd
1985-08-21,2.5,per_usd
1985-08-22,2.5,per_usd
1985-08-23,2.4814,per_usd
1985-08-26,2.5413,per_usd
1985-08-27,2.8169,per_usd
1985-09-03,2.439,per_usd
1985-09-04,2.5317,per_usd
1985-09-05,2.5221,per_usd
1985-09-06,2.5974,per_usd
1985-09-09,2.6042,per_usd
1985-09-10,2.5,per_usd
1985-09-11,2.4753,per_usd
1985-09-12,2.4783,per_usd
1985-09-13,2.451,per_usd
1985-09-16,2.4242,per_usd
1985-09-17,2.4272,per_usd
1985-09-18,2.5317,per_usd
1985-09-19,2.6525,per_usd
1985-09-20,2.7778,per_usd
1985-09-23,2.5189,per_usd
1985-09-24,2.5807,per_usd
1985-09-25,2.5873,per_usd
1985-09-26,2.5189,per_usd
1985-09-27,2.5221,per_usd
1985-09-30,2.5608,per_usd
1985-10-01,2.5126,per_usd
1985-10-02,2.5,per_usd
1985-10-03,2.5576,per_usd
1985-10-04,2.5641,per_usd
1985-10-07,2.633,per_usd
1985-10-08,2.6144,per_usd
1985-10-09,2.6247,per_usd
1985-10-10,2.6316,per_usd
1985-10-11,2.642,per_usd
1985-10-15,2.7473,per_usd
1985-10-16,2.7586,per_usd
1985-10-17,2.6247,per_usd
1985-10-18,2.6316,per_usd
1985-10-21,2.6008,per_usd
1985-10-22,2.5907,per_usd
1985-10-23,2.5807,per_usd
1985-10-24,2.584,per_usd
1985-10-25,2.5974,per_usd
1985-10-28,2.6076,per_usd
1985-10-29,2.594,per_usd
1985-10-30,2.5641,per_usd
1985-10-31,2.584,per_usd
1985-11-01,2.5873,per_usd
1985-11-04,2.5773,per_usd
1985-11-05,2.5974,per_usd
1985-11-06,2.5974,per_usd
1985-11-07,2.6247,per_usd
1985-11-08,2.7211,per_usd
1985-11-12,2.7064,per_usd
1985-11-13,2.6954,per_usd
1985-11-14,2.6918,per_usd
1985-11-15,2.7027,per_usd
1985-11-18,2.6954,per_usd
1985-11-19,2.6954,per_usd
1985-11-20,2.6954,per_usd
1985-11-21,2.6846,per_usd
1985-11-22,2.6774,per_usd
1985-11-25,2.6667,per_usd
1985-11-26,2.6351,per_usd
1985-11-27,2.6316,per_usd
1985-11-29,2.7027,per_usd
1985-12-02,2.8169,per_usd
1985-12-03,2.7663,per_usd
1985-12-04,2.7972,per_usd
1985-12-05,2.7778,per_usd
1985-12-06,2.7586,per_usd
1985-12-09,2.6667,per_usd
1985-12-10,2.6882,per_usd
1985-12-11,2.6846,per_usd
1985-12-12,2.6455,per_usd
1985-12-13,2.6667,per_usd
1985-12-16,2.649,per_usd
1985-12-17,2.6918,per_usd
1985-12-18,2.6954,per_usd
1985-12-19,2.6846,per_usd
1985-12-20,2.6667,per_usd
1985-12-23,2.6795,per_usd
1985-12-24,2.907,per_usd
1985-12-26,2.6667,per_usd
1985-12-27,2.649,per_usd
1985-12-30,2.5974,per_usd
1985-12-31,2.5707,per_usd
1986-01-02,2.5317,per_usd
1986-01-03,2.5576,per_usd
1986-01-06,2.5381,per_usd
1986-01-07,2.5031,per_usd
1986-01-08,2.4753,per_usd
1986-01-09,2.4272,per_usd
1986-01-10,2.3866,per_usd
1986-01-13,2.3781,per_usd
1986-01-14,2.3585,per_usd
1986-01-15,2.3474,per_usd
1986-01-16,2.3095,per_usd
1986-01-17,2.2989,per_usd
1986-01-21,2.2883,per_usd
1986-01-22,2.2727,per_usd
1986-01-23,2.2868,per_usd
1986-01-24,2.265,per_usd
1986-01-27,2.2346,per_usd
1986-01-28,2.3015,per_usd
1986-01-29,2.2857,per_usd
1986-01-30,2.2857,per_usd
1986-01-31,2.2857,per_usd
1986-02-03,2.2472,per_usd
1986-02-04,2.2075,per_usd
1986-02-05,2.1978,per_usd
1986-02-06,2.1505,per_usd
1986-02-07,2.139,per_usd
1986-02-10,2.193,per_usd
1986-02-11,2.1552,per_usd
1986-02-12,2.1368,per_usd
1986-02-13,2.1164,per_usd
1986-02-14,2.0986,per_usd
1986-02-18,2.0683,per_usd
1986-02-19,2.0243,per_usd
1986-02-20,2.0305,per_usd
1986-02-21,2.0101,per_usd
1986-02-24,1.998,per_usd
1986-02-25,1.9782,per_usd
1986-02-26,1.983,per_usd
1986-02-27,1.9841,per_usd
1986-02-28,1.9861,per_usd
1986-03-03,1.9849,per_usd
1986-03-04,1.979,per_usd
1986-03-05,1.9881,per_usd
1986-03-06,1.9948,per_usd
1986-03-07,1.9952,per_usd
1986-03-10,1.9901,per_usd
1986-03-11,1.9841,per_usd
1986-03-12,1.9881,per_usd
1986-03-13,1.992,per_usd
1986-03-14,1.998,per_usd
1986-03-17,2.006,per_usd
1986-03-18,2.002,per_usd
1986-03-19,2.0367,per_usd
1986-03-20,2.0877,per_usd
1986-03-21,2.0877,per_usd
1986-03-24,2.0899,per_usd
1986-03-25,2.1622,per_usd
1986-03-26,2.1322,per_usd
1986-03-27,2.1053,per_usd
1986-03-28,2.1053,per_usd
1986-03-31,2.1505,per_usd
1986-04-01,2.139,per_usd
1986-04-02,2.1459,per_usd
1986-04-03,2.1505,per_usd
1986-04-04,2.0833,per_usd
1986-04-07,2.0942,per_usd
1986-04-08,2.0367,per_usd
1986-04-09,2.0429,per_usd
1986-04-10,2.0597,per_usd
1986-04-11,2.0247,per_usd
1986-04-14,2.0346,per_usd
1986-04-15,2.0408,per_usd
1986-04-16,2.004,per_usd
1986-04-17,1.9802,per_usd
1986-04-18,2,per_usd
1986-04-21,2,per_usd
1986-04-22,2.004,per_usd
1986-04-23,2.0202,per_usd
1986-04-24,2.064,per_usd
1986-04-25,2.0492,per_usd
1986-04-28,2.0471,per_usd
1986-04-29,2.0568,per_usd
1986-04-30,2.0576,per_usd
1986-05-01,2.0704,per_usd
1986-05-02,2.0747,per_usd
1986-05-05,2.0661,per_usd
1986-05-06,2.0964,per_usd
1986-05-07,2.1231,per_usd
1986-05-08,2.1164,per_usd
1986-05-09,2.0942,per_usd
1986-05-12,2.1097,per_usd
1986-05-13,2.1368,per_usd
1986-05-14,2.1692,per_usd
1986-05-15,2.1669,per_usd
1986-05-16,2.1739,per_usd
1986-05-19,2.2346,per_usd
1986-05-20,2.2702,per_usd
1986-05-21,2.2727,per_usd
1986-05-22,2.2831,per_usd
1986-05-23,2.2727,per_usd
1986-05-27,2.3283,per_usd
1986-05-28,2.3256,per_usd
1986-05-29,2.3283,per_usd
1986-05-30,2.3613,per_usd
1986-06-02,2.401,per_usd
1986-06-03,2.4331,per_usd
1986-06-04,2.5,per_usd
1986-06-05,2.5,per_usd
1986-06-06,2.5253,per_usd
1986-06-09,2.5907,per_usd
1986-06-10,2.6042,per_usd
1986-06-11,2.6991,per_usd
1986-06-12,2.7458,per_usd
1986-06-13,2.71,per_usd
1986-06-16,2.5974,per_usd
1986-06-17,2.4661,per_usd
1986-06-18,2.3529,per_usd
1986-06-19,2.4691,per_usd
1986-06-20,2.4691,per_usd
1986-06-23,2.5707,per_usd
1986-06-24,2.584,per_usd
1986-06-25,2.5381,per_usd
1986-06-26,2.5285,per_usd
1986-06-27,2.5,per_usd
1986-06-30,2.4753,per_usd
1986-07-01,2.5253,per_usd
1986-07-02,2.5317,per_usd
1986-07-03,2.5189,per_usd
1986-07-07,2.5478,per_usd
1986-07-08,2.551,per_usd
1986-07-09,2.5543,per_usd
1986-07-10,2.5707,per_usd
1986-07-11,2.5974,per_usd
1986-07-14,2.6316,per_usd
1986-07-15,2.6144,per_usd
1986-07-16,2.5974,per_usd
1986-07-17,2.5807,per_usd
1986-07-18,2.5807,per_usd
1986-07-21,2.5189,per_usd
1986-07-22,2.5317,per_usd
1986-07-23,2.5253,per_usd
1986-07-24,2.5285,per_usd
1986-07-25,2.5576,per_usd
1986-07-28,2.5773,per_usd
1986-07-29,2.5543,per_usd
1986-07-30,2.611,per_usd
1986-07-31,2.5608,per_usd
1986-08-01,2.5107,per_usd
1986-08-04,2.5608,per_usd
1986-08-05,2.611,per_usd
1986-08-06,2.6281,per_usd
1986-08-07,2.6212,per_usd
1986-08-08,2.6226,per_usd
1986-08-11,2.584,per_usd
1986-08-12,2.6385,per_usd
1986-08-13,2.6212,per_usd
1986-08-14,2.6144,per_usd
1986-08-15,2.6076,per_usd
1986-08-18,2.6316,per_usd
1986-08-19,2.6247,per_usd
1986-08-20,2.6076,per_usd
1986-08-21,2.5988,per_usd
1986-08-22,2.6076,per_usd
1986-08-25,2.6281,per_usd
1986-08-26,2.6274,per_usd
1986-08-27,2.6144,per_usd
1986-08-28,2.594,per_usd
1986-08-29,2.551,per_usd
1986-09-02,2.4301,per_usd
1986-09-03,2.3585,per_usd
1986-09-04,2.3895,per_usd
1986-09-05,2.381,per_usd
1986-09-08,2.3952,per_usd
1986-09-09,2.3952,per_usd
1986-09-10,2.3838,per_usd
1986-09-11,2.3981,per_usd
1986-09-12,2.3697,per_usd
1986-09-15,2.3256,per_usd
1986-09-16,2.2962,per_usd
1986-09-17,2.2936,per_usd
1986-09-18,2.2051,per_usd
1986-09-19,2.2099,per_usd
1986-09-22,2.2297,per_usd
1986-09-23,2.2472,per_usd
1986-09-24,2.2396,per_usd
1986-09-25,2.2523,per_usd
1986-09-26,2.2371,per_usd
1986-09-29,2.2173,per_usd
1986-09-30,2.2297,per_usd
1986-10-01,2.2422,per_usd
1986-10-02,2.2297,per_usd
1986-10-03,2.2272,per_usd
1986-10-06,2.2173,per_usd
1986-10-07,2.2247,per_usd
1986-10-08,2.2321,per_usd
1986-10-09,2.2346,per_usd
1986-10-10,2.2371,per_usd
1986-10-14,2.2422,per_usd
1986-10-15,2.2523,per_usd
1986-10-16,2.2422,per_usd
1986-10-17,2.2396,per_usd
1986-10-20,2.2523,per_usd
1986-10-21,2.2462,per_usd
1986-10-22,2.2512,per_usd
1986-10-23,2.2472,per_usd
1986-10-24,2.2738,per_usd
1986-10-27,2.291,per_usd
1986-10-28,2.2805,per_usd
1986-10-29,2.2857,per_usd
1986-10-30,2.2936,per_usd
1986-10-31,2.2936,per_usd
1986-11-03,2.2925,per_usd
1986-11-04,2.2727,per_usd
1986-11-05,2.2779,per_usd
1986-11-06,2.2805,per_usd
1986-11-07,2.2702,per_usd
1986-11-10,2.2676,per_usd
1986-11-12,2.2599,per_usd
1986-11-13,2.2497,per_usd
1986-11-14,2.2222,per_usd
1986-11-17,2.2346,per_usd
1986-11-18,2.2386,per_usd
1986-11-19,2.2346,per_usd
1986-11-20,2.2447,per_usd
1986-11-21,2.2422,per_usd
1986-11-24,2.2614,per_usd
1986-11-25,2.2573,per_usd
1986-11-26,2.2422,per_usd
1986-11-28,2.2198,per_usd
1986-12-01,2.2051,per_usd
1986-12-02,2.2124,per_usd
1986-12-03,2.2075,per_usd
1986-12-04,2.2075,per_usd
1986-12-05,2.2247,per_usd
1986-12-08,2.2262,per_usd
1986-12-09,2.2297,per_usd
1986-12-10,2.2376,per_usd
1986-12-11,2.2371,per_usd
1986-12-12,2.2422,per_usd
1986-12-15,2.2396,per_usd
1986-12-16,2.2422,per_usd
1986-12-17,2.2422,per_usd
1986-12-18,2.2447,per_usd
1986-12-19,2.2361,per_usd
1986-12-22,2.2297,per_usd
1986-12-23,2.2222,per_usd
1986-12-24,2.2232,per_usd
1986-12-26,2.2321,per_usd
1986-12-29,2.2173,per_usd
1986-12-30,2.2099,per_usd
1986-12-31,2.1872,per_usd
1987-01-02,2.1645,per_usd
1987-01-05,2.1608,per_usd
1987-01-06,2.1575,per_usd
1987-01-07,2.1561,per_usd
1987-01-08,2.1482,per_usd
1987-01-09,2.1436,per_usd
1987-01-12,2.1075,per_usd
1987-01-13,2.0868,per_usd
1987-01-14,2.0768,per_usd
1987-01-15,2.0704,per_usd
1987-01-16,2.0619,per_usd
1987-01-20,2.0661,per_usd
1987-01-21,2.0833,per_usd
1987-01-22,2.0597,per_usd
1987-01-23,2.0877,per_usd
1987-01-26,2.0704,per_usd
1987-01-27,2.0661,per_usd
1987-01-28,2.0367,per_usd
1987-01-29,2.0492,per_usd
1987-01-30,2.0942,per_usd
1987-02-02,2.064,per_usd
1987-02-03,2.0747,per_usd
1987-02-04,2.0725,per_usd
1987-02-05,2.0855,per_usd
1987-02-06,2.0964,per_usd
1987-02-09,2.0833,per_usd
1987-02-10,2.0725,per_usd
1987-02-11,2.0921,per_usd
1987-02-12,2.0877,per_usd
1987-02-13,2.1008,per_usd
1987-02-17,2.0855,per_usd
1987-02-18,2.1008,per_usd
1987-02-19,2.1053,per_usd
1987-02-20,2.0833,per_usd
1987-02-23,2.0833,per_usd
1987-02-24,2.0921,per_usd
1987-02-25,2.079,per_usd
1987-02-26,2.0704,per_usd
1987-02-27,2.079,per_usd
1987-03-02,2.079,per_usd
1987-03-03,2.0833,per_usd
1987-03-04,2.0747,per_usd
1987-03-05,2.0833,per_usd
1987-03-06,2.0833,per_usd
1987-03-09,2.0833,per_usd
1987-03-10,2.0964,per_usd
1987-03-11,2.1053,per_usd
1987-03-12,2.0986,per_usd
1987-03-13,2.0942,per_usd
1987-03-16,2.0934,per_usd
1987-03-17,2.0864,per_usd
1987-03-18,2.0855,per_usd
1987-03-19,2.0833,per_usd
1987-03-20,2.0855,per_usd
1987-03-23,2.0768,per_usd
1987-03-24,2.0661,per_usd
1987-03-25,2.0513,per_usd
1987-03-26,2.0555,per_usd
1987-03-27,2.0408,per_usd
1987-03-30,2.0101,per_usd
1987-03-31,2.0202,per_usd
1987-04-01,2.0408,per_usd
1987-04-02,2.0492,per_usd
1987-04-03,2.0367,per_usd
1987-04-06,2.0305,per_usd
1987-04-07,2.0387,per_usd
1987-04-08,2.0408,per_usd
1987-04-09,2.0408,per_usd
1987-04-10,2.0243,per_usd
1987-04-13,2.008,per_usd
1987-04-14,1.9988,per_usd
1987-04-15,2,per_usd
1987-04-16,2.0121,per_usd
1987-04-17,2.0101,per_usd
1987-04-20,2.008,per_usd
1987-04-21,2.0101,per_usd
1987-04-22,2.0182,per_usd
1987-04-23,2.0161,per_usd
1987-04-24,2.0048,per_usd
1987-04-27,1.994,per_usd
1987-04-28,2,per_usd
1987-04-29,2.002,per_usd
1987-04-30,2.004,per_usd
1987-05-01,2.008,per_usd
1987-05-04,1.996,per_usd
1987-05-05,1.992,per_usd
1987-05-06,2,per_usd
1987-05-07,2.004,per_usd
1987-05-08,2.0101,per_usd
1987-05-11,2.0182,per_usd
1987-05-12,2.0121,per_usd
1987-05-13,2.0141,per_usd
1987-05-14,2.0121,per_usd
1987-05-15,1.996,per_usd
1987-05-18,1.994,per_usd
1987-05-19,2,per_usd
1987-05-20,1.9901,per_usd
1987-05-21,1.994,per_usd
1987-05-22,1.9794,per_usd
1987-05-26,2.0101,per_usd
1987-05-27,2.0284,per_usd
1987-05-28,2.0284,per_usd
1987-05-29,2.0223,per_usd
1987-06-01,2.0325,per_usd
1987-06-02,2.0182,per_usd
1987-06-03,2.0161,per_usd
1987-06-04,2.0223,per_usd
1987-06-05,2.0101,per_usd
1987-06-08,2.0101,per_usd
1987-06-09,2.004,per_usd
1987-06-10,2,per_usd
1987-06-11,2,per_usd
1987-06-12,2.0101,per_usd
1987-06-15,2.0182,per_usd
1987-06-16,2.0223,per_usd
1987-06-17,2.0182,per_usd
1987-06-18,2.0202,per_usd
1987-06-19,2.0243,per_usd
1987-06-22,2.0317,per_usd
1987-06-23,2.0408,per_usd
1987-06-24,2.0354,per_usd
1987-06-25,2.0492,per_usd
1987-06-26,2.0492,per_usd
1987-06-29,2.0471,per_usd
1987-06-30,2.0471,per_usd
1987-07-01,2.0429,per_usd
1987-07-02,2.0471,per_usd
1987-07-03,2.0555,per_usd
1987-07-06,2.0576,per_usd
1987-07-07,2.0492,per_usd
1987-07-08,2.0479,per_usd
1987-07-09,2.0513,per_usd
1987-07-10,2.0619,per_usd
1987-07-13,2.0661,per_usd
1987-07-14,2.0534,per_usd
1987-07-15,2.0429,per_usd
1987-07-16,2.0513,per_usd
1987-07-17,2.0619,per_usd
1987-07-20,2.0683,per_usd
1987-07-21,2.0777,per_usd
1987-07-22,2.0704,per_usd
1987-07-23,2.0661,per_usd
1987-07-24,2.0683,per_usd
1987-07-27,2.0725,per_usd
1987-07-28,2.0683,per_usd
1987-07-29,2.0704,per_usd
1987-07-30,2.079,per_usd
1987-07-31,2.0725,per_usd
1987-08-03,2.0661,per_usd
1987-08-04,2.0725,per_usd
1987-08-05,2.079,per_usd
1987-08-06,2.0747,per_usd
1987-08-07,2.0877,per_usd
1987-08-10,2.1053,per_usd
1987-08-11,2.1097,per_usd
1987-08-12,2.1053,per_usd
1987-08-13,2.1097,per_usd
1987-08-14,2.0986,per_usd
1987-08-17,2.1097,per_usd
1987-08-18,2.0747,per_usd
1987-08-19,2.0661,per_usd
1987-08-20,2.0725,per_usd
1987-08-21,2.0513,per_usd
1987-08-24,2.0513,per_usd
1987-08-25,2.0576,per_usd
1987-08-26,2.0683,per_usd
1987-08-27,2.0597,per_usd
1987-08-28,2.0513,per_usd
1987-08-31,2.0408,per_usd
1987-09-01,2.0408,per_usd
1987-09-02,2.0346,per_usd
1987-09-03,2.0292,per_usd
1987-09-04,2.0325,per_usd
1987-09-08,2.0231,per_usd
1987-09-09,2.0292,per_usd
1987-09-10,2.0387,per_usd
1987-09-11,2.0325,per_usd
1987-09-14,2.0521,per_usd
1987-09-15,2.0471,per_usd
1987-09-16,2.0492,per_usd
1987-09-17,2.0492,per_usd
1987-09-18,2.0429,per_usd
1987-09-21,2.0471,per_usd
1987-09-22,2.0513,per_usd
1987-09-23,2.0492,per_usd
1987-09-24,2.0576,per_usd
1987-09-25,2.0576,per_usd
1987-09-28,2.0619,per_usd
1987-09-29,2.079,per_usd
1987-09-30,2.0768,per_usd
1987-10-01,2.0855,per_usd
1987-10-02,2.0799,per_usd
1987-10-05,2.0833,per_usd
1987-10-06,2.064,per_usd
1987-10-07,2.0631,per_usd
1987-10-08,2.0657,per_usd
1987-10-09,2.0597,per_usd
1987-10-13,2.0683,per_usd
1987-10-14,2.0555,per_usd
1987-10-15,2.0492,per_usd
1987-10-16,2.0555,per_usd
1987-10-19,2.0121,per_usd
1987-10-20,2.0471,per_usd
1987-10-21,2.0492,per_usd
1987-10-22,2.0471,per_usd
1987-10-23,2.0492,per_usd
1987-10-26,2.0243,per_usd
1987-10-27,2.0367,per_usd
1987-10-28,2.021,per_usd
1987-10-29,2.0101,per_usd
1987-10-30,2.0161,per_usd
1987-11-02,1.9901,per_usd
1987-11-03,1.9841,per_usd
1987-11-04,1.9901,per_usd
1987-11-05,1.8744,per_usd
1987-11-06,1.9704,per_usd
1987-11-09,1.957,per_usd
1987-11-10,1.9512,per_usd
1987-11-12,1.9901,per_usd
1987-11-13,1.996,per_usd
1987-11-16,2.0182,per_usd
1987-11-17,1.996,per_usd
1987-11-18,1.994,per_usd
1987-11-19,1.9763,per_usd
1987-11-20,1.9724,per_usd
1987-11-23,1.9763,per_usd
1987-11-24,1.9802,per_usd
1987-11-25,1.9743,per_usd
1987-11-27,1.9646,per_usd
1987-11-30,1.9474,per_usd
1987-12-01,1.9704,per_usd
1987-12-02,1.9763,per_usd
1987-12-03,1.9802,per_usd
1987-12-04,1.9751,per_usd
1987-12-07,1.9763,per_usd
1987-12-08,1.9673,per_usd
1987-12-09,1.9627,per_usd
1987-12-10,1.957,per_usd
1987-12-11,1.9512,per_usd
1987-12-14,1.9399,per_usd
1987-12-15,1.9387,per_usd
1987-12-16,1.9418,per_usd
1987-12-17,1.9455,per_usd
1987-12-18,1.9399,per_usd
1987-12-21,1.9493,per_usd
1987-12-22,1.9512,per_usd
1987-12-23,1.9558,per_usd
1987-12-24,1.9608,per_usd
1987-12-28,1.9268,per_usd
1987-12-29,1.9257,per_usd
1987-12-30,1.9324,per_usd
1987-12-31,1.9305,per_usd
1988-01-04,1.9249,per_usd
1988-01-05,1.9704,per_usd
1988-01-06,1.9724,per_usd
1988-01-07,1.9666,per_usd
1988-01-08,1.9724,per_usd
1988-01-11,1.957,per_usd
1988-01-12,1.9666,per_usd
1988-01-13,1.9608,per_usd
1988-01-14,1.9685,per_usd
1988-01-15,1.994,per_usd
1988-01-19,1.998,per_usd
1988-01-20,1.9802,per_usd
1988-01-21,1.9763,per_usd
1988-01-22,1.9881,per_usd
1988-01-25,1.9861,per_usd
1988-01-26,1.9901,per_usd
1988-01-27,1.9881,per_usd
1988-01-28,1.9822,per_usd
1988-01-29,1.992,per_usd
1988-02-01,1.996,per_usd
1988-02-02,1.998,per_usd
1988-02-03,2,per_usd
1988-02-04,2.004,per_usd
1988-02-05,2.0121,per_usd
1988-02-08,2.0202,per_usd
1988-02-09,2.0243,per_usd
1988-02-10,2.0387,per_usd
1988-02-11,2.0408,per_usd
1988-02-12,2.0833,per_usd
1988-02-16,2.0921,per_usd
1988-02-17,2.0812,per_usd
1988-02-18,2.0725,per_usd
1988-02-19,2.0833,per_usd
1988-02-22,2.0704,per_usd
1988-02-23,2.0833,per_usd
1988-02-24,2.0877,per_usd
1988-02-25,2.0951,per_usd
1988-02-26,2.0877,per_usd
1988-02-29,2.0877,per_usd
1988-03-01,2.11,per_usd
1988-03-02,2.12,per_usd
1988-03-03,2.14,per_usd
1988-03-04,2.15,per_usd
1988-03-07,2.15,per_usd
1988-03-08,2.14,per_usd
1988-03-09,2.14,per_usd
1988-03-10,2.12,per_usd
1988-03-11,2.11,per_usd
1988-03-14,2.12,per_usd
1988-03-15,2.13,per_usd
1988-03-16,2.13,per_usd
1988-03-17,2.15,per_usd
1988-03-18,2.14,per_usd
1988-03-21,2.14,per_usd
1988-03-22,2.14,per_usd
1988-03-23,2.15,per_usd
1988-03-24,2.14,per_usd
1988-03-25,2.14,per_usd
1988-03-28,2.13,per_usd
1988-03-29,2.12,per_usd
1988-03-30,2.13,per_usd
1988-03-31,2.13,per_usd
1988-04-01,2.12,per_usd
1988-04-04,2.13,per_usd
1988-04-05,2.13,per_usd
1988-04-06,2.13,per_usd
1988-04-07,2.15,per_usd
1988-04-08,2.15,per_usd
1988-04-11,2.15,per_usd
1988-04-12,2.15,per_usd
1988-04-13,2.15,per_usd
1988-04-14,2.13,per_usd
1988-04-15,2.14,per_usd
1988-04-18,2.13,per_usd
1988-04-19,2.14,per_usd
1988-04-20,2.14,per_usd
1988-04-21,2.14,per_usd
1988-04-22,2.15,per_usd
1988-04-25,2.15,per_usd
1988-04-26,2.15,per_usd
1988-04-27,2.15,per_usd
1988-04-28,2.15,per_usd
1988-04-29,2.15,per_usd
1988-05-02,2.16,per_usd
1988-05-03,2.17,per_usd
1988-05-04,2.2,per_usd
1988-05-05,2.22,per_usd
1988-05-06,2.22,per_usd
1988-05-09,2.2,per_usd
1988-05-10,2.2,per_usd
1988-05-11,2.2,per_usd
1988-05-12,2.2,per_usd
1988-05-13,2.21,per_usd
1988-05-16,2.2,per_usd
1988-05-17,2.21,per_usd
1988-05-18,2.22,per_usd
1988-05-19,2.22,per_usd
1988-05-20,2.22,per_usd
1988-05-23,2.22,per_usd
1988-05-24,2.22,per_usd
1988-05-25,2.22,per_usd
1988-05-26,2.23,per_usd
1988-05-27,2.23,per_usd
1988-05-31,2.24,per_usd
1988-06-01,2.23,per_usd
1988-06-02,2.26,per_usd
1988-06-03,2.23,per_usd
1988-06-06,2.24,per_usd
1988-06-07,2.24,per_usd
1988-06-08,2.24,per_usd
1988-06-09,2.24,per_usd
1988-06-10,2.23,per_usd
1988-06-13,2.24,per_usd
1988-06-14,2.26,per_usd
1988-06-15,2.28,per_usd
1988-06-16,2.28,per_usd
1988-06-17,2.29,per_usd
1988-06-20,2.28,per_usd
1988-06-21,2.28,per_usd
1988-06-22,2.29,per_usd
1988-06-23,2.3,per_usd
1988-06-24,2.3,per_usd
1988-06-27,2.31,per_usd
1988-06-28,2.3,per_usd
1988-06-29,2.32,per_usd
1988-06-30,2.33,per_usd
1988-07-01,2.34,per_usd
1988-07-05,2.34,per_usd
1988-07-06,2.33,per_usd
1988-07-07,2.34,per_usd
1988-07-08,2.35,per_usd
1988-07-11,2.36,per_usd
1988-07-12,2.38,per_usd
1988-07-13,2.39,per_usd
1988-07-14,2.41,per_usd
1988-07-15,2.44,per_usd
1988-07-18,2.46,per_usd
1988-07-19,2.43,per_usd
1988-07-20,2.42,per_usd
1988-07-21,2.4,per_usd
1988-07-22,2.4,per_usd
1988-07-25,2.42,per_usd
1988-07-26,2.44,per_usd
1988-07-27,2.43,per_usd
1988-07-28,2.44,per_usd
1988-07-29,2.44,per_usd
1988-08-01,2.45,per_usd
1988-08-02,2.45,per_usd
1988-08-03,2.46,per_usd
1988-08-04,2.46,per_usd
1988-08-05,2.47,per_usd
1988-08-08,2.49,per_usd
1988-08-09,2.49,per_usd
1988-08-10,2.49,per_usd
1988-08-11,2.46,per_usd
1988-08-12,2.44,per_usd
1988-08-15,2.43,per_usd
1988-08-16,2.4,per_usd
1988-08-17,2.46,per_usd
1988-08-18,2.46,per_usd
1988-08-19,2.46,per_usd
1988-08-22,2.48,per_usd
1988-08-23,2.46,per_usd
1988-08-24,2.45,per_usd
1988-08-25,2.42,per_usd
1988-08-26,2.42,per_usd
1988-08-29,2.43,per_usd
1988-08-30,2.43,per_usd
1988-08-31,2.45,per_usd
1988-09-01,2.45,per_usd
1988-09-02,2.44,per_usd
1988-09-06,2.42,per_usd
1988-09-07,2.4,per_usd
1988-09-08,2.41,per_usd
1988-09-09,2.41,per_usd
1988-09-12,2.43,per_usd
1988-09-13,2.43,per_usd
1988-09-14,2.46,per_usd
1988-09-15,2.46,per_usd
1988-09-16,2.47,per_usd
1988-09-19,2.47,per_usd
1988-09-20,2.48,per_usd
1988-09-21,2.48,per_usd
1988-09-22,2.48,per_usd
1988-09-23,2.48,per_usd
1988-09-26,2.49,per_usd
1988-09-27,2.49,per_usd
1988-09-28,2.48,per_usd
1988-09-29,2.49,per_usd
1988-09-30,2.49,per_usd
1988-10-03,2.49,per_usd
1988-10-04,2.49,per_usd
1988-10-05,2.5,per_usd
1988-10-06,2.49,per_usd
1988-10-07,2.49,per_usd
1988-10-11,2.48,per_usd
1988-10-12,2.47,per_usd
1988-10-13,2.44,per_usd
1988-10-14,2.45,per_usd
1988-10-17,2.44,per_usd
1988-10-18,2.44,per_usd
1988-10-19,2.45,per_usd
1988-10-20,2.45,per_usd
1988-10-21,2.43,per_usd
1988-10-24,2.45,per_usd
1988-10-25,2.46,per_usd
1988-10-26,2.46,per_usd
1988-10-27,2.46,per_usd
1988-10-28,2.48,per_usd
1988-10-31,2.51,per_usd
1988-11-01,2.51,per_usd
1988-11-02,2.51,per_usd
1988-11-03,2.46,per_usd
1988-11-04,2.48,per_usd
1988-11-07,2.45,per_usd
1988-11-08,2.45,per_usd
1988-11-09,2.44,per_usd
1988-11-10,2.4,per_usd
1988-11-14,2.41,per_usd
1988-11-15,2.29,per_usd
1988-11-16,2.39,per_usd
1988-11-17,2.38,per_usd
1988-11-18,2.38,per_usd
1988-11-21,2.37,per_usd
1988-11-22,2.36,per_usd
1988-11-23,2.35,per_usd
1988-11-25,2.32,per_usd
1988-11-28,2.33,per_usd
1988-11-29,2.31,per_usd
1988-11-30,2.3,per_usd
1988-12-01,2.28,per_usd
1988-12-02,2.27,per_usd
1988-12-05,2.26,per_usd
1988-12-06,2.28,per_usd
1988-12-07,2.36,per_usd
1988-12-08,2.34,per_usd
1988-12-09,2.34,per_usd
1988-12-12,2.35,per_usd
1988-12-13,2.37,per_usd
1988-12-14,2.35,per_usd
1988-12-15,2.36,per_usd
1988-12-16,2.37,per_usd
1988-12-19,2.37,per_usd
1988-12-20,2.38,per_usd
1988-12-21,2.38,per_usd
1988-12-22,2.37,per_usd
1988-12-23,2.37,per_usd
1988-12-27,2.37,per_usd
1988-12-28,2.38,per_usd
1988-12-29,2.38,per_usd
1988-12-30,2.38,per_usd
1989-01-03,2.36,per_usd
1989-01-04,2.38,per_usd
1989-01-05,2.38,per_usd
1989-01-06,2.38,per_usd
1989-01-09,2.38,per_usd
1989-01-10,2.38,per_usd
1989-01-11,2.37,per_usd
1989-01-12,2.37,per_usd
1989-01-13,2.37,per_usd
1989-01-17,2.39,per_usd
1989-01-18,2.39,per_usd
1989-01-19,2.4,per_usd
1989-01-20,2.38,per_usd
1989-01-23,2.38,per_usd
1989-01-24,2.38,per_usd
1989-01-25,2.39,per_usd
1989-01-26,2.4,per_usd
1989-01-27,2.4,per_usd
1989-01-30,2.41,per_usd
1989-01-31,2.4,per_usd
1989-02-01,2.41,per_usd
1989-02-02,2.42,per_usd
1989-02-03,2.44,per_usd
1989-02-06,2.43,per_usd
1989-02-07,2.43,per_usd
1989-02-08,2.44,per_usd
1989-02-09,2.44,per_usd
1989-02-10,2.45,per_usd
1989-02-13,2.45,per_usd
1989-02-14,2.45,per_usd
1989-02-15,2.45,per_usd
1989-02-16,2.48,per_usd
1989-02-17,2.48,per_usd
1989-02-21,2.48,per_usd
1989-02-22,2.49,per_usd
1989-02-23,2.48,per_usd
1989-02-24,2.49,per_usd
1989-02-27,2.48,per_usd
1989-02-28,2.48,per_usd
1989-03-01,2.49,per_usd
1989-03-02,2.5,per_usd
1989-03-03,2.5,per_usd
1989-03-06,2.51,per_usd
1989-03-07,2.53,per_usd
1989-03-08,2.52,per_usd
1989-03-09,2.53,per_usd
1989-03-10,2.53,per_usd
1989-03-13,2.54,per_usd
1989-03-14,2.54,per_usd
1989-03-15,2.55,per_usd
1989-03-16,2.55,per_usd
1989-03-17,2.55,per_usd
1989-03-20,2.55,per_usd
1989-03-21,2.55,per_usd
1989-03-22,2.55,per_usd
1989-03-23,2.55,per_usd
1989-03-24,2.55,per_usd
1989-03-27,2.58,per_usd
1989-03-28,2.55,per_usd
1989-03-29,2.56,per_usd
1989-03-30,2.56,per_usd
1989-03-31,2.56,per_usd
1989-04-03,2.56,per_usd
1989-04-04,2.55,per_usd
1989-04-05,2.55,per_usd
1989-04-06,2.55,per_usd
1989-04-07,2.55,per_usd
1989-04-10,2.56,per_usd
1989-04-11,2.56,per_usd
1989-04-12,2.56,per_usd
1989-04-13,2.55,per_usd
1989-04-14,2.55,per_usd
1989-04-17,2.56,per_usd
1989-04-18,2.53,per_usd
1989-04-19,2.54,per_usd
1989-04-20,2.52,per_usd
1989-04-21,2.54,per_usd
1989-04-24,2.54,per_usd
1989-04-25,2.54,per_usd
1989-04-26,2.55,per_usd
1989-04-27,2.56,per_usd
1989-04-28,2.56,per_usd
1989-05-01,2.57,per_usd
1989-05-02,2.57,per_usd
1989-05-03,2.58,per_usd
1989-05-04,2.58,per_usd
1989-05-05,2.57,per_usd
1989-05-08,2.59,per_usd
1989-05-09,2.62,per_usd
1989-05-10,2.61,per_usd
1989-05-11,2.61,per_usd
1989-05-12,2.62,per_usd
1989-05-15,2.67,per_usd
1989-05-16,2.66,per_usd
1989-05-17,2.7,per_usd
1989-05-18,2.7,per_usd
1989-05-19,2.71,per_usd
1989-05-22,2.78,per_usd
1989-05-23,2.77,per_usd
1989-05-24,2.79,per_usd
1989-05-25,2.78,per_usd
1989-05-26,2.74,per_usd
1989-05-30,2.79,per_usd
1989-05-31,2.74,per_usd
1989-06-01,2.77,per_usd
1989-06-02,2.73,per_usd
1989-06-05,2.74,per_usd
1989-06-06,2.77,per_usd
1989-06-07,2.75,per_usd
1989-06-08,2.77,per_usd
1989-06-09,2.79,per_usd
1989-06-12,2.83,per_usd
1989-06-13,2.84,per_usd
1989-06-14,2.84,per_usd
1989-06-15,2.85,per_usd
1989-06-16,2.8,per_usd
1989-06-19,2.79,per_usd
1989-06-20,2.78,per_usd
1989-06-21,2.78,per_usd
1989-06-22,2.75,per_usd
1989-06-23,2.75,per_usd
1989-06-26,2.77,per_usd
1989-06-27,2.77,per_usd
1989-06-28,2.79,per_usd
1989-06-29,2.77,per_usd
1989-06-30,2.78,per_usd
1989-07-03,2.75,per_usd
1989-07-05,2.7,per_usd
1989-07-06,2.69,per_usd
1989-07-07,2.69,per_usd
1989-07-10,2.66,per_usd
1989-07-11,2.69,per_usd
1989-07-12,2.68,per_usd
1989-07-13,2.68,per_usd
1989-07-14,2.7,per_usd
1989-07-17,2.72,per_usd
1989-07-18,2.69,per_usd
1989-07-19,2.7,per_usd
1989-07-20,2.72,per_usd
1989-07-21,2.71,per_usd
1989-07-24,2.71,per_usd
1989-07-25,2.69,per_usd
1989-07-26,2.67,per_usd
1989-07-27,2.66,per_usd
1989-07-28,2.67,per_usd
1989-07-31,2.65,per_usd
1989-08-01,2.65,per_usd
1989-08-02,2.63,per_usd
1989-08-03,2.65,per_usd
1989-08-04,2.68,per_usd
1989-08-07,2.7,per_usd
1989-08-08,2.68,per_usd
1989-08-09,2.69,per_usd
1989-08-10,2.67,per_usd
1989-08-11,2.74,per_usd
1989-08-14,2.73,per_usd
1989-08-15,2.73,per_usd
1989-08-16,2.74,per_usd
1989-08-17,2.77,per_usd
1989-08-18,2.82,per_usd
1989-08-21,2.76,per_usd
1989-08-22,2.74,per_usd
1989-08-23,2.75,per_usd
1989-08-24,2.76,per_usd
1989-08-25,2.77,per_usd
1989-08-28,2.78,per_usd
1989-08-29,2.75,per_usd
1989-08-30,2.75,per_usd
1989-08-31,2.71,per_usd
1989-09-01,2.78,per_usd
1989-09-05,2.81,per_usd
1989-09-06,2.8,per_usd
1989-09-07,2.81,per_usd
1989-09-08,2.81,per_usd
1989-09-11,2.82,per_usd
1989-09-12,2.81,per_usd
1989-09-13,2.81,per_usd
1989-09-14,2.81,per_usd
1989-09-15,2.85,per_usd
1989-09-18,2.82,per_usd
1989-09-19,2.82,per_usd
1989-09-20,2.8,per_usd
1989-09-21,2.8,per_usd
1989-09-22,2.8,per_usd
1989-09-25,2.745,per_usd
1989-09-26,2.74,per_usd
1989-09-27,2.716,per_usd
1989-09-28,2.73,per_usd
1989-09-29,2.693,per_usd
1989-10-02,2.695,per_usd
1989-10-03,2.69,per_usd
1989-10-04,2.687,per_usd
1989-10-05,2.7025,per_usd
1989-10-06,2.71,per_usd
1989-10-10,2.715,per_usd
1989-10-11,2.745,per_usd
1989-10-12,2.7275,per_usd
1989-10-13,2.707,per_usd
1989-10-16,2.6575,per_usd
1989-10-17,2.6575,per_usd
1989-10-18,2.656,per_usd
1989-10-19,2.653,per_usd
1989-10-20,2.66,per_usd
1989-10-23,2.66,per_usd
1989-10-24,2.639,per_usd
1989-10-25,2.635,per_usd
1989-10-26,2.65,per_usd
1989-10-27,2.645,per_usd
1989-10-30,2.635,per_usd
1989-10-31,2.639,per_usd
1989-11-01,2.635,per_usd
1989-11-02,2.6425,per_usd
1989-11-03,2.6375,per_usd
1989-11-06,2.64,per_usd
1989-11-07,2.635,per_usd
1989-11-08,2.625,per_usd
1989-11-09,2.635,per_usd
1989-11-10,2.656,per_usd
1989-11-13,2.655,per_usd
1989-11-14,2.64,per_usd
1989-11-15,2.626,per_usd
1989-11-16,2.63,per_usd
1989-11-17,2.64,per_usd
1989-11-20,2.628,per_usd
1989-11-21,2.63,per_usd
1989-11-22,2.6175,per_usd
1989-11-24,2.62,per_usd
1989-11-27,2.6065,per_usd
1989-11-28,2.61,per_usd
1989-11-29,2.603,per_usd
1989-11-30,2.608,per_usd
1989-12-01,2.608,per_usd
1989-12-04,2.602,per_usd
1989-12-05,2.592,per_usd
1989-12-06,2.578,per_usd
1989-12-07,2.589,per_usd
1989-12-08,2.594,per_usd
1989-12-11,2.59,per_usd
1989-12-12,2.5575,per_usd
1989-12-13,2.569,per_usd
1989-12-14,2.5703,per_usd
1989-12-15,2.555,per_usd
1989-12-18,2.555,per_usd
1989-12-19,2.563,per_usd
1989-12-20,2.575,per_usd
1989-12-21,2.565,per_usd
1989-12-22,2.56,per_usd
1989-12-26,2.527,per_usd
1989-12-27,2.535,per_usd
1989-12-28,2.54,per_usd
1989-12-29,2.533,per_usd
1990-01-02,2.565,per_usd
1990-01-03,2.577,per_usd
1990-01-04,2.535,per_usd
1990-01-05,2.5225,per_usd
1990-01-08,2.53,per_usd
1990-01-09,2.5425,per_usd
1990-01-10,2.55,per_usd
1990-01-11,2.553,per_usd
1990-01-12,2.545,per_usd
1990-01-16,2.5525,per_usd
1990-01-17,2.5525,per_usd
1990-01-18,2.57,per_usd
1990-01-19,2.5575,per_usd
1990-01-22,2.569,per_usd
1990-01-23,2.55,per_usd
1990-01-24,2.557,per_usd
1990-01-25,2.5625,per_usd
1990-01-26,2.5625,per_usd
1990-01-29,2.555,per_usd
1990-01-30,2.545,per_usd
1990-01-31,2.5635,per_usd
1990-02-01,2.56,per_usd
1990-02-02,2.5575,per_usd
1990-02-05,2.54,per_usd
1990-02-06,2.537,per_usd
1990-02-07,2.532,per_usd
1990-02-08,2.546,per_usd
1990-02-09,2.5475,per_usd
1990-02-12,2.539,per_usd
1990-02-13,2.539,per_usd
1990-02-14,2.5405,per_usd
1990-02-15,2.5475,per_usd
1990-02-16,2.545,per_usd
1990-02-20,2.54,per_usd
1990-02-21,2.534,per_usd
1990-02-22,2.54,per_usd
1990-02-23,2.545,per_usd
1990-02-26,2.553,per_usd
1990-02-27,2.5525,per_usd
1990-02-28,2.557,per_usd
1990-03-01,2.582,per_usd
1990-03-02,2.585,per_usd
1990-03-05,2.58,per_usd
1990-03-06,2.578,per_usd
1990-03-07,2.5865,per_usd
1990-03-08,2.59,per_usd
1990-03-09,2.6,per_usd
1990-03-12,2.605,per_usd
1990-03-13,2.627,per_usd
1990-03-14,2.617,per_usd
1990-03-15,2.615,per_usd
1990-03-16,2.605,per_usd
1990-03-19,2.603,per_usd
1990-03-20,2.6125,per_usd
1990-03-21,2.629,per_usd
1990-03-22,2.6275,per_usd
1990-03-23,2.6325,per_usd
1990-03-26,2.66,per_usd
1990-03-27,2.6625,per_usd
1990-03-28,2.655,per_usd
1990-03-29,2.653,per_usd
1990-03-30,2.6425,per_usd
1990-04-02,2.6705,per_usd
1990-04-03,2.657,per_usd
1990-04-04,2.655,per_usd
1990-04-05,2.658,per_usd
1990-04-09,2.648,per_usd
1990-04-10,2.655,per_usd
1990-04-11,2.6455,per_usd
1990-04-12,2.6465,per_usd
1990-04-13,2.6445,per_usd
1990-04-16,2.661,per_usd
1990-04-17,2.6555,per_usd
1990-04-18,2.647,per_usd
1990-04-19,2.6525,per_usd
1990-04-20,2.6667,per_usd
1990-04-23,2.657,per_usd
1990-04-24,2.652,per_usd
1990-04-25,2.658,per_usd
1990-04-26,2.654,per_usd
1990-04-27,2.66,per_usd
1990-04-30,2.6595,per_usd
1990-05-01,2.655,per_usd
1990-05-02,2.659,per_usd
1990-05-03,2.658,per_usd
1990-05-04,2.655,per_usd
1990-05-07,2.642,per_usd
1990-05-08,2.642,per_usd
1990-05-09,2.635,per_usd
1990-05-10,2.634,per_usd
1990-05-11,2.6216,per_usd
1990-05-14,2.6425,per_usd
1990-05-15,2.6385,per_usd
1990-05-16,2.639,per_usd
1990-05-17,2.635,per_usd
1990-05-18,2.64,per_usd
1990-05-21,2.6525,per_usd
1990-05-22,2.64,per_usd
1990-05-23,2.6481,per_usd
1990-05-24,2.642,per_usd
1990-05-25,2.655,per_usd
1990-05-29,2.6525,per_usd
1990-05-30,2.6675,per_usd
1990-05-31,2.675,per_usd
1990-06-01,2.663,per_usd
1990-06-04,2.672,per_usd
1990-06-05,2.66,per_usd
1990-06-06,2.623,per_usd
1990-06-07,2.663,per_usd
1990-06-08,2.671,per_usd
1990-06-11,2.6675,per_usd
1990-06-12,2.667,per_usd
1990-06-13,2.6645,per_usd
1990-06-14,2.659,per_usd
1990-06-15,2.667,per_usd
1990-06-18,2.6265,per_usd
1990-06-19,2.657,per_usd
1990-06-20,2.666,per_usd
1990-06-21,2.6655,per_usd
1990-06-22,2.6655,per_usd
1990-06-25,2.667,per_usd
1990-06-26,2.652,per_usd
1990-06-27,2.6625,per_usd
1990-06-28,2.657,per_usd
1990-06-29,2.648,per_usd
1990-07-02,2.6525,per_usd
1990-07-03,2.65,per_usd
1990-07-05,2.645,per_usd
1990-07-06,2.6452,per_usd
1990-07-09,2.639,per_usd
1990-07-10,2.641,per_usd
1990-07-11,2.6375,per_usd
1990-07-12,2.6445,per_usd
1990-07-13,2.632,per_usd
1990-07-16,2.6355,per_usd
1990-07-17,2.635,per_usd
1990-07-18,2.625,per_usd
1990-07-19,2.625,per_usd
1990-07-20,2.623,per_usd
1990-07-23,2.602,per_usd
1990-07-24,2.5995,per_usd
1990-07-25,2.603,per_usd
1990-07-26,2.6145,per_usd
1990-07-27,2.601,per_usd
1990-07-30,2.5967,per_usd
1990-07-31,2.5845,per_usd
1990-08-01,2.595,per_usd
1990-08-02,2.585,per_usd
1990-08-03,2.571,per_usd
1990-08-06,2.5825,per_usd
1990-08-07,2.583,per_usd
1990-08-08,2.595,per_usd
1990-08-09,2.591,per_usd
1990-08-10,2.599,per_usd
1990-08-13,2.58,per_usd
1990-08-14,2.57,per_usd
1990-08-15,2.58,per_usd
1990-08-16,2.572,per_usd
1990-08-17,2.5753,per_usd
1990-08-20,2.5725,per_usd
1990-08-21,2.544,per_usd
1990-08-22,2.5575,per_usd
1990-08-23,2.55,per_usd
1990-08-24,2.561,per_usd
1990-08-27,2.565,per_usd
1990-08-28,2.555,per_usd
1990-08-29,2.556,per_usd
1990-08-30,2.5675,per_usd
1990-08-31,2.5804,per_usd
1990-09-04,2.5875,per_usd
1990-09-05,2.567,per_usd
1990-09-06,2.558,per_usd
1990-09-07,2.5735,per_usd
1990-09-10,2.5825,per_usd
1990-09-11,2.582,per_usd
1990-09-12,2.5825,per_usd
1990-09-13,2.561,per_usd
1990-09-14,2.566,per_usd
1990-09-17,2.5635,per_usd
1990-09-18,2.553,per_usd
1990-09-19,2.5725,per_usd
1990-09-20,2.5875,per_usd
1990-09-21,2.582,per_usd
1990-09-24,2.567,per_usd
1990-09-25,2.5625,per_usd
1990-09-26,2.568,per_usd
1990-09-27,2.572,per_usd
1990-09-28,2.564,per_usd
1990-10-01,2.5675,per_usd
1990-10-02,2.571,per_usd
1990-10-03,2.555,per_usd
1990-10-04,2.559,per_usd
1990-10-05,2.575,per_usd
1990-10-09,2.542,per_usd
1990-10-10,2.5475,per_usd
1990-10-11,2.5425,per_usd
1990-10-12,2.5275,per_usd
1990-10-15,2.536,per_usd
1990-10-16,2.523,per_usd
1990-10-17,2.5375,per_usd
1990-10-18,2.538,per_usd
1990-10-19,2.538,per_usd
1990-10-22,2.55,per_usd
1990-10-23,2.533,per_usd
1990-10-24,2.525,per_usd
1990-10-25,2.54,per_usd
1990-10-26,2.5405,per_usd
1990-10-29,2.541,per_usd
1990-10-30,2.553,per_usd
1990-10-31,2.5375,per_usd
1990-11-01,2.532,per_usd
1990-11-02,2.542,per_usd
1990-11-05,2.5285,per_usd
1990-11-06,2.525,per_usd
1990-11-07,2.52,per_usd
1990-11-08,2.53,per_usd
1990-11-09,2.5255,per_usd
1990-11-13,2.5325,per_usd
1990-11-14,2.5155,per_usd
1990-11-15,2.531,per_usd
1990-11-16,2.53,per_usd
1990-11-19,2.538,per_usd
1990-11-20,2.526,per_usd
1990-11-21,2.53,per_usd
1990-11-23,2.501,per_usd
1990-11-26,2.52,per_usd
1990-11-27,2.5075,per_usd
1990-11-28,2.515,per_usd
1990-11-29,2.52,per_usd
1990-11-30,2.525,per_usd
1990-12-03,2.533,per_usd
1990-12-04,2.534,per_usd
1990-12-05,2.54,per_usd
1990-12-06,2.5165,per_usd
1990-12-07,2.505,per_usd
1990-12-10,2.512,per_usd
1990-12-11,2.521,per_usd
1990-12-12,2.517,per_usd
1990-12-13,2.529,per_usd
1990-12-14,2.52,per_usd
1990-12-17,2.5255,per_usd
1990-12-18,2.523,per_usd
1990-12-19,2.523,per_usd
1990-12-20,2.55,per_usd
1990-12-21,2.5715,per_usd
1990-12-24,2.605,per_usd
1990-12-26,2.574,per_usd
1990-12-27,2.585,per_usd
1990-12-28,2.545,per_usd
1990-12-31,2.56,per_usd
1991-01-02,2.548,per_usd
1991-01-03,2.542,per_usd
1991-01-04,2.564,per_usd
1991-01-07,2.575,per_usd
1991-01-08,2.5705,per_usd
1991-01-09,2.57,per_usd
1991-01-10,2.592,per_usd
1991-01-11,2.583,per_usd
1991-01-14,2.599,per_usd
1991-01-15,2.598,per_usd
1991-01-16,2.5925,per_usd
1991-01-17,2.557,per_usd
1991-01-18,2.54,per_usd
1991-01-22,2.56,per_usd
1991-01-23,2.5455,per_usd
1991-01-24,2.55,per_usd
1991-01-25,2.5625,per_usd
1991-01-28,2.5625,per_usd
1991-01-29,2.551,per_usd
1991-01-30,2.551,per_usd
1991-01-31,2.536,per_usd
1991-02-01,2.523,per_usd
1991-02-04,2.533,per_usd
1991-02-05,2.535,per_usd
1991-02-06,2.5125,per_usd
1991-02-07,2.5175,per_usd
1991-02-08,2.528,per_usd
1991-02-11,2.5105,per_usd
1991-02-12,2.5235,per_usd
1991-02-13,2.527,per_usd
1991-02-14,2.54,per_usd
1991-02-15,2.54,per_usd
1991-02-19,2.548,per_usd
1991-02-20,2.5575,per_usd
1991-02-21,2.547,per_usd
1991-02-22,2.561,per_usd
1991-02-25,2.5825,per_usd
1991-02-26,2.56,per_usd
1991-02-27,2.565,per_usd
1991-02-28,2.5725,per_usd
1991-03-01,2.5875,per_usd
1991-03-04,2.594,per_usd
1991-03-05,2.598,per_usd
1991-03-06,2.595,per_usd
1991-03-07,2.596,per_usd
1991-03-08,2.61,per_usd
1991-03-11,2.6325,per_usd
1991-03-12,2.623,per_usd
1991-03-13,2.629,per_usd
1991-03-14,2.62,per_usd
1991-03-15,2.6615,per_usd
1991-03-18,2.7035,per_usd
1991-03-19,2.7375,per_usd
1991-03-20,2.696,per_usd
1991-03-21,2.694,per_usd
1991-03-22,2.7075,per_usd
1991-03-25,2.71,per_usd
1991-03-26,2.73,per_usd
1991-03-27,2.7475,per_usd
1991-03-28,2.758,per_usd
1991-03-29,2.705,per_usd
1991-04-01,2.68,per_usd
1991-04-02,2.7,per_usd
1991-04-03,2.6975,per_usd
1991-04-04,2.523,per_usd
1991-04-05,2.7,per_usd
1991-04-08,2.715,per_usd
1991-04-09,2.7125,per_usd
1991-04-10,2.725,per_usd
1991-04-11,2.7075,per_usd
1991-04-12,2.7375,per_usd
1991-04-15,2.7175,per_usd
1991-04-16,2.7175,per_usd
1991-04-17,2.72,per_usd
1991-04-18,2.745,per_usd
1991-04-19,2.79,per_usd
1991-04-22,2.799,per_usd
1991-04-23,2.775,per_usd
1991-04-24,2.81,per_usd
1991-04-25,2.78,per_usd
1991-04-26,2.7925,per_usd
1991-04-29,2.8025,per_usd
1991-04-30,2.7675,per_usd
1991-05-01,2.766,per_usd
1991-05-02,2.78,per_usd
1991-05-03,2.845,per_usd
1991-05-06,2.8,per_usd
1991-05-07,2.7795,per_usd
1991-05-08,2.79,per_usd
1991-05-09,2.8025,per_usd
1991-05-10,2.791,per_usd
1991-05-13,2.7825,per_usd
1991-05-14,2.765,per_usd
1991-05-15,2.7805,per_usd
1991-05-16,2.785,per_usd
1991-05-17,2.84,per_usd
1991-05-20,2.792,per_usd
1991-05-21,2.785,per_usd
1991-05-22,2.8225,per_usd
1991-05-23,2.7875,per_usd
1991-05-24,2.8025,per_usd
1991-05-28,2.785,per_usd
1991-05-29,2.793,per_usd
1991-05-30,2.822,per_usd
1991-05-31,2.8475,per_usd
1991-06-03,2.823,per_usd
1991-06-04,2.813,per_usd
1991-06-05,2.83,per_usd
1991-06-06,2.8375,per_usd
1991-06-07,2.86,per_usd
1991-06-10,2.8525,per_usd
1991-06-11,2.8475,per_usd
1991-06-12,2.8525,per_usd
1991-06-13,2.876,per_usd
1991-06-14,2.86,per_usd
1991-06-17,2.88,per_usd
1991-06-18,2.905,per_usd
1991-06-19,2.862,per_usd
1991-06-20,2.8855,per_usd
1991-06-21,2.8805,per_usd
1991-06-24,2.859,per_usd
1991-06-25,2.8865,per_usd
1991-06-26,2.865,per_usd
1991-06-27,2.881,per_usd
1991-06-28,2.8925,per_usd
1991-07-01,2.909,per_usd
1991-07-02,2.901,per_usd
1991-07-03,2.904,per_usd
1991-07-05,2.908,per_usd
1991-07-08,2.8945,per_usd
1991-07-09,2.895,per_usd
1991-07-10,2.89,per_usd
1991-07-11,2.9175,per_usd
1991-07-12,2.8925,per_usd
1991-07-15,2.882,per_usd
1991-07-16,2.885,per_usd
1991-07-17,2.8745,per_usd
1991-07-18,2.87,per_usd
1991-07-19,2.85,per_usd
1991-07-22,2.873,per_usd
1991-07-23,2.8595,per_usd
1991-07-24,2.838,per_usd
1991-07-25,2.8655,per_usd
1991-07-26,2.8625,per_usd
1991-07-29,2.88,per_usd
1991-07-30,2.8805,per_usd
1991-07-31,2.87,per_usd
1991-08-01,2.883,per_usd
1991-08-02,2.835,per_usd
1991-08-05,2.8385,per_usd
1991-08-06,2.846,per_usd
1991-08-07,2.8495,per_usd
1991-08-08,2.86,per_usd
1991-08-09,2.87,per_usd
1991-08-12,2.858,per_usd
1991-08-13,2.8675,per_usd
1991-08-14,2.8675,per_usd
1991-08-15,2.875,per_usd
1991-08-16,2.9025,per_usd
1991-08-19,2.9125,per_usd
1991-08-20,2.9175,per_usd
1991-08-21,2.86,per_usd
1991-08-22,2.836,per_usd
1991-08-23,2.8755,per_usd
1991-08-26,2.879,per_usd
1991-08-27,2.875,per_usd
1991-08-28,2.875,per_usd
1991-08-29,2.881,per_usd
1991-08-30,2.8845,per_usd
1991-09-03,2.867,per_usd
1991-09-04,2.866,per_usd
1991-09-05,2.874,per_usd
1991-09-06,2.863,per_usd
1991-09-09,2.842,per_usd
1991-09-10,2.8475,per_usd
1991-09-11,2.835,per_usd
1991-09-12,2.826,per_usd
1991-09-13,2.828,per_usd
1991-09-16,2.809,per_usd
1991-09-17,2.817,per_usd
1991-09-18,2.821,per_usd
1991-09-19,2.8283,per_usd
1991-09-20,2.823,per_usd
1991-09-23,2.8155,per_usd
1991-09-24,2.7975,per_usd
1991-09-25,2.829,per_usd
1991-09-26,2.8275,per_usd
1991-09-27,2.812,per_usd
1991-09-30,2.804,per_usd
1991-10-01,2.805,per_usd
1991-10-02,2.81,per_usd
1991-10-03,2.815,per_usd
1991-10-04,2.825,per_usd
1991-10-07,2.8175,per_usd
1991-10-08,2.8325,per_usd
1991-10-09,2.816,per_usd
1991-10-10,2.8282,per_usd
1991-10-11,2.8295,per_usd
1991-10-15,2.842,per_usd
1991-10-16,2.829,per_usd
1991-10-17,2.84,per_usd
1991-10-18,2.832,per_usd
1991-10-21,2.84,per_usd
1991-10-22,2.838,per_usd
1991-10-23,2.845,per_usd
1991-10-24,2.8465,per_usd
1991-10-25,2.8485,per_usd
1991-10-28,2.8535,per_usd
1991-10-29,2.851,per_usd
1991-10-30,2.8215,per_usd
1991-10-31,2.825,per_usd
1991-11-01,2.815,per_usd
1991-11-04,2.797,per_usd
1991-11-05,2.8005,per_usd
1991-11-06,2.8075,per_usd
1991-11-07,2.801,per_usd
1991-11-08,2.8035,per_usd
1991-11-12,2.805,per_usd
1991-11-13,2.8,per_usd
1991-11-14,2.79,per_usd
1991-11-15,2.798,per_usd
1991-11-18,2.785,per_usd
1991-11-19,2.785,per_usd
1991-11-20,2.78,per_usd
1991-11-21,2.775,per_usd
1991-11-22,2.777,per_usd
1991-11-25,2.77,per_usd
1991-11-26,2.755,per_usd
1991-11-27,2.801,per_usd
1991-11-29,2.795,per_usd
1991-12-02,2.7925,per_usd
1991-12-03,2.7925,per_usd
1991-12-04,2.786,per_usd
1991-12-05,2.772,per_usd
1991-12-06,2.758,per_usd
1991-12-09,2.77,per_usd
1991-12-10,2.779,per_usd
1991-12-11,2.775,per_usd
1991-12-12,2.7715,per_usd
1991-12-13,2.766,per_usd
1991-12-16,2.7735,per_usd
1991-12-17,2.772,per_usd
1991-12-18,2.773,per_usd
1991-12-19,2.765,per_usd
1991-12-20,2.755,per_usd
1991-12-23,2.7375,per_usd
1991-12-24,2.745,per_usd
1991-12-27,2.75,per_usd
1991-12-30,2.747,per_usd
1991-12-31,2.749,per_usd
1992-01-02,2.758,per_usd
1992-01-03,2.76,per_usd
1992-01-06,2.741,per_usd
1992-01-07,2.738,per_usd
1992-01-08,2.744,per_usd
1992-01-09,2.75,per_usd
1992-01-10,2.801,per_usd
1992-01-13,2.787,per_usd
1992-01-14,2.8115,per_usd
1992-01-15,2.817,per_usd
1992-01-16,2.819,per_usd
1992-01-17,2.789,per_usd
1992-01-21,2.775,per_usd
1992-01-22,2.788,per_usd
1992-01-23,2.788,per_usd
1992-01-24,2.77,per_usd
1992-01-27,2.819,per_usd
1992-01-28,2.784,per_usd
1992-01-29,2.7875,per_usd
1992-01-30,2.8275,per_usd
1992-01-31,2.791,per_usd
1992-02-03,2.785,per_usd
1992-02-04,2.7835,per_usd
1992-02-05,2.789,per_usd
1992-02-06,2.779,per_usd
1992-02-07,2.75,per_usd
1992-02-10,2.778,per_usd
1992-02-11,2.7825,per_usd
1992-02-12,2.809,per_usd
1992-02-13,2.82,per_usd
1992-02-14,2.818,per_usd
1992-02-18,2.832,per_usd
1992-02-19,2.835,per_usd
1992-02-20,2.836,per_usd
1992-02-21,2.845,per_usd
1992-02-24,2.849,per_usd
1992-02-25,2.853,per_usd
1992-02-26,2.873,per_usd
1992-02-27,2.836,per_usd
1992-02-28,2.844,per_usd
1992-03-02,2.8575,per_usd
1992-03-03,2.858,per_usd
1992-03-04,2.887,per_usd
1992-03-05,2.88,per_usd
1992-03-06,2.884,per_usd
1992-03-09,2.879,per_usd
1992-03-10,2.881,per_usd
1992-03-11,2.888,per_usd
1992-03-12,2.899,per_usd
1992-03-13,2.891,per_usd
1992-03-16,2.8875,per_usd
1992-03-17,2.883,per_usd
1992-03-18,2.876,per_usd
1992-03-19,2.894,per_usd
1992-03-20,2.895,per_usd
1992-03-23,2.884,per_usd
1992-03-24,2.9025,per_usd
1992-03-25,2.874,per_usd
1992-03-26,2.895,per_usd
1992-03-27,2.8625,per_usd
1992-03-30,2.885,per_usd
1992-03-31,2.882,per_usd
1992-04-01,2.875,per_usd
1992-04-02,2.8825,per_usd
1992-04-03,2.877,per_usd
1992-04-06,2.865,per_usd
1992-04-07,2.874,per_usd
1992-04-08,2.8775,per_usd
1992-04-09,2.8525,per_usd
1992-04-10,2.8825,per_usd
1992-04-13,2.882,per_usd
1992-04-14,2.87,per_usd
1992-04-15,2.883,per_usd
1992-04-16,2.8925,per_usd
1992-04-21,2.895,per_usd
1992-04-22,2.8835,per_usd
1992-04-23,2.8855,per_usd
1992-04-24,2.883,per_usd
1992-04-27,2.8795,per_usd
1992-04-28,2.8745,per_usd
1992-04-29,2.879,per_usd
1992-04-30,2.872,per_usd
1992-05-01,2.855,per_usd
1992-05-04,2.861,per_usd
1992-05-05,2.8715,per_usd
1992-05-06,2.8595,per_usd
1992-05-07,2.865,per_usd
1992-05-08,2.88,per_usd
1992-05-11,2.873,per_usd
1992-05-12,2.857,per_usd
1992-05-13,2.8375,per_usd
1992-05-14,2.838,per_usd
1992-05-15,2.846,per_usd
1992-05-18,2.8335,per_usd
1992-05-19,2.825,per_usd
1992-05-20,2.836,per_usd
1992-05-21,2.836,per_usd
1992-05-22,2.839,per_usd
1992-05-26,2.831,per_usd
1992-05-27,2.8515,per_usd
1992-05-28,2.8435,per_usd
1992-05-29,2.826,per_usd
1992-06-01,2.8365,per_usd
1992-06-02,2.839,per_usd
1992-06-03,2.809,per_usd
1992-06-04,2.826,per_usd
1992-06-05,2.81,per_usd
1992-06-08,2.819,per_usd
1992-06-09,2.825,per_usd
1992-06-10,2.825,per_usd
1992-06-11,2.81,per_usd
1992-06-12,2.808,per_usd
1992-06-15,2.803,per_usd
1992-06-16,2.8025,per_usd
1992-06-17,2.81,per_usd
1992-06-18,2.8065,per_usd
1992-06-19,2.808,per_usd
1992-06-22,2.805,per_usd
1992-06-23,2.8025,per_usd
1992-06-24,2.8,per_usd
1992-06-25,2.7925,per_usd
1992-06-26,2.7875,per_usd
1992-06-29,2.772,per_usd
1992-06-30,2.772,per_usd
1992-07-01,2.7625,per_usd
1992-07-02,2.758,per_usd
1992-07-03,2.76,per_usd
1992-07-06,2.758,per_usd
1992-07-07,2.7575,per_usd
1992-07-08,2.748,per_usd
1992-07-09,2.775,per_usd
1992-07-10,2.759,per_usd
1992-07-13,2.73,per_usd
1992-07-14,2.7625,per_usd
1992-07-15,2.748,per_usd
1992-07-16,2.738,per_usd
1992-07-17,2.725,per_usd
1992-07-20,2.775,per_usd
1992-07-21,2.748,per_usd
1992-07-22,2.766,per_usd
1992-07-23,2.759,per_usd
1992-07-24,2.781,per_usd
1992-07-27,2.76,per_usd
1992-07-28,2.757,per_usd
1992-07-29,2.765,per_usd
1992-07-30,2.7675,per_usd
1992-07-31,2.7675,per_usd
1992-08-03,2.7695,per_usd
1992-08-04,2.768,per_usd
1992-08-05,2.764,per_usd
1992-08-06,2.7725,per_usd
1992-08-07,2.77,per_usd
1992-08-10,2.77,per_usd
1992-08-11,2.7775,per_usd
1992-08-12,2.77,per_usd
1992-08-13,2.77,per_usd
1992-08-14,2.774,per_usd
1992-08-17,2.762,per_usd
1992-08-18,2.7675,per_usd
1992-08-19,2.767,per_usd
1992-08-20,2.767,per_usd
1992-08-21,2.781,per_usd
1992-08-24,2.759,per_usd
1992-08-25,2.7415,per_usd
1992-08-26,2.747,per_usd
1992-08-27,2.752,per_usd
1992-08-28,2.746,per_usd
1992-08-31,2.726,per_usd
1992-09-01,2.723,per_usd
1992-09-02,2.727,per_usd
1992-09-03,2.7705,per_usd
1992-09-04,2.746,per_usd
1992-09-08,2.7415,per_usd
1992-09-09,2.765,per_usd
1992-09-10,2.764,per_usd
1992-09-11,2.783,per_usd
1992-09-14,2.81,per_usd
1992-09-15,2.803,per_usd
1992-09-16,2.83,per_usd
1992-09-17,2.845,per_usd
1992-09-18,2.852,per_usd
1992-09-21,2.846,per_usd
1992-09-22,2.8435,per_usd
1992-09-23,2.855,per_usd
1992-09-24,2.855,per_usd
1992-09-25,2.85,per_usd
1992-09-28,2.835,per_usd
1992-09-29,2.821,per_usd
1992-09-30,2.813,per_usd
1992-10-01,2.823,per_usd
1992-10-02,2.83,per_usd
1992-10-05,2.823,per_usd
1992-10-06,2.833,per_usd
1992-10-07,2.87,per_usd
1992-10-08,2.86,per_usd
1992-10-09,2.872,per_usd
1992-10-13,2.869,per_usd
1992-10-14,2.863,per_usd
1992-10-15,2.849,per_usd
1992-10-16,2.8725,per_usd
1992-10-19,2.895,per_usd
1992-10-20,2.9425,per_usd
1992-10-21,2.9205,per_usd
1992-10-22,2.916,per_usd
1992-10-23,2.9385,per_usd
1992-10-26,2.945,per_usd
1992-10-27,2.9545,per_usd
1992-10-28,2.955,per_usd
1992-10-29,2.95,per_usd
1992-10-30,2.956,per_usd
1992-11-02,2.979,per_usd
1992-11-03,2.973,per_usd
1992-11-04,2.97,per_usd
1992-11-05,2.984,per_usd
1992-11-06,2.986,per_usd
1992-11-09,2.995,per_usd
1992-11-10,3.006,per_usd
1992-11-12,2.9865,per_usd
1992-11-13,2.9825,per_usd
1992-11-16,2.9995,per_usd
1992-11-17,3.01,per_usd
1992-11-18,3.001,per_usd
1992-11-19,2.9875,per_usd
1992-11-20,2.9975,per_usd
1992-11-23,3.015,per_usd
1992-11-24,3.015,per_usd
1992-11-25,3.0025,per_usd
1992-11-27,3.02,per_usd
1992-11-30,3.013,per_usd
1992-12-01,3.01,per_usd
1992-12-02,2.996,per_usd
1992-12-03,3,per_usd
1992-12-04,3.0095,per_usd
1992-12-07,2.995,per_usd
1992-12-08,2.983,per_usd
1992-12-09,2.995,per_usd
1992-12-10,3.0075,per_usd
1992-12-11,3.01,per_usd
1992-12-14,3.0098,per_usd
1992-12-15,3.009,per_usd
1992-12-16,3.004,per_usd
1992-12-17,2.995,per_usd
1992-12-18,3.01,per_usd
1992-12-21,3.01,per_usd
1992-12-22,3.0175,per_usd
1992-12-23,3.0195,per_usd
1992-12-24,3.019,per_usd
1992-12-28,3.035,per_usd
1992-12-29,3.0643,per_usd
1992-12-30,3.056,per_usd
1992-12-31,3.052,per_usd
1993-01-04,3.077,per_usd
1993-01-05,3.058,per_usd
1993-01-06,3.065,per_usd
1993-01-07,3.069,per_usd
1993-01-08,3.089,per_usd
1993-01-11,3.07,per_usd
1993-01-12,3.068,per_usd
1993-01-13,3.0725,per_usd
1993-01-14,3.0725,per_usd
1993-01-15,3.084,per_usd
1993-01-19,3.075,per_usd
1993-01-20,3.0785,per_usd
1993-01-21,3.08,per_usd
1993-01-22,3.0765,per_usd
1993-01-25,3.0545,per_usd
1993-01-26,3.0575,per_usd
1993-01-27,3.065,per_usd
1993-01-28,3.062,per_usd
1993-01-29,3.08,per_usd
1993-02-01,3.095,per_usd
1993-02-02,3.1,per_usd
1993-02-03,3.105,per_usd
1993-02-04,3.1175,per_usd
1993-02-05,3.115,per_usd
1993-02-08,3.1255,per_usd
1993-02-09,3.124,per_usd
1993-02-10,3.122,per_usd
1993-02-11,3.128,per_usd
1993-02-12,3.1325,per_usd
1993-02-16,3.122,per_usd
1993-02-17,3.1135,per_usd
1993-02-18,3.1185,per_usd
1993-02-19,3.127,per_usd
1993-02-22,3.125,per_usd
1993-02-23,3.118,per_usd
1993-02-24,3.125,per_usd
1993-02-25,3.1355,per_usd
1993-02-26,3.145,per_usd
1993-03-01,3.15,per_usd
1993-03-02,3.151,per_usd
1993-03-03,3.156,per_usd
1993-03-04,3.1595,per_usd
1993-03-05,3.175,per_usd
1993-03-08,3.185,per_usd
1993-03-09,3.183,per_usd
1993-03-10,3.1875,per_usd
1993-03-11,3.1895,per_usd
1993-03-12,3.1915,per_usd
1993-03-15,3.1975,per_usd
1993-03-16,3.195,per_usd
1993-03-17,3.199,per_usd
1993-03-18,3.1925,per_usd
1993-03-19,3.175,per_usd
1993-03-22,3.175,per_usd
1993-03-23,3.1745,per_usd
1993-03-24,3.175,per_usd
1993-03-25,3.185,per_usd
1993-03-26,3.1855,per_usd
1993-03-29,3.1805,per_usd
1993-03-30,3.1835,per_usd
1993-03-31,3.17,per_usd
1993-04-01,3.176,per_usd
1993-04-02,3.181,per_usd
1993-04-05,3.18,per_usd
1993-04-06,3.194,per_usd
1993-04-07,3.196,per_usd
1993-04-08,3.18,per_usd
1993-04-09,3.18,per_usd
1993-04-13,3.16,per_usd
1993-04-14,3.1665,per_usd
1993-04-15,3.1795,per_usd
1993-04-16,3.1955,per_usd
1993-04-19,3.18,per_usd
1993-04-20,3.1675,per_usd
1993-04-21,3.17,per_usd
1993-04-22,3.17,per_usd
1993-04-23,3.16,per_usd
1993-04-26,3.145,per_usd
1993-04-27,3.15,per_usd
1993-04-28,3.16,per_usd
1993-04-29,3.155,per_usd
1993-04-30,3.1615,per_usd
1993-05-03,3.17,per_usd
1993-05-04,3.1575,per_usd
1993-05-05,3.1625,per_usd
1993-05-06,3.1605,per_usd
1993-05-07,3.157,per_usd
1993-05-10,3.181,per_usd
1993-05-11,3.185,per_usd
1993-05-12,3.188,per_usd
1993-05-13,3.179,per_usd
1993-05-14,3.175,per_usd
1993-05-17,3.177,per_usd
1993-05-18,3.19,per_usd
1993-05-19,3.18,per_usd
1993-05-20,3.175,per_usd
1993-05-21,3.19,per_usd
1993-05-24,3.1965,per_usd
1993-05-25,3.19,per_usd
1993-05-26,3.193,per_usd
1993-05-27,3.1875,per_usd
1993-05-28,3.18,per_usd
1993-06-01,3.179,per_usd
1993-06-02,3.1825,per_usd
1993-06-03,3.188,per_usd
1993-06-04,3.19,per_usd
1993-06-07,3.186,per_usd
1993-06-08,3.19,per_usd
1993-06-09,3.199,per_usd
1993-06-10,3.193,per_usd
1993-06-11,3.188,per_usd
1993-06-14,3.193,per_usd
1993-06-15,3.205,per_usd
1993-06-16,3.22,per_usd
1993-06-17,3.2325,per_usd
1993-06-18,3.245,per_usd
1993-06-21,3.286,per_usd
1993-06-22,3.3,per_usd
1993-06-23,3.3,per_usd
1993-06-24,3.322,per_usd
1993-06-25,3.316,per_usd
1993-06-28,3.327,per_usd
1993-06-29,3.324,per_usd
1993-06-30,3.3325,per_usd
1993-07-01,3.3525,per_usd
1993-07-02,3.345,per_usd
1993-07-06,3.3475,per_usd
1993-07-07,3.333,per_usd
1993-07-08,3.338,per_usd
1993-07-09,3.351,per_usd
1993-07-12,3.366,per_usd
1993-07-13,3.352,per_usd
1993-07-14,3.352,per_usd
1993-07-15,3.347,per_usd
1993-07-16,3.357,per_usd
1993-07-19,3.3425,per_usd
1993-07-20,3.345,per_usd
1993-07-21,3.335,per_usd
1993-07-22,3.35,per_usd
1993-07-23,3.35,per_usd
1993-07-26,3.35,per_usd
1993-07-27,3.3625,per_usd
1993-07-28,3.356,per_usd
1993-07-29,3.3715,per_usd
1993-07-30,3.385,per_usd
1993-08-02,3.3575,per_usd
1993-08-03,3.3525,per_usd
1993-08-04,3.3615,per_usd
1993-08-05,3.37,per_usd
1993-08-06,3.365,per_usd
1993-08-09,3.36,per_usd
1993-08-10,3.369,per_usd
1993-08-11,3.372,per_usd
1993-08-12,3.385,per_usd
1993-08-13,3.38,per_usd
1993-08-16,3.37,per_usd
1993-08-17,3.3475,per_usd
1993-08-18,3.35,per_usd
1993-08-19,3.365,per_usd
1993-08-20,3.36,per_usd
1993-08-23,3.37,per_usd
1993-08-24,3.3625,per_usd
1993-08-25,3.37,per_usd
1993-08-26,3.3625,per_usd
1993-08-27,3.37,per_usd
1993-08-30,3.373,per_usd
1993-08-31,3.38,per_usd
1993-09-01,3.38,per_usd
1993-09-02,3.38,per_usd
1993-09-03,3.394,per_usd
1993-09-07,3.41,per_usd
1993-09-08,3.414,per_usd
1993-09-09,3.4,per_usd
1993-09-10,3.407,per_usd
1993-09-13,3.41,per_usd
1993-09-14,3.415,per_usd
1993-09-15,3.41,per_usd
1993-09-16,3.412,per_usd
1993-09-17,3.415,per_usd
1993-09-20,3.415,per_usd
1993-09-21,3.416,per_usd
1993-09-22,3.425,per_usd
1993-09-23,3.435,per_usd
1993-09-24,3.436,per_usd
1993-09-27,3.4375,per_usd
1993-09-28,3.418,per_usd
1993-09-29,3.423,per_usd
1993-09-30,3.43,per_usd
1993-10-01,3.4575,per_usd
1993-10-04,3.4475,per_usd
1993-10-05,3.445,per_usd
1993-10-06,3.452,per_usd
1993-10-07,3.456,per_usd
1993-10-08,3.4475,per_usd
1993-10-12,3.421,per_usd
1993-10-13,3.398,per_usd
1993-10-14,3.366,per_usd
1993-10-15,3.3475,per_usd
1993-10-18,3.345,per_usd
1993-10-19,3.3525,per_usd
1993-10-20,3.3525,per_usd
1993-10-21,3.361,per_usd
1993-10-22,3.3645,per_usd
1993-10-25,3.362,per_usd
1993-10-26,3.371,per_usd
1993-10-27,3.37,per_usd
1993-10-28,3.3725,per_usd
1993-10-29,3.36,per_usd
1993-11-01,3.375,per_usd
1993-11-02,3.373,per_usd
1993-11-03,3.37,per_usd
1993-11-04,3.3675,per_usd
1993-11-05,3.3775,per_usd
1993-11-08,3.36,per_usd
1993-11-09,3.3675,per_usd
1993-11-10,3.365,per_usd
1993-11-12,3.367,per_usd
1993-11-15,3.3625,per_usd
1993-11-16,3.366,per_usd
1993-11-17,3.372,per_usd
1993-11-18,3.372,per_usd
1993-11-19,3.3725,per_usd
1993-11-22,3.367,per_usd
1993-11-23,3.358,per_usd
1993-11-24,3.358,per_usd
1993-11-26,3.369,per_usd
1993-11-29,3.37,per_usd
1993-11-30,3.37,per_usd
1993-12-01,3.37,per_usd
1993-12-02,3.3705,per_usd
1993-12-03,3.3725,per_usd
1993-12-06,3.3655,per_usd
1993-12-07,3.365,per_usd
1993-12-08,3.37,per_usd
1993-12-09,3.3675,per_usd
1993-12-10,3.36,per_usd
1993-12-13,3.374,per_usd
1993-12-14,3.38,per_usd
1993-12-15,3.385,per_usd
1993-12-16,3.385,per_usd
1993-12-17,3.385,per_usd
1993-12-20,3.39,per_usd
1993-12-21,3.3865,per_usd
1993-12-22,3.39,per_usd
1993-12-23,3.38,per_usd
1993-12-24,3.377,per_usd
1993-12-27,3.376,per_usd
1993-12-28,3.376,per_usd
1993-12-29,3.386,per_usd
1993-12-30,3.4,per_usd
1993-12-31,3.4005,per_usd
1994-01-03,3.4005,per_usd
1994-01-04,3.405,per_usd
1994-01-05,3.4,per_usd
1994-01-06,3.4005,per_usd
1994-01-07,3.39,per_usd
1994-01-10,3.4,per_usd
1994-01-11,3.405,per_usd
1994-01-12,3.4,per_usd
1994-01-13,3.4105,per_usd
1994-01-14,3.4155,per_usd
1994-01-18,3.4155,per_usd
1994-01-19,3.412,per_usd
1994-01-20,3.417,per_usd
1994-01-21,3.4105,per_usd
1994-01-24,3.424,per_usd
1994-01-25,3.422,per_usd
1994-01-26,3.42,per_usd
1994-01-27,3.42,per_usd
1994-01-28,3.42,per_usd
1994-01-31,3.425,per_usd
1994-02-01,3.415,per_usd
1994-02-02,3.42,per_usd
1994-02-03,3.42,per_usd
1994-02-04,3.423,per_usd
1994-02-07,3.4375,per_usd
1994-02-08,3.436,per_usd
1994-02-09,3.438,per_usd
1994-02-10,3.4475,per_usd
1994-02-11,3.45,per_usd
1994-02-14,3.448,per_usd
1994-02-15,3.445,per_usd
1994-02-16,3.4475,per_usd
1994-02-17,3.456,per_usd
1994-02-18,3.4565,per_usd
1994-02-22,3.478,per_usd
1994-02-23,3.534,per_usd
1994-02-24,3.49,per_usd
1994-02-25,3.474,per_usd
1994-02-28,3.4725,per_usd
1994-03-01,3.46,per_usd
1994-03-02,3.4625,per_usd
1994-03-03,3.468,per_usd
1994-03-04,3.485,per_usd
1994-03-07,3.488,per_usd
1994-03-08,3.485,per_usd
1994-03-09,3.478,per_usd
1994-03-10,3.445,per_usd
1994-03-11,3.4315,per_usd
1994-03-14,3.455,per_usd
1994-03-15,3.455,per_usd
1994-03-16,3.4525,per_usd
1994-03-17,3.4325,per_usd
1994-03-18,3.4525,per_usd
1994-03-21,3.4505,per_usd
1994-03-22,3.45,per_usd
1994-03-23,3.45,per_usd
1994-03-24,3.445,per_usd
1994-03-25,3.443,per_usd
1994-03-28,3.448,per_usd
1994-03-29,3.452,per_usd
1994-03-30,3.48,per_usd
1994-03-31,3.478,per_usd
1994-04-01,3.495,per_usd
1994-04-04,3.485,per_usd
1994-04-05,3.521,per_usd
1994-04-06,3.537,per_usd
1994-04-07,3.555,per_usd
1994-04-08,3.56,per_usd
1994-04-11,3.595,per_usd
1994-04-12,3.61,per_usd
1994-04-13,3.6061,per_usd
1994-04-14,3.626,per_usd
1994-04-15,3.645,per_usd
1994-04-18,3.661,per_usd
1994-04-19,3.5555,per_usd
1994-04-20,3.6055,per_usd
1994-04-21,3.598,per_usd
1994-04-22,3.6155,per_usd
1994-04-25,3.616,per_usd
1994-04-26,3.5875,per_usd
1994-04-27,3.58,per_usd
1994-04-28,3.58,per_usd
1994-04-29,3.523,per_usd
1994-05-02,3.525,per_usd
1994-05-03,3.55,per_usd
1994-05-04,3.6045,per_usd
1994-05-05,3.625,per_usd
1994-05-06,3.578,per_usd
1994-05-09,3.6125,per_usd
1994-05-10,3.618,per_usd
1994-05-11,3.642,per_usd
1994-05-12,3.644,per_usd
1994-05-13,3.65,per_usd
1994-05-16,3.663,per_usd
1994-05-17,3.66,per_usd
1994-05-18,3.6705,per_usd
1994-05-19,3.675,per_usd
1994-05-20,3.678,per_usd
1994-05-23,3.658,per_usd
1994-05-24,3.67,per_usd
1994-05-25,3.671,per_usd
1994-05-26,3.655,per_usd
1994-05-27,3.6475,per_usd
1994-05-31,3.63,per_usd
1994-06-01,3.64,per_usd
1994-06-02,3.63,per_usd
1994-06-03,3.627,per_usd
1994-06-06,3.618,per_usd
1994-06-07,3.625,per_usd
1994-06-08,3.625,per_usd
1994-06-09,3.618,per_usd
1994-06-10,3.625,per_usd
1994-06-13,3.6185,per_usd
1994-06-14,3.616,per_usd
1994-06-15,3.622,per_usd
1994-06-16,3.636,per_usd
1994-06-17,3.6505,per_usd
1994-06-20,3.645,per_usd
1994-06-21,3.656,per_usd
1994-06-22,3.6505,per_usd
1994-06-23,3.615,per_usd
1994-06-24,3.626,per_usd
1994-06-27,3.615,per_usd
1994-06-28,3.64,per_usd
1994-06-29,3.646,per_usd
1994-06-30,3.654,per_usd
1994-07-01,3.652,per_usd
1994-07-05,3.661,per_usd
1994-07-06,3.6655,per_usd
1994-07-07,3.673,per_usd
1994-07-08,3.6805,per_usd
1994-07-11,3.654,per_usd
1994-07-12,3.639,per_usd
1994-07-13,3.653,per_usd
1994-07-14,3.657,per_usd
1994-07-15,3.6655,per_usd
1994-07-18,3.6635,per_usd
1994-07-19,3.676,per_usd
1994-07-20,3.6805,per_usd
1994-07-21,3.6745,per_usd
1994-07-22,3.701,per_usd
1994-07-25,3.697,per_usd
1994-07-26,3.685,per_usd
1994-07-27,3.669,per_usd
1994-07-28,3.683,per_usd
1994-07-29,3.679,per_usd
1994-08-01,3.655,per_usd
1994-08-02,3.65,per_usd
1994-08-03,3.638,per_usd
1994-08-04,3.622,per_usd
1994-08-05,3.6225,per_usd
1994-08-08,3.613,per_usd
1994-08-09,3.6125,per_usd
1994-08-10,3.613,per_usd
1994-08-11,3.612,per_usd
1994-08-12,3.59,per_usd
1994-08-15,3.485,per_usd
1994-08-16,3.588,per_usd
1994-08-17,3.588,per_usd
1994-08-18,3.58,per_usd
1994-08-19,3.577,per_usd
1994-08-22,3.5765,per_usd
1994-08-23,3.5815,per_usd
1994-08-24,3.581,per_usd
1994-08-25,3.5825,per_usd
1994-08-26,3.59,per_usd
1994-08-29,3.593,per_usd
1994-08-30,3.588,per_usd
1994-08-31,3.5875,per_usd
1994-09-01,3.588,per_usd
1994-09-02,3.583,per_usd
1994-09-06,3.568,per_usd
1994-09-07,3.5655,per_usd
1994-09-08,3.5605,per_usd
1994-09-09,3.557,per_usd
1994-09-12,3.5525,per_usd
1994-09-13,3.556,per_usd
1994-09-14,3.551,per_usd
1994-09-15,3.5565,per_usd
1994-09-16,3.5525,per_usd
1994-09-19,3.5475,per_usd
1994-09-20,3.548,per_usd
1994-09-21,3.545,per_usd
1994-09-22,3.535,per_usd
1994-09-23,3.537,per_usd
1994-09-26,3.545,per_usd
1994-09-27,3.555,per_usd
1994-09-28,3.557,per_usd
1994-09-29,3.57,per_usd
1994-09-30,3.568,per_usd
1994-10-03,3.584,per_usd
1994-10-04,3.574,per_usd
1994-10-05,3.575,per_usd
1994-10-06,3.575,per_usd
1994-10-07,3.5705,per_usd
1994-10-11,3.57,per_usd
1994-10-12,3.58,per_usd
1994-10-13,3.583,per_usd
1994-10-14,3.574,per_usd
1994-10-17,3.5475,per_usd
1994-10-18,3.53,per_usd
1994-10-19,3.523,per_usd
1994-10-20,3.537,per_usd
1994-10-21,3.507,per_usd
1994-10-24,3.5075,per_usd
1994-10-25,3.495,per_usd
1994-10-26,3.5015,per_usd
1994-10-27,3.502,per_usd
1994-10-28,3.503,per_usd
1994-10-31,3.501,per_usd
1994-11-01,3.497,per_usd
1994-11-02,3.503,per_usd
1994-11-03,3.514,per_usd
1994-11-04,3.5205,per_usd
1994-11-07,3.507,per_usd
1994-11-08,3.498,per_usd
1994-11-09,3.514,per_usd
1994-11-10,3.525,per_usd
1994-11-14,3.52,per_usd
1994-11-15,3.5205,per_usd
1994-11-16,3.526,per_usd
1994-11-17,3.53,per_usd
1994-11-18,3.539,per_usd
1994-11-21,3.542,per_usd
1994-11-22,3.539,per_usd
1994-11-23,3.536,per_usd
1994-11-25,3.536,per_usd
1994-11-28,3.5465,per_usd
1994-11-29,3.545,per_usd
1994-11-30,3.553,per_usd
1994-12-01,3.5605,per_usd
1994-12-02,3.568,per_usd
1994-12-05,3.566,per_usd
1994-12-06,3.5625,per_usd
1994-12-07,3.553,per_usd
1994-12-08,3.56,per_usd
1994-12-09,3.564,per_usd
1994-12-12,3.5648,per_usd
1994-12-13,3.564,per_usd
1994-12-14,3.567,per_usd
1994-12-15,3.575,per_usd
1994-12-16,3.5725,per_usd
1994-12-19,3.556,per_usd
1994-12-20,3.554,per_usd
1994-12-21,3.556,per_usd
1994-12-22,3.5625,per_usd
1994-12-23,3.565,per_usd
1994-12-27,3.5655,per_usd
1994-12-28,3.561,per_usd
1994-12-29,3.548,per_usd
1994-12-30,3.545,per_usd
1995-01-03,3.551,per_usd
1995-01-04,3.557,per_usd
1995-01-05,3.556,per_usd
1995-01-06,3.558,per_usd
1995-01-09,3.5455,per_usd
1995-01-10,3.54,per_usd
1995-01-11,3.529,per_usd
1995-01-12,3.526,per_usd
1995-01-13,3.5265,per_usd
1995-01-17,3.5405,per_usd
1995-01-18,3.536,per_usd
1995-01-19,3.543,per_usd
1995-01-20,3.536,per_usd
1995-01-23,3.533,per_usd
1995-01-24,3.534,per_usd
1995-01-25,3.537,per_usd
1995-01-26,3.539,per_usd
1995-01-27,3.542,per_usd
1995-01-30,3.5335,per_usd
1995-01-31,3.544,per_usd
1995-02-01,3.546,per_usd
1995-02-02,3.547,per_usd
1995-02-03,3.549,per_usd
1995-02-06,3.5495,per_usd
1995-02-07,3.551,per_usd
1995-02-08,3.554,per_usd
1995-02-09,3.552,per_usd
1995-02-10,3.55,per_usd
1995-02-13,3.5445,per_usd
1995-02-14,3.545,per_usd
1995-02-15,3.548,per_usd
1995-02-16,3.543,per_usd
1995-02-17,3.543,per_usd
1995-02-21,3.562,per_usd
1995-02-22,3.5925,per_usd
1995-02-23,3.6075,per_usd
1995-02-24,3.6125,per_usd
1995-02-27,3.6,per_usd
1995-02-28,3.5995,per_usd
1995-03-01,3.599,per_usd
1995-03-02,3.5975,per_usd
1995-03-03,3.568,per_usd
1995-03-06,3.551,per_usd
1995-03-07,3.57,per_usd
1995-03-08,3.58,per_usd
1995-03-09,3.602,per_usd
1995-03-10,3.7,per_usd
1995-03-13,3.616,per_usd
1995-03-14,3.63,per_usd
1995-03-15,3.577,per_usd
1995-03-16,3.576,per_usd
1995-03-17,3.604,per_usd
1995-03-20,3.628,per_usd
1995-03-21,3.6325,per_usd
1995-03-22,3.6105,per_usd
1995-03-23,3.6025,per_usd
1995-03-24,3.613,per_usd
1995-03-27,3.604,per_usd
1995-03-28,3.595,per_usd
1995-03-29,3.589,per_usd
1995-03-30,3.603,per_usd
1995-03-31,3.581,per_usd
1995-04-03,3.588,per_usd
1995-04-04,3.5915,per_usd
1995-04-05,3.5955,per_usd
1995-04-06,3.59,per_usd
1995-04-07,3.592,per_usd
1995-04-10,3.6005,per_usd
1995-04-11,3.603,per_usd
1995-04-12,3.608,per_usd
1995-04-13,3.608,per_usd
1995-04-14,3.608,per_usd
1995-04-17,3.606,per_usd
1995-04-18,3.595,per_usd
1995-04-19,3.59,per_usd
1995-04-20,3.603,per_usd
1995-04-21,3.6105,per_usd
1995-04-24,3.611,per_usd
1995-04-25,3.6125,per_usd
1995-04-26,3.62,per_usd
1995-04-27,3.616,per_usd
1995-04-28,3.6215,per_usd
1995-05-01,3.621,per_usd
1995-05-02,3.625,per_usd
1995-05-03,3.6315,per_usd
1995-05-04,3.633,per_usd
1995-05-05,3.629,per_usd
1995-05-08,3.624,per_usd
1995-05-09,3.629,per_usd
1995-05-10,3.641,per_usd
1995-05-11,3.64,per_usd
1995-05-12,3.659,per_usd
1995-05-15,3.658,per_usd
1995-05-16,3.655,per_usd
1995-05-17,3.662,per_usd
1995-05-18,3.693,per_usd
1995-05-19,3.692,per_usd
1995-05-22,3.691,per_usd
1995-05-23,3.694,per_usd
1995-05-24,3.702,per_usd
1995-05-25,3.684,per_usd
1995-05-26,3.67,per_usd
1995-05-30,3.662,per_usd
1995-05-31,3.667,per_usd
1995-06-01,3.685,per_usd
1995-06-02,3.6795,per_usd
1995-06-05,3.677,per_usd
1995-06-06,3.677,per_usd
1995-06-07,3.679,per_usd
1995-06-08,3.6805,per_usd
1995-06-09,3.675,per_usd
1995-06-12,3.675,per_usd
1995-06-13,3.669,per_usd
1995-06-14,3.666,per_usd
1995-06-15,3.6733,per_usd
1995-06-16,3.668,per_usd
1995-06-19,3.665,per_usd
1995-06-20,3.6565,per_usd
1995-06-21,3.6545,per_usd
1995-06-22,3.649,per_usd
1995-06-23,3.642,per_usd
1995-06-26,3.638,per_usd
1995-06-27,3.6355,per_usd
1995-06-28,3.6505,per_usd
1995-06-29,3.648,per_usd
1995-06-30,3.637,per_usd
1995-07-03,3.635,per_usd
1995-07-05,3.6355,per_usd
1995-07-06,3.634,per_usd
1995-07-07,3.644,per_usd
1995-07-10,3.6455,per_usd
1995-07-11,3.652,per_usd
1995-07-12,3.6515,per_usd
1995-07-13,3.649,per_usd
1995-07-14,3.6495,per_usd
1995-07-17,3.652,per_usd
1995-07-18,3.647,per_usd
1995-07-19,3.642,per_usd
1995-07-20,3.6395,per_usd
1995-07-21,3.643,per_usd
1995-07-24,3.6395,per_usd
1995-07-25,3.6365,per_usd
1995-07-26,3.634,per_usd
1995-07-27,3.63,per_usd
1995-07-28,3.626,per_usd
1995-07-31,3.623,per_usd
1995-08-01,3.613,per_usd
1995-08-02,3.62,per_usd
1995-08-03,3.616,per_usd
1995-08-04,3.6125,per_usd
1995-08-07,3.6115,per_usd
1995-08-08,3.611,per_usd
1995-08-09,3.606,per_usd
1995-08-10,3.616,per_usd
1995-08-11,3.634,per_usd
1995-08-14,3.6345,per_usd
1995-08-15,3.658,per_usd
1995-08-16,3.6525,per_usd
1995-08-17,3.656,per_usd
1995-08-18,3.6545,per_usd
1995-08-21,3.656,per_usd
1995-08-22,3.661,per_usd
1995-08-23,3.655,per_usd
1995-08-24,3.66,per_usd
1995-08-25,3.6605,per_usd
1995-08-28,3.658,per_usd
1995-08-29,3.6605,per_usd
1995-08-30,3.66,per_usd
1995-08-31,3.657,per_usd
1995-09-01,3.6595,per_usd
1995-09-05,3.6605,per_usd
1995-09-06,3.663,per_usd
1995-09-07,3.662,per_usd
1995-09-08,3.668,per_usd
1995-09-11,3.661,per_usd
1995-09-12,3.6615,per_usd
1995-09-13,3.666,per_usd
1995-09-14,3.671,per_usd
1995-09-15,3.674,per_usd
1995-09-18,3.6765,per_usd
1995-09-19,3.678,per_usd
1995-09-20,3.667,per_usd
1995-09-21,3.6555,per_usd
1995-09-22,3.6505,per_usd
1995-09-25,3.655,per_usd
1995-09-26,3.6555,per_usd
1995-09-27,3.648,per_usd
1995-09-28,3.648,per_usd
1995-09-29,3.6505,per_usd
1995-10-02,3.6605,per_usd
1995-10-03,3.6645,per_usd
1995-10-04,3.6595,per_usd
1995-10-05,3.664,per_usd
1995-10-06,3.6625,per_usd
1995-10-10,3.6515,per_usd
1995-10-11,3.652,per_usd
1995-10-12,3.656,per_usd
1995-10-13,3.658,per_usd
1995-10-16,3.655,per_usd
1995-10-17,3.6525,per_usd
1995-10-18,3.652,per_usd
1995-10-19,3.649,per_usd
1995-10-20,3.6435,per_usd
1995-10-23,3.6355,per_usd
1995-10-24,3.635,per_usd
1995-10-25,3.636,per_usd
1995-10-26,3.636,per_usd
1995-10-27,3.636,per_usd
1995-10-30,3.647,per_usd
1995-10-31,3.648,per_usd
1995-11-01,3.6485,per_usd
1995-11-02,3.6465,per_usd
1995-11-03,3.6465,per_usd
1995-11-06,3.6415,per_usd
1995-11-07,3.641,per_usd
1995-11-08,3.6388,per_usd
1995-11-09,3.637,per_usd
1995-11-10,3.6355,per_usd
1995-11-13,3.637,per_usd
1995-11-14,3.6415,per_usd
1995-11-15,3.64,per_usd
1995-11-16,3.6465,per_usd
1995-11-17,3.648,per_usd
1995-11-20,3.6515,per_usd
1995-11-21,3.646,per_usd
1995-11-22,3.648,per_usd
1995-11-24,3.654,per_usd
1995-11-27,3.6595,per_usd
1995-11-28,3.659,per_usd
1995-11-29,3.665,per_usd
1995-11-30,3.6675,per_usd
1995-12-01,3.666,per_usd
1995-12-04,3.6635,per_usd
1995-12-05,3.6655,per_usd
1995-12-06,3.6663,per_usd
1995-12-07,3.6658,per_usd
1995-12-08,3.6686,per_usd
1995-12-11,3.667,per_usd
1995-12-12,3.6685,per_usd
1995-12-13,3.6657,per_usd
1995-12-14,3.666,per_usd
1995-12-15,3.668,per_usd
1995-12-18,3.664,per_usd
1995-12-19,3.668,per_usd
1995-12-20,3.664,per_usd
1995-12-21,3.663,per_usd
1995-12-22,3.664,per_usd
1995-12-26,3.662,per_usd
1995-12-27,3.651,per_usd
1995-12-28,3.651,per_usd
1995-12-29,3.646,per_usd
1996-01-02,3.6425,per_usd
1996-01-03,3.63,per_usd
1996-01-04,3.632,per_usd
1996-01-05,3.628,per_usd
1996-01-08,3.6345,per_usd
1996-01-09,3.628,per_usd
1996-01-10,3.625,per_usd
1996-01-11,3.6275,per_usd
1996-01-12,3.632,per_usd
1996-01-16,3.641,per_usd
1996-01-17,3.6425,per_usd
1996-01-18,3.6423,per_usd
1996-01-19,3.6475,per_usd
1996-01-22,3.648,per_usd
1996-01-23,3.6482,per_usd
1996-01-24,3.6509,per_usd
1996-01-25,3.6525,per_usd
1996-01-26,3.657,per_usd
1996-01-29,3.654,per_usd
1996-01-30,3.654,per_usd
1996-01-31,3.6503,per_usd
1996-02-01,3.653,per_usd
1996-02-02,3.6505,per_usd
1996-02-05,3.6425,per_usd
1996-02-06,3.644,per_usd
1996-02-07,3.644,per_usd
1996-02-08,3.6442,per_usd
1996-02-09,3.648,per_usd
1996-02-12,3.647,per_usd
1996-02-13,3.649,per_usd
1996-02-14,3.645,per_usd
1996-02-15,3.6635,per_usd
1996-02-16,3.778,per_usd
1996-02-20,3.8775,per_usd
1996-02-21,3.9525,per_usd
1996-02-22,3.895,per_usd
1996-02-23,3.86,per_usd
1996-02-26,3.825,per_usd
1996-02-27,3.823,per_usd
1996-02-28,3.8225,per_usd
1996-02-29,3.875,per_usd
1996-03-01,3.905,per_usd
1996-03-04,3.9,per_usd
1996-03-05,3.875,per_usd
1996-03-06,3.882,per_usd
1996-03-07,3.912,per_usd
1996-03-08,3.922,per_usd
1996-03-11,3.941,per_usd
1996-03-12,3.933,per_usd
1996-03-13,3.91,per_usd
1996-03-14,3.945,per_usd
1996-03-15,3.923,per_usd
1996-03-18,3.933,per_usd
1996-03-19,3.926,per_usd
1996-03-20,3.9285,per_usd
1996-03-21,3.915,per_usd
1996-03-22,3.9225,per_usd
1996-03-25,3.936,per_usd
1996-03-26,3.941,per_usd
1996-03-27,3.9842,per_usd
1996-03-28,4.0025,per_usd
1996-03-29,3.978,per_usd
1996-04-01,4,per_usd
1996-04-02,4.0115,per_usd
1996-04-03,4.136,per_usd
1996-04-04,4.115,per_usd
1996-04-05,4.1275,per_usd
1996-04-08,4.0813,per_usd
1996-04-09,4.155,per_usd
1996-04-10,4.19,per_usd
1996-04-11,4.1625,per_usd
1996-04-12,4.165,per_usd
1996-04-15,4.22,per_usd
1996-04-16,4.24,per_usd
1996-04-17,4.235,per_usd
1996-04-18,4.24,per_usd
1996-04-19,4.27,per_usd
1996-04-22,4.25,per_usd
1996-04-23,4.25,per_usd
1996-04-24,4.265,per_usd
1996-04-25,4.45,per_usd
1996-04-26,4.4325,per_usd
1996-04-29,4.365,per_usd
1996-04-30,4.325,per_usd
1996-05-01,4.335,per_usd
1996-05-02,4.39,per_usd
1996-05-03,4.385,per_usd
1996-05-06,4.4075,per_usd
1996-05-07,4.389,per_usd
1996-05-08,4.495,per_usd
1996-05-09,4.47,per_usd
1996-05-10,4.39,per_usd
1996-05-13,4.37,per_usd
1996-05-14,4.3,per_usd
1996-05-15,4.3275,per_usd
1996-05-16,4.3625,per_usd
1996-05-17,4.325,per_usd
1996-05-20,4.325,per_usd
1996-05-21,4.335,per_usd
1996-05-22,4.355,per_usd
1996-05-23,4.367,per_usd
1996-05-24,4.3625,per_usd
1996-05-28,4.4,per_usd
1996-05-29,4.3825,per_usd
1996-05-30,4.3785,per_usd
1996-05-31,4.3525,per_usd
1996-06-03,4.3525,per_usd
1996-06-04,4.38,per_usd
1996-06-05,4.371,per_usd
1996-06-06,4.355,per_usd
1996-06-07,4.3675,per_usd
1996-06-10,4.355,per_usd
1996-06-11,4.352,per_usd
1996-06-12,4.329,per_usd
1996-06-13,4.32,per_usd
1996-06-14,4.3575,per_usd
1996-06-17,4.345,per_usd
1996-06-18,4.35,per_usd
1996-06-19,4.356,per_usd
1996-06-20,4.365,per_usd
1996-06-21,4.3675,per_usd
1996-06-24,4.358,per_usd
1996-06-25,4.355,per_usd
1996-06-26,4.33,per_usd
1996-06-27,4.339,per_usd
1996-06-28,4.333,per_usd
1996-07-01,4.3325,per_usd
1996-07-02,4.333,per_usd
1996-07-03,4.33,per_usd
1996-07-05,4.338,per_usd
1996-07-08,4.344,per_usd
1996-07-09,4.333,per_usd
1996-07-10,4.3325,per_usd
1996-07-11,4.347,per_usd
1996-07-12,4.411,per_usd
1996-07-15,4.433,per_usd
1996-07-16,4.431,per_usd
1996-07-17,4.392,per_usd
1996-07-18,4.393,per_usd
1996-07-19,4.3895,per_usd
1996-07-22,4.392,per_usd
1996-07-23,4.43,per_usd
1996-07-24,4.4255,per_usd
1996-07-25,4.44,per_usd
1996-07-26,4.454,per_usd
1996-07-29,4.455,per_usd
1996-07-30,4.47,per_usd
1996-07-31,4.5125,per_usd
1996-08-01,4.5025,per_usd
1996-08-02,4.4795,per_usd
1996-08-05,4.464,per_usd
1996-08-06,4.4825,per_usd
1996-08-07,4.505,per_usd
1996-08-08,4.53,per_usd
1996-08-09,4.5375,per_usd
1996-08-12,4.545,per_usd
1996-08-13,4.538,per_usd
1996-08-14,4.5595,per_usd
1996-08-15,4.567,per_usd
1996-08-16,4.558,per_usd
1996-08-19,4.576,per_usd
1996-08-20,4.567,per_usd
1996-08-21,4.561,per_usd
1996-08-22,4.56,per_usd
1996-08-23,4.543,per_usd
1996-08-26,4.53,per_usd
1996-08-27,4.5225,per_usd
1996-08-28,4.509,per_usd
1996-08-29,4.509,per_usd
1996-08-30,4.49,per_usd
1996-09-03,4.486,per_usd
1996-09-04,4.489,per_usd
1996-09-05,4.5005,per_usd
1996-09-06,4.5135,per_usd
1996-09-09,4.4925,per_usd
1996-09-10,4.491,per_usd
1996-09-11,4.485,per_usd
1996-09-12,4.499,per_usd
1996-09-13,4.499,per_usd
1996-09-16,4.4875,per_usd
1996-09-17,4.4875,per_usd
1996-09-18,4.4865,per_usd
1996-09-19,4.4975,per_usd
1996-09-20,4.507,per_usd
1996-09-23,4.51,per_usd
1996-09-24,4.517,per_usd
1996-09-25,4.517,per_usd
1996-09-26,4.539,per_usd
1996-09-27,4.536,per_usd
1996-09-30,4.537,per_usd
1996-10-01,4.535,per_usd
1996-10-02,4.503,per_usd
1996-10-03,4.529,per_usd
1996-10-04,4.5385,per_usd
1996-10-07,4.541,per_usd
1996-10-08,4.536,per_usd
1996-10-09,4.542,per_usd
1996-10-10,4.555,per_usd
1996-10-11,4.546,per_usd
1996-10-15,4.542,per_usd
1996-10-16,4.554,per_usd
1996-10-17,4.548,per_usd
1996-10-18,4.553,per_usd
1996-10-21,4.57,per_usd
1996-10-22,4.5735,per_usd
1996-10-23,4.582,per_usd
1996-10-24,4.59,per_usd
1996-10-25,4.623,per_usd
1996-10-28,4.668,per_usd
1996-10-29,4.69,per_usd
1996-10-30,4.749,per_usd
1996-10-31,4.69,per_usd
1996-11-01,4.686,per_usd
1996-11-04,4.7025,per_usd
1996-11-05,4.709,per_usd
1996-11-06,4.712,per_usd
1996-11-07,4.7025,per_usd
1996-11-08,4.709,per_usd
1996-11-12,4.674,per_usd
1996-11-13,4.6915,per_usd
1996-11-14,4.69,per_usd
1996-11-15,4.6775,per_usd
1996-11-18,4.66,per_usd
1996-11-19,4.635,per_usd
1996-11-20,4.6655,per_usd
1996-11-21,4.604,per_usd
1996-11-22,4.615,per_usd
1996-11-25,4.6095,per_usd
1996-11-26,4.586,per_usd
1996-11-27,4.555,per_usd
1996-11-29,4.613,per_usd
1996-12-02,4.6405,per_usd
1996-12-03,4.658,per_usd
1996-12-04,4.67,per_usd
1996-12-05,4.674,per_usd
1996-12-06,4.665,per_usd
1996-12-09,4.69,per_usd
1996-12-10,4.6845,per_usd
1996-12-11,4.672,per_usd
1996-12-12,4.75,per_usd
1996-12-13,4.733,per_usd
1996-12-16,4.722,per_usd
1996-12-17,4.72,per_usd
1996-12-18,4.683,per_usd
1996-12-19,4.672,per_usd
1996-12-20,4.681,per_usd
1996-12-23,4.692,per_usd
1996-12-24,4.6905,per_usd
1996-12-26,4.692,per_usd
1996-12-27,4.68,per_usd
1996-12-30,4.68,per_usd
1996-12-31,4.683,per_usd
1997-01-02,4.6925,per_usd
1997-01-03,4.701,per_usd
1997-01-06,4.702,per_usd
1997-01-07,4.663,per_usd
1997-01-08,4.6865,per_usd
1997-01-09,4.674,per_usd
1997-01-10,4.683,per_usd
1997-01-13,4.6765,per_usd
1997-01-14,4.667,per_usd
1997-01-15,4.649,per_usd
1997-01-16,4.658,per_usd
1997-01-17,4.643,per_usd
1997-01-21,4.656,per_usd
1997-01-22,4.618,per_usd
1997-01-23,4.619,per_usd
1997-01-24,4.615,per_usd
1997-01-27,4.5835,per_usd
1997-01-28,4.57,per_usd
1997-01-29,4.5575,per_usd
1997-01-30,4.569,per_usd
1997-01-31,4.56,per_usd
1997-02-03,4.53,per_usd
1997-02-04,4.53,per_usd
1997-02-05,4.49,per_usd
1997-02-06,4.469,per_usd
1997-02-07,4.44,per_usd
1997-02-10,4.395,per_usd
1997-02-11,4.415,per_usd
1997-02-12,4.4075,per_usd
1997-02-13,4.415,per_usd
1997-02-14,4.4185,per_usd
1997-02-18,4.465,per_usd
1997-02-19,4.478,per_usd
1997-02-20,4.485,per_usd
1997-02-21,4.483,per_usd
1997-02-24,4.425,per_usd
1997-02-25,4.421,per_usd
1997-02-26,4.436,per_usd
1997-02-27,4.473,per_usd
1997-02-28,4.482,per_usd
1997-03-03,4.473,per_usd
1997-03-04,4.45,per_usd
1997-03-05,4.449,per_usd
1997-03-06,4.456,per_usd
1997-03-07,4.461,per_usd
1997-03-10,4.433,per_usd
1997-03-11,4.4325,per_usd
1997-03-12,4.403,per_usd
1997-03-13,4.401,per_usd
1997-03-14,4.44,per_usd
1997-03-17,4.432,per_usd
1997-03-18,4.417,per_usd
1997-03-19,4.4265,per_usd
1997-03-20,4.43,per_usd
1997-03-21,4.429,per_usd
1997-03-24,4.4275,per_usd
1997-03-25,4.4184,per_usd
1997-03-26,4.424,per_usd
1997-03-27,4.4215,per_usd
1997-03-28,4.425,per_usd
1997-03-31,4.421,per_usd
1997-04-01,4.413,per_usd
1997-04-02,4.4205,per_usd
1997-04-03,4.419,per_usd
1997-04-04,4.4125,per_usd
1997-04-07,4.429,per_usd
1997-04-08,4.426,per_usd
1997-04-09,4.439,per_usd
1997-04-10,4.455,per_usd
1997-04-11,4.451,per_usd
1997-04-14,4.457,per_usd
1997-04-15,4.464,per_usd
1997-04-16,4.459,per_usd
1997-04-17,4.4555,per_usd
1997-04-18,4.446,per_usd
1997-04-21,4.448,per_usd
1997-04-22,4.449,per_usd
1997-04-23,4.4475,per_usd
1997-04-24,4.444,per_usd
1997-04-25,4.45,per_usd
1997-04-28,4.443,per_usd
1997-04-29,4.443,per_usd
1997-04-30,4.447,per_usd
1997-05-01,4.447,per_usd
1997-05-02,4.4535,per_usd
1997-05-05,4.458,per_usd
1997-05-06,4.4555,per_usd
1997-05-07,4.455,per_usd
1997-05-08,4.469,per_usd
1997-05-09,4.4625,per_usd
1997-05-12,4.4635,per_usd
1997-05-13,4.468,per_usd
1997-05-14,4.482,per_usd
1997-05-15,4.484,per_usd
1997-05-16,4.4775,per_usd
1997-05-19,4.4675,per_usd
1997-05-20,4.467,per_usd
1997-05-21,4.4585,per_usd
1997-05-22,4.471,per_usd
1997-05-23,4.4745,per_usd
1997-05-27,4.477,per_usd
1997-05-28,4.473,per_usd
1997-05-29,4.4705,per_usd
1997-05-30,4.469,per_usd
1997-06-02,4.473,per_usd
1997-06-03,4.4695,per_usd
1997-06-04,4.4665,per_usd
1997-06-05,4.4835,per_usd
1997-06-06,4.4845,per_usd
1997-06-09,4.503,per_usd
1997-06-10,4.501,per_usd
1997-06-11,4.498,per_usd
1997-06-12,4.4995,per_usd
1997-06-13,4.503,per_usd
1997-06-16,4.499,per_usd
1997-06-17,4.511,per_usd
1997-06-18,4.516,per_usd
1997-06-19,4.514,per_usd
1997-06-20,4.51,per_usd
1997-06-23,4.4995,per_usd
1997-06-24,4.5025,per_usd
1997-06-25,4.507,per_usd
1997-06-26,4.512,per_usd
1997-06-27,4.5205,per_usd
1997-06-30,4.5385,per_usd
1997-07-01,4.531,per_usd
1997-07-02,4.533,per_usd
1997-07-03,4.525,per_usd
1997-07-07,4.5395,per_usd
1997-07-08,4.5565,per_usd
1997-07-09,4.558,per_usd
1997-07-10,4.5525,per_usd
1997-07-11,4.548,per_usd
1997-07-14,4.5555,per_usd
1997-07-15,4.556,per_usd
1997-07-16,4.557,per_usd
1997-07-17,4.5585,per_usd
1997-07-18,4.568,per_usd
1997-07-21,4.575,per_usd
1997-07-22,4.5745,per_usd
1997-07-23,4.5635,per_usd
1997-07-24,4.558,per_usd
1997-07-25,4.566,per_usd
1997-07-28,4.5755,per_usd
1997-07-29,4.5875,per_usd
1997-07-30,4.5935,per_usd
1997-07-31,4.613,per_usd
1997-08-01,4.635,per_usd
1997-08-04,4.653,per_usd
1997-08-05,4.653,per_usd
1997-08-06,4.675,per_usd
1997-08-07,4.679,per_usd
1997-08-08,4.6685,per_usd
1997-08-11,4.667,per_usd
1997-08-12,4.6705,per_usd
1997-08-13,4.661,per_usd
1997-08-14,4.688,per_usd
1997-08-15,4.69,per_usd
1997-08-18,4.685,per_usd
1997-08-19,4.703,per_usd
1997-08-20,4.75,per_usd
1997-08-21,4.745,per_usd
1997-08-22,4.69,per_usd
1997-08-25,4.6955,per_usd
1997-08-26,4.694,per_usd
1997-08-27,4.6975,per_usd
1997-08-28,4.704,per_usd
1997-08-29,4.693,per_usd
1997-09-02,4.704,per_usd
1997-09-03,4.7015,per_usd
1997-09-04,4.704,per_usd
1997-09-05,4.692,per_usd
1997-09-08,4.6921,per_usd
1997-09-09,4.7025,per_usd
1997-09-10,4.7025,per_usd
1997-09-11,4.696,per_usd
1997-09-12,4.689,per_usd
1997-09-15,4.675,per_usd
1997-09-16,4.68,per_usd
1997-09-17,4.6825,per_usd
1997-09-18,4.678,per_usd
1997-09-19,4.6775,per_usd
1997-09-22,4.704,per_usd
1997-09-23,4.702,per_usd
1997-09-24,4.6935,per_usd
1997-09-25,4.6895,per_usd
1997-09-26,4.68,per_usd
1997-09-29,4.663,per_usd
1997-09-30,4.6605,per_usd
1997-10-01,4.673,per_usd
1997-10-02,4.6625,per_usd
1997-10-03,4.6715,per_usd
1997-10-06,4.664,per_usd
1997-10-07,4.669,per_usd
1997-10-08,4.672,per_usd
1997-10-09,4.672,per_usd
1997-10-10,4.67,per_usd
1997-10-14,4.6725,per_usd
1997-10-15,4.673,per_usd
1997-10-16,4.688,per_usd
1997-10-17,4.6975,per_usd
1997-10-20,4.694,per_usd
1997-10-21,4.698,per_usd
1997-10-22,4.715,per_usd
1997-10-23,4.728,per_usd
1997-10-24,4.7325,per_usd
1997-10-27,4.784,per_usd
1997-10-28,4.8265,per_usd
1997-10-29,4.811,per_usd
1997-10-30,4.83,per_usd
1997-10-31,4.815,per_usd
1997-11-03,4.788,per_usd
1997-11-04,4.8295,per_usd
1997-11-05,4.818,per_usd
1997-11-06,4.8255,per_usd
1997-11-07,4.836,per_usd
1997-11-10,4.826,per_usd
1997-11-12,4.828,per_usd
1997-11-13,4.837,per_usd
1997-11-14,4.8575,per_usd
1997-11-17,4.8565,per_usd
1997-11-18,4.856,per_usd
1997-11-19,4.859,per_usd
1997-11-20,4.854,per_usd
1997-11-21,4.8335,per_usd
1997-11-24,4.839,per_usd
1997-11-25,4.8525,per_usd
1997-11-26,4.8545,per_usd
1997-11-28,4.858,per_usd
1997-12-01,4.8649,per_usd
1997-12-02,4.86,per_usd
1997-12-03,4.858,per_usd
1997-12-04,4.866,per_usd
1997-12-05,4.876,per_usd
1997-12-08,4.869,per_usd
1997-12-09,4.8825,per_usd
1997-12-10,4.893,per_usd
1997-12-11,4.8975,per_usd
1997-12-12,4.893,per_usd
1997-12-15,4.8905,per_usd
1997-12-16,4.888,per_usd
1997-12-17,4.8615,per_usd
1997-12-18,4.8595,per_usd
1997-12-19,4.8665,per_usd
1997-12-22,4.857,per_usd
1997-12-23,4.857,per_usd
1997-12-24,4.858,per_usd
1997-12-26,4.863,per_usd
1997-12-29,4.8625,per_usd
1997-12-30,4.863,per_usd
1997-12-31,4.866,per_usd
1998-01-02,4.885,per_usd
1998-01-05,4.9145,per_usd
1998-01-06,4.943,per_usd
1998-01-07,4.9315,per_usd
1998-01-08,4.948,per_usd
1998-01-09,4.9315,per_usd
1998-01-12,4.99,per_usd
1998-01-13,4.975,per_usd
1998-01-14,4.945,per_usd
1998-01-15,4.978,per_usd
1998-01-16,4.976,per_usd
1998-01-20,4.979,per_usd
1998-01-21,4.9645,per_usd
1998-01-22,4.9425,per_usd
1998-01-23,4.9285,per_usd
1998-01-26,4.9045,per_usd
1998-01-27,4.9125,per_usd
1998-01-28,4.918,per_usd
1998-01-29,4.926,per_usd
1998-01-30,4.94,per_usd
1998-02-02,4.9275,per_usd
1998-02-03,4.9345,per_usd
1998-02-04,4.918,per_usd
1998-02-05,4.911,per_usd
1998-02-06,4.904,per_usd
1998-02-09,4.915,per_usd
1998-02-10,4.929,per_usd
1998-02-11,4.927,per_usd
1998-02-12,4.932,per_usd
1998-02-13,4.939,per_usd
1998-02-17,4.9425,per_usd
1998-02-18,4.946,per_usd
1998-02-19,4.943,per_usd
1998-02-20,4.951,per_usd
1998-02-23,4.944,per_usd
1998-02-24,4.937,per_usd
1998-02-25,4.9465,per_usd
1998-02-26,4.95,per_usd
1998-02-27,4.9435,per_usd
1998-03-02,4.931,per_usd
1998-03-03,4.931,per_usd
1998-03-04,4.931,per_usd
1998-03-05,4.949,per_usd
1998-03-06,4.985,per_usd
1998-03-09,4.98,per_usd
1998-03-10,4.9765,per_usd
1998-03-11,4.987,per_usd
1998-03-12,4.9875,per_usd
1998-03-13,4.974,per_usd
1998-03-16,4.971,per_usd
1998-03-17,4.9685,per_usd
1998-03-18,4.978,per_usd
1998-03-19,4.974,per_usd
1998-03-20,4.982,per_usd
1998-03-23,4.981,per_usd
1998-03-24,4.976,per_usd
1998-03-25,4.971,per_usd
1998-03-26,4.9745,per_usd
1998-03-27,4.977,per_usd
1998-03-30,5.02,per_usd
1998-03-31,5.036,per_usd
1998-04-01,5.047,per_usd
1998-04-02,5.041,per_usd
1998-04-03,5.0405,per_usd
1998-04-06,5.0525,per_usd
1998-04-07,5.05,per_usd
1998-04-08,5.045,per_usd
1998-04-09,5.0375,per_usd
1998-04-10,5.039,per_usd
1998-04-13,5.039,per_usd
1998-04-14,5.033,per_usd
1998-04-15,5.036,per_usd
1998-04-16,5.045,per_usd
1998-04-17,5.044,per_usd
1998-04-20,5.05,per_usd
1998-04-21,5.047,per_usd
1998-04-22,5.0484,per_usd
1998-04-23,5.0635,per_usd
1998-04-24,5.0535,per_usd
1998-04-27,5.048,per_usd
1998-04-28,5.0445,per_usd
1998-04-29,5.0515,per_usd
1998-04-30,5.054,per_usd
1998-05-01,5.052,per_usd
1998-05-04,5.06,per_usd
1998-05-05,5.06,per_usd
1998-05-06,5.057,per_usd
1998-05-07,5.0655,per_usd
1998-05-08,5.063,per_usd
1998-05-11,5.065,per_usd
1998-05-12,5.075,per_usd
1998-05-13,5.084,per_usd
1998-05-14,5.084,per_usd
1998-05-15,5.0895,per_usd
1998-05-18,5.098,per_usd
1998-05-19,5.1101,per_usd
1998-05-20,5.106,per_usd
1998-05-21,5.084,per_usd
1998-05-22,5.094,per_usd
1998-05-26,5.119,per_usd
1998-05-27,5.1545,per_usd
1998-05-28,5.18,per_usd
1998-05-29,5.154,per_usd
1998-06-01,5.205,per_usd
1998-06-02,5.136,per_usd
1998-06-03,5.109,per_usd
1998-06-04,5.114,per_usd
1998-06-05,5.137,per_usd
1998-06-08,5.1635,per_usd
1998-06-09,5.165,per_usd
1998-06-10,5.203,per_usd
1998-06-11,5.265,per_usd
1998-06-12,5.33,per_usd
1998-06-15,5.392,per_usd
1998-06-16,5.359,per_usd
1998-06-17,5.333,per_usd
1998-06-18,5.4025,per_usd
1998-06-19,5.4775,per_usd
1998-06-22,5.5175,per_usd
1998-06-23,5.484,per_usd
1998-06-24,5.432,per_usd
1998-06-25,5.5825,per_usd
1998-06-26,5.917,per_usd
1998-06-29,5.955,per_usd
1998-06-30,5.9235,per_usd
1998-07-01,5.9901,per_usd
1998-07-02,6.325,per_usd
1998-07-03,6.365,per_usd
1998-07-06,6.47,per_usd
1998-07-07,6.18,per_usd
1998-07-08,6.15,per_usd
1998-07-09,6.285,per_usd
1998-07-10,6.385,per_usd
1998-07-13,6.1425,per_usd
1998-07-14,6.01,per_usd
1998-07-15,6.1325,per_usd
1998-07-16,6.2075,per_usd
1998-07-17,6.39,per_usd
1998-07-20,6.245,per_usd
1998-07-21,6.36,per_usd
1998-07-22,6.2575,per_usd
1998-07-23,6.24,per_usd
1998-07-24,6.185,per_usd
1998-07-27,6.26,per_usd
1998-07-28,6.25,per_usd
1998-07-29,6.19,per_usd
1998-07-30,6.1,per_usd
1998-07-31,6.135,per_usd
1998-08-03,6.17,per_usd
1998-08-04,6.18,per_usd
1998-08-05,6.155,per_usd
1998-08-06,6.22,per_usd
1998-08-07,6.285,per_usd
1998-08-10,6.29,per_usd
1998-08-11,6.36,per_usd
1998-08-12,6.3425,per_usd
1998-08-13,6.3,per_usd
1998-08-14,6.325,per_usd
1998-08-17,6.265,per_usd
1998-08-18,6.265,per_usd
1998-08-19,6.32,per_usd
1998-08-20,6.35,per_usd
1998-08-21,6.38,per_usd
1998-08-24,6.275,per_usd
1998-08-25,6.2725,per_usd
1998-08-26,6.4,per_usd
1998-08-27,6.64,per_usd
1998-08-28,6.48,per_usd
1998-08-31,6.44,per_usd
1998-09-01,6.28,per_usd
1998-09-02,6.21,per_usd
1998-09-03,6.22,per_usd
1998-09-04,6.235,per_usd
1998-09-08,6.2475,per_usd
1998-09-09,6.235,per_usd
1998-09-10,6.265,per_usd
1998-09-11,6.275,per_usd
1998-09-14,6.235,per_usd
1998-09-15,6.175,per_usd
1998-09-16,6.11,per_usd
1998-09-17,6.1605,per_usd
1998-09-18,6.15,per_usd
1998-09-21,6.13,per_usd
1998-09-22,5.9525,per_usd
1998-09-23,5.955,per_usd
1998-09-24,5.785,per_usd
1998-09-25,5.845,per_usd
1998-09-28,5.85,per_usd
1998-09-29,5.83,per_usd
1998-09-30,5.8824,per_usd
1998-10-01,6.11,per_usd
1998-10-02,6.13,per_usd
1998-10-05,6.08,per_usd
1998-10-06,6.01,per_usd
1998-10-07,5.87,per_usd
1998-10-08,5.82,per_usd
1998-10-09,5.7995,per_usd
1998-10-13,5.8125,per_usd
1998-10-14,5.67,per_usd
1998-10-15,5.675,per_usd
1998-10-16,5.6971,per_usd
1998-10-19,5.67,per_usd
1998-10-20,5.75,per_usd
1998-10-21,5.695,per_usd
1998-10-22,5.725,per_usd
1998-10-23,5.74,per_usd
1998-10-26,5.6975,per_usd
1998-10-27,5.77,per_usd
1998-10-28,5.75,per_usd
1998-10-29,5.71,per_usd
1998-10-30,5.6,per_usd
1998-11-02,5.64,per_usd
1998-11-03,5.624,per_usd
1998-11-04,5.5825,per_usd
1998-11-05,5.59,per_usd
1998-11-06,5.49,per_usd
1998-11-09,5.585,per_usd
1998-11-10,5.655,per_usd
1998-11-12,5.76,per_usd
1998-11-13,5.7,per_usd
1998-11-16,5.666,per_usd
1998-11-17,5.689,per_usd
1998-11-18,5.675,per_usd
1998-11-19,5.6375,per_usd
1998-11-20,5.62,per_usd
1998-11-23,5.6675,per_usd
1998-11-24,5.7,per_usd
1998-11-25,5.685,per_usd
1998-11-27,5.71,per_usd
1998-11-30,5.695,per_usd
1998-12-01,5.665,per_usd
1998-12-02,5.6575,per_usd
1998-12-03,5.735,per_usd
1998-12-04,5.895,per_usd
1998-12-07,5.905,per_usd
1998-12-08,6.02,per_usd
1998-12-09,5.98,per_usd
1998-12-10,5.967,per_usd
1998-12-11,5.975,per_usd
1998-12-14,6.018,per_usd
1998-12-15,6.03,per_usd
1998-12-16,5.99,per_usd
1998-12-17,5.8925,per_usd
1998-12-18,5.93,per_usd
1998-12-21,5.9095,per_usd
1998-12-22,5.925,per_usd
1998-12-23,5.925,per_usd
1998-12-24,5.92,per_usd
1998-12-28,5.8825,per_usd
1998-12-29,5.88,per_usd
1998-12-30,5.87,per_usd
1998-12-31,5.895,per_usd
1999-01-04,5.8675,per_usd
1999-01-05,5.7625,per_usd
1999-01-06,5.6775,per_usd
1999-01-07,5.84,per_usd
1999-01-08,5.835,per_usd
1999-01-11,5.98,per_usd
1999-01-12,6.033,per_usd
1999-01-13,6.125,per_usd
1999-01-14,6.24,per_usd
1999-01-15,6.08,per_usd
1999-01-19,6.055,per_usd
1999-01-20,6.025,per_usd
1999-01-21,6.07,per_usd
1999-01-22,6.045,per_usd
1999-01-25,6.0525,per_usd
1999-01-26,6.04,per_usd
1999-01-27,6.025,per_usd
1999-01-28,6.045,per_usd
1999-01-29,6.07,per_usd
1999-02-01,6.041,per_usd
1999-02-02,6.01,per_usd
1999-02-03,6.015,per_usd
1999-02-04,6.05,per_usd
1999-02-05,5.975,per_usd
1999-02-08,5.965,per_usd
1999-02-09,6.1,per_usd
1999-02-10,6.0895,per_usd
1999-02-11,6.07,per_usd
1999-02-12,6.1055,per_usd
1999-02-16,6.135,per_usd
1999-02-17,6.16,per_usd
1999-02-18,6.18,per_usd
1999-02-19,6.26,per_usd
1999-02-22,6.2,per_usd
1999-02-23,6.2225,per_usd
1999-02-24,6.2045,per_usd
1999-02-25,6.19,per_usd
1999-02-26,6.205,per_usd
1999-03-01,6.2325,per_usd
1999-03-02,6.2475,per_usd
1999-03-03,6.25,per_usd
1999-03-04,6.249,per_usd
1999-03-05,6.213,per_usd
1999-03-08,6.2,per_usd
1999-03-09,6.1675,per_usd
1999-03-10,6.1475,per_usd
1999-03-11,6.16,per_usd
1999-03-12,6.185,per_usd
1999-03-15,6.215,per_usd
1999-03-16,6.257,per_usd
1999-03-17,6.232,per_usd
1999-03-18,6.26,per_usd
1999-03-19,6.19,per_usd
1999-03-22,6.175,per_usd
1999-03-23,6.24,per_usd
1999-03-24,6.2025,per_usd
1999-03-25,6.205,per_usd
1999-03-26,6.265,per_usd
1999-03-29,6.2335,per_usd
1999-03-30,6.215,per_usd
1999-03-31,6.17,per_usd
1999-04-01,6.17,per_usd
1999-04-02,6.175,per_usd
1999-04-05,6.165,per_usd
1999-04-06,6.1725,per_usd
1999-04-07,6.195,per_usd
1999-04-08,6.22,per_usd
1999-04-09,6.18,per_usd
1999-04-12,6.175,per_usd
1999-04-13,6.11,per_usd
1999-04-14,6.075,per_usd
1999-04-15,6.104,per_usd
1999-04-16,6.11,per_usd
1999-04-19,6.0475,per_usd
1999-04-20,6.0825,per_usd
1999-04-21,6.0825,per_usd
1999-04-22,6.09,per_usd
1999-04-23,6.098,per_usd
1999-04-26,6.073,per_usd
1999-04-27,6.07,per_usd
1999-04-28,6.065,per_usd
1999-04-29,6.0635,per_usd
1999-04-30,6.085,per_usd
1999-05-03,6.0575,per_usd
1999-05-04,6.0635,per_usd
1999-05-05,6.1115,per_usd
1999-05-06,6.095,per_usd
1999-05-07,6.142,per_usd
1999-05-10,6.172,per_usd
1999-05-11,6.166,per_usd
1999-05-12,6.2075,per_usd
1999-05-13,6.216,per_usd
1999-05-14,6.2235,per_usd
1999-05-17,6.1925,per_usd
1999-05-18,6.155,per_usd
1999-05-19,6.185,per_usd
1999-05-20,6.215,per_usd
1999-05-21,6.2025,per_usd
1999-05-24,6.215,per_usd
1999-05-25,6.2325,per_usd
1999-05-26,6.2625,per_usd
1999-05-27,6.27,per_usd
1999-05-28,6.2325,per_usd
1999-06-01,6.21,per_usd
1999-06-02,6.2085,per_usd
1999-06-03,6.1975,per_usd
1999-06-04,6.16,per_usd
1999-06-07,6.09,per_usd
1999-06-08,6.108,per_usd
1999-06-09,6.134,per_usd
1999-06-10,6.135,per_usd
1999-06-11,6.08,per_usd
1999-06-14,6.097,per_usd
1999-06-15,6.0925,per_usd
1999-06-16,6.083,per_usd
1999-06-17,6.041,per_usd
1999-06-18,5.997,per_usd
1999-06-21,6.015,per_usd
1999-06-22,5.98,per_usd
1999-06-23,6.04,per_usd
1999-06-24,6.07,per_usd
1999-06-25,6.066,per_usd
1999-06-28,6.0575,per_usd
1999-06-29,6.035,per_usd
1999-06-30,6.038,per_usd
1999-07-01,6.035,per_usd
1999-07-02,6.025,per_usd
1999-07-06,6.055,per_usd
1999-07-07,6.051,per_usd
1999-07-08,6.07,per_usd
1999-07-09,6.115,per_usd
1999-07-12,6.145,per_usd
1999-07-13,6.1535,per_usd
1999-07-14,6.1525,per_usd
1999-07-15,6.1455,per_usd
1999-07-16,6.151,per_usd
1999-07-19,6.17,per_usd
1999-07-20,6.126,per_usd
1999-07-21,6.1075,per_usd
1999-07-22,6.1162,per_usd
1999-07-23,6.115,per_usd
1999-07-26,6.14,per_usd
1999-07-27,6.13,per_usd
1999-07-28,6.147,per_usd
1999-07-29,6.1675,per_usd
1999-07-30,6.165,per_usd
1999-08-02,6.2,per_usd
1999-08-03,6.195,per_usd
1999-08-04,6.155,per_usd
1999-08-05,6.1775,per_usd
1999-08-06,6.1775,per_usd
1999-08-09,6.165,per_usd
1999-08-10,6.1725,per_usd
1999-08-11,6.143,per_usd
1999-08-12,6.114,per_usd
1999-08-13,6.11,per_usd
1999-08-16,6.105,per_usd
1999-08-17,6.1225,per_usd
1999-08-18,6.126,per_usd
1999-08-19,6.12,per_usd
1999-08-20,6.1125,per_usd
1999-08-23,6.079,per_usd
1999-08-24,6.0975,per_usd
1999-08-25,6.114,per_usd
1999-08-26,6.095,per_usd
1999-08-27,6.0975,per_usd
1999-08-30,6.091,per_usd
1999-08-31,6.095,per_usd
1999-09-01,6.032,per_usd
1999-09-02,6.0475,per_usd
1999-09-03,6.012,per_usd
1999-09-07,6.05,per_usd
1999-09-08,6.092,per_usd
1999-09-09,6.08,per_usd
1999-09-10,6.065,per_usd
1999-09-13,6.0675,per_usd
1999-09-14,6.0775,per_usd
1999-09-15,6.1275,per_usd
1999-09-16,6.128,per_usd
1999-09-17,6.0945,per_usd
1999-09-20,6.085,per_usd
1999-09-21,6.065,per_usd
1999-09-22,6.07,per_usd
1999-09-23,6.04,per_usd
1999-09-24,6.045,per_usd
1999-09-27,6.016,per_usd
1999-09-28,5.98,per_usd
1999-09-29,6.005,per_usd
1999-09-30,6.0025,per_usd
1999-10-01,6.015,per_usd
1999-10-04,5.9965,per_usd
1999-10-05,5.986,per_usd
1999-10-06,6.05,per_usd
1999-10-07,6.048,per_usd
1999-10-08,6.045,per_usd
1999-10-12,6.0775,per_usd
1999-10-13,6.12,per_usd
1999-10-14,6.1187,per_usd
1999-10-15,6.135,per_usd
1999-10-18,6.1585,per_usd
1999-10-19,6.1375,per_usd
1999-10-20,6.1265,per_usd
1999-10-21,6.1475,per_usd
1999-10-22,6.1375,per_usd
1999-10-25,6.136,per_usd
1999-10-26,6.164,per_usd
1999-10-27,6.161,per_usd
1999-10-28,6.153,per_usd
1999-10-29,6.145,per_usd
1999-11-01,6.1575,per_usd
1999-11-02,6.155,per_usd
1999-11-03,6.1375,per_usd
1999-11-04,6.125,per_usd
1999-11-05,6.11,per_usd
1999-11-08,6.121,per_usd
1999-11-09,6.129,per_usd
1999-11-10,6.1335,per_usd
1999-11-12,6.12,per_usd
1999-11-15,6.149,per_usd
1999-11-16,6.153,per_usd
1999-11-17,6.15,per_usd
1999-11-18,6.1465,per_usd
1999-11-19,6.138,per_usd
1999-11-22,6.139,per_usd
1999-11-23,6.139,per_usd
1999-11-24,6.132,per_usd
1999-11-26,6.144,per_usd
1999-11-29,6.19,per_usd
1999-11-30,6.178,per_usd
1999-12-01,6.155,per_usd
1999-12-02,6.153,per_usd
1999-12-03,6.157,per_usd
1999-12-06,6.157,per_usd
1999-12-07,6.158,per_usd
1999-12-08,6.156,per_usd
1999-12-09,6.148,per_usd
1999-12-10,6.122,per_usd
1999-12-13,6.1275,per_usd
1999-12-14,6.13,per_usd
1999-12-15,6.1575,per_usd
1999-12-16,6.142,per_usd
1999-12-17,6.1475,per_usd
1999-12-20,6.14,per_usd
1999-12-21,6.149,per_usd
1999-12-22,6.1525,per_usd
1999-12-23,6.15,per_usd
1999-12-24,6.16,per_usd
1999-12-27,6.158,per_usd
1999-12-28,6.153,per_usd
1999-12-29,6.165,per_usd
1999-12-30,6.1585,per_usd
1999-12-31,6.16,per_usd
2000-01-03,6.126,per_usd
2000-01-04,6.085,per_usd
2000-01-05,6.07,per_usd
2000-01-06,6.08,per_usd
2000-01-07,6.057,per_usd
2000-01-10,6.0765,per_usd
2000-01-11,6.09,per_usd
2000-01-12,6.0685,per_usd
2000-01-13,6.057,per_usd
2000-01-14,6.075,per_usd
2000-01-18,6.089,per_usd
2000-01-19,6.114,per_usd
2000-01-20,6.1,per_usd
2000-01-21,6.128,per_usd
2000-01-24,6.1675,per_usd
2000-01-25,6.1617,per_usd
2000-01-26,6.175,per_usd
2000-01-27,6.227,per_usd
2000-01-28,6.3575,per_usd
2000-01-31,6.3125,per_usd
2000-02-01,6.28,per_usd
2000-02-02,6.2825,per_usd
2000-02-03,6.2575,per_usd
2000-02-04,6.286,per_usd
2000-02-07,6.2905,per_usd
2000-02-08,6.299,per_usd
2000-02-09,6.32,per_usd
2000-02-10,6.3425,per_usd
2000-02-11,6.361,per_usd
2000-02-14,6.355,per_usd
2000-02-15,6.355,per_usd
2000-02-16,6.3375,per_usd
2000-02-17,6.325,per_usd
2000-02-18,6.325,per_usd
2000-02-22,6.313,per_usd
2000-02-23,6.335,per_usd
2000-02-24,6.329,per_usd
2000-02-25,6.312,per_usd
2000-02-28,6.3725,per_usd
2000-02-29,6.34,per_usd
2000-03-01,6.3525,per_usd
2000-03-02,6.368,per_usd
2000-03-03,6.49,per_usd
2000-03-06,6.5,per_usd
2000-03-07,6.523,per_usd
2000-03-08,6.4825,per_usd
2000-03-09,6.4025,per_usd
2000-03-10,6.3875,per_usd
2000-03-13,6.435,per_usd
2000-03-14,6.44,per_usd
2000-03-15,6.475,per_usd
2000-03-16,6.45,per_usd
2000-03-17,6.47,per_usd
2000-03-20,6.492,per_usd
2000-03-21,6.484,per_usd
2000-03-22,6.4575,per_usd
2000-03-23,6.478,per_usd
2000-03-24,6.4835,per_usd
2000-03-27,6.465,per_usd
2000-03-28,6.49,per_usd
2000-03-29,6.5125,per_usd
2000-03-30,6.579,per_usd
2000-03-31,6.535,per_usd
2000-04-03,6.565,per_usd
2000-04-04,6.56,per_usd
2000-04-05,6.6025,per_usd
2000-04-06,6.575,per_usd
2000-04-07,6.561,per_usd
2000-04-10,6.555,per_usd
2000-04-11,6.5925,per_usd
2000-04-12,6.574,per_usd
2000-04-13,6.5645,per_usd
2000-04-14,6.5835,per_usd
2000-04-17,6.621,per_usd
2000-04-18,6.61,per_usd
2000-04-19,6.638,per_usd
2000-04-20,6.702,per_usd
2000-04-21,6.74,per_usd
2000-04-24,6.7325,per_usd
2000-04-25,6.7305,per_usd
2000-04-26,6.805,per_usd
2000-04-27,6.865,per_usd
2000-04-28,6.783,per_usd
2000-05-01,6.785,per_usd
2000-05-02,6.775,per_usd
2000-05-03,6.845,per_usd
2000-05-04,6.9225,per_usd
2000-05-05,6.94,per_usd
2000-05-08,6.94,per_usd
2000-05-09,7.09,per_usd
2000-05-10,7.0755,per_usd
2000-05-11,6.975,per_usd
2000-05-12,7.04,per_usd
2000-05-15,7.04,per_usd
2000-05-16,7.0725,per_usd
2000-05-17,7.1175,per_usd
2000-05-18,7.134,per_usd
2000-05-19,7.18,per_usd
2000-05-22,7.1175,per_usd
2000-05-23,7.055,per_usd
2000-05-24,7.118,per_usd
2000-05-25,7.1475,per_usd
2000-05-26,7.135,per_usd
2000-05-30,7.0515,per_usd
2000-05-31,6.9675,per_usd
2000-06-01,6.9875,per_usd
2000-06-02,6.93,per_usd
2000-06-05,6.925,per_usd
2000-06-06,6.945,per_usd
2000-06-07,6.9725,per_usd
2000-06-08,7.0475,per_usd
2000-06-09,7.004,per_usd
2000-06-12,7.028,per_usd
2000-06-13,7.005,per_usd
2000-06-14,6.93,per_usd
2000-06-15,6.9,per_usd
2000-06-16,6.83,per_usd
2000-06-19,6.866,per_usd
2000-06-20,6.905,per_usd
2000-06-21,6.93,per_usd
2000-06-22,6.919,per_usd
2000-06-23,6.88,per_usd
2000-06-26,6.878,per_usd
2000-06-27,6.8175,per_usd
2000-06-28,6.81,per_usd
2000-06-29,6.8225,per_usd
2000-06-30,6.79,per_usd
2000-07-03,6.8125,per_usd
2000-07-05,6.785,per_usd
2000-07-06,6.85,per_usd
2000-07-07,6.845,per_usd
2000-07-10,6.825,per_usd
2000-07-11,6.81,per_usd
2000-07-12,6.835,per_usd
2000-07-13,6.845,per_usd
2000-07-14,6.89,per_usd
2000-07-17,6.9275,per_usd
2000-07-18,6.9475,per_usd
2000-07-19,6.98,per_usd
2000-07-20,6.9225,per_usd
2000-07-21,6.925,per_usd
2000-07-24,6.955,per_usd
2000-07-25,6.96,per_usd
2000-07-26,6.945,per_usd
2000-07-27,6.942,per_usd
2000-07-28,6.975,per_usd
2000-07-31,6.965,per_usd
2000-08-01,6.975,per_usd
2000-08-02,6.99,per_usd
2000-08-03,7.01,per_usd
2000-08-04,6.9675,per_usd
2000-08-07,6.9515,per_usd
2000-08-08,6.985,per_usd
2000-08-09,7.003,per_usd
2000-08-10,6.954,per_usd
2000-08-11,6.899,per_usd
2000-08-14,6.9165,per_usd
2000-08-15,6.942,per_usd
2000-08-16,6.9375,per_usd
2000-08-17,6.925,per_usd
2000-08-18,6.947,per_usd
2000-08-21,6.962,per_usd
2000-08-22,6.9885,per_usd
2000-08-23,6.965,per_usd
2000-08-24,6.949,per_usd
2000-08-25,6.905,per_usd
2000-08-28,6.949,per_usd
2000-08-29,6.9525,per_usd
2000-08-30,6.96,per_usd
2000-08-31,6.976,per_usd
2000-09-01,6.945,per_usd
2000-09-05,7.034,per_usd
2000-09-06,7.085,per_usd
2000-09-07,7.105,per_usd
2000-09-08,7.095,per_usd
2000-09-11,7.115,per_usd
2000-09-12,7.142,per_usd
2000-09-13,7.109,per_usd
2000-09-14,7.15,per_usd
2000-09-15,7.1735,per_usd
2000-09-18,7.28,per_usd
2000-09-19,7.29,per_usd
2000-09-20,7.335,per_usd
2000-09-21,7.315,per_usd
2000-09-22,7.25,per_usd
2000-09-25,7.239,per_usd
2000-09-26,7.205,per_usd
2000-09-27,7.255,per_usd
2000-09-28,7.268,per_usd
2000-09-29,7.219,per_usd
2000-10-02,7.1975,per_usd
2000-10-03,7.235,per_usd
2000-10-04,7.244,per_usd
2000-10-05,7.27,per_usd
2000-10-06,7.3,per_usd
2000-10-10,7.37,per_usd
2000-10-11,7.402,per_usd
2000-10-12,7.46,per_usd
2000-10-13,7.495,per_usd
2000-10-16,7.5775,per_usd
2000-10-17,7.565,per_usd
2000-10-18,7.7125,per_usd
2000-10-19,7.67,per_usd
2000-10-20,7.585,per_usd
2000-10-23,7.58,per_usd
2000-10-24,7.6005,per_usd
2000-10-25,7.62,per_usd
2000-10-26,7.685,per_usd
2000-10-27,7.606,per_usd
2000-10-30,7.559,per_usd
2000-10-31,7.56,per_usd
2000-11-01,7.4987,per_usd
2000-11-02,7.53,per_usd
2000-11-03,7.5325,per_usd
2000-11-06,7.548,per_usd
2000-11-07,7.624,per_usd
2000-11-08,7.6645,per_usd
2000-11-09,7.7425,per_usd
2000-11-10,7.602,per_usd
2000-11-13,7.65,per_usd
2000-11-14,7.658,per_usd
2000-11-15,7.689,per_usd
2000-11-16,7.685,per_usd
2000-11-17,7.7075,per_usd
2000-11-20,7.7675,per_usd
2000-11-21,7.82,per_usd
2000-11-22,7.83,per_usd
2000-11-24,7.835,per_usd
2000-11-27,7.771,per_usd
2000-11-28,7.7875,per_usd
2000-11-29,7.774,per_usd
2000-11-30,7.75,per_usd
2000-12-01,7.655,per_usd
2000-12-04,7.645,per_usd
2000-12-05,7.655,per_usd
2000-12-06,7.582,per_usd
2000-12-07,7.6175,per_usd
2000-12-08,7.64,per_usd
2000-12-11,7.668,per_usd
2000-12-12,7.743,per_usd
2000-12-13,7.7725,per_usd
2000-12-14,7.7375,per_usd
2000-12-15,7.69,per_usd
2000-12-18,7.68,per_usd
2000-12-19,7.715,per_usd
2000-12-20,7.66,per_usd
2000-12-21,7.63,per_usd
2000-12-22,7.5675,per_usd
2000-12-26,7.55,per_usd
2000-12-27,7.5375,per_usd
2000-12-28,7.5625,per_usd
2000-12-29,7.57,per_usd
2001-01-02,7.569,per_usd
2001-01-03,7.5025,per_usd
2001-01-04,7.543,per_usd
2001-01-05,7.56,per_usd
2001-01-08,7.595,per_usd
2001-01-09,7.72,per_usd
2001-01-10,7.978,per_usd
2001-01-11,7.845,per_usd
2001-01-12,7.825,per_usd
2001-01-16,7.825,per_usd
2001-01-17,7.8575,per_usd
2001-01-18,7.8675,per_usd
2001-01-19,7.874,per_usd
2001-01-22,7.87,per_usd
2001-01-23,7.835,per_usd
2001-01-24,7.88,per_usd
2001-01-25,7.865,per_usd
2001-01-26,7.895,per_usd
2001-01-29,7.875,per_usd
2001-01-30,7.8,per_usd
2001-01-31,7.77,per_usd
2001-02-01,7.73,per_usd
2001-02-02,7.775,per_usd
2001-02-05,7.7775,per_usd
2001-02-06,7.79,per_usd
2001-02-07,7.88,per_usd
2001-02-08,7.9875,per_usd
2001-02-09,7.867,per_usd
2001-02-12,7.835,per_usd
2001-02-13,7.901,per_usd
2001-02-14,7.88,per_usd
2001-02-15,7.8775,per_usd
2001-02-16,7.846,per_usd
2001-02-20,7.764,per_usd
2001-02-21,7.8,per_usd
2001-02-22,7.84,per_usd
2001-02-23,7.85,per_usd
2001-02-26,7.782,per_usd
2001-02-27,7.723,per_usd
2001-02-28,7.702,per_usd
2001-03-01,7.7375,per_usd
2001-03-02,7.744,per_usd
2001-03-05,7.77,per_usd
2001-03-06,7.89,per_usd
2001-03-07,7.925,per_usd
2001-03-08,7.726,per_usd
2001-03-09,7.755,per_usd
2001-03-12,7.776,per_usd
2001-03-13,7.79,per_usd
2001-03-14,7.861,per_usd
2001-03-15,7.8482,per_usd
2001-03-16,7.9475,per_usd
2001-03-19,8,per_usd
2001-03-20,7.9775,per_usd
2001-03-21,7.995,per_usd
2001-03-22,8.03,per_usd
2001-03-23,7.97,per_usd
2001-03-26,7.952,per_usd
2001-03-27,8.003,per_usd
2001-03-28,8.01,per_usd
2001-03-29,8.01,per_usd
2001-03-30,8.0375,per_usd
2001-04-02,8.11,per_usd
2001-04-03,8.12,per_usd
2001-04-04,8.074,per_usd
2001-04-05,8.0825,per_usd
2001-04-06,8.065,per_usd
2001-04-09,8.065,per_usd
2001-04-10,8.0365,per_usd
2001-04-11,8.037,per_usd
2001-04-12,8.022,per_usd
2001-04-13,8.043,per_usd
2001-04-16,8.035,per_usd
2001-04-17,8.15,per_usd
2001-04-18,8.125,per_usd
2001-04-19,8.141,per_usd
2001-04-20,8.162,per_usd
2001-04-23,8.148,per_usd
2001-04-24,8.104,per_usd
2001-04-25,8.1075,per_usd
2001-04-26,8.015,per_usd
2001-04-27,7.9675,per_usd
2001-04-30,8.035,per_usd
2001-05-01,8.0225,per_usd
2001-05-02,8.035,per_usd
2001-05-03,8.0975,per_usd
2001-05-04,8.035,per_usd
2001-05-07,7.986,per_usd
2001-05-08,8.006,per_usd
2001-05-09,7.95,per_usd
2001-05-10,7.955,per_usd
2001-05-11,7.97,per_usd
2001-05-14,7.9875,per_usd
2001-05-15,8.004,per_usd
2001-05-16,8.0175,per_usd
2001-05-17,7.9675,per_usd
2001-05-18,7.932,per_usd
2001-05-21,7.8975,per_usd
2001-05-22,7.913,per_usd
2001-05-23,7.95,per_usd
2001-05-24,7.965,per_usd
2001-05-25,7.905,per_usd
2001-05-29,7.94,per_usd
2001-05-30,7.98,per_usd
2001-05-31,8.02,per_usd
2001-06-01,8.035,per_usd
2001-06-04,8.04,per_usd
2001-06-05,8.048,per_usd
2001-06-06,8.088,per_usd
2001-06-07,8.095,per_usd
2001-06-08,8.065,per_usd
2001-06-11,8.099,per_usd
2001-06-12,8.105,per_usd
2001-06-13,8.09,per_usd
2001-06-14,8.04,per_usd
2001-06-15,8,per_usd
2001-06-18,8.0525,per_usd
2001-06-19,8.0725,per_usd
2001-06-20,8.095,per_usd
2001-06-21,8.0625,per_usd
2001-06-22,8.0375,per_usd
2001-06-25,8.049,per_usd
2001-06-26,8.021,per_usd
2001-06-27,8.04,per_usd
2001-06-28,8.065,per_usd
2001-06-29,8.05,per_usd
2001-07-02,8.0175,per_usd
2001-07-03,8.014,per_usd
2001-07-05,8.145,per_usd
2001-07-06,8.2075,per_usd
2001-07-09,8.213,per_usd
2001-07-10,8.25,per_usd
2001-07-11,8.26,per_usd
2001-07-12,8.28,per_usd
2001-07-13,8.26,per_usd
2001-07-16,8.2615,per_usd
2001-07-17,8.245,per_usd
2001-07-18,8.25,per_usd
2001-07-19,8.2825,per_usd
2001-07-20,8.256,per_usd
2001-07-23,8.215,per_usd
2001-07-24,8.189,per_usd
2001-07-25,8.208,per_usd
2001-07-26,8.163,per_usd
2001-07-27,8.195,per_usd
2001-07-30,8.229,per_usd
2001-07-31,8.256,per_usd
2001-08-01,8.245,per_usd
2001-08-02,8.23,per_usd
2001-08-03,8.2525,per_usd
2001-08-06,8.3055,per_usd
2001-08-07,8.285,per_usd
2001-08-08,8.295,per_usd
2001-08-09,8.29,per_usd
2001-08-10,8.2275,per_usd
2001-08-13,8.278,per_usd
2001-08-14,8.2775,per_usd
2001-08-15,8.2275,per_usd
2001-08-16,8.237,per_usd
2001-08-17,8.275,per_usd
2001-08-20,8.3125,per_usd
2001-08-21,8.406,per_usd
2001-08-22,8.386,per_usd
2001-08-23,8.355,per_usd
2001-08-24,8.3753,per_usd
2001-08-27,8.4,per_usd
2001-08-28,8.36,per_usd
2001-08-29,8.346,per_usd
2001-08-30,8.369,per_usd
2001-08-31,8.43,per_usd
2001-09-04,8.47,per_usd
2001-09-05,8.5,per_usd
2001-09-06,8.5225,per_usd
2001-09-07,8.475,per_usd
2001-09-10,8.53,per_usd
2001-09-12,8.6175,per_usd
2001-09-13,8.6198,per_usd
2001-09-14,8.6147,per_usd
2001-09-17,8.6301,per_usd
2001-09-18,8.6534,per_usd
2001-09-19,8.6403,per_usd
2001-09-20,8.7013,per_usd
2001-09-21,8.7798,per_usd
2001-09-24,8.7544,per_usd
2001-09-25,8.7714,per_usd
2001-09-26,8.8713,per_usd
2001-09-27,8.9852,per_usd
2001-09-28,9.0249,per_usd
2001-10-01,9.0661,per_usd
2001-10-02,9.185,per_usd
2001-10-03,9.3587,per_usd
2001-10-04,9.284,per_usd
2001-10-05,9.256,per_usd
2001-10-09,9.264,per_usd
2001-10-10,9.21,per_usd
2001-10-11,9.1625,per_usd
2001-10-12,9.145,per_usd
2001-10-15,9.022,per_usd
2001-10-16,9.235,per_usd
2001-10-17,9.26,per_usd
2001-10-18,9.238,per_usd
2001-10-19,9.2537,per_usd
2001-10-22,9.513,per_usd
2001-10-23,9.477,per_usd
2001-10-24,9.3775,per_usd
2001-10-25,9.3675,per_usd
2001-10-26,9.375,per_usd
2001-10-29,9.2896,per_usd
2001-10-30,9.397,per_usd
2001-10-31,9.4325,per_usd
2001-11-01,9.53,per_usd
2001-11-02,9.541,per_usd
2001-11-05,9.485,per_usd
2001-11-06,9.458,per_usd
2001-11-07,9.5425,per_usd
2001-11-08,9.54,per_usd
2001-11-09,9.63,per_usd
2001-11-13,9.693,per_usd
2001-11-14,9.6675,per_usd
2001-11-15,9.57,per_usd
2001-11-16,9.566,per_usd
2001-11-19,9.685,per_usd
2001-11-20,9.7311,per_usd
2001-11-21,9.9175,per_usd
2001-11-23,9.96,per_usd
2001-11-26,9.903,per_usd
2001-11-27,9.9797,per_usd
2001-11-28,9.8525,per_usd
2001-11-29,10.219,per_usd
2001-11-30,10.306,per_usd
2001-12-03,10.36,per_usd
2001-12-04,10.5962,per_usd
2001-12-05,10.826,per_usd
2001-12-06,10.93,per_usd
2001-12-07,11.17,per_usd
2001-12-10,11.02,per_usd
2001-12-11,11.11,per_usd
2001-12-12,11.15,per_usd
2001-12-13,11.54,per_usd
2001-12-14,12.2,per_usd
2001-12-17,12.05,per_usd
2001-12-18,12.23,per_usd
2001-12-19,12.5,per_usd
2001-12-20,13.6,per_usd
2001-12-21,12.41,per_usd
2001-12-24,12,per_usd
2001-12-26,11.99,per_usd
2001-12-27,11.84,per_usd
2001-12-28,12,per_usd
2001-12-31,12,per_usd
2002-01-02,12.47,per_usd
2002-01-03,12.405,per_usd
2002-01-04,12.136,per_usd
2002-01-07,11.77,per_usd
2002-01-08,11.48,per_usd
2002-01-09,11.45,per_usd
2002-01-10,11.55,per_usd
2002-01-11,11.42,per_usd
2002-01-14,11.55,per_usd
2002-01-15,11.72,per_usd
2002-01-16,11.67,per_usd
2002-01-17,11.445,per_usd
2002-01-18,11.5,per_usd
2002-01-22,11.69,per_usd
2002-01-23,11.39,per_usd
2002-01-24,11.255,per_usd
2002-01-25,11.4,per_usd
2002-01-28,11.55,per_usd
2002-01-29,11.41,per_usd
2002-01-30,11.46,per_usd
2002-01-31,11.42,per_usd
2002-02-01,11.68,per_usd
2002-02-04,11.635,per_usd
2002-02-05,11.63,per_usd
2002-02-06,11.48,per_usd
2002-02-07,11.4562,per_usd
2002-02-08,11.48,per_usd
2002-02-11,11.58,per_usd
2002-02-12,11.43,per_usd
2002-02-13,11.53,per_usd
2002-02-14,11.565,per_usd
2002-02-15,11.45,per_usd
2002-02-19,11.515,per_usd
2002-02-20,11.41,per_usd
2002-02-21,11.44,per_usd
2002-02-22,11.44,per_usd
2002-02-25,11.475,per_usd
2002-02-26,11.405,per_usd
2002-02-27,11.393,per_usd
2002-02-28,11.36,per_usd
2002-03-01,11.2825,per_usd
2002-03-04,10.975,per_usd
2002-03-05,11.005,per_usd
2002-03-06,11.022,per_usd
2002-03-07,11.59,per_usd
2002-03-08,11.68,per_usd
2002-03-11,11.476,per_usd
2002-03-12,11.46,per_usd
2002-03-13,11.635,per_usd
2002-03-14,11.6912,per_usd
2002-03-15,11.906,per_usd
2002-03-18,11.95,per_usd
2002-03-19,11.66,per_usd
2002-03-20,11.675,per_usd
2002-03-21,11.5,per_usd
2002-03-22,11.47,per_usd
2002-03-25,11.55,per_usd
2002-03-26,11.49,per_usd
2002-03-27,11.48,per_usd
2002-03-28,11.335,per_usd
2002-03-29,11.38,per_usd
2002-04-01,11.36,per_usd
2002-04-02,11.21,per_usd
2002-04-03,11.14,per_usd
2002-04-04,11.24,per_usd
2002-04-05,11.14,per_usd
2002-04-08,11.163,per_usd
2002-04-09,11.266,per_usd
2002-04-10,11.233,per_usd
2002-04-11,11.241,per_usd
2002-04-12,11.24,per_usd
2002-04-15,11.18,per_usd
2002-04-16,11.235,per_usd
2002-04-17,11.153,per_usd
2002-04-18,11.098,per_usd
2002-04-19,11.14,per_usd
2002-04-22,10.991,per_usd
2002-04-23,10.97,per_usd
2002-04-24,10.95,per_usd
2002-04-25,10.91,per_usd
2002-04-26,10.735,per_usd
2002-04-29,10.595,per_usd
2002-04-30,10.64,per_usd
2002-05-01,10.5875,per_usd
2002-05-02,10.56,per_usd
2002-05-03,10.425,per_usd
2002-05-06,10.43,per_usd
2002-05-07,10.22,per_usd
2002-05-08,10.29,per_usd
2002-05-09,10.35,per_usd
2002-05-10,10.223,per_usd
2002-05-13,10.15,per_usd
2002-05-14,10.1279,per_usd
2002-05-15,10.26,per_usd
2002-05-16,10.175,per_usd
2002-05-17,10.06,per_usd
2002-05-20,10.05,per_usd
2002-05-21,10.11,per_usd
2002-05-22,10.125,per_usd
2002-05-23,10.145,per_usd
2002-05-24,10.036,per_usd
2002-05-28,9.915,per_usd
2002-05-29,9.82,per_usd
2002-05-30,9.713,per_usd
2002-05-31,9.78,per_usd
2002-06-03,9.84,per_usd
2002-06-04,9.7,per_usd
2002-06-05,9.955,per_usd
2002-06-06,9.801,per_usd
2002-06-07,9.884,per_usd
2002-06-10,9.98,per_usd
2002-06-11,10.081,per_usd
2002-06-12,10.12,per_usd
2002-06-13,10.28,per_usd
2002-06-14,10.48,per_usd
2002-06-17,10.615,per_usd
2002-06-18,10.3,per_usd
2002-06-19,10.266,per_usd
2002-06-20,10.396,per_usd
2002-06-21,10.25,per_usd
2002-06-24,10.335,per_usd
2002-06-25,10.348,per_usd
2002-06-26,10.3,per_usd
2002-06-27,10.36,per_usd
2002-06-28,10.39,per_usd
2002-07-01,10.07,per_usd
2002-07-02,10.1138,per_usd
2002-07-03,10.185,per_usd
2002-07-05,10.09,per_usd
2002-07-08,10.15,per_usd
2002-07-09,9.9962,per_usd
2002-07-10,10.02,per_usd
2002-07-11,10.11,per_usd
2002-07-12,9.97,per_usd
2002-07-15,10.04,per_usd
2002-07-16,10.1275,per_usd
2002-07-17,10.1475,per_usd
2002-07-18,9.96,per_usd
2002-07-19,9.95,per_usd
2002-07-22,9.995,per_usd
2002-07-23,10.086,per_usd
2002-07-24,10.35,per_usd
2002-07-25,10.2,per_usd
2002-07-26,10.28,per_usd
2002-07-29,10.09,per_usd
2002-07-30,10.15,per_usd
2002-07-31,10.19,per_usd
2002-08-01,10.27,per_usd
2002-08-02,10.24,per_usd
2002-08-05,10.523,per_usd
2002-08-06,10.64,per_usd
2002-08-07,10.435,per_usd
2002-08-08,10.432,per_usd
2002-08-09,10.47,per_usd
2002-08-12,10.4475,per_usd
2002-08-13,10.612,per_usd
2002-08-14,10.495,per_usd
2002-08-15,10.64,per_usd
2002-08-16,10.5987,per_usd
2002-08-19,10.62,per_usd
2002-08-20,10.75,per_usd
2002-08-21,10.88,per_usd
2002-08-22,10.9,per_usd
2002-08-23,10.856,per_usd
2002-08-26,10.79,per_usd
2002-08-27,10.554,per_usd
2002-08-28,10.565,per_usd
2002-08-29,10.653,per_usd
2002-08-30,10.561,per_usd
2002-09-03,10.7425,per_usd
2002-09-04,10.68,per_usd
2002-09-05,10.58,per_usd
2002-09-06,10.495,per_usd
2002-09-09,10.515,per_usd
2002-09-10,10.648,per_usd
2002-09-11,10.59,per_usd
2002-09-12,10.48,per_usd
2002-09-13,10.54,per_usd
2002-09-16,10.73,per_usd
2002-09-17,10.58,per_usd
2002-09-18,10.6,per_usd
2002-09-19,10.5487,per_usd
2002-09-20,10.59,per_usd
2002-09-23,10.68,per_usd
2002-09-24,10.69,per_usd
2002-09-25,10.59,per_usd
2002-09-26,10.57,per_usd
2002-09-27,10.55,per_usd
2002-09-30,10.535,per_usd
2002-10-01,10.42,per_usd
2002-10-02,10.4275,per_usd
2002-10-03,10.395,per_usd
2002-10-04,10.433,per_usd
2002-10-07,10.524,per_usd
2002-10-08,10.53,per_usd
2002-10-09,10.48,per_usd
2002-10-10,10.43,per_usd
2002-10-11,10.4475,per_usd
2002-10-15,10.445,per_usd
2002-10-16,10.412,per_usd
2002-10-17,10.3,per_usd
2002-10-18,10.38,per_usd
2002-10-21,10.22,per_usd
2002-10-22,10.18,per_usd
2002-10-23,10.217,per_usd
2002-10-24,10.13,per_usd
2002-10-25,10.12,per_usd
2002-10-28,10.0575,per_usd
2002-10-29,10.08,per_usd
2002-10-30,10.1,per_usd
2002-10-31,10,per_usd
2002-11-01,9.981,per_usd
2002-11-04,9.92,per_usd
2002-11-05,9.93,per_usd
2002-11-06,9.91,per_usd
2002-11-07,9.79,per_usd
2002-11-08,9.79,per_usd
2002-11-12,9.82,per_usd
2002-11-13,9.827,per_usd
2002-11-14,9.71,per_usd
2002-11-15,9.65,per_usd
2002-11-18,9.589,per_usd
2002-11-19,9.59,per_usd
2002-11-20,9.68,per_usd
2002-11-21,9.63,per_usd
2002-11-22,9.475,per_usd
2002-11-25,9.275,per_usd
2002-11-26,9.25,per_usd
2002-11-27,9.27,per_usd
2002-11-29,9.28,per_usd
2002-12-02,9.2425,per_usd
2002-12-03,9.27,per_usd
2002-12-04,9.1525,per_usd
2002-12-05,9.125,per_usd
2002-12-06,9.2,per_usd
2002-12-09,9.12,per_usd
2002-12-10,8.98,per_usd
2002-12-11,8.87,per_usd
2002-12-12,8.915,per_usd
2002-12-13,8.7375,per_usd
2002-12-16,8.74,per_usd
2002-12-17,9.11,per_usd
2002-12-18,8.95,per_usd
2002-12-19,9,per_usd
2002-12-20,8.925,per_usd
2002-12-23,8.84,per_usd
2002-12-24,8.88,per_usd
2002-12-26,8.86,per_usd
2002-12-27,8.7325,per_usd
2002-12-30,8.67,per_usd
2002-12-31,8.585,per_usd
2003-01-02,8.54,per_usd
2003-01-03,8.44,per_usd
2003-01-06,8.52,per_usd
2003-01-07,8.6224,per_usd
2003-01-08,8.62,per_usd
2003-01-09,8.57,per_usd
2003-01-10,8.53,per_usd
2003-01-13,8.665,per_usd
2003-01-14,8.84,per_usd
2003-01-15,8.7537,per_usd
2003-01-16,8.87,per_usd
2003-01-17,8.88,per_usd
2003-01-21,9.045,per_usd
2003-01-22,8.98,per_usd
2003-01-23,8.735,per_usd
2003-01-24,8.74,per_usd
2003-01-27,8.75,per_usd
2003-01-28,8.765,per_usd
2003-01-29,8.581,per_usd
2003-01-30,8.645,per_usd
2003-01-31,8.5,per_usd
2003-02-03,8.5521,per_usd
2003-02-04,8.34,per_usd
2003-02-05,8.39,per_usd
2003-02-06,8.35,per_usd
2003-02-07,8.425,per_usd
2003-02-10,8.5701,per_usd
2003-02-11,8.385,per_usd
2003-02-12,8.365,per_usd
2003-02-13,8.358,per_usd
2003-02-14,8.315,per_usd
2003-02-18,8.415,per_usd
2003-02-19,8.32,per_usd
2003-02-20,8.12,per_usd
2003-02-21,8.085,per_usd
2003-02-24,8.1438,per_usd
2003-02-25,8.1,per_usd
2003-02-26,8.08,per_usd
2003-02-27,8.02,per_usd
2003-02-28,8.0955,per_usd
2003-03-03,8.005,per_usd
2003-03-04,8.02,per_usd
2003-03-05,7.902,per_usd
2003-03-06,8.04,per_usd
2003-03-07,7.945,per_usd
2003-03-10,7.9025,per_usd
2003-03-11,7.9375,per_usd
2003-03-12,8.01,per_usd
2003-03-13,8.155,per_usd
2003-03-14,8.2288,per_usd
2003-03-17,8.2575,per_usd
2003-03-18,8.21,per_usd
2003-03-19,8.17,per_usd
2003-03-20,8.13,per_usd
2003-03-21,8.195,per_usd
2003-03-24,8.145,per_usd
2003-03-25,8.025,per_usd
2003-03-26,7.945,per_usd
2003-03-27,7.955,per_usd
2003-03-28,7.985,per_usd
2003-03-31,7.9,per_usd
2003-04-01,7.88,per_usd
2003-04-02,7.97,per_usd
2003-04-03,7.89,per_usd
2003-04-04,7.94,per_usd
2003-04-07,8.045,per_usd
2003-04-08,8.0225,per_usd
2003-04-09,7.9237,per_usd
2003-04-10,7.7825,per_usd
2003-04-11,7.79,per_usd
2003-04-14,7.8225,per_usd
2003-04-15,7.7,per_usd
2003-04-16,7.705,per_usd
2003-04-17,7.6175,per_usd
2003-04-18,7.6625,per_usd
2003-04-21,7.655,per_usd
2003-04-22,7.5575,per_usd
2003-04-23,7.45,per_usd
2003-04-24,7.29,per_usd
2003-04-25,7.2375,per_usd
2003-04-28,7.19,per_usd
2003-04-29,7.175,per_usd
2003-04-30,7.2875,per_usd
2003-05-01,7.273,per_usd
2003-05-02,7.505,per_usd
2003-05-05,7.29,per_usd
2003-05-06,7.29,per_usd
2003-05-07,7.3275,per_usd
2003-05-08,7.23,per_usd
2003-05-09,7.27,per_usd
2003-05-12,7.315,per_usd
2003-05-13,7.35,per_usd
2003-05-14,7.58,per_usd
2003-05-15,8.03,per_usd
2003-05-16,7.765,per_usd
2003-05-19,7.9375,per_usd
2003-05-20,7.76,per_usd
2003-05-21,7.74,per_usd
2003-05-22,7.83,per_usd
2003-05-23,7.88,per_usd
2003-05-27,8.12,per_usd
2003-05-28,8.235,per_usd
2003-05-29,8.105,per_usd
2003-05-30,8.035,per_usd
2003-06-02,8.02,per_usd
2003-06-03,8.041,per_usd
2003-06-04,8.165,per_usd
2003-06-05,7.915,per_usd
2003-06-06,8.04,per_usd
2003-06-09,7.945,per_usd
2003-06-10,7.98,per_usd
2003-06-11,7.925,per_usd
2003-06-12,7.81,per_usd
2003-06-13,7.85,per_usd
2003-06-16,7.78,per_usd
2003-06-17,7.8425,per_usd
2003-06-18,7.94,per_usd
2003-06-19,7.9,per_usd
2003-06-20,7.855,per_usd
2003-06-23,7.96,per_usd
2003-06-24,7.793,per_usd
2003-06-25,7.6737,per_usd
2003-06-26,7.595,per_usd
2003-06-27,7.495,per_usd
2003-06-30,7.51,per_usd
2003-07-01,7.4425,per_usd
2003-07-02,7.414,per_usd
2003-07-03,7.53,per_usd
2003-07-07,7.51,per_usd
2003-07-08,7.67,per_usd
2003-07-09,7.63,per_usd
2003-07-10,7.535,per_usd
2003-07-11,7.6125,per_usd
2003-07-14,7.58,per_usd
2003-07-15,7.66,per_usd
2003-07-16,7.8,per_usd
2003-07-17,7.735,per_usd
2003-07-18,7.705,per_usd
2003-07-21,7.65,per_usd
2003-07-22,7.59,per_usd
2003-07-23,7.495,per_usd
2003-07-24,7.52,per_usd
2003-07-25,7.425,per_usd
2003-07-28,7.3576,per_usd
2003-07-29,7.3725,per_usd
2003-07-30,7.3933,per_usd
2003-07-31,7.3801,per_usd
2003-08-01,7.45,per_usd
2003-08-04,7.4876,per_usd
2003-08-05,7.44,per_usd
2003-08-06,7.38,per_usd
2003-08-07,7.248,per_usd
2003-08-08,7.41,per_usd
2003-08-11,7.365,per_usd
2003-08-12,7.415,per_usd
2003-08-13,7.415,per_usd
2003-08-14,7.35,per_usd
2003-08-15,7.335,per_usd
2003-08-18,7.2875,per_usd
2003-08-19,7.3595,per_usd
2003-08-20,7.375,per_usd
2003-08-21,7.49,per_usd
2003-08-22,7.485,per_usd
2003-08-25,7.5116,per_usd
2003-08-26,7.35,per_usd
2003-08-27,7.37,per_usd
2003-08-28,7.37,per_usd
2003-08-29,7.39,per_usd
2003-09-02,7.291,per_usd
2003-09-03,7.26,per_usd
2003-09-04,7.32,per_usd
2003-09-05,7.445,per_usd
2003-09-08,7.5499,per_usd
2003-09-09,7.4525,per_usd
2003-09-10,7.405,per_usd
2003-09-11,7.39,per_usd
2003-09-12,7.365,per_usd
2003-09-15,7.41,per_usd
2003-09-16,7.5287,per_usd
2003-09-17,7.3975,per_usd
2003-09-18,7.34,per_usd
2003-09-19,7.36,per_usd
2003-09-22,7.2375,per_usd
2003-09-23,7.1606,per_usd
2003-09-24,7.1363,per_usd
2003-09-25,7.09,per_usd
2003-09-26,7.1885,per_usd
2003-09-29,7.14,per_usd
2003-09-30,6.9575,per_usd
2003-10-01,6.915,per_usd
2003-10-02,6.8475,per_usd
2003-10-03,6.915,per_usd
2003-10-06,6.95,per_usd
2003-10-07,6.864,per_usd
2003-10-08,6.88,per_usd
2003-10-09,6.965,per_usd
2003-10-10,6.9775,per_usd
2003-10-14,6.96,per_usd
2003-10-15,7.01,per_usd
2003-10-16,7.01,per_usd
2003-10-17,7.205,per_usd
2003-10-20,7.1875,per_usd
2003-10-21,7.13,per_usd
2003-10-22,6.99,per_usd
2003-10-23,6.99,per_usd
2003-10-24,6.905,per_usd
2003-10-27,6.88,per_usd
2003-10-28,6.95,per_usd
2003-10-29,6.92,per_usd
2003-10-30,6.87,per_usd
2003-10-31,6.895,per_usd
2003-11-03,6.909,per_usd
2003-11-04,6.9175,per_usd
2003-11-05,6.9272,per_usd
2003-11-06,6.99,per_usd
2003-11-07,6.97,per_usd
2003-11-10,6.945,per_usd
2003-11-12,6.86,per_usd
2003-11-13,6.72,per_usd
2003-11-14,6.704,per_usd
2003-11-17,6.7346,per_usd
2003-11-18,6.6275,per_usd
2003-11-19,6.615,per_usd
2003-11-20,6.57,per_usd
2003-11-21,6.525,per_usd
2003-11-24,6.5651,per_usd
2003-11-25,6.56,per_usd
2003-11-26,6.46,per_usd
2003-11-28,6.369,per_usd
2003-12-01,6.3895,per_usd
2003-12-02,6.3463,per_usd
2003-12-03,6.265,per_usd
2003-12-04,6.2601,per_usd
2003-12-05,6.31,per_usd
2003-12-08,6.475,per_usd
2003-12-09,6.4075,per_usd
2003-12-10,6.515,per_usd
2003-12-11,6.4026,per_usd
2003-12-12,6.36,per_usd
2003-12-15,6.32,per_usd
2003-12-16,6.375,per_usd
2003-12-17,6.53,per_usd
2003-12-18,6.67,per_usd
2003-12-19,6.925,per_usd
2003-12-22,6.935,per_usd
2003-12-23,6.904,per_usd
2003-12-24,6.695,per_usd
2003-12-26,6.72,per_usd
2003-12-29,6.731,per_usd
2003-12-30,6.5875,per_usd
2003-12-31,6.7,per_usd
2004-01-02,6.565,per_usd
2004-01-05,6.36,per_usd
2004-01-06,6.5025,per_usd
2004-01-07,6.5875,per_usd
2004-01-08,6.63,per_usd
2004-01-09,6.7608,per_usd
2004-01-12,6.931,per_usd
2004-01-13,6.92,per_usd
2004-01-14,7.1,per_usd
2004-01-15,7.29,per_usd
2004-01-16,7.305,per_usd
2004-01-20,7.115,per_usd
2004-01-21,7.1401,per_usd
2004-01-22,7.095,per_usd
2004-01-23,7.158,per_usd
2004-01-26,7.1926,per_usd
2004-01-27,7.08,per_usd
2004-01-28,6.92,per_usd
2004-01-29,7.0735,per_usd
2004-01-30,7.07,per_usd
2004-02-02,7.05,per_usd
2004-02-03,6.895,per_usd
2004-02-04,6.89,per_usd
2004-02-05,6.98,per_usd
2004-02-06,6.995,per_usd
2004-02-09,6.98,per_usd
2004-02-10,6.865,per_usd
2004-02-11,6.831,per_usd
2004-02-12,6.655,per_usd
2004-02-13,6.612,per_usd
2004-02-17,6.565,per_usd
2004-02-18,6.5825,per_usd
2004-02-19,6.65,per_usd
2004-02-20,6.705,per_usd
2004-02-23,6.63,per_usd
2004-02-24,6.57,per_usd
2004-02-25,6.64,per_usd
2004-02-26,6.61,per_usd
2004-02-27,6.625,per_usd
2004-03-01,6.6095,per_usd
2004-03-02,6.715,per_usd
2004-03-03,6.92,per_usd
2004-03-04,6.813,per_usd
2004-03-05,6.5725,per_usd
2004-03-08,6.6004,per_usd
2004-03-09,6.565,per_usd
2004-03-10,6.661,per_usd
2004-03-11,6.6845,per_usd
2004-03-12,6.735,per_usd
2004-03-15,6.6925,per_usd
2004-03-16,6.712,per_usd
2004-03-17,6.76,per_usd
2004-03-18,6.66,per_usd
2004-03-19,6.66,per_usd
2004-03-22,6.473,per_usd
2004-03-23,6.55,per_usd
2004-03-24,6.58,per_usd
2004-03-25,6.54,per_usd
2004-03-26,6.56,per_usd
2004-03-29,6.4,per_usd
2004-03-30,6.335,per_usd
2004-03-31,6.3235,per_usd
2004-04-01,6.345,per_usd
2004-04-02,6.412,per_usd
2004-04-05,6.415,per_usd
2004-04-06,6.34,per_usd
2004-04-07,6.315,per_usd
2004-04-08,6.34,per_usd
2004-04-09,6.265,per_usd
2004-04-12,6.295,per_usd
2004-04-13,6.565,per_usd
2004-04-14,6.6423,per_usd
2004-04-15,6.66,per_usd
2004-04-16,6.445,per_usd
2004-04-19,6.5225,per_usd
2004-04-20,6.5075,per_usd
2004-04-21,6.7525,per_usd
2004-04-22,6.8625,per_usd
2004-04-23,6.7475,per_usd
2004-04-26,6.765,per_usd
2004-04-27,6.6825,per_usd
2004-04-28,6.9251,per_usd
2004-04-29,6.9,per_usd
2004-04-30,6.94,per_usd
2004-05-03,6.99,per_usd
2004-05-04,6.904,per_usd
2004-05-05,6.825,per_usd
2004-05-06,6.905,per_usd
2004-05-07,7.053,per_usd
2004-05-10,7.05,per_usd
2004-05-11,6.923,per_usd
2004-05-12,6.85,per_usd
2004-05-13,6.95,per_usd
2004-05-14,6.7925,per_usd
2004-05-17,6.7862,per_usd
2004-05-18,6.76,per_usd
2004-05-19,6.7375,per_usd
2004-05-20,6.75,per_usd
2004-05-21,6.75,per_usd
2004-05-24,6.655,per_usd
2004-05-25,6.6,per_usd
2004-05-26,6.615,per_usd
2004-05-27,6.58,per_usd
2004-05-28,6.515,per_usd
2004-06-01,6.44,per_usd
2004-06-02,6.5356,per_usd
2004-06-03,6.46,per_usd
2004-06-04,6.46,per_usd
2004-06-07,6.485,per_usd
2004-06-08,6.58,per_usd
2004-06-09,6.64,per_usd
2004-06-10,6.5,per_usd
2004-06-11,6.5301,per_usd
2004-06-14,6.623,per_usd
2004-06-15,6.465,per_usd
2004-06-16,6.54,per_usd
2004-06-17,6.52,per_usd
2004-06-18,6.3985,per_usd
2004-06-21,6.3125,per_usd
2004-06-22,6.295,per_usd
2004-06-23,6.2525,per_usd
2004-06-24,6.2987,per_usd
2004-06-25,6.3,per_usd
2004-06-28,6.165,per_usd
2004-06-29,6.2475,per_usd
2004-06-30,6.2275,per_usd
2004-07-01,6.245,per_usd
2004-07-02,6.1125,per_usd
2004-07-06,6.255,per_usd
2004-07-07,6.1063,per_usd
2004-07-08,6.0626,per_usd
2004-07-09,6.115,per_usd
2004-07-12,6.04,per_usd
2004-07-13,6.115,per_usd
2004-07-14,6.06,per_usd
2004-07-15,6.095,per_usd
2004-07-16,5.9631,per_usd
2004-07-19,5.905,per_usd
2004-07-20,5.97,per_usd
2004-07-21,6.095,per_usd
2004-07-22,6.07,per_usd
2004-07-23,6.225,per_usd
2004-07-26,6.2475,per_usd
2004-07-27,6.341,per_usd
2004-07-28,6.27,per_usd
2004-07-29,6.27,per_usd
2004-07-30,6.2725,per_usd
2004-08-02,6.3255,per_usd
2004-08-03,6.275,per_usd
2004-08-04,6.275,per_usd
2004-08-05,6.2575,per_usd
2004-08-06,6.125,per_usd
2004-08-09,6.09,per_usd
2004-08-10,6.1575,per_usd
2004-08-11,6.221,per_usd
2004-08-12,6.4545,per_usd
2004-08-13,6.48,per_usd
2004-08-16,6.6,per_usd
2004-08-17,6.482,per_usd
2004-08-18,6.4999,per_usd
2004-08-19,6.605,per_usd
2004-08-20,6.5863,per_usd
2004-08-23,6.68,per_usd
2004-08-24,6.725,per_usd
2004-08-25,6.6901,per_usd
2004-08-26,6.625,per_usd
2004-08-27,6.74,per_usd
2004-08-30,6.7276,per_usd
2004-08-31,6.645,per_usd
2004-09-01,6.62,per_usd
2004-09-02,6.57,per_usd
2004-09-03,6.6576,per_usd
2004-09-07,6.64,per_usd
2004-09-08,6.6435,per_usd
2004-09-09,6.68,per_usd
2004-09-10,6.58,per_usd
2004-09-13,6.557,per_usd
2004-09-14,6.5037,per_usd
2004-09-15,6.58,per_usd
2004-09-16,6.5835,per_usd
2004-09-17,6.56,per_usd
2004-09-20,6.485,per_usd
2004-09-21,6.4475,per_usd
2004-09-22,6.525,per_usd
2004-09-23,6.44,per_usd
2004-09-24,6.4278,per_usd
2004-09-27,6.402,per_usd
2004-09-28,6.408,per_usd
2004-09-29,6.445,per_usd
2004-09-30,6.478,per_usd
2004-10-01,6.4775,per_usd
2004-10-04,6.48,per_usd
2004-10-05,6.5337,per_usd
2004-10-06,6.52,per_usd
2004-10-07,6.634,per_usd
2004-10-08,6.552,per_usd
2004-10-12,6.6,per_usd
2004-10-13,6.6195,per_usd
2004-10-14,6.545,per_usd
2004-10-15,6.4475,per_usd
2004-10-18,6.3525,per_usd
2004-10-19,6.3,per_usd
2004-10-20,6.295,per_usd
2004-10-21,6.235,per_usd
2004-10-22,6.19,per_usd
2004-10-25,6.22,per_usd
2004-10-26,6.2595,per_usd
2004-10-27,6.1575,per_usd
2004-10-28,6.075,per_usd
2004-10-29,6.1355,per_usd
2004-11-01,6.11,per_usd
2004-11-02,6.18,per_usd
2004-11-03,6.0845,per_usd
2004-11-04,6.0735,per_usd
2004-11-05,6.1107,per_usd
2004-11-08,6.1705,per_usd
2004-11-09,6.1575,per_usd
2004-11-10,6.1925,per_usd
2004-11-12,6.115,per_usd
2004-11-15,6.0665,per_usd
2004-11-16,6.0362,per_usd
2004-11-17,5.9626,per_usd
2004-11-18,6.0284,per_usd
2004-11-19,5.9975,per_usd
2004-11-22,6.006,per_usd
2004-11-23,5.975,per_usd
2004-11-24,5.9275,per_usd
2004-11-26,5.83,per_usd
2004-11-29,5.775,per_usd
2004-11-30,5.811,per_usd
2004-12-01,5.775,per_usd
2004-12-02,5.8375,per_usd
2004-12-03,5.775,per_usd
2004-12-06,5.726,per_usd
2004-12-07,5.751,per_usd
2004-12-08,5.875,per_usd
2004-12-09,5.82,per_usd
2004-12-10,5.8075,per_usd
2004-12-13,5.735,per_usd
2004-12-14,5.735,per_usd
2004-12-15,5.735,per_usd
2004-12-16,5.7725,per_usd
2004-12-17,5.78,per_usd
2004-12-20,5.72,per_usd
2004-12-21,5.6745,per_usd
2004-12-22,5.6525,per_usd
2004-12-23,5.64,per_usd
2004-12-24,5.615,per_usd
2004-12-27,5.615,per_usd
2004-12-28,5.625,per_usd
2004-12-29,5.7,per_usd
2004-12-30,5.6288,per_usd
2004-12-31,5.645,per_usd
2005-01-03,5.6425,per_usd
2005-01-04,5.86,per_usd
2005-01-05,5.895,per_usd
2005-01-06,6.103,per_usd
2005-01-07,6.0965,per_usd
2005-01-10,5.976,per_usd
2005-01-11,5.955,per_usd
2005-01-12,5.935,per_usd
2005-01-13,6.0057,per_usd
2005-01-14,6.0225,per_usd
2005-01-18,6.0375,per_usd
2005-01-19,6.0188,per_usd
2005-01-20,6.055,per_usd
2005-01-21,5.96,per_usd
2005-01-24,5.9465,per_usd
2005-01-25,5.97,per_usd
2005-01-26,5.92,per_usd
2005-01-27,5.9093,per_usd
2005-01-28,5.935,per_usd
2005-01-31,5.93,per_usd
2005-02-01,6.0015,per_usd
2005-02-02,6.0078,per_usd
2005-02-03,6.1257,per_usd
2005-02-04,6.1325,per_usd
2005-02-07,6.1975,per_usd
2005-02-08,6.2324,per_usd
2005-02-09,6.2225,per_usd
2005-02-10,6.1196,per_usd
2005-02-11,6.0638,per_usd
2005-02-14,6.0405,per_usd
2005-02-15,5.99,per_usd
2005-02-16,6.0031,per_usd
2005-02-17,5.927,per_usd
2005-02-18,5.937,per_usd
2005-02-22,5.7625,per_usd
2005-02-23,5.8025,per_usd
2005-02-24,5.8225,per_usd
2005-02-25,5.8262,per_usd
2005-02-28,5.7875,per_usd
2005-03-01,5.85,per_usd
2005-03-02,5.9,per_usd
2005-03-03,5.9388,per_usd
2005-03-04,5.8525,per_usd
2005-03-07,5.86,per_usd
2005-03-08,5.7669,per_usd
2005-03-09,5.7787,per_usd
2005-03-10,5.8501,per_usd
2005-03-11,5.7938,per_usd
2005-03-14,5.9825,per_usd
2005-03-15,6.0825,per_usd
2005-03-16,6.0564,per_usd
2005-03-17,6.0725,per_usd
2005-03-18,6.025,per_usd
2005-03-21,6.085,per_usd
2005-03-22,6.065,per_usd
2005-03-23,6.19,per_usd
2005-03-24,6.215,per_usd
2005-03-25,6.21,per_usd
2005-03-28,6.33,per_usd
2005-03-29,6.3475,per_usd
2005-03-30,6.2875,per_usd
2005-03-31,6.2155,per_usd
2005-04-01,6.215,per_usd
2005-04-04,6.24,per_usd
2005-04-05,6.2075,per_usd
2005-04-06,6.117,per_usd
2005-04-07,6.1225,per_usd
2005-04-08,6.145,per_usd
2005-04-11,6.139,per_usd
2005-04-12,6.18,per_usd
2005-04-13,6.1063,per_usd
2005-04-14,6.2675,per_usd
2005-04-15,6.2825,per_usd
2005-04-18,6.245,per_usd
2005-04-19,6.1937,per_usd
2005-04-20,6.1075,per_usd
2005-04-21,6.0675,per_usd
2005-04-22,6.034,per_usd
2005-04-25,6.06,per_usd
2005-04-26,6.085,per_usd
2005-04-27,6.0725,per_usd
2005-04-28,6.127,per_usd
2005-04-29,6.07,per_usd
2005-05-02,6.097,per_usd
2005-05-03,6.102,per_usd
2005-05-04,6,per_usd
2005-05-05,5.96,per_usd
2005-05-06,6.0425,per_usd
2005-05-09,6.12,per_usd
2005-05-10,6.16,per_usd
2005-05-11,6.174,per_usd
2005-05-12,6.27,per_usd
2005-05-13,6.306,per_usd
2005-05-16,6.35,per_usd
2005-05-17,6.4365,per_usd
2005-05-18,6.397,per_usd
2005-05-19,6.3895,per_usd
2005-05-20,6.5415,per_usd
2005-05-23,6.5325,per_usd
2005-05-24,6.5575,per_usd
2005-05-25,6.51,per_usd
2005-05-26,6.605,per_usd
2005-05-27,6.565,per_usd
2005-05-31,6.745,per_usd
2005-06-01,6.915,per_usd
2005-06-02,6.8075,per_usd
2005-06-03,6.86,per_usd
2005-06-06,6.755,per_usd
2005-06-07,6.6531,per_usd
2005-06-08,6.695,per_usd
2005-06-09,6.758,per_usd
2005-06-10,6.751,per_usd
2005-06-13,6.8625,per_usd
2005-06-14,6.865,per_usd
2005-06-15,6.7713,per_usd
2005-06-16,6.7325,per_usd
2005-06-17,6.641,per_usd
2005-06-20,6.7075,per_usd
2005-06-21,6.715,per_usd
2005-06-22,6.7125,per_usd
2005-06-23,6.75,per_usd
2005-06-24,6.7,per_usd
2005-06-27,6.6295,per_usd
2005-06-28,6.6475,per_usd
2005-06-29,6.675,per_usd
2005-06-30,6.667,per_usd
2005-07-01,6.82,per_usd
2005-07-05,6.8785,per_usd
2005-07-06,6.845,per_usd
2005-07-07,6.868,per_usd
2005-07-08,6.9025,per_usd
2005-07-11,6.735,per_usd
2005-07-12,6.5345,per_usd
2005-07-13,6.67,per_usd
2005-07-14,6.62,per_usd
2005-07-15,6.645,per_usd
2005-07-18,6.665,per_usd
2005-07-19,6.715,per_usd
2005-07-20,6.6755,per_usd
2005-07-21,6.583,per_usd
2005-07-22,6.635,per_usd
2005-07-25,6.6415,per_usd
2005-07-26,6.691,per_usd
2005-07-27,6.6385,per_usd
2005-07-28,6.6085,per_usd
2005-07-29,6.56,per_usd
2005-08-01,6.5225,per_usd
2005-08-02,6.525,per_usd
2005-08-03,6.441,per_usd
2005-08-04,6.4488,per_usd
2005-08-05,6.455,per_usd
2005-08-08,6.45,per_usd
2005-08-09,6.4725,per_usd
2005-08-10,6.402,per_usd
2005-08-11,6.3435,per_usd
2005-08-12,6.35,per_usd
2005-08-15,6.425,per_usd
2005-08-16,6.427,per_usd
2005-08-17,6.4625,per_usd
2005-08-18,6.53,per_usd
2005-08-19,6.5525,per_usd
2005-08-22,6.48,per_usd
2005-08-23,6.5,per_usd
2005-08-24,6.486,per_usd
2005-08-25,6.4625,per_usd
2005-08-26,6.455,per_usd
2005-08-29,6.4575,per_usd
2005-08-30,6.5285,per_usd
2005-08-31,6.4,per_usd
2005-09-01,6.3125,per_usd
2005-09-02,6.255,per_usd
2005-09-06,6.325,per_usd
2005-09-07,6.345,per_usd
2005-09-08,6.3275,per_usd
2005-09-09,6.295,per_usd
2005-09-12,6.391,per_usd
2005-09-13,6.385,per_usd
2005-09-14,6.3575,per_usd
2005-09-15,6.4,per_usd
2005-09-16,6.3865,per_usd
2005-09-19,6.42,per_usd
2005-09-20,6.3825,per_usd
2005-09-21,6.38,per_usd
2005-09-22,6.34,per_usd
2005-09-23,6.385,per_usd
2005-09-26,6.387,per_usd
2005-09-27,6.447,per_usd
2005-09-28,6.43,per_usd
2005-09-29,6.3875,per_usd
2005-09-30,6.35,per_usd
2005-10-03,6.44,per_usd
2005-10-04,6.457,per_usd
2005-10-05,6.5335,per_usd
2005-10-06,6.5265,per_usd
2005-10-07,6.5555,per_usd
2005-10-11,6.53,per_usd
2005-10-12,6.5615,per_usd
2005-10-13,6.635,per_usd
2005-10-14,6.553,per_usd
2005-10-17,6.538,per_usd
2005-10-18,6.57,per_usd
2005-10-19,6.5855,per_usd
2005-10-20,6.605,per_usd
2005-10-21,6.645,per_usd
2005-10-24,6.614,per_usd
2005-10-25,6.6035,per_usd
2005-10-26,6.68,per_usd
2005-10-27,6.695,per_usd
2005-10-28,6.72,per_usd
2005-10-31,6.7077,per_usd
2005-11-01,6.686,per_usd
2005-11-02,6.6425,per_usd
2005-11-03,6.622,per_usd
2005-11-04,6.6975,per_usd
2005-11-07,6.725,per_usd
2005-11-08,6.731,per_usd
2005-11-09,6.745,per_usd
2005-11-10,6.745,per_usd
2005-11-14,6.76,per_usd
2005-11-15,6.7875,per_usd
2005-11-16,6.7588,per_usd
2005-11-17,6.735,per_usd
2005-11-18,6.695,per_usd
2005-11-21,6.6505,per_usd
2005-11-22,6.6205,per_usd
2005-11-23,6.545,per_usd
2005-11-25,6.495,per_usd
2005-11-28,6.5055,per_usd
2005-11-29,6.499,per_usd
2005-11-30,6.4625,per_usd
2005-12-01,6.456,per_usd
2005-12-02,6.351,per_usd
2005-12-05,6.302,per_usd
2005-12-06,6.28,per_usd
2005-12-07,6.3175,per_usd
2005-12-08,6.336,per_usd
2005-12-09,6.365,per_usd
2005-12-12,6.3225,per_usd
2005-12-13,6.2925,per_usd
2005-12-14,6.3135,per_usd
2005-12-15,6.43,per_usd
2005-12-16,6.4005,per_usd
2005-12-19,6.35,per_usd
2005-12-20,6.36,per_usd
2005-12-21,6.378,per_usd
2005-12-22,6.37,per_usd
2005-12-23,6.338,per_usd
2005-12-27,6.345,per_usd
2005-12-28,6.35,per_usd
2005-12-29,6.3205,per_usd
2005-12-30,6.33,per_usd
2006-01-03,6.2329,per_usd
2006-01-04,6.1625,per_usd
2006-01-05,6.148,per_usd
2006-01-06,6.087,per_usd
2006-01-09,6.075,per_usd
2006-01-10,6.114,per_usd
2006-01-11,6.0575,per_usd
2006-01-12,6.05,per_usd
2006-01-13,6.005,per_usd
2006-01-17,6.032,per_usd
2006-01-18,6.055,per_usd
2006-01-19,5.9889,per_usd
2006-01-20,5.995,per_usd
2006-01-23,5.995,per_usd
2006-01-24,6.032,per_usd
2006-01-25,6.0325,per_usd
2006-01-26,6.1112,per_usd
2006-01-27,6.125,per_usd
2006-01-30,6.1395,per_usd
2006-01-31,6.082,per_usd
2006-02-01,6.112,per_usd
2006-02-02,6.085,per_usd
2006-02-03,6.0975,per_usd
2006-02-06,6.1115,per_usd
2006-02-07,6.1525,per_usd
2006-02-08,6.22,per_usd
2006-02-09,6.142,per_usd
2006-02-10,6.14,per_usd
2006-02-13,6.159,per_usd
2006-02-14,6.141,per_usd
2006-02-15,6.0725,per_usd
2006-02-16,6.0639,per_usd
2006-02-17,6.0248,per_usd
2006-02-21,6.0425,per_usd
2006-02-22,6.085,per_usd
2006-02-23,6.088,per_usd
2006-02-24,6.115,per_usd
2006-02-27,6.176,per_usd
2006-02-28,6.1629,per_usd
2006-03-01,6.1785,per_usd
2006-03-02,6.136,per_usd
2006-03-03,6.2035,per_usd
2006-03-06,6.2323,per_usd
2006-03-07,6.2775,per_usd
2006-03-08,6.325,per_usd
2006-03-09,6.26,per_usd
2006-03-10,6.2455,per_usd
2006-03-13,6.258,per_usd
2006-03-14,6.2225,per_usd
2006-03-15,6.1875,per_usd
2006-03-16,6.181,per_usd
2006-03-17,6.2075,per_usd
2006-03-20,6.2711,per_usd
2006-03-21,6.335,per_usd
2006-03-22,6.3276,per_usd
2006-03-23,6.2975,per_usd
2006-03-24,6.27,per_usd
2006-03-27,6.2835,per_usd
2006-03-28,6.2615,per_usd
2006-03-29,6.31,per_usd
2006-03-30,6.1815,per_usd
2006-03-31,6.15,per_usd
2006-04-03,6.1095,per_usd
2006-04-04,6.025,per_usd
2006-04-05,6.028,per_usd
2006-04-06,6.061,per_usd
2006-04-07,6.142,per_usd
2006-04-10,6.15,per_usd
2006-04-11,6.118,per_usd
2006-04-12,6.1125,per_usd
2006-04-13,6.1475,per_usd
2006-04-14,6.1125,per_usd
2006-04-17,6.07,per_usd
2006-04-18,6.0215,per_usd
2006-04-19,6,per_usd
2006-04-20,6.0675,per_usd
2006-04-21,5.985,per_usd
2006-04-24,6.06,per_usd
2006-04-25,6.0775,per_usd
2006-04-26,6.166,per_usd
2006-04-27,6.15,per_usd
2006-04-28,6.0185,per_usd
2006-05-01,5.9985,per_usd
2006-05-02,6.0375,per_usd
2006-05-03,6.047,per_usd
2006-05-04,6.041,per_usd
2006-05-05,6.0457,per_usd
2006-05-08,6.0575,per_usd
2006-05-09,6.042,per_usd
2006-05-10,6.044,per_usd
2006-05-11,6.0425,per_usd
2006-05-12,6.2375,per_usd
2006-05-15,6.4015,per_usd
2006-05-16,6.375,per_usd
2006-05-17,6.41,per_usd
2006-05-18,6.47,per_usd
2006-05-19,6.53,per_usd
2006-05-22,6.606,per_usd
2006-05-23,6.4935,per_usd
2006-05-24,6.637,per_usd
2006-05-25,6.5515,per_usd
2006-05-26,6.535,per_usd
2006-05-30,6.573,per_usd
2006-05-31,6.7058,per_usd
2006-06-01,6.6665,per_usd
2006-06-02,6.6735,per_usd
2006-06-05,6.634,per_usd
2006-06-06,6.795,per_usd
2006-06-07,6.71,per_usd
2006-06-08,6.7948,per_usd
2006-06-09,6.7235,per_usd
2006-06-12,6.7675,per_usd
2006-06-13,6.8425,per_usd
2006-06-14,6.83,per_usd
2006-06-15,6.9012,per_usd
2006-06-16,6.8862,per_usd
2006-06-19,6.9835,per_usd
2006-06-20,7.0785,per_usd
2006-06-21,7.1485,per_usd
2006-06-22,7.2955,per_usd
2006-06-23,7.43,per_usd
2006-06-26,7.338,per_usd
2006-06-27,7.285,per_usd
2006-06-28,7.21,per_usd
2006-06-29,7.265,per_usd
2006-06-30,7.165,per_usd
2006-07-03,7.03,per_usd
2006-07-05,7.2225,per_usd
2006-07-06,7.16,per_usd
2006-07-07,7.0926,per_usd
2006-07-10,7.1045,per_usd
2006-07-11,7.1205,per_usd
2006-07-12,7.1175,per_usd
2006-07-13,7.195,per_usd
2006-07-14,7.22,per_usd
2006-07-17,7.23,per_usd
2006-07-18,7.195,per_usd
2006-07-19,7.08,per_usd
2006-07-20,6.9645,per_usd
2006-07-21,7.006,per_usd
2006-07-24,7.02,per_usd
2006-07-25,7.0255,per_usd
2006-07-26,6.9725,per_usd
2006-07-27,6.83,per_usd
2006-07-28,6.87,per_usd
2006-07-31,6.92,per_usd
2006-08-01,6.97,per_usd
2006-08-02,6.885,per_usd
2006-08-03,6.848,per_usd
2006-08-04,6.81,per_usd
2006-08-07,6.784,per_usd
2006-08-08,6.8225,per_usd
2006-08-09,6.723,per_usd
2006-08-10,6.796,per_usd
2006-08-11,6.7705,per_usd
2006-08-14,6.8425,per_usd
2006-08-15,6.853,per_usd
2006-08-16,6.7455,per_usd
2006-08-17,6.7708,per_usd
2006-08-18,6.986,per_usd
2006-08-21,7.0375,per_usd
2006-08-22,7.12,per_usd
2006-08-23,7.123,per_usd
2006-08-24,7.1505,per_usd
2006-08-25,7.1915,per_usd
2006-08-28,7.1975,per_usd
2006-08-29,7.15,per_usd
2006-08-30,7.08,per_usd
2006-08-31,7.2,per_usd
2006-09-01,7.2155,per_usd
2006-09-05,7.163,per_usd
2006-09-06,7.302,per_usd
2006-09-07,7.355,per_usd
2006-09-08,7.385,per_usd
2006-09-11,7.4325,per_usd
2006-09-12,7.32,per_usd
2006-09-13,7.33,per_usd
2006-09-14,7.3925,per_usd
2006-09-15,7.3825,per_usd
2006-09-18,7.317,per_usd
2006-09-19,7.353,per_usd
2006-09-20,7.395,per_usd
2006-09-21,7.575,per_usd
2006-09-22,7.605,per_usd
2006-09-25,7.7,per_usd
2006-09-26,7.6485,per_usd
2006-09-27,7.6325,per_usd
2006-09-28,7.6675,per_usd
2006-09-29,7.7585,per_usd
2006-10-02,7.7201,per_usd
2006-10-03,7.8725,per_usd
2006-10-04,7.935,per_usd
2006-10-05,7.82,per_usd
2006-10-06,7.805,per_usd
2006-10-10,7.7525,per_usd
2006-10-11,7.691,per_usd
2006-10-12,7.5685,per_usd
2006-10-13,7.4935,per_usd
2006-10-16,7.5225,per_usd
2006-10-17,7.615,per_usd
2006-10-18,7.5925,per_usd
2006-10-19,7.4975,per_usd
2006-10-20,7.532,per_usd
2006-10-23,7.6775,per_usd
2006-10-24,7.7225,per_usd
2006-10-25,7.588,per_usd
2006-10-26,7.51,per_usd
2006-10-27,7.4269,per_usd
2006-10-30,7.5015,per_usd
2006-10-31,7.385,per_usd
2006-11-01,7.363,per_usd
2006-11-02,7.4135,per_usd
2006-11-03,7.39,per_usd
2006-11-06,7.3733,per_usd
2006-11-07,7.3,per_usd
2006-11-08,7.2925,per_usd
2006-11-09,7.21,per_usd
2006-11-10,7.2222,per_usd
2006-11-13,7.2565,per_usd
2006-11-14,7.245,per_usd
2006-11-15,7.26,per_usd
2006-11-16,7.205,per_usd
2006-11-17,7.285,per_usd
2006-11-20,7.23,per_usd
2006-11-21,7.2545,per_usd
2006-11-22,7.146,per_usd
2006-11-24,7.16,per_usd
2006-11-27,7.097,per_usd
2006-11-28,7.1625,per_usd
2006-11-29,7.14,per_usd
2006-11-30,7.15,per_usd
2006-12-01,7.145,per_usd
2006-12-04,7.155,per_usd
2006-12-05,7.118,per_usd
2006-12-06,7.0825,per_usd
2006-12-07,7.03,per_usd
2006-12-08,7.05,per_usd
2006-12-11,7.051,per_usd
2006-12-12,6.991,per_usd
2006-12-13,6.98,per_usd
2006-12-14,6.975,per_usd
2006-12-15,6.995,per_usd
2006-12-18,7.024,per_usd
2006-12-19,7.0175,per_usd
2006-12-20,6.942,per_usd
2006-12-21,7.01,per_usd
2006-12-22,7,per_usd
2006-12-26,7.043,per_usd
2006-12-27,7.043,per_usd
2006-12-28,7,per_usd
2006-12-29,7.0375,per_usd
2007-01-02,6.882,per_usd
2007-01-03,6.93,per_usd
2007-01-04,7.073,per_usd
2007-01-05,7.233,per_usd
2007-01-08,7.251,per_usd
2007-01-09,7.3235,per_usd
2007-01-10,7.32,per_usd
2007-01-11,7.26,per_usd
2007-01-12,7.2275,per_usd
2007-01-16,7.25,per_usd
2007-01-17,7.167,per_usd
2007-01-18,7.145,per_usd
2007-01-19,7.1355,per_usd
2007-01-22,7.12,per_usd
2007-01-23,7.12,per_usd
2007-01-24,7.134,per_usd
2007-01-25,7.2375,per_usd
2007-01-26,7.28,per_usd
2007-01-29,7.331,per_usd
2007-01-30,7.3145,per_usd
2007-01-31,7.2515,per_usd
2007-02-01,7.193,per_usd
2007-02-02,7.2225,per_usd
2007-02-05,7.21,per_usd
2007-02-06,7.196,per_usd
2007-02-07,7.1675,per_usd
2007-02-08,7.1706,per_usd
2007-02-09,7.1575,per_usd
2007-02-12,7.28,per_usd
2007-02-13,7.271,per_usd
2007-02-14,7.196,per_usd
2007-02-15,7.195,per_usd
2007-02-16,7.1735,per_usd
2007-02-20,7.109,per_usd
2007-02-21,7.119,per_usd
2007-02-22,7.074,per_usd
2007-02-23,7.07,per_usd
2007-02-26,7.0701,per_usd
2007-02-27,7.212,per_usd
2007-02-28,7.248,per_usd
2007-03-01,7.2875,per_usd
2007-03-02,7.368,per_usd
2007-03-05,7.4625,per_usd
2007-03-06,7.41,per_usd
2007-03-07,7.4247,per_usd
2007-03-08,7.3675,per_usd
2007-03-09,7.3202,per_usd
2007-03-12,7.352,per_usd
2007-03-13,7.42,per_usd
2007-03-14,7.4805,per_usd
2007-03-15,7.411,per_usd
2007-03-16,7.475,per_usd
2007-03-19,7.4265,per_usd
2007-03-20,7.3965,per_usd
2007-03-21,7.347,per_usd
2007-03-22,7.186,per_usd
2007-03-23,7.2205,per_usd
2007-03-26,7.228,per_usd
2007-03-27,7.2415,per_usd
2007-03-28,7.35,per_usd
2007-03-29,7.2907,per_usd
2007-03-30,7.29,per_usd
2007-04-02,7.28,per_usd
2007-04-03,7.175,per_usd
2007-04-04,7.171,per_usd
2007-04-05,7.131,per_usd
2007-04-06,7.125,per_usd
2007-04-09,7.1125,per_usd
2007-04-10,7.1525,per_usd
2007-04-11,7.133,per_usd
2007-04-12,7.186,per_usd
2007-04-13,7.195,per_usd
2007-04-16,7.097,per_usd
2007-04-17,7.0595,per_usd
2007-04-18,7.068,per_usd
2007-04-19,7.06,per_usd
2007-04-20,7.023,per_usd
2007-04-23,7.0725,per_usd
2007-04-24,7.0355,per_usd
2007-04-25,6.982,per_usd
2007-04-26,7.0125,per_usd
2007-04-27,7.053,per_usd
2007-04-30,7.031,per_usd
2007-05-01,7.039,per_usd
2007-05-02,7.041,per_usd
2007-05-03,6.97,per_usd
2007-05-04,6.928,per_usd
2007-05-07,6.878,per_usd
2007-05-08,6.9265,per_usd
2007-05-09,6.8976,per_usd
2007-05-10,6.985,per_usd
2007-05-11,6.9715,per_usd
2007-05-14,6.94,per_usd
2007-05-15,6.91,per_usd
2007-05-16,6.9725,per_usd
2007-05-17,7.0315,per_usd
2007-05-18,7.0305,per_usd
2007-05-21,7.032,per_usd
2007-05-22,7.0445,per_usd
2007-05-23,7.0431,per_usd
2007-05-24,7.1481,per_usd
2007-05-25,7.101,per_usd
2007-05-29,7.133,per_usd
2007-05-30,7.18,per_usd
2007-05-31,7.122,per_usd
2007-06-01,7.081,per_usd
2007-06-04,7.1215,per_usd
2007-06-05,7.1255,per_usd
2007-06-06,7.2085,per_usd
2007-06-07,7.2005,per_usd
2007-06-08,7.2685,per_usd
2007-06-11,7.223,per_usd
2007-06-12,7.2225,per_usd
2007-06-13,7.2503,per_usd
2007-06-14,7.197,per_usd
2007-06-15,7.1175,per_usd
2007-06-18,7.086,per_usd
2007-06-19,7.079,per_usd
2007-06-20,7.101,per_usd
2007-06-21,7.155,per_usd
2007-06-22,7.125,per_usd
2007-06-25,7.1455,per_usd
2007-06-26,7.1708,per_usd
2007-06-27,7.18,per_usd
2007-06-28,7.079,per_usd
2007-06-29,7.044,per_usd
2007-07-02,6.9661,per_usd
2007-07-03,6.968,per_usd
2007-07-05,7.02,per_usd
2007-07-06,6.9925,per_usd
2007-07-09,6.963,per_usd
2007-07-10,6.9865,per_usd
2007-07-11,7.03,per_usd
2007-07-12,6.9705,per_usd
2007-07-13,6.979,per_usd
2007-07-16,6.96,per_usd
2007-07-17,6.9664,per_usd
2007-07-18,6.968,per_usd
2007-07-19,6.8693,per_usd
2007-07-20,6.883,per_usd
2007-07-23,6.8075,per_usd
2007-07-24,6.833,per_usd
2007-07-25,6.898,per_usd
2007-07-26,7.025,per_usd
2007-07-27,7.112,per_usd
2007-07-30,7.1475,per_usd
2007-07-31,7.088,per_usd
2007-08-01,7.1225,per_usd
2007-08-02,7.095,per_usd
2007-08-03,7.0805,per_usd
2007-08-06,7.072,per_usd
2007-08-07,7.07,per_usd
2007-08-08,7.0225,per_usd
2007-08-09,7.137,per_usd
2007-08-10,7.1725,per_usd
2007-08-13,7.155,per_usd
2007-08-14,7.267,per_usd
2007-08-15,7.3725,per_usd
2007-08-16,7.4985,per_usd
2007-08-17,7.385,per_usd
2007-08-20,7.395,per_usd
2007-08-21,7.37,per_usd
2007-08-22,7.2425,per_usd
2007-08-23,7.2775,per_usd
2007-08-24,7.23,per_usd
2007-08-27,7.22,per_usd
2007-08-28,7.27,per_usd
2007-08-29,7.207,per_usd
2007-08-30,7.129,per_usd
2007-08-31,7.162,per_usd
2007-09-03,7.162,per_usd
2007-09-04,7.206,per_usd
2007-09-05,7.25,per_usd
2007-09-06,7.1876,per_usd
2007-09-07,7.2385,per_usd
2007-09-10,7.2375,per_usd
2007-09-11,7.1825,per_usd
2007-09-12,7.1405,per_usd
2007-09-13,7.128,per_usd
2007-09-14,7.16,per_usd
2007-09-17,7.1975,per_usd
2007-09-18,7.1825,per_usd
2007-09-19,7.075,per_usd
2007-09-20,7.03,per_usd
2007-09-21,6.981,per_usd
2007-09-24,6.965,per_usd
2007-09-25,6.9875,per_usd
2007-09-26,6.933,per_usd
2007-09-27,6.89,per_usd
2007-09-28,6.8808,per_usd
2007-10-01,6.865,per_usd
2007-10-02,6.9091,per_usd
2007-10-03,6.8906,per_usd
2007-10-04,6.912,per_usd
2007-10-05,6.8226,per_usd
2007-10-08,6.8226,per_usd
2007-10-09,6.86,per_usd
2007-10-10,6.854,per_usd
2007-10-11,6.725,per_usd
2007-10-12,6.7551,per_usd
2007-10-15,6.7855,per_usd
2007-10-16,6.88,per_usd
2007-10-17,6.805,per_usd
2007-10-18,6.7955,per_usd
2007-10-19,6.7975,per_usd
2007-10-22,6.84,per_usd
2007-10-23,6.7185,per_usd
2007-10-24,6.661,per_usd
2007-10-25,6.5811,per_usd
2007-10-26,6.488,per_usd
2007-10-29,6.5529,per_usd
2007-10-30,6.565,per_usd
2007-10-31,6.535,per_usd
2007-11-01,6.568,per_usd
2007-11-02,6.5725,per_usd
2007-11-05,6.5805,per_usd
2007-11-06,6.5115,per_usd
2007-11-07,6.4451,per_usd
2007-11-08,6.485,per_usd
2007-11-09,6.635,per_usd
2007-11-13,6.7225,per_usd
2007-11-14,6.61,per_usd
2007-11-15,6.69,per_usd
2007-11-16,6.6605,per_usd
2007-11-19,6.7533,per_usd
2007-11-20,6.7055,per_usd
2007-11-21,6.815,per_usd
2007-11-22,6.815,per_usd
2007-11-23,6.815,per_usd
2007-11-26,6.93,per_usd
2007-11-27,7,per_usd
2007-11-28,6.8825,per_usd
2007-11-29,6.805,per_usd
2007-11-30,6.8,per_usd
2007-12-03,6.8165,per_usd
2007-12-04,6.8,per_usd
2007-12-05,6.7435,per_usd
2007-12-06,6.746,per_usd
2007-12-07,6.7025,per_usd
2007-12-10,6.668,per_usd
2007-12-11,6.7005,per_usd
2007-12-12,6.695,per_usd
2007-12-13,6.77,per_usd
2007-12-14,6.87,per_usd
2007-12-17,6.9265,per_usd
2007-12-18,6.925,per_usd
2007-12-19,6.92,per_usd
2007-12-20,7.047,per_usd
2007-12-21,7.02,per_usd
2007-12-24,6.94,per_usd
2007-12-26,6.97,per_usd
2007-12-27,6.82,per_usd
2007-12-28,6.8125,per_usd
2007-12-31,6.8595,per_usd
2008-01-02,6.8125,per_usd
2008-01-03,6.86,per_usd
2008-01-04,6.867,per_usd
2008-01-07,6.9255,per_usd
2008-01-08,6.873,per_usd
2008-01-09,6.8635,per_usd
2008-01-10,6.861,per_usd
2008-01-11,6.753,per_usd
2008-01-14,6.74,per_usd
2008-01-15,6.8125,per_usd
2008-01-16,6.915,per_usd
2008-01-17,7.0385,per_usd
2008-01-18,7.0752,per_usd
2008-01-22,7.115,per_usd
2008-01-23,7.111,per_usd
2008-01-24,7,per_usd
2008-01-25,7.155,per_usd
2008-01-28,7.195,per_usd
2008-01-29,7.185,per_usd
2008-01-30,7.31,per_usd
2008-01-31,7.4525,per_usd
2008-02-01,7.41,per_usd
2008-02-04,7.444,per_usd
2008-02-05,7.591,per_usd
2008-02-06,7.625,per_usd
2008-02-07,7.715,per_usd
2008-02-08,7.795,per_usd
2008-02-11,7.791,per_usd
2008-02-12,7.695,per_usd
2008-02-13,7.7185,per_usd
2008-02-14,7.6725,per_usd
2008-02-15,7.66,per_usd
2008-02-19,7.665,per_usd
2008-02-20,7.895,per_usd
2008-02-21,7.751,per_usd
2008-02-22,7.74,per_usd
2008-02-25,7.707,per_usd
2008-02-26,7.5585,per_usd
2008-02-27,7.425,per_usd
2008-02-28,7.5575,per_usd
2008-02-29,7.74,per_usd
2008-03-03,7.7755,per_usd
2008-03-04,7.9145,per_usd
2008-03-05,7.76,per_usd
2008-03-06,7.92,per_usd
2008-03-07,7.9855,per_usd
2008-03-10,8.0225,per_usd
2008-03-11,7.8825,per_usd
2008-03-12,7.83,per_usd
2008-03-13,7.935,per_usd
2008-03-14,7.9037,per_usd
2008-03-17,8.1575,per_usd
2008-03-18,8.035,per_usd
2008-03-19,7.999,per_usd
2008-03-20,8.2125,per_usd
2008-03-21,8.155,per_usd
2008-03-24,8.1,per_usd
2008-03-25,8.035,per_usd
2008-03-26,8.0271,per_usd
2008-03-27,7.9639,per_usd
2008-03-28,8.075,per_usd
2008-03-31,8.144,per_usd
2008-04-01,8.0251,per_usd
2008-04-02,7.8011,per_usd
2008-04-03,7.74,per_usd
2008-04-04,7.8,per_usd
2008-04-07,7.7675,per_usd
2008-04-08,7.7805,per_usd
2008-04-09,7.84,per_usd
2008-04-10,7.785,per_usd
2008-04-11,7.805,per_usd
2008-04-14,7.8735,per_usd
2008-04-15,7.9525,per_usd
2008-04-16,7.9005,per_usd
2008-04-17,7.8375,per_usd
2008-04-18,7.7565,per_usd
2008-04-21,7.7525,per_usd
2008-04-22,7.63,per_usd
2008-04-23,7.6733,per_usd
2008-04-24,7.68,per_usd
2008-04-25,7.595,per_usd
2008-04-28,7.535,per_usd
2008-04-29,7.5876,per_usd
2008-04-30,7.5685,per_usd
2008-05-01,7.635,per_usd
2008-05-02,7.55,per_usd
2008-05-05,7.5725,per_usd
2008-05-06,7.56,per_usd
2008-05-07,7.51,per_usd
2008-05-08,7.575,per_usd
2008-05-09,7.726,per_usd
2008-05-12,7.611,per_usd
2008-05-13,7.583,per_usd
2008-05-14,7.6,per_usd
2008-05-15,7.5975,per_usd
2008-05-16,7.47,per_usd
2008-05-19,7.492,per_usd
2008-05-20,7.6433,per_usd
2008-05-21,7.6435,per_usd
2008-05-22,7.6735,per_usd
2008-05-23,7.661,per_usd
2008-05-27,7.7601,per_usd
2008-05-28,7.6985,per_usd
2008-05-29,7.582,per_usd
2008-05-30,7.615,per_usd
2008-06-02,7.7126,per_usd
2008-06-03,7.7005,per_usd
2008-06-04,7.763,per_usd
2008-06-05,7.883,per_usd
2008-06-06,7.845,per_usd
2008-06-09,7.9231,per_usd
2008-06-10,7.96,per_usd
2008-06-11,8.0175,per_usd
2008-06-12,8.12,per_usd
2008-06-13,8.12,per_usd
2008-06-16,8.098,per_usd
2008-06-17,8.0125,per_usd
2008-06-18,8.0181,per_usd
2008-06-19,7.963,per_usd
2008-06-20,7.9905,per_usd
2008-06-23,8.06,per_usd
2008-06-24,7.9925,per_usd
2008-06-25,7.895,per_usd
2008-06-26,7.886,per_usd
2008-06-27,7.9075,per_usd
2008-06-30,7.8035,per_usd
2008-07-01,7.9151,per_usd
2008-07-02,7.841,per_usd
2008-07-03,7.71,per_usd
2008-07-07,7.72,per_usd
2008-07-08,7.752,per_usd
2008-07-09,7.68,per_usd
2008-07-10,7.7227,per_usd
2008-07-11,7.6925,per_usd
2008-07-14,7.6465,per_usd
2008-07-15,7.6401,per_usd
2008-07-16,7.608,per_usd
2008-07-17,7.535,per_usd
2008-07-18,7.603,per_usd
2008-07-21,7.557,per_usd
2008-07-22,7.492,per_usd
2008-07-23,7.5325,per_usd
2008-07-24,7.642,per_usd
2008-07-25,7.5725,per_usd
2008-07-28,7.5,per_usd
2008-07-29,7.396,per_usd
2008-07-30,7.383,per_usd
2008-07-31,7.3105,per_usd
2008-08-01,7.2615,per_usd
2008-08-04,7.235,per_usd
2008-08-05,7.38,per_usd
2008-08-06,7.4325,per_usd
2008-08-07,7.487,per_usd
2008-08-08,7.6945,per_usd
2008-08-11,7.745,per_usd
2008-08-12,7.82,per_usd
2008-08-13,7.8975,per_usd
2008-08-14,7.8405,per_usd
2008-08-15,7.8801,per_usd
2008-08-18,7.7181,per_usd
2008-08-19,7.795,per_usd
2008-08-20,7.755,per_usd
2008-08-21,7.66,per_usd
2008-08-22,7.6575,per_usd
2008-08-25,7.725,per_usd
2008-08-26,7.7995,per_usd
2008-08-27,7.773,per_usd
2008-08-28,7.71,per_usd
2008-08-29,7.7004,per_usd
2008-09-02,7.7725,per_usd
2008-09-03,7.883,per_usd
2008-09-04,7.9425,per_usd
2008-09-05,7.99,per_usd
2008-09-08,7.9215,per_usd
2008-09-09,7.935,per_usd
2008-09-10,8.16,per_usd
2008-09-11,8.28,per_usd
2008-09-12,8.03,per_usd
2008-09-15,8.075,per_usd
2008-09-16,8.145,per_usd
2008-09-17,8.219,per_usd
2008-09-18,8.2325,per_usd
2008-09-19,7.925,per_usd
2008-09-22,7.975,per_usd
2008-09-23,8.135,per_usd
2008-09-24,8.143,per_usd
2008-09-25,8.1588,per_usd
2008-09-26,8.1322,per_usd
2008-09-29,8.212,per_usd
2008-09-30,8.3152,per_usd
2008-10-01,8.269,per_usd
2008-10-02,8.4797,per_usd
2008-10-03,8.415,per_usd
2008-10-06,8.8405,per_usd
2008-10-07,8.86,per_usd
2008-10-08,9.2275,per_usd
2008-10-09,9.0025,per_usd
2008-10-10,9.43,per_usd
2008-10-14,8.985,per_usd
2008-10-15,9.495,per_usd
2008-10-16,10.278,per_usd
2008-10-17,10.0775,per_usd
2008-10-20,10.165,per_usd
2008-10-21,10.6675,per_usd
2008-10-22,11.27,per_usd
2008-10-23,11.02,per_usd
2008-10-24,11.1075,per_usd
2008-10-27,10.9625,per_usd
2008-10-28,10.65,per_usd
2008-10-29,10,per_usd
2008-10-30,10.088,per_usd
2008-10-31,9.87,per_usd
2008-11-03,9.925,per_usd
2008-11-04,9.6305,per_usd
2008-11-05,9.6784,per_usd
2008-11-06,9.955,per_usd
2008-11-07,10.15,per_usd
2008-11-10,10.068,per_usd
2008-11-12,10.3802,per_usd
2008-11-13,10.48,per_usd
2008-11-14,10,per_usd
2008-11-17,10.125,per_usd
2008-11-18,10.17,per_usd
2008-11-19,10.36,per_usd
2008-11-20,10.64,per_usd
2008-11-21,10.6225,per_usd
2008-11-24,10.0675,per_usd
2008-11-25,9.75,per_usd
2008-11-26,9.9,per_usd
2008-11-28,10.1,per_usd
2008-12-01,10.275,per_usd
2008-12-02,10.378,per_usd
2008-12-03,10.15,per_usd
2008-12-04,10.193,per_usd
2008-12-05,10.4745,per_usd
2008-12-08,10.03,per_usd
2008-12-09,10.12,per_usd
2008-12-10,10.14,per_usd
2008-12-11,9.9225,per_usd
2008-12-12,10.215,per_usd
2008-12-15,10.1105,per_usd
2008-12-16,10.253,per_usd
2008-12-17,9.84,per_usd
2008-12-18,9.5205,per_usd
2008-12-19,9.7335,per_usd
2008-12-22,9.75,per_usd
2008-12-23,9.6384,per_usd
2008-12-24,9.735,per_usd
2008-12-26,9.71,per_usd
2008-12-29,9.46,per_usd
2008-12-30,9.35,per_usd
2008-12-31,9.3,per_usd
2009-01-02,9.31,per_usd
2009-01-05,9.29,per_usd
2009-01-06,9.3425,per_usd
2009-01-07,9.4575,per_usd
2009-01-08,9.647,per_usd
2009-01-09,9.785,per_usd
2009-01-12,10.1,per_usd
2009-01-13,10.005,per_usd
2009-01-14,10.15,per_usd
2009-01-15,10.126,per_usd
2009-01-16,10.045,per_usd
2009-01-20,10.169,per_usd
2009-01-21,10.168,per_usd
2009-01-22,10.1155,per_usd
2009-01-23,10.27,per_usd
2009-01-26,10.121,per_usd
2009-01-27,9.975,per_usd
2009-01-28,9.9025,per_usd
2009-01-29,9.972,per_usd
2009-01-30,10.2,per_usd
2009-02-02,10.175,per_usd
2009-02-03,10.0956,per_usd
2009-02-04,9.98,per_usd
2009-02-05,9.8605,per_usd
2009-02-06,9.6526,per_usd
2009-02-09,9.61,per_usd
2009-02-10,9.75,per_usd
2009-02-11,9.8775,per_usd
2009-02-12,10.0751,per_usd
2009-02-13,9.9345,per_usd
2009-02-17,10.25,per_usd
2009-02-18,10.185,per_usd
2009-02-19,10.0675,per_usd
2009-02-20,10.17,per_usd
2009-02-23,10.04,per_usd
2009-02-24,9.99,per_usd
2009-02-25,9.941,per_usd
2009-02-26,9.88,per_usd
2009-02-27,10.035,per_usd
2009-03-02,10.5,per_usd
2009-03-03,10.525,per_usd
2009-03-04,10.36,per_usd
2009-03-05,10.6425,per_usd
2009-03-06,10.41,per_usd
2009-03-09,10.59,per_usd
2009-03-10,10.288,per_usd
2009-03-11,10.145,per_usd
2009-03-12,9.96,per_usd
2009-03-13,9.9975,per_usd
2009-03-16,9.86,per_usd
2009-03-17,9.9825,per_usd
2009-03-18,9.93,per_usd
2009-03-19,9.6475,per_usd
2009-03-20,9.6,per_usd
2009-03-23,9.462,per_usd
2009-03-24,9.4501,per_usd
2009-03-25,9.4325,per_usd
2009-03-26,9.3701,per_usd
2009-03-27,9.56,per_usd
2009-03-30,9.7485,per_usd
2009-03-31,9.517,per_usd
2009-04-01,9.3705,per_usd
2009-04-02,9.1,per_usd
2009-04-03,9.041,per_usd
2009-04-06,9.11,per_usd
2009-04-07,9.1621,per_usd
2009-04-08,9.1015,per_usd
2009-04-09,9.075,per_usd
2009-04-10,9.034,per_usd
2009-04-13,9.02,per_usd
2009-04-14,9.0475,per_usd
2009-04-15,9.1522,per_usd
2009-04-16,8.935,per_usd
2009-04-17,8.9615,per_usd
2009-04-20,9.082,per_usd
2009-04-21,8.958,per_usd
2009-04-22,8.8706,per_usd
2009-04-23,8.993,per_usd
2009-04-24,8.815,per_usd
2009-04-27,8.745,per_usd
2009-04-28,8.718,per_usd
2009-04-29,8.485,per_usd
2009-04-30,8.44,per_usd
2009-05-01,8.435,per_usd
2009-05-04,8.34,per_usd
2009-05-05,8.4045,per_usd
2009-05-06,8.397,per_usd
2009-05-07,8.3725,per_usd
2009-05-08,8.36,per_usd
2009-05-11,8.39,per_usd
2009-05-12,8.467,per_usd
2009-05-13,8.505,per_usd
2009-05-14,8.565,per_usd
2009-05-15,8.7331,per_usd
2009-05-18,8.613,per_usd
2009-05-19,8.4375,per_usd
2009-05-20,8.335,per_usd
2009-05-21,8.36,per_usd
2009-05-22,8.305,per_usd
2009-05-26,8.2775,per_usd
2009-05-27,8.1175,per_usd
2009-05-28,8.04,per_usd
2009-05-29,8.0275,per_usd
2009-06-01,7.9425,per_usd
2009-06-02,8.0285,per_usd
2009-06-03,8.08,per_usd
2009-06-04,8.016,per_usd
2009-06-05,8.03,per_usd
2009-06-08,8.1855,per_usd
2009-06-09,8.095,per_usd
2009-06-10,8.0651,per_usd
2009-06-11,7.975,per_usd
2009-06-12,8.0225,per_usd
2009-06-15,8.105,per_usd
2009-06-16,8.0125,per_usd
2009-06-17,8.135,per_usd
2009-06-18,8.1145,per_usd
2009-06-19,8.07,per_usd
2009-06-22,8.1975,per_usd
2009-06-23,8.1725,per_usd
2009-06-24,8.025,per_usd
2009-06-25,8.002,per_usd
2009-06-26,7.904,per_usd
2009-06-29,7.823,per_usd
2009-06-30,7.73,per_usd
2009-07-01,7.7356,per_usd
2009-07-02,7.8275,per_usd
2009-07-03,7.9,per_usd
2009-07-06,7.9975,per_usd
2009-07-07,8.02,per_usd
2009-07-08,8.2056,per_usd
2009-07-09,8.115,per_usd
2009-07-10,8.23,per_usd
2009-07-13,8.2575,per_usd
2009-07-14,8.2444,per_usd
2009-07-15,8.1267,per_usd
2009-07-16,8.1125,per_usd
2009-07-17,8.0675,per_usd
2009-07-20,7.9005,per_usd
2009-07-21,7.8205,per_usd
2009-07-22,7.7035,per_usd
2009-07-23,7.6505,per_usd
2009-07-24,7.7501,per_usd
2009-07-27,7.7405,per_usd
2009-07-28,7.8195,per_usd
2009-07-29,7.895,per_usd
2009-07-30,7.793,per_usd
2009-07-31,7.8125,per_usd
2009-08-03,7.721,per_usd
2009-08-04,7.85,per_usd
2009-08-05,7.9488,per_usd
2009-08-06,8.07,per_usd
2009-08-07,8.0095,per_usd
2009-08-10,8.0725,per_usd
2009-08-11,8.1525,per_usd
2009-08-12,8.07,per_usd
2009-08-13,8.0567,per_usd
2009-08-14,8.0621,per_usd
2009-08-17,8.1456,per_usd
2009-08-18,8.0723,per_usd
2009-08-19,7.9875,per_usd
2009-08-20,7.905,per_usd
2009-08-21,7.7872,per_usd
2009-08-24,7.7805,per_usd
2009-08-25,7.7696,per_usd
2009-08-26,7.8795,per_usd
2009-08-27,7.8685,per_usd
2009-08-28,7.7665,per_usd
2009-08-31,7.778,per_usd
2009-09-01,7.87,per_usd
2009-09-02,7.844,per_usd
2009-09-03,7.6815,per_usd
2009-09-04,7.6152,per_usd
2009-09-08,7.5425,per_usd
2009-09-09,7.49,per_usd
2009-09-10,7.5725,per_usd
2009-09-11,7.4475,per_usd
2009-09-14,7.4599,per_usd
2009-09-15,7.39,per_usd
2009-09-16,7.3165,per_usd
2009-09-17,7.38,per_usd
2009-09-18,7.4315,per_usd
2009-09-21,7.475,per_usd
2009-09-22,7.383,per_usd
2009-09-23,7.45,per_usd
2009-09-24,7.4709,per_usd
2009-09-25,7.4011,per_usd
2009-09-28,7.3855,per_usd
2009-09-29,7.4075,per_usd
2009-09-30,7.539,per_usd
2009-10-01,7.704,per_usd
2009-10-02,7.65,per_usd
2009-10-05,7.5686,per_usd
2009-10-06,7.409,per_usd
2009-10-07,7.454,per_usd
2009-10-08,7.34,per_usd
2009-10-09,7.3867,per_usd
2009-10-13,7.3375,per_usd
2009-10-14,7.2575,per_usd
2009-10-15,7.2725,per_usd
2009-10-16,7.35,per_usd
2009-10-19,7.325,per_usd
2009-10-20,7.39,per_usd
2009-10-21,7.35,per_usd
2009-10-22,7.4235,per_usd
2009-10-23,7.455,per_usd
2009-10-26,7.556,per_usd
2009-10-27,7.65,per_usd
2009-10-28,7.785,per_usd
2009-10-29,7.744,per_usd
2009-10-30,7.821,per_usd
2009-11-02,7.8512,per_usd
2009-11-03,7.916,per_usd
2009-11-04,7.646,per_usd
2009-11-05,7.6,per_usd
2009-11-06,7.536,per_usd
2009-11-09,7.402,per_usd
2009-11-10,7.399,per_usd
2009-11-12,7.433,per_usd
2009-11-13,7.4401,per_usd
2009-11-16,7.358,per_usd
2009-11-17,7.5155,per_usd
2009-11-18,7.4226,per_usd
2009-11-19,7.521,per_usd
2009-11-20,7.578,per_usd
2009-11-23,7.475,per_usd
2009-11-24,7.465,per_usd
2009-11-25,7.337,per_usd
2009-11-27,7.41,per_usd
2009-11-30,7.377,per_usd
2009-12-01,7.3055,per_usd
2009-12-02,7.305,per_usd
2009-12-03,7.333,per_usd
2009-12-04,7.4325,per_usd
2009-12-07,7.45,per_usd
2009-12-08,7.528,per_usd
2009-12-09,7.5725,per_usd
2009-12-10,7.4979,per_usd
2009-12-11,7.561,per_usd
2009-12-14,7.4235,per_usd
2009-12-15,7.468,per_usd
2009-12-16,7.395,per_usd
2009-12-17,7.5745,per_usd
2009-12-18,7.6,per_usd
2009-12-21,7.735,per_usd
2009-12-22,7.73,per_usd
2009-12-23,7.605,per_usd
2009-12-24,7.5055,per_usd
2009-12-28,7.4835,per_usd
2009-12-29,7.413,per_usd
2009-12-30,7.385,per_usd
2009-12-31,7.3613,per_usd
2010-01-04,7.2955,per_usd
2010-01-05,7.306,per_usd
2010-01-06,7.306,per_usd
2010-01-07,7.44,per_usd
2010-01-08,7.3565,per_usd
2010-01-11,7.3425,per_usd
2010-01-12,7.425,per_usd
2010-01-13,7.4222,per_usd
2010-01-14,7.406,per_usd
2010-01-15,7.388,per_usd
2010-01-19,7.4,per_usd
2010-01-20,7.5551,per_usd
2010-01-21,7.57,per_usd
2010-01-22,7.61,per_usd
2010-01-25,7.61,per_usd
2010-01-26,7.6265,per_usd
2010-01-27,7.6005,per_usd
2010-01-28,7.5594,per_usd
2010-01-29,7.58,per_usd
2010-02-01,7.525,per_usd
2010-02-02,7.4661,per_usd
2010-02-03,7.4963,per_usd
2010-02-04,7.6835,per_usd
2010-02-05,7.7701,per_usd
2010-02-08,7.7375,per_usd
2010-02-09,7.68,per_usd
2010-02-10,7.74,per_usd
2010-02-11,7.6425,per_usd
2010-02-12,7.7025,per_usd
2010-02-16,7.67,per_usd
2010-02-17,7.6,per_usd
2010-02-18,7.6225,per_usd
2010-02-19,7.6493,per_usd
2010-02-22,7.715,per_usd
2010-02-23,7.7461,per_usd
2010-02-24,7.755,per_usd
2010-02-25,7.85,per_usd
2010-02-26,7.64,per_usd
2010-03-01,7.621,per_usd
2010-03-02,7.598,per_usd
2010-03-03,7.505,per_usd
2010-03-04,7.48,per_usd
2010-03-05,7.4202,per_usd
2010-03-08,7.4031,per_usd
2010-03-09,7.385,per_usd
2010-03-10,7.409,per_usd
2010-03-11,7.4366,per_usd
2010-03-12,7.3848,per_usd
2010-03-15,7.42,per_usd
2010-03-16,7.3675,per_usd
2010-03-17,7.2378,per_usd
2010-03-18,7.305,per_usd
2010-03-19,7.3396,per_usd
2010-03-22,7.338,per_usd
2010-03-23,7.329,per_usd
2010-03-24,7.3455,per_usd
2010-03-25,7.4445,per_usd
2010-03-26,7.4445,per_usd
2010-03-29,7.398,per_usd
2010-03-30,7.39,per_usd
2010-03-31,7.33,per_usd
2010-04-01,7.26,per_usd
2010-04-02,7.24,per_usd
2010-04-05,7.2375,per_usd
2010-04-06,7.265,per_usd
2010-04-07,7.2705,per_usd
2010-04-08,7.2675,per_usd
2010-04-09,7.253,per_usd
2010-04-12,7.2623,per_usd
2010-04-13,7.2744,per_usd
2010-04-14,7.3001,per_usd
2010-04-15,7.3406,per_usd
2010-04-16,7.4043,per_usd
2010-04-19,7.4875,per_usd
2010-04-20,7.3925,per_usd
2010-04-21,7.3938,per_usd
2010-04-22,7.5073,per_usd
2010-04-23,7.446,per_usd
2010-04-26,7.339,per_usd
2010-04-27,7.44,per_usd
2010-04-28,7.485,per_usd
2010-04-29,7.36,per_usd
2010-04-30,7.3515,per_usd
2010-05-03,7.423,per_usd
2010-05-04,7.548,per_usd
2010-05-05,7.6265,per_usd
2010-05-06,7.768,per_usd
2010-05-07,7.6353,per_usd
2010-05-10,7.4777,per_usd
2010-05-11,7.535,per_usd
2010-05-12,7.4935,per_usd
2010-05-13,7.474,per_usd
2010-05-14,7.5524,per_usd
2010-05-17,7.5941,per_usd
2010-05-18,7.5901,per_usd
2010-05-19,7.857,per_usd
2010-05-20,7.9799,per_usd
2010-05-21,7.8535,per_usd
2010-05-24,7.825,per_usd
2010-05-25,7.93,per_usd
2010-05-26,7.7149,per_usd
2010-05-27,7.6,per_usd
2010-05-28,7.5517,per_usd
2010-06-01,7.6718,per_usd
2010-06-02,7.6365,per_usd
2010-06-03,7.678,per_usd
2010-06-04,7.7753,per_usd
2010-06-07,7.7955,per_usd
2010-06-08,7.7427,per_usd
2010-06-09,7.7603,per_usd
2010-06-10,7.7,per_usd
2010-06-11,7.71,per_usd
2010-06-14,7.652,per_usd
2010-06-15,7.5742,per_usd
2010-06-16,7.571,per_usd
2010-06-17,7.5815,per_usd
2010-06-18,7.5376,per_usd
2010-06-21,7.482,per_usd
2010-06-22,7.52,per_usd
2010-06-23,7.5275,per_usd
2010-06-24,7.6402,per_usd
2010-06-25,7.6262,per_usd
2010-06-28,7.5419,per_usd
2010-06-29,7.6347,per_usd
2010-06-30,7.6252,per_usd
2010-07-01,7.7501,per_usd
2010-07-02,7.7165,per_usd
2010-07-06,7.621,per_usd
2010-07-07,7.6302,per_usd
2010-07-08,7.5521,per_usd
2010-07-09,7.58,per_usd
2010-07-12,7.6241,per_usd
2010-07-13,7.5302,per_usd
2010-07-14,7.5151,per_usd
2010-07-15,7.5616,per_usd
2010-07-16,7.6052,per_usd
2010-07-19,7.6602,per_usd
2010-07-20,7.583,per_usd
2010-07-21,7.5303,per_usd
2010-07-22,7.4424,per_usd
2010-07-23,7.4321,per_usd
2010-07-26,7.337,per_usd
2010-07-27,7.32,per_usd
2010-07-28,7.331,per_usd
2010-07-29,7.3319,per_usd
2010-07-30,7.2915,per_usd
2010-08-02,7.2762,per_usd
2010-08-03,7.2821,per_usd
2010-08-04,7.2642,per_usd
2010-08-05,7.2497,per_usd
2010-08-06,7.2425,per_usd
2010-08-09,7.1804,per_usd
2010-08-10,7.213,per_usd
2010-08-11,7.2766,per_usd
2010-08-12,7.277,per_usd
2010-08-13,7.31,per_usd
2010-08-16,7.265,per_usd
2010-08-17,7.254,per_usd
2010-08-18,7.2539,per_usd
2010-08-19,7.287,per_usd
2010-08-20,7.3325,per_usd
2010-08-23,7.3406,per_usd
2010-08-24,7.3492,per_usd
2010-08-25,7.3494,per_usd
2010-08-26,7.312,per_usd
2010-08-27,7.307,per_usd
2010-08-30,7.3355,per_usd
2010-08-31,7.3725,per_usd
2010-09-01,7.2905,per_usd
2010-09-02,7.2279,per_usd
2010-09-03,7.1825,per_usd
2010-09-07,7.2565,per_usd
2010-09-08,7.2403,per_usd
2010-09-09,7.19,per_usd
2010-09-10,7.1875,per_usd
2010-09-13,7.1334,per_usd
2010-09-14,7.0422,per_usd
2010-09-15,7.083,per_usd
2010-09-16,7.1626,per_usd
2010-09-17,7.1301,per_usd
2010-09-20,7.118,per_usd
2010-09-21,7.1208,per_usd
2010-09-22,7.0236,per_usd
2010-09-23,7.028,per_usd
2010-09-24,7.0045,per_usd
2010-09-27,7.0042,per_usd
2010-09-28,6.9754,per_usd
2010-09-29,6.9572,per_usd
2010-09-30,6.9509,per_usd
2010-10-01,6.932,per_usd
2010-10-04,7.021,per_usd
2010-10-05,6.8857,per_usd
2010-10-06,6.845,per_usd
2010-10-07,6.89,per_usd
2010-10-08,6.8415,per_usd
2010-10-12,6.871,per_usd
2010-10-13,6.81,per_usd
2010-10-14,6.79,per_usd
2010-10-15,6.8125,per_usd
2010-10-18,6.866,per_usd
2010-10-19,6.937,per_usd
2010-10-20,6.9192,per_usd
2010-10-21,6.916,per_usd
2010-10-22,6.9526,per_usd
2010-10-25,6.92,per_usd
2010-10-26,6.9271,per_usd
2010-10-27,7.072,per_usd
2010-10-28,6.99,per_usd
2010-10-29,6.9755,per_usd
2010-11-01,7.005,per_usd
2010-11-02,6.915,per_usd
2010-11-03,6.909,per_usd
2010-11-04,6.811,per_usd
2010-11-05,6.793,per_usd
2010-11-08,6.85,per_usd
2010-11-09,6.8354,per_usd
2010-11-10,6.896,per_usd
2010-11-12,6.907,per_usd
2010-11-15,6.9525,per_usd
2010-11-16,7.05,per_usd
2010-11-17,7.0204,per_usd
2010-11-18,7.0028,per_usd
2010-11-19,7.0165,per_usd
2010-11-22,6.9952,per_usd
2010-11-23,7.0976,per_usd
2010-11-24,7.068,per_usd
2010-11-26,7.121,per_usd
2010-11-29,7.1671,per_usd
2010-11-30,7.0855,per_usd
2010-12-01,7.01,per_usd
2010-12-02,6.8865,per_usd
2010-12-03,6.8537,per_usd
2010-12-06,6.887,per_usd
2010-12-07,6.88,per_usd
2010-12-08,6.9321,per_usd
2010-12-09,6.8855,per_usd
2010-12-10,6.8401,per_usd
2010-12-13,6.842,per_usd
2010-12-14,6.8251,per_usd
2010-12-15,6.826,per_usd
2010-12-16,6.838,per_usd
2010-12-17,6.8625,per_usd
2010-12-20,6.8425,per_usd
2010-12-21,6.81,per_usd
2010-12-22,6.79,per_usd
2010-12-23,6.7401,per_usd
2010-12-27,6.737,per_usd
2010-12-28,6.69,per_usd
2010-12-29,6.649,per_usd
2010-12-30,6.67,per_usd
2011-01-03,6.611,per_usd
2011-01-04,6.6922,per_usd
2011-01-05,6.7185,per_usd
2011-01-06,6.785,per_usd
2011-01-07,6.805,per_usd
2011-01-10,6.8336,per_usd
2011-01-11,6.873,per_usd
2011-01-12,6.8305,per_usd
2011-01-13,6.804,per_usd
2011-01-14,6.9391,per_usd
2011-01-18,6.915,per_usd
2011-01-19,6.9701,per_usd
2011-01-20,7.0776,per_usd
2011-01-21,7.05,per_usd
2011-01-24,7.0165,per_usd
2011-01-25,7.075,per_usd
2011-01-26,7.0951,per_usd
2011-01-27,7.0387,per_usd
2011-01-28,7.171,per_usd
2011-01-31,7.1776,per_usd
2011-02-01,7.1433,per_usd
2011-02-02,7.1715,per_usd
2011-02-03,7.288,per_usd
2011-02-04,7.257,per_usd
2011-02-07,7.2485,per_usd
2011-02-08,7.1639,per_usd
2011-02-09,7.2288,per_usd
2011-02-10,7.2565,per_usd
2011-02-11,7.3075,per_usd
2011-02-14,7.3085,per_usd
2011-02-15,7.305,per_usd
2011-02-16,7.2435,per_usd
2011-02-17,7.186,per_usd
2011-02-18,7.12,per_usd
2011-02-22,7.14,per_usd
2011-02-23,7.1265,per_usd
2011-02-24,7.068,per_usd
2011-02-25,6.9876,per_usd
2011-02-28,6.9538,per_usd
2011-03-01,6.9396,per_usd
2011-03-02,6.8885,per_usd
2011-03-03,6.901,per_usd
2011-03-04,6.8901,per_usd
2011-03-07,6.878,per_usd
2011-03-08,6.8833,per_usd
2011-03-09,6.8675,per_usd
2011-03-10,6.8875,per_usd
2011-03-11,6.879,per_usd
2011-03-14,6.851,per_usd
2011-03-15,6.9682,per_usd
2011-03-16,7.007,per_usd
2011-03-17,7.0705,per_usd
2011-03-18,6.988,per_usd
2011-03-21,6.9351,per_usd
2011-03-22,6.8882,per_usd
2011-03-23,6.919,per_usd
2011-03-24,6.8536,per_usd
2011-03-25,6.8422,per_usd
2011-03-28,6.8652,per_usd
2011-03-29,6.8651,per_usd
2011-03-30,6.8105,per_usd
2011-03-31,6.7675,per_usd
2011-04-01,6.702,per_usd
2011-04-04,6.6901,per_usd
2011-04-05,6.7183,per_usd
2011-04-06,6.6875,per_usd
2011-04-07,6.6901,per_usd
2011-04-08,6.6455,per_usd
2011-04-11,6.6474,per_usd
2011-04-12,6.7292,per_usd
2011-04-13,6.7751,per_usd
2011-04-14,6.856,per_usd
2011-04-15,6.8265,per_usd
2011-04-18,6.87,per_usd
2011-04-19,6.8335,per_usd
2011-04-20,6.7729,per_usd
2011-04-21,6.7135,per_usd
2011-04-22,6.7025,per_usd
2011-04-25,6.73,per_usd
2011-04-26,6.692,per_usd
2011-04-27,6.6503,per_usd
2011-04-28,6.625,per_usd
2011-04-29,6.581,per_usd
2011-05-02,6.573,per_usd
2011-05-03,6.6234,per_usd
2011-05-04,6.6525,per_usd
2011-05-05,6.745,per_usd
2011-05-06,6.6501,per_usd
2011-05-09,6.751,per_usd
2011-05-10,6.7809,per_usd
2011-05-11,6.84,per_usd
2011-05-12,6.891,per_usd
2011-05-13,7.0201,per_usd
2011-05-16,6.9781,per_usd
2011-05-17,6.9947,per_usd
2011-05-18,6.917,per_usd
2011-05-19,6.8888,per_usd
2011-05-20,6.9044,per_usd
2011-05-23,7.0215,per_usd
2011-05-24,6.9967,per_usd
2011-05-25,7.0276,per_usd
2011-05-26,6.9875,per_usd
2011-05-27,6.905,per_usd
2011-05-31,6.8185,per_usd
2011-06-01,6.7763,per_usd
2011-06-02,6.7661,per_usd
2011-06-03,6.712,per_usd
2011-06-06,6.759,per_usd
2011-06-07,6.721,per_usd
2011-06-08,6.7291,per_usd
2011-06-09,6.726,per_usd
2011-06-10,6.7941,per_usd
2011-06-13,6.7925,per_usd
2011-06-14,6.755,per_usd
2011-06-15,6.8219,per_usd
2011-06-16,6.8724,per_usd
2011-06-17,6.7606,per_usd
2011-06-20,6.7771,per_usd
2011-06-21,6.7275,per_usd
2011-06-22,6.7602,per_usd
2011-06-23,6.8612,per_usd
2011-06-24,6.8899,per_usd
2011-06-27,6.875,per_usd
2011-06-28,6.8341,per_usd
2011-06-29,6.8215,per_usd
2011-06-30,6.7563,per_usd
2011-07-01,6.7225,per_usd
2011-07-05,6.7301,per_usd
2011-07-06,6.7402,per_usd
2011-07-07,6.6771,per_usd
2011-07-08,6.7045,per_usd
2011-07-11,6.8278,per_usd
2011-07-12,6.8749,per_usd
2011-07-13,6.8224,per_usd
2011-07-14,6.843,per_usd
2011-07-15,6.8926,per_usd
2011-07-18,6.9958,per_usd
2011-07-19,6.9536,per_usd
2011-07-20,6.8897,per_usd
2011-07-21,6.7951,per_usd
2011-07-22,6.7782,per_usd
2011-07-25,6.7564,per_usd
2011-07-26,6.6719,per_usd
2011-07-27,6.67,per_usd
2011-07-28,6.691,per_usd
2011-07-29,6.7061,per_usd
2011-08-01,6.747,per_usd
2011-08-02,6.745,per_usd
2011-08-03,6.7365,per_usd
2011-08-04,6.9213,per_usd
2011-08-05,6.9446,per_usd
2011-08-08,7.0875,per_usd
2011-08-09,7.3012,per_usd
2011-08-10,7.2575,per_usd
2011-08-11,7.2286,per_usd
2011-08-12,7.1815,per_usd
2011-08-15,7.1182,per_usd
2011-08-16,7.1072,per_usd
2011-08-17,7.0868,per_usd
2011-08-18,7.223,per_usd
2011-08-19,7.1728,per_usd
2011-08-22,7.225,per_usd
2011-08-23,7.1985,per_usd
2011-08-24,7.246,per_usd
2011-08-25,7.2159,per_usd
2011-08-26,7.1301,per_usd
2011-08-29,7.0426,per_usd
2011-08-30,7.0851,per_usd
2011-08-31,7.001,per_usd
2011-09-01,6.9965,per_usd
2011-09-02,7.0552,per_usd
2011-09-06,7.1631,per_usd
2011-09-07,7.1465,per_usd
2011-09-08,7.1618,per_usd
2011-09-09,7.285,per_usd
2011-09-12,7.4039,per_usd
2011-09-13,7.3336,per_usd
2011-09-14,7.3625,per_usd
2011-09-15,7.3867,per_usd
2011-09-16,7.435,per_usd
2011-09-19,7.717,per_usd
2011-09-20,7.6738,per_usd
2011-09-21,7.86,per_usd
2011-09-22,8.2751,per_usd
2011-09-23,8.26,per_usd
2011-09-26,8.0752,per_usd
2011-09-27,7.8087,per_usd
2011-09-28,7.7979,per_usd
2011-09-29,7.897,per_usd
2011-09-30,8.0197,per_usd
2011-10-03,8.193,per_usd
2011-10-04,8.289,per_usd
2011-10-05,8.023,per_usd
2011-10-06,7.9687,per_usd
2011-10-07,7.8688,per_usd
2011-10-11,7.9082,per_usd
2011-10-12,7.7982,per_usd
2011-10-13,7.9028,per_usd
2011-10-14,7.825,per_usd
2011-10-17,7.9473,per_usd
2011-10-18,8.0352,per_usd
2011-10-19,8.0177,per_usd
2011-10-20,8.2325,per_usd
2011-10-21,8.031,per_usd
2011-10-24,7.8684,per_usd
2011-10-25,7.8918,per_usd
2011-10-26,7.9916,per_usd
2011-10-27,7.6935,per_usd
2011-10-28,7.7115,per_usd
2011-10-31,7.882,per_usd
2011-11-01,8.0986,per_usd
2011-11-02,7.9631,per_usd
2011-11-03,7.861,per_usd
2011-11-04,7.8775,per_usd
2011-11-07,7.968,per_usd
2011-11-08,7.891,per_usd
2011-11-09,7.9902,per_usd
2011-11-10,7.995,per_usd
2011-11-14,7.9933,per_usd
2011-11-15,8.2,per_usd
2011-11-16,8.1594,per_usd
2011-11-17,8.1658,per_usd
2011-11-18,8.2041,per_usd
2011-11-21,8.327,per_usd
2011-11-22,8.3752,per_usd
2011-11-23,8.5536,per_usd
2011-11-25,8.5025,per_usd
2011-11-28,8.382,per_usd
2011-11-29,8.3531,per_usd
2011-11-30,8.125,per_usd
2011-12-01,8.0925,per_usd
2011-12-02,8.0371,per_usd
2011-12-05,7.9923,per_usd
2011-12-06,8.0275,per_usd
2011-12-07,8.025,per_usd
2011-12-08,8.265,per_usd
2011-12-09,8.1225,per_usd
2011-12-12,8.2771,per_usd
2011-12-13,8.286,per_usd
2011-12-14,8.425,per_usd
2011-12-15,8.3801,per_usd
2011-12-16,8.3599,per_usd
2011-12-19,8.3866,per_usd
2011-12-20,8.2211,per_usd
2011-12-21,8.2679,per_usd
2011-12-22,8.175,per_usd
2011-12-23,8.135,per_usd
2011-12-27,8.1345,per_usd
2011-12-28,8.1915,per_usd
2011-12-29,8.1825,per_usd
2011-12-30,8.0751,per_usd
2012-01-03,8.025,per_usd
2012-01-04,8.1426,per_usd
2012-01-05,8.1715,per_usd
2012-01-06,8.145,per_usd
2012-01-09,8.1777,per_usd
2012-01-10,8.1109,per_usd
2012-01-11,8.1052,per_usd
2012-01-12,8.055,per_usd
2012-01-13,8.1393,per_usd
2012-01-17,8.0253,per_usd
2012-01-18,7.9932,per_usd
2012-01-19,7.9,per_usd
2012-01-20,7.937,per_usd
2012-01-23,7.9315,per_usd
2012-01-24,7.9501,per_usd
2012-01-25,8.032,per_usd
2012-01-26,7.771,per_usd
2012-01-27,7.7489,per_usd
2012-01-30,7.853,per_usd
2012-01-31,7.835,per_usd
2012-02-01,7.6609,per_usd
2012-02-02,7.6275,per_usd
2012-02-03,7.578,per_usd
2012-02-06,7.544,per_usd
2012-02-07,7.5665,per_usd
2012-02-08,7.5851,per_usd
2012-02-09,7.5855,per_usd
2012-02-10,7.7425,per_usd
2012-02-13,7.6958,per_usd
2012-02-14,7.7165,per_usd
2012-02-15,7.6966,per_usd
2012-02-16,7.7837,per_usd
2012-02-17,7.7485,per_usd
2012-02-21,7.7007,per_usd
2012-02-22,7.7282,per_usd
2012-02-23,7.681,per_usd
2012-02-24,7.5917,per_usd
2012-02-27,7.5359,per_usd
2012-02-28,7.5402,per_usd
2012-02-29,7.4663,per_usd
2012-03-01,7.465,per_usd
2012-03-02,7.5286,per_usd
2012-03-05,7.5528,per_usd
2012-03-06,7.6596,per_usd
2012-03-07,7.6212,per_usd
2012-03-08,7.5199,per_usd
2012-03-09,7.518,per_usd
2012-03-12,7.563,per_usd
2012-03-13,7.5285,per_usd
2012-03-14,7.681,per_usd
2012-03-15,7.6107,per_usd
2012-03-16,7.595,per_usd
2012-03-19,7.5333,per_usd
2012-03-20,7.6168,per_usd
2012-03-21,7.6408,per_usd
2012-03-22,7.7173,per_usd
2012-03-23,7.715,per_usd
2012-03-26,7.595,per_usd
2012-03-27,7.5971,per_usd
2012-03-28,7.6929,per_usd
2012-03-29,7.7454,per_usd
2012-03-30,7.6585,per_usd
2012-04-02,7.6274,per_usd
2012-04-03,7.6945,per_usd
2012-04-04,7.809,per_usd
2012-04-05,7.8328,per_usd
2012-04-06,7.875,per_usd
2012-04-09,7.8714,per_usd
2012-04-10,8.0173,per_usd
2012-04-11,8.002,per_usd
2012-04-12,7.8877,per_usd
2012-04-13,7.94,per_usd
2012-04-16,7.9616,per_usd
2012-04-17,7.7901,per_usd
2012-04-18,7.8103,per_usd
2012-04-19,7.8552,per_usd
2012-04-20,7.802,per_usd
2012-04-23,7.8621,per_usd
2012-04-24,7.7921,per_usd
2012-04-25,7.762,per_usd
2012-04-26,7.7846,per_usd
2012-04-27,7.755,per_usd
2012-04-30,7.7594,per_usd
2012-05-01,7.72,per_usd
2012-05-02,7.7433,per_usd
2012-05-03,7.7317,per_usd
2012-05-04,7.8261,per_usd
2012-05-07,7.8105,per_usd
2012-05-08,7.896,per_usd
2012-05-09,7.9918,per_usd
2012-05-10,8.016,per_usd
2012-05-11,8.0901,per_usd
2012-05-14,8.1667,per_usd
2012-05-15,8.2751,per_usd
2012-05-16,8.291,per_usd
2012-05-17,8.3101,per_usd
2012-05-18,8.3417,per_usd
2012-05-21,8.2745,per_usd
2012-05-22,8.2824,per_usd
2012-05-23,8.4371,per_usd
2012-05-24,8.3515,per_usd
2012-05-25,8.38,per_usd
2012-05-29,8.34,per_usd
2012-05-30,8.5068,per_usd
2012-05-31,8.53,per_usd
2012-06-01,8.58,per_usd
2012-06-04,8.4926,per_usd
2012-06-05,8.4633,per_usd
2012-06-06,8.3231,per_usd
2012-06-07,8.3156,per_usd
2012-06-08,8.4288,per_usd
2012-06-11,8.4353,per_usd
2012-06-12,8.4352,per_usd
2012-06-13,8.358,per_usd
2012-06-14,8.406,per_usd
2012-06-15,8.364,per_usd
2012-06-18,8.3355,per_usd
2012-06-19,8.2027,per_usd
2012-06-20,8.1791,per_usd
2012-06-21,8.3111,per_usd
2012-06-22,8.413,per_usd
2012-06-25,8.5051,per_usd
2012-06-26,8.4463,per_usd
2012-06-27,8.426,per_usd
2012-06-28,8.4222,per_usd
2012-06-29,8.175,per_usd
2012-07-02,8.1725,per_usd
2012-07-03,8.0753,per_usd
2012-07-05,8.13,per_usd
2012-07-06,8.2731,per_usd
2012-07-09,8.2738,per_usd
2012-07-10,8.195,per_usd
2012-07-11,8.2401,per_usd
2012-07-12,8.344,per_usd
2012-07-13,8.2722,per_usd
2012-07-16,8.2175,per_usd
2012-07-17,8.2226,per_usd
2012-07-18,8.1568,per_usd
2012-07-19,8.1865,per_usd
2012-07-20,8.2617,per_usd
2012-07-23,8.4465,per_usd
2012-07-24,8.5175,per_usd
2012-07-25,8.4563,per_usd
2012-07-26,8.2604,per_usd
2012-07-27,8.1796,per_usd
2012-07-30,8.206,per_usd
2012-07-31,8.2351,per_usd
2012-08-01,8.2643,per_usd
2012-08-02,8.381,per_usd
2012-08-03,8.1325,per_usd
2012-08-06,8.135,per_usd
2012-08-07,8.14,per_usd
2012-08-08,8.1078,per_usd
2012-08-09,8.1051,per_usd
2012-08-10,8.085,per_usd
2012-08-13,8.1461,per_usd
2012-08-14,8.1671,per_usd
2012-08-15,8.213,per_usd
2012-08-16,8.211,per_usd
2012-08-17,8.3201,per_usd
2012-08-20,8.3013,per_usd
2012-08-21,8.2433,per_usd
2012-08-22,8.3075,per_usd
2012-08-23,8.2821,per_usd
2012-08-24,8.3867,per_usd
2012-08-27,8.3991,per_usd
2012-08-28,8.3761,per_usd
2012-08-29,8.4035,per_usd
2012-08-30,8.4795,per_usd
2012-08-31,8.3844,per_usd
2012-09-04,8.4116,per_usd
2012-09-05,8.398,per_usd
2012-09-06,8.2755,per_usd
2012-09-07,8.1803,per_usd
2012-09-10,8.142,per_usd
2012-09-11,8.1565,per_usd
2012-09-12,8.3515,per_usd
2012-09-13,8.3346,per_usd
2012-09-14,8.2182,per_usd
2012-09-17,8.2151,per_usd
2012-09-18,8.1725,per_usd
2012-09-19,8.2431,per_usd
2012-09-20,8.3315,per_usd
2012-09-21,8.2385,per_usd
2012-09-24,8.2651,per_usd
2012-09-25,8.1885,per_usd
2012-09-26,8.237,per_usd
2012-09-27,8.2416,per_usd
2012-09-28,8.29,per_usd
2012-10-01,8.3558,per_usd
2012-10-02,8.3665,per_usd
2012-10-03,8.4255,per_usd
2012-10-04,8.5338,per_usd
2012-10-05,8.66,per_usd
2012-10-09,8.7553,per_usd
2012-10-10,8.7049,per_usd
2012-10-11,8.7031,per_usd
2012-10-12,8.6405,per_usd
2012-10-15,8.813,per_usd
2012-10-16,8.7292,per_usd
2012-10-17,8.5889,per_usd
2012-10-18,8.6255,per_usd
2012-10-19,8.64,per_usd
2012-10-22,8.6229,per_usd
2012-10-23,8.7801,per_usd
2012-10-24,8.7805,per_usd
2012-10-25,8.7193,per_usd
2012-10-26,8.6604,per_usd
2012-10-29,8.7,per_usd
2012-10-30,8.6303,per_usd
2012-10-31,8.6982,per_usd
2012-11-01,8.6457,per_usd
2012-11-02,8.7376,per_usd
2012-11-05,8.728,per_usd
2012-11-06,8.6367,per_usd
2012-11-07,8.6579,per_usd
2012-11-08,8.7179,per_usd
2012-11-09,8.7024,per_usd
2012-11-13,8.7776,per_usd
2012-11-14,8.8905,per_usd
2012-11-15,8.9245,per_usd
2012-11-16,8.8703,per_usd
2012-11-19,8.8183,per_usd
2012-11-20,8.8539,per_usd
2012-11-21,8.9691,per_usd
2012-11-23,8.87,per_usd
2012-11-26,8.864,per_usd
2012-11-27,8.8269,per_usd
2012-11-28,8.8245,per_usd
2012-11-29,8.7916,per_usd
2012-11-30,8.8815,per_usd
2012-12-03,8.8489,per_usd
2012-12-04,8.8007,per_usd
2012-12-05,8.7625,per_usd
2012-12-06,8.669,per_usd
2012-12-07,8.656,per_usd
2012-12-10,8.6785,per_usd
2012-12-11,8.6655,per_usd
2012-12-12,8.6579,per_usd
2012-12-13,8.658,per_usd
2012-12-14,8.6256,per_usd
2012-12-17,8.5455,per_usd
2012-12-18,8.5002,per_usd
2012-12-19,8.4837,per_usd
2012-12-20,8.5025,per_usd
2012-12-21,8.567,per_usd
2012-12-24,8.5811,per_usd
2012-12-26,8.565,per_usd
2012-12-27,8.5031,per_usd
2012-12-28,8.477,per_usd
2012-12-31,8.4845,per_usd
2013-01-02,8.4927,per_usd
2013-01-03,8.552,per_usd
2013-01-04,8.593,per_usd
2013-01-07,8.5751,per_usd
2013-01-08,8.591,per_usd
2013-01-09,8.5801,per_usd
2013-01-10,8.6251,per_usd
2013-01-11,8.7364,per_usd
2013-01-14,8.7117,per_usd
2013-01-15,8.805,per_usd
2013-01-16,8.7816,per_usd
2013-01-17,8.8065,per_usd
2013-01-18,8.8855,per_usd
2013-01-22,8.855,per_usd
2013-01-23,9.0251,per_usd
2013-01-24,9.0265,per_usd
2013-01-25,8.9571,per_usd
2013-01-28,9.1271,per_usd
2013-01-29,9.026,per_usd
2013-01-30,9.0486,per_usd
2013-01-31,8.952,per_usd
2013-02-01,8.8385,per_usd
2013-02-04,8.928,per_usd
2013-02-05,8.8465,per_usd
2013-02-06,8.9014,per_usd
2013-02-07,8.9321,per_usd
2013-02-08,8.8888,per_usd
2013-02-11,8.9071,per_usd
2013-02-12,8.9001,per_usd
2013-02-13,8.8555,per_usd
2013-02-14,8.802,per_usd
2013-02-15,8.8521,per_usd
2013-02-19,8.867,per_usd
2013-02-20,8.888,per_usd
2013-02-21,8.882,per_usd
2013-02-22,8.8701,per_usd
2013-02-25,8.8271,per_usd
2013-02-26,8.8496,per_usd
2013-02-27,8.85,per_usd
2013-02-28,8.9703,per_usd
2013-03-01,9.0716,per_usd
2013-03-04,9.0994,per_usd
2013-03-05,9.058,per_usd
2013-03-06,9.0929,per_usd
2013-03-07,9.1455,per_usd
2013-03-08,9.1256,per_usd
2013-03-11,9.118,per_usd
2013-03-12,9.1675,per_usd
2013-03-13,9.24,per_usd
2013-03-14,9.1853,per_usd
2013-03-15,9.1871,per_usd
2013-03-18,9.1591,per_usd
2013-03-19,9.27,per_usd
2013-03-20,9.2712,per_usd
2013-03-21,9.315,per_usd
2013-03-22,9.3161,per_usd
2013-03-25,9.2931,per_usd
2013-03-26,9.2423,per_usd
2013-03-27,9.2875,per_usd
2013-03-28,9.175,per_usd
2013-03-29,9.2275,per_usd
2013-04-01,9.1776,per_usd
2013-04-02,9.2126,per_usd
2013-04-03,9.2027,per_usd
2013-04-04,9.1785,per_usd
2013-04-05,9.0937,per_usd
2013-04-08,9.0186,per_usd
2013-04-09,8.9112,per_usd
2013-04-10,8.9015,per_usd
2013-04-11,8.8989,per_usd
2013-04-12,8.9576,per_usd
2013-04-15,9.1326,per_usd
2013-04-16,9.1315,per_usd
2013-04-17,9.1801,per_usd
2013-04-18,9.1913,per_usd
2013-04-19,9.2251,per_usd
2013-04-22,9.2526,per_usd
2013-04-23,9.2255,per_usd
2013-04-24,9.1795,per_usd
2013-04-25,9.0701,per_usd
2013-04-26,9.1225,per_usd
2013-04-29,8.978,per_usd
2013-04-30,8.9741,per_usd
2013-05-01,9.0201,per_usd
2013-05-02,8.9636,per_usd
2013-05-03,8.926,per_usd
2013-05-06,8.9954,per_usd
2013-05-07,9.0161,per_usd
2013-05-08,9.011,per_usd
2013-05-09,8.9835,per_usd
2013-05-10,9.1105,per_usd
2013-05-13,9.1466,per_usd
2013-05-14,9.2052,per_usd
2013-05-15,9.2795,per_usd
2013-05-16,9.3001,per_usd
2013-05-17,9.41,per_usd
2013-05-20,9.481,per_usd
2013-05-21,9.5256,per_usd
2013-05-22,9.555,per_usd
2013-05-23,9.535,per_usd
2013-05-24,9.58,per_usd
2013-05-28,9.7675,per_usd
2013-05-29,9.79,per_usd
2013-05-30,10.0175,per_usd
2013-05-31,10.068,per_usd
2013-06-03,9.83,per_usd
2013-06-04,9.7628,per_usd
2013-06-05,10.0085,per_usd
2013-06-06,9.88,per_usd
2013-06-07,9.975,per_usd
2013-06-10,10.1441,per_usd
2013-06-11,10.05,per_usd
2013-06-12,10.0075,per_usd
2013-06-13,9.9189,per_usd
2013-06-14,9.9636,per_usd
2013-06-17,9.903,per_usd
2013-06-18,9.9736,per_usd
2013-06-19,9.9543,per_usd
2013-06-20,10.2015,per_usd
2013-06-21,10.2385,per_usd
2013-06-24,10.1135,per_usd
2013-06-25,10.0876,per_usd
2013-06-26,10.1348,per_usd
2013-06-27,9.9745,per_usd
2013-06-28,9.8799,per_usd
2013-07-01,9.8895,per_usd
2013-07-02,9.9155,per_usd
2013-07-03,10.0835,per_usd
2013-07-05,10.179,per_usd
2013-07-08,10.202,per_usd
2013-07-09,10.04,per_usd
2013-07-10,10.03,per_usd
2013-07-11,9.9905,per_usd
2013-07-12,9.9915,per_usd
2013-07-15,9.8955,per_usd
2013-07-16,9.873,per_usd
2013-07-17,9.845,per_usd
2013-07-18,9.925,per_usd
2013-07-19,9.8615,per_usd
2013-07-22,9.801,per_usd
2013-07-23,9.7265,per_usd
2013-07-24,9.7485,per_usd
2013-07-25,9.807,per_usd
2013-07-26,9.793,per_usd
2013-07-29,9.7845,per_usd
2013-07-30,9.797,per_usd
2013-07-31,9.9145,per_usd
2013-08-01,9.9825,per_usd
2013-08-02,9.8665,per_usd
2013-08-05,9.8565,per_usd
2013-08-06,9.913,per_usd
2013-08-07,9.894,per_usd
2013-08-08,9.811,per_usd
2013-08-09,9.768,per_usd
2013-08-12,9.821,per_usd
2013-08-13,9.982,per_usd
2013-08-14,9.935,per_usd
2013-08-15,9.99,per_usd
2013-08-16,10.037,per_usd
2013-08-19,10.1675,per_usd
2013-08-20,10.135,per_usd
2013-08-21,10.2525,per_usd
2013-08-22,10.297,per_usd
2013-08-23,10.213,per_usd
2013-08-26,10.318,per_usd
2013-08-27,10.408,per_usd
2013-08-28,10.315,per_usd
2013-08-29,10.3375,per_usd
2013-08-30,10.257,per_usd
2013-09-03,10.3175,per_usd
2013-09-04,10.217,per_usd
2013-09-05,10.23,per_usd
2013-09-06,10.0125,per_usd
2013-09-09,9.9755,per_usd
2013-09-10,10.0325,per_usd
2013-09-11,9.9,per_usd
2013-09-12,9.943,per_usd
2013-09-13,9.9375,per_usd
2013-09-16,9.793,per_usd
2013-09-17,9.799,per_usd
2013-09-18,9.8115,per_usd
2013-09-19,9.693,per_usd
2013-09-20,9.865,per_usd
2013-09-23,9.825,per_usd
2013-09-24,9.8355,per_usd
2013-09-25,9.93,per_usd
2013-09-26,10,per_usd
2013-09-27,10.07,per_usd
2013-09-30,10.045,per_usd
2013-10-01,10.08,per_usd
2013-10-02,10.0335,per_usd
2013-10-03,10.075,per_usd
2013-10-04,9.995,per_usd
2013-10-07,9.971,per_usd
2013-10-08,9.9775,per_usd
2013-10-09,9.9975,per_usd
2013-10-10,9.89,per_usd
2013-10-11,9.898,per_usd
2013-10-15,9.9335,per_usd
2013-10-16,9.876,per_usd
2013-10-17,9.8075,per_usd
2013-10-18,9.75,per_usd
2013-10-21,9.84,per_usd
2013-10-22,9.7305,per_usd
2013-10-23,9.767,per_usd
2013-10-24,9.7665,per_usd
2013-10-25,9.8185,per_usd
2013-10-28,9.8085,per_usd
2013-10-29,9.869,per_usd
2013-10-30,9.868,per_usd
2013-10-31,10.002,per_usd
2013-11-01,10.168,per_usd
2013-11-04,10.117,per_usd
2013-11-05,10.236,per_usd
2013-11-06,10.2785,per_usd
2013-11-07,10.29,per_usd
2013-11-08,10.336,per_usd
2013-11-12,10.382,per_usd
2013-11-13,10.333,per_usd
2013-11-14,10.29,per_usd
2013-11-15,10.171,per_usd
2013-11-18,10.12,per_usd
2013-11-19,10.188,per_usd
2013-11-20,10.0675,per_usd
2013-11-21,10.1445,per_usd
2013-11-22,10.083,per_usd
2013-11-25,10.0755,per_usd
2013-11-26,10.136,per_usd
2013-11-27,10.2255,per_usd
2013-11-29,10.1765,per_usd
2013-12-02,10.2635,per_usd
2013-12-03,10.3375,per_usd
2013-12-04,10.4755,per_usd
2013-12-05,10.415,per_usd
2013-12-06,10.3525,per_usd
2013-12-09,10.3747,per_usd
2013-12-10,10.355,per_usd
2013-12-11,10.3535,per_usd
2013-12-12,10.42,per_usd
2013-12-13,10.3125,per_usd
2013-12-16,10.2715,per_usd
2013-12-17,10.335,per_usd
2013-12-18,10.3575,per_usd
2013-12-19,10.3785,per_usd
2013-12-20,10.335,per_usd
2013-12-23,10.3265,per_usd
2013-12-24,10.3325,per_usd
2013-12-26,10.341,per_usd
2013-12-27,10.4925,per_usd
2013-12-30,10.42,per_usd
2013-12-31,10.485,per_usd
2014-01-02,10.68,per_usd
2014-01-03,10.6595,per_usd
2014-01-06,10.645,per_usd
2014-01-07,10.6425,per_usd
2014-01-08,10.7595,per_usd
2014-01-09,10.8055,per_usd
2014-01-10,10.6615,per_usd
2014-01-13,10.79,per_usd
2014-01-14,10.8155,per_usd
2014-01-15,10.8585,per_usd
2014-01-16,10.93,per_usd
2014-01-17,10.845,per_usd
2014-01-21,10.86,per_usd
2014-01-22,10.877,per_usd
2014-01-23,10.99,per_usd
2014-01-24,11.0855,per_usd
2014-01-27,11.176,per_usd
2014-01-28,11.0565,per_usd
2014-01-29,11.19,per_usd
2014-01-30,11.16,per_usd
2014-01-31,11.1445,per_usd
2014-02-03,11.2515,per_usd
2014-02-04,11.091,per_usd
2014-02-05,11.136,per_usd
2014-02-06,11.015,per_usd
2014-02-07,11.038,per_usd
2014-02-10,11.1135,per_usd
2014-02-11,10.975,per_usd
2014-02-12,11.001,per_usd
2014-02-13,11.0195,per_usd
2014-02-14,10.87,per_usd
2014-02-18,10.8605,per_usd
2014-02-19,10.927,per_usd
2014-02-20,11,per_usd
2014-02-21,10.9405,per_usd
2014-02-24,10.81,per_usd
2014-02-25,10.7155,per_usd
2014-02-26,10.846,per_usd
2014-02-27,10.7245,per_usd
2014-02-28,10.7265,per_usd
2014-03-03,10.8735,per_usd
2014-03-04,10.785,per_usd
2014-03-05,10.6995,per_usd
2014-03-06,10.6,per_usd
2014-03-07,10.715,per_usd
2014-03-10,10.753,per_usd
2014-03-11,10.805,per_usd
2014-03-12,10.854,per_usd
2014-03-13,10.776,per_usd
2014-03-14,10.72,per_usd
2014-03-17,10.732,per_usd
2014-03-18,10.73,per_usd
2014-03-19,10.75,per_usd
2014-03-20,10.93,per_usd
2014-03-21,10.865,per_usd
2014-03-24,10.8555,per_usd
2014-03-25,10.7635,per_usd
2014-03-26,10.6855,per_usd
2014-03-27,10.62,per_usd
2014-03-28,10.595,per_usd
2014-03-31,10.5275,per_usd
2014-04-01,10.563,per_usd
2014-04-02,10.6165,per_usd
2014-04-03,10.6455,per_usd
2014-04-04,10.5295,per_usd
2014-04-07,10.518,per_usd
2014-04-08,10.4295,per_usd
2014-04-09,10.451,per_usd
2014-04-10,10.3775,per_usd
2014-04-11,10.479,per_usd
2014-04-14,10.4985,per_usd
2014-04-15,10.55,per_usd
2014-04-16,10.55,per_usd
2014-04-17,10.485,per_usd
2014-04-18,10.4825,per_usd
2014-04-21,10.4925,per_usd
2014-04-22,10.541,per_usd
2014-04-23,10.6085,per_usd
2014-04-24,10.623,per_usd
2014-04-25,10.652,per_usd
2014-04-28,10.6275,per_usd
2014-04-29,10.5615,per_usd
2014-04-30,10.5195,per_usd
2014-05-01,10.482,per_usd
2014-05-02,10.4775,per_usd
2014-05-05,10.47,per_usd
2014-05-06,10.5,per_usd
2014-05-07,10.4635,per_usd
2014-05-08,10.3205,per_usd
2014-05-09,10.3745,per_usd
2014-05-12,10.3695,per_usd
2014-05-13,10.32,per_usd
2014-05-14,10.3075,per_usd
2014-05-15,10.419,per_usd
2014-05-16,10.3495,per_usd
2014-05-19,10.3445,per_usd
2014-05-20,10.44,per_usd
2014-05-21,10.4075,per_usd
2014-05-22,10.32,per_usd
2014-05-23,10.299,per_usd
2014-05-27,10.4605,per_usd
2014-05-28,10.478,per_usd
2014-05-29,10.405,per_usd
2014-05-30,10.586,per_usd
2014-06-02,10.684,per_usd
2014-06-03,10.7335,per_usd
2014-06-04,10.763,per_usd
2014-06-05,10.6955,per_usd
2014-06-06,10.587,per_usd
2014-06-09,10.6285,per_usd
2014-06-10,10.707,per_usd
2014-06-11,10.732,per_usd
2014-06-12,10.688,per_usd
2014-06-13,10.71,per_usd
2014-06-16,10.7372,per_usd
2014-06-17,10.8165,per_usd
2014-06-18,10.7355,per_usd
2014-06-19,10.706,per_usd
2014-06-20,10.6925,per_usd
2014-06-23,10.564,per_usd
2014-06-24,10.5805,per_usd
2014-06-25,10.578,per_usd
2014-06-26,10.63,per_usd
2014-06-27,10.6165,per_usd
2014-06-30,10.624,per_usd
2014-07-01,10.675,per_usd
2014-07-02,10.7435,per_usd
2014-07-03,10.7435,per_usd
2014-07-07,10.784,per_usd
2014-07-08,10.694,per_usd
2014-07-09,10.688,per_usd
2014-07-10,10.706,per_usd
2014-07-11,10.7155,per_usd
2014-07-14,10.6795,per_usd
2014-07-15,10.7115,per_usd
2014-07-16,10.6675,per_usd
2014-07-17,10.7225,per_usd
2014-07-18,10.6535,per_usd
2014-07-21,10.6115,per_usd
2014-07-22,10.565,per_usd
2014-07-23,10.5,per_usd
2014-07-24,10.522,per_usd
2014-07-25,10.5095,per_usd
2014-07-28,10.581,per_usd
2014-07-29,10.6,per_usd
2014-07-30,10.6895,per_usd
2014-07-31,10.706,per_usd
2014-08-01,10.7015,per_usd
2014-08-04,10.698,per_usd
2014-08-05,10.7555,per_usd
2014-08-06,10.7275,per_usd
2014-08-07,10.7375,per_usd
2014-08-08,10.669,per_usd
2014-08-11,10.633,per_usd
2014-08-12,10.6355,per_usd
2014-08-13,10.582,per_usd
2014-08-14,10.54,per_usd
2014-08-15,10.6,per_usd
2014-08-18,10.6135,per_usd
2014-08-19,10.641,per_usd
2014-08-20,10.702,per_usd
2014-08-21,10.694,per_usd
2014-08-22,10.6985,per_usd
2014-08-25,10.702,per_usd
2014-08-26,10.685,per_usd
2014-08-27,10.6195,per_usd
2014-08-28,10.6455,per_usd
2014-08-29,10.6475,per_usd
2014-09-02,10.742,per_usd
2014-09-03,10.6805,per_usd
2014-09-04,10.7055,per_usd
2014-09-05,10.6915,per_usd
2014-09-08,10.778,per_usd
2014-09-09,10.9245,per_usd
2014-09-10,10.9265,per_usd
2014-09-11,10.9545,per_usd
2014-09-12,10.993,per_usd
2014-09-15,10.985,per_usd
2014-09-16,10.872,per_usd
2014-09-17,10.967,per_usd
2014-09-18,11.054,per_usd
2014-09-19,11.08,per_usd
2014-09-22,11.1635,per_usd
2014-09-23,11.135,per_usd
2014-09-24,11.1495,per_usd
2014-09-25,11.183,per_usd
2014-09-26,11.25,per_usd
2014-09-29,11.2655,per_usd
2014-09-30,11.3055,per_usd
2014-10-01,11.25,per_usd
2014-10-02,11.215,per_usd
2014-10-03,11.3425,per_usd
2014-10-06,11.245,per_usd
2014-10-07,11.1795,per_usd
2014-10-08,11.173,per_usd
2014-10-09,11.085,per_usd
2014-10-10,11.0875,per_usd
2014-10-14,11.0405,per_usd
2014-10-15,11.064,per_usd
2014-10-16,11.0975,per_usd
2014-10-17,11.091,per_usd
2014-10-20,11.018,per_usd
2014-10-21,10.9925,per_usd
2014-10-22,10.9835,per_usd
2014-10-23,10.965,per_usd
2014-10-24,10.929,per_usd
2014-10-27,10.942,per_usd
2014-10-28,10.8555,per_usd
2014-10-29,10.8325,per_usd
2014-10-30,10.871,per_usd
2014-10-31,11.047,per_usd
2014-11-03,11.0755,per_usd
2014-11-04,11.046,per_usd
2014-11-05,11.14,per_usd
2014-11-06,11.2455,per_usd
2014-11-07,11.2695,per_usd
2014-11-10,11.252,per_usd
2014-11-12,11.174,per_usd
2014-11-13,11.2125,per_usd
2014-11-14,11.107,per_usd
2014-11-17,11.115,per_usd
2014-11-18,11.0245,per_usd
2014-11-19,11.0665,per_usd
2014-11-20,10.9625,per_usd
2014-11-21,10.936,per_usd
2014-11-24,11.033,per_usd
2014-11-25,10.9375,per_usd
2014-11-26,10.9645,per_usd
2014-11-28,11.0595,per_usd
2014-12-01,10.994,per_usd
2014-12-02,11.121,per_usd
2014-12-03,11.2375,per_usd
2014-12-04,11.178,per_usd
2014-12-05,11.3435,per_usd
2014-12-08,11.556,per_usd
2014-12-09,11.421,per_usd
2014-12-10,11.53,per_usd
2014-12-11,11.63,per_usd
2014-12-12,11.6625,per_usd
2014-12-15,11.7455,per_usd
2014-12-16,11.6675,per_usd
2014-12-17,11.624,per_usd
2014-12-18,11.5605,per_usd
2014-12-19,11.616,per_usd
2014-12-22,11.527,per_usd
2014-12-23,11.6355,per_usd
2014-12-24,11.654,per_usd
2014-12-29,11.637,per_usd
2014-12-30,11.565,per_usd
2014-12-31,11.5425,per_usd
2015-01-02,11.699,per_usd
2015-01-05,11.7155,per_usd
2015-01-06,11.7005,per_usd
2015-01-07,11.7075,per_usd
2015-01-08,11.553,per_usd
2015-01-09,11.485,per_usd
2015-01-12,11.526,per_usd
2015-01-13,11.51,per_usd
2015-01-14,11.4405,per_usd
2015-01-15,11.51,per_usd
2015-01-16,11.574,per_usd
2015-01-20,11.613,per_usd
2015-01-21,11.524,per_usd
2015-01-22,11.3765,per_usd
2015-01-23,11.402,per_usd
2015-01-26,11.443,per_usd
2015-01-27,11.541,per_usd
2015-01-28,11.525,per_usd
2015-01-29,11.557,per_usd
2015-01-30,11.651,per_usd
2015-02-02,11.5185,per_usd
2015-02-03,11.4065,per_usd
2015-02-04,11.4375,per_usd
2015-02-05,11.2705,per_usd
2015-02-06,11.5005,per_usd
2015-02-09,11.593,per_usd
2015-02-10,11.704,per_usd
2015-02-11,11.8645,per_usd
2015-02-12,11.692,per_usd
2015-02-13,11.63,per_usd
2015-02-17,11.631,per_usd
2015-02-18,11.682,per_usd
2015-02-19,11.6225,per_usd
2015-02-20,11.623,per_usd
2015-02-23,11.625,per_usd
2015-02-24,11.5385,per_usd
2015-02-25,11.444,per_usd
2015-02-26,11.5,per_usd
2015-02-27,11.6865,per_usd
2015-03-02,11.749,per_usd
2015-03-03,11.766,per_usd
2015-03-04,11.823,per_usd
2015-03-05,11.8145,per_usd
2015-03-06,12.0555,per_usd
2015-03-09,12.091,per_usd
2015-03-10,12.3335,per_usd
2015-03-11,12.276,per_usd
2015-03-12,12.2625,per_usd
2015-03-13,12.4655,per_usd
2015-03-16,12.42,per_usd
2015-03-17,12.3875,per_usd
2015-03-18,12.3265,per_usd
2015-03-19,12.3285,per_usd
2015-03-20,12.04,per_usd
2015-03-23,11.903,per_usd
2015-03-24,11.836,per_usd
2015-03-25,11.855,per_usd
2015-03-26,11.922,per_usd
2015-03-27,12.0155,per_usd
2015-03-30,12.1355,per_usd
2015-03-31,12.1385,per_usd
2015-04-01,11.961,per_usd
2015-04-02,11.973,per_usd
2015-04-03,11.7765,per_usd
2015-04-06,11.734,per_usd
2015-04-07,11.8575,per_usd
2015-04-08,11.8145,per_usd
2015-04-09,11.904,per_usd
2015-04-10,11.9935,per_usd
2015-04-13,12.1095,per_usd
2015-04-14,11.994,per_usd
2015-04-15,12.172,per_usd
2015-04-16,11.965,per_usd
2015-04-17,12.067,per_usd
2015-04-20,12.0945,per_usd
2015-04-21,12.112,per_usd
2015-04-22,12.205,per_usd
2015-04-23,12.18,per_usd
2015-04-24,12.1055,per_usd
2015-04-27,11.9785,per_usd
2015-04-28,11.81,per_usd
2015-04-29,11.7185,per_usd
2015-04-30,11.9355,per_usd
2015-05-01,12.065,per_usd
2015-05-04,12.0455,per_usd
2015-05-05,12.004,per_usd
2015-05-06,11.9775,per_usd
2015-05-07,12.0405,per_usd
2015-05-08,11.9215,per_usd
2015-05-11,12.082,per_usd
2015-05-12,12.043,per_usd
2015-05-13,11.876,per_usd
2015-05-14,11.822,per_usd
2015-05-15,11.7645,per_usd
2015-05-18,11.852,per_usd
2015-05-19,11.913,per_usd
2015-05-20,11.8705,per_usd
2015-05-21,11.8395,per_usd
2015-05-22,11.86,per_usd
2015-05-26,12.079,per_usd
2015-05-27,12.0775,per_usd
2015-05-28,12.1655,per_usd
2015-05-29,12.142,per_usd
2015-06-01,12.253,per_usd
2015-06-02,12.229,per_usd
2015-06-03,12.2625,per_usd
2015-06-04,12.3625,per_usd
2015-06-05,12.5715,per_usd
2015-06-08,12.54,per_usd
2015-06-09,12.43,per_usd
2015-06-10,12.3115,per_usd
2015-06-11,12.337,per_usd
2015-06-12,12.405,per_usd
2015-06-15,12.4025,per_usd
2015-06-16,12.3815,per_usd
2015-06-17,12.41,per_usd
2015-06-18,12.189,per_usd
2015-06-19,12.1545,per_usd
2015-06-22,12.1105,per_usd
2015-06-23,12.1955,per_usd
2015-06-24,12.1455,per_usd
2015-06-25,12.0845,per_usd
2015-06-26,12.214,per_usd
2015-06-29,12.274,per_usd
2015-06-30,12.145,per_usd
2015-07-01,12.253,per_usd
2015-07-02,12.27,per_usd
2015-07-06,12.3985,per_usd
2015-07-07,12.509,per_usd
2015-07-08,12.5225,per_usd
2015-07-09,12.519,per_usd
2015-07-10,12.463,per_usd
2015-07-13,12.446,per_usd
2015-07-14,12.3375,per_usd
2015-07-15,12.4355,per_usd
2015-07-16,12.3735,per_usd
2015-07-17,12.337,per_usd
2015-07-20,12.435,per_usd
2015-07-21,12.3355,per_usd
2015-07-22,12.4045,per_usd
2015-07-23,12.4245,per_usd
2015-07-24,12.614,per_usd
2015-07-27,12.6095,per_usd
2015-07-28,12.566,per_usd
2015-07-29,12.5105,per_usd
2015-07-30,12.7405,per_usd
2015-07-31,12.62,per_usd
2015-08-03,12.687,per_usd
2015-08-04,12.655,per_usd
2015-08-05,12.81,per_usd
2015-08-06,12.7405,per_usd
2015-08-07,12.6275,per_usd
2015-08-10,12.6735,per_usd
2015-08-11,12.803,per_usd
2015-08-12,12.76,per_usd
2015-08-13,12.8205,per_usd
2015-08-14,12.798,per_usd
2015-08-17,12.8765,per_usd
2015-08-18,12.926,per_usd
2015-08-19,12.946,per_usd
2015-08-20,12.8615,per_usd
2015-08-21,12.925,per_usd
2015-08-24,13.169,per_usd
2015-08-25,13.046,per_usd
2015-08-26,13.125,per_usd
2015-08-27,13.112,per_usd
2015-08-28,13.3185,per_usd
2015-08-31,13.2455,per_usd
2015-09-01,13.398,per_usd
2015-09-02,13.479,per_usd
2015-09-03,13.525,per_usd
2015-09-04,13.83,per_usd
2015-09-08,13.744,per_usd
2015-09-09,13.722,per_usd
2015-09-10,13.6425,per_usd
2015-09-11,13.6175,per_usd
2015-09-14,13.5195,per_usd
2015-09-15,13.4655,per_usd
2015-09-16,13.2715,per_usd
2015-09-17,13.3755,per_usd
2015-09-18,13.276,per_usd
2015-09-21,13.48,per_usd
2015-09-22,13.6945,per_usd
2015-09-23,13.8285,per_usd
2015-09-24,13.934,per_usd
2015-09-25,13.8645,per_usd
2015-09-28,13.973,per_usd
2015-09-29,13.958,per_usd
2015-09-30,13.8155,per_usd
2015-10-01,13.87,per_usd
2015-10-02,13.7865,per_usd
2015-10-05,13.5725,per_usd
2015-10-06,13.5185,per_usd
2015-10-07,13.397,per_usd
2015-10-08,13.373,per_usd
2015-10-09,13.3155,per_usd
2015-10-13,13.437,per_usd
2015-10-14,13.3305,per_usd
2015-10-15,13.0785,per_usd
2015-10-16,13.108,per_usd
2015-10-19,13.2755,per_usd
2015-10-20,13.2565,per_usd
2015-10-21,13.4925,per_usd
2015-10-22,13.4225,per_usd
2015-10-23,13.655,per_usd
2015-10-26,13.6025,per_usd
2015-10-27,13.6605,per_usd
2015-10-28,13.5495,per_usd
2015-10-29,13.8335,per_usd
2015-10-30,13.8135,per_usd
2015-11-02,13.7865,per_usd
2015-11-03,13.795,per_usd
2015-11-04,13.9655,per_usd
2015-11-05,13.9005,per_usd
2015-11-06,14.186,per_usd
2015-11-09,14.305,per_usd
2015-11-10,14.2645,per_usd
2015-11-12,14.2725,per_usd
2015-11-13,14.3825,per_usd
2015-11-16,14.386,per_usd
2015-11-17,14.286,per_usd
2015-11-18,14.2005,per_usd
2015-11-19,14.0085,per_usd
2015-11-20,13.9355,per_usd
2015-11-23,14.083,per_usd
2015-11-24,13.9835,per_usd
2015-11-25,14.144,per_usd
2015-11-27,14.388,per_usd
2015-11-30,14.48,per_usd
2015-12-01,14.4325,per_usd
2015-12-02,14.375,per_usd
2015-12-03,14.37,per_usd
2015-12-04,14.3255,per_usd
2015-12-07,14.5425,per_usd
2015-12-08,14.6,per_usd
2015-12-09,14.5775,per_usd
2015-12-10,15.2519,per_usd
2015-12-11,15.751,per_usd
2015-12-14,15.1465,per_usd
2015-12-15,14.9815,per_usd
2015-12-16,15.0725,per_usd
2015-12-17,15.206,per_usd
2015-12-18,15.0435,per_usd
2015-12-21,15.1045,per_usd
2015-12-22,15.1855,per_usd
2015-12-23,15.1845,per_usd
2015-12-24,15.274,per_usd
2015-12-28,15.2935,per_usd
2015-12-29,15.2885,per_usd
2015-12-30,15.5795,per_usd
2015-12-31,15.466,per_usd
2016-01-04,15.615,per_usd
2016-01-05,15.626,per_usd
2016-01-06,15.7855,per_usd
2016-01-07,15.974,per_usd
2016-01-08,16.18,per_usd
2016-01-11,16.8025,per_usd
2016-01-12,16.7125,per_usd
2016-01-13,16.3905,per_usd
2016-01-14,16.4305,per_usd
2016-01-15,16.8125,per_usd
2016-01-19,16.693,per_usd
2016-01-20,16.8845,per_usd
2016-01-21,16.5125,per_usd
2016-01-22,16.4625,per_usd
2016-01-25,16.451,per_usd
2016-01-26,16.3535,per_usd
2016-01-27,16.3355,per_usd
2016-01-28,16.1995,per_usd
2016-01-29,15.9535,per_usd
2016-02-01,15.948,per_usd
2016-02-02,16.1835,per_usd
2016-02-03,16.14,per_usd
2016-02-04,15.8305,per_usd
2016-02-05,15.9785,per_usd
2016-02-08,16.14,per_usd
2016-02-09,16.0532,per_usd
2016-02-10,15.8555,per_usd
2016-02-11,15.82,per_usd
2016-02-12,15.825,per_usd
2016-02-16,15.705,per_usd
2016-02-17,15.47,per_usd
2016-02-18,15.37,per_usd
2016-02-19,15.4095,per_usd
2016-02-22,15.183,per_usd
2016-02-23,15.205,per_usd
2016-02-24,15.6445,per_usd
2016-02-25,15.5805,per_usd
2016-02-26,16.155,per_usd
2016-02-29,15.7465,per_usd
2016-03-01,15.5465,per_usd
2016-03-02,15.6055,per_usd
2016-03-03,15.5825,per_usd
2016-03-04,15.3095,per_usd
2016-03-07,15.283,per_usd
2016-03-08,15.3825,per_usd
2016-03-09,15.145,per_usd
2016-03-10,15.3835,per_usd
2016-03-11,15.2005,per_usd
2016-03-14,15.5555,per_usd
2016-03-15,15.945,per_usd
2016-03-16,16.14,per_usd
2016-03-17,15.161,per_usd
2016-03-18,15.256,per_usd
2016-03-21,15.156,per_usd
2016-03-22,15.219,per_usd
2016-03-23,15.3215,per_usd
2016-03-24,15.5225,per_usd
2016-03-25,15.4675,per_usd
2016-03-28,15.5755,per_usd
2016-03-29,15.3655,per_usd
2016-03-30,14.887,per_usd
2016-03-31,14.71,per_usd
2016-04-01,14.735,per_usd
2016-04-04,14.6805,per_usd
2016-04-05,15.07,per_usd
2016-04-06,15.11,per_usd
2016-04-07,15.1465,per_usd
2016-04-08,14.9605,per_usd
2016-04-11,14.7055,per_usd
2016-04-12,14.6855,per_usd
2016-04-13,14.58,per_usd
2016-04-14,14.5225,per_usd
2016-04-15,14.5785,per_usd
2016-04-18,14.481,per_usd
2016-04-19,14.2855,per_usd
2016-04-20,14.215,per_usd
2016-04-21,14.28,per_usd
2016-04-22,14.4025,per_usd
2016-04-25,14.5175,per_usd
2016-04-26,14.3605,per_usd
2016-04-27,14.5055,per_usd
2016-04-28,14.2645,per_usd
2016-04-29,14.2355,per_usd
2016-05-02,14.3255,per_usd
2016-05-03,14.6085,per_usd
2016-05-04,14.9215,per_usd
2016-05-05,14.929,per_usd
2016-05-06,14.885,per_usd
2016-05-09,15.184,per_usd
2016-05-10,15.1305,per_usd
2016-05-11,15.0265,per_usd
2016-05-12,15.06,per_usd
2016-05-13,15.3505,per_usd
2016-05-16,15.6075,per_usd
2016-05-17,15.5215,per_usd
2016-05-18,15.743,per_usd
2016-05-19,15.8805,per_usd
2016-05-20,15.669,per_usd
2016-05-23,15.7625,per_usd
2016-05-24,15.615,per_usd
2016-05-25,15.69,per_usd
2016-05-26,15.565,per_usd
2016-05-27,15.65,per_usd
2016-05-31,15.715,per_usd
2016-06-01,15.5975,per_usd
2016-06-02,15.591,per_usd
2016-06-03,15.101,per_usd
2016-06-06,14.9605,per_usd
2016-06-07,14.876,per_usd
2016-06-08,14.7125,per_usd
2016-06-09,14.8345,per_usd
2016-06-10,15.1055,per_usd
2016-06-13,15.1535,per_usd
2016-06-14,15.3035,per_usd
2016-06-15,15.2525,per_usd
2016-06-16,15.4485,per_usd
2016-06-17,15.217,per_usd
2016-06-20,14.8215,per_usd
2016-06-21,14.7555,per_usd
2016-06-22,14.63,per_usd
2016-06-23,14.426,per_usd
2016-06-24,15,per_usd
2016-06-27,15.49,per_usd
2016-06-28,15.218,per_usd
2016-06-29,14.831,per_usd
2016-06-30,14.7755,per_usd
2016-07-01,14.5755,per_usd
2016-07-05,14.7865,per_usd
2016-07-06,14.7775,per_usd
2016-07-07,14.7,per_usd
2016-07-08,14.575,per_usd
2016-07-11,14.436,per_usd
2016-07-12,14.331,per_usd
2016-07-13,14.424,per_usd
2016-07-14,14.232,per_usd
2016-07-15,14.353,per_usd
2016-07-18,14.2585,per_usd
2016-07-19,14.332,per_usd
2016-07-20,14.338,per_usd
2016-07-21,14.2245,per_usd
2016-07-22,14.346,per_usd
2016-07-25,14.37,per_usd
2016-07-26,14.3635,per_usd
2016-07-27,14.3505,per_usd
2016-07-28,14.199,per_usd
2016-07-29,13.8875,per_usd
2016-08-01,13.9005,per_usd
2016-08-02,14.0125,per_usd
2016-08-03,13.9645,per_usd
2016-08-04,13.68,per_usd
2016-08-05,13.797,per_usd
2016-08-08,13.6275,per_usd
2016-08-09,13.4205,per_usd
2016-08-10,13.3105,per_usd
2016-08-11,13.321,per_usd
2016-08-12,13.5175,per_usd
2016-08-15,13.3105,per_usd
2016-08-16,13.306,per_usd
2016-08-17,13.4905,per_usd
2016-08-18,13.35,per_usd
2016-08-19,13.5065,per_usd
2016-08-22,13.5705,per_usd
2016-08-23,13.8,per_usd
2016-08-24,14.19,per_usd
2016-08-25,14.232,per_usd
2016-08-26,14.1205,per_usd
2016-08-29,14.3925,per_usd
2016-08-30,14.485,per_usd
2016-08-31,14.6985,per_usd
2016-09-01,14.6845,per_usd
2016-09-02,14.4705,per_usd
2016-09-06,14.063,per_usd
2016-09-07,14.05,per_usd
2016-09-08,14.113,per_usd
2016-09-09,14.391,per_usd
2016-09-12,14.39,per_usd
2016-09-13,14.4735,per_usd
2016-09-14,14.255,per_usd
2016-09-15,14.1875,per_usd
2016-09-16,14.2265,per_usd
2016-09-19,14.005,per_usd
2016-09-20,13.855,per_usd
2016-09-21,13.68,per_usd
2016-09-22,13.6075,per_usd
2016-09-23,13.69,per_usd
2016-09-26,13.675,per_usd
2016-09-27,13.48,per_usd
2016-09-28,13.6825,per_usd
2016-09-29,13.855,per_usd
2016-09-30,13.72,per_usd
2016-10-03,13.645,per_usd
2016-10-04,13.73,per_usd
2016-10-05,13.715,per_usd
2016-10-06,13.855,per_usd
2016-10-07,13.9325,per_usd
2016-10-11,14.36,per_usd
2016-10-12,14.255,per_usd
2016-10-13,14.2225,per_usd
2016-10-14,14.2475,per_usd
2016-10-17,14.145,per_usd
2016-10-18,13.89,per_usd
2016-10-19,13.86,per_usd
2016-10-20,13.9125,per_usd
2016-10-21,14.0275,per_usd
2016-10-24,13.9175,per_usd
2016-10-25,13.775,per_usd
2016-10-26,13.8775,per_usd
2016-10-27,13.86,per_usd
2016-10-28,13.8325,per_usd
2016-10-31,13.485,per_usd
2016-11-01,13.575,per_usd
2016-11-02,13.51,per_usd
2016-11-03,13.475,per_usd
2016-11-04,13.61,per_usd
2016-11-07,13.3425,per_usd
2016-11-08,13.2725,per_usd
2016-11-09,13.475,per_usd
2016-11-10,14.0425,per_usd
2016-11-14,14.37,per_usd
2016-11-15,14.2,per_usd
2016-11-16,14.295,per_usd
2016-11-17,14.305,per_usd
2016-11-18,14.38,per_usd
2016-11-21,14.2675,per_usd
2016-11-22,14.1325,per_usd
2016-11-23,14.2025,per_usd
2016-11-25,14.105,per_usd
2016-11-28,13.7325,per_usd
2016-11-29,13.88,per_usd
2016-11-30,14.0775,per_usd
2016-12-01,14.075,per_usd
2016-12-02,13.8825,per_usd
2016-12-05,13.7725,per_usd
2016-12-06,13.5975,per_usd
2016-12-07,13.52,per_usd
2016-12-08,13.65,per_usd
2016-12-09,13.765,per_usd
2016-12-12,13.645,per_usd
2016-12-13,13.6375,per_usd
2016-12-14,13.6725,per_usd
2016-12-15,14.1025,per_usd
2016-12-16,14.075,per_usd
2016-12-19,14.0925,per_usd
2016-12-20,14.015,per_usd
2016-12-21,13.9385,per_usd
2016-12-22,14.0305,per_usd
2016-12-23,14.0081,per_usd
2016-12-27,13.9325,per_usd
2016-12-28,13.8575,per_usd
2016-12-29,13.6225,per_usd
2016-12-30,13.7,per_usd
2017-01-03,13.78,per_usd
2017-01-04,13.6275,per_usd
2017-01-05,13.5575,per_usd
2017-01-06,13.715,per_usd
2017-01-09,13.6325,per_usd
2017-01-10,13.6725,per_usd
2017-01-11,13.8375,per_usd
2017-01-12,13.4675,per_usd
2017-01-13,13.4425,per_usd
2017-01-17,13.495,per_usd
2017-01-18,13.505,per_usd
2017-01-19,13.6,per_usd
2017-01-23,13.5,per_usd
2017-01-24,13.3375,per_usd
2017-01-25,13.2625,per_usd
2017-01-26,13.3825,per_usd
2017-01-27,13.49,per_usd
2017-01-30,13.535,per_usd
2017-01-31,13.5075,per_usd
2017-02-01,13.425,per_usd
2017-02-02,13.3675,per_usd
2017-02-03,13.23,per_usd
2017-02-06,13.4,per_usd
2017-02-07,13.4175,per_usd
2017-02-08,13.3875,per_usd
2017-02-09,13.3925,per_usd
2017-02-10,13.38,per_usd
2017-02-13,13.3125,per_usd
2017-02-14,13.1625,per_usd
2017-02-15,12.9625,per_usd
2017-02-16,13.05,per_usd
2017-02-17,13.0975,per_usd
2017-02-21,13.12,per_usd
2017-02-22,13.065,per_usd
2017-02-23,12.8975,per_usd
2017-02-24,12.9275,per_usd
2017-02-27,12.925,per_usd
2017-02-28,13.1,per_usd
2017-03-01,13.0325,per_usd
2017-03-02,13.1,per_usd
2017-03-03,13.09,per_usd
2017-03-06,13,per_usd
2017-03-07,12.955,per_usd
2017-03-08,13.0975,per_usd
2017-03-09,13.29,per_usd
2017-03-10,13.215,per_usd
2017-03-13,13.1125,per_usd
2017-03-14,13.14,per_usd
2017-03-15,13.0275,per_usd
2017-03-16,12.7375,per_usd
2017-03-17,12.7425,per_usd
2017-03-20,12.63,per_usd
2017-03-21,12.615,per_usd
2017-03-22,12.56,per_usd
2017-03-23,12.495,per_usd
2017-03-24,12.43,per_usd
2017-03-27,12.7425,per_usd
2017-03-28,12.9,per_usd
2017-03-29,13.025,per_usd
2017-03-30,12.8075,per_usd
2017-03-31,13.4225,per_usd
2017-04-03,13.705,per_usd
2017-04-04,13.5375,per_usd
2017-04-05,13.7525,per_usd
2017-04-06,13.77,per_usd
2017-04-07,13.77,per_usd
2017-04-10,13.9025,per_usd
2017-04-11,13.8275,per_usd
2017-04-12,13.6225,per_usd
2017-04-13,13.4225,per_usd
2017-04-14,13.415,per_usd
2017-04-17,13.295,per_usd
2017-04-18,13.285,per_usd
2017-04-19,13.3025,per_usd
2017-04-20,13.1875,per_usd
2017-04-21,13.1575,per_usd
2017-04-24,12.985,per_usd
2017-04-25,13.0875,per_usd
2017-04-26,13.2825,per_usd
2017-04-27,13.3725,per_usd
2017-04-28,13.335,per_usd
2017-05-01,13.375,per_usd
2017-05-02,13.285,per_usd
2017-05-03,13.3525,per_usd
2017-05-04,13.615,per_usd
2017-05-05,13.4775,per_usd
2017-05-08,13.6,per_usd
2017-05-09,13.59,per_usd
2017-05-10,13.45,per_usd
2017-05-11,13.33,per_usd
2017-05-12,13.375,per_usd
2017-05-15,13.16,per_usd
2017-05-16,13.0925,per_usd
2017-05-17,13.1675,per_usd
2017-05-18,13.41,per_usd
2017-05-19,13.2225,per_usd
2017-05-22,13.2175,per_usd
2017-05-23,13.105,per_usd
2017-05-24,12.9525,per_usd
2017-05-25,12.875,per_usd
2017-05-26,12.87,per_usd
2017-05-30,13.1125,per_usd
2017-05-31,13.1725,per_usd
2017-06-01,12.9775,per_usd
2017-06-02,12.8,per_usd
2017-06-05,12.685,per_usd
2017-06-06,12.8325,per_usd
2017-06-07,12.8275,per_usd
2017-06-08,12.8975,per_usd
2017-06-09,12.8525,per_usd
2017-06-12,12.83,per_usd
2017-06-13,12.8,per_usd
2017-06-14,12.5925,per_usd
2017-06-15,12.8725,per_usd
2017-06-16,12.815,per_usd
2017-06-19,12.955,per_usd
2017-06-20,13.065,per_usd
2017-06-21,13.0425,per_usd
2017-06-22,12.98,per_usd
2017-06-23,12.9175,per_usd
2017-06-26,12.85,per_usd
2017-06-27,12.96,per_usd
2017-06-28,12.955,per_usd
2017-06-29,13.0325,per_usd
2017-06-30,13.0925,per_usd
2017-07-03,13.2225,per_usd
2017-07-05,13.4,per_usd
2017-07-06,13.45,per_usd
2017-07-07,13.425,per_usd
2017-07-10,13.43,per_usd
2017-07-11,13.595,per_usd
2017-07-12,13.235,per_usd
2017-07-13,13.2525,per_usd
2017-07-14,13.0275,per_usd
2017-07-17,12.91,per_usd
2017-07-18,12.905,per_usd
2017-07-19,12.92,per_usd
2017-07-20,13.005,per_usd
2017-07-21,12.9425,per_usd
2017-07-24,12.965,per_usd
2017-07-25,13.025,per_usd
2017-07-26,13.0275,per_usd
2017-07-27,13.025,per_usd
2017-07-28,13.0225,per_usd
2017-07-31,13.2225,per_usd
2017-08-01,13.215,per_usd
2017-08-02,13.21,per_usd
2017-08-03,13.3925,per_usd
2017-08-04,13.46,per_usd
2017-08-07,13.27,per_usd
2017-08-08,13.2,per_usd
2017-08-09,13.455,per_usd
2017-08-10,13.355,per_usd
2017-08-11,13.47,per_usd
2017-08-14,13.2975,per_usd
2017-08-15,13.3075,per_usd
2017-08-16,13.21,per_usd
2017-08-17,13.1825,per_usd
2017-08-18,13.1525,per_usd
2017-08-21,13.155,per_usd
2017-08-22,13.21,per_usd
2017-08-23,13.2075,per_usd
2017-08-24,13.2,per_usd
2017-08-25,13.0325,per_usd
2017-08-28,13.0425,per_usd
2017-08-29,12.945,per_usd
2017-08-30,12.98,per_usd
2017-08-31,12.9925,per_usd
2017-09-01,12.925,per_usd
2017-09-05,12.895,per_usd
2017-09-06,12.7625,per_usd
2017-09-07,12.855,per_usd
2017-09-08,12.92,per_usd
2017-09-11,12.9525,per_usd
2017-09-12,12.9975,per_usd
2017-09-13,13.155,per_usd
2017-09-14,13.16,per_usd
2017-09-15,13.16,per_usd
2017-09-18,13.2875,per_usd
2017-09-19,13.3325,per_usd
2017-09-20,13.2325,per_usd
2017-09-21,13.2575,per_usd
2017-09-22,13.19,per_usd
2017-09-25,13.35,per_usd
2017-09-26,13.3875,per_usd
2017-09-27,13.5375,per_usd
2017-09-28,13.5275,per_usd
2017-09-29,13.51,per_usd
2017-10-02,13.59,per_usd
2017-10-03,13.66,per_usd
2017-10-04,13.59,per_usd
2017-10-05,13.6325,per_usd
2017-10-06,13.73,per_usd
2017-10-10,13.6425,per_usd
2017-10-11,13.555,per_usd
2017-10-12,13.4575,per_usd
2017-10-13,13.26,per_usd
2017-10-16,13.2775,per_usd
2017-10-17,13.425,per_usd
2017-10-18,13.5675,per_usd
2017-10-19,13.5375,per_usd
2017-10-20,13.675,per_usd
2017-10-23,13.735,per_usd
2017-10-24,13.735,per_usd
2017-10-25,14.07,per_usd
2017-10-26,14.1725,per_usd
2017-10-27,14.1725,per_usd
2017-10-30,14.03,per_usd
2017-10-31,14.1325,per_usd
2017-11-01,14.08,per_usd
2017-11-02,14.0175,per_usd
2017-11-03,14.215,per_usd
2017-11-06,14.1525,per_usd
2017-11-07,14.235,per_usd
2017-11-08,14.1205,per_usd
2017-11-09,14.2525,per_usd
2017-11-13,14.4925,per_usd
2017-11-14,14.3875,per_usd
2017-11-15,14.395,per_usd
2017-11-16,14.185,per_usd
2017-11-17,13.97,per_usd
2017-11-20,14.045,per_usd
2017-11-21,13.965,per_usd
2017-11-22,13.8725,per_usd
2017-11-24,13.8575,per_usd
2017-11-27,13.7375,per_usd
2017-11-28,13.595,per_usd
2017-11-29,13.6375,per_usd
2017-11-30,13.6425,per_usd
2017-12-01,13.7225,per_usd
2017-12-04,13.5725,per_usd
2017-12-05,13.47,per_usd
2017-12-06,13.53,per_usd
2017-12-07,13.6375,per_usd
2017-12-08,13.6575,per_usd
2017-12-11,13.5675,per_usd
2017-12-12,13.695,per_usd
2017-12-13,13.525,per_usd
2017-12-14,13.4775,per_usd
2017-12-15,13.185,per_usd
2017-12-18,12.595,per_usd
2017-12-19,12.725,per_usd
2017-12-20,12.5875,per_usd
2017-12-21,12.73,per_usd
2017-12-22,12.605,per_usd
2017-12-26,12.505,per_usd
2017-12-27,12.3,per_usd
2017-12-28,12.3725,per_usd
2017-12-29,12.375,per_usd
2018-01-02,12.44,per_usd
2018-01-03,12.34,per_usd
2018-01-04,12.31,per_usd
2018-01-05,12.34,per_usd
2018-01-08,12.385,per_usd
2018-01-09,12.38,per_usd
2018-01-10,12.495,per_usd
2018-01-11,12.455,per_usd
2018-01-12,12.42,per_usd
2018-01-16,12.265,per_usd
2018-01-17,12.2775,per_usd
2018-01-18,12.1175,per_usd
2018-01-19,12.215,per_usd
2018-01-22,12.09,per_usd
2018-01-23,12.08,per_usd
2018-01-24,11.9275,per_usd
2018-01-25,11.8525,per_usd
2018-01-26,11.885,per_usd
2018-01-29,11.97,per_usd
2018-01-30,11.9625,per_usd
2018-01-31,11.89,per_usd
2018-02-01,11.84,per_usd
2018-02-02,12.04,per_usd
2018-02-05,12.03,per_usd
2018-02-06,12.005,per_usd
2018-02-07,11.965,per_usd
2018-02-08,12.1325,per_usd
2018-02-09,12.0525,per_usd
2018-02-12,11.91,per_usd
2018-02-13,11.94,per_usd
2018-02-14,11.7425,per_usd
2018-02-15,11.66,per_usd
2018-02-16,11.6125,per_usd
2018-02-20,11.725,per_usd
2018-02-21,11.6325,per_usd
2018-02-22,11.67,per_usd
2018-02-23,11.55,per_usd
2018-02-26,11.615,per_usd
2018-02-27,11.7075,per_usd
2018-02-28,11.78,per_usd
2018-03-01,11.8825,per_usd
2018-03-02,11.9575,per_usd
2018-03-05,11.84,per_usd
2018-03-06,11.77,per_usd
2018-03-07,11.8725,per_usd
2018-03-08,11.9075,per_usd
2018-03-09,11.81,per_usd
2018-03-12,11.8275,per_usd
2018-03-13,11.7725,per_usd
2018-03-14,11.775,per_usd
2018-03-15,11.87,per_usd
2018-03-16,11.9925,per_usd
2018-03-19,12.0625,per_usd
2018-03-20,11.9575,per_usd
2018-03-21,11.9075,per_usd
2018-03-22,11.88,per_usd
2018-03-23,11.755,per_usd
2018-03-26,11.665,per_usd
2018-03-27,11.6275,per_usd
2018-03-28,11.73,per_usd
2018-03-29,11.85,per_usd
2018-03-30,11.815,per_usd
2018-04-02,11.8525,per_usd
2018-04-03,11.82,per_usd
2018-04-04,11.905,per_usd
2018-04-05,11.9675,per_usd
2018-04-06,12.05,per_usd
2018-04-09,12.0775,per_usd
2018-04-10,12.05,per_usd
2018-04-11,11.985,per_usd
2018-04-12,12.015,per_usd
2018-04-13,12.085,per_usd
2018-04-16,12.0575,per_usd
2018-04-17,11.9775,per_usd
2018-04-18,11.935,per_usd
2018-04-19,11.98,per_usd
2018-04-20,12.0875,per_usd
2018-04-23,12.315,per_usd
2018-04-24,12.3325,per_usd
2018-04-25,12.4625,per_usd
2018-04-26,12.44,per_usd
2018-04-27,12.3675,per_usd
2018-04-30,12.4775,per_usd
2018-05-01,12.62,per_usd
2018-05-02,12.6625,per_usd
2018-05-03,12.675,per_usd
2018-05-04,12.52,per_usd
2018-05-07,12.5325,per_usd
2018-05-08,12.6275,per_usd
2018-05-09,12.59,per_usd
2018-05-10,12.3375,per_usd
2018-05-11,12.275,per_usd
2018-05-14,12.265,per_usd
2018-05-15,12.545,per_usd
2018-05-16,12.4375,per_usd
2018-05-17,12.58,per_usd
2018-05-18,12.72,per_usd
2018-05-21,12.7,per_usd
2018-05-22,12.525,per_usd
2018-05-23,12.535,per_usd
2018-05-24,12.4375,per_usd
2018-05-25,12.4575,per_usd
2018-05-29,12.6275,per_usd
2018-05-30,12.515,per_usd
2018-05-31,12.6825,per_usd
2018-06-01,12.64,per_usd
2018-06-04,12.5675,per_usd
2018-06-05,12.7625,per_usd
2018-06-06,12.7,per_usd
2018-06-07,12.945,per_usd
2018-06-08,13.095,per_usd
2018-06-11,13.1169,per_usd
2018-06-12,13.2405,per_usd
2018-06-13,13.2424,per_usd
2018-06-14,13.3075,per_usd
2018-06-15,13.375,per_usd
2018-06-18,13.705,per_usd
2018-06-19,13.705,per_usd
2018-06-20,13.6,per_usd
2018-06-21,13.645,per_usd
2018-06-22,13.43,per_usd
2018-06-25,13.6025,per_usd
2018-06-26,13.5325,per_usd
2018-06-27,13.84,per_usd
2018-06-28,13.825,per_usd
2018-06-29,13.7125,per_usd
2018-07-02,13.8925,per_usd
2018-07-03,13.6875,per_usd
2018-07-05,13.57,per_usd
2018-07-06,13.49,per_usd
2018-07-09,13.38,per_usd
2018-07-10,13.3375,per_usd
2018-07-11,13.4925,per_usd
2018-07-12,13.23,per_usd
2018-07-13,13.2825,per_usd
2018-07-16,13.22,per_usd
2018-07-17,13.235,per_usd
2018-07-18,13.2575,per_usd
2018-07-19,13.53,per_usd
2018-07-20,13.43,per_usd
2018-07-23,13.515,per_usd
2018-07-24,13.3225,per_usd
2018-07-25,13.175,per_usd
2018-07-26,13.245,per_usd
2018-07-27,13.1775,per_usd
2018-07-30,13.1425,per_usd
2018-07-31,13.095,per_usd
2018-08-01,13.2225,per_usd
2018-08-02,13.3875,per_usd
2018-08-03,13.285,per_usd
2018-08-06,13.3925,per_usd
2018-08-07,13.305,per_usd
2018-08-08,13.405,per_usd
2018-08-09,13.6625,per_usd
2018-08-10,14.065,per_usd
2018-08-13,14.3675,per_usd
2018-08-14,14.2525,per_usd
2018-08-15,14.61,per_usd
2018-08-16,14.575,per_usd
2018-08-17,14.7775,per_usd
2018-08-20,14.6125,per_usd
2018-08-21,14.3425,per_usd
2018-08-22,14.1825,per_usd
2018-08-23,14.315,per_usd
2018-08-24,14.2825,per_usd
2018-08-27,14.135,per_usd
2018-08-28,14.12,per_usd
2018-08-29,14.3425,per_usd
2018-08-30,14.7675,per_usd
2018-08-31,14.7,per_usd
2018-09-04,15.305,per_usd
2018-09-05,15.4725,per_usd
2018-09-06,15.3,per_usd
2018-09-07,15.1425,per_usd
2018-09-10,15.2,per_usd
2018-09-11,15.125,per_usd
2018-09-12,14.97,per_usd
2018-09-13,14.815,per_usd
2018-09-14,14.9175,per_usd
2018-09-17,14.91,per_usd
2018-09-18,14.8275,per_usd
2018-09-19,14.6225,per_usd
2018-09-20,14.3725,per_usd
2018-09-21,14.3,per_usd
2018-09-24,14.2425,per_usd
2018-09-25,14.375,per_usd
2018-09-26,14.16,per_usd
2018-09-27,14.045,per_usd
2018-09-28,14.155,per_usd
2018-10-01,14.2,per_usd
2018-10-02,14.33,per_usd
2018-10-03,14.45,per_usd
2018-10-04,14.7875,per_usd
2018-10-05,14.845,per_usd
2018-10-09,14.6625,per_usd
2018-10-10,14.62,per_usd
2018-10-11,14.63,per_usd
2018-10-12,14.585,per_usd
2018-10-15,14.3625,per_usd
2018-10-16,14.175,per_usd
2018-10-17,14.14,per_usd
2018-10-18,14.3875,per_usd
2018-10-19,14.4025,per_usd
2018-10-22,14.2825,per_usd
2018-10-23,14.3675,per_usd
2018-10-24,14.49,per_usd
2018-10-25,14.5275,per_usd
2018-10-26,14.5625,per_usd
2018-10-29,14.5225,per_usd
2018-10-30,14.6225,per_usd
2018-10-31,14.76,per_usd
2018-11-01,14.505,per_usd
2018-11-02,14.38,per_usd
2018-11-05,14.2225,per_usd
2018-11-06,14.165,per_usd
2018-11-07,13.9275,per_usd
2018-11-08,14.075,per_usd
2018-11-09,14.35,per_usd
2018-11-13,14.4425,per_usd
2018-11-14,14.3575,per_usd
2018-11-15,14.225,per_usd
2018-11-16,14.03,per_usd
2018-11-19,14.0375,per_usd
2018-11-20,14.09,per_usd
2018-11-21,13.8675,per_usd
2018-11-23,13.85,per_usd
2018-11-26,13.88,per_usd
2018-11-27,13.9775,per_usd
2018-11-28,13.935,per_usd
2018-11-29,13.645,per_usd
2018-11-30,13.84,per_usd
2018-12-03,13.6725,per_usd
2018-12-04,13.745,per_usd
2018-12-06,14.125,per_usd
2018-12-07,14.1575,per_usd
2018-12-10,14.4358,per_usd
2018-12-11,14.3525,per_usd
2018-12-12,14.1875,per_usd
2018-12-13,14.185,per_usd
2018-12-14,14.38,per_usd
2018-12-17,14.3875,per_usd
2018-12-18,14.3,per_usd
2018-12-19,14.135,per_usd
2018-12-20,14.38,per_usd
2018-12-21,14.46,per_usd
2018-12-26,14.51,per_usd
2018-12-27,14.49,per_usd
2018-12-28,14.3525,per_usd
2018-12-31,14.3775,per_usd
2019-01-02,14.41,per_usd
2019-01-03,14.3125,per_usd
2019-01-04,13.9625,per_usd
2019-01-07,13.8775,per_usd
2019-01-08,13.94,per_usd
2019-01-09,13.8825,per_usd
2019-01-10,13.85,per_usd
2019-01-11,13.8425,per_usd
2019-01-15,13.7825,per_usd
2019-01-16,13.6825,per_usd
2019-01-17,13.77,per_usd
2019-01-18,13.8275,per_usd
2019-01-22,13.935,per_usd
2019-01-23,13.845,per_usd
2019-01-24,13.705,per_usd
2019-01-25,13.615,per_usd
2019-01-28,13.705,per_usd
2019-01-29,13.5875,per_usd
2019-01-30,13.58,per_usd
2019-01-31,13.285,per_usd
2019-02-01,13.3125,per_usd
2019-02-04,13.3975,per_usd
2019-02-05,13.39,per_usd
2019-02-06,13.5125,per_usd
2019-02-07,13.665,per_usd
2019-02-08,13.6475,per_usd
2019-02-11,13.825,per_usd
2019-02-12,13.785,per_usd
2019-02-13,13.965,per_usd
2019-02-14,14.24,per_usd
2019-02-15,14.1225,per_usd
2019-02-19,14.12,per_usd
2019-02-21,14.0125,per_usd
2019-02-22,13.975,per_usd
2019-02-25,13.8075,per_usd
2019-02-26,13.885,per_usd
2019-02-27,13.9125,per_usd
2019-02-28,14.075,per_usd
2019-03-01,14.1975,per_usd
2019-03-04,14.2425,per_usd
2019-03-05,14.1775,per_usd
2019-03-06,14.235,per_usd
2019-03-07,14.5,per_usd
2019-03-08,14.405,per_usd
2019-03-11,14.36,per_usd
2019-03-12,14.3225,per_usd
2019-03-13,14.4075,per_usd
2019-03-14,14.4875,per_usd
2019-03-15,14.3975,per_usd
2019-03-18,14.4325,per_usd
2019-03-19,14.435,per_usd
2019-03-20,14.3725,per_usd
2019-03-21,14.235,per_usd
2019-03-22,14.485,per_usd
2019-03-25,14.3175,per_usd
2019-03-26,14.4275,per_usd
2019-03-27,14.6175,per_usd
2019-03-28,14.62,per_usd
2019-03-29,14.4275,per_usd
2019-04-01,14.1675,per_usd
2019-04-02,14.2525,per_usd
2019-04-03,14.1375,per_usd
2019-04-04,14.1275,per_usd
2019-04-05,14.0625,per_usd
2019-04-08,14.12,per_usd
2019-04-09,14.05,per_usd
2019-04-10,13.905,per_usd
2019-04-11,14.005,per_usd
2019-04-12,13.935,per_usd
2019-04-15,14.015,per_usd
2019-04-16,14.055,per_usd
2019-04-17,14.005,per_usd
2019-04-18,14.0375,per_usd
2019-04-19,14.0725,per_usd
2019-04-22,14.16,per_usd
2019-04-23,14.305,per_usd
2019-04-24,14.405,per_usd
2019-04-25,14.4275,per_usd
2019-04-26,14.3225,per_usd
2019-04-29,14.3075,per_usd
2019-04-30,14.325,per_usd
2019-05-01,14.365,per_usd
2019-05-02,14.5375,per_usd
2019-05-03,14.37,per_usd
2019-05-06,14.4825,per_usd
2019-05-07,14.44,per_usd
2019-05-08,14.3375,per_usd
2019-05-09,14.39,per_usd
2019-05-10,14.1825,per_usd
2019-05-13,14.35,per_usd
2019-05-14,14.2275,per_usd
2019-05-15,14.1975,per_usd
2019-05-16,14.2125,per_usd
2019-05-17,14.4275,per_usd
2019-05-20,14.375,per_usd
2019-05-21,14.3875,per_usd
2019-05-22,14.385,per_usd
2019-05-23,14.4475,per_usd
2019-05-24,14.4275,per_usd
2019-05-28,14.73,per_usd
2019-05-29,14.73,per_usd
2019-05-30,14.7,per_usd
2019-05-31,14.585,per_usd
2019-06-03,14.49,per_usd
2019-06-04,14.7125,per_usd
2019-06-05,14.8925,per_usd
2019-06-06,14.98,per_usd
2019-06-07,14.985,per_usd
2019-06-10,14.785,per_usd
2019-06-11,14.68,per_usd
2019-06-12,14.8425,per_usd
2019-06-13,14.8975,per_usd
2019-06-14,14.795,per_usd
2019-06-17,14.7975,per_usd
2019-06-18,14.5025,per_usd
2019-06-19,14.4825,per_usd
2019-06-20,14.335,per_usd
2019-06-21,14.34,per_usd
2019-06-24,14.3775,per_usd
2019-06-25,14.2925,per_usd
2019-06-26,14.22,per_usd
2019-06-27,14.1525,per_usd
2019-06-28,14.14,per_usd
2019-07-01,14.1375,per_usd
2019-07-02,14.075,per_usd
2019-07-03,14.0925,per_usd
2019-07-05,14.1875,per_usd
2019-07-08,14.125,per_usd
2019-07-09,14.135,per_usd
2019-07-10,14.04,per_usd
2019-07-11,13.92,per_usd
2019-07-12,13.985,per_usd
2019-07-15,13.9125,per_usd
2019-07-16,13.935,per_usd
2019-07-17,13.95,per_usd
2019-07-18,13.8775,per_usd
2019-07-19,13.91,per_usd
2019-07-22,13.865,per_usd
2019-07-23,13.88,per_usd
2019-07-24,13.8575,per_usd
2019-07-25,14.0775,per_usd
2019-07-26,14.2675,per_usd
2019-07-29,14.1975,per_usd
2019-07-30,14.2025,per_usd
2019-07-31,14.1525,per_usd
2019-08-01,14.5175,per_usd
2019-08-02,14.6825,per_usd
2019-08-05,14.8625,per_usd
2019-08-06,14.9125,per_usd
2019-08-07,15.0675,per_usd
2019-08-08,15.025,per_usd
2019-08-09,15.2525,per_usd
2019-08-12,15.3,per_usd
2019-08-13,15.1225,per_usd
2019-08-14,15.4025,per_usd
2019-08-15,15.24,per_usd
2019-08-16,15.215,per_usd
2019-08-19,15.415,per_usd
2019-08-20,15.365,per_usd
2019-08-21,15.2025,per_usd
2019-08-22,15.205,per_usd
2019-08-23,15.25,per_usd
2019-08-26,15.2525,per_usd
2019-08-27,15.3275,per_usd
2019-08-28,15.3425,per_usd
2019-08-29,15.2875,per_usd
2019-08-30,15.1925,per_usd
2019-09-03,15.1275,per_usd
2019-09-04,14.8025,per_usd
2019-09-05,14.8475,per_usd
2019-09-06,14.7525,per_usd
2019-09-09,14.76,per_usd
2019-09-10,14.6625,per_usd
2019-09-11,14.74,per_usd
2019-09-12,14.5925,per_usd
2019-09-13,14.53,per_usd
2019-09-16,14.6225,per_usd
2019-09-17,14.75,per_usd
2019-09-18,14.6275,per_usd
2019-09-19,14.7175,per_usd
2019-09-20,14.9275,per_usd
2019-09-23,14.865,per_usd
2019-09-24,14.915,per_usd
2019-09-25,14.9975,per_usd
2019-09-26,14.9925,per_usd
2019-09-27,15.1375,per_usd
2019-09-30,15.1575,per_usd
2019-10-01,15.3525,per_usd
2019-10-02,15.2075,per_usd
2019-10-03,15.1375,per_usd
2019-10-04,15.05,per_usd
2019-10-07,15.14,per_usd
2019-10-08,15.2675,per_usd
2019-10-09,15.18,per_usd
2019-10-10,15.0175,per_usd
2019-10-11,14.7725,per_usd
2019-10-15,14.862,per_usd
2019-10-16,14.911,per_usd
2019-10-17,14.792,per_usd
2019-10-18,14.777,per_usd
2019-10-21,14.775,per_usd
2019-10-22,14.607,per_usd
2019-10-23,14.637,per_usd
2019-10-24,14.653,per_usd
2019-10-25,14.6,per_usd
2019-10-28,14.552,per_usd
2019-10-29,14.593,per_usd
2019-10-30,14.976,per_usd
2019-10-31,15.064,per_usd
2019-11-01,15.035,per_usd
2019-11-04,14.751,per_usd
2019-11-05,14.779,per_usd
2019-11-06,14.841,per_usd
2019-11-07,14.742,per_usd
2019-11-08,14.798,per_usd
2019-11-12,14.925,per_usd
2019-11-13,14.911,per_usd
2019-11-14,14.828,per_usd
2019-11-15,14.695,per_usd
2019-11-18,14.782,per_usd
2019-11-19,14.755,per_usd
2019-11-20,14.772,per_usd
2019-11-21,14.699,per_usd
2019-11-22,14.725,per_usd
2019-11-25,14.774,per_usd
2019-11-26,14.792,per_usd
2019-11-27,14.736,per_usd
2019-11-29,14.636,per_usd
2019-12-02,14.564,per_usd
2019-12-03,14.653,per_usd
2019-12-04,14.598,per_usd
2019-12-05,14.671,per_usd
2019-12-06,14.633,per_usd
2019-12-09,14.67,per_usd
2019-12-10,14.829,per_usd
2019-12-11,14.718,per_usd
2019-12-12,14.533,per_usd
2019-12-13,14.515,per_usd
2019-12-16,14.396,per_usd
2019-12-17,14.406,per_usd
2019-12-18,14.302,per_usd
2019-12-19,14.215,per_usd
2019-12-20,14.232,per_usd
2019-12-23,14.187,per_usd
2019-12-24,14.143,per_usd
2019-12-26,14.132,per_usd
2019-12-27,14.025,per_usd
2019-12-30,14.056,per_usd
2019-12-31,13.973,per_usd
2020-01-02,14.122,per_usd
2020-01-03,14.243,per_usd
2020-01-06,14.206,per_usd
2020-01-07,14.301,per_usd
2020-01-08,14.156,per_usd
2020-01-09,14.2,per_usd
2020-01-10,14.255,per_usd
2020-01-13,14.422,per_usd
2020-01-14,14.397,per_usd
2020-01-15,14.367,per_usd
2020-01-16,14.377,per_usd
2020-01-17,14.467,per_usd
2020-01-21,14.468,per_usd
2020-01-22,14.338,per_usd
2020-01-23,14.418,per_usd
2020-01-24,14.425,per_usd
2020-01-27,14.608,per_usd
2020-01-28,14.566,per_usd
2020-01-29,14.625,per_usd
2020-01-30,14.7879,per_usd
2020-01-31,14.936,per_usd
2020-02-03,14.91,per_usd
2020-02-04,14.747,per_usd
2020-02-05,14.798,per_usd
2020-02-06,14.901,per_usd
2020-02-07,15.062,per_usd
2020-02-10,15.019,per_usd
2020-02-11,14.851,per_usd
2020-02-12,14.818,per_usd
2020-02-13,14.887,per_usd
2020-02-14,14.9,per_usd
2020-02-18,14.975,per_usd
2020-02-19,14.98,per_usd
2020-02-20,15.118,per_usd
2020-02-21,14.966,per_usd
2020-02-24,15.128,per_usd
2020-02-25,15.2,per_usd
2020-02-26,15.176,per_usd
2020-02-27,15.392,per_usd
2020-02-28,15.636,per_usd
2020-03-02,15.537,per_usd
2020-03-03,15.293,per_usd
2020-03-04,15.348,per_usd
2020-03-05,15.578,per_usd
2020-03-06,15.635,per_usd
2020-03-09,15.933,per_usd
2020-03-10,16.103,per_usd
2020-03-11,16.1516,per_usd
2020-03-12,16.531,per_usd
2020-03-13,16.324,per_usd
2020-03-16,16.533,per_usd
2020-03-17,16.585,per_usd
2020-03-18,17.096,per_usd
2020-03-19,17.3721,per_usd
2020-03-20,17.5,per_usd
2020-03-23,17.755,per_usd
2020-03-24,17.655,per_usd
2020-03-25,17.4,per_usd
2020-03-26,17.2768,per_usd
2020-03-27,17.555,per_usd
2020-03-30,17.945,per_usd
2020-03-31,17.7682,per_usd
2020-04-01,18.145,per_usd
2020-04-02,18.5312,per_usd
2020-04-03,18.985,per_usd
2020-04-06,18.674,per_usd
2020-04-07,18.222,per_usd
2020-04-08,18.2108,per_usd
2020-04-09,17.903,per_usd
2020-04-10,18.0158,per_usd
2020-04-13,18.14,per_usd
2020-04-14,18.357,per_usd
2020-04-15,18.732,per_usd
2020-04-16,18.668,per_usd
2020-04-17,18.85,per_usd
2020-04-20,18.806,per_usd
2020-04-21,18.965,per_usd
2020-04-22,19.007,per_usd
2020-04-23,19.04,per_usd
2020-04-24,18.972,per_usd
2020-04-27,18.851,per_usd
2020-04-28,18.658,per_usd
2020-04-29,18.251,per_usd
2020-04-30,18.448,per_usd
2020-05-01,18.85,per_usd
2020-05-04,18.704,per_usd
2020-05-05,18.388,per_usd
2020-05-06,18.77,per_usd
2020-05-07,18.521,per_usd
2020-05-08,18.36,per_usd
2020-05-11,18.389,per_usd
2020-05-12,18.278,per_usd
2020-05-13,18.521,per_usd
2020-05-14,18.564,per_usd
2020-05-15,18.54,per_usd
2020-05-18,18.383,per_usd
2020-05-19,18.265,per_usd
2020-05-20,17.9599,per_usd
2020-05-21,17.653,per_usd
2020-05-22,17.701,per_usd
2020-05-26,17.404,per_usd
2020-05-27,17.418,per_usd
2020-05-28,17.413,per_usd
2020-05-29,17.596,per_usd
2020-06-01,17.4,per_usd
2020-06-02,17.195,per_usd
2020-06-03,16.89,per_usd
2020-06-04,16.931,per_usd
2020-06-05,16.836,per_usd
2020-06-08,16.79,per_usd
2020-06-09,16.681,per_usd
2020-06-10,16.556,per_usd
2020-06-11,17.0834,per_usd
2020-06-12,17.011,per_usd
2020-06-15,17.265,per_usd
2020-06-16,17.1525,per_usd
2020-06-17,17.22,per_usd
2020-06-18,17.485,per_usd
2020-06-19,17.3375,per_usd
2020-06-22,17.335,per_usd
2020-06-23,17.2275,per_usd
2020-06-24,17.405,per_usd
2020-06-25,17.2375,per_usd
2020-06-26,17.2625,per_usd
2020-06-29,17.3,per_usd
2020-06-30,17.3525,per_usd
2020-07-01,17.08,per_usd
2020-07-02,16.9675,per_usd
2020-07-06,16.975,per_usd
2020-07-07,17.0775,per_usd
2020-07-08,16.975,per_usd
2020-07-09,16.9125,per_usd
2020-07-10,16.7475,per_usd
2020-07-13,16.69,per_usd
2020-07-14,16.75,per_usd
2020-07-15,16.585,per_usd
2020-07-16,16.64,per_usd
2020-07-17,16.6575,per_usd
2020-07-20,16.67,per_usd
2020-07-21,16.46,per_usd
2020-07-22,16.455,per_usd
2020-07-23,16.5475,per_usd
2020-07-24,16.6925,per_usd
2020-07-27,16.4175,per_usd
2020-07-28,16.5425,per_usd
2020-07-29,16.5,per_usd
2020-07-30,16.9125,per_usd
2020-07-31,17.005,per_usd
2020-08-03,17.1925,per_usd
2020-08-04,17.3775,per_usd
2020-08-05,17.3175,per_usd
2020-08-06,17.4575,per_usd
2020-08-07,17.6325,per_usd
2020-08-10,17.685,per_usd
2020-08-11,17.535,per_usd
2020-08-12,17.3975,per_usd
2020-08-13,17.4175,per_usd
2020-08-14,17.3475,per_usd
2020-08-17,17.46,per_usd
2020-08-18,17.3525,per_usd
2020-08-19,17.18,per_usd
2020-08-20,17.275,per_usd
2020-08-21,17.1275,per_usd
2020-08-24,16.93,per_usd
2020-08-25,16.8625,per_usd
2020-08-26,16.9675,per_usd
2020-08-27,17.0025,per_usd
2020-08-28,16.59,per_usd
2020-08-31,16.915,per_usd
2020-09-01,16.63,per_usd
2020-09-02,16.8325,per_usd
2020-09-03,16.7775,per_usd
2020-09-04,16.6025,per_usd
2020-09-08,16.9525,per_usd
2020-09-09,16.64,per_usd
2020-09-10,16.87,per_usd
2020-09-11,16.74,per_usd
2020-09-14,16.6775,per_usd
2020-09-15,16.42,per_usd
2020-09-16,16.305,per_usd
2020-09-17,16.245,per_usd
2020-09-18,16.2225,per_usd
2020-09-21,16.8625,per_usd
2020-09-22,16.7525,per_usd
2020-09-23,17,per_usd
2020-09-24,16.96,per_usd
2020-09-25,17.1875,per_usd
2020-09-28,17.095,per_usd
2020-09-29,16.9475,per_usd
2020-09-30,16.6925,per_usd
2020-10-01,16.65,per_usd
2020-10-02,16.4725,per_usd
2020-10-05,16.5825,per_usd
2020-10-06,16.575,per_usd
2020-10-07,16.7075,per_usd
2020-10-08,16.5875,per_usd
2020-10-09,16.4075,per_usd
2020-10-13,16.49,per_usd
2020-10-14,16.5125,per_usd
2020-10-15,16.6775,per_usd
2020-10-16,16.5375,per_usd
2020-10-19,16.465,per_usd
2020-10-20,16.4525,per_usd
2020-10-21,16.2875,per_usd
2020-10-22,16.22,per_usd
2020-10-23,16.2,per_usd
2020-10-26,16.1725,per_usd
2020-10-27,16.1,per_usd
2020-10-28,16.33,per_usd
2020-10-29,16.4175,per_usd
2020-10-30,16.25,per_usd
2020-11-02,16.225,per_usd
2020-11-03,16.025,per_usd
2020-11-04,15.855,per_usd
2020-11-05,15.8,per_usd
2020-11-06,15.6525,per_usd
2020-11-09,15.3975,per_usd
2020-11-10,15.625,per_usd
2020-11-12,15.5725,per_usd
2020-11-13,15.555,per_usd
2020-11-16,15.3175,per_usd
2020-11-17,15.415,per_usd
2020-11-18,15.425,per_usd
2020-11-19,15.455,per_usd
2020-11-20,15.2925,per_usd
2020-11-23,15.42,per_usd
2020-11-24,15.2175,per_usd
2020-11-25,15.2175,per_usd
2020-11-30,15.4325,per_usd
2020-12-01,15.27,per_usd
2020-12-02,15.325,per_usd
2020-12-03,15.1675,per_usd
2020-12-04,15.17,per_usd
2020-12-07,15.125,per_usd
2020-12-08,15.0275,per_usd
2020-12-09,14.95,per_usd
2020-12-10,15.04,per_usd
2020-12-11,15.1275,per_usd
2020-12-14,15.045,per_usd
2020-12-15,14.885,per_usd
2020-12-16,14.8375,per_usd
2020-12-17,14.665,per_usd
2020-12-18,14.53,per_usd
2020-12-21,14.5675,per_usd
2020-12-22,14.6525,per_usd
2020-12-23,14.5775,per_usd
2020-12-28,14.62,per_usd
2020-12-29,14.68,per_usd
2020-12-30,14.605,per_usd
2020-12-31,14.65,per_usd
2021-01-04,14.74,per_usd
2021-01-05,15,per_usd
2021-01-06,15.11,per_usd
2021-01-07,15.4075,per_usd
2021-01-08,15.24,per_usd
2021-01-11,15.4863,per_usd
2021-01-12,15.3425,per_usd
2021-01-13,15.245,per_usd
2021-01-14,15.1,per_usd
2021-01-15,15.165,per_usd
2021-01-19,14.945,per_usd
2021-01-21,14.8925,per_usd
2021-01-22,15.0625,per_usd
2021-01-25,15.215,per_usd
2021-01-26,15.105,per_usd
2021-01-27,15.205,per_usd
2021-01-28,15.0825,per_usd
2021-01-29,15.1375,per_usd
2021-02-01,15.03,per_usd
2021-02-02,14.97,per_usd
2021-02-03,14.93,per_usd
2021-02-04,15.05,per_usd
2021-02-05,14.8825,per_usd
2021-02-08,14.8675,per_usd
2021-02-09,14.76,per_usd
2021-02-10,14.72,per_usd
2021-02-11,14.63,per_usd
2021-02-12,14.52,per_usd
2021-02-16,14.6575,per_usd
2021-02-17,14.68,per_usd
2021-02-18,14.63,per_usd
2021-02-19,14.625,per_usd
2021-02-22,14.7,per_usd
2021-02-23,14.5725,per_usd
2021-02-24,14.5425,per_usd
2021-02-25,14.8775,per_usd
2021-02-26,15.1575,per_usd
2021-03-01,14.9475,per_usd
2021-03-02,14.95,per_usd
2021-03-03,15,per_usd
2021-03-04,15.0925,per_usd
2021-03-05,15.4,per_usd
2021-03-08,15.535,per_usd
2021-03-09,15.3675,per_usd
2021-03-10,15.105,per_usd
2021-03-11,14.8425,per_usd
2021-03-12,14.915,per_usd
2021-03-15,14.94,per_usd
2021-03-16,14.86,per_usd
2021-03-17,14.885,per_usd
2021-03-18,14.7625,per_usd
2021-03-19,14.725,per_usd
2021-03-22,14.7,per_usd
2021-03-23,14.7225,per_usd
2021-03-24,14.8675,per_usd
2021-03-25,15.045,per_usd
2021-03-26,14.995,per_usd
2021-03-29,14.8825,per_usd
2021-03-30,14.91,per_usd
2021-03-31,14.7475,per_usd
2021-04-01,14.645,per_usd
2021-04-02,14.6457,per_usd
2021-04-05,14.5325,per_usd
2021-04-06,14.525,per_usd
2021-04-07,14.5275,per_usd
2021-04-08,14.51,per_usd
2021-04-09,14.585,per_usd
2021-04-12,14.575,per_usd
2021-04-13,14.5225,per_usd
2021-04-14,14.39,per_usd
2021-04-15,14.165,per_usd
2021-04-16,14.31,per_usd
2021-04-19,14.2375,per_usd
2021-04-20,14.2725,per_usd
2021-04-21,14.235,per_usd
2021-04-22,14.2925,per_usd
2021-04-23,14.275,per_usd
2021-04-26,14.25,per_usd
2021-04-27,14.355,per_usd
2021-04-28,14.265,per_usd
2021-04-29,14.31,per_usd
2021-04-30,14.49,per_usd
2021-05-03,14.3875,per_usd
2021-05-04,14.485,per_usd
2021-05-05,14.3625,per_usd
2021-05-06,14.2225,per_usd
2021-05-07,14.055,per_usd
2021-05-10,13.9975,per_usd
2021-05-11,13.9775,per_usd
2021-05-12,14.07,per_usd
2021-05-13,14.1075,per_usd
2021-05-14,14.1125,per_usd
2021-05-17,14.105,per_usd
2021-05-18,14.01,per_usd
2021-05-19,14.015,per_usd
2021-05-20,13.97,per_usd
2021-05-21,13.9425,per_usd
2021-05-24,13.92,per_usd
2021-05-25,13.8525,per_usd
2021-05-26,13.76,per_usd
2021-05-27,13.785,per_usd
2021-05-28,13.7475,per_usd
2021-06-01,13.755,per_usd
2021-06-02,13.56,per_usd
2021-06-03,13.6425,per_usd
2021-06-04,13.45,per_usd
2021-06-07,13.5,per_usd
2021-06-08,13.5725,per_usd
2021-06-09,13.67,per_usd
2021-06-10,13.6,per_usd
2021-06-11,13.7275,per_usd
2021-06-14,13.7475,per_usd
2021-06-15,13.835,per_usd
2021-06-16,13.695,per_usd
2021-06-17,14.1125,per_usd
2021-06-18,14.295,per_usd
2021-06-21,14.2425,per_usd
2021-06-22,14.3325,per_usd
2021-06-23,14.1775,per_usd
2021-06-24,14.255,per_usd
2021-06-25,14.0975,per_usd
2021-06-28,14.205,per_usd
2021-06-29,14.325,per_usd
2021-06-30,14.29,per_usd
2021-07-01,14.4375,per_usd
2021-07-02,14.2625,per_usd
2021-07-06,14.3675,per_usd
2021-07-07,14.3425,per_usd
2021-07-08,14.2875,per_usd
2021-07-09,14.2575,per_usd
2021-07-12,14.4,per_usd
2021-07-13,14.605,per_usd
2021-07-14,14.5525,per_usd
2021-07-15,14.5475,per_usd
2021-07-16,14.4,per_usd
2021-07-19,14.5125,per_usd
2021-07-20,14.6275,per_usd
2021-07-21,14.575,per_usd
2021-07-22,14.7275,per_usd
2021-07-23,14.8175,per_usd
2021-07-26,14.785,per_usd
2021-07-27,14.805,per_usd
2021-07-28,14.815,per_usd
2021-07-29,14.55,per_usd
2021-07-30,14.585,per_usd
2021-08-02,14.4025,per_usd
2021-08-03,14.305,per_usd
2021-08-04,14.3875,per_usd
2021-08-05,14.36,per_usd
2021-08-06,14.625,per_usd
2021-08-09,14.735,per_usd
2021-08-10,14.7975,per_usd
2021-08-11,14.6575,per_usd
2021-08-12,14.775,per_usd
2021-08-13,14.72,per_usd
2021-08-16,14.7825,per_usd
2021-08-17,14.87,per_usd
2021-08-18,14.9325,per_usd
2021-08-19,15.135,per_usd
2021-08-20,15.3325,per_usd
2021-08-23,15.1875,per_usd
2021-08-24,15.0325,per_usd
2021-08-25,14.965,per_usd
2021-08-26,14.9,per_usd
2021-08-27,14.7225,per_usd
2021-08-30,14.6375,per_usd
2021-08-31,14.5075,per_usd
2021-09-01,14.385,per_usd
2021-09-02,14.4625,per_usd
2021-09-03,14.275,per_usd
2021-09-07,14.31,per_usd
2021-09-08,14.245,per_usd
2021-09-09,14.13,per_usd
2021-09-10,14.175,per_usd
2021-09-13,14.1325,per_usd
2021-09-14,14.27,per_usd
2021-09-15,14.465,per_usd
2021-09-16,14.5825,per_usd
2021-09-17,14.7375,per_usd
2021-09-20,14.795,per_usd
2021-09-21,14.8225,per_usd
2021-09-22,14.715,per_usd
2021-09-23,14.745,per_usd
2021-09-24,14.9425,per_usd
2021-09-27,14.9275,per_usd
2021-09-28,15.095,per_usd
2021-09-29,15.16,per_usd
2021-09-30,15.045,per_usd
2021-10-01,14.865,per_usd
2021-10-04,15.0025,per_usd
2021-10-05,14.975,per_usd
2021-10-06,15.055,per_usd
2021-10-07,14.87,per_usd
2021-10-08,14.935,per_usd
2021-10-12,14.9475,per_usd
2021-10-13,14.805,per_usd
2021-10-14,14.7825,per_usd
2021-10-15,14.64,per_usd
2021-10-18,14.665,per_usd
2021-10-19,14.52,per_usd
2021-10-20,14.4325,per_usd
2021-10-21,14.58,per_usd
2021-10-22,14.805,per_usd
2021-10-25,14.7075,per_usd
2021-10-26,14.855,per_usd
2021-10-27,15.0375,per_usd
2021-10-28,15.1075,per_usd
2021-10-29,15.2575,per_usd
2021-11-01,15.3875,per_usd
2021-11-02,15.4175,per_usd
2021-11-03,15.4375,per_usd
2021-11-04,15.2,per_usd
2021-11-05,15.0975,per_usd
2021-11-08,14.905,per_usd
2021-11-09,15.06,per_usd
2021-11-10,15.325,per_usd
2021-11-12,15.295,per_usd
2021-11-15,15.24,per_usd
2021-11-16,15.525,per_usd
2021-11-17,15.4975,per_usd
2021-11-18,15.6225,per_usd
2021-11-19,15.7075,per_usd
2021-11-22,15.7775,per_usd
2021-11-23,15.83,per_usd
2021-11-24,15.8875,per_usd
2021-11-26,16.225,per_usd
2021-11-29,16.1925,per_usd
2021-11-30,15.995,per_usd
2021-12-01,15.905,per_usd
2021-12-02,15.905,per_usd
2021-12-03,16.1225,per_usd
2021-12-06,15.905,per_usd
2021-12-07,15.895,per_usd
2021-12-08,15.705,per_usd
2021-12-09,15.955,per_usd
2021-12-10,15.98,per_usd
2021-12-13,16,per_usd
2021-12-14,16.13,per_usd
2021-12-15,16.1864,per_usd
2021-12-16,15.9625,per_usd
2021-12-17,15.8475,per_usd
2021-12-20,15.77,per_usd
2021-12-21,15.87,per_usd
2021-12-22,15.815,per_usd
2021-12-23,15.6275,per_usd
2021-12-27,15.5225,per_usd
2021-12-28,15.73,per_usd
2021-12-29,15.96,per_usd
2021-12-30,15.93,per_usd
2022-01-03,15.8325,per_usd
2022-01-04,16,per_usd
2022-01-05,15.765,per_usd
2022-01-06,15.7075,per_usd
2022-01-07,15.57,per_usd
2022-01-10,15.7,per_usd
2022-01-11,15.5125,per_usd
2022-01-12,15.3325,per_usd
2022-01-13,15.3775,per_usd
2022-01-14,15.38,per_usd
2022-01-18,15.4675,per_usd
2022-01-19,15.29,per_usd
2022-01-20,15.105,per_usd
2022-01-21,15.07,per_usd
2022-01-24,15.35,per_usd
2022-01-25,15.2775,per_usd
2022-01-26,15.1925,per_usd
2022-01-27,15.46,per_usd
2022-01-28,15.6275,per_usd
2022-01-31,15.3975,per_usd
2022-02-01,15.28,per_usd
2022-02-02,15.385,per_usd
2022-02-03,15.28,per_usd
2022-02-04,15.47,per_usd
2022-02-07,15.5125,per_usd
2022-02-08,15.35,per_usd
2022-02-09,15.2325,per_usd
2022-02-10,15.0275,per_usd
2022-02-11,15.0825,per_usd
2022-02-14,15.1075,per_usd
2022-02-15,15.075,per_usd
2022-02-16,15.06,per_usd
2022-02-17,14.97,per_usd
2022-02-18,15.1175,per_usd
2022-02-22,15.045,per_usd
2022-02-23,15.0975,per_usd
2022-02-24,15.43,per_usd
2022-02-25,15.2025,per_usd
2022-02-28,15.3975,per_usd
2022-03-01,15.415,per_usd
2022-03-02,15.29,per_usd
2022-03-03,15.215,per_usd
2022-03-04,15.4,per_usd
2022-03-07,15.3525,per_usd
2022-03-08,15.3025,per_usd
2022-03-09,14.9975,per_usd
2022-03-10,15.04,per_usd
2022-03-11,15.06,per_usd
2022-03-14,15.06,per_usd
2022-03-15,15.1025,per_usd
2022-03-16,15.01,per_usd
2022-03-17,14.875,per_usd
2022-03-18,14.995,per_usd
2022-03-21,14.8975,per_usd
2022-03-22,14.845,per_usd
2022-03-23,14.7525,per_usd
2022-03-24,14.5375,per_usd
2022-03-25,14.58,per_usd
2022-03-28,14.7,per_usd
2022-03-29,14.555,per_usd
2022-03-30,14.4775,per_usd
2022-03-31,14.615,per_usd
2022-04-01,14.6575,per_usd
2022-04-04,14.575,per_usd
2022-04-05,14.6475,per_usd
2022-04-06,14.6425,per_usd
2022-04-07,14.7975,per_usd
2022-04-08,14.6475,per_usd
2022-04-11,14.6025,per_usd
2022-04-12,14.49,per_usd
2022-04-13,14.535,per_usd
2022-04-14,14.6525,per_usd
2022-04-15,14.615,per_usd
2022-04-18,14.6975,per_usd
2022-04-19,14.935,per_usd
2022-04-20,15.0575,per_usd
2022-04-21,15.39,per_usd
2022-04-22,15.575,per_usd
2022-04-25,15.755,per_usd
2022-04-26,15.83,per_usd
2022-04-27,15.95,per_usd
2022-04-28,16.0625,per_usd
2022-04-29,15.7675,per_usd
2022-05-02,16.025,per_usd
2022-05-03,15.8075,per_usd
2022-05-04,15.7875,per_usd
2022-05-05,16.04,per_usd
2022-05-06,15.9925,per_usd
2022-05-09,16.1625,per_usd
2022-05-10,16.17,per_usd
2022-05-11,16.0475,per_usd
2022-05-12,16.1325,per_usd
2022-05-13,16.1575,per_usd
2022-05-16,16.19,per_usd
2022-05-17,15.9275,per_usd
2022-05-18,15.985,per_usd
2022-05-19,15.835,per_usd
2022-05-20,15.8475,per_usd
2022-05-23,15.7325,per_usd
2022-05-24,15.66,per_usd
2022-05-25,15.7275,per_usd
2022-05-26,15.7575,per_usd
2022-05-27,15.5875,per_usd
2022-05-31,15.5925,per_usd
2022-06-01,15.62,per_usd
2022-06-02,15.4775,per_usd
2022-06-03,15.56,per_usd
2022-06-06,15.41,per_usd
2022-06-07,15.3525,per_usd
2022-06-08,15.2625,per_usd
2022-06-09,15.41,per_usd
2022-06-10,15.8334,per_usd
2022-06-13,16.065,per_usd
2022-06-14,16.05,per_usd
2022-06-15,16.0225,per_usd
2022-06-16,16.0225,per_usd
2022-06-17,16.0325,per_usd
2022-06-21,15.8625,per_usd
2022-06-22,15.8925,per_usd
2022-06-23,15.9722,per_usd
2022-06-24,15.8291,per_usd
2022-06-27,15.8375,per_usd
2022-06-28,16.015,per_usd
2022-06-29,16.265,per_usd
2022-06-30,16.31,per_usd
2022-07-01,16.4075,per_usd
2022-07-05,16.5575,per_usd
2022-07-06,16.82,per_usd
2022-07-07,16.7475,per_usd
2022-07-08,16.855,per_usd
2022-07-11,17.0175,per_usd
2022-07-12,16.9625,per_usd
2022-07-13,16.9125,per_usd
2022-07-14,17.145,per_usd
2022-07-15,17.0825,per_usd
2022-07-18,17.0725,per_usd
2022-07-19,17.0533,per_usd
2022-07-20,17.1025,per_usd
2022-07-21,17.0675,per_usd
2022-07-22,16.83,per_usd
2022-07-25,16.7925,per_usd
2022-07-26,16.9525,per_usd
2022-07-27,16.82,per_usd
2022-07-28,16.555,per_usd
2022-07-29,16.6175,per_usd
2022-08-01,16.4525,per_usd
2022-08-02,16.6575,per_usd
2022-08-03,16.7825,per_usd
2022-08-04,16.675,per_usd
2022-08-05,16.7925,per_usd
2022-08-08,16.6361,per_usd
2022-08-09,16.5875,per_usd
2022-08-10,16.1725,per_usd
2022-08-11,16.2146,per_usd
2022-08-12,16.2325,per_usd
2022-08-15,16.395,per_usd
2022-08-16,16.4025,per_usd
2022-08-17,16.67,per_usd
2022-08-18,16.84,per_usd
2022-08-19,17.0175,per_usd
2022-08-22,17.0075,per_usd
2022-08-23,16.9525,per_usd
2022-08-24,16.9225,per_usd
2022-08-25,16.7825,per_usd
2022-08-26,16.805,per_usd
2022-08-29,16.825,per_usd
2022-08-30,16.9475,per_usd
2022-08-31,17.035,per_usd
2022-09-01,17.2825,per_usd
2022-09-02,17.2125,per_usd
2022-09-06,17.2575,per_usd
2022-09-07,17.33,per_usd
2022-09-08,17.4825,per_usd
2022-09-09,17.2625,per_usd
2022-09-12,17.12,per_usd
2022-09-13,17.3875,per_usd
2022-09-14,17.4525,per_usd
2022-09-15,17.555,per_usd
2022-09-16,17.6525,per_usd
2022-09-19,17.7175,per_usd
2022-09-20,17.6975,per_usd
2022-09-21,17.6933,per_usd
2022-09-22,17.581,per_usd
2022-09-23,17.9175,per_usd
2022-09-26,18.0827,per_usd
2022-09-27,17.9675,per_usd
2022-09-28,17.8625,per_usd
2022-09-29,17.975,per_usd
2022-09-30,18.075,per_usd
2022-10-03,17.875,per_usd
2022-10-04,17.62,per_usd
2022-10-05,17.8225,per_usd
2022-10-06,17.9325,per_usd
2022-10-07,18.08,per_usd
2022-10-11,18.025,per_usd
2022-10-12,18.28,per_usd
2022-10-13,18.2575,per_usd
2022-10-14,18.295,per_usd
2022-10-17,18,per_usd
2022-10-18,18.1575,per_usd
2022-10-19,18.28,per_usd
2022-10-20,18.2075,per_usd
2022-10-21,18.12,per_usd
2022-10-24,18.3975,per_usd
2022-10-25,18.2025,per_usd
2022-10-26,17.949,per_usd
2022-10-27,17.9075,per_usd
2022-10-28,18.1761,per_usd
2022-10-31,18.3775,per_usd
2022-11-01,18.2425,per_usd
2022-11-02,18.19,per_usd
2022-11-03,18.405,per_usd
2022-11-04,17.985,per_usd
2022-11-07,17.745,per_usd
2022-11-08,17.6525,per_usd
2022-11-09,17.715,per_usd
2022-11-10,17.4325,per_usd
2022-11-14,17.3425,per_usd
2022-11-15,17.2548,per_usd
2022-11-16,17.2425,per_usd
2022-11-17,17.3975,per_usd
2022-11-18,17.23,per_usd
2022-11-21,17.33,per_usd
2022-11-22,17.2675,per_usd
2022-11-23,17.0225,per_usd
2022-11-25,17.105,per_usd
2022-11-28,17.1075,per_usd
2022-11-29,16.985,per_usd
2022-11-30,16.955,per_usd
2022-12-01,17.6389,per_usd
2022-12-02,17.4425,per_usd
2022-12-05,17.4672,per_usd
2022-12-06,17.34,per_usd
2022-12-07,17.1575,per_usd
2022-12-08,17.1444,per_usd
2022-12-09,17.34,per_usd
2022-12-12,17.5725,per_usd
2022-12-13,17.255,per_usd
2022-12-14,17.1625,per_usd
2022-12-15,17.4775,per_usd
2022-12-16,17.6775,per_usd
2022-12-19,17.2925,per_usd
2022-12-20,17.32,per_usd
2022-12-21,17.175,per_usd
2022-12-22,17.1425,per_usd
2022-12-23,16.9725,per_usd
2022-12-27,17.303,per_usd
2022-12-28,17.115,per_usd
2022-12-29,16.89,per_usd
2022-12-30,16.995,per_usd
2023-01-03,17.015,per_usd
2023-01-04,16.87,per_usd
2023-01-05,17.225,per_usd
2023-01-06,17.1875,per_usd
2023-01-09,16.8875,per_usd
2023-01-10,17.035,per_usd
2023-01-11,16.92,per_usd
2023-01-12,16.8278,per_usd
2023-01-13,16.82,per_usd
2023-01-17,17.0775,per_usd
2023-01-18,17.025,per_usd
2023-01-19,17.3325,per_usd
2023-01-20,17.1525,per_usd
2023-01-23,17.1775,per_usd
2023-01-24,17.2,per_usd
2023-01-25,17.1625,per_usd
2023-01-26,17.2275,per_usd
2023-01-27,17.185,per_usd
2023-01-30,17.355,per_usd
2023-01-31,17.4275,per_usd
2023-02-01,17.165,per_usd
2023-02-02,17.0975,per_usd
2023-02-03,17.475,per_usd
2023-02-06,17.665,per_usd
2023-02-07,17.5925,per_usd
2023-02-08,17.75,per_usd
2023-02-09,17.705,per_usd
2023-02-10,17.9325,per_usd
2023-02-13,17.85,per_usd
2023-02-14,17.9075,per_usd
2023-02-15,18.06,per_usd
2023-02-16,18.135,per_usd
2023-02-17,18.025,per_usd
2023-02-21,18.2452,per_usd
2023-02-22,18.1975,per_usd
2023-02-23,18.255,per_usd
2023-02-24,18.405,per_usd
2023-02-27,18.4215,per_usd
2023-02-28,18.3425,per_usd
2023-03-01,18.1025,per_usd
2023-03-02,18.205,per_usd
2023-03-03,18.1525,per_usd
2023-03-06,18.2225,per_usd
2023-03-07,18.57,per_usd
2023-03-08,18.59,per_usd
2023-03-09,18.5275,per_usd
2023-03-10,18.2625,per_usd
2023-03-13,18.18,per_usd
2023-03-14,18.1775,per_usd
2023-03-15,18.4175,per_usd
2023-03-16,18.3575,per_usd
2023-03-17,18.43,per_usd
2023-03-20,18.53,per_usd
2023-03-21,18.575,per_usd
2023-03-22,18.32,per_usd
2023-03-23,18.0375,per_usd
2023-03-24,18.1575,per_usd
2023-03-27,18.3375,per_usd
2023-03-28,18.145,per_usd
2023-03-29,18.0875,per_usd
2023-03-30,17.8525,per_usd
2023-03-31,17.73,per_usd
2023-04-03,17.8,per_usd
2023-04-04,17.9325,per_usd
2023-04-05,18,per_usd
2023-04-06,18.225,per_usd
2023-04-07,18.2,per_usd
2023-04-10,18.5275,per_usd
2023-04-11,18.38,per_usd
2023-04-12,18.365,per_usd
2023-04-13,18.0625,per_usd
2023-04-14,18.1275,per_usd
2023-04-17,18.3073,per_usd
2023-04-18,18.1914,per_usd
2023-04-19,18.1437,per_usd
2023-04-20,18.0333,per_usd
2023-04-21,18.0847,per_usd
2023-04-24,18.1605,per_usd
2023-04-25,18.371,per_usd
2023-04-26,18.3729,per_usd
2023-04-27,18.2757,per_usd
2023-04-28,18.2909,per_usd
2023-05-01,18.3728,per_usd
2023-05-02,18.4605,per_usd
2023-05-03,18.2538,per_usd
2023-05-04,18.313,per_usd
2023-05-05,18.4017,per_usd
2023-05-08,18.3061,per_usd
2023-05-09,18.5963,per_usd
2023-05-10,18.8769,per_usd
2023-05-11,19.1673,per_usd
2023-05-12,19.3267,per_usd
2023-05-15,19.0346,per_usd
2023-05-16,19.0723,per_usd
2023-05-17,19.2699,per_usd
2023-05-18,19.3549,per_usd
2023-05-19,19.4128,per_usd
2023-05-22,19.2376,per_usd
2023-05-23,19.1925,per_usd
2023-05-24,19.2327,per_usd
2023-05-25,19.7324,per_usd
2023-05-26,19.6087,per_usd
2023-05-30,19.7067,per_usd
2023-05-31,19.7787,per_usd
2023-06-01,19.5935,per_usd
2023-06-02,19.5208,per_usd
2023-06-05,19.2904,per_usd
2023-06-06,19.2337,per_usd
2023-06-07,19.0903,per_usd
2023-06-08,18.8495,per_usd
2023-06-09,18.7179,per_usd
2023-06-12,18.5684,per_usd
2023-06-13,18.5533,per_usd
2023-06-14,18.3143,per_usd
2023-06-15,18.2473,per_usd
2023-06-16,18.2033,per_usd
2023-06-20,18.3773,per_usd
2023-06-21,18.3869,per_usd
2023-06-22,18.5076,per_usd
2023-06-23,18.7525,per_usd
2023-06-26,18.6602,per_usd
2023-06-27,18.5002,per_usd
2023-06-28,18.6787,per_usd
2023-06-29,18.7508,per_usd
2023-06-30,18.8444,per_usd
2023-07-03,18.7457,per_usd
2023-07-05,18.7655,per_usd
2023-07-06,19.1055,per_usd
2023-07-07,18.8248,per_usd
2023-07-10,18.8343,per_usd
2023-07-11,18.555,per_usd
2023-07-12,18.169,per_usd
2023-07-13,17.9797,per_usd
2023-07-14,18.0929,per_usd
2023-07-17,18.0349,per_usd
2023-07-18,17.8501,per_usd
2023-07-19,17.9255,per_usd
2023-07-20,17.9679,per_usd
2023-07-21,17.9457,per_usd
2023-07-24,17.7303,per_usd
2023-07-25,17.6044,per_usd
2023-07-26,17.6525,per_usd
2023-07-27,17.6208,per_usd
2023-07-28,17.5949,per_usd
2023-07-31,17.8081,per_usd
2023-08-01,18.2365,per_usd
2023-08-02,18.5437,per_usd
2023-08-03,18.7496,per_usd
2023-08-04,18.3939,per_usd
2023-08-07,18.7199,per_usd
2023-08-08,18.9689,per_usd
2023-08-09,18.9966,per_usd
2023-08-10,18.7229,per_usd
2023-08-11,18.9245,per_usd
2023-08-14,19.0342,per_usd
2023-08-15,19.1134,per_usd
2023-08-16,19.0909,per_usd
2023-08-17,19.1056,per_usd
2023-08-18,18.9565,per_usd
2023-08-21,18.996,per_usd
2023-08-22,18.7985,per_usd
2023-08-23,18.4723,per_usd
2023-08-24,18.7636,per_usd
2023-08-25,18.6738,per_usd
2023-08-28,18.5492,per_usd
2023-08-29,18.4873,per_usd
2023-08-30,18.6027,per_usd
2023-08-31,18.9061,per_usd
2023-09-01,18.8117,per_usd
2023-09-05,19.1981,per_usd
2023-09-06,19.214,per_usd
2023-09-07,19.1641,per_usd
2023-09-08,19.119,per_usd
2023-09-11,18.8656,per_usd
2023-09-12,18.9208,per_usd
2023-09-13,18.7823,per_usd
2023-09-14,18.9677,per_usd
2023-09-15,19.0578,per_usd
2023-09-18,19.0025,per_usd
2023-09-19,18.9353,per_usd
2023-09-20,18.7502,per_usd
2023-09-21,18.8952,per_usd
2023-09-22,18.7435,per_usd
2023-09-25,18.7869,per_usd
2023-09-26,19.0449,per_usd
2023-09-27,19.1989,per_usd
2023-09-28,18.9731,per_usd
2023-09-29,18.8828,per_usd
2023-10-02,19.1882,per_usd
2023-10-03,19.3624,per_usd
2023-10-04,19.3111,per_usd
2023-10-05,19.538,per_usd
2023-10-06,19.2886,per_usd
2023-10-10,19.0291,per_usd
2023-10-11,18.8249,per_usd
2023-10-12,18.9178,per_usd
2023-10-13,18.9936,per_usd
2023-10-16,18.7791,per_usd
2023-10-17,18.7447,per_usd
2023-10-18,19.0484,per_usd
2023-10-19,19.0327,per_usd
2023-10-20,18.9511,per_usd
2023-10-23,18.9059,per_usd
2023-10-24,19.045,per_usd
2023-10-25,19.0736,per_usd
2023-10-26,18.9799,per_usd
2023-10-27,18.8069,per_usd
2023-10-30,18.7864,per_usd
2023-10-31,18.7424,per_usd
2023-11-01,18.6407,per_usd
2023-11-02,18.4556,per_usd
2023-11-03,18.2306,per_usd
2023-11-06,18.2875,per_usd
2023-11-07,18.3615,per_usd
2023-11-08,18.4436,per_usd
2023-11-09,18.552,per_usd
2023-11-13,18.7147,per_usd
2023-11-14,18.3159,per_usd
2023-11-15,18.2185,per_usd
2023-11-16,18.4075,per_usd
2023-11-17,18.3771,per_usd
2023-11-20,18.3465,per_usd
2023-11-21,18.5585,per_usd
2023-11-22,18.8446,per_usd
2023-11-24,18.8548,per_usd
2023-11-27,18.7252,per_usd
2023-11-28,18.6077,per_usd
2023-11-29,18.66,per_usd
2023-11-30,18.8698,per_usd
2023-12-01,18.6297,per_usd
2023-12-04,18.8367,per_usd
2023-12-05,18.9994,per_usd
2023-12-06,18.8885,per_usd
2023-12-07,18.7601,per_usd
2023-12-08,18.9776,per_usd
2023-12-11,19.1039,per_usd
2023-12-12,19.0167,per_usd
2023-12-13,19.0511,per_usd
2023-12-14,18.2946,per_usd
2023-12-15,18.2575,per_usd
2023-12-18,18.6169,per_usd
2023-12-19,18.3354,per_usd
2023-12-20,18.2537,per_usd
2023-12-21,18.3904,per_usd
2023-12-22,18.4731,per_usd
2023-12-26,18.6438,per_usd
2023-12-27,18.3597,per_usd
2023-12-28,18.504,per_usd
2023-12-29,18.2622,per_usd
2024-01-02,18.5446,per_usd
2024-01-03,18.7338,per_usd
2024-01-04,18.7012,per_usd
2024-01-05,18.6733,per_usd
2024-01-08,18.5699,per_usd
2024-01-09,18.6455,per_usd
2024-01-10,18.6675,per_usd
2024-01-11,18.6977,per_usd
2024-01-12,18.6225,per_usd
2024-01-16,18.9341,per_usd
2024-01-17,19.0998,per_usd
2024-01-18,18.9243,per_usd
2024-01-19,19.0253,per_usd
2024-01-22,19.1866,per_usd
2024-01-23,19.0653,per_usd
2024-01-24,18.8873,per_usd
2024-01-25,18.9138,per_usd
2024-01-26,18.7631,per_usd
2024-01-29,18.7955,per_usd
2024-01-30,18.8145,per_usd
2024-01-31,18.6527,per_usd
2024-02-01,18.5839,per_usd
2024-02-02,18.9105,per_usd
2024-02-05,19.0535,per_usd
2024-02-06,18.8599,per_usd
2024-02-07,18.8987,per_usd
2024-02-08,18.9619,per_usd
2024-02-09,19.0385,per_usd
2024-02-12,18.9289,per_usd
2024-02-13,19.0977,per_usd
2024-02-14,19.035,per_usd
2024-02-15,18.9724,per_usd
2024-02-16,18.8709,per_usd
2024-02-20,18.9106,per_usd
2024-02-21,18.9083,per_usd
2024-02-22,19.1626,per_usd
2024-02-23,19.255,per_usd
2024-02-26,19.3233,per_usd
2024-02-27,19.1006,per_usd
2024-02-28,19.2748,per_usd
2024-02-29,19.1884,per_usd
2024-03-01,19.1166,per_usd
2024-03-04,19.0209,per_usd
2024-03-05,18.9694,per_usd
2024-03-06,18.7948,per_usd
2024-03-07,18.6885,per_usd
2024-03-08,18.7333,per_usd
2024-03-11,18.6485,per_usd
2024-03-12,18.6594,per_usd
2024-03-13,18.5575,per_usd
2024-03-14,18.7333,per_usd
2024-03-15,18.7517,per_usd
2024-03-18,18.9625,per_usd
2024-03-19,18.9132,per_usd
2024-03-20,18.8084,per_usd
2024-03-21,18.8479,per_usd
2024-03-22,18.9742,per_usd
2024-03-25,18.9192,per_usd
2024-03-26,18.9949,per_usd
2024-03-27,18.88,per_usd
2024-03-28,18.9373,per_usd
2024-03-29,18.8926,per_usd
2024-04-01,19.0076,per_usd
2024-04-02,18.7811,per_usd
2024-04-03,18.6762,per_usd
2024-04-04,18.6603,per_usd
2024-04-05,18.6497,per_usd
2024-04-08,18.62,per_usd
2024-04-09,18.4886,per_usd
2024-04-10,18.7645,per_usd
2024-04-11,18.742,per_usd
2024-04-12,18.8716,per_usd
2024-04-15,18.9702,per_usd
2024-04-16,19.0187,per_usd
2024-04-17,19.0558,per_usd
2024-04-18,19.1423,per_usd
2024-04-19,19.1099,per_usd
2024-04-22,19.1449,per_usd
2024-04-23,19.1254,per_usd
2024-04-24,19.2392,per_usd
2024-04-25,19.0343,per_usd
2024-04-26,18.809,per_usd
2024-04-29,18.6291,per_usd
2024-04-30,18.8085,per_usd
2024-05-01,18.6203,per_usd
2024-05-02,18.6017,per_usd
2024-05-03,18.5025,per_usd
2024-05-06,18.4649,per_usd
2024-05-07,18.4712,per_usd
2024-05-08,18.5724,per_usd
2024-05-09,18.4859,per_usd
2024-05-10,18.4408,per_usd
2024-05-13,18.3308,per_usd
2024-05-14,18.4204,per_usd
2024-05-15,18.312,per_usd
2024-05-16,18.2025,per_usd
2024-05-17,18.1813,per_usd
2024-05-20,18.1883,per_usd
2024-05-21,18.0719,per_usd
2024-05-22,18.243,per_usd
2024-05-23,18.4327,per_usd
2024-05-24,18.4281,per_usd
2024-05-28,18.2764,per_usd
2024-05-29,18.4034,per_usd
2024-05-30,18.6122,per_usd
2024-05-31,18.8402,per_usd
2024-06-03,18.5016,per_usd
2024-06-04,18.6927,per_usd
2024-06-05,18.9477,per_usd
2024-06-06,18.9073,per_usd
2024-06-07,18.8771,per_usd
2024-06-10,18.739,per_usd
2024-06-11,18.6441,per_usd
2024-06-12,18.3658,per_usd
2024-06-13,18.4667,per_usd
2024-06-14,18.4008,per_usd
2024-06-17,18.2619,per_usd
2024-06-18,18.0691,per_usd
2024-06-20,18.0615,per_usd
2024-06-21,17.9548,per_usd
2024-06-24,18.1403,per_usd
2024-06-25,18.2047,per_usd
2024-06-26,18.2193,per_usd
2024-06-27,18.4702,per_usd
2024-06-28,18.2283,per_usd
2024-07-01,18.3154,per_usd
2024-07-02,18.6118,per_usd
2024-07-03,18.3525,per_usd
2024-07-05,18.1935,per_usd
2024-07-08,18.1194,per_usd
2024-07-09,18.1403,per_usd
2024-07-10,18.126,per_usd
2024-07-11,18.0001,per_usd
2024-07-12,18.0051,per_usd
2024-07-15,18.1849,per_usd
2024-07-16,18.0947,per_usd
2024-07-17,18.2536,per_usd
2024-07-18,18.1746,per_usd
2024-07-19,18.2511,per_usd
2024-07-22,18.2702,per_usd
2024-07-23,18.3808,per_usd
2024-07-24,18.3167,per_usd
2024-07-25,18.3221,per_usd
2024-07-26,18.2605,per_usd
2024-07-29,18.4617,per_usd
2024-07-30,18.3542,per_usd
2024-07-31,18.2081,per_usd
2024-08-01,18.1732,per_usd
2024-08-02,18.2484,per_usd
2024-08-05,18.5369,per_usd
2024-08-06,18.4788,per_usd
2024-08-07,18.3697,per_usd
2024-08-08,18.3533,per_usd
2024-08-09,18.3118,per_usd
2024-08-12,18.2242,per_usd
2024-08-13,18.1617,per_usd
2024-08-14,18.0694,per_usd
2024-08-15,17.9853,per_usd
2024-08-16,17.8842,per_usd
2024-08-19,17.7142,per_usd
2024-08-20,17.8594,per_usd
2024-08-21,17.8592,per_usd
2024-08-22,18.0258,per_usd
2024-08-23,17.73,per_usd
2024-08-26,17.7007,per_usd
2024-08-27,17.7403,per_usd
2024-08-28,17.7987,per_usd
2024-08-29,17.7537,per_usd
2024-08-30,17.791,per_usd
2024-09-03,17.9626,per_usd
2024-09-04,17.8623,per_usd
2024-09-05,17.722,per_usd
2024-09-06,17.8718,per_usd
2024-09-09,17.87,per_usd
2024-09-10,17.9421,per_usd
2024-09-11,17.9033,per_usd
2024-09-12,17.8525,per_usd
2024-09-13,17.7048,per_usd
2024-09-16,17.6415,per_usd
2024-09-17,17.6403,per_usd
2024-09-18,17.5604,per_usd
2024-09-19,17.4771,per_usd
2024-09-20,17.49,per_usd
2024-09-23,17.3138,per_usd
2024-09-24,17.3316,per_usd
2024-09-25,17.2318,per_usd
2024-09-26,17.1564,per_usd
2024-09-27,17.0992,per_usd
2024-09-30,17.2618,per_usd
2024-10-01,17.3832,per_usd
2024-10-02,17.3123,per_usd
2024-10-03,17.5116,per_usd
2024-10-04,17.4719,per_usd
2024-10-07,17.3975,per_usd
2024-10-08,17.5579,per_usd
2024-10-09,17.6388,per_usd
2024-10-10,17.5276,per_usd
2024-10-11,17.3978,per_usd
2024-10-15,17.6198,per_usd
2024-10-16,17.6468,per_usd
2024-10-17,17.6858,per_usd
2024-10-18,17.5919,per_usd
2024-10-21,17.6513,per_usd
2024-10-22,17.5267,per_usd
2024-10-23,17.8501,per_usd
2024-10-24,17.6862,per_usd
2024-10-25,17.6625,per_usd
2024-10-28,17.7092,per_usd
2024-10-29,17.6824,per_usd
2024-10-30,17.6784,per_usd
2024-10-31,17.675,per_usd
2024-11-01,17.5778,per_usd
2024-11-04,17.5526,per_usd
2024-11-05,17.4283,per_usd
2024-11-06,17.6243,per_usd
2024-11-07,17.3211,per_usd
2024-11-08,17.5749,per_usd
2024-11-12,18.1704,per_usd
2024-11-13,18.2508,per_usd
2024-11-14,18.2145,per_usd
2024-11-15,18.2405,per_usd
2024-11-18,17.9721,per_usd
2024-11-19,18.0528,per_usd
2024-11-20,18.0953,per_usd
2024-11-21,18.1114,per_usd
2024-11-22,18.106,per_usd
2024-11-25,18.09,per_usd
2024-11-26,18.1857,per_usd
2024-11-27,18.211,per_usd
2024-11-29,18.0405,per_usd
2024-12-02,18.2043,per_usd
2024-12-03,18.0848,per_usd
2024-12-04,18.0795,per_usd
2024-12-05,18.0432,per_usd
2024-12-06,18.0064,per_usd
2024-12-09,17.7605,per_usd
2024-12-10,17.8417,per_usd
2024-12-11,17.7029,per_usd
2024-12-12,17.7552,per_usd
2024-12-13,17.8699,per_usd
2024-12-16,17.8355,per_usd
2024-12-17,18.1224,per_usd
2024-12-18,18.0932,per_usd
2024-12-19,18.423,per_usd
2024-12-20,18.3194,per_usd
2024-12-23,18.5472,per_usd
2024-12-24,18.6712,per_usd
2024-12-26,18.8764,per_usd
2024-12-27,18.6502,per_usd
2024-12-30,18.8154,per_usd
2024-12-31,18.8792,per_usd
2025-01-02,18.7025,per_usd
2025-01-03,18.7892,per_usd
2025-01-06,18.5663,per_usd
2025-01-07,18.685,per_usd
2025-01-08,18.8691,per_usd
2025-01-09,18.9276,per_usd
2025-01-10,19.115,per_usd
2025-01-13,19.0666,per_usd
2025-01-14,18.9298,per_usd
2025-01-15,18.7891,per_usd
2025-01-16,18.8121,per_usd
2025-01-17,18.7297,per_usd
2025-01-21,18.5033,per_usd
2025-01-22,18.4884,per_usd
2025-01-23,18.4882,per_usd
2025-01-24,18.3869,per_usd
2025-01-27,18.7281,per_usd
2025-01-28,18.7017,per_usd
2025-01-29,18.5868,per_usd
2025-01-30,18.4681,per_usd
2025-01-31,18.6424,per_usd
2025-02-03,18.8044,per_usd
2025-02-04,18.6729,per_usd
2025-02-05,18.5275,per_usd
2025-02-06,18.4817,per_usd
2025-02-07,18.4199,per_usd
2025-02-10,18.4596,per_usd
2025-02-11,18.4715,per_usd
2025-02-12,18.5101,per_usd
2025-02-13,18.5481,per_usd
2025-02-14,18.3533,per_usd
2025-02-18,18.3923,per_usd
2025-02-19,18.5782,per_usd
2025-02-20,18.3474,per_usd
2025-02-21,18.3168,per_usd
2025-02-24,18.3472,per_usd
2025-02-25,18.4225,per_usd
2025-02-26,18.3772,per_usd
2025-02-27,18.4586,per_usd
2025-02-28,18.6012,per_usd
2025-03-03,18.5825,per_usd
2025-03-04,18.5699,per_usd
2025-03-05,18.3507,per_usd
2025-03-06,18.1382,per_usd
2025-03-07,18.2291,per_usd
2025-03-10,18.2912,per_usd
2025-03-11,18.1873,per_usd
2025-03-12,18.338,per_usd
2025-03-13,18.3092,per_usd
2025-03-14,18.1609,per_usd
2025-03-17,18.078,per_usd
2025-03-18,18.1039,per_usd
2025-03-19,18.1544,per_usd
2025-03-20,18.1343,per_usd
2025-03-21,18.2273,per_usd
2025-03-24,18.1672,per_usd
2025-03-25,18.2244,per_usd
2025-03-26,18.2614,per_usd
2025-03-27,18.2434,per_usd
2025-03-28,18.4005,per_usd
2025-03-31,18.3845,per_usd
2025-04-01,18.3846,per_usd
2025-04-02,18.7572,per_usd
2025-04-03,18.735,per_usd
2025-04-04,19.0676,per_usd
2025-04-07,19.5774,per_usd
2025-04-08,19.5862,per_usd
2025-04-09,19.8177,per_usd
2025-04-10,19.5173,per_usd
2025-04-11,19.1672,per_usd
2025-04-14,18.8924,per_usd
2025-04-15,18.9895,per_usd
2025-04-16,18.7977,per_usd
2025-04-17,18.7973,per_usd
2025-04-18,18.8387,per_usd
2025-04-21,18.7294,per_usd
2025-04-22,18.5732,per_usd
2025-04-23,18.6327,per_usd
2025-04-24,18.8015,per_usd
2025-04-25,18.7159,per_usd
2025-04-28,18.5482,per_usd
2025-04-29,18.5639,per_usd
2025-04-30,18.5814,per_usd
2025-05-01,18.6396,per_usd
2025-05-02,18.4324,per_usd
2025-05-05,18.2733,per_usd
2025-05-06,18.1638,per_usd
2025-05-07,18.216,per_usd
2025-05-08,18.1881,per_usd
2025-05-09,18.2278,per_usd
2025-05-12,18.3017,per_usd
2025-05-13,18.3135,per_usd
2025-05-14,18.2427,per_usd
2025-05-15,18.031,per_usd
2025-05-16,18.0935,per_usd
2025-05-19,18.0641,per_usd
2025-05-20,17.9317,per_usd
2025-05-21,17.8989,per_usd
2025-05-22,17.9822,per_usd
2025-05-23,17.8504,per_usd
2025-05-27,17.9181,per_usd
2025-05-28,17.9618,per_usd
2025-05-29,17.8028,per_usd
2025-05-30,18.0319,per_usd
2025-06-02,17.8711,per_usd
2025-06-03,17.89,per_usd
2025-06-04,17.8027,per_usd
2025-06-05,17.7622,per_usd
2025-06-06,17.7716,per_usd
2025-06-09,17.7056,per_usd
2025-06-10,17.7102,per_usd
2025-06-11,17.6945,per_usd
2025-06-12,17.7854,per_usd
2025-06-13,17.9063,per_usd
2025-06-16,17.7842,per_usd
2025-06-17,17.9299,per_usd
2025-06-18,17.9332,per_usd
2025-06-20,17.9858,per_usd
2025-06-23,17.9993,per_usd
2025-06-24,17.7756,per_usd
2025-06-25,17.7682,per_usd
2025-06-26,17.7907,per_usd
2025-06-27,17.8113,per_usd
2025-06-30,17.7172,per_usd
2025-07-01,17.6221,per_usd
2025-07-02,17.5916,per_usd
2025-07-03,17.4911,per_usd
2025-07-07,17.735,per_usd
2025-07-08,17.8229,per_usd
2025-07-09,17.7926,per_usd
2025-07-10,17.7196,per_usd
2025-07-11,17.9208,per_usd
2025-07-14,17.9118,per_usd
2025-07-15,17.8933,per_usd
2025-07-16,17.8509,per_usd
2025-07-17,17.8056,per_usd
2025-07-18,17.6758,per_usd
2025-07-21,17.68,per_usd
2025-07-22,17.5531,per_usd
2025-07-23,17.5416,per_usd
2025-07-24,17.6247,per_usd
2025-07-25,17.8091,per_usd
2025-07-28,17.8854,per_usd
2025-07-29,17.8835,per_usd
2025-07-30,17.9588,per_usd
2025-07-31,18.1741,per_usd
2025-08-01,18.0357,per_usd
2025-08-04,17.9311,per_usd
2025-08-05,17.8946,per_usd
2025-08-06,17.7573,per_usd
2025-08-07,17.789,per_usd
2025-08-08,17.7084,per_usd
2025-08-11,17.7358,per_usd
2025-08-12,17.569,per_usd
2025-08-13,17.5122,per_usd
2025-08-14,17.6253,per_usd
2025-08-15,17.5905,per_usd
2025-08-18,17.6567,per_usd
2025-08-19,17.662,per_usd
2025-08-20,17.6918,per_usd
2025-08-21,17.7462,per_usd
2025-08-22,17.4469,per_usd
2025-08-25,17.5833,per_usd
2025-08-26,17.6123,per_usd
2025-08-27,17.7122,per_usd
2025-08-28,17.6977,per_usd
2025-08-29,17.6519,per_usd
2025-09-02,17.6973,per_usd
2025-09-03,17.6535,per_usd
2025-09-04,17.7615,per_usd
2025-09-05,17.5486,per_usd
2025-09-08,17.49,per_usd
2025-09-09,17.5247,per_usd
2025-09-10,17.4681,per_usd
2025-09-11,17.3906,per_usd
2025-09-12,17.3878,per_usd
2025-09-15,17.3758,per_usd
2025-09-16,17.3416,per_usd
2025-09-17,17.3504,per_usd
2025-09-18,17.3425,per_usd
2025-09-19,17.3498,per_usd
2025-09-22,17.3495,per_usd
2025-09-23,17.2387,per_usd
2025-09-24,17.3403,per_usd
2025-09-25,17.4359,per_usd
2025-09-26,17.358,per_usd
2025-09-29,17.2564,per_usd
2025-09-30,17.2681,per_usd
2025-10-01,17.2111,per_usd
2025-10-02,17.3221,per_usd
2025-10-03,17.2085,per_usd
2025-10-06,17.1995,per_usd
2025-10-07,17.2092,per_usd
2025-10-08,17.1511,per_usd
2025-10-09,17.1619,per_usd
2025-10-10,17.4215,per_usd
2025-10-14,17.3797,per_usd
2025-10-15,17.3305,per_usd
2025-10-16,17.308,per_usd
2025-10-17,17.3847,per_usd
2025-10-20,17.2367,per_usd
2025-10-21,17.372,per_usd
2025-10-22,17.3967,per_usd
2025-10-23,17.315,per_usd
2025-10-24,17.2573,per_usd
2025-10-27,17.2429,per_usd
2025-10-28,17.1506,per_usd
2025-10-29,17.1073,per_usd
2025-10-30,17.2901,per_usd
2025-10-31,17.3312,per_usd
2025-11-03,17.296,per_usd
2025-11-04,17.474,per_usd
2025-11-05,17.404,per_usd
2025-11-06,17.3948,per_usd
2025-11-07,17.3106,per_usd
2025-11-10,17.1616,per_usd
2025-11-12,17.0961,per_usd
2025-11-13,17.0096,per_usd
2025-11-14,17.1235,per_usd
2025-11-17,17.0992,per_usd
2025-11-18,17.1738,per_usd
2025-11-19,17.2106,per_usd
2025-11-20,17.2353,per_usd
2025-11-21,17.3699,per_usd
2025-11-24,17.3182,per_usd
2025-11-25,17.2412,per_usd
2025-11-26,17.0926,per_usd
2025-11-28,17.1229,per_usd
2025-12-01,17.0764,per_usd
2025-12-02,17.1427,per_usd
2025-12-03,17.047,per_usd
2025-12-04,16.9866,per_usd
2025-12-05,16.964,per_usd
2025-12-08,17.0396,per_usd
2025-12-09,17.0537,per_usd
2025-12-10,16.9856,per_usd
2025-12-11,16.8415,per_usd
2025-12-12,16.8635,per_usd
2025-12-15,16.7817,per_usd
2025-12-16,16.733,per_usd
2025-12-17,16.7375,per_usd
2025-12-18,16.7311,per_usd
2025-12-19,16.7492,per_usd
2025-12-22,16.7171,per_usd
2025-12-23,16.6973,per_usd
2025-12-24,16.6621,per_usd
2025-12-26,16.6799,per_usd
2025-12-29,16.696,per_usd
2025-12-30,16.5832,per_usd
2025-12-31,16.5496,per_usd
2026-01-02,16.4833,per_usd
2026-01-05,16.3556,per_usd
2026-01-06,16.3755,per_usd
2026-01-07,16.4533,per_usd
2026-01-08,16.518,per_usd
2026-01-09,16.4812,per_usd
2026-01-12,16.3837,per_usd
2026-01-13,16.4303,per_usd
2026-01-14,16.4035,per_usd
2026-01-15,16.3335,per_usd
2026-01-16,16.4111,per_usd
2026-01-20,16.3853,per_usd
2026-01-21,16.2448,per_usd
2026-01-22,16.1508,per_usd
2026-01-23,16.1502,per_usd
2026-01-26,15.9591,per_usd
2026-01-27,15.9726,per_usd
2026-01-28,15.906,per_usd
2026-01-29,15.8167,per_usd
2026-01-30,16.0354,per_usd
2026-02-02,16.0678,per_usd
2026-02-03,15.9194,per_usd
2026-02-04,16.0591,per_usd
2026-02-05,16.1822,per_usd
2026-02-06,16.015,per_usd
2026-02-09,15.9106,per_usd
2026-02-10,15.9588,per_usd
2026-02-11,15.87,per_usd
2026-02-12,15.937,per_usd
2026-02-13,15.9807,per_usd
2026-02-17,16.0498,per_usd
2026-02-18,16.0423,per_usd
2026-02-19,16.1808,per_usd
2026-02-20,16.0414,per_usd
2026-02-23,16.0034,per_usd
2026-02-24,15.9353,per_usd
2026-02-25,15.8404,per_usd
2026-02-26,15.9692,per_usd
2026-02-27,15.9167,per_usd
2026-03-02,16.1396,per_usd
2026-03-03,16.5394,per_usd
2026-03-04,16.325,per_usd
2026-03-05,16.6306,per_usd
2026-03-06,16.5786,per_usd
2026-03-09,16.5367,per_usd
2026-03-10,16.1724,per_usd
2026-03-11,16.4612,per_usd
2026-03-12,16.75,per_usd
2026-03-13,16.9434,per_usd
2026-03-16,16.7741,per_usd
2026-03-17,16.6831,per_usd
2026-03-18,16.823,per_usd
2026-03-19,16.8888,per_usd
2026-03-20,17.0401,per_usd
2026-03-23,16.8367,per_usd
2026-03-24,17.069,per_usd
2026-03-25,16.9332,per_usd
2026-03-26,17.0548,per_usd
2026-03-27,17.0772,per_usd
2026-03-30,17.1465,per_usd
2026-03-31,17.0824,per_usd
2026-04-01,16.7806,per_usd
2026-04-02,16.9049,per_usd
2026-04-03,17.0047,per_usd
2026-04-06,16.8556,per_usd
2026-04-07,16.9001,per_usd
2026-04-08,16.3306,per_usd
2026-04-09,16.3358,per_usd
2026-04-10,16.4284,per_usd
2026-04-13,16.5116,per_usd
2026-04-14,16.3583,per_usd
2026-04-15,16.3849,per_usd
2026-04-16,16.3973,per_usd
2026-04-17,16.2142,per_usd
2026-04-20,16.3701,per_usd
2026-04-21,16.4386,per_usd
2026-04-22,16.4704,per_usd
2026-04-23,16.4965,per_usd
2026-04-24,16.4929,per_usd
2026-04-27,16.538,per_usd
2026-04-28,16.5144,per_usd
2026-04-29,16.7594,per_usd
2026-04-30,16.6986,per_usd
2026-05-01,16.5834,per_usd
2026-05-04,16.8284,per_usd
2026-05-05,16.6371,per_usd
2026-05-06,16.4254,per_usd
2026-05-07,16.3653,per_usd
2026-05-08,16.4024,per_usd
2026-05-11,16.4139,per_usd
2026-05-12,16.5434,per_usd
2026-05-13,16.4063,per_usd
2026-05-14,16.4633,per_usd
2026-05-15,16.6903,per_usd
2026-05-18,16.6191,per_usd
2026-05-19,16.7094,per_usd
2026-05-20,16.4796,per_usd
2026-05-21,16.5206,per_usd
2026-05-22,16.4467,per_usd
2026-05-26,16.3916,per_usd
2026-05-27,16.372,per_usd
2026-05-28,16.265,per_usd
2026-05-29,16.2088,per_usd
2026-06-01,16.336,per_usd
2026-06-02,16.2273,per_usd
2026-06-03,16.303,per_usd
2026-06-04,16.2867,per_usd
2026-06-05,16.5641,per_usd
2026-06-08,16.5039,per_usd
2026-06-09,16.4797,per_usd
2026-06-10,16.5164,per_usd
2026-06-11,16.4958,per_usd
2026-06-12,16.3064,per_usd
2026-06-15,16.1876,per_usd
2026-06-16,16.1782,per_usd
2026-06-17,16.156,per_usd
2026-06-18,16.433,per_usd
2026-06-22,16.3882,per_usd
2026-06-23,16.5144,per_usd
2026-06-24,16.5758,per_usd
2026-06-25,16.4381,per_usd
2026-06-26,16.4457,per_usd
2026-06-29,16.4296,per_usd
2026-06-30,16.3938,per_usd
2026-07-01,16.3966,per_usd
2026-07-02,16.2256,per_usd
2026-07-06,16.2213,per_usd
2026-07-07,16.2477,per_usd
2026-07-08,16.4765,per_usd
2026-07-09,16.3154,per_usd
2026-07-10,16.2746,per_usd
2026-07-13,16.399,per_usd
2026-07-14,16.3858,per_usd
2026-07-15,16.3249,per_usd
2026-07-16,16.3976,per_usd
2026-07-17,16.4972,per_usd
2026-07-20,16.5135,per_usd
2026-07-21,16.4553,per_usd
2026-07-22,16.3849,per_usd
2026-07-23,16.7654,per_usd
2026-07-24,16.7909,per_usd
2026-07-27,16.7439,per_usd
2026-07-28,16.6441,per_usd
2026-07-29,16.7773,per_usd
2026-07-30,16.4838,per_usd
2026-07-31,16.5309,per_usd
2026-08-03,16.5225,per_usd
2026-08-04,16.3738,per_usd
2026-08-05,16.3258,per_usd
2026-08-06,16.3658,per_usd
2026-08-07,16.1742,per_usd
2026-08-10,16.173,per_usd
2026-08-11,16.2106,per_usd
2026-08-12,16.137,per_usd
2026-08-13,16.1985,per_usd
2026-08-14,16.184,per_usd
2026-08-17,16.1701,per_usd
2026-08-18,16.25,per_usd
2026-08-19,16.0967,per_usd
2026-08-20,16.1156,per_usd
2026-08-21,15.9927,per_usd
2026-08-24,16.0198,per_usd
2026-08-25,15.9429,per_usd
2026-08-26,15.9814,per_usd
2026-08-27,15.982,per_usd
2026-08-28,16.1319,per_usd
